TITLE="WCNS step 14767 time 30"
VARIABLES="X","Y","rho","u","v","p","T","mach","entropy_proxy","viscosity","jacobian"
ZONE T="CylinderZone1", I=8, J=20, DATAPACKING=POINT, SOLUTIONTIME=30
0.54063943307152496 -0.053248126149810254 0.97827665904731409 -0.010017717619775287 -0.017279105454146789 17.573002809186992 1.0059405457284412 0.0039827946508030855 18.121728106009218 1 0.0095016344836105354
0.51986370485743094 -0.15769896780428191 0.97770624363836411 -0.014624592563123193 -0.03475353999663397 17.562069420002672 1.0059012028213516 0.0075189009896305661 18.125247496087333 1 0.0095049635953118466
0.47910882671265759 -0.25608900321023359 0.97725607232519396 -0.022104890397288812 -0.037340400152516176 17.556561786425956 1.0060489638734569 0.0086524224529315134 18.13124976442921 1 0.0095040362119999024
0.41994239884996287 -0.34463782010587446 0.97652302708582439 -0.029115811932519345 -0.033230436204432202 17.544733457193953 1.0061258621801681 0.0088093304200283443 18.138079058628939 1 0.009504277529481445
0.34463782010587457 -0.41994239884996293 0.97517634584070734 -0.024491358842188907 -0.024391137797837574 17.524812864754743 1.0063713333243649 0.0068911255242910755 18.152521818178705 1 0.0095042775294816393
0.25608900321023376 -0.47910882671265775 0.97262575268755258 0.008747889747233277 -0.010542734863941514 17.481006107263262 1.0064881978172713 0.0027310438397304543 18.173658138714181 1 0.0095040362119999354
0.15769896780428194 -0.51986370485743072 0.96902574046991563 0.088455274192265898 0.0021999363952980547 17.415356305799705 1.0064334840291709 0.017639873408082176 18.199645360466416 1 0.0095049635953118571
0.053248126149810324 -0.54063943307152484 0.96685537489652451 0.22393827927541027 -0.015411741693675013 17.362538154476226 1.0056334803208296 0.044767674459940225 18.201496264608409 1 0.0095016344836112033
0.63524243924753465 -0.062565672186717616 0.97796588908723547 -0.038476778379876571 -0.036795126964717879 17.566938292890924 1.0059129406664602 0.010616370466739456 18.123533955550737 1 0.012674730951629094
0.61083130039869804 -0.18529369270324247 0.97761232688931743 -0.037039999113783369 -0.068523100031378043 17.560158397902878 1.0058883692406988 0.015533008663011058 18.125712718653919 1 0.012679171829163567
0.56294498907871615 -0.3009003655902705 0.97740255867620518 -0.037952933131119124 -0.071797352086085148 17.558739297753203 1.0060229440853627 0.016193578576670184 18.129693854319001 1 0.012677934743692634
0.49342540974738552 -0.40494376863562048 0.97685993417346784 -0.019989217339129717 -0.052165441267600317 17.552522500951525 1.0062253805579138 0.01113821186399749 18.137370393082655 1 0.012678256649798689
0.40494376863562059 -0.49342540974738563 0.97598936738656294 0.060935462007966248 -0.021886507627158387 17.541946613588525 1.0065160975618412 0.012907377935835256 18.149082047850506 1 0.012678256649798686
0.30090036559027061 -0.56294498907871593 0.97503802864381284 0.23816788065544647 -0.002296039643500899 17.522884865479242 1.0064033633597367 0.047484003467967453 18.154129586092992 1 0.01267793474369258
0.18529369270324253 -0.61083130039869815 0.97471487514325039 0.5064521818683172 -0.026749857941990366 17.494455365657689 1.0051036712643511 0.10117377540115863 18.133089086010489 1 0.012679171829163591
0.062565672186717672 -0.63524243924753443 0.97585832675794204 0.79723747033847647 -0.13230265473187183 17.463026619569241 1.002122401222213 0.16145691551488336 18.070827278994642 1 0.012674730951629087
0.74244183463027602 -0.073123849373486829 0.97793324210566246 -0.078071913829949852 -0.049289075597737667 17.564885481740877 1.0058289703098879 0.01841220769090321 18.12226305085785 1 0.016779839423766651
0.71391123026163072 -0.21656265491167406 0.97758066352299344 -0.057547254118728658 -0.088292320357991685 17.558660947164146 1.0058351690994678 0.021016930097860369 18.124988891573086 1 0.016785718618536918
0.65794393551948882 -0.35167836036645628 0.97743718577520911 -0.028739153361095785 -0.089966981571682633 17.558818897551806 1.0059918647814341 0.018832809272919193 18.128876866569779 1 0.016784080864202421
0.57669268271809082 -0.47327945353281897 0.97697482233075772 0.055351895359355828 -0.060817060201914609 17.554348997864622 1.0062117470921776 0.016396096144300418 18.136271477591091 1 0.016784507029679745
0.47327945353281897 -0.57669268271809071 0.97662084531901272 0.26428676613516738 -0.031486844141417732 17.545919384931203 1.0060930905051202 0.053069728519094347 18.136761581188146 1 0.016784507029679763
0.35167836036645633 -0.6579439355194886 0.97742714651474061 0.5966528359933948 -0.048085573581895469 17.529359070856792 1.0043143475519754 0.11946005344813462 18.098720856583959 1 0.0167840808642024
0.21656265491167412 -0.71391123026163084 0.97948076498532566 0.94491171104455773 -0.13286416487017202 17.503869911345738 1.0007513664804986 0.19076974741223035 18.019378198531903 1 0.016785718618537001
0.073123849373486871 -0.74244183463027591 0.98174299589936775 1.1719912776167405 -0.2619650075518884 17.488658691560957 0.99757766521796387 0.24047379619952772 17.945665399697649 1 0.016779839423766259
0.86391462009425091 -0.085087827227279131 0.97789936097205854 -0.1167045278963364 -0.054672719164579192 17.562573930978186 1.0057314467602729 0.025701674358804057 18.120757070331482 1 0.022126624834293
0.8307160514192089 -0.25199501835425253 0.97755330962491394 -0.063412362173717721 -0.090894514542138496 17.55776183817769 1.0058118081325893 0.022101553636973432 18.124770793657028 1 0.022134377395788017
0.76559180609844413 -0.40921734595229764 0.97752952204946364 0.023989055518499759 -0.084801830406474224 17.560473029736912 1.0059916007091474 0.017573351033947186 18.128187115672596 1 0.022132217781812118
0.67104683042225921 -0.55071390138034471 0.97725794011002354 0.21840375244649038 -0.05226637676272497 17.557399653309211 1.006095053509132 0.044777873900290442 18.132066540636945 1 0.022132779742114708
0.55071390138034471 -0.67104683042225888 0.97849760644577555 0.56618547334010438 -0.046541994934925252 17.554943202687621 1.00467983962006 0.11335410847157378 18.09738201646946 1 0.022132779742114615
0.4092173459522977 -0.76559180609844413 0.98208432232778697 0.95320723063338275 -0.10743629915860547 17.554495324683764 1.0009850628857253 0.19175412086048219 18.004458287697744 1 0.022132217781812312
0.25199501835425264 -0.8307160514192089 0.9856083245642342 1.1978962853473891 -0.20294920174170736 17.556663460880891 0.99752927026662941 0.2432940667931684 17.916611482699516 1 0.022134377395787989
0.0850878272272792 -0.86391462009425091 0.98784612845009467 1.2548586181964398 -0.28445926599794735 17.571774675121507 0.99612617028904904 0.2578391458397884 17.875187363490511 1 0.022126624834292848
1.0015613190324726 -0.098644790224829706 0.97773401437332319 -0.15151866184043905 -0.058746353256383201 17.557272041400289 1.0055978607950045 0.032411126301736662 18.119575736761178 1 0.029067480192123869
0.96307325382466602 -0.29214514617771187 0.97733905495133611 -0.050524743200485792 -0.090037848817088317 17.552768264189215 1.0057461806902988 0.020589960715432946 18.125177318945866 1 0.029077664638662116
0.88757282412092553 -0.47441755845992811 0.97736595900358125 0.12405811978475588 -0.075042301989996021 17.55586591165083 1.0058959808838985 0.028912659316181075 18.127677356569873 1 0.029074827579827885
0.77796408693367658 -0.63845862617285221 0.97782375096206098 0.44726447558945637 -0.048911424620681675 17.553149978492463 1.005269504642939 0.089750026853017584 18.11299423551317 1 0.029075565820299569
0.63845862617285243 -0.77796408693367647 0.98161804573818368 0.87228119184054886 -0.076563652423508627 17.562460742442852 1.0019149554232223 0.17495953930336572 18.024607619226483 1 0.029075565820299583
0.47441755845992822 -0.88757282412092553 0.98649795345637148 1.1807319210813805 -0.15520268611999691 17.578341894916111 0.99786030130826975 0.23843295099999393 17.916090316016209 1 0.029074827579827833
0.29214514617771187 -0.96307325382466602 0.98895625113840668 1.2641500874859422 -0.21838192907993734 17.593559614921706 0.99624157920155909 0.25705835336136951 17.869228608751712 1 0.029077664638662095
0.09864479022482979 -1.0015613190324726 0.99045999555407449 1.2295972573883358 -0.25715634717428931 17.621698479433491 0.99632001114223756 0.25170358877396598 17.859777785419084 1 0.029067480192124025
1.157535463004074 -0.11400684187378834 0.97762889308357637 -0.17917240611315027 -0.05742774062189742 17.553206661282829 1.0054731186325063 0.037527589271398938 18.118107258036037 1 0.038067205832386528
1.1130536129826623 -0.33764120141130016 0.97708914929488944 -0.01038594796725102 -0.079987898083006714 17.546697783051812 1.005655497783938 0.016086446947928209 18.125397074189618 1 0.038080543535555511
1.0257954259966173 -0.54829907840257808 0.97714849223199529 0.2757329943535396 -0.05784602861272533 17.547299672908707 1.0056289176692359 0.056189163912704371 18.124477704619729 1 0.038076828080968794
0.89911721075573836 -0.73788642533625692 0.97946442527488209 0.70573763264047629 -0.049135430006264698 17.551903653914128 1.0035143474512311 0.14124123978928357 18.069248590429027 1 0.038077794891707407
0.73788642533625715 -0.89911721075573836 0.98550044473989595 1.1075123453250737 -0.1029552918630612 17.58021301106178 0.99897664464256131 0.22257140526896901 17.943393380751964 1 0.038077794891707317
0.54829907840257819 -1.0257954259966173 0.98958004682157419 1.2648881915954231 -0.16705741815931252 17.608324555260197 0.99644912730466029 0.2556287310874612 17.868443885891338 1 0.038076828080968794
0.33764120141130022 -1.1130536129826623 0.99081172002685025 1.2387434712584655 -0.19411973305435037 17.629818359393294 0.99642526135731491 0.25122166373958499 17.859127946059221 1 0.03808054353555565
0.1140068418737885 -1.157535463004074 0.99243126300889839 1.1903418696315788 -0.22096963145177023 17.666913963208273 0.99689239725836787 0.24251271999343835 17.855831651412615 1 0.038067205832386493
1.334277322963916 -0.13141432693573851 0.97751080242235788 -0.19457071045173824 -0.047027364210342357 17.548808060186676 1.0053425986675182 0.039928134227085181 18.116630731658695 1 0.049722115603906596
1.2830036249529528 -0.38919498601988362 0.9766811166704229 0.063576446828707098 -0.058164295079158039 17.537428461760719 1.0055441597660044 0.017186170153741926 18.126418595101846 1 0.049739536867283697
1.1824221534909289 -0.63201780843581779 0.97733447844490395 0.46791050274939888 -0.0351180979337022 17.537491020733007 1.0048755239729246 0.093617362956960201 18.109520592888924 1 0.049734683864326085
1.0364016855989213 -0.85055288215010771 0.98221454486667636 0.94544942734370707 -0.050574193951896974 17.557882147352984 1.0010454481175537 0.18926131913559016 18.004589509242351 1 0.049735946680292201
0.85055288215010805 -1.0364016855989211 0.98874854470147433 1.2396719011253752 -0.1133818433266754 17.601927625078222 0.9969248007957956 0.24935292423073277 17.882985760749683 1 0.049735946680292638
0.63201780843581779 -1.1824221534909292 0.99088422072904991 1.2607478260355787 -0.1499717066897884 17.629847373937679 0.99635399499220711 0.25439146005110513 17.857327966345377 1 0.04973468386432614
0.38919498601988367 -1.2830036249529528 0.99188876414881466 1.2056074038867171 -0.1629896140222962 17.656017141235356 0.99682242062065507 0.24370250786417277 17.858483743386071 1 0.049739536867283315
0.13141432693573871 -1.3342773229639164 0.99372202498996398 1.1708304215516443 -0.19367466278604184 17.699641573097267 0.99744184200501085 0.23765233271320471 17.856387000442595 1 0.049722115603907463
1.5345520881695645 -0.1511395917054712 0.97754904660045749 -0.19270054045456431 -0.023290427065426757 17.548200508518754 1.0052684628530397 0.038718723233912802 18.115011288257982 1 0.064799540912329326
1.4755822181157761 -0.4476130772988402 0.97640624679669608 0.17213005771406206 -0.021900543876490139 17.530028478454483 1.0054028197562055 0.034610168740711163 18.125911393688714 1 0.064822244891339476
1.3599034874600275 -0.72688355786570236 0.97861293220744938 0.67684854411832385 -0.0075775632487675992 17.536178848824605 1.0034876733972713 0.13514273011377156 18.07505532601515 1 0.064815920293926452
1.1919653758975648 -0.9782207034012429 0.98558551216202817 1.1280663620129954 -0.047488513727739538 17.575668339154852 0.99863219762070465 0.22596768992041266 17.936587209624218 1 0.064817566038357519
0.97822070340124334 -1.1919653758975648 0.99078303180533345 1.2806911669937002 -0.10383031809900013 17.625143253188874 0.99618987149791915 0.25746960915858436 17.85511580131022 1 0.064817566038357574
0.72688355786570258 -1.3599034874600273 0.99147843302079697 1.2271168894320297 -0.1197112071687422 17.647602371290709 0.99675968617677357 0.24698893876934039 17.86031562645276 1 0.064815920293926521
0.44761307729884031 -1.4755822181157761 0.99305271687755214 1.1846478759604204 -0.13777663717647376 17.682537898415472 0.99714960186536472 0.23886723585063033 17.855966894792243 1 0.064822244891339365
0.15113959170547131 -1.5345520881695649 0.99477970018912898 1.1544139499112602 -0.16898526992425217 17.726635949950605 0.99790095431219406 0.2335886021908328 17.857006046185901 1 0.064799540912328979
1.7614931285506679 -0.1734912449656274 0.97786721387590747 -0.16897154320001351 0.014362052146969556 17.554333110983034 1.0052925788162101 0.033826764604181471 18.113087950683099 1 0.084286505745425802
1.6938023530520152 -0.51380944706270648 0.9768820367425608 0.30817362591181136 0.025511997456358865 17.532266591008344 1.0050414391216744 0.06169025597345347 18.115865707168062 1 0.084316037421580198
1.561016186495348 -0.83438053508120125 0.98122455382027807 0.87296238811112192 0.021673739731984824 17.550427215225156 1.0016299726585707 0.17450411981168104 18.022370864830769 1 0.084307810847616238
1.3682421309128405 -1.1228872975583792 0.98878143933464124 1.2363458804494765 -0.037214339303212531 17.603227148113678 0.99696523421485173 0.24775739523917564 17.883473078025016 1 0.084309951511662928
1.1228872975583792 -1.3682421309128403 0.99165465983707768 1.2654328863101501 -0.079926510513582488 17.643892168042452 0.99637303225045815 0.25405203945146271 17.852118258817246 1 0.084309951511662762
0.83438053508120158 -1.561016186495348 0.9921512466040675 1.1973945047555319 -0.090169561596265504 17.66550941330587 0.99709447474536217 0.24050661422170141 17.86146719069605 1 0.084307810847616335
0.5138094470627067 -1.693802353052015 0.99412696850166837 1.1722640931120749 -0.11833584980648823 17.707906503279915 0.99750111862599022 0.23593932520316729 17.854538234532335 1 0.084316037421580267
0.17349124496562757 -1.7614931285506681 0.99554871313867488 1.1397002746001377 -0.14376594434543497 17.747272192819619 0.99829092100904238 0.22994299275643687 17.858463428429463 1 0.084286505745425247
2.0186510173958916 -0.19881898628085956 0.97874034574703406 -0.12267786652379911 0.060431122567894506 17.572005861225406 1.0054069309246554 0.027277246242544035 18.108682393184203 1 0.10945236356212069
1.9410781613830483 -0.58881976105927158 0.97870443830664289 0.45654969091439718 0.075162590198375845 17.553103595915537 1.0043622587777066 0.092337898654469036 18.090131968239309 1 0.10949071266351425
1.7889067302993162 -0.95619056852230389 0.98487464546228665 1.0300704117195487 0.04760733031002775 17.583116404550385 0.99977649150772896 0.20625704566484646 17.962323396858306 1 0.10948002983882825
1.56798986317004 -1.2868160249379847 0.99127231302364183 1.2742027091633696 -0.021232329354554848 17.636431438719463 0.99633586709685917 0.25534415593128623 17.854206264604855 1 0.10948280965200667
1.2868160249379852 -1.5679898631700397 0.99204627270583357 1.2274645291080195 -0.05096985640520723 17.660187387624173 0.99689955990191303 0.24608624832797407 17.858731417092727 1 0.10948280965200635
0.95619056852230411 -1.788906730299316 0.99317926769791698 1.1778051203704545 -0.067426354542651806 17.687866847043736 0.99732301569741588 0.23626315528444808 17.858161942442745 1 0.10948002983882807
0.58881976105927158 -1.9410781613830483 0.99498997697699998 1.159404173906003 -0.10063051249773555 17.730522930892899 0.997908829291273 0.2329963637196556 17.85563732958131 1 0.10949071266351469
0.1988189862808597 -2.0186510173958907 0.99619533440922536 1.1247481209293577 -0.11889501248649334 17.762849560712482 0.99851860372298717 0.22637068390928769 17.857897786012707 1 0.1094523635621196
2.3100490813347867 -0.22751907717189154 0.98032323673102606 -0.0568059797558505 0.10286151473246877 17.603757122908515 1.0055972978150653 0.023435491478089446 18.100407499027359 1 0.14192925095746844
2.2212783610742082 -0.67381758232853584 0.98198048094469315 0.5996236078169942 0.11408631677588886 17.596077890154255 1.0034622682726748 0.12186528494995059 18.049778564135842 1 0.14197897906802839
2.0471405474793403 -1.0942194194841077 0.98882803424201338 1.1338159127742278 0.064748761966717069 17.629426560159821 0.99840199927520157 0.22731433870864529 17.908908073121385 1 0.14196512641782863
1.7943336969808923 -1.472571608781398 0.99286725538542664 1.2610308491514897 -0.0026880180642043739 17.668296867689762 0.99653263634108058 0.25264512928681743 17.846252141290975 1 0.1419687310617965
1.4725716087813985 -1.7943336969808916 0.99253070216313666 1.1893017260565331 -0.024496969518900513 17.67699950538195 0.9973615618124364 0.23822527694610229 17.863519158624936 1 0.14196873106179847
1.0942194194841077 -2.0471405474793403 0.99432798872800243 1.1647482205991584 -0.051112816383197569 17.712838879625544 0.99757724559343652 0.23345681099269619 17.854456814828989 1 0.14196512641782791
0.67381758232853606 -2.2212783610742077 0.99564108172010002 1.1446969851263338 -0.082455599852677183 17.749097246284208 0.9983009570329362 0.22972781996617675 17.857980225040745 1 0.14197897906802809
0.22751907717189168 -2.3100490813347867 0.99678222669089822 1.1121762735651808 -0.096452016529119514 17.776348799098695 0.99868908678603507 0.22341664301176167 17.856739512289789 1 0.14192925095747067
2.6402463467138135 -0.2600405407679417 0.98235095245648729 0.022380828910554072 0.12823685778514105 17.644623042592954 1.0058512050821449 0.025959212486616604 18.090019949539354 1 0.18381542747568522
2.538786783903261 -0.77013273201385324 0.98609427895947677 0.723420628339287 0.13265206318342238 17.654152543470584 1.0025740565432912 0.14690747497192927 18.003670669231393 1 0.1838798313518239
2.3397577979464268 -1.2506265984300671 0.99237224863034967 1.1851799057647869 0.069033470362562896 17.680640818898855 0.99772629291023374 0.23770813465161084 17.871193055770256 1 0.18386189050593857
2.0508148621248736 -1.6830602612620871 0.99379976693634076 1.220802693510411 0.013998612724626009 17.695899169006264 0.99715293300279295 0.24452492741156964 17.850656306733637 1 0.18386655895284371
1.6830602612620873 -2.0508148621248736 0.99340095709700926 1.159742863196046 -0.0053291789702618912 17.698153002735825 0.99768030222463555 0.23222051842400912 17.862964765896201 1 0.18386655895284229
1.2506265984300668 -2.3397577979464268 0.99535767797045827 1.15237964753322 -0.038878099171178168 17.737471729111284 0.99793113346634377 0.23084597441936783 17.853397605135896 1 0.18386189050593901
0.77013273201385335 -2.538786783903261 0.99618477133724082 1.1287271245233457 -0.064329466505904043 17.763891790572167 0.99858777994205072 0.22627158911227935 17.85921070829378 1 0.18387983135182395
0.26004054076794209 -2.640246346713814 0.99730241760102945 1.1012086472748328 -0.077518103364507929 17.788486080337179 0.99884969881385854 0.2209138285671115 17.855884486087984 1 0.18381542747568455
3.0144088671849549 -0.29689218693327513 0.98447245670564854 0.11080433966107764 0.12647772845799357 17.688615443938172 1.0061860614459568 0.03352633993430984 18.080433634887417 1 0.23780800652567285
2.8985709620676903 -0.87927209488667057 0.99028139680887795 0.82307710140451817 0.12759697171086531 17.716508429081241 1.0018611620677775 0.16642693809548409 17.960402550913074 1 0.23789132791827045
2.6713365826538724 -1.4278591513012273 0.99498380602015168 1.1972678447737533 0.063246893988910757 17.725383068565819 0.99762573499769325 0.24007261159215676 17.850616191982827 1 0.23786811726150328
2.341446097648554 -1.9215751522087003 0.99436326364134175 1.1753009967228429 0.028178899410055972 17.717516226124452 0.99780527287588505 0.23538619708018543 17.858284591355016 1 0.23787415698334277
1.9215751522087006 -2.341446097648554 0.99449641123970467 1.1399634171406767 0.0066574641160065725 17.721748476870619 0.99790999991626528 0.22823520182422138 17.859202432957844 1 0.23787415698334194
1.4278591513012273 -2.6713365826538729 0.99616542029206967 1.1387259534011589 -0.028208400474810342 17.759112683584227 0.99833851785289662 0.22800454888409435 17.854891522992265 1 0.23786811726150439
0.87927209488667091 -2.8985709620676903 0.99671459164684417 1.1136373746710158 -0.047600061113277262 17.776763812030357 0.99878017314645406 0.22306693134436645 17.858852875992657 1 0.23789132791827056
0.2968921869332754 -3.0144088671849549 0.9977757060830672 1.0916630877774107 -0.061903531737917725 17.800519538694022 0.99905127679206551 0.21878717294721328 17.856098888702878 1 0.23780800652567294
3.4383905484524133 -0.33865057277848876 0.98603290811494537 0.20513211251814448 0.098918059299664379 17.720390745806494 1.0063983387882509 0.045402305011190539 18.072794937511819 1 0.30737343052045513
3.3062598469926332 -1.0029431950947025 0.99371289355397141 0.9029565173250067 0.1035297550481187 17.769362055986434 1.0013800570965061 0.18164916272379403 17.926955543520709 1 0.30748112572656999
3.0470645696148946 -1.6286899444202676 0.99676805339669416 1.1880367115145487 0.049900937656989663 17.761737266214972 0.9978823884537209 0.23806905048734975 17.842417083115798 1 0.30745112531027269
2.6707744325951124 -2.1918479319182587 0.99489314446846766 1.1357555947537952 0.037537183410735385 17.736718367693925 0.99835468066554789 0.22746234801759832 17.864310415420285 1 0.30745893181791489
2.1918479319182587 -2.6707744325951124 0.9956840700777928 1.1262227588907845 0.012784068850753658 17.747238266681887 0.99815330158612914 0.22546734404108096 17.855030545752037 1 0.30745893181791722
1.6286899444202674 -3.0470645696148946 0.99677226158534671 1.1232082683719926 -0.018089587495794462 17.776826128669839 0.99872588806906881 0.22481405024041543 17.857468936435076 1 0.3074511253102713
1.002943195094703 -3.3062598469926332 0.99723399755858544 1.1001497525967272 -0.033234904345529975 17.788359835561902 0.99891114039279594 0.22025027175238834 17.857472898911702 1 0.30748112572656955
0.33865057277848915 -3.4383905484524142 0.99816677790879871 1.0826825898827581 -0.048725363575021989 17.811144282515244 0.99925593682590652 0.21683637698284389 17.856957549694506 1 0.30737343052045796
3.9188247347093057 -0.38596902310156006 0.98723275682735001 0.30797535995051589 0.060050740048359384 17.741681345004672 1.0063828893443212 0.062555726366937167 18.063728406247673 1 0.39696641721727632
3.7682318762778721 -1.1430809109845068 0.9962255979829967 0.97285656065347215 0.077498978864705831 17.807020007641924 1.0009711870424263 0.19509298940866521 17.901543215140308 1 0.39710550334468958
3.4728201568136883 -1.8562610469712908 0.99759530555602571 1.1721365988259183 0.041342289369332666 17.781390306108158 0.99815812137940441 0.23478941867477746 17.841425853544173 1 0.39706675842860051
3.0439523258908796 -2.4981071141522153 0.99542299809131551 1.1083988420365913 0.045573568924443565 17.752951611123166 0.99873650807697867 0.22200736867565715 17.867337080770845 1 0.39707684037148927
2.4981071141522158 -3.0439523258908792 0.99673662353611292 1.1157935079241512 0.015957897200067222 17.770526839065752 0.9984076820680079 0.22335942347937809 17.852034644948905 1 0.39707684037148855
1.8562610469712912 -3.4728201568136883 0.99726366270331723 1.1074452120695606 -0.0083324470169507999 17.791386033857009 0.99905135833717973 0.22160044621097377 17.859767055518141 1 0.39706675842859918
1.143080910984507 -3.7682318762778713 0.99777909937459153 1.088377101046704 -0.021896179312232193 17.800431843129314 0.99904295729143289 0.2178237250463432 17.855925903658065 1 0.39710550334468914
0.38596902310156067 -3.9188247347093066 0.99853326179769841 1.0738218315680557 -0.037462266405750302 17.821262745019098 0.99945665392322447 0.21495342550763871 17.857922039844944 1 0.39696641721727466
4.4632279896667244 -0.43958785188666799 0.98793116682503879 0.4190764901288328 0.024281833010557839 17.745253260197103 1.0058739058870303 0.083710378703118746 18.049486077456219 1 0.51231092283562618
4.2917147666225821 -1.3018777469613565 0.99792714430385876 1.0369915857594414 0.050968730745281264 17.831331953097113 1.0006287473177444 0.20758343165231929 17.883207460989702 1 0.51249042250914989
3.9552644418325604 -2.1141328897896954 0.99818819873064801 1.1556203499920081 0.036469234786045114 17.798522318273861 0.9985263801339902 0.23140969920233567 17.843767015120768 1 0.51244041968055842
3.4668182783977151 -2.8451442327381349 0.99606164669704977 1.0878522654766003 0.050613013690466169 17.769590753187067 0.99903162061061568 0.21791134191061948 17.868031963322142 1 0.51245343108212971
2.8451442327381349 -3.4668182783977151 0.99763775301695123 1.1055167399161274 0.018102685125292225 17.791550861627822 0.99868599016649995 0.22127841757623889 17.850557353028019 1 0.51245343108212948
2.1141328897896949 -3.9552644418325595 0.99766787929033174 1.0921156096538454 0.0010125695227377423 17.802884288105215 0.9992919886229531 0.21850057984147986 17.861173252190412 1 0.51244041968056153
1.3018777469613567 -4.2917147666225812 0.99825212058227719 1.0777762705899376 -0.012763454012698789 17.811060846844729 0.99916582775543494 0.21566033616208155 17.854736665565056 1 0.51249042250914389
0.43958785188666838 -4.4632279896667235 0.99881073339258608 1.0651311873531262 -0.027306976375115297 17.828848337090491 0.9996043018397256 0.21313840669754835 17.858575313251364 1 0.51231092283563739
5.0801176958662673 -0.50034594477976801 0.98846164112358237 0.53449082952026417 0.03357714701324422 17.735286777280521 1.0047694489693626 0.10685437736801941 18.025796618401696 1 0.66076589227953997
4.8848985940236398 -1.4818181360004303 0.99924410504860794 1.1011132354704918 0.059451732935148598 17.846322136814923 1.0001500469776001 0.22052686340782868 17.865225205157035 1 0.66099740649611116
4.5019454370926253 -2.4063399695688625 0.99798074204614851 1.139388510795343 0.044829097019465101 17.797887057176215 0.99869830364267986 0.22820258695090312 17.848323187980395 1 0.66093291409085941
3.9459881783354644 -3.2383888068205366 0.99684083074909868 1.075352560992074 0.05741198701498277 17.787396993893168 0.99925103374606283 0.21545751108803041 17.866367063210504 1 0.66094969587313901
3.2383888068205375 -3.9459881783354649 0.99840656644785097 1.0953141054833324 0.019299285329285192 17.810665474250314 0.99898908823637189 0.21920765123297897 17.85047374108543 1 0.66094969587314356
2.4063399695688625 -4.5019454370926235 0.99807874884948955 1.0777219105428353 0.0091607253906725514 17.813527787863766 0.99947780294594912 0.21560847095186847 17.861552459675696 1 0.66093291409086452
1.4818181360004306 -4.8848985940236398 0.99876215694660397 1.0675632643939881 -0.0062176895684042284 17.823434514607822 0.9993493694390867 0.21358576805451848 17.85436812039466 1 0.66099740649611283
0.50034594477976835 -5.0801176958662673 0.99910588754476426 1.0557501212436122 -0.018727189199579004 17.836543541164051 0.99974031752048098 0.21121066596883431 17.858894546943052 1 0.66076589227954219
5.7791453121591276 -0.56919388375287494 0.98999283007339955 0.66303182923946513 0.047201479334310917 17.742135262344945 1.0036027973744341 0.13270313383807153 17.993722434723356 1 0.85170450807805498
5.557063930427411 -1.6857173094842999 1.0006717548902535 1.1359541322462947 0.063736194891032771 17.866141270389793 0.99983226787010127 0.22756724278385423 17.849352469670769 1 0.85200292194027927
5.1214161611926015 -2.7374539699958005 0.99792740438651106 1.1146365037474288 0.056540154793312966 17.804167458446088 0.99910411542734634 0.22331397160757929 17.85595742334144 1 0.85191979344812696
4.4889588092061139 -3.6839932876189345 0.99770841194430238 1.0612693253127947 0.061580492408133368 17.804907613663723 0.99936495811373294 0.21267842804317563 17.862187222160752 1 0.85194142458827982
3.6839932876189363 -4.4889588092061139 0.9988412775886496 1.0816771910824314 0.021333203917214844 17.823928419663968 0.99929789931888202 0.21645350749863831 17.85288285618298 1 0.85194142458827848
2.7374539699958009 -5.1214161611926015 0.99843397475026574 1.06448529595046 0.016205130264468699 17.821354074527431 0.99956116514309978 0.21296846155463001 17.860499797320831 1 0.85191979344812163
1.6857173094843003 -5.557063930427411 0.99906768687509095 1.0570518999818137 -0.0001878493304754641 17.831813684299632 0.99951342475087479 0.21146183553030695 17.855114518601312 1 0.85200292194028504
0.5691938837528755 -5.7791453121591276 0.99927956770018911 1.0463339564103218 -0.010800595452796484 17.840566381916162 0.99979199878147962 0.20929970802562431 17.858576039230538 1 0.85170450807805098
6.5712470900110951 -0.64720879130581765 0.98890149763908441 0.77005221846914196 0.14263077851018954 17.67741445087761 1.0010453119621479 0.1565482049843952 17.955789098866372 1 1.0976472323478137
6.3187267682985127 -1.9167652596005587 1.0029798025004593 1.1620760551876548 0.11457046597259464 17.913115496692498 1.000154204755475 0.23352403861173465 17.838653243988055 1 1.0980318177842625
5.8233682020705739 -3.1126551527484616 0.99770582430625632 1.0843041245605696 0.061897047765745727 17.80386289817671 0.99930891146043976 0.21728897006077136 17.861204000001482 1 1.0979246846665249
5.1042249188841859 -4.18892913454739 0.99873766434835465 1.0544781297558976 0.069070831288649936 17.826289846777275 0.99953397774066433 0.21139683554917107 17.857841502983359 1 1.0979525621297659
4.18892913454739 -5.1042249188841851 0.99962629982092699 1.0699777084397037 0.022927343218121052 17.845562944934258 0.99972512131804325 0.21407408857362956 17.854903579641572 1 1.0979525621297657
3.1126551527484616 -5.8233682020705739 0.99884610876360824 1.0509052168948974 0.020051974656089579 17.829796293725256 0.99962204651358699 0.21025903811885197 17.858639332693048 1 1.0979246846665227
1.9167652596005587 -6.3187267682985144 0.99954227660391581 1.0459835069884376 0.0038306170428901889 17.844509693819859 0.99975015083311392 0.20922424302127049 17.855950967364265 1 1.0980318177842565
0.64720879130581854 -6.5712470900110951 0.99959504235538088 1.0340516234147616 -0.0051342238822105028 17.847450216662338 0.99986211288402116 0.20682713366852157 17.857573581933561 1 1.0976472323478084
7.4688169415931256 -0.73561135641982656 0.99244651983617083 0.92148723201653171 0.16555741344213437 17.7443332116965 1.0012455471856427 0.18713177723737784 17.933692789188129 1 1.4126994257383436
7.1818047457238787 -2.1785771631876996 1.0037738796844735 1.0976278872061707 0.13921836971814458 17.927106357076106 1.0001435335733948 0.22126843858546022 17.832816829628008 1 1.4131943968083589
6.6187849108388894 -3.5378142413064535 0.9973984564088435 1.0384412831845937 0.059760857099195479 17.804381379693822 0.99964597879972528 0.20806872133144771 17.869430843227352 1 1.4130565138078763
5.8014134951360701 -4.7610970122853438 0.99958132968534474 1.0470496365289717 0.062306414214288446 17.841219081558336 0.99952673968699923 0.20983002212489002 17.851681762237558 1 1.4130923927999368
4.7610970122853438 -5.8014134951360701 0.99938739477850935 1.0459137838092583 0.027994423954020117 17.844552149839004 0.99990746787173412 0.20926735396257068 17.859867740422974 1 1.4130923927999373
3.5378142413064548 -6.6187849108388894 0.99908824702447729 1.0350010176869981 0.020506595456305763 17.833193569901333 0.99957019996413154 0.20708533682281319 17.855981755240698 1 1.4130565138078699
2.1785771631876996 -7.1818047457238769 0.99950902934940411 1.0313414384599364 0.0079922739731876271 17.845859036654815 0.99985900642440495 0.20628902424650239 17.858132777904476 1 1.4131943968083756
0.73561135641982722 -7.4688169415931274 0.99958248072750056 1.0217343075824394 0.0011342448174628153 17.846289664602942 0.99980965996445248 0.20436643780615291 17.856726531397609 1 1.4126994257382866
ZONE T="CylinderZone2", I=8, J=20, DATAPACKING=POINT, SOLUTIONTIME=30
-0.053248126149810185 -0.54063943307152518 0.96765785235683699 0.39198656972862128 -0.092539480060394586 17.363811793578538 1.0048732173726738 0.080356789608449483 18.181701131952558 1 0.0095016344836108928
-0.15769896780428186 -0.51986370485743083 0.97167626231129867 0.5245697668253424 -0.21456643345589307 17.430189148896286 1.0045430038455574 0.11309456672004235 18.145622412763899 1 0.0095049635953117929
-0.25608900321023348 -0.47910882671265759 0.97856515901596697 0.56881395021049752 -0.34150566429853824 17.551238699565513 1.0043984880130994 0.13240057409843334 18.09181441471296 1 0.0095040362119997081
-0.34463782010587446 -0.41994239884996309 0.98809963472512818 0.51920611797509164 -0.43145115693747838 17.730382671862639 1.0048596251654216 0.1346879579603649 18.030055964715586 1 0.0095042775294817607
-0.41994239884996309 -0.34463782010587446 0.99897449571685693 0.40321595907040819 -0.45358930218150351 17.943449527135581 1.0058646910075602 0.1210254251918917 17.969242784361541 1 0.0095042775294818249
-0.47910882671265781 -0.25608900321023365 1.0093893256666009 0.26442118324230118 -0.39567145750395222 18.155207448443907 1.0072343645678954 0.094836244758057617 17.919216838890978 1 0.0095040362119997134
-0.51986370485743072 -0.15769896780428197 1.0173492005808402 0.14577745188927688 -0.26519642591028847 18.31965235164062 1.0084055012998345 0.060271667824812872 17.883773484625543 1 0.0095049635953116992
-0.54063943307152507 -0.053248126149810511 1.0215788905470944 0.078209564700058576 -0.085683666122593358 18.409143366569914 1.0091359923141763 0.023096825505074404 17.867052171438342 1 0.009501634483611231
-0.062565672186717505 -0.63524243924753465 0.97825873080798031 1.0000906169054788 -0.29880942563046592 17.45730830707026 0.99933609931220446 0.20882452853992781 18.002882884788338 1 0.012674730951629024
-0.1852936927032425 -0.61083130039869793 0.98222739172113749 1.0580923503509889 -0.45865762243070063 17.503540611855453 0.99793416625391629 0.23088346229312137 17.94853675588017 1 0.0126791718291636
-0.30090036559027045 -0.56294498907871604 0.98800952641941209 0.99155585736612684 -0.57358229161996044 17.611664623378015 0.99822237690570226 0.22930472099988902 17.911618133262717 1 0.012677934743692717
-0.40494376863562048 -0.49342540974738552 0.99533353288367166 0.84399599998535046 -0.62293145630004876 17.773958873784849 1.0000082012683269 0.2097964558040594 17.890730797148375 1 0.01267825664979858
-0.49342540974738552 -0.40494376863562059 1.0031866484594039 0.65983624301667765 -0.59565151978970832 17.959590622563937 1.0025423238499194 0.17755909314636675 17.879772646993377 1 0.012678256649798533
-0.56294498907871593 -0.3009003655902705 1.0103894538453733 0.47966017641454872 -0.49026126574303858 18.135793134777732 1.0051613371557244 0.13682315781341275 17.87525422138684 1 0.012677934743692729
-0.61083130039869815 -0.1852936927032427 1.0157647860793939 0.33885580739593552 -0.31867307110141274 18.26959036436692 1.0072184755225153 0.092698451913612229 17.873861804794963 1 0.012679171829163548
-0.63524243924753454 -0.062565672186717811 1.0185707139827322 0.26001676209973801 -0.10399184138674547 18.34099073358567 1.0083693413688524 0.055775305703934686 17.874550625001124 1 0.012674730951629234
-0.073123849373486705 -0.74244183463027602 0.984603611261057 1.2305507494194905 -0.38343752781361967 17.518795735310189 0.99639342058175728 0.25824737802641112 17.903512955085095 1 0.016779839423766891
-0.21656265491167406 -0.71391123026163072 0.98880287941023215 1.1704577285738673 -0.46905707221838794 17.602334872784901 0.9968930839108554 0.25258196120112281 17.882023756604383 1 0.016785718618536814
-0.35167836036645622 -0.65794393551948882 0.99422870837912647 1.0485669148061945 -0.5209131047880704 17.727118051888016 0.99848113566948615 0.23434404861096789 17.871348254956086 1 0.016784080864202414
-0.47327945353281875 -0.57669268271809082 1.0003903513534134 0.89714557313288845 -0.52919318238794544 17.874512615054595 1.0005821267988129 0.20825795653649004 17.864748912435783 1 0.01678450702967994
-0.57669268271809082 -0.47327945353281897 1.0065731531860953 0.73896504723553214 -0.48641020375751332 18.025772268460415 1.0028513504188075 0.17668490843110418 17.861190394334951 1 0.016784507029679815
-0.65794393551948871 -0.35167836036645628 1.0121232098807098 0.59584945820908863 -0.39155712099460799 18.162629087962035 1.004924319413512 0.14224802658066765 17.858787767288351 1 0.016784080864202338
-0.71391123026163084 -0.21656265491167431 1.0162084006748822 0.48745416546326825 -0.25245121687442607 18.264358167159315 1.0064904556996006 0.10943490082725967 17.857823328799817 1 0.016785718618536911
-0.74244183463027591 -0.073123849373487051 1.0183240671177731 0.42584015529157992 -0.084364058766233332 18.318093572519704 1.0073544091729589 0.086505782451145347 17.858289619315499 1 0.01677983942376644
-0.085087827227279006 -0.86391462009425102 0.99032809313219017 1.208275336163142 -0.345170016821852 17.617327229329192 0.99620553091702024 0.25180041202170594 17.858676996845389 1 0.022126624834292636
-0.25199501835425242 -0.8307160514192089 0.99352159340468316 1.1238584910119251 -0.39281467578234014 17.692393951315545 0.99723455112064907 0.23843588535359775 17.854116582834248 1 0.022134377395788149
-0.40921734595229753 -0.76559180609844413 0.99746278024496615 1.0188144275731044 -0.42433241023561613 17.790742298081124 0.99881578277634842 0.22086058643607692 17.854129891240998 1 0.022132217781812104
-0.55071390138034471 -0.67104683042225921 1.0018835758992357 0.90036143406741331 -0.42303123282308974 17.903011101194178 1.0006837568012743 0.19888991400043102 17.855907230681794 1 0.022132779742114646
-0.6710468304222591 -0.55071390138034459 1.0064635187370863 0.78005922415942164 -0.38390694329349723 18.019364387547835 1.0026040545448378 0.17365640801390558 17.857563987383134 1 0.022132779742114802
-0.76559180609844413 -0.40921734595229764 1.0105577148716149 0.67254389481240195 -0.30669983335013179 18.123890930122695 1.0043344146298665 0.14751570227900165 17.85935907696518 1 0.022132217781812069
-0.83071605141920868 -0.2519950183542527 1.0135966486328674 0.59140229607406813 -0.19751670464629273 18.201903845457647 1.0056333706748712 0.12435299909620191 17.860992311123937 1 0.022134377395788055
-0.86391462009425091 -0.08508782722727945 1.0151384697056978 0.54400389898506274 -0.067570447896845895 18.242602939371068 1.0063511471714202 0.10929034621174519 17.862876885866783 1 0.022126624834292778
-0.09864479022482954 -1.0015613190324728 0.99262351899578183 1.1735840379717972 -0.29806843675068523 17.674253597234006 0.99711338836844909 0.24251917258830896 17.858406184617689 1 0.0290674801921239
-0.29214514617771176 -0.96307325382466602 0.99532008453205911 1.1037859727791544 -0.3338063845778646 17.742985062512375 0.99827902389687839 0.23083003466848701 17.859891329270379 1 0.029077664638662144
-0.47441755845992806 -0.88757282412092575 0.99881290279861312 1.0165077626247929 -0.35343210961688137 17.829231386221188 0.99962360696047969 0.21528013283042027 17.858904695951523 1 0.029074827579827916
-0.6384586261728521 -0.77796408693367658 1.002665520833695 0.91994823381845647 -0.34569567252195615 17.924929779704968 1.001127540287827 0.19644057487356079 17.858252111133339 1 0.029075565820299517
-0.77796408693367647 -0.63845862617285221 1.0065372562617607 0.82401017680066557 -0.30970516312644242 18.02091178989814 1.0026166968889096 0.17582805760415535 17.857265856226224 1 0.02907556582029951
-0.88757282412092553 -0.47441755845992811 1.0098841527788347 0.73994303310071385 -0.24544945311887578 18.104255870731457 1.0039154737707443 0.15561371842978081 17.856671072082513 1 0.02907482757982794
-0.96307325382466602 -0.29214514617771214 1.0123328696635912 0.67695396522744211 -0.15770985210470453 18.165767526170473 1.0048898053952671 0.13867777149852811 17.856694906199941 1 0.02907766463866205
-1.0015613190324726 -0.098644790224830081 1.0135410585818496 0.63937934417129516 -0.054851166344093337 18.197190976594793 1.0054281323730789 0.12799863750529317 17.857738851185847 1 0.029067480192124261
-0.11400684187378825 -1.157535463004074 0.99448807906874259 1.1428488348338561 -0.25676687996432501 17.718296215237633 0.99772396259876184 0.2345346550096398 17.855932837285287 1 0.038067205832387228
-0.33764120141130016 -1.1130536129826627 0.99692374344962698 1.0814661890085779 -0.28035022774683899 17.778692886477266 0.99867899338667088 0.22359037390329722 17.855545077300508 1 0.038080543535555379
-0.54829907840257786 -1.0257954259966178 0.99985439704467782 1.008443791473022 -0.29133710127379991 17.852256060639007 0.9998719226471342 0.20995021546208328 17.85589577431475 1 0.038076828080968787
-0.7378864253362567 -0.89911721075573847 1.0029358602907901 0.93083999222994307 -0.28149098761305008 17.929511195201265 1.0011134965101935 0.19438604924662847 17.856076004384736 1 0.038077794891707373
-0.89911721075573836 -0.73788642533625692 1.0059538092327578 0.85515675004819769 -0.25020042292473721 18.005759859374049 1.0023547222604468 0.17799194490213283 17.856740953863781 1 0.038077794891707359
-1.0257954259966175 -0.54829907840257808 1.0085269786991742 0.78966140325670253 -0.19723801992062215 18.070777739967408 1.0034075178385229 0.16250763207809193 17.857239191569111 1 0.038076828080968746
-1.1130536129826623 -0.33764120141130033 1.0104238602410252 0.74075139495748765 -0.12656570599825845 18.119113361252072 1.0042026787815248 0.1499824061923706 17.857962709513206 1 0.038080543535555539
-1.157535463004074 -0.11400684187378886 1.0113264564561555 0.71085044150768917 -0.044676748105754296 18.143223200571807 1.0046414702919761 0.14212115983839652 17.859386140370841 1 0.038067205832386306
-0.13141432693573835 -1.3342773229639162 0.99558210818808623 1.127407478999279 -0.22202406882959103 17.747558876551849 0.99827356062710715 0.23001093387982668 17.857913257378172 1 0.049722115603906783
-0.38919498601988362 -1.2830036249529531 0.99775498495792969 1.0727161421641573 -0.23725622570315219 17.801262611391348 0.99911373053919872 0.21982548736896249 17.857363468730547 1 0.049739536867283503
-0.63201780843581745 -1.1824221534909289 1.0003217923102334 1.010434675558048 -0.24398551405699143 17.865365946642413 1.0001386550273137 0.20788048167336609 17.857320541115019 1 0.049734683864326154
-0.85055288215010749 -1.0364016855989213 1.0029358678154385 0.94609852195945188 -0.23285397458799328 17.930233999093719 1.0011538475298412 0.19475412947896706 17.856795660275306 1 0.04973594668029236
-1.0364016855989211 -0.85055288215010771 1.0054825436725492 0.88445051990020174 -0.20502901899799558 17.993585887279195 1.0021464966893558 0.18138622601613791 17.856378045265529 1 0.049735946680292534
-1.1824221534909292 -0.63201780843581779 1.0075885085025955 0.83207438681548085 -0.16055415414481225 18.046315440353357 1.0029825221951503 0.16923238045805791 17.856323949336957 1 0.049734683864326272
-1.2830036249529528 -0.38919498601988389 1.009148507868225 0.79323722416980924 -0.10277990353460283 18.085516807209189 1.0036074296674695 0.15968585458658596 17.856395980816362 1 0.04973953686728326
-1.3342773229639164 -0.13141432693573901 1.0098588580160086 0.76900523337501148 -0.036706379063993322 18.104442600585188 1.0039509744501907 0.15367287531982698 17.857481436861118 1 0.049722115603907137
-0.15113959170547103 -1.5345520881695649 0.99650994474008525 1.1108698283531477 -0.18820130621012976 17.769088508565005 0.99855396394319507 0.22550297885455178 17.8562747061744 1 0.06479954091232995
-0.44761307729884026 -1.4755822181157761 0.9984437002790757 1.0626401843230591 -0.19886738209086297 17.817892161257234 0.99935725940081477 0.21628722417370994 17.856786764544456 1 0.064822244891339337
-0.72688355786570213 -1.3599034874600275 1.0006734944482252 1.009603992958644 -0.20259539377728455 17.873257909611013 1.0002287933421727 0.20592256512078438 17.856418963382662 1 0.064815920293926022
-0.97822070340124267 -1.1919653758975652 1.0027971371481381 0.95663615970065541 -0.19144316916638532 17.926806891598332 1.001100968162483 0.19501348419559156 17.856840549370755 1 0.064817566038357963
-1.1919653758975648 -0.97822070340124312 1.004883833333081 0.90667896288713834 -0.16761793559188545 17.97860557836708 1.0019087559465572 0.18423277145632613 17.856395715626721 1 0.064817566038357657
-1.3599034874600273 -0.72688355786570236 1.0065503164543861 0.86489308043968538 -0.13076222444438326 18.020630148903049 1.0025880184786731 0.17471848411928903 17.856662396435542 1 0.06481592029392623
-1.4755822181157761 -0.44761307729884053 1.0077996998163323 0.83405367215379933 -0.0836459042642895 18.052198203769201 1.003099225498836 0.16738832052971961 17.856904610403809 1 0.064822244891339378
-1.5345520881695649 -0.15113959170547175 1.0083407710019852 0.81435879809858891 -0.030218109598941296 18.066857694233025 1.0033751078055315 0.16270950042251692 17.857981347778235 1 0.064799540912329548
-0.17349124496562723 -1.7614931285506685 0.99717159102465991 1.0996824397204858 -0.15842895510377181 17.785567488694159 0.99881684083261646 0.22233878868799897 17.856234094481685 1 0.08428650574542472
-0.51380944706270659 -1.693802353052015 0.99886389739686998 1.0578597482831862 -0.16751773488896082 17.829423584322466 0.99958334891262191 0.21425289629583902 17.857820772296606 1 0.084316037421580475
-0.83438053508120114 -1.561016186495348 1.0008034240780772 1.0122677481156621 -0.16940783542387186 17.876758070191077 1.000294789954296 0.20523884346401097 17.856669773513318 1 0.084307810847616349
-1.1228872975583788 -1.368242130912841 1.002584777959113 0.96787974624478901 -0.159029359301082 17.921878766211545 1.0010377495369556 0.19606980130939078 17.857225629417606 1 0.084309951511662803
-1.3682421309128407 -1.1228872975583792 1.0043473428653715 0.92651840502739746 -0.1384793154348653 17.965300146060628 1.0017020647925761 0.18720274131556836 17.856525917624531 1 0.084309951511662776
-1.561016186495348 -0.83438053508120125 1.0057335165213774 0.89252856419988269 -0.1075663922535605 17.999788410324101 1.0022417801092245 0.17959622061028524 17.856293147644319 1 0.084307810847616252
-1.693802353052015 -0.51380944706270704 1.0067763866828716 0.86765442519638958 -0.068692310910295623 18.025964467227745 1.0026595999384753 0.1738428506105428 17.856333204919959 1 0.084316037421580309
-1.7614931285506685 -0.17349124496562809 1.0072051435782081 0.8514637016671992 -0.02505319151922554 18.037574862376189 1.0028783090186284 0.17012178438184472 17.857186633212144 1 0.084286505745425039
-0.19881898628085926 -2.0186510173958916 0.99770203321559991 1.0897603123115962 -0.13285524346726821 17.798752201530633 0.99902585045444892 0.21967278119337999 17.856171833241454 1 0.10945236356212067
-0.58881976105927136 -1.9410781613830483 0.99920706899543721 1.052815524501945 -0.13984125816698931 17.837584627998741 0.99969742920006011 0.21244458108936667 17.857405049931156 1 0.10949071266351444
-0.95619056852230366 -1.7889067302993162 1.000866586769233 1.0135822061889599 -0.14051470286019141 17.878407519624261 1.0003239525396634 0.20462200963193 17.856739585523425 1 0.10948002983882762
-1.2868160249379843 -1.5679898631700402 1.0023788529508406 0.97630560124555055 -0.13131117834938363 17.916549448431748 1.0009456655028328 0.19692622276758723 17.857050152293429 1 0.10948280965200681
-1.5679898631700402 -1.2868160249379847 1.0038297828875524 0.94209322884550895 -0.11384989883603894 17.952776594895752 1.0015198845373428 0.18964544488767809 17.856959725257585 1 0.10948280965200667
-1.788906730299316 -0.95619056852230389 1.0049699588111718 0.91442819441314682 -0.088233701833305672 17.98089957771116 1.001950721472147 0.18355609217617044 17.856531485607967 1 0.109480029838828
-1.9410781613830483 -0.58881976105927203 1.0058322556267225 0.89440735209177591 -0.056311958621461468 18.002507470947446 1.0022947779503066 0.17903036046435519 17.856536161710455 1 0.10949071266351421
-2.0186510173958911 -0.19881898628086028 1.006163630758705 0.88111451327312151 -0.020751272498963046 18.011574121192883 1.0024692991151667 0.17605453581413052 17.857292342577203 1 0.1094523635621211
-0.22751907717189115 -2.3100490813347867 0.99812408042242451 1.0820338516747772 -0.11107198233636099 17.81033393771105 0.99925321813361845 0.21762522314146499 17.85721451329168 1 0.14192925095747105
-0.67381758232853595 -2.2212783610742082 0.99945652775033356 1.04938070689728 -0.11599330258571915 17.843457084900049 0.99977694672579343 0.21117793405938487 17.857042337697695 1 0.14197897906802823
-1.0942194194841073 -2.0471405474793403 1.0008676301629418 1.0156850101739174 -0.11675662143556031 17.87892439822431 1.0003518298223455 0.20443879546770458 17.857229775296926 1 0.14196512641782807
-1.4725716087813978 -1.7943336969808925 1.0021715438036811 0.9840821980326635 -0.10881588387644642 17.911170958024787 1.0008521782443063 0.1979317078376549 17.856859656500962 1 0.14196873106179828
-1.7943336969808921 -1.4725716087813978 1.0033855855016123 0.95543747495149511 -0.094074042539702571 17.941799117325829 1.0013505914649261 0.19188199680798049 17.8571023994851 1 0.14196873106179805
-2.0471405474793403 -1.0942194194841075 1.0043397224978763 0.93259191045795842 -0.072787992008875133 17.965162620661793 1.0017019970022951 0.18692661678278127 17.856578903183838 1 0.14196512641782685
-2.2212783610742077 -0.67381758232853639 1.0050763559583435 0.9163408260193564 -0.04640578486770211 17.983374927078437 1.0019825746401776 0.18332139089885177 17.856343001975251 1 0.14197897906802837
-2.3100490813347867 -0.22751907717189232 1.0053396255095881 0.90538713557120798 -0.017270666003826523 17.990572918655271 1.0021211308271238 0.18091859422993165 17.856941382554758 1 0.14192925095746875
-0.26004054076794125 -2.640246346713814 0.99847210900262062 1.0746054344892302 -0.091857420522232988 17.819578635641925 0.99942341257699518 0.21576706942169216 17.857765566350295 1 0.18381542747568394
-0.77013273201385346 -2.538786783903261 0.99963364845276614 1.0459690772877355 -0.095091152037777502 17.847563167932787 0.99982982555254396 0.21007440462595878 17.856721069181287 1 0.18387983135182406
-1.2506265984300668 -2.3397577979464268 1.0008581817244873 1.01693192695242 -0.096351410024859474 17.878908476023124 1.0003603826019378 0.20426044522871223 17.857449882223456 1 0.18386189050593846
-1.6830602612620869 -2.0508148621248745 1.0019694747807792 0.99009010528329355 -0.089451811060625011 17.906123314380309 1.0007719095094898 0.198747857113761 17.856867816996598 1 0.18386655895284354
-2.0508148621248736 -1.6830602612620871 1.0030010266334981 0.96603942256993491 -0.077244228039193036 17.932228714709524 1.0012001785621456 0.19370833545843014 17.857157981481055 1 0.18386655895284348
-2.3397577979464268 -1.2506265984300668 1.0037870793858421 0.94712492052656538 -0.059710746374385844 17.951624171286721 1.0014981993449528 0.18965903206136051 17.856876941947139 1 0.18386189050593857
-2.538786783903261 -0.7701327320138539 1.0044170737207094 0.93397244929927581 -0.038055142023145284 17.966998611210258 1.0017272181946519 0.18678824047651124 17.856478413997547 1 0.18387983135182354
-2.640246346713814 -0.26004054076794281 1.0046241720589544 0.92501490041078704 -0.014331306286690444 17.972647538337274 1.0018356008909322 0.18485559945756244 17.856937749782631 1 0.18381542747568469
-0.29689218693327468 -3.0144088671849549 0.9987924785895983 1.0677216594731467 -0.074775126647357318 17.827613808859137 0.99955335431821546 0.21411518168674309 17.857795655125827 1 0.23780800652567211
-0.87927209488667046 -2.8985709620676903 0.99977790268836386 1.04302490986582 -0.077306043033909561 17.851305326561182 0.99989517126140615 0.20918813231373612 17.856857423957472 1 0.2378913279182705
-1.4278591513012271 -2.6713365826538729 1.0008614836013066 1.017933068217969 -0.079163691550514226 17.878955677899953 1.0003597234081636 0.20416461592040061 17.857414549997483 1 0.23786811726150187
-1.9215751522086999 -2.3414460976485549 1.0017866918578866 0.99512493967033011 -0.073303954407117899 17.901746166485932 1.0007098241698034 0.19949344662413443 17.857063113937716 1 0.23787415698334194
-2.3414460976485545 -1.9215751522087006 1.0026869677216934 0.97476978626530963 -0.063405810936093751 17.924244000687438 1.0010678260429058 0.19526173236277053 17.857034137243222 1 0.23787415698334327
-2.6713365826538729 -1.4278591513012273 1.0033353004943926 0.95896623592219365 -0.04898904057323452 17.940454164058263 1.0013257099909361 0.19191617534975516 17.857016657277828 1 0.23786811726150528
-2.8985709620676903 -0.87927209488667157 1.0038834732859043 0.9482506856779428 -0.031231606613767265 17.953657303089908 1.0015154494182719 0.18960935634246798 17.856498627899978 1 0.23789132791826884
-3.0144088671849554 -0.29689218693327624 1.0040498810213283 0.94097799919631719 -0.011917645241321518 17.958110567781045 1.0015978386561715 0.1880605078280207 17.856783639237335 1 0.23780800652567791
-0.33865057277848803 -3.4383905484524142 0.99905260604754675 1.0611268907958245 -0.059469113314666977 17.833614796264797 0.99962947045139927 0.21259779216382735 17.857295358681277 1 0.3073734305204589
-1.0029431950947028 -3.3062598469926332 0.99987783716068634 1.0400738706362209 -0.062075165199761445 17.854186647374036 0.99995660873581416 0.20838945167853234 17.857240660462953 1 0.30748112572657138
-1.6286899444202667 -3.047064569614895 1.0008546217502601 1.0183160777516509 -0.064225672787404126 17.878523508589922 1.0003424010503064 0.20403296017831432 17.857154299872498 1 0.30745112531027202
-2.1918479319182573 -2.6707744325951133 1.0016171891125623 0.99893567661684557 -0.059425049072650962 17.897793079415244 1.0006581579106602 0.20007450342967054 17.857349810617194 1 0.30745893181791573
-2.6707744325951133 -2.1918479319182587 1.0024146175794295 0.98166328039894502 -0.051541428461757431 17.917378278230519 1.0009562559496712 0.19650914972090489 17.856984237386357 1 0.30745893181791745
-3.0470645696148946 -1.6286899444202674 1.0029502949391773 0.9684280918723559 -0.03980932848623496 17.930971143060923 1.001180604879448 0.19373486561258246 17.857170161186684 1 0.30745112531026958
-3.3062598469926332 -1.0029431950947039 1.003427222853202 0.95969042857301456 -0.02541092401417358 17.942396251944857 1.0013423656087574 0.19187661641100559 17.856659313220067 1 0.30748112572657088
-3.4383905484524142 -0.33865057277849003 1.0035608980993533 0.95389590759293319 -0.0098596713589709263 17.945861920091311 1.0014023746514633 0.19065573376441033 17.856777933253287 1 0.30737343052045568
-0.38596902310155962 -3.9188247347093066 0.9993213296676452 1.0546718679907852 -0.046235779729695864 17.839686621369395 0.99970091709555864 0.21116855012754229 17.856650608757857 1 0.39696641721727638
-1.1430809109845068 -3.7682318762778713 0.999996402717647 1.0368332344851097 -0.049214724982362103 17.857601844514541 1.0000292996247191 0.20759707862433632 17.857691779273143 1 0.39710550334468697
-1.8562610469712906 -3.4728201568136887 1.0008736097487227 1.0181104868645445 -0.051398730597165321 17.878712646071797 1.0003340055836685 0.20384737547876489 17.856868922145988 1 0.39706675842860167
-2.4981071141522144 -3.0439523258908805 1.0014986387521363 1.0016867588168739 -0.047726687302226352 17.89499358761212 1.0006200718324072 0.20050246950997666 17.857515610276423 1 0.39707684037148783
-3.0439523258908801 -2.4981071141522153 1.0022035897807968 0.98704416539990703 -0.041568831027678277 17.912085980397855 1.0008713040656791 0.19749779871859291 17.856972493337356 1 0.39707684037148883
-3.4728201568136892 -1.8562610469712908 1.002652678593184 0.97590153391611645 -0.032142377670827935 17.923558104425052 1.0010637524016477 0.19518235714240018 17.857205741064195 1 0.39706675842859929
-3.7682318762778713 -1.1430809109845077 1.0030716276493896 0.96870217013730753 -0.020567770189262341 17.933608587323807 1.0012067455075355 0.19366728077219539 17.856772344836312 1 0.39710550334468825
-3.9188247347093066 -0.38596902310156161 1.0031797764180814 0.96418177694783658 -0.0081496466010701034 17.93628155949208 1.0012480214238828 0.19272301983904669 17.856738427796621 1 0.39696641721727144
-0.43958785188666738 -4.4632279896667235 0.99951211385030392 1.0485178500724806 -0.034604438543267085 17.843862863238087 0.99974408057645181 0.20984459789616552 17.856058085829304 1 0.51231092283562596
-1.3018777469613565 -4.2917147666225812 1.0000710876998813 1.0334048546838863 -0.038066676784441818 17.859728384824475 1.0000736955554685 0.20681352587140442 17.857951086622109 1 0.512490422509151
-2.1141328897896954 -3.95526444183256 1.0008556013438685 1.0174163888463781 -0.040154705269764557 17.878135318779407 1.0003197019133301 0.20360915136642219 17.856742105659567 1 0.51244041968055964
-2.845144232738134 -3.4668182783977159 1.0013898559258203 1.0034826044850413 -0.0376142418270239 17.892293829442746 1.0005777944140846 0.20077946714937159 17.857537008331221 1 0.51245343108212693
-3.4668182783977146 -2.8451442327381349 1.0020093931515439 0.99114608915524705 -0.032888260486186809 17.907300315131724 1.0007978203023951 0.19825924584094673 17.857045579911087 1 0.51245343108213126
-3.95526444183256 -2.1141328897896954 1.0023940576939312 0.98177909064589919 -0.025486117562967574 17.917111676282886 1.0009618922928998 0.19632756630110484 17.857231293529448 1 0.5124404196805632
-4.2917147666225812 -1.3018777469613578 1.0027615595112571 0.97582651054007885 -0.016354485685301436 17.925995448964144 1.0010911712365371 0.19508630232241381 17.856919216278911 1 0.51249042250914545
-4.4632279896667253 -0.43958785188666955 1.0028490502796943 0.97241681705426086 -0.0066644749206229191 17.928038731921092 1.0011179326016835 0.19437930962921407 17.856773387124296 1 0.51231092283563595
-0.50034594477976713 -5.080117695866269 0.99975754191756805 1.0417693076913068 -0.025080189841193933 17.849811740579817 0.99983187373594329 0.2084317544236074 17.85587246749493 1 0.66076589227954885
-1.4818181360004303 -4.8848985940236398 1.0002091297703961 1.0289291695947822 -0.028584155346325638 17.863084835576814 1.0001235941185243 0.20585250598973964 17.857856163797898 1 0.66099740649611016
-2.4063399695688616 -4.5019454370926262 1.0008855469397704 1.0157342409615839 -0.030498227077649837 17.878937733114743 1.0003346686927097 0.20320440057215275 17.856795569978726 1 0.66093291409086352
-3.2383888068205366 -3.9459881783354653 1.001348686136303 1.0040995358020066 -0.02896930752131275 17.891151521189183 1.0005550494050226 0.20084773663412425 17.857424743072578 1 0.66094969587314589
-3.9459881783354658 -3.2383888068205366 1.0018873076000667 0.99389788163839821 -0.025485204215144625 17.904318835165885 1.0007531247325818 0.19877007856757709 17.857118406859382 1 0.66094969587313557
-4.5019454370926253 -2.4063399695688616 1.0022241468522126 0.98607299131701542 -0.019857326113537039 17.912846625681784 1.0008932763490737 0.19716653991651886 17.857217997147668 1 0.66093291409086141
-4.8848985940236398 -1.4818181360004314 1.0025528647020421 0.98107092439790033 -0.012786243712091586 17.920879740154295 1.0010138115632552 0.19613145332783749 17.857025971596027 1 0.66099740649610961
-5.0801176958662673 -0.50034594477977001 1.0026227127152345 0.97859336239660943 -0.0054051853761302388 17.922416474169381 1.001029907626743 0.19562094803652677 17.856815483878961 1 0.6607658922795413
-0.56919388375287439 -5.7791453121591294 0.99983858774069323 1.0350025849462514 -0.016531362320250362 17.852344654568171 0.99989269453917096 0.20703802802236951 17.85637965831711 1 0.85170450807805653
-1.6857173094842997 -5.557063930427411 1.0002551101084407 1.0241191603746629 -0.020047310018125243 17.863910809145082 1.0001238625488753 0.20485038491230009 17.857532591842361 1 0.85200292194027627
-2.7374539699957996 -5.1214161611926032 1.0008514849017307 1.0133626752833784 -0.021921902813790542 17.878246810109754 1.0003300543710338 0.20268650665886531 17.856956285496921 1 0.85191979344812274
-3.6839932876189336 -4.488958809206113 1.0012811166542688 1.0037896627146754 -0.02122586997417995 17.889320916707447 1.0005201872031362 0.20075060392328387 17.85728454196709 1 0.85194142458828215
-4.488958809206113 -3.6839932876189354 1.0017522693644576 0.99560541299898853 -0.018822298988559347 17.90099704769646 1.0007023335705318 0.19908676320032698 17.857174888116699 1 0.85194142458828415
-5.1214161611926023 -2.7374539699958 1.0020508487588424 0.98929628904001277 -0.014765127346780135 17.908501781010699 1.0008235609200093 0.1977998598958905 17.857209349764133 1 0.85191979344811974
-5.5570639304274101 -1.6857173094843014 1.0023419282088961 0.98514836203739597 -0.0095187768014484957 17.91569281190019 1.0009346792465388 0.19694684982562008 17.857117280269836 1 0.85200292194027583
-5.7791453121591285 -0.56919388375287694 1.0023982613126246 0.98344628789547239 -0.0042111198464141342 17.916882747497983 1.000944905357946 0.19659819925494207 17.856898291714714 1 0.85170450807805842
-0.64720879130581721 -6.5712470900110969 1.000080588328093 1.0253264050348605 -0.010144748007525279 17.858953916136887 1.0000208282411323 0.20507318238779673 17.856939198440582 1 1.0976472323478057
-1.916765259600558 -6.3187267682985127 1.0004089600555399 1.0166468028969089 -0.012733334564970751 17.86751131739258 1.0001716024834502 0.2033278631046907 17.857286397640852 1 1.0980318177842594
-3.1126551527484607 -5.8233682020705748 1.000914095473697 1.0089884376436933 -0.014485287445110422 17.879960053710661 1.0003633343546416 0.20178182798153321 17.857103540103608 1 1.0979246846665216
-4.1889291345473882 -5.1042249188841859 1.0013037149454569 1.001839216830712 -0.014445051405368415 17.889782946533284 1.0005234465775308 0.20033624402142264 17.85718150618764 1 1.0979525621297588
-5.1042249188841851 -4.18892913454739 1.0017229861850214 0.9957430184694549 -0.013106253550511733 17.900280178307188 1.0006915112774326 0.19909702664330678 17.857190570253866 1 1.0979525621297797
-5.8233682020705748 -3.1126551527484616 1.0019956526651748 0.99098806197715905 -0.010455348473066679 17.907106602667195 1.0008007180702629 0.19812933582700393 17.857195234435611 1 1.0979246846665212
-6.3187267682985127 -1.9167652596005602 1.0022675358522186 0.98754485878633647 -0.0067427679662522381 17.913885946148699 1.0009080171115783 0.19742396360178244 17.857171761098844 1 1.0980318177842621
-6.5712470900110969 -0.64720879130581987 1.0023105319821939 0.98643386481214135 -0.00310172310701446 17.914788399177777 1.0009155020158458 0.19719750145102338 17.856998885084224 1 1.097647232347811
-0.73561135641982534 -7.4688169415931274 1.000013514686247 1.0149564423446285 -0.0040637358074369669 17.85780124478552 1.0000233536502656 0.20299054514382675 17.8574633706518 1 1.4126994257383538
-2.1785771631876996 -7.1818047457238778 1.0003546418048701 1.0083657016893928 -0.0060211400231600038 17.8659900495255 1.0001407499963817 0.20166254403275435 17.857123385262742 1 1.4131943968083585
-3.5378142413064531 -6.6187849108388894 1.0008593800620831 1.0034049018983626 -0.0078964446350117401 17.878716511145161 1.0003484440590729 0.2006522394067973 17.857228214842856 1 1.413056513807875
-4.761097012285342 -5.8014134951360727 1.0012367120308638 0.99887780311518004 -0.0082231390526124656 17.888084110013256 1.0004953844243514 0.19973286385182537 17.857158636521863 1 1.4130923927999499
-5.8014134951360719 -4.7610970122853411 1.001618253790914 0.99499238714552551 -0.007835350383060543 17.897664563889556 1.0006499090109644 0.19894001144490364 17.857195011428455 1 1.4130923927999124
-6.6187849108388912 -3.5378142413064544 1.0018598452841869 0.99201587920097833 -0.0063806862456301421 17.903709726445875 1.0007465099452073 0.19833326470958348 17.857196166788881 1 1.4130565138078846
-7.1818047457238778 -2.1785771631877013 1.0020957085896851 0.98957606227510519 -0.0041594189619040094 17.909619706810744 1.0008412309578494 0.19783376619205006 17.857204859302726 1 1.4131943968083778
-7.4688169415931256 -0.73561135641982944 1.0021337993294419 0.98886542758225671 -0.001836535995915427 17.910491536482887 1.0008519078542173 0.19768923791519877 17.857123854247991 1 1.4126994257382621
ZONE T="CylinderZone3", I=8, J=20, DATAPACKING=POINT, SOLUTIONTIME=30
-0.54063943307152507 0.053248126149810282 1.0211160702411519 0.077022792297515089 0.10565978037366675 18.398901852744217 1.0090317180323034 0.026033417793940979 17.868444481999521 1 0.009501634483610643
-0.51986370485743083 0.15769896780428189 1.0166649809831034 0.14481357371045483 0.27561719598072593 18.306647658922014 1.0083678369898266 0.062010127521767495 17.887918708195734 1 0.0095049635953120357
-0.47910882671265781 0.25608900321023348 1.0085711657775376 0.26256132178947539 0.39809475404323708 18.139482212276864 1.0071783105477454 0.095036211916719016 17.924032348095498 1 0.0095040362119996179
-0.41994239884996332 0.34463782010587446 0.99837646597010077 0.39860851023703958 0.4504685876005991 17.93313752809388 1.0058887952022491 0.11994874518416285 17.97397816953589 1 0.00950427752948153
-0.34463782010587457 0.41994239884996293 0.98768805615144739 0.51201933827199286 0.42592104260966579 17.723432445365262 1.0048842949057117 0.13287836969698663 18.033503623733271 1 0.0095042775294818978
-0.25608900321023381 0.47910882671265737 0.97843740371785748 0.56065739934513315 0.33626179563867348 17.549845441428531 1.0044498911713158 0.13046305496721236 18.093685234536036 1 0.0095040362119999285
-0.15769896780428228 0.51986370485743061 0.97159168440711607 0.51706103228996847 0.21082606275556021 17.428160954312307 1.0045135503671925 0.11142687991277232 18.145722179985071 1 0.0095049635953119282
-0.053248126149810317 0.54063943307152496 0.96777064974879046 0.38884565832694201 0.089882625272499739 17.365788765486805 1.0048704929137142 0.079626081390149567 18.180804150654087 1 0.0095016344836106343
-0.63524243924753465 0.062565672186717672 1.0182382184992227 0.25421181261987325 0.12276150819269079 18.334954844236933 1.0083666587436984 0.056225543332494722 17.876837539517663 1 0.012674730951629111
-0.61083130039869815 0.18529369270324247 1.0152190398533403 0.33153190490396411 0.33142673678787093 18.259779302506551 1.0072187377498938 0.093419930706916607 17.877709184612826 1 0.012679171829163489
-0.56294498907871604 0.30090036559027039 1.0097211570962377 0.47348697912619409 0.49622854460642185 18.123741398613593 1.005158216323325 0.13682376204175714 17.879930153601077 1 0.012677934743692767
-0.49342540974738552 0.40494376863562037 1.0026278104098079 0.65290430736794425 0.59609110163111723 17.950874546858184 1.0026142932857776 0.17658659167550694 17.885042084455229 1 0.012678256649798625
-0.40494376863562059 0.49342540974738552 0.9948723526574893 0.83551905101272983 0.61940505474812091 17.767887558257925 1.000130016231797 0.20800135364212674 17.896227431531294 1 0.012678256649798532
-0.30090036559027067 0.56294498907871604 0.98772136114457465 0.98134615829264227 0.56796408315997848 17.609736005676893 0.99840426062464194 0.22695182570156663 17.91697223259267 1 0.012677934743692587
-0.18529369270324283 0.61083130039869793 0.98198062735961911 1.0465819419613629 0.45277843088588576 17.501984608602786 0.99809620448652736 0.22828248944972065 17.953255415618273 1 0.012679171829163529
-0.062565672186717644 0.63524243924753465 0.97810058152003942 0.98976516282015459 0.29157554755284892 17.456549834436892 0.99945425671572685 0.20642022380979697 18.00617590900584 1 0.012674730951629364
-0.74244183463027602 0.073123849373486843 1.0180432481520254 0.41630786881667431 0.093008115087921756 18.314884368408357 1.0074557494583223 0.084997911118403963 17.862056631770297 1 0.016779839423766721
-0.71391123026163084 0.21656265491167412 1.0157327692367057 0.47451505881161343 0.25882141644519563 18.257685631950242 1.0065938850018969 0.107747716824887 17.863003186973607 1 0.016785718618536838
-0.65794393551948882 0.35167836036645611 1.0115458497096066 0.58474558875537563 0.39461293015623955 18.153975955923404 1.0050188557940214 0.1407354429999523 17.864544790131614 1 0.016784080864202446
-0.57669268271809093 0.47327945353281875 1.0060464841162446 0.72880531551481642 0.48659409287789046 18.01854269600236 1.0029739240102338 0.17500331442768377 17.867113509479967 1 0.016784507029679884
-0.47327945353281897 0.57669268271809071 0.99992346213137662 0.88723267214513046 0.52699373422700879 17.868690127864681 1.0007232393277392 0.20631379840716912 17.870604987775412 1 0.016784507029679731
-0.35167836036645644 0.6579439355194886 0.99385351660789867 1.038317861473889 0.51670968846534582 17.723554459321296 0.99865727905417856 0.23211216210309904 17.877199794105376 1 0.016784080864202373
-0.21656265491167453 0.71391123026163061 0.98849387992005533 1.1590643101646403 0.46465150471361977 17.600213506347117 0.99708452964273397 0.25011122093061833 17.887694024418213 1 0.016785718618537022
-0.073123849373486857 0.74244183463027602 0.98433111839524723 1.2182491463995282 0.37516641131001011 17.517479486128003 0.99659436936903767 0.25537685653438152 17.909106397093456 1 0.016779839423766409
-0.86391462009425091 0.085087827227279228 1.0149180770220751 0.53261101959767831 0.069908697592886343 18.24167439349284 1.0065184452664193 0.10708742815246554 17.867398200028994 1 0.022126624834292997
-0.8307160514192089 0.25199501835425253 1.0132031713250218 0.57588786932825908 0.1996326717900562 18.197616044397073 1.0057869203839891 0.12155041250619551 17.866494123987788 1 0.022134377395787923
-0.76559180609844424 0.40921734595229742 1.0101198387578654 0.65911767730181403 0.30726510707028581 18.11871618102121 1.0044829000820386 0.14511895340680037 17.865096278716045 1 0.022132217781812132
-0.67104683042225921 0.55071390138034471 1.0060422418055854 0.76833062753218573 0.38306656994081573 18.014461379714522 1.0027509723531476 0.17147009624106618 17.863171948728922 1 0.022132779742114753
-0.55071390138034471 0.67104683042225899 1.0015200656053198 0.88962419298802142 0.42088997106534176 17.899287111506105 1.0008387366459826 0.1967503869468839 17.861265146609231 1 0.022132779742114823
-0.40921734595229781 0.76559180609844413 0.9971221961823501 1.0086548247780869 0.42045418604434048 17.787584656128356 0.99897960701831212 0.21866742239076251 17.859497801365254 1 0.022132217781812194
-0.25199501835425303 0.83071605141920868 0.9932460946824917 1.1131880771022122 0.38952984724308681 17.690721033338349 0.99741683569131512 0.2361798872643473 17.859361228541172 1 0.022134377395787844
-0.085087827227279159 0.86391462009425068 0.99001634415392914 1.1971314765259216 0.33801374245989768 17.615138534242334 0.99639542589479202 0.24923682501287076 17.864330830519744 1 0.022126624834293226
-1.0015613190324726 0.098644790224829804 1.0133553724546558 0.62710762160272349 0.05409036379130519 18.197655626787125 1.0056380433999481 0.12553382404273691 17.862776244088685 1 0.029067480192123876
-0.96307325382466602 0.29214514617771187 1.0119795785407255 0.66062841166623054 0.15766680482731901 18.162825985269933 1.0050778451161106 0.1354929076374333 17.862530113404908 1 0.029077664638662112
-0.88757282412092575 0.47441755845992795 1.0095266280038933 0.72586239417965903 0.24477317076140551 18.101140952251043 1.0040982220153012 0.15289148292379776 17.862451394189858 1 0.029074827579827881
-0.77796408693367669 0.6384586261728521 1.0061745592355089 0.81206000996753636 0.30841228466178633 18.017223526590261 1.0027728361472192 0.17349041606708157 17.862621734689629 1 0.029075565820299448
-0.63845862617285243 0.77796408693367647 1.0023664236745533 0.90924783058174152 0.34381560604074168 17.922341457523952 1.0012816639272526 0.19429166128152325 17.863133024323556 1 0.029075565820299444
-0.47441755845992833 0.88757282412092564 0.99850740879099575 1.0067877727675763 0.34996262357944352 17.826301217688908 0.99976510774747518 0.21320059838717492 17.863618382841441 1 0.029074827579827905
-0.29214514617771253 0.96307325382466558 0.99509652150725647 1.0934971857915254 0.33119318617490306 17.741782975842529 0.99843565335077611 0.22868934014482875 17.864298675059054 1 0.02907766463866206
-0.098644790224829748 1.0015613190324726 0.9923460273028043 1.1632232887735796 0.29171509487321567 17.672147537626429 0.99727336416314305 0.24017645562326756 17.86326903357083 1 0.029067480192124639
-1.157535463004074 0.11400684187378846 1.0111702110846108 0.69827714704654742 0.042215813200669708 18.144679830958097 1.0048773770450885 0.13957046624449179 17.864683881678538 1 0.038067205832387027
-1.1130536129826625 0.33764120141130016 1.0101090533984594 0.72455148771046518 0.12535307080482758 18.117026068318058 1.0043999262665877 0.14674054425669322 17.86369685373138 1 0.038080543535555428
-1.0257954259966175 0.54829907840257786 1.0082551401722373 0.77593887181903798 0.19588659715439766 18.069334623552312 1.003597896538079 0.15976941752372431 17.862553310526355 1 0.038076828080968739
-0.89911721075573847 0.7378864253362567 1.0056661846887351 0.84389855293972149 0.24872013226642772 18.003220983505834 1.0025000237269712 0.1757380109345949 17.861372429813294 1 0.038077794891707567
-0.73788642533625692 0.89911721075573836 1.0027208633641578 0.9210085749015805 0.27990842836228524 17.928196737164114 1.0012547388839503 0.19240003444331152 17.860126785107546 1 0.038077794891707158
-0.5482990784025783 1.0257954259966171 0.99960633266976284 0.99992258739998574 0.28842282375579853 17.849829722439889 0.99998412448181018 0.20813938588301903 17.859672024566031 1 0.038076828080968503
-0.33764120141130088 1.1130536129826623 0.99676015238915661 1.0724138924826874 0.27857523595082917 17.778125866472859 0.99881104304281809 0.22173291218900615 17.85907831275129 1 0.038080543535555837
-0.11400684187378846 1.157535463004074 0.99426275016044685 1.1337146968816878 0.25119937222518268 17.716471369711883 0.99784729488886215 0.23249250557412143 17.859758834020134 1 0.038067205832386673
-1.334277322963916 0.1314143269357386 1.0097228089776915 0.75647476082610055 0.033507278242480884 18.106546043127189 1.0042029043309038 0.15112604527171858 17.862925207462027 1 0.049722115603906394
-1.2830036249529533 0.38919498601988362 1.0088581680514601 0.77772104712028167 0.10108719952667934 18.083908622034151 1.0038069907493958 0.15655490643601552 17.862002405708409 1 0.0497395368672836
-1.1824221534909292 0.63201780843581734 1.0073764512415373 0.81929395389563686 0.15898266399533448 18.045920885517308 1.0031717212334199 0.16665123979672206 17.861196025641831 1 0.049734683864326314
-1.0364016855989213 0.8505528821501076 1.0052489111311875 0.87437283335531757 0.2036121232867989 17.991752610745344 1.0022772807624298 0.17934931972233148 17.860368493071338 1 0.049735946680292145
-0.85055288215010794 1.0364016855989213 1.0027875012250773 0.93750420586877137 0.23164539513728774 17.929797937546102 1.0012776208477101 0.1930164520246988 17.860060186512584 1 0.049735946680292666
-0.63201780843581801 1.1824221534909287 1.0001256347851524 1.0033097305489611 0.24161725132986661 17.863404189503175 1.0002249705067137 0.20637536370754983 17.860262692198337 1 0.049734683864326008
-0.38919498601988445 1.2830036249529526 0.99765173231794868 1.0650586646461344 0.23630156679034714 17.801292905665534 0.99921883496219055 0.2182767828926635 17.859981340290709 1 0.049739536867283288
-0.13141432693573854 1.3342773229639162 0.99541307929845968 1.1197349762001247 0.21739550010266645 17.746205233960346 0.998366921954565 0.22831517153945169 17.860796395952235 1 0.049722115603907727
-1.5345520881695647 0.15113959170547128 1.0082227110087301 0.80209440469444659 0.02672683902988595 18.06942030681482 1.0036349360756434 0.16021698836376924 17.863442382939056 1 0.064799540912330117
-1.4755822181157761 0.44761307729884026 1.0075347317107324 0.81953690084186548 0.08179023939780182 18.050891864923258 1.0032904192315686 0.16445129408767023 17.86218685047313 1 0.064822244891339129
-1.3599034874600275 0.72688355786570202 1.006395412233126 0.85341064419706014 0.12914288634825374 18.021032261111174 1.0027647118515925 0.17238719378973424 17.860908946660018 1 0.064815920293926119
-1.1919653758975652 0.97822070340124267 1.0047054202955528 0.89807458698771625 0.16633022960497928 17.977349110588428 1.002016639697112 0.18248559456800828 17.859586886886337 1 0.064817566038357727
-0.97822070340124334 1.1919653758975648 1.0027126691822197 0.94953369435033386 0.19058566849246858 17.92712925684306 1.0012033039754225 0.19357787742563878 17.859267680461411 1 0.064817566038358018
-0.72688355786570247 1.3599034874600271 1.0005292943888819 1.0040504816667033 0.20076724199264842 17.871754426735279 1.0002887995916063 0.20475567458165136 17.858519646073425 1 0.064815920293926479
-0.44761307729884114 1.4755822181157758 0.99839950120947574 1.0565523852359087 0.19866050778802516 17.81848741573819 0.99943488855814899 0.21507416827114273 17.858490091195396 1 0.064822244891339267
-0.15113959170547131 1.5345520881695649 0.99639343167196004 1.104898853179207 0.18456749410331666 17.768202322258919 0.99862092359067811 0.22419630515686187 17.858307322172411 1 0.064799540912330006
-1.7614931285506681 0.17349124496562754 1.0071023013751654 0.83962708021450849 0.021601721098145375 18.040442342235316 1.0031401663158113 0.16771785855945837 17.86257882398391 1 0.084286505745425372
-1.693802353052015 0.51380944706270648 1.0065329143102828 0.85435950182409248 0.066941445423521553 18.024813752940847 1.0028381136354874 0.17115289898693375 17.861240254404933 1 0.084316037421580114
-1.5610161864953485 0.8343805350812008 1.0056241611696715 0.88257455078590052 0.10609131439135502 18.000701558010608 1.0024016179283175 0.17757252134458312 17.859917677325811 1 0.084307810847616224
-1.368242130912841 1.1228872975583788 1.0042132630881166 0.91954307543018166 0.13742367708679809 17.964428007306484 1.001787174422855 0.18578509910853788 17.858996802012989 1 0.08430995151166315
-1.1228872975583795 1.3682421309128405 1.0025503331612824 0.96234673551749028 0.15852142241538478 17.922760051305762 1.001121368788134 0.19495381846745949 17.858962716788152 1 0.084309951511662887
-0.83438053508120191 1.561016186495348 1.0007052963250793 1.0082446617464198 0.16807109060077063 17.875653187183833 1.0003310476136353 0.20439759514567582 17.858017428506511 1 0.084307810847615849
-0.5138094470627077 1.6938023530520148 0.99886703632357454 1.0532824119149551 0.16796470658032259 17.830524354964869 0.99964192080949554 0.21335636697624297 17.858844726193443 1 0.084316037421580295
-0.17349124496562765 1.7614931285506681 0.99709942450470224 1.0953356254328346 0.15564057751697111 17.785034739525113 0.99885921091227414 0.22139394958849459 17.857508519807784 1 0.084286505745425275
-2.0186510173958916 0.19881898628085964 1.0060758713763018 0.86983039563832232 0.017463111137571936 18.01465460183492 1.0027282090142622 0.17376426407353823 17.862527600712028 1 0.10945236356212013
-1.9410781613830483 0.58881976105927158 1.0056119317237882 0.88247212178824674 0.054755079363403417 18.001448205368959 1.0024553872469359 0.17661714000236325 17.860962575686155 1 0.10949071266351454
-1.7889067302993165 0.95619056852230322 1.0049026710580971 0.90611551554258118 0.086947839386211853 17.982177121475573 1.0020890049770808 0.18186565386072234 17.859474263872883 1 0.10948002983882785
-1.5679898631700402 1.2868160249379843 1.0037350776897238 0.93676876301000955 0.11303107020914943 17.952186625410711 1.001581465375794 0.18856361931621043 17.858731666909819 1 0.10948280965200671
-1.2868160249379847 1.56798986317004 1.0023879569354721 0.97229336458203108 0.13111555124044139 17.917862915539825 1.0010099535497641 0.19611981317176261 17.858132185025152 1 0.10948280965200657
-0.95619056852230455 1.788906730299316 1.0008063114181247 1.0109595472641746 0.13959692535967758 17.877607025153335 1.0003394072654783 0.20407578248793423 17.857445647677782 1 0.10948002983882793
-0.58881976105927269 1.9410781613830481 0.99924668826335294 1.0496362655285312 0.140854201557057 17.83912836805996 0.99974430667646808 0.21183607319963169 17.857959184454451 1 0.10949071266351479
-0.1988189862808597 2.0186510173958907 0.99766369350297734 1.0869257372504728 0.13071880802045144 17.798392311032867 0.9990440414503462 0.21905631893286892 17.85677145482833 1 0.10945236356212001
-2.3100490813347867 0.22751907717189163 1.0052669772087734 0.89476146471104412 0.014242095550622206 17.993796235019669 1.0023731117628594 0.17876297427169216 17.861947777707329 1 0.14192925095747277
-2.2212783610742082 0.67381758232853584 1.0048786466731869 0.90586812367453273 0.045122595287741707 17.982350664507766 1.0021226338952334 0.18120603244905509 17.86024440306787 1 0.14197897906802731
-2.0471405474793403 1.0942194194841073 1.0043081659713176 0.92595786376273004 0.071743646508204709 17.96668266850434 1.0018182291695923 0.18557797897819484 17.858875339230277 1 0.14196512641782735
-1.7943336969808925 1.4725716087813978 1.0033223806872233 0.95168773440019372 0.093497552427145844 17.941403130989116 1.0013915702612042 0.1911209648587627 17.858283151953064 1 0.14196873106179853
-1.4725716087813983 1.7943336969808921 1.0022153589671519 0.98141390637786663 0.1088954755624239 17.91282320491824 1.0009007439779087 0.19739848184188771 17.857413861632264 1 0.14196873106179783
-1.0942194194841082 2.0471405474793407 1.0008317503856292 1.0142138672487193 0.11616251952580262 17.878359537739623 1.0003560864956349 0.20413255931860103 17.857561831674332 1 0.14196512641782724
-0.67381758232853728 2.2212783610742073 0.99952556781502899 1.0473363338934281 0.11742906356862978 17.845377509060924 0.99981548409697518 0.21079923721652286 17.85723725083972 1 0.14197897906802753
-0.22751907717189165 2.3100490813347863 0.9981046002104188 1.0804634923284704 0.1094287541295714 17.810061252640335 0.99925742140108331 0.21727884751559454 17.857429036970863 1 0.14192925095747333
-2.6402463467138135 0.26004054076794192 1.004567447017169 0.91514340239299241 0.011566609318634163 17.975962982983095 1.0020769924142316 0.18285350480501153 17.861643787669614 1 0.1838154274756815
-2.5387867839032614 0.77013273201385346 1.0042429778960273 0.9250221074976348 0.03704251934004256 17.965984067297427 1.0018443034715099 0.18498219571178642 17.859803861627274 1 0.18387983135182451
-2.3397577979464268 1.2506265984300664 1.0037869298080477 0.94212220570381855 0.058892717937036355 17.95330863035856 1.0015923224172993 0.18864209482494279 17.858556236210859 1 0.1838618905059391
-2.0508148621248745 1.6830602612620866 1.0029636941681705 0.96368098821781489 0.076875469910176422 17.93196803489289 1.0012228904522853 0.19323036796611928 17.857828940907986 1 0.18386655895284232
-1.6830602612620873 2.0508148621248741 1.0020388312479509 0.98849402991957847 0.089747812373347946 17.908033673718123 1.0008094031849291 0.19843168668284361 17.85704240367086 1 0.18386655895284273
-1.2506265984300675 2.3397577979464259 1.0008383828573917 1.0163093713036957 0.096002433394115558 17.878528249389063 1.0003588971580861 0.2041300890450318 17.857564668935595 1 0.18386189050593879
-0.77013273201385501 2.5387867839032605 0.9997254906818811 1.0447454957737921 0.096785667214305787 17.849751179344118 0.99986053602184477 0.20985844438298545 17.856613332007331 1 0.18387983135182512
-0.26004054076794192 2.6402463467138144 0.99845744292126504 1.0739930177341046 0.090580098652428581 17.819340384230518 0.99942473015548805 0.21562322798093347 17.857894031835581 1 0.18381542747568308
-3.0144088671849549 0.29689218693327546 1.0040106294102391 0.93194770456307618 0.0094121351227345884 17.961493469153876 1.0018256816677973 0.18622912625497773 17.861124995411103 1 0.23780800652567466
-2.8985709620676907 0.87927209488667046 1.003732615411612 0.94085259784191444 0.030481293547248007 17.9526303817028 1.0016086803173341 0.1881179953561356 17.859234448150172 1 0.2378913279182697
-2.6713365826538733 1.4278591513012266 1.003361940254583 0.95547180476259486 0.048377652644108426 17.942264794213802 1.0014001798395704 0.19120533672536702 17.85815504530192 1 0.23786811726150386
-2.3414460976485549 1.9215751522086999 1.0026691673842751 0.97353582177090603 0.063208062915675281 17.924091811895632 1.0010770980670713 0.19501212380866645 17.857326338008793 1 0.23787415698334058
-1.9215751522087008 2.341446097648554 1.0018731108201715 0.9942736110099577 0.073749061943121363 17.903874039193308 1.000742443636861 0.19932701584316098 17.857029031139255 1 0.23787415698334494
-1.4278591513012282 2.671336582653872 1.0008530459727669 1.0178332294158297 0.078984550016614558 17.878739188810286 1.0003560438217638 0.2041423127077806 17.8574090836754 1 0.23786811726150348
-0.87927209488667257 2.8985709620676894 0.99988053853319458 1.0422834232299181 0.079111200492929593 17.853679010363447 0.99992547608880722 0.20906408080930597 17.856665395825054 1 0.23789132791826839
-0.29689218693327546 3.0144088671849558 0.99877914327348138 1.0676684795614146 0.073716095075631816 17.827404083591112 0.99955494100028552 0.21408970260400478 17.857919374376433 1 0.23780800652567877
-3.4383905484524133 0.33865057277848887 1.0035400240954531 0.94579626297138297 0.0075707132469364493 17.949273214789272 1.0016135628202156 0.18901288182943005 17.860692393780567 1 0.30737343052045929
-3.3062598469926341 1.0029431950947028 1.0032994951008827 0.95383169333313711 0.024880930844023631 17.941354565174034 1.0014117015855983 0.19069667411292324 17.858805106703908 1 0.30748112572656977
-3.0470645696148946 1.6286899444202667 1.0029984672541639 0.96624553708675243 0.03935496161941647 17.932862614046684 1.0012381255931058 0.19328971130488701 17.857853022631701 1 0.30745112531027252
-2.6707744325951137 2.1918479319182578 1.0024110067611565 0.98121912856537263 0.051461480243435873 17.917324721045539 1.0009568695390869 0.19641958607855131 17.857020913059785 1 0.3074589318179175
-2.1918479319182587 2.6707744325951124 1.0017143410019183 0.99849476603154841 0.05994180582647448 17.900094848175886 1.0006897869075932 0.1999895099520157 17.857221444656744 1 0.30745893181791439
-1.6286899444202683 3.0470645696148941 1.0008531653653825 1.0184333110571135 0.064148981229972271 17.878472919029122 1.0003410260915171 0.2040555319540466 17.857140149294544 1 0.30745112531027008
-1.002943195094705 3.3062598469926332 0.99998606254270805 1.0395166775328459 0.063907433632649557 17.856708508075219 0.99998961270893727 0.20829693697138979 17.857056941859838 1 0.30748112572657182
-0.33865057277848903 3.4383905484524133 0.99904311384297328 1.0612866110294259 0.05848327901988111 17.833423633166891 0.9996282528402437 0.21261887976929664 17.857341474084873 1 0.30737343052045796
-3.9188247347093057 0.38596902310156023 1.0031799987730858 0.95709055122183895 0.0060345145249950825 17.939733370556823 1.0014404881667898 0.19128419317425829 17.860169388707831 1 0.39696641721727083
-3.7682318762778721 1.1430809109845073 1.0029653071578402 0.96433200560132515 0.020216267033841107 17.932538952605299 1.0012531571319652 0.19278801874823104 17.858357289849177 1 0.3971055033446888
-3.4728201568136887 1.8562610469712901 1.0027185841013202 0.97475486117753696 0.031795201497971839 17.925546866638644 1.0011090243944925 0.19494658595570008 17.857543803838972 1 0.39706675842859879
-3.0439523258908809 2.4981071141522149 1.002209791394564 0.98702978190624091 0.041547649995742349 17.912142111292518 1.0008682471337005 0.19749504929361397 17.856873754213311 1 0.39707684037149144
-2.4981071141522149 3.0439523258908792 1.0016024222269937 1.0013684715872533 0.048248061841151303 17.897478669886212 1.0006553321096905 0.20044036212082156 17.857404691952318 1 0.39707684037148694
-1.8562610469712921 3.4728201568136878 1.0008752050127536 1.0182239935561774 0.051356694802442482 17.878786631697849 1.0003365507543187 0.20386936120642149 17.856902971110777 1 0.39706675842859868
-1.1430809109845097 3.7682318762778713 1.0001135807464721 1.0362646198144911 0.051035950335998212 17.86027449301163 1.0000617827888385 0.20749771347704346 17.857434863414504 1 0.3971055033446893
-0.38596902310156039 3.9188247347093066 0.99930963825539521 1.0548304907760786 0.045175378660912653 17.839465567184476 0.99970022549931314 0.21119113989195576 17.856721820595446 1 0.39696641721727927
-4.4632279896667244 0.43958785188666843 1.0028701375602902 0.96642771237565561 0.0046868819960794702 17.931472556976111 1.0012886260361695 0.19316339773295219 17.859667801603294 1 0.51231092283563084
-4.2917147666225812 1.3018777469613565 1.0026755154594125 0.97283755894251367 0.016142030206909824 17.924921396666875 1.0011170928947952 0.19448569490251033 17.857994545504894 1 0.51249042250914878
-3.9552644418325609 2.1141328897896945 1.0024716264169136 0.98134791369297958 0.025194953397989779 17.919157289376411 1.0009987122850119 0.19623628971614152 17.857335432658086 1 0.5124404196805602
-3.4668182783977159 2.845144232738134 1.0020222324545709 0.99122621325815563 0.032860286513447121 17.90748469086455 1.0007953008917727 0.19827531965494041 17.856909102698562 1 0.51245343108212749
-2.8451442327381344 3.4668182783977151 1.0014966939588565 1.0030908309637261 0.038064819379529095 17.894932640518292 1.0006186069867733 0.20070049294412087 17.857503338864397 1 0.51245343108213048
-2.1141328897896967 3.9552644418325587 1.0008644190439886 1.0173736926737771 0.040097492137136689 17.878361581304244 1.0003235487702555 0.20359977777021454 17.856747847866387 1 0.51244041968056109
-1.3018777469613592 4.2917147666225812 1.0002000651529579 1.0327046581792885 0.039847545460813108 17.862625807932861 1.0001069576366421 0.2066835756512968 17.857623844260935 1 0.51249042250914645
-0.43958785188666832 4.4632279896667253 0.99948957856305365 1.048607245751078 0.03344819128630195 17.843747154733997 0.99976013861663005 0.20985328341218165 17.856505932781111 1 0.5123109228356354
-5.0801176958662682 0.50034594477976824 1.0026698087182973 0.97376515955802523 0.003557225843675699 17.925915263120611 1.0011782991232985 0.19463969315126359 17.859127004610244 1 0.66076589227955118
-4.8848985940236398 1.4818181360004303 1.0024827311165565 0.97931597388699543 0.012697596115541615 17.919769232817835 1.0010218079872339 0.19577965833587116 17.857668323089822 1 0.66099740649610916
-4.5019454370926262 2.4063399695688616 1.0023121749247579 0.98598099298529174 0.019590216975848257 17.915029477102159 1.0009273305831989 0.19714373045521455 17.857198206318039 1 0.66093291409086097
-3.9459881783354653 3.2383888068205366 1.001904882695879 0.99382627303287607 0.02539901743639994 17.904654026700385 1.0007543048784029 0.19875520878066605 17.857014166646859 1 0.66094969587314756
-3.2383888068205371 3.9459881783354644 1.0014601653795017 1.0035579788215145 0.029315474639159515 17.893974522057214 1.0006015284666625 0.20073684702806274 17.857459083637472 1 0.66094969587313834
-2.4063399695688639 4.5019454370926235 1.0009016662796906 1.0154930854403834 0.030393080064026443 17.879231424014069 1.0003349903584609 0.20315553650450394 17.856686279201423 1 0.66093291409085708
-1.4818181360004339 4.8848985940236398 1.0003366561485949 1.028127729827228 0.03025941384108299 17.866202558771185 1.0001706286430538 0.20569703663206015 17.85778528559878 1 0.66099740649611349
-0.50034594477976813 5.0801176958662673 0.9997280820536234 1.0418597623708405 0.02380808864644373 17.849639379668798 0.99985168182207829 0.2084418088143421 17.856436689798475 1 0.66076589227954152
-5.7791453121591267 0.56919388375287494 1.0024676828770536 0.9798803562601468 0.002565342574541891 17.920312339502374 1.0010671736294321 0.19587225577419884 17.858584851099394 1 0.85170450807805198
-5.557063930427411 1.6857173094843001 1.0022876508247955 0.98439025936060243 0.0095767599126833254 17.914644115288283 1.0009302903925443 0.19679585104938119 17.857425783352721 1 0.85200292194027982
-5.1214161611926041 2.7374539699957992 1.0021427542981505 0.98922577422280134 0.014524043753465565 17.910746237750018 1.0008571971938895 0.19778172731843066 17.857154398508886 1 0.85191979344812263
-4.488958809206113 3.6839932876189345 1.0017745907581359 0.99530236470594091 0.018670009319097517 17.901507536276693 1.0007085727881941 0.19902499183823996 17.857127066291167 1 0.85194142458828104
-3.6839932876189354 4.4889588092061139 1.0013957074562478 1.0031426421543594 0.021453727189638581 17.892224296062096 1.000568059220845 0.20061743192873702 17.857321523167577 1 0.85194142458827615
-2.7374539699958023 5.1214161611926015 1.000877012280958 1.012876950843143 0.02177969125300077 17.878752069118256 1.0003328106535361 0.20258850808311804 17.856823309430901 1 0.85191979344812407
-1.6857173094843039 5.557063930427411 1.0003840953167153 1.0232414715544051 0.021509966712467469 17.867371966198721 1.0001886612700779 0.20467420003001308 17.857768509231541 1 0.85200292194028016
-0.56919388375287494 5.7791453121591276 0.99984115511540983 1.0351162719885023 0.015333526248742325 17.852503085590811 0.99989900057888836 0.20705642366525429 17.8564739327905 1 0.8517045080780602
-6.5712470900110951 0.64720879130581832 1.0024156679472054 0.98408297742483253 0.0018256418721702649 17.918454375715314 1.001015323349336 0.1967170936754282 17.858030510424459 1 1.0976472323478357
-6.3187267682985144 1.9167652596005582 1.0022212189790249 0.9875068387179653 0.0069618228437523339 17.912817720478621 1.0008945852389546 0.19741799172199004 17.857262216546051 1 1.0980318177842476
-5.8233682020705757 3.1126551527484607 1.002095442263212 0.99067354875449043 0.010280420981951675 17.909569905649377 1.0008387139176433 0.19806233615053045 17.857161848135135 1 1.0979246846665334
-5.1042249188841859 4.1889291345473882 1.001750082228998 0.995329610627948 0.012955913942042343 17.900947365210744 1.0007017410598351 0.19901297009949398 17.857179910087392 1 1.0979525621297659
-4.18892913454739 5.1042249188841859 1.0014241416608014 1.0012066532872665 0.014685789995879241 17.892816954159965 1.0005727909787314 0.20020554088761211 17.857203154374599 1 1.0979525621297648
-3.1126551527484634 5.823368202070573 1.0009404349877131 1.0083991030054373 0.014357181637392297 17.880546772284905 1.0003698353968906 0.20166297303211456 17.857031622813331 1 1.0979246846665267
-1.9167652596005627 6.3187267682985127 1.0005429606332596 1.0161069296484075 0.013918490131158881 17.871159616365645 1.0002418455139741 0.20321587834191132 17.857583791452587 1 1.0980318177842494
-0.6472087913058181 6.5712470900110951 1.0000877439954603 1.0256865817847001 0.0090083357360088313 17.858573398508057 0.99999236593492957 0.20514601093114032 17.856379853857366 1 1.097647232347837
-7.4688169415931256 0.73561135641982722 1.0022609062028993 0.98765791872853193 0.0012499708750498555 17.914070257372536 1.0009249359573333 0.1974404530535005 17.857520858346238 1 1.412699425738317
-7.1818047457238814 2.1785771631876996 1.0020681895570529 0.98976705949576183 0.004388485274752699 17.908927409809042 1.000830027678794 0.19787325447093249 17.857201123902538 1 1.4131943968083855
-6.6187849108388921 3.5378142413064531 1.0019549951248157 0.99154690050941319 0.0063954506481874408 17.906087367041437 1.000784362945057 0.19823577584313498 17.857193248383133 1 1.4130565138078761
-5.8014134951360727 4.761097012285342 1.0016503119868692 0.99471718627862882 0.0078147651473385142 17.898468283710514 1.000662816987836 0.19888367572397658 17.857196746333575 1 1.4130923927999395
-4.7610970122853429 5.8014134951360701 1.0013545341598553 0.99839177963133963 0.0085720251240398743 17.89103955648228 1.0005429445084444 0.19963152841598295 17.857166985387913 1 1.4130923927999353
-3.5378142413064557 6.6187849108388885 1.0008988225682816 1.0029537151707881 0.0078979029329602785 17.87969954845947 1.0003640238954024 0.20056046107019412 17.857224842383467 1 1.413056513807863
-2.178577163187704 7.1818047457238761 1.0005076340482013 1.0080764232074404 0.0068390553773624721 17.869894031334784 1.0002063259119145 0.20159912778727973 17.857201849869245 1 1.4131943968083822
-0.73561135641982711 7.4688169415931274 1.0000378909421987 1.0147917235059518 0.0035321378090481079 17.858041800860263 1.0000124483784218 0.20295831075791518 17.857094522690762 1 1.4126994257382968
ZONE T="CylinderZone4", I=8, J=20, DATAPACKING=POINT, SOLUTIONTIME=30
0.053248126149810074 0.54063943307152496 0.96686033045075404 0.22561417426083719 0.015094621748254199 17.360077879446077 1.0054858283091652 0.045100175285592126 18.198786521544747 1 0.009501634483610473
0.15769896780428203 0.51986370485743083 0.96899899044312976 0.091208061466532805 -0.0029631008984236317 17.411824623919411 1.006257165927587 0.018194402120563682 18.196657875854719 1 0.0095049635953119611
0.25608900321023359 0.47910882671265759 0.97244034000410984 0.011745481679818429 0.0092298982944740392 17.474907984627389 1.0063289292397903 0.0029782139637527234 18.172168056169102 1 0.0095040362119996127
0.34463782010587429 0.41994239884996332 0.97493701525285459 -0.02259213745050484 0.0237607851866013 17.518049832569421 1.006229914589597 0.0065370452614023139 18.151753037276556 1 0.0095042775294813791
0.41994239884996304 0.34463782010587463 0.97632788210517674 -0.02825372845375683 0.032346875089071414 17.539778051446142 1.0060427320031364 0.0085639104701282099 18.138030360779798 1 0.0095042775294820608
0.47910882671265737 0.25608900321023376 0.97714978655837315 -0.021889231543313171 0.033300988354161877 17.552901392312219 1.0059486175540726 0.0079465795907322397 18.130230058373314 1 0.0095040362119997446
0.51986370485743061 0.1576989678042823 0.97779828985443507 -0.012985922065280667 0.02418344759445645 17.563494792123659 1.005888144339963 0.0054738020396550751 18.124329689241801 1 0.0095049635953118865
0.54063943307152496 0.053248126149810254 0.97805523638535252 -0.0078121727318998732 0.0067472850561350016 17.567344936451533 1.0058443314902878 0.0020585117800575557 18.121635602608446 1 0.009501634483610787
0.062565672186717408 0.63524243924753476 0.97572009337920051 0.79177820979885694 0.12895298699002677 17.460319447295888 1.0021090009839655 0.16027317082804682 18.071609641950435 1 0.012674730951629305
0.1852936927032427 0.61083130039869804 0.97457357140067924 0.50682351323882879 0.024554446717141482 17.489264018627932 1.004951101435555 0.10123329485644368 18.131388015292796 1 0.012679171829163522
0.3009003655902705 0.56294498907871604 0.97484727858746456 0.24250314041078819 -0.00041603166175352619 17.51643892538706 1.0062300016955836 0.048350321985043715 18.152422952459915 1 0.01267793474369271
0.4049437686356202 0.49342540974738552 0.97573340300485367 0.066600041161125251 0.018620039813815117 17.534691588786742 1.0063637515240607 0.013786994767814351 18.148238990260374 1 0.012678256649798721
0.4934254097473853 0.40494376863562059 0.9765888464827579 -0.015829235589645742 0.045351678085644311 17.546058807671631 1.0061340509171299 0.0095776246590098518 18.137737685781076 1 0.012678256649798518
0.56294498907871604 0.30090036559027067 0.97718845727200698 -0.037758688049829105 0.05581043144388919 17.553734083898629 1.0059565279809841 0.013436721579764123 18.130085632211451 1 0.012677934743692656
0.61083130039869793 0.18529369270324292 0.97758705688040304 -0.035817298917400771 0.042060863384293733 17.559684220926261 1.0058872081138233 0.011016592136116003 18.125879209231883 1 0.012679171829163526
0.63524243924753465 0.0625656721867177 0.97779532311663964 -0.033879310744012313 0.007577299454055296 17.563571636585387 1.005895597327368 0.0069228875405607576 18.124485975546868 1 0.012674730951629383
0.073123849373486552 0.74244183463027602 0.98149892564882801 1.1606769437711599 0.25569521702884851 17.486797823561552 0.99771956086266245 0.23797307491003775 17.950003141555765 1 0.016779839423766665
0.21656265491167431 0.71391123026163072 0.97924611860958 0.93835799789323382 0.12775700841156018 17.499560011482775 1.0007446963382536 0.189332533896094 18.020985078404838 1 0.01678571861853688
0.35167836036645628 0.65794393551948882 0.97721480034753838 0.59729900821285997 0.043306241310784109 17.523055751147897 1.0041713660898577 0.11952434476309959 18.097716986645775 1 0.016784080864202439
0.47327945353281881 0.57669268271809093 0.97637414509357212 0.27047729430028272 0.025259146114334684 17.538452201750204 1.0059190190527916 0.054170752792526977 18.135456197169475 1 0.016784507029679742
0.57669268271809071 0.47327945353281897 0.97668143982473354 0.060635255842249901 0.047846426940678907 17.547156572545397 1.0061016079115686 0.015400953093157654 18.136465020912485 1 0.016784507029679811
0.6579439355194886 0.35167836036645661 0.97718956323339579 -0.031500816913964072 0.063206110824253814 17.553480922251271 1.0059408814760569 0.014082414350916922 18.129795431869127 1 0.016784080864202331
0.71391123026163061 0.21656265491167465 0.97754830564760065 -0.060254238832604314 0.048939109682690198 17.55814817628665 1.0058390886192867 0.01547983194796569 18.125299501711286 1 0.016785718618536963
0.74244183463027602 0.073123849373486857 0.97782019801636033 -0.072708274065092726 0.0057893050373218017 17.563373963802441 1.005858687445552 0.014545133117825236 18.123636500652786 1 0.016779839423766544
0.085087827227278853 0.86391462009425102 0.9875483031753034 1.2426514437114315 0.27798297051217147 17.569707390478783 0.99630935485829109 0.25514415777088278 17.880631080371707 1 0.022126624834293028
0.25199501835425281 0.83071605141920879 0.98528589839313652 1.1862663488789569 0.19600319920112752 17.552971296656768 0.99764585403893824 0.24075351655242802 17.921050707935848 1 0.022134377395787996
0.40921734595229753 0.76559180609844413 0.98182544570049257 0.94689542929635206 0.10011900121488049 17.549358614560497 1.0009560107464961 0.19034377769938909 18.00583441388611 1 0.022132217781812135
0.55071390138034448 0.67104683042225932 0.97830802639892356 0.56849553084905891 0.03698889174450018 17.548599299502005 1.004511394383482 0.11368337171333773 18.095750271909061 1 0.022132779742114677
0.67104683042225899 0.55071390138034471 0.97703443053382255 0.22260062149212237 0.033730180706468195 17.550858101262527 1.0059502735190118 0.044894959087757813 18.131116111405976 1 0.022132779742114739
0.76559180609844413 0.40921734595229786 0.97729563718901702 0.017275623344652723 0.049138962427932448 17.555775848972392 1.0059631999710934 0.010386533637700236 18.12941051837436 1 0.022132217781812145
0.83071605141920868 0.25199501835425314 0.97754712651627385 -0.071777171424542818 0.041659748773001395 17.557960032156487 1.0058295238068646 0.016550019787540213 18.125135888150904 1 0.022134377395787982
0.86391462009425068 0.0850878272272792 0.97785175827668536 -0.11201803800752949 0.0001536191212785855 17.563290896258582 1.0058214661140268 0.022338701017550217 18.122731873480756 1 0.022126624834292979
0.098644790224829443 1.0015613190324728 0.99020619427605971 1.2181763627725641 0.25162153304482454 17.620305028886605 0.99649657443037609 0.24921531557382773 17.864774064354076 1 0.029067480192123955
0.29214514617771209 0.9630732538246658 0.98866953996598006 1.2509195328703497 0.21142194738137643 17.591508075027033 0.99641428337652393 0.25418818943863458 17.874399329589263 1 0.029077664638662286
0.47441755845992811 0.88757282412092575 0.98623548652370108 1.1677706284737226 0.14636396699076293 17.575782291138498 0.99798052363117662 0.2356194821002208 17.920156130381756 1 0.029074827579827722
0.63845862617285198 0.77796408693367669 0.9815368283527045 0.86609072481434013 0.064605485664795639 17.560098945497881 1.0018631104856133 0.17353781201202456 18.024271454315922 1 0.029075565820299583
0.77796408693367647 0.63845862617285243 0.97786499368975666 0.44586130721561984 0.026786724035107172 17.551448397885487 1.0051296606243747 0.089104800970894238 18.110168982276267 1 0.029075565820299458
0.88757282412092564 0.47441755845992845 0.97732592057622436 0.11169428554409939 0.032733631598032394 17.555313461298262 1.0059055347832186 0.023209972717318894 18.128146587575642 1 0.029074827579827822
0.96307325382466558 0.29214514617771259 0.97748747915112411 -0.0660492196472275 0.032145487940776846 17.556396576007657 1.0058013306443485 0.014648835247208758 18.12507023072153 1 0.029077664638662126
1.0015613190324726 0.098644790224829818 0.9778105149455848 -0.14872684998681832 -0.0058239744521624273 17.561036551611419 1.0057347827832002 0.029683175663283788 18.121475758156198 1 0.02906748019212449
0.11400684187378807 1.157535463004074 0.99223741783806652 1.1799851831949397 0.21655174442985856 17.666131977540374 0.9970430180442853 0.24029383477934579 17.859924961795251 1 0.038067205832387624
0.33764120141130044 1.1130536129826627 0.99062128200982302 1.2261537347337028 0.18864848504654552 17.629400144006933 0.99659317334577913 0.24853992846775769 17.863510920788968 1 0.038080543535555261
0.54829907840257808 1.0257954259966178 0.98939647041334799 1.2482304531104267 0.15896755801699577 17.608763360038818 0.99665884871114641 0.25208394580139859 17.873530992093091 1 0.038076828080968718
0.73788642533625648 0.89911721075573847 0.98553289803063238 1.0910594096729309 0.091061001028254943 17.583450642881573 0.99912771753168261 0.21906613251022222 17.94587053172835 1 0.038077794891707463
0.89911721075573814 0.73788642533625692 0.97988797806694095 0.69310886516519066 0.027372835679630392 17.559041697407956 1.0034885170817724 0.13848848451840867 18.065659019648198 1 0.038077794891707178
1.0257954259966171 0.54829907840257841 0.97757838568024169 0.2534893121983004 0.0139806910995062 17.556594915133214 1.0057191613594012 0.050630336428276294 18.122915341810025 1 0.038076828080968586
1.1130536129826623 0.337641201411301 0.97757079280731485 -0.035909499994767349 0.018393409250517193 17.558120485889415 1.0058143649607507 0.0080458678223220368 18.124687207149758 1 0.038080543535555567
1.157535463004074 0.11400684187378855 0.97792584539591232 -0.17988592481053853 -0.011761553946232163 17.561805102453736 1.0056601830590721 0.035952398965931727 18.119276789279436 1 0.038067205832387131
0.1314143269357381 1.3342773229639162 0.99359539872720259 1.161589462851137 0.19035134701302758 17.69953518748726 0.99756296247192833 0.23570392752600242 17.859465661916204 1 0.04972211560390704
0.38919498601988406 1.2830036249529528 0.99179241277743679 1.1941787170949658 0.1594725628626443 17.65707012666234 0.9969787158182174 0.24132078000382212 17.861977896322582 1 0.049739536867283565
0.63201780843581756 1.1824221534909289 0.99085129488419166 1.2438176711634272 0.14478039640390036 17.633219878835167 0.99657770774533916 0.25087275601545728 17.861574906612951 1 0.049734683864326057
0.85055288215010749 1.0364016855989213 0.98890279293346028 1.2154132701754454 0.10491926824055073 17.61061221364611 0.99726109580246258 0.24432149338632805 17.8879020928496 1 0.049735946680292367
1.0364016855989211 0.85055288215010794 0.98297875665361523 0.9181701808664211 0.034717191334709949 17.57556758259518 1.0012747243254867 0.18364824617547149 18.003111602751197 1 0.049735946680292742
1.1824221534909287 0.63201780843581812 0.97843815132744771 0.42994542432940436 -0.0014423690999619792 17.561803153961797 1.0051335122707965 0.085769700608558749 18.10599412786118 1 0.04973468386432623
1.2830036249529526 0.3891949860198845 0.9777076951978676 0.023620768655207017 0.003647781819396977 17.561924430137378 1.0058914048439547 0.0047661359068666021 18.12506018337076 1 0.04973953686728335
1.3342773229639162 0.13141432693573873 0.97815386142717298 -0.20073057472121125 -0.01459058772015767 17.564506344761519 1.0055804031003774 0.040140187029543709 18.116149882696497 1 0.049722115603907192
0.15113959170547078 1.5345520881695651 0.99472054418925726 1.1467699233801334 0.166938291967903 17.727120619751044 0.99798758501267015 0.23200497156233002 17.858981076644074 1 0.06479954091233027
0.44761307729884064 1.4755822181157761 0.99301531445930014 1.1745855176785098 0.13611380016135083 17.684304631590663 0.99728679296623834 0.23681063918689305 17.85869263261084 1 0.064822244891339281
0.72688355786570213 1.3599034874600275 0.99157818705932399 1.2122314415044708 0.11847209734383939 17.652931213641537 0.99696036058630677 0.2439724477624102 17.863192511471471 1 0.064815920293926466
0.97822070340124279 1.1919653758975652 0.99106495903668435 1.2544954428482886 0.10162997157710413 17.637332268976326 0.99659522518068477 0.25215069723874384 17.860348429284734 1 0.064817566038357477
1.1919653758975648 0.97822070340124334 0.98650530497238309 1.088877282065307 0.043115785632843781 17.601228586052422 0.99915205200628898 0.21803857536644297 17.939229589574182 1 0.064817566038357768
1.3599034874600271 0.72688355786570269 0.98025984240845976 0.62002134913270468 -0.010830819464332548 17.575659793522973 1.0040571946514487 0.12377235797866069 18.073153670666791 1 0.064815920293926424
1.4755822181157758 0.44761307729884126 0.97805515290789358 0.11333881438131602 -0.0095630191777961587 17.570641705145128 1.006033178725974 0.022679994866666935 18.125038557808431 1 0.064822244891339573
1.5345520881695649 0.15113959170547131 0.97862036461851654 -0.20634550975778906 -0.011746932050103085 17.572549531584674 1.0055613068233598 0.041221457644907603 18.112351073569108 1 0.06479954091232952
0.1734912449656269 1.7614931285506685 0.99554367816527067 1.1339252384878971 0.14309000829644969 17.748336310235434 0.99835582719535731 0.22877171606169772 17.859660667657717 1 0.084286505745425649
0.51380944706270704 1.693802353052015 0.9941366025969175 1.1640232089824518 0.11831535037129233 17.709913587085428 0.99760451153188823 0.23428493136320278 17.856319673582668 1 0.084316037421580281
0.83438053508120114 1.561016186495348 0.99229905095955051 1.1854744301010742 0.092611371653261623 17.671286646903191 0.99727199197138661 0.23814233081654329 17.86358271484092 1 0.084307810847615919
1.1228872975583788 1.368242130912841 0.99204224762587812 1.2435569658908989 0.084794586034048949 17.65715813015531 0.99673260550250364 0.24969717586832155 17.855769529196625 1 0.084309951511662901
1.3682421309128405 1.1228872975583795 0.98965196045075254 1.1950639154239202 0.047096825352145058 17.630569384751436 0.99763545565450085 0.23948161702013088 17.889197268531341 1 0.084309951511662776
1.561016186495348 0.83438053508120202 0.98292558339675129 0.80242821137024278 -0.01422614451744228 17.597401488023412 1.0025728284366735 0.16030477568085316 18.026841827618203 1 0.084307810847615808
1.6938023530520148 0.51380944706270781 0.97877777581731373 0.23054881313268594 -0.019072229585833191 17.584548888406651 1.0060861219379258 0.046127114565221804 18.120638311330222 1 0.08431603742158035
1.7614931285506681 0.17349124496562765 0.97928409583026665 -0.19085945758863648 -0.002455956870197052 17.585809934259274 1.0056380568948118 0.038067888039969647 18.108821719171939 1 0.084286505745425955
0.19881898628085889 2.0186510173958916 0.99622223173755398 1.1208765571363308 0.11936667182740415 17.764271741600123 0.99857158853422257 0.22560409670416429 17.858652514854459 1 0.1094523635621213
0.58881976105927214 1.9410781613830483 0.99503420475849635 1.153648020168565 0.10202725829137067 17.732421217446998 0.99797130830251168 0.23186547454584952 17.85643778329645 1 0.10949071266351471
0.95619056852230366 1.7889067302993162 0.99329795515220798 1.1691799724973937 0.072346564328733154 17.692520075085216 0.99746618627324479 0.23458061331811117 17.859871879075637 1 0.10948002983882738
1.2868160249379841 1.5679898631700402 0.9924356769501631 1.2135632854500455 0.061175525059582937 17.671881470386705 0.99716826418210758 0.24336566402513643 17.860741065053308 1 0.10948280965200684
1.5679898631700397 1.2868160249379847 0.9919694285216204 1.2436174923366827 0.043550754978396958 17.659241537907775 0.99692338961750826 0.24925969665664952 17.85971168931902 1 0.10948280965200675
1.788906730299316 0.95619056852230466 0.9860695763243652 0.96086946660607231 -0.014688730110991432 17.624893195279977 1.0009375013603719 0.19210631757387681 17.974462428533638 1 0.10948002983882796
1.9410781613830481 0.58881976105927303 0.97998406865466192 0.36935341236207003 -0.025834493885145776 17.603065712870375 1.0059058207275009 0.073833459182993957 18.108467102372366 1 0.10949071266351447
2.0186510173958907 0.19881898628085976 0.9800985857085982 -0.15002358299178861 0.010314575687777995 17.603655844973179 1.0058220067371506 0.029988379225650542 18.106111976652588 1 0.10945236356212039
0.22751907717189093 2.3100490813347871 0.99682887522954344 1.1099255623708009 0.097607577711297369 17.777897282251917 0.99872934211072173 0.22298353951568858 17.857125010239958 1 0.14192925095747233
0.67381758232853639 2.2212783610742082 0.99569833094329796 1.1416642365723308 0.084938423586408296 17.750792302696233 0.9983388914187753 0.22915431082980364 17.858248077873547 1 0.14197897906802742
1.0942194194841075 2.0471405474793403 0.99440870970461581 1.1596376618066884 0.057220164398789526 17.715811739407997 0.9976636836317313 0.23248143675238983 17.855424069693687 1 0.1419651264178278
1.4725716087813976 1.7943336969808925 0.99278411151515977 1.1834693939352963 0.036603324592960049 17.684866968066281 0.99755076423879174 0.23709759336088038 17.865083561131698 1 0.14196873106179839
1.7943336969808921 1.4725716087813983 0.99332858656640388 1.2502387469631024 0.031277592507461177 17.682587825300899 0.99687548567812656 0.25051766430566014 17.849075072367821 1 0.14196873106179789
2.0471405474793407 1.0942194194841086 0.98923281635480897 1.0857689024583486 -0.017217534821122427 17.654719661170912 0.99942529567995475 0.21724351565956249 17.924328918289074 1 0.14196512641782724
2.2212783610742073 0.67381758232853761 0.98174195790135588 0.52230753877017466 -0.033610205117879065 17.624746838240892 1.0053413872717269 0.10439911737079931 18.085336518273049 1 0.14197897906802748
2.3100490813347863 0.22751907717189174 0.98103108960608676 -0.081426855141541937 0.019204601555633829 17.624179124351045 1.0060374644374461 0.016681901487085003 18.103102864298346 1 0.14192925095747325
0.26004054076794086 2.640246346713814 0.99736058999126154 1.1002495393217795 0.078851038666712822 17.78988812612252 0.99887016191380296 0.22073901675641136 17.855833690464504 1 0.18381542747568266
0.7701327320138539 2.5387867839032614 0.99621892610282647 1.1281448330853256 0.067266767147066156 17.765007186722379 0.99861624321660036 0.22618624303417453 17.859474832391534 1 0.18387983135182487
1.2506265984300668 2.3397577979464268 0.99541229951502652 1.1510266731528382 0.045014796440127854 17.738796303931281 0.99795089176144258 0.23061771434825401 17.853359205092868 1 0.18386189050593835
1.683060261262086 2.0508148621248745 0.99343885058221748 1.1599004913878195 0.015400629222607843 17.700803013653246 0.99779162767499341 0.23225714237278342 17.864685414445567 1 0.18386655895284207
2.0508148621248741 1.6830602612620873 0.99395618441567601 1.2301668945841764 0.01280203298246186 17.700355848729004 0.99724710407128214 0.24638607250772288 17.851218309546834 1 0.18386655895284287
2.3397577979464259 1.2506265984300677 0.99212814630307467 1.1723393458333351 -0.024549285024712864 17.686159985718177 0.99828329822622819 0.23472083003070437 17.882929747161636 1 0.1838618905059384
2.5387867839032605 0.77013273201385513 0.98401627997034935 0.67940115598626716 -0.047601371314558445 17.648244062891919 1.0043549955375315 0.13591769678267585 18.050876880617054 1 0.18387983135182623
2.6402463467138144 0.26004054076794203 0.98208025434671609 0.012939976241907999 0.014109452269345926 17.644069787524458 1.006096907747539 0.0038173212259045579 18.096433696852085 1 0.18381542747568194
0.29689218693327424 3.0144088671849554 0.99783804707734414 1.0915755819507944 0.063067696962350248 17.801788624505548 0.99906008278565062 0.21878204006172708 17.85581003490249 1 0.23780800652567824
0.87927209488667146 2.8985709620676898 0.99671554627018777 1.1146117245150502 0.050327517929273327 17.777099387954987 0.99879807072310745 0.22328369641129736 17.859166054563129 1 0.23789132791827017
1.4278591513012271 2.6713365826538724 0.99620911685637636 1.1405840761492134 0.033663879629670573 17.759657311404553 0.99832534310362253 0.22840748328684962 17.854342631274836 1 0.23786811726150267
1.921575152208699 2.3414460976485549 0.9943820287941485 1.143554820083345 -0.00090000136552328177 17.720103060645727 0.99793212428808775 0.22894787510548473 17.860420102138669 1 0.23787415698334077
2.341446097648554 1.9215751522087008 0.99416894087083263 1.1968260526971639 -0.0093880879080209863 17.713181114105552 0.99775611625296201 0.23964158938862995 17.858800907012647 1 0.23787415698334538
2.671336582653872 1.4278591513012282 0.99443602854211188 1.2190318906620778 -0.038934828674670761 17.715703052099609 0.99763015558130352 0.24422025444999737 17.854627807718945 1 0.23786811726150339
2.8985709620676898 0.87927209488667279 0.98687863786197183 0.82781973716426327 -0.070412068787362961 17.676035869558277 1.0030189829568448 0.16591152040454127 18.005932868167616 1 0.23789132791826723
3.0144088671849558 0.29689218693327557 0.98354544427787305 0.12803543712581417 -0.011717850377265937 17.666128780369792 1.0058540928757354 0.025639168457029935 18.081280702517393 1 0.23780800652568168
0.33865057277848765 3.4383905484524142 0.99822604319574137 1.0831417927069558 0.049570226157624069 17.812319117265417 0.99926251805684096 0.2169351066278315 17.856651076247886 1 0.30737343052046168
1.0029431950947036 3.3062598469926332 0.99719709013914859 1.101816074509927 0.035249596008660691 17.787604082949638 0.99890567014638476 0.22059669321355757 17.857639473573723 1 0.30748112572656933
1.6286899444202672 3.0470645696148937 0.99678618699198651 1.1271975877846394 0.022059586192122494 17.776741073749477 0.99870715713169023 0.22562858288318488 17.8570342343262 1 0.30745112531027236
2.1918479319182578 2.6707744325951137 0.99548714987446696 1.1317376733069426 -0.011992207458351388 17.742497717374185 0.99808407496691964 0.2265773981805147 17.855204815893018 1 0.30745893181791828
2.6707744325951124 2.1918479319182587 0.99439071542997293 1.1584792153571786 -0.029998623746692803 17.725736149974384 0.99824063916495687 0.23197766690766453 17.865879297165471 1 0.30745893181791362
3.0470645696148941 1.6286899444202683 0.99616213775258455 1.2275813179756903 -0.05446978766447496 17.744772354693726 0.99753565524538956 0.24606121281303772 17.840556156327402 1 0.30745112531026975
3.3062598469926323 1.0029431950947054 0.99014929719404199 0.95257627664789968 -0.095645126298711997 17.710138546732832 1.0016345619599536 0.19131689312252909 17.957298493635268 1 0.30748112572657177
3.4383905484524133 0.33865057277848909 0.98534846832502621 0.2524303974493346 -0.055263414520633027 17.68858044213771 1.0052895351810833 0.051545630055853615 18.05789805049989 1 0.30737343052045646
0.38596902310155889 3.9188247347093066 0.99859164766222264 1.0744608710681518 0.03798270591133248 17.822493909976107 0.99946725995698271 0.21508370234395399 17.857693884494839 1 0.39696641721727288
1.1430809109845079 3.7682318762778704 0.99771153088401365 1.0899410352671501 0.023128618306215248 17.798913326757585 0.99902538398337981 0.21814360953190615 17.856095503171289 1 0.39710550334468825
1.8562610469712908 3.4728201568136883 0.99726530468777375 1.1116415836215581 0.010451884738591613 17.79110717584533 0.9990340545411307 0.22244560458604387 17.859445958150765 1 0.3970667584286004
2.4981071141522144 3.0439523258908809 0.99652833435037591 1.121701316702493 -0.01831256993974862 17.765240903502963 0.99831932043789984 0.22455894296827217 17.851947004509551 1 0.3970768403714891
3.0439523258908792 2.4981071141522153 0.99488820309531145 1.124044541980489 -0.047204018306541334 17.740518349174469 0.99857353159274531 0.22516770787858531 17.868261978334488 1 0.39707684037148688
3.4728201568136878 1.8562610469712921 0.99695329282888179 1.2054664246128863 -0.069565728182896899 17.763640800613629 0.99780390008182041 0.2417600153750657 17.839687631502905 1 0.3970667584285994
3.7682318762778704 1.1430809109845099 0.99357562267070776 1.0422542775937904 -0.11895463593996508 17.749895463211296 1.0004212283495046 0.20975994282021021 17.91078006678373 1 0.39710550334468919
3.9188247347093066 0.38596902310156045 0.98777025240004401 0.37513114180058671 -0.10640971695103771 17.718664440474264 1.0045303603829019 0.077810200567471219 18.026551908521402 1 0.3969664172172806
0.43958785188666655 4.4632279896667253 0.99888006788234474 1.0657097289450872 0.027594760884660684 17.830167825953925 0.99960889130165698 0.21325509273505372 17.858161452953894 1 0.51231092283563373
1.3018777469613583 4.2917147666225812 0.99814830111345021 1.0790133209734858 0.013465705958529776 17.809225192638372 0.99916676572232732 0.21590943847096467 17.855496247450457 1 0.512490422509148
2.1141328897896949 3.95526444183256 0.99766439811349672 1.0953761813252536 -0.00085745380089354342 17.801880190420516 0.9992391143715903 0.2191586964877926 17.860253114950268 1 0.51244041968055853
2.8451442327381327 3.4668182783977159 0.99734702637877815 1.1108979527540341 -0.022076928531643763 17.785533759685855 0.99863925308637647 0.22237480911111029 17.851803067859681 1 0.51245343108212671
3.4668182783977142 2.845144232738134 0.99569458354362839 1.0953963895587928 -0.058505863130555391 17.758604709522334 0.99878203529434129 0.21952526678024559 17.866201915096457 1 0.51245343108213126
3.9552644418325587 2.1141328897896967 0.99736252719402152 1.1649976660189163 -0.075794572867911497 17.780499616610271 0.99834107491506641 0.23368604499350884 17.846361849629428 1 0.51244041968056109
4.2917147666225812 1.3018777469613596 0.99666695845012276 1.0900557426382504 -0.11962632490145438 17.79289421120728 0.9997342305046929 0.21934918825260516 17.876253784081051 1 0.51249042250914667
4.4632279896667253 0.43958785188666855 0.9898543890848569 0.48453967258176706 -0.13654379042119227 17.746644988023245 1.0039982943337928 0.10048157573761878 18.001820345017581 1 0.51231092283563562
0.50034594477976624 5.0801176958662682 0.99919171735118772 1.0560609040948679 0.018868692795837513 17.837961490865329 0.99973391000666001 0.21127400162374624 17.858166448057005 1 0.66076589227954996
1.4818181360004321 4.8848985940236398 0.99864423329919727 1.0683175193347927 0.0066675984952833198 17.821760342785108 0.99937349544903242 0.21373462845325966 17.855642470222985 1 0.66099740649611138
2.4063399695688625 4.5019454370926253 0.99810875118119335 1.0792533484201365 -0.010241311701284308 17.812215994522937 0.99937415983946287 0.21592796636613004 17.859485524559531 1 0.66093291409086075
3.2383888068205349 3.9459881783354653 0.99804679426844212 1.0981035160436654 -0.023101422512303318 17.80493939734566 0.99902791224280219 0.21977614430312206 17.853741159848738 1 0.66094969587314101
3.9459881783354644 3.2383888068205366 0.99684896454815564 1.0769276303914694 -0.065250103085138622 17.782052532690667 0.9989426444663696 0.21589467736712656 17.860794842930446 1 0.66094969587314112
4.5019454370926235 2.4063399695688639 0.99706150536717497 1.1226720295774963 -0.076246508961928167 17.783351212281769 0.99880264304215272 0.22518649452036762 17.856768841189201 1 0.66093291409086108
4.8848985940236398 1.4818181360004339 0.99923211802340484 1.1111480701042995 -0.11647440788774778 17.830242141089187 0.99926087326125879 0.22352982732017571 17.849427949317288 1 0.66099740649611105
5.0801176958662673 0.50034594477976846 0.99090410117688132 0.57598371734706977 -0.15105503795062253 17.760335414157996 1.0037084123090274 0.1188721691862147 17.988994424439575 1 0.66076589227954707
0.56919388375287316 5.7791453121591285 0.99938077094585975 1.0464254483716078 0.010968457094161175 17.842348608607651 0.99979062042730849 0.20931850085823797 17.857828011401374 1 0.85170450807804943
1.6857173094843012 5.5570639304274092 0.99897991520781593 1.0575279432749927 0.00067325494256666445 17.830833352719722 0.99954628866619222 0.21155362898929669 17.856329106702418 1 0.85200292194028326
2.7374539699958005 5.1214161611926032 0.99847919474704183 1.0648183271205045 -0.017376538582683884 17.820111429705115 0.99944620204397339 0.21305102159931971 17.858122077516999 1 0.85191979344812185
3.6839932876189336 4.488958809206113 0.99841848765473062 1.081481053825476 -0.024531315658112011 17.817217651835769 0.99934466337164485 0.21642277456976233 17.856742063479459 1 0.85194142458828492
4.4889588092061139 3.6839932876189354 0.99784621898486636 1.0622370882987091 -0.067615293872092946 17.801988914821777 0.99906314140433672 0.21297716677239487 17.855806207683838 1 0.85194142458827615
5.1214161611926015 2.7374539699958023 0.99695885941257512 1.0866760415524284 -0.073460049913013054 17.78932023614022 0.99924076381549098 0.21791397694661904 17.865337347588301 1 0.85191979344812396
5.557063930427411 1.6857173094843043 1.0009032994798555 1.1027353293428179 -0.088174208462181464 17.858973185175721 0.99919992054541162 0.22133954165444591 17.836412839481451 1 0.85200292194028149
5.7791453121591276 0.56919388375287516 0.99173837837132783 0.67058469893547268 -0.11793846858421589 17.775814267854532 1.0037381023648622 0.13592156780965764 17.983471706157975 1 0.85170450807805154
0.64720879130581621 6.5712470900110969 0.99966915989291005 1.0338060941506659 0.0054069538576852483 17.849621080849104 0.99990958966790033 0.20677339405280143 17.857891883122264 1 1.0976472323478383
1.9167652596005607 6.3187267682985127 0.99949761444956298 1.045917970067503 -0.0033443567323775823 17.843758410378236 0.99975273125234343 0.20921053048135224 17.856316205697716 1 1.0980318177842581
3.1126551527484616 5.8233682020705748 0.99888209236036862 1.0510759274279056 -0.020604357264810868 17.829545210809517 0.99957195988145719 0.21030058580485472 17.857487190600843 1 1.0979246846665189
4.1889291345473882 5.1042249188841859 0.99920534966391272 1.0668172985767344 -0.025597399604554549 17.837950438774609 0.99971965107341121 0.21345479261888733 17.857814286182151 1 1.0979525621297686
5.1042249188841859 4.18892913454739 0.99887959168883711 1.0536353227009239 -0.069766142151854921 17.82461890151826 0.99929827952884021 0.21126265024690266 17.852615731787484 1 1.0979525621297668
5.823368202070573 3.1126551527484634 0.99702006428183543 1.0628746574249908 -0.062725139282742579 17.796185700489133 0.99956503773374672 0.21299110621578646 17.870696176374317 1 1.0979246846665238
6.3187267682985127 1.9167652596005629 1.0030803591654165 1.1090945571677151 -0.093957275912039367 17.901769261869141 0.99942050349815736 0.22267798009445652 17.82485220811591 1 1.0980318177842501
6.5712470900110942 0.64720879130581832 0.98850833655922543 0.75036625710478777 -0.10894068212439133 17.699587550426802 1.0026995879746037 0.15144236255284771 17.988322926548683 1 1.0976472323478268
0.73561135641982445 7.4688169415931274 0.99969648022377244 1.0205744808771224 -0.00026410523940672198 17.849945296733505 0.99990042511496235 0.20412506602020591 17.857532996260804 1 1.4126994257382655
2.1785771631877018 7.1818047457238778 0.99954775240157645 1.030403293381835 -0.0074564550334936834 17.846012697561576 0.99982888021819927 0.20610368928198342 17.857317975655867 1 1.4131943968083764
3.5378142413064526 6.6187849108388912 0.99909599373311619 1.0346071624138933 -0.020065750562063951 17.834145317322925 0.99961579565937542 0.20700011434611762 17.856740878463576 1 1.4130565138078928
4.7610970122853402 5.8014134951360727 0.99919170311406036 1.0432471374292607 -0.02845868508816693 17.83931922951021 0.99981001912279366 0.20874687513869386 17.859526080868349 1 1.4130923927999053
5.8014134951360683 4.7610970122853429 0.99942109731902973 1.0446193042226224 -0.05969232156991084 17.836557618929696 0.99942579587812463 0.20932478672957491 17.851023551216961 1 1.4130923927999399
6.6187849108388885 3.5378142413064548 0.9969394736815449 1.032435442373425 -0.056825722570301725 17.796254020224495 0.9996496782298091 0.20683585596326687 17.87278730666991 1 1.4130565138078668
7.1818047457238761 2.1785771631877044 1.0032443446923576 1.0727467957781283 -0.11325147708380344 17.906090498493199 0.99949834969106444 0.21579579261599427 17.825075035569803 1 1.4131943968083807
7.4688169415931283 0.73561135641982789 0.9914793851346948 0.90997128021484042 -0.10434853461559997 17.751342299929235 1.002618090351344 0.18294760679922981 17.965281819042026 1 1.412699425738307
