# step time dt cfl wall_time total_l2 rho_l2 rhou_l2 rhov_l2 rhow_l2 rhoE_l2 rho_reference_l2 rhou_reference_l2 rhov_reference_l2 rhow_reference_l2 rhoE_reference_l2 rho_normalized_l2 rhou_normalized_l2 rhov_normalized_l2 rhow_normalized_l2 rhoE_normalized_l2 rho_linf rhou_linf rhov_linf rhow_linf rhoE_linf rho_reference_linf rhou_reference_linf rhov_reference_linf rhow_reference_linf rhoE_reference_linf rho_normalized_linf rhou_normalized_linf rhov_normalized_linf rhow_normalized_linf rhoE_normalized_linf consecutive reconstruction_fallbacks riemann_fallbacks residual_checked stop_reason
0 0 0 0.25 0 9.1384985698053693 0.32296939248216505 0.61550477007078996 0.18056431558506686 0 20.421680188690424 nan nan nan nan nan nan nan nan nan nan 10.947008054849448 27.981471279298248 5.6051177268010193 0 695.85654067717962 nan nan nan nan nan nan nan nan nan nan 0 0 0 0 running
20 0.039310136084568591 0.0019777323988242213 0.25 1.9972989999999999 5.8340113564364433 0.20492501494588294 0.86087220611023718 0.59337704346477904 0 13.001663393675145 nan nan nan nan nan nan nan nan nan nan 6.4331339115065598 24.02939498077864 16.760207669868066 0 413.8357151848341 nan nan nan nan nan nan nan nan nan nan 0 0 0 0 running
40 0.078713361001131354 0.0019707289711293125 0.25 4.9807519999999998 5.390375947061214 0.18946777165065454 0.82168873476652415 0.55291423631464953 0 12.010994117358667 nan nan nan nan nan nan nan nan nan nan 3.655478928549849 15.617016249031543 10.590962691573825 0 244.79983455688247 nan nan nan nan nan nan nan nan nan nan 0 0 0 0 running
60 0.11768609311023377 0.0019609375511366552 0.25 9.4210580000000004 4.67234627922317 0.1651608733407324 0.75722767297003657 0.49069081668456432 0 10.407336327056992 nan nan nan nan nan nan nan nan nan nan 2.7497987407991529 12.911734424816208 8.7844241316190761 0 169.28288404244131 nan nan nan nan nan nan nan nan nan nan 0 0 0 0 running
80 0.15684438966959907 0.0019616741160220028 0.25 13.666040000000001 4.0554074349391067 0.14371986926763994 0.65835596558856035 0.43049125777525515 0 9.0328421117346913 nan nan nan nan nan nan nan nan nan nan 1.940112919135687 9.3689206929905176 6.153290099021425 0 118.67117428116809 nan nan nan nan nan nan nan nan nan nan 0 0 0 0 running
100 0.19614848889449352 0.0019641703135420321 0.25 17.810238999999999 3.6442896467130885 0.12928041842568319 0.57977640907432071 0.35651439001264323 0 8.1193767325027792 nan nan nan nan nan nan nan nan nan nan 1.5020074062245061 6.8954250328955382 4.5774423442646048 0 91.225091369180248 nan nan nan nan nan nan nan nan nan nan 0 0 0 0 running
120 0.23527575719032673 0.0019613152278575769 0.25 22.070474000000001 3.3436966638394003 0.11864422275172556 0.51683874820160769 0.32183061231755256 0 7.4509572010979923 nan nan nan nan nan nan nan nan nan nan 1.184907388123831 5.5242105935933266 3.7489648733665493 0 71.153741558056097 nan nan nan nan nan nan nan nan nan nan 0 0 0 0 running
140 0.27462556136107125 0.0019703224810718404 0.25 26.196111999999999 3.1535369599453396 0.11184264548589873 0.48439398978449855 0.28988324047628539 0 7.0280010088864397 nan nan nan nan nan nan nan nan nan nan 0.92605966296181708 4.6716177865929316 2.9810215830369624 0 59.478961391327495 nan nan nan nan nan nan nan nan nan nan 0 0 0 0 running
160 0.31377272425462649 0.0019677896435161065 0.25 30.529205999999999 2.9856094823008328 0.10584825126225932 0.45925589005311462 0.27499038965388167 0 6.6536892296512828 nan nan nan nan nan nan nan nan nan nan 0.76989999289787858 3.9412603487888913 2.2238712184295411 0 49.728132186768079 nan nan nan nan nan nan nan nan nan nan 0 0 0 0 running
180 0.35320606389018905 0.00197554730557023 0.25 34.472470000000001 2.8254404263492949 0.10015891718241492 0.43477746393472083 0.25974640417000538 0 6.2967480946857419 nan nan nan nan nan nan nan nan nan nan 0.71159904918790584 3.4929319131358549 2.0915434992047044 0 44.754502967901445 nan nan nan nan nan nan nan nan nan nan 0 0 0 0 running
200 0.39275410767081859 0.001978143555646154 0.25 38.554647000000003 2.6777237594458052 0.0948940159519161 0.41147283540664054 0.24574662828947624 0 5.9676055906574605 nan nan nan nan nan nan nan nan nan nan 0.69440881978797298 3.6233439325676122 1.8063575403706491 0 45.638265045351694 nan nan nan nan nan nan nan nan nan nan 0 0 0 0 running
220 0.4316861185178304 0.0019823824443760585 0.25 41.838603999999997 2.5375820402398448 0.089922743181189355 0.39072163426380147 0.23393362201082163 0 5.6551868775495793 nan nan nan nan nan nan nan nan nan nan 0.60039790217742861 3.128817402468723 1.3904197210048472 0 39.435479029967894 nan nan nan nan nan nan nan nan nan nan 0 0 0 0 running
240 0.47138026738960476 0.0019862780856513586 0.25 43.744535999999997 2.4136850331403439 0.085527880963800498 0.37166313353649477 0.22277807412875361 0 5.3790611283442091 nan nan nan nan nan nan nan nan nan nan 0.48563930684648254 2.6302767512403777 1.3884675017218377 0 32.272545926723069 nan nan nan nan nan nan nan nan nan nan 0 0 0 0 running
260 0.50994536649212652 0.0019894857608496967 0.25 45.694563000000002 2.3044174892654046 0.081658997384870619 0.35473898445331709 0.21352160446686883 0 5.1355233822505744 nan nan nan nan nan nan nan nan nan nan 0.50842007756908103 2.743096152273877 1.279916130197988 0 33.703700085163121 nan nan nan nan nan nan nan nan nan nan 0 0 0 0 running
280 0.54977957687963286 0.0019935722028046692 0.25 47.661256999999999 2.2005385259475383 0.077991181704478801 0.33859851019576398 0.20472230781231138 0 4.9039990030637624 nan nan nan nan nan nan nan nan nan nan 0.36288523966516129 1.9590638747649478 1.2193971030017969 0 23.590675562831898 nan nan nan nan nan nan nan nan nan nan 0 0 0 0 running
300 0.5896845961513475 0.0019967541790674114 0.25 49.627457 2.1028576762705233 0.074550088834891934 0.32395853496230143 0.19658852797464904 0 4.6862456333186246 nan nan nan nan nan nan nan nan nan nan 0.41343564503742114 2.2769432918496184 1.1482091589324588 0 27.565409148930915 nan nan nan nan nan nan nan nan nan nan 0 0 0 0 running
320 0.6279839829752587 0.0019998861154731339 0.25 52.992963000000003 2.0188025257871023 0.071588619837356371 0.31041287671337614 0.18925965705926293 0 4.4989463086718473 nan nan nan nan nan nan nan nan nan nan 0.29885057619043986 1.6435446095167914 1.079592372857664 0 19.527540312553207 nan nan nan nan nan nan nan nan nan nan 0 0 0 0 running
340 0.66800920130010011 0.0020023810933395341 0.25 55.105336000000001 1.932917372400724 0.068584574962479633 0.2971500618835341 0.18203536438132728 0 4.3075177266677596 nan nan nan nan nan nan nan nan nan nan 0.33877347827428234 1.8808787587644646 1.0114162338144272 0 22.64418537792994 nan nan nan nan nan nan nan nan nan nan 0 0 0 0 running
360 0.70801775595293259 0.0020046053875487435 0.25 57.275951999999997 1.8538260435380376 0.065811674692738617 0.28446384210076331 0.17518711170013809 0 4.1312726393213319 nan nan nan nan nan nan nan nan nan nan 0.29971647484156183 1.4908701517600549 0.95360725645616329 0 17.764068199223782 nan nan nan nan nan nan nan nan nan nan 0 0 0 0 running
380 0.7481317813989129 0.0020066336753167525 0.25 59.497247999999999 1.7806383374488872 0.063248945052140987 0.2729539822079512 0.16868054368388893 0 3.9681742669258875 nan nan nan nan nan nan nan nan nan nan 0.26972489285097079 1.49454687262603 0.88427530409622512 0 18.040154140042105 nan nan nan nan nan nan nan nan nan nan 0 0 0 0 running
400 0.7882834807077278 0.0020084303344441987 0.25 61.514229999999998 1.7164610381074916 0.060975225366275608 0.26351124274258048 0.16276178078175363 0 3.8251202499087245 nan nan nan nan nan nan nan nan nan nan 0.27105739289325514 1.3905492796668879 0.85656657410982562 0 16.426241630762771 nan nan nan nan nan nan nan nan nan nan 0 0 0 0 running
420 0.82813341518205652 0.0020100256408486141 0.25 63.731512000000002 1.6590004439037738 0.058940098648380672 0.25481210837831059 0.15743166412449935 0 3.6970561923901974 nan nan nan nan nan nan nan nan nan nan 0.2430007441638799 1.0560589812487604 0.85270914373428197 0 14.318182368096595 nan nan nan nan nan nan nan nan nan nan 0 0 0 0 running
440 0.86834854567532105 0.0020113975271898767 0.25 65.812982000000005 1.5972248688772788 0.056788033351960074 0.24494648657380036 0.15231117942066025 0 3.5593839426798084 nan nan nan nan nan nan nan nan nan nan 0.21373185757558677 1.2065200603378632 0.84398234853478438 0 14.365006868693174 nan nan nan nan nan nan nan nan nan nan 0 0 0 0 running
460 0.90805022301010341 0.0020126456439178513 0.25 68.227789000000001 1.528256613214301 0.054421181345124671 0.23351891836868707 0.14702095142630053 0 3.4056913349264128 nan nan nan nan nan nan nan nan nan nan 0.22288582980848184 1.0263974377465785 0.82761960525727718 0 13.217278453321539 nan nan nan nan nan nan nan nan nan nan 0 0 0 0 running
480 0.94831505934115967 0.002013761502538426 0.25 70.487887000000001 1.4585037422407994 0.052038925271330673 0.2216660742193732 0.14129160684787637 0 3.2502859280812824 nan nan nan nan nan nan nan nan nan nan 0.20959906928399374 0.86330021449095617 0.80329366235578348 0 12.322444756995653 nan nan nan nan nan nan nan nan nan nan 0 0 0 0 running
500 0.98860127470914017 0.0020148000954395601 0.25 72.793496000000005 1.4016482392418683 0.050072339920675779 0.2123679932335443 0.13574058308627185 0 3.1236286628178727 nan nan nan nan nan nan nan nan nan nan 0.16811552646173253 0.94776700985181361 0.77569329647932328 0 11.199507216243136 nan nan nan nan nan nan nan nan nan nan 0 0 0 0 running
520 1.0282164268200307 0.0020157807357395023 0.25 74.800008000000005 1.3609778904087613 0.048632562417142637 0.20660913048652846 0.131059885953623 0 3.0329976818773829 nan nan nan nan nan nan nan nan nan nan 0.17794266573949233 0.82442712504692883 0.74692425307015964 0 10.553975443595128 nan nan nan nan nan nan nan nan nan nan 0 0 0 0 running
540 1.0685412340521676 0.0020165973608222724 0.25 76.928686999999996 1.325508702285344 0.04737541971529282 0.20187774764389718 0.12704432438545515 0 2.9539342043155519 nan nan nan nan nan nan nan nan nan nan 0.18191218006952239 0.78380740495092505 0.71740949040526458 0 10.702966947612857 nan nan nan nan nan nan nan nan nan nan 0 0 0 0 running
560 1.1080688069069216 0.002017249234923794 0.25 79.458594000000005 1.2833780428388639 0.045924120639913898 0.19520800053273682 0.12317252437025709 0 2.8600540808027186 nan nan nan nan nan nan nan nan nan nan 0.16327803909012026 0.77284705728374581 0.68719330997368533 0 9.5413947255844445 nan nan nan nan nan nan nan nan nan nan 0 0 0 0 running
580 1.1484202563393775 0.0020178606931822614 0.25 81.957048 1.2241896485031456 0.043932011627400014 0.18479491854039726 0.1185056357065525 0 2.7282006356302095 nan nan nan nan nan nan nan nan nan nan 0.13650864304438848 0.76172740702552622 0.65525240649953276 0 8.179905973506207 nan nan nan nan nan nan nan nan nan nan 0 0 0 0 running
600 1.1887837906620762 0.0020184624075751259 0.25 84.626120999999998 1.1506074034129363 0.041477144432001824 0.17173516208062134 0.11276922294789067 0 2.5642848451164579 nan nan nan nan nan nan nan nan nan nan 0.14614606717434953 0.74827677249927849 0.62553224829869458 0 8.6296519945254921 nan nan nan nan nan nan nan nan nan nan 0 0 0 0 running
620 1.2282639141490677 0.0020190419493202683 0.25 87.179130999999998 1.0761737930934785 0.038982629365983054 0.15901152951483921 0.10645868643496466 0 2.398460423037585 nan nan nan nan nan nan nan nan nan nan 0.1483906923924096 0.73145903902553333 0.63466009085792785 0 8.7039952077501148 nan nan nan nan nan nan nan nan nan nan 0 0 0 0 running
640 1.2686507529329585 0.0020196086635471942 0.25 89.818009000000004 1.0107217640694697 0.036747669302646169 0.14861660430455062 0.10013089723089742 0 2.2526271193795142 nan nan nan nan nan nan nan nan nan nan 0.13492958906704694 0.71607700089708759 0.63963330387752693 0 7.8682493717011557 nan nan nan nan nan nan nan nan nan nan 0 0 0 0 running
660 1.3080804091000773 0.0020201433907951821 0.25 92.475021999999996 0.96251180605316378 0.03505292580372818 0.14182275711355477 0.09484759755765057 0 2.1451821403212983 nan nan nan nan nan nan nan nan nan nan 0.11053869632448279 0.71592272196929641 0.64052626156703596 0 6.4127625965329242 nan nan nan nan nan nan nan nan nan nan 0 0 0 0 running
680 1.3484884843652796 0.0020206088828644744 0.25 95.188016000000005 0.92506092187865263 0.033713341590924352 0.13715140056033226 0.090562424530994876 0 2.0616837529362 nan nan nan nan nan nan nan nan nan nan 0.11489144097531676 0.71185794485914644 0.637476612380382 0 6.7825786108740873 nan nan nan nan nan nan nan nan nan nan 0 0 0 0 running
700 1.3889049468588635 0.0020210146735177965 0.25 98.911181999999997 0.89149059682898424 0.032536557844680458 0.13286968114053416 0.086962248957116434 0 1.9868321541252663 nan nan nan nan nan nan nan nan nan nan 0.12032393694965234 0.70415973652860786 0.63017900551200001 0 7.0567862574772544 nan nan nan nan nan nan nan nan nan nan 0 0 0 0 running
720 1.4282977253913756 0.0020213876427480682 0.25 103.0776 0.85623486036473162 0.031343647745273651 0.12771603017442382 0.083407208125883217 0 1.9082557767590298 nan nan nan nan nan nan nan nan nan nan 0.11569846856233827 0.69366552836385353 0.61880523124312314 0 6.7518321367617649 nan nan nan nan nan nan nan nan nan nan 0 0 0 0 running
740 1.4687291698418294 0.0020217329479077922 0.25 108.409513 0.81429359507673105 0.029946889512908897 0.12097721145941796 0.079167892082787683 0 1.8148196709023487 nan nan nan nan nan nan nan nan nan nan 0.10143726559666177 0.6802493721976508 0.6028145312177311 0 5.8914180302537584 nan nan nan nan nan nan nan nan nan nan 0 0 0 0 running
760 1.508088061916343 0.0020220384527735009 0.25 119.686971 0.76721374718477153 0.028368418507252961 0.11328776688495597 0.074321821224888229 0 1.7099479673200368 nan nan nan nan nan nan nan nan nan nan 0.085962425777180371 0.66515174621616191 0.58316499652601261 0 5.0906322928532219 nan nan nan nan nan nan nan nan nan nan 0 0 0 0 running
780 1.5485320423922786 0.0020223452971656255 0.25 124.150086 0.71344421793609991 0.026531013878875243 0.10484381264201309 0.068815088601545046 0 1.590151446990592 nan nan nan nan nan nan nan nan nan nan 0.091914907177096342 0.65221735856433627 0.55888871605565071 0 5.4066554438405108 nan nan nan nan nan nan nan nan nan nan 0 0 0 0 running
800 1.5889822921353904 0.0020226670463799885 0.25 128.42048700000001 0.65670782853417053 0.024547557484996606 0.096478777673316987 0.063210071034834781 0 1.4637006559027983 nan nan nan nan nan nan nan nan nan nan 0.095639596988768907 0.63942960026059559 0.53079384537023089 0 5.5972270912403319 nan nan nan nan nan nan nan nan nan nan 0 0 0 0 running
820 1.6283204102170012 0.0020229986334720663 0.25 132.732406 0.60212980775918667 0.022598210160598976 0.08889206860269315 0.058132328403835296 0 1.3420170194121965 nan nan nan nan nan nan nan nan nan nan 0.092853223714569041 0.62592311579561977 0.50059342225527936 0 5.4131831853189674 nan nan nan nan nan nan nan nan nan nan 0 0 0 0 running
840 1.6687840659843689 0.0020233503150036882 0.25 137.021626 0.55033981121851561 0.020714146722998452 0.082009515271364769 0.053666373496953058 0 1.2265132787484758 nan nan nan nan nan nan nan nan nan nan 0.083695295690074251 0.61081549606184049 0.49164205494543167 0 4.8611123771994134 nan nan nan nan nan nan nan nan nan nan 0 0 0 0 running
860 1.7080946757940785 0.0020236957760113414 0.25 141.15669800000001 0.50692360231630573 0.019113093655666706 0.076481132933726437 0.050210151499519705 0 1.1296556818646906 nan nan nan nan nan nan nan nan nan nan 0.070187049610994215 0.60746788247112649 0.48071387455411496 0 4.0627421726497834 nan nan nan nan nan nan nan nan nan nan 0 0 0 0 running
880 1.7485723903310799 0.0020240597931982934 0.25 145.35674800000001 0.47034113831483559 0.017755481971953188 0.07213670984817841 0.047459039030371485 0 1.0480136494927028 nan nan nan nan nan nan nan nan nan nan 0.061840901307731524 0.6021689197576201 0.46730880421652776 0 3.6368955780100665 nan nan nan nan nan nan nan nan nan nan 0 0 0 0 running
900 1.7890575762658785 0.0020244438076091175 0.25 149.43339499999999 0.44122307763192642 0.016677610651383731 0.069084886021940378 0.045237531557973297 0 0.98300138491244382 nan nan nan nan nan nan nan nan nan nan 0.064894432649010722 0.59545351505303812 0.4522381473441906 0 3.7954070046522101 nan nan nan nan nan nan nan nan nan nan 0 0 0 0 running
920 1.828345888893343 0.0020248419043044728 0.25 153.670041 0.41827741403767782 0.015835119930774876 0.067012421945569695 0.043267785250046917 0 0.93175450549571137 nan nan nan nan nan nan nan nan nan nan 0.065918376654607327 0.58778297590395989 0.43640513525153607 0 3.8383466758216924 nan nan nan nan nan nan nan nan nan nan 0 0 0 0 running
940 1.8688472286422781 0.0020252729371879634 0.25 157.873875 0.39782718387458771 0.015087317015245018 0.065245279027381003 0.04117644853218743 0 0.88608818278099266 nan nan nan nan nan nan nan nan nan nan 0.063078865911348633 0.57858072922221826 0.42695689027996664 0 3.6577121942304474 nan nan nan nan nan nan nan nan nan nan 0 0 0 0 running
960 1.9081026557220528 0.0020256965961008601 0.25 162.04736700000001 0.37901695679587361 0.014393986930996866 0.063376150887983249 0.038978681676195483 0 0.84411267417784064 nan nan nan nan nan nan nan nan nan nan 0.057193554052132584 0.56827390769039865 0.41587323637608153 0 3.3027437694096053 nan nan nan nan nan nan nan nan nan nan 0 0 0 0 running
980 1.9486211150370352 0.0020261256959873525 0.25 166.38971000000001 0.35876104894344102 0.013635029344885485 0.060931522497889759 0.036548534066374226 0 0.79894498646242396 nan nan nan nan nan nan nan nan nan nan 0.04871384025581238 0.55626059095202485 0.40243164835040979 0 2.8003315805514402 nan nan nan nan nan nan nan nan nan nan 0 0 0 0 running
1000 1.9891480076917318 0.0020265404748751065 0.25 170.74470500000001 0.33619830295180225 0.012777083549997511 0.057858686837918498 0.034059220111655512 0 0.74864917188032265 nan nan nan nan nan nan nan nan nan nan 0.038688946246024813 0.5431184889379016 0.38733627499723833 0 2.2125543629476532 nan nan nan nan nan nan nan nan nan nan 0 0 0 0 running
1020 2.0283752065934979 0.0020269308876460813 0.25 175.00469799999999 0.31141728209841285 0.011827746263061165 0.054400912064272409 0.03172731449788007 0 0.69339573163344237 nan nan nan nan nan nan nan nan nan nan 0.035972651781309289 0.52966014517932913 0.37144628566391086 0 2.1051606042971858 nan nan nan nan nan nan nan nan nan nan 0 0 0 0 running
1040 2.068918006620259 0.0020273285974793005 0.25 179.17842899999999 0.28280555926825673 0.01073025203945978 0.050585927665225849 0.029522552230804175 0 0.62956275802206962 nan nan nan nan nan nan nan nan nan nan 0.036816690682183878 0.51521808997959007 0.35401409598874878 0 2.1524129480650536 nan nan nan nan nan nan nan nan nan nan 0 0 0 0 running
1060 2.1081107186766692 0.0020277089820543016 0.25 183.32517999999999 0.25307324811354315 0.009592234664758047 0.046956443223561073 0.027669039844776838 0 0.56317657112285102 nan nan nan nan nan nan nan nan nan nan 0.035317026901676679 0.50320783458573226 0.3376799401471699 0 2.0670240596774141 nan nan nan nan nan nan nan nan nan nan 0 0 0 0 running
1080 2.1486689556058041 0.0020280931839215619 0.25 187.426467 0.22169429019127074 0.0083953747911654775 0.043532085293165788 0.026069367797177348 0 0.49304832908332291 nan nan nan nan nan nan nan nan nan nan 0.031668690800005256 0.49870304468485349 0.33169978624047497 0 1.8558385410401854 nan nan nan nan nan nan nan nan nan nan 0 0 0 0 running
1100 2.1892346936861511 0.0020284584142443163 0.25 191.63163599999999 0.19164437216474833 0.007253337327888844 0.040629385221528279 0.024778184093308706 0 0.42581746166552337 nan nan nan nan nan nan nan nan nan nan 0.026558868572885447 0.49325472496065542 0.32448932328250391 0 1.5584419981430897 nan nan nan nan nan nan nan nan nan nan 0 0 0 0 running
1120 2.2284014906252336 0.0020287856649540614 0.25 195.967389 0.16574724028444648 0.0062720706374240643 0.03839289762922405 0.023782165119881155 0 0.36780673386074914 nan nan nan nan nan nan nan nan nan nan 0.020877035895471241 0.48702679717762593 0.31672175354020682 0 1.226706121552565 nan nan nan nan nan nan nan nan nan nan 0 0 0 0 running
1140 2.2689805187054755 0.0020290972283849218 0.25 200.12975800000001 0.14360591432180167 0.0054349132552772034 0.036636856484768519 0.022953569922194272 0 0.31814246688182357 nan nan nan nan nan nan nan nan nan nan 0.018734181252431453 0.4796440442160228 0.30808983061706274 0 1.0982050802180952 nan nan nan nan nan nan nan nan nan nan 0 0 0 0 running
1160 2.3081174223538867 0.0020293768241352221 0.25 204.25580600000001 0.12733857223502912 0.0048205105912919703 0.035396124091783124 0.022296844547231048 0 0.2816066186978452 nan nan nan nan nan nan nan nan nan nan 0.019376329630642147 0.47175593772094843 0.29933352043916112 0 1.1308074801507864 nan nan nan nan nan nan nan nan nan nan 0 0 0 0 running
1180 2.3487078898952722 0.0020296548369289312 0.25 208.244574 0.11527904152038623 0.0043649034256591735 0.034455891676455679 0.021715165872014951 0 0.25449651822237285 nan nan nan nan nan nan nan nan nan nan 0.019876976301135107 0.46286847248847213 0.29021779872156167 0 1.1560730725414459 nan nan nan nan nan nan nan nan nan nan 0 0 0 0 running
1200 2.3893038707555774 0.0020299294658980547 0.25 212.26032599999999 0.10679668513766709 0.0040438908315016597 0.033743434137409871 0.02119859402966286 0 0.23542155167421 nan nan nan nan nan nan nan nan nan nan 0.019537013235472495 0.45331059648239386 0.28164357062575462 0 1.1343852859216723 nan nan nan nan nan nan nan nan nan nan 0 0 0 0 running
1220 2.428421471454802 0.0020301945902770698 0.25 216.27543900000001 0.10052261967450611 0.0038059202227326812 0.03317389806113373 0.020741498772875126 0 0.22131150674664329 nan nan nan nan nan nan nan nan nan nan 0.018325095764983257 0.44340801724316775 0.27289551851821342 0 1.0627078322378767 nan nan nan nan nan nan nan nan nan nan 0 0 0 0 running
1240 2.4690282478399257 0.0020304688441350055 0.25 220.30527499999999 0.094740432708340622 0.0035863098891024837 0.032631147979131109 0.020298942959878635 0 0.20830037788365402 nan nan nan nan nan nan nan nan nan nan 0.016415910448286525 0.43234149954553613 0.2650237916528847 0 0.95090940054855444 nan nan nan nan nan nan nan nan nan nan 0 0 0 0 running
1260 2.5081228313213209 0.0020307277367326549 0.25 225.07509899999999 0.089198164111981088 0.003375764423027706 0.032114347384537868 0.019901024662560558 0 0.19581313676243775 nan nan nan nan nan nan nan nan nan nan 0.015360080331948467 0.42098744170323593 0.25719162574046078 0 0.82117333034457196 nan nan nan nan nan nan nan nan nan nan 0 0 0 0 running
1280 2.5487401305023729 0.0020309874453178032 0.25 229.79924800000001 0.083222642448253323 0.0031488177865357752 0.031567043127244003 0.019517184589076739 0 0.18232588220221202 nan nan nan nan nan nan nan nan nan nan 0.01536404445992634 0.40870234433379354 0.24885152230753727 0 0.76088588363416776 nan nan nan nan nan nan nan nan nan nan 0 0 0 0 running
1300 2.5893625146248267 0.002031236934047235 0.25 233.918072 0.077087911522401936 0.002915893533989901 0.031013747359157476 0.019162865055363795 0 0.16844928066613715 nan nan nan nan nan nan nan nan nan nan 0.015365686229868558 0.3976143249308362 0.24031514000383444 0 0.76932894242226457 nan nan nan nan nan nan nan nan nan nan 0 0 0 0 running
1320 2.6284394823424204 0.0020314698829896893 0.25 238.06433699999999 0.071233064990539094 0.0026936081383860432 0.030492167316888048 0.018846513187483718 0 0.15517257775754567 nan nan nan nan nan nan nan nan nan nan 0.01535224096622434 0.39274917930397835 0.23668467344067884 0 0.77671189848451283 nan nan nan nan nan nan nan nan nan nan 0 0 0 0 running
1340 2.669071394006751 0.0020317091656331483 0.25 242.05740599999999 0.065428017035031941 0.0024730637144529757 0.0299809428197663 0.018536909646161736 0 0.14197019782318521 nan nan nan nan nan nan nan nan nan nan 0.015288740733442552 0.38769432829141548 0.23454909602845234 0 0.78144606071787837 nan nan nan nan nan nan nan nan nan nan 0 0 0 0 running
1360 2.7081276847724749 0.0020319391453098709 0.25 246.06930399999999 0.060305796015830443 0.0022780297082214177 0.029534132372830969 0.018251803635702887 0 0.13028185765942646 nan nan nan nan nan nan nan nan nan nan 0.015135722630760018 0.38291344089485385 0.23171050520624623 0 0.78029065801646413 nan nan nan nan nan nan nan nan nan nan 0 0 0 0 running
1380 2.7487689737005914 0.0020321772742318985 0.25 250.12220400000001 0.055574508956394736 0.0020970072701894859 0.029122400647421297 0.017963757420682822 0 0.11944631425495182 nan nan nan nan nan nan nan nan nan nan 0.014834888942998115 0.37794297425517825 0.22806071908088144 0 0.77017957174552387 nan nan nan nan nan nan nan nan nan nan 0 0 0 0 running
1400 2.7894149604385943 0.0020324078199948172 0.25 254.11923300000001 0.051494927747701862 0.0019395345353741449 0.028762391936027438 0.017683408172245247 0 0.11006769739584533 nan nan nan nan nan nan nan nan nan nan 0.014360381414797674 0.37280585937329241 0.22388832255035976 0 0.74910934021107567 nan nan nan nan nan nan nan nan nan nan 0 0 0 0 running
1420 2.8284556312190459 0.00203261224643486 0.25 259.329025 0.048159351706526521 0.0018090501751962379 0.028456494532258604 0.017423712314039663 0 0.10237179928848245 nan nan nan nan nan nan nan nan nan nan 0.013740362960866559 0.36756410032799991 0.21957554678602545 0 0.71853202892100732 nan nan nan nan nan nan nan nan nan nan 0 0 0 0 running
1440 2.8691098627777332 0.0020327958618007341 0.25 263.35040600000002 0.045191830174758398 0.0016909439059615394 0.028167645240895808 0.017168550999093406 0 0.09550116700649515 nan nan nan nan nan nan nan nan nan nan 0.01294976594097319 0.36171852150069911 0.21491924222377806 0 0.67762349190629501 nan nan nan nan nan nan nan nan nan nan 0 0 0 0 running
1460 2.9081317020452886 0.0020329350082500574 0.25 268.001442 0.042671423139130617 0.0015889039260204622 0.027909228571662299 0.016944633885637394 0 0.0896419627792919 nan nan nan nan nan nan nan nan nan nan 0.012091747752517978 0.35577495390855007 0.21036983630075129 0 0.63220742769343519 nan nan nan nan nan nan nan nan nan nan 0 0 0 0 running
1480 2.9487915429832205 0.0020330365575303789 0.25 271.96155800000003 0.040179772730068473 0.0014869527002863243 0.02765349349659996 0.01673882876115048 0 0.083815007987861387 nan nan nan nan nan nan nan nan nan nan 0.011152486395640038 0.349339338395322 0.20556611206727665 0 0.58127822212469793 nan nan nan nan nan nan nan nan nan nan 0 0 0 0 running
1500 2.9894529565931469 0.0020330951950312862 0.25 276.03836699999999 0.037638237233779119 0.0013826654772313397 0.027409165803828715 0.016562733031986032 0 0.077818289951390243 nan nan nan nan nan nan nan nan nan nan 0.010216781398662889 0.34275100343728926 0.20068663808703113 0 0.52893818818277916 nan nan nan nan nan nan nan nan nan nan 0 0 0 0 running
1520 3.0284635791336076 0.0020331180694159573 0.25 280.152422 0.035081338777264687 0.0012775364866613652 0.027184526793809286 0.01641766023766705 0 0.071717023696389645 nan nan nan nan nan nan nan nan nan nan 0.0096138941038842463 0.33630894123631699 0.19593135113597671 0 0.47879938039546938 nan nan nan nan nan nan nan nan nan nan 0 0 0 0 running
1540 3.0691259752567315 0.0020331186789085587 0.25 284.312296 0.032387055373938309 0.0011654991349673563 0.026958697538046625 0.016281670089800273 0 0.065202639799920248 nan nan nan nan nan nan nan nan nan nan 0.0090154686765355763 0.32940618608239081 0.19092432591924691 0 0.42759075929673684 nan nan nan nan nan nan nan nan nan nan 0 0 0 0 running
1560 3.1081324420259326 0.0020331097627180978 0.25 288.88252399999999 0.030014094163997935 0.0010638178264466775 0.026747391463947702 0.016154195499668119 0 0.059386164648776982 nan nan nan nan nan nan nan nan nan nan 0.008479689575271343 0.3225085612874895 0.18614400629026623 0 0.38747580831167822 nan nan nan nan nan nan nan nan nan nan 0 0 0 0 running
1580 3.148794557997264 0.0020331036869598073 0.25 293.09451899999999 0.028076668325801187 0.00097544261420283744 0.026530384515600663 0.016013133608563934 0 0.05459178768441543 nan nan nan nan nan nan nan nan nan nan 0.0079761961947513171 0.31686808170970571 0.18128422295040988 0 0.36203854201162694 nan nan nan nan nan nan nan nan nan nan 0 0 0 0 running
1600 3.1894566876597175 0.0020331120314053246 0.25 297.21948700000002 0.02690991047107727 0.00091463458430620129 0.026317318276701935 0.015855724438208225 0 0.051728856672524068 nan nan nan nan nan nan nan nan nan nan 0.0075404833026050389 0.31304374165652255 0.17656228773435406 0 0.34069762628515116 nan nan nan nan nan nan nan nan nan nan 0 0 0 0 running
1620 3.2284638073752383 0.0020331410050360844 0.25 301.40781600000003 0.026511994672100459 0.00088437881613013104 0.026120306467025508 0.015685943284317161 0 0.050846120352755 nan nan nan nan nan nan nan nan nan nan 0.0072005759483444454 0.30887654733406539 0.17217039095332887 0 0.32502539908902445 nan nan nan nan nan nan nan nan nan nan 0 0 0 0 running
1640 3.2691271733792275 0.0020331974231286945 0.25 305.43033500000001 0.026638138222455698 0.00087646312355617643 0.025928360152378614 0.015489199765447449 0 0.051332140834188182 nan nan nan nan nan nan nan nan nan nan 0.0069721121259932461 0.30414903385183301 0.16862582611666022 0 0.31573054190613103 nan nan nan nan nan nan nan nan nan nan 0 0 0 0 running
1660 3.3081330835197242 0.0020332780749461039 0.25 309.73839800000002 0.027015960717424164 0.00088284047805535211 0.025762181007343177 0.015282947750418002 0 0.052452576656635413 nan nan nan nan nan nan nan nan nan nan 0.0068907511093180274 0.2994527766776246 0.16761628203893891 0 0.31537598317795434 nan nan nan nan nan nan nan nan nan nan 0 0 0 0 running
1680 3.3487997671938712 0.0020333891904939414 0.25 313.69847099999998 0.027468295743818292 0.00089645418882576989 0.025610320983651902 0.01505158086046637 0 0.053752154356377466 nan nan nan nan nan nan nan nan nan nan 0.0069473493967172617 0.29463607454190782 0.16629077890595384 0 0.32476746289539427 nan nan nan nan nan nan nan nan nan nan 0 0 0 0 running
1700 3.3894689459373284 0.0020335258829116735 0.25 317.94630599999999 0.027882330847886813 0.00091322879549505273 0.025479367223484938 0.014805557078237561 0 0.054935281979944663 nan nan nan nan nan nan nan nan nan nan 0.0071476804139742889 0.29011870876180118 0.16460507183993356 0 0.34348452783632261 nan nan nan nan nan nan nan nan nan nan 0 0 0 0 running
1720 3.4284707492024342 0.0020336783810910785 0.25 321.98122699999999 0.028232798915045803 0.00093131209200553221 0.025369781435164086 0.014557999170230674 0 0.055937699101463838 nan nan nan nan nan nan nan nan nan nan 0.0074493704644839065 0.28618830104136522 0.16258397710930975 0 0.36819089466283789 nan nan nan nan nan nan nan nan nan nan 0 0 0 0 running
1740 3.4691461590935475 0.0020338567033409203 0.25 325.86515300000002 0.028571906499518945 0.0009521783822584697 0.025266817260470854 0.014290702829282992 0 0.056905415555865327 nan nan nan nan nan nan nan nan nan nan 0.0078296579704204561 0.2825160978764687 0.1600209938347941 0 0.39789446076015589 nan nan nan nan nan nan nan nan nan nan 0 0 0 0 running
1760 3.5081361122581844 0.0020340431063379473 0.25 330.09620999999999 0.028884120999296752 0.0009735082536886121 0.025173682554074199 0.014029723748267428 0 0.057792448203931278 nan nan nan nan nan nan nan nan nan nan 0.0082041919405290153 0.2793045579844205 0.15714909155763984 0 0.42673893110961741 nan nan nan nan nan nan nan nan nan nan 0 0 0 0 running
1780 3.548819132725415 0.002034250483116209 0.25 334.02444300000002 0.029184584080201269 0.00099555008297477527 0.025077308494560829 0.013757768620402813 0 0.058647770809810512 nan nan nan nan nan nan nan nan nan nan 0.0085517434203911113 0.2760840177356268 0.15379028783419638 0 0.45370248135875485 nan nan nan nan nan nan nan nan nan nan 0 0 0 0 running
1800 3.5895064086858812 0.0020344675719878055 0.25 337.96127899999999 0.029428670858817702 0.0010152264982692977 0.024977567847475419 0.01349217433228881 0 0.05935726572166404 nan nan nan nan nan nan nan nan nan nan 0.0088672359506258847 0.27276827920152996 0.1501629307968258 0 0.47562673018655638 nan nan nan nan nan nan nan nan nan nan 0 0 0 0 running
1820 3.6284845175431526 0.0020346812284511538 0.25 342.04950000000002 0.029580134566699744 0.0010300791454340107 0.024875792145756026 0.013249185351807091 0 0.059829046411497069 nan nan nan nan nan nan nan nan nan nan 0.0090605615133412254 0.26931276631752948 0.14654427905080777 0 0.48923532104555556 nan nan nan nan nan nan nan nan nan nan 0 0 0 0 running
1840 3.6691805076731185 0.0020349066083994506 0.25 345.84280799999999 0.029634658748116393 0.0010403383966065957 0.024760636698920677 0.013012130590822046 0 0.060063116963395752 nan nan nan nan nan nan nan nan nan nan 0.0091154943820974665 0.26528476661251621 0.14272369770809265 0 0.49509537808837828 nan nan nan nan nan nan nan nan nan nan 0 0 0 0 running
1860 3.7081404180251596 0.0020351212135249945 0.25 348.25315399999999 0.029588212491223499 0.0010449855307552677 0.02464041264113849 0.012804062616296671 0 0.060042698496668691 nan nan nan nan nan nan nan nan nan nan 0.0090358278071210885 0.26098551152731742 0.13910445609286143 0 0.4931720251372364 nan nan nan nan nan nan nan nan nan nan 0 0 0 0 running
1880 3.7488451590780203 0.0020353408796304805 0.25 350.806487 0.029452106164064396 0.00104500760643585 0.024503748011782969 0.01260772250774826 0 0.059805120292009704 nan nan nan nan nan nan nan nan nan nan 0.0088602627496221498 0.25606536693602816 0.13541500279559271 0 0.48458776838097672 nan nan nan nan nan nan nan nan nan nan 0 0 0 0 running
1900 3.7895542182031638 0.0020355529452557287 0.25 353.31588399999998 0.029249531566749296 0.0010410797880042713 0.024356135201992968 0.012432465732495086 0 0.059403738191118077 nan nan nan nan nan nan nan nan nan nan 0.008750847603140377 0.25168104850483308 0.1318401622666503 0 0.47104888667601863 nan nan nan nan nan nan nan nan nan nan 0 0 0 0 running
1920 3.8284995427292174 0.0020357464701426247 0.25 356.07818200000003 0.02901380527785349 0.0010345907822024315 0.024205875096428291 0.012282854364948192 0 0.058916391648546867 nan nan nan nan nan nan nan nan nan nan 0.008611285663887247 0.24932814520551799 0.12852347545761433 0 0.4551709700191422 nan nan nan nan nan nan nan nan nan nan 0 0 0 0 running
1940 3.8692164972857834 0.0020359374111768892 0.25 358.80157600000001 0.028737627192720442 0.0010257517162788248 0.024041221106986081 0.012142591134419199 0 0.058333361680798147 nan nan nan nan nan nan nan nan nan nan 0.0084187782953263346 0.24646522240478588 0.12523376690653942 0 0.44058167021284023 nan nan nan nan nan nan nan nan nan nan 0 0 0 0 running
1960 3.9081443810355587 0.0020361082624821046 0.25 361.63753500000001 0.028450393009691731 0.0010158030069478969 0.023878647674082737 0.012020950619880573 0 0.057718276028759494 nan nan nan nan nan nan nan nan nan nan 0.0082120954694118176 0.24346826720332379 0.12274727481407068 0 0.43057227931406844 nan nan nan nan nan nan nan nan nan nan 0 0 0 0 running
1980 3.9488683136612406 0.0020362745998355734 0.25 364.20831399999997 0.028124896313948874 0.0010040581946282768 0.02370533916199366 0.011903594113539665 0 0.057012298435413285 nan nan nan nan nan nan nan nan nan nan 0.0079895521427494343 0.24017822872922975 0.12018226899945708 0 0.41970722454113368 nan nan nan nan nan nan nan nan nan nan 0 0 0 0 running
2000 3.9895954438277181 0.0020364287527055774 0.25 366.73711900000001 0.027771102705973681 0.00099103987930869225 0.023530607704156117 0.011793582437245915 0 0.056235313476989762 nan nan nan nan nan nan nan nan nan nan 0.0077715091737166064 0.23681732899151053 0.11763290807706016 0 0.4091305085022634 nan nan nan nan nan nan nan nan nan nan 0 0 0 0 running
2020 4.0285112785538741 0.0020365655660844282 0.25 369.46309200000002 0.027406410612998665 0.00097750436904878234 0.023363687774792672 0.011693425983158449 0 0.055425653636094523 nan nan nan nan nan nan nan nan nan nan 0.0075720539384956931 0.23358646142045336 0.11520098440398643 0 0.39957592358683408 nan nan nan nan nan nan nan nan nan nan 0 0 0 0 running
2040 4.0692440070724682 0.0020366990849741162 0.25 372.08305999999999 0.027001140351796651 0.00096237585365339625 0.023189970794645166 0.011592603433294314 0 0.054518056957170519 nan nan nan nan nan nan nan nan nan nan 0.0073730993321889926 0.23020001368201187 0.11265761595796815 0 0.39016510770063872 nan nan nan nan nan nan nan nan nan nan 0 0 0 0 running
2060 4.1081472383333946 0.0020368187466800656 0.25 374.75973900000002 0.026599060011351434 0.00094726350933793928 0.023025512983335838 0.01149968088640293 0 0.053611899338172897 nan nan nan nan nan nan nan nan nan nan 0.0071905230992325153 0.2269548550028834 0.11023507647893867 0 0.38160026196967256 nan nan nan nan nan nan nan nan nan nan 0 0 0 0 running
2080 4.1488848686347328 0.0020369373387157616 0.25 377.38345399999997 0.02617077467090298 0.00093102462151288697 0.022855033356674895 0.011405861344646637 0 0.052642513283296 nan nan nan nan nan nan nan nan nan nan 0.0070040815786958088 0.22352845538803048 0.10771456342537961 0 0.37286762081929187 nan nan nan nan nan nan nan nan nan nan 0 0 0 0 running
2100 4.1896248119643733 0.0020370505587065492 0.25 380.47064799999998 0.025740829808380265 0.00091456900023934387 0.022686311668443974 0.011315674629915293 0 0.051666255237010413 nan nan nan nan nan nan nan nan nan nan 0.0068199077397994579 0.22005571292211631 0.1054417264133188 0 0.36420518996703516 nan nan nan nan nan nan nan nan nan nan 0 0 0 0 running
2120 4.2285196750369947 0.0020371548828039343 0.25 383.46146700000003 0.025330117320482137 0.00089873847500074105 0.022526822272867678 0.011232874147539091 0 0.050730969862330444 nan nan nan nan nan nan nan nan nan nan 0.0066447513069727293 0.2166872985350069 0.10363875151334916 0 0.35590802949975242 nan nan nan nan nan nan nan nan nan nan 0 0 0 0 running
2140 4.2692638944091232 0.0020372613322117623 0.25 387.38691899999998 0.024897793070650535 0.00088202574981879086 0.022361462784364336 0.011149183085941919 0 0.049743172679081911 nan nan nan nan nan nan nan nan nan nan 0.006461653947211432 0.21310285592654901 0.10194258258658012 0 0.34717221351540939 nan nan nan nan nan nan nan nan nan nan 0 0 0 0 running
2160 4.3081494130788105 0.0020373610590893425 0.25 390.029203 0.024481250703174286 0.00086593856138280658 0.022205615809998112 0.011071532010309627 0 0.048787704760623031 nan nan nan nan nan nan nan nan nan nan 0.0062880615751516045 0.20963700158485005 0.100755175510852 0 0.33885032513891061 nan nan nan nan nan nan nan nan nan nan 0 0 0 0 running
2180 4.3488977197923777 0.002037464278299591 0.25 392.57141000000001 0.024040964798094391 0.00084897981003298028 0.022044856511132138 0.010991609834160124 0 0.047773716519184634 nan nan nan nan nan nan nan nan nan nan 0.0061090214966982304 0.2059740704317892 0.099466548423077214 0 0.33026117354668066 nan nan nan nan nan nan nan nan nan nan 0 0 0 0 running
2200 4.3896480814542658 0.0020375666586066304 0.25 395.798787 0.023600584593051942 0.0008320482954072882 0.021887378588037989 0.010912206640551111 0 0.046755877342649889 nan nan nan nan nan nan nan nan nan nan 0.005934598775305 0.2022978478913757 0.098138497283368903 0 0.32192197804911477 nan nan nan nan nan nan nan nan nan nan 0 0 0 0 running
2220 4.4285268305658194 0.002037663813689449 0.25 398.56985800000001 0.023185967453181168 0.00081608764654948394 0.021741001358236412 0.010836075042528582 0 0.045795062749895685 nan nan nan nan nan nan nan nan nan nan 0.0057737501501717858 0.1987919389670483 0.09683837871300581 0 0.31428392809742361 nan nan nan nan nan nan nan nan nan nan 0 0 0 0 running
2240 4.4692811723840959 0.002037765228830023 0.25 401.510064 0.022762886532834953 0.00079972098501042118 0.02159214682236071 0.01075519249257407 0 0.044813061633066587 nan nan nan nan nan nan nan nan nan nan 0.0056135538212350733 0.19513561552492104 0.095439878231292269 0 0.30677971249586539 nan nan nan nan nan nan nan nan nan nan 0 0 0 0 running
2260 4.5081514159576921 0.0020378615490471131 0.25 404.54458099999999 0.02237402757553349 0.00078457095990881298 0.02145471927815313 0.010676619950573812 0 0.043909848613826796 nan nan nan nan nan nan nan nan nan nan 0.0054724504960407261 0.19168189927434298 0.094088557605485679 0 0.30034177884136681 nan nan nan nan nan nan nan nan nan nan 0 0 0 0 running
2280 4.548909702987828 0.0020379620316342017 0.25 407.32533699999999 0.021983644851204968 0.00076925434084544608 0.021315336447121448 0.010592485207065364 0 0.043003106187376294 nan nan nan nan nan nan nan nan nan nan 0.0053339791654457569 0.18875712894344895 0.09266758662648486 0 0.29416142336457951 nan nan nan nan nan nan nan nan nan nan 0 0 0 0 running
2300 4.5896699928656473 0.0020380618386744388 0.25 410.024384 0.021612412305344629 0.00075461645517934685 0.02118054105267873 0.010506453780058305 0 0.04214156489702206 nan nan nan nan nan nan nan nan nan nan 0.0052386250250912036 0.18675542437333223 0.091241555212447811 0 0.28827745595845417 nan nan nan nan nan nan nan nan nan nan 0 0 0 0 running
2320 4.628533737538584 0.0020381561936648222 0.25 412.43004100000002 0.02127807572493624 0.00074141362618309204 0.021055940795205251 0.010422708406060896 0 0.041367225497083472 nan nan nan nan nan nan nan nan nan nan 0.0051756732162425712 0.18483698591946951 0.089879550837337757 0 0.28295100677070817 nan nan nan nan nan nan nan nan nan nan 0 0 0 0 running
2340 4.6692978914426391 0.0020382541033567778 0.25 415.35481299999998 0.020950203339735601 0.00072848850549445913 0.020928951595741929 0.010333213028169573 0 0.040610689454825363 nan nan nan nan nan nan nan nan nan nan 0.0051136546008994088 0.18281349929509036 0.088459356745499068 0 0.2777206192843707 nan nan nan nan nan nan nan nan nan nan 0 0 0 0 running
2360 4.7081533560533542 0.0020383462166893673 0.25 418.08352300000001 0.020660598449992205 0.00071710720295960824 0.020811076923624754 0.010246489068696001 0 0.039946162992991349 nan nan nan nan nan nan nan nan nan nan 0.0050573450512154672 0.18086956779468527 0.087123887059569582 0 0.27297470058907486 nan nan nan nan nan nan nan nan nan nan 0 0 0 0 running
2380 4.7489212823572986 0.0020384413884757956 0.25 421.06869599999999 0.020379058976311849 0.00070605885326809341 0.020690335477502771 0.010154199467233208 0 0.039304375783158492 nan nan nan nan nan nan nan nan nan nan 0.0049996353791976755 0.17880796173709212 0.085748097679943236 0 0.26807663610561999 nan nan nan nan nan nan nan nan nan nan 0 0 0 0 running
2400 4.7896910946209372 0.0020385348694873413 0.25 424.35590200000001 0.020113765948022118 0.00069561302948807765 0.020572143911382009 0.010060821703220651 0 0.038702723251958247 nan nan nan nan nan nan nan nan nan nan 0.004948643347766013 0.17671929448096593 0.08440280430598851 0 0.26317226190742016 nan nan nan nan nan nan nan nan nan nan 0 0 0 0 running
2420 4.8285402963141379 0.0020386222401653255 0.25 427.654043 0.019865413734543837 0.00068573870656132873 0.020461430607824533 0.0099711067315908525 0 0.038139349295415924 nan nan nan nan nan nan nan nan nan nan 0.0049017437686670329 0.17470267399888786 0.083154019661274919 0 0.25847795521041372 nan nan nan nan nan nan nan nan nan nan 0 0 0 0 running
2440 4.8693136873764153 0.0020387120470408142 0.25 430.92985599999997 0.019595492445251883 0.00067484551219348357 0.02034674042570209 0.009876524969412567 0 0.03752233485501616 nan nan nan nan nan nan nan nan nan nan 0.0048504676909052469 0.17255972009682716 0.081881918702289475 0 0.25351937887311349 nan nan nan nan nan nan nan nan nan nan 0 0 0 0 running
2460 4.9081551567980268 0.0020387957234401237 0.25 433.89809700000001 0.019317163211843288 0.00066342705564874144 0.020238507725177955 0.0097864240333625924 0 0.036877534448549125 nan nan nan nan nan nan nan nan nan nan 0.0047994040778206459 0.17049547185901828 0.080708196991979647 0 0.25131851639718045 nan nan nan nan nan nan nan nan nan nan 0 0 0 0 running
2480 4.9489319759234203 0.0020388815520930724 0.25 437.02920499999999 0.01899370199011537 0.00064995794206564993 0.020125643316917283 0.0096923323663463193 0 0.036116454774805996 nan nan nan nan nan nan nan nan nan nan 0.0047433314608104071 0.16830734968147795 0.079516419526140428 0 0.24966559271696465 nan nan nan nan nan nan nan nan nan nan 0 0 0 0 running
2500 4.9897104897796956 0.0020389653017876515 0.25 440.35477700000001 0.018635953601721301 0.00063487080039328165 0.020013410660845589 0.0095992993408187642 0 0.035261985454311306 nan nan nan nan nan nan nan nan nan nan 0.0046847389308850573 0.16610075454516876 0.078365570410472207 0 0.24780068852873188 nan nan nan nan nan nan nan nan nan nan 0 0 0 0 running
2520 5.0285462344990446 0.0020390431529487495 0.25 443.47039100000001 0.018268647649700737 0.00061921812471928605 0.019907149775217296 0.0095121958057501135 0 0.034373791214219247 nan nan nan nan nan nan nan nan nan nan 0.004626728556544335 0.16398546918455983 0.077305771336466045 0 0.24583068820162332 nan nan nan nan nan nan nan nan nan nan 0 0 0 0 running
2540 5.0693279386862216 0.0020391229480743235 0.25 446.869846 0.017867477550102703 0.00060196109358433747 0.019796391134272583 0.009422779787756826 0 0.033394393720941641 nan nan nan nan nan nan nan nan nan nan 0.0045637741129224141 0.16175370025556646 0.076227785661741557 0 0.24357202562562033 nan nan nan nan nan nan nan nan nan nan 0 0 0 0 running
2560 5.1081567653583342 0.0020391971240439504 0.25 450.23357900000002 0.017486633842731508 0.00058542992731513272 0.019691943653324932 0.0093399519165361516 0 0.03245861581922567 nan nan nan nan nan nan nan nan nan nan 0.0045023035471370987 0.15962274103626076 0.075231308722345264 0 0.24126389283557151 nan nan nan nan nan nan nan nan nan nan 0 0 0 0 running
2580 5.1489415100312259 0.0020392732404700214 0.25 453.33243399999998 0.017105694069058427 0.00056874431557969057 0.01958351632380249 0.00925561324439041 0 0.031520150534066704 nan nan nan nan nan nan nan nan nan nan 0.0044366265657163062 0.15738190119842413 0.074211994989615074 0 0.23870365802502952 nan nan nan nan nan nan nan nan nan nan 0 0 0 0 running
2600 5.1897277586802613 0.0020393476270546473 0.25 456.48318699999999 0.016759987399951441 0.00055345873500975461 0.01947654891405777 0.0091740859477970078 0 0.030670503111003014 nan nan nan nan nan nan nan nan nan nan 0.0043702458784689036 0.15514180315878864 0.073215984583120744 0 0.23603074408654981 nan nan nan nan nan nan nan nan nan nan 0 0 0 0 running
2620 5.2285515075315079 0.002039416932113704 0.25 459.21046699999999 0.016473031729226924 0.0005406534800999009 0.019376122786030431 0.00909904107465535 0 0.029971401082989905 nan nan nan nan nan nan nan nan nan nan 0.0043066928836761331 0.1530132013480309 0.072284974197254562 0 0.23339964739920921 nan nan nan nan nan nan nan nan nan nan 0 0 0 0 running
2640 5.2693405977643772 0.0020394882851291823 0.25 462.682526 0.016218606612157089 0.00052919992952028241 0.01927199664627785 0.009022712083759531 0 0.029361824901622844 nan nan nan nan nan nan nan nan nan nan 0.0042397360416245311 0.15078372783141158 0.071319879271937447 0 0.23055721772109658 nan nan nan nan nan nan nan nan nan nan 0 0 0 0 running
2660 5.3081581988001307 0.0020395549101045146 0.25 465.94336700000002 0.016017575762495868 0.00052008216589560156 0.019174056527233752 0.0089522323197864691 0 0.028892149000380851 nan nan nan nan nan nan nan nan nan nan 0.0041759578039384238 0.14867117225291082 0.0704096462057658 0 0.22778656820547377 nan nan nan nan nan nan nan nan nan nan 0 0 0 0 running
2680 5.3489500212204835 0.0020396236926668752 0.25 469.16317800000002 0.015840553597776641 0.00051201686506644774 0.019072118879669118 0.0088801583580460901 0 0.028491237234031328 nan nan nan nan nan nan nan nan nan nan 0.0041089393876247993 0.14646314538004626 0.069457878429088557 0 0.22481199826964632 nan nan nan nan nan nan nan nan nan nan 0 0 0 0 running
2700 5.3897432070412785 0.0020396913253659037 0.25 472.016955 0.015686890889396746 0.00050501799764717393 0.018970943094159635 0.0088098446121124725 0 0.02815364348942842 nan nan nan nan nan nan nan nan nan nan 0.0040419423174182789 0.14426920219038764 0.068507285253967598 0 0.22177655701273633 nan nan nan nan nan nan nan nan nan nan 0 0 0 0 running
2720 5.4285562638512683 0.0020397546983202848 0.25 474.57789100000002 0.01555168035174094 0.00049889641668437101 0.018875192906102924 0.0087443597370646647 0 0.02786194854501834 nan nan nan nan nan nan nan nan nan nan 0.0039782313841399963 0.14253168332191163 0.067600951357842262 0 0.21883567700223053 nan nan nan nan nan nan nan nan nan nan 0 0 0 0 running
2740 5.4693520488889584 0.0020398203688565025 0.25 477.17102899999998 0.01541214511414947 0.00049264458368177412 0.018774943821645393 0.0086768419473703048 0 0.02756160889219986 nan nan nan nan nan nan nan nan nan nan 0.003911330637931254 0.14120816001189604 0.066643777679024963 0 0.21569437041677195 nan nan nan nan nan nan nan nan nan nan 0 0 0 0 running
2760 5.5081595087274664 0.0020398820161562597 0.25 480.08435200000002 0.015276645460459913 0.00048664883080805517 0.018679877961309828 0.0086137546741864822 0 0.02726734393559313 nan nan nan nan nan nan nan nan nan nan 0.0038478027656052571 0.1399273926960822 0.065727088882750001 0 0.21266515028740204 nan nan nan nan nan nan nan nan nan nan 0 0 0 0 running
2780 5.5489578224760532 0.0020399460274410442 0.25 482.79226599999998 0.015129302390058589 0.00048021306326358453 0.018580229114636224 0.0085485680356198468 0 0.026943374325630348 nan nan nan nan nan nan nan nan nan nan 0.0037812209825986987 0.1385592776967017 0.064755453332739868 0 0.20944694572934999 nan nan nan nan nan nan nan nan nan nan 0 0 0 0 running
2800 5.5897574084006312 0.0020400092809093038 0.25 485.426537 0.014978072808197806 0.00047369677600462987 0.01848090887294165 0.0084845272464032402 0 0.026607475288682372 nan nan nan nan nan nan nan nan nan nan 0.0037149762096251315 0.13717041227837617 0.063789111661182216 0 0.20620667352442548 nan nan nan nan nan nan nan nan nan nan 0 0 0 0 running
2820 5.628560679062991 0.0020400687826950255 0.25 488.07302199999998 0.014833652177496718 0.00046756262025977603 0.01838681183929371 0.0084246964315782703 0 0.026285304073437356 nan nan nan nan nan nan nan nan nan nan 0.003652436672287096 0.13583188424006776 0.063363842730620609 0 0.20311805704220257 nan nan nan nan nan nan nan nan nan nan 0 0 0 0 running
2840 5.6693627059642662 0.0020401307057168372 0.25 490.795817 0.014685268282365018 0.00046136486366416332 0.018288319458165486 0.0083629426223580418 0 0.025955177271191756 nan nan nan nan nan nan nan nan nan nan 0.0035872963510816813 0.13440776495791443 0.06290680203213346 0 0.19987578358185953 nan nan nan nan nan nan nan nan nan nan 0 0 0 0 running
2860 5.708160737747213 0.0020401890180338348 0.25 493.40760399999999 0.014551193194613444 0.00045587897600793696 0.018195154746408176 0.0083053533658550855 0 0.025660002738047333 nan nan nan nan nan nan nan nan nan nan 0.0035260701335403377 0.13303969211957256 0.062461087773581184 0 0.19680976228583349 nan nan nan nan nan nan nan nan nan nan 0 0 0 0 running
2880 5.7489651571525213 0.0020402497940458539 0.25 495.97071299999999 0.014420654766773433 0.00045067531452741582 0.018097741258987401 0.0082460009034272027 0 0.025378111468283553 nan nan nan nan nan nan nan nan nan nan 0.0034625869035284085 0.1315883753976457 0.061979518455440037 0 0.19361690821665922 nan nan nan nan nan nan nan nan nan nan 0 0 0 0 running
2900 5.7897707866120482 0.0020403100583495015 0.25 498.71296599999999 0.01430266041395876 0.00044612886347748359 0.01800094933442167 0.0081879039859392259 0 0.025130767895130298 nan nan nan nan nan nan nan nan nan nan 0.0034001394502571891 0.13012631238806449 0.061483956925332713 0 0.1904668557744858 nan nan nan nan nan nan nan nan nan nan 0 0 0 0 running
2920 5.8285648653072313 0.0020403669300315453 0.25 501.43129099999999 0.01420249161768041 0.00044242559122925927 0.017909535801917842 0.0081338307167377766 0 0.024928847257322445 nan nan nan nan nan nan nan nan nan nan 0.0033718176277754974 0.12872829518700271 0.060999126449733043 0 0.18751861025729302 nan nan nan nan nan nan nan nan nan nan 0 0 0 0 running
2940 5.869372828661974 0.0020404263745766775 0.25 504.07798700000001 0.014108950773039666 0.00043913420500996239 0.017814039340459623 0.0080781427305612434 0 0.024749206717216424 nan nan nan nan nan nan nan nan nan nan 0.0033502170758906713 0.12725119729670792 0.060474076137733271 0 0.18447100497469282 nan nan nan nan nan nan nan nan nan nan 0 0 0 0 running
2960 5.9081619126277989 0.0020404825837961782 0.25 506.80735099999998 0.014029748496735389 0.00043649885850729131 0.0177239117068296 0.0080262962312167997 0 0.024605288166815481 nan nan nan nan nan nan nan nan nan nan 0.0033299401875035439 0.12584270216960144 0.059960283477622611 0 0.18162794516694045 nan nan nan nan nan nan nan nan nan nan 0 0 0 0 running
2980 5.9489721831283084 0.0020405414879850351 0.25 509.60981800000002 0.013954576894166444 0.00043413835315918769 0.017629801505222958 0.0079728160416599868 0 0.024476251931589196 nan nan nan nan nan nan nan nan nan nan 0.0033087228692404436 0.12435779151667847 0.059404023371231879 0 0.17869543027785154 nan nan nan nan nan nan nan nan nan nan 0 0 0 0 running
3000 5.9897836299172154 0.0020406002340190178 0.25 512.43733599999996 0.013885616478690039 0.00043208898261325949 0.017536464923997058 0.0079203288003177955 0 0.024364027042788377 nan nan nan nan nan nan nan nan nan nan 0.003287462800784402 0.12287132478029825 0.058831372216690728 0 0.17582274973023204 nan nan nan nan nan nan nan nan nan nan 0 0 0 0 running
3020 6.0285689169318912 0.0020406559871877167 0.25 515.29462799999999 0.01382405147432875 0.00043033765010024803 0.01744852428998386 0.0078712580619957808 0 0.024267861503533234 nan nan nan nan nan nan nan nan nan nan 0.0032670708172192198 0.12145864007035079 0.058271334725377807 0 0.17315347737432216 nan nan nan nan nan nan nan nan nan nan 0 0 0 0 running
3040 6.0693826525403889 0.002040714644212674 0.25 518.08897100000002 0.013761964995233026 0.00042862452890150919 0.017356835687785271 0.0078203388794348891 0 0.024173482131901115 nan nan nan nan nan nan nan nan nan nan 0.0032453384302518762 0.11997344971392539 0.05766551723131548 0 0.17041389249937294 nan nan nan nan nan nan nan nan nan nan 0 0 0 0 running
3060 6.1081630640608946 0.0020407704202179411 0.25 520.965735 0.013704583690436973 0.0004270696450143035 0.017270570212662699 0.0077724988862831589 0 0.024087576626789956 nan nan nan nan nan nan nan nan nan nan 0.0032243884289558933 0.11856485283618481 0.057074814669205824 0 0.16907836286086581 nan nan nan nan nan nan nan nan nan nan 0 0 0 0 running
3080 6.1489790895550485 0.0020408292063753622 0.25 524.26490799999999 0.013645313424332593 0.00042547837518003902 0.017180721713397996 0.007722562179519778 0 0.023999514478085505 nan nan nan nan nan nan nan nan nan nan 0.0032019479119892447 0.11708638482564328 0.056437174829593678 0 0.16831739229214973 nan nan nan nan nan nan nan nan nan nan 0 0 0 0 running
3100 6.1897962918498752 0.002040888095960917 0.25 527.28363300000001 0.013586999893659137 0.0004239216068234795 0.017091875550892144 0.0076728902339756955 0 0.023913336585113146 nan nan nan nan nan nan nan nan nan nan 0.0031790437561394214 0.11561337012227527 0.05578265326119234 0 0.16753322742695573 nan nan nan nan nan nan nan nan nan nan 0 0 0 0 running
3120 6.2306138964158997 0.0020409470799596734 0.25 529.97798799999998 0.013529736795206446 0.00042240267001278001 0.017004054292215891 0.0076233315895839326 0 0.023829339433245059 nan nan nan nan nan nan nan nan nan nan 0.0031556680910542756 0.1141471000675983 0.05511103431212145 0 0.16672813427021244 nan nan nan nan nan nan nan nan nan nan 0 0 0 0 running
3140 6.2714334579320372 0.0020410061247689401 0.25 533.06956600000001 0.013473792069141633 0.00042093434720107267 0.01691728658824081 0.0075737497851999045 0 0.023748303235603556 nan nan nan nan nan nan nan nan nan nan 0.0031318458734569399 0.11268858210717075 0.054422441160217543 0 0.16590589778990075 nan nan nan nan nan nan nan nan nan nan 0 0 0 0 running
3160 6.3122463466550975 0.0020410651529528799 0.25 535.96442200000001 0.013419502928337509 0.00041953328732845192 0.016831573978421228 0.0075240559792163408 0 0.02367120582204613 nan nan nan nan nan nan nan nan nan nan 0.0031075454614080122 0.11123895780111871 0.053715303028264577 0 0.16506572130468189 nan nan nan nan nan nan nan nan nan nan 0 0 0 0 running
3180 6.3530682688796638 0.002041124098052351 0.25 538.72569299999998 0.013367099689249689 0.00041821510152792354 0.01674679553661601 0.0074741704395092359 0 0.023598802557259005 nan nan nan nan nan nan nan nan nan nan 0.0030826601808494614 0.10979832513250876 0.052990830356697854 0 0.16420189762791271 nan nan nan nan nan nan nan nan nan nan 0 0 0 0 running
3200 6.3938913680673792 0.0020411828398622127 0.25 541.32318199999997 0.013316742808503375 0.00041699204644315291 0.016662907062898764 0.0074240663872757106 0 0.023531576217135485 nan nan nan nan nan nan nan nan nan nan 0.0030576164268087958 0.10836732366636743 0.052253536173259972 0 0.16334307437214624 nan nan nan nan nan nan nan nan nan nan 0 0 0 0 running
3220 6.4347007043395008 0.0020412412322228491 0.25 543.88458500000002 0.013268475755872904 0.00041587042555400749 0.016579872249026194 0.0073737545948657076 0 0.023469658616834477 nan nan nan nan nan nan nan nan nan nan 0.0030324746572234496 0.10694644332813079 0.05150350279661349 0 0.16249245539818688 nan nan nan nan nan nan nan nan nan nan 0 0 0 0 running
3240 6.4755261383554501 0.0020412991835444413 0.25 546.91079400000001 0.013222126792588719 0.00041484748565994816 0.016497546949602742 0.0073232337156477105 0 0.023412652108459598 nan nan nan nan nan nan nan nan nan nan 0.0030065177210695238 0.10592136552735371 0.050738614581716468 0 0.16160183909841563 nan nan nan nan nan nan nan nan nan nan 0 0 0 0 running
3260 6.5163307721054853 0.0020413565055074283 0.25 549.58030499999995 0.013177416885595296 0.00041391374706795992 0.016415900118847613 0.00727263907329801 0 0.023359734555242834 nan nan nan nan nan nan nan nan nan nan 0.0029792030122808288 0.10502025050176644 0.049960567853116304 0 0.16063312386500053 nan nan nan nan nan nan nan nan nan nan 0 0 0 0 running
3280 6.5571584980721589 0.0020414131281278254 0.25 552.40821800000003 0.01313382226312346 0.00041305017699304829 0.016334730656517148 0.0072220468082553778 0 0.023309535388468826 nan nan nan nan nan nan nan nan nan nan 0.0029505026688048108 0.10411463560341082 0.049171293300860633 0 0.15958399235684961 nan nan nan nan nan nan nan nan nan nan 0 0 0 0 running
3300 6.5979873477395179 0.0020414688990700561 0.25 555.00199799999996 0.013090807251195635 0.00041223320445545227 0.016253973890088806 0.0071716363660025212 0 0.023260528816840494 nan nan nan nan nan nan nan nan nan nan 0.0029205599728413523 0.10320474279077996 0.048373387968444453 0 0.15846198773052561 nan nan nan nan nan nan nan nan nan nan 0 0 0 0 running
3320 6.6387884827802086 0.0020415236721895141 0.25 557.74987599999997 0.013047809664655038 0.0004114358315248637 0.016173582006334026 0.0071216112816849591 0 0.023211103024605061 nan nan nan nan nan nan nan nan nan nan 0.0028892449640743889 0.10229039353958271 0.047568760856946515 0 0.15725613031225985 nan nan nan nan nan nan nan nan nan nan 0 0 0 0 running
3340 6.6796195225527013 0.0020415774368571734 0.25 560.60647600000004 0.013004146446032983 0.00041062750577887456 0.016093340146394679 0.0070720799167792101 0 0.023159460217889116 nan nan nan nan nan nan nan nan nan nan 0.0028561736590591025 0.10136897006900045 0.046855442296782818 0 0.1559402242775593 nan nan nan nan nan nan nan nan nan nan 0 0 0 0 running
3360 6.7204161828835556 0.0020416300498842712 0.25 563.45106599999997 0.012959252097008345 0.00040977890317755279 0.016013279817796017 0.0070232955392760038 0 0.023103924884411719 nan nan nan nan nan nan nan nan nan nan 0.0028211347570333833 0.10044036859432479 0.046466474697599576 0 0.15449684592785434 nan nan nan nan nan nan nan nan nan nan 0 0 0 0 running
3380 6.7612493267466656 0.0020416815691421211 0.25 566.28191100000004 0.012912478888208291 0.00040885891399503385 0.015933189686645099 0.0069753341511180258 0 0.023042820345396172 nan nan nan nan nan nan nan nan nan nan 0.0027839685487136556 0.099501487810002676 0.046060116175334585 0 0.152914966852993 nan nan nan nan nan nan nan nan nan nan 0 0 0 0 running
3400 6.8020417318824382 0.0020417318824371756 0.25 569.05873299999996 0.012863466611883275 0.00040784328507471342 0.01585319118560044 0.0069284273426028845 0 0.022975002807857754 nan nan nan nan nan nan nan nan nan nan 0.0027447514035469078 0.098552874486255937 0.045638976734088996 0 0.15119613607845983 nan nan nan nan nan nan nan nan nan nan 0 0 0 0 running
3420 6.8428768881910909 0.0020417810981478986 0.25 571.83967700000005 0.012811767210917219 0.00040670837044194332 0.015773048249186038 0.0068825987507613274 0 0.02289939446797553 nan nan nan nan nan nan nan nan nan nan 0.0027034716770948375 0.097591652335267828 0.045203821833325844 0 0.14933966703122556 nan nan nan nan nan nan nan nan nan nan 0 0 0 0 running
3440 6.883713016963628 0.0020418291909596624 0.25 574.64911800000004 0.012757194825819019 0.00040543895171625988 0.015692798336870078 0.0068379790693925179 0 0.022815429888144265 nan nan nan nan nan nan nan nan nan nan 0.0026603169804594318 0.096618114375500441 0.044756486414769099 0 0.14735548155728542 nan nan nan nan nan nan nan nan nan nan 0 0 0 0 running
3460 6.9245023597203543 0.002041876149878788 0.25 577.58263599999998 0.01269970709450286 0.00040402559101073365 0.015612523236711896 0.0067946552348410374 0 0.022722925497730657 nan nan nan nan nan nan nan nan nan nan 0.0026269144542521161 0.095633145662505803 0.044298811426575754 0 0.14525649622845926 nan nan nan nan nan nan nan nan nan nan 0 0 0 0 running
3480 6.9653403672613425 0.0020419221392984472 0.25 580.60445300000003 0.012639186466372392 0.00040245949698844869 0.015532041096793393 0.0067525231705070953 0 0.022621722507608143 nan nan nan nan nan nan nan nan nan nan 0.0026021186050826373 0.094634420695013308 0.043830681141915004 0 0.14304720340475485 nan nan nan nan nan nan nan nan nan nan 0 0 0 0 running
3500 7.006125894632631 0.0020419671078644374 0.25 583.84504300000003 0.012575913499225485 0.00040074470611215396 0.015451566012175013 0.0067116547569916829 0 0.022512445526305686 nan nan nan nan nan nan nan nan nan nan 0.00257561580424992 0.093624435861018901 0.043353812462402185 0 0.14074828450773205 nan nan nan nan nan nan nan nan nan nan 0 0 0 0 running
3520 7.0469657016144822 0.0020420112404303577 0.25 586.95353499999999 0.012509940942858131 0.00039888187791241764 0.015370906324139712 0.0066718864732560734 0 0.022395427544009257 nan nan nan nan nan nan nan nan nan nan 0.0025476137019988521 0.0926007476416532 0.042867572893263789 0 0.13838012486185219 nan nan nan nan nan nan nan nan nan nan 0 0 0 0 running
3540 7.0878063824379396 0.0020420545444395084 0.25 589.737754 0.012441648600855988 0.00039688280746936718 0.015290196016081696 0.0066331906728169954 0 0.022271647241748804 nan nan nan nan nan nan nan nan nan nan 0.0025183679963187711 0.091565544544190441 0.042373241810191975 0 0.13597421103184157 nan nan nan nan nan nan nan nan nan nan 0 0 0 0 running
3560 7.1285891656852227 0.0020420970236251319 0.25 592.59649300000001 0.012371519542328352 0.0003947643518601591 0.015209588011868164 0.0065955167953072923 0 0.022142362808643921 nan nan nan nan nan nan nan nan nan nan 0.0024881345585519021 0.090521922511499014 0.041871969140228844 0 0.13355440644889324 nan nan nan nan nan nan nan nan nan nan 0 0 0 0 running
3580 7.1694315465505065 0.0020421388579888755 0.25 595.535932 0.01229979056454799 0.0003925377858229791 0.015128889122066535 0.0065586392029150726 0 0.022008432917489204 nan nan nan nan nan nan nan nan nan nan 0.0024570525607534588 0.089468766062551552 0.041362342294120544 0 0.13112775036226373 nan nan nan nan nan nan nan nan nan nan 0 0 0 0 running
3600 7.2102108793950261 0.0020421799697701057 0.25 598.45345599999996 0.012227130926144846 0.00039022960398153793 0.015048379670772169 0.0065225455957600674 0 0.021871534983103881 nan nan nan nan nan nan nan nan nan nan 0.0024254824273379771 0.088481036149708633 0.04084578563803147 0 0.1287158031872063 nan nan nan nan nan nan nan nan nan nan 0 0 0 0 running
3620 7.2510549056436142 0.0020422205271240336 0.25 601.44457799999998 0.012153758260526056 0.00038785334007678305 0.014967843807311041 0.006486998160403692 0 0.021732493545149799 nan nan nan nan nan nan nan nan nan nan 0.002393620922348072 0.087665628208217328 0.040320751712065901 0 0.12632700782782597 nan nan nan nan nan nan nan nan nan nan 0 0 0 0 running
3640 7.2918997368250684 0.0020422604974052305 0.25 604.38492399999996 0.012080223747557434 0.00038543374295414896 0.014887441127462141 0.0064519334223728112 0 0.021592756229223322 nan nan nan nan nan nan nan nan nan nan 0.0023617981702811486 0.086851844863990335 0.039788280581164313 0 0.12397871659374272 nan nan nan nan nan nan nan nan nan nan 0 0 0 0 running
3660 7.3326765617658873 0.0020422998374001614 0.25 607.38773100000003 0.012007073589431549 0.00038299621724017418 0.014807335356811589 0.0064172985137739297 0 0.021453752450882227 nan nan nan nan nan nan nan nan nan nan 0.0023302940936784644 0.08604227059513414 0.039249445843705051 0 0.1216826267519623 nan nan nan nan nan nan nan nan nan nan 0 0 0 0 running
3680 7.373522967425072 0.0020423386957370464 0.25 610.25672999999995 0.011934445668170122 0.00038055299208859865 0.014727278695441411 0.0063828789116428036 0 0.021316103430947187 nan nan nan nan nan nan nan nan nan nan 0.0022991571828709922 0.085235317419472198 0.038702443645485703 0 0.11943454470766891 nan nan nan nan nan nan nan nan nan nan 0 0 0 0 running
3700 7.4142965986228671 0.002042376948921695 0.25 612.95185300000003 0.011862920264556742 0.000378131201028179 0.014647565876911092 0.0063487123798954704 0 0.021181219695991915 nan nan nan nan nan nan nan nan nan nan 0.0022685807550807402 0.084434735726272039 0.038149246723685755 0 0.11724435854933184 nan nan nan nan nan nan nan nan nan nan 0 0 0 0 running
3720 7.4551445352836936 0.0020424147392166859 0.25 615.88478299999997 0.01179250537682224 0.00037573850630649968 0.014567918202639786 0.0063146104160690915 0 0.021049375060111734 nan nan nan nan nan nan nan nan nan nan 0.0022384874022933765 0.083638295721710859 0.037588097952565937 0 0.11559632280825076 nan nan nan nan nan nan nan nan nan nan 0 0 0 0 running
3740 7.495993222161716 0.0020424519969821134 0.25 618.79531599999996 0.011723533690412966 0.00037339321651617242 0.014488481805140556 0.0062805874753493925 0 0.020921398242079673 nan nan nan nan nan nan nan nan nan nan 0.0022089446924696832 0.082847822441933297 0.037020303697326173 0 0.11445154274263633 nan nan nan nan nan nan nan nan nan nan 0 0 0 0 running
3760 7.5367645156138048 0.0020424886493976687 0.25 621.73643500000003 0.011656271266113453 0.00037111090520695189 0.014409403454367559 0.0062466792075708344 0 0.020797924579368722 nan nan nan nan nan nan nan nan nan nan 0.0021800024149311037 0.082065044278361476 0.036447270320672867 0 0.11333034687395216 nan nan nan nan nan nan nan nan nan nan 0 0 0 0 running
3780 7.57761466943077 0.0020425248331386345 0.25 624.70987700000001 0.011590534588368909 0.00036889124215536487 0.014330368528601204 0.0062127434548671593 0 0.020678702475513854 nan nan nan nan nan nan nan nan nan nan 0.0021514928413455814 0.081286900394443237 0.035867165534068379 0 0.1122255981297018 nan nan nan nan nan nan nan nan nan nan 0 0 0 0 running
3800 7.6183829798186098 0.0020425604025466554 0.25 627.62769100000003 0.011526600920158635 0.00036674877082946088 0.014251671156645754 0.0061789171606577041 0 0.020564264907033895 nan nan nan nan nan nan nan nan nan nan 0.0021234732480296947 0.080516227692009265 0.035282746006985159 0 0.11113731678941342 nan nan nan nan nan nan nan nan nan nan 0 0 0 0 running
3820 7.6592345572913878 0.0020425954990876552 0.25 630.38536899999997 0.011464184188384081 0.00036467832040570387 0.014172971114783156 0.006145080246689057 0 0.020454082325782261 nan nan nan nan nan nan nan nan nan nan 0.0020957506470248299 0.079749610955883732 0.034692149526324656 0 0.11005576923418882 nan nan nan nan nan nan nan nan nan nan 0 0 0 0 running
3840 7.7000000000000002 0.0019557990909975231 0.25 633.19801099999995 0.011403478918211515 0.00036268992353121377 0.014094569620137692 0.0061114008785843532 0 0.020348439737094621 nan nan nan nan nan nan nan nan nan nan 0.0020683430090798205 0.078989870027956113 0.034098278742576406 0 0.10897972945646869 nan nan nan nan nan nan nan nan nan nan 0 0 0 0 running
3860 7.7408529575007625 0.0020426639829635761 0.25 636.19360400000005 0.011344134167842926 0.00036077484340948349 0.014016104853153067 0.0060777717924149688 0 0.020246635186796185 nan nan nan nan nan nan nan nan nan nan 0.0020488759292848768 0.078233335737665541 0.033598606655117776 0 0.10789893632128354 nan nan nan nan nan nan nan nan nan nan 0 0 0 0 running
3880 7.7817065894440942 0.0020426974486609916 0.25 639.17117699999994 0.011286168932020888 0.00035893573049785909 0.0139377144034671 0.0060443063937058155 0 0.020148590233024549 nan nan nan nan nan nan nan nan nan nan 0.0020362220350227944 0.077481145635094145 0.033304103319703057 0 0.10681041398083917 nan nan nan nan nan nan nan nan nan nan 0 0 0 0 running
3900 7.8224699432923117 0.0020427303077533081 0.25 641.99223800000004 0.011229584601507974 0.00035717368141413754 0.013859542333776604 0.006011122696925119 0 0.020054170857809004 nan nan nan nan nan nan nan nan nan nan 0.0020234607921135184 0.076734470075005445 0.032998369484612863 0 0.10571205523273956 nan nan nan nan nan nan nan nan nan nan 0 0 0 0 running
3920 7.8633248906025193 0.0020427627166506824 0.25 644.84340799999995 0.011174000390542338 0.00035547727772771895 0.013781209789093555 0.0059781168849946231 0 0.019962600902751999 nan nan nan nan nan nan nan nan nan nan 0.0020104570788176956 0.075989511066950469 0.032680549963757195 0 0.10459531907073187 nan nan nan nan nan nan nan nan nan nan 0 0 0 0 running
3940 7.904085587497784 0.0020427945403864133 0.25 648.25038300000006 0.01111954102245688 0.00035385010530312951 0.013703044141818835 0.0059454809452958958 0 0.019873942498406596 nan nan nan nan nan nan nan nan nan nan 0.0019972025918424396 0.075249226880663378 0.032352579508947432 0 0.1034627979541277 nan nan nan nan nan nan nan nan nan nan 0 0 0 0 running
3960 7.9449418088358081 0.0020428259421586895 0.25 651.14924199999996 0.011065828309733178 0.00035228007244341906 0.013624654254992393 0.005913100654451376 0 0.019787438357080609 nan nan nan nan nan nan nan nan nan nan 0.0019835788606049065 0.074509784362008349 0.032013395297024391 0 0.10230794310883264 nan nan nan nan nan nan nan nan nan nan 0 0 0 0 running
3980 7.9857986531499652 0.0020428568650866269 0.25 653.88296200000002 0.011012871535985227 0.00035076628713376872 0.013546197272975367 0.0058810842786411327 0 0.019702970524810039 nan nan nan nan nan nan nan nan nan nan 0.0019695714939653164 0.073772583764275257 0.03166419285532357 0 0.10113318890051214 nan nan nan nan nan nan nan nan nan nan 0 0 0 0 running
4000 8.0265574160186386 0.0020428872553032752 0.25 656.74674200000004 0.010960686660266844 0.00034930739872774758 0.013467841231292188 0.0058495326108632352 0 0.019620434894953413 nan nan nan nan nan nan nan nan nan nan 0.0019551921097258895 0.073039142485195385 0.031306281178820117 0 0.10005811762772622 nan nan nan nan nan nan nan nan nan nan 0 0 0 0 running
4020 8.0674154771034914 0.0020429172807759155 0.25 659.77124200000003 0.010908922349705211 0.00034789160085216015 0.013389188288974412 0.0058183100601403781 0 0.019539160949232325 nan nan nan nan nan nan nan nan nan nan 0.0019403705621544587 0.072473372316153889 0.030938347401746343 0 0.098994205907319929 nan nan nan nan nan nan nan nan nan nan 0 0 0 0 running
4040 8.1081717784339169 0.0020429468158845139 0.25 662.48313299999995 0.010857745516836308 0.00034652123774524057 0.013310610772876378 0.0057875792410805732 0 0.01945930828562225 nan nan nan nan nan nan nan nan nan nan 0.0019251979740182446 0.071947158735215219 0.030562612848821048 0 0.097915448681333145 nan nan nan nan nan nan nan nan nan nan 0 0 0 0 running
4060 8.1490310221562332 0.0020429760320694336 0.25 665.23323600000003 0.010806823520647421 0.00034518499853499038 0.013231702315124739 0.0057571871628382615 0 0.019380270126209565 nan nan nan nan nan nan nan nan nan nan 0.0019095903295099914 0.071418330231198382 0.030177587366550612 0 0.096817019598084059 nan nan nan nan nan nan nan nan nan nan 0 0 0 0 running
4080 8.1898908462798303 0.0020430048785120831 0.25 668.03324799999996 0.010756221860014962 0.00034388224026127772 0.013152652371643207 0.0057272058689518566 0 0.019302075977456496 nan nan nan nan nan nan nan nan nan nan 0.001893606997434405 0.070888144099251912 0.029784588459505049 0 0.095702958261147997 nan nan nan nan nan nan nan nan nan nan 0 0 0 0 running
4100 8.2306453504079045 0.0020430333061191848 0.25 670.84757500000001 0.010706018687606865 0.00034261239187593503 0.013073662132238227 0.0056976995011148559 0 0.01922478546806039 nan nan nan nan nan nan nan nan nan nan 0.0018773191782556209 0.070357973637840493 0.029385038512723179 0 0.094578000129024328 nan nan nan nan nan nan nan nan nan nan 0 0 0 0 running
4120 8.2715063129434192 0.0020430614870642627 0.25 673.65514199999996 0.010655912327037095 0.00034136535744274976 0.012994320123905164 0.0056684972339937642 0 0.019147887375006202 nan nan nan nan nan nan nan nan nan nan 0.0018606723466663144 0.069825114222342555 0.02897721869569872 0 0.093651616383591749 nan nan nan nan nan nan nan nan nan nan 0 0 0 0 running
4140 8.3122585149560742 0.0020430892972758651 0.25 676.42220499999996 0.010606136124488992 0.00034014456294502178 0.012915046173194404 0.0056397310714432491 0 0.019071705086811323 nan nan nan nan nan nan nan nan nan nan 0.0018437805475616242 0.06929246263305569 0.028563602413224504 0 0.093124548411976218 nan nan nan nan nan nan nan nan nan nan 0 0 0 0 running
4160 8.3531205912682314 0.0020431169099715081 0.25 679.13831900000002 0.010556400849802069 0.00033894063787510438 0.012835419397100681 0.0056112216890375705 0 0.018995770945384446 nan nan nan nan nan nan nan nan nan nan 0.0018265745949437306 0.068757262818137599 0.028142265064784025 0 0.092576803670967323 nan nan nan nan nan nan nan nan nan nan 0 0 0 0 running
4180 8.3939832171811162 0.0020431442736608702 0.25 682.152917 0.010506823878733324 0.00033775432927299332 0.012755658782387196 0.0055830196076377724 0 0.018920246383033752 nan nan nan nan nan nan nan nan nan nan 0.0018091186668754422 0.068221030248524356 0.02771459106041739 0 0.092011212824458469 nan nan nan nan nan nan nan nan nan nan 0 0 0 0 running
4200 8.4347337285136916 0.0020431713368059949 0.25 685.52549999999997 0.010457528410490335 0.00033658650528465417 0.01267599289147337 0.005555173261398893 0 0.018845303554378693 nan nan nan nan nan nan nan nan nan nan 0.0017914815099651094 0.067685311605438725 0.027282068144914344 0 0.091430421307875695 nan nan nan nan nan nan nan nan nan nan 0 0 0 0 running
4220 8.4755974383830086 0.0020431982713381602 0.25 688.38883899999996 0.010408230583649897 0.00033542854545050223 0.012595990577470677 0.0055275005214256451 0 0.018770497235314026 nan nan nan nan nan nan nan nan nan nan 0.0017735856262977578 0.067147188135552566 0.026842585385143312 0 0.090831832653453848 nan nan nan nan nan nan nan nan nan nan 0 0 0 0 running
4240 8.516345762218581 0.0020432249478621362 0.25 691.15753800000005 0.010359194545790738 0.00033428488351707126 0.012516109428266049 0.0055001289348485579 0 0.018696213474499755 nan nan nan nan nan nan nan nan nan nan 0.0017555493779240483 0.066609699093383906 0.026398867250071057 0 0.090219112395723194 nan nan nan nan nan nan nan nan nan nan 0 0 0 0 running
4260 8.5572105406299723 0.0020432515384384482 0.25 693.81843500000002 0.010310126729205192 0.00033314699731784478 0.012435905483356829 0.0054728769178651084 0 0.018621988400556202 nan nan nan nan nan nan nan nan nan nan 0.0017372848827155729 0.066069803768371127 0.025948636667875825 0 0.089588876414544272 nan nan nan nan nan nan nan nan nan nan 0 0 0 0 running
4280 8.598075849322619 0.0020432779862540767 0.25 696.40051600000004 0.010261150179177033 0.00033201622286461503 0.012355616706164831 0.0054457984872823594 0 0.018547986275392073 nan nan nan nan nan nan nan nan nan nan 0.0017188534553587709 0.065529037912883323 0.0254933780062436 0 0.088942787205738089 nan nan nan nan nan nan nan nan nan nan 0 0 0 0 running
4300 8.6388225555495826 0.0020433042330241478 0.25 699.19753600000001 0.010212387974916753 0.00033089395268642862 0.012275488217939012 0.0054189498810407908 0 0.01847436659648188 nan nan nan nan nan nan nan nan nan nan 0.0017003135795251589 0.064988979405669875 0.025034632888629185 0 0.088282562302269371 nan nan nan nan nan nan nan nan nan nan 0 0 0 0 running
4320 8.6796889156464463 0.0020433304493713794 0.25 702.20721400000002 0.010163531965512729 0.00032977176406923141 0.012195061999196439 0.0053921545200348248 0 0.018400632954369823 nan nan nan nan nan nan nan nan nan nan 0.0016815588572857698 0.064446450109901979 0.024569901776937835 0 0.087603906124872094 nan nan nan nan nan nan nan nan nan nan 0 0 0 0 running
4340 8.7204335062455236 0.0020433564964010059 0.25 705.22015699999997 0.0101148448888763 0.00032865449349264324 0.012114823630176149 0.0053655536710795013 0 0.018327146642795573 nan nan nan nan nan nan nan nan nan nan 0.0016626977578094726 0.063904879662755446 0.024303172984117737 0 0.086910422281545205 nan nan nan nan nan nan nan nan nan nan 0 0 0 0 running
4360 8.7613009098028645 0.0020433825453709089 0.25 707.98551399999997 0.01006600631781587 0.00032753364721064236 0.012034301205995876 0.0053389728899781771 0 0.018253386004381058 nan nan nan nan nan nan nan nan nan nan 0.0016436074929096489 0.063360762360654826 0.024075435072618272 0 0.086197363810280855 nan nan nan nan nan nan nan nan nan nan 0 0 0 0 running
4380 8.8020434084521071 0.0020434084521061893 0.25 710.72449500000005 0.010017283036711826 0.00032641431950067469 0.011953992180222042 0.0053125607286803253 0 0.018179714528541731 nan nan nan nan nan nan nan nan nan nan 0.0016310347034581563 0.06281719670104792 0.023838005227343625 0 0.085468664193653593 nan nan nan nan nan nan nan nan nan nan 0 0 0 0 running
4400 8.8429118499019861 0.0020434343887367539 0.25 713.68704300000002 0.0099683455977686661 0.00032528803220655911 0.011873411307569455 0.0052861440350211565 0 0.018105594236068723 nan nan nan nan nan nan nan nan nan nan 0.0016223248786933486 0.062270806338915394 0.02358959780597155 0 0.084719611981317805 nan nan nan nan nan nan nan nan nan nan 0 0 0 0 running
4420 8.8837808096622872 0.002043460286871494 0.25 716.44475799999998 0.0099193147592859261 0.00032415674891325165 0.011792814703927587 0.0052597956413785877 0 0.018031168016543912 nan nan nan nan nan nan nan nan nan nan 0.0016132169647514183 0.061723236641069809 0.02334080809479851 0 0.083952171440464643 nan nan nan nan nan nan nan nan nan nan 0 0 0 0 running
4440 8.9245217475574066 0.0020434860753789268 0.25 719.33282299999996 0.0098703168336840442 0.00032302268605013756 0.011712464547931789 0.0052335912673558546 0 0.017956590015660755 nan nan nan nan nan nan nan nan nan nan 0.0016037355692685717 0.061176180478882236 0.023301824994153616 0 0.08316856851414646 nan nan nan nan nan nan nan nan nan nan 0 0 0 0 running
4460 8.9653917405219001 0.0020435119260368249 0.25 721.96370000000002 0.009821015450963479 0.00032187742661495293 0.011631862262428327 0.0052073601644080474 0 0.017881311411319489 nan nan nan nan nan nan nan nan nan nan 0.0015938160614897834 0.060626139924450193 0.023264464630344022 0 0.082363648873463244 nan nan nan nan nan nan nan nan nan nan 0 0 0 0 running
4480 9.0061306091712439 0.0020435376822328633 0.25 724.69642499999998 0.0097716993337526176 0.00032072712865272636 0.011551529207565423 0.0051812652232284921 0 0.017805738881287093 nan nan nan nan nan nan nan nan nan nan 0.0015835192869764758 0.060076562165940962 0.023228614063594992 0 0.081542477958788953 nan nan nan nan nan nan nan nan nan nan 0 0 0 0 running
4500 9.0470016340855501 0.0020435635172052096 0.25 727.48923300000001 0.009722027077222457 0.00031956335696869471 0.011470954378067775 0.0051551348577665041 0 0.017729318147256666 nan nan nan nan nan nan nan nan nan nan 0.0015727792665954921 0.059523834663293196 0.023193688045583201 0 0.080699867379240328 nan nan nan nan nan nan nan nan nan nan 0 0 0 0 running
4520 9.0878731757023097 0.002043589353240124 0.25 730.22233300000005 0.0096721368130630071 0.00031838890713828405 0.011390405188622745 0.0051290515947118214 0 0.017652231602112933 nan nan nan nan nan nan nan nan nan nan 0.0015616319502876341 0.058969666578719555 0.023159482528307171 0 0.079838730106002953 nan nan nan nan nan nan nan nan nan nan 0 0 0 0 running
4540 9.1286104939448922 0.0020436151094479862 0.25 732.92339100000004 0.0096221764815092089 0.00031720696322510205 0.0113101552745704 0.0051031002296814641 0 0.017574684539415165 nan nan nan nan nan nan nan nan nan nan 0.0015501219423528778 0.058415827027739793 0.023125843096043961 0 0.079426747204260476 nan nan nan nan nan nan nan nan nan nan 0 0 0 0 running
4560 9.169483067541643 0.0020436409593493901 0.25 735.74087999999995 0.009571801733616889 0.00031600912787568272 0.011229681753600779 0.0050771089384139129 0 0.017496122224932558 nan nan nan nan nan nan nan nan nan nan 0.0015381798052646611 0.05785858256248156 0.023092142643150598 0 0.079050294402173288 nan nan nan nan nan nan nan nan nan nan 0 0 0 0 running
4580 9.2102183207301227 0.0020436667325401691 0.25 738.49425900000006 0.0095213370983638287 0.00031480291954070745 0.011149529160566028 0.0050512517969403432 0 0.017417033461724761 nan nan nan nan nan nan nan nan nan nan 0.001525892740921575 0.057301580964944115 0.023058157724446807 0 0.078652798702360444 nan nan nan nan nan nan nan nan nan nan 0 0 0 0 running
4600 9.2510919270153558 0.0020436926043002385 0.25 741.23116100000004 0.009470431731130673 0.00031357979966127977 0.011069162946705244 0.0050253555437171742 0 0.01733685343128322 nan nan nan nan nan nan nan nan nan nan 0.0015131875631719804 0.056740996909309366 0.023023273828314369 0 0.07823138630115864 nan nan nan nan nan nan nan nan nan nan 0 0 0 0 running
4620 9.2919660508540431 0.0020437184871989087 0.25 743.90518399999996 0.0094192494172632164 0.00031234357633867234 0.010988862399127554 0.0049995104233697425 0 0.017255826207778203 nan nan nan nan nan nan nan nan nan nan 0.0015001195086073449 0.056178672603773648 0.022987280179253864 0 0.077787315227121123 nan nan nan nan nan nan nan nan nan nan 0 0 0 0 running
4640 9.3326997532812381 0.0020437442906440402 0.25 746.53833899999995 0.0093679634958894163 0.00031109842618987321 0.010908911360020791 0.0049738084677422223 0 0.01717421906044728 nan nan nan nan nan nan nan nan nan nan 0.0014867419369255508 0.055616499144717495 0.022949992289260725 0 0.077322323814130428 nan nan nan nan nan nan nan nan nan nan 0 0 0 0 running
4660 9.3735749110366768 0.0020437701909000769 0.25 749.22754099999997 0.0093162178678818496 0.00030983568320522222 0.010828765088605551 0.0049480757308078644 0 0.017091459032996737 nan nan nan nan nan nan nan nan nan nan 0.001472970794548556 0.055050525692700351 0.022910819327789704 0 0.076833336864818857 nan nan nan nan nan nan nan nan nan nan 0 0 0 0 running
4680 9.4143065448285839 0.0020437960041685228 0.25 751.93422799999996 0.0092643747834098011 0.00030856423974541915 0.010748990514219167 0.0049224962059476289 0 0.017008122258938663 nan nan nan nan nan nan nan nan nan nan 0.0014589098105501352 0.054484635326641565 0.022869694450967131 0 0.076323971234866506 nan nan nan nan nan nan nan nan nan nan 0 0 0 0 running
4700 9.4551827369150061 0.0020438219088679153 0.25 754.59576900000002 0.0092120716002740462 0.00030727532447296838 0.010669031587980334 0.0048968940636822172 0 0.016923625238748342 nan nan nan nan nan nan nan nan nan nan 0.0014444627851172842 0.053914772629701228 0.022825992370114775 0 0.075790738072317204 nan nan nan nan nan nan nan nan nan nan 0 0 0 0 running
4720 9.4960594470532396 0.0020438478087175201 0.25 757.21563700000002 0.0091594970421153103 0.00030597366143827272 0.010589178743852399 0.0048713652596664714 0 0.016838272015820412 nan nan nan nan nan nan nan nan nan nan 0.0014296946506575092 0.053480228432956987 0.022779519348003967 0 0.075235484804083916 nan nan nan nan nan nan nan nan nan nan 0 0 0 0 running
4740 9.5367895268559248 0.0020438736048474584 0.25 759.77655600000003 0.009106849211229397 0.00030466431806918829 0.010509727272890445 0.0048460070304880733 0 0.016752389111513794 nan nan nan nan nan nan nan nan nan nan 0.0014146781831601007 0.053077074769033034 0.022730115201689664 0 0.074660586954874167 nan nan nan nan nan nan nan nan nan nan 0 0 0 0 running
4760 9.5776672706430457 0.0020438994768125825 0.25 762.53725299999996 0.0090537569349648257 0.0003033382307455043 0.010430111650738344 0.0048206421997368434 0 0.016665375448520058 nan nan nan nan nan nan nan nan nan nan 0.0013993210317468918 0.052669527089305203 0.022677083520300928 0 0.074062248252603408 nan nan nan nan nan nan nan nan nan nan 0 0 0 0 running
4780 9.6183952805580759 0.0020439252295064926 0.25 765.00704900000005 0.0090006172512102391 0.00030200551569843246 0.010350919653669062 0.0047954614135930183 0 0.016577887662076629 nan nan nan nan nan nan nan nan nan nan 0.0013837487273146709 0.052260554576741627 0.022620472667352447 0 0.073445234891595421 nan nan nan nan nan nan nan nan nan nan 0 0 0 0 running
4800 9.6592740562732953 0.0020439510452213085 0.25 767.59887400000002 0.0089470489902434298 0.00030065680803810588 0.010271575487568319 0.0047702850606191694 0 0.016489304142275972 nan nan nan nan nan nan nan nan nan nan 0.0013719386646282583 0.051847147680177903 0.022559492167635961 0 0.072805439870678709 nan nan nan nan nan nan nan nan nan nan 0 0 0 0 running
4820 9.7000000000000011 0.0018906289291695799 0.25 770.02929900000004 0.0088934634191557369 0.0002993026858569797 0.010192677716069498 0.0047453061320501134 0 0.01640031300100742 nan nan nan nan nan nan nan nan nan nan 0.0013648090201852647 0.051432384070877732 0.022494222451439859 0 0.07214808058144688 nan nan nan nan nan nan nan nan nan nan 0 0 0 0 running
4840 9.740879804678114 0.0020440024487368477 0.25 772.51063399999998 0.0088394730932648512 0.00029793360142761139 0.010113641362397863 0.0047203422740897793 0 0.016310281591994137 nan nan nan nan nan nan nan nan nan nan 0.0013572525895168552 0.05101313981505242 0.022423809625740646 0 0.071468639167161452 nan nan nan nan nan nan nan nan nan nan 0 0 0 0 running
4860 9.7817601232435987 0.0020440281137237234 0.25 775.29956300000003 0.008785296507635279 0.0002965553202520941 0.010034773096607847 0.0046954931491078634 0 0.016219583889966162 nan nan nan nan nan nan nan nan nan nan 0.0013492993814992471 0.050590964419235863 0.02234812383618168 0 0.070769978276483861 nan nan nan nan nan nan nan nan nan nan 0 0 0 0 running
4880 9.822484519396836 0.0020440536103360362 0.25 778.12784599999998 0.0087311596240339292 0.00029517386433050531 0.0099563830483712784 0.0046708582819536505 0 0.016128612271228662 nan nan nan nan nan nan nan nan nan nan 0.0013409874627732243 0.050167486256411119 0.022267104761315413 0 0.070055396331015846 nan nan nan nan nan nan nan nan nan nan 0 0 0 0 running
4900 9.8633658596343015 0.0020440791231795155 0.25 780.78655600000002 0.008676665013970946 0.00029377934065414664 0.0098778783369919236 0.0046462532859335003 0 0.016036711710474806 nan nan nan nan nan nan nan nan nan nan 0.0013322606044963159 0.049739456185622304 0.022179734426224652 0 0.070074472232588669 nan nan nan nan nan nan nan nan nan nan 0 0 0 0 running
4920 9.9040882076177414 0.0020441044431424257 0.25 783.41782899999998 0.0086222531842170564 0.00029238327669421735 0.0097998749253054192 0.0046218728180541417 0 0.015944638753678859 nan nan nan nan nan nan nan nan nan nan 0.0013231955445712762 0.049310192951312413 0.022086287597421709 0 0.07014763520222983 nan nan nan nan nan nan nan nan nan nan 0 0 0 0 running
4940 9.9449705624525588 0.002044129755887413 0.25 786.217851 0.0085675183458286831 0.00029097552533586185 0.0097217709982777966 0.0045975300123428297 0 0.015851721443327929 nan nan nan nan nan nan nan nan nan nan 0.0013137311777204341 0.048876346093730191 0.021985627020402108 0 0.070205281655856405 nan nan nan nan nan nan nan nan nan nan 0 0 0 0 running
4960 9.985853422304892 0.002044154948596355 0.25 789.09234300000003 0.0085126947410953356 0.00028956236290131381 0.0096438816453278189 0.0045733243698123718 0 0.015758371217633547 nan nan nan nan nan nan nan nan nan nan 0.0013039122376530821 0.048439602587777075 0.021877703116084873 0 0.070247226728589782 nan nan nan nan nan nan nan nan nan nan 0 0 0 0 running
4980 10.026574241231863 0.0020441799077274407 0.25 791.84962900000005 0.0084580223147364374 0.00028815026191260639 0.0095665241785402449 0.0045493547714035082 0 0.015665013983867694 nan nan nan nan nan nan nan nan nan nan 0.0012937898513979418 0.048001727455514204 0.02176259391777411 0 0.070273547015726121 nan nan nan nan nan nan nan nan nan nan 0 0 0 0 running
5000 10.067458101201401 0.0020442048176625006 0.25 794.42026199999998 0.0084030861543116665 0.00028672877389995707 0.0094890897914264964 0.0045254328532368503 0 0.015570957055211155 nan nan nan nan nan nan nan nan nan nan 0.001283293661260676 0.047559238985896743 0.021638987165613566 0 0.070284619128477249 nan nan nan nan nan nan nan nan nan nan 0 0 0 0 running
5020 10.108176910451682 0.0020442294630865681 0.25 797.12251400000002 0.0083483481933772589 0.00028531011119403769 0.0094122082534020303 0.0045017534319662543 0 0.015477006744268993 nan nan nan nan nan nan nan nan nan nan 0.0012725189346731725 0.04711570650052227 0.021520426253276409 0 0.070280535308910597 nan nan nan nan nan nan nan nan nan nan 0 0 0 0 running
5040 10.149061757962777 0.0020442540282895119 0.25 800.14771900000005 0.0082933845315851205 0.00028388354910312936 0.0093352625433018692 0.0044781266835211414 0 0.015382451031229922 nan nan nan nan nan nan nan nan nan nan 0.0012613894683060067 0.04666754468185727 0.021543685325436365 0 0.070261453563340487 nan nan nan nan nan nan nan nan nan nan 0 0 0 0 running
5060 10.189947094727227 0.0020442783954434055 0.25 803.29342199999996 0.0082384385963338407 0.00028245568893042538 0.0092585736014898848 0.004454651739363609 0 0.015287722657687958 nan nan nan nan nan nan nan nan nan nan 0.0012499580390382681 0.046216573613224517 0.021576058032024073 0 0.070227549361704084 nan nan nan nan nan nan nan nan nan nan 0 0 0 0 running
5080 10.230664410226451 0.0020443024483291681 0.25 806.34438499999999 0.0081837564357962137 0.00028103312537601901 0.0091824627548057411 0.0044314268936844117 0 0.015193261691524866 nan nan nan nan nan nan nan nan nan nan 0.0012382848150941927 0.045764691937363967 0.021687884231930618 0 0.070179273572899728 nan nan nan nan nan nan nan nan nan nan 0 0 0 0 running
5100 10.271550710755628 0.0020443263683704834 0.25 809.305971 0.008128903901258212 0.00027960479022329265 0.0091063071122546371 0.0044082623781119224 0 0.015098331295999658 nan nan nan nan nan nan nan nan nan nan 0.0012262858657450804 0.045308180052915543 0.021786439842261224 0 0.070116455518759321 nan nan nan nan nan nan nan nan nan nan 0 0 0 0 running
5120 10.312266081959908 0.0020443499387029847 0.25 811.88621899999998 0.0080743549283076865 0.00027818323797115709 0.0090307464425134435 0.0043853531233222316 0 0.015003764471036718 nan nan nan nan nan nan nan nan nan nan 0.0012176476764892974 0.044850849058706052 0.021870422020870587 0 0.070039832107873554 nan nan nan nan nan nan nan nan nan nan 0 0 0 0 running
5140 10.35315332690517 0.0020443733394745491 0.25 814.61963900000001 0.0080196668891300681 0.0002767571292973856 0.0089551506964829844 0.0043625085967998727 0 0.014908805629578657 nan nan nan nan nan nan nan nan nan nan 0.0012128216019549054 0.044388865797459508 0.021940065828973683 0 0.069948963703505951 nan nan nan nan nan nan nan nan nan nan 0 0 0 0 running
5160 10.394041036874469 0.0020443964524143967 0.25 817.28321800000003 0.0079650844541822655 0.00027533300654612118 0.0088798443044747072 0.004339827986775892 0 0.014813888811526536 nan nan nan nan nan nan nan nan nan nan 0.0012076570187674607 0.043924173378528199 0.021994525104735298 0 0.069844346303907595 nan nan nan nan nan nan nan nan nan nan 0 0 0 0 running
5180 10.434754971151557 0.0020444191625054969 0.25 819.73567500000001 0.0079108521933027743 0.00027391739082434065 0.0088051515219289972 0.0043174093524301809 0 0.014719448513576875 nan nan nan nan nan nan nan nan nan nan 0.0012021819488936547 0.043458792541122337 0.022033218290815216 0 0.069726712378207462 nan nan nan nan nan nan nan nan nan nan 0 0 0 0 running
5200 10.475643591031458 0.0020444416458351806 0.25 822.32304699999997 0.0078565168776723333 0.00027249856018674099 0.008730438071841479 0.0042950634253161269 0 0.014624702151726026 nan nan nan nan nan nan nan nan nan nan 0.0011992839749256357 0.042988759779396445 0.022056044604043389 0 0.069595251178459869 nan nan nan nan nan nan nan nan nan nan 0 0 0 0 running
5220 10.516355678717222 0.0020444636913398324 0.25 824.86263299999996 0.0078025535672741914 0.00027108898334285669 0.0086563504103251004 0.0042729849363702891 0 0.014530482404973458 nan nan nan nan nan nan nan nan nan nan 0.0011997152582960136 0.042518127219417126 0.022062398102631296 0 0.069451284105485955 nan nan nan nan nan nan nan nan nan nan 0 0 0 0 running
5240 10.557245181864841 0.0020444854729670166 0.25 827.535121 0.0077484995503879607 0.00026967660334525901 0.0085822484787686608 0.004250984533521106 0 0.014435984292241995 nan nan nan nan nan nan nan nan nan nan 0.0012000146067406847 0.042042814944463713 0.022051938271499618 0 0.069293747607234599 nan nan nan nan nan nan nan nan nan nan 0 0 0 0 running
5260 10.598135116707549 0.0020445068768934651 0.25 830.14608099999998 0.0076945946347709805 0.0002682676717419748 0.0085084592891101693 0.0042291609182200113 0 0.014341627657866637 nan nan nan nan nan nan nan nan nan nan 0.0012001791692875519 0.041564875852686679 0.022024223686521772 0 0.069123418907031151 nan nan nan nan nan nan nan nan nan nan 0 0 0 0 running
5280 10.638845849115915 0.0020445277947088725 0.25 832.71684100000004 0.0076410791787007411 0.00026686842888769356 0.0084353094090643815 0.0042076112942935374 0 0.014247834877167 nan nan nan nan nan nan nan nan nan nan 0.001200207698412642 0.041086443160199555 0.02197913190937811 0 0.068941270372838495 nan nan nan nan nan nan nan nan nan nan 0 0 0 0 running
5300 10.679736622007203 0.0020445483947915104 0.25 835.22972700000003 0.0075874871098875951 0.0002654665954147132 0.0083621640922954179 0.0041861480593331519 0 0.014153787719869809 nan nan nan nan nan nan nan nan nan nan 0.0012000994403034704 0.040603315854576459 0.021915916526511137 0 0.068745861408723352 nan nan nan nan nan nan nan nan nan nan 0 0 0 0 running
5320 10.720445639734278 0.0020445684794811168 0.25 837.79244700000004 0.0075342954356344563 0.00026407462155178567 0.008289667880072165 0.0041649640093444898 0 0.01406032661037176 nan nan nan nan nan nan nan nan nan nan 0.0011998541642227467 0.040119792298067052 0.021834802123450858 0 0.068539076497775103 nan nan nan nan nan nan nan nan nan nan 0 0 0 0 running
5340 10.761337217279813 0.0020445882138374095 0.25 840.55596400000002 0.0074810245194290147 0.00026267981635919128 0.008217173293609055 0.0041438725796600455 0 0.01396660380056325 nan nan nan nan nan nan nan nan nan nan 0.0011994680017153037 0.039631569996949771 0.021734873392420657 0 0.068319192834423059 nan nan nan nan nan nan nan nan nan nan 0 0 0 0 running
5360 10.80204460740716 0.0020446074071597277 0.25 843.219202 0.0074281490859945424 0.00026129442744624997 0.0081453345580252603 0.0041230651841147221 0 0.013873448665215645 nan nan nan nan nan nan nan nan nan nan 0.0011989423060770055 0.039249677384278585 0.02161688827770358 0 0.068088283082703913 nan nan nan nan nan nan nan nan nan nan 0 0 0 0 running
5380 10.84293695387788 0.0020446262203729741 0.25 845.75433199999998 0.007375188841682455 0.00025990569715705452 0.008073504661640727 0.0041023542541439671 0 0.013780011369115216 nan nan nan nan nan nan nan nan nan nan 0.0011982697771726614 0.038914168951946861 0.021479447176102472 0 0.067844329723080313 nan nan nan nan nan nan nan nan nan nan 0 0 0 0 running
5400 10.883829671588751 0.0020446445532626683 0.25 848.32094500000005 0.0073223838478274923 0.00025851972846421465 0.0080020143481610156 0.0040818355924685037 0 0.013686711737758711 nan nan nan nan nan nan nan nan nan nan 0.0011974496213767727 0.038575913188167159 0.021322611300129319 0 0.067588411025082271 nan nan nan nan nan nan nan nan nan nan 0 0 0 0 running
5420 10.924535889392905 0.002044662314231433 0.25 851.163634 0.0072699757579052348 0.00025714265923430552 0.0079311919751758539 0.0040616032379094426 0 0.013593976174988705 nan nan nan nan nan nan nan nan nan nan 0.0011964835530413331 0.038236459817291638 0.02138787281311735 0 0.067321824427574492 nan nan nan nan nan nan nan nan nan nan 0 0 0 0 running
5440 10.96542931860705 0.0020446796557974326 0.25 853.97341300000005 0.0072174842914646039 0.00025576166616807564 0.0078603914669838123 0.0040414739440962919 0 0.013500952477613177 nan nan nan nan nan nan nan nan nan nan 0.0011953595392266703 0.03789267661956372 0.021497759067369081 0 0.067042163803975555 nan nan nan nan nan nan nan nan nan nan 0 0 0 0 running
5460 11.006134086738051 0.0020446964091160882 0.25 856.670976 0.0071653921339771892 0.00025438927799008228 0.0077902675370096729 0.004021635123061449 0 0.013408493237583644 nan nan nan nan nan nan nan nan nan nan 0.001194084777496135 0.037547710234183171 0.021590930449810957 0 0.066752036140520138 nan nan nan nan nan nan nan nan nan nan 0 0 0 0 running
5480 11.047028187071978 0.0020447127216003933 0.25 859.46276399999999 0.0071132174921290717 0.0002530125268145179 0.0077201733533104177 0.0040019042728161999 0 0.013315742025849748 nan nan nan nan nan nan nan nan nan nan 0.0011926440997204746 0.03719834728909336 0.021667815366166129 0 0.066448766091359288 nan nan nan nan nan nan nan nan nan nan 0 0 0 0 running
5500 11.087922608130992 0.0020447285067785805 0.25 862.25373500000001 0.0070612060907765065 0.00025163761740926095 0.0076504398565898487 0.0039823758266570456 0 0.013223134596893428 nan nan nan nan nan nan nan nan nan nan 0.0011910395063279844 0.036846177392812693 0.021727538064025539 0 0.066133696413162774 nan nan nan nan nan nan nan nan nan nan 0 0 0 0 running
5520 11.128626342898137 0.0020447436877762556 0.25 865.08558200000004 0.0070096022390924405 0.00025027080620520007 0.0075813946820544494 0.0039631418908886041 0 0.013131105943621452 nan nan nan nan nan nan nan nan nan nan 0.0011892763444176224 0.036492863109628675 0.021769531665024058 0 0.065808420859661917 nan nan nan nan nan nan nan nan nan nan 0 0 0 0 running
5540 11.169521372045228 0.0020447584009912682 0.25 867.87577499999998 0.0069579230219474521 0.00024889910879369732 0.0075123944215970363 0.0039440244234700151 0 0.013038792679224686 nan nan nan nan nan nan nan nan nan nan 0.001187335112683735 0.036135088911018423 0.021793766531157874 0 0.06546995119302218 nan nan nan nan nan nan nan nan nan nan 0 0 0 0 running
5560 11.210223855547849 0.0020447725033284352 0.25 870.60762199999999 0.0069066550932765291 0.00024753525130113339 0.0074440913396720152 0.0039252056241881068 0 0.01294706198800479 nan nan nan nan nan nan nan nan nan nan 0.0011852315896289101 0.035776211875462163 0.021799600061094784 0 0.065121561822179597 nan nan nan nan nan nan nan nan nan nan 0 0 0 0 running
5580 11.251119449554254 0.0020447861247260297 0.25 873.34871299999998 0.0068553166806399239 0.00024616623454556789 0.0073758430707922791 0.0039065103910675691 0 0.012855051602533387 nan nan nan nan nan nan nan nan nan nan 0.0011829439840761735 0.035412826497498232 0.021786691926879695 0 0.06476009016579648 nan nan nan nan nan nan nan nan nan nan 0 0 0 0 running
5600 11.292015310200469 0.0020447991945351388 0.25 875.508557 0.006804156065104496 0.00024479848298232586 0.0073079790393990119 0.0038880319137907264 0 0.012763205815596274 nan nan nan nan nan nan nan nan nan nan 0.0011804806395880607 0.035046617882481604 0.021754602740236828 0 0.064387342398154676 nan nan nan nan nan nan nan nan nan nan 0 0 0 0 running
5620 11.332716912133563 0.0020448116528425471 0.25 877.58311000000003 0.006753420406772067 0.00024343847412476059 0.0072408242828032911 0.0038698603370214439 0 0.012671969789257597 nan nan nan nan nan nan nan nan nan nan 0.0011778538881933864 0.034679339719176069 0.021703284125268642 0 0.064005390824398156 nan nan nan nan nan nan nan nan nan nan 0 0 0 0 running
5640 11.373613271745679 0.0020448236179941054 0.25 879.61594600000001 0.0067026312736202806 0.00024207326287202424 0.007173741258015503 0.0038518261659223146 0 0.012580484968256509 nan nan nan nan nan nan nan nan nan nan 0.0011750383731370106 0.034307478019635823 0.021631932734853528 0 0.063610830614146616 nan nan nan nan nan nan nan nan nan nan 0 0 0 0 running
5660 11.414313833074232 0.0020448349758918874 0.25 882.15295600000002 0.0066522842328895597 0.00024071602622918945 0.0071073827635867309 0.0038341056358274631 0 0.012489644814631759 nan nan nan nan nan nan nan nan nan nan 0.0011720609356647982 0.033934588392657811 0.021540947596055991 0 0.063207687075611169 nan nan nan nan nan nan nan nan nan nan 0 0 0 0 running
5680 11.455210647550622 0.0020448458369019019 0.25 884.51956900000005 0.0066019000423671332 0.00023935373251057364 0.0070411094147768225 0.0038165348232326911 0 0.012398587451397939 nan nan nan nan nan nan nan nan nan nan 0.0011688929065801767 0.033557091972185017 0.02142918442455943 0 0.062792339266751818 nan nan nan nan nan nan nan nan nan nan 0 0 0 0 running
5700 11.496107673457674 0.0020448561469107321 0.25 886.66070500000001 0.0065517235615569882 0.00023799289165069495 0.0069752449936870868 0.0037992062062529473 0 0.012307751906796015 nan nan nan nan nan nan nan nan nan nan 0.0011655482686792895 0.033176798714097788 0.021296769737322321 0 0.062366970242351924 nan nan nan nan nan nan nan nan nan nan 0 0 0 0 running
5720 11.536807511706336 0.0020448658630301524 0.25 889.02726199999995 0.0065019981325981115 0.00023664013378705978 0.0069101083423030651 0.0037822076784459146 0 0.012217577820638845 nan nan nan nan nan nan nan nan nan nan 0.0011620446571890541 0.032795587001078395 0.021144327848523291 0 0.061933978711236536 nan nan nan nan nan nan nan nan nan nan 0 0 0 0 running
5740 11.57770492668153 0.0020448750833671134 0.25 891.20176400000003 0.0064522475400241221 0.00023528233638695062 0.0068450749808725521 0.00376538034133183 0 0.012127200550921279 nan nan nan nan nan nan nan nan nan nan 0.0011583486811201638 0.032409779979412086 0.020970306881802587 0 0.061489463266433245 nan nan nan nan nan nan nan nan nan nan 0 0 0 0 running
5760 11.618403938226432 0.0020448837234233624 0.25 893.57153600000004 0.0064029597786858863 0.00023393272916057969 0.0067807804926288025 0.0037488934494528158 0 0.01203750634188859 nan nan nan nan nan nan nan nan nan nan 0.0011544970872714444 0.032023146728396672 0.020776270958158417 0 0.061038047310102532 nan nan nan nan nan nan nan nan nan nan 0 0 0 0 running
5780 11.65930169914844 0.0020448918730221694 0.25 895.79254100000003 0.0063536602340839013 0.00023257822183888444 0.006716602933345809 0.0037325934133314812 0 0.011947631173925092 nan nan nan nan nan nan nan nan nan nan 0.0011504535702561713 0.031631955528324859 0.020560127555182772 0 0.060575666242825024 nan nan nan nan nan nan nan nan nan nan 0 0 0 0 running
5800 11.700000000000001 0.0018452819846057622 0.25 897.94481199999996 0.0063048361303808774 0.00023123214668405845 0.0066531723840439465 0.0037166471013729526 0 0.011858463492424786 nan nan nan nan nan nan nan nan nan nan 0.0011462592410413086 0.031240053616283105 0.020562986961758158 0 0.060107189387502757 nan nan nan nan nan nan nan nan nan nan 0 0 0 0 running
5820 11.740898064632104 0.0020449065632349864 0.25 900.22965899999997 0.0062560165747962753 0.00022988149207779282 0.0065898720568352441 0.0037009066564066837 0 0.011769143877756591 nan nan nan nan nan nan nan nan nan nan 0.0011418753064525444 0.03084362814342816 0.020653329398384105 0 0.059628428619033634 nan nan nan nan nan nan nan nan nan nan 0 0 0 0 running
5840 11.781796265963985 0.0020449131560374375 0.25 902.51425200000006 0.0062074496493635476 0.00022853302195816811 0.0065270197421665359 0.0036854596678597301 0 0.01168012537290334 nan nan nan nan nan nan nan nan nan nan 0.0011373248239071321 0.030444623374622455 0.020725499600688257 0 0.059142104116560935 nan nan nan nan nan nan nan nan nan nan 0 0 0 0 running
5860 11.8224940950851 0.0020449192178241516 0.25 904.60085600000002 0.006159378706404069 0.00022719343733299641 0.0064649256293962329 0.0036703887046450096 0 0.011591854758827087 nan nan nan nan nan nan nan nan nan nan 0.001132634439582253 0.030045047547369096 0.02077884137546623 0 0.058651107239287147 nan nan nan nan nan nan nan nan nan nan 0 0 0 0 running
5880 11.863392539051869 0.0020449248177273273 0.25 906.63421600000004 0.0061113384587820783 0.00022584971974746622 0.0064029821889590643 0.0036555547108225441 0 0.011503478584197504 nan nan nan nan nan nan nan nan nan nan 0.0011277609199183414 0.029641008562736139 0.020813492690414489 0 0.058151040959340025 nan nan nan nan nan nan nan nan nan nan 0 0 0 0 running
5900 11.904089859577141 0.0020449299109103472 0.25 908.89202699999998 0.0060638049060247265 0.00022451513621212153 0.0063418043726098071 0.0036411135744719566 0 0.011415868424373267 nan nan nan nan nan nan nan nan nan nan 0.0011227546840644753 0.029236532182769132 0.020828757417605419 0 0.057647224091368299 nan nan nan nan nan nan nan nan nan nan 0 0 0 0 running
5920 11.944988507372372 0.0020449345587558098 0.25 910.97090400000002 0.0060163079340854776 0.00022317638918947492 0.0062807925718039248 0.0036269330313699081 0 0.011328150755703165 nan nan nan nan nan nan nan nan nan nan 0.0011175683393358782 0.02882768404308441 0.020824439077468532 0 0.057135050227456574 nan nan nan nan nan nan nan nan nan nan 0 0 0 0 running
5940 11.985887243274934 0.0020449387466547272 0.25 912.92795599999999 0.0059690849918577387 0.00022183999011685511 0.0062202560123844133 0.0036130951439175426 0 0.011240757262759769 nan nan nan nan nan nan nan nan nan nan 0.0011122281103279064 0.028416526408732243 0.020800073476293882 0 0.056617351089438869 nan nan nan nan nan nan nan nan nan nan 0 0 0 0 running
5960 12.026584238011262 0.0020449424697282313 0.25 915.05737399999998 0.0059223713787964205 0.00022051250947540681 0.0061604956256092035 0.0035996748199016689 0 0.011154121337555715 nan nan nan nan nan nan nan nan nan nan 0.0011067633096348006 0.028005172525208778 0.020755605544406589 0 0.056152802144996142 nan nan nan nan nan nan nan nan nan nan 0 0 0 0 running
5980 12.067483122854266 0.0020449457780923664 0.25 917.05769299999997 0.0058757098470288314 0.00021918087802337617 0.0061009245336214974 0.003586548389170724 0 0.011067392703896384 nan nan nan nan nan nan nan nan nan nan 0.0011011268077737446 0.027589609506641237 0.020690285993975356 0 0.055956623758231343 nan nan nan nan nan nan nan nan nan nan 0 0 0 0 running
6000 12.108179793798575 0.0020449486527580104 0.25 919.22616100000005 0.0058295666902903973 0.00021785830493626656 0.0060421369978277831 0.0035738552831261006 0 0.010981435045404555 nan nan nan nan nan nan nan nan nan nan 0.001095372157520591 0.027174009576629223 0.020604474389732209 0 0.055759970054505843 nan nan nan nan nan nan nan nan nan nan 0 0 0 0 running
6020 12.149078793596042 0.0020449511364443928 0.25 921.22323900000004 0.0057834868089127103 0.00021653163586307303 0.0059835542000914541 0.003561479024799385 0 0.010895396215167627 nan nan nan nan nan nan nan nan nan nan 0.0010894432010552513 0.026754310983188302 0.020497061052318966 0 0.055560774913291623 nan nan nan nan nan nan nan nan nan nan 0 0 0 0 running
6040 12.189977838927634 0.0020449532281737091 0.25 923.32045500000004 0.005737704005946683 0.00021520745435692817 0.005925475128186408 0.0035494930458021424 0 0.0108097070114744 nan nan nan nan nan nan nan nan nan nan 0.0010833703556227814 0.026618486824814439 0.020368204876960824 0 0.055359903189640715 nan nan nan nan nan nan nan nan nan nan 0 0 0 0 running
6060 12.230674315517488 0.002044954935238057 0.25 925.38758600000006 0.0056924450193171373 0.00021389254371903483 0.0058681850200914456 0.0035379629801712436 0 0.010724790160669625 nan nan nan nan nan nan nan nan nan nan 0.001077186671780278 0.026505025909016468 0.020218544524648628 0 0.055158257018895478 nan nan nan nan nan nan nan nan nan nan 0 0 0 0 running
6080 12.271573429038751 0.0020449562904118683 0.25 927.47445700000003 0.0056472621771494159 0.00021257364496553616 0.0058111216024529901 0.0035267830278587729 0 0.010639799346260689 nan nan nan nan nan nan nan nan nan nan 0.0010708319741039585 0.026389757684667055 0.020046501500416571 0 0.054953738274555644 nan nan nan nan nan nan nan nan nan nan 0 0 0 0 running
6100 12.31226974312195 0.0020449572963540845 0.25 929.46278400000006 0.005602606246086125 0.00021126377821912613 0.0057548568105992449 0.00351607225854601 0 0.010555577214042419 nan nan nan nan nan nan nan nan nan nan 0.0010643695970271316 0.026273687193883819 0.019853691425890101 0 0.054748339763454397 nan nan nan nan nan nan nan nan nan nan 0 0 0 0 running
6120 12.353168896753152 0.0020449579793090267 0.25 931.52363500000001 0.005558038824045989 0.0002099500018317624 0.0056988347369692997 0.0035057314642037941 0 0.010471295449291221 nan nan nan nan nan nan nan nan nan nan 0.0010577354093144475 0.026155334410349798 0.019638088788764704 0 0.054539978459862914 nan nan nan nan nan nan nan nan nan nan 0 0 0 0 running
6140 12.394068060736172 0.002044958349927416 0.25 933.74355200000002 0.0055137927422332896 0.00020863901217308472 0.0056433425254021072 0.0034958222298233617 0 0.010387393025325601 nan nan nan nan nan nan nan nan nan nan 0.0010509624462621825 0.026034899667459036 0.01940050148333617 0 0.054329583265726282 nan nan nan nan nan nan nan nan nan nan 0 0 0 0 running
6160 12.434764293149906 0.0020449584253854156 0.25 936.17105000000004 0.0054700832942139637 0.00020733715444494518 0.0055886571004159615 0.003486398098241967 0 0.010304271330236078 nan nan nan nan nan nan nan nan nan nan 0.001044087599656518 0.025912617175698979 0.019142200038934559 0 0.054118067484148456 nan nan nan nan nan nan nan nan nan nan 0 0 0 0 running
6180 12.475663459986164 0.002044958223479255 0.25 938.56408799999997 0.0054264748784165718 0.00020603139584850886 0.0055342384932476557 0.0034773715361143417 0 0.010221095371535928 nan nan nan nan nan nan nan nan nan nan 0.0010370452633230443 0.025786919292321075 0.019083553117861963 0 0.053903151120668312 nan nan nan nan nan nan nan nan nan nan 0 0 0 0 running
6200 12.516359662885153 0.0020449577633515573 0.25 941.03893900000003 0.0053834036639156032 0.00020473470714040866 0.0054806322371163943 0.0034688364801443009 0 0.010138693332895146 nan nan nan nan nan nan nan nan nan nan 0.0010299082603926479 0.025658754455802145 0.019162901518862071 0 0.053686815473323359 nan nan nan nan nan nan nan nan nan nan 0 0 0 0 running
6220 12.557258811131614 0.0020449570573957188 0.25 943.31611199999998 0.0053404464724200991 0.0002034342858852893 0.0054273092844905023 0.003460710944414786 0 0.010056254312861159 nan nan nan nan nan nan nan nan nan nan 0.001022607767149436 0.025526555626987794 0.01922385311386993 0 0.053466800722353464 nan nan nan nan nan nan nan nan nan nan 0 0 0 0 running
6240 12.598157942845269 0.0020449561243430746 0.25 945.398235 0.0052978261367993742 0.00020213682798584135 0.0053745439791228356 0.0034530416628021435 0 0.0099742032199555582 nan nan nan nan nan nan nan nan nan nan 0.0010151806354812276 0.02539065599512107 0.01930569892894056 0 0.053244136480576298 nan nan nan nan nan nan nan nan nan nan 0 0 0 0 running
6260 12.638854154864191 0.002044954988474857 0.25 947.58899399999996 0.0052557554857802051 0.00020084890923391851 0.0053225992065567326 0.0034458664705001463 0 0.0098929485140198531 nan nan nan nan nan nan nan nan nan nan 0.0010076655635698484 0.025251471477450372 0.019555526165211126 0 0.05301995342281067 nan nan nan nan nan nan nan nan nan nan 0 0 0 0 running
6280 12.679753240951449 0.0020449536565772235 0.25 949.63147300000003 0.0052138152165348197 0.00019955772359878197 0.0052709618984092856 0.0034391164584156946 0 0.0098116747258953762 nan nan nan nan nan nan nan nan nan nan 0.00099998813183244106 0.025107356977869141 0.019785446447204404 0 0.052792055638946345 nan nan nan nan nan nan nan nan nan nan 0 0 0 0 running
6300 12.720449525101595 0.0020449521590193745 0.25 951.608249 0.0051724223942978612 0.0001982761181100126 0.0052201490393485985 0.0034328601695479723 0 0.0097311853732973495 nan nan nan nan nan nan nan nan nan nan 0.00099222486780586872 0.024977658289993047 0.019992597582998213 0 0.052562759847493076 nan nan nan nan nan nan nan nan nan nan 0 0 0 0 running
6320 12.761348551086209 0.0020449504979271299 0.25 953.62368300000003 0.0051311686701572936 0.00019699146656902816 0.0051696592355367629 0.0034270356653250244 0 0.0096506841160167254 nan nan nan nan nan nan nan nan nan nan 0.00098429890568602074 0.024884170703550236 0.020178523414422278 0 0.052329838474935671 nan nan nan nan nan nan nan nan nan nan 0 0 0 0 running
6340 12.802044948707222 0.0020449487072204415 0.25 955.65347999999994 0.005090467967775061 0.00019571669335500134 0.0051199978433323643 0.0034216999800642518 0 0.0095709773252976756 nan nan nan nan nan nan nan nan nan nan 0.00097628964522583628 0.024791036002114596 0.020340890933124113 0 0.052095642762792077 nan nan nan nan nan nan nan nan nan nan 0 0 0 0 running
6360 12.842943902875012 0.0020449467869347059 0.25 957.71596699999998 0.0050499186533789738 0.00019443926297596205 0.0050706751939439626 0.0034167983790536049 0 0.0094912763797160554 nan nan nan nan nan nan nan nan nan nan 0.00096892917058355454 0.024697038162600729 0.020480817481721016 0 0.051857860499722026 nan nan nan nan nan nan nan nan nan nan 0 0 0 0 running
6380 12.883842817522327 0.0020449447632187945 0.25 959.78450399999997 0.0050097329642572967 0.00019316586359088822 0.0050219461737550488 0.0034123559954366859 0 0.0094119972377433529 nan nan nan nan nan nan nan nan nan nan 0.00096331717919639903 0.024602345485921925 0.020596952855032661 0 0.051617649074444855 nan nan nan nan nan nan nan nan nan nan 0 0 0 0 running
6400 12.924539319006051 0.0020449426638176308 0.25 961.78404499999999 0.00497012413152856 0.00019190338657950503 0.0049740516666554853 0.0034083884317674187 0 0.0093335706361428357 nan nan nan nan nan nan nan nan nan nan 0.00095739478435175052 0.024507133197623973 0.020688598558207344 0 0.051376201766726255 nan nan nan nan nan nan nan nan nan nan 0 0 0 0 running
6420 12.965438149503518 0.00204494048474656 0.25 963.78042800000003 0.0049306852135187866 0.00019063906771891776 0.0049265159672126514 0.003404854124667251 0 0.0092551795733231707 nan nan nan nan nan nan nan nan nan nan 0.00095488543149208072 0.02440980348196229 0.020756362717163107 0 0.051131106270941334 nan nan nan nan nan nan nan nan nan nan 0 0 0 0 running
6440 13.006134815130356 0.002044938264254427 0.25 965.950107 0.004891790080409365 0.00018938531688804871 0.0048798088155622716 0.0034017851531515206 0 0.0091775545681332324 nan nan nan nan nan nan nan nan nan nan 0.00095466437452573771 0.024310518077672951 0.020799139617819339 0 0.050884820111923572 nan nan nan nan nan nan nan nan nan nan 0 0 0 0 running
6460 13.047033556654487 0.0020449359969317822 0.25 967.98116800000003 0.0048530510194684153 0.00018812947825242143 0.004833476596057415 0.0033991456314449728 0 0.0090999143544773752 nan nan nan nan nan nan nan nan nan nan 0.00095419063671586812 0.024208974715761326 0.020816942241399048 0 0.050634992303784314 nan nan nan nan nan nan nan nan nan nan 0 0 0 0 running
6480 13.087932252600808 0.0020449337101595749 0.25 969.94608700000003 0.0048146669189842485 0.00018687800756086534 0.0047877575138357701 0.0033969437037069299 0 0.0090226556942316835 nan nan nan nan nan nan nan nan nan nan 0.00095347591812366961 0.024105424681098025 0.021022958095671104 0 0.050382786134516702 nan nan nan nan nan nan nan nan nan nan 0 0 0 0 running
6500 13.128629050453362 0.0020449314314603451 0.25 972.01814300000001 0.0047768315171218484 0.00018563733574914216 0.0047428773715957875 0.0033951777887506777 0 0.0089461733447993141 nan nan nan nan nan nan nan nan nan nan 0.00095253638640457883 0.024000071817148808 0.021335435463935418 0 0.05012931951159641 nan nan nan nan nan nan nan nan nan nan 0 0 0 0 running
6520 13.1695276551365 0.0020449291541306917 0.25 973.95190600000001 0.0047391759567599161 0.00018439546996618439 0.0046983956493894209 0.003393821373880218 0 0.0088697236067593801 nan nan nan nan nan nan nan nan nan nan 0.00095136689090358217 0.023891492058729424 0.021627722884865686 0 0.049871975272331011 nan nan nan nan nan nan nan nan nan nan 0 0 0 0 running
6540 13.210224635696891 0.0020449269160586077 0.25 975.87391100000002 0.0047020770956734074 0.00018316499287841876 0.004654755350322554 0.0033928791404727824 0 0.0087940729710671833 nan nan nan nan nan nan nan nan nan nan 0.00094997360673082509 0.023780382611047375 0.021896247521328099 0 0.049613278486747736 nan nan nan nan nan nan nan nan nan nan 0 0 0 0 running
6560 13.251123150773486 0.0020449247103763875 0.25 977.93669699999998 0.0046651724962884942 0.0001819340771199389 0.0046115278295768896 0.0033923327514849993 0 0.0087184839090552729 nan nan nan nan nan nan nan nan nan nan 0.00094832973062947135 0.023665314068082817 0.022142944189233946 0 0.04935079463050749 nan nan nan nan nan nan nan nan nan nan 0 0 0 0 running
6580 13.292021622324574 0.0020449225629783907 0.25 979.93185800000003 0.0046286535185775845 0.00018070927207190706 0.004568934218048085 0.0033921782385728425 0 0.0086433487748148099 nan nan nan nan nan nan nan nan nan nan 0.00094642573486802828 0.023546554907074413 0.0223657566336041 0 0.049086041166351506 nan nan nan nan nan nan nan nan nan nan 0 0 0 0 running
6600 13.332718740305674 0.0020449204981126635 0.25 981.92536700000005 0.0045927037181705647 0.00017949698611837496 0.0045271829606039525 0.0033924036572155637 0 0.0085690507008764263 nan nan nan nan nan nan nan nan nan nan 0.00094425872390152543 0.023424483257567262 0.022563184643606089 0 0.048820617175080447 nan nan nan nan nan nan nan nan nan nan 0 0 0 0 running
6620 13.373617129232599 0.0020449185096320681 0.25 983.99573499999997 0.0045569733419319582 0.00017828565254461104 0.0044858644536841406 0.0033930008875766955 0 0.0084948695988558993 nan nan nan nan nan nan nan nan nan nan 0.00094179615094597269 0.02329766833362568 0.022736657595048646 0 0.048552149155965889 nan nan nan nan nan nan nan nan nan nan 0 0 0 0 running
6640 13.414314418356236 0.0020449166312786122 0.25 986.07400600000005 0.0045218168004247184 0.00017708753724181617 0.0044453888910527513 0.0033939534920573544 0 0.0084215422096090148 nan nan nan nan nan nan nan nan nan nan 0.00093905436163588263 0.023167131568914052 0.022883968144593512 0 0.048283462503483046 nan nan nan nan nan nan nan nan nan nan 0 0 0 0 running
6660 13.455212732163069 0.002044914858266785 0.25 988.03266099999996 0.0044869152226436129 0.00017589189536535555 0.0044053710196340608 0.0033952596428119901 0 0.0083484142958025424 nan nan nan nan nan nan nan nan nan nan 0.00093600023350698391 0.023031348565139526 0.023006104809277488 0 0.04801201374455645 nan nan nan nan nan nan nan nan nan nan 0 0 0 0 running
6680 13.496111011832657 0.0020449132132888386 0.25 990.00360699999999 0.0044524540735000132 0.00017470526466874204 0.0043660135320545716 0.0033969068610655729 0 0.0082758784469561496 nan nan nan nan nan nan nan nan nan nan 0.00093264103352069805 0.022890711598495473 0.023101923611976206 0 0.047739181216281644 nan nan nan nan nan nan nan nan nan nan 0 0 0 0 running
6700 13.536808422167445 0.0020449117160029626 0.25 992.014185 0.0044185753998353013 0.0001735329861404186 0.0043274991974027411 0.0033988752611356404 0 0.0082042261535496697 nan nan nan nan nan nan nan nan nan nan 0.0009289891175223719 0.022745739327511096 0.023170837065620883 0 0.047466341147775655 nan nan nan nan nan nan nan nan nan nan 0 0 0 0 running
6720 13.577706642025801 0.0020449103638607389 0.25 994.05990199999997 0.0043849138712272325 0.00017236263800401235 0.0042894467605650169 0.0034011750660005915 0 0.0081326683241184413 nan nan nan nan nan nan nan nan nan nan 0.00092500346314289272 0.022594821067651955 0.023213298065926879 0 0.047190815824477803 nan nan nan nan nan nan nan nan nan nan 0 0 0 0 running
6740 13.618404184665518 0.0020449091819346316 0.25 996.10460599999999 0.0043517891360159216 0.00017120549790547397 0.0042522336222076997 0.0034037724616015866 0 0.0080618778427254158 nan nan nan nan nan nan nan nan nan nan 0.00092072087065198094 0.02243922702599117 0.023228342012432329 0 0.046915310504883033 nan nan nan nan nan nan nan nan nan nan 0 0 0 0 running
6760 13.659302357376715 0.002044908170011437 0.25 998.10580600000003 0.0043188857282910522 0.00017005066098798542 0.0042154975820332466 0.0034066786251471539 0 0.0079911872286735682 nan nan nan nan nan nan nan nan nan nan 0.0009160961571524906 0.022277161253170859 0.023215441454650092 0 0.046637103698350037 nan nan nan nan nan nan nan nan nan nan 0 0 0 0 running
6780 13.700000000000001 0.001844395547644595 0.25 1000.170892 0.0042865463266246974 0.00016891023993972109 0.0041796034956999416 0.0034098492257864416 0 0.0079213451672350676 nan nan nan nan nan nan nan nan nan nan 0.00091116766784310466 0.022109951488139871 0.023174317153109206 0 0.046358942761457834 nan nan nan nan nan nan nan nan nan nan 0 0 0 0 running
6800 13.740898140048108 0.0020449067210153138 0.25 1002.678673 0.0042544673540494014 0.00016777371584012526 0.0041442005162339122 0.0034133010443379219 0 0.0078517063352880178 nan nan nan nan nan nan nan nan nan nan 0.00090587798740737746 0.021935740437545165 0.023104427626784753 0 0.046078147513906931 nan nan nan nan nan nan nan nan nan nan 0 0 0 0 running
6820 13.781796269703623 0.0020449063009040877 0.25 1004.888312 0.0042228058700280492 0.00016664751049899534 0.0041094582821859195 0.0034170077974371464 0 0.0077826143439199474 nan nan nan nan nan nan nan nan nan nan 0.00090026553398514508 0.02175517478989588 0.023338165628227124 0 0.045796384281804749 nan nan nan nan nan nan nan nan nan nan 0 0 0 0 running
6840 13.822493967447285 0.0020449060987378326 0.25 1007.068806 0.0041917164247279644 0.00016553705470477115 0.0040755538602624706 0.0034209399820228576 0 0.0077144060550173111 nan nan nan nan nan nan nan nan nan nan 0.00089432875443384852 0.021569061981931655 0.023620960083724794 0 0.045514871453899257 nan nan nan nan nan nan nan nan nan nan 0 0 0 0 running
6860 13.8633920892772 0.0020449061214279324 0.25 1009.098676 0.0041608963723781334 0.00016443176175621994 0.0040421542225801341 0.0034251268431194294 0 0.0076464207740284344 nan nan nan nan nan nan nan nan nan nan 0.0008880078169897776 0.021375483671464721 0.023880357166655267 0 0.045230408200225065 nan nan nan nan nan nan nan nan nan nan 0 0 0 0 running
6880 13.904089812734306 0.0020449063763797203 0.25 1011.071145 0.004130655487452119 0.00016334282271352821 0.0040095876723382782 0.0034295176519165611 0 0.0075793474834833325 nan nan nan nan nan nan nan nan nan nan 0.00088136463744126203 0.021176256294389531 0.024113148857746389 0 0.044945514497071612 nan nan nan nan nan nan nan nan nan nan 0 0 0 0 running
6900 13.944987945075146 0.002044906873707153 0.25 1013.156422 0.0041007050523919186 0.0001622598775875276 0.0039775346772551691 0.0034341456654276201 0 0.0075125523496043364 nan nan nan nan nan nan nan nan nan nan 0.00087433419223781339 0.021253764149015593 0.024320974935310692 0 0.044657293933942167 nan nan nan nan nan nan nan nan nan nan 0 0 0 0 running
6920 13.985886089975127 0.0020449076212292177 0.25 1015.115875 0.004071202222764264 0.00016118864456337738 0.003946158363946831 0.0034389797571214528 0 0.0074463889443695192 nan nan nan nan nan nan nan nan nan nan 0.00086694825581157264 0.021400494036878163 0.024502021675967642 0 0.044367213995631434 nan nan nan nan nan nan nan nan nan nan 0 0 0 0 running
6940 14.026583807864528 0.0020449086216488689 0.25 1017.412098 0.0040423173731081756 0.00016013524599275451 0.0039156306196930848 0.0034439845564019213 0 0.007381247364303593 nan nan nan nan nan nan nan nan nan nan 0.00085924468447778901 0.021529366809628043 0.024655044819592138 0 0.044076889502104519 nan nan nan nan nan nan nan nan nan nan 0 0 0 0 running
6960 14.067481993187045 0.0020449098917100159 0.25 1019.409174 0.0040138117284763417 0.0001590908688599575 0.003885638950306775 0.0034491998685584275 0 0.0073166210280642494 nan nan nan nan nan nan nan nan nan nan 0.00085114468399399845 0.021641308431367409 0.024781094644764801 0 0.043783689633203657 nan nan nan nan nan nan nan nan nan nan 0 0 0 0 running
6980 14.108179645200186 0.0020449114246251826 0.25 1021.338836 0.0039859339886573779 0.00015806506683029345 0.0038564666739497599 0.0034545688074924153 0 0.0072530671712961398 nan nan nan nan nan nan nan nan nan nan 0.00084272508420085712 0.021735054744698435 0.024878464446527623 0 0.0434907025834705 nan nan nan nan nan nan nan nan nan nan 0 0 0 0 running
7000 14.149077892300353 0.0020449132410103373 0.25 1023.343889 0.0039583708884986498 0.00015704670800682048 0.0038278243331134145 0.0034601403990180582 0 0.0071898557760208363 nan nan nan nan nan nan nan nan nan nan 0.00083414054804420434 0.021870281146310892 0.024947599057991415 0 0.043195162127520732 nan nan nan nan nan nan nan nan nan nan 0 0 0 0 running
7020 14.189976178679753 0.0020449153392978546 0.25 1025.335521 0.0039312374770786992 0.00015604021251986881 0.0037998572336139119 0.0034658839006091718 0 0.0071272382975222197 nan nan nan nan nan nan nan nan nan nan 0.0008329342938979134 0.022117982500789998 0.024987487841639969 0 0.042898507803618043 nan nan nan nan nan nan nan nan nan nan 0 0 0 0 running
7040 14.230673752772292 0.0020449177118575771 0.25 1027.754993 0.0039046673132815389 0.00015505061028440721 0.0037726987579893485 0.003471762829379531 0 0.0070655290235976708 nan nan nan nan nan nan nan nan nan nan 0.00083176704585308237 0.02234837175026215 0.024997762995001116 0 0.042602127453284518 nan nan nan nan nan nan nan nan nan nan 0 0 0 0 running
7060 14.271572134603804 0.0020449203862376933 0.25 1029.756333 0.0038784176266660622 0.00015406878436598348 0.0037460819547109675 0.0034778267262045438 0 0.007004175218749192 nan nan nan nan nan nan nan nan nan nan 0.0008306222864403745 0.022563374775961743 0.024978171938802356 0 0.042302998565856349 nan nan nan nan nan nan nan nan nan nan 0 0 0 0 running
7080 14.312269537722129 0.0020449233397411377 0.25 1031.7825330000001 0.0038527686383883707 0.00015310511977258159 0.0037202675012558114 0.0034840069005204577 0 0.0069438458625800453 nan nan nan nan nan nan nan nan nan nan 0.0008295058914925546 0.022760522463680079 0.02492857198419525 0 0.042003939813933709 nan nan nan nan nan nan nan nan nan nan 0 0 0 0 running
7100 14.353168038302165 0.0020449266047145552 0.25 1033.7153269999999 0.0038274823709216746 0.00015215064422254538 0.0036949991777776737 0.0034903577229935157 0 0.0068839916270871156 nan nan nan nan nan nan nan nan nan nan 0.00082840035147263569 0.022941281963260885 0.024848164852660358 0 0.041701808425971862 nan nan nan nan nan nan nan nan nan nan 0 0 0 0 running
7120 14.394066607327272 0.0020449301695328452 0.25 1035.669038 0.0038026909895419458 0.00015121041641321016 0.0036704045389298759 0.0034968457392181716 0 0.0068249270777349961 nan nan nan nan nan nan nan nan nan nan 0.00082730315615386907 0.023104074027322792 0.024736870001494837 0 0.041397788767229618 nan nan nan nan nan nan nan nan nan nan 0 0 0 0 running
7140 14.434763851529153 0.0020449340160247076 0.25 1037.6313709999999 0.0037785089130250378 0.00015028898147533199 0.0036465967440255623 0.0035034358433328285 0 0.0067669291949309122 nan nan nan nan nan nan nan nan nan nan 0.00082621043803876582 0.023247660740059836 0.024595292533546472 0 0.041093029416238276 nan nan nan nan nan nan nan nan nan nan 0 0 0 0 running
7160 14.475662575110444 0.0020449381842965629 0.25 1039.7629979999999 0.0037546968948288747 0.0001493773292972156 0.0036233359728741312 0.0035101913087639022 0 0.0067094279694497518 nan nan nan nan nan nan nan nan nan nan 0.00082510205638036682 0.023372947029987354 0.024692508705246512 0 0.040784150094023149 nan nan nan nan nan nan nan nan nan nan 0 0 0 0 running
7180 14.516359534655782 0.0020449426345112614 0.25 1041.7211870000001 0.0037314973760995168 0.00014848465924094503 0.0036008478511241043 0.003517044379786405 0 0.0066530150479933367 nan nan nan nan nan nan nan nan nan nan 0.0008239808627902856 0.023478284829972353 0.024957633143334518 0 0.040473919199417424 nan nan nan nan nan nan nan nan nan nan 0 0 0 0 running
7200 14.557258436993806 0.0020449474111955269 0.25 1043.778714 0.003708690779767976 0.00014760230539761208 0.0035789050988031205 0.0035240622604071582 0 0.0065971640526559829 nan nan nan nan nan nan nan nan nan nan 0.00082282948139350554 0.023564378567948466 0.02519727775723506 0 0.040159110958966959 nan nan nan nan nan nan nan nan nan nan 0 0 0 0 running
7220 14.598157438069062 0.0020449524929274754 0.25 1045.685056 0.0036864031943069039 0.00014673486195501947 0.0035576163233952216 0.003531210584362867 0 0.0065421884212901807 nan nan nan nan nan nan nan nan nan nan 0.00082164881862106798 0.023630310860950667 0.025409414489721709 0 0.039841225018095297 nan nan nan nan nan nan nan nan nan nan 0 0 0 0 running
7240 14.638854152646033 0.0020449578518065906 0.25 1047.688011 0.0036647684296732957 0.0001458875577133135 0.0035371046861781179 0.0035384527431333475 0 0.0064884202745956352 nan nan nan nan nan nan nan nan nan nan 0.00082043732816022841 0.023675536399287198 0.025592592645410424 0 0.039521633636354345 nan nan nan nan nan nan nan nan nan nan 0 0 0 0 running
7260 14.679753368906754 0.0020449635402450383 0.25 1049.606691 0.0036436291925002607 0.00014505365782131543 0.0035171477511509665 0.0035458608951683371 0 0.0064355007658489852 nan nan nan nan nan nan nan nan nan nan 0.00081914923677267604 0.023700127468452233 0.025748102298724717 0 0.039195235575037533 nan nan nan nan nan nan nan nan nan nan 0 0 0 0 running
7280 14.72044968129979 0.0020449695008487629 0.25 1051.5483529999999 0.0036231675069526292 0.00014424025395782486 0.0034979217045360295 0.003553364718730976 0 0.0063838900046083585 nan nan nan nan nan nan nan nan nan nan 0.00081779447672936101 0.023703621700661356 0.025873888624247363 0 0.038865356975002846 nan nan nan nan nan nan nan nan nan nan 0 0 0 0 running
7300 14.761349136870045 0.0020449757915113049 0.25 1053.536053 0.0036031303875073369 0.00014343770547876452 0.0034792261696543177 0.0035610449563445753 0 0.0063329387057531406 nan nan nan nan nan nan nan nan nan nan 0.00081636490931480399 0.023685873342152806 0.025970660353882947 0 0.038529335681272613 nan nan nan nan nan nan nan nan nan nan 0 0 0 0 running
7320 14.802044982347228 0.0020449823472267104 0.25 1055.45769 0.0035836711789917902 0.00014265231778888581 0.0034612396717613463 0.0035688320524885444 0 0.0062830250379627894 nan nan nan nan nan nan nan nan nan nan 0.00081487956041975673 0.023646727663421557 0.026036946592777603 0 0.038191107131858588 nan nan nan nan nan nan nan nan nan nan 0 0 0 0 running
7340 14.842944701080029 0.0020449892307974073 0.25 1057.367673 0.003564568799882878 0.00014187492324108152 0.0034437758766895821 0.0035768086973480889 0 0.0062335762131663719 nan nan nan nan nan nan nan nan nan nan 0.00081332675011391853 0.023585342081912271 0.026072953210181181 0 0.037847779432580081 nan nan nan nan nan nan nan nan nan nan 0 0 0 0 running
7360 14.883844560562039 0.0020449964069315231 0.25 1059.348109 0.0035459256277765631 0.00014110898497041334 0.0034269210424637412 0.0035849378939738917 0 0.0061848575980407942 nan nan nan nan nan nan nan nan nan nan 0.00081171336497826152 0.023501521668769315 0.026077861005012262 0 0.037501302039773664 nan nan nan nan nan nan nan nan nan nan 0 0 0 0 running
7380 14.924540021083246 0.0020450038336004704 0.25 1061.496001 0.0035278585866021805 0.00014035849076030713 0.0034107496235066728 0.0035931775005636885 0 0.0061371893391500591 nan nan nan nan nan nan nan nan nan nan 0.00081004219656527487 0.02339577502157256 0.026051503714610701 0 0.037153347880506275 nan nan nan nan nan nan nan nan nan nan 0 0 0 0 running
7400 14.96544017863426 0.0020450115810077998 0.25 1063.5341510000001 0.0035102201709560441 0.00013961651430966187 0.0033950928294196655 0.0036016100869472379 0 0.0060901958041666036 nan nan nan nan nan nan nan nan nan nan 0.00080828506515123744 0.023466010724701447 0.025993262546956056 0 0.036799970072119832 nan nan nan nan nan nan nan nan nan nan 0 0 0 0 running
7420 15.006135057478776 0.0020450195672301369 0.25 1065.5677880000001 0.0034932093073347034 0.00013889097791089481 0.00338010454723723 0.0036101532836076483 0 0.0060444149542455356 nan nan nan nan nan nan nan nan nan nan 0.00080644443162408708 0.023582135533023647 0.02590339864348877 0 0.036444016587565721 nan nan nan nan nan nan nan nan nan nan 0 0 0 0 running
7440 15.047035535529323 0.0020450278680380746 0.25 1067.623951 0.0034766623644718747 0.00013817490369218792 0.0033656206945008788 0.0036188982656872124 0 0.0059994155016983939 nan nan nan nan nan nan nan nan nan nan 0.00080448560272822212 0.02367870239823186 0.025780726354605182 0 0.036081144397487393 nan nan nan nan nan nan nan nan nan nan 0 0 0 0 running
7460 15.087936182433188 0.0020450364381203027 0.25 1069.5887379999999 0.0034606735329690409 0.00013747242732921463 0.0033517086243646465 0.0036278095262860899 0 0.0059554559169751123 nan nan nan nan nan nan nan nan nan nan 0.00080240356259725365 0.02375458667059472 0.025625406362431158 0 0.035712532199337232 nan nan nan nan nan nan nan nan nan nan 0 0 0 0 running
7480 15.128630592656505 0.0020450452262702188 0.25 1071.523128 0.0034453215500249408 0.00013678722488005737 0.0033384240068268815 0.0036368500820683296 0 0.0059127606751535663 nan nan nan nan nan nan nan nan nan nan 0.00080019961974642229 0.023809108050574838 0.025438329639105219 0 0.035339738630403725 nan nan nan nan nan nan nan nan nan nan 0 0 0 0 running
7500 15.16953159219501 0.0020450543152857135 0.25 1073.4757500000001 0.00343044921910435 0.0001361122245691731 0.003325621030998135 0.0036461214058529723 0 0.0058708965361820757 nan nan nan nan nan nan nan nan nan nan 0.00079784505407687334 0.023842401251851206 0.025217519785000874 0 0.034958890833470424 nan nan nan nan nan nan nan nan nan nan 0 0 0 0 running
7520 15.210225313310554 0.002045063606325892 0.25 1075.3795170000001 0.0034162048250277943 0.00013545384580503309 0.0033134181145550012 0.0036555383667075691 0 0.005830285493527764 nan nan nan nan nan nan nan nan nan nan 0.00079535982793110804 0.023853740912923773 0.02535095493877243 0 0.034573915768431634 nan nan nan nan nan nan nan nan nan nan 0 0 0 0 running
7540 15.251126685635084 0.0020450731868215544 0.25 1077.3034050000001 0.0034024486384422775 0.00013480499322372576 0.0033016858798741869 0.003665202542194353 0 0.0057905329612499366 nan nan nan nan nan nan nan nan nan nan 0.00079271531096519743 0.023842844288713999 0.025588314106609479 0 0.034181001411337883 nan nan nan nan nan nan nan nan nan nan 0 0 0 0 running
7560 15.292028252049082 0.0020450830021661159 0.25 1079.4718069999999 0.0033892916947173058 0.0001341701477021057 0.0032905227012465506 0.0036750765375533185 0 0.0057519355113361927 nan nan nan nan nan nan nan nan nan nan 0.00078991954683366172 0.023809374325396107 0.025797329575766418 0 0.033782144190405025 nan nan nan nan nan nan nan nan nan nan 0 0 0 0 running
7580 15.332721427309886 0.0020450929923319472 0.25 1081.3785379999999 0.0033768545212300564 0.00013355300707758538 0.0032799467951016739 0.0036851161883637634 0 0.0057148721404438677 nan nan nan nan nan nan nan nan nan nan 0.00078698151879985634 0.023754197340628384 0.025976565817323452 0 0.03337932303892259 nan nan nan nan nan nan nan nan nan nan 0 0 0 0 running
7600 15.373623394524937 0.0020451032519266674 0.25 1083.294789 0.0033649801836491454 0.00013294596132358124 0.003269808007714029 0.0036954340407622556 0 0.005678900104438331 nan nan nan nan nan nan nan nan nan nan 0.00078386241135819379 0.02367661439434967 0.02612727212689972 0 0.032968160240511614 nan nan nan nan nan nan nan nan nan nan 0 0 0 0 running
7620 15.414315784599086 0.0020451136680560106 0.25 1085.2251240000001 0.0033537433399971287 0.00013235385659593639 0.0032602005160775279 0.0037059349642720586 0 0.0056442530989559044 nan nan nan nan nan nan nan nan nan nan 0.00078058667529457004 0.023576636001452822 0.026247342223668917 0 0.032552695101652283 nan nan nan nan nan nan nan nan nan nan 0 0 0 0 running
7640 15.455218169679098 0.0020451243391553411 0.25 1087.113981 0.0033429618693290178 0.00013176837394870129 0.0032510126791567033 0.0037167375262182308 0 0.0056103819937442104 nan nan nan nan nan nan nan nan nan nan 0.0007771144851160261 0.023452737305189313 0.0263375104280162 0 0.032128572190029882 nan nan nan nan nan nan nan nan nan nan 0 0 0 0 running
7660 15.496120770216061 0.0020451352025357104 0.25 1089.115583 0.0033326592088023031 0.0001311909904241487 0.0032422817009547826 0.0037277968647084045 0 0.005577366389365992 nan nan nan nan nan nan nan nan nan nan 0.00077345533838196756 0.023305358235836376 0.026396607441593386 0 0.031697784250237629 nan nan nan nan nan nan nan nan nan nan 0 0 0 0 running
7680 15.536812546660986 0.0020451461910317831 0.25 1091.007951 0.003322877657475797 0.00013062376007770652 0.0032340399407666406 0.0037390611524321113 0 0.0055453516052601671 nan nan nan nan nan nan nan nan nan nan 0.00076962004049324628 0.023135496522998764 0.026424091256941579 0 0.03126229440061952 nan nan nan nan nan nan nan nan nan nan 0 0 0 0 running
7700 15.577715587990181 0.002045157408916959 0.25 1093.086065 0.0033135313823037449 0.00013006066077283972 0.0032261934771429975 0.0037506528534739757 0 0.0055140560527478918 nan nan nan nan nan nan nan nan nan nan 0.00076555696798225048 0.022941264333741197 0.026419760767860373 0 0.030817117948111962 nan nan nan nan nan nan nan nan nan nan 0 0 0 0 running
7720 15.618406497985349 0.0020451687299546826 0.25 1094.9906840000001 0.003304745397851127 0.00012950786378171473 0.0032188147617223969 0.0037624556272865019 0 0.0054838943843520402 nan nan nan nan nan nan nan nan nan nan 0.0007612964704810099 0.022724491926431546 0.026383217000405561 0 0.030399221191355592 nan nan nan nan nan nan nan nan nan nan 0 0 0 0 running
7740 15.659309993417704 0.0020451802609076147 0.25 1096.938179 0.0032964601531687019 0.00012896026283344081 0.0032118170815582155 0.0037745955090242177 0 0.0054546564269090424 nan nan nan nan nan nan nan nan nan nan 0.00075678505199588963 0.022482923580483784 0.02631371491179393 0 0.030582012857513278 nan nan nan nan nan nan nan nan nan nan 0 0 0 0 running
7760 15.700000000000001 0.0018314709748210589 0.25 1098.8173959999999 0.0032887893065403559 0.00012842441565699423 0.0032052629434275118 0.0037869500233963945 0 0.0054267376633961766 nan nan nan nan nan nan nan nan nan nan 0.00075206512233882972 0.022487835493387179 0.026211712434365011 0 0.030741324937482772 nan nan nan nan nan nan nan nan nan nan 0 0 0 0 running
7780 15.740903961103902 0.0020452036704819566 0.25 1100.698382 0.0032816664477115782 0.00012789543090573028 0.0031990721862511268 0.0037996551300363579 0 0.0053998957553711997 nan nan nan nan nan nan nan nan nan nan 0.00074708676089740855 0.022532535807587704 0.026075935769751091 0 0.030879195912209882 nan nan nan nan nan nan nan nan nan nan 0 0 0 0 running
7800 15.781808159468635 0.0020452155887656686 0.25 1102.5971709999999 0.0032751314741151271 0.00012737645931656277 0.0031932675992148445 0.0038126543049137071 0 0.0053742827700389243 nan nan nan nan nan nan nan nan nan nan 0.00074187688838334154 0.022555754632196234 0.025906669416128909 0 0.030994315844162745 nan nan nan nan nan nan nan nan nan nan 0 0 0 0 running
7820 15.8224974698943 0.0020452275500271295 0.25 1104.4788940000001 0.0032691932369024812 0.0001268701579033565 0.0031878535475053909 0.0038258842637738152 0 0.0053499743386247536 nan nan nan nan nan nan nan nan nan nan 0.00073647322588532571 0.022557246931763197 0.025704934501612871 0 0.031085262510278294 nan nan nan nan nan nan nan nan nan nan 0 0 0 0 running
7840 15.863402147996942 0.0020452396690689998 0.25 1106.4005279999999 0.0032637803563061378 0.00012637077821059611 0.0031827719010983553 0.0038394911012164289 0 0.0053266887093880531 nan nan nan nan nan nan nan nan nan nan 0.00073081406315322894 0.022536732965951538 0.025468503173167085 0 0.031151764693193643 nan nan nan nan nan nan nan nan nan nan 0 0 0 0 running
7860 15.90409050300052 0.002045251806186991 0.25 1108.271692 0.0032589429624124725 0.00012588308278052766 0.0031780688045270514 0.0038533353639795941 0 0.0053046569028689147 nan nan nan nan nan nan nan nan nan nan 0.0007249583836269613 0.022494150723839118 0.025199828114723693 0 0.031191893410097316 nan nan nan nan nan nan nan nan nan nan 0 0 0 0 running
7880 15.944995667874368 0.0020452640782896237 0.25 1110.2314510000001 0.0032546167930894961 0.00012540109834389902 0.0031736818505521867 0.0038675664418600549 0 0.0052836162089149258 nan nan nan nan nan nan nan nan nan nan 0.00071883901753422297 0.022428813212038979 0.025205806266909409 0 0.031205088939819933 nan nan nan nan nan nan nan nan nan nan 0 0 0 0 running
7900 15.985901078820774 0.0020452764084495033 0.25 1112.447872 0.0032508782608885087 0.00012492984155355039 0.0031696785665107272 0.0038821108133302263 0 0.0052638192682028795 nan nan nan nan nan nan nan nan nan nan 0.00071247859100870281 0.022340717766562591 0.02544065336187179 0 0.031194350126822899 nan nan nan nan nan nan nan nan nan nan 0 0 0 0 running
7920 16.026588705026015 0.0020452887180149046 0.25 1114.626391 0.0032478160596893777 0.00012447261309642439 0.0031660509517814554 0.0038968862650532203 0 0.0052456125633174085 nan nan nan nan nan nan nan nan nan nan 0.00070590344855747666 0.02223035813468208 0.025645612020208573 0 0.031171165815922407 nan nan nan nan nan nan nan nan nan nan 0 0 0 0 running
7940 16.067494609629509 0.0020453011263351847 0.25 1116.457958 0.0032453860365184405 0.0001240235959663929 0.0031627118679870233 0.0039120516850851402 0 0.005228802542753405 nan nan nan nan nan nan nan nan nan nan 0.00069903830605089201 0.022096417526203609 0.025822244550882771 0 0.031126509061776535 nan nan nan nan nan nan nan nan nan nan 0 0 0 0 running
7960 16.108181250222291 0.0020453134881083614 0.25 1118.304214 0.0032435866731533635 0.00012358748062663195 0.0031596844653429676 0.0039274466476107786 0 0.0052134974417912643 nan nan nan nan nan nan nan nan nan nan 0.00069195422983658883 0.021940236426806727 0.025968048672358579 0 0.031051139666985226 nan nan nan nan nan nan nan nan nan nan 0 0 0 0 running
7980 16.149087650559085 0.002045325923936003 0.25 1120.1660340000001 0.0032423576156501584 0.00012315891978776231 0.0031569239235531791 0.0039432382221699916 0 0.0051994182447091955 nan nan nan nan nan nan nan nan nan nan 0.00068456989781046085 0.021760075272213832 0.026084023108356981 0 0.030938235467265585 nan nan nan nan nan nan nan nan nan nan 0 0 0 0 running
8000 16.189994299575773 0.0020453383542153158 0.25 1122.156649 0.0032416671098419209 0.0001227393705418897 0.0031544370844507775 0.0039593429576947718 0 0.0051865299888912081 nan nan nan nan nan nan nan nan nan nan 0.00067691496389321593 0.021556713390167244 0.026168779453255228 0 0.030786661594916286 nan nan nan nan nan nan nan nan nan nan 0 0 0 0 running
8020 16.230680195355937 0.0020453506988761189 0.25 1124.0534990000001 0.0032414820263061499 0.0001223302367153914 0.0031522275164321298 0.0039756674701611804 0 0.0051748037449612129 nan nan nan nan nan nan nan nan nan nan 0.00066902506547994456 0.021331477480167799 0.026221643478769801 0 0.030599624068067943 nan nan nan nan nan nan nan nan nan nan 0 0 0 0 running
8040 16.271587339385693 0.0020453630786567123 0.25 1125.9592070000001 0.0032417836497776911 0.00012192665959626386 0.0031502652312507106 0.0039923824510313842 0 0.005164073139197302 nan nan nan nan nan nan nan nan nan nan 0.00066554024911752441 0.021081976467440512 0.026242747163723604 0 0.030378741831374768 nan nan nan nan nan nan nan nan nan nan 0 0 0 0 running
8060 16.312272242841143 0.0020453753459358532 0.25 1127.876254 0.0032425680572657945 0.0001215330977358125 0.0031485661700812271 0.0040092974811082238 0 0.0051544672388867093 nan nan nan nan nan nan nan nan nan nan 0.00066798340589285798 0.020810979944044981 0.026231445035600504 0 0.030129784673677211 nan nan nan nan nan nan nan nan nan nan 0 0 0 0 running
8080 16.353179878764674 0.002045387621811042 0.25 1129.7232590000001 0.0032438573810795171 0.00012114591768596531 0.0031471064443846144 0.0040265862930039045 0 0.0051459402506494629 nan nan nan nan nan nan nan nan nan nan 0.00066996914731143331 0.02051561804566137 0.026187219916742489 0 0.030267664941064351 nan nan nan nan nan nan nan nan nan nan 0 0 0 0 running
8100 16.394087759476729 0.0020453998262165971 0.25 1131.6535960000001 0.0032456715319956397 0.00012076851697630099 0.0031458903610474187 0.0040441449367171391 0 0.0051386378545715825 nan nan nan nan nan nan nan nan nan nan 0.00067148237341391193 0.020252087091231545 0.026109693386025683 0 0.030468851696229607 nan nan nan nan nan nan nan nan nan nan 0 0 0 0 running
8120 16.434771919680649 0.0020454118799559232 0.25 1133.5117319999999 0.0032480127679275429 0.00012040418289329409 0.0031449170215508103 0.0040618632393672558 0 0.005132660273978829 nan nan nan nan nan nan nan nan nan nan 0.0006725023496958471 0.020290398941781015 0.026183727234126569 0 0.030648317611824648 nan nan nan nan nan nan nan nan nan nan 0 0 0 0 running
8140 16.475680283689631 0.0020454239024348363 0.25 1135.424268 0.0032509021906249442 0.00012004980986745581 0.003144167627428706 0.0040799247936986437 0 0.0051279466569567117 nan nan nan nan nan nan nan nan nan nan 0.00067372643350105399 0.020308333799484435 0.026304357884230415 0 0.030807642165009093 nan nan nan nan nan nan nan nan nan nan 0 0 0 0 running
8160 16.516363469372841 0.0020454357483820611 0.25 1137.292762 0.0032543198960378371 0.00011971084329084346 0.0031436429108163415 0.0040981193928992252 0 0.0051246059295866481 nan nan nan nan nan nan nan nan nan nan 0.00067671004025660064 0.020305404397880464 0.026390890959375565 0 0.030944304533421167 nan nan nan nan nan nan nan nan nan nan 0 0 0 0 running
8180 16.557272308327029 0.0020454475358835035 0.25 1139.209466 0.0032583026260270568 0.00011938463621371773 0.0031433296361243878 0.0041166364984138613 0 0.0051226175009558518 nan nan nan nan nan nan nan nan nan nan 0.00067881233646005512 0.020281315145274988 0.026444101842288292 0 0.031058831340379973 nan nan nan nan nan nan nan nan nan nan 0 0 0 0 running
8200 16.598181381608523 0.0020454591858045331 0.25 1141.077736 0.0032628159679381945 0.00011907359483580196 0.0031432240233166494 0.004135363345040304 0 0.0051219697798715411 nan nan nan nan nan nan nan nan nan nan 0.00067999463202683685 0.020235784058794178 0.026463268382865335 0 0.031149365475725929 nan nan nan nan nan nan nan nan nan nan 0 0 0 0 running
8220 16.63886384374452 0.0020454706217537134 0.25 1142.9787080000001 0.0032678059757128759 0.00011877942941579644 0.003143318602365663 0.0041541808686611026 0 0.0051225970362838045 nan nan nan nan nan nan nan nan nan nan 0.00068022935033973386 0.020169031062715219 0.026448389813601599 0 0.031214634897975945 nan nan nan nan nan nan nan nan nan nan 0 0 0 0 running
8240 16.679773375496037 0.0020454819582805617 0.25 1144.8340189999999 0.0032733077494513894 0.0001184989375153954 0.0031436161563025127 0.0041732849706072189 0 0.0051244556911771658 nan nan nan nan nan nan nan nan nan nan 0.00067949550101975564 0.020080148328980002 0.026583545069350598 0 0.031254557422702126 nan nan nan nan nan nan nan nan nan nan 0 0 0 0 running
8260 16.72045490559373 0.0020454930564604845 0.25 1146.7025180000001 0.0032792726074762353 0.00011823773189439428 0.0031441330141288395 0.0041924475012160211 0 0.0051275701407673645 nan nan nan nan nan nan nan nan nan nan 0.00068408086757243414 0.019970031353156375 0.02699531581985223 0 0.0312683919245062 nan nan nan nan nan nan nan nan nan nan 0 0 0 0 running
8280 16.761364882251325 0.002045504028213524 0.25 1148.550328 0.0032857937549814723 0.00011799634263802414 0.0031448978298622291 0.004211860000446278 0 0.0051320690604149894 nan nan nan nan nan nan nan nan nan nan 0.00069509984762705646 0.01983740705210215 0.027377874616736981 0 0.031263457089164295 nan nan nan nan nan nan nan nan nan nan 0 0 0 0 running
8300 16.802045514738388 0.0020455147383882807 0.25 1150.4133770000001 0.0032927556879499766 0.0001177730564253444 0.0031458332158467608 0.0042312861519038071 0 0.0051378283825559172 nan nan nan nan nan nan nan nan nan nan 0.00070521268031709106 0.019683773662843334 0.027726359689107336 0 0.031239011173217514 nan nan nan nan nan nan nan nan nan nan 0 0 0 0 running
8320 16.842955920721547 0.0020455252954438004 0.25 1152.3040530000001 0.0033002018132828803 0.0001175655726315705 0.0031469459633101204 0.0042509269422151543 0 0.0051448216309280667 nan nan nan nan nan nan nan nan nan nan 0.00071463952064176883 0.019507462954346324 0.028043500207719507 0 0.03118895739382975 nan nan nan nan nan nan nan nan nan nan 0 0 0 0 running
8340 16.88386653548827 0.0020455356260436811 0.25 1154.140095 0.0033080667162549838 0.00011737587840142466 0.0031482290297906025 0.0042706536877788869 0 0.0051529526442791965 nan nan nan nan nan nan nan nan nan nan 0.0007232756604480528 0.01930930137056238 0.028326176695833517 0 0.03110865404132292 nan nan nan nan nan nan nan nan nan nan 0 0 0 0 running
8360 16.924546514884689 0.0020455456620856729 0.25 1156.0438260000001 0.0033162735960921112 0.00011720540263716956 0.0031496720396196301 0.0042903338564941338 0 0.0051620942607569324 nan nan nan nan nan nan nan nan nan nan 0.00073092747762448784 0.019090533947853938 0.028572601689724968 0 0.030996108782895434 nan nan nan nan nan nan nan nan nan nan 0 0 0 0 running
8380 16.965457531913067 0.0020455555060841625 0.25 1158.2013629999999 0.0033248789608635921 0.00011705228270339267 0.003151289533932311 0.0043101699366849561 0 0.0051722537326881601 nan nan nan nan nan nan nan nan nan nan 0.00073759851721766356 0.018848659314758515 0.028785333380953543 0 0.03084937433332309 nan nan nan nan nan nan nan nan nan nan 0 0 0 0 running
8400 17.006136693686813 0.0020455650353444601 0.25 1160.449883 0.0033337420718567551 0.00011691792363377978 0.0031530592988406403 0.0043299172224538383 0 0.0051831983477544268 nan nan nan nan nan nan nan nan nan nan 0.00074324692881511112 0.018586560984135789 0.028961591970467597 0 0.030670946830233106 nan nan nan nan nan nan nan nan nan nan 0 0 0 0 running
8420 17.047048092636409 0.0020455743479609748 0.25 1162.3816859999999 0.0033429184658948221 0.00011680021995438341 0.0031549961423556869 0.0043497798569550753 0 0.0051949294118852256 nan nan nan nan nan nan nan nan nan nan 0.00074800043483003176 0.01830153988792399 0.02910284490720862 0 0.030460376073460482 nan nan nan nan nan nan nan nan nan nan 0 0 0 0 running
8440 17.087959674894005 0.0020455833784791713 0.25 1164.2557959999999 0.0033523445372798475 0.00011670046040471186 0.0031570954918488233 0.004369622127072658 0 0.0052073602725024081 nan nan nan nan nan nan nan nan nan nan 0.00075183777084197878 0.01799532988410215 0.029207487254067709 0 0.03022034134066565 nan nan nan nan nan nan nan nan nan nan 0 0 0 0 running
8460 17.128638249548651 0.002045592066977805 0.25 1166.1615609999999 0.0033619589167686063 0.00011661960808672216 0.0031593442432995443 0.0043893069950180176 0 0.0052204182507750588 nan nan nan nan nan nan nan nan nan nan 0.0007547078508784999 0.01767006068647714 0.029274880445988867 0 0.029953916825620923 nan nan nan nan nan nan nan nan nan nan 0 0 0 0 running
8480 17.169550179970603 0.0020456005020064636 0.25 1168.0259940000001 0.0033718680932328334 0.00011655748710455819 0.0031617684030540295 0.0044090361691003438 0 0.005234262810369969 nan nan nan nan nan nan nan nan nan nan 0.00075659908128578035 0.017714258329186942 0.02930544797215396 0 0.029659013787648125 nan nan nan nan nan nan nan nan nan nan 0 0 0 0 running
8500 17.210228038890843 0.0020456085767419463 0.25 1169.8731419999999 0.003381951448808635 0.00011651561818198847 0.0031643395499272118 0.0044285617337230234 0 0.0052487330189850941 nan nan nan nan nan nan nan nan nan nan 0.00075746628393180693 0.017752396934945007 0.029298457511059955 0 0.029339457585282405 nan nan nan nan nan nan nan nan nan nan 0 0 0 0 running
8520 17.251140292846369 0.0020456163741365148 0.25 1171.6946459999999 0.0033923114683708355 0.00011649428255590866 0.0031670863542919824 0.0044480874039154218 0 0.0052639716038291595 nan nan nan nan nan nan nan nan nan nan 0.00075731816856761114 0.017771389963093059 0.029253495777744023 0 0.028991620334666388 nan nan nan nan nan nan nan nan nan nan 0 0 0 0 running
8540 17.292052699254715 0.0020456238372015007 0.25 1173.581457 0.0034028691282190476 0.00011649434670896935 0.0031699933286253533 0.0044674806342785405 0 0.0052798465569496543 nan nan nan nan nan nan nan nan nan nan 0.00075615914751570035 0.018073947482296231 0.029170296926246984 0 0.028617055406778887 nan nan nan nan nan nan nan nan nan nan 0 0 0 0 running
8560 17.332730052446689 0.0020456309171093768 0.25 1175.4740830000001 0.0034135337435047242 0.00011651589685999663 0.0031730414736605272 0.0044866119993644269 0 0.0052961880357097557 nan nan nan nan nan nan nan nan nan nan 0.00075402115500511346 0.018478382851279476 0.029102225426473224 0 0.02821782151032929 nan nan nan nan nan nan nan nan nan nan 0 0 0 0 running
8580 17.373642742468174 0.0020456376873932221 0.25 1177.595648 0.0034243952210454847 0.00011655915700856431 0.0031762658481895769 0.0045056845932305309 0 0.0053130940816498622 nan nan nan nan nan nan nan nan nan nan 0.00075089317587850868 0.018865289176588505 0.029516454378250463 0 0.027788998011872172 nan nan nan nan nan nan nan nan nan nan 0 0 0 0 running
8600 17.414319501850464 0.0020456440619637814 0.25 1179.676185 0.0034352930275694435 0.0001166233970404498 0.0031796298388957504 0.0045244612853525771 0 0.0053302714822557025 nan nan nan nan nan nan nan nan nan nan 0.0007468164769902641 0.019229608865356407 0.029893744910610361 0 0.027335377135638363 nan nan nan nan nan nan nan nan nan nan 0 0 0 0 running
8620 17.455232447177682 0.0020456501067006184 0.25 1181.926684 0.0034463168082250659 0.00011670895296648638 0.0031831736456722085 0.0045431427450349018 0 0.0053478160283713131 nan nan nan nan nan nan nan nan nan nan 0.00074173898343266043 0.019574961227438365 0.030237743908266109 0 0.027242758807023659 nan nan nan nan nan nan nan nan nan nan 0 0 0 0 running
8640 17.496145509468619 0.0020456557759013375 0.25 1184.0460410000001 0.0034573756931471828 0.00011681679293110381 0.0031868952484672181 0.0045616025539799415 0 0.0053655445268429979 nan nan nan nan nan nan nan nan nan nan 0.000737550521270669 0.019898554441563104 0.030545415006327247 0 0.027412991340472776 nan nan nan nan nan nan nan nan nan nan 0 0 0 0 running
8660 17.536821858749711 0.002045661032985268 0.25 1186.190038 0.0034684063730998091 0.00011694834756741646 0.0031907907193216012 0.0045797193357761667 0 0.0053833597613207268 nan nan nan nan nan nan nan nan nan nan 0.00074438361106299311 0.020198148781865401 0.030814580016928127 0 0.027548135731596386 nan nan nan nan nan nan nan nan nan nan 0 0 0 0 running
8680 17.577735131506454 0.0020456659324603736 0.25 1188.247805 0.003479495374933324 0.00011710070597314327 0.0031948696119730373 0.0045976890240632231 0 0.005401369413960906 nan nan nan nan nan nan nan nan nan nan 0.00075036336601114195 0.020476752510304379 0.031047713983397552 0 0.027649110543050377 nan nan nan nan nan nan nan nan nan nan 0 0 0 0 running
8700 17.618411025849106 0.0020456704114757383 0.25 1190.4150239999999 0.0034904798183120764 0.00011727170459911725 0.0031990873176245965 0.0046152899486811986 0 0.0054192650037930149 nan nan nan nan nan nan nan nan nan nan 0.00075540233891574493 0.020730692155677032 0.031241523693695379 0 0.027714957113702143 nan nan nan nan nan nan nan nan nan nan 0 0 0 0 running
8720 17.659324477854941 0.002045674516709776 0.25 1192.503647 0.0035014575491998795 0.00011746285386887598 0.0032034922715466381 0.0046327158025896023 0 0.0054371691973657257 nan nan nan nan nan nan nan nan nan nan 0.00075954757728413647 0.020962479943892765 0.031397735468745941 0 0.027746767858593684 nan nan nan nan nan nan nan nan nan nan 0 0 0 0 running
8740 17.699999999999999 0.0018076705091836232 0.25 1194.6230390000001 0.0035122632466041961 0.00011767111711394196 0.0032080351467836236 0.0046497545331256511 0 0.0054547605221594124 nan nan nan nan nan nan nan nan nan nan 0.00076274404289744524 0.021168991613973207 0.031514046514130055 0 0.027744208592407969 nan nan nan nan nan nan nan nan nan nan 0 0 0 0 running
8760 17.740913599134444 0.0020456814850407061 0.25 1196.7645070000001 0.0035229824788638232 0.00011789784861961239 0.0032127703146431364 0.0046665976461717105 0 0.0054721203516818603 nan nan nan nan nan nan nan nan nan nan 0.00076502516541904209 0.021352217712022118 0.03159137075281649 0 0.027707151174333058 nan nan nan nan nan nan nan nan nan nan 0 0 0 0 running
8780 17.781827259709313 0.0020456843592968634 0.25 1199.015887 0.0035335124701730315 0.0001181406162655843 0.0032176733588333162 0.0046831376589502906 0 0.0054890249136167971 nan nan nan nan nan nan nan nan nan nan 0.00076636626658149742 0.021510486141849763 0.031628521644595564 0 0.027634511653356952 nan nan nan nan nan nan nan nan nan nan 0 0 0 0 running
8800 17.822502548429856 0.0020456868009481061 0.25 1201.1666190000001 0.0035437586790641683 0.0001183964943963333 0.0032227166228162201 0.0046992753253318068 0 0.0055052719399753007 nan nan nan nan nan nan nan nan nan nan 0.00076676412509890657 0.021642784201890874 0.031625308624039956 0 0.027526991608280288 nan nan nan nan nan nan nan nan nan nan 0 0 0 0 running
8820 17.863416306514331 0.002045688835208264 0.25 1203.2376959999999 0.0035538138746438659 0.00011866720755586965 0.0032279622399963626 0.0047151950664892101 0 0.0055209671828422048 nan nan nan nan nan nan nan nan nan nan 0.00076621892252082269 0.021750310120767998 0.031581410925333397 0 0.027385610887683032 nan nan nan nan nan nan nan nan nan nan 0 0 0 0 running
8840 17.904091380800224 0.0020456904352990544 0.25 1205.3465900000001 0.0035635391177772399 0.00011894842116330714 0.0032333517406897736 0.0047307075170398552 0 0.0055358603127198501 nan nan nan nan nan nan nan nan nan nan 0.00076473165818136124 0.021831437955224364 0.031497101441019686 0 0.027211715236497964 nan nan nan nan nan nan nan nan nan nan 0 0 0 0 running
8860 17.945005202633919 0.0020456916175819609 0.25 1207.423888 0.0035730315309359579 0.00011924238873922082 0.0032389508257028065 0.0047459926781610578 0 0.0055500724234519025 nan nan nan nan nan nan nan nan nan nan 0.00076228016761681339 0.02208771328351793 0.031371207006660906 0 0.027001975542700306 nan nan nan nan nan nan nan nan nan nan 0 0 0 0 running
8880 17.98591904360056 0.002045692369868984 0.25 1209.5217729999999 0.0035822199864274794 0.00011954659005575917 0.0032447303869521556 0.0047609584319673343 0 0.0055634708854883884 nan nan nan nan nan nan nan nan nan nan 0.00075886840646155473 0.022397255121810702 0.031203958325984302 0 0.026758246493018587 nan nan nan nan nan nan nan nan nan nan 0 0 0 0 running
8900 18.026594004202774 0.0020456926902526818 0.25 1211.6294909999999 0.003591042991246126 0.00011985837989780843 0.0032506566984884743 0.0047755219538864729 0 0.0055759486986680781 nan nan nan nan nan nan nan nan nan nan 0.00075452520970470394 0.022679965278616591 0.031089505521815396 0 0.026962938861929731 nan nan nan nan nan nan nan nan nan nan 0 0 0 0 running
8920 18.067507857586381 0.0020456925816631174 0.25 1213.730787 0.0035995943867822471 0.00012018068763007874 0.0032567991333503515 0.0047898583942665102 0 0.0055876176781321672 nan nan nan nan nan nan nan nan nan nan 0.00074920162247760214 0.022938648697310583 0.031490046163251038 0 0.027243514622532185 nan nan nan nan nan nan nan nan nan nan 0 0 0 0 running
8940 18.108182768399388 0.0020456920451461199 0.25 1215.984551 0.0036077683869457358 0.00012050911128842758 0.0032630862398501893 0.0048038064608825161 0 0.0055983169703943524 nan nan nan nan nan nan nan nan nan nan 0.00074296416951008526 0.023169775669802693 0.031851129418640184 0 0.02748870385956861 nan nan nan nan nan nan nan nan nan nan 0 0 0 0 running
8960 18.149096599829345 0.0020456910745642299 0.25 1218.099426 0.0036156544047931407 0.00012084688556172074 0.0032695949399806092 0.0048175393283358247 0 0.0056081408374916049 nan nan nan nan nan nan nan nan nan nan 0.00073574709184393017 0.02337558551623695 0.032176218720745456 0 0.027700850449695905 nan nan nan nan nan nan nan nan nan nan 0 0 0 0 running
8980 18.190010407314947 0.0020456896724507742 0.25 1220.1825269999999 0.0036231872283615132 0.00012119098011512174 0.0032762885697822479 0.0048309854993550932 0 0.0056169612351950286 nan nan nan nan nan nan nan nan nan nan 0.00072759383851300763 0.02355418983249602 0.032462358677326483 0 0.027878471230575557 nan nan nan nan nan nan nan nan nan nan 0 0 0 0 running
9000 18.230685327970196 0.0020456878521200785 0.25 1222.2518190000001 0.0036303113223883536 0.00012153808242350586 0.0032831264406625567 0.0048440812661376632 0 0.0056246766523510268 nan nan nan nan nan nan nan nan nan nan 0.00071856980903645118 0.023704348336269356 0.032707551663874977 0 0.028020315994883031 nan nan nan nan nan nan nan nan nan nan 0 0 0 0 running
9020 18.271599062014136 0.0020456855941776426 0.25 1224.3026010000001 0.0036371185202935517 0.00012189248831128143 0.0032902035403273547 0.0048569948415444009 0 0.0056313816818817641 nan nan nan nan nan nan nan nan nan nan 0.00071420457413345906 0.023827446892847465 0.032914051107705442 0 0.028127312493543347 nan nan nan nan nan nan nan nan nan nan 0 0 0 0 running
9040 18.312274099704894 0.0020456829273405655 0.25 1226.6303399999999 0.0036435246346831563 0.00012224791567090157 0.0032974224323331059 0.004869592021646961 0 0.0056369755286224147 nan nan nan nan nan nan nan nan nan nan 0.00071648317418787633 0.023921708109938919 0.033078874462000238 0 0.028198648765331593 nan nan nan nan nan nan nan nan nan nan 0 0 0 0 running
9060 18.353187726357174 0.0020456798230203336 0.25 1228.718828 0.0036495804408111536 0.00012260654203095035 0.0033048661807979478 0.004882038957305347 0 0.0056414279887257966 nan nan nan nan nan nan nan nan nan nan 0.00071793127836156101 0.023987908571204513 0.033203402332320525 0 0.028235560677070032 nan nan nan nan nan nan nan nan nan nan 0 0 0 0 running
9080 18.394101286510494 0.0020456762990996805 0.25 1230.801547 0.0036552385469440607 0.00012297055553335613 0.0033125138769153433 0.0048942808273985741 0 0.0056446425409942902 nan nan nan nan nan nan nan nan nan nan 0.00071852376252645733 0.024025105930019348 0.033286033456516761 0 0.028237145103519649 nan nan nan nan nan nan nan nan nan nan 0 0 0 0 running
9100 18.434776457931264 0.0020456723840938489 0.25 1232.893086 0.0036604498648993766 0.00012332940422327769 0.0033202896492226081 0.0049062688229407217 0 0.0056465439702147301 nan nan nan nan nan nan nan nan nan nan 0.00071825876275311007 0.02403308028058216 0.033326200417229633 0 0.028203381866569108 nan nan nan nan nan nan nan nan nan nan 0 0 0 0 running
9120 18.475689860642905 0.0020456680365204768 0.25 1235.374309 0.0036652730254717902 0.00012368586185741416 0.003328282978053564 0.0049181651307694807 0 0.0056471247310745992 nan nan nan nan nan nan nan nan nan nan 0.00071713139589379971 0.024011699567275127 0.033323970891100813 0 0.028133525018288193 nan nan nan nan nan nan nan nan nan nan 0 0 0 0 running
9140 18.516365313357237 0.0020456633117611005 0.25 1237.4438680000001 0.0036696602030252138 0.00012403479975400805 0.0033363988534604924 0.0049298537180653178 0 0.0056463820634004482 nan nan nan nan nan nan nan nan nan nan 0.00071515617119827235 0.023961038614233519 0.033279012285352613 0 0.028027945070959098 nan nan nan nan nan nan nan nan nan nan 0 0 0 0 running
9160 18.557278526162417 0.0020456581602957191 0.25 1239.609226 0.0036736847384825091 0.00012437980865578433 0.0033447275023324448 0.0049414951075969953 0 0.0056443557195424154 nan nan nan nan nan nan nan nan nan nan 0.00071231248380559942 0.023880398429965925 0.033190485140516521 0 0.027885984057062382 nan nan nan nan nan nan nan nan nan nan 0 0 0 0 running
9180 18.598191631790229 0.0020456526147802244 0.25 1242.088068 0.0036773388554826249 0.00012471814328549811 0.0033532231327773054 0.0049530466680055866 0 0.0056410791521935453 nan nan nan nan nan nan nan nan nan nan 0.00070861123144655425 0.023832560273759979 0.033058272816663202 0 0.027709653409054912 nan nan nan nan nan nan nan nan nan nan 0 0 0 0 running
9200 18.638867338966136 0.0020456467173054524 0.25 1244.340418 0.0036806142386579138 0.00012504682063279739 0.0033618314975874357 0.004964469643751062 0 0.0056365857839484456 nan nan nan nan nan nan nan nan nan nan 0.00070408204350130843 0.02405025967195451 0.032883341900839476 0 0.027500270577500117 nan nan nan nan nan nan nan nan nan nan 0 0 0 0 running
9220 18.679780207671683 0.0020456404061991278 0.25 1246.4958810000001 0.0036835581329506409 0.00012536847545415079 0.003370650825089248 0.004975925639939878 0 0.0056308225314433812 nan nan nan nan nan nan nan nan nan nan 0.00069867261317796414 0.024241183246188926 0.032663547821674313 0 0.027254155424841723 nan nan nan nan nan nan nan nan nan nan 0 0 0 0 running
9240 18.72045635293826 0.0020456337621633782 0.25 1248.654761 0.0036861520402892657 0.00012567842101326651 0.0033795749089664605 0.0049873108773996538 0 0.0056238770347501943 nan nan nan nan nan nan nan nan nan nan 0.00069244733023748894 0.024402651065043034 0.032401400516574308 0 0.027154098144221143 nan nan nan nan nan nan nan nan nan nan 0 0 0 0 running
9260 18.761368954796357 0.0020456267160649951 0.25 1250.7577960000001 0.0036884417236492345 0.00012597904473956182 0.0033887007027750492 0.004998787624007418 0 0.0056156897048493838 nan nan nan nan nan nan nan nan nan nan 0.00068533710981483198 0.024536159502574331 0.03246021450350748 0 0.027285647811446271 nan nan nan nan nan nan nan nan nan nan 0 0 0 0 running
9280 18.802045619357838 0.0020456193578363827 0.25 1252.8746329999999 0.0036904235069001815 0.00012626584238811529 0.0033979180545773407 0.0050102533115005113 0 0.0056063981206679117 nan nan nan nan nan nan nan nan nan nan 0.00067742819106186847 0.024639757894978732 0.032823615849874602 0 0.027378379570047712 nan nan nan nan nan nan nan nan nan nan 0 0 0 0 running
9300 18.842957925742859 0.0020456116111013281 0.25 1255.123969 0.0036921477659990799 0.00012654126173457361 0.0034073283700808013 0.0050218711969076801 0 0.0055959526444610075 nan nan nan nan nan nan nan nan nan nan 0.00066863458372579121 0.024714298288395737 0.033149646512679924 0 0.027578346259256904 nan nan nan nan nan nan nan nan nan nan 0 0 0 0 running
9320 18.883870073634469 0.0020456035270033503 0.25 1257.2733639999999 0.0036936328224421097 0.00012680289512142752 0.0034168727212739143 0.0050336051784304154 0 0.0055844729272501491 nan nan nan nan nan nan nan nan nan nan 0.00065900720473943686 0.024758815791162996 0.03343529012177629 0 0.02782834287203461 nan nan nan nan nan nan nan nan nan nan 0 0 0 0 running
9340 18.924547170055625 0.0020455951646533234 0.25 1259.3653260000001 0.0036949153029560088 0.00012705034133941845 0.0034265017310430908 0.0050454165329449768 0 0.0055721370754049293 nan nan nan nan nan nan nan nan nan nan 0.00064861623334772078 0.024772997162860511 0.033678516272248341 0 0.028043688221775984 nan nan nan nan nan nan nan nan nan nan 0 0 0 0 running
9360 18.965458982233084 0.002045586437603269 0.25 1261.540904 0.0036960776720735338 0.00012728732030144025 0.0034363208311554453 0.0050574713258743544 0 0.0055589955622773165 nan nan nan nan nan nan nan nan nan nan 0.00063734687084210373 0.024756704202320921 0.033881457327004608 0 0.028226218725823655 nan nan nan nan nan nan nan nan nan nan 0 0 0 0 running
9380 19.006136733746882 0.0020455774572375896 0.25 1263.684317 0.0036971301897670153 0.00012750925351129075 0.0034461890712419066 0.0050696616048436427 0 0.0055452602904038188 nan nan nan nan nan nan nan nan nan nan 0.0006465635566810235 0.02470994174347373 0.034041170622692817 0 0.028372716520723009 nan nan nan nan nan nan nan nan nan nan 0 0 0 0 running
9400 19.04704818545753 0.0020455681321880337 0.25 1265.8865960000001 0.0036981104617331258 0.00012771837524360328 0.0034562069213159093 0.0050821531141693839 0 0.00553083595794628 nan nan nan nan nan nan nan nan nan nan 0.00065531110551264593 0.024631903852760977 0.03415890379346475 0 0.028489141912292258 nan nan nan nan nan nan nan nan nan nan 0 0 0 0 running
9420 19.087959447684423 0.0020455585249297297 0.25 1268.0979150000001 0.0036990222437199793 0.00012791205030813401 0.0034663121181932191 0.0050949125095125572 0 0.0055157966899389271 nan nan nan nan nan nan nan nan nan nan 0.0006629935632763706 0.024522611654324671 0.034233077943208831 0 0.028549873812742588 nan nan nan nan nan nan nan nan nan nan 0 0 0 0 running
9440 19.128637727127337 0.0020455487044104105 0.25 1270.17905 0.0036998780904845038 0.00012808870151120657 0.0034764365367740166 0.0051078951604845609 0 0.0055002616975979024 nan nan nan nan nan nan nan nan nan nan 0.00066960702218576973 0.024384236916314892 0.034263156703992076 0 0.028558082126614415 nan nan nan nan nan nan nan nan nan nan 0 0 0 0 running
9460 19.169548595229379 0.0020455385706952731 0.25 1272.247081 0.0037007241881374417 0.00012825014526315616 0.0034866883487048904 0.0051212756230499899 0 0.0054841489618104927 nan nan nan nan nan nan nan nan nan nan 0.00067562292647649347 0.02421527454635607 0.034249055475646967 0 0.028540530418845116 nan nan nan nan nan nan nan nan nan nan 0 0 0 0 running
9480 19.210227646496993 0.0020455282516256604 0.25 1274.371257 0.0037015976298958894 0.00012839461257693126 0.0034969446438790999 0.0051349241049215054 0 0.0054677758262438756 nan nan nan nan nan nan nan nan nan nan 0.00068101473193027395 0.024016430355985961 0.034190632070936998 0 0.028500409258576498 nan nan nan nan nan nan nan nan nan nan 0 0 0 0 running
9500 19.251138100512129 0.0020455176429574895 0.25 1276.5062190000001 0.0037025596840920753 0.00012852405361989575 0.0035073150140372449 0.0051490173843425956 0 0.0054511085117623379 nan nan nan nan nan nan nan nan nan nan 0.00068564969786766294 0.023784791812884433 0.034087029013155717 0 0.028424606108804523 nan nan nan nan nan nan nan nan nan nan 0 0 0 0 running
9520 19.292048340043639 0.0020455068164552301 0.25 1278.607465 0.0037036565759731234 0.00012863803200219539 0.0035177325794944472 0.0051635004025436786 0 0.005434393573579486 nan nan nan nan nan nan nan nan nan nan 0.00068941852612103283 0.02382120276904149 0.033938259067835964 0 0.028308340371625079 nan nan nan nan nan nan nan nan nan nan 0 0 0 0 running
9540 19.332728000039442 0.0020454958485829839 0.25 1280.6586520000001 0.0037049296919202065 0.00012873659292875615 0.0035281290621058054 0.0051783086336375248 0 0.0054178752307450151 nan nan nan nan nan nan nan nan nan nan 0.00069237851651871019 0.023959915017983432 0.033745288361103042 0 0.028401630293427318 nan nan nan nan nan nan nan nan nan nan 0 0 0 0 running
9560 19.373637799511044 0.0020454846292066752 0.25 1282.680566 0.0037064435943905123 0.00012882169632255657 0.0035386129504026299 0.0051936279968699227 0 0.0054015249865126611 nan nan nan nan nan nan nan nan nan nan 0.000694622220608343 0.024070375154552657 0.033505677167076052 0 0.02873186942565556 nan nan nan nan nan nan nan nan nan nan 0 0 0 0 running
9580 19.41431832512718 0.0020454732995106957 0.25 1284.7784360000001 0.0037082316498182597 0.0001288933856551561 0.0035490569173341397 0.0052093025151674667 0 0.0053856901731993666 nan nan nan nan nan nan nan nan nan nan 0.00069610267428443784 0.024151212902252805 0.033221972315255449 0 0.029022619446949043 nan nan nan nan nan nan nan nan nan nan 0 0 0 0 running
9600 19.455227670072503 0.0020454617474242862 0.25 1286.868385 0.0037103620139163681 0.00012895334141326629 0.0035595679611841458 0.0052255226368173582 0 0.0053703530153172141 nan nan nan nan nan nan nan nan nan nan 0.00069678850009968762 0.024202965717615398 0.032891003465315587 0 0.029276182158024144 nan nan nan nan nan nan nan nan nan nan 0 0 0 0 running
9620 19.496136782436331 0.0020454500509835389 0.25 1288.927966 0.0037128664518345515 0.00012900181629033422 0.0035700762077706502 0.0052422132375610107 0 0.0053557446933023521 nan nan nan nan nan nan nan nan nan nan 0.0006966552358800282 0.02422464283422724 0.033054853778206418 0 0.029490315699803031 nan nan nan nan nan nan nan nan nan nan 0 0 0 0 running
9640 19.536817979897126 0.0020454382909583864 0.25 1290.977656 0.0037157866032801832 0.00012903998645590368 0.0035805052858268716 0.0052592863181980688 0 0.0053421520390998138 nan nan nan nan nan nan nan nan nan nan 0.00070258314053606163 0.024216033189410915 0.033417473069345623 0 0.029663964522566484 nan nan nan nan nan nan nan nan nan nan 0 0 0 0 running
9660 19.577726620522345 0.0020454263507918005 0.25 1293.051647 0.0037192110814090844 0.00012907170234933879 0.0035909656970878568 0.0052769400583390549 0 0.005329621451760737 nan nan nan nan nan nan nan nan nan nan 0.00071687528307229353 0.024176837135067429 0.033741437223246462 0 0.029798949901593916 nan nan nan nan nan nan nan nan nan nan 0 0 0 0 running
9680 19.61840875113327 0.0020454143783906024 0.25 1295.1536410000001 0.0037231190378451693 0.00012909571873393773 0.0036013315265886513 0.0052949839506410221 0 0.0053183613400447803 nan nan nan nan nan nan nan nan nan nan 0.00073028106838335383 0.024107352144949877 0.034022382157340596 0 0.029893546370707753 nan nan nan nan nan nan nan nan nan nan 0 0 0 0 running
9700 19.659316911546476 0.0020454022565677093 0.25 1297.204563 0.0037276046863555391 0.00012911724624052563 0.0036117393883181906 0.0053136200044306805 0 0.0053084172089999842 nan nan nan nan nan nan nan nan nan nan 0.00074291840174589563 0.024006724319441598 0.034262705101700444 0 0.029951366364487138 nan nan nan nan nan nan nan nan nan nan 0 0 0 0 running
9720 19.700000000000003 0.0018205612719519593 0.25 1299.2659020000001 0.0037326574009549068 0.00012913240608560038 0.0036220336043917578 0.0053326397102187589 0 0.0053000761764214841 nan nan nan nan nan nan nan nan nan nan 0.00075460859558151849 0.023876069558727831 0.034459075630036778 0 0.029972569803542126 nan nan nan nan nan nan nan nan nan nan 0 0 0 0 running
9740 19.740907674273245 0.002045377897000108 0.25 1301.5007450000001 0.0037383543269156115 0.00012914172661413642 0.0036323153979139523 0.0053522476296157303 0 0.0052933465731652696 nan nan nan nan nan nan nan nan nan nan 0.00076546981550462689 0.023714031880105138 0.034613011950881276 0 0.029952496317125953 nan nan nan nan nan nan nan nan nan nan 0 0 0 0 running
9760 19.78181510339958 0.0020453656249801591 0.25 1303.6986690000001 0.0037446905031634906 0.00012914612878151091 0.0036425193136434952 0.0053723325673313621 0 0.0052883789515842999 nan nan nan nan nan nan nan nan nan nan 0.00077545970023185085 0.023521304936684698 0.034722688701594367 0 0.029887311746549426 nan nan nan nan nan nan nan nan nan nan 0 0 0 0 running
9780 19.822498921232853 0.002045353402702624 0.25 1305.8243419999999 0.0037516416664294182 0.00012914650662613881 0.0036525819548407891 0.0053927715265307385 0 0.0052852679659676233 nan nan nan nan nan nan nan nan nan nan 0.00078455389763421035 0.023299157131383075 0.034787304544747939 0 0.029776017021624444 nan nan nan nan nan nan nan nan nan nan 0 0 0 0 running
9800 19.863405860225807 0.0020453411122858403 0.25 1307.9198670000001 0.0037592950152823064 0.00012914358013218683 0.0036626056386206717 0.0054137764416366235 0 0.0052840478396080958 nan nan nan nan nan nan nan nan nan nan 0.00079284140850000018 0.023045094986326758 0.034807071159204263 0 0.029617422670933889 nan nan nan nan nan nan nan nan nan nan 0 0 0 0 running
9820 19.904090658420042 0.0020453289034353343 0.25 1310.0345440000001 0.0037675826569643525 0.00012913831424274784 0.0036724744841943927 0.0054351026870395752 0 0.0052848186937078283 nan nan nan nan nan nan nan nan nan nan 0.00080019291399258119 0.022761928788363403 0.034781355478787933 0 0.029414611947639942 nan nan nan nan nan nan nan nan nan nan 0 0 0 0 running
9840 19.944997107858047 0.0020453166591635624 0.25 1312.189341 0.003776622455581558 0.00012913219213546995 0.0036822908826980878 0.0054569629982831186 0 0.0052877215724294819 nan nan nan nan nan nan nan nan nan nan 0.00080665002236124383 0.022446772567165284 0.034709534191561489 0 0.029167526304690539 nan nan nan nan nan nan nan nan nan nan 0 0 0 0 running
9860 19.985903312888635 0.002045304463165741 0.25 1314.2367899999999 0.0037864034854941261 0.00012912720793019112 0.0036919961550351084 0.0054792196220879606 0 0.0052929103207134277 nan nan nan nan nan nan nan nan nan nan 0.00081215258603350993 0.022446212429028542 0.034591340549760492 0 0.029035896831012722 nan nan nan nan nan nan nan nan nan nan 0 0 0 0 running
9880 20.026588848397921 0.0020452923978938526 0.25 1316.1704589999999 0.0037968978012008019 0.00012912558664762334 0.0037015343296917247 0.0055017245771577065 0 0.0053004869049836194 nan nan nan nan nan nan nan nan nan nan 0.00081667985619460204 0.02256037468313719 0.034427557770564179 0 0.028978022943982711 nan nan nan nan nan nan nan nan nan nan 0 0 0 0 running
9900 20.06749456969559 0.0020452803493415418 0.25 1318.096849 0.0038082650738613583 0.00012913038854722446 0.0037110024150753705 0.0055246948953613781 0 0.0053107388464494858 nan nan nan nan nan nan nan nan nan nan 0.00082028807214618027 0.022647053749437998 0.034216235106796854 0 0.028883220700511386 nan nan nan nan nan nan nan nan nan nan 0 0 0 0 running
9920 20.108181077422948 0.0020452684630472826 0.25 1320.153634 0.0038204460112979681 0.00012914537915758963 0.003720296430201866 0.0055478566280171334 0 0.0053238183105407191 nan nan nan nan nan nan nan nan nan nan 0.00082292631955238615 0.022705047021497154 0.033959532011236762 0 0.02875225979872047 nan nan nan nan nan nan nan nan nan nan 0 0 0 0 running
9940 20.149086322204472 0.0020452566273519634 0.25 1322.1572619999999 0.0038335313067758771 0.0001291711391486144 0.0037295105604888373 0.0055714331075538892 0 0.0053397575154888379 nan nan nan nan nan nan nan nan nan nan 0.00082459221063557742 0.022734693914397357 0.033654646679733231 0 0.028582206077220514 nan nan nan nan nan nan nan nan nan nan 0 0 0 0 running
9960 20.189991331623304 0.0020452449229361618 0.25 1324.0335520000001 0.0038474116407041748 0.00012920801254493074 0.0037385888676297364 0.0055952722282242191 0 0.0053583643890203966 nan nan nan nan nan nan nan nan nan nan 0.00082525431707647368 0.022735342252704061 0.033302879072868004 0 0.028772140626766248 nan nan nan nan nan nan nan nan nan nan 0 0 0 0 running
9980 20.230678561873233 0.0020452334271284026 0.25 1326.1748869999999 0.003861975911398992 0.00012925640706084912 0.003747479557183579 0.0056192125674827814 0 0.005379445098920411 nan nan nan nan nan nan nan nan nan nan 0.00082492777030296338 0.022707044699791089 0.03290660590103358 0 0.029030892319049519 nan nan nan nan nan nan nan nan nan nan 0 0 0 0 running
10000 20.271583110492799 0.002045222033069405 0.25 1328.364564 0.0038773759643870591 0.00012931863039488062 0.0037562837423894416 0.0056434744623363887 0 0.0054032422652961747 nan nan nan nan nan nan nan nan nan nan 0.00082365379625670698 0.022649434080134038 0.033262566751664689 0 0.029254626569201529 nan nan nan nan nan nan nan nan nan nan 0 0 0 0 running
10020 20.312271273618073 0.0020452108774101393 0.25 1330.3051029999999 0.0038934632101987926 0.00012939695699502876 0.0037649176697949604 0.0056677645617329948 0 0.0054295833252476335 nan nan nan nan nan nan nan nan nan nan 0.00082142328999068592 0.022563081303353265 0.033739438021517472 0 0.029440324620057939 nan nan nan nan nan nan nan nan nan nan 0 0 0 0 running
10040 20.353175375118187 0.0020451998573964318 0.25 1332.255676 0.0039103963386999344 0.00012949423585319281 0.0037734654644029429 0.0056922996488569374 0 0.0054587463733032629 nan nan nan nan nan nan nan nan nan nan 0.00083368442228615169 0.022446977014065943 0.034176074240409575 0 0.029589323628683099 nan nan nan nan nan nan nan nan nan nan 0 0 0 0 running
10060 20.3940792584084 0.0020451890484576149 0.25 1334.3056859999999 0.0039280511432268628 0.00012961148962307853 0.0037818839512318292 0.0057169144044896788 0 0.0054904802387350932 nan nan nan nan nan nan nan nan nan nan 0.00084616666624171 0.022301445444022412 0.034568964897325284 0 0.029699794960545211 nan nan nan nan nan nan nan nan nan nan 0 0 0 0 running
10080 20.434768106467587 0.002045178521007962 0.25 1336.245285 0.0039462990471734374 0.0001297555382616678 0.0037901430185335199 0.0057414426363412152 0 0.00552450872943153 nan nan nan nan nan nan nan nan nan nan 0.00085762652696974584 0.022127499826831629 0.034915853448965375 0 0.029772135531656873 nan nan nan nan nan nan nan nan nan nan 0 0 0 0 running
10100 20.475671567879299 0.0020451681785629522 0.25 1338.129009 0.0039652928892017613 0.0001299210438909355 0.0037983072697189441 0.0057661052687510593 0 0.0055610926015133072 nan nan nan nan nan nan nan nan nan nan 0.00086821100957024111 0.021923299982166904 0.035219953612634448 0 0.029805704734442395 nan nan nan nan nan nan nan nan nan nan 0 0 0 0 running
10120 20.516361279133797 0.0020451581436066761 0.25 1340.0529469999999 0.0039847986665681101 0.00013010748771949193 0.0038062951903448865 0.0057906043087251769 0 0.0055997493489249196 nan nan nan nan nan nan nan nan nan nan 0.00087779522962727619 0.0216909443767659 0.035477511039608625 0 0.029797819880074735 nan nan nan nan nan nan nan nan nan nan 0 0 0 0 running
10140 20.557264338456132 0.0020451483257320283 0.25 1341.9139729999999 0.0040049815244273812 0.00013031786253874355 0.0038141960545795568 0.0058151563214030389 0 0.0056407683629628603 nan nan nan nan nan nan nan nan nan nan 0.00088641284099866269 0.021428061307141255 0.035690664681409585 0 0.029747169370906011 nan nan nan nan nan nan nan nan nan nan 0 0 0 0 running
10160 20.598167204391586 0.002045138793042293 0.25 1343.812302 0.00402569114920635 0.00013055198081306742 0.0038219726841528675 0.0058395926174711118 0 0.0056838002417276884 nan nan nan nan nan nan nan nan nan nan 0.00089394150248711668 0.021136087186299213 0.035857514263307695 0 0.029653456577839223 nan nan nan nan nan nan nan nan nan nan 0 0 0 0 running
10180 20.638857540985114 0.002045129606604512 0.25 1345.8024210000001 0.0040468009721375516 0.00013081029858324648 0.0038296036533502511 0.0058637479402561012 0 0.0057285665883919394 nan nan nan nan nan nan nan nan nan nan 0.00090032880386381464 0.020817214368088865 0.035977233100631077 0 0.029517930978794852 nan nan nan nan nan nan nan nan nan nan 0 0 0 0 running
10200 20.67976003889471 0.0020451206833974256 0.25 1347.7128540000001 0.0040685523853110066 0.00013109861594848529 0.0038371694808349757 0.0058878361041275109 0 0.0057756317489324957 nan nan nan nan nan nan nan nan nan nan 0.00090564529696013363 0.020468540354329514 0.036050944983946745 0 0.029339956508857932 nan nan nan nan nan nan nan nan nan nan 0 0 0 0 running
10220 20.720451140376262 0.002045112127915933 0.25 1349.5829040000001 0.0040905917101304781 0.00013141134559788818 0.0038445902895704702 0.005911573162057402 0 0.0058240760647653121 nan nan nan nan nan nan nan nan nan nan 0.00090982395423933049 0.020585707886708406 0.036077665537319517 0 0.029122198996790159 nan nan nan nan nan nan nan nan nan nan 0 0 0 0 running
10240 20.761353295593416 0.0020451038641591487 0.25 1351.532418 0.0041130245542114396 0.00013174913675839808 0.0038519506307875644 0.0059351714370062857 0 0.0058739861622253168 nan nan nan nan nan nan nan nan nan nan 0.00091288799678734822 0.020704789763717923 0.036057346291154292 0 0.029134080573482615 nan nan nan nan nan nan nan nan nan nan 0 0 0 0 running
10260 20.802045095990991 0.0020450959909916687 0.25 1353.394697 0.0041355463208272662 0.00013210878554266488 0.0038591836430447325 0.005958351729094034 0 0.0059246105702383716 nan nan nan nan nan nan nan nan nan nan 0.00091479069413968883 0.020797157272455357 0.03598997733499526 0 0.029146415264063835 nan nan nan nan nan nan nan nan nan nan 0 0 0 0 running
10280 20.842946935909339 0.0020450884398048558 0.25 1355.299651 0.0041583632793615937 0.00013249462570367801 0.0038663787209757953 0.0059813146582958646 0 0.0059764003826981663 nan nan nan nan nan nan nan nan nan nan 0.00091555986972580161 0.020863510495604597 0.035874762636415918 0 0.029112555197732176 nan nan nan nan nan nan nan nan nan nan 0 0 0 0 running
10300 20.883848628720354 0.0020450812632863656 0.25 1357.2067159999999 0.0041813446536667579 0.00013290571044195632 0.0038735136595247029 0.0060039007150173886 0 0.0060290645849550373 nan nan nan nan nan nan nan nan nan nan 0.00091520963969948799 0.020903096061086594 0.035938500002447846 0 0.029097036392157192 nan nan nan nan nan nan nan nan nan nan 0 0 0 0 running
10320 20.924540916088613 0.0020450745056962813 0.25 1359.0843950000001 0.0042043417811879844 0.00013334081656765997 0.0038805658940729878 0.0060259620581593265 0 0.0060822412733492854 nan nan nan nan nan nan nan nan nan nan 0.00091377100683720514 0.021383821724357464 0.036448870453265531 0 0.029393441983617201 nan nan nan nan nan nan nan nan nan nan 0 0 0 0 running
10340 20.965442338360898 0.0020450681080875707 0.25 1361.0305519999999 0.0042275387463004497 0.00013380476780572734 0.0038876209093153045 0.0060476952409071567 0 0.0061363100866916528 nan nan nan nan nan nan nan nan nan nan 0.00091122446933655787 0.021878523038661606 0.036915778627925819 0 0.029718144913770062 nan nan nan nan nan nan nan nan nan nan 0 0 0 0 running
10360 21.006135187309315 0.0020450621462245193 0.25 1363.186608 0.0042506339492931243 0.00013429261913554442 0.0038946183270845117 0.0060688519059199589 0 0.0061905084586979736 nan nan nan nan nan nan nan nan nan nan 0.00090756848458861672 0.022343585183876694 0.037333653911554986 0 0.030085918802708316 nan nan nan nan nan nan nan nan nan nan 0 0 0 0 running
10380 21.047036370972133 0.0020450565688601391 0.25 1365.1810029999999 0.0042737986783676083 0.00013480881363282392 0.0039016406813538402 0.0060896242929573598 0 0.0062451804028449652 nan nan nan nan nan nan nan nan nan nan 0.00090273336551227601 0.022782949756699956 0.037705969214983641 0 0.030416328308177129 nan nan nan nan nan nan nan nan nan nan 0 0 0 0 running
10400 21.087937447534319 0.002045051416266546 0.25 1367.128524 0.0042968573482418983 0.00013535031559021619 0.0039086635222898083 0.0061098802919703809 0 0.0062998657077023941 nan nan nan nan nan nan nan nan nan nan 0.00089671552307057922 0.023193493831520383 0.038029761992069248 0 0.030705419199480569 nan nan nan nan nan nan nan nan nan nan 0 0 0 0 running
10420 21.128630675007624 0.0020450467191441253 0.25 1369.0554119999999 0.0043196405930124642 0.00013591332300870603 0.0039156636209066549 0.0061294998996019937 0 0.0063541176587565201 nan nan nan nan nan nan nan nan nan nan 0.00088965712420879806 0.023572752555357821 0.038303194407125762 0 0.030952974734100934 nan nan nan nan nan nan nan nan nan nan 0 0 0 0 running
10440 21.169531563693475 0.0020450424374337385 0.25 1370.9834960000001 0.0043423283632067749 0.00013650568642213268 0.0039227260110246496 0.0061486642544307949 0 0.0064083221513778653 nan nan nan nan nan nan nan nan nan nan 0.00089912757776522412 0.023924009282158404 0.038528589885086874 0 0.031163123187196183 nan nan nan nan nan nan nan nan nan nan 0 0 0 0 running
10460 21.210225194934321 0.0020450386225942772 0.25 1372.895133 0.0043646291785983211 0.00013712286925473299 0.0039297864865982376 0.0061671618842812255 0 0.0064617357664102423 nan nan nan nan nan nan nan nan nan nan 0.00090745162940358837 0.024243137091918995 0.038703247047673812 0 0.031334423775790148 nan nan nan nan nan nan nan nan nan nan 0 0 0 0 running
10480 21.251125931139949 0.002045035243335509 0.25 1374.911566 0.0043868110883737719 0.00013776737157680528 0.0039369855788323246 0.0061851656714509845 0 0.0065150171101459745 nan nan nan nan nan nan nan nan nan nan 0.0009147042064905353 0.0245327958358325 0.038828604261566889 0 0.031468067319441732 nan nan nan nan nan nan nan nan nan nan 0 0 0 0 running
10500 21.292026604607795 0.0020450323266750195 0.25 1376.813474 0.0044087474862750543 0.00013843629554949821 0.0039442472224437922 0.0062025697842932924 0 0.0065678877350312456 nan nan nan nan nan nan nan nan nan nan 0.00092081507415003871 0.024790788763938656 0.038903478396395269 0 0.031560584145906692 nan nan nan nan nan nan nan nan nan nan 0 0 0 0 running
10520 21.33272049225338 0.0020450298894948327 0.25 1378.707455 0.0044301579502929395 0.00013912025881541659 0.0039515382402387196 0.0062192883940415666 0 0.0066195120880603274 nan nan nan nan nan nan nan nan nan nan 0.00092572536016682916 0.025015904976692396 0.038927604093598876 0 0.031612591552918276 nan nan nan nan nan nan nan nan nan nan 0 0 0 0 running
10540 21.373621068490337 0.0020450279121648342 0.25 1380.6244409999999 0.0044511002038093005 0.00013982018104295477 0.0039589431838753311 0.0062354914918626341 0 0.0066698823198377988 nan nan nan nan nan nan nan nan nan nan 0.00092945600218358182 0.025209900234953935 0.038900954034421814 0 0.03162692471108261 nan nan nan nan nan nan nan nan nan nan 0 0 0 0 running
10560 21.414315186313051 0.0020450264190815487 0.25 1382.4811990000001 0.0044712624125055065 0.00014052480072764573 0.0039664045823921508 0.0062510148585288869 0 0.0067181573749825856 nan nan nan nan nan nan nan nan nan nan 0.00093195565931031288 0.025369959009328532 0.038823647239908943 0 0.031598545842034302 nan nan nan nan nan nan nan nan nan nan 0 0 0 0 running
10580 21.455215703178109 0.0020450253987775932 0.25 1384.3749089999999 0.0044908149601160501 0.00014123941574521954 0.0039740157273558648 0.006266012909736429 0 0.0067647193342514371 nan nan nan nan nan nan nan nan nan nan 0.00093325668742239021 0.025497166680563996 0.038694852425684802 0 0.031519452052461913 nan nan nan nan nan nan nan nan nan nan 0 0 0 0 running
10600 21.496116204723315 0.0020450248634024987 0.25 1386.2693650000001 0.0045096643711015809 0.00014196036814716022 0.0039817577628476373 0.0062804013740866815 0 0.0068093593422702634 nan nan nan nan nan nan nan nan nan nan 0.00093336571898083864 0.025590647658370252 0.038514822298027059 0 0.031388915161251404 nan nan nan nan nan nan nan nan nan nan 0 0 0 0 running
10620 21.536810446270703 0.0020450248148310051 0.25 1388.2956959999999 0.0045277355840237328 0.00014268426624813087 0.0039896073226976091 0.0062941126789706897 0 0.0068519170886283294 nan nan nan nan nan nan nan nan nan nan 0.00093231200321386432 0.025650412264657793 0.038284858730439866 0 0.031215975499924994 nan nan nan nan nan nan nan nan nan nan 0 0 0 0 running
10640 21.577710946368132 0.0020450252544692441 0.25 1390.2227439999999 0.0045452023458973654 0.00014341800718733398 0.0039976569888575762 0.0063072926881874514 0 0.0068927897578516242 nan nan nan nan nan nan nan nan nan nan 0.00093008720383280785 0.026014412886627775 0.03846173152647557 0 0.031007291354231963 nan nan nan nan nan nan nan nan nan nan 0 0 0 0 running
10660 21.618405233625104 0.0020450261792069667 0.25 1392.1202880000001 0.0045618607645519279 0.00014415340287878629 0.0040058370259148319 0.0063198221548460267 0 0.0069314648974915195 nan nan nan nan nan nan nan nan nan nan 0.00092669323111610469 0.02636611646986349 0.03894153969225235 0 0.030785101265852322 nan nan nan nan nan nan nan nan nan nan 0 0 0 0 running
10680 21.659305771299465 0.0020450275989578963 0.25 1394.052189 0.0045778397970947888 0.00014489652711184207 0.0040142395415067303 0.0063318466167487297 0 0.0069681913263864052 nan nan nan nan nan nan nan nan nan nan 0.00092206254378107699 0.026686154277447305 0.039374294787877392 0 0.031139210998989277 nan nan nan nan nan nan nan nan nan nan 0 0 0 0 running
10700 21.700000000000003 0.0018386869816673368 0.25 1395.960343 0.0045929487220084178 0.00014563835664055234 0.0040227914349168 0.0063432645153347683 0 0.007002486961339067 nan nan nan nan nan nan nan nan nan nan 0.00091621273481046206 0.026969795423421875 0.039754826130805831 0 0.031541327684996547 nan nan nan nan nan nan nan nan nan nan 0 0 0 0 running
10720 21.740900614362559 0.0020450318986580821 0.25 1397.886152 0.0046073186203807693 0.00014638458535386743 0.004031586868055095 0.0063542142820328575 0 0.0070346118645624603 nan nan nan nan nan nan nan nan nan nan 0.00090907990715810572 0.027219201916061576 0.040086314932554039 0 0.031895354905781777 nan nan nan nan nan nan nan nan nan nan 0 0 0 0 running
10740 21.781801281855167 0.0020450347872079254 0.25 1399.7647219999999 0.0046208642067078632 0.00014712990743381084 0.0040405882482320958 0.0063646624343521568 0 0.0070643472153839627 nan nan nan nan nan nan nan nan nan nan 0.00090069735164233222 0.027433462774340667 0.04036611104323877 0 0.032194239781283461 nan nan nan nan nan nan nan nan nan nan 0 0 0 0 running
10760 21.822495409871443 0.0020450381434286096 0.25 1401.6989550000001 0.0046335177820126519 0.00014786887935953417 0.0040497556530677522 0.0063745889528183924 0 0.0070915206273905506 nan nan nan nan nan nan nan nan nan nan 0.00089110757449845091 0.027611967510262639 0.040592666237505307 0 0.032449652903654889 nan nan nan nan nan nan nan nan nan nan 0 0 0 0 running
10780 21.863396212426476 0.002045041999671161 0.25 1403.569479 0.0046454167599734135 0.00014860829296027003 0.0040592267143481561 0.0063841261743095056 0 0.0071163903361529729 nan nan nan nan nan nan nan nan nan nan 0.00088019838314679077 0.027755853465345547 0.040767873528529702 0 0.032671429467317263 nan nan nan nan nan nan nan nan nan nan 0 0 0 0 running
10800 21.904090092402402 0.002045046315319092 0.25 1405.4839360000001 0.0046566040049743794 0.00014934497998867177 0.0040689523776980983 0.0063932095552516003 0 0.0071391875240347886 nan nan nan nan nan nan nan nan nan nan 0.0008698207812058989 0.027862837652070295 0.040889777314843209 0 0.032854142917516711 nan nan nan nan nan nan nan nan nan nan 0 0 0 0 running
10820 21.94499106848178 0.0020450511312171391 0.25 1407.358418 0.0046671443552811099 0.00015008240385827997 0.0040789522642684459 0.0064019707746664507 0 0.0071599983284460151 nan nan nan nan nan nan nan nan nan nan 0.00087426434193321745 0.027933805860398134 0.040959507525005691 0 0.032993663788310972 nan nan nan nan nan nan nan nan nan nan 0 0 0 0 running
10840 21.985892145874349 0.0020450564219548764 0.25 1409.2413200000001 0.0046768435471955467 0.00015081048793778095 0.0040891719211344308 0.0064104080104802081 0 0.007178225836516154 nan nan nan nan nan nan nan nan nan nan 0.00087752912577848674 0.027968400444806221 0.040976063156384197 0 0.033088598591740119 nan nan nan nan nan nan nan nan nan nan 0 0 0 0 running
10860 22.026585784981972 0.002045062151153416 0.25 1411.1373719999999 0.0046855350180149734 0.00015151976861344025 0.0040995561809616344 0.0064185276940811114 0 0.0071933563198548186 nan nan nan nan nan nan nan nan nan nan 0.00087960326577191106 0.027966684344663647 0.040939506010045909 0 0.033140523860824646 nan nan nan nan nan nan nan nan nan nan 0 0 0 0 running
10880 22.067487092554501 0.0020450683716115746 0.25 1413.0219939999999 0.0046932249827699385 0.00015222156368480428 0.0041101830276767688 0.0064264583639431364 0 0.0072052522971462925 nan nan nan nan nan nan nan nan nan nan 0.00088050806755468614 0.02792821605846663 0.040849294935852473 0 0.033147140611857959 nan nan nan nan nan nan nan nan nan nan 0 0 0 0 running
10900 22.108180297993325 0.0020450750139636162 0.25 1414.8982080000001 0.0046998306960398953 0.00015289558602214146 0.0041209790179898755 0.0064341613597397344 0 0.0072137206299584759 nan nan nan nan nan nan nan nan nan nan 0.00088023430890804555 0.02785302506629796 0.040706293322226507 0 0.033102867559323283 nan nan nan nan nan nan nan nan nan nan 0 0 0 0 running
10920 22.149081872343888 0.0020450821390037106 0.25 1416.7811810000001 0.0047054827768776347 0.00015354803652534125 0.0041320552179960283 0.0064417536326805778 0 0.0072190161122702781 nan nan nan nan nan nan nan nan nan nan 0.00087878099836119494 0.027740364129400261 0.040509065392720152 0 0.033004823533766416 nan nan nan nan nan nan nan nan nan nan 0 0 0 0 running
10940 22.189983593851522 0.0020450897062565163 0.25 1418.6680100000001 0.0047102443579817915 0.00015417648233252527 0.0041433615854903792 0.0064492349545194243 0 0.0072213684606921673 nan nan nan nan nan nan nan nan nan nan 0.00087615151893538634 0.027599533318699833 0.040317223362865563 0 0.032857758744687104 nan nan nan nan nan nan nan nan nan nan 0 0 0 0 running
10960 22.230676422405519 0.0020450976655457709 0.25 1420.577677 0.0047141813498537341 0.00015477891951701887 0.0041548384643132529 0.0064566120758085422 0 0.0072210144938646536 nan nan nan nan nan nan nan nan nan nan 0.00087237344159146746 0.027857855404600965 0.040078496258041586 0 0.032670235423364995 nan nan nan nan nan nan nan nan nan nan 0 0 0 0 running
10980 22.271578463471613 0.0020451060897524239 0.25 1422.5692280000001 0.0047173833167482452 0.00015536183341240589 0.0041665990123569167 0.0064640106238802513 0 0.0072180612917168915 nan nan nan nan nan nan nan nan nan nan 0.00086740757811726299 0.028082296565848441 0.039784330611865364 0 0.032442053225857734 nan nan nan nan nan nan nan nan nan nan 0 0 0 0 running
11000 22.312270682545023 0.0020451148831296083 0.25 1424.541804 0.0047198420323186436 0.0001559188993810503 0.0041785148648206183 0.0064714078478583011 0 0.007212567319490046 nan nan nan nan nan nan nan nan nan nan 0.00086129566191256446 0.028269986604622727 0.040174806140310812 0 0.032172659949821415 nan nan nan nan nan nan nan nan nan nan 0 0 0 0 running
11020 22.353173076598612 0.0020451241266792861 0.25 1426.6075599999999 0.0047216048469822689 0.00015645522108169633 0.0041906994879147104 0.0064789347423803573 0 0.0072044934468008725 nan nan nan nan nan nan nan nan nan nan 0.00085395853768055474 0.028422420838996799 0.040593888045173936 0 0.031857034927104115 nan nan nan nan nan nan nan nan nan nan 0 0 0 0 running
11040 22.394075659689907 0.002045133765171109 0.25 1428.478576 0.004722690002890214 0.00015696707960147913 0.0042030816465544038 0.0064866075351244258 0 0.0071939136087794215 nan nan nan nan nan nan nan nan nan nan 0.00084540656495496469 0.028538271333654778 0.040961117976668099 0 0.032308432732323651 nan nan nan nan nan nan nan nan nan nan 0 0 0 0 running
11060 22.434767374764654 0.0020451437335567116 0.25 1430.356391 0.0047231440279866151 0.00015745116829616929 0.0042155855095415643 0.0064944378442173224 0 0.0071810008059093938 nan nan nan nan nan nan nan nan nan nan 0.00083567897187680762 0.028617043522615779 0.041274323083410565 0 0.032723976063621679 nan nan nan nan nan nan nan nan nan nan 0 0 0 0 running
11080 22.475670357922354 0.0020451541234012211 0.25 1432.2343020000001 0.0047230296655427773 0.00015791171995620368 0.0042283302453847791 0.0065025583205015258 0 0.0071657566677306829 nan nan nan nan nan nan nan nan nan nan 0.00082466981078233026 0.028659401542937474 0.041536182540336655 0 0.03309730162328002 nan nan nan nan nan nan nan nan nan nan 0 0 0 0 running
11100 22.516361303293749 0.0020451648155174781 0.25 1434.1505910000001 0.0047224106615773517 0.00015834349649233593 0.0042411806142801855 0.0065109354183979801 0 0.00714848561546573 nan nan nan nan nan nan nan nan nan nan 0.00081250042699293479 0.028664779879439103 0.041743539617436043 0 0.033424961712526784 nan nan nan nan nan nan nan nan nan nan 0 0 0 0 running
11120 22.557264715518247 0.0020451759087377099 0.25 1436.0630719999999 0.004721494363677573 0.00015875942837657715 0.0042544217890141834 0.0065197049290591875 0 0.0071295640437729199 nan nan nan nan nan nan nan nan nan nan 0.00080745831686235281 0.028633109169248255 0.041898240118429589 0 0.033710746696887305 nan nan nan nan nan nan nan nan nan nan 0 0 0 0 running
11140 22.598168353125669 0.0020451873349393366 0.25 1437.9110390000001 0.0047203923238764078 0.00015915387445020735 0.0042677980763746425 0.0065288706098299591 0 0.007109496229705416 nan nan nan nan nan nan nan nan nan nan 0.00082286590342184329 0.028564203668493236 0.041998866343932288 0 0.033952400016164133 nan nan nan nan nan nan nan nan nan nan 0 0 0 0 running
11160 22.638858680427045 0.002045199018435185 0.25 1439.8158430000001 0.0047190836751693785 0.00015952303768013561 0.0042812164663454241 0.0065384371603950846 0 0.0070882530382709525 nan nan nan nan nan nan nan nan nan nan 0.00083714392212719257 0.028458880529847852 0.042057077281091121 0 0.034149456591644305 nan nan nan nan nan nan nan nan nan nan 0 0 0 0 running
11180 22.679762786818213 0.0020452110677663736 0.25 1441.668324 0.0047174990114001707 0.0001598677955924404 0.0042947959585913943 0.0065485595728988488 0 0.0070653748729279904 nan nan nan nan nan nan nan nan nan nan 0.0008504397996186297 0.028326941825996016 0.042125108873591027 0 0.034305024098312299 nan nan nan nan nan nan nan nan nan nan 0 0 0 0 running
11200 22.720452205442495 0.0020452233420661659 0.25 1443.538397 0.0047156020322945379 0.00016018057019758175 0.0043083758875888572 0.0065591825964070281 0 0.0070408717995761819 nan nan nan nan nan nan nan nan nan nan 0.00086259190749504722 0.028194519410278191 0.042138184400796551 0 0.034417445337484406 nan nan nan nan nan nan nan nan nan nan 0 0 0 0 running
11220 22.761356804283039 0.0020452359557914051 0.25 1445.39581 0.0047133523382368037 0.00016046086213833017 0.004322085319417036 0.0065704615129410261 0 0.0070143650911664119 nan nan nan nan nan nan nan nan nan nan 0.00087365755146284751 0.028022617716418122 0.042096038340686835 0 0.03448505746491369 nan nan nan nan nan nan nan nan nan nan 0 0 0 0 running
11240 22.802045248760539 0.0020452487605397505 0.25 1447.2837380000001 0.0047108187619053499 0.0001607039091111916 0.004335769900905952 0.0065823115654205788 0 0.0069862375505934608 nan nan nan nan nan nan nan nan nan nan 0.00088340719189039518 0.027812654810180568 0.041998831079664178 0 0.034501580553219821 nan nan nan nan nan nan nan nan nan nan 0 0 0 0 running
11260 22.842950361297508 0.002045261876491579 0.25 1449.1949179999999 0.004708088695040879 0.00016091320080516719 0.0043495676758193947 0.006594886599190255 0 0.0069565317882514669 nan nan nan nan nan nan nan nan nan nan 0.00089185313022110968 0.027562984814305785 0.041845232842367568 0 0.034462706681488819 nan nan nan nan nan nan nan nan nan nan 0 0 0 0 running
11280 22.883855738562829 0.0020452752191630758 0.25 1451.040105 0.0047053254197426909 0.00016109024809954649 0.0043633976017407932 0.0066081488361092447 0 0.0069258657790417528 nan nan nan nan nan nan nan nan nan nan 0.00089893139361152397 0.027483620850819127 0.041635252392318745 0 0.03436868279768529 nan nan nan nan nan nan nan nan nan nan 0 0 0 0 running
11300 22.924543419461965 0.0020452886987697124 0.25 1452.915913 0.0047026905055457891 0.0001612380999108811 0.0043771746824777221 0.0066220438313259276 0 0.0068948799500037671 nan nan nan nan nan nan nan nan nan nan 0.00090467901503554771 0.027690553152535009 0.041370109092623022 0 0.034225325898496681 nan nan nan nan nan nan nan nan nan nan 0 0 0 0 running
11320 22.965449337443459 0.0020453024427405787 0.25 1454.7553439999999 0.0047002791514943257 0.00016136211283303048 0.0043910316830669772 0.0066367430514945591 0 0.0068636408126550317 nan nan nan nan nan nan nan nan nan nan 0.00090922980878160864 0.027863173853997444 0.041046739211827402 0 0.034036422325908644 nan nan nan nan nan nan nan nan nan nan 0 0 0 0 running
11340 23.006135946759802 0.0020453162862282505 0.25 1456.633163 0.0046982090598808911 0.00016146408328248231 0.0044048017779510567 0.0066521126979051199 0 0.0068327804847567626 nan nan nan nan nan nan nan nan nan nan 0.00091256060714861587 0.027998996953279103 0.040668574399330602 0 0.033806323115349333 nan nan nan nan nan nan nan nan nan nan 0 0 0 0 running
11360 23.047042420021867 0.0020453303608877495 0.25 1458.4795409999999 0.0046965055856820065 0.00016154668595303663 0.0044186198473394689 0.0066683411612554096 0 0.0068021137194091089 nan nan nan nan nan nan nan nan nan nan 0.00091467807859468842 0.028098769739493549 0.041099758153402541 0 0.033531434407409549 nan nan nan nan nan nan nan nan nan nan 0 0 0 0 running
11380 23.087949176271717 0.0020453445751465625 0.25 1460.407164 0.0046952298015137508 0.00016161057383191671 0.0044323814193086234 0.0066853646322854697 0 0.0067719783781915776 nan nan nan nan nan nan nan nan nan nan 0.00091552053066357164 0.028161103471248485 0.041505307358432567 0 0.033699154734432434 nan nan nan nan nan nan nan nan nan nan 0 0 0 0 running
11400 23.128634958300047 0.0020453588332606113 0.25 1462.266734 0.004694469159084105 0.00016165734874922302 0.0044459931902198708 0.0067030945238255877 0 0.0067428286858508017 nan nan nan nan nan nan nan nan nan nan 0.00091505238075573203 0.028185627641431545 0.041856309511809103 0 0.033943884315567337 nan nan nan nan nan nan nan nan nan nan 0 0 0 0 running
11420 23.169542286408706 0.0020453732711168786 0.25 1464.158158 0.0046942998704011668 0.00016168903657758383 0.0044595850975339595 0.0067217284368923068 0 0.0067146541683260957 nan nan nan nan nan nan nan nan nan nan 0.0009295215463739348 0.028172377052205395 0.042155977355171036 0 0.034137815078395486 nan nan nan nan nan nan nan nan nan nan 0 0 0 0 running
11440 23.210226931287412 0.0020453877125382906 0.25 1466.0144829999999 0.0046948000244686231 0.00016170652731771099 0.0044729927967863126 0.0067410648034267988 0 0.0066880466583056917 nan nan nan nan nan nan nan nan nan nan 0.0009480504042010951 0.028121278641160905 0.042420311755035238 0 0.034278211826529001 nan nan nan nan nan nan nan nan nan nan 0 0 0 0 running
11460 23.251134838581674 0.0020454022967147122 0.25 1467.884769 0.0046961309606603262 0.00016172047269907657 0.0044864744796195358 0.0067613115124934191 0 0.0066632041738054941 nan nan nan nan nan nan nan nan nan nan 0.00096539833274211784 0.028031580367797234 0.042695278241351685 0 0.034376921038272494 nan nan nan nan nan nan nan nan nan nan 0 0 0 0 running
11480 23.292043038062303 0.0020454169257844322 0.25 1469.7428070000001 0.0046984491949046978 0.00016173541728382469 0.0044998298242246689 0.0067823554090342807 0 0.0066409451510203443 nan nan nan nan nan nan nan nan nan nan 0.00098141354365643974 0.027903332775205771 0.042915630822136321 0 0.034456556233592048 nan nan nan nan nan nan nan nan nan nan 0 0 0 0 running
11500 23.332726816050741 0.0020454315002034389 0.25 1471.6108099999999 0.0047017246370878217 0.00016174388553538788 0.0045129386504794188 0.0068040646856959942 0 0.0066214047014480732 nan nan nan nan nan nan nan nan nan nan 0.00099598041872794862 0.027737646103422473 0.043079885605381799 0 0.034706402063042201 nan nan nan nan nan nan nan nan nan nan 0 0 0 0 running
11520 23.373635600005922 0.0020454461616996405 0.25 1473.4755130000001 0.0047059677018384495 0.00016174593400712306 0.0045259250175672446 0.0068266671393075956 0 0.0066043256136430941 nan nan nan nan nan nan nan nan nan nan 0.0010092577754631238 0.027532904498546087 0.043189157382935231 0 0.034923374940860084 nan nan nan nan nan nan nan nan nan nan 0 0 0 0 running
11540 23.414318209731711 0.0020454607288678752 0.25 1475.430196 0.0047110836201331597 0.00016174014258497403 0.0045386265827598105 0.0068498954696851371 0 0.0065897788507934341 nan nan nan nan nan nan nan nan nan nan 0.0010211150558828708 0.027291508692451255 0.043241630487751238 0 0.035095178969127769 nan nan nan nan nan nan nan nan nan nan 0 0 0 0 running
11560 23.455227577839949 0.0020454753440715349 0.25 1477.3144609999999 0.0047170779197447535 0.00016172449982188741 0.0045511743455726519 0.0068739860667106061 0 0.0065774686104720093 nan nan nan nan nan nan nan nan nan nan 0.0010316757312880398 0.02701079316219512 0.043237371017899609 0 0.035224181403459107 nan nan nan nan nan nan nan nan nan nan 0 0 0 0 running
11580 23.496137237733929 0.0020454899068946008 0.25 1479.123613 0.0047239001952326535 0.00016169774260521574 0.0045634907613281966 0.006898781016508297 0 0.0065674494037007113 nan nan nan nan nan nan nan nan nan nan 0.0010408202154305046 0.026691960006019425 0.043175496479795357 0 0.035307169160940663 nan nan nan nan nan nan nan nan nan nan 0 0 0 0 running
11600 23.536818966984068 0.0020455043175788622 0.25 1481.0027190000001 0.0047315258683210985 0.00016166039842405139 0.0045755074716305952 0.0069240975490731929 0 0.0065598899103956913 nan nan nan nan nan nan nan nan nan nan 0.0010484348609722804 0.026337233170807217 0.043056466251838614 0 0.035340318410222109 nan nan nan nan nan nan nan nan nan nan 0 0 0 0 running
11620 23.577729204711257 0.0020455187183314868 0.25 1482.866765 0.0047401010712645074 0.00016161423173047235 0.0045873610558988549 0.0069501742361932203 0 0.0065549880471664768 nan nan nan nan nan nan nan nan nan nan 0.0010545401197235016 0.026343733350382186 0.042878619591827441 0 0.035320740653520019 nan nan nan nan nan nan nan nan nan nan 0 0 0 0 running
11640 23.618409770710553 0.0020455329283356615 0.25 1484.7271949999999 0.0047496181967922454 0.00016156379437109591 0.0045989245583217533 0.0069766711437832078 0 0.0065531835679474354 nan nan nan nan nan nan nan nan nan nan 0.0010590540991018971 0.026515621098086296 0.04264367644681661 0 0.0352484871662095 nan nan nan nan nan nan nan nan nan nan 0 0 0 0 running
11660 23.659320578193558 0.0020455470886517309 0.25 1486.5795619999999 0.0047603453401400967 0.00016151708888652587 0.0046103375704880257 0.0070038388525609577 0 0.0065551033424706166 nan nan nan nan nan nan nan nan nan nan 0.0010620326907360145 0.02665340483648591 0.042348776372367107 0 0.03512336443145956 nan nan nan nan nan nan nan nan nan nan 0 0 0 0 running
11680 23.700000000000003 0.0018138937574860847 0.25 1488.39771 0.004772255869832878 0.00016148091898239876 0.0046214492378665881 0.0070313144778988033 0 0.00656116437862133 nan nan nan nan nan nan nan nan nan nan 0.0010636852790300022 0.02675517916676981 0.041997145957697109 0 0.034962890802900125 nan nan nan nan nan nan nan nan nan nan 0 0 0 0 running
11700 23.740911366043484 0.0020455748622429598 0.25 1490.2851330000001 0.004785504527203486 0.00016145837461463693 0.0046323783749350426 0.0070593637339108331 0 0.0065715792132843356 nan nan nan nan nan nan nan nan nan nan 0.0010642635878325146 0.026821705046690032 0.041584786802795259 0 0.03478088873030441 nan nan nan nan nan nan nan nan nan nan 0 0 0 0 running
11720 23.781823006975443 0.0020455885152532599 0.25 1492.1128289999999 0.0048000144227993563 0.00016145284303973126 0.0046430532195725922 0.0070877862069218976 0 0.0065863471484630893 nan nan nan nan nan nan nan nan nan nan 0.0010634082444981319 0.026851933158483589 0.041113647167039247 0 0.034555597966101317 nan nan nan nan nan nan nan nan nan nan 0 0 0 0 running
11740 23.822501583941939 0.0020456018838846471 0.25 1494.0254709999999 0.0048156695921480301 0.0001614670775039188 0.0046534094634950113 0.0071163701760212647 0 0.0066053275747284777 nan nan nan nan nan nan nan nan nan nan 0.0010607298547686828 0.026845635475877424 0.040587132020508877 0 0.034261860484252012 nan nan nan nan nan nan nan nan nan nan 0 0 0 0 running
11760 23.863413760811273 0.0020456151028161239 0.25 1495.842022 0.0048326194733581927 0.00016150345139871004 0.0046635634434265679 0.0071453912130722552 0 0.0066286900612319722 nan nan nan nan nan nan nan nan nan nan 0.001056226130914828 0.026802362113116224 0.040719663510907195 0 0.03405951393121058 nan nan nan nan nan nan nan nan nan nan 0 0 0 0 running
11780 23.904091255361969 0.0020456280022879423 0.25 1497.686072 0.0048506284193390462 0.00016156290699946926 0.004673399283010032 0.0071744612013977397 0 0.0066560741695672046 nan nan nan nan nan nan nan nan nan nan 0.001067503363902933 0.026722374612165957 0.041253495377850918 0 0.034454030952546261 nan nan nan nan nan nan nan nan nan nan 0 0 0 0 running
11800 23.945003949320249 0.0020456407125245398 0.25 1499.53448 0.0048698551983529107 0.0001616469917141606 0.0046830327091549164 0.0072038581334011743 0 0.0066876715793696842 nan nan nan nan nan nan nan nan nan nan 0.0010828501911582245 0.026604791635090209 0.041737887234835104 0 0.034794272905527557 nan nan nan nan nan nan nan nan nan nan 0 0 0 0 running
11820 23.985916894547074 0.0020456531404022308 0.25 1501.35347 0.0048901478255055754 0.00016175610580997324 0.0046924099236586485 0.0072333554661118569 0 0.0067232002460091353 nan nan nan nan nan nan nan nan nan nan 0.0010967304542113809 0.026450214598092908 0.042168647934409706 0 0.035085560062232422 nan nan nan nan nan nan nan nan nan nan 0 0 0 0 running
11840 24.026593600637593 0.0020456651994920586 0.25 1503.176856 0.0049114585283691788 0.00016190838969926618 0.0047016552302268106 0.0072627212447798073 0 0.0067626347135936312 nan nan nan nan nan nan nan nan nan nan 0.0011091040577199673 0.026260071898821933 0.042542817031068936 0 0.03533180975680307 nan nan nan nan nan nan nan nan nan nan 0 0 0 0 running
11860 24.06750702920305 0.0020456770121084064 0.25 1504.995584 0.0049339966189085368 0.00016209038563687141 0.0047106981435964231 0.0072922363176334973 0 0.0068064640138321966 nan nan nan nan nan nan nan nan nan nan 0.0011200620423703067 0.026032204605484464 0.042863876549121535 0 0.035536339483114451 nan nan nan nan nan nan nan nan nan nan 0 0 0 0 running
11880 24.108182750295061 0.0020456884231870942 0.25 1506.829708 0.004957423903997899 0.00016230183536541094 0.0047194373273080478 0.0073215014274255101 0 0.0068539364671481732 nan nan nan nan nan nan nan nan nan nan 0.0011294124543409501 0.025769295079453414 0.043127446862929991 0 0.035692499122382863 nan nan nan nan nan nan nan nan nan nan 0 0 0 0 running
11900 24.149096636179181 0.002045699548806546 0.25 1508.6332090000001 0.0049819127099899477 0.00016254605408979033 0.0047279811935520442 0.0073508037279132292 0 0.0069052681640333078 nan nan nan nan nan nan nan nan nan nan 0.0011372403961716904 0.025468416534264474 0.043336162659225033 0 0.035797984618020973 nan nan nan nan nan nan nan nan nan nan 0 0 0 0 running
11920 24.190010740716449 0.0020457103041891128 0.25 1510.4468199999999 0.0050072100009979238 0.00016282167477911868 0.0047362865697726138 0.0073799172411704922 0 0.0069597887981717056 nan nan nan nan nan nan nan nan nan nan 0.0011434984188765096 0.025131293546093121 0.043491660039368663 0 0.03585340077092046 nan nan nan nan nan nan nan nan nan nan 0 0 0 0 running
11940 24.230685755287126 0.0020457206131952186 0.25 1512.27495 0.0050330310141332791 0.00016312552678172297 0.0047443177062980249 0.007408619617229514 0 0.0070167086926534545 nan nan nan nan nan nan nan nan nan nan 0.0011481783696642989 0.024760599306536405 0.043625402555413612 0 0.035862466220068771 nan nan nan nan nan nan nan nan nan nan 0 0 0 0 running
11960 24.271600272901949 0.0020457305817618916 0.25 1514.0972039999999 0.0050595557730182391 0.00016345953955105268 0.0047521833322741805 0.0074371938243223308 0 0.0070762776709409874 nan nan nan nan nan nan nan nan nan nan 0.0011513342096233226 0.024424614771896551 0.043703969782513535 0 0.035825458507781266 nan nan nan nan nan nan nan nan nan nan 0 0 0 0 running
11980 24.312274433435896 0.0020457400785302924 0.25 1515.999509 0.00508637372809878 0.00016381863608031698 0.0047598086823839886 0.0074652492575194461 0 0.0071374664128209782 nan nan nan nan nan nan nan nan nan nan 0.0011529141579126323 0.024625776372078037 0.043726127956265966 0 0.035740856552177708 nan nan nan nan nan nan nan nan nan nan 0 0 0 0 running
12000 24.353189331525659 0.0020457492013902004 0.25 1517.827423 0.0051137336216312609 0.00016420698103095408 0.0047673041802878532 0.0074930609803316129 0 0.0072007806403217405 nan nan nan nan nan nan nan nan nan nan 0.001152917182795643 0.024794928427036816 0.043691798900698998 0 0.036165598818518739 nan nan nan nan nan nan nan nan nan nan 0 0 0 0 running
12020 24.394104407415728 0.0020457578784587667 0.25 1519.6658580000001 0.0051414389023701863 0.00016462373125035264 0.0047746453951335978 0.0075204051624250395 0 0.0072657509250480985 nan nan nan nan nan nan nan nan nan nan 0.0011513111496049833 0.024930495911033416 0.043600296175471592 0 0.036679917439806031 nan nan nan nan nan nan nan nan nan nan 0 0 0 0 running
12040 24.434777967642553 0.0020457660484506121 0.25 1521.484242 0.0051693004751418086 0.00016506831888349672 0.0047818127227055732 0.0075470706607073494 0 0.0073319220528364221 nan nan nan nan nan nan nan nan nan nan 0.001148109395386232 0.025031730789361779 0.043525774359005898 0 0.037141472877006955 nan nan nan nan nan nan nan nan nan nan 0 0 0 0 running
12060 24.475693370748825 0.0020457737950860971 0.25 1523.2989070000001 0.0051976266609813854 0.00016554853220531257 0.0047889124761498168 0.0075733239868604431 0 0.0074000195475436466 nan nan nan nan nan nan nan nan nan nan 0.0011432777811722916 0.025362857481137067 0.044158311632658029 0 0.037556372178196094 nan nan nan nan nan nan nan nan nan nan 0 0 0 0 running
12080 24.516366238202888 0.002045781014122919 0.25 1525.1261019999999 0.0052260405640454401 0.00016606183579746407 0.0047958678890816621 0.0075988093528681295 0 0.0074691144696793031 nan nan nan nan nan nan nan nan nan nan 0.001136893943335604 0.025968371354148572 0.044730625999027378 0 0.03791923138814092 nan nan nan nan nan nan nan nan nan nan 0 0 0 0 running
12100 24.557281930361061 0.0020457877796360795 0.25 1526.9526579999999 0.005254829740444807 0.00016661562922351038 0.0048027894393932796 0.0076237917420932805 0 0.0075398561200766519 nan nan nan nan nan nan nan nan nan nan 0.0011289134018899194 0.026545444506625233 0.045248599537076974 0 0.038233246660018538 nan nan nan nan nan nan nan nan nan nan 0 0 0 0 running
12120 24.59819775249623 0.0020457940353843743 0.25 1528.7790729999999 0.0052837428044448008 0.0001672062883430272 0.0048096603628591979 0.0076480829584423711 0 0.0076115521695298187 nan nan nan nan nan nan nan nan nan nan 0.0011194020862220766 0.027089487397743462 0.045707844298072287 0 0.038496130093322034 nan nan nan nan nan nan nan nan nan nan 0 0 0 0 running
12140 24.63887014681687 0.0020457997375226155 0.25 1530.632466 0.0053125053866724366 0.00016782860712826527 0.0048164585861078836 0.007671514628231936 0 0.0076834231285852492 nan nan nan nan nan nan nan nan nan nan 0.0011084551152182875 0.027596620712434454 0.046105464321771102 0 0.038706962706710625 nan nan nan nan nan nan nan nan nan nan 0 0 0 0 running
12160 24.679786197127903 0.0020458049441176912 0.25 1532.4534839999999 0.0053413536834812595 0.0001684878834094736 0.0048232852263313435 0.0076943401310245888 0 0.0077559626911748742 nan nan nan nan nan nan nan nan nan nan 0.0011173253634469971 0.028071962302539933 0.046445598977628927 0 0.038867478672759706 nan nan nan nan nan nan nan nan nan nan 0 0 0 0 running
12180 24.720458085750163 0.0020458095835127481 0.25 1534.2884140000001 0.0053698381141122648 0.00016917369557938944 0.0048300801153680004 0.0077162624399220378 0 0.007827950380333468 nan nan nan nan nan nan nan nan nan nan 0.0011260305651571989 0.028508982711827308 0.046723615888575543 0 0.03897463553216389 nan nan nan nan nan nan nan nan nan nan 0 0 0 0 running
12200 24.761374321587464 0.0020458137020512778 0.25 1536.1203230000001 0.0053982659573094506 0.00016990517968275528 0.0048370372321573738 0.007737521418832472 0 0.0079000849404914381 nan nan nan nan nan nan nan nan nan nan 0.0011333137949289251 0.028912188165267687 0.046942302174930693 0 0.039029279044297531 nan nan nan nan nan nan nan nan nan nan 0 0 0 0 running
12220 24.802045817242025 0.0020458172420256271 0.25 1537.950192 0.0054262992338437906 0.00017066739231402962 0.0048440443013982541 0.0077578422078403491 0 0.0079715499497658021 nan nan nan nan nan nan nan nan nan nan 0.0011390690564867523 0.029276104362944602 0.047147348034776985 0 0.039031013686391169 nan nan nan nan nan nan nan nan nan nan 0 0 0 0 running
12240 24.842962194491772 0.0020458202383124525 0.25 1539.7815009999999 0.0054541356911592589 0.00017146010850097509 0.0048511576694350543 0.0077774552357137245 0 0.0080427632963944607 nan nan nan nan nan nan nan nan nan nan 0.0011433415789399159 0.029604589313856414 0.047311439072573465 0 0.038980805054276486 nan nan nan nan nan nan nan nan nan nan 0 0 0 0 running
12260 24.883878625653946 0.0020458226608476584 0.25 1541.643611 0.0054814647235651194 0.00017227474666672981 0.0048583545567948676 0.0077962256311963005 0 0.00811282046504503 nan nan nan nan nan nan nan nan nan nan 0.0011460762396944268 0.029894805263722547 0.047414602153292296 0 0.038879613111878847 nan nan nan nan nan nan nan nan nan nan 0 0 0 0 running
12280 24.924549888430334 0.0020458244940751527 0.25 1543.511287 0.0055080085630413956 0.00017310294501492827 0.0048656126834203412 0.0078140426415014771 0 0.0081809154643505255 nan nan nan nan nan nan nan nan nan nan 0.0011472676363836198 0.030144774516677325 0.047456129158150034 0 0.038726934462012287 nan nan nan nan nan nan nan nan nan nan 0 0 0 0 running
12300 24.965466392525588 0.0020458257546775616 0.25 1545.4104729999999 0.005533996612539822 0.00017395221046466726 0.004873043054141493 0.0078311188076823184 0 0.0082475670824148604 nan nan nan nan nan nan nan nan nan nan 0.00114694038295865 0.030357013718806395 0.047435992727630202 0 0.03851961684913964 nan nan nan nan nan nan nan nan nan nan 0 0 0 0 running
12320 25.006137479207965 0.002045826422755327 0.25 1547.260499 0.005559051421417373 0.00017481049027325891 0.0048805803684747791 0.0078472501068440927 0 0.0083117570855864766 nan nan nan nan nan nan nan nan nan nan 0.0011451167311365418 0.030528569695801849 0.047354021183433417 0 0.038261312867554353 nan nan nan nan nan nan nan nan nan nan 0 0 0 0 running
12340 25.047054009487248 0.0020458265020522419 0.25 1549.0858539999999 0.0055834217195016413 0.00017568636115794007 0.0048883391834265164 0.0078626355714970231 0 0.0083740806473978427 nan nan nan nan nan nan nan nan nan nan 0.0011417930141400245 0.030661190838921881 0.047208911457353668 0 0.037950902847024966 nan nan nan nan nan nan nan nan nan nan 0 0 0 0 running
12360 25.08797053508049 0.0020458259836297417 0.25 1550.9139230000001 0.0056069035968201999 0.00017657264399434107 0.0048962972176410224 0.0078771841005467573 0 0.0084339733236585175 nan nan nan nan nan nan nan nan nan nan 0.001136988128602634 0.030753495864248345 0.04700075090574949 0 0.038409511013965204 nan nan nan nan nan nan nan nan nan nan 0 0 0 0 running
12380 25.128641554057022 0.0020458248737793166 0.25 1552.7426379999999 0.005629314864111494 0.00017746159783524012 0.00490442611427056 0.0078908290668570635 0 0.0084909279649006235 nan nan nan nan nan nan nan nan nan nan 0.0011307495460908812 0.03096630446990685 0.046731213945337663 0 0.038865102962860942 nan nan nan nan nan nan nan nan nan nan 0 0 0 0 running
12400 25.169558034511013 0.002045823157292858 0.25 1554.556325 0.0056508811340192731 0.00017836154743094482 0.0049128434180621267 0.0079037524856504244 0 0.0085454749024060205 nan nan nan nan nan nan nan nan nan nan 0.0011230027515631846 0.031408589516897324 0.047317926714825966 0 0.039272805876541403 nan nan nan nan nan nan nan nan nan nan 0 0 0 0 running
12420 25.210229105554891 0.002045820853796019 0.25 1556.399883 0.0056713128446852796 0.00017925970921098863 0.0049214639009312324 0.0079158201331574734 0 0.008596848117737357 nan nan nan nan nan nan nan nan nan nan 0.0011138409757944778 0.03180839647272167 0.047849474298382356 0 0.039625824101329699 nan nan nan nan nan nan nan nan nan nan 0 0 0 0 running
12440 25.251145492989895 0.0020458179354555964 0.25 1558.2306900000001 0.0056908348627874757 0.00018016513521934476 0.0049304108070305584 0.0079272028890351176 0 0.0086455798724913574 nan nan nan nan nan nan nan nan nan nan 0.0011031579653639767 0.032169930467698345 0.048322341857834475 0 0.039927462567219241 nan nan nan nan nan nan nan nan nan nan 0 0 0 0 running
12460 25.292061815735732 0.0020458144151853977 0.25 1560.0673670000001 0.0057093007400643488 0.00018107063539571282 0.0049396469211096762 0.0079378554277686614 0 0.0086912673201386056 nan nan nan nan nan nan nan nan nan nan 0.0010910162629465536 0.032490106978911894 0.048732260804117071 0 0.040175576093030206 nan nan nan nan nan nan nan nan nan nan 0 0 0 0 running
12480 25.332732990708141 0.0020458103210906188 0.25 1561.8940070000001 0.0057265878296439915 0.00018196881841603534 0.0049491265565893275 0.0079477541220278353 0 0.0087335719465124629 nan nan nan nan nan nan nan nan nan nan 0.0010775215809512018 0.032766881999945291 0.04907660924284845 0 0.040369181022195277 nan nan nan nan nan nan nan nan nan nan 0 0 0 0 running
12500 25.373649148614728 0.0020458056061272872 0.25 1563.7083399999999 0.005742889894836789 0.00018286897867874862 0.0049589787469740375 0.0079570571206839455 0 0.008772927243683391 nan nan nan nan nan nan nan nan nan nan 0.0010625378928978413 0.033003261745789852 0.049408999907845447 0 0.040510498531742621 nan nan nan nan nan nan nan nan nan nan 0 0 0 0 running
12520 25.414320608123127 0.0020458003296367254 0.25 1565.5358269999999 0.0057580106971298209 0.00018376041519088036 0.0049691223292945754 0.0079656966235129613 0 0.0088088119874235229 nan nan nan nan nan nan nan nan nan nan 0.0010652159145879692 0.033195993877250612 0.049721007984581712 0 0.040599305775929018 nan nan nan nan nan nan nan nan nan nan 0 0 0 0 running
12540 25.455236553766998 0.0020457944316180109 0.25 1567.3479219999999 0.0057721807696047706 0.00018465377508134398 0.0049796847826015268 0.0079738236055156061 0 0.0088417834028194035 nan nan nan nan nan nan nan nan nan nan 0.0010677853473052834 0.033346650969959646 0.049971640552580604 0 0.040638083705962058 nan nan nan nan nan nan nan nan nan nan 0 0 0 0 running
12560 25.496152375274949 0.0020457879462130514 0.25 1569.1787059999999 0.0057852518821663937 0.00018553912791946799 0.0049905864613507163 0.0079814376337013129 0 0.0088714131909002659 nan nan nan nan nan nan nan nan nan nan 0.001068985573417558 0.033453662506665163 0.050158081048877118 0 0.040625598071080099 nan nan nan nan nan nan nan nan nan nan 0 0 0 0 running
12580 25.536824111571391 0.0020457809228678564 0.25 1571.0152860000001 0.0057970838530761251 0.00018640672810721373 0.0050017621902040286 0.0079885561037354429 0 0.0088972751390418749 nan nan nan nan nan nan nan nan nan nan 0.0010688152281502772 0.033516886760040325 0.050279053312560384 0 0.040562409395734314 nan nan nan nan nan nan nan nan nan nan 0 0 0 0 running
12600 25.577739650769306 0.0020457732837841042 0.25 1572.8471959999999 0.0058077590816545278 0.00018726232634405673 0.0050133514174842938 0.0079953223507218379 0 0.0089194388078337912 nan nan nan nan nan nan nan nan nan nan 0.0010672721807399865 0.03353684914004889 0.050335330252449975 0 0.040447768133299158 nan nan nan nan nan nan nan nan nan nan 0 0 0 0 running
12620 25.618411901272818 0.0020457651268993458 0.25 1574.6757150000001 0.0058171398717114606 0.00018809990740450096 0.0050252482086625434 0.0080017139081891304 0 0.0089375418786675973 nan nan nan nan nan nan nan nan nan nan 0.0010643819500201768 0.033512367908711045 0.050325653449229929 0 0.04028271371148831 nan nan nan nan nan nan nan nan nan nan 0 0 0 0 running
12640 25.659327112711726 0.002045756362750898 0.25 1576.5294409999999 0.005825368262614419 0.00018893112599962405 0.0050375986375046965 0.0080078654060733202 0 0.0089518474970606016 nan nan nan nan nan nan nan nan nan nan 0.0010601233881601946 0.033451650555546129 0.050249390992855081 0 0.040064368878360325 nan nan nan nan nan nan nan nan nan nan 0 0 0 0 running
12660 25.700000000000003 0.0018036039889324229 0.25 1578.3498850000001 0.0058323741568064259 0.00018973117728368565 0.0050502118734976403 0.0080137630039298358 0 0.0089622489451539333 nan nan nan nan nan nan nan nan nan nan 0.0010545632191737986 0.033355893633750952 0.05010700744039303 0 0.03978571279664108 nan nan nan nan nan nan nan nan nan nan 0 0 0 0 running
12680 25.740914839469962 0.0020457372470114319 0.25 1580.1897730000001 0.0058382907326086225 0.00019050944256730298 0.0050632382558358779 0.0080195388682912754 0 0.0089689750946926397 nan nan nan nan nan nan nan nan nan nan 0.001047651805861749 0.033215116567502909 0.04989642245369063 0 0.039446055534480606 nan nan nan nan nan nan nan nan nan nan 0 0 0 0 running
12700 25.781829476200979 0.0020457268578811419 0.25 1582.051015 0.0058431164991048857 0.00019126093614530243 0.0050766015936327732 0.0080252220252288835 0 0.0089720342771397107 nan nan nan nan nan nan nan nan nan nan 0.0010394308381462269 0.033476090397257102 0.049617956017733521 0 0.039058927106305888 nan nan nan nan nan nan nan nan nan nan 0 0 0 0 running
12720 25.82250290659552 0.0020457160123743341 0.25 1583.877845 0.005846872027704478 0.0001919812206125859 0.0050902162370702652 0.0080308475093010621 0 0.008971504483358218 nan nan nan nan nan nan nan nan nan nan 0.0010306967754716845 0.033797007087731874 0.049273635369126143 0 0.039268826329751705 nan nan nan nan nan nan nan nan nan nan 0 0 0 0 running
12740 25.863417107772872 0.0020457045921968065 0.25 1585.716889 0.005849635101222119 0.00019267793384789638 0.0051042365933926144 0.0080365534456101253 0 0.0089674191836660276 nan nan nan nan nan nan nan nan nan nan 0.0010237086799731454 0.034076756076531725 0.048951913028447668 0 0.03976796847280592 nan nan nan nan nan nan nan nan nan nan 0 0 0 0 running
12760 25.904091386094898 0.0020456927437004272 0.25 1587.537014 0.0058513995530483521 0.00019334126549079301 0.0051184882163272678 0.0080423452592666683 0 0.0089598417347741457 nan nan nan nan nan nan nan nan nan nan 0.0010153331181989023 0.034311167832229698 0.049464095375216198 0 0.040216225560321908 nan nan nan nan nan nan nan nan nan nan 0 0 0 0 running
12780 25.945005111537736 0.0020456803411269295 0.25 1589.3639780000001 0.0058522182094741188 0.00019397703919232255 0.0051331275663088101 0.0080483635212848133 0 0.0089487154822365973 nan nan nan nan nan nan nan nan nan nan 0.00100546941915447 0.034502263919768031 0.049915471075628617 0 0.040615855895515147 nan nan nan nan nan nan nan nan nan nan 0 0 0 0 running
12800 25.985918583954739 0.0020456674671352087 0.25 1591.1806630000001 0.0058521257569165829 0.00019457935841190428 0.0051480590647359943 0.0080546459244484787 0 0.0089341583344413333 nan nan nan nan nan nan nan nan nan nan 0.00099415988516948772 0.034647964456790623 0.050406557138015284 0 0.040962164816202074 nan nan nan nan nan nan nan nan nan nan 0 0 0 0 running
12820 26.026593557291974 0.0020456542156742212 0.25 1593.026531 0.0058511891265325194 0.00019514325561901106 0.0051631797934890197 0.008061222826952116 0 0.0089164034810219946 nan nan nan nan nan nan nan nan nan nan 0.00098148146270632397 0.034747388251972586 0.050844235173402502 0 0.041253456016806647 nan nan nan nan nan nan nan nan nan nan 0 0 0 0 running
12840 26.067506497750813 0.0020456404465445713 0.25 1594.835382 0.0058494609298550349 0.00019567379058780127 0.0051786522683646185 0.0080682392607711369 0 0.0088953782118296049 nan nan nan nan nan nan nan nan nan nan 0.00096728811575980123 0.034801326569213135 0.051220242151630298 0 0.041494044084674983 nan nan nan nan nan nan nan nan nan nan 0 0 0 0 running
12860 26.108182509651868 0.0020456263347347439 0.25 1596.6709539999999 0.0058471167048723335 0.00019617267058086939 0.0051943592474134456 0.0080756788809989415 0 0.008871720673302377 nan nan nan nan nan nan nan nan nan nan 0.00095678680807859129 0.034808781304461391 0.05152916869050661 0 0.041681815433324956 nan nan nan nan nan nan nan nan nan nan 0 0 0 0 running
12880 26.149094883687692 0.0020456117322382571 0.25 1598.503608 0.0058442579243504844 0.00019664089587911247 0.0052103807730852318 0.0080836936391951893 0 0.0088455590629894065 nan nan nan nan nan nan nan nan nan nan 0.00095516503958864574 0.034769487694941377 0.051773659475642525 0 0.041819177362865688 nan nan nan nan nan nan nan nan nan nan 0 0 0 0 running
12900 26.190006961520446 0.0020455967369416976 0.25 1600.3234869999999 0.0058409150967897693 0.00019707382053366651 0.0052266025526345513 0.0080923091834169229 0 0.0088170156847752965 nan nan nan nan nan nan nan nan nan nan 0.00097195443873532295 0.034683054301396524 0.051950807420126803 0 0.041905199590759307 nan nan nan nan nan nan nan nan nan nan 0 0 0 0 running
12920 26.230683803016266 0.0020455814557188631 0.25 1602.2324450000001 0.0058371158311500094 0.00019746720695393508 0.0052429058214397244 0.0081015355758725111 0 0.0087862206149102399 nan nan nan nan nan nan nan nan nan nan 0.00098753861092859552 0.034550251478447369 0.052059322704282797 0 0.041939148196785535 nan nan nan nan nan nan nan nan nan nan 0 0 0 0 running
12940 26.271595267590484 0.0020455657301508335 0.25 1604.0780119999999 0.0058328351490908471 0.00019782365345274113 0.0052594564834087566 0.008111539737074942 0 0.0087528130208217418 nan nan nan nan nan nan nan nan nan nan 0.0010018389540182859 0.034369481134412058 0.05209971851289158 0 0.041919471054261012 nan nan nan nan nan nan nan nan nan nan 0 0 0 0 running
12960 26.312273310698803 0.0020455497587017414 0.25 1605.9444840000001 0.0058281670454971594 0.00019813768530017062 0.0052760353402522267 0.0081222544433912844 0 0.008717271984627956 nan nan nan nan nan nan nan nan nan nan 0.0010146441898711833 0.034142488547402532 0.052070915386853711 0 0.041851998297927538 nan nan nan nan nan nan nan nan nan nan 0 0 0 0 running
12980 26.353184134385568 0.0020455333776282221 0.25 1607.7610749999999 0.0058231515996497825 0.00019841263578002899 0.0052928218453427312 0.0081338607756779469 0 0.0086794268810695373 nan nan nan nan nan nan nan nan nan nan 0.0010260538355724158 0.03386670136703273 0.051972065742052334 0 0.041697043491123166 nan nan nan nan nan nan nan nan nan nan 0 0 0 0 running
13000 26.394094627276427 0.0020455166974030605 0.25 1609.6099670000001 0.0058179526982871195 0.00019864905653206458 0.0053097017773145157 0.0081463456191418794 0 0.0086398800130176433 nan nan nan nan nan nan nan nan nan nan 0.0010359029624138483 0.033545374567362687 0.051802665559408233 0 0.041467778326487043 nan nan nan nan nan nan nan nan nan nan 0 0 0 0 running
13020 26.434773612913432 0.0020454998346024818 0.25 1611.435778 0.0058127517055958037 0.00019884900224704963 0.0053265595763168899 0.0081596703539785799 0 0.0085993263586858874 nan nan nan nan nan nan nan nan nan nan 0.001044134550236997 0.033649316004451417 0.051563881057570246 0 0.041208899047001826 nan nan nan nan nan nan nan nan nan nan 0 0 0 0 running
13040 26.475683429240007 0.0020454826175259895 0.25 1613.28496 0.005807621161939812 0.00019901738812792461 0.0053435651565628649 0.0081740215898218616 0 0.0085577095270271825 nan nan nan nan nan nan nan nan nan nan 0.0010509410771012417 0.033899885681402425 0.051252819778589392 0 0.040920386789237068 nan nan nan nan nan nan nan nan nan nan 0 0 0 0 running
13060 26.516363746640369 0.0020454652608676203 0.25 1615.1094700000001 0.005802722255448119 0.00019915427583392154 0.0053605025071629502 0.0081892716882548296 0 0.0085158151418657027 nan nan nan nan nan nan nan nan nan nan 0.0010563027879220144 0.034104595074201237 0.050873002549850249 0 0.040983361506408619 nan nan nan nan nan nan nan nan nan nan 0 0 0 0 running
13080 26.557272866668239 0.0020454475913984807 0.25 1616.9268500000001 0.0057980856780338276 0.00019926268570856777 0.0053775356850530101 0.0082056252460184047 0 0.0084734353310257828 nan nan nan nan nan nan nan nan nan nan 0.0010602148632483654 0.03426423012681995 0.050420207385462844 0 0.041499080761202956 nan nan nan nan nan nan nan nan nan nan 0 0 0 0 running
13100 26.598181631238944 0.0020454297285060741 0.25 1618.7714040000001 0.0057938189709211933 0.00019934299930647291 0.0053945425300199034 0.0082230271535984386 0 0.0084310550366278759 nan nan nan nan nan nan nan nan nan nan 0.0010625509564230473 0.034377080933175125 0.050272529388983717 0 0.041951356011502405 nan nan nan nan nan nan nan nan nan nan 0 0 0 0 running
13120 26.638862978553384 0.0020454117954341617 0.25 1620.615149 0.0057900576028541663 0.00019939742070132886 0.0054113919206440738 0.0082413921178458045 0 0.0083893008845529801 nan nan nan nan nan nan nan nan nan nan 0.001063293355952788 0.034443121889394732 0.050899657009895856 0 0.042335433984275826 nan nan nan nan nan nan nan nan nan nan 0 0 0 0 running
13140 26.679771023800075 0.0020453936157649594 0.25 1622.436522 0.0057868679854855944 0.00019942854559366969 0.0054282597468438927 0.0082609395115615155 0 0.0083480721229220924 nan nan nan nan nan nan nan nan nan nan 0.0010624510999958092 0.034463122594831461 0.051467124183287888 0 0.042653302469131314 nan nan nan nan nan nan nan nan nan nan 0 0 0 0 running
13160 26.720453795399873 0.0020453754133230024 0.25 1624.2589149999999 0.0057843479485158843 0.00019943662957210665 0.0054449345324558193 0.0082814624872560774 0 0.0083080501916951034 nan nan nan nan nan nan nan nan nan nan 0.0010833870740336593 0.034436453737227188 0.051967198517629834 0 0.042900276212526185 nan nan nan nan nan nan nan nan nan nan 0 0 0 0 running
13180 26.761361110571691 0.0020453570090527857 0.25 1626.091177 0.0057825412088856982 0.00019942264336351585 0.0054615773744903021 0.0083031890448786016 0 0.0082690609526767829 nan nan nan nan nan nan nan nan nan nan 0.0011050460941258722 0.034362324236983738 0.052404058042663938 0 0.043078664441554823 nan nan nan nan nan nan nan nan nan nan 0 0 0 0 running
13200 26.802045338626684 0.0020453386266841688 0.25 1627.913808 0.0057815745082770197 0.00019939351438799633 0.0054780200660308771 0.0083258732160470337 0 0.0082319130550976422 nan nan nan nan nan nan nan nan nan nan 0.0011250352753496839 0.034241324350220682 0.052771739223370293 0 0.043188310269019696 nan nan nan nan nan nan nan nan nan nan 0 0 0 0 running
13220 26.842951916577672 0.0020453200879987322 0.25 1629.7298760000001 0.0057816241269170333 0.00019936472578280183 0.0054944364038415749 0.0083497469607026111 0 0.008196891833325436 nan nan nan nan nan nan nan nan nan nan 0.0011435366943389758 0.03407216292560359 0.053073236784299045 0 0.043246201721383458 nan nan nan nan nan nan nan nan nan nan 0 0 0 0 running
13240 26.883858123375472 0.0020453015169359882 0.25 1631.550176 0.0057827524568137209 0.00019932541664378865 0.0055106426555935756 0.0083746731909062743 0 0.0081645003356037461 nan nan nan nan nan nan nan nan nan nan 0.0011604296140803605 0.033855462968962684 0.053305432138575692 0 0.043244366193474978 nan nan nan nan nan nan nan nan nan nan 0 0 0 0 running
13260 26.924543457760059 0.0020452830378154645 0.25 1633.41263 0.005784991658970999 0.00019927488222126519 0.0055265371787252306 0.0084004905104105541 0 0.0081351138891724087 nan nan nan nan nan nan nan nan nan nan 0.0011756521901946648 0.033592703404734602 0.053466751027665543 0 0.043169972820984948 nan nan nan nan nan nan nan nan nan nan 0 0 0 0 running
13280 26.965448923557908 0.0020452644748420435 0.25 1635.2456810000001 0.0057883852824057664 0.00019921392881286327 0.005542269247855368 0.0084274535613044071 0 0.0081085518284561564 nan nan nan nan nan nan nan nan nan nan 0.0011893630751591555 0.033281012067432232 0.053558116821236255 0 0.043120915379505506 nan nan nan nan nan nan nan nan nan nan 0 0 0 0 running
13300 27.006135740926794 0.0020452460507020833 0.25 1637.1171300000001 0.005792903374444062 0.00019914368310713332 0.0055576496134679835 0.0084552421717699177 0 0.008085196343463049 nan nan nan nan nan nan nan nan nan nan 0.0012013478007487643 0.032924120703178968 0.053577823637429287 0 0.043161297407774489 nan nan nan nan nan nan nan nan nan nan 0 0 0 0 running
13320 27.047040467990755 0.0020452275912777669 0.25 1638.961863 0.0057986146987011695 0.00019906407453520544 0.0055728270736107996 0.0084841164749948645 0 0.0080649489558550155 nan nan nan nan nan nan nan nan nan nan 0.0012116587042694249 0.032518611315241891 0.053525458697765503 0 0.04314899070930004 nan nan nan nan nan nan nan nan nan nan 0 0 0 0 running
13340 27.087944826752636 0.0020452092202424945 0.25 1640.796302 0.0058055382858317383 0.00019897685294680342 0.005587706576580709 0.0085138841960118589 0 0.0080481732874123791 nan nan nan nan nan nan nan nan nan nan 0.001220204228364552 0.032066377877746979 0.053400202911212863 0 0.043087582618808157 nan nan nan nan nan nan nan nan nan nan 0 0 0 0 running
13360 27.128632757739112 0.0020451910587500049 0.25 1642.634288 0.0058136843051524861 0.00019888486538569331 0.0056022033206391654 0.0085443278644266735 0 0.0080352255792605892 nan nan nan nan nan nan nan nan nan nan 0.001226960729215798 0.032281775495858048 0.053202884769363606 0 0.042974787543546597 nan nan nan nan nan nan nan nan nan nan 0 0 0 0 running
13380 27.169536388404627 0.0020451729388794113 0.25 1644.460734 0.0058232442181955857 0.00019879184864459091 0.0056164612860101831 0.0085757113008783619 0 0.0080264491670594962 nan nan nan nan nan nan nan nan nan nan 0.0012319890252917576 0.03248941802575496 0.052931096027712905 0 0.042805282780934865 nan nan nan nan nan nan nan nan nan nan 0 0 0 0 running
13400 27.21022578431802 0.0020451550753521129 0.25 1646.2974079999999 0.0058342881157989503 0.0001987063767952852 0.0056303378539478716 0.0086076479737247011 0 0.0080226427614234416 nan nan nan nan nan nan nan nan nan nan 0.0012351789022209125 0.032651971800643421 0.052587459199700488 0 0.04257933856520444 nan nan nan nan nan nan nan nan nan nan 0 0 0 0 running
13420 27.251128698893019 0.0020451373035888466 0.25 1648.1313970000001 0.0058469411216808109 0.00019863115327294314 0.0056439614486758051 0.0086404108290716007 0 0.0080239110125725644 nan nan nan nan nan nan nan nan nan nan 0.0012365264164412304 0.032770704218644094 0.052168208073131973 0 0.042294523821809982 nan nan nan nan nan nan nan nan nan nan 0 0 0 0 running
13440 27.292031260191475 0.0020451197411366561 0.25 1649.95398 0.0058611050716504132 0.00019856778492100246 0.005657245863486756 0.0086737713996660228 0 0.0080302299522379949 nan nan nan nan nan nan nan nan nan nan 0.001236278349735831 0.032844313187719555 0.051674914748899639 0 0.041955005968783696 nan nan nan nan nan nan nan nan nan nan 0 0 0 0 running
13460 27.332721743640469 0.0020451025007022406 0.25 1651.7874770000001 0.0058766682235917612 0.00019851866618983638 0.0056701194404797659 0.0087074874675709887 0 0.0080415262806775405 nan nan nan nan nan nan nan nan nan nan 0.0012344567740888435 0.032872557143139504 0.051110817978917249 0 0.041569941846376669 nan nan nan nan nan nan nan nan nan nan 0 0 0 0 running
13480 27.373623613928491 0.0020450854264102646 0.25 1653.6116380000001 0.0058937953103105406 0.00019848671683282516 0.0056827140401602182 0.0087418388137226657 0 0.0080580229656592173 nan nan nan nan nan nan nan nan nan nan 0.0012307424026853919 0.03285558035159146 0.050470298535742801 0 0.041140618131549074 nan nan nan nan nan nan nan nan nan nan 0 0 0 0 running
13500 27.41431549853618 0.0020450687173120827 0.25 1655.4410359999999 0.0059123213426557951 0.00019847608460060625 0.0056949016918705691 0.0087763971167125251 0 0.0080796827850880115 nan nan nan nan nan nan nan nan nan nan 0.0012275507810275976 0.032793328101003168 0.050069325663337126 0 0.041584734234766565 nan nan nan nan nan nan nan nan nan nan 0 0 0 0 running
13520 27.45521669918238 0.0020450522242225055 0.25 1657.2832269999999 0.0059324339329895823 0.000198490238951226 0.0057068129904648867 0.008811441991209281 0 0.0081068020204571028 nan nan nan nan nan nan nan nan nan nan 0.0012467833652869964 0.032684834506009605 0.050727231200328356 0 0.042044721112183395 nan nan nan nan nan nan nan nan nan nan 0 0 0 0 running
13540 27.496117573350372 0.0020450360570411514 0.25 1659.105411 0.0059540149089858611 0.00019853233839695267 0.0057183884953986271 0.0088467204279031944 0 0.0081392642959270695 nan nan nan nan nan nan nan nan nan nan 0.0012642171850699713 0.032530045774509589 0.051320040183037804 0 0.042452433495648118 nan nan nan nan nan nan nan nan nan nan 0 0 0 0 running
13560 27.536810486175199 0.002045020317942139 0.25 1660.9771149999999 0.0059769000139541246 0.00019860441493280292 0.0057295740638546198 0.0088819770683345803 0 0.0081767774566008818 nan nan nan nan nan nan nan nan nan nan 0.0012798483814603356 0.032330064668483927 0.051843985877440789 0 0.042803096709719594 nan nan nan nan nan nan nan nan nan nan 0 0 0 0 running
13580 27.577710729669281 0.002045004867015214 0.25 1662.848246 0.0060012933799912724 0.00019872037287826813 0.0057405254927010421 0.0089174962510184842 0 0.0082196562615330336 nan nan nan nan nan nan nan nan nan nan 0.0012938628650010497 0.03208301992518036 0.052303357606382633 0 0.04309893726744575 nan nan nan nan nan nan nan nan nan nan 0 0 0 0 running
13600 27.618404935772094 0.0020449898793217882 0.25 1664.733919 0.0060269388615358313 0.00019888146383013444 0.005751123613366005 0.008952842698679124 0 0.0082675021114778542 nan nan nan nan nan nan nan nan nan nan 0.001306066847272469 0.031791651344465106 0.052692641502931653 0 0.043337223916870372 nan nan nan nan nan nan nan nan nan nan 0 0 0 0 running
13620 27.659304578778297 0.0020449752239817859 0.25 1666.572909 0.0060540152899777027 0.00019908033482687036 0.0057614374785748077 0.0089882979190663188 0 0.0083205896050271531 nan nan nan nan nan nan nan nan nan nan 0.0013165091180571964 0.03145329011820646 0.053015064789853586 0 0.043520734132966858 nan nan nan nan nan nan nan nan nan nan 0 0 0 0 running
13640 27.700000000000003 0.0018410278215164055 0.25 1668.4039849999999 0.0060821548997961458 0.00019931630876234005 0.0057713715988985748 0.0090234323624187977 0 0.0083780816660446022 nan nan nan nan nan nan nan nan nan nan 0.0013271717724340215 0.031071651736088318 0.053266826798209911 0 0.043647600834515327 nan nan nan nan nan nan nan nan nan nan 0 0 0 0 running
13660 27.740899076060852 0.0020449473009620462 0.25 1670.2825 0.0061115699186808457 0.00019959371174690617 0.0057810528514497363 0.0090585238105826121 0 0.0084403300294897728 nan nan nan nan nan nan nan nan nan nan 0.0013372693668686209 0.030643312540525186 0.053449984312981882 0 0.04371925739688718 nan nan nan nan nan nan nan nan nan nan 0 0 0 0 running
13680 27.78179788167397 0.0020449340055209669 0.25 1672.3239349999999 0.0061421606998028127 0.00019991696854210181 0.0057904444792203332 0.0090933226369150338 0 0.0085072298470615683 nan nan nan nan nan nan nan nan nan nan 0.0013458139545435843 0.030170518151670926 0.053562997103893603 0 0.043734211463845665 nan nan nan nan nan nan nan nan nan nan 0 0 0 0 running
13700 27.822494168676172 0.0020449212645186109 0.25 1674.1461360000001 0.006173534303632453 0.00020027940785886277 0.0057994980824284548 0.009127593338313084 0 0.0085776091652460008 nan nan nan nan nan nan nan nan nan nan 0.0013527039054415102 0.029966413555942911 0.053605656998564948 0 0.043689353229762119 nan nan nan nan nan nan nan nan nan nan 0 0 0 0 running
13720 27.863392464003457 0.002044908969385167 0.25 1676.038223 0.0062057517114270299 0.00020067871909925094 0.0058083186744628951 0.0091616118814486832 0 0.0086512890068869037 nan nan nan nan nan nan nan nan nan nan 0.0013579522965785351 0.030210866074816441 0.053577945748844114 0 0.043581776587458411 nan nan nan nan nan nan nan nan nan nan 0 0 0 0 running
13740 27.904089795095 0.0020448972597012774 0.25 1677.87634 0.006238337894071592 0.00020110836877506943 0.005816843315352733 0.0091949748851356226 0 0.0087270054734380625 nan nan nan nan nan nan nan nan nan nan 0.0013614866267672721 0.030412627163910681 0.053479794574010059 0 0.043446734979336835 nan nan nan nan nan nan nan nan nan nan 0 0 0 0 running
13760 27.944987621533798 0.0020448860375750009 0.25 1679.733438 0.0062715559043302451 0.00020157380128358468 0.0058251856480305555 0.0092279375374531934 0 0.0088053288569578704 nan nan nan nan nan nan nan nan nan nan 0.0013633666032590863 0.030573395788374563 0.053310066494205624 0 0.043419942761017911 nan nan nan nan nan nan nan nan nan nan 0 0 0 0 running
13780 27.985885229417946 0.0020448753787824154 0.25 1681.5609079999999 0.0063052354828574131 0.00020207626632847648 0.0058333341195746288 0.0092602585610588525 0 0.0088858855543918758 nan nan nan nan nan nan nan nan nan nan 0.0013636224711787159 0.030909711430845081 0.053451834397968197 0 0.043326471764459737 nan nan nan nan nan nan nan nan nan nan 0 0 0 0 running
13800 28.026583288163561 0.0020448653469737907 0.25 1683.39528 0.0063391877080225881 0.00020261643374296215 0.0058412808342746076 0.009291716058763921 0 0.00896821618087708 nan nan nan nan nan nan nan nan nan nan 0.0013623005745097005 0.031637018302581699 0.054220618409053428 0 0.043374512498545605 nan nan nan nan nan nan nan nan nan nan 0 0 0 0 running
13820 28.067480494479199 0.0020448558590568538 0.25 1685.2965099999999 0.006373683530254525 0.0002032051067135703 0.00584912506907593 0.0093225591177407783 0 0.0090529301237958423 nan nan nan nan nan nan nan nan nan nan 0.0013593797047586342 0.032364807353289358 0.054923351135876639 0 0.043991995177342008 nan nan nan nan nan nan nan nan nan nan 0 0 0 0 running
13840 28.108179390670418 0.0020448470219671384 0.25 1687.128279 0.0064082983766142994 0.00020383644917349114 0.0058568197790541919 0.0093524375375846798 0 0.0091388984731110949 nan nan nan nan nan nan nan nan nan nan 0.0013548449052263045 0.033048689016138603 0.055552037389373476 0 0.044561291649463534 nan nan nan nan nan nan nan nan nan nan 0 0 0 0 running
13860 28.149076243351441 0.0020448387637986998 0.25 1689.0203289999999 0.0064432624610120575 0.00020451482253714621 0.00586446742400718 0.0093815979265207804 0 0.0092265904630398528 nan nan nan nan nan nan nan nan nan nan 0.0013486043136582415 0.033693992893147347 0.056111607351919356 0 0.045077405158324063 nan nan nan nan nan nan nan nan nan nan 0 0 0 0 running
13880 28.189972937528566 0.0020448311417215273 0.25 1690.8383269999999 0.00647830064764032 0.0002052365407607908 0.0058720531593719717 0.0094098521833543974 0 0.009315226671925466 nan nan nan nan nan nan nan nan nan nan 0.0013406484148071884 0.034296322329963547 0.0565978133389127 0 0.045532691164824876 nan nan nan nan nan nan nan nan nan nan 0 0 0 0 running
13900 28.230672398732448 0.0020448241988618378 0.25 1692.6809539999999 0.0065131386353637173 0.00020599638829124043 0.005879566612446761 0.0094370337537972408 0 0.0094040167101532516 nan nan nan nan nan nan nan nan nan nan 0.0013310248993916307 0.034852236035155776 0.057008070088220474 0 0.04592774046223453 nan nan nan nan nan nan nan nan nan nan 0 0 0 0 running
13920 28.271568815245651 0.002044817878793472 0.25 1694.5197439999999 0.0065480046655500591 0.00020679967638261628 0.0058871079754516343 0.0094633715057683837 0 0.0094934513651969334 nan nan nan nan nan nan nan nan nan nan 0.0013409188303893926 0.035366174528579299 0.057345743179065219 0 0.0462698273498812 nan nan nan nan nan nan nan nan nan nan 0 0 0 0 running
13940 28.312268877556143 0.0020448122538624935 0.25 1696.4181610000001 0.0065824516207464356 0.00020763794274649967 0.0058946360377473729 0.0094885807178719909 0 0.009582292790610538 nan nan nan nan nan nan nan nan nan nan 0.0013542163921271277 0.035832257322132043 0.057607054006005735 0 0.046555408266243686 nan nan nan nan nan nan nan nan nan nan 0 0 0 0 running
13960 28.353165069280397 0.0020448072812776414 0.25 1698.288084 0.0066168266300465836 0.00020853988589747744 0.0059023473477202359 0.0095128770156731306 0 0.0096713986086809506 nan nan nan nan nan nan nan nan nan nan 0.0013659473703553915 0.036254155312673064 0.057794052155981025 0 0.046784868554261186 nan nan nan nan nan nan nan nan nan nan 0 0 0 0 running
13980 28.394061168789875 0.002044802999285758 0.25 1700.0902619999999 0.0066510422905827491 0.0002094850787184873 0.0059101549664458139 0.0095361151015329517 0 0.009760661391540356 nan nan nan nan nan nan nan nan nan nan 0.0013760120943532295 0.036628728138986717 0.057905138696383321 0 0.046954741161705241 nan nan nan nan nan nan nan nan nan nan 0 0 0 0 running
14000 28.434761613649243 0.0020447994314377943 0.25 1701.9207779999999 0.0066846359054312304 0.00021045924414671928 0.0059180047579190992 0.0095581842798027564 0 0.0098486458869244328 nan nan nan nan nan nan nan nan nan nan 0.001384306736726848 0.036954323035914484 0.057940024480663467 0 0.047066000462500465 nan nan nan nan nan nan nan nan nan nan 0 0 0 0 running
14020 28.475657570845911 0.0020447965500515371 0.25 1703.7136390000001 0.0067176081061050353 0.00021146036763183059 0.0059259956327070845 0.009579296677770131 0 0.0099351008434419071 nan nan nan nan nan nan nan nan nan nan 0.00139085352695828 0.037233444432841802 0.057898638507270381 0 0.047122275841220272 nan nan nan nan nan nan nan nan nan nan 0 0 0 0 running
14040 28.516358357777669 0.0020447943888185828 0.25 1705.5466779999999 0.0067494158685764086 0.00021247025670710621 0.005934079942183995 0.0095992503809501067 0 0.010018433839107228 nan nan nan nan nan nan nan nan nan nan 0.0013955590266395701 0.037462178021068819 0.057781175460989001 0 0.047115315596691444 nan nan nan nan nan nan nan nan nan nan 0 0 0 0 running
14060 28.557254229070722 0.0020447929329677705 0.25 1707.364372 0.0067802730561722186 0.00021349483053822207 0.0059423728500433287 0.0096182322034872071 0 0.01009914589108791 nan nan nan nan nan nan nan nan nan nan 0.0013984775900177659 0.037641801143482548 0.057586513381156952 0 0.04703215657522513 nan nan nan nan nan nan nan nan nan nan 0 0 0 0 running
14080 28.59815007882062 0.0020447921990582383 0.25 1709.1803520000001 0.006810029539366512 0.00021452915143162956 0.0059508761269095297 0.009636138353357547 0 0.010176856087984062 nan nan nan nan nan nan nan nan nan nan 0.0013996244446451978 0.037771006425555434 0.057315103951943926 0 0.046871394760941383 nan nan nan nan nan nan nan nan nan nan 0 0 0 0 running
14100 28.638851050500151 0.0020447921889224087 0.25 1711.029642 0.0068385790034192111 0.00021556928079729563 0.0059595836499690231 0.0096528896742260895 0 0.01025131345103876 nan nan nan nan nan nan nan nan nan nan 0.0013990499016333091 0.037849765555026053 0.056968865924393819 0 0.04664605795120326 nan nan nan nan nan nan nan nan nan nan 0 0 0 0 running
14120 28.679746900585297 0.0020447929049408251 0.25 1712.8365140000001 0.0068661903273972407 0.00021662549990354433 0.0059686097082064142 0.0096686551650793338 0 0.010323213012570144 nan nan nan nan nan nan nan nan nan nan 0.0013967603829071473 0.038336654587969775 0.057275550862846539 0 0.046363657965881759 nan nan nan nan nan nan nan nan nan nan 0 0 0 0 running
14140 28.720447939608871 0.0020447943412514841 0.25 1714.6728419999999 0.0068925529585914446 0.00021768676771244245 0.0059778939822004414 0.009683305407881487 0 0.010391699756121045 nan nan nan nan nan nan nan nan nan nan 0.00139274860722155 0.038850355377653432 0.057996314514289805 0 0.046029215803288427 nan nan nan nan nan nan nan nan nan nan 0 0 0 0 running
14160 28.761343848012352 0.002044796511848068 0.25 1716.464209 0.0069178517920411705 0.00021876138253570107 0.005987546557130536 0.0096970104874871798 0 0.010457188167595778 nan nan nan nan nan nan nan nan nan nan 0.0013869206667747602 0.03931647939062289 0.058645543362821045 0 0.04610813942919105 nan nan nan nan nan nan nan nan nan nan 0 0 0 0 running
14180 28.80204479939664 0.0020447993966384746 0.25 1718.2953090000001 0.006941780188002687 0.00021983648489736052 0.0059974977932714469 0.0097096748845916722 0 0.010518814888944236 nan nan nan nan nan nan nan nan nan nan 0.0013792751348161714 0.039729701350838434 0.059215827001492201 0 0.04670478853649538 nan nan nan nan nan nan nan nan nan nan 0 0 0 0 running
14200 28.842940824186549 0.0020448030219258877 0.25 1720.100972 0.006964531607304327 0.00022092025577628881 0.0060078573996619816 0.0097214583357744001 0 0.0105770314397482 nan nan nan nan nan nan nan nan nan nan 0.0013697003922985007 0.040093390925866487 0.059711558002658045 0 0.047238251169771921 nan nan nan nan nan nan nan nan nan nan 0 0 0 0 running
14220 28.883836929100212 0.0020448073721240335 0.25 1721.991426 0.0069859806137850923 0.00022200602903809871 0.0060185951924114165 0.0097323417882637358 0 0.010631480340492289 nan nan nan nan nan nan nan nan nan nan 0.0013582184107058248 0.040405028506793846 0.060128980559169119 0 0.047712995289652282 nan nan nan nan nan nan nan nan nan nan 0 0 0 0 running
14240 28.924537731554242 0.0020448124174981025 0.25 1723.8553429999999 0.0070060145321286125 0.00022308600853887975 0.0060296725612588404 0.0097423286025248787 0 0.010681830974098428 nan nan nan nan nan nan nan nan nan nan 0.0013449112560741106 0.040662738996305466 0.060466053826804471 0 0.048132397551023005 nan nan nan nan nan nan nan nan nan nan 0 0 0 0 running
14260 28.965434039461801 0.0020448182029923793 0.25 1725.7142759999999 0.0070247924310307529 0.00022416729393171927 0.0060412091686573247 0.0097515686405865529 0 0.010728419890558245 nan nan nan nan nan nan nan nan nan nan 0.0013296804060805023 0.040868393916323451 0.060725564455668748 0 0.04849522116700633 nan nan nan nan nan nan nan nan nan nan 0 0 0 0 running
14280 29.006134472984051 0.0020448246690529305 0.25 1727.5743210000001 0.0070423420076269044 0.00022524762409270341 0.0060533142005390088 0.0097600295398616553 0 0.010771322056291601 nan nan nan nan nan nan nan nan nan nan 0.001312646892593694 0.041019693029383575 0.060904739412398379 0 0.048794634909678843 nan nan nan nan nan nan nan nan nan nan 0 0 0 0 running
14300 29.047031040820066 0.0020448318712633197 0.25 1729.3903110000001 0.0070589312673644145 0.00022633541576464852 0.0060659215820904056 0.0097678573039175834 0 0.010811331301772196 nan nan nan nan nan nan nan nan nan nan 0.0013155410113379062 0.041117833502972351 0.061005229024949301 0 0.049030814282856008 nan nan nan nan nan nan nan nan nan nan 0 0 0 0 running
14320 29.087927760052455 0.0020448397725910043 0.25 1731.346419 0.0070742347843183694 0.00022741523950333268 0.006078951931268348 0.0097750872625221689 0 0.01084740907565245 nan nan nan nan nan nan nan nan nan nan 0.0013214273515443353 0.041162245054369981 0.0610257041717591 0 0.049202180136537321 nan nan nan nan nan nan nan nan nan nan 0 0 0 0 running
14340 29.128627836581327 0.0020448483237285307 0.25 1733.1765230000001 0.0070879294561494791 0.00022846971223217295 0.0060923353072809073 0.0097817714254181034 0 0.010878507239133599 nan nan nan nan nan nan nan nan nan nan 0.0013255249223183552 0.041153100535542261 0.060966366731996527 0 0.049310498002627608 nan nan nan nan nan nan nan nan nan nan 0 0 0 0 running
14360 29.169524899324443 0.0020448575999440035 0.25 1735.0580580000001 0.0070999700654998344 0.00022949893450059671 0.0061062142252495 0.0097880579488129286 0 0.010904277799105836 nan nan nan nan nan nan nan nan nan nan 0.0013278428376192752 0.041090098907733581 0.060826546458450224 0 0.04935408319347806 nan nan nan nan nan nan nan nan nan nan 0 0 0 0 running
14380 29.210224332392521 0.0020448675017484216 0.25 1736.9009100000001 0.0071101615504799423 0.00023050480793295153 0.0061204403643506065 0.0097939580719482947 0 0.010924168111782387 nan nan nan nan nan nan nan nan nan nan 0.0013283487544543116 0.040972377447328914 0.06060766998822973 0 0.049354967267761791 nan nan nan nan nan nan nan nan nan nan 0 0 0 0 running
14400 29.251121792764906 0.0020448781143713657 0.25 1738.74783 0.007118669899627836 0.00023148223681687238 0.0061351570743656278 0.0097995953884171417 0 0.010938532788703888 nan nan nan nan nan nan nan nan nan nan 0.0013270574872752405 0.040797253393165374 0.06034637514791847 0 0.049273448965192285 nan nan nan nan nan nan nan nan nan nan 0 0 0 0 running
14420 29.292019472264212 0.002044889379804302 0.25 1740.64672 0.0071256068156138773 0.00023242070252127515 0.0061503181627285226 0.0098050065559768477 0 0.010947729262505394 nan nan nan nan nan nan nan nan nan nan 0.0013239931247596703 0.040566945196215808 0.060113989366272776 0 0.049090709811718397 nan nan nan nan nan nan nan nan nan nan 0 0 0 0 running
14440 29.33271834728221 0.0020449012260515083 0.25 1742.4879900000001 0.0071311119989730032 0.00023331892423434532 0.0061658508093063473 0.009810240609176105 0 0.010952206032417674 nan nan nan nan nan nan nan nan nan nan 0.0013192198384815446 0.040906579896903009 0.059801729257213589 0 0.048837517795473032 nan nan nan nan nan nan nan nan nan nan 0 0 0 0 running
14460 29.37361650233591 0.002044913755989218 0.25 1744.3069049999999 0.0071353376044213969 0.00023418728768248844 0.006181901412963201 0.0098154320497618082 0 0.010952249018194877 nan nan nan nan nan nan nan nan nan nan 0.0013126937300784181 0.041231896707529969 0.059406147399972645 0 0.048531285170482524 nan nan nan nan nan nan nan nan nan nan 0 0 0 0 running
14480 29.414314473786426 0.0020449268331211475 0.25 1746.1350279999999 0.0071382850882625 0.00023501742946049981 0.0061983012933345119 0.0098206201957706431 0 0.010947913813228214 nan nan nan nan nan nan nan nan nan nan 0.0013044354668653169 0.041503824394737251 0.059916274217210921 0 0.048167345235085965 nan nan nan nan nan nan nan nan nan nan 0 0 0 0 running
14500 29.455213153714077 0.0020449405708205795 0.25 1748.0170840000001 0.0071400112858466249 0.00023581676267483514 0.0062151962706637953 0.0098259514535988957 0 0.010939159456428635 nan nan nan nan nan nan nan nan nan nan 0.001294307533853456 0.041723649356114438 0.06053861876744545 0 0.047732538346135708 nan nan nan nan nan nan nan nan nan nan 0 0 0 0 running
14520 29.496112114530593 0.0020449548901476933 0.25 1749.8496640000001 0.0071405329956614151 0.00023657943776172124 0.0062324882208383871 0.0098314962144596587 0 0.010926017583843229 nan nan nan nan nan nan nan nan nan nan 0.0012823129023270541 0.041889098281536231 0.061082267456244552 0 0.047834657217198304 nan nan nan nan nan nan nan nan nan nan 0 0 0 0 running
14540 29.536809339854731 0.0020449696986784478 0.25 1751.688543 0.0071399105025056111 0.00023729976366523191 0.0062500696791914605 0.0098373172861557657 0 0.010908671612889748 nan nan nan nan nan nan nan nan nan nan 0.001268517435301153 0.041999657249475068 0.061544267525017821 0 0.048484780394853384 nan nan nan nan nan nan nan nan nan nan 0 0 0 0 running
14560 29.577708894913599 0.0020449851250434027 0.25 1753.500984 0.0071382194693907939 0.0002379828854644255 0.0062680963424820643 0.0098435614714141167 0 0.010887126154868851 nan nan nan nan nan nan nan nan nan nan 0.0012527863113061533 0.042056517121750805 0.061928490499088482 0 0.04907731793018702 nan nan nan nan nan nan nan nan nan nan 0 0 0 0 running
14580 29.618404979931444 0.0020450009971388749 0.25 1755.341036 0.007135574640973248 0.00023862044422692417 0.0062863727824224733 0.0098502534633235789 0 0.010861823581553846 nan nan nan nan nan nan nan nan nan nan 0.0012352783343495544 0.042059123329178875 0.06223053782109314 0 0.049599285284324814 nan nan nan nan nan nan nan nan nan nan 0 0 0 0 running
14600 29.65930517184804 0.0020450174543076602 0.25 1757.175448 0.0071321446397169383 0.00023922641383660706 0.0063052558542068208 0.0098575454902803099 0 0.010832947523743622 nan nan nan nan nan nan nan nan nan nan 0.0012158074537652608 0.042007461541248597 0.062452978451811983 0 0.050056661579542944 nan nan nan nan nan nan nan nan nan nan 0 0 0 0 running
14620 29.700000000000003 0.0018393363405024843 0.25 1758.998793 0.0071283835195606292 0.00023980182325208089 0.0063244696528466813 0.0098654447243254808 0 0.010802121879370867 nan nan nan nan nan nan nan nan nan nan 0.0012304886769529677 0.041901949946300428 0.062593405401248761 0 0.050446156910323142 nan nan nan nan nan nan nan nan nan nan 0 0 0 0 running
14640 29.740900868296027 0.0020450517226928817 0.25 1760.8333359999999 0.0071242437601928407 0.00024034653307957954 0.0063440351586966795 0.0098741198891817827 0 0.010769004301074215 nan nan nan nan nan nan nan nan nan nan 0.0012535241570337252 0.041759048726477663 0.06265304352838906 0 0.050774626990291692 nan nan nan nan nan nan nan nan nan nan 0 0 0 0 running
14660 29.781802089528057 0.0020450695802301166 0.25 1762.659322 0.007119629288926988 0.00024085263776121952 0.0063638145686615352 0.0098836267068872045 0 0.010733283901966616 nan nan nan nan nan nan nan nan nan nan 0.0012749828177881506 0.041642084225176686 0.062755696802142824 0 0.051044895910206022 nan nan nan nan nan nan nan nan nan nan 0 0 0 0 running
14680 29.822495914821438 0.0020450877693809853 0.25 1764.5792060000001 0.0071144219373357838 0.0002413102611167014 0.0063836690254263058 0.0098940017755435421 0 0.010694590478810164 nan nan nan nan nan nan nan nan nan nan 0.0012947252515580487 0.041468661481949602 0.062824876913091715 0 0.051255415263921626 nan nan nan nan nan nan nan nan nan nan 0 0 0 0 running
14700 29.863397865737973 0.0020451064531209224 0.25 1766.4419359999999 0.0071084655481936333 0.00024171606658444353 0.0064037664930986192 0.0099054272491847263 0 0.010652101731837249 nan nan nan nan nan nan nan nan nan nan 0.0013127607422671606 0.04123635602022644 0.06281093461815461 0 0.051398481140952905 nan nan nan nan nan nan nan nan nan nan 0 0 0 0 running
14720 29.904090249873505 0.0020451254176131499 0.25 1768.2630039999999 0.0071018371563941118 0.00024206039341474522 0.0064238838696241583 0.0099178546931050614 0 0.010606212144855316 nan nan nan nan nan nan nan nan nan nan 0.0013286635681050152 0.040947030197368429 0.062713352436734107 0 0.051459935323192901 nan nan nan nan nan nan nan nan nan nan 0 0 0 0 running
14740 29.944992961535622 0.0020451448348472881 0.25 1770.0926689999999 0.0070946373952573425 0.00024234731417884073 0.0064442158793973333 0.0099314648214508805 0 0.010556929232984211 nan nan nan nan nan nan nan nan nan nan 0.0013424183959243052 0.040599347183318604 0.06253051480785729 0 0.051431486211809839 nan nan nan nan nan nan nan nan nan nan 0 0 0 0 running
14760 29.985896065057329 0.0020451645827630595 0.25 1771.91921 0.0070871637192586288 0.00024257979197383922 0.0064646463788356678 0.0099462363692374104 0 0.010505300197817804 nan nan nan nan nan nan nan nan nan nan 0.0013539268157370943 0.040257627712322934 0.062262097613966366 0 0.051314113448190306 nan nan nan nan nan nan nan nan nan nan 0 0 0 0 running
14767 30 0.0018329265116534543 0.25 1772.5526139999999 0.0070845732370539939 0.00024264851250388215 0.0064717109788349613 0.0099516053496218372 0 0.010487112063246644 nan nan nan nan nan nan nan nan nan nan 0.0013574006672564254 0.040381888955731936 0.062149605690558468 0 0.051255055429969727 nan nan nan nan nan nan nan nan nan nan 0 0 0 1 physical_time_reached
