case(schema=1,name=case02-poiseuille-wall-clustered-36x48x36,mesh=grids/wall_clustered_36x48x36.cgns,profile=phenglei_wcns,reconstruction=mdcd_linear;variables=primitive;epsilon=9.9999999999999995e-07;js_power=2;z_power=2;mdcd_dispersion=0.046378299999999997;mdcd_dissipation=0.01;mdcd_sensor_epsilon=5.6249999999999998e-05;mdcd_sensor_threshold=0.40000000000000002;mdcd_weight_bias=20;mdcd_weight_epsilon=9.9999999999999993e-41,riemann_solver=hllc;roe_entropy_fix=0.10000000000000001;riemann_denominator_tolerance=9.9999999999999998e-13,gas_model=calorically_perfect gamma=1.3999999999999999 molar_mass=0.465584 specific_gas_constant=17.857142857142858,U_ref=1 rho_ref=1 T_ref=1 L_ref=1 mu_ref=0.10000000000000001 Re=10 Ma=0.20000000000000001 dynamic_pressure_ref=1 time_ref=1,partition(mode=auto_split,allow_idle=false,max_load_ratio=1.2,min_cells=8),initial(type=poiseuille,centerline_velocity=1,pressure=17.857142857142858,temperature=1,temperature_curvature=0.18432000000000001,y0=0,y1=1),boundary.default=no_slip_isothermal_wall,boundary.bottom=no_slip_isothermal_wall,boundary.top=no_slip_isothermal_wall,boundary_data.bottom(wall_velocity_x=0,wall_velocity_y=0,wall_velocity_z=0,wall_temperature=1),boundary_data.top(wall_velocity_x=0,wall_velocity_y=0,wall_velocity_z=0,wall_temperature=1),enable_source_terms=true;models=pressure_gradient;uniform=0,0,0,0,0;body_acceleration=0,0,0;pressure_gradient=0.80000000000000004,0,0;manufactured_amplitude=0,0,0,0,0,run(mode=steady,viscous=true,cfl=0.5,max_steps=20000,t_end=0,max_wall_time=0,steady(min_steps=20,check_interval=20,consecutive=3,reference_floor=1.0000000000000001e-30,l2_abs=5.0000000000000002e-05,l2_rel=9.9999999999999995e-07,linf_enabled=true,linf_abs=0.00020000000000000001,linf_rel=1.0000000000000001e-05)),output(directory=results/wall_clustered,allow_existing=false,dimensional=false,field(enabled=true,format=cgns,schedule(every_steps=0,every_time=0,explicit_times=,initial=true,final=true),quantities=rho:u:v:w:p:T:rho_u:rho_v:rho_w:rho_E:sound_speed:mach:total_enthalpy:entropy_proxy:viscosity:jacobian),history(enabled=true,format=txt,schedule(every_steps=20,every_time=0,explicit_times=,initial=true,final=true),quantities=),statistics(enabled=true,format=txt,schedule(every_steps=20,every_time=0,explicit_times=,initial=true,final=true),quantities=total_mass:total_momentum_x:total_momentum_y:total_momentum_z:total_energy),checkpoint(enabled=false,schedule(every_steps=0,every_time=0,explicit_times=,initial=false,final=true))),restart.path=<none>,digest=0x63d999e3986e2636)
partition_plan(maximum_feasible=96;leaf=0,zone=0,range=[0,0,0:18,24,18),owner=0,generation=1;leaf=1,zone=0,range=[0,24,0:18,48,18),owner=1,generation=1;leaf=2,zone=1,range=[0,0,0:18,24,18),owner=2,generation=1;leaf=3,zone=1,range=[0,24,0:18,48,18),owner=3,generation=1;leaf=4,zone=2,range=[0,0,0:18,24,18),owner=4,generation=1;leaf=5,zone=2,range=[0,24,0:18,48,18),owner=5,generation=1;leaf=6,zone=3,range=[0,0,0:18,24,18),owner=6,generation=1;leaf=7,zone=3,range=[0,24,0:18,48,18),owner=7,generation=1)
mesh_signature=15472241633829854185
derived Re=10 Ma=0.20000000000000001
step=1 time=0.00010987017764678991 dt=0.00010987017764678991 residual=0.01426069750782966 checked=false stop=running
step=2 time=0.00021974035092448718 dt=0.00010987017327769726 residual=0.010778134407135244 checked=false stop=running
step=3 time=0.00032961052177226199 dt=0.00010987017084777481 residual=0.0090835934202290452 checked=false stop=running
step=4 time=0.00043948069125936541 dt=0.00010987016948710341 residual=0.0081839779448822057 checked=false stop=running
step=5 time=0.0005493508599910753 dt=0.00010987016873170994 residual=0.0076323490819495245 checked=false stop=running
step=6 time=0.00065922102831672492 dt=0.00010987016832564962 residual=0.0072341445158910847 checked=false stop=running
step=7 time=0.00076909119643990727 dt=0.0001098701681231824 residual=0.0069070410464325341 checked=false stop=running
step=8 time=0.00087896136447894165 dt=0.00010987016803903435 residual=0.0066172273839395441 checked=false stop=running
step=9 time=0.0009888315325012058 dt=0.00010987016802226409 residual=0.0063513232326003139 checked=false stop=running
step=10 time=0.0010987017005432388 dt=0.00010987016804203305 residual=0.0061042232284680628 checked=false stop=running
step=11 time=0.0012085718686228144 dt=0.00010987016807957572 residual=0.0058739386609171548 checked=false stop=running
step=12 time=0.0013184420367463301 dt=0.00010987016812351567 residual=0.0056594886342055213 checked=false stop=running
step=13 time=0.0014283122049133846 dt=0.00010987016816705444 residual=0.0054601009267750368 checked=false stop=running
step=14 time=0.0015381823731196312 dt=0.00010987016820624661 residual=0.005274957600478667 checked=false stop=running
step=15 time=0.0016480525413585558 dt=0.00010987016823892452 residual=0.0051031524567586766 checked=false stop=running
step=16 time=0.0017579227096225767 dt=0.00010987016826402086 residual=0.0049437192409389251 checked=false stop=running
step=17 time=0.0018677928779037175 dt=0.00010987016828114067 residual=0.0047956740849185294 checked=false stop=running
step=18 time=0.001977663046194008 dt=0.00010987016829029066 residual=0.0046580521176103522 checked=false stop=running
step=19 time=0.0020875332144857173 dt=0.00010987016829170937 residual=0.0045299332671900287 checked=false stop=running
step=20 time=0.0021974033827714787 dt=0.00010987016828576148 residual=0.0044104578426528828 checked=true stop=running
step=21 time=0.0023072735510443524 dt=0.00010987016827287354 residual=0.0042988341868471511 checked=false stop=running
step=22 time=0.0024171437192978479 dt=0.00010987016825349561 residual=0.0041943407700022377 checked=false stop=running
step=23 time=0.0025270138875259276 dt=0.00010987016822807951 residual=0.0040963246735495167 checked=false stop=running
step=24 time=0.0026368840557229947 dt=0.00010987016819706714 residual=0.004004197923070771 checked=false stop=running
step=25 time=0.0027467542238838799 dt=0.00010987016816088519 residual=0.003917432684713301 checked=false stop=running
step=26 time=0.0028566243920038229 dt=0.00010987016811994306 residual=0.0038355559809116284 checked=false stop=running
step=27 time=0.0029664945600784563 dt=0.00010987016807463328 residual=0.0037581443614492574 checked=false stop=running
step=28 time=0.0030763647281037885 dt=0.0001098701680253323 residual=0.0036848187728881578 checked=false stop=running
step=29 time=0.0031862348960761907 dt=0.00010987016797240239 residual=0.0036152397682520485 checked=false stop=running
step=30 time=0.0032961050639923836 dt=0.00010987016791619293 residual=0.0035491031240893049 checked=false stop=running
step=31 time=0.0034059752318494254 dt=0.00010987016785704184 residual=0.003486135879730136 checked=false stop=running
step=32 time=0.0035158453996447024 dt=0.00010987016779527696 residual=0.0034260927927478894 checked=false stop=running
step=33 time=0.0036257155673759195 dt=0.00010987016773121694 residual=0.0033687531848793075 checked=false stop=running
step=34 time=0.0037355857350410914 dt=0.00010987016766517187 residual=0.003313918155079601 checked=false stop=running
step=35 time=0.0038454559026385353 dt=0.0001098701675974439 residual=0.0032614081104781699 checked=false stop=running
step=36 time=0.0039553260701668631 dt=0.00010987016752832752 residual=0.0032110605959600885 checked=false stop=running
step=37 time=0.0040651962376249727 dt=0.00010987016745810973 residual=0.0031627283828161031 checked=false stop=running
step=38 time=0.0041750664050120428 dt=0.00010987016738707008 residual=0.003116277785903919 checked=false stop=running
step=39 time=0.0042849365723275235 dt=0.00010987016731548071 residual=0.0030715871806379523 checked=false stop=running
step=40 time=0.0043948067395711294 dt=0.00010987016724360627 residual=0.0030285457014714821 checked=true stop=running
step=41 time=0.0045046769067428327 dt=0.00010987016717170361 residual=0.0029870520927348884 checked=false stop=running
step=42 time=0.0046145470738428547 dt=0.00010987016710002189 residual=0.0029470136970784809 checked=false stop=running
step=43 time=0.0047244172408716567 dt=0.00010987016702880231 residual=0.0029083455632504447 checked=false stop=running
step=44 time=0.0048342874078299344 dt=0.00010987016695827783 residual=0.0028709696577395461 checked=false stop=running
step=45 time=0.004944157574718608 dt=0.00010987016688867332 residual=0.0028348141651224215 checked=false stop=running
step=46 time=0.005054027741538813 dt=0.00010987016682020522 residual=0.0027998128767755316 checked=false stop=running
step=47 time=0.0051638979082918946 dt=0.00010987016675308153 residual=0.0027659046371128985 checked=false stop=running
step=48 time=0.0052737680749793958 dt=0.0001098701666875016 residual=0.0027330328653580906 checked=false stop=running
step=49 time=0.0053836382416030523 dt=0.00010987016662365635 residual=0.0027011451171221452 checked=false stop=running
step=50 time=0.00549350840816478 dt=0.00010987016656172796 residual=0.0026701927069564808 checked=false stop=running
step=51 time=0.0056033785746666702 dt=0.00010987016650189011 residual=0.0026401303599110065 checked=false stop=running
step=52 time=0.0057132487411109779 dt=0.00010987016644430774 residual=0.0026109159111617048 checked=false stop=running
step=53 time=0.0058231189075001154 dt=0.00010987016638913744 residual=0.0025825100306941166 checked=false stop=running
step=54 time=0.005932989073836643 dt=0.00010987016633652724 residual=0.0025548759770925881 checked=false stop=running
step=55 time=0.0060428592401232601 dt=0.0001098701662866168 residual=0.0025279793800905555 checked=false stop=running
step=56 time=0.0061527294063627976 dt=0.00010987016623953753 residual=0.0025017880423093457 checked=false stop=running
step=57 time=0.0062625995725582107 dt=0.00010987016619541277 residual=0.0024762717619953262 checked=false stop=running
step=58 time=0.0063724697387125681 dt=0.0001098701661543578 residual=0.0024514021712807388 checked=false stop=running
step=59 time=0.0064823399048290486 dt=0.00010987016611648017 residual=0.0024271525946016098 checked=false stop=running
step=60 time=0.0065922100709109284 dt=0.00010987016608187968 residual=0.0024034979159307055 checked=true stop=running
step=61 time=0.0067020802369615771 dt=0.00010987016605064873 residual=0.0023804144595243556 checked=false stop=running
step=62 time=0.0068119504029844494 dt=0.0001098701660228724 residual=0.002357879884912587 checked=false stop=running
step=63 time=0.0069218205689830781 dt=0.00010987016599862871 residual=0.0023358730861940398 checked=false stop=running
step=64 time=0.007031690734961067 dt=0.00010987016597798875 residual=0.0023143741052339692 checked=false stop=running
step=65 time=0.0071415609009220843 dt=0.00010987016596101696 residual=0.0022933640495113364 checked=false stop=running
step=66 time=0.0072514310668698552 dt=0.00010987016594777123 residual=0.0022728250178520701 checked=false stop=running
step=67 time=0.0073613012328081588 dt=0.00010987016593830329 residual=0.002252740033705466 checked=false stop=running
step=68 time=0.0074711713987408177 dt=0.00010987016593265874 residual=0.0022330929811286522 checked=false stop=running
step=69 time=0.007581041564671695 dt=0.0001098701659308774 residual=0.0022138685494751138 checked=false stop=running
step=70 time=0.0076909117306046887 dt=0.00010987016593299336 residual=0.0021950521806453375 checked=false stop=running
step=71 time=0.0078007818965437244 dt=0.00010987016593903537 residual=0.0021766300199856765 checked=false stop=running
step=72 time=0.0079106520624927512 dt=0.00010987016594902698 residual=0.0021585888734784709 checked=false stop=running
step=73 time=0.0080205222284557374 dt=0.00010987016596298672 residual=0.0021409161652447641 checked=false stop=running
step=74 time=0.0081303923944366658 dt=0.00010987016598092833 residual=0.0021235999009182826 checked=false stop=running
step=75 time=0.0082402625604395263 dt=0.0001098701660028609 residual=0.0021066286315248543 checked=false stop=running
step=76 time=0.0083501327264683158 dt=0.00010987016602878923 residual=0.0020899914226646678 checked=false stop=running
step=77 time=0.0084600028925270292 dt=0.00010987016605871385 residual=0.0020736778237526524 checked=false stop=running
step=78 time=0.0085698730586196599 dt=0.00010987016609263127 residual=0.0020576778384211324 checked=false stop=running
step=79 time=0.0086797432247501943 dt=0.00010987016613053425 residual=0.0020419819016340053 checked=false stop=running
step=80 time=0.0087896133909226067 dt=0.00010987016617241188 residual=0.0020265808542391925 checked=true stop=running
step=81 time=0.0088994835571408557 dt=0.00010987016621824982 residual=0.0020114659197287719 checked=false stop=running
step=82 time=0.0090093537234088861 dt=0.00010987016626803039 residual=0.0019966286853869467 checked=false stop=running
step=83 time=0.0091192238897306183 dt=0.00010987016632173287 residual=0.0019820610798904157 checked=false stop=running
step=84 time=0.0092290940561099519 dt=0.00010987016637933359 residual=0.0019677553585840941 checked=false stop=running
step=85 time=0.0093389642225507573 dt=0.00010987016644080601 residual=0.0019537040833412064 checked=false stop=running
step=86 time=0.0094488343890568784 dt=0.0001098701665061211 residual=0.0019399001091562733 checked=false stop=running
step=87 time=0.0095587045556321248 dt=0.00010987016657524727 residual=0.0019263365670746312 checked=false stop=running
step=88 time=0.0096685747222802747 dt=0.0001098701666481506 residual=0.0019130068520308928 checked=false stop=running
step=89 time=0.0097784448890050699 dt=0.00010987016672479504 residual=0.0018999046091988385 checked=false stop=running
step=90 time=0.0098883150558102123 dt=0.00010987016680514244 residual=0.0018870237207594374 checked=false stop=running
step=91 time=0.0099981852226993656 dt=0.00010987016688915281 residual=0.0018743582947616853 checked=false stop=running
step=92 time=0.01010805538967615 dt=0.00010987016697678428 residual=0.0018619026563838584 checked=false stop=running
step=93 time=0.010217925556744143 dt=0.00010987016706799334 residual=0.0018496513342263253 checked=false stop=running
step=94 time=0.010327795723906878 dt=0.00010987016716273509 residual=0.0018375990537661561 checked=false stop=running
step=95 time=0.010437665891167841 dt=0.00010987016726096291 residual=0.001825740726141954 checked=false stop=running
step=96 time=0.01054753605853047 dt=0.00010987016736262917 residual=0.0018140714405598043 checked=false stop=running
step=97 time=0.010657406225998155 dt=0.00010987016746768482 residual=0.0018025864562180246 checked=false stop=running
step=98 time=0.010767276393574235 dt=0.00010987016757607982 residual=0.0017912811946952899 checked=false stop=running
step=99 time=0.010877146561261998 dt=0.00010987016768776307 residual=0.0017801512328160776 checked=false stop=running
step=100 time=0.010987016729064681 dt=0.00010987016780268255 residual=0.0017691922948920313 checked=true stop=running
step=101 time=0.011096886896985465 dt=0.0001098701679207855 residual=0.0017584002483376684 checked=false stop=running
step=102 time=0.011206757065027483 dt=0.00010987016804201836 residual=0.0017477710952573807 checked=false stop=running
step=103 time=0.011316627233193809 dt=0.00010987016816632691 residual=0.0017373009683767978 checked=false stop=running
step=104 time=0.011426497401487466 dt=0.00010987016829365636 residual=0.0017269861248490222 checked=false stop=running
step=105 time=0.011536367569911417 dt=0.00010987016842395152 residual=0.0017168229414112706 checked=false stop=running
step=106 time=0.011646237738468573 dt=0.00010987016855715664 residual=0.0017068079088955088 checked=false stop=running
step=107 time=0.011756107907161788 dt=0.00010987016869321576 residual=0.001696937628368284 checked=false stop=running
step=108 time=0.011865978075993861 dt=0.00010987016883207251 residual=0.0016872088057183854 checked=false stop=running
step=109 time=0.011975848244967531 dt=0.00010987016897367041 residual=0.0016776182487561948 checked=false stop=running
step=110 time=0.012085718414085483 dt=0.00010987016911795272 residual=0.0016681628615326607 checked=false stop=running
step=111 time=0.012195588583350346 dt=0.00010987016926486268 residual=0.0016588396422696154 checked=false stop=running
step=112 time=0.012305458752764689 dt=0.00010987016941434345 residual=0.0016496456789258718 checked=false stop=running
step=113 time=0.012415328922331027 dt=0.00010987016956633821 residual=0.0016405781450545749 checked=false stop=running
step=114 time=0.012525199092051818 dt=0.00010987016972079017 residual=0.0016316342976810097 checked=false stop=running
step=115 time=0.012635069261929461 dt=0.00010987016987764268 residual=0.0016228114737427575 checked=false stop=running
step=116 time=0.0127449394319663 dt=0.00010987017003683921 residual=0.001614107086688588 checked=false stop=running
step=117 time=0.012854809602164624 dt=0.00010987017019832344 residual=0.0016055186242223427 checked=false stop=running
step=118 time=0.012964679772526662 dt=0.00010987017036203928 residual=0.0015970436456941609 checked=false stop=running
step=119 time=0.013074549943054592 dt=0.00010987017052793086 residual=0.0015886797784064413 checked=false stop=running
step=120 time=0.013184420113750536 dt=0.00010987017069594265 residual=0.0015804247166279399 checked=true stop=running
step=121 time=0.013294290284616555 dt=0.00010987017086601951 residual=0.0015722762179578636 checked=false stop=running
step=122 time=0.013404160455654662 dt=0.0001098701710381066 residual=0.0015642321016146649 checked=false stop=running
step=123 time=0.013514030626866812 dt=0.00010987017121214948 residual=0.0015562902466166745 checked=false stop=running
step=124 time=0.013623900798254906 dt=0.00010987017138809414 residual=0.0015484485891865934 checked=false stop=running
step=125 time=0.013733770969820792 dt=0.00010987017156588707 residual=0.0015407051203669244 checked=false stop=running
step=126 time=0.013843641141566268 dt=0.00010987017174547523 residual=0.0015330578853721317 checked=false stop=running
step=127 time=0.013953511313493074 dt=0.00010987017192680594 residual=0.0015255049806774073 checked=false stop=running
step=128 time=0.014063381485602901 dt=0.00010987017210982726 residual=0.0015180445528505467 checked=false stop=running
step=129 time=0.014173251657897389 dt=0.0001098701722944876 residual=0.001510674796608743 checked=false stop=running
step=130 time=0.014283121830378125 dt=0.00010987017248073612 residual=0.0015033939532275969 checked=false stop=running
step=131 time=0.014392992003046647 dt=0.00010987017266852232 residual=0.0014962003089085657 checked=false stop=running
step=132 time=0.014502862175904444 dt=0.00010987017285779647 residual=0.0014890921939539534 checked=false stop=running
step=133 time=0.014612732348952953 dt=0.00010987017304850938 residual=0.001482067980422299 checked=false stop=running
step=134 time=0.014722602522193566 dt=0.00010987017324061249 residual=0.0014751260814440919 checked=false stop=running
step=135 time=0.014832472695627624 dt=0.00010987017343405788 residual=0.0014682649495990181 checked=false stop=running
step=136 time=0.014942342869256423 dt=0.00010987017362879822 residual=0.0014614830757749104 checked=false stop=running
step=137 time=0.015052213043081211 dt=0.00010987017382478686 residual=0.0014547789879402542 checked=false stop=running
step=138 time=0.015162083217103188 dt=0.00010987017402197782 residual=0.0014481512501369833 checked=false stop=running
step=139 time=0.015271953391323513 dt=0.00010987017422032578 residual=0.0014415984610727892 checked=false stop=running
step=140 time=0.015381823565743299 dt=0.00010987017441978605 residual=0.0014351192533642837 checked=true stop=running
step=141 time=0.015491693740363613 dt=0.00010987017462031468 residual=0.0014287122922399765 checked=false stop=running
step=142 time=0.015601563915185482 dt=0.00010987017482186834 residual=0.0014223762747385049 checked=false stop=running
step=143 time=0.015711434090206304 dt=0.00010987017502082054 residual=0.001416109928647445 checked=false stop=running
step=144 time=0.015821304265427112 dt=0.00010987017522080719 residual=0.0014099120117267402 checked=false stop=running
step=145 time=0.015931174440848909 dt=0.00010987017542179514 residual=0.001403781310830268 checked=false stop=running
step=146 time=0.016041044616472652 dt=0.0001098701756237422 residual=0.0013977166407638261 checked=false stop=running
step=147 time=0.01615091479229926 dt=0.00010987017582660668 residual=0.0013917168438827272 checked=false stop=running
step=148 time=0.016260784968329608 dt=0.00010987017603034772 residual=0.0013857807888527811 checked=false stop=running
step=149 time=0.016370655144564532 dt=0.00010987017623492511 residual=0.001379907370749273 checked=false stop=running
step=150 time=0.01648052532100483 dt=0.00010987017644029935 residual=0.0013740955088741608 checked=false stop=running
step=151 time=0.016590395497651261 dt=0.00010987017664643162 residual=0.001368344147664685 checked=false stop=running
step=152 time=0.016700265674504545 dt=0.00010987017685328385 residual=0.0013626522549025602 checked=false stop=running
step=153 time=0.016810135851565364 dt=0.00010987017706081863 residual=0.0013570188215087865 checked=false stop=running
step=154 time=0.016920006028834363 dt=0.00010987017726899926 residual=0.0013514428607234394 checked=false stop=running
step=155 time=0.017029876206312154 dt=0.00010987017747778968 residual=0.0013459234076200499 checked=false stop=running
step=156 time=0.017139746383999309 dt=0.00010987017768715465 residual=0.0013404595187337272 checked=false stop=running
step=157 time=0.017249616561896369 dt=0.0001098701778970595 residual=0.0013350502713134536 checked=false stop=running
step=158 time=0.01735948674000384 dt=0.00010987017810747022 residual=0.0013296947621484249 checked=false stop=running
step=159 time=0.017469356918322194 dt=0.00010987017831835362 residual=0.0013243921082052193 checked=false stop=running
step=160 time=0.017579227096851873 dt=0.00010987017852967705 residual=0.0013191414454075904 checked=true stop=running
step=161 time=0.017689097275593282 dt=0.00010987017874140865 residual=0.0013139419279839556 checked=false stop=running
step=162 time=0.017798967454546798 dt=0.00010987017895351709 residual=0.0013087927286883532 checked=false stop=running
step=163 time=0.01790883763371277 dt=0.00010987017916597182 residual=0.0013036930373674679 checked=false stop=running
step=164 time=0.018018707813091513 dt=0.00010987017937874283 residual=0.0012986420617204135 checked=false stop=running
step=165 time=0.018128577992683314 dt=0.00010987017959180088 residual=0.0012936390257706628 checked=false stop=running
step=166 time=0.018238448172488431 dt=0.00010987017980511728 residual=0.0012886831700967755 checked=false stop=running
step=167 time=0.018348318352507095 dt=0.00010987018001866401 residual=0.0012837737510026333 checked=false stop=running
step=168 time=0.018458188532739509 dt=0.00010987018023241366 residual=0.001278910040680847 checked=false stop=running
step=169 time=0.018568058713185849 dt=0.0001098701804463395 residual=0.001274091326253197 checked=false stop=running
step=170 time=0.018677928893846264 dt=0.00010987018066041533 residual=0.0012693169096266207 checked=false stop=running
step=171 time=0.01878779907472088 dt=0.00010987018087461562 residual=0.0012645861071946536 checked=false stop=running
step=172 time=0.018897669255809796 dt=0.00010987018108891543 residual=0.001259898249763771 checked=false stop=running
step=173 time=0.019007539437113086 dt=0.00010987018130329038 residual=0.00125525268120725 checked=false stop=running
step=174 time=0.019117409618630801 dt=0.00010987018151771671 residual=0.0012506487596762087 checked=false stop=running
step=175 time=0.019227279800362974 dt=0.00010987018173217121 residual=0.0012460858557365305 checked=false stop=running
step=176 time=0.019337149982309607 dt=0.00010987018194663127 residual=0.0012415633531858725 checked=false stop=running
step=177 time=0.019447020164470682 dt=0.00010987018216107482 residual=0.001237080648157097 checked=false stop=running
step=178 time=0.019556890346846163 dt=0.00010987018237548039 residual=0.0012326371490644383 checked=false stop=running
step=179 time=0.01966676052943599 dt=0.00010987018258982698 residual=0.0012282322759185021 checked=false stop=running
step=180 time=0.019776630712240083 dt=0.00010987018280409419 residual=0.00122386546119556 checked=true stop=running
step=181 time=0.019886500895258345 dt=0.00010987018301826212 residual=0.0012195361480821538 checked=false stop=running
step=182 time=0.019996371078490657 dt=0.00010987018323231137 residual=0.0012152437910793715 checked=false stop=running
step=183 time=0.020106241261936879 dt=0.00010987018344622315 residual=0.0012109878553897319 checked=false stop=running
step=184 time=0.020216111445596856 dt=0.00010987018365997909 residual=0.0012067678173093865 checked=false stop=running
step=185 time=0.020325981629470417 dt=0.0001098701838735613 residual=0.0012025831629011597 checked=false stop=running
step=186 time=0.020435851813557369 dt=0.00010987018408695249 residual=0.0011984333890598122 checked=false stop=running
step=187 time=0.020545721997857504 dt=0.00010987018430013577 residual=0.0011943180020760771 checked=false stop=running
step=188 time=0.020655592182370598 dt=0.00010987018451309471 residual=0.001190236518143317 checked=false stop=running
step=189 time=0.020765462367096411 dt=0.00010987018472581337 residual=0.0011861884629307618 checked=false stop=running
step=190 time=0.020875332552034689 dt=0.00010987018493827635 residual=0.0011821733712716273 checked=false stop=running
step=191 time=0.020985202737185158 dt=0.00010987018515046853 residual=0.0011781907872200387 checked=false stop=running
step=192 time=0.021095072922547534 dt=0.00010987018536237535 residual=0.0011742402633530356 checked=false stop=running
step=193 time=0.021204943108121516 dt=0.00010987018557398266 residual=0.0011703213612594156 checked=false stop=running
step=194 time=0.021314813293906793 dt=0.00010987018578527681 residual=0.0011664336508078008 checked=false stop=running
step=195 time=0.021424683479903037 dt=0.00010987018599624436 residual=0.0011625767101174145 checked=false stop=running
step=196 time=0.021534553666109908 dt=0.00010987018620687252 residual=0.0011587501256382724 checked=false stop=running
step=197 time=0.021644423852527055 dt=0.00010987018641714874 residual=0.0011549534913187223 checked=false stop=running
step=198 time=0.021754294039154118 dt=0.00010987018662706098 residual=0.0011511864090618189 checked=false stop=running
step=199 time=0.021864164225990714 dt=0.00010987018683659749 residual=0.001147448488319449 checked=false stop=running
step=200 time=0.021974034413036463 dt=0.00010987018704574695 residual=0.0011437393457120761 checked=true stop=running
step=201 time=0.022083904600290961 dt=0.00010987018725449841 residual=0.001140058605226608 checked=false stop=running
step=202 time=0.022193774787753803 dt=0.00010987018746284125 residual=0.0011364058980260084 checked=false stop=running
step=203 time=0.022303644975424568 dt=0.00010987018767076524 residual=0.0011327808618736446 checked=false stop=running
step=204 time=0.022413515163302828 dt=0.00010987018787826057 residual=0.0011291831412047247 checked=false stop=running
step=205 time=0.022523385351388144 dt=0.00010987018808531766 residual=0.0011256123873807325 checked=false stop=running
step=206 time=0.022633255539680073 dt=0.00010987018829192723 residual=0.0011220682579351029 checked=false stop=running
step=207 time=0.022743125728178153 dt=0.00010987018849808055 residual=0.0011185504165087208 checked=false stop=running
step=208 time=0.022852995916881922 dt=0.00010987018870376898 residual=0.0011150585332705268 checked=false stop=running
step=209 time=0.022962866105790906 dt=0.00010987018890898426 residual=0.0011115922841542813 checked=false stop=running
step=210 time=0.023072736294904625 dt=0.00010987018911371853 residual=0.0011081513509063293 checked=false stop=running
step=211 time=0.023182606484222591 dt=0.00010987018931796417 residual=0.00110473542089936 checked=false stop=running
step=212 time=0.023292476673744303 dt=0.00010987018952171381 residual=0.0011013441870129409 checked=false stop=running
step=213 time=0.023402346863469262 dt=0.00010987018972496044 residual=0.0010979773483266364 checked=false stop=running
step=214 time=0.023512217053396959 dt=0.00010987018992769726 residual=0.0010946346079454361 checked=false stop=running
step=215 time=0.023622087243526876 dt=0.00010987019012991786 residual=0.0010913156752297454 checked=false stop=running
step=216 time=0.023731957433858492 dt=0.00010987019033161594 residual=0.0010880202641277564 checked=false stop=running
step=217 time=0.023841827624391278 dt=0.0001098701905327856 residual=0.0010847480934323976 checked=false stop=running
step=218 time=0.023951697815124698 dt=0.00010987019073342115 residual=0.0010814988871102995 checked=false stop=running
step=219 time=0.024061568006058215 dt=0.00010987019093351716 residual=0.0010782723735579193 checked=false stop=running
step=220 time=0.024171438197191284 dt=0.00010987019113306848 residual=0.0010750682860795099 checked=true stop=running
step=221 time=0.024281308388523354 dt=0.00010987019133207008 residual=0.0010718863618268981 checked=false stop=running
step=222 time=0.024391178580053872 dt=0.00010987019153051725 residual=0.0010687263431505196 checked=false stop=running
step=223 time=0.024501048771782278 dt=0.00010987019172840558 residual=0.0010655879759840581 checked=false stop=running
step=224 time=0.024610918963708008 dt=0.00010987019192573068 residual=0.0010624710108564236 checked=false stop=running
step=225 time=0.024720789155830498 dt=0.00010987019212248864 residual=0.0010593752020265918 checked=false stop=running
step=226 time=0.024830659348149174 dt=0.00010987019231867553 residual=0.0010563003079370409 checked=false stop=running
step=227 time=0.024940529540663461 dt=0.00010987019251428774 residual=0.0010532460910220478 checked=false stop=running
step=228 time=0.025050399733372784 dt=0.00010987019270932188 residual=0.0010502123172312465 checked=false stop=running
step=229 time=0.025160269926276558 dt=0.0001098701929037747 residual=0.001047198756160078 checked=false stop=running
step=230 time=0.025270140119374201 dt=0.00010987019309764314 residual=0.0010442051811216351 checked=false stop=running
step=231 time=0.025380010312665124 dt=0.00010987019329092442 residual=0.001041231368826296 checked=false stop=running
step=232 time=0.02548988050614874 dt=0.00010987019348361577 residual=0.0010382770999518315 checked=false stop=running
step=233 time=0.025599750699824456 dt=0.00010987019367571475 residual=0.0010353421574117805 checked=false stop=running
step=234 time=0.025709620893691675 dt=0.00010987019386721906 residual=0.0010324263283736433 checked=false stop=running
step=235 time=0.0258194910877498 dt=0.00010987019405812653 residual=0.0010295294026859553 checked=false stop=running
step=236 time=0.025929361281998235 dt=0.0001098701942484352 residual=0.0010266511734751303 checked=false stop=running
step=237 time=0.026039231476436379 dt=0.00010987019443814315 residual=0.0010237914367194961 checked=false stop=running
step=238 time=0.026149101671063629 dt=0.00010987019462724882 residual=0.001020949991343316 checked=false stop=running
step=239 time=0.026258971865879381 dt=0.00010987019481575064 residual=0.0010181266396104736 checked=false stop=running
step=240 time=0.026368842060883028 dt=0.00010987019500364724 residual=0.0010153211858376038 checked=true stop=running
step=241 time=0.026478712256073966 dt=0.00010987019519093738 residual=0.0010125334376056558 checked=false stop=running
step=242 time=0.026588582451451584 dt=0.00010987019537761998 residual=0.0010097632050449039 checked=false stop=running
step=243 time=0.026698452647015279 dt=0.00010987019556369409 residual=0.0010070103009212255 checked=false stop=running
step=244 time=0.026808322842764437 dt=0.00010987019574915886 residual=0.0010042745403028635 checked=false stop=running
step=245 time=0.026918193038698451 dt=0.00010987019593401361 residual=0.0010015557411417113 checked=false stop=running
step=246 time=0.027028063234816709 dt=0.00010987019611825773 residual=0.00099885372322294839 checked=false stop=running
step=247 time=0.027137933431118599 dt=0.00010987019630189076 residual=0.00099616830950243363 checked=false stop=running
step=248 time=0.027247803627603512 dt=0.00010987019648491238 residual=0.0009934993247574448 checked=false stop=running
step=249 time=0.027357673824270835 dt=0.00010987019666732238 residual=0.0009908465960027982 checked=false stop=running
step=250 time=0.027467544021119956 dt=0.0001098701968491206 residual=0.00098820995263364632 checked=false stop=running
step=251 time=0.027577414218150263 dt=0.00010987019703030707 residual=0.00098558922606193809 checked=false stop=running
step=252 time=0.027687284415361144 dt=0.00010987019721088184 residual=0.00098298425015795263 checked=false stop=running
step=253 time=0.027797154612751989 dt=0.00010987019739084509 residual=0.00098039486037763621 checked=false stop=running
step=254 time=0.027907024810322187 dt=0.00010987019757019714 residual=0.00097782089462503325 checked=false stop=running
step=255 time=0.028016895008071124 dt=0.00010987019774893835 residual=0.00097526219253165714 checked=false stop=running
step=256 time=0.028126765205998192 dt=0.00010987019792706916 residual=0.0009727185957049859 checked=false stop=running
step=257 time=0.028236635404102782 dt=0.00010987019810459018 residual=0.00097018994786052183 checked=false stop=running
step=258 time=0.028346505602384282 dt=0.00010987019828150201 residual=0.0009676760943950302 checked=false stop=running
step=259 time=0.028456375800842086 dt=0.00010987019845780537 residual=0.00096517688227596181 checked=false stop=running
step=260 time=0.028566245999475586 dt=0.0001098701986335011 residual=0.0009626921611592008 checked=true stop=running
step=261 time=0.028676116198284175 dt=0.00010987019880859005 residual=0.00096022178144628413 checked=false stop=running
step=262 time=0.02878598639726725 dt=0.00010987019898307315 residual=0.00095776559566022683 checked=false stop=running
step=263 time=0.028895856596424203 dt=0.00010987019915695146 residual=0.00095532345833671938 checked=false stop=running
step=264 time=0.02900572679575443 dt=0.00010987019933022602 residual=0.00095289522537467101 checked=false stop=running
step=265 time=0.029115596995257328 dt=0.00010987019950289802 residual=0.00095048075420239722 checked=false stop=running
step=266 time=0.029225467194932297 dt=0.00010987019967496869 residual=0.00094807990409481919 checked=false stop=running
step=267 time=0.029335337394778737 dt=0.00010987019984643927 residual=0.00094569253576596798 checked=false stop=running
step=268 time=0.029445207594796047 dt=0.00010987020001731116 residual=0.00094331851171450287 checked=false stop=running
step=269 time=0.029555077794983634 dt=0.00010987020018758571 residual=0.0009409576956947856 checked=false stop=running
step=270 time=0.029664947995340897 dt=0.00010987020035726439 residual=0.00093860995314610466 checked=false stop=running
step=271 time=0.029774818195867244 dt=0.00010987020052634869 residual=0.00093627515116110271 checked=false stop=running
step=272 time=0.029884688396562085 dt=0.0001098702006948402 residual=0.00093395315794149404 checked=false stop=running
step=273 time=0.029994558597424826 dt=0.00010987020086274049 residual=0.00093164384336668152 checked=false stop=running
step=274 time=0.030104428798454878 dt=0.00010987020103005125 residual=0.00092934707879467518 checked=false stop=running
step=275 time=0.03021429899965165 dt=0.00010987020119677413 residual=0.00092706273670330088 checked=false stop=running
step=276 time=0.030324169201014561 dt=0.00010987020136291085 residual=0.00092479069134724582 checked=false stop=running
step=277 time=0.030434039402543023 dt=0.0001098702015284633 residual=0.00092253081834757608 checked=false stop=running
step=278 time=0.030543909604236457 dt=0.00010987020169343312 residual=0.00092028299441534827 checked=false stop=running
step=279 time=0.030653779806094281 dt=0.00010987020185782237 residual=0.00091804709780546161 checked=false stop=running
step=280 time=0.030763650008115914 dt=0.00010987020202163277 residual=0.00091582300803386325 checked=true stop=running
step=281 time=0.030873520210300782 dt=0.00010987020218486635 residual=0.00091361060643690452 checked=false stop=running
step=282 time=0.030983390412648307 dt=0.00010987020234752505 residual=0.00091140977465734203 checked=false stop=running
step=283 time=0.031093260615157919 dt=0.00010987020250961085 residual=0.00090922039649734415 checked=false stop=running
step=284 time=0.031203130817829043 dt=0.00010987020267112573 residual=0.00090704235685923058 checked=false stop=running
step=285 time=0.031313001020661112 dt=0.00010987020283207175 residual=0.00090487554173289582 checked=false stop=running
step=286 time=0.031422871223653566 dt=0.00010987020299245104 residual=0.00090271983856164868 checked=false stop=running
step=287 time=0.03153274142680583 dt=0.00010987020315226567 residual=0.00090057513583196485 checked=false stop=running
step=288 time=0.031642611630117348 dt=0.0001098702033115177 residual=0.00089844132363711563 checked=false stop=running
step=289 time=0.031752481833587559 dt=0.00010987020347020937 residual=0.00089631829322924905 checked=false stop=running
step=290 time=0.031862352037215901 dt=0.00010987020362834275 residual=0.0008942059368818988 checked=false stop=running
step=291 time=0.031972222241001817 dt=0.00010987020378592011 residual=0.0008921041480506155 checked=false stop=running
step=292 time=0.032082092444944761 dt=0.00010987020394294359 residual=0.00089001282197742658 checked=false stop=running
step=293 time=0.032191962649044177 dt=0.00010987020409941542 residual=0.00088793185428265298 checked=false stop=running
step=294 time=0.032301832853299517 dt=0.00010987020425533787 residual=0.00088586114270306046 checked=false stop=running
step=295 time=0.032411703057710232 dt=0.00010987020441071316 residual=0.00088380058528897203 checked=false stop=running
step=296 time=0.032521573262275776 dt=0.00010987020456554356 residual=0.00088175008198767234 checked=false stop=running
step=297 time=0.032631443466995605 dt=0.00010987020471983137 residual=0.00087970953362559901 checked=false stop=running
step=298 time=0.032741313671869186 dt=0.00010987020487357884 residual=0.00087767884211642044 checked=false stop=running
step=299 time=0.032851183876895972 dt=0.00010987020502678828 residual=0.00087565791081179443 checked=false stop=running
step=300 time=0.032961054082075433 dt=0.00010987020517946203 residual=0.00087364664397781915 checked=true stop=running
step=301 time=0.033070924287407037 dt=0.00010987020533160238 residual=0.00087164494731104838 checked=false stop=running
step=302 time=0.033180794492890249 dt=0.00010987020548321164 residual=0.00086965272732521573 checked=false stop=running
step=303 time=0.033290664698524541 dt=0.00010987020563429215 residual=0.0008676698920398355 checked=false stop=running
step=304 time=0.033400534904309387 dt=0.00010987020578484628 residual=0.00086569635045961857 checked=false stop=running
step=305 time=0.033510405110244265 dt=0.00010987020593487635 residual=0.00086373201265905965 checked=false stop=running
step=306 time=0.033620275316328649 dt=0.00010987020608438474 residual=0.00086177678992536673 checked=false stop=running
step=307 time=0.033730145522562024 dt=0.00010987020623337374 residual=0.00085983059466127206 checked=false stop=running
step=308 time=0.033840015728943872 dt=0.00010987020638184575 residual=0.00085789334035843684 checked=false stop=running
step=309 time=0.033949885935473677 dt=0.00010987020652980312 residual=0.00085596494179879484 checked=false stop=running
step=310 time=0.034059756142150927 dt=0.00010987020667724818 residual=0.00085404531470195926 checked=false stop=running
step=311 time=0.034169626348975107 dt=0.00010987020682418335 residual=0.00085213437586853632 checked=false stop=running
step=312 time=0.03427949655594572 dt=0.00010987020697061091 residual=0.00085023204318509008 checked=false stop=running
step=313 time=0.03438936676306225 dt=0.00010987020711653326 residual=0.0008483382360619145 checked=false stop=running
step=314 time=0.034499236970324205 dt=0.00010987020726195279 residual=0.00084645287421142626 checked=false stop=running
step=315 time=0.03460910717773108 dt=0.0001098702074068718 residual=0.00084457587923551141 checked=false stop=running
step=316 time=0.034718977385282374 dt=0.00010987020755129264 residual=0.00084270717318374062 checked=false stop=running
step=317 time=0.034828847592977594 dt=0.00010987020769521769 residual=0.00084084667949754386 checked=false stop=running
step=318 time=0.034938717800816241 dt=0.00010987020783864928 residual=0.00083899432273754364 checked=false stop=running
step=319 time=0.035048588008797829 dt=0.00010987020798158974 residual=0.00083715002810837353 checked=false stop=running
step=320 time=0.035158458216921873 dt=0.00010987020812404141 residual=0.00083531372244670821 checked=true stop=running
step=321 time=0.03526832842518788 dt=0.00010987020826600662 residual=0.00083348533310493287 checked=false stop=running
step=322 time=0.03537819863359537 dt=0.00010987020840748771 residual=0.0008316647888084351 checked=false stop=running
step=323 time=0.035488068842143859 dt=0.000109870208548487 residual=0.00082985201930749046 checked=false stop=running
step=324 time=0.035597939050832868 dt=0.00010987020868900677 residual=0.00082804695514896961 checked=false stop=running
step=325 time=0.035707809259661917 dt=0.00010987020882904933 residual=0.00082624952827443227 checked=false stop=running
step=326 time=0.035817679468630535 dt=0.00010987020896861702 residual=0.00082445967078352957 checked=false stop=running
step=327 time=0.035927549677738251 dt=0.00010987020910771207 residual=0.00082267731691308135 checked=false stop=running
step=328 time=0.036037419886984584 dt=0.00010987020924633679 residual=0.00082090240088874037 checked=false stop=running
step=329 time=0.036147290096369078 dt=0.00010987020938449347 residual=0.00081913485872919909 checked=false stop=running
step=330 time=0.03625716030589126 dt=0.00010987020952218436 residual=0.00081737462683144379 checked=false stop=running
step=331 time=0.036367030515550673 dt=0.00010987020965941169 residual=0.00081562164288476028 checked=false stop=running
step=332 time=0.036476900725346852 dt=0.00010987020979617772 residual=0.00081387584535192196 checked=false stop=running
step=333 time=0.036586770935279338 dt=0.00010987020993248469 residual=0.00081213717383021682 checked=false stop=running
step=334 time=0.036696641145347673 dt=0.00010987021006833479 residual=0.00081040556867898578 checked=false stop=running
step=335 time=0.036806511355551401 dt=0.00010987021020373028 residual=0.00080868097116358454 checked=false stop=running
step=336 time=0.036916381565890076 dt=0.00010987021033867335 residual=0.00080696332370579985 checked=false stop=running
step=337 time=0.037026251776363241 dt=0.0001098702104731662 residual=0.00080525256941952424 checked=false stop=running
step=338 time=0.037136121986970451 dt=0.00010987021060721098 residual=0.00080354865227388482 checked=false stop=running
step=339 time=0.037245992197711263 dt=0.0001098702107408099 residual=0.00080185151740573524 checked=false stop=running
step=340 time=0.037355862408585225 dt=0.00010987021087396504 residual=0.00080016111058210312 checked=true stop=running
step=341 time=0.0374657326195919 dt=0.00010987021100667863 residual=0.00079847737854766817 checked=false stop=running
step=342 time=0.037575602830730852 dt=0.00010987021113895276 residual=0.00079680026865960581 checked=false stop=running
step=343 time=0.037685473042001642 dt=0.00010987021127078958 residual=0.00079512972960875047 checked=false stop=running
step=344 time=0.037795343253403835 dt=0.00010987021140219117 residual=0.00079346571054573914 checked=false stop=running
step=345 time=0.037905213464936992 dt=0.00010987021153315962 residual=0.00079180816173442736 checked=false stop=running
step=346 time=0.03801508367660069 dt=0.00010987021166369703 residual=0.00079015703380140557 checked=false stop=running
step=347 time=0.038124953888394493 dt=0.00010987021179380545 residual=0.00078851227856887608 checked=false stop=running
step=348 time=0.038234824100317977 dt=0.000109870211923487 residual=0.00078687384874473205 checked=false stop=running
step=349 time=0.038344694312370718 dt=0.00010987021205274368 residual=0.00078524169740760031 checked=false stop=running
step=350 time=0.038454564524552294 dt=0.00010987021218157749 residual=0.00078361577876609999 checked=false stop=running
step=351 time=0.038564434736862281 dt=0.0001098702123099905 residual=0.0007819960474356166 checked=false stop=running
step=352 time=0.038674304949300263 dt=0.00010987021243798467 residual=0.00078038245927023614 checked=false stop=running
step=353 time=0.038784175161865823 dt=0.00010987021256556207 residual=0.00077877497052305903 checked=false stop=running
step=354 time=0.038894045374558546 dt=0.00010987021269272456 residual=0.00077717353813515767 checked=false stop=running
step=355 time=0.039003915587378021 dt=0.00010987021281947421 residual=0.00077557812016320195 checked=false stop=running
step=356 time=0.039113785800323833 dt=0.00010987021294581291 residual=0.00077398867473462112 checked=false stop=running
step=357 time=0.039223656013395579 dt=0.0001098702130717426 residual=0.00077240516143854796 checked=false stop=running
step=358 time=0.039333526226592842 dt=0.00010987021319726525 residual=0.00077082753986718522 checked=false stop=running
step=359 time=0.039443396439915228 dt=0.00010987021332238272 residual=0.00076925577069904272 checked=false stop=running
step=360 time=0.039553266653362326 dt=0.00010987021344709693 residual=0.00076768981513661121 checked=true stop=running
step=361 time=0.039663136866933735 dt=0.00010987021357140975 residual=0.00076612963505025245 checked=false stop=running
step=362 time=0.039773007080629058 dt=0.00010987021369532305 residual=0.00076457519296181838 checked=false stop=running
step=363 time=0.039882877294447894 dt=0.0001098702138188387 residual=0.00076302645201703956 checked=false stop=running
step=364 time=0.039992747508389853 dt=0.00010987021394195851 residual=0.00076148337594721994 checked=false stop=running
step=365 time=0.040102617722454541 dt=0.00010987021406468433 residual=0.00075994592915832422 checked=false stop=running
step=366 time=0.040212487936641561 dt=0.00010987021418701797 residual=0.00075841407669466885 checked=false stop=running
step=367 time=0.040322358150950526 dt=0.00010987021430896122 residual=0.00075688778412123521 checked=false stop=running
step=368 time=0.040432228365381039 dt=0.00010987021443051585 residual=0.00075536701733757057 checked=false stop=running
step=369 time=0.040542098579932725 dt=0.0001098702145516837 residual=0.00075385174335486436 checked=false stop=running
step=370 time=0.040651968794605191 dt=0.00010987021467246645 residual=0.00075234192924002424 checked=false stop=running
step=371 time=0.04076183900939806 dt=0.00010987021479286586 residual=0.00075083754270416261 checked=false stop=running
step=372 time=0.040871709224310944 dt=0.0001098702149128837 residual=0.00074933855236317983 checked=false stop=running
step=373 time=0.040981579439343468 dt=0.00010987021503252169 residual=0.00074784492690120185 checked=false stop=running
step=374 time=0.041091449654495252 dt=0.00010987021515178149 residual=0.00074635663579612267 checked=false stop=running
step=375 time=0.041201319869765919 dt=0.00010987021527066481 residual=0.00074487364862938464 checked=false stop=running
step=376 time=0.041311190085155096 dt=0.00010987021538917332 residual=0.00074339593604330536 checked=false stop=running
step=377 time=0.041421060300662407 dt=0.00010987021550730872 residual=0.0007419234688648969 checked=false stop=running
step=378 time=0.041530930516287479 dt=0.00010987021562507265 residual=0.00074045621819229996 checked=false stop=running
step=379 time=0.041640800732029942 dt=0.00010987021574246671 residual=0.00073899415608205709 checked=false stop=running
step=380 time=0.041750670947889437 dt=0.00010987021585949256 residual=0.00073753725454665949 checked=true stop=running
step=381 time=0.041860541163865589 dt=0.0001098702159761518 residual=0.00073608548645178254 checked=false stop=running
step=382 time=0.041970411379958036 dt=0.00010987021609244604 residual=0.0007346388247807949 checked=false stop=running
step=383 time=0.042080281596166412 dt=0.00010987021620837685 residual=0.0007331972430024413 checked=false stop=running
step=384 time=0.042190151812490355 dt=0.00010987021632394585 residual=0.00073176071503693247 checked=false stop=running
step=385 time=0.042300022028929511 dt=0.00010987021643915453 residual=0.00073032921539431853 checked=false stop=running
step=386 time=0.042409892245483513 dt=0.00010987021655400448 residual=0.00072890271864229782 checked=false stop=running
step=387 time=0.042519762462152014 dt=0.00010987021666849727 residual=0.00072748120003933165 checked=false stop=running
step=388 time=0.042629632678934645 dt=0.0001098702167826344 residual=0.00072606463496360243 checked=false stop=running
step=389 time=0.042739502895831061 dt=0.00010987021689641736 residual=0.00072465299938669948 checked=false stop=running
step=390 time=0.042849373112840906 dt=0.00010987021700984768 residual=0.00072324626937608251 checked=false stop=running
step=391 time=0.042959243329963835 dt=0.00010987021712292685 residual=0.00072184442187394769 checked=false stop=running
step=392 time=0.043069113547199493 dt=0.00010987021723565633 residual=0.00072044743330530747 checked=false stop=running
step=393 time=0.043178983764547534 dt=0.00010987021734803764 residual=0.00071905528123209991 checked=false stop=running
step=394 time=0.043288853982007602 dt=0.00010987021746007214 residual=0.00071766794321996693 checked=false stop=running
step=395 time=0.043398724199579367 dt=0.00010987021757176138 residual=0.00071628539722582319 checked=false stop=running
step=396 time=0.043508594417262472 dt=0.00010987021768310677 residual=0.00071490762132397304 checked=false stop=running
step=397 time=0.043618464635056579 dt=0.0001098702177941097 residual=0.0007135345941590575 checked=false stop=running
step=398 time=0.043728334852961348 dt=0.00010987021790477157 residual=0.00071216629455038514 checked=false stop=running
step=399 time=0.043838205070976445 dt=0.00010987021801509384 residual=0.0007108027014774579 checked=false stop=running
step=400 time=0.043948075289101524 dt=0.00010987021812507784 residual=0.00070944379459793479 checked=true stop=running
step=401 time=0.044057945507336251 dt=0.00010987021823472503 residual=0.00070808955347526558 checked=false stop=running
step=402 time=0.044167815725680286 dt=0.00010987021834403672 residual=0.0007067399580093606 checked=false stop=running
step=403 time=0.044277685944133303 dt=0.00010987021845301427 residual=0.00070539498839025791 checked=false stop=running
step=404 time=0.044387556162694963 dt=0.00010987021856165905 residual=0.00070405462519941553 checked=false stop=running
step=405 time=0.044497426381364932 dt=0.00010987021866997242 residual=0.00070271884915344706 checked=false stop=running
step=406 time=0.044607296600142891 dt=0.00010987021877795568 residual=0.0007013876411407705 checked=false stop=running
step=407 time=0.0447171668190285 dt=0.00010987021888561017 residual=0.00070006098257180058 checked=false stop=running
step=408 time=0.04482703703802144 dt=0.00010987021899293719 residual=0.00069873885479074119 checked=false stop=running
step=409 time=0.044936907257121378 dt=0.00010987021909993811 residual=0.00069742123931482798 checked=false stop=running
step=410 time=0.045046777476327994 dt=0.00010987021920661411 residual=0.00069610811823664093 checked=false stop=running
step=411 time=0.045156647695640963 dt=0.00010987021931296657 residual=0.00069479947369617328 checked=false stop=running
step=412 time=0.045266517915059958 dt=0.00010987021941899674 residual=0.00069349528801988705 checked=false stop=running
step=413 time=0.045376388134584666 dt=0.00010987021952470586 residual=0.00069219554377233396 checked=false stop=running
step=414 time=0.045486258354214763 dt=0.00010987021963009526 residual=0.00069090022359117567 checked=false stop=running
step=415 time=0.045596128573949929 dt=0.00010987021973516616 residual=0.00068960931048400839 checked=false stop=running
step=416 time=0.045705998793789851 dt=0.00010987021983991979 residual=0.00068832278747237474 checked=false stop=running
step=417 time=0.04581586901373421 dt=0.00010987021994435735 residual=0.00068704063832108889 checked=false stop=running
step=418 time=0.045925739233782688 dt=0.00010987022004848017 residual=0.00068576284618205999 checked=false stop=running
step=419 time=0.046035609453934978 dt=0.00010987022015228941 residual=0.00068448939491434519 checked=false stop=running
step=420 time=0.046145479674190762 dt=0.00010987022025578631 residual=0.00068322026847975547 checked=true stop=running
step=421 time=0.046255349894549734 dt=0.00010987022035897207 residual=0.00068195545065259211 checked=false stop=running
step=422 time=0.046365220115011582 dt=0.00010987022046184785 residual=0.00068069492597180902 checked=false stop=running
step=423 time=0.046475090335575994 dt=0.00010987022056441495 residual=0.0006794386787069938 checked=false stop=running
step=424 time=0.046584960556242672 dt=0.0001098702206666744 residual=0.00067818669344583873 checked=false stop=running
step=425 time=0.046694830777011302 dt=0.00010987022076862754 residual=0.0006769389549354896 checked=false stop=running
step=426 time=0.046804700997881581 dt=0.00010987022087027546 residual=0.00067569544818201085 checked=false stop=running
step=427 time=0.046914571218853202 dt=0.00010987022097161932 residual=0.00067445615808716536 checked=false stop=running
step=428 time=0.04702444143992586 dt=0.00010987022107266029 residual=0.00067322106981268601 checked=false stop=running
step=429 time=0.047134311661099257 dt=0.00010987022117339959 residual=0.00067199016896590455 checked=false stop=running
step=430 time=0.047244181882373094 dt=0.0001098702212738383 residual=0.00067076344083633424 checked=false stop=running
step=431 time=0.047354052103747074 dt=0.0001098702213739776 residual=0.0006695408708621176 checked=false stop=running
step=432 time=0.047463922325220891 dt=0.00010987022147381862 residual=0.00066832244529153623 checked=false stop=running
step=433 time=0.047573792546794252 dt=0.00010987022157336247 residual=0.00066710814973328938 checked=false stop=running
step=434 time=0.047683662768466861 dt=0.00010987022167261031 residual=0.00066589797035302583 checked=false stop=running
step=435 time=0.047793532990238426 dt=0.00010987022177156326 residual=0.00066469189336697601 checked=false stop=running
step=436 time=0.047903403212108647 dt=0.00010987022187022242 residual=0.00066348990523382276 checked=false stop=running
step=437 time=0.048013273434077235 dt=0.00010987022196858895 residual=0.00066229199209541913 checked=false stop=running
step=438 time=0.048123143656143896 dt=0.00010987022206666388 residual=0.00066109814065775914 checked=false stop=running
step=439 time=0.048233013878308348 dt=0.00010987022216444837 residual=0.00065990833763098216 checked=false stop=running
step=440 time=0.048342884100570291 dt=0.00010987022226194353 residual=0.00065872256997325245 checked=true stop=running
step=441 time=0.048452754322929441 dt=0.00010987022235915041 residual=0.00065754082457376547 checked=false stop=running
step=442 time=0.048562624545385513 dt=0.00010987022245607016 residual=0.00065636308842026436 checked=false stop=running
step=443 time=0.048672494767938217 dt=0.00010987022255270384 residual=0.00065518934886511695 checked=false stop=running
step=444 time=0.048782364990587267 dt=0.00010987022264905249 residual=0.0006540195930328722 checked=false stop=running
step=445 time=0.048892235213332386 dt=0.00010987022274511726 residual=0.00065285380851088043 checked=false stop=running
step=446 time=0.049002105436173282 dt=0.00010987022284089922 residual=0.00065169198299164937 checked=false stop=running
step=447 time=0.049111975659109679 dt=0.00010987022293639941 residual=0.00065053410374068914 checked=false stop=running
step=448 time=0.049221845882141298 dt=0.00010987022303161895 residual=0.00064938015884970842 checked=false stop=running
step=449 time=0.049331716105267855 dt=0.00010987022312655882 residual=0.00064823013596234378 checked=false stop=running
step=450 time=0.049441586328489072 dt=0.00010987022322122017 residual=0.00064708402336083044 checked=false stop=running
step=451 time=0.049551456551804679 dt=0.00010987022331560404 residual=0.00064594180887290933 checked=false stop=running
step=452 time=0.049661326775214391 dt=0.00010987022340971144 residual=0.00064480348070772959 checked=false stop=running
step=453 time=0.049771196998717931 dt=0.00010987022350354349 residual=0.00064366902744119854 checked=false stop=running
step=454 time=0.049881067222315036 dt=0.00010987022359710123 residual=0.00064253843733876699 checked=false stop=running
step=455 time=0.049990937446005336 dt=0.00010987022369029855 residual=0.00064141169860285454 checked=false stop=running
step=456 time=0.050100807669788527 dt=0.0001098702237831891 residual=0.00064028880023412813 checked=false stop=running
step=457 time=0.050210677893664339 dt=0.00010987022387580992 residual=0.00063916973106404045 checked=false stop=running
step=458 time=0.050320548117632501 dt=0.00010987022396816216 residual=0.00063805447946643291 checked=false stop=running
step=459 time=0.050430418341692748 dt=0.00010987022406024679 residual=0.00063694303449435437 checked=false stop=running
step=460 time=0.050540288565844811 dt=0.00010987022415206487 residual=0.00063583538537117189 checked=true stop=running
step=461 time=0.050650158790088426 dt=0.00010987022424361745 residual=0.00063473152090343684 checked=false stop=running
step=462 time=0.050760029014423329 dt=0.00010987022433490551 residual=0.00063363143062901872 checked=false stop=running
step=463 time=0.050869899238849256 dt=0.00010987022442593017 residual=0.00063253510360211163 checked=false stop=running
step=464 time=0.050979769463365951 dt=0.00010987022451669239 residual=0.000631442529044872 checked=false stop=running
step=465 time=0.051089639687973143 dt=0.00010987022460719324 residual=0.00063035369683231977 checked=false stop=running
step=466 time=0.051199509912670575 dt=0.00010987022469743376 residual=0.00062926859616285128 checked=false stop=running
step=467 time=0.051309380137457991 dt=0.00010987022478741494 residual=0.00062818721675812089 checked=false stop=running
step=468 time=0.051419250362335127 dt=0.00010987022487713778 residual=0.00062710954852522713 checked=false stop=running
step=469 time=0.051529120587301733 dt=0.00010987022496660336 residual=0.00062603558123282309 checked=false stop=running
step=470 time=0.051638990812357545 dt=0.00010987022505581271 residual=0.00062496530479220461 checked=false stop=running
step=471 time=0.051748861037502314 dt=0.00010987022514476685 residual=0.00062389870902357998 checked=false stop=running
step=472 time=0.051858731262735783 dt=0.00010987022523346678 residual=0.00062283578414072097 checked=false stop=running
step=473 time=0.051968601488057695 dt=0.00010987022532191357 residual=0.00062177652027540554 checked=false stop=running
step=474 time=0.0520784717134678 dt=0.00010987022541010818 residual=0.00062072090771177982 checked=false stop=running
step=475 time=0.052188341938965849 dt=0.00010987022549805167 residual=0.00061966893670394616 checked=false stop=running
step=476 time=0.052298212164551591 dt=0.00010987022558574505 residual=0.00061862059766822585 checked=false stop=running
step=477 time=0.052408082390224778 dt=0.00010987022567318937 residual=0.00061757588103020006 checked=false stop=running
step=478 time=0.052517952615985165 dt=0.00010987022576038564 residual=0.0006165347774198084 checked=false stop=running
step=479 time=0.052627822841832497 dt=0.00010987022584733484 residual=0.0006154972774065526 checked=false stop=running
step=480 time=0.052737693067766538 dt=0.00010987022593403804 residual=0.00061446337167502115 checked=true stop=running
step=481 time=0.052847563293787037 dt=0.00010987022602049625 residual=0.00061343305100143998 checked=false stop=running
step=482 time=0.052957433519893744 dt=0.00010987022610671047 residual=0.00061240630633245378 checked=false stop=running
step=483 time=0.053067303746086425 dt=0.00010987022619268174 residual=0.00061138312832632131 checked=false stop=running
step=484 time=0.053177173972364836 dt=0.00010987022627841111 residual=0.00061036350811613863 checked=false stop=running
step=485 time=0.053287044198728734 dt=0.00010987022636389952 residual=0.00060934743679760773 checked=false stop=running
step=486 time=0.053396914425177883 dt=0.00010987022644914805 residual=0.00060833490543548438 checked=false stop=running
step=487 time=0.05350678465171204 dt=0.00010987022653415773 residual=0.00060732590506059746 checked=false stop=running
step=488 time=0.05361665487833097 dt=0.00010987022661892953 residual=0.00060632042701273445 checked=false stop=running
step=489 time=0.053726525105034437 dt=0.00010987022670346457 residual=0.00060531846269225114 checked=false stop=running
step=490 time=0.053836395331822204 dt=0.00010987022678776373 residual=0.00060432000319666839 checked=false stop=running
step=491 time=0.053946265558694029 dt=0.00010987022687182816 residual=0.00060332503995378804 checked=false stop=running
step=492 time=0.054056135785649689 dt=0.00010987022695565879 residual=0.00060233356479979616 checked=false stop=running
step=493 time=0.054166006012688943 dt=0.00010987022703925673 residual=0.00060134556880306778 checked=false stop=running
step=494 time=0.054275876239811567 dt=0.00010987022712262294 residual=0.00060036104384699612 checked=false stop=running
step=495 time=0.054385746467017326 dt=0.00010987022720575844 residual=0.00059937998126019184 checked=false stop=running
step=496 time=0.054495616694305991 dt=0.00010987022728866427 residual=0.00059840237294419131 checked=false stop=running
step=497 time=0.054605486921677333 dt=0.0001098702273713415 residual=0.00059742821045240832 checked=false stop=running
step=498 time=0.054715357149131123 dt=0.00010987022745379108 residual=0.00059645748560135763 checked=false stop=running
step=499 time=0.054825227376667139 dt=0.00010987022753601411 residual=0.00059549019027889069 checked=false stop=running
step=500 time=0.054935097604285152 dt=0.00010987022761801156 residual=0.00059452631620483354 checked=true stop=running
step=501 time=0.055044967831984939 dt=0.00010987022769978445 residual=0.00059356585525705842 checked=false stop=running
step=502 time=0.055154838059766273 dt=0.00010987022778133386 residual=0.00059260879949719035 checked=false stop=running
step=503 time=0.05526470828762893 dt=0.00010987022786266079 residual=0.00059165514075490107 checked=false stop=running
step=504 time=0.055374578515572696 dt=0.00010987022794376627 residual=0.00059070487100180437 checked=false stop=running
step=505 time=0.055484448743597349 dt=0.00010987022802465132 residual=0.00058975798238475828 checked=false stop=running
step=506 time=0.055594318971702666 dt=0.00010987022810531696 residual=0.00058881446676743276 checked=false stop=running
step=507 time=0.055704189199888433 dt=0.00010987022818576422 residual=0.00058787431643030845 checked=false stop=running
step=508 time=0.055814059428154428 dt=0.00010987022826599418 residual=0.00058693752331113113 checked=false stop=running
step=509 time=0.055923929656500435 dt=0.0001098702283460078 residual=0.00058600407971935503 checked=false stop=running
step=510 time=0.056033799884926239 dt=0.00010987022842580613 residual=0.00058507397765132977 checked=false stop=running
step=511 time=0.056143670113431632 dt=0.00010987022850539026 residual=0.00058414720940014721 checked=false stop=running
step=512 time=0.056253540342016392 dt=0.00010987022858476118 residual=0.00058322376688318836 checked=false stop=running
step=513 time=0.056363410570680311 dt=0.00010987022866391989 residual=0.00058230364265333468 checked=false stop=running
step=514 time=0.056473280799423181 dt=0.00010987022874286751 residual=0.00058138682868105068 checked=false stop=running
step=515 time=0.056583151028244787 dt=0.00010987022882160498 residual=0.00058047331725755093 checked=false stop=running
step=516 time=0.05669302125714492 dt=0.00010987022890013336 residual=0.00057956310072960983 checked=false stop=running
step=517 time=0.056802891486123372 dt=0.0001098702289784537 residual=0.00057865617122559185 checked=false stop=running
step=518 time=0.056912761715179942 dt=0.00010987022905656705 residual=0.00057775252101346529 checked=false stop=running
step=519 time=0.057022631944314416 dt=0.00010987022913447443 residual=0.00057685214233086182 checked=false stop=running
step=520 time=0.057132502173526591 dt=0.00010987022921217688 residual=0.00057595502733652233 checked=true stop=running
step=521 time=0.057242372402816266 dt=0.00010987022928967543 residual=0.0005750611685106595 checked=false stop=running
step=522 time=0.057352242632183234 dt=0.00010987022936697107 residual=0.00057417055790954911 checked=false stop=running
step=523 time=0.0574621128616273 dt=0.00010987022944406491 residual=0.00057328318778613674 checked=false stop=running
step=524 time=0.057571983091148256 dt=0.00010987022952095795 residual=0.00057239905030898107 checked=false stop=running
step=525 time=0.057681853320745907 dt=0.00010987022959765124 residual=0.00057151813775350199 checked=false stop=running
step=526 time=0.057791723550420053 dt=0.00010987022967414581 residual=0.00057064044230465284 checked=false stop=running
step=527 time=0.057901593780170499 dt=0.00010987022975044265 residual=0.00056976595618297933 checked=false stop=running
step=528 time=0.058011464009997044 dt=0.00010987022982654288 residual=0.0005688946714696799 checked=false stop=running
step=529 time=0.058121334239899493 dt=0.00010987022990244748 residual=0.00056802658035163222 checked=false stop=running
step=530 time=0.058231204469877652 dt=0.00010987022997815755 residual=0.00056716167477474666 checked=false stop=running
step=531 time=0.058341074699931328 dt=0.00010987023005367402 residual=0.00056629994700348337 checked=false stop=running
step=532 time=0.058450944930060325 dt=0.00010987023012899804 residual=0.00056544138936325157 checked=false stop=running
step=533 time=0.058560815160264457 dt=0.00010987023020413058 residual=0.00056458599330929597 checked=false stop=running
step=534 time=0.058670685390543528 dt=0.0001098702302790727 residual=0.0005637337510530859 checked=false stop=running
step=535 time=0.058780555620897353 dt=0.00010987023035382539 residual=0.00056288465473901652 checked=false stop=running
step=536 time=0.058890425851325742 dt=0.00010987023042838975 residual=0.00056203869606101422 checked=false stop=running
step=537 time=0.05900029608182851 dt=0.00010987023050276679 residual=0.00056119586710903779 checked=false stop=running
step=538 time=0.059110166312405468 dt=0.00010987023057695757 residual=0.00056035615939878706 checked=false stop=running
step=539 time=0.05922003654305643 dt=0.00010987023065096304 residual=0.00055951956509322012 checked=false stop=running
step=540 time=0.059329906773781214 dt=0.00010987023072478435 residual=0.00055868607570829757 checked=true stop=running
step=541 time=0.059439777004579634 dt=0.00010987023079842245 residual=0.0005578556829340407 checked=false stop=running
step=542 time=0.05954964723545151 dt=0.00010987023087187839 residual=0.00055702837862401516 checked=false stop=running
step=543 time=0.05965951746639666 dt=0.00010987023094515322 residual=0.00055620415404246913 checked=false stop=running
step=544 time=0.059769387697414911 dt=0.00010987023101824796 residual=0.00055538300094908316 checked=false stop=running
step=545 time=0.059879257928506076 dt=0.00010987023109116365 residual=0.00055456491088969604 checked=false stop=running
step=546 time=0.059989128159669974 dt=0.0001098702311639013 residual=0.00055374987505850111 checked=false stop=running
step=547 time=0.060098998390906433 dt=0.00010987023123646196 residual=0.00055293788487845977 checked=false stop=running
step=548 time=0.060208868622215278 dt=0.00010987023130884663 residual=0.00055212893180528119 checked=false stop=running
step=549 time=0.060318738853596336 dt=0.00010987023138105639 residual=0.0005513230068179486 checked=false stop=running
step=550 time=0.060428609085049427 dt=0.00010987023145309222 residual=0.00055052010121968062 checked=false stop=running
step=551 time=0.060538479316574384 dt=0.00010987023152495518 residual=0.00054972020601879129 checked=false stop=running
step=552 time=0.060648349548171034 dt=0.00010987023159664624 residual=0.00054892331227941737 checked=false stop=running
step=553 time=0.060758219779839202 dt=0.00010987023166816651 residual=0.00054812941080084523 checked=false stop=running
step=554 time=0.060868090011578717 dt=0.0001098702317395169 residual=0.00054733849263815864 checked=false stop=running
step=555 time=0.060977960243389417 dt=0.0001098702318106985 residual=0.00054655054848195823 checked=false stop=running
step=556 time=0.061087830475271131 dt=0.00010987023188171232 residual=0.00054576556903504839 checked=false stop=running
step=557 time=0.06119770070722369 dt=0.00010987023195255938 residual=0.00054498354496049857 checked=false stop=running
step=558 time=0.061307570939246929 dt=0.00010987023202324067 residual=0.00054420446667558995 checked=false stop=running
step=559 time=0.061417441171340688 dt=0.00010987023209375723 residual=0.00054342832468586022 checked=false stop=running
step=560 time=0.0615273114035048 dt=0.00010987023216411008 residual=0.0005426551093271919 checked=true stop=running
step=561 time=0.061637181635739099 dt=0.00010987023223430019 residual=0.00054188481079728789 checked=false stop=running
step=562 time=0.061747051868043426 dt=0.00010987023230432864 residual=0.00054111741957168786 checked=false stop=running
step=563 time=0.06185692210041762 dt=0.00010987023237419635 residual=0.00054035292546619795 checked=false stop=running
step=564 time=0.061966792332861523 dt=0.00010987023244390438 residual=0.00053959131854918428 checked=false stop=running
step=565 time=0.062076662565374974 dt=0.00010987023251345373 residual=0.0005388325884798014 checked=false stop=running
step=566 time=0.062186532797957821 dt=0.00010987023258284536 residual=0.00053807672555080299 checked=false stop=running
step=567 time=0.062296403030609904 dt=0.00010987023265208033 residual=0.00053732371919840572 checked=false stop=running
step=568 time=0.062406273263331064 dt=0.00010987023272115958 residual=0.00053657355880345689 checked=false stop=running
step=569 time=0.062516143496121154 dt=0.00010987023279008416 residual=0.00053582623426332834 checked=false stop=running
step=570 time=0.06262601372898001 dt=0.000109870232858855 residual=0.00053508173465650758 checked=false stop=running
step=571 time=0.062735883961907477 dt=0.00010987023292747312 residual=0.00053434004931430883 checked=false stop=running
step=572 time=0.062845754194903417 dt=0.00010987023299593949 residual=0.00053360116755986396 checked=false stop=running
step=573 time=0.062955624427967677 dt=0.00010987023306425514 residual=0.00053286507841185697 checked=false stop=running
step=574 time=0.063065494661100091 dt=0.00010987023313242103 residual=0.00053213177084750077 checked=false stop=running
step=575 time=0.063175364894300534 dt=0.0001098702332004381 residual=0.00053140123386359063 checked=false stop=running
step=576 time=0.06328523512756884 dt=0.00010987023326830738 residual=0.00053067345596742891 checked=false stop=running
step=577 time=0.063395105360904869 dt=0.00010987023333602981 residual=0.00052994842592443236 checked=false stop=running
step=578 time=0.063504975594308469 dt=0.00010987023340360637 residual=0.0005292261322118369 checked=false stop=running
step=579 time=0.063614845827779501 dt=0.00010987023347103804 residual=0.0005285065632564586 checked=false stop=running
step=580 time=0.063724716061317827 dt=0.00010987023353832577 residual=0.00052778970738195767 checked=true stop=running
step=581 time=0.063834586294923293 dt=0.00010987023360547047 residual=0.00052707555303287297 checked=false stop=running
step=582 time=0.063944456528595761 dt=0.00010987023367247322 residual=0.00052636408776839648 checked=false stop=running
step=583 time=0.064054326762335093 dt=0.00010987023373933487 residual=0.00052565530007563695 checked=false stop=running
step=584 time=0.064164196996141148 dt=0.00010987023380605644 residual=0.00052494917746462061 checked=false stop=running
step=585 time=0.06427406723001379 dt=0.00010987023387263882 residual=0.00052424570781216598 checked=false stop=running
step=586 time=0.064383937463952878 dt=0.00010987023393908297 residual=0.00052354487875094953 checked=false stop=running
step=587 time=0.064493807697958275 dt=0.00010987023400538986 residual=0.00052284667759522558 checked=false stop=running
step=588 time=0.06460367793202984 dt=0.00010987023407156038 residual=0.00052215109205919761 checked=false stop=running
step=589 time=0.064713548166167437 dt=0.00010987023413759553 residual=0.00052145810931733864 checked=false stop=running
step=590 time=0.064823418400370938 dt=0.00010987023420349617 residual=0.00052076771631263355 checked=false stop=running
step=591 time=0.064933288634640207 dt=0.00010987023426926331 residual=0.00052007990035736593 checked=false stop=running
step=592 time=0.065043158868975104 dt=0.00010987023433489778 residual=0.00051939464822013919 checked=false stop=running
step=593 time=0.065153029103375504 dt=0.00010987023440040056 residual=0.00051871194667210934 checked=false stop=running
step=594 time=0.065262899337841282 dt=0.00010987023446577253 residual=0.00051803178253775829 checked=false stop=running
step=595 time=0.0653727695723723 dt=0.00010987023453101463 residual=0.00051735414223896673 checked=false stop=running
step=596 time=0.065482639806968432 dt=0.00010987023459612774 residual=0.00051667901235810762 checked=false stop=running
step=597 time=0.06559251004162954 dt=0.0001098702346611128 residual=0.00051600637919872738 checked=false stop=running
step=598 time=0.065702380276355513 dt=0.00010987023472597068 residual=0.00051533622889053297 checked=false stop=running
step=599 time=0.065812250511146211 dt=0.00010987023479070228 residual=0.00051466854775899552 checked=false stop=running
step=600 time=0.065922120746001525 dt=0.00010987023485530849 residual=0.00051400332168143438 checked=true stop=running
step=601 time=0.066031990980921315 dt=0.00010987023491979019 residual=0.00051334053645155542 checked=false stop=running
step=602 time=0.06614186121590547 dt=0.0001098702349841483 residual=0.00051268017798347415 checked=false stop=running
step=603 time=0.066251731450953852 dt=0.00010987023504838363 residual=0.00051202223196686488 checked=false stop=running
step=604 time=0.066361601686066349 dt=0.0001098702351124971 residual=0.0005113666837225241 checked=false stop=running
step=605 time=0.066471471921242836 dt=0.00010987023517648959 residual=0.00051071351881579782 checked=false stop=running
step=606 time=0.066581342156483203 dt=0.0001098702352403619 residual=0.00051006272262120163 checked=false stop=running
step=607 time=0.066691212391787325 dt=0.00010987023530411497 residual=0.00050941428023303895 checked=false stop=running
step=608 time=0.066801082627155076 dt=0.00010987023536774955 residual=0.00050876817691263769 checked=false stop=running
step=609 time=0.066910952862586345 dt=0.00010987023543126659 residual=0.00050812439754682249 checked=false stop=running
step=610 time=0.067020823098081009 dt=0.0001098702354946669 residual=0.00050748292701235421 checked=false stop=running
step=611 time=0.067130693333638955 dt=0.00010987023555795129 residual=0.00050684375014979665 checked=false stop=running
step=612 time=0.067240563569260073 dt=0.00010987023562112065 residual=0.00050620685175810072 checked=false stop=running
step=613 time=0.067350433804944251 dt=0.00010987023568417577 residual=0.00050557221616421037 checked=false stop=running
step=614 time=0.067460304040691366 dt=0.00010987023574711746 residual=0.0005049398279929582 checked=false stop=running
step=615 time=0.067570174276501319 dt=0.00010987023580994658 residual=0.0005043096716328421 checked=false stop=running
step=616 time=0.067680044512373985 dt=0.00010987023587266391 residual=0.0005036817314352615 checked=false stop=running
step=617 time=0.067789914748309255 dt=0.00010987023593527028 residual=0.00050305599143049898 checked=false stop=running
step=618 time=0.067899784984307016 dt=0.00010987023599776648 residual=0.00050243243578686973 checked=false stop=running
step=619 time=0.068009655220367171 dt=0.00010987023606015332 residual=0.00050181104838056779 checked=false stop=running
step=620 time=0.068119525456489596 dt=0.0001098702361224316 residual=0.00050119181339900647 checked=true stop=running
step=621 time=0.068229395692674194 dt=0.00010987023618460207 residual=0.00050057471433798508 checked=false stop=running
step=622 time=0.068339265928920853 dt=0.00010987023624666554 residual=0.00049995973516706634 checked=false stop=running
step=623 time=0.068449136165229477 dt=0.00010987023630862281 residual=0.00049934685941508512 checked=false stop=running
step=624 time=0.068559006401599953 dt=0.00010987023637047464 residual=0.00049873607060374882 checked=false stop=running
step=625 time=0.068668876638032172 dt=0.00010987023643222175 residual=0.00049812735232873662 checked=false stop=running
step=626 time=0.068778746874526037 dt=0.00010987023649386494 residual=0.00049752068766926256 checked=false stop=running
step=627 time=0.068888617111081435 dt=0.00010987023655540497 residual=0.00049691606051893863 checked=false stop=running
step=628 time=0.068998487347698284 dt=0.00010987023661684256 residual=0.00049631345375990581 checked=false stop=running
step=629 time=0.069108357584376459 dt=0.00010987023667817846 residual=0.00049571285036544737 checked=false stop=running
step=630 time=0.069218227821115877 dt=0.00010987023673941348 residual=0.00049511423370860591 checked=false stop=running
step=631 time=0.069328098057916426 dt=0.00010987023680054824 residual=0.0004945175867189887 checked=false stop=running
step=632 time=0.06943796829477801 dt=0.00010987023686158351 residual=0.00049392289244173048 checked=false stop=running
step=633 time=0.069547838531700532 dt=0.00010987023692252003 residual=0.0004933301336040942 checked=false stop=running
step=634 time=0.069657708768683893 dt=0.00010987023698335852 residual=0.00049273929297414046 checked=false stop=running
step=635 time=0.069767579005727998 dt=0.00010987023704409964 residual=0.00049215035365787936 checked=false stop=running
step=636 time=0.069877449242832748 dt=0.00010987023710474415 residual=0.0004915632981008194 checked=false stop=running
step=637 time=0.069987319479998006 dt=0.00010987023716525891 residual=0.00049097810913519588 checked=false stop=running
step=638 time=0.070097189717223618 dt=0.000109870237225617 residual=0.00049039476910952109 checked=false stop=running
step=639 time=0.070207059954509501 dt=0.0001098702372858801 residual=0.00048981326070619347 checked=false stop=running
step=640 time=0.070316930191855545 dt=0.00010987023734604885 residual=0.00048923356642038406 checked=true stop=running
step=641 time=0.070426800429261666 dt=0.00010987023740612394 residual=0.00048865566884823488 checked=false stop=running
step=642 time=0.070536670666727766 dt=0.00010987023746610603 residual=0.00048807955002758011 checked=false stop=running
step=643 time=0.070646540904253763 dt=0.00010987023752599585 residual=0.00048750519261382891 checked=false stop=running
step=644 time=0.070756411141839559 dt=0.00010987023758579403 residual=0.00048693257897177919 checked=false stop=running
step=645 time=0.070866281379485058 dt=0.00010987023764550122 residual=0.00048636169106199359 checked=false stop=running
step=646 time=0.070976151617190175 dt=0.00010987023770511811 residual=0.00048579251171388126 checked=false stop=running
step=647 time=0.071086021854954815 dt=0.00010987023776464531 residual=0.00048522502272336219 checked=false stop=running
step=648 time=0.071195892092778892 dt=0.0001098702378240835 residual=0.00048465920644782923 checked=false stop=running
step=649 time=0.071305762330662326 dt=0.00010987023788343331 residual=0.00048409504509694975 checked=false stop=running
step=650 time=0.071415632568605017 dt=0.00010987023794269532 residual=0.00048353252069994335 checked=false stop=running
step=651 time=0.071525502806606883 dt=0.00010987023800187022 residual=0.00048297161557657713 checked=false stop=running
step=652 time=0.071635373044667841 dt=0.00010987023806095862 residual=0.0004824123117886705 checked=false stop=running
step=653 time=0.071745243282787807 dt=0.00010987023811996113 residual=0.00048185459162011893 checked=false stop=running
step=654 time=0.071855113520966685 dt=0.00010987023817887829 residual=0.00048129843692343028 checked=false stop=running
step=655 time=0.07196498375920439 dt=0.00010987023823771079 residual=0.00048074382990617211 checked=false stop=running
step=656 time=0.072074853997500854 dt=0.00010987023829645917 residual=0.00048019075282196869 checked=false stop=running
step=657 time=0.072184724235855979 dt=0.000109870238355124 residual=0.00047963918752667661 checked=false stop=running
step=658 time=0.072294594474269683 dt=0.00010987023841370596 residual=0.00047908911639086177 checked=false stop=running
step=659 time=0.072404464712741895 dt=0.00010987023847220551 residual=0.00047854052147273479 checked=false stop=running
step=660 time=0.072514334951272519 dt=0.00010987023853062328 residual=0.00047799338476821828 checked=true stop=running
step=661 time=0.072624205189861485 dt=0.00010987023858895982 residual=0.000477447688574069 checked=false stop=running
step=662 time=0.072734075428508696 dt=0.00010987023864721567 residual=0.00047690341492299379 checked=false stop=running
step=663 time=0.072843945667214083 dt=0.00010987023870539141 residual=0.00047636054617021707 checked=false stop=running
step=664 time=0.072953815905977576 dt=0.00010987023876348755 residual=0.00047581906438581628 checked=false stop=running
step=665 time=0.073063686144799078 dt=0.00010987023882150465 residual=0.00047527895170966348 checked=false stop=running
step=666 time=0.07317355638367852 dt=0.00010987023887944327 residual=0.00047474019072671087 checked=false stop=running
step=667 time=0.073283426622615819 dt=0.00010987023893730388 residual=0.00047420276343594517 checked=false stop=running
step=668 time=0.073393296861610904 dt=0.00010987023899508702 residual=0.00047366665228871515 checked=false stop=running
step=669 time=0.073503167100663694 dt=0.0001098702390527932 residual=0.00047313183968604824 checked=false stop=running
step=670 time=0.073613037339774118 dt=0.00010987023911042293 residual=0.00047259830778704505 checked=false stop=running
step=671 time=0.073722907578942093 dt=0.00010987023916797669 residual=0.00047206603940422385 checked=false stop=running
step=672 time=0.07383277781816755 dt=0.00010987023922545503 residual=0.00047153501678084774 checked=false stop=running
step=673 time=0.073942648057450405 dt=0.00010987023928285836 residual=0.00047100522241069303 checked=false stop=running
step=674 time=0.07405251829679059 dt=0.00010987023934018723 residual=0.00047047663920950591 checked=false stop=running
step=675 time=0.074162388536188034 dt=0.00010987023939744206 residual=0.00046994924956885874 checked=false stop=running
step=676 time=0.074272258775642655 dt=0.0001098702394546234 residual=0.00046942303618222145 checked=false stop=running
step=677 time=0.074382129015154383 dt=0.00010987023951173156 residual=0.00046889798225504387 checked=false stop=running
step=678 time=0.074491999254723149 dt=0.00010987023956876717 residual=0.00046837407013686346 checked=false stop=running
step=679 time=0.074601869494348882 dt=0.0001098702396257306 residual=0.00046785128296118425 checked=false stop=running
step=680 time=0.074711739734031501 dt=0.00010987023968262226 residual=0.00046732960368608425 checked=true stop=running
step=681 time=0.07482160997377095 dt=0.00010987023973944266 residual=0.0004668090154380779 checked=false stop=running
step=682 time=0.074931480213567145 dt=0.00010987023979619217 residual=0.0004662895013358153 checked=false stop=running
step=683 time=0.075041350453420017 dt=0.00010987023985287125 residual=0.00046577104456602884 checked=false stop=running
step=684 time=0.075151220693329496 dt=0.00010987023990948029 residual=0.00046525362846826636 checked=false stop=running
step=685 time=0.075261090933295513 dt=0.00010987023996601977 residual=0.00046473723645902999 checked=false stop=running
step=686 time=0.075370961173317999 dt=0.00010987024002248999 residual=0.0004642218521274719 checked=false stop=running
step=687 time=0.075480831413396884 dt=0.00010987024007889145 residual=0.00046370745876690364 checked=false stop=running
step=688 time=0.075590701653532114 dt=0.00010987024013522452 residual=0.00046319404047901613 checked=false stop=running
step=689 time=0.075700571893723603 dt=0.00010987024019148953 residual=0.00046268158078862558 checked=false stop=running
step=690 time=0.075810442133971284 dt=0.00010987024024768693 residual=0.00046217006361242883 checked=false stop=running
step=691 time=0.075920312374275101 dt=0.0001098702403038171 residual=0.00046165947295898893 checked=false stop=running
step=692 time=0.076030182614634984 dt=0.00010987024035988035 residual=0.00046114979299404413 checked=false stop=running
step=693 time=0.076140052855050863 dt=0.00010987024041587712 residual=0.00046064100786410739 checked=false stop=running
step=694 time=0.07624992309552267 dt=0.0001098702404718077 residual=0.00046013310200260715 checked=false stop=running
step=695 time=0.076359793336050349 dt=0.00010987024052767246 residual=0.00045962605963170873 checked=false stop=running
step=696 time=0.076469663576633817 dt=0.00010987024058347179 residual=0.00045911986577105914 checked=false stop=running
step=697 time=0.076579533817273018 dt=0.00010987024063920599 residual=0.00045861450462908649 checked=false stop=running
step=698 time=0.076689404057967897 dt=0.00010987024069487542 residual=0.00045810996135284499 checked=false stop=running
step=699 time=0.076799274298718384 dt=0.00010987024075048039 residual=0.00045760622070008483 checked=false stop=running
step=700 time=0.07690914453952441 dt=0.00010987024080602123 residual=0.00045710326771086014 checked=true stop=running
step=701 time=0.077019014780385905 dt=0.00010987024086149827 residual=0.00045660108772936755 checked=false stop=running
step=702 time=0.077128885021302815 dt=0.0001098702409169118 residual=0.00045609966620469326 checked=false stop=running
step=703 time=0.077238755262275083 dt=0.00010987024097226214 residual=0.00045559898840692557 checked=false stop=running
step=704 time=0.077348625503302626 dt=0.00010987024102754961 residual=0.00045509904009041822 checked=false stop=running
step=705 time=0.077458495744385403 dt=0.00010987024108277443 residual=0.00045459980719556747 checked=false stop=running
step=706 time=0.077568365985523344 dt=0.00010987024113793701 residual=0.00045410127534309185 checked=false stop=running
step=707 time=0.07767823622671638 dt=0.00010987024119303755 residual=0.00045360343072893729 checked=false stop=running
step=708 time=0.077788106467964455 dt=0.00010987024124807633 residual=0.00045310625971011165 checked=false stop=running
step=709 time=0.077897976709267513 dt=0.00010987024130305369 residual=0.00045260974830847392 checked=false stop=running
step=710 time=0.078007846950625487 dt=0.00010987024135796981 residual=0.0004521138834766874 checked=false stop=running
step=711 time=0.078117717192038305 dt=0.000109870241412825 residual=0.00045161865170064526 checked=false stop=running
step=712 time=0.078227587433505927 dt=0.00010987024146761954 residual=0.00045112403989584944 checked=false stop=running
step=713 time=0.078337457675028282 dt=0.00010987024152235361 residual=0.00045063003492125446 checked=false stop=running
step=714 time=0.078447327916605317 dt=0.00010987024157702751 residual=0.00045013662433824605 checked=false stop=running
step=715 time=0.07855719815823696 dt=0.00010987024163164147 residual=0.00044964379532146901 checked=false stop=running
step=716 time=0.078667068399923157 dt=0.00010987024168619573 residual=0.00044915153506388324 checked=false stop=running
step=717 time=0.078776938641663852 dt=0.00010987024174069054 residual=0.00044865983181148153 checked=false stop=running
step=718 time=0.078886808883458975 dt=0.00010987024179512605 residual=0.00044816867313087844 checked=false stop=running
step=719 time=0.078996679125308472 dt=0.00010987024184950253 residual=0.00044767804712034996 checked=false stop=running
step=720 time=0.079106549367212287 dt=0.00010987024190382026 residual=0.00044718794191160686 checked=true stop=running
step=721 time=0.079216419609170363 dt=0.00010987024195807934 residual=0.00044669834599984952 checked=false stop=running
step=722 time=0.079326289851182646 dt=0.00010987024201228002 residual=0.00044620924815858692 checked=false stop=running
step=723 time=0.079436160093249067 dt=0.00010987024206642245 residual=0.00044572063693222802 checked=false stop=running
step=724 time=0.079546030335369569 dt=0.00010987024212050693 residual=0.00044523250137738459 checked=false stop=running
step=725 time=0.079655900577544098 dt=0.00010987024217453358 residual=0.00044474483059340136 checked=false stop=running
step=726 time=0.079765770819772597 dt=0.00010987024222850261 residual=0.00044425761403248831 checked=false stop=running
step=727 time=0.079875641062055011 dt=0.00010987024228241416 residual=0.00044377084100087291 checked=false stop=running
step=728 time=0.079985511304391285 dt=0.00010987024233626839 residual=0.00044328450148603088 checked=false stop=running
step=729 time=0.08009538154678135 dt=0.00010987024239006554 residual=0.00044279858522018329 checked=false stop=running
step=730 time=0.080205251789225149 dt=0.00010987024244380576 residual=0.00044231308240074585 checked=false stop=running
step=731 time=0.080315122031722641 dt=0.00010987024249748919 residual=0.00044182798330732396 checked=false stop=running
step=732 time=0.080424992274273757 dt=0.00010987024255111597 residual=0.00044134327854094836 checked=false stop=running
step=733 time=0.080534862516878442 dt=0.00010987024260468626 residual=0.00044085895864638615 checked=false stop=running
step=734 time=0.080644732759536639 dt=0.0001098702426582002 residual=0.00044037501459933683 checked=false stop=running
step=735 time=0.080754603002248293 dt=0.00010987024271165797 residual=0.00043989143766338609 checked=false stop=running
step=736 time=0.080864473245013349 dt=0.00010987024276505967 residual=0.00043940821896062303 checked=false stop=running
step=737 time=0.080974343487831751 dt=0.00010987024281840544 residual=0.0004389253499916915 checked=false stop=running
step=738 time=0.081084213730703444 dt=0.00010987024287169543 residual=0.00043844282281109675 checked=false stop=running
step=739 time=0.081194083973628373 dt=0.00010987024292492975 residual=0.00043796062901698524 checked=false stop=running
step=740 time=0.08130395421660648 dt=0.0001098702429781085 residual=0.00043747876102279457 checked=true stop=running
step=741 time=0.081413824459637713 dt=0.00010987024303123178 residual=0.00043699721086830199 checked=false stop=running
step=742 time=0.081523694702722013 dt=0.00010987024308429975 residual=0.00043651597139828408 checked=false stop=running
step=743 time=0.081633564945859327 dt=0.00010987024313731251 residual=0.0004360350352340663 checked=false stop=running
step=744 time=0.081743435189049599 dt=0.00010987024319027012 residual=0.00043555439538166203 checked=false stop=running
step=745 time=0.081853305432292772 dt=0.00010987024324317268 residual=0.0004350740452399816 checked=false stop=running
step=746 time=0.081963175675588792 dt=0.00010987024329602035 residual=0.00043459397817456001 checked=false stop=running
step=747 time=0.082073045918937604 dt=0.00010987024334881316 residual=0.00043411418765280615 checked=false stop=running
step=748 time=0.082182916162339151 dt=0.00010987024340155117 residual=0.00043363466751184893 checked=false stop=running
step=749 time=0.082292786405793392 dt=0.00010987024345423452 residual=0.00043315541206310365 checked=false stop=running
step=750 time=0.082402656649300257 dt=0.00010987024350686326 residual=0.0004326764154189133 checked=false stop=running
step=751 time=0.082512526892859692 dt=0.00010987024355943745 residual=0.00043219767207893222 checked=false stop=running
step=752 time=0.082622397136471654 dt=0.00010987024361195722 residual=0.00043171917696514458 checked=false stop=running
step=753 time=0.082732267380136074 dt=0.00010987024366442253 residual=0.00043124092478338642 checked=false stop=running
step=754 time=0.08284213762385291 dt=0.00010987024371683353 residual=0.00043076291074544272 checked=false stop=running
step=755 time=0.082952007867622093 dt=0.00010987024376919023 residual=0.00043028513021819168 checked=false stop=running
step=756 time=0.083061878111443582 dt=0.00010987024382149272 residual=0.00042980757913958171 checked=false stop=running
step=757 time=0.083171748355317321 dt=0.000109870243873741 residual=0.00042933025284571633 checked=false stop=running
step=758 time=0.083281618599243254 dt=0.00010987024392593512 residual=0.00042885314762234901 checked=false stop=running
step=759 time=0.083391488843221326 dt=0.00010987024397807517 residual=0.00042837625970425447 checked=false stop=running
step=760 time=0.083501359087251481 dt=0.00010987024403016117 residual=0.00042789958568538276 checked=true stop=running
step=761 time=0.083611229331333678 dt=0.0001098702440821931 residual=0.00042742312178744771 checked=false stop=running
step=762 time=0.083721099575467847 dt=0.00010987024413417107 residual=0.00042694686560306859 checked=false stop=running
step=763 time=0.083830969819653947 dt=0.00010987024418609505 residual=0.00042647081396559564 checked=false stop=running
step=764 time=0.083940840063891908 dt=0.00010987024423796509 residual=0.00042599496403155577 checked=false stop=running
step=765 time=0.084050710308181689 dt=0.0001098702442897812 residual=0.00042551931385060855 checked=false stop=running
step=766 time=0.084160580552523234 dt=0.00010987024434154341 residual=0.00042504386069818346 checked=false stop=running
step=767 time=0.084270450796916488 dt=0.00010987024439325171 residual=0.0004245686030492774 checked=false stop=running
step=768 time=0.084380321041361395 dt=0.00010987024444490609 residual=0.00042409353911468584 checked=false stop=running
step=769 time=0.084490191285857899 dt=0.00010987024449650666 residual=0.00042361866702349591 checked=false stop=running
step=770 time=0.084600061530405946 dt=0.00010987024454805331 residual=0.00042314398574476046 checked=false stop=running
step=771 time=0.084709931775005493 dt=0.00010987024459954607 residual=0.00042266949415038823 checked=false stop=running
step=772 time=0.084819802019656471 dt=0.00010987024465098497 residual=0.00042219519126401715 checked=false stop=running
step=773 time=0.084929672264358838 dt=0.00010987024470236996 residual=0.00042172107642455978 checked=false stop=running
step=774 time=0.08503954250911254 dt=0.00010987024475370103 residual=0.00042124714935445223 checked=false stop=running
step=775 time=0.085149412753917519 dt=0.00010987024480497821 residual=0.00042077340979309176 checked=false stop=running
step=776 time=0.085259282998773722 dt=0.00010987024485620144 residual=0.00042029985743082942 checked=false stop=running
step=777 time=0.085369153243681092 dt=0.00010987024490737074 residual=0.00041982649297525815 checked=false stop=running
step=778 time=0.085479023488639574 dt=0.00010987024495848606 residual=0.00041935331659666622 checked=false stop=running
step=779 time=0.085588893733649127 dt=0.00010987024500954738 residual=0.00041888032886423841 checked=false stop=running
step=780 time=0.08569876397870968 dt=0.00010987024506055468 residual=0.00041840753048641113 checked=true stop=running
step=781 time=0.085808634223821192 dt=0.0001098702451115079 residual=0.0004179349229659745 checked=false stop=running
step=782 time=0.085918504468983595 dt=0.00010987024516240705 residual=0.00041746250724636292 checked=false stop=running
step=783 time=0.086028374714196845 dt=0.00010987024521325205 residual=0.00041699028502843873 checked=false stop=running
step=784 time=0.086138244959460888 dt=0.00010987024526404288 residual=0.00041651825794197637 checked=false stop=running
step=785 time=0.086248115204775669 dt=0.00010987024531477949 residual=0.00041604642766993641 checked=false stop=running
step=786 time=0.086357985450141131 dt=0.00010987024536546184 residual=0.00041557479675333056 checked=false stop=running
step=787 time=0.086467855695557219 dt=0.00010987024541608989 residual=0.00041510336703203416 checked=false stop=running
step=788 time=0.086577725941023878 dt=0.00010987024546666359 residual=0.00041463214132971449 checked=false stop=running
step=789 time=0.086687596186541066 dt=0.00010987024551718287 residual=0.0004141611224345547 checked=false stop=running
step=790 time=0.086797466432108714 dt=0.00010987024556764763 residual=0.00041369031318820988 checked=false stop=running
step=791 time=0.086907336677726765 dt=0.00010987024561805788 residual=0.00041321971676672544 checked=false stop=running
step=792 time=0.087017206923395179 dt=0.00010987024566841358 residual=0.00041274933635426455 checked=false stop=running
step=793 time=0.087127077169113901 dt=0.0001098702457187146 residual=0.00041227917555837891 checked=false stop=running
step=794 time=0.087236947414882859 dt=0.00010987024576896088 residual=0.00041180923823474434 checked=false stop=running
step=795 time=0.087346817660702014 dt=0.00010987024581915236 residual=0.00041133952826929787 checked=false stop=running
step=796 time=0.087456687906571309 dt=0.000109870245869289 residual=0.00041087004976465759 checked=false stop=running
step=797 time=0.087566558152490676 dt=0.00010987024591937067 residual=0.00041040080710147138 checked=false stop=running
step=798 time=0.087676428398460071 dt=0.00010987024596939735 residual=0.00040993180467169 checked=false stop=running
step=799 time=0.087786298644479441 dt=0.00010987024601936889 residual=0.00040946304736565306 checked=false stop=running
step=800 time=0.087896168890548729 dt=0.00010987024606928527 residual=0.00040899453991089066 checked=true stop=running
step=801 time=0.08800603913666788 dt=0.00010987024611914636 residual=0.00040852628756069589 checked=false stop=running
step=802 time=0.088115909382836838 dt=0.00010987024616895212 residual=0.00040805829542501869 checked=false stop=running
step=803 time=0.088225779629055534 dt=0.00010987024621870245 residual=0.00040759056921912018 checked=false stop=running
step=804 time=0.088335649875323927 dt=0.00010987024626839727 residual=0.00040712311429520808 checked=false stop=running
step=805 time=0.08844552012164196 dt=0.00010987024631803642 residual=0.00040665593671475867 checked=false stop=running
step=806 time=0.088555390368009579 dt=0.00010987024636761986 residual=0.00040618904213567217 checked=false stop=running
step=807 time=0.088665260614426727 dt=0.0001098702464171475 residual=0.00040572243716846421 checked=false stop=running
step=808 time=0.08877513086089335 dt=0.0001098702464666192 residual=0.00040525612794597049 checked=false stop=running
step=809 time=0.088885001107409392 dt=0.00010987024651603487 residual=0.00040479012094038149 checked=false stop=running
step=810 time=0.088994871353974783 dt=0.00010987024656539442 residual=0.00040432442293534919 checked=false stop=running
step=811 time=0.089104741600589482 dt=0.00010987024661469774 residual=0.00040385904098388226 checked=false stop=running
step=812 time=0.089214611847253433 dt=0.0001098702466639447 residual=0.00040339398183133373 checked=false stop=running
step=813 time=0.089324482093966567 dt=0.00010987024671313522 residual=0.00040292925299693585 checked=false stop=running
step=814 time=0.089434352340728843 dt=0.00010987024676226915 residual=0.00040246486153116314 checked=false stop=running
step=815 time=0.08954422258754019 dt=0.00010987024681134642 residual=0.0004020008152109226 checked=false stop=running
step=816 time=0.089654092834400553 dt=0.0001098702468603669 residual=0.00040153712169115031 checked=false stop=running
step=817 time=0.089763963081309878 dt=0.00010987024690933041 residual=0.00040107378862175774 checked=false stop=running
step=818 time=0.089873833328268121 dt=0.00010987024695823692 residual=0.00040061082432284113 checked=false stop=running
step=819 time=0.089983703575275201 dt=0.00010987024700708623 residual=0.0004001482368244064 checked=false stop=running
step=820 time=0.090093573822331074 dt=0.00010987024705587828 residual=0.00039968603448918181 checked=true stop=running
step=821 time=0.090203444069435687 dt=0.00010987024710461294 residual=0.00039922422566395638 checked=false stop=running
step=822 time=0.090313314316588983 dt=0.00010987024715329001 residual=0.00039876281908656831 checked=false stop=running
step=823 time=0.090423184563790893 dt=0.00010987024720190943 residual=0.00039830182345954859 checked=false stop=running
step=824 time=0.090533054811041361 dt=0.00010987024725047102 residual=0.00039784124776340491 checked=false stop=running
step=825 time=0.090642925058340332 dt=0.00010987024729897468 residual=0.00039738110095151075 checked=false stop=running
step=826 time=0.09075279530568775 dt=0.00010987024734742026 residual=0.0003969213922389406 checked=false stop=running
step=827 time=0.09086266555308356 dt=0.00010987024739580762 residual=0.00039646213083615255 checked=false stop=running
step=828 time=0.090972535800527693 dt=0.00010987024744413664 residual=0.00039600332648137126 checked=false stop=running
step=829 time=0.091082406048020106 dt=0.00010987024749240713 residual=0.00039554498858666501 checked=false stop=running
step=830 time=0.091192276295560731 dt=0.000109870247540619 residual=0.00039508712675727218 checked=false stop=running
step=831 time=0.091302146543149498 dt=0.00010987024758877209 residual=0.00039462975109919219 checked=false stop=running
step=832 time=0.091412016790786366 dt=0.00010987024763686622 residual=0.00039417287132126376 checked=false stop=running
step=833 time=0.091521887038471264 dt=0.00010987024768490128 residual=0.00039371649769415841 checked=false stop=running
step=834 time=0.091631757286204138 dt=0.00010987024773287706 residual=0.00039326064027830665 checked=false stop=running
step=835 time=0.091741627533984932 dt=0.00010987024778079353 residual=0.00039280530952886432 checked=false stop=running
step=836 time=0.091851497781813576 dt=0.00010987024782865039 residual=0.00039235051580468577 checked=false stop=running
step=837 time=0.09196136802969003 dt=0.00010987024787644757 residual=0.00039189626958297056 checked=false stop=running
step=838 time=0.092071238277614209 dt=0.00010987024792418489 residual=0.00039144258158175908 checked=false stop=running
step=839 time=0.092181108525586072 dt=0.0001098702479718622 residual=0.00039098946277157958 checked=false stop=running
step=840 time=0.09229097877360555 dt=0.00010987024801947933 residual=0.00039053692351409731 checked=true stop=running
step=841 time=0.092400849021672588 dt=0.00010987024806703613 residual=0.00039008497524034509 checked=false stop=running
step=842 time=0.092510719269787114 dt=0.00010987024811453238 residual=0.00038963362885844629 checked=false stop=running
step=843 time=0.092620589517949076 dt=0.00010987024816196803 residual=0.00038918289550729729 checked=false stop=running
step=844 time=0.092730459766158416 dt=0.00010987024820934281 residual=0.00038873278645172978 checked=false stop=running
step=845 time=0.092840330014415079 dt=0.00010987024825665654 residual=0.00038828331305459495 checked=false stop=running
step=846 time=0.092950200262718982 dt=0.00010987024830390915 residual=0.0003878344868149462 checked=false stop=running
step=847 time=0.093060070511070084 dt=0.00010987024835110039 residual=0.00038738631916712847 checked=false stop=running
step=848 time=0.093169940759468314 dt=0.0001098702483982301 residual=0.00038693882148907368 checked=false stop=running
step=849 time=0.093279811007913618 dt=0.00010987024844529812 residual=0.00038649200594886369 checked=false stop=running
step=850 time=0.093389681256405926 dt=0.00010987024849230427 residual=0.00038604588381670711 checked=false stop=running
step=851 time=0.093499551504945169 dt=0.00010987024853924834 residual=0.00038560046718604164 checked=false stop=running
step=852 time=0.093609421753531305 dt=0.00010987024858613019 residual=0.00038515576787285588 checked=false stop=running
step=853 time=0.093719292002164251 dt=0.00010987024863294961 residual=0.00038471179805382429 checked=false stop=running
step=854 time=0.09382916225084395 dt=0.00010987024867970643 residual=0.00038426856933480787 checked=false stop=running
step=855 time=0.093939032499570349 dt=0.00010987024872640045 residual=0.00038382609425289128 checked=false stop=running
step=856 time=0.094048902748343377 dt=0.00010987024877303153 residual=0.00038338438482612557 checked=false stop=running
step=857 time=0.094158772997162979 dt=0.00010987024881959942 residual=0.00038294345306334163 checked=false stop=running
step=858 time=0.094268643246029085 dt=0.00010987024886610393 residual=0.00038250331136143107 checked=false stop=running
step=859 time=0.094378513494941627 dt=0.00010987024891254497 residual=0.00038206397216887787 checked=false stop=running
step=860 time=0.094488383743900548 dt=0.00010987024895892223 residual=0.00038162544788507231 checked=true stop=running
step=861 time=0.094598253992905779 dt=0.00010987024900523554 residual=0.00038118775057797971 checked=false stop=running
step=862 time=0.094708124241957264 dt=0.00010987024905148477 residual=0.0003807508930432972 checked=false stop=running
step=863 time=0.094817994491054935 dt=0.00010987024909766963 residual=0.00038031488752013023 checked=false stop=running
step=864 time=0.094927864740198722 dt=0.00010987024914378998 residual=0.00037987974688918994 checked=false stop=running
step=865 time=0.09503773498938857 dt=0.00010987024918984557 residual=0.00037944548335069401 checked=false stop=running
step=866 time=0.095147605238624408 dt=0.00010987024923583629 residual=0.00037901210968443858 checked=false stop=running
step=867 time=0.095257475487906168 dt=0.00010987024928176184 residual=0.00037857963862755826 checked=false stop=running
step=868 time=0.095367345737233794 dt=0.00010987024932762203 residual=0.00037814808258655421 checked=false stop=running
step=869 time=0.095477215986607217 dt=0.00010987024937341674 residual=0.00037771745463350957 checked=false stop=running
step=870 time=0.095587086236026367 dt=0.00010987024941914565 residual=0.00037728776699384921 checked=false stop=running
step=871 time=0.095696956485491175 dt=0.0001098702494648086 residual=0.00037685903266554595 checked=false stop=running
step=872 time=0.095806826735001585 dt=0.00010987024951040537 residual=0.00037643126429957299 checked=false stop=running
step=873 time=0.095916696984557515 dt=0.00010987024955593577 residual=0.00037600447466477037 checked=false stop=running
step=874 time=0.096026567234158908 dt=0.00010987024960139956 residual=0.00037557867661496442 checked=false stop=running
step=875 time=0.096136437483805709 dt=0.00010987024964679654 residual=0.00037515388279466097 checked=false stop=running
step=876 time=0.096246307733497835 dt=0.00010987024969212649 residual=0.00037473010582861956 checked=false stop=running
step=877 time=0.096356177983235231 dt=0.00010987024973738914 residual=0.00037430735876687113 checked=false stop=running
step=878 time=0.096466048233017812 dt=0.00010987024978258436 residual=0.00037388565418958007 checked=false stop=running
step=879 time=0.096575918482845524 dt=0.00010987024982771185 residual=0.00037346500507836857 checked=false stop=running
step=880 time=0.096685788732718297 dt=0.00010987024987277143 residual=0.00037304542392592482 checked=true stop=running
step=881 time=0.096795658982636062 dt=0.00010987024991776287 residual=0.00037262692355169577 checked=false stop=running
step=882 time=0.09690552923259875 dt=0.00010987024996268594 residual=0.00037220951658838218 checked=false stop=running
step=883 time=0.09701539948260629 dt=0.00010987025000754036 residual=0.00037179321592969983 checked=false stop=running
step=884 time=0.097125269732658615 dt=0.000109870250052326 residual=0.00037137803422467876 checked=false stop=running
step=885 time=0.097235139982755653 dt=0.00010987025009704254 residual=0.00037096398412098005 checked=false stop=running
step=886 time=0.097345010232897336 dt=0.00010987025014168978 residual=0.00037055107812672601 checked=false stop=running
step=887 time=0.097454880483083609 dt=0.0001098702501862675 residual=0.0003701393290946515 checked=false stop=running
step=888 time=0.097564750733314387 dt=0.00010987025023077545 residual=0.00036972874945123381 checked=false stop=running
step=889 time=0.097674620983589602 dt=0.00010987025027521336 residual=0.00036931935166155427 checked=false stop=running
step=890 time=0.097784491233909185 dt=0.00010987025031958104 residual=0.00036891114845850691 checked=false stop=running
step=891 time=0.097894361484273065 dt=0.00010987025036387821 residual=0.00036850415208788511 checked=false stop=running
step=892 time=0.098004231734681174 dt=0.00010987025040810463 residual=0.00036809837521940006 checked=false stop=running
step=893 time=0.098114101985133428 dt=0.00010987025045226009 residual=0.00036769383002276373 checked=false stop=running
step=894 time=0.098223972235629772 dt=0.00010987025049634436 residual=0.00036729052916677853 checked=false stop=running
step=895 time=0.098333842486170123 dt=0.00010987025054035709 residual=0.00036688848463189782 checked=false stop=running
step=896 time=0.098443712736754424 dt=0.00010987025058429813 residual=0.00036648770866247715 checked=false stop=running
step=897 time=0.098553582987382593 dt=0.00010987025062816719 residual=0.00036608821347320746 checked=false stop=running
step=898 time=0.09866345323805456 dt=0.00010987025067196401 residual=0.00036569001148801497 checked=false stop=running
step=899 time=0.098773323488770243 dt=0.00010987025071568834 residual=0.00036529311444621698 checked=false stop=running
step=900 time=0.098883193739529585 dt=0.00010987025075933992 residual=0.00036489753451509363 checked=true stop=running
step=901 time=0.098993063990332503 dt=0.00010987025080291852 residual=0.00036450328352113969 checked=false stop=running
step=902 time=0.099102934241178928 dt=0.00010987025084642384 residual=0.00036411037343424062 checked=false stop=running
step=903 time=0.09921280449206879 dt=0.00010987025088985565 residual=0.00036371881601624662 checked=false stop=running
step=904 time=0.099322674743002007 dt=0.00010987025093321365 residual=0.00036332862296516405 checked=false stop=running
step=905 time=0.099432544993978508 dt=0.00010987025097649762 residual=0.00036293980598962807 checked=false stop=running
step=906 time=0.099542415244998211 dt=0.00010987025101970723 residual=0.00036255237669792809 checked=false stop=running
step=907 time=0.09965228549606106 dt=0.00010987025106284231 residual=0.00036216634654527834 checked=false stop=running
step=908 time=0.099762155747166958 dt=0.0001098702511059025 residual=0.00036178172688285408 checked=false stop=running
step=909 time=0.09987202599831585 dt=0.00010987025114888758 residual=0.00036139852912636265 checked=false stop=running
step=910 time=0.099981896249507651 dt=0.00010987025119179722 residual=0.00036101676443013001 checked=false stop=running
step=911 time=0.10009176650074228 dt=0.00010987025123463118 residual=0.00036063644407625787 checked=false stop=running
step=912 time=0.10020163675201967 dt=0.0001098702512773892 residual=0.00036025757903426824 checked=false stop=running
step=913 time=0.10031150700333974 dt=0.00010987025132007101 residual=0.0003598801801841343 checked=false stop=running
step=914 time=0.10042137725470242 dt=0.00010987025136267628 residual=0.00035950425855554798 checked=false stop=running
step=915 time=0.10053124750610762 dt=0.00010987025140520472 residual=0.0003591298246669798 checked=false stop=running
step=916 time=0.10064111775755527 dt=0.00010987025144765609 residual=0.00035875688970657502 checked=false stop=running
step=917 time=0.10075098800904531 dt=0.0001098702514900301 residual=0.00035838546360675088 checked=false stop=running
step=918 time=0.10086085826057763 dt=0.00010987025153232641 residual=0.00035801555724919112 checked=false stop=running
step=919 time=0.10097072851215218 dt=0.00010987025157454478 residual=0.00035764718071182718 checked=false stop=running
step=920 time=0.10108059876376886 dt=0.0001098702516166849 residual=0.00035728034453120974 checked=true stop=running
step=921 time=0.10119046901542761 dt=0.00010987025165874647 residual=0.00035691505836966177 checked=false stop=running
step=922 time=0.10130033926712834 dt=0.00010987025170072923 residual=0.00035655133265998461 checked=false stop=running
step=923 time=0.10141020951887098 dt=0.00010987025174263282 residual=0.00035618917714910184 checked=false stop=running
step=924 time=0.10152007977065543 dt=0.000109870251784457 residual=0.00035582860156247234 checked=false stop=running
step=925 time=0.10162995002248162 dt=0.00010987025182620144 residual=0.00035546961559801242 checked=false stop=running
step=926 time=0.1017398202743495 dt=0.00010987025186786583 residual=0.00035511222863500978 checked=false stop=running
step=927 time=0.10184969052625895 dt=0.00010987025190944986 residual=0.00035475645031452657 checked=false stop=running
step=928 time=0.1019595607782099 dt=0.00010987025195095324 residual=0.00035440228982571228 checked=false stop=running
step=929 time=0.10206943103020227 dt=0.00010987025199237566 residual=0.00035404975626051433 checked=false stop=running
step=930 time=0.10217930128223598 dt=0.00010987025203371678 residual=0.00035369885850503009 checked=false stop=running
step=931 time=0.10228917153431095 dt=0.00010987025207497633 residual=0.00035334960581889823 checked=false stop=running
step=932 time=0.10239904178642711 dt=0.00010987025211615393 residual=0.00035300200656471052 checked=false stop=running
step=933 time=0.10250891203858437 dt=0.00010987025215724934 residual=0.00035265606950110389 checked=false stop=running
step=934 time=0.10261878229078263 dt=0.00010987025219826214 residual=0.00035231180313938042 checked=false stop=running
step=935 time=0.10272865254302181 dt=0.0001098702522391921 residual=0.00035196921561873287 checked=false stop=running
step=936 time=0.10283852279530185 dt=0.00010987025228003889 residual=0.00035162831562774691 checked=false stop=running
step=937 time=0.10294839304762265 dt=0.00010987025232080214 residual=0.00035128911075873998 checked=false stop=running
step=938 time=0.10305826329998413 dt=0.00010987025236148153 residual=0.00035095160885346808 checked=false stop=running
step=939 time=0.10316813355238622 dt=0.00010987025240207673 residual=0.00035061581786766208 checked=false stop=running
step=940 time=0.10327800380482881 dt=0.00010987025244258741 residual=0.00035028174541040102 checked=true stop=running
step=941 time=0.10338787405731183 dt=0.00010987025248301323 residual=0.00034994939883306478 checked=false stop=running
step=942 time=0.10349774430983517 dt=0.00010987025252335386 residual=0.00034961878564481179 checked=false stop=running
step=943 time=0.10360761456239878 dt=0.00010987025256360897 residual=0.00034928991276498601 checked=false stop=running
step=944 time=0.10371748481500256 dt=0.00010987025260377822 residual=0.00034896278729782109 checked=false stop=running
step=945 time=0.10382735506764643 dt=0.00010987025264386125 residual=0.00034863741612240341 checked=false stop=running
step=946 time=0.10393722532033028 dt=0.0001098702526838577 residual=0.00034831380582813317 checked=false stop=running
step=947 time=0.10404709557305405 dt=0.00010987025272376725 residual=0.00034799196304554145 checked=false stop=running
step=948 time=0.10415696582581764 dt=0.00010987025276358956 residual=0.00034767189401444209 checked=false stop=running
step=949 time=0.10426683607862096 dt=0.00010987025280332423 residual=0.00034735360506086898 checked=false stop=running
step=950 time=0.10437670633146393 dt=0.00010987025284297094 residual=0.00034703710211384631 checked=false stop=running
step=951 time=0.10448657658434646 dt=0.00010987025288252932 residual=0.00034672239126688211 checked=false stop=running
step=952 time=0.10459644683726846 dt=0.00010987025292199902 residual=0.00034640947806540063 checked=false stop=running
step=953 time=0.10470631709022984 dt=0.00010987025296137967 residual=0.0003460983681195234 checked=false stop=running
step=954 time=0.10481618734323052 dt=0.0001098702530006709 residual=0.00034578906679010686 checked=false stop=running
step=955 time=0.1049260575962704 dt=0.00010987025303987237 residual=0.00034548157909137649 checked=false stop=running
step=956 time=0.10503592784934938 dt=0.00010987025307898366 residual=0.00034517591061004015 checked=false stop=running
step=957 time=0.10514579810246739 dt=0.00010987025311800449 residual=0.00034487206576448411 checked=false stop=running
step=958 time=0.10525566835562433 dt=0.00010987025315693436 residual=0.00034457004956124008 checked=false stop=running
step=959 time=0.1053655386088201 dt=0.00010987025319577297 residual=0.00034426986615093024 checked=false stop=running
step=960 time=0.10547540886205461 dt=0.00010987025323451992 residual=0.00034397152033422578 checked=true stop=running
step=961 time=0.10558527911532779 dt=0.00010987025327317488 residual=0.00034367501602707072 checked=false stop=running
step=962 time=0.10569514936863952 dt=0.00010987025331173742 residual=0.00034338035740712349 checked=false stop=running
step=963 time=0.10580501962198974 dt=0.00010987025335020712 residual=0.00034308754821138986 checked=false stop=running
step=964 time=0.10591488987537832 dt=0.00010987025338858365 residual=0.00034279659225969168 checked=false stop=running
step=965 time=0.10602476012880518 dt=0.0001098702534268666 residual=0.00034250749293340908 checked=false stop=running
step=966 time=0.10613463038227024 dt=0.0001098702534650556 residual=0.00034222025360205826 checked=false stop=running
step=967 time=0.10624450063577338 dt=0.00010987025350315024 residual=0.00034193487728731024 checked=false stop=running
step=968 time=0.10635437088931453 dt=0.00010987025354115009 residual=0.00034165136725974399 checked=false stop=running
step=969 time=0.10646424114289359 dt=0.00010987025357905481 residual=0.0003413697260441289 checked=false stop=running
step=970 time=0.10657411139651045 dt=0.00010987025361686394 residual=0.00034108995636070264 checked=false stop=running
step=971 time=0.10668398165016503 dt=0.0001098702536545771 residual=0.00034081206059754973 checked=false stop=running
step=972 time=0.10679385190385722 dt=0.00010987025369219387 residual=0.00034053604112915581 checked=false stop=running
step=973 time=0.10690372215758694 dt=0.00010987025372971385 residual=0.00034026189984808641 checked=false stop=running
step=974 time=0.10701359241135407 dt=0.00010987025376713662 residual=0.00033998963892710308 checked=false stop=running
step=975 time=0.10712346266515853 dt=0.00010987025380446179 residual=0.00033971925969114298 checked=false stop=running
step=976 time=0.10723333291900022 dt=0.0001098702538416889 residual=0.00033945076406927756 checked=false stop=running
step=977 time=0.10734320317287904 dt=0.00010987025387881754 residual=0.0003391841533534394 checked=false stop=running
step=978 time=0.10745307342679489 dt=0.00010987025391584734 residual=0.00033891942854967413 checked=false stop=running
step=979 time=0.10756294368074766 dt=0.00010987025395277781 residual=0.00033865659077236793 checked=false stop=running
step=980 time=0.10767281393473727 dt=0.00010987025398960854 residual=0.00033839564080291677 checked=true stop=running
step=981 time=0.10778268418876361 dt=0.0001098702540263391 residual=0.00033813657947850793 checked=false stop=running
step=982 time=0.10789255444282657 dt=0.00010987025406296907 residual=0.00033787940689235767 checked=false stop=running
step=983 time=0.10800242469692607 dt=0.00010987025409949802 residual=0.00033762412366510731 checked=false stop=running
step=984 time=0.10811229495106199 dt=0.00010987025413592547 residual=0.00033737072979704477 checked=false stop=running
step=985 time=0.10822216520523424 dt=0.00010987025417225099 residual=0.00033711922528524216 checked=false stop=running
step=986 time=0.10833203545944271 dt=0.00010987025420847415 residual=0.00033686960949262976 checked=false stop=running
step=987 time=0.10844190571368731 dt=0.00010987025424459454 residual=0.0003366218825675645 checked=false stop=running
step=988 time=0.10855177596796792 dt=0.00010987025428061165 residual=0.00033637604346236657 checked=false stop=running
step=989 time=0.10866164622228444 dt=0.00010987025431652504 residual=0.00033613209167923788 checked=false stop=running
step=990 time=0.10877151647663677 dt=0.00010987025435233428 residual=0.00033589002597726291 checked=false stop=running
step=991 time=0.10888138673102481 dt=0.00010987025438803889 residual=0.00033564984526890786 checked=false stop=running
step=992 time=0.10899125698544844 dt=0.0001098702544236384 residual=0.00033541154853978432 checked=false stop=running
step=993 time=0.10910112723990757 dt=0.00010987025445913238 residual=0.00033517513401199698 checked=false stop=running
step=994 time=0.10921099749440209 dt=0.00010987025449452036 residual=0.00033494059999881527 checked=false stop=running
step=995 time=0.10932086774893189 dt=0.00010987025452980187 residual=0.0003347079446483642 checked=false stop=running
step=996 time=0.10943073800349687 dt=0.0001098702545649764 residual=0.00033447716602911457 checked=false stop=running
step=997 time=0.10954060825809692 dt=0.00010987025460004354 residual=0.00033424826203075797 checked=false stop=running
step=998 time=0.10965047851273192 dt=0.00010987025463500274 residual=0.00033402123004291196 checked=false stop=running
step=999 time=0.10976034876740177 dt=0.00010987025466985357 residual=0.00033379606766404139 checked=false stop=running
step=1000 time=0.10987021902210636 dt=0.00010987025470459554 residual=0.0003335727722186075 checked=true stop=running
step=1001 time=0.10998008927684559 dt=0.00010987025473922817 residual=0.00033335134055326583 checked=false stop=running
step=1002 time=0.11008995953161935 dt=0.00010987025477375097 residual=0.00033313176982329909 checked=false stop=running
step=1003 time=0.11019982978642751 dt=0.00010987025480816342 residual=0.00033291405693870507 checked=false stop=running
step=1004 time=0.11030970004126997 dt=0.00010987025484246509 residual=0.00033269819820330992 checked=false stop=running
step=1005 time=0.11041957029614663 dt=0.00010987025487665542 residual=0.00033248419022138809 checked=false stop=running
step=1006 time=0.11052944055105736 dt=0.00010987025491073392 residual=0.0003322720291100342 checked=false stop=running
step=1007 time=0.11063931080600206 dt=0.00010987025494470015 residual=0.00033206171117061288 checked=false stop=running
step=1008 time=0.11074918106098061 dt=0.00010987025497855356 residual=0.00033185323213674739 checked=false stop=running
step=1009 time=0.1108590513159929 dt=0.00010987025501229362 residual=0.00033164658801304874 checked=false stop=running
step=1010 time=0.11096892157103881 dt=0.00010987025504591985 residual=0.00033144177411731124 checked=false stop=running
step=1011 time=0.11107879182611824 dt=0.00010987025507943176 residual=0.00033123878598007256 checked=false stop=running
step=1012 time=0.11118866208123107 dt=0.00010987025511282879 residual=0.00033103761902176354 checked=false stop=running
step=1013 time=0.11129853233637718 dt=0.00010987025514611043 residual=0.00033083826820971921 checked=false stop=running
step=1014 time=0.11140840259155646 dt=0.00010987025517927619 residual=0.00033064072866859193 checked=false stop=running
step=1015 time=0.11151827284676878 dt=0.00010987025521232553 residual=0.00033044499490454704 checked=false stop=running
step=1016 time=0.11162814310201404 dt=0.00010987025524525792 residual=0.00033025106179296147 checked=false stop=running
step=1017 time=0.11173801335729211 dt=0.00010987025527807283 residual=0.00033005892373527294 checked=false stop=running
step=1018 time=0.11184788361260288 dt=0.00010987025531076971 residual=0.00032986857519093967 checked=false stop=running
step=1019 time=0.11195775386794622 dt=0.00010987025534334805 residual=0.00032968001030987291 checked=false stop=running
step=1020 time=0.11206762412332202 dt=0.00010987025537580734 residual=0.00032949322298397426 checked=true stop=running
step=1021 time=0.11217749437873017 dt=0.00010987025540814699 residual=0.00032930820717445793 checked=false stop=running
step=1022 time=0.11228736463417054 dt=0.00010987025544036647 residual=0.00032912495661609415 checked=false stop=running
step=1023 time=0.112397234889643 dt=0.00010987025547246528 residual=0.00032894346495491989 checked=false stop=running
step=1024 time=0.11250710514514745 dt=0.00010987025550444275 residual=0.00032876372547012856 checked=false stop=running
step=1025 time=0.11261697540068374 dt=0.00010987025553629848 residual=0.00032858573160445334 checked=false stop=running
step=1026 time=0.11272684565625178 dt=0.00010987025556803182 residual=0.00032840947644095553 checked=false stop=running
step=1027 time=0.11283671591185142 dt=0.0001098702555996422 residual=0.00032823495311561188 checked=false stop=running
step=1028 time=0.11294658616748254 dt=0.00010987025563112913 residual=0.00032806215433893308 checked=false stop=running
step=1029 time=0.11305645642314503 dt=0.00010987025566249198 residual=0.00032789107283119195 checked=false stop=running
step=1030 time=0.11316632667883876 dt=0.00010987025569373026 residual=0.00032772170134292238 checked=false stop=running
step=1031 time=0.1132761969345636 dt=0.00010987025572484336 residual=0.0003275540321646656 checked=false stop=running
step=1032 time=0.11338606719031943 dt=0.00010987025575583072 residual=0.0003273880577625034 checked=false stop=running
step=1033 time=0.11349593744610613 dt=0.00010987025578669173 residual=0.0003272237702792343 checked=false stop=running
step=1034 time=0.11360580770192355 dt=0.00010987025581742583 residual=0.00032706116174395467 checked=false stop=running
step=1035 time=0.11371567795777159 dt=0.00010987025584803243 residual=0.00032690022410678568 checked=false stop=running
step=1036 time=0.1138255482136501 dt=0.00010987025587851101 residual=0.00032674094917037924 checked=false stop=running
step=1037 time=0.11393541846955896 dt=0.00010987025590886091 residual=0.00032658332853098662 checked=false stop=running
step=1038 time=0.11404528872549805 dt=0.00010987025593908159 residual=0.00032642735406874894 checked=false stop=running
step=1039 time=0.11415515898146722 dt=0.00010987025596917247 residual=0.00032627301681847388 checked=false stop=running
step=1040 time=0.11426502923746636 dt=0.00010987025599913291 residual=0.00032612030837413504 checked=true stop=running
step=1041 time=0.11437489949349532 dt=0.0001098702560289623 residual=0.00032596921972996828 checked=false stop=running
step=1042 time=0.11448476974955397 dt=0.00010987025605866012 residual=0.00032581974208804214 checked=false stop=running
step=1043 time=0.11459464000564221 dt=0.00010987025608822573 residual=0.00032567186642875506 checked=false stop=running
step=1044 time=0.11470451026175986 dt=0.0001098702561176585 residual=0.00032552558352883849 checked=false stop=running
step=1045 time=0.11481438051790682 dt=0.00010987025614695784 residual=0.00032538088409721558 checked=false stop=running
step=1046 time=0.11492425077408294 dt=0.00010987025617612314 residual=0.00032523775880440806 checked=false stop=running
step=1047 time=0.11503412103028805 dt=0.00010987025620511046 residual=0.00032509619832925821 checked=false stop=running
step=1048 time=0.11514399128652185 dt=0.00010987025623380256 residual=0.00032495619280798436 checked=false stop=running
step=1049 time=0.11525386154278421 dt=0.0001098702562623572 residual=0.00032481773279497767 checked=false stop=running
step=1050 time=0.11536373179907498 dt=0.00010987025629077375 residual=0.00032468080827694249 checked=false stop=running
step=1051 time=0.11547360205539403 dt=0.00010987025631905161 residual=0.00032454540955944916 checked=false stop=running
step=1052 time=0.11558347231174122 dt=0.00010987025634719011 residual=0.00032441152651107344 checked=false stop=running
step=1053 time=0.11569334256811641 dt=0.00010987025637518863 residual=0.00032427914918079436 checked=false stop=running
step=1054 time=0.11580321282451946 dt=0.00010987025640304656 residual=0.00032414826728749467 checked=false stop=running
step=1055 time=0.11591308308095022 dt=0.00010987025643076324 residual=0.00032401887069741383 checked=false stop=running
step=1056 time=0.11602295333740856 dt=0.000109870256458338 residual=0.00032389094884333834 checked=false stop=running
step=1057 time=0.11613282359389433 dt=0.00010987025648577026 residual=0.00032376449126722697 checked=false stop=running
step=1058 time=0.11624269385040739 dt=0.00010987025651305931 residual=0.00032363948763198988 checked=false stop=running
step=1059 time=0.1163525641069476 dt=0.00010987025654020452 residual=0.00032351592716394932 checked=false stop=running
step=1060 time=0.11646243436351481 dt=0.00010987025656720522 residual=0.00032339379914390123 checked=true stop=running
step=1061 time=0.11657230462010887 dt=0.00010987025659406081 residual=0.00032327309281896644 checked=false stop=running
step=1062 time=0.11668217487672963 dt=0.00010987025662077055 residual=0.00032315379733004602 checked=false stop=running
step=1063 time=0.11679204513337697 dt=0.00010987025664733385 residual=0.0003230359018859785 checked=false stop=running
step=1064 time=0.11690191539005072 dt=0.00010987025667375009 residual=0.00032291939499704664 checked=false stop=running
step=1065 time=0.11701178564675074 dt=0.00010987025670001848 residual=0.00032280426603349335 checked=false stop=running
step=1066 time=0.11712165590347688 dt=0.00010987025672613843 residual=0.00032269050362230715 checked=false stop=running
step=1067 time=0.11723152616022899 dt=0.00010987025675210927 residual=0.00032257809665784271 checked=false stop=running
step=1068 time=0.11734139641700692 dt=0.00010987025677793029 residual=0.00032246703356298768 checked=false stop=running
step=1069 time=0.11745126667381052 dt=0.00010987025680360085 residual=0.00032235730313899221 checked=false stop=running
step=1070 time=0.11756113693063965 dt=0.00010987025682912028 residual=0.00032224889386446522 checked=false stop=running
step=1071 time=0.11767100718749414 dt=0.00010987025685448788 residual=0.00032214179441337711 checked=false stop=running
step=1072 time=0.11778087744437384 dt=0.00010987025687970294 residual=0.00032203599321717699 checked=false stop=running
step=1073 time=0.11789074770127859 dt=0.00010987025690476481 residual=0.00032193147842419058 checked=false stop=running
step=1074 time=0.11800061795820826 dt=0.00010987025692967279 residual=0.0003218282384537849 checked=false stop=running
step=1075 time=0.11811048821516269 dt=0.00010987025695442623 residual=0.00032172626161226521 checked=false stop=running
step=1076 time=0.11822035847214171 dt=0.00010987025697902439 residual=0.00032162553606415777 checked=false stop=running
step=1077 time=0.11833022872914518 dt=0.00010987025700346659 residual=0.00032152605009598876 checked=false stop=running
step=1078 time=0.11844009898617294 dt=0.00010987025702775214 residual=0.00032142779177840846 checked=false stop=running
step=1079 time=0.11854996924322482 dt=0.00010987025705188037 residual=0.00032133074918130661 checked=false stop=running
step=1080 time=0.11865983950030067 dt=0.00010987025707585051 residual=0.0003212349101914657 checked=true stop=running
step=1081 time=0.11876970975740032 dt=0.0001098702570996619 residual=0.00032114026293850515 checked=false stop=running
step=1082 time=0.11887958001452364 dt=0.00010987025712331383 residual=0.0003210467953422554 checked=false stop=running
step=1083 time=0.11898945027167045 dt=0.0001098702571468056 residual=0.00032095449509737898 checked=false stop=running
step=1084 time=0.11909932052884058 dt=0.00010987025717013651 residual=0.0003208633505461416 checked=false stop=running
step=1085 time=0.11920919078603388 dt=0.00010987025719330581 residual=0.00032077334907476519 checked=false stop=running
step=1086 time=0.1193190610432502 dt=0.00010987025721631281 residual=0.00032068447861834272 checked=false stop=running
step=1087 time=0.11942893130048936 dt=0.00010987025723915682 residual=0.00032059672691087565 checked=false stop=running
step=1088 time=0.11953880155775119 dt=0.00010987025726183707 residual=0.00032051008172680109 checked=false stop=running
step=1089 time=0.11964867181503555 dt=0.00010987025728435286 residual=0.0003204245307858888 checked=false stop=running
step=1090 time=0.11975854207234225 dt=0.00010987025730670348 residual=0.00032034006176665664 checked=false stop=running
step=1091 time=0.11986841232967115 dt=0.00010987025732888818 residual=0.00032025666216897557 checked=false stop=running
step=1092 time=0.11997828258702205 dt=0.00010987025735090627 residual=0.00032017431984338122 checked=false stop=running
step=1093 time=0.12008815284439481 dt=0.00010987025737275699 residual=0.00032009302221491418 checked=false stop=running
step=1094 time=0.12019802310178924 dt=0.00010987025739443964 residual=0.00032001275706940207 checked=false stop=running
step=1095 time=0.12030789335920519 dt=0.00010987025741595345 residual=0.00031993351177785263 checked=false stop=running
step=1096 time=0.12041776361664248 dt=0.00010987025743729772 residual=0.00031985527396079949 checked=false stop=running
step=1097 time=0.12052763387410095 dt=0.00010987025745847173 residual=0.00031977803126081609 checked=false stop=running
step=1098 time=0.12063750413158043 dt=0.00010987025747947466 residual=0.00031970177106615085 checked=false stop=running
step=1099 time=0.12074737438908074 dt=0.00010987025750030583 residual=0.00031962648088345794 checked=false stop=running
step=1100 time=0.12085724464660171 dt=0.00010987025752096449 residual=0.00031955214837460082 checked=true stop=running
step=1101 time=0.12096711490414315 dt=0.00010987025754144995 residual=0.0003194787608745559 checked=false stop=running
step=1102 time=0.12107698516170491 dt=0.00010987025756176131 residual=0.00031940630591050239 checked=false stop=running
step=1103 time=0.12118685541928681 dt=0.00010987025758189799 residual=0.00031933477109752335 checked=false stop=running
step=1104 time=0.12129672567688866 dt=0.00010987025760185917 residual=0.00031926414382667777 checked=false stop=running
step=1105 time=0.12140659593451031 dt=0.00010987025762164411 residual=0.00031919441156092837 checked=false stop=running
step=1106 time=0.12151646619215156 dt=0.00010987025764125207 residual=0.00031912556181345369 checked=false stop=running
step=1107 time=0.12162633644981224 dt=0.00010987025766068226 residual=0.00031905758219824147 checked=false stop=running
step=1108 time=0.12173620670749218 dt=0.00010987025767993391 residual=0.00031899045993365958 checked=false stop=running
step=1109 time=0.12184607696519119 dt=0.00010987025769900634 residual=0.0003189241827836747 checked=false stop=running
step=1110 time=0.12195594722290909 dt=0.00010987025771789874 residual=0.00031885873809325832 checked=false stop=running
step=1111 time=0.1220658174806457 dt=0.00010987025773661034 residual=0.00031879411347291771 checked=false stop=running
step=1112 time=0.12217568773840083 dt=0.00010987025775514044 residual=0.00031873029646580387 checked=false stop=running
step=1113 time=0.12228555799617433 dt=0.0001098702577734882 residual=0.00031866727443215632 checked=false stop=running
step=1114 time=0.12239542825396597 dt=0.00010987025779165288 residual=0.00031860503501632894 checked=false stop=running
step=1115 time=0.12250529851177561 dt=0.00010987025780963375 residual=0.00031854356601744512 checked=false stop=running
step=1116 time=0.12261516876960303 dt=0.00010987025782743 residual=0.00031848285461471112 checked=false stop=running
step=1117 time=0.12272503902744807 dt=0.00010987025784504088 residual=0.00031842288871358261 checked=false stop=running
step=1118 time=0.12283490928531053 dt=0.00010987025786246558 residual=0.00031836365573388153 checked=false stop=running
step=1119 time=0.12294477954319023 dt=0.00010987025787970338 residual=0.00031830514345747096 checked=false stop=running
step=1120 time=0.12305464980108699 dt=0.00010987025789675349 residual=0.00031824733954106737 checked=true stop=running
step=1121 time=0.12316452005900061 dt=0.00010987025791361518 residual=0.00031819023149198188 checked=false stop=running
step=1122 time=0.1232743903169309 dt=0.00010987025793028759 residual=0.00031813380719854023 checked=false stop=running
step=1123 time=0.12338426057487767 dt=0.00010987025794677 residual=0.00031807805428186466 checked=false stop=running
step=1124 time=0.12349413083284073 dt=0.0001098702579630616 residual=0.00031802296061911859 checked=false stop=running
step=1125 time=0.1236040010908199 dt=0.00010987025797916165 residual=0.00031796851391986523 checked=false stop=running
step=1126 time=0.12371387134881497 dt=0.00010987025799506934 residual=0.00031791470193013417 checked=false stop=running
step=1127 time=0.12382374160682574 dt=0.0001098702580107839 residual=0.00031786151267405079 checked=false stop=running
step=1128 time=0.12393361186485205 dt=0.00010987025802630454 residual=0.00031780893390092615 checked=false stop=running
step=1129 time=0.12404348212289368 dt=0.00010987025804163047 residual=0.00031775695355199419 checked=false stop=running
step=1130 time=0.12415335238095043 dt=0.00010987025805676094 residual=0.00031770555964044477 checked=false stop=running
step=1131 time=0.12426322263902213 dt=0.00010987025807169513 residual=0.00031765474008531704 checked=false stop=running
step=1132 time=0.12437309289710857 dt=0.00010987025808643225 residual=0.0003176044828430529 checked=false stop=running
step=1133 time=0.12448296315520954 dt=0.00010987025810097155 residual=0.00031755477608410746 checked=false stop=running
step=1134 time=0.12459283341332486 dt=0.00010987025811531225 residual=0.00031750560794166298 checked=false stop=running
step=1135 time=0.12470270367145432 dt=0.0001098702581294535 residual=0.00031745696643336018 checked=false stop=running
step=1136 time=0.12481257392959771 dt=0.00010987025814339458 residual=0.00031740883979587665 checked=false stop=running
step=1137 time=0.12492244418775485 dt=0.00010987025815713463 residual=0.00031736121631925591 checked=false stop=running
step=1138 time=0.12503231444592552 dt=0.0001098702581706729 residual=0.00031731408411627332 checked=false stop=running
step=1139 time=0.12514218470410954 dt=0.00010987025818400857 residual=0.00031726743167920978 checked=false stop=running
step=1140 time=0.12525205496230668 dt=0.0001098702581971409 residual=0.00031722124718939695 checked=true stop=running
step=1141 time=0.12536192522051676 dt=0.00010987025821006907 residual=0.00031717551922384588 checked=false stop=running
step=1142 time=0.12547179547873955 dt=0.00010987025822279226 residual=0.0003171302360355868 checked=false stop=running
step=1143 time=0.12558166573697485 dt=0.00010987025823530973 residual=0.0003170853862580879 checked=false stop=running
step=1144 time=0.12569153599522248 dt=0.00010987025824762063 residual=0.00031704095845039608 checked=false stop=running
step=1145 time=0.12580140625348221 dt=0.00010987025825972424 residual=0.00031699694119412996 checked=false stop=running
step=1146 time=0.12591127651175382 dt=0.00010987025827161967 residual=0.00031695332321269741 checked=false stop=running
step=1147 time=0.12602114677003712 dt=0.00010987025828330619 residual=0.00031691009294229091 checked=false stop=running
step=1148 time=0.1261310170283319 dt=0.00010987025829478297 residual=0.00031686723942934384 checked=false stop=running
step=1149 time=0.12624088728663796 dt=0.00010987025830604926 residual=0.00031682475144383115 checked=false stop=running
step=1150 time=0.12635075754495506 dt=0.00010987025831710421 residual=0.0003167826177203737 checked=false stop=running
step=1151 time=0.12646062780328302 dt=0.00010987025832794706 residual=0.00031674082739214675 checked=false stop=running
step=1152 time=0.1265704980616216 dt=0.00010987025833857699 residual=0.00031669936924354615 checked=false stop=running
step=1153 time=0.12668036831997059 dt=0.00010987025834899322 residual=0.00031665823237434567 checked=false stop=running
step=1154 time=0.1267902385783298 dt=0.00010987025835919495 residual=0.00031661740581609703 checked=false stop=running
step=1155 time=0.12690010883669897 dt=0.00010987025836918137 residual=0.00031657687890348276 checked=false stop=running
step=1156 time=0.12700997909507791 dt=0.00010987025837895169 residual=0.00031653664066355565 checked=false stop=running
step=1157 time=0.12711984935346643 dt=0.00010987025838850512 residual=0.00031649668031542177 checked=false stop=running
step=1158 time=0.12722971961186427 dt=0.00010987025839784087 residual=0.00031645698752003049 checked=false stop=running
step=1159 time=0.12733958987027122 dt=0.00010987025840695809 residual=0.00031641755142372313 checked=false stop=running
step=1160 time=0.12744946012868708 dt=0.00010987025841585605 residual=0.00031637836158063292 checked=true stop=running
step=1161 time=0.12755933038711162 dt=0.00010987025842453391 residual=0.00031633940739235234 checked=false stop=running
step=1162 time=0.1276692006455446 dt=0.0001098702584329909 residual=0.00031630067861486801 checked=false stop=running
step=1163 time=0.12777907090398583 dt=0.00010987025844122624 residual=0.00031626216480167691 checked=false stop=running
step=1164 time=0.12788894116243507 dt=0.00010987025844923908 residual=0.00031622385566799276 checked=false stop=running
step=1165 time=0.12799881142089209 dt=0.00010987025845702864 residual=0.00031618574113758031 checked=false stop=running
step=1166 time=0.12810868167935668 dt=0.00010987025846459416 residual=0.00031614781074639978 checked=false stop=running
step=1167 time=0.12821855193782861 dt=0.00010987025847193483 residual=0.00031611005474874089 checked=false stop=running
step=1168 time=0.12832842219630766 dt=0.00010987025847904981 residual=0.00031607246299800715 checked=false stop=running
step=1169 time=0.1284382924547936 dt=0.0001098702584859384 residual=0.00031603502552186147 checked=false stop=running
step=1170 time=0.1285481627132862 dt=0.0001098702584925997 residual=0.0003159977324699445 checked=false stop=running
step=1171 time=0.12865803297178524 dt=0.00010987025849903296 residual=0.00031596057400381313 checked=false stop=running
step=1172 time=0.12876790323029047 dt=0.00010987025850523744 residual=0.00031592354037165743 checked=false stop=running
step=1173 time=0.12887777348880169 dt=0.0001098702585112123 residual=0.00031588662194425747 checked=false stop=running
step=1174 time=0.12898764374731866 dt=0.00010987025851695675 residual=0.00031584980918239485 checked=false stop=running
step=1175 time=0.12909751400584113 dt=0.00010987025852246997 residual=0.00031581309233400532 checked=false stop=running
step=1176 time=0.12920738426436887 dt=0.0001098702585277512 residual=0.00031577646221347635 checked=false stop=running
step=1177 time=0.12931725452290166 dt=0.00010987025853279962 residual=0.00031573990921499571 checked=false stop=running
step=1178 time=0.12942712478143928 dt=0.00010987025853761452 residual=0.00031570342410133285 checked=false stop=running
step=1179 time=0.12953699503998148 dt=0.00010987025854219506 residual=0.00031566699766479787 checked=false stop=running
step=1180 time=0.12964686529852801 dt=0.00010987025854654046 residual=0.00031563062039452803 checked=true stop=running
step=1181 time=0.12975673555707865 dt=0.00010987025855064996 residual=0.00031559428368461664 checked=false stop=running
step=1182 time=0.12986660581563317 dt=0.00010987025855452271 residual=0.00031555797822239052 checked=false stop=running
step=1183 time=0.12997647607419133 dt=0.00010987025855815796 residual=0.00031552169518313819 checked=false stop=running
step=1184 time=0.13008634633275287 dt=0.00010987025856155501 residual=0.00031548542560800322 checked=false stop=running
step=1185 time=0.13019621659131758 dt=0.00010987025856471294 residual=0.00031544916062626959 checked=false stop=running
step=1186 time=0.13030608684988521 dt=0.00010987025856763104 residual=0.00031541289167987002 checked=false stop=running
step=1187 time=0.13041595710845552 dt=0.00010987025857030856 residual=0.00031537660994807357 checked=false stop=running
step=1188 time=0.13052582736702828 dt=0.00010987025857274468 residual=0.00031534030711255999 checked=false stop=running
step=1189 time=0.13063569762560323 dt=0.00010987025857493862 residual=0.00031530397425174749 checked=false stop=running
step=1190 time=0.13074556788418012 dt=0.00010987025857688963 residual=0.00031526760335260588 checked=false stop=running
step=1191 time=0.13085543814275871 dt=0.00010987025857859689 residual=0.00031523118578407998 checked=false stop=running
step=1192 time=0.13096530840133877 dt=0.00010987025858005968 residual=0.00031519471341546942 checked=false stop=running
step=1193 time=0.13107517865992005 dt=0.00010987025858127724 residual=0.00031515817787171677 checked=false stop=running
step=1194 time=0.1311850489185023 dt=0.0001098702585822488 residual=0.00031512157111351208 checked=false stop=running
step=1195 time=0.13129491917708527 dt=0.00010987025858297352 residual=0.00031508488523756352 checked=false stop=running
step=1196 time=0.13140478943566872 dt=0.0001098702585834507 residual=0.0003150481118373656 checked=false stop=running
step=1197 time=0.13151465969425238 dt=0.00010987025858367959 residual=0.00031501124347682916 checked=false stop=running
step=1198 time=0.13162452995283605 dt=0.00010987025858365937 residual=0.00031497427215964387 checked=false stop=running
step=1199 time=0.13173440021141944 dt=0.00010987025858338932 residual=0.00031493718989735267 checked=false stop=running
step=1200 time=0.1318442704700023 dt=0.0001098702585828687 residual=0.00031489998932147218 checked=true stop=running
step=1201 time=0.13195414072858438 dt=0.00010987025858209671 residual=0.00031486266268829569 checked=false stop=running
step=1202 time=0.13206401098716547 dt=0.0001098702585810726 residual=0.0003148252025861877 checked=false stop=running
step=1203 time=0.13217388124574528 dt=0.00010987025857979565 residual=0.00031478760138542737 checked=false stop=running
step=1204 time=0.13228375150432353 dt=0.00010987025857826506 residual=0.00031474985183277648 checked=false stop=running
step=1205 time=0.13239362176290001 dt=0.00010987025857648012 residual=0.00031471194667969824 checked=false stop=running
step=1206 time=0.13250349202147446 dt=0.00010987025857444009 residual=0.00031467387864115578 checked=false stop=running
step=1207 time=0.13261336228004661 dt=0.0001098702585721442 residual=0.00031463564047162383 checked=false stop=running
step=1208 time=0.1327232325386162 dt=0.0001098702585695917 residual=0.00031459722504987599 checked=false stop=running
step=1209 time=0.13283310279718299 dt=0.00010987025856678191 residual=0.00031455862535854852 checked=false stop=running
step=1210 time=0.1329429730557467 dt=0.00010987025856371401 residual=0.00031451983473836863 checked=false stop=running
step=1211 time=0.13305284331430708 dt=0.00010987025856038732 residual=0.00031448084622091627 checked=false stop=running
step=1212 time=0.13316271357286388 dt=0.00010987025855680109 residual=0.00031444165308316203 checked=false stop=running
step=1213 time=0.13327258383141682 dt=0.00010987025855295463 residual=0.00031440224874270854 checked=false stop=running
step=1214 time=0.13338245408996569 dt=0.0001098702585488471 residual=0.00031436262631768494 checked=false stop=running
step=1215 time=0.13349232434851016 dt=0.00010987025854447788 residual=0.00031432277954343763 checked=false stop=running
step=1216 time=0.13360219460705 dt=0.00010987025853984621 residual=0.00031428270164750755 checked=false stop=running
step=1217 time=0.13371206486558496 dt=0.0001098702585349514 residual=0.00031424238668310047 checked=false stop=running
step=1218 time=0.13382193512411475 dt=0.00010987025852979271 residual=0.00031420182797435424 checked=false stop=running
step=1219 time=0.13393180538263913 dt=0.0001098702585243694 residual=0.00031416101929515161 checked=false stop=running
step=1220 time=0.13404167564115782 dt=0.00010987025851868082 residual=0.00031411995480289432 checked=true stop=running
step=1221 time=0.13415154589967054 dt=0.00010987025851272619 residual=0.00031407862809797361 checked=false stop=running
step=1222 time=0.13426141615817705 dt=0.00010987025850650483 residual=0.00031403703339000937 checked=false stop=running
step=1223 time=0.13437128641667706 dt=0.00010987025850001606 residual=0.00031399516444415026 checked=false stop=running
step=1224 time=0.13448115667517033 dt=0.00010987025849325912 residual=0.00031395301565755631 checked=false stop=running
step=1225 time=0.13459102693365657 dt=0.00010987025848623338 residual=0.00031391058111650163 checked=false stop=running
step=1226 time=0.13470089719213552 dt=0.00010987025847893814 residual=0.00031386785522913551 checked=false stop=running
step=1227 time=0.13481076745060688 dt=0.00010987025847137265 residual=0.00031382483215928986 checked=false stop=running
step=1228 time=0.13492063770907042 dt=0.00010987025846353622 residual=0.00031378150650475861 checked=false stop=running
step=1229 time=0.13503050796752586 dt=0.00010987025845542826 residual=0.00031373787257745194 checked=false stop=running
step=1230 time=0.13514037822597291 dt=0.00010987025844704799 residual=0.00031369392518815778 checked=false stop=running
step=1231 time=0.13525024848441131 dt=0.00010987025843839479 residual=0.00031364965886789562 checked=false stop=running
step=1232 time=0.13536011874284076 dt=0.00010987025842946796 residual=0.00031360506827357403 checked=false stop=running
step=1233 time=0.13546998900126103 dt=0.00010987025842026681 residual=0.00031356014822670207 checked=false stop=running
step=1234 time=0.13557985925967181 dt=0.00010987025841079071 residual=0.00031351489372182515 checked=false stop=running
step=1235 time=0.13568972951807284 dt=0.00010987025840103893 residual=0.00031346929955290172 checked=false stop=running
step=1236 time=0.13579959977646386 dt=0.00010987025839101088 residual=0.00031342336087130122 checked=false stop=running
step=1237 time=0.13590947003484458 dt=0.00010987025838070589 residual=0.00031337707245923874 checked=false stop=running
step=1238 time=0.13601934029321469 dt=0.00010987025837012326 residual=0.00031333042959225766 checked=false stop=running
step=1239 time=0.13612921055157395 dt=0.00010987025835926237 residual=0.00031328342733749729 checked=false stop=running
step=1240 time=0.13623908080992209 dt=0.0001098702583481226 residual=0.00031323606121694963 checked=true stop=running
step=1241 time=0.13634895106825878 dt=0.00010987025833670326 residual=0.00031318832663658702 checked=false stop=running
step=1242 time=0.1364588213265838 dt=0.00010987025832500367 residual=0.00031314021889538999 checked=false stop=running
step=1243 time=0.13656869158489682 dt=0.00010987025831302326 residual=0.0003130917334253724 checked=false stop=running
step=1244 time=0.13667856184319757 dt=0.00010987025830076141 residual=0.00031304286600933849 checked=false stop=running
step=1245 time=0.13678843210148578 dt=0.00010987025828821746 residual=0.00031299361210470391 checked=false stop=running
step=1246 time=0.13689830235976116 dt=0.00010987025827539078 residual=0.00031294396753429643 checked=false stop=running
step=1247 time=0.13700817261802345 dt=0.00010987025826228077 residual=0.00031289392805991143 checked=false stop=running
step=1248 time=0.13711804287627233 dt=0.00010987025824888677 residual=0.0003128434892714435 checked=false stop=running
step=1249 time=0.13722791313450752 dt=0.00010987025823520822 residual=0.00031279264740692939 checked=false stop=running
step=1250 time=0.13733778339272876 dt=0.00010987025822124443 residual=0.00031274139807620596 checked=false stop=running
step=1251 time=0.13744765365093575 dt=0.00010987025820699492 residual=0.00031268973772415054 checked=false stop=running
step=1252 time=0.1375575239091282 dt=0.00010987025819245895 residual=0.00031263766209567348 checked=false stop=running
step=1253 time=0.13766739416730583 dt=0.00010987025817763603 residual=0.0003125851674387046 checked=false stop=running
step=1254 time=0.13777726442546837 dt=0.00010987025816252551 residual=0.00031253225021477259 checked=false stop=running
step=1255 time=0.13788713468361549 dt=0.00010987025814712685 residual=0.00031247890643220538 checked=false stop=running
step=1256 time=0.13799700494174694 dt=0.00010987025813143939 residual=0.00031242513240788735 checked=false stop=running
step=1257 time=0.13810687519986239 dt=0.00010987025811546263 residual=0.00031237092484194827 checked=false stop=running
step=1258 time=0.13821674545796159 dt=0.00010987025809919592 residual=0.00031231627995361713 checked=false stop=running
step=1259 time=0.13832661571604424 dt=0.00010987025808263879 residual=0.00031226119445398979 checked=false stop=running
step=1260 time=0.13843648597411004 dt=0.00010987025806579058 residual=0.00031220566495013285 checked=true stop=running
step=1261 time=0.13854635623215869 dt=0.00010987025804865077 residual=0.0003121496878688095 checked=false stop=running
step=1262 time=0.13865622649018991 dt=0.00010987025803121878 residual=0.00031209326005122155 checked=false stop=running
step=1263 time=0.13876609674820339 dt=0.00010987025801349406 residual=0.00031203637844415245 checked=false stop=running
step=1264 time=0.13887596700619886 dt=0.00010987025799547611 residual=0.00031197903970144356 checked=false stop=running
step=1265 time=0.13898583726417602 dt=0.00010987025797716436 residual=0.00031192124064494163 checked=false stop=running
step=1266 time=0.13909570752213457 dt=0.00010987025795855823 residual=0.00031186297832667904 checked=false stop=running
step=1267 time=0.13920557778007422 dt=0.00010987025793965727 residual=0.00031180424985007064 checked=false stop=running
step=1268 time=0.1393154480379947 dt=0.00010987025792046084 residual=0.00031174505246814489 checked=false stop=running
step=1269 time=0.13942531829589566 dt=0.0001098702579009685 residual=0.0003116853830236244 checked=false stop=running
step=1270 time=0.13953518855377683 dt=0.00010987025788117971 residual=0.00031162523879502645 checked=false stop=running
step=1271 time=0.13964505881163794 dt=0.00010987025786109399 residual=0.00031156461716644161 checked=false stop=running
step=1272 time=0.13975492906947865 dt=0.00010987025784071077 residual=0.00031150351546706988 checked=false stop=running
step=1273 time=0.13986479932729867 dt=0.00010987025782002956 residual=0.00031144193063058597 checked=false stop=running
step=1274 time=0.13997466958509772 dt=0.00010987025779904989 residual=0.00031137986075401204 checked=false stop=running
step=1275 time=0.1400845398428755 dt=0.00010987025777777126 residual=0.00031131730284205593 checked=false stop=running
step=1276 time=0.14019441010063169 dt=0.00010987025775619316 residual=0.00031125425464134004 checked=false stop=running
step=1277 time=0.14030428035836601 dt=0.00010987025773431516 residual=0.00031119071360228282 checked=false stop=running
step=1278 time=0.14041415061607815 dt=0.0001098702577121367 residual=0.00031112667732317357 checked=false stop=running
step=1279 time=0.14052402087376781 dt=0.00010987025768965738 residual=0.00031106214373690625 checked=false stop=running
step=1280 time=0.14063389113143468 dt=0.00010987025766687669 residual=0.00031099711044241425 checked=true stop=running
step=1281 time=0.14074376138907849 dt=0.00010987025764379422 residual=0.00031093157506190719 checked=false stop=running
step=1282 time=0.1408536316466989 dt=0.00010987025762040941 residual=0.0003108655356512547 checked=false stop=running
step=1283 time=0.14096350190429563 dt=0.00010987025759672195 residual=0.00031079899026425372 checked=false stop=running
step=1284 time=0.14107337216186835 dt=0.00010987025757273128 residual=0.00031073193637223378 checked=false stop=running
step=1285 time=0.14118324241941679 dt=0.00010987025754843699 residual=0.00031066437237156587 checked=false stop=running
step=1286 time=0.14129311267694064 dt=0.00010987025752383874 residual=0.00031059629647316281 checked=false stop=running
step=1287 time=0.14140298293443956 dt=0.00010987025749893593 residual=0.00031052770623417152 checked=false stop=running
step=1288 time=0.14151285319191328 dt=0.00010987025747372825 residual=0.0003104586002207442 checked=false stop=running
step=1289 time=0.1416227234493615 dt=0.00010987025744821531 residual=0.00031038897674196052 checked=false stop=running
step=1290 time=0.1417325937067839 dt=0.00010987025742239661 residual=0.00031031883348939075 checked=false stop=running
step=1291 time=0.14184246396418018 dt=0.00010987025739627181 residual=0.00031024816925993468 checked=false stop=running
step=1292 time=0.14195233422155001 dt=0.00010987025736984046 residual=0.00031017698217245958 checked=false stop=running
step=1293 time=0.14206220447889312 dt=0.00010987025734310226 residual=0.00031010527065046046 checked=false stop=running
step=1294 time=0.14217207473620919 dt=0.0001098702573160567 residual=0.0003100330332894905 checked=false stop=running
step=1295 time=0.14228194499349789 dt=0.0001098702572887035 residual=0.00030996026836690592 checked=false stop=running
step=1296 time=0.14239181525075892 dt=0.00010987025726104218 residual=0.00030988697436842426 checked=false stop=running
step=1297 time=0.142501685507992 dt=0.00010987025723307247 residual=0.00030981315019682561 checked=false stop=running
step=1298 time=0.1426115557651968 dt=0.00010987025720479394 residual=0.00030973879403623612 checked=false stop=running
step=1299 time=0.142721426022373 dt=0.00010987025717620629 residual=0.00030966390488970863 checked=false stop=running
step=1300 time=0.14283129627952032 dt=0.00010987025714730912 residual=0.00030958848119658628 checked=true stop=running
step=1301 time=0.14294116653663841 dt=0.00010987025711810208 residual=0.00030951252178877187 checked=false stop=running
step=1302 time=0.14305103679372699 dt=0.00010987025708858492 residual=0.00030943602536634125 checked=false stop=running
step=1303 time=0.14316090705078574 dt=0.0001098702570587572 residual=0.00030935899094454005 checked=false stop=running
step=1304 time=0.14327077730781435 dt=0.00010987025702861862 residual=0.00030928141719946118 checked=false stop=running
step=1305 time=0.1433806475648125 dt=0.0001098702569981689 residual=0.00030920330315646345 checked=false stop=running
step=1306 time=0.14349051782177991 dt=0.00010987025696740767 residual=0.00030912464755182204 checked=false stop=running
step=1307 time=0.14360038807871625 dt=0.00010987025693633469 residual=0.00030904544986030871 checked=false stop=running
step=1308 time=0.1437102583356212 dt=0.00010987025690494959 residual=0.0003089657084413631 checked=false stop=running
step=1309 time=0.14382012859249446 dt=0.00010987025687325211 residual=0.00030888542268888596 checked=false stop=running
step=1310 time=0.14392999884933572 dt=0.00010987025684124198 residual=0.00030880459165676176 checked=false stop=running
step=1311 time=0.14403986910614464 dt=0.0001098702568089189 residual=0.00030872321454866215 checked=false stop=running
step=1312 time=0.14414973936292091 dt=0.00010987025677628259 residual=0.00030864129030408076 checked=false stop=running
step=1313 time=0.14425960961966425 dt=0.00010987025674333279 residual=0.0003085588184380799 checked=false stop=running
step=1314 time=0.14436947987637433 dt=0.00010987025671006922 residual=0.00030847579786282724 checked=false stop=running
step=1315 time=0.14447935013305083 dt=0.00010987025667649164 residual=0.00030839222797832681 checked=false stop=running
step=1316 time=0.14458922038969343 dt=0.00010987025664259981 residual=0.00030830810803910303 checked=false stop=running
step=1317 time=0.14469909064630182 dt=0.00010987025660839346 residual=0.00030822343766064676 checked=false stop=running
step=1318 time=0.14480896090287571 dt=0.00010987025657387238 residual=0.00030813821595909605 checked=false stop=running
step=1319 time=0.14491883115941473 dt=0.00010987025653903633 residual=0.000308052442375657 checked=false stop=running
step=1320 time=0.14502870141591861 dt=0.0001098702565038851 residual=0.00030796611635739373 checked=true stop=running
step=1321 time=0.14513857167238703 dt=0.00010987025646841845 residual=0.00030787923740572062 checked=false stop=running
step=1322 time=0.14524844192881967 dt=0.00010987025643263621 residual=0.00030779180484127384 checked=false stop=running
step=1323 time=0.14535831218521619 dt=0.00010987025639653817 residual=0.00030770381800747441 checked=false stop=running
step=1324 time=0.1454681824415763 dt=0.00010987025636012412 residual=0.00030761527718030699 checked=false stop=running
step=1325 time=0.1455780526978997 dt=0.00010987025632339388 residual=0.00030752618150253232 checked=false stop=running
step=1326 time=0.14568792295418603 dt=0.00010987025628634726 residual=0.00030743653078320907 checked=false stop=running
step=1327 time=0.14579779321043501 dt=0.00010987025624898408 residual=0.00030734632421234226 checked=false stop=running
step=1328 time=0.14590766346664633 dt=0.00010987025621130425 residual=0.0003072555621903007 checked=false stop=running
step=1329 time=0.14601753372281964 dt=0.00010987025617330749 residual=0.00030716424379650589 checked=false stop=running
step=1330 time=0.14612740397895463 dt=0.00010987025613499374 residual=0.00030707236905207615 checked=false stop=running
step=1331 time=0.14623727423505098 dt=0.00010987025609636284 residual=0.00030697993727321919 checked=false stop=running
step=1332 time=0.14634714449110839 dt=0.00010987025605741456 residual=0.00030688694889493493 checked=false stop=running
step=1333 time=0.14645701474712652 dt=0.00010987025601814893 residual=0.00030679340348964656 checked=false stop=running
step=1334 time=0.14656688500310508 dt=0.0001098702559785657 residual=0.00030669930063562486 checked=false stop=running
step=1335 time=0.14667675525904375 dt=0.00010987025593866482 residual=0.00030660464049169238 checked=false stop=running
step=1336 time=0.1467866255149422 dt=0.00010987025589844615 residual=0.00030650942284294583 checked=false stop=running
step=1337 time=0.14689649577080011 dt=0.00010987025585790962 residual=0.00030641364750806042 checked=false stop=running
step=1338 time=0.14700636602661715 dt=0.00010987025581705507 residual=0.0003063173145677383 checked=false stop=running
step=1339 time=0.14711623628239304 dt=0.00010987025577588248 residual=0.0003062204240216553 checked=false stop=running
step=1340 time=0.14722610653812743 dt=0.00010987025573439177 residual=0.00030612297555040769 checked=true stop=running
step=1341 time=0.14733597679382002 dt=0.00010987025569258285 residual=0.00030602496929430959 checked=false stop=running
step=1342 time=0.14744584704947047 dt=0.00010987025565045562 residual=0.00030592640546359411 checked=false stop=running
step=1343 time=0.14755571730507849 dt=0.00010987025560801006 residual=0.00030582728383418727 checked=false stop=running
step=1344 time=0.14766558756064374 dt=0.00010987025556524615 residual=0.00030572760474076191 checked=false stop=running
step=1345 time=0.14777545781616591 dt=0.00010987025552216377 residual=0.00030562736787389898 checked=false stop=running
step=1346 time=0.14788532807164467 dt=0.00010987025547876297 residual=0.00030552657370481312 checked=false stop=running
step=1347 time=0.14799519832707972 dt=0.00010987025543504368 residual=0.00030542522227123393 checked=false stop=running
step=1348 time=0.14810506858247072 dt=0.00010987025539100586 residual=0.00030532331347813378 checked=false stop=running
step=1349 time=0.14821493883781736 dt=0.00010987025534664952 residual=0.00030522084771540632 checked=false stop=running
step=1350 time=0.14832480909311935 dt=0.00010987025530197466 residual=0.00030511782514266094 checked=false stop=running
step=1351 time=0.14843467934837634 dt=0.00010987025525698127 residual=0.00030501424590498083 checked=false stop=running
step=1352 time=0.14854454960358801 dt=0.0001098702552116694 residual=0.00030491011018108759 checked=false stop=running
step=1353 time=0.14865441985875405 dt=0.00010987025516603902 residual=0.00030480541837001767 checked=false stop=running
step=1354 time=0.14876429011387415 dt=0.00010987025512009019 residual=0.00030470017025380095 checked=false stop=running
step=1355 time=0.14887416036894799 dt=0.00010987025507382292 residual=0.00030459436677351037 checked=false stop=running
step=1356 time=0.14898403062397522 dt=0.00010987025502723727 residual=0.00030448800763663129 checked=false stop=running
step=1357 time=0.14909390087895555 dt=0.00010987025498033329 residual=0.0003043810932535789 checked=false stop=running
step=1358 time=0.14920377113388866 dt=0.00010987025493311097 residual=0.00030427362405607145 checked=false stop=running
step=1359 time=0.14931364138877423 dt=0.00010987025488557048 residual=0.00030416560033305612 checked=false stop=running
step=1360 time=0.14942351164361195 dt=0.00010987025483771186 residual=0.0003040570223336506 checked=true stop=running
step=1361 time=0.14953338189840149 dt=0.00010987025478953515 residual=0.00030394789057159357 checked=false stop=running
step=1362 time=0.14964325215314253 dt=0.00010987025474104047 residual=0.00030383820517794258 checked=false stop=running
step=1363 time=0.14975312240783475 dt=0.00010987025469222792 residual=0.00030372796653606034 checked=false stop=running
step=1364 time=0.14986299266247785 dt=0.00010987025464309757 residual=0.00030361717537422833 checked=false stop=running
step=1365 time=0.14997286291707149 dt=0.00010987025459364959 residual=0.00030350583151419992 checked=false stop=running
step=1366 time=0.15008273317161538 dt=0.00010987025454388406 residual=0.00030339393617178804 checked=false stop=running
step=1367 time=0.15019260342610918 dt=0.00010987025449380112 residual=0.00030328148890106246 checked=false stop=running
step=1368 time=0.15030247368055258 dt=0.00010987025444340091 residual=0.00030316849032790071 checked=false stop=running
step=1369 time=0.15041234393494526 dt=0.00010987025439268353 residual=0.00030305494122935452 checked=false stop=running
step=1370 time=0.15052221418928691 dt=0.0001098702543416492 residual=0.00030294084193211395 checked=false stop=running
step=1371 time=0.1506320844435772 dt=0.00010987025429029802 residual=0.00030282619278620569 checked=false stop=running
step=1372 time=0.15074195469781584 dt=0.00010987025423863021 residual=0.00030271099441603154 checked=false stop=running
step=1373 time=0.1508518249520025 dt=0.00010987025418664591 residual=0.00030259524685700425 checked=false stop=running
step=1374 time=0.15096169520613684 dt=0.00010987025413434531 residual=0.00030247895112671554 checked=false stop=running
step=1375 time=0.15107156546021858 dt=0.00010987025408172859 residual=0.00030236210723985651 checked=false stop=running
step=1376 time=0.15118143571424736 dt=0.00010987025402879595 residual=0.00030224471609528627 checked=false stop=running
step=1377 time=0.15129130596822291 dt=0.00010987025397554763 residual=0.00030212677825964168 checked=false stop=running
step=1378 time=0.15140117622214488 dt=0.00010987025392198384 residual=0.0003020082937134985 checked=false stop=running
step=1379 time=0.15151104647601299 dt=0.00010987025386810482 residual=0.00030188926283642597 checked=false stop=running
step=1380 time=0.15162091672982689 dt=0.0001098702538139107 residual=0.00030176968715153014 checked=true stop=running
step=1381 time=0.1517307869835863 dt=0.00010987025375940184 residual=0.00030164956700714211 checked=false stop=running
step=1382 time=0.15184065723729087 dt=0.00010987025370457841 residual=0.00030152890180949564 checked=false stop=running
step=1383 time=0.15195052749094032 dt=0.00010987025364944073 residual=0.00030140769313173317 checked=false stop=running
step=1384 time=0.15206039774453431 dt=0.00010987025359398902 residual=0.00030128594113864844 checked=false stop=running
step=1385 time=0.15217026799807254 dt=0.00010987025353822358 residual=0.00030116364625708118 checked=false stop=running
step=1386 time=0.15228013825155468 dt=0.00010987025348214465 residual=0.00030104080971202424 checked=false stop=running
step=1387 time=0.15239000850498044 dt=0.00010987025342575257 residual=0.00030091743114241397 checked=false stop=running
step=1388 time=0.1524998787583495 dt=0.00010987025336904762 residual=0.0003007935115048839 checked=false stop=running
step=1389 time=0.15260974901166152 dt=0.00010987025331203007 residual=0.0003006690514267049 checked=false stop=running
step=1390 time=0.15271961926491623 dt=0.00010987025325470028 residual=0.00030054405152759591 checked=false stop=running
step=1391 time=0.15282948951811329 dt=0.00010987025319705852 residual=0.00030041851223458851 checked=false stop=running
step=1392 time=0.15293935977125239 dt=0.00010987025313910519 residual=0.00030029243416667279 checked=false stop=running
step=1393 time=0.15304923002433324 dt=0.00010987025308084058 residual=0.00030016581784970877 checked=false stop=running
step=1394 time=0.15315910027735549 dt=0.00010987025302226501 residual=0.00030003866413234919 checked=false stop=running
step=1395 time=0.15326897053031888 dt=0.00010987025296337889 residual=0.0002999109732452959 checked=false stop=running
step=1396 time=0.15337884078322306 dt=0.0001098702529041826 residual=0.00029978274548278668 checked=false stop=running
step=1397 time=0.15348871103606773 dt=0.00010987025284467641 residual=0.00029965398222271103 checked=false stop=running
step=1398 time=0.15359858128885259 dt=0.0001098702527848608 residual=0.00029952468335450565 checked=false stop=running
step=1399 time=0.15370845154157733 dt=0.00010987025272473611 residual=0.00029939484990053767 checked=false stop=running
step=1400 time=0.15381832179424162 dt=0.00010987025266430272 residual=0.0002992644822603974 checked=true stop=running
step=1401 time=0.15392819204684519 dt=0.00010987025260356108 residual=0.00029913358096073491 checked=false stop=running
step=1402 time=0.15403806229938768 dt=0.00010987025254251158 residual=0.00029900214657702719 checked=false stop=running
step=1403 time=0.15414793255186884 dt=0.00010987025248115465 residual=0.00029887017953453515 checked=false stop=running
step=1404 time=0.15425780280428833 dt=0.00010987025241949067 residual=0.00029873768059768122 checked=false stop=running
step=1405 time=0.15436767305664584 dt=0.00010987025235752015 residual=0.00029860465045368316 checked=false stop=running
step=1406 time=0.15447754330894109 dt=0.00010987025229524352 residual=0.00029847108950291373 checked=false stop=running
step=1407 time=0.15458741356117375 dt=0.00010987025223266114 residual=0.00029833699833745503 checked=false stop=running
step=1408 time=0.15469728381334352 dt=0.0001098702521697736 residual=0.00029820237765076766 checked=false stop=running
step=1409 time=0.15480715406545009 dt=0.00010987025210658127 residual=0.00029806722781925961 checked=false stop=running
step=1410 time=0.15491702431749318 dt=0.00010987025204308469 residual=0.0002979315494476093 checked=false stop=running
step=1411 time=0.15502689456947247 dt=0.00010987025197928435 residual=0.00029779534325021873 checked=false stop=running
step=1412 time=0.15513676482138763 dt=0.0001098702519151807 residual=0.00029765860945202608 checked=false stop=running
step=1413 time=0.15524663507323841 dt=0.00010987025185077423 residual=0.00029752134902464385 checked=false stop=running
step=1414 time=0.15535650532502449 dt=0.00010987025178606552 residual=0.00029738356192201122 checked=false stop=running
step=1415 time=0.15546637557674553 dt=0.00010987025172105503 residual=0.0002972452495290648 checked=false stop=running
step=1416 time=0.15557624582840127 dt=0.00010987025165574334 residual=0.00029710641166185272 checked=false stop=running
step=1417 time=0.15568611607999139 dt=0.00010987025159013091 residual=0.00029696704928273087 checked=false stop=running
step=1418 time=0.15579598633151562 dt=0.00010987025152421834 residual=0.00029682716250933693 checked=false stop=running
step=1419 time=0.15590585658297362 dt=0.00010987025145800617 residual=0.00029668675220507752 checked=false stop=running
step=1420 time=0.15601572683436513 dt=0.00010987025139149496 residual=0.0002965458190214198 checked=true stop=running
step=1421 time=0.15612559708568982 dt=0.0001098702513246853 residual=0.00029640436296019147 checked=false stop=running
step=1422 time=0.1562354673369474 dt=0.00010987025125757772 residual=0.00029626238478910037 checked=false stop=running
step=1423 time=0.15634533758813757 dt=0.00010987025119017282 residual=0.00029611988548688143 checked=false stop=running
step=1424 time=0.15645520783926004 dt=0.00010987025112247121 residual=0.00029597686488177366 checked=false stop=running
step=1425 time=0.1565650780903145 dt=0.00010987025105447345 residual=0.00029583332371819744 checked=false stop=running
step=1426 time=0.15667494834130069 dt=0.00010987025098618023 residual=0.00029568926278990937 checked=false stop=running
step=1427 time=0.15678481859221829 dt=0.00010987025091759207 residual=0.00029554468198569412 checked=false stop=running
step=1428 time=0.15689468884306701 dt=0.0001098702508487097 residual=0.00029539958221150205 checked=false stop=running
step=1429 time=0.15700455909384653 dt=0.00010987025077953364 residual=0.00029525396409297314 checked=false stop=running
step=1430 time=0.15711442934455661 dt=0.00010987025071006462 residual=0.0002951078275628433 checked=false stop=running
step=1431 time=0.1572242995951969 dt=0.00010987025064030325 residual=0.00029496117352562719 checked=false stop=running
step=1432 time=0.15733416984576715 dt=0.00010987025057025021 residual=0.0002948140019810726 checked=false stop=running
step=1433 time=0.15744404009626706 dt=0.0001098702504999061 residual=0.00029466631423105401 checked=false stop=running
step=1434 time=0.15755391034669633 dt=0.00010987025042927168 residual=0.00029451810958002909 checked=false stop=running
step=1435 time=0.15766378059705469 dt=0.00010987025035834758 residual=0.00029436938972515124 checked=false stop=running
step=1436 time=0.15777365084734182 dt=0.00010987025028713451 residual=0.00029422015408401192 checked=false stop=running
step=1437 time=0.15788352109755746 dt=0.00010987025021563318 residual=0.00029407040350997945 checked=false stop=running
step=1438 time=0.1579933913477013 dt=0.00010987025014384431 residual=0.00029392013829467983 checked=false stop=running
step=1439 time=0.15810326159777308 dt=0.00010987025007176854 residual=0.00029376935898136854 checked=false stop=running
step=1440 time=0.15821313184777247 dt=0.00010987024999940665 residual=0.00029361806574084467 checked=true stop=running
step=1441 time=0.15832300209769923 dt=0.00010987024992675936 residual=0.00029346625917771009 checked=false stop=running
step=1442 time=0.15843287234755304 dt=0.00010987024985382742 residual=0.00029331393926600001 checked=false stop=running
step=1443 time=0.15854274259733367 dt=0.00010987024978061156 residual=0.00029316110746307442 checked=false stop=running
step=1444 time=0.15865261284704077 dt=0.00010987024970711252 residual=0.00029300776292796882 checked=false stop=running
step=1445 time=0.1587624830966741 dt=0.00010987024963333109 residual=0.00029285390640906107 checked=false stop=running
step=1446 time=0.15887235334623337 dt=0.00010987024955926803 residual=0.00029269953867925392 checked=false stop=running
step=1447 time=0.15898222359571829 dt=0.00010987024948492412 residual=0.00029254465976745605 checked=false stop=running
step=1448 time=0.1590920938451286 dt=0.00010987024941030016 residual=0.00029238926989022502 checked=false stop=running
step=1449 time=0.15920196409446399 dt=0.00010987024933539691 residual=0.00029223336980216847 checked=false stop=running
step=1450 time=0.1593118343437242 dt=0.00010987024926021519 residual=0.00029207695929291778 checked=false stop=running
step=1451 time=0.15942170459290897 dt=0.00010987024918475583 residual=0.00029192003879552667 checked=false stop=running
step=1452 time=0.15953157484201799 dt=0.00010987024910901964 residual=0.00029176260890076519 checked=false stop=running
step=1453 time=0.15964144509105099 dt=0.00010987024903300739 residual=0.00029160466970325379 checked=false stop=running
step=1454 time=0.15975131534000772 dt=0.00010987024895671999 residual=0.0002914462215680502 checked=false stop=running
step=1455 time=0.15986118558888787 dt=0.00010987024888015828 residual=0.00029128726501458275 checked=false stop=running
step=1456 time=0.1599710558376912 dt=0.00010987024880332308 residual=0.0002911277996194237 checked=false stop=running
step=1457 time=0.16008092608641741 dt=0.00010987024872621522 residual=0.00029096782636302298 checked=false stop=running
step=1458 time=0.16019079633506625 dt=0.00010987024864883561 residual=0.0002908073453561087 checked=false stop=running
step=1459 time=0.16030066658363742 dt=0.00010987024857118508 residual=0.00029064635653420129 checked=false stop=running
step=1460 time=0.16041053683213069 dt=0.00010987024849326454 residual=0.00029048486051702063 checked=true stop=running
step=1461 time=0.16052040708054577 dt=0.00010987024841507489 residual=0.00029032285738959549 checked=false stop=running
step=1462 time=0.16063027732888238 dt=0.00010987024833661699 residual=0.00029016034697376588 checked=false stop=running
step=1463 time=0.16074014757714028 dt=0.00010987024825789176 residual=0.00028999733015703844 checked=false stop=running
step=1464 time=0.16085001782531919 dt=0.00010987024817890012 residual=0.00028983380659427024 checked=false stop=running
step=1465 time=0.16095988807341882 dt=0.00010987024809964295 residual=0.00028966977707508244 checked=false stop=running
step=1466 time=0.16106975832143894 dt=0.00010987024802012125 residual=0.00028950524129935123 checked=false stop=running
step=1467 time=0.16117962856937929 dt=0.0001098702479403359 residual=0.00028934019929682109 checked=false stop=running
step=1468 time=0.16128949881723958 dt=0.00010987024786028785 residual=0.00028917465186168752 checked=false stop=running
step=1469 time=0.16139936906501956 dt=0.00010987024777997806 residual=0.00028900859861395733 checked=false stop=running
step=1470 time=0.16150923931271896 dt=0.00010987024769940746 residual=0.00028884204000477855 checked=false stop=running
step=1471 time=0.16161910956033754 dt=0.00010987024761857704 residual=0.00028867497618823007 checked=false stop=running
step=1472 time=0.16172897980787501 dt=0.00010987024753748776 residual=0.00028850740724689524 checked=false stop=running
step=1473 time=0.16183885005533116 dt=0.00010987024745614061 residual=0.0002883393329384164 checked=false stop=running
step=1474 time=0.16194872030270571 dt=0.00010987024737453655 residual=0.00028817075390559239 checked=false stop=running
step=1475 time=0.16205859054999838 dt=0.00010987024729267659 residual=0.00028800167029552261 checked=false stop=running
step=1476 time=0.16216846079720895 dt=0.00010987024721056172 residual=0.00028783208150681206 checked=false stop=running
step=1477 time=0.16227833104433714 dt=0.00010987024712819299 residual=0.00028766198824731838 checked=false stop=running
step=1478 time=0.16238820129138271 dt=0.00010987024704557137 residual=0.00028749139071797091 checked=false stop=running
step=1479 time=0.16249807153834539 dt=0.00010987024696269792 residual=0.00028732028862291429 checked=false stop=running
step=1480 time=0.16260794178522497 dt=0.00010987024687957363 residual=0.00028714868201972746 checked=true stop=running
step=1481 time=0.16271781203202118 dt=0.00010987024679619954 residual=0.00028697657140659704 checked=false stop=running
step=1482 time=0.16282768227873376 dt=0.0001098702467125767 residual=0.00028680395641519419 checked=false stop=running
step=1483 time=0.16293755252536246 dt=0.00010987024662870619 residual=0.00028663083707331345 checked=false stop=running
step=1484 time=0.16304742277190706 dt=0.00010987024654458904 residual=0.00028645721360301353 checked=false stop=running
step=1485 time=0.16315729301836729 dt=0.00010987024646022631 residual=0.00028628308639755667 checked=false stop=running
step=1486 time=0.16326716326474291 dt=0.00010987024637561911 residual=0.00028610845445033764 checked=false stop=running
step=1487 time=0.16337703351103369 dt=0.00010987024629076852 residual=0.00028593331816916808 checked=false stop=running
step=1488 time=0.16348690375723937 dt=0.00010987024620567559 residual=0.00028575767800343051 checked=false stop=running
step=1489 time=0.1635967740033597 dt=0.00010987024612034144 residual=0.00028558153423656029 checked=false stop=running
step=1490 time=0.16370664424939446 dt=0.00010987024603476713 residual=0.00028540488622139641 checked=false stop=running
step=1491 time=0.16381651449534343 dt=0.00010987024594895381 residual=0.00028522773377535822 checked=false stop=running
step=1492 time=0.16392638474120633 dt=0.00010987024586290258 residual=0.00028505007726507771 checked=false stop=running
step=1493 time=0.16403625498698293 dt=0.00010987024577661457 residual=0.00028487191649336738 checked=false stop=running
step=1494 time=0.16414612523267302 dt=0.00010987024569009092 residual=0.00028469325147569561 checked=false stop=running
step=1495 time=0.16425599547827635 dt=0.00010987024560333273 residual=0.00028451408245857277 checked=false stop=running
step=1496 time=0.16436586572379269 dt=0.00010987024551634117 residual=0.0002843344084297886 checked=false stop=running
step=1497 time=0.1644757359692218 dt=0.00010987024542911735 residual=0.00028415423034900626 checked=false stop=running
step=1498 time=0.16458560621456347 dt=0.0001098702453416625 residual=0.00028397354744685578 checked=false stop=running
step=1499 time=0.16469547645981744 dt=0.00010987024525397772 residual=0.0002837923599741939 checked=false stop=running
step=1500 time=0.16480534670498351 dt=0.00010987024516606424 residual=0.00028361066799265008 checked=true stop=running
step=1501 time=0.16491521695006142 dt=0.00010987024507792314 residual=0.00028342847139211616 checked=false stop=running
step=1502 time=0.16502508719505099 dt=0.00010987024498955572 residual=0.0002832457699870039 checked=false stop=running
step=1503 time=0.16513495743995196 dt=0.00010987024490096304 residual=0.00028306256359353788 checked=false stop=running
step=1504 time=0.16524482768476412 dt=0.0001098702448121464 residual=0.00028287885170943505 checked=false stop=running
step=1505 time=0.16535469792948723 dt=0.00010987024472310699 residual=0.00028269463514021522 checked=false stop=running
step=1506 time=0.16546456817412108 dt=0.00010987024463384601 residual=0.00028250991298253914 checked=false stop=running
step=1507 time=0.16557443841866545 dt=0.00010987024454436461 residual=0.00028232468546588872 checked=false stop=running
step=1508 time=0.16568430866312012 dt=0.00010987024445466406 residual=0.00028213895237683091 checked=false stop=running
step=1509 time=0.16579417890748485 dt=0.00010987024436474561 residual=0.00028195271354117024 checked=false stop=running
step=1510 time=0.16590404915175946 dt=0.00010987024427461048 residual=0.0002817659689739542 checked=false stop=running
step=1511 time=0.16601391939594373 dt=0.00010987024418425988 residual=0.00028157871801966515 checked=false stop=running
step=1512 time=0.16612378964003743 dt=0.00010987024409369509 residual=0.00028139096095818457 checked=false stop=running
step=1513 time=0.16623365988404035 dt=0.00010987024400291735 residual=0.00028120269731418608 checked=false stop=running
step=1514 time=0.16634353012795228 dt=0.00010987024391192792 residual=0.00028101392780168687 checked=false stop=running
step=1515 time=0.166453400371773 dt=0.0001098702438207281 residual=0.00028082465087409143 checked=false stop=running
step=1516 time=0.16656327061550233 dt=0.00010987024372931908 residual=0.00028063486707809561 checked=false stop=running
step=1517 time=0.16667314085914003 dt=0.00010987024363770223 residual=0.00028044457669907811 checked=false stop=running
step=1518 time=0.16678301110268592 dt=0.00010987024354587878 residual=0.00028025377858946645 checked=false stop=running
step=1519 time=0.16689288134613978 dt=0.00010987024345385001 residual=0.00028006247341717415 checked=false stop=running
step=1520 time=0.1670027515895014 dt=0.00010987024336161727 residual=0.0002798706599651975 checked=true stop=running
step=1521 time=0.16711262183277059 dt=0.00010987024326918181 residual=0.00027967833876745078 checked=false stop=running
step=1522 time=0.16722249207594714 dt=0.00010987024317654497 residual=0.00027948550968884045 checked=false stop=running
step=1523 time=0.16733236231903084 dt=0.00010987024308370806 residual=0.00027929217230506485 checked=false stop=running
step=1524 time=0.16744223256202151 dt=0.00010987024299067239 residual=0.00027909832638918405 checked=false stop=running
step=1525 time=0.16755210280491895 dt=0.00010987024289743925 residual=0.00027890397152465673 checked=false stop=running
step=1526 time=0.16766197304772296 dt=0.00010987024280401003 residual=0.00027870910742194691 checked=false stop=running
step=1527 time=0.16777184329043335 dt=0.00010987024271038604 residual=0.0002785137351514094 checked=false stop=running
step=1528 time=0.16788171353304993 dt=0.00010987024261656862 residual=0.0002783178523016908 checked=false stop=running
step=1529 time=0.16799158377557249 dt=0.00010987024252255915 residual=0.0002781214603956548 checked=false stop=running
step=1530 time=0.16810145401800086 dt=0.0001098702424283589 residual=0.00027792455813502044 checked=false stop=running
step=1531 time=0.16821132426033483 dt=0.00010987024233396931 residual=0.00027772714594058077 checked=false stop=running
step=1532 time=0.16832119450257421 dt=0.00010987024223939172 residual=0.0002775292234996573 checked=false stop=running
step=1533 time=0.16843106474471883 dt=0.00010987024214462747 residual=0.00027733079014819514 checked=false stop=running
step=1534 time=0.1685409349867685 dt=0.00010987024204967799 residual=0.00027713184607524308 checked=false stop=running
step=1535 time=0.16865080522872306 dt=0.00010987024195454466 residual=0.00027693239067095232 checked=false stop=running
step=1536 time=0.16876067547058229 dt=0.0001098702418592288 residual=0.00027673242405821695 checked=false stop=running
step=1537 time=0.16887054571234603 dt=0.00010987024176373187 residual=0.00027653194577115882 checked=false stop=running
step=1538 time=0.16898041595401408 dt=0.00010987024166805519 residual=0.00027633095567410065 checked=false stop=running
step=1539 time=0.16909028619558628 dt=0.00010987024157220022 residual=0.00027612945309284678 checked=false stop=running
step=1540 time=0.16920015643706243 dt=0.0001098702414761684 residual=0.00027592743808836742 checked=true stop=running
step=1541 time=0.16931002667844239 dt=0.00010987024137996104 residual=0.00027572491088896986 checked=false stop=running
step=1542 time=0.16941989691972598 dt=0.00010987024128357967 residual=0.00027552186951004299 checked=false stop=running
step=1543 time=0.169529767160913 dt=0.00010987024118702562 residual=0.00027531831580802462 checked=false stop=running
step=1544 time=0.1696396374020033 dt=0.00010987024109030038 residual=0.00027511424858308513 checked=false stop=running
step=1545 time=0.16974950764299671 dt=0.00010987024099340533 residual=0.00027490966746455958 checked=false stop=running
step=1546 time=0.16985937788389305 dt=0.00010987024089634197 residual=0.00027470457197873409 checked=false stop=running
step=1547 time=0.16996924812469216 dt=0.00010987024079911167 residual=0.00027449896264629853 checked=false stop=running
step=1548 time=0.17007911836539388 dt=0.0001098702407017159 residual=0.00027429283843289221 checked=false stop=running
step=1549 time=0.17018898860599804 dt=0.00010987024060415616 residual=0.00027408619927055664 checked=false stop=running
step=1550 time=0.17029885884650448 dt=0.00010987024050643386 residual=0.00027387904525859709 checked=false stop=running
step=1551 time=0.17040872908691301 dt=0.00010987024040855048 residual=0.00027367137544171078 checked=false stop=running
step=1552 time=0.17051859932722352 dt=0.00010987024031050747 residual=0.00027346319056308663 checked=false stop=running
step=1553 time=0.17062846956743583 dt=0.00010987024021230629 residual=0.00027325448923609246 checked=false stop=running
step=1554 time=0.17073833980754977 dt=0.00010987024011394845 residual=0.00027304527203677876 checked=false stop=running
step=1555 time=0.1708482100475652 dt=0.00010987024001543544 residual=0.00027283553844913941 checked=false stop=running
step=1556 time=0.17095808028748197 dt=0.00010987023991676867 residual=0.00027262528772320916 checked=false stop=running
step=1557 time=0.17106795052729992 dt=0.00010987023981794968 residual=0.00027241452051624448 checked=false stop=running
step=1558 time=0.1711778207670189 dt=0.00010987023971897997 residual=0.0002722032356298302 checked=false stop=running
step=1559 time=0.17128769100663876 dt=0.00010987023961986101 residual=0.00027199143336991143 checked=false stop=running
step=1560 time=0.17139756124615935 dt=0.00010987023952059436 residual=0.00027177911372079731 checked=true stop=running
step=1561 time=0.17150743148558054 dt=0.00010987023942118142 residual=0.0002715662762850724 checked=false stop=running
step=1562 time=0.17161730172490217 dt=0.0001098702393216238 residual=0.00027135291999205323 checked=false stop=running
step=1563 time=0.1717271719641241 dt=0.00010987023922192294 residual=0.00027113904556679247 checked=false stop=running
step=1564 time=0.17183704220324617 dt=0.00010987023912208044 residual=0.00027092465253623438 checked=false stop=running
step=1565 time=0.17194691244226826 dt=0.00010987023902209777 residual=0.00027070974002213656 checked=false stop=running
step=1566 time=0.17205678268119023 dt=0.0001098702389219764 residual=0.00027049430828980989 checked=false stop=running
step=1567 time=0.17216665292001196 dt=0.00010987023882171797 residual=0.00027027835722528195 checked=false stop=running
step=1568 time=0.17227652315873329 dt=0.00010987023872132398 residual=0.00027006188678250202 checked=false stop=running
step=1569 time=0.17238639339735409 dt=0.00010987023862079591 residual=0.0002698448964626374 checked=false stop=running
step=1570 time=0.17249626363587423 dt=0.00010987023852013537 residual=0.00026962738575266471 checked=false stop=running
step=1571 time=0.17260613387429358 dt=0.00010987023841934387 residual=0.00026940935432359604 checked=false stop=running
step=1572 time=0.17271600411261201 dt=0.00010987023831842297 residual=0.00026919080313845981 checked=false stop=running
step=1573 time=0.17282587435082938 dt=0.0001098702382173742 residual=0.00026897173124625215 checked=false stop=running
step=1574 time=0.17293574458894559 dt=0.00010987023811619917 residual=0.00026875213833046116 checked=false stop=running
step=1575 time=0.17304561482696049 dt=0.00010987023801489938 residual=0.00026853202322097027 checked=false stop=running
step=1576 time=0.17315548506487397 dt=0.00010987023791347647 residual=0.00026831138713017153 checked=false stop=running
step=1577 time=0.17326535530268589 dt=0.00010987023781193191 residual=0.000268090230106751 checked=false stop=running
step=1578 time=0.17337522554039617 dt=0.00010987023771026734 residual=0.00026786855096010712 checked=false stop=running
step=1579 time=0.17348509577800464 dt=0.00010987023760848428 residual=0.00026764634970006818 checked=false stop=running
step=1580 time=0.17359496601551122 dt=0.00010987023750658438 residual=0.00026742362643658276 checked=true stop=running
step=1581 time=0.1737048362529158 dt=0.00010987023740456918 residual=0.00026720038145000292 checked=false stop=running
step=1582 time=0.17381470649021824 dt=0.00010987023730244029 residual=0.00026697661325274279 checked=false stop=running
step=1583 time=0.17392457672741843 dt=0.00010987023720019922 residual=0.00026675232243826227 checked=false stop=running
step=1584 time=0.17403444696451628 dt=0.00010987023709784764 residual=0.00026652750924158463 checked=false stop=running
step=1585 time=0.17414431720151166 dt=0.00010987023699538713 residual=0.00026630217289904724 checked=false stop=running
step=1586 time=0.17425418743840448 dt=0.00010987023689281926 residual=0.00026607631349954215 checked=false stop=running
step=1587 time=0.17436405767519464 dt=0.00010987023679014565 residual=0.00026584993098414624 checked=false stop=running
step=1588 time=0.17447392791188202 dt=0.00010987023668736787 residual=0.00026562302580546425 checked=false stop=running
step=1589 time=0.1745837981484665 dt=0.00010987023658448756 residual=0.0002653955965373953 checked=false stop=running
step=1590 time=0.17469366838494801 dt=0.00010987023648150632 residual=0.00026516764458586295 checked=false stop=running
step=1591 time=0.17480353862132644 dt=0.00010987023637842579 residual=0.00026493916805908309 checked=false stop=running
step=1592 time=0.1749134088576017 dt=0.00010987023627524751 residual=0.0002647101681445279 checked=false stop=running
step=1593 time=0.17502327909377369 dt=0.00010987023617197316 residual=0.00026448064467371072 checked=false stop=running
step=1594 time=0.17513314932984228 dt=0.00010987023606860431 residual=0.00026425059745066506 checked=false stop=running
step=1595 time=0.17524301956580743 dt=0.00010987023596514264 residual=0.00026402002578602117 checked=false stop=running
step=1596 time=0.17535288980166902 dt=0.00010987023586158978 residual=0.00026378893053816133 checked=false stop=running
step=1597 time=0.17546276003742697 dt=0.00010987023575794728 residual=0.00026355731115523356 checked=false stop=running
step=1598 time=0.1755726302730812 dt=0.00010987023565421683 residual=0.00026332516810032491 checked=false stop=running
step=1599 time=0.1756825005086316 dt=0.00010987023555040003 residual=0.0002630925003661555 checked=false stop=running
step=1600 time=0.17579237074407811 dt=0.00010987023544649858 residual=0.00026285930914803248 checked=true stop=running
step=1601 time=0.17590224097942062 dt=0.00010987023534251402 residual=0.00026262559342862471 checked=false stop=running
step=1602 time=0.17601211121465907 dt=0.00010987023523844801 residual=0.0002623913534008399 checked=false stop=running
step=1603 time=0.17612198144979338 dt=0.00010987023513430226 residual=0.00026215658983101074 checked=false stop=running
step=1604 time=0.17623185168482347 dt=0.00010987023503007836 residual=0.00026192130169478122 checked=false stop=running
step=1605 time=0.17634172191974926 dt=0.00010987023492577793 residual=0.00026168548937937437 checked=false stop=running
step=1606 time=0.17645159215457065 dt=0.0001098702348214027 residual=0.00026144915316718165 checked=false stop=running
step=1607 time=0.1765614623892876 dt=0.00010987023471695424 residual=0.00026121229241473634 checked=false stop=running
step=1608 time=0.17667133262390003 dt=0.00010987023461243425 residual=0.00026097490837830397 checked=false stop=running
step=1609 time=0.17678120285840787 dt=0.00010987023450784433 residual=0.00026073700081696713 checked=false stop=running
step=1610 time=0.17689107309281105 dt=0.0001098702344031862 residual=0.00026049856983214692 checked=false stop=running
step=1611 time=0.1770009433271095 dt=0.0001098702342984615 residual=0.00026025961467898386 checked=false stop=running
step=1612 time=0.17711081356130318 dt=0.00010987023419367188 residual=0.00026002013535962506 checked=false stop=running
step=1613 time=0.17722068379539199 dt=0.00010987023408881897 residual=0.00025978013283766213 checked=false stop=running
step=1614 time=0.17733055402937589 dt=0.00010987023398390445 residual=0.00025953960732105731 checked=false stop=running
step=1615 time=0.17744042426325482 dt=0.00010987023387893001 residual=0.00025929855869509153 checked=false stop=running
step=1616 time=0.17755029449702872 dt=0.00010987023377389731 residual=0.00025905698661624391 checked=false stop=running
step=1617 time=0.17766016473069754 dt=0.00010987023366880801 residual=0.00025881489203897926 checked=false stop=running
step=1618 time=0.17777003496426119 dt=0.00010987023356366376 residual=0.00025857227452744661 checked=false stop=running
step=1619 time=0.17787990519771965 dt=0.00010987023345846623 residual=0.00025832913521802537 checked=false stop=running
step=1620 time=0.17798977543107286 dt=0.00010987023335321712 residual=0.00025808547253166822 checked=true stop=running
step=1621 time=0.17809964566432077 dt=0.00010987023324791809 residual=0.00025784128865013025 checked=false stop=running
step=1622 time=0.17820951589746334 dt=0.00010987023314257083 residual=0.00025759658224311832 checked=false stop=running
step=1623 time=0.17831938613050052 dt=0.00010987023303717695 residual=0.00025735135487424084 checked=false stop=running
step=1624 time=0.17842925636343226 dt=0.00010987023293173823 residual=0.00025710560603077687 checked=false stop=running
step=1625 time=0.17853912659625851 dt=0.00010987023282625624 residual=0.00025685933588479758 checked=false stop=running
step=1626 time=0.17864899682897925 dt=0.00010987023272073272 residual=0.00025661254522605325 checked=false stop=running
step=1627 time=0.17875886706159441 dt=0.00010987023261516933 residual=0.00025636523364922669 checked=false stop=running
step=1628 time=0.17886873729410399 dt=0.00010987023250956775 residual=0.00025611740220902535 checked=false stop=running
step=1629 time=0.17897860752650793 dt=0.0001098702324039297 residual=0.00025586905023202241 checked=false stop=running
step=1630 time=0.17908847775880618 dt=0.00010987023229825687 residual=0.00025562017916431156 checked=false stop=running
step=1631 time=0.17919834799099874 dt=0.00010987023219255083 residual=0.00025537078921871229 checked=false stop=running
step=1632 time=0.17930821822308554 dt=0.00010987023208681338 residual=0.00025512088008495723 checked=false stop=running
step=1633 time=0.1794180884550666 dt=0.00010987023198104615 residual=0.00025487045296052307 checked=false stop=running
step=1634 time=0.17952795868694185 dt=0.00010987023187525084 residual=0.0002546195069801956 checked=false stop=running
step=1635 time=0.17963782891871127 dt=0.00010987023176942916 residual=0.00025436804403867412 checked=false stop=running
step=1636 time=0.17974769915037486 dt=0.00010987023166358273 residual=0.00025411606417931408 checked=false stop=running
step=1637 time=0.17985756938193256 dt=0.00010987023155771327 residual=0.00025386356699975114 checked=false stop=running
step=1638 time=0.17996743961338438 dt=0.0001098702314518225 residual=0.00025361055333249607 checked=false stop=running
step=1639 time=0.18007730984473028 dt=0.00010987023134591208 residual=0.00025335702406500889 checked=false stop=running
step=1640 time=0.18018718007597026 dt=0.00010987023123998369 residual=0.00025310297983686486 checked=true stop=running
step=1641 time=0.1802970503071043 dt=0.00010987023113403905 residual=0.0002528484202302316 checked=false stop=running
step=1642 time=0.18040692053813237 dt=0.00010987023102807982 residual=0.00025259334634021092 checked=false stop=running
step=1643 time=0.18051679076905447 dt=0.00010987023092210769 residual=0.00025233775915631089 checked=false stop=running
step=1644 time=0.1806266609998706 dt=0.00010987023081612438 residual=0.00025208165789031593 checked=false stop=running
step=1645 time=0.18073653123058073 dt=0.00010987023071013153 residual=0.00025182504465735779 checked=false stop=running
step=1646 time=0.18084640146118486 dt=0.00010987023060413085 residual=0.00025156791944730709 checked=false stop=running
step=1647 time=0.18095627169168299 dt=0.00010987023049812409 residual=0.00025131028219179107 checked=false stop=running
step=1648 time=0.1810661419220751 dt=0.00010987023039211282 residual=0.00025105213408817788 checked=false stop=running
step=1649 time=0.1811760121523612 dt=0.00010987023028609884 residual=0.00025079347618556317 checked=false stop=running
step=1650 time=0.18128588238254129 dt=0.00010987023018008375 residual=0.00025053430841273059 checked=false stop=running
step=1651 time=0.18139575261261537 dt=0.00010987023007406932 residual=0.00025027463151902298 checked=false stop=running
step=1652 time=0.18150562284258343 dt=0.00010987022996805716 residual=0.00025001444665915688 checked=false stop=running
step=1653 time=0.18161549307244548 dt=0.00010987022986204904 residual=0.00024975375409067079 checked=false stop=running
step=1654 time=0.18172536330220154 dt=0.0001098702297560466 residual=0.00024949255455869148 checked=false stop=running
step=1655 time=0.1818352335318516 dt=0.00010987022965005153 residual=0.00024923084982913878 checked=false stop=running
step=1656 time=0.18194510376139567 dt=0.00010987022954406551 residual=0.00024896863865427879 checked=false stop=running
step=1657 time=0.18205497399083376 dt=0.00010987022943809023 residual=0.00024870592424774247 checked=false stop=running
step=1658 time=0.18216484422016588 dt=0.00010987022933212742 residual=0.00024844270467888532 checked=false stop=running
step=1659 time=0.18227471444939206 dt=0.00010987022922617869 residual=0.00024817898242603218 checked=false stop=running
step=1660 time=0.18238458467851229 dt=0.0001098702291202458 residual=0.00024791475867599861 checked=true stop=running
step=1661 time=0.18249445490752661 dt=0.0001098702290143304 residual=0.00024765003324711581 checked=false stop=running
step=1662 time=0.18260432513643504 dt=0.00010987022890843418 residual=0.0002473848073836433 checked=false stop=running
step=1663 time=0.18271419536523761 dt=0.0001098702288025588 residual=0.00024711908132969576 checked=false stop=running
step=1664 time=0.18282406559393433 dt=0.00010987022869670596 residual=0.00024685285714886533 checked=false stop=running
step=1665 time=0.18293393582252521 dt=0.00010987022859087736 residual=0.00024658613551008403 checked=false stop=running
step=1666 time=0.18304380605101028 dt=0.00010987022848507468 residual=0.00024631891731833347 checked=false stop=running
step=1667 time=0.18315367627938958 dt=0.00010987022837929954 residual=0.00024605120237230837 checked=false stop=running
step=1668 time=0.18326354650766313 dt=0.00010987022827355368 residual=0.00024578299245221139 checked=false stop=running
step=1669 time=0.18337341673583096 dt=0.00010987022816783874 residual=0.00024551428928799564 checked=false stop=running
step=1670 time=0.18348328696389313 dt=0.00010987022806215646 residual=0.00024524509249196114 checked=false stop=running
step=1671 time=0.18359315719184963 dt=0.00010987022795650844 residual=0.00024497540474865297 checked=false stop=running
step=1672 time=0.18370302741970052 dt=0.00010987022785089637 residual=0.00024470522508789099 checked=false stop=running
step=1673 time=0.18381289764744585 dt=0.00010987022774532199 residual=0.00024443455619247464 checked=false stop=running
step=1674 time=0.18392276787508563 dt=0.00010987022763978689 residual=0.00024416339930978878 checked=false stop=running
step=1675 time=0.18403263810261991 dt=0.00010987022753429276 residual=0.00024389175343989726 checked=false stop=running
step=1676 time=0.18414250833004875 dt=0.00010987022742884132 residual=0.0002436196220287242 checked=false stop=running
step=1677 time=0.18425237855737217 dt=0.00010987022732343417 residual=0.00024334700509494203 checked=false stop=running
step=1678 time=0.18436224878459023 dt=0.00010987022721807299 residual=0.00024307390414498841 checked=false stop=running
step=1679 time=0.18447211901170299 dt=0.00010987022711275948 residual=0.00024280031952449382 checked=false stop=running
step=1680 time=0.1845819892387105 dt=0.00010987022700749528 residual=0.00024252625360510842 checked=true stop=running
step=1681 time=0.18469185946561278 dt=0.00010987022690228206 residual=0.00024225170635367612 checked=false stop=running
step=1682 time=0.18480172969240991 dt=0.00010987022679712148 residual=0.0002419766808243027 checked=false stop=running
step=1683 time=0.18491159991910192 dt=0.00010987022669201517 residual=0.00024170117684521264 checked=false stop=running
step=1684 time=0.18502147014568887 dt=0.00010987022658696481 residual=0.00024142519570460991 checked=false stop=running
step=1685 time=0.18513134037217086 dt=0.00010987022648197207 residual=0.00024114873892939603 checked=false stop=running
step=1686 time=0.1852412105985479 dt=0.00010987022637703856 residual=0.0002408718088183229 checked=false stop=running
step=1687 time=0.18535108082482007 dt=0.00010987022627216598 residual=0.00024059440499198077 checked=false stop=running
step=1688 time=0.18546095105098742 dt=0.00010987022616735595 residual=0.00024031652996714067 checked=false stop=running
step=1689 time=0.18557082127705002 dt=0.00010987022606261012 residual=0.00024003818484307095 checked=false stop=running
step=1690 time=0.18568069150300795 dt=0.00010987022595793016 residual=0.00023975937112493328 checked=false stop=running
step=1691 time=0.18579056172886127 dt=0.00010987022585331763 residual=0.00023948009027705716 checked=false stop=running
step=1692 time=0.18590043195461003 dt=0.00010987022574877431 residual=0.00023920034263755726 checked=false stop=running
step=1693 time=0.18601030218025433 dt=0.00010987022564430174 residual=0.00023892013099346935 checked=false stop=running
step=1694 time=0.18612017240579423 dt=0.00010987022553990152 residual=0.00023863945600587492 checked=false stop=running
step=1695 time=0.1862300426312298 dt=0.0001098702254355754 residual=0.00023835832013489194 checked=false stop=running
step=1696 time=0.18633991285656112 dt=0.00010987022533132497 residual=0.00023807672464901643 checked=false stop=running
step=1697 time=0.18644978308178828 dt=0.00010987022522715177 residual=0.00023779467047198102 checked=false stop=running
step=1698 time=0.18655965330691135 dt=0.00010987022512305754 residual=0.00023751215875676251 checked=false stop=running
step=1699 time=0.18666952353193039 dt=0.0001098702250190439 residual=0.00023722919214634499 checked=false stop=running
step=1700 time=0.18677939375684552 dt=0.00010987022491511239 residual=0.00023694577229797805 checked=true stop=running
step=1701 time=0.18688926398165678 dt=0.00010987022481126471 residual=0.00023666189941334414 checked=false stop=running
step=1702 time=0.1869991342063643 dt=0.00010987022470750245 residual=0.00023637757672649796 checked=false stop=running
step=1703 time=0.18710900443096812 dt=0.00010987022460382721 residual=0.00023609280527551188 checked=false stop=running
step=1704 time=0.18721887465546835 dt=0.00010987022450024059 residual=0.00023580758667437397 checked=false stop=running
step=1705 time=0.18732874487986509 dt=0.00010987022439674426 residual=0.00023552192299459195 checked=false stop=running
step=1706 time=0.18743861510415843 dt=0.00010987022429333975 residual=0.00023523581495016386 checked=false stop=running
step=1707 time=0.18754848532834847 dt=0.00010987022419002873 residual=0.00023494926554775068 checked=false stop=running
step=1708 time=0.18765835555243529 dt=0.00010987022408681276 residual=0.00023466227603965292 checked=false stop=running
step=1709 time=0.187768225776419 dt=0.00010987022398369349 residual=0.00023437484778297618 checked=false stop=running
step=1710 time=0.18787809600029967 dt=0.00010987022388067244 residual=0.00023408698294594165 checked=false stop=running
step=1711 time=0.18798796622407743 dt=0.00010987022377775127 residual=0.00023379868311122626 checked=false stop=running
step=1712 time=0.18809783644775235 dt=0.00010987022367493153 residual=0.00023350995081187887 checked=false stop=running
step=1713 time=0.18820770667132458 dt=0.00010987022357221482 residual=0.00023322078717003691 checked=false stop=running
step=1714 time=0.1883175768947942 dt=0.00010987022346960273 residual=0.00023293119512509964 checked=false stop=running
step=1715 time=0.18842744711816128 dt=0.00010987022336709684 residual=0.00023264117454447253 checked=false stop=running
step=1716 time=0.18853731734142598 dt=0.00010987022326469872 residual=0.00023235072942429065 checked=false stop=running
step=1717 time=0.1886471875645884 dt=0.00010987022316240997 residual=0.00023205986060317819 checked=false stop=running
step=1718 time=0.18875705778764862 dt=0.00010987022306023213 residual=0.00023176857105234081 checked=false stop=running
step=1719 time=0.18886692801060678 dt=0.00010987022295816676 residual=0.00023147686112381127 checked=false stop=running
step=1720 time=0.188976798233463 dt=0.00010987022285621541 residual=0.00023118473456250818 checked=true stop=running
step=1721 time=0.18908666845621738 dt=0.00010987022275437971 residual=0.0002308921922155469 checked=false stop=running
step=1722 time=0.18919653867887004 dt=0.00010987022265266115 residual=0.00023059923663359014 checked=false stop=running
step=1723 time=0.18930640890142111 dt=0.00010987022255106135 residual=0.00023030586943511726 checked=false stop=running
step=1724 time=0.18941627912387068 dt=0.0001098702224495818 residual=0.00023001209348181659 checked=false stop=running
step=1725 time=0.18952614934621892 dt=0.00010987022234822412 residual=0.00022971790983424519 checked=false stop=running
step=1726 time=0.1896360195684659 dt=0.0001098702222469898 residual=0.00022942332184802352 checked=false stop=running
step=1727 time=0.18974588979061177 dt=0.00010987022214588036 residual=0.00022912833068190397 checked=false stop=running
step=1728 time=0.18985576001265667 dt=0.00010987022204489739 residual=0.00022883293911626448 checked=false stop=running
step=1729 time=0.1899656302346007 dt=0.0001098702219440424 residual=0.00022853714945526 checked=false stop=running
step=1730 time=0.190075500456444 dt=0.0001098702218433169 residual=0.00022824096352154195 checked=false stop=running
step=1731 time=0.19018537067818672 dt=0.00010987022174272245 residual=0.00022794438312124889 checked=false stop=running
step=1732 time=0.19029524089982899 dt=0.00010987022164226057 residual=0.00022764741169830054 checked=false stop=running
step=1733 time=0.19040511112137093 dt=0.00010987022154193275 residual=0.00022735005009682401 checked=false stop=running
step=1734 time=0.19051498134281267 dt=0.00010987022144174052 residual=0.00022705230168688066 checked=false stop=running
step=1735 time=0.19062485156415435 dt=0.00010987022134168541 residual=0.0002267541688066575 checked=false stop=running
step=1736 time=0.19073472178539611 dt=0.00010987022124176891 residual=0.00022645565332480414 checked=false stop=running
step=1737 time=0.19084459200653811 dt=0.00010987022114199253 residual=0.00022615675794738805 checked=false stop=running
step=1738 time=0.19095446222758047 dt=0.00010987022104235775 residual=0.00022585748397902896 checked=false stop=running
step=1739 time=0.19106433244852333 dt=0.00010987022094286611 residual=0.00022555783507530723 checked=false stop=running
step=1740 time=0.19117420266936686 dt=0.00010987022084351905 residual=0.00022525781288692669 checked=true stop=running
step=1741 time=0.19128407289011118 dt=0.00010987022074431808 residual=0.00022495742094358475 checked=false stop=running
step=1742 time=0.19139394311075644 dt=0.00010987022064526465 residual=0.00022465666093056879 checked=false stop=running
step=1743 time=0.19150381333130281 dt=0.00010987022054636031 residual=0.00022435553484124641 checked=false stop=running
step=1744 time=0.19161368355175043 dt=0.00010987022044760646 residual=0.00022405404640216475 checked=false stop=running
step=1745 time=0.19172355377209943 dt=0.00010987022034900462 residual=0.00022375219719462499 checked=false stop=running
step=1746 time=0.19183342399234998 dt=0.00010987022025055623 residual=0.0002234499893013853 checked=false stop=running
step=1747 time=0.19194329421250225 dt=0.00010987022015226276 residual=0.00022314742638450294 checked=false stop=running
step=1748 time=0.19205316443255638 dt=0.0001098702200541257 residual=0.00022284451104109888 checked=false stop=running
step=1749 time=0.19216303465251253 dt=0.00010987021995614647 residual=0.00022254124481822487 checked=false stop=running
step=1750 time=0.19227290487237086 dt=0.00010987021985832652 residual=0.00022223763111111353 checked=false stop=running
step=1751 time=0.19238277509213153 dt=0.00010987021976066728 residual=0.00022193367243207736 checked=false stop=running
step=1752 time=0.19249264531179469 dt=0.00010987021966317021 residual=0.00022162937226860165 checked=false stop=running
step=1753 time=0.19260251553136054 dt=0.00010987021956583675 residual=0.00022132473171690301 checked=false stop=running
step=1754 time=0.19271238575082922 dt=0.00010987021946866833 residual=0.00022101975451926107 checked=false stop=running
step=1755 time=0.19282225597020089 dt=0.0001098702193716664 residual=0.00022071444273240036 checked=false stop=running
step=1756 time=0.19293212618947572 dt=0.00010987021927483232 residual=0.00022040879958939614 checked=false stop=running
step=1757 time=0.19304199640865388 dt=0.00010987021917816752 residual=0.00022010282736464296 checked=false stop=running
step=1758 time=0.19315186662773556 dt=0.00010987021908167349 residual=0.00021979652973227312 checked=false stop=running
step=1759 time=0.19326173684672091 dt=0.00010987021898535154 residual=0.00021948990857767681 checked=false stop=running
step=1760 time=0.1933716070656101 dt=0.00010987021888920314 residual=0.00021918296773839192 checked=true stop=running
step=1761 time=0.19348147728440332 dt=0.00010987021879322967 residual=0.00021887570899864923 checked=false stop=running
step=1762 time=0.19359134750310075 dt=0.00010987021869743251 residual=0.00021856813517556799 checked=false stop=running
step=1763 time=0.19370121772170257 dt=0.00010987021860181309 residual=0.00021826024997370058 checked=false stop=running
step=1764 time=0.19381108794020893 dt=0.00010987021850637269 residual=0.00021795205596580126 checked=false stop=running
step=1765 time=0.19392095815862004 dt=0.00010987021841111281 residual=0.00021764355625358381 checked=false stop=running
step=1766 time=0.19403082837693608 dt=0.0001098702183160348 residual=0.00021733475338617893 checked=false stop=running
step=1767 time=0.19414069859515723 dt=0.00010987021822113993 residual=0.00021702565027834365 checked=false stop=running
step=1768 time=0.19425056881328365 dt=0.00010987021812642971 residual=0.00021671624947527168 checked=false stop=running
step=1769 time=0.19436043903131556 dt=0.0001098702180319054 residual=0.0002164065551231672 checked=false stop=running
step=1770 time=0.19447030924925313 dt=0.00010987021793756841 residual=0.00021609657009685437 checked=false stop=running
step=1771 time=0.19458017946709655 dt=0.00010987021784342006 residual=0.00021578629626991527 checked=false stop=running
step=1772 time=0.19469004968484602 dt=0.00010987021774946167 residual=0.00021547573764623442 checked=false stop=running
step=1773 time=0.1947999199025017 dt=0.00010987021765569466 residual=0.00021516489689176602 checked=false stop=running
step=1774 time=0.19490979012006382 dt=0.00010987021756212025 residual=0.00021485377738720621 checked=false stop=running
step=1775 time=0.19501966033753257 dt=0.00010987021746873992 residual=0.00021454238197349666 checked=false stop=running
step=1776 time=0.19512953055490811 dt=0.00010987021737555484 residual=0.00021423071411856849 checked=false stop=running
step=1777 time=0.19523940077219068 dt=0.00010987021728256644 residual=0.00021391877649671351 checked=false stop=running
step=1778 time=0.19534927098938046 dt=0.00010987021718977599 residual=0.00021360657245020725 checked=false stop=running
step=1779 time=0.19545914120647764 dt=0.00010987021709718478 residual=0.00021329410518668984 checked=false stop=running
step=1780 time=0.19556901142348243 dt=0.00010987021700479412 residual=0.00021298137848840885 checked=true stop=running
step=1781 time=0.19567888164039504 dt=0.00010987021691260538 residual=0.00021266839424590947 checked=false stop=running
step=1782 time=0.19578875185721567 dt=0.00010987021682061974 residual=0.00021235515686820629 checked=false stop=running
step=1783 time=0.19589862207394451 dt=0.00010987021672883857 residual=0.00021204166891504889 checked=false stop=running
step=1784 time=0.19600849229058179 dt=0.00010987021663726312 residual=0.0002117279335560755 checked=false stop=running
step=1785 time=0.19611836250712769 dt=0.00010987021654589465 residual=0.0002114139554406314 checked=false stop=running
step=1786 time=0.19622823272358242 dt=0.00010987021645473448 residual=0.00021109973539329733 checked=false stop=running
step=1787 time=0.19633810293994619 dt=0.00010987021636378384 residual=0.00021078527938842511 checked=false stop=running
step=1788 time=0.19644797315621923 dt=0.00010987021627304403 residual=0.00021047058867952311 checked=false stop=running
step=1789 time=0.19655784337240176 dt=0.00010987021618251625 residual=0.00021015566818687964 checked=false stop=running
step=1790 time=0.19666771358849397 dt=0.00010987021609220178 residual=0.00020984051977844526 checked=false stop=running
step=1791 time=0.19677758380449606 dt=0.00010987021600210184 residual=0.00020952514790457087 checked=false stop=running
step=1792 time=0.19688745402040828 dt=0.00010987021591221767 residual=0.00020920955588210973 checked=false stop=running
step=1793 time=0.19699732423623081 dt=0.00010987021582255054 residual=0.0002088937468707279 checked=false stop=running
step=1794 time=0.19710719445196392 dt=0.00010987021573310166 residual=0.00020857772387325679 checked=false stop=running
step=1795 time=0.1972170646676078 dt=0.0001098702156438722 residual=0.00020826149109702248 checked=false stop=running
step=1796 time=0.19732693488316266 dt=0.00010987021555486347 residual=0.00020794505208436581 checked=false stop=running
step=1797 time=0.19743680509862874 dt=0.0001098702154660766 residual=0.00020762840968661586 checked=false stop=running
step=1798 time=0.19754667531400624 dt=0.00010987021537751284 residual=0.00020731156757804986 checked=false stop=running
step=1799 time=0.1976565455292954 dt=0.00010987021528917339 residual=0.00020699452971739441 checked=false stop=running
step=1800 time=0.19776641574449647 dt=0.00010987021520105941 residual=0.00020667729915924265 checked=true stop=running
step=1801 time=0.19787628595960963 dt=0.00010987021511317208 residual=0.00020635987889498964 checked=false stop=running
step=1802 time=0.19798615617463514 dt=0.00010987021502551264 residual=0.00020604227380672261 checked=false stop=running
step=1803 time=0.19809602638957322 dt=0.00010987021493808224 residual=0.00020572448691795098 checked=false stop=running
step=1804 time=0.19820589660442409 dt=0.000109870214850882 residual=0.00020540652178339347 checked=false stop=running
step=1805 time=0.198315766819188 dt=0.00010987021476391313 residual=0.00020508838176724856 checked=false stop=running
step=1806 time=0.19842563703386518 dt=0.00010987021467717681 residual=0.00020477007071767662 checked=false stop=running
step=1807 time=0.19853550724845584 dt=0.00010987021459067417 residual=0.00020445159206834259 checked=false stop=running
step=1808 time=0.19864537746296024 dt=0.00010987021450440631 residual=0.00020413295036284272 checked=false stop=running
step=1809 time=0.19875524767737862 dt=0.00010987021441837442 residual=0.00020381414851547943 checked=false stop=running
step=1810 time=0.19886511789171121 dt=0.00010987021433257964 residual=0.00020349518973902204 checked=false stop=running
step=1811 time=0.19897498810595823 dt=0.00010987021424702307 residual=0.00020317607852335018 checked=false stop=running
step=1812 time=0.19908485832011993 dt=0.00010987021416170584 residual=0.00020285681843790844 checked=false stop=running
step=1813 time=0.19919472853419656 dt=0.00010987021407662908 residual=0.00020253741316202258 checked=false stop=running
step=1814 time=0.19930459874818834 dt=0.00010987021399179391 residual=0.0002022178658222889 checked=false stop=running
step=1815 time=0.19941446896209555 dt=0.00010987021390720139 residual=0.00020189818159477136 checked=false stop=running
step=1816 time=0.19952433917591841 dt=0.00010987021382285264 residual=0.00020157836287436708 checked=false stop=running
step=1817 time=0.19963420938965717 dt=0.00010987021373874876 residual=0.00020125841439837006 checked=false stop=running
step=1818 time=0.19974407960331206 dt=0.00010987021365489087 residual=0.00020093833966026078 checked=false stop=running
step=1819 time=0.19985394981688334 dt=0.00010987021357127998 residual=0.00020061814264885547 checked=false stop=running
step=1820 time=0.19996382003037125 dt=0.00010987021348791717 residual=0.00020029782642315671 checked=true stop=running
step=1821 time=0.20007369024377605 dt=0.00010987021340480357 residual=0.00019997739539875193 checked=false stop=running
step=1822 time=0.20018356045709798 dt=0.00010987021332194019 residual=0.00019965685392910003 checked=false stop=running
step=1823 time=0.20029343067033731 dt=0.00010987021323932811 residual=0.00019933620493733584 checked=false stop=running
step=1824 time=0.20040330088349428 dt=0.00010987021315696833 residual=0.00019901545226278606 checked=false stop=running
step=1825 time=0.20051317109656916 dt=0.00010987021307486197 residual=0.00019869460168533507 checked=false stop=running
step=1826 time=0.20062304130956216 dt=0.00010987021299300999 residual=0.00019837365515407171 checked=false stop=running
step=1827 time=0.20073291152247358 dt=0.00010987021291141347 residual=0.00019805261651172965 checked=false stop=running
step=1828 time=0.20084278173530365 dt=0.00010987021283007343 residual=0.00019773149081513366 checked=false stop=running
step=1829 time=0.20095265194805265 dt=0.00010987021274899089 residual=0.0001974102818657767 checked=false stop=running
step=1830 time=0.20106252216072082 dt=0.00010987021266816687 residual=0.00019708899368176995 checked=false stop=running
step=1831 time=0.20117239237330842 dt=0.0001098702125876023 residual=0.00019676762918103589 checked=false stop=running
step=1832 time=0.20128226258581572 dt=0.00010987021250729826 residual=0.00019644619315623915 checked=false stop=running
step=1833 time=0.20139213279824297 dt=0.00010987021242725571 residual=0.00019612469008497218 checked=false stop=running
step=1834 time=0.20150200301059046 dt=0.00010987021234747565 residual=0.00019580312296607838 checked=false stop=running
step=1835 time=0.20161187322285842 dt=0.00010987021226795903 residual=0.0001954814970057618 checked=false stop=running
step=1836 time=0.20172174343504712 dt=0.0001098702121887069 residual=0.00019515981479659969 checked=false stop=running
step=1837 time=0.20183161364715685 dt=0.00010987021210972016 residual=0.00019483808169404199 checked=false stop=running
step=1838 time=0.20194148385918784 dt=0.00010987021203099975 residual=0.00019451630097020592 checked=false stop=running
step=1839 time=0.20205135407114039 dt=0.00010987021195254669 residual=0.0001941944771684229 checked=false stop=running
step=1840 time=0.20216122428301475 dt=0.00010987021187436188 residual=0.00019387261423704368 checked=true stop=running
step=1841 time=0.2022710944948112 dt=0.00010987021179644632 residual=0.0001935507158958594 checked=false stop=running
step=1842 time=0.20238096470653 dt=0.00010987021171880086 residual=0.00019322878725662012 checked=false stop=running
step=1843 time=0.20249083491817144 dt=0.00010987021164142649 residual=0.0001929068314879322 checked=false stop=running
step=1844 time=0.20260070512973577 dt=0.0001098702115643241 residual=0.00019258485250781918 checked=false stop=running
step=1845 time=0.20271057534122328 dt=0.00010987021148749463 residual=0.00019226285601251617 checked=false stop=running
step=1846 time=0.2028204455526342 dt=0.000109870211410939 residual=0.00019194084468862515 checked=false stop=running
step=1847 time=0.20293031576396886 dt=0.00010987021133465808 residual=0.00019161882270364415 checked=false stop=running
step=1848 time=0.20304018597522752 dt=0.00010987021125865279 residual=0.00019129679551887726 checked=false stop=running
step=1849 time=0.20315005618641044 dt=0.00010987021118292398 residual=0.00019097476602485331 checked=false stop=running
step=1850 time=0.20325992639751791 dt=0.00010987021110747261 residual=0.00019065273869608277 checked=false stop=running
step=1851 time=0.2033697966085502 dt=0.00010987021103229947 residual=0.00019033071879962518 checked=false stop=running
step=1852 time=0.2034796668195076 dt=0.00010987021095740549 residual=0.00019000870948000033 checked=false stop=running
step=1853 time=0.2035895370303904 dt=0.00010987021088279151 residual=0.00018968671512493995 checked=false stop=running
step=1854 time=0.20369940724119887 dt=0.00010987021080845839 residual=0.00018936473976068494 checked=false stop=running
step=1855 time=0.20380927745193328 dt=0.00010987021073440699 residual=0.00018904278824147803 checked=false stop=running
step=1856 time=0.20391914766259392 dt=0.00010987021066063813 residual=0.00018872086503292078 checked=false stop=running
step=1857 time=0.20402901787318106 dt=0.00010987021058715267 residual=0.00018839897334718277 checked=false stop=running
step=1858 time=0.20413888808369501 dt=0.00010987021051395146 residual=0.00018807711823666068 checked=false stop=running
step=1859 time=0.20424875829413605 dt=0.00010987021044103529 residual=0.00018775530378812457 checked=false stop=running
step=1860 time=0.20435862850450445 dt=0.00010987021036840495 residual=0.00018743353431465752 checked=true stop=running
step=1861 time=0.20446849871480052 dt=0.00010987021029606132 residual=0.00018711181482718566 checked=false stop=running
step=1862 time=0.20457836892502454 dt=0.00010987021022400516 residual=0.0001867901483388264 checked=false stop=running
step=1863 time=0.20468823913517678 dt=0.00010987021015223732 residual=0.00018646853961907034 checked=false stop=running
step=1864 time=0.20479810934525755 dt=0.0001098702100807585 residual=0.00018614699365202653 checked=false stop=running
step=1865 time=0.20490797955526713 dt=0.00010987021000956953 residual=0.00018582551467924267 checked=false stop=running
step=1866 time=0.20501784976520579 dt=0.00010987020993867123 residual=0.00018550410608886552 checked=false stop=running
step=1867 time=0.20512771997507384 dt=0.00010987020986806435 residual=0.00018518277281128861 checked=false stop=running
step=1868 time=0.20523759018487159 dt=0.00010987020979774961 residual=0.0001848615195060339 checked=false stop=running
step=1869 time=0.20534746039459931 dt=0.00010987020972772784 residual=0.00018454035060733255 checked=false stop=running
step=1870 time=0.2054573306042573 dt=0.00010987020965799972 residual=0.00018421927033978211 checked=false stop=running
step=1871 time=0.20556720081384586 dt=0.00010987020958856602 residual=0.00018389828223049171 checked=false stop=running
step=1872 time=0.20567707102336527 dt=0.0001098702095194275 residual=0.00018357739234336627 checked=false stop=running
step=1873 time=0.20578694123281585 dt=0.00010987020945058486 residual=0.0001832566033389938 checked=false stop=running
step=1874 time=0.2058968114421979 dt=0.00010987020938203889 residual=0.00018293592114528167 checked=false stop=running
step=1875 time=0.2060066816515117 dt=0.00010987020931379021 residual=0.00018261534969373202 checked=false stop=running
step=1876 time=0.20611655186075753 dt=0.00010987020924583959 residual=0.00018229489239456796 checked=false stop=running
step=1877 time=0.20622642206993572 dt=0.00010987020917818771 residual=0.00018197455567190069 checked=false stop=running
step=1878 time=0.20633629227904654 dt=0.00010987020911083529 residual=0.00018165434193513727 checked=false stop=running
step=1879 time=0.20644616248809033 dt=0.00010987020904378303 residual=0.00018133425700781334 checked=false stop=running
step=1880 time=0.20655603269706738 dt=0.00010987020897703162 residual=0.0001810143054424266 checked=true stop=running
step=1881 time=0.20666590290597797 dt=0.00010987020891058168 residual=0.00018069449005482925 checked=false stop=running
step=1882 time=0.2067757731148224 dt=0.00010987020884443395 residual=0.00018037481721290584 checked=false stop=running
step=1883 time=0.20688564332360099 dt=0.00010987020877858904 residual=0.00018005529039120157 checked=false stop=running
step=1884 time=0.20699551353231405 dt=0.00010987020871304765 residual=0.00017973591443929513 checked=false stop=running
step=1885 time=0.20710538374096185 dt=0.00010987020864781042 residual=0.00017941669377791918 checked=false stop=running
step=1886 time=0.20721525394954474 dt=0.00010987020858287794 residual=0.0001790976324377786 checked=false stop=running
step=1887 time=0.20732512415806298 dt=0.00010987020851825094 residual=0.00017877873537502518 checked=false stop=running
step=1888 time=0.20743499436651691 dt=0.00010987020845393 residual=0.00017846000746240501 checked=false stop=running
step=1889 time=0.20754486457490684 dt=0.00010987020838991573 residual=0.0001781414524165061 checked=false stop=running
step=1890 time=0.20765473478323304 dt=0.00010987020832620884 residual=0.00017782307554701604 checked=false stop=running
step=1891 time=0.20776460499149585 dt=0.00010987020826280986 residual=0.00017750488104926638 checked=false stop=running
step=1892 time=0.20787447519969557 dt=0.00010987020819971936 residual=0.00017718687260471016 checked=false stop=running
step=1893 time=0.2079843454078325 dt=0.00010987020813693801 residual=0.00017686905628466558 checked=false stop=running
step=1894 time=0.20809421561590696 dt=0.00010987020807446638 residual=0.00017655143545634568 checked=false stop=running
step=1895 time=0.20820408582391928 dt=0.00010987020801230503 residual=0.00017623401515466468 checked=false stop=running
step=1896 time=0.20831395603186972 dt=0.00010987020795045459 residual=0.00017591680047080544 checked=false stop=running
step=1897 time=0.20842382623975864 dt=0.0001098702078889156 residual=0.00017559979485462989 checked=false stop=running
step=1898 time=0.20853369644758632 dt=0.0001098702078276886 residual=0.00017528300339196592 checked=false stop=running
step=1899 time=0.20864356665535311 dt=0.00010987020776677419 residual=0.00017496643046131514 checked=false stop=running
step=1900 time=0.20875343686305928 dt=0.0001098702077061729 residual=0.00017465008168034371 checked=true stop=running
step=1901 time=0.20886330707070516 dt=0.00010987020764588531 residual=0.00017433396030871898 checked=false stop=running
step=1902 time=0.20897317727829107 dt=0.00010987020758591191 residual=0.00017401807090655535 checked=false stop=running
step=1903 time=0.20908304748581732 dt=0.00010987020752625321 residual=0.00017370241884084742 checked=false stop=running
step=1904 time=0.20919291769328424 dt=0.00010987020746690983 residual=0.00017338700776702723 checked=false stop=running
step=1905 time=0.20930278790069212 dt=0.00010987020740788221 residual=0.00017307184298250849 checked=false stop=running
step=1906 time=0.2094126581080413 dt=0.00010987020734917086 residual=0.0001727569295263497 checked=false stop=running
step=1907 time=0.20952252831533208 dt=0.00010987020729077633 residual=0.00017244227081228847 checked=false stop=running
step=1908 time=0.20963239852256477 dt=0.00010987020723269908 residual=0.00017212787227120668 checked=false stop=running
step=1909 time=0.20974226872973969 dt=0.00010987020717493963 residual=0.00017181373822196884 checked=false stop=running
step=1910 time=0.2098521389368572 dt=0.00010987020711749848 residual=0.00017149987302781281 checked=false stop=running
step=1911 time=0.20996200914391758 dt=0.000109870207060376 residual=0.00017118628144447724 checked=false stop=running
step=1912 time=0.21007187935092114 dt=0.00010987020700357276 residual=0.000170872968254251 checked=false stop=running
step=1913 time=0.21018174955786822 dt=0.00010987020694708923 residual=0.00017055993852072381 checked=false stop=running
step=1914 time=0.21029161976475916 dt=0.00010987020689092585 residual=0.00017024719539016414 checked=false stop=running
step=1915 time=0.21040148997159425 dt=0.00010987020683508305 residual=0.00016993474499241271 checked=false stop=running
step=1916 time=0.2105113601783738 dt=0.00010987020677956129 residual=0.00016962259085312182 checked=false stop=running
step=1917 time=0.21062123038509817 dt=0.00010987020672436102 residual=0.00016931073813645977 checked=false stop=running
step=1918 time=0.21073110059176764 dt=0.00010987020666948264 residual=0.00016899919142602615 checked=false stop=running
step=1919 time=0.21084097079838257 dt=0.00010987020661492657 residual=0.0001686879553630484 checked=false stop=running
step=1920 time=0.21095084100494327 dt=0.00010987020656069329 residual=0.00016837703423694039 checked=true stop=running
step=1921 time=0.21106071121145006 dt=0.00010987020650678318 residual=0.00016806643283819874 checked=false stop=running
step=1922 time=0.21117058141790326 dt=0.00010987020645319662 residual=0.00016775615560517059 checked=false stop=running
step=1923 time=0.2112804516243032 dt=0.000109870206399934 residual=0.00016744620789274674 checked=false stop=running
step=1924 time=0.21139032183065021 dt=0.00010987020634699577 residual=0.00016713659316233681 checked=false stop=running
step=1925 time=0.21150019203694459 dt=0.0001098702062943823 residual=0.00016682731725712753 checked=false stop=running
step=1926 time=0.21161006224318668 dt=0.00010987020624209391 residual=0.00016651838413820542 checked=false stop=running
step=1927 time=0.21171993244937681 dt=0.00010987020619013105 residual=0.00016620979806534212 checked=false stop=running
step=1928 time=0.21182980265551532 dt=0.00010987020613849404 residual=0.00016590156381821427 checked=false stop=running
step=1929 time=0.21193967286160251 dt=0.00010987020608718324 residual=0.00016559368688371414 checked=false stop=running
step=1930 time=0.21204954306763871 dt=0.00010987020603619901 residual=0.00016528617057519603 checked=false stop=running
step=1931 time=0.21215941327362425 dt=0.00010987020598554175 residual=0.00016497901985676296 checked=false stop=running
step=1932 time=0.21226928347955948 dt=0.00010987020593521172 residual=0.00016467224041382056 checked=false stop=running
step=1933 time=0.21237915368544469 dt=0.00010987020588520928 residual=0.00016436583621548483 checked=false stop=running
step=1934 time=0.21248902389128022 dt=0.00010987020583553479 residual=0.00016405981110590278 checked=false stop=running
step=1935 time=0.21259889409706639 dt=0.00010987020578618851 residual=0.0001637541703961423 checked=false stop=running
step=1936 time=0.21270876430280355 dt=0.00010987020573717077 residual=0.0001634489183938121 checked=false stop=running
step=1937 time=0.21281863450849203 dt=0.00010987020568848192 residual=0.00016314406046928832 checked=false stop=running
step=1938 time=0.21292850471413216 dt=0.0001098702056401222 residual=0.00016283960058591533 checked=false stop=running
step=1939 time=0.21303837491972424 dt=0.00010987020559209195 residual=0.00016253554287249024 checked=false stop=running
step=1940 time=0.21314824512526864 dt=0.00010987020554439149 residual=0.00016223189295563563 checked=true stop=running
step=1941 time=0.21325811533076566 dt=0.00010987020549702096 residual=0.00016192865457072568 checked=false stop=running
step=1942 time=0.21336798553621564 dt=0.0001098702054499808 residual=0.00016162583292921685 checked=false stop=running
step=1943 time=0.2134778557416189 dt=0.00010987020540327119 residual=0.00016132343228818409 checked=false stop=running
step=1944 time=0.21358772594697578 dt=0.00010987020535689245 residual=0.00016102145718524226 checked=false stop=running
step=1945 time=0.21369759615228662 dt=0.00010987020531084477 residual=0.00016071991233634759 checked=false stop=running
step=1946 time=0.21380746635755174 dt=0.00010987020526512841 residual=0.0001604188023410906 checked=false stop=running
step=1947 time=0.21391733656277148 dt=0.00010987020521974367 residual=0.00016011813172508199 checked=false stop=running
step=1948 time=0.21402720676794618 dt=0.00010987020517469073 residual=0.00015981790473417652 checked=false stop=running
step=1949 time=0.21413707697307616 dt=0.00010987020512996986 residual=0.00015951812682583416 checked=false stop=running
step=1950 time=0.21424694717816173 dt=0.00010987020508558122 residual=0.00015921880197352292 checked=false stop=running
step=1951 time=0.21435681738320325 dt=0.00010987020504152512 residual=0.00015891993435261206 checked=false stop=running
step=1952 time=0.21446668758820106 dt=0.00010987020499780167 residual=0.00015862152944629107 checked=false stop=running
step=1953 time=0.21457655779315546 dt=0.00010987020495441115 residual=0.00015832359106784181 checked=false stop=running
step=1954 time=0.21468642799806681 dt=0.00010987020491135374 residual=0.00015802612376365397 checked=false stop=running
step=1955 time=0.21479629820293544 dt=0.00010987020486862965 residual=0.00015772913245642816 checked=false stop=running
step=1956 time=0.21490616840776169 dt=0.00010987020482623901 residual=0.00015743262123991229 checked=false stop=running
step=1957 time=0.21501603861254587 dt=0.00010987020478418206 residual=0.00015713659556773493 checked=false stop=running
step=1958 time=0.21512590881728832 dt=0.00010987020474245894 residual=0.000156841058782554 checked=false stop=running
step=1959 time=0.2152357790219894 dt=0.00010987020470106985 residual=0.00015654601623046568 checked=false stop=running
step=1960 time=0.21534564922664942 dt=0.00010987020466001492 residual=0.00015625147173342475 checked=true stop=running
step=1961 time=0.21545551943126873 dt=0.00010987020461929429 residual=0.00015595743053146706 checked=false stop=running
step=1962 time=0.21556538963584765 dt=0.00010987020457890817 residual=0.00015566389649518839 checked=false stop=running
step=1963 time=0.21567525984038652 dt=0.0001098702045388566 residual=0.00015537087485267153 checked=false stop=running
step=1964 time=0.21578513004488567 dt=0.00010987020449913985 residual=0.00015507836965192561 checked=false stop=running
step=1965 time=0.21589500024934544 dt=0.00010987020445975798 residual=0.00015478638527315744 checked=false stop=running
step=1966 time=0.21600487045376615 dt=0.00010987020442071109 residual=0.00015449492595832209 checked=false stop=running
step=1967 time=0.21611474065814815 dt=0.00010987020438199932 residual=0.00015420399699857666 checked=false stop=running
step=1968 time=0.21622461086249176 dt=0.00010987020434362282 residual=0.00015391360214363678 checked=false stop=running
step=1969 time=0.21633448106679734 dt=0.00010987020430558165 residual=0.00015362374607345017 checked=false stop=running
step=1970 time=0.21644435127106521 dt=0.00010987020426787596 residual=0.0001533344334780476 checked=false stop=running
step=1971 time=0.21655422147529571 dt=0.00010987020423050576 residual=0.00015304566839976331 checked=false stop=running
step=1972 time=0.21666409167948919 dt=0.00010987020419347122 residual=0.00015275745529316699 checked=false stop=running
step=1973 time=0.21677396188364595 dt=0.00010987020415677237 residual=0.00015246979901834681 checked=false stop=running
step=1974 time=0.21688383208776635 dt=0.00010987020412040934 residual=0.00015218270351911585 checked=false stop=running
step=1975 time=0.21699370229185072 dt=0.00010987020408438213 residual=0.00015189617361225201 checked=false stop=running
step=1976 time=0.2171035724958994 dt=0.00010987020404869086 residual=0.00015161021293038127 checked=false stop=running
step=1977 time=0.21721344269991275 dt=0.00010987020401333558 residual=0.00015132482696962027 checked=false stop=running
step=1978 time=0.21732331290389106 dt=0.00010987020397831631 residual=0.00015104001937057165 checked=false stop=running
step=1979 time=0.21743318310783469 dt=0.0001098702039436331 residual=0.00015075579443230694 checked=false stop=running
step=1980 time=0.21754305331174398 dt=0.00010987020390928601 residual=0.00015047215684554804 checked=true stop=running
step=1981 time=0.21765292351561924 dt=0.00010987020387527509 residual=0.000150189111203406 checked=false stop=running
step=1982 time=0.21776279371946083 dt=0.00010987020384160031 residual=0.00014990666095746768 checked=false stop=running
step=1983 time=0.21787266392326909 dt=0.00010987020380826179 residual=0.00014962481118556309 checked=false stop=running
step=1984 time=0.21798253412704435 dt=0.00010987020377525945 residual=0.00014934356590972278 checked=false stop=running
step=1985 time=0.21809240433078694 dt=0.00010987020374259338 residual=0.00014906292973488185 checked=false stop=running
step=1986 time=0.2182022745344972 dt=0.00010987020371026352 residual=0.00014878290656191028 checked=false stop=running
step=1987 time=0.21831214473817548 dt=0.00010987020367826993 residual=0.00014850350104382917 checked=false stop=running
step=1988 time=0.21842201494182209 dt=0.00010987020364661252 residual=0.00014822471731359261 checked=false stop=running
step=1989 time=0.21853188514543739 dt=0.00010987020361529131 residual=0.00014794655946299699 checked=false stop=running
step=1990 time=0.21864175534902169 dt=0.00010987020358430632 residual=0.00014766903198534093 checked=false stop=running
step=1991 time=0.21875162555257535 dt=0.00010987020355365751 residual=0.00014739213893903317 checked=false stop=running
step=1992 time=0.2188614957560987 dt=0.00010987020352334481 residual=0.00014711588461908395 checked=false stop=running
step=1993 time=0.21897136595959207 dt=0.00010987020349336825 residual=0.00014684027340656876 checked=false stop=running
step=1994 time=0.2190812361630558 dt=0.00010987020346372774 residual=0.00014656530957052441 checked=false stop=running
step=1995 time=0.21919110636649022 dt=0.00010987020343442323 residual=0.00014629099643162434 checked=false stop=running
step=1996 time=0.21930097656989567 dt=0.00010987020340545473 residual=0.00014601733960322669 checked=false stop=running
step=1997 time=0.21941084677327249 dt=0.0001098702033768221 residual=0.00014574434218507041 checked=false stop=running
step=1998 time=0.21952071697662101 dt=0.00010987020334852533 residual=0.00014547200846111316 checked=false stop=running
step=1999 time=0.21963058717994158 dt=0.00010987020332056434 residual=0.00014520034320391533 checked=false stop=running
step=2000 time=0.21974045738323453 dt=0.00010987020329293903 residual=0.00014492934990119417 checked=true stop=running
step=2001 time=0.21985032758650017 dt=0.00010987020326564937 residual=0.00014465903256965568 checked=false stop=running
step=2002 time=0.21996019778973885 dt=0.0001098702032386952 residual=0.00014438939564577694 checked=false stop=running
step=2003 time=0.22007006799295092 dt=0.00010987020321207654 residual=0.0001441204433970851 checked=false stop=running
step=2004 time=0.22017993819613671 dt=0.00010987020318579317 residual=0.00014385217949565595 checked=false stop=running
step=2005 time=0.22028980839929654 dt=0.00010987020315984506 residual=0.00014358460812605623 checked=false stop=running
step=2006 time=0.22039967860243079 dt=0.00010987020313423207 residual=0.00014331773355430436 checked=false stop=running
step=2007 time=0.22050954880553975 dt=0.0001098702031089541 residual=0.0001430515594238772 checked=false stop=running
step=2008 time=0.22061941900862375 dt=0.00010987020308401104 residual=0.00014278608991136969 checked=false stop=running
step=2009 time=0.22072928921168317 dt=0.00010987020305940278 residual=0.00014252132893222551 checked=false stop=running
step=2010 time=0.22083915941471829 dt=0.00010987020303512916 residual=0.00014225728071672855 checked=false stop=running
step=2011 time=0.2209490296177295 dt=0.00010987020301119004 residual=0.00014199394905675588 checked=false stop=running
step=2012 time=0.22105889982071708 dt=0.00010987020298758529 residual=0.00014173133790841891 checked=false stop=running
step=2013 time=0.2211687700236814 dt=0.00010987020296431476 residual=0.00014146945124678503 checked=false stop=running
step=2014 time=0.22127864022662277 dt=0.00010987020294137833 residual=0.00014120829285975081 checked=false stop=running
step=2015 time=0.22138851042954155 dt=0.00010987020291877579 residual=0.00014094786679142918 checked=false stop=running
step=2016 time=0.22149838063243807 dt=0.00010987020289650701 residual=0.00014068817674772757 checked=false stop=running
step=2017 time=0.22160825083531263 dt=0.00010987020287457183 residual=0.00014042922646093564 checked=false stop=running
step=2018 time=0.2217181210381656 dt=0.00010987020285297006 residual=0.00014017102026660564 checked=false stop=running
step=2019 time=0.22182799124099731 dt=0.00010987020283170152 residual=0.00013991356170188206 checked=false stop=running
step=2020 time=0.22193786144380806 dt=0.00010987020281076604 residual=0.00013965685431355855 checked=true stop=running
step=2021 time=0.22204773164659822 dt=0.00010987020279016344 residual=0.00013940090257364009 checked=false stop=running
step=2022 time=0.22215760184936811 dt=0.00010987020276989348 residual=0.00013914570950751207 checked=false stop=running
step=2023 time=0.22226747205211808 dt=0.00010987020274995603 residual=0.00013889127933869902 checked=false stop=running
step=2024 time=0.22237734225484843 dt=0.00010987020273035082 residual=0.00013863761571943453 checked=false stop=running
step=2025 time=0.22248721245755951 dt=0.0001098702027110777 residual=0.00013838472220209183 checked=false stop=running
step=2026 time=0.22259708266025163 dt=0.00010987020269213642 residual=0.00013813260234847176 checked=false stop=running
step=2027 time=0.22270695286292516 dt=0.00010987020267352675 residual=0.00013788126031638739 checked=false stop=running
step=2028 time=0.2228168230655804 dt=0.0001098702026552485 residual=0.00013763069930448958 checked=false stop=running
step=2029 time=0.22292669326821771 dt=0.00010987020263730142 residual=0.00013738092324910083 checked=false stop=running
step=2030 time=0.22303656347083739 dt=0.00010987020261968529 residual=0.00013713193538610725 checked=false stop=running
step=2031 time=0.22314643367343978 dt=0.00010987020260239991 residual=0.00013688373965237887 checked=false stop=running
step=2032 time=0.22325630387602521 dt=0.00010987020258544492 residual=0.00013663633951366242 checked=false stop=running
step=2033 time=0.22336617407859402 dt=0.00010987020256882017 residual=0.00013638973867924966 checked=false stop=running
step=2034 time=0.22347604428114654 dt=0.00010987020255252535 residual=0.00013614394014834692 checked=false stop=running
step=2035 time=0.22358591448368309 dt=0.00010987020253656025 residual=0.00013589894780292885 checked=false stop=running
step=2036 time=0.22369578468620402 dt=0.00010987020252092461 residual=0.00013565476527945068 checked=false stop=running
step=2037 time=0.22380565488870963 dt=0.00010987020250561811 residual=0.00013541139564342359 checked=false stop=running
step=2038 time=0.22391552509120027 dt=0.00010987020249064048 residual=0.00013516884267275351 checked=false stop=running
step=2039 time=0.22402539529367627 dt=0.00010987020247599148 residual=0.00013492710944611381 checked=false stop=running
step=2040 time=0.22413526549613794 dt=0.00010987020246167082 residual=0.00013468619962993288 checked=true stop=running
step=2041 time=0.22424513569858562 dt=0.00010987020244767821 residual=0.00013444611641018938 checked=false stop=running
step=2042 time=0.22435500590101964 dt=0.00010987020243401334 residual=0.00013420686316019585 checked=false stop=running
step=2043 time=0.22446487610344032 dt=0.00010987020242067593 residual=0.00013396844326667097 checked=false stop=running
step=2044 time=0.22457474630584798 dt=0.00010987020240766566 residual=0.00013373085995782187 checked=false stop=running
step=2045 time=0.22468461650824295 dt=0.00010987020239498225 residual=0.00013349411656552262 checked=false stop=running
step=2046 time=0.22479448671062557 dt=0.00010987020238262538 residual=0.00013325821615241276 checked=false stop=running
step=2047 time=0.22490435691299618 dt=0.00010987020237059466 residual=0.00013302316217786618 checked=false stop=running
step=2048 time=0.22501422711535507 dt=0.00010987020235888992 residual=0.00013278895767038454 checked=false stop=running
step=2049 time=0.22512409731770258 dt=0.0001098702023475107 residual=0.00013255560569091303 checked=false stop=running
step=2050 time=0.22523396752003905 dt=0.00010987020233645676 residual=0.00013232310971151911 checked=false stop=running
step=2051 time=0.22534383772236477 dt=0.00010987020232572767 residual=0.00013209147255636162 checked=false stop=running
step=2052 time=0.22545370792468009 dt=0.00010987020231532318 residual=0.00013186069765776657 checked=false stop=running
step=2053 time=0.22556357812698533 dt=0.00010987020230524291 residual=0.00013163078747901224 checked=false stop=running
step=2054 time=0.22567344832928082 dt=0.0001098702022954865 residual=0.00013140174535795703 checked=false stop=running
step=2055 time=0.22578331853156688 dt=0.00010987020228605367 residual=0.00013117357439241875 checked=false stop=running
step=2056 time=0.22589318873384384 dt=0.00010987020227694394 residual=0.00013094627758785215 checked=false stop=running
step=2057 time=0.226003058936112 dt=0.00010987020226815703 residual=0.00013071985784731809 checked=false stop=running
step=2058 time=0.22611292913837169 dt=0.00010987020225969256 residual=0.00013049431779845345 checked=false stop=running
step=2059 time=0.22622279934062325 dt=0.00010987020225155012 residual=0.00013026966076575941 checked=false stop=running
step=2060 time=0.22633266954286699 dt=0.00010987020224372942 residual=0.00013004588942207795 checked=true stop=running
step=2061 time=0.22644253974510323 dt=0.00010987020223623004 residual=0.00012982300642443083 checked=false stop=running
step=2062 time=0.22655240994733228 dt=0.00010987020222905153 residual=0.00012960101488528877 checked=false stop=running
step=2063 time=0.22666228014955447 dt=0.00010987020222219358 residual=0.00012937991723230318 checked=false stop=running
step=2064 time=0.22677215035177012 dt=0.0001098702022156558 residual=0.00012915971660984763 checked=false stop=running
step=2065 time=0.22688202055397955 dt=0.00010987020220943776 residual=0.00012894041554860702 checked=false stop=running
step=2066 time=0.22699189075618309 dt=0.00010987020220353911 residual=0.00012872201674186197 checked=false stop=running
step=2067 time=0.22710176095838105 dt=0.00010987020219795933 residual=0.00012850452258486315 checked=false stop=running
step=2068 time=0.22721163116057375 dt=0.00010987020219269815 residual=0.00012828793617478118 checked=false stop=running
step=2069 time=0.2273215013627615 dt=0.00010987020218775503 residual=0.00012807225972536428 checked=false stop=running
step=2070 time=0.22743137156494464 dt=0.0001098702021831297 residual=0.00012785749598593932 checked=false stop=running
step=2071 time=0.22754124176712345 dt=0.00010987020217882161 residual=0.00012764364740119373 checked=false stop=running
step=2072 time=0.22765111196929827 dt=0.00010987020217483035 residual=0.00012743071654369376 checked=false stop=running
step=2073 time=0.22776098217146942 dt=0.00010987020217115557 residual=0.00012721870579029528 checked=false stop=running
step=2074 time=0.22787085237363722 dt=0.00010987020216779676 residual=0.00012700761774083296 checked=false stop=running
step=2075 time=0.22798072257580196 dt=0.00010987020216475351 residual=0.00012679745448054494 checked=false stop=running
step=2076 time=0.22809059277796398 dt=0.00010987020216202536 residual=0.00012658821868693378 checked=false stop=running
step=2077 time=0.22820046298012359 dt=0.0001098702021596119 residual=0.00012637991250648544 checked=false stop=running
step=2078 time=0.22831033318228111 dt=0.00010987020215751264 residual=0.00012617253841047752 checked=false stop=running
step=2079 time=0.22842020338443683 dt=0.00010987020215572719 residual=0.00012596609837637801 checked=false stop=running
step=2080 time=0.22853007358659108 dt=0.000109870202154255 residual=0.00012576059469136843 checked=true stop=running
step=2081 time=0.22863994378874417 dt=0.00010987020215309567 residual=0.00012555602954957465 checked=false stop=running
step=2082 time=0.22874981399089642 dt=0.00010987020215224873 residual=0.00012535240511199074 checked=false stop=running
step=2083 time=0.22885968419304814 dt=0.00010987020215171367 residual=0.00012514972350047583 checked=false stop=running
step=2084 time=0.22896955439519964 dt=0.00010987020215149005 residual=0.00012494798683661352 checked=false stop=running
step=2085 time=0.22907942459735123 dt=0.00010987020215157741 residual=0.00012474719711329341 checked=false stop=running
step=2086 time=0.2291892947995032 dt=0.00010987020215197524 residual=0.00012454735646045525 checked=false stop=running
step=2087 time=0.2292991650016559 dt=0.00010987020215268311 residual=0.00012434846696121797 checked=false stop=running
step=2088 time=0.22940903520380959 dt=0.00010987020215370044 residual=0.00012415053042647191 checked=false stop=running
step=2089 time=0.22951890540596462 dt=0.00010987020215502677 residual=0.00012395354881596825 checked=false stop=running
step=2090 time=0.22962877560812128 dt=0.00010987020215666163 residual=0.00012375752409062211 checked=false stop=running
step=2091 time=0.22973864581027989 dt=0.00010987020215860454 residual=0.00012356245784611472 checked=false stop=running
step=2092 time=0.22984851601244075 dt=0.00010987020216085491 residual=0.00012336835228379003 checked=false stop=running
step=2093 time=0.22995838621460415 dt=0.00010987020216341236 residual=0.00012317520883619175 checked=false stop=running
step=2094 time=0.23006825641677042 dt=0.00010987020216627625 residual=0.0001229830293881189 checked=false stop=running
step=2095 time=0.23017812661893988 dt=0.00010987020216944613 residual=0.00012279181556276679 checked=false stop=running
step=2096 time=0.23028799682111281 dt=0.00010987020217292149 residual=0.00012260156905522236 checked=false stop=running
step=2097 time=0.23039786702328952 dt=0.00010987020217670178 residual=0.00012241229156668217 checked=false stop=running
step=2098 time=0.2305077372254703 dt=0.00010987020218078648 residual=0.00012222398451321037 checked=false stop=running
step=2099 time=0.23061760742765547 dt=0.00010987020218517507 residual=0.00012203664961040462 checked=false stop=running
step=2100 time=0.23072747762984533 dt=0.00010987020218986703 residual=0.00012185028818889367 checked=true stop=running
step=2101 time=0.23083734783204019 dt=0.00010987020219486182 residual=0.0001216649016616161 checked=false stop=running
step=2102 time=0.23094721803424015 dt=0.00010987020219995465 residual=0.00012148049167078541 checked=false stop=running
step=2103 time=0.231057088236445 dt=0.0001098702022048563 residual=0.00012129705954671564 checked=false stop=running
step=2104 time=0.23116695843865506 dt=0.00010987020221006047 residual=0.00012111460641403244 checked=false stop=running
step=2105 time=0.23127682864087062 dt=0.00010987020221556651 residual=0.00012093313385456455 checked=false stop=running
step=2106 time=0.23138669884309199 dt=0.00010987020222137397 residual=0.00012075264293087733 checked=false stop=running
step=2107 time=0.23149656904531946 dt=0.00010987020222748223 residual=0.00012057313503911059 checked=false stop=running
step=2108 time=0.23160643924755334 dt=0.00010987020223389078 residual=0.00012039461114865561 checked=false stop=running
step=2109 time=0.23171630944979393 dt=0.00010987020224059905 residual=0.0001202170726050917 checked=false stop=running
step=2110 time=0.23182617965204155 dt=0.00010987020224760647 residual=0.00012004052025338917 checked=false stop=running
step=2111 time=0.23193604985429647 dt=0.00010987020225491251 residual=0.00011986495544177816 checked=false stop=running
step=2112 time=0.232045920056559 dt=0.00010987020226251657 residual=0.00011969037904094402 checked=false stop=running
step=2113 time=0.2321557902588294 dt=0.00010987020227041812 residual=0.00011951679193341801 checked=false stop=running
step=2114 time=0.23226566046110803 dt=0.00010987020227861655 residual=0.00011934419514304163 checked=false stop=running
step=2115 time=0.23237553066339514 dt=0.00010987020228711127 residual=0.00011917258960160199 checked=false stop=running
step=2116 time=0.23248540086569106 dt=0.00010987020229590178 residual=0.00011900197607800679 checked=false stop=running
step=2117 time=0.23259527106799605 dt=0.0001098702023049874 residual=0.00011883235545038274 checked=false stop=running
step=2118 time=0.23270514127031042 dt=0.00010987020231436761 residual=0.0001186637284469287 checked=false stop=running
step=2119 time=0.23281501147263445 dt=0.00010987020232404186 residual=0.00011849609572401415 checked=false stop=running
step=2120 time=0.23292488167496847 dt=0.00010987020233400944 residual=0.00011832945807760728 checked=true stop=running
step=2121 time=0.23303475187731273 dt=0.0001098702023442699 residual=0.00011816381594423278 checked=false stop=running
step=2122 time=0.23314462207966755 dt=0.00010987020235482256 residual=0.00011799917005236651 checked=false stop=running
step=2123 time=0.23325449228203321 dt=0.00010987020236566682 residual=0.00011783552109588683 checked=false stop=running
step=2124 time=0.23336436248441 dt=0.00010987020237680206 residual=0.00011767286931040664 checked=false stop=running
step=2125 time=0.23347423268679823 dt=0.00010987020238822775 residual=0.00011751121508446977 checked=false stop=running
step=2126 time=0.23358410288919818 dt=0.00010987020239994322 residual=0.00011735055912556206 checked=false stop=running
step=2127 time=0.23369397309161014 dt=0.00010987020241194791 residual=0.00011719090175655073 checked=false stop=running
step=2128 time=0.23380384329403436 dt=0.00010987020242424115 residual=0.00011703224314621902 checked=false stop=running
step=2129 time=0.23391371349647119 dt=0.00010987020243682234 residual=0.00011687458347503891 checked=false stop=running
step=2130 time=0.23402358369892087 dt=0.0001098702024496909 residual=0.00011671792343537939 checked=false stop=running
step=2131 time=0.23413345390138371 dt=0.00010987020246284613 residual=0.00011656226268227842 checked=false stop=running
step=2132 time=0.23424332410386001 dt=0.00010987020247628746 residual=0.00011640760184066181 checked=false stop=running
step=2133 time=0.23435319430635002 dt=0.00010987020249001425 residual=0.00011625394058817793 checked=false stop=running
step=2134 time=0.23446306450885404 dt=0.00010987020250402591 residual=0.00011610127922169497 checked=false stop=running
step=2135 time=0.23457293471137236 dt=0.00010987020251832175 residual=0.00011594961752662728 checked=false stop=running
step=2136 time=0.23468280491390525 dt=0.00010987020253290108 residual=0.00011579895604758386 checked=false stop=running
step=2137 time=0.23479267511645302 dt=0.00010987020254776342 residual=0.00011564929403826726 checked=false stop=running
step=2138 time=0.23490254531901592 dt=0.00010987020256290799 residual=0.00011550063167990556 checked=false stop=running
step=2139 time=0.23501241552159424 dt=0.00010987020257833422 residual=0.00011535296882112604 checked=false stop=running
step=2140 time=0.23512228572418828 dt=0.00010987020259404143 residual=0.00011520630508056433 checked=true stop=running
step=2141 time=0.2352321559267983 dt=0.00010987020261002899 residual=0.00011506064044431984 checked=false stop=running
step=2142 time=0.23534202612942459 dt=0.00010987020262629625 residual=0.0001149159741476302 checked=false stop=running
step=2143 time=0.23545189633206742 dt=0.00010987020264284252 residual=0.00011477230623676687 checked=false stop=running
step=2144 time=0.2355617665347271 dt=0.00010987020265966715 residual=0.00011462963637089999 checked=false stop=running
step=2145 time=0.23567163673740388 dt=0.00010987020267676954 residual=0.00011448796387045759 checked=false stop=running
step=2146 time=0.23578150694009803 dt=0.00010987020269414892 residual=0.00011434728840122939 checked=false stop=running
step=2147 time=0.23589137714280983 dt=0.00010987020271180473 residual=0.00011420760921700902 checked=false stop=running
step=2148 time=0.23600124734553957 dt=0.00010987020272973627 residual=0.00011406892592231947 checked=false stop=running
step=2149 time=0.23611111754828751 dt=0.0001098702027479428 residual=0.00011393123768047265 checked=false stop=running
step=2150 time=0.23622098775105393 dt=0.00010987020276642377 residual=0.00011379454395060456 checked=false stop=running
step=2151 time=0.23633085795383912 dt=0.0001098702027851784 residual=0.00011365884423106082 checked=false stop=running
step=2152 time=0.23644072815664333 dt=0.00010987020280420604 residual=0.0001135241375066612 checked=false stop=running
step=2153 time=0.23655059835946685 dt=0.00010987020282350608 residual=0.00011339042289297297 checked=false stop=running
step=2154 time=0.23666046856230993 dt=0.00010987020284307776 residual=0.00011325769959177315 checked=false stop=running
step=2155 time=0.23677033876517287 dt=0.00010987020286292042 residual=0.00011312596680998603 checked=false stop=running
step=2156 time=0.23688020896805589 dt=0.00010987020288303336 residual=0.00011299522353780538 checked=false stop=running
step=2157 time=0.23699007917095932 dt=0.00010987020290341594 residual=0.0001128654688962882 checked=false stop=running
step=2158 time=0.2370999493738834 dt=0.00010987020292406742 residual=0.00011273670129180105 checked=false stop=running
step=2159 time=0.23720981957682838 dt=0.00010987020294498713 residual=0.0001126089204613005 checked=false stop=running
step=2160 time=0.23731968977979456 dt=0.00010987020296617433 residual=0.00011248212446571833 checked=true stop=running
step=2161 time=0.2374295599827822 dt=0.00010987020298762842 residual=0.00011235631272603839 checked=false stop=running
step=2162 time=0.23753943018579154 dt=0.00010987020300934861 residual=0.00011223148336828488 checked=false stop=running
step=2163 time=0.23764930038882287 dt=0.00010987020303133422 residual=0.00011210763569739066 checked=false stop=running
step=2164 time=0.23775917059187646 dt=0.00010987020305358456 residual=0.00011198476816938835 checked=false stop=running
step=2165 time=0.23786904079495255 dt=0.00010987020307609892 residual=0.00011186287985257057 checked=false stop=running
step=2166 time=0.23797891099805143 dt=0.0001098702030988766 residual=0.00011174196829485802 checked=false stop=running
step=2167 time=0.23808878120117336 dt=0.00010987020312191685 residual=0.00011162203274724767 checked=false stop=running
step=2168 time=0.23819865140431856 dt=0.00010987020314521902 residual=0.0001115030720301671 checked=false stop=running
step=2169 time=0.23830852160748733 dt=0.00010987020316878237 residual=0.00011138508366828159 checked=false stop=running
step=2170 time=0.23841839181067995 dt=0.00010987020319260616 residual=0.00011126806660508162 checked=false stop=running
step=2171 time=0.23852826201389662 dt=0.0001098702032166897 residual=0.00011115201937266784 checked=false stop=running
step=2172 time=0.23863813221713764 dt=0.00010987020324103227 residual=0.00011103693967049365 checked=false stop=running
step=2173 time=0.23874800242040328 dt=0.00010987020326563313 residual=0.00011092282651983188 checked=false stop=running
step=2174 time=0.23885787262369376 dt=0.00010987020329049158 residual=0.00011080967748013413 checked=false stop=running
step=2175 time=0.23896774282700936 dt=0.00010987020331560688 residual=0.00011069749122311581 checked=false stop=running
step=2176 time=0.23907761303035033 dt=0.00010987020334097831 residual=0.00011058626532886285 checked=false stop=running
step=2177 time=0.23918748323371694 dt=0.00010987020336660511 residual=0.00011047599794273057 checked=false stop=running
step=2178 time=0.23929735343710942 dt=0.00010987020339248655 residual=0.00011036668751263403 checked=false stop=running
step=2179 time=0.23940722364052805 dt=0.00010987020341862194 residual=0.00011025833200115233 checked=false stop=running
step=2180 time=0.23951709384397307 dt=0.00010987020344501053 residual=0.00011015092873999938 checked=true stop=running
step=2181 time=0.23962696404744471 dt=0.00010987020347165157 residual=0.00011004447652599131 checked=false stop=running
step=2182 time=0.23973683425094325 dt=0.00010987020349854434 residual=0.00010993897282240483 checked=false stop=running
step=2183 time=0.23984670445446893 dt=0.00010987020352568807 residual=0.00010983441490272481 checked=false stop=running
step=2184 time=0.239956574658022 dt=0.00010987020355308204 residual=0.0001097308011320186 checked=false stop=running
step=2185 time=0.24006644486160272 dt=0.00010987020358072552 residual=0.00010962812928497491 checked=false stop=running
step=2186 time=0.24017631506521134 dt=0.00010987020360861774 residual=0.00010952639678706727 checked=false stop=running
step=2187 time=0.2402861852688481 dt=0.00010987020363675799 residual=0.00010942560138413439 checked=false stop=running
step=2188 time=0.24039605547251325 dt=0.00010987020366514548 residual=0.00010932574012043402 checked=false stop=running
step=2189 time=0.24050592567620702 dt=0.00010987020369377947 residual=0.00010922681134583477 checked=false stop=running
step=2190 time=0.24061579587992968 dt=0.00010987020372265917 residual=0.00010912881224537329 checked=false stop=running
step=2191 time=0.24072566608368146 dt=0.00010987020375178391 residual=0.00010903174030975613 checked=false stop=running
step=2192 time=0.2408355362874626 dt=0.00010987020378115287 residual=0.00010893559263384003 checked=false stop=running
step=2193 time=0.24094540649127336 dt=0.00010987020381076537 residual=0.00010884036712876342 checked=false stop=running
step=2194 time=0.24105527669511398 dt=0.00010987020384062056 residual=0.00010874606084902493 checked=false stop=running
step=2195 time=0.24116514689898469 dt=0.00010987020387071774 residual=0.00010865267080223089 checked=false stop=running
step=2196 time=0.24127501710288574 dt=0.00010987020390105614 residual=0.00010856019454649513 checked=false stop=running
step=2197 time=0.24138488730681737 dt=0.000109870203931635 residual=0.00010846862930113761 checked=false stop=running
step=2198 time=0.24149475751077981 dt=0.00010987020396245351 residual=0.00010837797234129367 checked=false stop=running
step=2199 time=0.24160462771477331 dt=0.000109870203993511 residual=0.00010828822053215568 checked=false stop=running
step=2200 time=0.24171449791879812 dt=0.00010987020402480661 residual=0.00010819937069005394 checked=true stop=running
step=2201 time=0.24182436812285446 dt=0.00010987020405633959 residual=0.00010811142075298154 checked=false stop=running
step=2202 time=0.24193423832694258 dt=0.00010987020408810921 residual=0.00010802436686277901 checked=false stop=running
step=2203 time=0.2420441085310627 dt=0.00010987020412011468 residual=0.00010793820619320796 checked=false stop=running
step=2204 time=0.24215397873521505 dt=0.00010987020415235521 residual=0.00010785293585133619 checked=false stop=running
step=2205 time=0.24226384893939987 dt=0.00010987020418483006 residual=0.00010776855245926783 checked=false stop=running
step=2206 time=0.24237371914361741 dt=0.00010987020421753846 residual=0.00010768505292417134 checked=false stop=running
step=2207 time=0.2424835893478679 dt=0.0001098702042504796 residual=0.00010760243464819458 checked=false stop=running
step=2208 time=0.24259345955215156 dt=0.00010987020428365273 residual=0.00010752069300594607 checked=false stop=running
step=2209 time=0.24270332975646861 dt=0.00010987020431705706 residual=0.00010743982599255051 checked=false stop=running
step=2210 time=0.24281319996081929 dt=0.00010987020435069179 residual=0.00010735982956719255 checked=false stop=running
step=2211 time=0.24292307016520384 dt=0.00010987020438455619 residual=0.0001072807011287034 checked=false stop=running
step=2212 time=0.2430329403696225 dt=0.00010987020441864946 residual=0.00010720243602496957 checked=false stop=running
step=2213 time=0.24314281057407547 dt=0.00010987020445297081 residual=0.00010712503242976566 checked=false stop=running
step=2214 time=0.24325268077856299 dt=0.00010987020448751941 residual=0.0001070484853831929 checked=false stop=running
step=2215 time=0.24336255098308529 dt=0.00010987020452229454 residual=0.0001069727925832388 checked=false stop=running
step=2216 time=0.24347242118764259 dt=0.00010987020455729541 residual=0.00010689794890270941 checked=false stop=running
step=2217 time=0.24358229139223511 dt=0.00010987020459252121 residual=0.00010682395286322667 checked=false stop=running
step=2218 time=0.24369216159686308 dt=0.00010987020462797116 residual=0.00010675079892287835 checked=false stop=running
step=2219 time=0.24380203180152671 dt=0.00010987020466364447 residual=0.00010667848464780753 checked=false stop=running
step=2220 time=0.24391190200622626 dt=0.00010987020469954038 residual=0.00010660700605220015 checked=true stop=running
step=2221 time=0.24402177221096191 dt=0.00010987020473565806 residual=0.00010653635876120301 checked=false stop=running
step=2222 time=0.2441316424157339 dt=0.0001098702047719967 residual=0.00010646653988169579 checked=false stop=running
step=2223 time=0.24424151262054244 dt=0.00010987020480855555 residual=0.00010639754534802548 checked=false stop=running
step=2224 time=0.24435138282538779 dt=0.0001098702048453338 residual=0.00010632937137607748 checked=false stop=running
step=2225 time=0.24446125303027011 dt=0.00010987020488233065 residual=0.00010626201394093792 checked=false stop=running
step=2226 time=0.24457112323518965 dt=0.00010987020491954534 residual=0.00010619546885073964 checked=false stop=running
step=2227 time=0.24468099344014663 dt=0.00010987020495697704 residual=0.00010612973217154734 checked=false stop=running
step=2228 time=0.24479086364514124 dt=0.00010987020499462493 residual=0.00010606480128294223 checked=false stop=running
step=2229 time=0.24490073385017372 dt=0.00010987020503248828 residual=0.0001060006703346382 checked=false stop=running
step=2230 time=0.24501060405524427 dt=0.00010987020507056622 residual=0.00010593733698095082 checked=false stop=running
step=2231 time=0.24512047426035313 dt=0.000109870205108858 residual=0.00010587479567044691 checked=false stop=running
step=2232 time=0.24523034446550049 dt=0.00010987020514736278 residual=0.00010581304290189219 checked=false stop=running
step=2233 time=0.24534021467068656 dt=0.0001098702051860798 residual=0.00010575207490308948 checked=false stop=running
step=2234 time=0.24545008487591158 dt=0.00010987020522500827 residual=0.00010569188688809443 checked=false stop=running
step=2235 time=0.24555995508117573 dt=0.00010987020526414729 residual=0.00010563247567942422 checked=false stop=running
step=2236 time=0.24566982528647924 dt=0.00010987020530349616 residual=0.00010557383571775815 checked=false stop=running
step=2237 time=0.2457796954918223 dt=0.00010987020534305406 residual=0.00010551596310193097 checked=false stop=running
step=2238 time=0.24588956569720513 dt=0.00010987020538282012 residual=0.0001054588543788706 checked=false stop=running
step=2239 time=0.24599943590262793 dt=0.00010987020542279359 residual=0.00010540250482005687 checked=false stop=running
step=2240 time=0.2461093061080909 dt=0.00010987020546297366 residual=0.00010534691027506931 checked=true stop=running
step=2241 time=0.24621917631359425 dt=0.0001098702055033595 residual=0.00010529206558099473 checked=false stop=running
step=2242 time=0.2463290465191382 dt=0.00010987020554395033 residual=0.00010523796699724491 checked=false stop=running
step=2243 time=0.24643891672472296 dt=0.00010987020558474532 residual=0.00010518460952165614 checked=false stop=running
step=2244 time=0.24654878693034871 dt=0.00010987020562574369 residual=0.00010513199023097497 checked=false stop=running
step=2245 time=0.24665865713601565 dt=0.00010987020566694459 residual=0.00010508010278759436 checked=false stop=running
step=2246 time=0.246768527341724 dt=0.00010987020570834726 residual=0.00010502894340846606 checked=false stop=running
step=2247 time=0.24687839754747395 dt=0.00010987020574995081 residual=0.00010497850816884119 checked=false stop=running
step=2248 time=0.24698826775326571 dt=0.00010987020579175453 residual=0.00010492879178366623 checked=false stop=running
step=2249 time=0.24709813795909946 dt=0.00010987020583375753 residual=0.00010487979002335737 checked=false stop=running
step=2250 time=0.24720800816497543 dt=0.000109870205875959 residual=0.0001048314980096232 checked=false stop=running
step=2251 time=0.24731787837089378 dt=0.0001098702059183582 residual=0.00010478391164172182 checked=false stop=running
step=2252 time=0.24742774857685473 dt=0.00010987020596095423 residual=0.0001047370259991692 checked=false stop=running
step=2253 time=0.24753761878285849 dt=0.00010987020600374633 residual=0.00010469083607900298 checked=false stop=running
step=2254 time=0.24764748898890523 dt=0.00010987020604673371 residual=0.0001046453374720329 checked=false stop=running
step=2255 time=0.24775735919499514 dt=0.00010987020608991545 residual=0.0001046005253522345 checked=false stop=running
step=2256 time=0.24786722940112843 dt=0.00010987020613329083 residual=0.00010455639545693115 checked=false stop=running
step=2257 time=0.2479770996073053 dt=0.00010987020617685906 residual=0.00010451294280014337 checked=false stop=running
step=2258 time=0.2480869698135259 dt=0.00010987020622061924 residual=0.00010447016220643957 checked=false stop=running
step=2259 time=0.24819684001979048 dt=0.00010987020626457057 residual=0.00010442804911299627 checked=false stop=running
step=2260 time=0.24830671022609918 dt=0.00010987020630871224 residual=0.00010438659840172482 checked=true stop=running
step=2261 time=0.24841658043245221 dt=0.0001098702063530435 residual=0.00010434580633095413 checked=false stop=running
step=2262 time=0.24852645063884976 dt=0.00010987020639756342 residual=0.00010430566700116891 checked=false stop=running
step=2263 time=0.24863632084529202 dt=0.00010987020644227127 residual=0.00010426617568151959 checked=false stop=running
step=2264 time=0.2487461910517792 dt=0.0001098702064871662 residual=0.00010422732826031149 checked=false stop=running
step=2265 time=0.24885606125831145 dt=0.00010987020653224738 residual=0.00010418911798533145 checked=false stop=running
step=2266 time=0.24896593146488896 dt=0.00010987020657751404 residual=0.00010415154179313611 checked=false stop=running
step=2267 time=0.24907580167151191 dt=0.00010987020662296532 residual=0.00010411459462724122 checked=false stop=running
step=2268 time=0.24918567187818053 dt=0.00010987020666860041 residual=0.00010407827051049453 checked=false stop=running
step=2269 time=0.24929554208489493 dt=0.00010987020671441849 residual=0.00010404256438249388 checked=false stop=running
step=2270 time=0.24940541229165536 dt=0.00010987020676041879 residual=0.00010400747254953919 checked=false stop=running
step=2271 time=0.24951528249846197 dt=0.00010987020680660044 residual=0.00010397298862019934 checked=false stop=running
step=2272 time=0.24962515270531493 dt=0.00010987020685296259 residual=0.00010393910823593967 checked=false stop=running
step=2273 time=0.24973502291221444 dt=0.00010987020689950446 residual=0.00010390582649011307 checked=false stop=running
step=2274 time=0.24984489311916067 dt=0.00010987020694622524 residual=0.00010387313848016429 checked=false stop=running
step=2275 time=0.24995476332615379 dt=0.00010987020699312411 residual=0.00010384103815916074 checked=false stop=running
step=2276 time=0.25006463353319397 dt=0.00010987020704020023 residual=0.0001038095208695427 checked=false stop=running
step=2277 time=0.25017450374028144 dt=0.00010987020708745278 residual=0.00010377858236519927 checked=false stop=running
step=2278 time=0.25028437394741632 dt=0.000109870207134881 residual=0.00010374821651508198 checked=false stop=running
step=2279 time=0.25039424415459882 dt=0.00010987020718248395 residual=0.00010371841821019633 checked=false stop=running
step=2280 time=0.25050411436182907 dt=0.00010987020723026094 residual=0.00010368918304111433 checked=true stop=running
step=2281 time=0.25061398456910727 dt=0.00010987020727821108 residual=0.00010366050528845442 checked=false stop=running
step=2282 time=0.25072385477643361 dt=0.00010987020732633353 residual=0.0001036323802859358 checked=false stop=running
step=2283 time=0.25083372498380824 dt=0.00010987020737462752 residual=0.00010360480216099855 checked=false stop=running
step=2284 time=0.25094359519123133 dt=0.00010987020742309221 residual=0.00010357776627339996 checked=false stop=running
step=2285 time=0.25105346539870305 dt=0.00010987020747172677 residual=0.00010355126726066405 checked=false stop=running
step=2286 time=0.25116333560622356 dt=0.00010987020752053043 residual=0.00010352529920751439 checked=false stop=running
step=2287 time=0.25127320581379309 dt=0.00010987020756950229 residual=0.00010349985887874625 checked=false stop=running
step=2288 time=0.25138307602141174 dt=0.0001098702076186416 residual=0.00010347493870654871 checked=false stop=running
step=2289 time=0.25149294622907969 dt=0.0001098702076679475 residual=0.00010345053515110838 checked=false stop=running
step=2290 time=0.25160281643679711 dt=0.0001098702077174192 residual=0.00010342664181765685 checked=false stop=running
step=2291 time=0.25171268664456414 dt=0.00010987020776705587 residual=0.0001034032542774827 checked=false stop=running
step=2292 time=0.25182255685238097 dt=0.00010987020781685668 residual=0.00010338036676451066 checked=false stop=running
step=2293 time=0.25193242706024782 dt=0.00010987020786682078 residual=0.00010335797432597901 checked=false stop=running
step=2294 time=0.25204229726816479 dt=0.00010987020791694742 residual=0.0001033360717885931 checked=false stop=running
step=2295 time=0.25215216747613201 dt=0.00010987020796723568 residual=0.00010331465385936258 checked=false stop=running
step=2296 time=0.25226203768414968 dt=0.00010987020801768488 residual=0.0001032937154501176 checked=false stop=running
step=2297 time=0.25237190789221797 dt=0.00010987020806829414 residual=0.00010327325027625703 checked=false stop=running
step=2298 time=0.25248177810033706 dt=0.00010987020811906261 residual=0.00010325325446058572 checked=false stop=running
step=2299 time=0.25259164830850706 dt=0.0001098702081699895 residual=0.00010323372083143245 checked=false stop=running
step=2300 time=0.25270151851672812 dt=0.00010987020822107399 residual=0.00010321464594552186 checked=true stop=running
step=2301 time=0.25281138872500042 dt=0.00010987020827231522 residual=0.00010319602357547081 checked=false stop=running
step=2302 time=0.25292125893332412 dt=0.00010987020832371238 residual=0.00010317784878329227 checked=false stop=running
step=2303 time=0.2530311291416994 dt=0.00010987020837526477 residual=0.00010316011590247191 checked=false stop=running
step=2304 time=0.25314099935012635 dt=0.00010987020842697143 residual=0.00010314281991987496 checked=false stop=running
step=2305 time=0.25325086955860521 dt=0.00010987020847883167 residual=0.00010312595548589396 checked=false stop=running
step=2306 time=0.25336073976713608 dt=0.00010987020853084453 residual=0.00010310951677055791 checked=false stop=running
step=2307 time=0.25347060997571907 dt=0.00010987020858300925 residual=0.0001030934990807218 checked=false stop=running
step=2308 time=0.25358048018435442 dt=0.00010987020863532507 residual=0.00010307789722136473 checked=false stop=running
step=2309 time=0.25369035039304222 dt=0.00010987020868779115 residual=0.0001030627055025131 checked=false stop=running
step=2310 time=0.25380022060178264 dt=0.00010987020874040664 residual=0.00010304791864197739 checked=false stop=running
step=2311 time=0.25391009081057581 dt=0.00010987020879317072 residual=0.00010303353155481877 checked=false stop=running
step=2312 time=0.25401996101942187 dt=0.00010987020884608263 residual=0.00010301953861744983 checked=false stop=running
step=2313 time=0.254129831228321 dt=0.00010987020889914152 residual=0.00010300593386122936 checked=false stop=running
step=2314 time=0.25423970143727337 dt=0.00010987020895234654 residual=0.00010299271398201939 checked=false stop=running
step=2315 time=0.25434957164627908 dt=0.00010987020900569698 residual=0.00010297987202873343 checked=false stop=running
step=2316 time=0.25445944185533825 dt=0.00010987020905919192 residual=0.00010296740282066776 checked=false stop=running
step=2317 time=0.2545693120644511 dt=0.0001098702091128306 residual=0.00010295530130502011 checked=false stop=running
step=2318 time=0.25467918227361769 dt=0.0001098702091666122 residual=0.00010294356230076633 checked=false stop=running
step=2319 time=0.25478905248283823 dt=0.00010987020922053593 residual=0.00010293217989262096 checked=false stop=running
step=2320 time=0.25489892269211284 dt=0.00010987020927460091 residual=0.00010292114969067312 checked=true stop=running
step=2321 time=0.25500879290144163 dt=0.00010987020932880642 residual=0.00010291046570216049 checked=false stop=running
step=2322 time=0.25511866311082476 dt=0.00010987020938315158 residual=0.00010290012298153446 checked=false stop=running
step=2323 time=0.25522853332026241 dt=0.00010987020943763563 residual=0.00010289011579905071 checked=false stop=running
step=2324 time=0.25533840352975468 dt=0.00010987020949225771 residual=0.00010288043918347678 checked=false stop=running
step=2325 time=0.25544827373930168 dt=0.00010987020954701703 residual=0.00010287108829038794 checked=false stop=running
step=2326 time=0.25555814394890358 dt=0.00010987020960191282 residual=0.0001028620573919228 checked=false stop=running
step=2327 time=0.25566801415856055 dt=0.00010987020965694418 residual=0.00010285334099006688 checked=false stop=running
step=2328 time=0.25577788436827265 dt=0.00010987020971211039 residual=0.0001028449338721656 checked=false stop=running
step=2329 time=0.25588775457804008 dt=0.00010987020976741061 residual=0.00010283683124979753 checked=false stop=running
step=2330 time=0.25599762478786292 dt=0.00010987020982284407 residual=0.00010282902729653543 checked=false stop=running
step=2331 time=0.25610749499774133 dt=0.00010987020987840992 residual=0.00010282151622900347 checked=false stop=running
step=2332 time=0.25621736520767541 dt=0.00010987020993410731 residual=0.00010281429468547624 checked=false stop=running
step=2333 time=0.25632723541766533 dt=0.00010987020998993553 residual=0.00010280735627509752 checked=false stop=running
step=2334 time=0.25643710562771121 dt=0.00010987021004589374 residual=0.00010280069503632162 checked=false stop=running
step=2335 time=0.25654697583781322 dt=0.0001098702101019811 residual=0.00010279430695615904 checked=false stop=running
step=2336 time=0.2566568460479714 dt=0.00010987021015819688 residual=0.00010278818644550394 checked=false stop=running
step=2337 time=0.25676671625818592 dt=0.00010987021021454022 residual=0.00010278232802938923 checked=false stop=running
step=2338 time=0.25687658646845696 dt=0.00010987021027101032 residual=0.00010277672662357201 checked=false stop=running
step=2339 time=0.25698645667878456 dt=0.00010987021032760642 residual=0.00010277137711967722 checked=false stop=running
step=2340 time=0.25709632688916889 dt=0.00010987021038432772 residual=0.00010276627392737271 checked=true stop=running
step=2341 time=0.25720619709961007 dt=0.00010987021044117335 residual=0.00010276141273678302 checked=false stop=running
step=2342 time=0.2573160673101082 dt=0.00010987021049814257 residual=0.0001027567879864132 checked=false stop=running
step=2343 time=0.25742593752066345 dt=0.00010987021055523455 residual=0.000102752393169786 checked=false stop=running
step=2344 time=0.25753580773127588 dt=0.00010987021061244853 residual=0.00010274822625049055 checked=false stop=running
step=2345 time=0.25764567794194565 dt=0.00010987021066978368 residual=0.00010274427919175545 checked=false stop=running
step=2346 time=0.25775554815267288 dt=0.00010987021072723921 residual=0.00010274054761119254 checked=false stop=running
step=2347 time=0.25786541836345767 dt=0.00010987021078481433 residual=0.00010273702754165693 checked=false stop=running
step=2348 time=0.25797528857430019 dt=0.00010987021084250825 residual=0.00010273371204091121 checked=false stop=running
step=2349 time=0.2580851587852005 dt=0.00010987021090032016 residual=0.00010273059724970519 checked=false stop=running
step=2350 time=0.25819502899615876 dt=0.00010987021095824927 residual=0.0001027276780806656 checked=false stop=running
step=2351 time=0.25830489920717503 dt=0.0001098702110162948 residual=0.00010272494930347388 checked=false stop=running
step=2352 time=0.25841476941824948 dt=0.00010987021107445594 residual=0.00010272240479434818 checked=false stop=running
step=2353 time=0.25852463962938221 dt=0.00010987021113273188 residual=0.00010272004138939883 checked=false stop=running
step=2354 time=0.25863450984057335 dt=0.0001098702111911219 residual=0.0001027178529253112 checked=false stop=running
step=2355 time=0.25874438005182299 dt=0.00010987021124962514 residual=0.00010271583456650395 checked=false stop=running
step=2356 time=0.25885425026313125 dt=0.00010987021130824085 residual=0.00010271398164502165 checked=false stop=running
step=2357 time=0.25896412047449824 dt=0.00010987021136696823 residual=0.00010271228809625916 checked=false stop=running
step=2358 time=0.25907399068592407 dt=0.00010987021142580647 residual=0.000102710749534204 checked=false stop=running
step=2359 time=0.2591838608974088 dt=0.0001098702114847548 residual=0.00010270936159454415 checked=false stop=running
step=2360 time=0.2592937311089526 dt=0.00010987021154381245 residual=0.00010270811807860624 checked=true stop=running
step=2361 time=0.25940360132055557 dt=0.00010987021160297862 residual=0.00010270701539115628 checked=false stop=running
step=2362 time=0.25951347153221782 dt=0.00010987021166225253 residual=0.00010270604861732774 checked=false stop=running
step=2363 time=0.25962334174393947 dt=0.00010987021172163341 residual=0.00010270521150686995 checked=false stop=running
step=2364 time=0.25973321195572058 dt=0.00010987021178112042 residual=0.00010270449947033815 checked=false stop=running
step=2365 time=0.2598430821675613 dt=0.00010987021184071281 residual=0.00010270390875512017 checked=false stop=running
step=2366 time=0.2599529523794617 dt=0.00010987021190040985 residual=0.00010270343318242431 checked=false stop=running
step=2367 time=0.26006282259142188 dt=0.00010987021196021071 residual=0.00010270306867306997 checked=false stop=running
step=2368 time=0.26017269280344202 dt=0.00010987021202011462 residual=0.00010270281049428717 checked=false stop=running
step=2369 time=0.26028256301552216 dt=0.00010987021208012076 residual=0.00010270265266186828 checked=false stop=running
step=2370 time=0.26039243322766237 dt=0.00010987021214022842 residual=0.00010270259138882052 checked=false stop=running
step=2371 time=0.2605023034398628 dt=0.00010987021220043679 residual=0.00010270262240209337 checked=false stop=running
step=2372 time=0.26061217365212352 dt=0.0001098702122607451 residual=0.00010270273945432906 checked=false stop=running
step=2373 time=0.2607220438644447 dt=0.00010987021232115259 residual=0.00010270293902227761 checked=false stop=running
step=2374 time=0.26083191407682638 dt=0.00010987021238165845 residual=0.00010270321565139183 checked=false stop=running
step=2375 time=0.26094178428926862 dt=0.00010987021244226192 residual=0.00010270356507342109 checked=false stop=running
step=2376 time=0.26105165450177159 dt=0.00010987021250296225 residual=0.00010270398097257147 checked=false stop=running
step=2377 time=0.26116152471433535 dt=0.00010987021256375862 residual=0.00010270446151281558 checked=false stop=running
step=2378 time=0.26127139492696 dt=0.00010987021262465028 residual=0.00010270499972202317 checked=false stop=running
step=2379 time=0.26138126513964566 dt=0.00010987021268563653 residual=0.0001027055910799389 checked=false stop=running
step=2380 time=0.26149113535239238 dt=0.00010987021274671651 residual=0.000102706231960828 checked=true stop=running
step=2381 time=0.26160100556520027 dt=0.00010987021280788948 residual=0.00010270691763129447 checked=false stop=running
step=2382 time=0.26171087577806945 dt=0.00010987021286915471 residual=0.00010270764284381687 checked=false stop=running
step=2383 time=0.26182074599099997 dt=0.00010987021293051135 residual=0.00010270840305804609 checked=false stop=running
step=2384 time=0.26193061620399194 dt=0.00010987021299195872 residual=0.00010270919456771602 checked=false stop=running
step=2385 time=0.26204048641704542 dt=0.00010987021305349601 residual=0.00010271001172311514 checked=false stop=running
step=2386 time=0.26215035663016056 dt=0.0001098702131151225 residual=0.00010271085060824112 checked=false stop=running
step=2387 time=0.26226022684333739 dt=0.00010987021317683742 residual=0.00010271170647440002 checked=false stop=running
step=2388 time=0.26237009705657605 dt=0.00010987021323863991 residual=0.0001027125751801188 checked=false stop=running
step=2389 time=0.2624799672698766 dt=0.00010987021330052934 residual=0.00010271345038757021 checked=false stop=running
step=2390 time=0.26258983748323911 dt=0.00010987021336250489 residual=0.00010271433073621453 checked=false stop=running
step=2391 time=0.26269970769666368 dt=0.0001098702134245658 residual=0.0001027152101109032 checked=false stop=running
step=2392 time=0.26280957791015036 dt=0.00010987021348671134 residual=0.00010271608269514844 checked=false stop=running
step=2393 time=0.26291944812369933 dt=0.00010987021354894073 residual=0.00010271694655949552 checked=false stop=running
step=2394 time=0.26302931833731058 dt=0.00010987021361125324 residual=0.00010271779682012902 checked=false stop=running
step=2395 time=0.26313918855098423 dt=0.00010987021367364809 residual=0.00010271862785704428 checked=false stop=running
step=2396 time=0.26324905876472038 dt=0.00010987021373612455 residual=0.00010271943597362641 checked=false stop=running
step=2397 time=0.26335892897851904 dt=0.00010987021379868186 residual=0.00010272021671729579 checked=false stop=running
step=2398 time=0.26346879919238037 dt=0.00010987021386131921 residual=0.00010272096629295291 checked=false stop=running
step=2399 time=0.26357866940630442 dt=0.00010987021392403597 residual=0.00010272167983224343 checked=false stop=running
step=2400 time=0.26368853962029126 dt=0.00010987021398683132 residual=0.00010272235236481521 checked=true stop=running
step=2401 time=0.26379840983434094 dt=0.00010987021404970448 residual=0.0001027229815257362 checked=false stop=running
step=2402 time=0.26390828004845357 dt=0.00010987021411265479 residual=0.00010272356192262552 checked=false stop=running
step=2403 time=0.26401815026262926 dt=0.00010987021417568143 residual=0.00010272408879220752 checked=false stop=running
step=2404 time=0.26412802047686806 dt=0.0001098702142387837 residual=0.00010272455873902895 checked=false stop=running
step=2405 time=0.26423789069117004 dt=0.00010987021430196082 residual=0.0001027249676329928 checked=false stop=running
step=2406 time=0.26434776090553525 dt=0.00010987021436521211 residual=0.00010272531085817257 checked=false stop=running
step=2407 time=0.26445763111996379 dt=0.00010987021442853674 residual=0.00010272558490304405 checked=false stop=running
step=2408 time=0.26456750133445572 dt=0.00010987021449193401 residual=0.00010272578491295161 checked=false stop=running
step=2409 time=0.26467737154901111 dt=0.00010987021455540323 residual=0.00010272590712640892 checked=false stop=running
step=2410 time=0.26478724176363005 dt=0.00010987021461894361 residual=0.00010272594857949539 checked=false stop=running
step=2411 time=0.26489711197831262 dt=0.0001098702146825544 residual=0.00010272590275774088 checked=false stop=running
step=2412 time=0.26500698219305885 dt=0.0001098702147462349 residual=0.00010272576685418384 checked=false stop=running
step=2413 time=0.26511685240786881 dt=0.00010987021480998437 residual=0.00010272553745711645 checked=false stop=running
step=2414 time=0.26522672262274261 dt=0.00010987021487380209 residual=0.00010272520956551162 checked=false stop=running
step=2415 time=0.2653365928376803 dt=0.00010987021493768729 residual=0.00010272478000651303 checked=false stop=running
step=2416 time=0.26544646305268194 dt=0.00010987021500163927 residual=0.00010272424510321979 checked=false stop=running
step=2417 time=0.26555633326774758 dt=0.00010987021506565726 residual=0.00010272359981545297 checked=false stop=running
step=2418 time=0.26566620348287734 dt=0.00010987021512974059 residual=0.00010272284023743144 checked=false stop=running
step=2419 time=0.26577607369807121 dt=0.0001098702151938885 residual=0.00010272196337727081 checked=false stop=running
step=2420 time=0.26588594391332931 dt=0.00010987021525810023 residual=0.00010272096547400721 checked=true stop=running
step=2421 time=0.2659958141286517 dt=0.00010987021532237515 residual=0.00010271984164871984 checked=false stop=running
step=2422 time=0.26610568434403842 dt=0.00010987021538671242 residual=0.00010271858919805962 checked=false stop=running
step=2423 time=0.26621555455948953 dt=0.00010987021545111141 residual=0.00010271720310677018 checked=false stop=running
step=2424 time=0.26632542477500509 dt=0.00010987021551557133 residual=0.0001027156804209733 checked=false stop=running
step=2425 time=0.26643529499058516 dt=0.0001098702155800915 residual=0.00010271401714320563 checked=false stop=running
step=2426 time=0.26654516520622984 dt=0.00010987021564467118 residual=0.00010271220928510345 checked=false stop=running
step=2427 time=0.26665503542193913 dt=0.00010987021570930971 residual=0.00010271025310877244 checked=false stop=running
step=2428 time=0.26676490563771316 dt=0.0001098702157740063 residual=0.00010270814517136518 checked=false stop=running
step=2429 time=0.2668747758535519 dt=0.00010987021583876025 residual=0.00010270588203204915 checked=false stop=running
step=2430 time=0.26698464606945549 dt=0.00010987021590357085 residual=0.00010270345980127755 checked=false stop=running
step=2431 time=0.26709451628542391 dt=0.00010987021596843741 residual=0.00010270087558287366 checked=false stop=running
step=2432 time=0.26720438650145728 dt=0.00010987021603335917 residual=0.00010269812488497076 checked=false stop=running
step=2433 time=0.2673142567175556 dt=0.00010987021609833546 residual=0.00010269520345629901 checked=false stop=running
step=2434 time=0.26742412693371898 dt=0.00010987021616336556 residual=0.00010269210918475087 checked=false stop=running
step=2435 time=0.26753399714994741 dt=0.00010987021622844875 residual=0.00010268883718434838 checked=false stop=running
step=2436 time=0.26764386736624102 dt=0.00010987021629358435 residual=0.00010268538514809371 checked=false stop=running
step=2437 time=0.26775373758259979 dt=0.00010987021635877163 residual=0.00010268174953466155 checked=false stop=running
step=2438 time=0.2678636077990238 dt=0.00010987021642400992 residual=0.00010267792554274727 checked=false stop=running
step=2439 time=0.26797347801551308 dt=0.00010987021648929843 residual=0.00010267391095943972 checked=false stop=running
step=2440 time=0.2680833482320677 dt=0.00010987021655463654 residual=0.00010266970232984 checked=true stop=running
step=2441 time=0.26819321844868771 dt=0.00010987021662002353 residual=0.0001026652941235305 checked=false stop=running
step=2442 time=0.26830308866537317 dt=0.0001098702166854587 residual=0.00010266068713951428 checked=false stop=running
step=2443 time=0.26841295888212413 dt=0.00010987021675094134 residual=0.00010265587433149071 checked=false stop=running
step=2444 time=0.2685228290989406 dt=0.00010987021681647075 residual=0.00010265085296576048 checked=false stop=running
step=2445 time=0.26863269931582262 dt=0.00010987021688204618 residual=0.00010264562142773478 checked=false stop=running
step=2446 time=0.26874256953277031 dt=0.00010987021694766704 residual=0.00010264017455887507 checked=false stop=running
step=2447 time=0.26885243974978362 dt=0.00010987021701333259 residual=0.00010263451125585122 checked=false stop=running
step=2448 time=0.26896230996686266 dt=0.00010987021707904214 residual=0.00010262862441508488 checked=false stop=running
step=2449 time=0.26907218018400747 dt=0.00010987021714479497 residual=0.00010262251522553854 checked=false stop=running
step=2450 time=0.26918205040121806 dt=0.00010987021721059042 residual=0.0001026161780991457 checked=false stop=running
step=2451 time=0.2692919206184945 dt=0.00010987021727642781 residual=0.00010260961010931441 checked=false stop=running
step=2452 time=0.26940179083583682 dt=0.00010987021734230641 residual=0.00010260280881063914 checked=false stop=running
step=2453 time=0.26951166105324503 dt=0.00010987021740822558 residual=0.00010259576965612268 checked=false stop=running
step=2454 time=0.26962153127071919 dt=0.00010987021747418462 residual=0.00010258848967654224 checked=false stop=running
step=2455 time=0.26973140148825936 dt=0.0001098702175401828 residual=0.00010258096823473857 checked=false stop=running
step=2456 time=0.26984127170586558 dt=0.00010987021760621953 residual=0.00010257319884492448 checked=false stop=running
step=2457 time=0.26995114192353786 dt=0.000109870217672294 residual=0.0001025651809210211 checked=false stop=running
step=2458 time=0.27006101214127626 dt=0.00010987021773840566 residual=0.00010255691072254107 checked=false stop=running
step=2459 time=0.27017088235908082 dt=0.00010987021780455376 residual=0.0001025483843228803 checked=false stop=running
step=2460 time=0.27028075257695156 dt=0.00010987021787073765 residual=0.00010253960008244801 checked=true stop=running
step=2461 time=0.27039062279488851 dt=0.00010987021793695662 residual=0.00010253055424899689 checked=false stop=running
step=2462 time=0.2705004930128917 dt=0.00010987021800321002 residual=0.00010252124456156549 checked=false stop=running
step=2463 time=0.27061036323096122 dt=0.00010987021806949713 residual=0.00010251166745891149 checked=false stop=running
step=2464 time=0.27072023344909701 dt=0.0001098702181358174 residual=0.00010250182045251062 checked=false stop=running
step=2465 time=0.2708301036672992 dt=0.00010987021820217001 residual=0.00010249170012767168 checked=false stop=running
step=2466 time=0.27093997388556779 dt=0.00010987021826855437 residual=0.00010248130412908292 checked=false stop=running
step=2467 time=0.27104984410390276 dt=0.0001098702183349698 residual=0.00010247062874434725 checked=false stop=running
step=2468 time=0.27115971432230418 dt=0.00010987021840141561 residual=0.00010245967298815892 checked=false stop=running
step=2469 time=0.27126958454077205 dt=0.00010987021846789117 residual=0.0001024484329809071 checked=false stop=running
step=2470 time=0.27137945475930642 dt=0.00010987021853439581 residual=0.00010243690571506524 checked=false stop=running
step=2471 time=0.27148932497790734 dt=0.00010987021860092884 residual=0.00010242508893031543 checked=false stop=running
step=2472 time=0.27159919519657483 dt=0.00010987021866748962 residual=0.00010241297864721786 checked=false stop=running
step=2473 time=0.27170906541530893 dt=0.00010987021873407746 residual=0.00010240057381967977 checked=false stop=running
step=2474 time=0.27181893563410964 dt=0.00010987021880069171 residual=0.00010238787147208344 checked=false stop=running
step=2475 time=0.27192880585297696 dt=0.00010987021886733175 residual=0.00010237486923993531 checked=false stop=running
step=2476 time=0.27203867607191096 dt=0.00010987021893399683 residual=0.0001023615637373427 checked=false stop=running
step=2477 time=0.27214854629091162 dt=0.00010987021900068642 residual=0.00010234795249165661 checked=false stop=running
step=2478 time=0.27225841650997901 dt=0.00010987021906739978 residual=0.00010233403245075435 checked=false stop=running
step=2479 time=0.27236828672911312 dt=0.00010987021913413626 residual=0.00010231980272369242 checked=false stop=running
step=2480 time=0.27247815694831401 dt=0.00010987021920089523 residual=0.00010230525864492682 checked=true stop=running
step=2481 time=0.27258802716758168 dt=0.00010987021926767605 residual=0.00010229039936327196 checked=false stop=running
step=2482 time=0.27269789738691613 dt=0.00010987021933447803 residual=0.00010227522167851638 checked=false stop=running
step=2483 time=0.27280776760631742 dt=0.00010987021940130056 residual=0.00010225972290844652 checked=false stop=running
step=2484 time=0.27291763782578554 dt=0.00010987021946814296 residual=0.00010224390141652376 checked=false stop=running
step=2485 time=0.27302750804532055 dt=0.00010987021953500463 residual=0.00010222775386419666 checked=false stop=running
step=2486 time=0.27313737826492246 dt=0.00010987021960188488 residual=0.00010221127925273366 checked=false stop=running
step=2487 time=0.27324724848459125 dt=0.00010987021966878309 residual=0.00010219447404681706 checked=false stop=running
step=2488 time=0.27335711870432694 dt=0.00010987021973569859 residual=0.0001021773365554681 checked=false stop=running
step=2489 time=0.27346698892412957 dt=0.00010987021980263078 residual=0.00010215986321213888 checked=false stop=running
step=2490 time=0.27357685914399915 dt=0.00010987021986957898 residual=0.0001021420529746745 checked=false stop=running
step=2491 time=0.27368672936393568 dt=0.00010987021993654257 residual=0.00010212390358649976 checked=false stop=running
step=2492 time=0.2737965995839392 dt=0.00010987022000352098 residual=0.00010210541101851706 checked=false stop=running
step=2493 time=0.27390646980400973 dt=0.00010987022007051345 residual=0.000102086574942745 checked=false stop=running
step=2494 time=0.27401634002414726 dt=0.0001098702201375194 residual=0.00010206739271098463 checked=false stop=running
step=2495 time=0.2741262102443518 dt=0.00010987022020453823 residual=0.00010204786235416897 checked=false stop=running
step=2496 time=0.27423608046462339 dt=0.0001098702202715693 residual=0.0001020279811782329 checked=false stop=running
step=2497 time=0.27434595068496198 dt=0.00010987022033861192 residual=0.00010200774699159749 checked=false stop=running
step=2498 time=0.27445582090536763 dt=0.00010987022040566554 residual=0.00010198715788053772 checked=false stop=running
step=2499 time=0.27456569112584034 dt=0.00010987022047272947 residual=0.00010196621268698022 checked=false stop=running
step=2500 time=0.27467556134638016 dt=0.00010987022053980304 residual=0.00010194490730647221 checked=true stop=running
step=2501 time=0.27478543156698704 dt=0.0001098702206068858 residual=0.00010192324166268926 checked=false stop=running
step=2502 time=0.27489530178766103 dt=0.00010987022067397698 residual=0.00010190121296219009 checked=false stop=running
step=2503 time=0.27500517200840208 dt=0.00010987022074107597 residual=0.00010187881847807994 checked=false stop=running
step=2504 time=0.27511504222921024 dt=0.00010987022080818221 residual=0.00010185605778520084 checked=false stop=running
step=2505 time=0.27522491245008551 dt=0.00010987022087529505 residual=0.00010183292705915864 checked=false stop=running
step=2506 time=0.2753347826710279 dt=0.00010987022094241386 residual=0.00010180942573030659 checked=false stop=running
step=2507 time=0.27544465289203746 dt=0.00010987022100953803 residual=0.00010178555187472606 checked=false stop=running
step=2508 time=0.27555452311311412 dt=0.00010987022107666692 residual=0.00010176130317446094 checked=false stop=running
step=2509 time=0.27566439333425791 dt=0.00010987022114379999 residual=0.00010173667686325119 checked=false stop=running
step=2510 time=0.27577426355546886 dt=0.00010987022121093652 residual=0.00010171167256151358 checked=false stop=running
step=2511 time=0.27588413377674692 dt=0.00010987022127807597 residual=0.00010168628805390918 checked=false stop=running
step=2512 time=0.27599400399809215 dt=0.00010987022134521771 residual=0.00010166052135089137 checked=false stop=running
step=2513 time=0.2761038742195045 dt=0.00010987022141236116 residual=0.00010163437051869659 checked=false stop=running
step=2514 time=0.27621374444098401 dt=0.00010987022147950565 residual=0.00010160783411396754 checked=false stop=running
step=2515 time=0.27632361466253064 dt=0.00010987022154665064 residual=0.00010158091001728832 checked=false stop=running
step=2516 time=0.27643348488414443 dt=0.00010987022161379546 residual=0.00010155359798336081 checked=false stop=running
step=2517 time=0.27654335510582539 dt=0.00010987022168093959 residual=0.00010152589408646738 checked=false stop=running
step=2518 time=0.27665322532757347 dt=0.00010987022174808233 residual=0.00010149779826176835 checked=false stop=running
step=2519 time=0.27676309554938872 dt=0.00010987022181522315 residual=0.00010146930737628247 checked=false stop=running
step=2520 time=0.27687296577127107 dt=0.00010987022188236142 residual=0.00010144042100283989 checked=true stop=running
step=2521 time=0.27698283599322054 dt=0.00010987022194949655 residual=0.00010141113740298096 checked=false stop=running
step=2522 time=0.27709270621523718 dt=0.00010987022201662789 residual=0.00010138145469174867 checked=false stop=running
step=2523 time=0.27720257643732094 dt=0.00010987022208375494 residual=0.0001013513722784335 checked=false stop=running
step=2524 time=0.2773124466594718 dt=0.00010987022215087707 residual=0.00010132088744824292 checked=false stop=running
step=2525 time=0.27742231688168978 dt=0.00010987022221799367 residual=0.00010128999930503697 checked=false stop=running
step=2526 time=0.27753218710397487 dt=0.00010987022228510413 residual=0.00010125870462808171 checked=false stop=running
step=2527 time=0.27764205732632707 dt=0.00010987022235220786 residual=0.00010122700500598079 checked=false stop=running
step=2528 time=0.27775192754874639 dt=0.00010987022241930432 residual=0.00010119489717154468 checked=false stop=running
step=2529 time=0.27786179777123277 dt=0.00010987022248639288 residual=0.00010116237975818089 checked=false stop=running
step=2530 time=0.27797166799378625 dt=0.00010987022255347301 residual=0.00010112945146808686 checked=false stop=running
step=2531 time=0.2780815382164068 dt=0.00010987022262054403 residual=0.00010109611083257062 checked=false stop=running
step=2532 time=0.2781914084390944 dt=0.00010987022268760539 residual=0.00010106235739241821 checked=false stop=running
step=2533 time=0.27830127866184906 dt=0.00010987022275465657 residual=0.00010102818829519649 checked=false stop=running
step=2534 time=0.27841114888467078 dt=0.00010987022282169692 residual=0.00010099360360466026 checked=false stop=running
step=2535 time=0.2785210191075595 dt=0.00010987022288872587 residual=0.00010095860118378608 checked=false stop=running
step=2536 time=0.27863088933051522 dt=0.00010987022295574285 residual=0.00010092318003369681 checked=false stop=running
step=2537 time=0.27874075955353794 dt=0.00010987022302274726 residual=0.00010088733861916375 checked=false stop=running
step=2538 time=0.27885062977662767 dt=0.00010987022308973858 residual=0.00010085107667387152 checked=false stop=running
step=2539 time=0.27896049999978439 dt=0.00010987022315671619 residual=0.00010081439180138273 checked=false stop=running
step=2540 time=0.27907037022300807 dt=0.00010987022322367952 residual=0.00010077728347587004 checked=true stop=running
step=2541 time=0.27918024044629869 dt=0.00010987022329062799 residual=0.00010073975092749045 checked=false stop=running
step=2542 time=0.27929011066965626 dt=0.00010987022335756106 residual=0.00010070179192588617 checked=false stop=running
step=2543 time=0.27939998089308071 dt=0.00010987022342447815 residual=0.00010066340518881731 checked=false stop=running
step=2544 time=0.27950985111657212 dt=0.00010987022349137866 residual=0.00010062459071041688 checked=false stop=running
step=2545 time=0.27961972134013036 dt=0.00010987022355826203 residual=0.00010058534860292543 checked=false stop=running
step=2546 time=0.27972959156375549 dt=0.00010987022362512775 residual=0.00010054567511438793 checked=false stop=running
step=2547 time=0.27983946178744745 dt=0.00010987022369197518 residual=0.00010050556948505539 checked=false stop=running
step=2548 time=0.27994933201120625 dt=0.00010987022375880381 residual=0.00010046503308282204 checked=false stop=running
step=2549 time=0.28005920223503189 dt=0.00010987022382561304 residual=0.00010042406242889643 checked=false stop=running
step=2550 time=0.28016907245892431 dt=0.00010987022389240233 residual=0.00010038265697442952 checked=false stop=running
step=2551 time=0.2802789426828835 dt=0.00010987022395917113 residual=0.00010034081682583613 checked=false stop=running
step=2552 time=0.28038881290690942 dt=0.00010987022402591885 residual=0.00010029854135124051 checked=false stop=running
step=2553 time=0.28049868313100207 dt=0.00010987022409264494 residual=0.00010025582833626271 checked=false stop=running
step=2554 time=0.28060855335516144 dt=0.00010987022415934888 residual=0.00010021267759130675 checked=false stop=running
step=2555 time=0.28071842357938748 dt=0.00010987022422603005 residual=0.0001001690887718558 checked=false stop=running
step=2556 time=0.28082829380368018 dt=0.000109870224292688 residual=0.0001001250587855302 checked=false stop=running
step=2557 time=0.28093816402803951 dt=0.00010987022435932207 residual=0.00010008059008881777 checked=false stop=running
step=2558 time=0.28104803425246544 dt=0.00010987022442593175 residual=0.00010003567924436011 checked=false stop=running
step=2559 time=0.28115790447695793 dt=0.00010987022449251651 residual=9.9990326350910485e-05 checked=false stop=running
step=2560 time=0.28126777470151698 dt=0.00010987022455907578 residual=9.9944531490113846e-05 checked=true stop=running
step=2561 time=0.28137764492614259 dt=0.000109870224625609 residual=9.9898291805768051e-05 checked=false stop=running
step=2562 time=0.2814875151508347 dt=0.00010987022469211568 residual=9.985160890748909e-05 checked=false stop=running
step=2563 time=0.28159738537559331 dt=0.0001098702247585952 residual=9.9804480968612697e-05 checked=false stop=running
step=2564 time=0.28170725560041837 dt=0.00010987022482504711 residual=9.9756906979029991e-05 checked=false stop=running
step=2565 time=0.28181712582530982 dt=0.00010987022489147075 residual=9.9708887210232135e-05 checked=false stop=running
step=2566 time=0.28192699605026766 dt=0.00010987022495786568 residual=9.9660419937922033e-05 checked=false stop=running
step=2567 time=0.2820368662752919 dt=0.00010987022502423131 residual=9.9611506928432546e-05 checked=false stop=running
step=2568 time=0.28214673650038247 dt=0.00010987022509056712 residual=9.9562144543298046e-05 checked=false stop=running
step=2569 time=0.28225660672553932 dt=0.00010987022515687257 residual=9.951233367690004e-05 checked=false stop=running
step=2570 time=0.28236647695076245 dt=0.00010987022522314712 residual=9.9462074406094517e-05 checked=false stop=running
step=2571 time=0.28247634717605186 dt=0.00010987022528939026 residual=9.941136518991039e-05 checked=false stop=running
step=2572 time=0.28258621740140744 dt=0.00010987022535560141 residual=9.9360205025763115e-05 checked=false stop=running
step=2573 time=0.28269608762682924 dt=0.00010987022542178007 residual=9.9308594778489581e-05 checked=false stop=running
step=2574 time=0.28280595785231716 dt=0.00010987022548792568 residual=9.9256533937471696e-05 checked=false stop=running
step=2575 time=0.28291582807787119 dt=0.00010987022555403779 residual=9.9204021177398967e-05 checked=false stop=running
step=2576 time=0.28302569830349128 dt=0.00010987022562011581 residual=9.9151057025790787e-05 checked=false stop=running
step=2577 time=0.28313556852917743 dt=0.00010987022568615923 residual=9.9097640510273702e-05 checked=false stop=running
step=2578 time=0.28324543875492958 dt=0.00010987022575216748 residual=9.9043770099289927e-05 checked=false stop=running
step=2579 time=0.28335530898074773 dt=0.00010987022581814007 residual=9.8989447268782473e-05 checked=false stop=running
step=2580 time=0.28346517920663183 dt=0.00010987022588407653 residual=9.893467126138274e-05 checked=true stop=running
step=2581 time=0.28357504943258183 dt=0.00010987022594997625 residual=9.887944173656558e-05 checked=false stop=running
step=2582 time=0.28368491965859766 dt=0.00010987022601583877 residual=9.8823758200271419e-05 checked=false stop=running
step=2583 time=0.28379478988467932 dt=0.00010987022608166357 residual=9.8767619211785293e-05 checked=false stop=running
step=2584 time=0.28390466011082677 dt=0.00010987022614745007 residual=9.8711025996049589e-05 checked=false stop=running
step=2585 time=0.28401453033703994 dt=0.00010987022621319781 residual=9.865397840355985e-05 checked=false stop=running
step=2586 time=0.28412440056331884 dt=0.00010987022627890623 residual=9.859647674838822e-05 checked=false stop=running
step=2587 time=0.2842342707896634 dt=0.00010987022634457488 residual=9.8538519095772129e-05 checked=false stop=running
step=2588 time=0.28434414101607358 dt=0.00010987022641020321 residual=9.848010579178651e-05 checked=false stop=running
step=2589 time=0.28445401124254938 dt=0.00010987022647579071 residual=9.8421236673237986e-05 checked=false stop=running
step=2590 time=0.28456388146909073 dt=0.00010987022654133685 residual=9.8361912559425828e-05 checked=false stop=running
step=2591 time=0.28467375169569759 dt=0.00010987022660684118 residual=9.8302132486483517e-05 checked=false stop=running
step=2592 time=0.28478362192236989 dt=0.00010987022667230315 residual=9.824189690993926e-05 checked=false stop=running
step=2593 time=0.28489349214910759 dt=0.00010987022673772226 residual=9.8181204262635995e-05 checked=false stop=running
step=2594 time=0.28500336237591067 dt=0.00010987022680309797 residual=9.8120056880121993e-05 checked=false stop=running
step=2595 time=0.2851132326027791 dt=0.00010987022686842981 residual=9.8058453262358001e-05 checked=false stop=running
step=2596 time=0.2852231028297128 dt=0.00010987022693371735 residual=9.7996393663569775e-05 checked=false stop=running
step=2597 time=0.28533297305671179 dt=0.00010987022699895994 residual=9.7933877651284234e-05 checked=false stop=running
step=2598 time=0.28544284328377595 dt=0.00010987022706415719 residual=9.7870905621862681e-05 checked=false stop=running
step=2599 time=0.28555271351090528 dt=0.00010987022712930857 residual=9.7807478405603619e-05 checked=false stop=running
step=2600 time=0.28566258373809966 dt=0.00010987022719441354 residual=9.7743594222525829e-05 checked=true stop=running
step=2601 time=0.28577245396535911 dt=0.0001098702272594717 residual=9.767925503915887e-05 checked=false stop=running
step=2602 time=0.28588232419268361 dt=0.00010987022732448247 residual=9.7614460241827455e-05 checked=false stop=running
step=2603 time=0.28599219442007306 dt=0.00010987022738944541 residual=9.7549209907376634e-05 checked=false stop=running
step=2604 time=0.28610206464752741 dt=0.00010987022745435994 residual=9.7483503455765577e-05 checked=false stop=running
step=2605 time=0.28621193487504665 dt=0.00010987022751922571 residual=9.741734341637412e-05 checked=false stop=running
step=2606 time=0.28632180510263067 dt=0.00010987022758404211 residual=9.7350726400059469e-05 checked=false stop=running
step=2607 time=0.28643167533027947 dt=0.0001098702276488087 residual=9.7283654980947785e-05 checked=false stop=running
step=2608 time=0.28654154555799299 dt=0.00010987022771352497 residual=9.721613115216908e-05 checked=false stop=running
step=2609 time=0.28665141578577119 dt=0.00010987022777819049 residual=9.714815060055652e-05 checked=false stop=running
step=2610 time=0.286761286013614 dt=0.00010987022784280469 residual=9.7079717023772005e-05 checked=false stop=running
step=2611 time=0.28687115624152137 dt=0.00010987022790736716 residual=9.7010828932706826e-05 checked=false stop=running
step=2612 time=0.28698102646949325 dt=0.0001098702279718774 residual=9.6941487276068283e-05 checked=false stop=running
step=2613 time=0.28709089669752957 dt=0.00010987022803633485 residual=9.6871693277159559e-05 checked=false stop=running
step=2614 time=0.28720076692563029 dt=0.00010987022810073913 residual=9.6801446322122744e-05 checked=false stop=running
step=2615 time=0.2873106371537954 dt=0.0001098702281650897 residual=9.673074711433408e-05 checked=false stop=running
step=2616 time=0.28742050738202479 dt=0.00010987022822938617 residual=9.6659594965858723e-05 checked=false stop=running
step=2617 time=0.28753037761031841 dt=0.00010987022829362794 residual=9.6587991895230423e-05 checked=false stop=running
step=2618 time=0.2876402478386762 dt=0.00010987022835781461 residual=9.6515938676940694e-05 checked=false stop=running
step=2619 time=0.28775011806709816 dt=0.00010987022842194574 residual=9.6443432838245983e-05 checked=false stop=running
step=2620 time=0.28785998829558418 dt=0.00010987022848602076 residual=9.6370477573582338e-05 checked=true stop=running
step=2621 time=0.2879698585241342 dt=0.00010987022855003924 residual=9.629707250820173e-05 checked=false stop=running
step=2622 time=0.28807972875274818 dt=0.00010987022861400071 residual=9.6223216522437136e-05 checked=false stop=running
step=2623 time=0.2881895989814261 dt=0.0001098702286779047 residual=9.6148914147155964e-05 checked=false stop=running
step=2624 time=0.28829946921016786 dt=0.00010987022874175079 residual=9.6074162320580251e-05 checked=false stop=running
step=2625 time=0.2884093394389734 dt=0.00010987022880553846 residual=9.5998962933742344e-05 checked=false stop=running
step=2626 time=0.28851920966784267 dt=0.00010987022886926724 residual=9.5923315761673058e-05 checked=false stop=running
step=2627 time=0.28862907989677561 dt=0.00010987022893293666 residual=9.5847222079629757e-05 checked=false stop=running
step=2628 time=0.28873895012577216 dt=0.00010987022899654631 residual=9.5770683594343078e-05 checked=false stop=running
step=2629 time=0.28884882035483228 dt=0.00010987022906009566 residual=9.5693698840523366e-05 checked=false stop=running
step=2630 time=0.28895869058395585 dt=0.0001098702291235843 residual=9.5616269782218308e-05 checked=false stop=running
step=2631 time=0.28906856081314286 dt=0.00010987022918701174 residual=9.5538397662611911e-05 checked=false stop=running
step=2632 time=0.28917843104239321 dt=0.00010987022925037756 residual=9.5460081289387044e-05 checked=false stop=running
step=2633 time=0.2892883012717069 dt=0.00010987022931368127 residual=9.5381322643583427e-05 checked=false stop=running
step=2634 time=0.28939817150108382 dt=0.00010987022937692242 residual=9.5302121708819025e-05 checked=false stop=running
step=2635 time=0.28950804173052391 dt=0.00010987022944010055 residual=9.5222480534168017e-05 checked=false stop=running
step=2636 time=0.28961791196002712 dt=0.00010987022950321522 residual=9.5142398044365282e-05 checked=false stop=running
step=2637 time=0.28972778218959339 dt=0.00010987022956626597 residual=9.5061876298129454e-05 checked=false stop=running
step=2638 time=0.28983765241922266 dt=0.00010987022962925234 residual=9.498091669207956e-05 checked=false stop=running
step=2639 time=0.28994752264891482 dt=0.00010987022969217388 residual=9.4899518594949807e-05 checked=false stop=running
step=2640 time=0.29005739287866983 dt=0.00010987022975503018 residual=9.4817684115038094e-05 checked=true stop=running
step=2641 time=0.29016726310848767 dt=0.00010987022981782076 residual=9.4735412590683834e-05 checked=false stop=running
step=2642 time=0.29027713333836824 dt=0.00010987022988054514 residual=9.4652706771218795e-05 checked=false stop=running
step=2643 time=0.29038700356831143 dt=0.00010987022994320292 residual=9.456956571743089e-05 checked=false stop=running
step=2644 time=0.29049687379831723 dt=0.00010987023000579367 residual=9.448599042486292e-05 checked=false stop=running
step=2645 time=0.29060674402838554 dt=0.00010987023006831691 residual=9.4401983835464627e-05 checked=false stop=running
step=2646 time=0.2907166142585163 dt=0.00010987023013077219 residual=9.4317545893369487e-05 checked=false stop=running
step=2647 time=0.29082648448870946 dt=0.00010987023019315912 residual=9.4232676870721881e-05 checked=false stop=running
step=2648 time=0.29093635471896495 dt=0.00010987023025547723 residual=9.4147378624911322e-05 checked=false stop=running
step=2649 time=0.29104622494928267 dt=0.00010987023031772601 residual=9.4061651563358557e-05 checked=false stop=running
step=2650 time=0.29115609517966257 dt=0.00010987023037990519 residual=9.3975496885822032e-05 checked=false stop=running
step=2651 time=0.29126596541010458 dt=0.0001098702304420142 residual=9.3888915194215733e-05 checked=false stop=running
step=2652 time=0.29137583564060865 dt=0.00010987023050405267 residual=9.3801909222068883e-05 checked=false stop=running
step=2653 time=0.29148570587117467 dt=0.0001098702305660201 residual=9.3714477348001612e-05 checked=false stop=running
step=2654 time=0.29159557610180259 dt=0.0001098702306279161 residual=9.3626623191433626e-05 checked=false stop=running
step=2655 time=0.29170544633249235 dt=0.00010987023068974025 residual=9.3538346415974246e-05 checked=false stop=running
step=2656 time=0.29181531656324383 dt=0.00010987023075149211 residual=9.3449649162177009e-05 checked=false stop=running
step=2657 time=0.29192518679405699 dt=0.00010987023081317119 residual=9.3360532667486861e-05 checked=false stop=running
step=2658 time=0.29203505702493177 dt=0.00010987023087477719 residual=9.3270996774052356e-05 checked=false stop=running
step=2659 time=0.29214492725586805 dt=0.00010987023093630958 residual=9.3181043945624349e-05 checked=false stop=running
step=2660 time=0.29225479748686584 dt=0.00010987023099776797 residual=9.3090674146109696e-05 checked=true stop=running
step=2661 time=0.29236466771792496 dt=0.00010987023105915194 residual=9.2999889342315539e-05 checked=false stop=running
step=2662 time=0.29247453794904543 dt=0.00010987023112046104 residual=9.2908691567022451e-05 checked=false stop=running
step=2663 time=0.29258440818022713 dt=0.0001098702311816949 residual=9.2817081469801556e-05 checked=false stop=running
step=2664 time=0.29269427841147 dt=0.00010987023124285302 residual=9.2725058446836716e-05 checked=false stop=running
step=2665 time=0.29280414864277393 dt=0.00010987023130393507 residual=9.263262714611716e-05 checked=false stop=running
step=2666 time=0.29291401887413887 dt=0.00010987023136494054 residual=9.253978659137182e-05 checked=false stop=running
step=2667 time=0.29302388910556476 dt=0.00010987023142586911 residual=9.2446538933239089e-05 checked=false stop=running
step=2668 time=0.29313375933705149 dt=0.00010987023148672031 residual=9.2352885736729932e-05 checked=false stop=running
step=2669 time=0.29324362956859901 dt=0.00010987023154749372 residual=9.2258827658704372e-05 checked=false stop=running
step=2670 time=0.2933534998002072 dt=0.00010987023160818893 residual=9.2164366758864212e-05 checked=false stop=running
step=2671 time=0.293463370031876 dt=0.00010987023166880552 residual=9.2069504265695229e-05 checked=false stop=running
step=2672 time=0.29357324026360537 dt=0.00010987023172934312 residual=9.1974241488760301e-05 checked=false stop=running
step=2673 time=0.29368311049539519 dt=0.00010987023178980125 residual=9.187857948739026e-05 checked=false stop=running
step=2674 time=0.29379298072724536 dt=0.00010987023185017959 residual=9.1782520557375427e-05 checked=false stop=running
step=2675 time=0.29390285095915586 dt=0.00010987023191047764 residual=9.1686065691829176e-05 checked=false stop=running
step=2676 time=0.29401272119112654 dt=0.00010987023197069504 residual=9.1589216400538541e-05 checked=false stop=running
step=2677 time=0.29412259142315739 dt=0.00010987023203083141 residual=9.1491975472396511e-05 checked=false stop=running
step=2678 time=0.2942324616552483 dt=0.00010987023209088631 residual=9.1394341706659414e-05 checked=false stop=running
step=2679 time=0.29434233188739917 dt=0.00010987023215085932 residual=9.1296318984097845e-05 checked=false stop=running
step=2680 time=0.29445220211960993 dt=0.00010987023221075006 residual=9.1197908302252572e-05 checked=true stop=running
step=2681 time=0.29456207235188048 dt=0.00010987023227055815 residual=9.1099109869266249e-05 checked=false stop=running
step=2682 time=0.29467194258421076 dt=0.00010987023233028312 residual=9.0999927536833148e-05 checked=false stop=running
step=2683 time=0.29478181281660065 dt=0.0001098702323899247 residual=9.0900362776106952e-05 checked=false stop=running
step=2684 time=0.29489168304905011 dt=0.00010987023244948235 residual=9.080041571179173e-05 checked=false stop=running
step=2685 time=0.29500155328155908 dt=0.00010987023250895574 residual=9.0700087420327619e-05 checked=false stop=running
step=2686 time=0.29511142351412745 dt=0.00010987023256834447 residual=9.0599381967711263e-05 checked=false stop=running
step=2687 time=0.2952212937467551 dt=0.00010987023262764815 residual=9.04982992846133e-05 checked=false stop=running
step=2688 time=0.29533116397944198 dt=0.00010987023268686639 residual=9.0396842246217343e-05 checked=false stop=running
step=2689 time=0.29544103421218798 dt=0.00010987023274599876 residual=9.0295011345265888e-05 checked=false stop=running
step=2690 time=0.29555090444499305 dt=0.00010987023280504494 residual=9.0192809531229899e-05 checked=false stop=running
step=2691 time=0.29566077467785706 dt=0.00010987023286400448 residual=9.0090238462903733e-05 checked=false stop=running
step=2692 time=0.29577064491077992 dt=0.00010987023292287702 residual=8.9987299628657569e-05 checked=false stop=running
step=2693 time=0.29588051514376157 dt=0.00010987023298166211 residual=8.9883993829759963e-05 checked=false stop=running
step=2694 time=0.29599038537680195 dt=0.00010987023304035943 residual=8.9780324421201272e-05 checked=false stop=running
step=2695 time=0.29610025560990089 dt=0.0001098702330989686 residual=8.9676293160926253e-05 checked=false stop=running
step=2696 time=0.29621012584305839 dt=0.00010987023315748921 residual=8.9571900494950647e-05 checked=false stop=running
step=2697 time=0.29631999607627429 dt=0.00010987023321592086 residual=8.9467149280709948e-05 checked=false stop=running
step=2698 time=0.29642986630954854 dt=0.00010987023327426322 residual=8.9362042197354866e-05 checked=false stop=running
step=2699 time=0.29653973654288107 dt=0.00010987023333251587 residual=8.9256579139371971e-05 checked=false stop=running
step=2700 time=0.29664960677627172 dt=0.00010987023339067846 residual=8.9150763081177401e-05 checked=true stop=running
step=2701 time=0.2967594770097205 dt=0.00010987023344875053 residual=8.9044597207858886e-05 checked=false stop=running
step=2702 time=0.29686934724322722 dt=0.00010987023350673183 residual=8.8938081616488979e-05 checked=false stop=running
step=2703 time=0.29697921747679185 dt=0.00010987023356462192 residual=8.8831218509697617e-05 checked=false stop=running
step=2704 time=0.29708908771041426 dt=0.00010987023362242035 residual=8.8724010608480375e-05 checked=false stop=running
step=2705 time=0.2971989579440944 dt=0.00010987023368012687 residual=8.8616459721660039e-05 checked=false stop=running
step=2706 time=0.29730882817783216 dt=0.00010987023373774104 residual=8.8508568276977125e-05 checked=false stop=running
step=2707 time=0.29741869841162744 dt=0.00010987023379526249 residual=8.8400337503198736e-05 checked=false stop=running
step=2708 time=0.29752856864548011 dt=0.00010987023385269085 residual=8.8291770184796147e-05 checked=false stop=running
step=2709 time=0.29763843887939012 dt=0.00010987023391002578 residual=8.8182867575158081e-05 checked=false stop=running
step=2710 time=0.29774830911335737 dt=0.00010987023396726692 residual=8.8073632883109792e-05 checked=false stop=running
step=2711 time=0.29785817934738179 dt=0.00010987023402441382 residual=8.7964066962613148e-05 checked=false stop=running
step=2712 time=0.29796804958146328 dt=0.00010987023408146616 residual=8.785417274286453e-05 checked=false stop=running
step=2713 time=0.29807791981560172 dt=0.00010987023413842365 residual=8.7743952304674574e-05 checked=false stop=running
step=2714 time=0.29818779004979701 dt=0.00010987023419528579 residual=8.7633408132018395e-05 checked=false stop=running
step=2715 time=0.29829766028404908 dt=0.0001098702342520523 residual=8.7522541154303274e-05 checked=false stop=running
step=2716 time=0.29840753051835778 dt=0.00010987023430872283 residual=8.7411354418815118e-05 checked=false stop=running
step=2717 time=0.29851740075272309 dt=0.00010987023436529698 residual=8.729985056585224e-05 checked=false stop=running
step=2718 time=0.29862727098714487 dt=0.00010987023442177439 residual=8.7188031828677558e-05 checked=false stop=running
step=2719 time=0.29873714122162304 dt=0.00010987023447815474 residual=8.7075898760050218e-05 checked=false stop=running
step=2720 time=0.2988470114561575 dt=0.00010987023453443762 residual=8.6963456192251442e-05 checked=true stop=running
step=2721 time=0.29895688169074813 dt=0.00010987023459062273 residual=8.6850704350940186e-05 checked=false stop=running
step=2722 time=0.29906675192539484 dt=0.00010987023464670966 residual=8.6737647036583444e-05 checked=false stop=running
step=2723 time=0.29917662216009755 dt=0.0001098702347026981 residual=8.6624284575252729e-05 checked=false stop=running
step=2724 time=0.29928649239485616 dt=0.00010987023475858768 residual=8.6510621747154002e-05 checked=false stop=running
step=2725 time=0.29939636262967056 dt=0.00010987023481437804 residual=8.6396658609306351e-05 checked=false stop=running
step=2726 time=0.29950623286454064 dt=0.00010987023487006883 residual=8.6282399385038128e-05 checked=false stop=running
step=2727 time=0.29961610309946629 dt=0.00010987023492565971 residual=8.6167846357666653e-05 checked=false stop=running
step=2728 time=0.29972597333444745 dt=0.0001098702349811503 residual=8.6053000693852728e-05 checked=false stop=running
step=2729 time=0.29983584356948401 dt=0.0001098702350365403 residual=8.5937865054233636e-05 checked=false stop=running
step=2730 time=0.29994571380457585 dt=0.00010987023509182935 residual=8.5822442500681936e-05 checked=false stop=running
step=2731 time=0.30005558403972288 dt=0.0001098702351470171 residual=8.570673482282231e-05 checked=false stop=running
step=2732 time=0.30016545427492497 dt=0.00010987023520210319 residual=8.5590745561432713e-05 checked=false stop=running
step=2733 time=0.30027532451018207 dt=0.00010987023525708728 residual=8.5474476831740517e-05 checked=false stop=running
step=2734 time=0.30038519474549402 dt=0.00010987023531196911 residual=8.5357929701573921e-05 checked=false stop=running
step=2735 time=0.30049506498086076 dt=0.0001098702353667482 residual=8.5241107947027218e-05 checked=false stop=running
step=2736 time=0.30060493521628218 dt=0.00010987023542142427 residual=8.5124013886932816e-05 checked=false stop=running
step=2737 time=0.30071480545175816 dt=0.00010987023547599704 residual=8.5006651830086576e-05 checked=false stop=running
step=2738 time=0.3008246756872886 dt=0.00010987023553046607 residual=8.4889021509976017e-05 checked=false stop=running
step=2739 time=0.30093454592287344 dt=0.00010987023558483108 residual=8.4771126106693656e-05 checked=false stop=running
step=2740 time=0.30104441615851252 dt=0.00010987023563909175 residual=8.4652969619926005e-05 checked=true stop=running
step=2741 time=0.30115428639420577 dt=0.0001098702356932477 residual=8.4534553205673559e-05 checked=false stop=running
step=2742 time=0.30126415662995309 dt=0.00010987023574729865 residual=8.4415880631422721e-05 checked=false stop=running
step=2743 time=0.30137402686575432 dt=0.00010987023580124422 residual=8.4296953980627208e-05 checked=false stop=running
step=2744 time=0.30148389710160939 dt=0.00010987023585508412 residual=8.417777622255172e-05 checked=false stop=running
step=2745 time=0.30159376733751819 dt=0.00010987023590881798 residual=8.4058349472045053e-05 checked=false stop=running
step=2746 time=0.30170363757348062 dt=0.00010987023596244551 residual=8.3938677075422308e-05 checked=false stop=running
step=2747 time=0.30181350780949656 dt=0.00010987023601596632 residual=8.3818760717618404e-05 checked=false stop=running
step=2748 time=0.30192337804556596 dt=0.00010987023606938015 residual=8.3698604574832523e-05 checked=false stop=running
step=2749 time=0.30203324828168865 dt=0.00010987023612268666 residual=8.3578210558937248e-05 checked=false stop=running
step=2750 time=0.30214311851786452 dt=0.00010987023617588552 residual=8.3457581576836058e-05 checked=false stop=running
step=2751 time=0.30225298875409351 dt=0.00010987023622897637 residual=8.3336720509810238e-05 checked=false stop=running
step=2752 time=0.30236285899037546 dt=0.00010987023628195894 residual=8.3215630270483504e-05 checked=false stop=running
step=2753 time=0.30247272922671031 dt=0.00010987023633483288 residual=8.3094313372602798e-05 checked=false stop=running
step=2754 time=0.3025825994630979 dt=0.00010987023638759792 residual=8.2972772473628552e-05 checked=false stop=running
step=2755 time=0.30269246969953817 dt=0.00010987023644025366 residual=8.2851010398137467e-05 checked=false stop=running
step=2756 time=0.30280233993603095 dt=0.00010987023649279985 residual=8.2729031825106285e-05 checked=false stop=running
step=2757 time=0.30291221017257619 dt=0.00010987023654523613 residual=8.2606837051544575e-05 checked=false stop=running
step=2758 time=0.30302208040917378 dt=0.00010987023659756218 residual=8.2484429302117515e-05 checked=false stop=running
step=2759 time=0.30313195064582354 dt=0.00010987023664977773 residual=8.2361813668063393e-05 checked=false stop=running
step=2760 time=0.30324182088252544 dt=0.00010987023670188244 residual=8.2238990328974907e-05 checked=true stop=running
step=2761 time=0.30335169111927929 dt=0.00010987023675387599 residual=8.2115964885284094e-05 checked=false stop=running
step=2762 time=0.30346156135608504 dt=0.00010987023680575807 residual=8.1992737444745281e-05 checked=false stop=running
step=2763 time=0.30357143159294259 dt=0.00010987023685752837 residual=8.1869312760049303e-05 checked=false stop=running
step=2764 time=0.30368130182985176 dt=0.00010987023690918662 residual=8.1745694235545174e-05 checked=false stop=running
step=2765 time=0.3037911720668125 dt=0.00010987023696073244 residual=8.1621884027029311e-05 checked=false stop=running
step=2766 time=0.30390104230382464 dt=0.00010987023701216562 residual=8.1497885248705933e-05 checked=false stop=running
step=2767 time=0.30401091254088813 dt=0.00010987023706348579 residual=8.1373701396299407e-05 checked=false stop=running
step=2768 time=0.30412078277800281 dt=0.00010987023711469263 residual=8.1249334506462969e-05 checked=false stop=running
step=2769 time=0.30423065301516861 dt=0.00010987023716578586 residual=8.1124788677354413e-05 checked=false stop=running
step=2770 time=0.30434052325238536 dt=0.00010987023721676514 residual=8.1000066841038852e-05 checked=false stop=running
step=2771 time=0.30445039348965297 dt=0.00010987023726763027 residual=8.0875172010186626e-05 checked=false stop=running
step=2772 time=0.30456026372697137 dt=0.00010987023731838087 residual=8.0750107040622959e-05 checked=false stop=running
step=2773 time=0.30467013396434039 dt=0.00010987023736901666 residual=8.0624875123838134e-05 checked=false stop=running
step=2774 time=0.30478000420175994 dt=0.00010987023741953731 residual=8.0499479178264521e-05 checked=false stop=running
step=2775 time=0.30488987443922988 dt=0.0001098702374699426 residual=8.0373923337108592e-05 checked=false stop=running
step=2776 time=0.30499974467675012 dt=0.00010987023752023215 residual=8.0248209858136275e-05 checked=false stop=running
step=2777 time=0.30510961491432054 dt=0.00010987023757040569 residual=8.0122342101039421e-05 checked=false stop=running
step=2778 time=0.30521948515194097 dt=0.00010987023762046297 residual=7.9996323444926561e-05 checked=false stop=running
step=2779 time=0.30532935538961137 dt=0.00010987023767040365 residual=7.987015699185309e-05 checked=false stop=running
step=2780 time=0.30543922562733161 dt=0.00010987023772022747 residual=7.9743846386185231e-05 checked=true stop=running
step=2781 time=0.30554909586510154 dt=0.0001098702377699341 residual=7.9617395023113904e-05 checked=false stop=running
step=2782 time=0.30565896610292104 dt=0.00010987023781952329 residual=7.9490804867418752e-05 checked=false stop=running
step=2783 time=0.30576883634079005 dt=0.00010987023786899475 residual=7.9364081203634184e-05 checked=false stop=running
step=2784 time=0.30587870657870841 dt=0.00010987023791834815 residual=7.9237225234298132e-05 checked=false stop=running
step=2785 time=0.30598857681667602 dt=0.00010987023796758324 residual=7.9110241845994531e-05 checked=false stop=running
step=2786 time=0.30609844705469269 dt=0.00010987023801669974 residual=7.8983133925979599e-05 checked=false stop=running
step=2787 time=0.30620831729275838 dt=0.00010987023806569734 residual=7.8855904923395687e-05 checked=false stop=running
step=2788 time=0.30631818753087298 dt=0.00010987023811457582 residual=7.8728557700412526e-05 checked=false stop=running
step=2789 time=0.30642805776903631 dt=0.00010987023816333479 residual=7.8601095591066477e-05 checked=false stop=running
step=2790 time=0.30653792800724827 dt=0.00010987023821197405 residual=7.8473522747057113e-05 checked=false stop=running
step=2791 time=0.30664779824550875 dt=0.00010987023826049327 residual=7.8345842178755549e-05 checked=false stop=running
step=2792 time=0.30675766848381764 dt=0.00010987023830889226 residual=7.82180571222879e-05 checked=false stop=running
step=2793 time=0.30686753872217482 dt=0.00010987023835717065 residual=7.8090172198355326e-05 checked=false stop=running
step=2794 time=0.30697740896058012 dt=0.0001098702384053282 residual=7.7962189290146908e-05 checked=false stop=running
step=2795 time=0.3070872791990335 dt=0.00010987023845336466 residual=7.7834112332951874e-05 checked=false stop=running
step=2796 time=0.30719714943753479 dt=0.0001098702385012797 residual=7.770594548361641e-05 checked=false stop=running
step=2797 time=0.30730701967608387 dt=0.00010987023854907308 residual=7.7577690972642838e-05 checked=false stop=running
step=2798 time=0.30741688991468064 dt=0.00010987023859674455 residual=7.7449354355642604e-05 checked=false stop=running
step=2799 time=0.30752676015332492 dt=0.00010987023864429377 residual=7.7320936637447965e-05 checked=false stop=running
step=2800 time=0.30763663039201666 dt=0.00010987023869172057 residual=7.7192443411840071e-05 checked=true stop=running
step=2801 time=0.3077465006307557 dt=0.00010987023873902459 residual=7.7063877418282796e-05 checked=false stop=running
step=2802 time=0.30785637086954193 dt=0.00010987023878620563 residual=7.6935242523838002e-05 checked=false stop=running
step=2803 time=0.30796624110837517 dt=0.0001098702388332634 residual=7.6806541809738686e-05 checked=false stop=running
step=2804 time=0.30807611134725538 dt=0.0001098702388801976 residual=7.6677779806434172e-05 checked=false stop=running
step=2805 time=0.30818598158618238 dt=0.000109870238927008 residual=7.6548959322894126e-05 checked=false stop=running
step=2806 time=0.30829585182515606 dt=0.00010987023897369433 residual=7.6420083977053329e-05 checked=false stop=running
step=2807 time=0.30840572206417632 dt=0.00010987023902025635 residual=7.6291158421199883e-05 checked=false stop=running
step=2808 time=0.30851559230324299 dt=0.00010987023906669375 residual=7.616218472382839e-05 checked=false stop=running
step=2809 time=0.30862546254235601 dt=0.00010987023911300634 residual=7.6033167807189309e-05 checked=false stop=running
step=2810 time=0.30873533278151521 dt=0.00010987023915919378 residual=7.5904110713106648e-05 checked=false stop=running
step=2811 time=0.30884520302072049 dt=0.00010987023920525591 residual=7.5775018113436165e-05 checked=false stop=running
step=2812 time=0.30895507325997168 dt=0.00010987023925119237 residual=7.5645892862950606e-05 checked=false stop=running
step=2813 time=0.30906494349926866 dt=0.00010987023929700298 residual=7.5516739267228637e-05 checked=false stop=running
step=2814 time=0.30917481373861133 dt=0.00010987023934268746 residual=7.538756064057524e-05 checked=false stop=running
step=2815 time=0.30928468397799957 dt=0.00010987023938824556 residual=7.5258360504398743e-05 checked=false stop=running
step=2816 time=0.30939455421743323 dt=0.000109870239433677 residual=7.5129143537626912e-05 checked=false stop=running
step=2817 time=0.30950442445691223 dt=0.0001098702394789816 residual=7.4999912326784463e-05 checked=false stop=running
step=2818 time=0.30961429469643637 dt=0.00010987023952415903 residual=7.4870672530120616e-05 checked=false stop=running
step=2819 time=0.30972416493600557 dt=0.00010987023956920909 residual=7.4741425622664915e-05 checked=false stop=running
step=2820 time=0.30983403517561969 dt=0.00010987023961413153 residual=7.4612177181054222e-05 checked=true stop=running
step=2821 time=0.30994390541527861 dt=0.00010987023965892612 residual=7.4482931227974326e-05 checked=false stop=running
step=2822 time=0.31005377565498221 dt=0.00010987023970359256 residual=7.4353689830422884e-05 checked=false stop=running
step=2823 time=0.31016364589473033 dt=0.00010987023974813064 residual=7.4224458946472148e-05 checked=false stop=running
step=2824 time=0.31027351613452286 dt=0.00010987023979254012 residual=7.4095240704135797e-05 checked=false stop=running
step=2825 time=0.31038338637435969 dt=0.00010987023983682076 residual=7.3966040297699371e-05 checked=false stop=running
step=2826 time=0.31049325661424065 dt=0.00010987023988097229 residual=7.3836860346678478e-05 checked=false stop=running
step=2827 time=0.31060312685416563 dt=0.00010987023992499452 residual=7.3707706556001821e-05 checked=false stop=running
step=2828 time=0.31071299709413452 dt=0.00010987023996888717 residual=7.3578582449868941e-05 checked=false stop=running
step=2829 time=0.31082286733414716 dt=0.00010987024001265002 residual=7.3449490391548327e-05 checked=false stop=running
step=2830 time=0.31093273757420342 dt=0.00010987024005628284 residual=7.3320436541808069e-05 checked=false stop=running
step=2831 time=0.31104260781430321 dt=0.00010987024009978538 residual=7.3191422595504879e-05 checked=false stop=running
step=2832 time=0.31115247805444635 dt=0.00010987024014315738 residual=7.3062454890497868e-05 checked=false stop=running
step=2833 time=0.31126234829463273 dt=0.00010987024018639869 residual=7.293353513648428e-05 checked=false stop=running
step=2834 time=0.31137221853486224 dt=0.00010987024022950902 residual=7.2804669756887174e-05 checked=false stop=running
step=2835 time=0.31148208877513472 dt=0.00010987024027248813 residual=7.2675862054419511e-05 checked=false stop=running
step=2836 time=0.31159195901545006 dt=0.00010987024031533583 residual=7.2547115058247904e-05 checked=false stop=running
step=2837 time=0.31170182925580814 dt=0.00010987024035805187 residual=7.2418432627698853e-05 checked=false stop=running
step=2838 time=0.31181169949620879 dt=0.00010987024040063603 residual=7.2289820229530575e-05 checked=false stop=running
step=2839 time=0.31192156973665186 dt=0.00010987024044308809 residual=7.2161280786387104e-05 checked=false stop=running
step=2840 time=0.31203143997713728 dt=0.0001098702404854078 residual=7.20328197280642e-05 checked=true stop=running
step=2841 time=0.31214131021766489 dt=0.00010987024052759493 residual=7.1904439485897959e-05 checked=false stop=running
step=2842 time=0.31225118045823452 dt=0.00010987024056964929 residual=7.1776146754219249e-05 checked=false stop=running
step=2843 time=0.31236105069884612 dt=0.00010987024061157067 residual=7.1647943203868321e-05 checked=false stop=running
step=2844 time=0.31247092093949946 dt=0.00010987024065335882 residual=7.1519833635633591e-05 checked=false stop=running
step=2845 time=0.31258079118019449 dt=0.00010987024069501354 residual=7.1391822962916843e-05 checked=false stop=running
step=2846 time=0.31269066142093105 dt=0.00010987024073653462 residual=7.1263914772303668e-05 checked=false stop=running
step=2847 time=0.31280053166170896 dt=0.00010987024077792179 residual=7.1136113516093841e-05 checked=false stop=running
step=2848 time=0.31291040190252811 dt=0.00010987024081917485 residual=7.1008422629939585e-05 checked=false stop=running
step=2849 time=0.3130202721433884 dt=0.00010987024086029368 residual=7.0880847334112013e-05 checked=false stop=running
step=2850 time=0.31313014238428966 dt=0.00010987024090127792 residual=7.0753390701028718e-05 checked=false stop=running
step=2851 time=0.31324001262523177 dt=0.00010987024094212746 residual=7.0626058039135981e-05 checked=false stop=running
step=2852 time=0.31334988286621462 dt=0.00010987024098284208 residual=7.049885396276899e-05 checked=false stop=running
step=2853 time=0.31345975310723806 dt=0.00010987024102342152 residual=7.037178092211691e-05 checked=false stop=running
step=2854 time=0.31356962334830191 dt=0.00010987024106386561 residual=7.0244843717213106e-05 checked=false stop=running
step=2855 time=0.31367949358940606 dt=0.00010987024110417415 residual=7.0118049282754196e-05 checked=false stop=running
step=2856 time=0.31378936383055039 dt=0.00010987024114434689 residual=6.9991398449637069e-05 checked=false stop=running
step=2857 time=0.31389923407173476 dt=0.00010987024118438367 residual=6.9864896858857248e-05 checked=false stop=running
step=2858 time=0.31400910431295903 dt=0.00010987024122428427 residual=6.9738548709415051e-05 checked=false stop=running
step=2859 time=0.31411897455422311 dt=0.00010987024126404851 residual=6.9612358542574425e-05 checked=false stop=running
step=2860 time=0.31422884479552676 dt=0.00010987024130367613 residual=6.9486331151506382e-05 checked=true stop=running
step=2861 time=0.31433871503686994 dt=0.000109870241343167 residual=6.9360469350215241e-05 checked=false stop=running
step=2862 time=0.31444858527825248 dt=0.00010987024138252085 residual=6.9234779015572693e-05 checked=false stop=running
step=2863 time=0.31455845551967421 dt=0.00010987024142173753 residual=6.9109263512610446e-05 checked=false stop=running
step=2864 time=0.31466832576113501 dt=0.00010987024146081681 residual=6.8983927868731596e-05 checked=false stop=running
step=2865 time=0.31477819600263479 dt=0.00010987024149975854 residual=6.8858775425877273e-05 checked=false stop=running
step=2866 time=0.31488806624417337 dt=0.0001098702415385625 residual=6.8733812096666831e-05 checked=false stop=running
step=2867 time=0.31499793648575058 dt=0.00010987024157722849 residual=6.8609042145275625e-05 checked=false stop=running
step=2868 time=0.31510780672736632 dt=0.00010987024161575634 residual=6.8484467531715671e-05 checked=false stop=running
step=2869 time=0.31521767696902048 dt=0.00010987024165414583 residual=6.8360095822969557e-05 checked=false stop=running
step=2870 time=0.31532754721071288 dt=0.00010987024169239679 residual=6.8235929241844306e-05 checked=false stop=running
step=2871 time=0.31543741745244341 dt=0.00010987024173050903 residual=6.8111973154006054e-05 checked=false stop=running
step=2872 time=0.31554728769421192 dt=0.00010987024176848231 residual=6.7988231711261398e-05 checked=false stop=running
step=2873 time=0.31565715793601823 dt=0.00010987024180631655 residual=6.7864710071561296e-05 checked=false stop=running
step=2874 time=0.31576702817786223 dt=0.00010987024184401148 residual=6.7741411731175318e-05 checked=false stop=running
step=2875 time=0.31587689841974381 dt=0.00010987024188156694 residual=6.7618342122384285e-05 checked=false stop=running
step=2876 time=0.31598676866166281 dt=0.00010987024191898276 residual=6.7495503648401024e-05 checked=false stop=running
step=2877 time=0.31609663890361905 dt=0.00010987024195625876 residual=6.7372903376841057e-05 checked=false stop=running
step=2878 time=0.31620650914561244 dt=0.00010987024199339474 residual=6.7250544035218698e-05 checked=false stop=running
step=2879 time=0.31631637938764284 dt=0.00010987024203039051 residual=6.7128430226388638e-05 checked=false stop=running
step=2880 time=0.31642624962971011 dt=0.00010987024206724592 residual=6.7006567963758884e-05 checked=true stop=running
step=2881 time=0.31653611987181407 dt=0.00010987024210396078 residual=6.6884959344940055e-05 checked=false stop=running
step=2882 time=0.31664599011395461 dt=0.00010987024214053491 residual=6.6763611378540998e-05 checked=false stop=running
step=2883 time=0.31675586035613157 dt=0.00010987024217696814 residual=6.6642526945020743e-05 checked=false stop=running
step=2884 time=0.31686573059834483 dt=0.00010987024221326033 residual=6.6521711058199539e-05 checked=false stop=running
step=2885 time=0.31697560084059423 dt=0.00010987024224941125 residual=6.6401168218177916e-05 checked=false stop=running
step=2886 time=0.31708547108287966 dt=0.0001098702422854208 residual=6.6280902245616349e-05 checked=false stop=running
step=2887 time=0.31719534132520094 dt=0.00010987024232128873 residual=6.61609178534014e-05 checked=false stop=running
step=2888 time=0.31730521156755798 dt=0.0001098702423570149 residual=6.6041220403225957e-05 checked=false stop=running
step=2889 time=0.31741508180995059 dt=0.00010987024239259916 residual=6.5921813236653672e-05 checked=false stop=running
step=2890 time=0.31752495205237863 dt=0.00010987024242804132 residual=6.5802703023894936e-05 checked=false stop=running
step=2891 time=0.31763482229484197 dt=0.00010987024246334124 residual=6.5683891982264812e-05 checked=false stop=running
step=2892 time=0.31774469253734045 dt=0.00010987024249849874 residual=6.556538568463958e-05 checked=false stop=running
step=2893 time=0.31785456277987395 dt=0.00010987024253351365 residual=6.5447187672928751e-05 checked=false stop=running
step=2894 time=0.31796443302244232 dt=0.00010987024256838587 residual=6.5329304409218479e-05 checked=false stop=running
step=2895 time=0.31807430326504543 dt=0.00010987024260311513 residual=6.521173806767025e-05 checked=false stop=running
step=2896 time=0.31818417350768313 dt=0.00010987024263770138 residual=6.5094495706924981e-05 checked=false stop=running
step=2897 time=0.3182940437503553 dt=0.0001098702426721444 residual=6.497758002326039e-05 checked=false stop=running
step=2898 time=0.31840391399306173 dt=0.00010987024270644404 residual=6.4860996051445329e-05 checked=false stop=running
step=2899 time=0.31851378423580234 dt=0.00010987024274060018 residual=6.4744747320899203e-05 checked=false stop=running
step=2900 time=0.31862365447857693 dt=0.00010987024277461263 residual=6.4628840041193838e-05 checked=true stop=running
step=2901 time=0.31873352472138544 dt=0.00010987024280848122 residual=6.4513278684345644e-05 checked=false stop=running
step=2902 time=0.31884339496422764 dt=0.00010987024284220585 residual=6.4398066854977001e-05 checked=false stop=running
step=2903 time=0.31895326520710343 dt=0.00010987024287578638 residual=6.428320967891523e-05 checked=false stop=running
step=2904 time=0.31906313545001264 dt=0.00010987024290922255 residual=6.4168711195405938e-05 checked=false stop=running
step=2905 time=0.31917300569295515 dt=0.00010987024294251432 residual=6.4054576320307023e-05 checked=false stop=running
step=2906 time=0.3192828759359308 dt=0.00010987024297566147 residual=6.3940809395567064e-05 checked=false stop=running
step=2907 time=0.31939274617893948 dt=0.00010987024300866394 residual=6.3827414638117905e-05 checked=false stop=running
step=2908 time=0.31950261642198102 dt=0.00010987024304152155 residual=6.3714396856877174e-05 checked=false stop=running
step=2909 time=0.31961248666505526 dt=0.00010987024307423411 residual=6.3601761125158725e-05 checked=false stop=running
step=2910 time=0.31972235690816209 dt=0.00010987024310680155 residual=6.3489511464039986e-05 checked=false stop=running
step=2911 time=0.31983222715130133 dt=0.00010987024313922366 residual=6.3377651913135873e-05 checked=false stop=running
step=2912 time=0.31994209739447282 dt=0.00010987024317150034 residual=6.3266188257060399e-05 checked=false stop=running
step=2913 time=0.32005196763767646 dt=0.00010987024320363145 residual=6.3155124600645788e-05 checked=false stop=running
step=2914 time=0.32016183788091207 dt=0.00010987024323561685 residual=6.3044463523165151e-05 checked=false stop=running
step=2915 time=0.32027170812417954 dt=0.00010987024326745638 residual=6.2934211577229523e-05 checked=false stop=running
step=2916 time=0.32038157836747871 dt=0.00010987024329914994 residual=6.282437347080072e-05 checked=false stop=running
step=2917 time=0.32049144861080942 dt=0.00010987024333069741 residual=6.2714952518353725e-05 checked=false stop=running
step=2918 time=0.32060131885417154 dt=0.0001098702433620986 residual=6.2605953637568477e-05 checked=false stop=running
step=2919 time=0.32071118909756491 dt=0.00010987024339335346 residual=6.249738075088157e-05 checked=false stop=running
step=2920 time=0.32082105934098937 dt=0.00010987024342446181 residual=6.2389239464473846e-05 checked=true stop=running
step=2921 time=0.3209309295844448 dt=0.00010987024345542344 residual=6.2281533415888481e-05 checked=false stop=running
step=2922 time=0.32104079982793104 dt=0.0001098702434862384 residual=6.2174266899701523e-05 checked=false stop=running
step=2923 time=0.32115067007144793 dt=0.00010987024351690642 residual=6.2067445671788699e-05 checked=false stop=running
step=2924 time=0.32126054031499535 dt=0.00010987024354742747 residual=6.1961072092805235e-05 checked=false stop=running
step=2925 time=0.32137041055857313 dt=0.00010987024357780136 residual=6.1855152265284159e-05 checked=false stop=running
step=2926 time=0.32148028080218116 dt=0.00010987024360802799 residual=6.1749689152219687e-05 checked=false stop=running
step=2927 time=0.32159015104581928 dt=0.00010987024363810725 residual=6.1644689316460555e-05 checked=false stop=running
step=2928 time=0.32170002128948733 dt=0.000109870243668039 residual=6.154015526242497e-05 checked=false stop=running
step=2929 time=0.32180989153318512 dt=0.00010987024369782311 residual=6.1436091289840053e-05 checked=false stop=running
step=2930 time=0.32191976177691256 dt=0.00010987024372745954 residual=6.1332502378357639e-05 checked=false stop=running
step=2931 time=0.32202963202066953 dt=0.00010987024375694809 residual=6.1229393992789124e-05 checked=false stop=running
step=2932 time=0.32213950226445581 dt=0.0001098702437862887 residual=6.1126769050438672e-05 checked=false stop=running
step=2933 time=0.32224937250827129 dt=0.00010987024381548124 residual=6.1024631404981824e-05 checked=false stop=running
step=2934 time=0.3223592427521158 dt=0.00010987024384452556 residual=6.0922986659903448e-05 checked=false stop=running
step=2935 time=0.32246911299598924 dt=0.00010987024387342158 residual=6.0821838177415386e-05 checked=false stop=running
step=2936 time=0.32257898323989143 dt=0.0001098702439021692 residual=6.0721190780292589e-05 checked=false stop=running
step=2937 time=0.3226888534838222 dt=0.00010987024393076829 residual=6.0621048113632159e-05 checked=false stop=running
step=2938 time=0.3227987237277814 dt=0.00010987024395921878 residual=6.0521415919782033e-05 checked=false stop=running
step=2939 time=0.32290859397176891 dt=0.00010987024398752055 residual=6.0422297374664883e-05 checked=false stop=running
step=2940 time=0.32301846421578456 dt=0.00010987024401567345 residual=6.0323695626969206e-05 checked=true stop=running
step=2941 time=0.32312833445982825 dt=0.00010987024404367743 residual=6.0225615999023925e-05 checked=false stop=running
step=2942 time=0.3232382047038998 dt=0.00010987024407153237 residual=6.0128063570325583e-05 checked=false stop=running
step=2943 time=0.32334807494799905 dt=0.00010987024409923814 residual=6.0031040911692784e-05 checked=false stop=running
step=2944 time=0.32345794519212584 dt=0.00010987024412679471 residual=5.9934552982364014e-05 checked=false stop=running
step=2945 time=0.32356781543628005 dt=0.00010987024415420192 residual=5.983860327998494e-05 checked=false stop=running
step=2946 time=0.32367768568046151 dt=0.00010987024418145968 residual=5.9743196432076348e-05 checked=false stop=running
step=2947 time=0.32378755592467007 dt=0.00010987024420856798 residual=5.9648336243108005e-05 checked=false stop=running
step=2948 time=0.3238974261689056 dt=0.0001098702442355266 residual=5.9554026950483267e-05 checked=false stop=running
step=2949 time=0.32400729641316794 dt=0.0001098702442623355 residual=5.9460272685894864e-05 checked=false stop=running
step=2950 time=0.32411716665745693 dt=0.00010987024428899458 residual=5.936707675177774e-05 checked=false stop=running
step=2951 time=0.32422703690177246 dt=0.0001098702443155038 residual=5.927444454299332e-05 checked=false stop=running
step=2952 time=0.32433690714611429 dt=0.00010987024434186304 residual=5.9182378500280391e-05 checked=false stop=running
step=2953 time=0.32444677739048239 dt=0.00010987024436807218 residual=5.9090882926084849e-05 checked=false stop=running
step=2954 time=0.32455664763487652 dt=0.00010987024439413118 residual=5.8999962537517649e-05 checked=false stop=running
step=2955 time=0.32466651787929657 dt=0.00010987024442003992 residual=5.890962065818434e-05 checked=false stop=running
step=2956 time=0.32477638812374238 dt=0.00010987024444579832 residual=5.8819860911761036e-05 checked=false stop=running
step=2957 time=0.32488625836821378 dt=0.00010987024447140631 residual=5.873068688030671e-05 checked=false stop=running
step=2958 time=0.32499612861271066 dt=0.00010987024449686381 residual=5.8642103274968837e-05 checked=false stop=running
step=2959 time=0.32510599885723285 dt=0.00010987024452217074 residual=5.8554113398138937e-05 checked=false stop=running
step=2960 time=0.32521586910178019 dt=0.00010987024454732703 residual=5.8466721342590131e-05 checked=true stop=running
step=2961 time=0.3253257393463525 dt=0.00010987024457233259 residual=5.8379930447316909e-05 checked=false stop=running
step=2962 time=0.32543560959094969 dt=0.00010987024459718736 residual=5.829374450009095e-05 checked=false stop=running
step=2963 time=0.32554547983557158 dt=0.00010987024462189121 residual=5.8208166485824153e-05 checked=false stop=running
step=2964 time=0.32565535008021801 dt=0.0001098702446464441 residual=5.8123201399400065e-05 checked=false stop=running
step=2965 time=0.32576522032488886 dt=0.00010987024467084599 residual=5.8038851228639756e-05 checked=false stop=running
step=2966 time=0.32587509056958397 dt=0.0001098702446950968 residual=5.7955120817370936e-05 checked=false stop=running
step=2967 time=0.32598496081430317 dt=0.00010987024471919641 residual=5.7872013642399497e-05 checked=false stop=running
step=2968 time=0.3260948310590463 dt=0.00010987024474314481 residual=5.7789531979338204e-05 checked=false stop=running
step=2969 time=0.32620470130381324 dt=0.00010987024476694188 residual=5.7707680643663869e-05 checked=false stop=running
step=2970 time=0.32631457154860383 dt=0.00010987024479058761 residual=5.7626462563233702e-05 checked=false stop=running
step=2971 time=0.3264244417934179 dt=0.00010987024481408191 residual=5.7545881270921627e-05 checked=false stop=running
step=2972 time=0.32653431203825534 dt=0.00010987024483742471 residual=5.7465939551229657e-05 checked=false stop=running
step=2973 time=0.32664418228311598 dt=0.00010987024486061596 residual=5.7386641036527119e-05 checked=false stop=running
step=2974 time=0.32675405252799966 dt=0.00010987024488365557 residual=5.7307989390302039e-05 checked=false stop=running
step=2975 time=0.32686392277290621 dt=0.00010987024490654349 residual=5.722998732107449e-05 checked=false stop=running
step=2976 time=0.32697379301783547 dt=0.00010987024492927974 residual=5.7152637997191736e-05 checked=false stop=running
step=2977 time=0.32708366326278732 dt=0.00010987024495186416 residual=5.7075945410245097e-05 checked=false stop=running
step=2978 time=0.32719353350776159 dt=0.00010987024497429677 residual=5.6999912132180917e-05 checked=false stop=running
step=2979 time=0.32730340375275818 dt=0.00010987024499657747 residual=5.6924540696965641e-05 checked=false stop=running
step=2980 time=0.32741327399777687 dt=0.00010987024501870623 residual=5.6849834755529264e-05 checked=true stop=running
step=2981 time=0.32752314424281753 dt=0.00010987024504068298 residual=5.6775796912930344e-05 checked=false stop=running
step=2982 time=0.32763301448788001 dt=0.00010987024506250768 residual=5.6702431284103164e-05 checked=false stop=running
step=2983 time=0.3277428847329642 dt=0.00010987024508418026 residual=5.6629739193621301e-05 checked=false stop=running
step=2984 time=0.32785275497806993 dt=0.00010987024510570074 residual=5.6557724766998655e-05 checked=false stop=running
step=2985 time=0.32796262522319697 dt=0.00010987024512706902 residual=5.6486390141789745e-05 checked=false stop=running
step=2986 time=0.32807249546834527 dt=0.00010987024514828506 residual=5.6415738199312429e-05 checked=false stop=running
step=2987 time=0.32818236571351461 dt=0.00010987024516934879 residual=5.6345771731927904e-05 checked=false stop=running
step=2988 time=0.32829223595870488 dt=0.00010987024519026024 residual=5.6276493922637255e-05 checked=false stop=running
step=2989 time=0.32840210620391591 dt=0.00010987024521101933 residual=5.6207905871375557e-05 checked=false stop=running
step=2990 time=0.32851197644914754 dt=0.00010987024523162601 residual=5.6140012517262544e-05 checked=false stop=running
step=2991 time=0.32862184669439959 dt=0.00010987024525208027 residual=5.6072814643776558e-05 checked=false stop=running
step=2992 time=0.32873171693967196 dt=0.00010987024527238207 residual=5.6006315267546965e-05 checked=false stop=running
step=2993 time=0.32884158718496448 dt=0.00010987024529253137 residual=5.5940516769279227e-05 checked=false stop=running
step=2994 time=0.32895145743027698 dt=0.00010987024531252807 residual=5.5875421722202322e-05 checked=false stop=running
step=2995 time=0.32906132767560936 dt=0.00010987024533237226 residual=5.5811032395018327e-05 checked=false stop=running
step=2996 time=0.32917119792096144 dt=0.0001098702453520638 residual=5.5747351209813205e-05 checked=false stop=running
step=2997 time=0.32928106816633307 dt=0.00010987024537160273 residual=5.5684380544376037e-05 checked=false stop=running
step=2998 time=0.32939093841172407 dt=0.00010987024539098901 residual=5.5622122318374326e-05 checked=false stop=running
step=2999 time=0.32950080865713427 dt=0.00010987024541022262 residual=5.5560578383499504e-05 checked=false stop=running
step=3000 time=0.32961067890256357 dt=0.00010987024542930351 residual=5.5499751749677338e-05 checked=true stop=running
step=3001 time=0.3297205491480118 dt=0.00010987024544823166 residual=5.543964378147085e-05 checked=false stop=running
step=3002 time=0.32983041939347879 dt=0.00010987024546700705 residual=5.5380256625675966e-05 checked=false stop=running
step=3003 time=0.32994028963896443 dt=0.00010987024548562964 residual=5.5321592365023279e-05 checked=false stop=running
step=3004 time=0.33005015988446851 dt=0.00010987024550409946 residual=5.5263652897310641e-05 checked=false stop=running
step=3005 time=0.3301600301299909 dt=0.00010987024552241642 residual=5.5206440148082742e-05 checked=false stop=running
step=3006 time=0.3302699003755315 dt=0.00010987024554058056 residual=5.5149955268634848e-05 checked=false stop=running
step=3007 time=0.33037977062109009 dt=0.00010987024555859191 residual=5.50942006670872e-05 checked=false stop=running
step=3008 time=0.33048964086666655 dt=0.00010987024557645035 residual=5.5039178050629016e-05 checked=false stop=running
step=3009 time=0.33059951111226071 dt=0.00010987024559415592 residual=5.4984888497780694e-05 checked=false stop=running
step=3010 time=0.33070938135787242 dt=0.00010987024561170861 residual=5.4931334074013122e-05 checked=false stop=running
step=3011 time=0.33081925160350151 dt=0.00010987024562910838 residual=5.487851588660054e-05 checked=false stop=running
step=3012 time=0.33092912184914786 dt=0.00010987024564635524 residual=5.4826435767112776e-05 checked=false stop=running
step=3013 time=0.3310389920948113 dt=0.00010987024566344921 residual=5.4775094825443745e-05 checked=false stop=running
step=3014 time=0.33114886234049168 dt=0.00010987024568039023 residual=5.4724494792612589e-05 checked=false stop=running
step=3015 time=0.33125873258618888 dt=0.00010987024569717836 residual=5.4674636441088455e-05 checked=false stop=running
step=3016 time=0.33136860283190267 dt=0.00010987024571381349 residual=5.4625521073102472e-05 checked=false stop=running
step=3017 time=0.33147847307763295 dt=0.00010987024573029575 residual=5.4577150341426675e-05 checked=false stop=running
step=3018 time=0.33158834332337955 dt=0.00010987024574662508 residual=5.4529525190649168e-05 checked=false stop=running
step=3019 time=0.33169821356914236 dt=0.00010987024576280144 residual=5.4482645850780399e-05 checked=false stop=running
step=3020 time=0.33180808381492116 dt=0.00010987024577882489 residual=5.4436514260393803e-05 checked=true stop=running
step=3021 time=0.33191795406071584 dt=0.00010987024579469545 residual=5.4391131010510283e-05 checked=false stop=running
step=3022 time=0.33202782430652628 dt=0.00010987024581041304 residual=5.4346496757624535e-05 checked=false stop=running
step=3023 time=0.33213769455235226 dt=0.00010987024582597773 residual=5.4302612477809494e-05 checked=false stop=running
step=3024 time=0.33224756479819367 dt=0.0001098702458413895 residual=5.4259479159679087e-05 checked=false stop=running
step=3025 time=0.3323574350440503 dt=0.00010987024585664841 residual=5.421709709359764e-05 checked=false stop=running
step=3026 time=0.33246730528992208 dt=0.0001098702458717544 residual=5.4175467222926447e-05 checked=false stop=running
step=3027 time=0.33257717553580879 dt=0.00010987024588670751 residual=5.4134589789682032e-05 checked=false stop=running
step=3028 time=0.33268704578171032 dt=0.00010987024590150774 residual=5.4094465715764449e-05 checked=false stop=running
step=3029 time=0.33279691602762645 dt=0.00010987024591615513 residual=5.4055095123456973e-05 checked=false stop=running
step=3030 time=0.33290678627355713 dt=0.00010987024593064972 residual=5.4016478105693571e-05 checked=false stop=running
step=3031 time=0.33301665651950213 dt=0.00010987024594499149 residual=5.3978615555747173e-05 checked=false stop=running
step=3032 time=0.33312652676546128 dt=0.00010987024595918044 residual=5.3941507404222694e-05 checked=false stop=running
step=3033 time=0.33323639701143448 dt=0.00010987024597321661 residual=5.3905153750682975e-05 checked=false stop=running
step=3034 time=0.33334626725742156 dt=0.00010987024598710002 residual=5.3869554921277747e-05 checked=false stop=running
step=3035 time=0.3334561375034224 dt=0.0001098702460008307 residual=5.3834710883243134e-05 checked=false stop=running
step=3036 time=0.33356600774943679 dt=0.00010987024601440873 residual=5.3800621702035569e-05 checked=false stop=running
step=3037 time=0.33367587799546461 dt=0.00010987024602783404 residual=5.376728728743498e-05 checked=false stop=running
step=3038 time=0.3337857482415057 dt=0.00010987024604110668 residual=5.3734707074658912e-05 checked=false stop=running
step=3039 time=0.33389561848755994 dt=0.00010987024605422673 residual=5.370288169570002e-05 checked=false stop=running
step=3040 time=0.33400548873362712 dt=0.00010987024606719413 residual=5.3671810380894546e-05 checked=true stop=running
step=3041 time=0.33411535897970712 dt=0.00010987024608000903 residual=5.3641492746614416e-05 checked=false stop=running
step=3042 time=0.33422522922579978 dt=0.00010987024609267139 residual=5.3611928544299121e-05 checked=false stop=running
step=3043 time=0.33433509947190498 dt=0.00010987024610518124 residual=5.3583117218236716e-05 checked=false stop=running
step=3044 time=0.33444496971802251 dt=0.0001098702461175386 residual=5.3555058276853651e-05 checked=false stop=running
step=3045 time=0.33455483996415225 dt=0.00010987024612974358 residual=5.3527751463956285e-05 checked=false stop=running
step=3046 time=0.33466471021029404 dt=0.00010987024614179614 residual=5.3501195798363479e-05 checked=false stop=running
step=3047 time=0.33477458045644776 dt=0.00010987024615369636 residual=5.3475390796632717e-05 checked=false stop=running
step=3048 time=0.33488445070261319 dt=0.0001098702461654443 residual=5.3450335430211891e-05 checked=false stop=running
step=3049 time=0.33499432094879023 dt=0.00010987024617703995 residual=5.3426029056389219e-05 checked=false stop=running
step=3050 time=0.3351041911949787 dt=0.00010987024618848337 residual=5.3402470652682275e-05 checked=false stop=running
step=3051 time=0.33521406144117849 dt=0.00010987024619977463 residual=5.3379659546442294e-05 checked=false stop=running
step=3052 time=0.33532393168738939 dt=0.00010987024621091375 residual=5.3357594400992677e-05 checked=false stop=running
step=3053 time=0.33543380193361128 dt=0.00010987024622190082 residual=5.3336274404018963e-05 checked=false stop=running
step=3054 time=0.33554367217984399 dt=0.00010987024623273584 residual=5.331569818726488e-05 checked=false stop=running
step=3055 time=0.33565354242608741 dt=0.00010987024624341887 residual=5.3295864719726918e-05 checked=false stop=running
step=3056 time=0.33576341267234139 dt=0.00010987024625395003 residual=5.3276772345618033e-05 checked=false stop=running
step=3057 time=0.33587328291860574 dt=0.00010987024626432926 residual=5.325842044826128e-05 checked=false stop=running
step=3058 time=0.33598315316488031 dt=0.00010987024627455671 residual=5.3240807300525209e-05 checked=false stop=running
step=3059 time=0.33609302341116493 dt=0.00010987024628463237 residual=5.3223930959347916e-05 checked=false stop=running
step=3060 time=0.33620289365745948 dt=0.00010987024629455635 residual=5.3207790764892715e-05 checked=true stop=running
step=3061 time=0.3363127639037638 dt=0.00010987024630432867 residual=5.3192384357759529e-05 checked=false stop=running
step=3062 time=0.33642263415007773 dt=0.00010987024631394942 residual=5.3177710591236463e-05 checked=false stop=running
step=3063 time=0.33653250439640114 dt=0.00010987024632341866 residual=5.3163767814864043e-05 checked=false stop=running
step=3064 time=0.33664237464273389 dt=0.00010987024633273641 residual=5.3150553971050792e-05 checked=false stop=running
step=3065 time=0.33675224488907579 dt=0.0001098702463419028 residual=5.3138067443890118e-05 checked=false stop=running
step=3066 time=0.33686211513542669 dt=0.00010987024635091786 residual=5.3126306551216451e-05 checked=false stop=running
step=3067 time=0.33697198538178647 dt=0.00010987024635978169 residual=5.3115268987037548e-05 checked=false stop=running
step=3068 time=0.33708185562815496 dt=0.00010987024636849429 residual=5.3104952865107508e-05 checked=false stop=running
step=3069 time=0.337191725874532 dt=0.00010987024637705579 residual=5.3095356219933202e-05 checked=false stop=running
step=3070 time=0.33730159612091748 dt=0.00010987024638546623 residual=5.3086476807359545e-05 checked=false stop=running
step=3071 time=0.33741146636731123 dt=0.00010987024639372575 residual=5.3078312851879699e-05 checked=false stop=running
step=3072 time=0.33752133661371309 dt=0.00010987024640183436 residual=5.3070861652987904e-05 checked=false stop=running
step=3073 time=0.33763120686012288 dt=0.00010987024640979214 residual=5.3064121095677301e-05 checked=false stop=running
step=3074 time=0.3377410771065405 dt=0.00010987024641759919 residual=5.3058088919433983e-05 checked=false stop=running
step=3075 time=0.33785094735296578 dt=0.00010987024642525558 residual=5.3052762876597003e-05 checked=false stop=running
step=3076 time=0.33796081759939856 dt=0.00010987024643276142 residual=5.3048140296374498e-05 checked=false stop=running
step=3077 time=0.33807068784583866 dt=0.00010987024644011669 residual=5.3044218795848852e-05 checked=false stop=running
step=3078 time=0.33818055809228598 dt=0.00010987024644732158 residual=5.3040995751353571e-05 checked=false stop=running
step=3079 time=0.33829042833874035 dt=0.00010987024645437616 residual=5.3038468538596175e-05 checked=false stop=running
step=3080 time=0.33840029858520165 dt=0.00010987024646128051 residual=5.3036634778272025e-05 checked=true stop=running
step=3081 time=0.33851016883166968 dt=0.00010987024646803464 residual=5.3035491212064361e-05 checked=false stop=running
step=3082 time=0.33862003907814431 dt=0.00010987024647463876 residual=5.3035035678473701e-05 checked=false stop=running
step=3083 time=0.33872990932462538 dt=0.00010987024648109288 residual=5.3035264822269965e-05 checked=false stop=running
step=3084 time=0.33883977957111278 dt=0.00010987024648739712 residual=5.3036176346622579e-05 checked=false stop=running
step=3085 time=0.33894964981760634 dt=0.00010987024649355157 residual=5.3037766718437458e-05 checked=false stop=running
step=3086 time=0.33905952006410589 dt=0.00010987024649955634 residual=5.3040033549934329e-05 checked=false stop=running
step=3087 time=0.33916939031061133 dt=0.00010987024650541149 residual=5.3042973502357724e-05 checked=false stop=running
step=3088 time=0.33927926055712243 dt=0.0001098702465111172 residual=5.3046583527539378e-05 checked=false stop=running
step=3089 time=0.33938913080363908 dt=0.00010987024651667345 residual=5.3050860475452171e-05 checked=false stop=running
step=3090 time=0.33949900105016118 dt=0.00010987024652208042 residual=5.3055801525025536e-05 checked=false stop=running
step=3091 time=0.33960887129668849 dt=0.00010987024652733819 residual=5.3061402985581834e-05 checked=false stop=running
step=3092 time=0.33971874154322096 dt=0.00010987024653244689 residual=5.3067661897356862e-05 checked=false stop=running
step=3093 time=0.33982861178975837 dt=0.00010987024653740655 residual=5.3074574945377854e-05 checked=false stop=running
step=3094 time=0.33993848203630062 dt=0.0001098702465422174 residual=5.3082138647194018e-05 checked=false stop=running
step=3095 time=0.34004835228284752 dt=0.00010987024654687941 residual=5.3090349714512802e-05 checked=false stop=running
step=3096 time=0.34015822252939892 dt=0.00010987024655139276 residual=5.3099204720406826e-05 checked=false stop=running
step=3097 time=0.34026809277595466 dt=0.0001098702465557576 residual=5.3108700152328327e-05 checked=false stop=running
step=3098 time=0.34037796302251461 dt=0.00010987024655997394 residual=5.3118832492896656e-05 checked=false stop=running
step=3099 time=0.34048783326907867 dt=0.00010987024656404199 residual=5.3129598182276728e-05 checked=false stop=running
step=3100 time=0.34059770351564661 dt=0.0001098702465679618 residual=5.3140993534075977e-05 checked=true stop=running
step=3101 time=0.34070757376221833 dt=0.00010987024657173353 residual=5.315301507249597e-05 checked=false stop=running
step=3102 time=0.34081744400879371 dt=0.00010987024657535726 residual=5.3165659013334785e-05 checked=false stop=running
step=3103 time=0.34092731425537254 dt=0.00010987024657883317 residual=5.3178921554036754e-05 checked=false stop=running
step=3104 time=0.34103718450195469 dt=0.00010987024658216131 residual=5.3192799060496117e-05 checked=false stop=running
step=3105 time=0.34114705474854001 dt=0.00010987024658534182 residual=5.3207287677302485e-05 checked=false stop=running
step=3106 time=0.34125692499512839 dt=0.00010987024658837486 residual=5.322238360568989e-05 checked=false stop=running
step=3107 time=0.34136679524171964 dt=0.00010987024659126054 residual=5.3238082878695674e-05 checked=false stop=running
step=3108 time=0.34147666548831362 dt=0.00010987024659399893 residual=5.3254381659541219e-05 checked=false stop=running
step=3109 time=0.34158653573491021 dt=0.00010987024659659024 residual=5.3271275904910435e-05 checked=false stop=running
step=3110 time=0.34169640598150924 dt=0.00010987024659903457 residual=5.3288761746766937e-05 checked=false stop=running
step=3111 time=0.34180627622811055 dt=0.00010987024660133201 residual=5.3306835033074602e-05 checked=false stop=running
step=3112 time=0.34191614647471402 dt=0.00010987024660348273 residual=5.3325491859933156e-05 checked=false stop=running
step=3113 time=0.34202601672131949 dt=0.00010987024660548688 residual=5.3344728042339478e-05 checked=false stop=running
step=3114 time=0.34213588696792685 dt=0.00010987024660734453 residual=5.3364539469857823e-05 checked=false stop=running
step=3115 time=0.34224575721453593 dt=0.00010987024660905588 residual=5.3384922048904184e-05 checked=false stop=running
step=3116 time=0.34235562746114645 dt=0.00010987024661049555 residual=5.3405871484770437e-05 checked=false stop=running
step=3117 time=0.34246549770775803 dt=0.00010987024661159114 residual=5.3427383744982028e-05 checked=false stop=running
step=3118 time=0.34257536795437055 dt=0.00010987024661254114 residual=5.3449454422453703e-05 checked=false stop=running
step=3119 time=0.3426852382009839 dt=0.00010987024661334576 residual=5.3472079361777938e-05 checked=false stop=running
step=3120 time=0.34279510844759792 dt=0.00010987024661400503 residual=5.3495254154610798e-05 checked=true stop=running
step=3121 time=0.34290497869421244 dt=0.0001098702466145192 residual=5.3518974618082858e-05 checked=false stop=running
step=3122 time=0.34301484894082734 dt=0.00010987024661488832 residual=5.3543236270840721e-05 checked=false stop=running
step=3123 time=0.34312471918744247 dt=0.00010987024661511261 residual=5.356803477289548e-05 checked=false stop=running
step=3124 time=0.34323458943405766 dt=0.00010987024661519221 residual=5.3593365668007708e-05 checked=false stop=running
step=3125 time=0.34334445968067279 dt=0.0001098702466151273 residual=5.3619224752064388e-05 checked=false stop=running
step=3126 time=0.34345432992728769 dt=0.00010987024661491798 residual=5.3645607390126041e-05 checked=false stop=running
step=3127 time=0.34356420017390227 dt=0.00010987024661456441 residual=5.3672509112846577e-05 checked=false stop=running
step=3128 time=0.34367407042051634 dt=0.0001098702466140668 residual=5.3699925431945447e-05 checked=false stop=running
step=3129 time=0.34378394066712975 dt=0.00010987024661342525 residual=5.372785194004139e-05 checked=false stop=running
step=3130 time=0.34389381091374238 dt=0.00010987024661263998 residual=5.3756283937529167e-05 checked=false stop=running
step=3131 time=0.34400368116035407 dt=0.00010987024661171108 residual=5.3785216933766348e-05 checked=false stop=running
step=3132 time=0.3441135514069647 dt=0.00010987024661063879 residual=5.3814646330844602e-05 checked=false stop=running
step=3133 time=0.34422342165357411 dt=0.00010987024660942319 residual=5.3844567595646293e-05 checked=false stop=running
step=3134 time=0.34433329190018219 dt=0.00010987024660806451 residual=5.3874976090389443e-05 checked=false stop=running
step=3135 time=0.34444316214678877 dt=0.00010987024660656295 residual=5.3905867207868544e-05 checked=false stop=running
step=3136 time=0.34455303239339369 dt=0.00010987024660491858 residual=5.3937236079653631e-05 checked=false stop=running
step=3137 time=0.34466290263999683 dt=0.00010987024660313161 residual=5.3969078279816397e-05 checked=false stop=running
step=3138 time=0.34477277288659802 dt=0.00010987024660120226 residual=5.4001389134258508e-05 checked=false stop=running
step=3139 time=0.34488264313319716 dt=0.00010987024659913062 residual=5.4034163765939833e-05 checked=false stop=running
step=3140 time=0.34499251337979409 dt=0.00010987024659691695 residual=5.4067397545435748e-05 checked=true stop=running
step=3141 time=0.34510238362638862 dt=0.00010987024659456138 residual=5.4101085786550826e-05 checked=false stop=running
step=3142 time=0.34521225387298066 dt=0.00010987024659206411 residual=5.413522383398582e-05 checked=false stop=running
step=3143 time=0.34532212411957008 dt=0.00010987024658942526 residual=5.4169806665232193e-05 checked=false stop=running
step=3144 time=0.34543199436615674 dt=0.00010987024658664505 residual=5.4204829841237798e-05 checked=false stop=running
step=3145 time=0.34554186461274045 dt=0.0001098702465837237 residual=5.4240288262323194e-05 checked=false stop=running
step=3146 time=0.3456517348593211 dt=0.00010987024658066132 residual=5.4276177285934021e-05 checked=false stop=running
step=3147 time=0.34576160510589854 dt=0.00010987024657745812 residual=5.4312492183756504e-05 checked=false stop=running
step=3148 time=0.34587147535247265 dt=0.00010987024657411433 residual=5.4349228048570483e-05 checked=false stop=running
step=3149 time=0.34598134559904326 dt=0.00010987024657063009 residual=5.4386380065565605e-05 checked=false stop=running
step=3150 time=0.34609121584561026 dt=0.0001098702465670056 residual=5.4423943527301506e-05 checked=false stop=running
step=3151 time=0.34620108609217348 dt=0.00010987024656324106 residual=5.4461913388540786e-05 checked=false stop=running
step=3152 time=0.34631095633873282 dt=0.00010987024655933666 residual=5.4500285180015599e-05 checked=false stop=running
step=3153 time=0.34642082658528811 dt=0.00010987024655529254 residual=5.4539053740291203e-05 checked=false stop=running
step=3154 time=0.34653069683183924 dt=0.00010987024655110897 residual=5.457821418290653e-05 checked=false stop=running
step=3155 time=0.34664056707838603 dt=0.00010987024654678614 residual=5.4617761951155378e-05 checked=false stop=running
step=3156 time=0.34675043732492833 dt=0.00010987024654232418 residual=5.4657691744348565e-05 checked=false stop=running
step=3157 time=0.34686030757146608 dt=0.00010987024653772335 residual=5.4697999117686115e-05 checked=false stop=running
step=3158 time=0.34697017781799905 dt=0.00010987024653298382 residual=5.4738678992558159e-05 checked=false stop=running
step=3159 time=0.34708004806452714 dt=0.00010987024652810579 residual=5.4779726633428996e-05 checked=false stop=running
step=3160 time=0.34718991831105023 dt=0.0001098702465230895 residual=5.4821136883874585e-05 checked=true stop=running
step=3161 time=0.34729978855756816 dt=0.00010987024651793504 residual=5.4862905105436581e-05 checked=false stop=running
step=3162 time=0.34740965880408081 dt=0.00010987024651264277 residual=5.4905026308459158e-05 checked=false stop=running
step=3163 time=0.34751952905058803 dt=0.00010987024650721285 residual=5.4947495946567723e-05 checked=false stop=running
step=3164 time=0.34762939929708969 dt=0.00010987024650164541 residual=5.4990308627192779e-05 checked=false stop=running
step=3165 time=0.34773926954358564 dt=0.00010987024649594073 residual=5.5033459767922457e-05 checked=false stop=running
step=3166 time=0.34784913979007576 dt=0.00010987024649009895 residual=5.5076944396489592e-05 checked=false stop=running
step=3167 time=0.34795901003655988 dt=0.00010987024648412042 residual=5.5120757676201741e-05 checked=false stop=running
step=3168 time=0.3480688802830379 dt=0.00010987024647800519 residual=5.5164894839719524e-05 checked=false stop=running
step=3169 time=0.34817875052950964 dt=0.0001098702464717536 residual=5.520935050521416e-05 checked=false stop=running
step=3170 time=0.348288620775975 dt=0.00010987024646536579 residual=5.5254120590980184e-05 checked=false stop=running
step=3171 time=0.34839849102243386 dt=0.00010987024645884204 residual=5.5299199484696523e-05 checked=false stop=running
step=3172 time=0.34850836126888607 dt=0.0001098702464521825 residual=5.5344582615081475e-05 checked=false stop=running
step=3173 time=0.34861823151533144 dt=0.00010987024644538744 residual=5.539026537923282e-05 checked=false stop=running
step=3174 time=0.34872810176176988 dt=0.00010987024643845707 residual=5.5436242627161989e-05 checked=false stop=running
step=3175 time=0.34883797200820127 dt=0.00010987024643139157 residual=5.5482509677348694e-05 checked=false stop=running
step=3176 time=0.34894784225462544 dt=0.00010987024642419124 residual=5.5529061321789318e-05 checked=false stop=running
step=3177 time=0.34905771250104228 dt=0.00010987024641685623 residual=5.5575893049219308e-05 checked=false stop=running
step=3178 time=0.34916758274745169 dt=0.00010987024640938682 residual=5.5622999750023859e-05 checked=false stop=running
step=3179 time=0.34927745299385349 dt=0.0001098702464017832 residual=5.5670376617574787e-05 checked=false stop=running
step=3180 time=0.34938732324024752 dt=0.00010987024639404563 residual=5.5718019172425425e-05 checked=true stop=running
step=3181 time=0.34949719348663372 dt=0.00010987024638617434 residual=5.5765922464605731e-05 checked=false stop=running
step=3182 time=0.34960706373301187 dt=0.00010987024637816954 residual=5.5814081704619454e-05 checked=false stop=running
step=3183 time=0.34971693397938192 dt=0.00010987024637003148 residual=5.5862491993829149e-05 checked=false stop=running
step=3184 time=0.34982680422574369 dt=0.00010987024636176038 residual=5.5911148579526456e-05 checked=false stop=running
step=3185 time=0.34993667447209703 dt=0.0001098702463533565 residual=5.5960046486845887e-05 checked=false stop=running
step=3186 time=0.35004654471844188 dt=0.00010987024634482005 residual=5.6009181053360244e-05 checked=false stop=running
step=3187 time=0.35015641496477801 dt=0.00010987024633615126 residual=5.6058547777584696e-05 checked=false stop=running
step=3188 time=0.35026628521110537 dt=0.00010987024632735043 residual=5.6108141655540033e-05 checked=false stop=running
step=3189 time=0.35037615545742379 dt=0.00010987024631841772 residual=5.61579579728419e-05 checked=false stop=running
step=3190 time=0.35048602570373316 dt=0.0001098702463093534 residual=5.620799195253722e-05 checked=false stop=running
step=3191 time=0.35059589595003332 dt=0.00010987024630015779 residual=5.6258238768883275e-05 checked=false stop=running
step=3192 time=0.35070576619632415 dt=0.00010987024629083104 residual=5.630869386301122e-05 checked=false stop=running
step=3193 time=0.35081563644260555 dt=0.00010987024628137345 residual=5.6359352800211741e-05 checked=false stop=running
step=3194 time=0.35092550668887734 dt=0.00010987024627178518 residual=5.641021040478631e-05 checked=false stop=running
step=3195 time=0.35103537693513942 dt=0.00010987024626206661 residual=5.6461262010028969e-05 checked=false stop=running
step=3196 time=0.35114524718139162 dt=0.00010987024625221791 residual=5.6512503526674556e-05 checked=false stop=running
step=3197 time=0.35125511742763388 dt=0.00010987024624223932 residual=5.6563929608082739e-05 checked=false stop=running
step=3198 time=0.35136498767386604 dt=0.00010987024623213112 residual=5.6615535787866364e-05 checked=false stop=running
step=3199 time=0.35147485792008792 dt=0.0001098702462218936 residual=5.6667317641984308e-05 checked=false stop=running
step=3200 time=0.35158472816629943 dt=0.00010987024621152699 residual=5.6719270340092343e-05 checked=true stop=running
step=3201 time=0.35169459841250045 dt=0.00010987024620103148 residual=5.6771389629283639e-05 checked=false stop=running
step=3202 time=0.35180446865869086 dt=0.00010987024619040742 residual=5.6823670698348484e-05 checked=false stop=running
step=3203 time=0.35191433890487051 dt=0.00010987024617965502 residual=5.6876108583338639e-05 checked=false stop=running
step=3204 time=0.35202420915103927 dt=0.00010987024616877456 residual=5.6928699408180461e-05 checked=false stop=running
step=3205 time=0.35213407939719704 dt=0.00010987024615776629 residual=5.6981438260851386e-05 checked=false stop=running
step=3206 time=0.35224394964334366 dt=0.00010987024614663047 residual=5.7034320593411718e-05 checked=false stop=running
step=3207 time=0.352353819889479 dt=0.00010987024613536741 residual=5.7087341806958115e-05 checked=false stop=running
step=3208 time=0.35246369013560297 dt=0.00010987024612397729 residual=5.7140497390323629e-05 checked=false stop=running
step=3209 time=0.35257356038171545 dt=0.00010987024611246047 residual=5.7193783286250564e-05 checked=false stop=running
step=3210 time=0.35268343062781626 dt=0.00010987024610081718 residual=5.7247194749160479e-05 checked=false stop=running
step=3211 time=0.35279330087390531 dt=0.00010987024608904763 residual=5.7300727207065131e-05 checked=false stop=running
step=3212 time=0.35290317111998248 dt=0.0001098702460771522 residual=5.7354376367345493e-05 checked=false stop=running
step=3213 time=0.35301304136604761 dt=0.00010987024606513107 residual=5.7408137695882498e-05 checked=false stop=running
step=3214 time=0.35312291161210058 dt=0.00010987024605298459 residual=5.7462006967886839e-05 checked=false stop=running
step=3215 time=0.35323278185814128 dt=0.00010987024604071297 residual=5.7515979619549292e-05 checked=false stop=running
step=3216 time=0.3533426521041696 dt=0.0001098702460283165 residual=5.7570051182984879e-05 checked=false stop=running
step=3217 time=0.35345252235018537 dt=0.00010987024601579548 residual=5.7624217555220938e-05 checked=false stop=running
step=3218 time=0.35356239259618855 dt=0.00010987024600315023 residual=5.7678473994950914e-05 checked=false stop=running
step=3219 time=0.35367226284217895 dt=0.0001098702459903809 residual=5.7732817138601997e-05 checked=false stop=running
step=3220 time=0.35378213308815643 dt=0.00010987024597748788 residual=5.7787241513216653e-05 checked=true stop=running
step=3221 time=0.35389200333412091 dt=0.0001098702459644714 residual=5.7841743405920878e-05 checked=false stop=running
step=3222 time=0.35400187358007223 dt=0.00010987024595133179 residual=5.789631844861597e-05 checked=false stop=running
step=3223 time=0.35411174382601029 dt=0.0001098702459380693 residual=5.7950962492371413e-05 checked=false stop=running
step=3224 time=0.35422161407193498 dt=0.00010987024592468418 residual=5.8005671422316797e-05 checked=false stop=running
step=3225 time=0.35433148431784617 dt=0.0001098702459111768 residual=5.8060440563948038e-05 checked=false stop=running
step=3226 time=0.3544413545637437 dt=0.00010987024589754742 residual=5.8115265965300295e-05 checked=false stop=running
step=3227 time=0.35455122480962747 dt=0.00010987024588379626 residual=5.8170143492135112e-05 checked=false stop=running
step=3228 time=0.35466109505549742 dt=0.00010987024586992372 residual=5.8225068977032432e-05 checked=false stop=running
step=3229 time=0.35477096530135332 dt=0.00010987024585593003 residual=5.8280038361607854e-05 checked=false stop=running
step=3230 time=0.35488083554719513 dt=0.00010987024584181548 residual=5.8335047138201121e-05 checked=false stop=running
step=3231 time=0.35499070579302272 dt=0.00010987024582758041 residual=5.8390091865512466e-05 checked=false stop=running
step=3232 time=0.35510057603883594 dt=0.00010987024581322502 residual=5.8445168153121141e-05 checked=false stop=running
step=3233 time=0.35521044628463466 dt=0.00010987024579874972 residual=5.8500271574532975e-05 checked=false stop=running
step=3234 time=0.35532031653041879 dt=0.00010987024578415478 residual=5.8555398389066512e-05 checked=false stop=running
step=3235 time=0.35543018677618821 dt=0.00010987024576944041 residual=5.8610544569137434e-05 checked=false stop=running
step=3236 time=0.3555400570219428 dt=0.000109870245754607 residual=5.8665706249905151e-05 checked=false stop=running
step=3237 time=0.35564992726768246 dt=0.00010987024573965484 residual=5.8720878869455734e-05 checked=false stop=running
step=3238 time=0.35575979751340703 dt=0.00010987024572458422 residual=5.8776059504804351e-05 checked=false stop=running
step=3239 time=0.35586966775911644 dt=0.00010987024570939543 residual=5.8831243476590214e-05 checked=false stop=running
step=3240 time=0.35597953800481053 dt=0.00010987024569408882 residual=5.8886426344050089e-05 checked=true stop=running
step=3241 time=0.35608940825048918 dt=0.00010987024567866463 residual=5.8941605202330616e-05 checked=false stop=running
step=3242 time=0.35619927849615229 dt=0.0001098702456631232 residual=5.899677566604952e-05 checked=false stop=running
step=3243 time=0.35630914874179975 dt=0.00010987024564746488 residual=5.9051934126602412e-05 checked=false stop=running
step=3244 time=0.35641901898743145 dt=0.00010987024563168993 residual=5.9107076763543874e-05 checked=false stop=running
step=3245 time=0.35652888923304726 dt=0.00010987024561579863 residual=5.9162199309764141e-05 checked=false stop=running
step=3246 time=0.35663875947864704 dt=0.00010987024559979139 residual=5.9217298325597196e-05 checked=false stop=running
step=3247 time=0.35674862972423071 dt=0.00010987024558366842 residual=5.9272369975834546e-05 checked=false stop=running
step=3248 time=0.35685849996979813 dt=0.00010987024556743008 residual=5.9327410365373718e-05 checked=false stop=running
step=3249 time=0.35696837021534922 dt=0.00010987024555107674 residual=5.9382415762134947e-05 checked=false stop=running
step=3250 time=0.35707824046088382 dt=0.00010987024553460861 residual=5.9437382464882885e-05 checked=false stop=running
step=3251 time=0.35718811070640183 dt=0.00010987024551802609 residual=5.9492307007799702e-05 checked=false stop=running
step=3252 time=0.35729798095190318 dt=0.00010987024550132947 residual=5.9547185276976701e-05 checked=false stop=running
step=3253 time=0.35740785119738772 dt=0.00010987024548451907 residual=5.9602013918048859e-05 checked=false stop=running
step=3254 time=0.35751772144285532 dt=0.00010987024546759521 residual=5.9656788759020622e-05 checked=false stop=running
step=3255 time=0.35762759168830588 dt=0.00010987024545055822 residual=5.9711506985761334e-05 checked=false stop=running
step=3256 time=0.35773746193373929 dt=0.00010987024543340845 residual=5.9766164859939133e-05 checked=false stop=running
step=3257 time=0.35784733217915543 dt=0.00010987024541614615 residual=5.9820758096368809e-05 checked=false stop=running
step=3258 time=0.3579572024245542 dt=0.00010987024539877167 residual=5.9875283714817405e-05 checked=false stop=running
step=3259 time=0.35806707266993548 dt=0.0001098702453812854 residual=5.9929738072843994e-05 checked=false stop=running
step=3260 time=0.35817694291529917 dt=0.00010987024536368762 residual=5.9984117502811396e-05 checked=true stop=running
step=3261 time=0.35828681316064515 dt=0.00010987024534597863 residual=6.0038418855832068e-05 checked=false stop=running
step=3262 time=0.3583966834059733 dt=0.00010987024532815881 residual=6.0092637869121584e-05 checked=false stop=running
step=3263 time=0.35850655365128353 dt=0.00010987024531022846 residual=6.0146771904873723e-05 checked=false stop=running
step=3264 time=0.35861642389657572 dt=0.00010987024529218795 residual=6.0200817517372374e-05 checked=false stop=running
step=3265 time=0.35872629414184976 dt=0.00010987024527403757 residual=6.0254770742313636e-05 checked=false stop=running
step=3266 time=0.35883616438710553 dt=0.0001098702452557777 residual=6.0308628068392886e-05 checked=false stop=running
step=3267 time=0.35894603463234293 dt=0.00010987024523740863 residual=6.0362387269476662e-05 checked=false stop=running
step=3268 time=0.35905590487756184 dt=0.00010987024521893071 residual=6.0416043827400807e-05 checked=false stop=running
step=3269 time=0.35916577512276221 dt=0.00010987024520034426 residual=6.046959504931949e-05 checked=false stop=running
step=3270 time=0.35927564536794387 dt=0.00010987024518164969 residual=6.0523036556839813e-05 checked=false stop=running
step=3271 time=0.35938551561310672 dt=0.00010987024516284726 residual=6.0576366803486738e-05 checked=false stop=running
step=3272 time=0.35949538585825064 dt=0.00010987024514393735 residual=6.0629581039934379e-05 checked=false stop=running
step=3273 time=0.35960525610337557 dt=0.0001098702451249203 residual=6.068267626803336e-05 checked=false stop=running
step=3274 time=0.35971512634848135 dt=0.00010987024510579648 residual=6.0735649777998084e-05 checked=false stop=running
step=3275 time=0.35982499659356793 dt=0.00010987024508656614 residual=6.0788498087448004e-05 checked=false stop=running
step=3276 time=0.35993486683863518 dt=0.00010987024506722972 residual=6.0841218214588437e-05 checked=false stop=running
step=3277 time=0.36004473708368295 dt=0.00010987024504778753 residual=6.0893806714557082e-05 checked=false stop=running
step=3278 time=0.36015460732871118 dt=0.00010987024502823992 residual=6.0946260173609479e-05 checked=false stop=running
step=3279 time=0.36026447757371977 dt=0.00010987024500858726 residual=6.0998575934309583e-05 checked=false stop=running
step=3280 time=0.36037434781870858 dt=0.00010987024498882987 residual=6.1050750875934733e-05 checked=true stop=running
step=3281 time=0.36048421806367753 dt=0.00010987024496896811 residual=6.1102781445536506e-05 checked=false stop=running
step=3282 time=0.36059408830862655 dt=0.0001098702449490023 residual=6.1154665146497591e-05 checked=false stop=running
step=3283 time=0.36070395855355547 dt=0.00010987024492893287 residual=6.1206398960344412e-05 checked=false stop=running
step=3284 time=0.36081382879846424 dt=0.00010987024490876008 residual=6.1257978812920879e-05 checked=false stop=running
step=3285 time=0.36092369904335275 dt=0.00010987024488848437 residual=6.1309402873160171e-05 checked=false stop=running
step=3286 time=0.36103356928822083 dt=0.00010987024486810606 residual=6.1360668132764021e-05 checked=false stop=running
step=3287 time=0.36114343953306843 dt=0.00010987024484762545 residual=6.1411770055534745e-05 checked=false stop=running
step=3288 time=0.36125330977789549 dt=0.00010987024482704303 residual=6.1462707967382407e-05 checked=false stop=running
step=3289 time=0.36136318002270185 dt=0.00010987024480635899 residual=6.1513476609036029e-05 checked=false stop=running
step=3290 time=0.36147305026748744 dt=0.00010987024478557387 residual=6.1564075258166055e-05 checked=false stop=running
step=3291 time=0.3615829205122521 dt=0.00010987024476468785 residual=6.1614499816733395e-05 checked=false stop=running
step=3292 time=0.36169279075699579 dt=0.00010987024474370144 residual=6.1664747575451736e-05 checked=false stop=running
step=3293 time=0.36180266100171837 dt=0.00010987024472261494 residual=6.1714815939379036e-05 checked=false stop=running
step=3294 time=0.36191253124641981 dt=0.00010987024470142868 residual=6.1764701367109369e-05 checked=false stop=running
step=3295 time=0.36202240149109993 dt=0.00010987024468014309 residual=6.1814402373516696e-05 checked=false stop=running
step=3296 time=0.36213227173575868 dt=0.00010987024465875849 residual=6.1863914751474628e-05 checked=false stop=running
step=3297 time=0.36224214198039595 dt=0.00010987024463727527 residual=6.1913236418535263e-05 checked=false stop=running
step=3298 time=0.36235201222501162 dt=0.00010987024461569378 residual=6.1962364585174551e-05 checked=false stop=running
step=3299 time=0.36246188246960565 dt=0.0001098702445940144 residual=6.2011296641364101e-05 checked=false stop=running
step=3300 time=0.36257175271417791 dt=0.00010987024457223749 residual=6.2060029517355383e-05 checked=true stop=running
step=3301 time=0.36268162295872824 dt=0.00010987024455036346 residual=6.2108560285608282e-05 checked=false stop=running
step=3302 time=0.36279149320325665 dt=0.0001098702445283926 residual=6.2156887668411587e-05 checked=false stop=running
step=3303 time=0.36290136344776297 dt=0.00010987024450632539 residual=6.2205007678967127e-05 checked=false stop=running
step=3304 time=0.36301123369224714 dt=0.0001098702444841621 residual=6.2252917854602232e-05 checked=false stop=running
step=3305 time=0.36312110393670904 dt=0.00010987024446190316 residual=6.2300615830650265e-05 checked=false stop=running
step=3306 time=0.36323097418114858 dt=0.00010987024443954894 residual=6.2348099189763926e-05 checked=false stop=running
step=3307 time=0.36334084442556569 dt=0.00010987024441709978 residual=6.2395364874923056e-05 checked=false stop=running
step=3308 time=0.36345071466996026 dt=0.00010987024439455608 residual=6.2442410563571662e-05 checked=false stop=running
step=3309 time=0.36356058491433219 dt=0.00010987024437191824 residual=6.2489233824163256e-05 checked=false stop=running
step=3310 time=0.36367045515868135 dt=0.00010987024434918663 residual=6.2535831834493319e-05 checked=false stop=running
step=3311 time=0.3637803254030077 dt=0.0001098702443263616 residual=6.2582203007630107e-05 checked=false stop=running
step=3312 time=0.36389019564731112 dt=0.00010987024430344354 residual=6.2628343272875454e-05 checked=false stop=running
step=3313 time=0.36400006589159156 dt=0.00010987024428043288 residual=6.2674251530737932e-05 checked=false stop=running
step=3314 time=0.36410993613584891 dt=0.00010987024425732994 residual=6.2719924196462815e-05 checked=false stop=running
step=3315 time=0.36421980638008306 dt=0.0001098702442341351 residual=6.2765360465749629e-05 checked=false stop=running
step=3316 time=0.36432967662429389 dt=0.00010987024421084884 residual=6.281055652805372e-05 checked=false stop=running
step=3317 time=0.36443954686848135 dt=0.00010987024418747141 residual=6.2855510756192623e-05 checked=false stop=running
step=3318 time=0.36454941711264532 dt=0.0001098702441640033 residual=6.2900220323131373e-05 checked=false stop=running
step=3319 time=0.36465928735678577 dt=0.0001098702441404448 residual=6.2944683220061783e-05 checked=false stop=running
step=3320 time=0.36476915760090256 dt=0.0001098702441167964 residual=6.2988896755395094e-05 checked=true stop=running
step=3321 time=0.3648790278449956 dt=0.00010987024409305843 residual=6.3032858687128539e-05 checked=false stop=running
step=3322 time=0.36498889808906482 dt=0.00010987024406923127 residual=6.3076566684130967e-05 checked=false stop=running
step=3323 time=0.36509876833311011 dt=0.00010987024404531535 residual=6.3120019336691149e-05 checked=false stop=running
step=3324 time=0.36520863857713143 dt=0.00010987024402131101 residual=6.3163212834923437e-05 checked=false stop=running
step=3325 time=0.36531850882112865 dt=0.00010987024399721869 residual=6.3206146925172079e-05 checked=false stop=running
step=3326 time=0.36542837906510167 dt=0.00010987024397303876 residual=6.3248816859060172e-05 checked=false stop=running
step=3327 time=0.36553824930905043 dt=0.00010987024394877164 residual=6.3291223191710706e-05 checked=false stop=running
step=3328 time=0.36564811955297483 dt=0.00010987024392441767 residual=6.3333361182131429e-05 checked=false stop=running
step=3329 time=0.36575798979687479 dt=0.00010987024389997729 residual=6.3375230841148411e-05 checked=false stop=running
step=3330 time=0.36586786004075023 dt=0.00010987024387545086 residual=6.3416828376853878e-05 checked=false stop=running
step=3331 time=0.36597773028460107 dt=0.0001098702438508388 residual=6.3458152272673801e-05 checked=false stop=running
step=3332 time=0.3660876005284272 dt=0.00010987024382614153 residual=6.3499201043034416e-05 checked=false stop=running
step=3333 time=0.36619747077222858 dt=0.00010987024380135938 residual=6.3539971668915023e-05 checked=false stop=running
step=3334 time=0.36630734101600509 dt=0.00010987024377649281 residual=6.3580462723620648e-05 checked=false stop=running
step=3335 time=0.36641721125975663 dt=0.00010987024375154222 residual=6.3620671700605487e-05 checked=false stop=running
step=3336 time=0.36652708150348312 dt=0.00010987024372650795 residual=6.3660596786022737e-05 checked=false stop=running
step=3337 time=0.36663695174718453 dt=0.00010987024370139042 residual=6.3700235168590944e-05 checked=false stop=running
step=3338 time=0.36674682199086073 dt=0.00010987024367619014 residual=6.3739585966540556e-05 checked=false stop=running
step=3339 time=0.36685669223451162 dt=0.00010987024365090736 residual=6.3778647422635886e-05 checked=false stop=running
step=3340 time=0.36696656247813714 dt=0.00010987024362554255 residual=6.3817415972882376e-05 checked=true stop=running
step=3341 time=0.36707643272173723 dt=0.00010987024360009614 residual=6.3855891189337026e-05 checked=false stop=running
step=3342 time=0.36718630296531179 dt=0.00010987024357456849 residual=6.3894070848062709e-05 checked=false stop=running
step=3343 time=0.36729617320886077 dt=0.00010987024354896003 residual=6.3931951935731002e-05 checked=false stop=running
step=3344 time=0.36740604345238403 dt=0.00010987024352327113 residual=6.3969534098583987e-05 checked=false stop=running
step=3345 time=0.36751591369588155 dt=0.00010987024349750225 residual=6.4006814702420567e-05 checked=false stop=running
step=3346 time=0.36762578393935319 dt=0.00010987024347165376 residual=6.4043791143326777e-05 checked=false stop=running
step=3347 time=0.36773565418279891 dt=0.00010987024344572612 residual=6.4080463089644088e-05 checked=false stop=running
step=3348 time=0.36784552442621865 dt=0.00010987024341971967 residual=6.4116827285632625e-05 checked=false stop=running
step=3349 time=0.3679553946696123 dt=0.00010987024339363485 residual=6.4152882946557548e-05 checked=false stop=running
step=3350 time=0.36806526491297975 dt=0.00010987024336747209 residual=6.4188627930685546e-05 checked=false stop=running
step=3351 time=0.368175135156321 dt=0.00010987024334123177 residual=6.4224060391031044e-05 checked=false stop=running
step=3352 time=0.36828500539963593 dt=0.00010987024331491431 residual=6.4259178766609706e-05 checked=false stop=running
step=3353 time=0.36839487564292445 dt=0.00010987024328852011 residual=6.4293980820506521e-05 checked=false stop=running
step=3354 time=0.36850474588618648 dt=0.00010987024326204963 residual=6.4328464933170046e-05 checked=false stop=running
step=3355 time=0.36861461612942198 dt=0.00010987024323550323 residual=6.4362629429355768e-05 checked=false stop=running
step=3356 time=0.36872448637263083 dt=0.00010987024320888134 residual=6.4396473780672055e-05 checked=false stop=running
step=3357 time=0.36883435661581304 dt=0.00010987024318218441 residual=6.4429994717982275e-05 checked=false stop=running
step=3358 time=0.36894422685896844 dt=0.00010987024315541281 residual=6.4463191194441717e-05 checked=false stop=running
step=3359 time=0.36905409710209702 dt=0.00010987024312856699 residual=6.4496060830241073e-05 checked=false stop=running
step=3360 time=0.36916396734519868 dt=0.00010987024310164735 residual=6.4528603612527897e-05 checked=true stop=running
step=3361 time=0.36927383758827331 dt=0.00010987024307465432 residual=6.456081637557629e-05 checked=false stop=running
step=3362 time=0.36938370783132091 dt=0.00010987024304758834 residual=6.4592698570314463e-05 checked=false stop=running
step=3363 time=0.36949357807434136 dt=0.00010987024302044974 residual=6.4624247882067787e-05 checked=false stop=running
step=3364 time=0.3696034483173346 dt=0.00010987024299323903 residual=6.4655462338535373e-05 checked=false stop=running
step=3365 time=0.36971331856030054 dt=0.00010987024296595659 residual=6.4686341472736193e-05 checked=false stop=running
step=3366 time=0.36982318880323917 dt=0.00010987024293860286 residual=6.4716883948440522e-05 checked=false stop=running
step=3367 time=0.36993305904615037 dt=0.00010987024291117826 residual=6.4747087293368736e-05 checked=false stop=running
step=3368 time=0.37004292928903404 dt=0.00010987024288368319 residual=6.4776949986990106e-05 checked=false stop=running
step=3369 time=0.37015279953189018 dt=0.00010987024285611809 residual=6.480647153519021e-05 checked=false stop=running
step=3370 time=0.37026266977471867 dt=0.0001098702428284834 residual=6.4835649105341781e-05 checked=false stop=running
step=3371 time=0.37037254001751946 dt=0.00010987024280077947 residual=6.4864481884822973e-05 checked=false stop=running
step=3372 time=0.37048241026029244 dt=0.00010987024277300685 residual=6.4892968712809582e-05 checked=false stop=running
step=3373 time=0.37059228050303761 dt=0.00010987024274516586 residual=6.4921108745640216e-05 checked=false stop=running
step=3374 time=0.37070215074575485 dt=0.00010987024271725698 residual=6.4948898532592476e-05 checked=false stop=running
step=3375 time=0.37081202098844412 dt=0.00010987024268928058 residual=6.4976338341455597e-05 checked=false stop=running
step=3376 time=0.37092189123110536 dt=0.00010987024266123718 residual=6.5003426239443888e-05 checked=false stop=running
step=3377 time=0.37103176147373851 dt=0.00010987024263312712 residual=6.5030160512736667e-05 checked=false stop=running
step=3378 time=0.37114163171634346 dt=0.00010987024260495088 residual=6.5056541457615799e-05 checked=false stop=running
step=3379 time=0.37125150195892015 dt=0.00010987024257670883 residual=6.5082565638793031e-05 checked=false stop=running
step=3380 time=0.37136137220146853 dt=0.00010987024254840149 residual=6.5108232371511126e-05 checked=true stop=running
step=3381 time=0.37147124244398855 dt=0.00010987024252002924 residual=6.5133540943607509e-05 checked=false stop=running
step=3382 time=0.37158111268648014 dt=0.00010987024249159247 residual=6.5158489495482601e-05 checked=false stop=running
step=3383 time=0.37169098292894326 dt=0.00010987024246309164 residual=6.5183076889110153e-05 checked=false stop=running
step=3384 time=0.37180085317137779 dt=0.00010987024243452724 residual=6.520730221597909e-05 checked=false stop=running
step=3385 time=0.37191072341378367 dt=0.00010987024240589965 residual=6.5231163729962001e-05 checked=false stop=running
step=3386 time=0.37202059365616086 dt=0.00010987024237720928 residual=6.5254660827219533e-05 checked=false stop=running
step=3387 time=0.37213046389850929 dt=0.00010987024234845663 residual=6.5277791101637397e-05 checked=false stop=running
step=3388 time=0.37224033414082891 dt=0.00010987024231964204 residual=6.5300554831589989e-05 checked=false stop=running
step=3389 time=0.37235020438311967 dt=0.00010987024229076601 residual=6.5322949602570469e-05 checked=false stop=running
step=3390 time=0.3724600746253815 dt=0.00010987024226182896 residual=6.534497428968409e-05 checked=false stop=running
step=3391 time=0.37256994486761436 dt=0.00010987024223283134 residual=6.5366628829638355e-05 checked=false stop=running
step=3392 time=0.37267981510981812 dt=0.00010987024220377359 residual=6.5387911855621449e-05 checked=false stop=running
step=3393 time=0.37278968535199281 dt=0.00010987024217465608 residual=6.5408820533692283e-05 checked=false stop=running
step=3394 time=0.37289955559413829 dt=0.00010987024214547933 residual=6.542935581468826e-05 checked=false stop=running
step=3395 time=0.37300942583625452 dt=0.00010987024211624371 residual=6.544951535490101e-05 checked=false stop=running
step=3396 time=0.37311929607834149 dt=0.00010987024208694972 residual=6.5469298457086376e-05 checked=false stop=running
step=3397 time=0.3732291663203991 dt=0.00010987024205759774 residual=6.5488704141207724e-05 checked=false stop=running
step=3398 time=0.37333903656242728 dt=0.00010987024202818824 residual=6.5507731535702113e-05 checked=false stop=running
step=3399 time=0.373448906804426 dt=0.00010987024199872167 residual=6.5526379122361064e-05 checked=false stop=running
step=3400 time=0.37355877704639517 dt=0.00010987024196919841 residual=6.5544646703229835e-05 checked=true stop=running
step=3401 time=0.37366864728833477 dt=0.00010987024193961892 residual=6.5562531602608755e-05 checked=false stop=running
step=3402 time=0.37377851753024477 dt=0.00010987024190998372 residual=6.5580033878295777e-05 checked=false stop=running
step=3403 time=0.37388838777212507 dt=0.00010987024188029318 residual=6.5597152510555483e-05 checked=false stop=running
step=3404 time=0.37399825801397563 dt=0.00010987024185054773 residual=6.5613886226409353e-05 checked=false stop=running
step=3405 time=0.37410812825579637 dt=0.00010987024182074786 residual=6.563023537030893e-05 checked=false stop=running
step=3406 time=0.37421799849758725 dt=0.00010987024179089398 residual=6.5646197547947674e-05 checked=false stop=running
step=3407 time=0.37432786873934826 dt=0.00010987024176098649 residual=6.5661772294388278e-05 checked=false stop=running
step=3408 time=0.37443773898107929 dt=0.00010987024173102589 residual=6.5676957483451573e-05 checked=false stop=running
step=3409 time=0.3745476092227803 dt=0.00010987024170101266 residual=6.5691754440925861e-05 checked=false stop=running
step=3410 time=0.37465747946445127 dt=0.00010987024167094712 residual=6.5706160622928299e-05 checked=false stop=running
step=3411 time=0.3747673497060921 dt=0.00010987024164082983 residual=6.5720174869704587e-05 checked=false stop=running
step=3412 time=0.37487721994770279 dt=0.00010987024161066118 residual=6.5733798925698034e-05 checked=false stop=running
step=3413 time=0.37498709018928322 dt=0.00010987024158044161 residual=6.5747028750736959e-05 checked=false stop=running
step=3414 time=0.3750969604308334 dt=0.00010987024155017158 residual=6.5759865010826414e-05 checked=false stop=running
step=3415 time=0.37520683067235328 dt=0.00010987024151985153 residual=6.5772306801880972e-05 checked=false stop=running
step=3416 time=0.37531670091384278 dt=0.00010987024148948193 residual=6.5784353513244671e-05 checked=false stop=running
step=3417 time=0.37542657115530187 dt=0.00010987024145906317 residual=6.5796003745357111e-05 checked=false stop=running
step=3418 time=0.37553644139673048 dt=0.00010987024142859573 residual=6.5807257154452601e-05 checked=false stop=running
step=3419 time=0.37564631163812856 dt=0.00010987024139808009 residual=6.5818112447191368e-05 checked=false stop=running
step=3420 time=0.37575618187949605 dt=0.00010987024136751663 residual=6.5828569762268623e-05 checked=true stop=running
step=3421 time=0.37586605212083296 dt=0.00010987024133690584 residual=6.5838626951222358e-05 checked=false stop=running
step=3422 time=0.37597592236213923 dt=0.00010987024130624814 residual=6.5848284458873893e-05 checked=false stop=running
step=3423 time=0.37608579260341479 dt=0.00010987024127554398 residual=6.5857540894426135e-05 checked=false stop=running
step=3424 time=0.37619566284465961 dt=0.00010987024124479385 residual=6.5866396405306267e-05 checked=false stop=running
step=3425 time=0.37630553308587361 dt=0.00010987024121399817 residual=6.5874850155208872e-05 checked=false stop=running
step=3426 time=0.37641540332705675 dt=0.00010987024118315734 residual=6.5882899991515331e-05 checked=false stop=running
step=3427 time=0.37652527356820903 dt=0.00010987024115227187 residual=6.5890545884618007e-05 checked=false stop=running
step=3428 time=0.37663514380933039 dt=0.00010987024112134223 residual=6.589778842846082e-05 checked=false stop=running
step=3429 time=0.37674501405042077 dt=0.00010987024109036878 residual=6.5904625763204517e-05 checked=false stop=running
step=3430 time=0.37685488429148012 dt=0.00010987024105935206 residual=6.5911057569810355e-05 checked=false stop=running
step=3431 time=0.37696475453250838 dt=0.00010987024102829245 residual=6.5917083521144915e-05 checked=false stop=running
step=3432 time=0.37707462477350556 dt=0.00010987024099719043 residual=6.5922702103164029e-05 checked=false stop=running
step=3433 time=0.3771844950144716 dt=0.00010987024096604645 residual=6.5927913265126291e-05 checked=false stop=running
step=3434 time=0.37729436525540644 dt=0.00010987024093486097 residual=6.5932716575380811e-05 checked=false stop=running
step=3435 time=0.37740423549631008 dt=0.00010987024090363442 residual=6.593711178338912e-05 checked=false stop=running
step=3436 time=0.37751410573718247 dt=0.00010987024087236726 residual=6.5941097648099619e-05 checked=false stop=running
step=3437 time=0.37762397597802355 dt=0.00010987024084105992 residual=6.5944673371772788e-05 checked=false stop=running
step=3438 time=0.37773384621883327 dt=0.0001098702408097129 residual=6.594783942165832e-05 checked=false stop=running
step=3439 time=0.37784371645961162 dt=0.00010987024077832662 residual=6.5950594355413726e-05 checked=false stop=running
step=3440 time=0.3779535867003585 dt=0.00010987024074690152 residual=6.5952938533093684e-05 checked=true stop=running
step=3441 time=0.37806345694107396 dt=0.00010987024071543808 residual=6.5954869969477899e-05 checked=false stop=running
step=3442 time=0.37817332718175789 dt=0.00010987024068393673 residual=6.5956390180531022e-05 checked=false stop=running
step=3443 time=0.37828319742241029 dt=0.0001098702406523979 residual=6.5957496929970106e-05 checked=false stop=running
step=3444 time=0.3783930676630311 dt=0.00010987024062082213 residual=6.595819010121272e-05 checked=false stop=running
step=3445 time=0.37850293790362033 dt=0.0001098702405892098 residual=6.5958470562265309e-05 checked=false stop=running
step=3446 time=0.37861280814417791 dt=0.00010987024055756136 residual=6.5958335336011977e-05 checked=false stop=running
step=3447 time=0.3787226783847038 dt=0.00010987024052587725 residual=6.5957786526097309e-05 checked=false stop=running
step=3448 time=0.37883254862519794 dt=0.000109870240494158 residual=6.5956822265605434e-05 checked=false stop=running
step=3449 time=0.37894241886566032 dt=0.00010987024046240399 residual=6.5955443164981696e-05 checked=false stop=running
step=3450 time=0.37905228910609096 dt=0.00010987024043061571 residual=6.5953648366697947e-05 checked=false stop=running
step=3451 time=0.37916215934648972 dt=0.00010987024039879359 residual=6.59514370887076e-05 checked=false stop=running
step=3452 time=0.37927202958685668 dt=0.00010987024036693811 residual=6.5948809993538672e-05 checked=false stop=running
step=3453 time=0.37938189982719173 dt=0.00010987024033504966 residual=6.59457641324614e-05 checked=false stop=running
step=3454 time=0.37949177006749485 dt=0.00010987024030312881 residual=6.594230240044484e-05 checked=false stop=running
step=3455 time=0.379601640307766 dt=0.00010987024027117587 residual=6.5938422199928357e-05 checked=false stop=running
step=3456 time=0.37971151054800517 dt=0.0001098702402391914 residual=6.5934124510081278e-05 checked=false stop=running
step=3457 time=0.37982138078821237 dt=0.00010987024020717582 residual=6.5929408253033293e-05 checked=false stop=running
step=3458 time=0.37993125102838748 dt=0.0001098702401751296 residual=6.5924273502742279e-05 checked=false stop=running
step=3459 time=0.38004112126853051 dt=0.00010987024014305315 residual=6.591871986424371e-05 checked=false stop=running
step=3460 time=0.38015099150864146 dt=0.00010987024011094698 residual=6.5912746547884508e-05 checked=true stop=running
step=3461 time=0.38026086174872026 dt=0.0001098702400788115 residual=6.5906353807116921e-05 checked=false stop=running
step=3462 time=0.38037073198876692 dt=0.00010987024004664721 residual=6.5899542060758219e-05 checked=false stop=running
step=3463 time=0.38048060222878138 dt=0.00010987024001445448 residual=6.5892309772823019e-05 checked=false stop=running
step=3464 time=0.3805904724687636 dt=0.00010987023998223388 residual=6.5884657201184716e-05 checked=false stop=running
step=3465 time=0.38070034270871356 dt=0.00010987023994998579 residual=6.5876584235870515e-05 checked=false stop=running
step=3466 time=0.38081021294863127 dt=0.00010987023991771067 residual=6.5868091141725881e-05 checked=false stop=running
step=3467 time=0.38092008318851667 dt=0.00010987023988540897 residual=6.5859176194530829e-05 checked=false stop=running
step=3468 time=0.38102995342836976 dt=0.00010987023985308117 residual=6.5849840715240926e-05 checked=false stop=running
step=3469 time=0.38113982366819049 dt=0.00010987023982072775 residual=6.5840083631547332e-05 checked=false stop=running
step=3470 time=0.38124969390797886 dt=0.00010987023978834907 residual=6.5829905230787677e-05 checked=false stop=running
step=3471 time=0.38135956414773481 dt=0.00010987023975594568 residual=6.5819305312683434e-05 checked=false stop=running
step=3472 time=0.38146943438745834 dt=0.00010987023972351795 residual=6.5808283461709513e-05 checked=false stop=running
step=3473 time=0.3815793046271494 dt=0.00010987023969106641 residual=6.5796839142328545e-05 checked=false stop=running
step=3474 time=0.38168917486680798 dt=0.00010987023965859151 residual=6.5784973497302849e-05 checked=false stop=running
step=3475 time=0.38179904510643409 dt=0.00010987023962609363 residual=6.5772685717358675e-05 checked=false stop=running
step=3476 time=0.38190891534602767 dt=0.00010987023959357327 residual=6.5759975567938937e-05 checked=false stop=running
step=3477 time=0.38201878558558872 dt=0.0001098702395610309 residual=6.5746843041774699e-05 checked=false stop=running
step=3478 time=0.38212865582511718 dt=0.00010987023952846698 residual=6.5733287936284884e-05 checked=false stop=running
step=3479 time=0.38223852606461306 dt=0.00010987023949588191 residual=6.5719310323170086e-05 checked=false stop=running
step=3480 time=0.38234839630407635 dt=0.0001098702394632762 residual=6.5704909709082105e-05 checked=true stop=running
step=3481 time=0.38245826654350701 dt=0.00010987023943065032 residual=6.5690087624772526e-05 checked=false stop=running
step=3482 time=0.38256813678290502 dt=0.00010987023939800467 residual=6.5674841666880012e-05 checked=false stop=running
step=3483 time=0.38267800702227034 dt=0.00010987023936533971 residual=6.5659173647876991e-05 checked=false stop=running
step=3484 time=0.38278787726160302 dt=0.00010987023933265592 residual=6.5643081803121224e-05 checked=false stop=running
step=3485 time=0.382897747500903 dt=0.0001098702392999537 residual=6.5626568279345332e-05 checked=false stop=running
step=3486 time=0.38300761774017023 dt=0.00010987023926723359 residual=6.5609631541078075e-05 checked=false stop=running
step=3487 time=0.3831174879794047 dt=0.000109870239234496 residual=6.5592272333345536e-05 checked=false stop=running
step=3488 time=0.38322735821860643 dt=0.00010987023920174137 residual=6.5574489808587155e-05 checked=false stop=running
step=3489 time=0.3833372284577754 dt=0.0001098702391689702 residual=6.5556284485968535e-05 checked=false stop=running
step=3490 time=0.38344709869691157 dt=0.00010987023913618286 residual=6.5537656870017546e-05 checked=false stop=running
step=3491 time=0.38355696893601493 dt=0.00010987023910337991 residual=6.5518606001089836e-05 checked=false stop=running
step=3492 time=0.38366683917508548 dt=0.00010987023907056169 residual=6.5499134117198105e-05 checked=false stop=running
step=3493 time=0.38377670941412323 dt=0.00010987023903772874 residual=6.5479237961451949e-05 checked=false stop=running
step=3494 time=0.38388657965312811 dt=0.0001098702390048815 residual=6.5458919789643019e-05 checked=false stop=running
step=3495 time=0.38399644989210013 dt=0.00010987023897202037 residual=6.5438179727631045e-05 checked=false stop=running
step=3496 time=0.38410632013103929 dt=0.00010987023893914586 residual=6.5417016722159262e-05 checked=false stop=running
step=3497 time=0.38421619036994553 dt=0.0001098702389062584 residual=6.5395432582837911e-05 checked=false stop=running
step=3498 time=0.38432606060881891 dt=0.00010987023887335846 residual=6.5373425259449697e-05 checked=false stop=running
step=3499 time=0.38443593084765937 dt=0.00010987023884044643 residual=6.5350997177463557e-05 checked=false stop=running
step=3500 time=0.38454580108646691 dt=0.00010987023880752286 residual=6.5328146179383941e-05 checked=true stop=running
step=3501 time=0.38465567132524148 dt=0.00010987023877458816 residual=6.5304874294220866e-05 checked=false stop=running
step=3502 time=0.38476554156398313 dt=0.00010987023874164272 residual=6.5281181098706669e-05 checked=false stop=running
step=3503 time=0.3848754118026918 dt=0.00010987023870868708 residual=6.5257066209101084e-05 checked=false stop=running
step=3504 time=0.3849852820413675 dt=0.00010987023867572166 residual=6.5232529845250372e-05 checked=false stop=running
step=3505 time=0.38509515228001023 dt=0.00010987023864274688 residual=6.5207573566500421e-05 checked=false stop=running
step=3506 time=0.38520502251861999 dt=0.00010987023860976324 residual=6.5182196155271632e-05 checked=false stop=running
step=3507 time=0.38531489275719677 dt=0.00010987023857677118 residual=6.5156397254825319e-05 checked=false stop=running
step=3508 time=0.38542476299574052 dt=0.00010987023854377112 residual=6.51301789594288e-05 checked=false stop=running
step=3509 time=0.3855346332342513 dt=0.00010987023851076357 residual=6.5103540969418665e-05 checked=false stop=running
step=3510 time=0.38564450347272905 dt=0.00010987023847774889 residual=6.5076482714729759e-05 checked=false stop=running
step=3511 time=0.38575437371117377 dt=0.00010987023844472762 residual=6.5049004969243421e-05 checked=false stop=running
step=3512 time=0.38586424394958546 dt=0.00010987023841170016 residual=6.5021108134171769e-05 checked=false stop=running
step=3513 time=0.38597411418796412 dt=0.00010987023837866693 residual=6.4992791783927394e-05 checked=false stop=running
step=3514 time=0.38608398442630976 dt=0.00010987023834562849 residual=6.4964056661271808e-05 checked=false stop=running
step=3515 time=0.38619385466462236 dt=0.00010987023831258516 residual=6.4934903544729323e-05 checked=false stop=running
step=3516 time=0.38630372490290188 dt=0.00010987023827953749 residual=6.4905332166466725e-05 checked=false stop=running
step=3517 time=0.38641359514114837 dt=0.00010987023824648588 residual=6.4875343355036573e-05 checked=false stop=running
step=3518 time=0.38652346537936177 dt=0.00010987023821343076 residual=6.4844936200682927e-05 checked=false stop=running
step=3519 time=0.38663333561754215 dt=0.00010987023818037263 residual=6.4814111728897774e-05 checked=false stop=running
step=3520 time=0.38674320585568944 dt=0.00010987023814731191 residual=6.4782870450371386e-05 checked=true stop=running
step=3521 time=0.3868530760938037 dt=0.00010987023811424901 residual=6.4751212935703877e-05 checked=false stop=running
step=3522 time=0.38696294633188488 dt=0.00010987023808118448 residual=6.4719139721462768e-05 checked=false stop=running
step=3523 time=0.38707281656993298 dt=0.00010987023804811868 residual=6.468664951073763e-05 checked=false stop=running
step=3524 time=0.38718268680794804 dt=0.00010987023801505207 residual=6.4653745101699841e-05 checked=false stop=running
step=3525 time=0.38729255704593002 dt=0.0001098702379819851 residual=6.4620425082331261e-05 checked=false stop=running
step=3526 time=0.38740242728387891 dt=0.00010987023794891824 residual=6.4586689899491032e-05 checked=false stop=running
step=3527 time=0.38751229752179478 dt=0.00010987023791585189 residual=6.455254141085174e-05 checked=false stop=running
step=3528 time=0.38762216775967756 dt=0.00010987023788278655 residual=6.4517978752389715e-05 checked=false stop=running
step=3529 time=0.38773203799752726 dt=0.00010987023784972263 residual=6.4483002419462972e-05 checked=false stop=running
step=3530 time=0.38784190823534392 dt=0.0001098702378166606 residual=6.4447613326631454e-05 checked=false stop=running
step=3531 time=0.38795177847312751 dt=0.00010987023778360086 residual=6.441181182774975e-05 checked=false stop=running
step=3532 time=0.38806164871087806 dt=0.00010987023775054389 residual=6.4375598449316693e-05 checked=false stop=running
step=3533 time=0.38817151894859553 dt=0.00010987023771749012 residual=6.4338972920912894e-05 checked=false stop=running
step=3534 time=0.38828138918627997 dt=0.00010987023768444002 residual=6.430193618599348e-05 checked=false stop=running
step=3535 time=0.38839125942393138 dt=0.00010987023765139401 residual=6.4264488509895208e-05 checked=false stop=running
step=3536 time=0.3885011296615497 dt=0.00010987023761835252 residual=6.4226631575934216e-05 checked=false stop=running
step=3537 time=0.388610999899135 dt=0.00010987023758531598 residual=6.4188364404539681e-05 checked=false stop=running
step=3538 time=0.38872087013668727 dt=0.00010987023755228491 residual=6.4149687754201502e-05 checked=false stop=running
step=3539 time=0.38883074037420651 dt=0.0001098702375192597 residual=6.4110602785103144e-05 checked=false stop=running
step=3540 time=0.38894061061169277 dt=0.00010987023748624076 residual=6.4071110172350345e-05 checked=true stop=running
step=3541 time=0.38905048084914601 dt=0.00010987023745322855 residual=6.4031209637912726e-05 checked=false stop=running
step=3542 time=0.38916035108656621 dt=0.00010987023742022355 residual=6.3990901166973376e-05 checked=false stop=running
step=3543 time=0.38927022132395345 dt=0.00010987023738722614 residual=6.3950187199286992e-05 checked=false stop=running
step=3544 time=0.38938009156130771 dt=0.0001098702373542368 residual=6.3909067030495237e-05 checked=false stop=running
step=3545 time=0.38948996179862894 dt=0.00010987023732125599 residual=6.3867541141817436e-05 checked=false stop=running
step=3546 time=0.38959983203591719 dt=0.00010987023728828412 residual=6.3825610211256991e-05 checked=false stop=running
step=3547 time=0.38970970227317253 dt=0.00010987023725532159 residual=6.3783276434737767e-05 checked=false stop=running
step=3548 time=0.3898195725103949 dt=0.00010987023722236888 residual=6.3740538401300454e-05 checked=false stop=running
step=3549 time=0.38992944274758434 dt=0.0001098702371894264 residual=6.369739671296937e-05 checked=false stop=running
step=3550 time=0.39003931298474082 dt=0.00010987023715649467 residual=6.3653853114421468e-05 checked=false stop=running
step=3551 time=0.39014918322186437 dt=0.00010987023712357402 residual=6.3609907870341872e-05 checked=false stop=running
step=3552 time=0.39025905345895506 dt=0.00010987023709066492 residual=6.3565560691414771e-05 checked=false stop=running
step=3553 time=0.39036892369601284 dt=0.00010987023705776784 residual=6.352081471224007e-05 checked=false stop=running
step=3554 time=0.39047879393303769 dt=0.00010987023702488319 residual=6.3475667645474467e-05 checked=false stop=running
step=3555 time=0.39058866417002969 dt=0.00010987023699201137 residual=6.3430121487032437e-05 checked=false stop=running
step=3556 time=0.39069853440698882 dt=0.00010987023695915291 residual=6.3384177209295132e-05 checked=false stop=running
step=3557 time=0.39080840464391514 dt=0.00010987023692630811 residual=6.333783443203327e-05 checked=false stop=running
step=3558 time=0.3909182748808086 dt=0.00010987023689347753 residual=6.3291094589857188e-05 checked=false stop=running
step=3559 time=0.39102814511766926 dt=0.00010987023686066154 residual=6.3243959245209974e-05 checked=false stop=running
step=3560 time=0.3911380153544971 dt=0.00010987023682786059 residual=6.3196427762465175e-05 checked=true stop=running
step=3561 time=0.3912478855912922 dt=0.00010987023679507502 residual=6.3148501270040747e-05 checked=false stop=running
step=3562 time=0.39135775582805449 dt=0.00010987023676230542 residual=6.3100180078066678e-05 checked=false stop=running
step=3563 time=0.39146762606478402 dt=0.00010987023672955213 residual=6.3051465827862818e-05 checked=false stop=running
step=3564 time=0.39157749630148087 dt=0.00010987023669681559 residual=6.3002358960265989e-05 checked=false stop=running
step=3565 time=0.39168736653814495 dt=0.00010987023666409623 residual=6.2952859620876857e-05 checked=false stop=running
step=3566 time=0.39179723677477635 dt=0.00010987023663139451 residual=6.290296897454794e-05 checked=false stop=running
step=3567 time=0.39190710701137504 dt=0.0001098702365987108 residual=6.2852688259108872e-05 checked=false stop=running
step=3568 time=0.3920169772479411 dt=0.00010987023656604556 residual=6.2802017463752896e-05 checked=false stop=running
step=3569 time=0.39212684748447452 dt=0.00010987023653339923 residual=6.275095779371895e-05 checked=false stop=running
step=3570 time=0.39223671772097529 dt=0.0001098702365007722 residual=6.2699510388128791e-05 checked=false stop=running
step=3571 time=0.39234658795744348 dt=0.00010987023646816492 residual=6.2647674749247875e-05 checked=false stop=running
step=3572 time=0.39245645819387909 dt=0.00010987023643557785 residual=6.2595452974920356e-05 checked=false stop=running
step=3573 time=0.392566328430282