case(schema=1,name=case04-scmm6-roe-weno5-480x120,mesh=grids/double_mach_480x120.cgns,profile=scmm6_wcns,flux_difference=conservative_two_point,reconstruction=weno_js;variables=characteristic;epsilon=9.9999999999999995e-07;js_power=2;z_power=2;mdcd_dispersion=0.046378299999999997;mdcd_dissipation=0.01;mdcd_sensor_epsilon=5.6249999999999998e-05;mdcd_sensor_threshold=0.40000000000000002;mdcd_weight_bias=20;mdcd_weight_epsilon=9.9999999999999993e-41,riemann_solver=roe;roe_entropy_fix=0.10000000000000001;riemann_denominator_tolerance=9.9999999999999998e-13,gas_model=calorically_perfect gamma=1.3999999999999999 molar_mass=8.3140000000000001 specific_gas_constant=1,U_ref=1 rho_ref=1 T_ref=1 L_ref=1 mu_ref=1.0000000000000001e-05 Re=99999.999999999985 Ma=0.84515425472851657 dynamic_pressure_ref=1 time_ref=1,partition(mode=auto_split,allow_idle=false,max_load_ratio=1.2,min_cells=8),initial(type=double_mach_reflection,x0=0.16666666666666666),boundary.default=outflow,boundary.bottom=double_mach_reflection,boundary.left=double_mach_reflection,boundary.top=double_mach_reflection,enable_source_terms=false;models=,run(mode=unsteady,viscous=false,cfl=0.20000000000000001,max_steps=1000000,t_end=0.20000000000000001,max_wall_time=0,steady(min_steps=1,check_interval=1,consecutive=1,reference_floor=1.0000000000000001e-30,l2_abs=9.9999999999999998e-13,l2_rel=1e-08,linf_enabled=true,linf_abs=9.9999999999999994e-12,linf_rel=1e-08)),output(directory=results/scmm6_roe_weno5_480x120,allow_existing=false,dimensional=false,field(enabled=true,format=both,schedule(every_steps=0,every_time=0,explicit_times=,initial=false,final=true),quantities=rho:u:v:p:T:mach:entropy_proxy),history(enabled=true,format=txt,schedule(every_steps=1,every_time=0,explicit_times=,initial=true,final=true),quantities=),statistics(enabled=true,format=txt,schedule(every_steps=20,every_time=0,explicit_times=,initial=true,final=true),quantities=total_mass:total_momentum_x:total_momentum_y:total_energy),xz_planes(enabled=false,cell_j_indices=),yz_planes(enabled=false,target_x_coordinates=),channel_walls(enabled=false,lower_patch=bottom,upper_patch=top,half_height=1),checkpoint(enabled=true,schedule(every_steps=0,every_time=0.050000000000000003,explicit_times=,initial=false,final=true))),restart.path=<none>,digest=0x1bf80b5765234abf)
partition_plan(maximum_feasible=900;leaf=0,zone=0,range=[0,0,0:60,60,1),owner=0,generation=2;leaf=1,zone=0,range=[0,60,0:60,120,1),owner=1,generation=2;leaf=2,zone=0,range=[60,0,0:120,60,1),owner=2,generation=2;leaf=3,zone=0,range=[60,60,0:120,120,1),owner=3,generation=2;leaf=4,zone=1,range=[0,0,0:60,60,1),owner=4,generation=2;leaf=5,zone=1,range=[0,60,0:60,120,1),owner=5,generation=2;leaf=6,zone=1,range=[60,0,0:120,60,1),owner=6,generation=2;leaf=7,zone=1,range=[60,60,0:120,120,1),owner=7,generation=2;leaf=8,zone=2,range=[0,0,0:60,60,1),owner=8,generation=2;leaf=9,zone=2,range=[0,60,0:60,120,1),owner=9,generation=2;leaf=10,zone=2,range=[60,0,0:120,60,1),owner=10,generation=2;leaf=11,zone=2,range=[60,60,0:120,120,1),owner=11,generation=2;leaf=12,zone=3,range=[0,0,0:60,60,1),owner=12,generation=2;leaf=13,zone=3,range=[0,60,0:60,120,1),owner=13,generation=2;leaf=14,zone=3,range=[60,0,0:120,60,1),owner=14,generation=2;leaf=15,zone=3,range=[60,60,0:120,120,1),owner=15,generation=2)
mesh_signature=15348517292035358705
derived Re=99999.999999999985 Ma=0.84515425472851657
step=1 time=8.2100942993435199e-05 dt=8.2100942993435199e-05 residual=16155.096157765347 checked=false stop=running
step=2 time=0.00016416399293439244 dt=8.2063049940957243e-05 residual=15729.958238017769 checked=false stop=running
step=3 time=0.00024620988010741127 dt=8.2045887173018851e-05 residual=14990.084692527949 checked=false stop=running
step=4 time=0.00032824790106649636 dt=8.2038020959085111e-05 residual=14024.927702351953 checked=false stop=running
step=5 time=0.000410283234102669 dt=8.2035333036172638e-05 residual=13055.768168458675 checked=false stop=running
step=6 time=0.00049231776236670333 dt=8.2034528264034371e-05 residual=12243.784277582587 checked=false stop=running
step=7 time=0.00057435266759475647 dt=8.2034905228053141e-05 residual=11709.900229763498 checked=false stop=running
step=8 time=0.00065597694243554276 dt=8.1624274840786336e-05 residual=11514.310189477943 checked=false stop=running
step=9 time=0.00073700215415828363 dt=8.1025211722740906e-05 residual=11554.337778530111 checked=false stop=running
step=10 time=0.00081778320593886241 dt=8.0781051780578819e-05 residual=11567.910515400787 checked=false stop=running
step=11 time=0.00089849578844374705 dt=8.0712582504884642e-05 residual=11636.652120818755 checked=false stop=running
step=12 time=0.00097920623593416721 dt=8.0710447490420253e-05 residual=11562.358020220941 checked=false stop=running
step=13 time=0.0010599603236931098 dt=8.0754087758942548e-05 residual=11390.384891592425 checked=false stop=running
step=14 time=0.0011407943834415984 dt=8.0834059748488701e-05 residual=11174.065424381568 checked=false stop=running
step=15 time=0.001221618377453931 dt=8.0823994012332563e-05 residual=11008.932389268874 checked=false stop=running
step=16 time=0.0013024236748654203 dt=8.0805297411489218e-05 residual=11005.54560066161 checked=false stop=running
step=17 time=0.0013832550547433827 dt=8.0831379877962283e-05 residual=11092.864963249085 checked=false stop=running
step=18 time=0.0014634982797895233 dt=8.0243225046140547e-05 residual=11101.334971674491 checked=false stop=running
step=19 time=0.0015434385897686843 dt=7.9940309979160962e-05 residual=11083.38611650185 checked=false stop=running
step=20 time=0.001623291633821455 dt=7.985304405277065e-05 residual=11191.478129855434 checked=false stop=running
step=21 time=0.0017031807622635631 dt=7.988912844210818e-05 residual=11191.741404602972 checked=false stop=running
step=22 time=0.0017831690074546342 dt=7.9988245191071013e-05 residual=11120.632458358205 checked=false stop=running
step=23 time=0.0018632778932969574 dt=8.0108885842323187e-05 residual=11011.433027836842 checked=false stop=running
step=24 time=0.0019434911472345539 dt=8.0213253937596414e-05 residual=10946.134223379058 checked=false stop=running
step=25 time=0.0020237734645843549 dt=8.0282317349801143e-05 residual=10969.852780196334 checked=false stop=running
step=26 time=0.0021041278800138265 dt=8.0354415429471378e-05 residual=11007.950130938885 checked=false stop=running
step=27 time=0.0021840869369263043 dt=7.995905691247797e-05 residual=10993.625868746783 checked=false stop=running
step=28 time=0.0022637388245813784 dt=7.9651887655074092e-05 residual=10984.494794624181 checked=false stop=running
step=29 time=0.0023432839437669268 dt=7.9545119185548649e-05 residual=11072.159767838053 checked=false stop=running
step=30 time=0.0024228408878718107 dt=7.955694410488373e-05 residual=11064.177838093283 checked=false stop=running
step=31 time=0.0025024727404189106 dt=7.963185254709974e-05 residual=11024.527323234573 checked=false stop=running
step=32 time=0.0025821983844268124 dt=7.9725644007901762e-05 residual=10959.391570324637 checked=false stop=running
step=33 time=0.0026620211868971966 dt=7.9822802470384233e-05 residual=10916.456140066062 checked=false stop=running
step=34 time=0.0027419432912974104 dt=7.992210440021376e-05 residual=10953.829734777701 checked=false stop=running
step=35 time=0.0028219640132135385 dt=8.0020721916127893e-05 residual=10992.777364138572 checked=false stop=running
step=36 time=0.0029019384637369808 dt=7.9974450523442449e-05 residual=10992.120769820433 checked=false stop=running
step=37 time=0.0029815758392647469 dt=7.9637375527765998e-05 residual=10985.082839378931 checked=false stop=running
step=38 time=0.0030610830793269027 dt=7.9507240062155751e-05 residual=11061.231305096439 checked=false stop=running
step=39 time=0.0031405815550236355 dt=7.9498475696732822e-05 residual=11058.886491135388 checked=false stop=running
step=40 time=0.0032201315898705133 dt=7.9550034846877753e-05 residual=11040.457848234035 checked=false stop=running
step=41 time=0.0032997596498309718 dt=7.9628059960458396e-05 residual=10990.446507273691 checked=false stop=running
step=42 time=0.003379481328286429 dt=7.9721678455457279e-05 residual=10955.157157791287 checked=false stop=running
step=43 time=0.0034593029864517471 dt=7.9821658165318029e-05 residual=10992.252308320658 checked=false stop=running
step=44 time=0.0035392249642866597 dt=7.9921977834912497e-05 residual=11032.847974358345 checked=false stop=running
step=45 time=0.0036192429381806061 dt=8.0017973893946394e-05 residual=11032.937390897428 checked=false stop=running
step=46 time=0.0036990034930348072 dt=7.9760554854201086e-05 residual=11012.912375965885 checked=false stop=running
step=47 time=0.0037786059162080248 dt=7.9602423173217579e-05 residual=11074.756831260805 checked=false stop=running
step=48 time=0.0038581779907104134 dt=7.9572074502388623e-05 residual=11082.849240048068 checked=false stop=running
step=49 time=0.0039377924393977602 dt=7.9614448687346541e-05 residual=11084.521820452328 checked=false stop=running
step=50 time=0.004017487804623081 dt=7.969536522532099e-05 residual=11049.506805592187 checked=false stop=running
step=51 time=0.0040972808677115528 dt=7.9793063088471459e-05 residual=11018.452984183972 checked=false stop=running
step=52 time=0.0041771756926741862 dt=7.9894824962633421e-05 residual=11047.850250587038 checked=false stop=running
step=53 time=0.0042571709535284708 dt=7.9995260854284308e-05 residual=11080.118398557619 checked=false stop=running
step=54 time=0.0043372619054853684 dt=8.0090951956897602e-05 residual=11080.163478574375 checked=false stop=running
step=55 time=0.004417156586989544 dt=7.9894681504176054e-05 residual=11061.547292881134 checked=false stop=running
step=56 time=0.0044968830802389207 dt=7.9726493249376634e-05 residual=11119.802296946107 checked=false stop=running
step=57 time=0.004576568264672393 dt=7.9685184433472665e-05 residual=11126.476610026777 checked=false stop=running
step=58 time=0.0046562908626741079 dt=7.972259800171536e-05 residual=11129.200891892133 checked=false stop=running
step=59 time=0.0047360910516811216 dt=7.9800189007013872e-05 residual=11102.154875678567 checked=false stop=running
step=60 time=0.0048159883407013857 dt=7.9897289020264438e-05 residual=11081.544004510652 checked=false stop=running
step=61 time=0.0048959895542331341 dt=8.0001213531748756e-05 residual=11103.108750787398 checked=false stop=running
step=62 time=0.004976094687820511 dt=8.0105133587377101e-05 residual=11127.284120371662 checked=false stop=running
step=63 time=0.0050562992671318785 dt=8.0204579311367858e-05 residual=11127.602557635879 checked=false stop=running
step=64 time=0.0051362797167979627 dt=7.9980449666084346e-05 residual=11110.749680912761 checked=false stop=running
step=65 time=0.0052160943474372379 dt=7.9814630639275669e-05 residual=11168.543063269521 checked=false stop=running
step=66 time=0.0052958676163337741 dt=7.977326889653584e-05 residual=11170.524472473808 checked=false stop=running
step=67 time=0.0053756753653428852 dt=7.9807749009110923e-05 residual=11169.157564446312 checked=false stop=running
step=68 time=0.0054555593618246618 dt=7.988399648177651e-05 residual=11151.281201070997 checked=false stop=running
step=69 time=0.0055355429512977125 dt=7.9983589473051097e-05 residual=11141.208952682351 checked=false stop=running
step=70 time=0.0056156350224143663 dt=8.0092071116653302e-05 residual=11156.867631493642 checked=false stop=running
step=71 time=0.0056957385115059015 dt=8.0103489091535435e-05 residual=11172.326218592114 checked=false stop=running
step=72 time=0.0057758762662372858 dt=8.0137754731384521e-05 residual=11168.850484752322 checked=false stop=running
step=73 time=0.0058559068502596345 dt=8.0030584022348417e-05 residual=11154.103752714935 checked=false stop=running
step=74 time=0.0059357777506139344 dt=7.987090035429987e-05 residual=11210.81913163619 checked=false stop=running
step=75 time=0.0060156063662473664 dt=7.98286156334321e-05 residual=11212.247297409229 checked=false stop=running
step=76 time=0.0060954672141325635 dt=7.9860847885196852e-05 residual=11213.007879506496 checked=false stop=running
step=77 time=0.0061754049838733394 dt=7.9937769740776087e-05 residual=11202.265545800288 checked=false stop=running
step=78 time=0.0062551463152116177 dt=7.974133133827864e-05 residual=11195.354074874929 checked=false stop=running
step=79 time=0.0063346903451501893 dt=7.9544029938571678e-05 residual=11205.268002010773 checked=false stop=running
step=80 time=0.0064141808048557326 dt=7.9490459705543204e-05 residual=11217.994029742265 checked=false stop=running
step=81 time=0.0064937133654800801 dt=7.9532560624347601e-05 residual=11216.813285608136 checked=false stop=running
step=82 time=0.0065733617190676273 dt=7.9648353587547419e-05 residual=11204.963831728141 checked=false stop=running
step=83 time=0.0066531931698836548 dt=7.9831450816027834e-05 residual=11263.046827452508 checked=false stop=running
step=84 time=0.0067330467990177169 dt=7.9853629134062117e-05 residual=11265.026315802703 checked=false stop=running
step=85 time=0.0068126950679184284 dt=7.9648268900711153e-05 residual=11269.285565218674 checked=false stop=running
step=86 time=0.0068918744116355712 dt=7.9179343717142661e-05 residual=11261.116103955836 checked=false stop=running
step=87 time=0.0069707684048033675 dt=7.8893993167796097e-05 residual=11253.095548328816 checked=false stop=running
step=88 time=0.0070495113867865781 dt=7.8742981983210552e-05 residual=11259.795425417631 checked=false stop=running
step=89 time=0.007128221919702837 dt=7.8710532916259038e-05 residual=11276.280637414779 checked=false stop=running
step=90 time=0.0072069856148207281 dt=7.8763695117891461e-05 residual=11279.672212235744 checked=false stop=running
step=91 time=0.0072858607762317229 dt=7.8875161410994332e-05 residual=11266.600712073241 checked=false stop=running
step=92 time=0.0073648976127219379 dt=7.903683649021464e-05 residual=11258.374079841678 checked=false stop=running
step=93 time=0.0074439363155421184 dt=7.9038702820180659e-05 residual=11328.052245066365 checked=false stop=running
step=94 time=0.0075224283202362805 dt=7.8492004694162221e-05 residual=11333.425640451907 checked=false stop=running
step=95 time=0.0076005790482209885 dt=7.8150727984708311e-05 residual=11324.716914718701 checked=false stop=running
step=96 time=0.0076785211764680951 dt=7.794212824710622e-05 residual=11310.972042137873 checked=false stop=running
step=97 time=0.0077563290814614012 dt=7.7807904993306161e-05 residual=11313.289771806896 checked=false stop=running
step=98 time=0.0078340710458519661 dt=7.7741964390564504e-05 residual=11334.848427216335 checked=false stop=running
step=99 time=0.0079118383672051682 dt=7.776732135320185e-05 residual=11343.449778019854 checked=false stop=running
step=100 time=0.0079897216420414339 dt=7.7883274836265779e-05 residual=11330.982559909691 checked=false stop=running
step=101 time=0.0080677769081173873 dt=7.8055266075952921e-05 residual=11321.439988727603 checked=false stop=running
step=102 time=0.0081454673770707392 dt=7.7690468953352208e-05 residual=11388.661598913361 checked=false stop=running
step=103 time=0.0082227260380069202 dt=7.7258660936180119e-05 residual=11392.819000216934 checked=false stop=running
step=104 time=0.0082997314857082231 dt=7.7005447701302733e-05 residual=11385.578955395464 checked=false stop=running
step=105 time=0.0083765938817387288 dt=7.6862396030506319e-05 residual=11368.545226693206 checked=false stop=running
step=106 time=0.0084533669979237388 dt=7.6773116185009399e-05 residual=11365.241961719865 checked=false stop=running
step=107 time=0.0085301015011199285 dt=7.6734503196189511e-05 residual=11383.100033558954 checked=false stop=running
step=108 time=0.0086068611316208743 dt=7.6759630500946037e-05 residual=11394.660377585036 checked=false stop=running
step=109 time=0.0086837141023846896 dt=7.685297076381615e-05 residual=11387.473436890821 checked=false stop=running
step=110 time=0.0087607158723704889 dt=7.7001769985799611e-05 residual=11378.478438409469 checked=false stop=running
step=111 time=0.0088371368332113582 dt=7.6420960840868515e-05 residual=11442.94789486531 checked=false stop=running
step=112 time=0.0089131864778107944 dt=7.6049644599436413e-05 residual=11439.619094768288 checked=false stop=running
step=113 time=0.0089890312620008878 dt=7.5844784190093044e-05 residual=11433.178276137607 checked=false stop=running
step=114 time=0.0090647827532286257 dt=7.5751491227737605e-05 residual=11417.862072013935 checked=false stop=running
step=115 time=0.009140502415338014 dt=7.5719662109387944e-05 residual=11410.760159237872 checked=false stop=running
step=116 time=0.0092162301895527907 dt=7.5727774214777468e-05 residual=11419.017553099215 checked=false stop=running
step=117 time=0.0092920133237411641 dt=7.578313418837416e-05 residual=11430.815835512571 checked=false stop=running
step=118 time=0.0093678916177304585 dt=7.5878293989294383e-05 residual=11430.264801862979 checked=false stop=running
step=119 time=0.0094436677641203844 dt=7.5776146389925099e-05 residual=11423.4123080351 checked=false stop=running
step=120 time=0.0095189561164271477 dt=7.5288352306763476e-05 residual=11416.436897030704 checked=false stop=running
step=121 time=0.0095939348094463903 dt=7.4978693019242781e-05 residual=11471.128909579284 checked=false stop=running
step=122 time=0.0096687357360925371 dt=7.4800926646147092e-05 residual=11464.422780458744 checked=false stop=running
step=123 time=0.0097434488466894478 dt=7.4713110596909846e-05 residual=11458.166454129569 checked=false stop=running
step=124 time=0.0098181451374228287 dt=7.4696290733380856e-05 residual=11448.606465730576 checked=false stop=running
step=125 time=0.0098928865896374691 dt=7.4741452214641094e-05 residual=11445.340925617174 checked=false stop=running
step=126 time=0.0099677161826922604 dt=7.4829593054790523e-05 residual=11455.011771219553 checked=false stop=running
step=127 time=0.01004266278721336 dt=7.4946604521099679e-05 residual=11465.257003656398 checked=false stop=running
step=128 time=0.010117399507602067 dt=7.473672038870714e-05 residual=11463.340458529954 checked=false stop=running
step=129 time=0.010191741582092455 dt=7.4342074490387045e-05 residual=11452.949062363303 checked=false stop=running
step=130 time=0.010265838926580262 dt=7.4097344487807345e-05 residual=11509.560163188147 checked=false stop=running
step=131 time=0.010339793813862557 dt=7.3954887282295153e-05 residual=11504.262381274624 checked=false stop=running
step=132 time=0.010413680669945859 dt=7.3886856083302165e-05 residual=11502.580741756377 checked=false stop=running
step=133 time=0.010487563819251925 dt=7.388314930606542e-05 residual=11489.801722432072 checked=false stop=running
step=134 time=0.010561498924450867 dt=7.3935105198942008e-05 residual=11476.436857889774 checked=false stop=running
step=135 time=0.010635523644749763 dt=7.4024720298895407e-05 residual=11479.452228788057 checked=false stop=running
step=136 time=0.0107093244806217 dt=7.3800835871936938e-05 residual=11494.420605341107 checked=false stop=running
step=137 time=0.010783056009518625 dt=7.3731528896924469e-05 residual=11498.383266997043 checked=false stop=running
step=138 time=0.010856588771326357 dt=7.3532761807732863e-05 residual=11488.117804676845 checked=false stop=running
step=139 time=0.010929896093901962 dt=7.3307322575605273e-05 residual=11478.840194883653 checked=false stop=running
step=140 time=0.011003066737372899 dt=7.3170643470937821e-05 residual=11542.990054261618 checked=false stop=running
step=141 time=0.011076170847285237 dt=7.3104109912337556e-05 residual=11541.074651290444 checked=false stop=running
step=142 time=0.011149272406310936 dt=7.3101559025699677e-05 residual=11531.723212841589 checked=false stop=running
step=143 time=0.011222376441402868 dt=7.3104035091931405e-05 residual=11514.246447019888 checked=false stop=running
step=144 time=0.011295066888732691 dt=7.2690447329822242e-05 residual=11506.045176009517 checked=false stop=running
step=145 time=0.011367576195927652 dt=7.2509307194961126e-05 residual=11511.884088270917 checked=false stop=running
step=146 time=0.011440105574237708 dt=7.2529378310056143e-05 residual=11521.18975518815 checked=false stop=running
step=147 time=0.011512802421017819 dt=7.2696846780110789e-05 residual=11520.777002486917 checked=false stop=running
step=148 time=0.01158537830351339 dt=7.2575882495570939e-05 residual=11513.181467361555 checked=false stop=running
step=149 time=0.011657801183350748 dt=7.2422879837358791e-05 residual=11507.240750819814 checked=false stop=running
step=150 time=0.01173014174682608 dt=7.2340563475331406e-05 residual=11570.822969029336 checked=false stop=running
step=151 time=0.011802463747726605 dt=7.2322000900526713e-05 residual=11567.360026600487 checked=false stop=running
step=152 time=0.011874240532946169 dt=7.1776785219564187e-05 residual=11560.68052830803 checked=false stop=running
step=153 time=0.011945692612791114 dt=7.145207984494502e-05 residual=11546.195444453433 checked=false stop=running
step=154 time=0.012017029990220751 dt=7.1337377429637008e-05 residual=11533.756567336632 checked=false stop=running
step=155 time=0.012088430392759442 dt=7.1400402538690153e-05 residual=11533.115477231457 checked=false stop=running
step=156 time=0.012160027533637232 dt=7.1597140877789292e-05 residual=11543.261798866386 checked=false stop=running
step=157 time=0.012231922170355928 dt=7.189463671869681e-05 residual=11549.993606474485 checked=false stop=running
step=158 time=0.012303677968280281 dt=7.1755797924352304e-05 residual=11545.509046029074 checked=false stop=running
step=159 time=0.012375324133267343 dt=7.1646164987061459e-05 residual=11535.364198761123 checked=false stop=running
step=160 time=0.012446472271024113 dt=7.114813775676928e-05 residual=11597.870624581525 checked=false stop=running
step=161 time=0.01251711666655443 dt=7.0644395530316314e-05 residual=11599.925150623429 checked=false stop=running
step=162 time=0.012587478947014653 dt=7.0362280460224233e-05 residual=11597.097773052932 checked=false stop=running
step=163 time=0.012657752502654079 dt=7.0273555639426718e-05 residual=11577.630651096762 checked=false stop=running
step=164 time=0.012728099465672502 dt=7.0346963018422311e-05 residual=11556.306472354019 checked=false stop=running
step=165 time=0.01279864813738836 dt=7.0548671715858164e-05 residual=11553.414612256314 checked=false stop=running
step=166 time=0.012869499177790273 dt=7.0851040401912166e-05 residual=11569.855798141389 checked=false stop=running
step=167 time=0.012940677102911573 dt=7.1177925121299716e-05 residual=11583.852199079234 checked=false stop=running
step=168 time=0.013011608077329173 dt=7.0930974417600265e-05 residual=11579.856042537225 checked=false stop=running
step=169 time=0.013081803723637117 dt=7.0195646307943878e-05 residual=11567.690928643809 checked=false stop=running
step=170 time=0.013151509071991311 dt=6.970534835419385e-05 residual=11629.922008377325 checked=false stop=running
step=171 time=0.013220938399868461 dt=6.942932787714937e-05 residual=11630.324550981548 checked=false stop=running
step=172 time=0.013290276947203212 dt=6.9338547334750716e-05 residual=11624.912559144681 checked=false stop=running
step=173 time=0.013359679173078148 dt=6.9402225874936861e-05 residual=11605.745576328458 checked=false stop=running
step=174 time=0.01342926956441556 dt=6.959039133741102e-05 residual=11586.832903592085 checked=false stop=running
step=175 time=0.013499146771785752 dt=6.9877207370192356e-05 residual=11584.38212294085 checked=false stop=running
step=176 time=0.013569391867618194 dt=7.0245095832443139e-05 residual=11598.424670620527 checked=false stop=running
step=177 time=0.013639640001784971 dt=7.0248134166777225e-05 residual=11613.545644870335 checked=false stop=running
step=178 time=0.013709131873135884 dt=6.949187135091349e-05 residual=11615.750672095965 checked=false stop=running
step=179 time=0.013778110756082084 dt=6.897888294619904e-05 residual=11607.260511375945 checked=false stop=running
step=180 time=0.013846789689706386 dt=6.8678933624302457e-05 residual=11598.368401677102 checked=false stop=running
step=181 time=0.013915351691532039 dt=6.8562001825652854e-05 residual=11655.530235284035 checked=false stop=running
step=182 time=0.013983948499133347 dt=6.8596807601307936e-05 residual=11649.907714191888 checked=false stop=running
step=183 time=0.014052703116570505 dt=6.8754617437158218e-05 residual=11640.287113860802 checked=false stop=running
step=184 time=0.01412171369002895 dt=6.9010573458444757e-05 residual=11625.279939679287 checked=false stop=running
step=185 time=0.014191059577665336 dt=6.9345887636386886e-05 residual=11615.296012962997 checked=false stop=running
step=186 time=0.014260809013787448 dt=6.974943612211127e-05 residual=11618.696584104891 checked=false stop=running
step=187 time=0.014329854583005112 dt=6.9045569217663971e-05 residual=11634.0377182309 checked=false stop=running
step=188 time=0.014398337599942084 dt=6.8483016936972795e-05 residual=11645.477744735686 checked=false stop=running
step=189 time=0.014466474156754193 dt=6.8136556812108505e-05 residual=11641.107801469523 checked=false stop=running
step=190 time=0.014534448737249957 dt=6.7974580495764911e-05 residual=11626.562656654889 checked=false stop=running
step=191 time=0.01460241344326367 dt=6.7964706013713219e-05 residual=11680.953437112146 checked=false stop=running
step=192 time=0.014670491178518 dt=6.8077735254329187e-05 residual=11671.888515638262 checked=false stop=running
step=193 time=0.014738780785856985 dt=6.8289607338985266e-05 residual=11663.791269994976 checked=false stop=running
step=194 time=0.014807362040246746 dt=6.8581254389761168e-05 residual=11653.469689400736 checked=false stop=running
step=195 time=0.014876302400444965 dt=6.8940360198218204e-05 residual=11644.182397644749 checked=false stop=running
step=196 time=0.014945136488191525 dt=6.8834087746560464e-05 residual=11641.277527986022 checked=false stop=running
step=197 time=0.015013345833519915 dt=6.8209345328391273e-05 residual=11648.359730213771 checked=false stop=running
step=198 time=0.015081144740033159 dt=6.7798906513244221e-05 residual=11657.821510047073 checked=false stop=running
step=199 time=0.015148720524182006 dt=6.7575784148847379e-05 residual=11659.061151408396 checked=false stop=running
step=200 time=0.015216227413107719 dt=6.7506888925713393e-05 residual=11649.433658580263 checked=false stop=running
step=201 time=0.01528378902733846 dt=6.7561614230742168e-05 residual=11633.974117901556 checked=false stop=running
step=202 time=0.015351504379780183 dt=6.7715352441723061e-05 residual=11680.515451191533 checked=false stop=running
step=203 time=0.015419453479382074 dt=6.794909960189014e-05 residual=11674.517472536108 checked=false stop=running
step=204 time=0.015487704183573496 dt=6.8250704191422248e-05 residual=11679.034778217167 checked=false stop=running
step=205 time=0.015556317399556778 dt=6.8613215983282164e-05 residual=11676.385666574504 checked=false stop=running
step=206 time=0.015624406014730179 dt=6.8088615173401182e-05 residual=11667.568446749479 checked=false stop=running
step=207 time=0.015692017383968609 dt=6.7611369238429058e-05 residual=11662.847542202961 checked=false stop=running
step=208 time=0.015759331250586813 dt=6.7313866618204482e-05 residual=11667.197244484174 checked=false stop=running
step=209 time=0.015826502141174561 dt=6.7170890587748549e-05 residual=11669.628363947906 checked=false stop=running
step=210 time=0.015893656639687257 dt=6.7154498512694518e-05 residual=11659.746718024191 checked=false stop=running
step=211 time=0.01596089573183266 dt=6.7239092145400926e-05 residual=11639.964875389338 checked=false stop=running
step=212 time=0.016028300025871692 dt=6.7404294039034204e-05 residual=11628.981506511274 checked=false stop=running
step=213 time=0.016095937212559933 dt=6.7637186688240607e-05 residual=11694.368357580977 checked=false stop=running
step=214 time=0.016163868095799647 dt=6.7930883239714136e-05 residual=11700.844117336945 checked=false stop=running
step=215 time=0.016231966457449839 dt=6.8098361650190044e-05 residual=11700.582861313556 checked=false stop=running
step=216 time=0.016299510882720449 dt=6.7544425270607984e-05 residual=11691.665485359579 checked=false stop=running
step=217 time=0.016366682010833859 dt=6.7171128113408538e-05 residual=11683.016756520294 checked=false stop=running
step=218 time=0.016433630106452837 dt=6.6948095618979731e-05 residual=11677.902890209627 checked=false stop=running
step=219 time=0.016500479260191745 dt=6.6849153738906964e-05 residual=11671.21614134236 checked=false stop=running
step=220 time=0.016567331933804434 dt=6.6852673612689286e-05 residual=11658.291032525851 checked=false stop=running
step=221 time=0.016634272099483961 dt=6.6940165679526406e-05 residual=11650.851778524371 checked=false stop=running
step=222 time=0.016701370242333737 dt=6.7098142849774544e-05 residual=11653.977878188349 checked=false stop=running
step=223 time=0.016768688782100864 dt=6.7318539767127948e-05 residual=11721.648058904559 checked=false stop=running
step=224 time=0.016836282931934867 dt=6.759414983400488e-05 residual=11720.178914537355 checked=false stop=running
step=225 time=0.016903907314303305 dt=6.7624382368436611e-05 residual=11723.835804963768 checked=false stop=running
step=226 time=0.0169710621639882 dt=6.7154849684895144e-05 residual=11722.74822449265 checked=false stop=running
step=227 time=0.01703790708840474 dt=6.6844924416539666e-05 residual=11709.763437162939 checked=false stop=running
step=228 time=0.017104571545679126 dt=6.6664457274385008e-05 residual=11690.957667725203 checked=false stop=running
step=229 time=0.017171159105415775 dt=6.6587559736648949e-05 residual=11675.401273681427 checked=false stop=running
step=230 time=0.017237753496434059 dt=6.6594391018282755e-05 residual=11671.946963792208 checked=false stop=running
step=231 time=0.017304425493964531 dt=6.6671997530473167e-05 residual=11676.817410858752 checked=false stop=running
step=232 time=0.017371238653078491 dt=6.6813159113961128e-05 residual=11679.411887662642 checked=false stop=running
step=233 time=0.017438251358160926 dt=6.7012705082433995e-05 residual=11679.71803108369 checked=false stop=running
step=234 time=0.017505513490299295 dt=6.7262132138369319e-05 residual=11746.015110932703 checked=false stop=running
step=235 time=0.017572798924477797 dt=6.728543417850328e-05 residual=11749.021301808445 checked=false stop=running
step=236 time=0.017639669489770051 dt=6.6870565292254347e-05 residual=11747.847047981419 checked=false stop=running
step=237 time=0.017706267255450776 dt=6.6597765680724105e-05 residual=11730.811162007729 checked=false stop=running
step=238 time=0.017772706244697969 dt=6.6438989247193523e-05 residual=11707.377530939906 checked=false stop=running
step=239 time=0.017839077280056782 dt=6.6371035358813769e-05 residual=11694.042938745088 checked=false stop=running
step=240 time=0.017905454426039011 dt=6.6377145982227586e-05 residual=11691.449249539057 checked=false stop=running
step=241 time=0.017971901929253166 dt=6.6447503214154898e-05 residual=11693.745506182506 checked=false stop=running
step=242 time=0.018038478223828144 dt=6.6576294574979163e-05 residual=11699.115645570926 checked=false stop=running
step=243 time=0.01810523423451996 dt=6.6756010691816175e-05 residual=11704.448321497957 checked=false stop=running
step=244 time=0.018172211088082587 dt=6.6976853562626386e-05 residual=11708.218304681795 checked=false stop=running
step=245 time=0.01823925202809823 dt=6.7040940015641534e-05 residual=11769.815047297272 checked=false stop=running
step=246 time=0.018305918203364736 dt=6.6666175266505372e-05 residual=11762.290391127168 checked=false stop=running
step=247 time=0.018372336398074549 dt=6.6418194709814041e-05 residual=11748.769287099372 checked=false stop=running
step=248 time=0.018438607570879038 dt=6.6271172804487722e-05 residual=11730.772567031683 checked=false stop=running
step=249 time=0.018504812573204722 dt=6.6205002325683639e-05 residual=11716.927833493804 checked=false stop=running
step=250 time=0.018571019137836743 dt=6.6206564632022069e-05 residual=11709.509518204406 checked=false stop=running
step=251 time=0.018637288141473699 dt=6.6269003636955888e-05 residual=11711.090288243391 checked=false stop=running
step=252 time=0.018703674651404722 dt=6.6386509931021438e-05 residual=11720.580491940595 checked=false stop=running
step=253 time=0.018770223708910082 dt=6.6549057505360312e-05 residual=11731.582159833408 checked=false stop=running
step=254 time=0.018836969811769435 dt=6.6746102859353577e-05 residual=11735.123665979472 checked=false stop=running
step=255 time=0.018903834937538541 dt=6.6865125769104499e-05 residual=11728.897052576051 checked=false stop=running
step=256 time=0.018970354591780588 dt=6.6519654242048332e-05 residual=11778.78079133282 checked=false stop=running
step=257 time=0.019036642276748936 dt=6.6287684968347664e-05 residual=11768.154258999444 checked=false stop=running
step=258 time=0.019102788634021067 dt=6.6146357272130893e-05 residual=11757.398687683813 checked=false stop=running
step=259 time=0.019168867269552518 dt=6.6078635531451019e-05 residual=11741.363897762845 checked=false stop=running
step=260 time=0.019234941625078428 dt=6.6074355525908644e-05 residual=11728.719659239081 checked=false stop=running
step=261 time=0.019301069791964935 dt=6.6128166886506866e-05 residual=11728.555957104476 checked=false stop=running
step=262 time=0.019367303147076454 dt=6.6233355111519035e-05 residual=11739.252809976622 checked=false stop=running
step=263 time=0.0194336820688015 dt=6.6378921725044238e-05 residual=11753.194305044261 checked=false stop=running
step=264 time=0.019500237287949401 dt=6.6555219147900187e-05 residual=11759.75189951333 checked=false stop=running
step=265 time=0.019566964103481396 dt=6.6726815531994242e-05 residual=11753.393073514384 checked=false stop=running
step=266 time=0.019633364219798194 dt=6.6400116316797693e-05 residual=11742.332124978106 checked=false stop=running
step=267 time=0.019699539755222286 dt=6.6175535424093052e-05 residual=11791.31832487495 checked=false stop=running
step=268 time=0.019765574243607816 dt=6.6034488385530597e-05 residual=11778.528162724277 checked=false stop=running
step=269 time=0.019831537362929027 dt=6.5963119321212096e-05 residual=11763.514841203676 checked=false stop=running
step=270 time=0.019897490348623242 dt=6.5952985694215291e-05 residual=11753.849214578753 checked=false stop=running
step=271 time=0.019963489036970501 dt=6.5998688347257206e-05 residual=11754.782777616701 checked=false stop=running
step=272 time=0.020029581500589724 dt=6.609246361922205e-05 residual=11765.950795623037 checked=false stop=running
step=273 time=0.020095805160388468 dt=6.6223659798744712e-05 residual=11779.34264068246 checked=false stop=running
step=274 time=0.020162188721664708 dt=6.6383561276238965e-05 residual=11786.696397223614 checked=false stop=running
step=275 time=0.02022875558192783 dt=6.6566860263122713e-05 residual=11786.055227213019 checked=false stop=running
step=276 time=0.020295066735962024 dt=6.6311154034195198e-05 residual=11779.077654245686 checked=false stop=running
step=277 time=0.020361153033065953 dt=6.6086297103929096e-05 residual=11766.055001690958 checked=false stop=running
step=278 time=0.020427092807847474 dt=6.5939774781522515e-05 residual=11815.992456530332 checked=false stop=running
step=279 time=0.02049295354099729 dt=6.5860733149815498e-05 residual=11796.763218002961 checked=false stop=running
step=280 time=0.020558795491034718 dt=6.5841950037426151e-05 residual=11788.53263260862 checked=false stop=running
step=281 time=0.020624672772676992 dt=6.5877281642273881e-05 residual=11789.934440545159 checked=false stop=running
step=282 time=0.020690631406617473 dt=6.5958633940481701e-05 residual=11798.29894340805 checked=false stop=running
step=283 time=0.020756708530393721 dt=6.6077123776248919e-05 residual=11805.848501183265 checked=false stop=running
step=284 time=0.020822933389997612 dt=6.6224859603890478e-05 residual=11810.339838439451 checked=false stop=running
step=285 time=0.020889328727458599 dt=6.6395337460987259e-05 residual=11812.651840070295 checked=false stop=running
step=286 time=0.020955616191201377 dt=6.6287463742779784e-05 residual=11806.456799555268 checked=false stop=running
step=287 time=0.021021670747674324 dt=6.6054556472946852e-05 residual=11787.665450019838 checked=false stop=running
step=288 time=0.02108756639409453 dt=6.5895646420205563e-05 residual=11814.731127093532 checked=false stop=running
step=289 time=0.021153369108767164 dt=6.580271467263252e-05 residual=11800.884309520141 checked=false stop=running
step=290 time=0.021219138836011217 dt=6.5769727244052793e-05 residual=11801.25063473618 checked=false stop=running
step=291 time=0.021284928682600419 dt=6.5789846589202526e-05 residual=11811.649105083257 checked=false stop=running
step=292 time=0.021350783545126227 dt=6.5854862525807487e-05 residual=11823.581281255107 checked=false stop=running
step=293 time=0.021416741492006619 dt=6.5957946880391321e-05 residual=11828.542248709457 checked=false stop=running
step=294 time=0.021482834776360604 dt=6.6093284353986137e-05 residual=11829.580924982065 checked=false stop=running
step=295 time=0.021549088267385018 dt=6.6253491024414262e-05 residual=11829.51276091135 checked=false stop=running
step=296 time=0.021615413848488408 dt=6.6325581103390924e-05 residual=11821.811669857929 checked=false stop=running
step=297 time=0.021681496565504298 dt=6.6082717015890748e-05 residual=11806.446119006903 checked=false stop=running
step=298 time=0.021747407672936796 dt=6.5911107432499542e-05 residual=11797.543205756821 checked=false stop=running
step=299 time=0.021813211755771854 dt=6.5804082835058307e-05 residual=11865.276754173334 checked=false stop=running
step=300 time=0.021878967489840886 dt=6.5755734069030547e-05 residual=11858.318275445206 checked=false stop=running
step=301 time=0.021944726083848568 dt=6.5758594007683525e-05 residual=11861.390475771859 checked=false stop=running
step=302 time=0.022010530808849307 dt=6.5804725000740048e-05 residual=11864.781302545834 checked=false stop=running
step=303 time=0.022076419675559806 dt=6.5888866710497835e-05 residual=11863.715462532902 checked=false stop=running
step=304 time=0.022142427341015555 dt=6.600766545574817e-05 residual=11862.886517111687 checked=false stop=running
step=305 time=0.022208582118936639 dt=6.6154777921083267e-05 residual=11861.852214807219 checked=false stop=running
step=306 time=0.022274902022128205 dt=6.6319903191564765e-05 residual=11854.79894845705 checked=false stop=running
step=307 time=0.022341041824007424 dt=6.613980187921846e-05 residual=11846.239481660907 checked=false stop=running
step=308 time=0.022407003893988073 dt=6.5962069980649032e-05 residual=11840.032381790486 checked=false stop=running
step=309 time=0.022472850927382878 dt=6.5847033394806717e-05 residual=11834.27712564289 checked=false stop=running
step=310 time=0.022538638838386034 dt=6.5787911003157242e-05 residual=11905.819111599591 checked=false stop=running
step=311 time=0.022604414704846934 dt=6.5775866460901264e-05 residual=11908.198449511663 checked=false stop=running
step=312 time=0.022670217923721585 dt=6.5803218874652038e-05 residual=11910.606700506065 checked=false stop=running
step=313 time=0.022736084624387427 dt=6.5866700665844283e-05 residual=11905.346353856967 checked=false stop=running
step=314 time=0.022802049651876762 dt=6.596502748933398e-05 residual=11894.483175270849 checked=false stop=running
step=315 time=0.022868143524759618 dt=6.6093872882856198e-05 residual=11883.061955278199 checked=false stop=running
step=316 time=0.022934386526935076 dt=6.6243002175459434e-05 residual=11874.860100192718 checked=false stop=running
step=317 time=0.023000587183150661 dt=6.620065621558538e-05 residual=11871.591796931145 checked=false stop=running
step=318 time=0.023066612063787087 dt=6.6024880636425155e-05 residual=11867.406135146159 checked=false stop=running
step=319 time=0.023132519940862489 dt=6.590787707540081e-05 residual=11863.358393448383 checked=false stop=running
step=320 time=0.023198362782986769 dt=6.5842842124280503e-05 residual=11868.624829807062 checked=false stop=running
step=321 time=0.02326418369766018 dt=6.5820914673412237e-05 residual=11924.157857324481 checked=false stop=running
step=322 time=0.023330018343849381 dt=6.5834646189199921e-05 residual=11924.286257096395 checked=false stop=running
step=323 time=0.023395899389014457 dt=6.5881045165076731e-05 residual=11925.448214094256 checked=false stop=running
step=324 time=0.023461858970147315 dt=6.5959581132856338e-05 residual=11922.339015855332 checked=false stop=running
step=325 time=0.023527926850102944 dt=6.6067879955627966e-05 residual=11914.217859491004 checked=false stop=running
step=326 time=0.023594124839582679 dt=6.6197989479734994e-05 residual=11906.575307255487 checked=false stop=running
step=327 time=0.023660384633969949 dt=6.6259794387269307e-05 residual=11900.498712434061 checked=false stop=running
step=328 time=0.02372647660481458 dt=6.6091970844630967e-05 residual=11892.297486860067 checked=false stop=running
step=329 time=0.023792454097217794 dt=6.5977492403215135e-05 residual=11889.945589788305 checked=false stop=running
step=330 time=0.023858363984737244 dt=6.5909887519449706e-05 residual=11899.982555590042 checked=false stop=running
step=331 time=0.02392424515481233 dt=6.5881170075084687e-05 residual=11911.782202512459 checked=false stop=running
step=332 time=0.023990130210396331 dt=6.5885055584000453e-05 residual=11990.257048078973 checked=false stop=running
step=333 time=0.024056048084541207 dt=6.591787414487576e-05 residual=11986.838122231684 checked=false stop=running
step=334 time=0.024122026590769889 dt=6.5978506228681205e-05 residual=11979.160920830576 checked=false stop=running
step=335 time=0.024188092567845862 dt=6.6065977075973649e-05 residual=11965.416966452649 checked=false stop=running
step=336 time=0.024254268088749909 dt=6.6175520904047824e-05 residual=11951.284441776295 checked=false stop=running
step=337 time=0.024320568088681147 dt=6.6299999931236143e-05 residual=11936.55292226139 checked=false stop=running
step=338 time=0.024386729808072601 dt=6.6161719391455429e-05 residual=11924.404806947849 checked=false stop=running
step=339 time=0.024452781077062256 dt=6.6051268989655103e-05 residual=11930.407754965021 checked=false stop=running
step=340 time=0.024518763398418682 dt=6.5982321356426014e-05 residual=11944.925196278566 checked=false stop=running
step=341 time=0.024584711471910672 dt=6.5948073491989322e-05 residual=11955.722712449659 checked=false stop=running
step=342 time=0.02465065479941141 dt=6.5943327500736195e-05 residual=11962.448222539626 checked=false stop=running
step=343 time=0.024716618896475574 dt=6.5964097064165578e-05 residual=12025.203275024496 checked=false stop=running
step=344 time=0.024782627298540475 dt=6.6008402064901469e-05 residual=12019.624235433066 checked=false stop=running
step=345 time=0.024848703597725078 dt=6.6076299184602557e-05 residual=12012.098408979024 checked=false stop=running
step=346 time=0.024914868883046119 dt=6.6165285321040043e-05 residual=11993.05008709609 checked=false stop=running
step=347 time=0.024981138892822167 dt=6.6270009776046523e-05 residual=11965.176815602319 checked=false stop=running
step=348 time=0.025047372638211579 dt=6.6233745389413971e-05 residual=11954.504181911017 checked=false stop=running
step=349 time=0.025113499578819455 dt=6.6126940607875737e-05 residual=11963.676302237631 checked=false stop=running
step=350 time=0.025179555959555421 dt=6.6056380735964639e-05 residual=11978.221067401626 checked=false stop=running
step=351 time=0.025245572827229789 dt=6.601686767436992e-05 residual=11994.518976381378 checked=false stop=running
step=352 time=0.025311576876417753 dt=6.6004049187965265e-05 residual=12005.521028359472 checked=false stop=running
step=353 time=0.025377590785796697 dt=6.6013909378944346e-05 residual=12005.077355945677 checked=false stop=running
step=354 time=0.025443634803746239 dt=6.6044017949542819e-05 residual=12058.491308932322 checked=false stop=running
step=355 time=0.025509729658817083 dt=6.6094855070844108e-05 residual=12042.483300794373 checked=false stop=running
step=356 time=0.025575894861348928 dt=6.6165202531844947e-05 residual=12021.144280005466 checked=false stop=running
step=357 time=0.025642145741772478 dt=6.6250880423549601e-05 residual=12004.700150756711 checked=false stop=running
step=358 time=0.025708453165463659 dt=6.6307423691179418e-05 residual=12004.062160711517 checked=false stop=running
step=359 time=0.025774656672094401 dt=6.620350663074299e-05 residual=12008.608696302763 checked=false stop=running
step=360 time=0.025840787833229434 dt=6.6131161135031731e-05 residual=12014.274734395218 checked=false stop=running
step=361 time=0.025906874621679787 dt=6.6086788450353404e-05 residual=12027.741381903486 checked=false stop=running
step=362 time=0.0259729413459436 dt=6.6066724263810832e-05 residual=12040.10078214747 checked=false stop=running
step=363 time=0.026039008318175513 dt=6.6066972231912491e-05 residual=12041.454733937082 checked=false stop=running
step=364 time=0.026105093564311892 dt=6.6085246136377395e-05 residual=12034.024072856822 checked=false stop=running
step=365 time=0.026171215436634344 dt=6.612187232245422e-05 residual=12077.441950644728 checked=false stop=running
step=366 time=0.026237391493936106 dt=6.6176057301761966e-05 residual=12055.877988562826 checked=false stop=running
step=367 time=0.02630363571960603 dt=6.6244225669924206e-05 residual=12048.558459025779 checked=false stop=running
step=368 time=0.026369959252371671 dt=6.6323532765639353e-05 residual=12049.968436963198 checked=false stop=running
step=369 time=0.026436241308894638 dt=6.6282056522966198e-05 residual=12052.668563240861 checked=false stop=running
step=370 time=0.026502448421810938 dt=6.6207112916300345e-05 residual=12059.181442489224 checked=false stop=running
step=371 time=0.026568605805377319 dt=6.6157383566380911e-05 residual=12070.565778702432 checked=false stop=running
step=372 time=0.026634735510355487 dt=6.6129704978167047e-05 residual=12076.180724501328 checked=false stop=running
step=373 time=0.026700855822175722 dt=6.6120311820237e-05 residual=12076.409860867376 checked=false stop=running
step=374 time=0.026766983110895579 dt=6.6127288719856764e-05 residual=12070.17116768192 checked=false stop=running
step=375 time=0.026833133941099496 dt=6.615083020391608e-05 residual=12056.059031179 checked=false stop=running
step=376 time=0.026899324163614881 dt=6.6190222515385405e-05 residual=12104.089435941021 checked=false stop=running
step=377 time=0.026965566427550818 dt=6.6242263935937837e-05 residual=12100.063985846507 checked=false stop=running
step=378 time=0.027031870794025119 dt=6.630436647430264e-05 residual=12098.825290747973 checked=false stop=running
step=379 time=0.027098195272863744 dt=6.6324478838622938e-05 residual=12096.610974272702 checked=false stop=running
step=380 time=0.027164413725278953 dt=6.6218452415209742e-05 residual=12102.92991116478 checked=false stop=running
step=381 time=0.027230556003016892 dt=6.614227773793926e-05 residual=12108.671006536502 checked=false stop=running
step=382 time=0.027296649640959816 dt=6.6093637942922859e-05 residual=12109.810759107968 checked=false stop=running
step=383 time=0.027362720686557446 dt=6.6071045597629159e-05 residual=12111.546867987865 checked=false stop=running
step=384 time=0.027428794770048382 dt=6.6074083490934033e-05 residual=12108.877262909135 checked=false stop=running
step=385 time=0.027494896960381442 dt=6.6102190333059601e-05 residual=12098.510942890176 checked=false stop=running
step=386 time=0.027561049919866222 dt=6.6152959484778046e-05 residual=12091.029903063174 checked=false stop=running
step=387 time=0.027627272103566594 dt=6.622218370037043e-05 residual=12145.211238910582 checked=false stop=running
step=388 time=0.02769355393347709 dt=6.6281829910495453e-05 residual=12135.783112925959 checked=false stop=running
step=389 time=0.027759884974187476 dt=6.6331040710384918e-05 residual=12134.153469080917 checked=false stop=running
step=390 time=0.027826105817613016 dt=6.622084342554036e-05 residual=12144.343652585561 checked=false stop=running
step=391 time=0.027892246030627888 dt=6.6140213014873956e-05 residual=12150.532092859319 checked=false stop=running
step=392 time=0.027958332141691602 dt=6.6086111063714517e-05 residual=12149.177407716305 checked=false stop=running
step=393 time=0.028024389083465714 dt=6.605694177411123e-05 residual=12144.632870556103 checked=false stop=running
step=394 time=0.028090441247141929 dt=6.605216367621372e-05 residual=12138.15690358965 checked=false stop=running
step=395 time=0.028156511474510842 dt=6.6070227368913772e-05 residual=12133.836867172155 checked=false stop=running
step=396 time=0.02822261894337735 dt=6.6107468866505838e-05 residual=12132.86478901876 checked=false stop=running
step=397 time=0.0282887791882734 dt=6.6160244896051724e-05 residual=12126.776218652318 checked=false stop=running
step=398 time=0.028355005705405945 dt=6.6226517132543628e-05 residual=12174.405123387573 checked=false stop=running
step=399 time=0.028421302051934563 dt=6.629634652861768e-05 residual=12174.89628847799 checked=false stop=running
step=400 time=0.028487542207839008 dt=6.6240155904442665e-05 residual=12182.128618089222 checked=false stop=running
step=401 time=0.028553696970255681 dt=6.6154762416675004e-05 residual=12185.914135576113 checked=false stop=running
step=402 time=0.028619791755818243 dt=6.6094785562563493e-05 residual=12188.667141992566 checked=false stop=running
step=403 time=0.028685850451795641 dt=6.6058695977399217e-05 residual=12185.218385305889 checked=false stop=running
step=404 time=0.02875189554002321 dt=6.6045088227569316e-05 residual=12175.428229839734 checked=false stop=running
step=405 time=0.028817946828245754 dt=6.6051288222542412e-05 residual=12167.692643536635 checked=false stop=running
step=406 time=0.028884020964781498 dt=6.6074136535745225e-05 residual=12161.805387612743 checked=false stop=running
step=407 time=0.028950132414868854 dt=6.6111450087355438e-05 residual=12155.676920603277 checked=false stop=running
step=408 time=0.029016294319474296 dt=6.6161904605442764e-05 residual=12160.9003265594 checked=false stop=running
step=409 time=0.029082518792233482 dt=6.6224472759186367e-05 residual=12228.930948207937 checked=false stop=running
step=410 time=0.029148786319972121 dt=6.6267527738640204e-05 residual=12229.572579058875 checked=false stop=running
step=411 time=0.029214962736067569 dt=6.61764160954477e-05 residual=12227.177425327438 checked=false stop=running
step=412 time=0.029281072325681116 dt=6.6109589613546938e-05 residual=12226.33679238303 checked=false stop=running
step=413 time=0.029347137622855301 dt=6.6065297174183656e-05 residual=12222.113210838939 checked=false stop=running
step=414 time=0.029413179243058397 dt=6.6041620203098121e-05 residual=12214.827014568667 checked=false stop=running
step=415 time=0.029479215268000413 dt=6.6036024942016391e-05 residual=12206.527806647287 checked=false stop=running
step=416 time=0.029545261379597836 dt=6.6046111597423127e-05 residual=12197.363714493955 checked=false stop=running
step=417 time=0.029611331625606533 dt=6.6070246008697323e-05 residual=12199.36975955271 checked=false stop=running
step=418 time=0.029677438906793117 dt=6.6107281186583019e-05 residual=12212.707172321981 checked=false stop=running
step=419 time=0.029743595135119167 dt=6.6156228326048804e-05 residual=12222.1637342666 checked=false stop=running
step=420 time=0.029809811319718438 dt=6.6216184599271786e-05 residual=12278.272659649783 checked=false stop=running
step=421 time=0.029876011707765774 dt=6.6200388047336759e-05 residual=12274.4616765558 checked=false stop=running
step=422 time=0.02994213787284471 dt=6.6126165078934799e-05 residual=12269.719913170427 checked=false stop=running
step=423 time=0.03000821136278355 dt=6.6073489938839962e-05 residual=12261.31020239568 checked=false stop=running
step=424 time=0.030074251843506056 dt=6.6040480722507142e-05 residual=12252.248148979854 checked=false stop=running
step=425 time=0.030140276727717616 dt=6.6024884211560433e-05 residual=12241.177805391146 checked=false stop=running
step=426 time=0.030206301281263611 dt=6.6024553545995923e-05 residual=12235.975967960741 checked=false stop=running
step=427 time=0.030272339240481672 dt=6.6037959218058856e-05 residual=12245.703384965416 checked=false stop=running
step=428 time=0.03033840326874512 dt=6.6064028263447866e-05 residual=12261.813335296854 checked=false stop=running
step=429 time=0.030404505096836863 dt=6.6101828091743353e-05 residual=12268.199019610005 checked=false stop=running
step=430 time=0.030470655599264172 dt=6.6150502427307409e-05 residual=12327.171852079104 checked=false stop=running
step=431 time=0.030536864896435371 dt=6.6209297171196873e-05 residual=12318.211725914736 checked=false stop=running
step=432 time=0.030603007892696255 dt=6.6142996260885195e-05 residual=12307.685628830697 checked=false stop=running
step=433 time=0.030669090947276198 dt=6.6083054579942871e-05 residual=12296.81299682911 checked=false stop=running
step=434 time=0.030735133198436106 dt=6.6042251159908466e-05 residual=12286.838573127869 checked=false stop=running
step=435 time=0.030801151707717023 dt=6.6018509280917165e-05 residual=12278.762492578124 checked=false stop=running
step=436 time=0.030867161466371994 dt=6.6009758654969546e-05 residual=12279.300482619001 checked=false stop=running
step=437 time=0.030933175924557462 dt=6.6014458185469812e-05 residual=12288.305552918868 checked=false stop=running
step=438 time=0.030999207453620312 dt=6.603152906284939e-05 residual=12296.731819647719 checked=false stop=running
step=439 time=0.031065267487019089 dt=6.6060033398777167e-05 residual=12300.678615430375 checked=false stop=running
step=440 time=0.031131366600599175 dt=6.6099113580087059e-05 residual=12305.233842179221 checked=false stop=running
step=441 time=0.031197514622338454 dt=6.6148021739280763e-05 residual=12363.421705539264 checked=false stop=running
step=442 time=0.031263671971408301 dt=6.6157349069849181e-05 residual=12349.23885455888 checked=false stop=running
step=443 time=0.031329763448555287 dt=6.6091477146987477e-05 residual=12335.535644430969 checked=false stop=running
step=444 time=0.031395807609849127 dt=6.6044161293838386e-05 residual=12319.221126559534 checked=false stop=running
step=445 time=0.031461820968638178 dt=6.6013358789053134e-05 residual=12310.015319625232 checked=false stop=running
step=446 time=0.031527818028346727 dt=6.5997059708550426e-05 residual=12316.448230890712 checked=false stop=running
step=447 time=0.031593811790994228 dt=6.5993762647498407e-05 residual=12327.271055475687 checked=false stop=running
step=448 time=0.031659814283196454 dt=6.6002492202226468e-05 residual=12327.969004997589 checked=false stop=running
step=449 time=0.031725836738729599 dt=6.6022455533143134e-05 residual=12327.31739595398 checked=false stop=running
step=450 time=0.031791889644057721 dt=6.6052905328121468e-05 residual=12329.315757871022 checked=false stop=running
step=451 time=0.031857982777763347 dt=6.6093133705623957e-05 residual=12327.684650177214 checked=false stop=running
step=452 time=0.031924085561129599 dt=6.610278336625233e-05 residual=12385.309679361055 checked=false stop=running
step=453 time=0.03199017477925882 dt=6.6089218129222676e-05 residual=12372.403733878991 checked=false stop=running
step=454 time=0.032056210317042394 dt=6.6035537783574685e-05 residual=12355.905681460197 checked=false stop=running
step=455 time=0.032122208379087434 dt=6.5998062045041428e-05 residual=12345.47170772539 checked=false stop=running
step=456 time=0.032188183381625032 dt=6.5975002537597104e-05 residual=12348.380455668315 checked=false stop=running
step=457 time=0.032254148279658598 dt=6.5964898033567194e-05 residual=12350.828236583317 checked=false stop=running
step=458 time=0.032320115011031179 dt=6.5966731372580592e-05 residual=12350.786790310536 checked=false stop=running
step=459 time=0.032386094721227103 dt=6.5979710195922009e-05 residual=12354.776277577241 checked=false stop=running
step=460 time=0.032452097825661191 dt=6.6003104434091689e-05 residual=12356.509361601058 checked=false stop=running
step=461 time=0.032518126950980872 dt=6.6029125319680781e-05 residual=12357.495620685922 checked=false stop=running
step=462 time=0.032584128217691612 dt=6.6001266710741837e-05 residual=12357.220692479776 checked=false stop=running
step=463 time=0.032650108543574356 dt=6.5980325882747601e-05 residual=12408.56744210408 checked=false stop=running
step=464 time=0.032716075987176518 dt=6.5967443602163805e-05 residual=12391.386212951134 checked=false stop=running
step=465 time=0.032782039996408351 dt=6.5964009231831981e-05 residual=12382.284067710827 checked=false stop=running
step=466 time=0.032847983803189429 dt=6.5943806781076884e-05 residual=12376.765464689313 checked=false stop=running
step=467 time=0.032913911446773927 dt=6.5927643584499462e-05 residual=12375.624529191942 checked=false stop=running
step=468 time=0.032979834918630713 dt=6.5923471856785848e-05 residual=12381.738722120284 checked=false stop=running
step=469 time=0.033045765367428322 dt=6.5930448797605823e-05 residual=12383.979880444513 checked=false stop=running
step=470 time=0.033111713203979022 dt=6.5947836550702121e-05 residual=12382.401070549058 checked=false stop=running
step=471 time=0.033177667322711719 dt=6.5954118732700659e-05 residual=12385.224101041949 checked=false stop=running
step=472 time=0.033243578727027094 dt=6.5911404315376263e-05 residual=12386.431800341867 checked=false stop=running
step=473 time=0.03330945641051776 dt=6.5877683490667133e-05 residual=12379.856861309543 checked=false stop=running
step=474 time=0.033375310497380441 dt=6.5854086862677461e-05 residual=12431.060933298928 checked=false stop=running
step=475 time=0.033441152654197462 dt=6.5842156817021605e-05 residual=12419.111043521212 checked=false stop=running
step=476 time=0.033506995233048661 dt=6.5842578851197075e-05 residual=12413.494838356319 checked=false stop=running
step=477 time=0.033572848940108757 dt=6.5853707060097803e-05 residual=12413.2210338723 checked=false stop=running
step=478 time=0.033638720152207133 dt=6.587121209837362e-05 residual=12413.850716098214 checked=false stop=running
step=479 time=0.033704595105103825 dt=6.5874952896689194e-05 residual=12413.135658514109 checked=false stop=running
step=480 time=0.033770482276476596 dt=6.5887171372769831e-05 residual=12412.652622523266 checked=false stop=running
step=481 time=0.033836383054909609 dt=6.5900778433012808e-05 residual=12413.844168209505 checked=false stop=running
step=482 time=0.033902227788971062 dt=6.5844734061450515e-05 residual=12409.980069201285 checked=false stop=running
step=483 time=0.033968027406252189 dt=6.5799617281128188e-05 residual=12402.818378322916 checked=false stop=running
step=484 time=0.034033793903353801 dt=6.5766497101613935e-05 residual=12396.444030115979 checked=false stop=running
step=485 time=0.034099540526260831 dt=6.574662290702753e-05 residual=12456.753780403928 checked=false stop=running
step=486 time=0.034165281085838856 dt=6.5740559578024844e-05 residual=12459.284372116612 checked=false stop=running
step=487 time=0.034231028178049419 dt=6.5747092210566283e-05 residual=12457.547994056524 checked=false stop=running
step=488 time=0.034296791059363112 dt=6.5762881313693558e-05 residual=12447.029820176549 checked=false stop=running
step=489 time=0.034362574296956397 dt=6.5783237593287279e-05 residual=12438.427189502101 checked=false stop=running
step=490 time=0.03442837927187771 dt=6.580497492131178e-05 residual=12439.747217013726 checked=false stop=running
step=491 time=0.03449420715659287 dt=6.5827884715158669e-05 residual=12442.818342164779 checked=false stop=running
step=492 time=0.034560018882660304 dt=6.58117260674358e-05 residual=12438.898297970014 checked=false stop=running
step=493 time=0.034625773816135991 dt=6.5754933475689319e-05 residual=12429.275472164849 checked=false stop=running
step=494 time=0.034691485686911806 dt=6.571187077581618e-05 residual=12420.539145399161 checked=false stop=running
step=495 time=0.03475716932122843 dt=6.5683634316624618e-05 residual=12425.367407337713 checked=false stop=running
step=496 time=0.034822839660916448 dt=6.5670339688016999e-05 residual=12495.870622910683 checked=false stop=running
step=497 time=0.034888510062849605 dt=6.5670401933154998e-05 residual=12492.848585899172 checked=false stop=running
step=498 time=0.034954191174584141 dt=6.568111173453468e-05 residual=12482.360594625305 checked=false stop=running
step=499 time=0.035019890483293868 dt=6.569930870972431e-05 residual=12473.382351509752 checked=false stop=running
step=500 time=0.035085611795414758 dt=6.5721312120889752e-05 residual=12470.391004701371 checked=false stop=running
step=501 time=0.035151357111958187 dt=6.5745316543428894e-05 residual=12466.794211644803 checked=false stop=running
step=502 time=0.035217128918340772 dt=6.57718063825872e-05 residual=12461.305396288895 checked=false stop=running
step=503 time=0.035282880274638939 dt=6.575135629816533e-05 residual=12452.146230789993 checked=false stop=running
step=504 time=0.035348577883774213 dt=6.5697609135272839e-05 residual=12449.567264491878 checked=false stop=running
step=505 time=0.035414237875372415 dt=6.5659991598200987e-05 residual=12458.45648348846 checked=false stop=running
step=506 time=0.035479876372366638 dt=6.5638496994221491e-05 residual=12465.200054849389 checked=false stop=running
step=507 time=0.035545507663532712 dt=6.5631291166070931e-05 residual=12521.292444951519 checked=false stop=running
step=508 time=0.035611142831414686 dt=6.5635167881973152e-05 residual=12511.829044823604 checked=false stop=running
step=509 time=0.035676789902324604 dt=6.564707090992068e-05 residual=12508.046432113651 checked=false stop=running
step=510 time=0.035742454979413231 dt=6.5665077088623668e-05 residual=12502.75122557487 checked=false stop=running
step=511 time=0.035808142293901453 dt=6.5687314488219669e-05 residual=12495.938721881967 checked=false stop=running
step=512 time=0.035873855289691149 dt=6.5712995789692942e-05 residual=12486.337757196465 checked=false stop=running
step=513 time=0.035939596969211354 dt=6.5741679520208067e-05 residual=12478.478283519613 checked=false stop=running
step=514 time=0.036005305532029672 dt=6.5708562818317425e-05 residual=12482.660038728864 checked=false stop=running
step=515 time=0.036070967679925493 dt=6.5662147895819936e-05 residual=12493.45836146034 checked=false stop=running
step=516 time=0.036136600917763384 dt=6.5633237837892935e-05 residual=12493.953102535183 checked=false stop=running
step=517 time=0.036202220693500119 dt=6.561977573673541e-05 residual=12486.869836238258 checked=false stop=running
step=518 time=0.036267839027053453 dt=6.5618333553332681e-05 residual=12545.677605899831 checked=false stop=running
step=519 time=0.036333464381172298 dt=6.5625354118845422e-05 residual=12542.401490709555 checked=false stop=running
step=520 time=0.036399102618234543 dt=6.5638237062246661e-05 residual=12537.803398007822 checked=false stop=running
step=521 time=0.03646475841362553 dt=6.5655795390985559e-05 residual=12528.788234130239 checked=false stop=running
step=522 time=0.036530435977911106 dt=6.5677564285574378e-05 residual=12515.838765064764 checked=false stop=running
step=523 time=0.036596138712251682 dt=6.5702734340576007e-05 residual=12509.128725151128 checked=false stop=running
step=524 time=0.036661868860905007 dt=6.5730148653325105e-05 residual=12514.861149834596 checked=false stop=running
step=525 time=0.036727544306147039 dt=6.5675445242032747e-05 residual=12518.756935156876 checked=false stop=running
step=526 time=0.036793183822249859 dt=6.5639516102816841e-05 residual=12513.825658542111 checked=false stop=running
step=527 time=0.036858803940512719 dt=6.5620118262863043e-05 residual=12513.822229811994 checked=false stop=running
step=528 time=0.036924417453072129 dt=6.5613512559412038e-05 residual=12516.677338743966 checked=false stop=running
step=529 time=0.03699002077816619 dt=6.5603325094061644e-05 residual=12576.565658098709 checked=false stop=running
step=530 time=0.037055622532214991 dt=6.560175404880305e-05 residual=12571.620438829756 checked=false stop=running
step=531 time=0.037121231825513488 dt=6.5609293298498784e-05 residual=12563.767214056505 checked=false stop=running
step=532 time=0.037186857139256971 dt=6.5625313743484083e-05 residual=12548.848929841299 checked=false stop=running
step=533 time=0.037252506400472014 dt=6.5649261215043622e-05 residual=12539.687494113146 checked=false stop=running
step=534 time=0.037318187033947743 dt=6.5680633475727123e-05 residual=12539.702627279008 checked=false stop=running
step=535 time=0.037383846968939531 dt=6.565993499178582e-05 residual=12540.201562244734 checked=false stop=running
step=536 time=0.037449459624323389 dt=6.561265538386081e-05 residual=12544.637370670071 checked=false stop=running
step=537 time=0.037515037889335599 dt=6.557826501220836e-05 residual=12548.417533088721 checked=false stop=running
step=538 time=0.037580593493962075 dt=6.5555604626473351e-05 residual=12546.922729768528 checked=false stop=running
step=539 time=0.037646136990025385 dt=6.5543496063307814e-05 residual=12544.205880372878 checked=false stop=running
step=540 time=0.037711677916539531 dt=6.5540926514144607e-05 residual=12602.471507537619 checked=false stop=running
step=541 time=0.037777225040053826 dt=6.5547123514297817e-05 residual=12592.862198314107 checked=false stop=running
step=542 time=0.037842786543015448 dt=6.5561502961620138e-05 residual=12581.801164443261 checked=false stop=running
step=543 time=0.037908370087918739 dt=6.5583544903292259e-05 residual=12571.965309923962 checked=false stop=running
step=544 time=0.037973982844186065 dt=6.5612756267323269e-05 residual=12565.701972668387 checked=false stop=running
step=545 time=0.038039585857900224 dt=6.5603013714155695e-05 residual=12567.890839549691 checked=false stop=running
step=546 time=0.03810514129675624 dt=6.5555438856016175e-05 residual=12574.740697198515 checked=false stop=running
step=547 time=0.038170661779071344 dt=6.552048231510197e-05 residual=12576.277361350401 checked=false stop=running
step=548 time=0.038236158696636671 dt=6.5496917565330097e-05 residual=12573.555012579198 checked=false stop=running
step=549 time=0.038301642279952849 dt=6.5483583316178952e-05 residual=12573.057867052166 checked=false stop=running
step=550 time=0.038367121786438058 dt=6.547950648520679e-05 residual=12571.750895414942 checked=false stop=running
step=551 time=0.038432605733441122 dt=6.5483947003062675e-05 residual=12624.383478146767 checked=false stop=running
step=552 time=0.03849810209930371 dt=6.5496365862589069e-05 residual=12611.595339784859 checked=false stop=running
step=553 time=0.038563618317569368 dt=6.5516218265658762e-05 residual=12601.778035119713 checked=false stop=running
step=554 time=0.0386291612377423 dt=6.5542920172934868e-05 residual=12597.63202283761 checked=false stop=running
step=555 time=0.038694712954952901 dt=6.5551717210598443e-05 residual=12601.348183071952 checked=false stop=running
step=556 time=0.038760215296229042 dt=6.5502341276139277e-05 residual=12604.998359659619 checked=false stop=running
step=557 time=0.03882568065225498 dt=6.5465356025938302e-05 residual=12602.89415436315 checked=false stop=running
step=558 time=0.038891120166998749 dt=6.5439514743769671e-05 residual=12601.987941420884 checked=false stop=running
step=559 time=0.038956543827590617 dt=6.5423660591864589e-05 residual=12605.045526168289 checked=false stop=running
step=560 time=0.039021960688064523 dt=6.5416860473907783e-05 residual=12604.483991359386 checked=false stop=running
step=561 time=0.039087379152256484 dt=6.5418464191960318e-05 residual=12599.176752741785 checked=false stop=running
step=562 time=0.039152807273381614 dt=6.5428121125129537e-05 residual=12649.682269846602 checked=false stop=running
step=563 time=0.039218252572265008 dt=6.5445298883395065e-05 residual=12638.161754512364 checked=false stop=running
step=564 time=0.039283721720427899 dt=6.5469148162891996e-05 residual=12635.839626572075 checked=false stop=running
step=565 time=0.03934922086134611 dt=6.549914091821204e-05 residual=12636.09387902948 checked=false stop=running
step=566 time=0.039414673293906938 dt=6.5452432560827024e-05 residual=12632.814252352713 checked=false stop=running
step=567 time=0.039480085552721006 dt=6.5412258814068135e-05 residual=12630.656500292564 checked=false stop=running
step=568 time=0.039545468724545278 dt=6.5383171824271209e-05 residual=12632.641835691058 checked=false stop=running
step=569 time=0.039610832795099103 dt=6.5364070553824616e-05 residual=12633.052842863377 checked=false stop=running
step=570 time=0.039676186907744784 dt=6.535411264568168e-05 residual=12631.371229730585 checked=false stop=running
step=571 time=0.039741539616956645 dt=6.5352709211858546e-05 residual=12627.391548732567 checked=false stop=running
step=572 time=0.03980689925354855 dt=6.5359636591907398e-05 residual=12620.727384658665 checked=false stop=running
step=573 time=0.039872273959333092 dt=6.5374705784539442e-05 residual=12678.491377825181 checked=false stop=running
step=574 time=0.03993767049624021 dt=6.5396536907120958e-05 residual=12677.856149456979 checked=false stop=running
step=575 time=0.040003094761057435 dt=6.542426481722284e-05 residual=12672.949724609201 checked=false stop=running
step=576 time=0.040068502494086035 dt=6.540773302860287e-05 residual=12659.047291445169 checked=false stop=running
step=577 time=0.040133867020986785 dt=6.536452690074899e-05 residual=12653.551445118104 checked=false stop=running
step=578 time=0.04019919968528874 dt=6.5332664301958064e-05 residual=12655.240035052613 checked=false stop=running
step=579 time=0.040264510658943514 dt=6.5310973654776754e-05 residual=12656.838249857414 checked=false stop=running
step=580 time=0.040329809220787688 dt=6.5298561844173573e-05 residual=12658.731859450718 checked=false stop=running
step=581 time=0.040395103998737518 dt=6.5294777949830005e-05 residual=12655.761600583444 checked=false stop=running
step=582 time=0.040460403194518241 dt=6.5299195780720885e-05 residual=12648.553518801038 checked=false stop=running
step=583 time=0.040525715273497909 dt=6.5312078979670949e-05 residual=12647.471378488406 checked=false stop=running
step=584 time=0.040591047665033873 dt=6.5332391535964434e-05 residual=12707.643132939489 checked=false stop=running
step=585 time=0.040656406087454987 dt=6.5358422421112189e-05 residual=12696.518471415704 checked=false stop=running
step=586 time=0.040721779962507032 dt=6.5373875052044983e-05 residual=12689.083013900869 checked=false stop=running
step=587 time=0.040787108157346173 dt=6.5328194839138091e-05 residual=12684.247249761465 checked=false stop=running
step=588 time=0.040852402310699469 dt=6.5294153353294055e-05 residual=12678.760639740733 checked=false stop=running
step=589 time=0.04091767269627445 dt=6.5270385574978524e-05 residual=12677.275772784003 checked=false stop=running
step=590 time=0.040982928585046263 dt=6.5255888771812519e-05 residual=12678.73595176649 checked=false stop=running
step=591 time=0.041048178555939993 dt=6.5249970893726402e-05 residual=12675.126807443296 checked=false stop=running
step=592 time=0.041113430592718617 dt=6.5252036778625059e-05 residual=12670.746696627601 checked=false stop=running
step=593 time=0.04117869255135613 dt=6.5261958637510557e-05 residual=12671.407432551023 checked=false stop=running
step=594 time=0.041243972482410157 dt=6.5279931054025486e-05 residual=12670.696415942952 checked=false stop=running
step=595 time=0.041309276215552186 dt=6.5303733142028892e-05 residual=12731.104948628121 checked=false stop=running
step=596 time=0.041374608885568487 dt=6.5332670016300719e-05 residual=12725.820054203245 checked=false stop=running
step=597 time=0.04143991546799717 dt=6.5306582428682487e-05 residual=12714.127246570133 checked=false stop=running
step=598 time=0.041505185490061991 dt=6.5270022064819281e-05 residual=12701.869274774128 checked=false stop=running
step=599 time=0.041570429306625231 dt=6.5243816563241054e-05 residual=12698.499036630794 checked=false stop=running
step=600 time=0.041635656145006174 dt=6.5226838380944951e-05 residual=12698.019085474705 checked=false stop=running
step=601 time=0.04170087448405798 dt=6.5218339051805645e-05 residual=12692.656005878036 checked=false stop=running
step=602 time=0.041766092164928457 dt=6.52176808704787e-05 residual=12689.247968641839 checked=false stop=running
step=603 time=0.041831316616590959 dt=6.5224451662499188e-05 residual=12689.266200695713 checked=false stop=running
step=604 time=0.041896555748351383 dt=6.5239131760422265e-05 residual=12693.619420843763 checked=false stop=running
step=605 time=0.041961815613799108 dt=6.5259865447727229e-05 residual=12701.509628553884 checked=false stop=running
step=606 time=0.042027101239040555 dt=6.5285625241445284e-05 residual=12762.002054383482 checked=false stop=running
step=607 time=0.04209240067104307 dt=6.5299432002512782e-05 residual=12747.540219184055 checked=false stop=running
step=608 time=0.042157660384769556 dt=6.5259713726488616e-05 residual=12732.973347786761 checked=false stop=running
step=609 time=0.042222890865606925 dt=6.5230480837368562e-05 residual=12724.445551670215 checked=false stop=running
step=610 time=0.042288101323860551 dt=6.5210458253623762e-05 residual=12717.70993425863 checked=false stop=running
step=611 time=0.042353300121612869 dt=6.5198797752319087e-05 residual=12712.965598054376 checked=false stop=running
step=612 time=0.042418494968874509 dt=6.5194847261640932e-05 residual=12712.883302712451 checked=false stop=running
step=613 time=0.042483693032396401 dt=6.5198063521888604e-05 residual=12716.23629406631 checked=false stop=running
step=614 time=0.042548901739743961 dt=6.520870734755751e-05 residual=12722.851779686031 checked=false stop=running
step=615 time=0.042614127505143991 dt=6.5225765400028513e-05 residual=12727.0184898675 checked=false stop=running
step=616 time=0.042679375306002861 dt=6.5247800858872336e-05 residual=12724.120404981908 checked=false stop=running
step=617 time=0.042744649728232352 dt=6.527442222949266e-05 residual=12776.897158581218 checked=false stop=running
step=618 time=0.042809911129615325 dt=6.5261401382975235e-05 residual=12768.408848455811 checked=false stop=running
step=619 time=0.042875139713045622 dt=6.5228583430296025e-05 residual=12759.100359654665 checked=false stop=running
step=620 time=0.042940344698514335 dt=6.5204985468710034e-05 residual=12746.216733421481 checked=false stop=running
step=621 time=0.043005534323419942 dt=6.5189624905607297e-05 residual=12736.983016962651 checked=false stop=running
step=622 time=0.0430707161490783 dt=6.5181825658357193e-05 residual=12737.542702734732 checked=false stop=running
step=623 time=0.043135897142001049 dt=6.5180992922750283e-05 residual=12746.461107555708 checked=false stop=running
step=624 time=0.043201083972935372 dt=6.5186830934326238e-05 residual=12754.861230687886 checked=false stop=running
step=625 time=0.043266283500731709 dt=6.5199527796336255e-05 residual=12753.013192516721 checked=false stop=running
step=626 time=0.043331500994944809 dt=6.521749421309991e-05 residual=12741.851481122821 checked=false stop=running
step=627 time=0.04339674092663582 dt=6.5239931691007266e-05 residual=12734.148394301519 checked=false stop=running
step=628 time=0.043462007521972795 dt=6.5266595336977451e-05 residual=12791.857519185851 checked=false stop=running
step=629 time=0.043527242844905452 dt=6.5235322932659232e-05 residual=12784.067294715263 checked=false stop=running
step=630 time=0.043592450601416553 dt=6.5207756511099507e-05 residual=12775.324298400476 checked=false stop=running
step=631 time=0.043657638949918545 dt=6.5188348501990341e-05 residual=12766.21128347589 checked=false stop=running
step=632 time=0.043722815310170943 dt=6.5176360252394906e-05 residual=12765.751608314435 checked=false stop=running
step=633 time=0.043787986530553116 dt=6.5171220382172638e-05 residual=12773.763931298163 checked=false stop=running
step=634 time=0.043853158927471485 dt=6.517239691837045e-05 residual=12777.701193233679 checked=false stop=running
step=635 time=0.043918338550642012 dt=6.5179623170528479e-05 residual=12766.73892488506 checked=false stop=running
step=636 time=0.043983531652503689 dt=6.5193101861678947e-05 residual=12752.449549134626 checked=false stop=running
step=637 time=0.044048743065918786 dt=6.52114134150958e-05 residual=12748.838558801002 checked=false stop=running
step=638 time=0.044113976910988416 dt=6.5233845069631477e-05 residual=12748.885757872977 checked=false stop=running
step=639 time=0.044179224985376429 dt=6.5248074388015261e-05 residual=12749.846598329965 checked=false stop=running
step=640 time=0.044244441416907844 dt=6.5216431531415385e-05 residual=12803.41977453996 checked=false stop=running
step=641 time=0.044309634393962911 dt=6.5192977055064034e-05 residual=12797.620267623886 checked=false stop=running
step=642 time=0.044374811245704741 dt=6.5176851741830698e-05 residual=12794.40021994563 checked=false stop=running
step=643 time=0.044439978712633353 dt=6.5167466928614271e-05 residual=12792.456835472749 checked=false stop=running
step=644 time=0.044505143033743054 dt=6.5164321109702632e-05 residual=12784.925466493603 checked=false stop=running
step=645 time=0.044570309986741628 dt=6.516695299857222e-05 residual=12775.752113568044 checked=false stop=running
step=646 time=0.044635484986082608 dt=6.5174999340976734e-05 residual=12771.084608100258 checked=false stop=running
step=647 time=0.044700673636759017 dt=6.5188650676410294e-05 residual=12765.198458774319 checked=false stop=running
step=648 time=0.044765880847604661 dt=6.520721084564101e-05 residual=12759.732886244399 checked=false stop=running
step=649 time=0.044831110536834286 dt=6.5229689229624594e-05 residual=12761.315478385684 checked=false stop=running
step=650 time=0.044896341143435582 dt=6.52306066012998e-05 residual=12767.293196578454 checked=false stop=running
step=651 time=0.044961544502103629 dt=6.5203358668044503e-05 residual=12827.597994836717 checked=false stop=running
step=652 time=0.045026727970261318 dt=6.5183468157688413e-05 residual=12826.454361858314 checked=false stop=running
step=653 time=0.045091898223738561 dt=6.5170253477241774e-05 residual=12813.534392402846 checked=false stop=running
step=654 time=0.045157061409462997 dt=6.5163185724436331e-05 residual=12795.889617705265 checked=false stop=running
step=655 time=0.045222223211101101 dt=6.5161801638104552e-05 residual=12792.067516892766 checked=false stop=running
step=656 time=0.045287388921450358 dt=6.5165710349255671e-05 residual=12793.506833893247 checked=false stop=running
step=657 time=0.045352563513341514 dt=6.5174591891157001e-05 residual=12788.691008888283 checked=false stop=running
step=658 time=0.045417751823502717 dt=6.5188310161205353e-05 residual=12783.700989965051 checked=false stop=running
step=659 time=0.045482958845219294 dt=6.5207021716574693e-05 residual=12783.702686958079 checked=false stop=running
step=660 time=0.045548188644520954 dt=6.5229799301657571e-05 residual=12785.819137073717 checked=false stop=running
step=661 time=0.0456134097673618 dt=6.5221122840847308e-05 residual=12793.543860375064 checked=false stop=running
step=662 time=0.045678607508614896 dt=6.5197741253099285e-05 residual=12854.30589516335 checked=false stop=running
step=663 time=0.045743788626049178 dt=6.5181117434284192e-05 residual=12844.374702966225 checked=false stop=running
step=664 time=0.045808959261642287 dt=6.5170635593109937e-05 residual=12830.683155682631 checked=false stop=running
step=665 time=0.045874125045845739 dt=6.5165784203453033e-05 residual=12820.196509874997 checked=false stop=running
step=666 time=0.045939291178518825 dt=6.516613267308578e-05 residual=12811.938576553059 checked=false stop=running
step=667 time=0.046004462524481447 dt=6.5171345962620792e-05 residual=12805.935535991828 checked=false stop=running
step=668 time=0.046069643710298279 dt=6.5181185816830169e-05 residual=12807.15922808814 checked=false stop=running
step=669 time=0.046134839223580019 dt=6.5195513281742388e-05 residual=12810.732396227781 checked=false stop=running
step=670 time=0.046200053621023925 dt=6.5214397443902052e-05 residual=12813.972227146529 checked=false stop=running
step=671 time=0.046265291266426964 dt=6.5237645403040567e-05 residual=12820.365503349534 checked=false stop=running
step=672 time=0.046330512550732311 dt=6.522128430534739e-05 residual=12822.725066609453 checked=false stop=running
step=673 time=0.046395713843866752 dt=6.5201293134440767e-05 residual=12873.531005906794 checked=false stop=running
step=674 time=0.046460901500315656 dt=6.5187656448903683e-05 residual=12864.342617202868 checked=false stop=running
step=675 time=0.046526081291620086 dt=6.5179791304432346e-05 residual=12851.301096939073 checked=false stop=running
step=676 time=0.046591258500335034 dt=6.5177208714950125e-05 residual=12834.19523664738 checked=false stop=running
step=677 time=0.046656438013501438 dt=6.517951316640189e-05 residual=12826.500586403643 checked=false stop=running
step=678 time=0.046721624417224834 dt=6.5186403723394487e-05 residual=12829.256669742808 checked=false stop=running
step=679 time=0.046786822085660408 dt=6.5197668435573202e-05 residual=12833.365372984619 checked=false stop=running
step=680 time=0.046852035257518437 dt=6.5213171858027864e-05 residual=12840.573304557149 checked=false stop=running
step=681 time=0.046917268100087811 dt=6.523284256937068e-05 residual=12847.702417750463 checked=false stop=running
step=682 time=0.046982522465828729 dt=6.5254365740918273e-05 residual=12848.697608614433 checked=false stop=running
step=683 time=0.047047753378443607 dt=6.5230912614881828e-05 residual=12846.806645155086 checked=false stop=running
step=684 time=0.047112967446110536 dt=6.5214067666930032e-05 residual=12897.33823236478 checked=false stop=running
step=685 time=0.047178170702304491 dt=6.5203256193955338e-05 residual=12879.214299496063 checked=false stop=running
step=686 time=0.047243368629565963 dt=6.5197927261470169e-05 residual=12855.627392882625 checked=false stop=running
step=687 time=0.047308566232319944 dt=6.5197602753979954e-05 residual=12844.882017168913 checked=false stop=running
step=688 time=0.047373768128274089 dt=6.5201895954142028e-05 residual=12846.581112928499 checked=false stop=running
step=689 time=0.047438978638439357 dt=6.5210510165265509e-05 residual=12853.723968379987 checked=false stop=running
step=690 time=0.047504201868937869 dt=6.5223230498513948e-05 residual=12866.339406459982 checked=false stop=running
step=691 time=0.047569441783860224 dt=6.5239914922355003e-05 residual=12875.061954042541 checked=false stop=running
step=692 time=0.047634702264855874 dt=6.5260480995649203e-05 residual=12874.048406636855 checked=false stop=running
step=693 time=0.047699969377132515 dt=6.5267112276639046e-05 residual=12868.161874115494 checked=false stop=running
step=694 time=0.047765216624301804 dt=6.5247247169292351e-05 residual=12857.975077946958 checked=false stop=running
step=695 time=0.047830450048541695 dt=6.523342423989204e-05 residual=12896.134015401565 checked=false stop=running
step=696 time=0.047895675275717829 dt=6.5225227176135515e-05 residual=12881.496172891199 checked=false stop=running
step=697 time=0.047960897486541407 dt=6.5222210823577651e-05 residual=12873.151145648968 checked=false stop=running
step=698 time=0.048026121450181911 dt=6.5223963640502662e-05 residual=12866.984050538871 checked=false stop=running
step=699 time=0.048091351593430448 dt=6.5230143248537039e-05 residual=12870.812994865235 checked=false stop=running
step=700 time=0.048156592077281929 dt=6.5240483851479599e-05 residual=12885.379425762154 checked=false stop=running
step=701 time=0.04822184687134988 dt=6.525479406795036e-05 residual=12897.180158173152 checked=false stop=running
step=702 time=0.048287119820774146 dt=6.5272949424269137e-05 residual=12898.829594467777 checked=false stop=running
step=703 time=0.04835241468315811 dt=6.5294862383961675e-05 residual=12888.822118622509 checked=false stop=running
step=704 time=0.048417698311556255 dt=6.5283628398146701e-05 residual=12870.709892486248 checked=false stop=running
step=705 time=0.048482965874898074 dt=6.5267563341819994e-05 residual=12860.420871578392 checked=false stop=running
step=706 time=0.048548222957881471 dt=6.5257082983399966e-05 residual=12911.305560349438 checked=false stop=running
step=707 time=0.048613474749511901 dt=6.5251791630430048e-05 residual=12903.368629429871 checked=false stop=running
step=708 time=0.048678726057070076 dt=6.5251307558173593e-05 residual=12896.673681421387 checked=false stop=running
step=709 time=0.048743981347975834 dt=6.5255290905756567e-05 residual=12898.675244759479 checked=false stop=running
step=710 time=0.048809244810247045 dt=6.5263462271212346e-05 residual=12908.869754533056 checked=false stop=running
step=711 time=0.048874520425288191 dt=6.5275615041148749e-05 residual=12917.292958326874 checked=false stop=running
step=712 time=0.04893981203936059 dt=6.5291614072402081e-05 residual=12918.111757212842 checked=false stop=running
step=713 time=0.049005123387943141 dt=6.5311348582549448e-05 residual=12907.745689536778 checked=false stop=running
step=714 time=0.049070444850595946 dt=6.5321462652804e-05 residual=12896.934407601922 checked=false stop=running
step=715 time=0.049135748346149304 dt=6.5303495553356117e-05 residual=12891.545476997058 checked=false stop=running
step=716 time=0.049201039399037944 dt=6.5291052888638058e-05 residual=12886.462944489149 checked=false stop=running
step=717 time=0.049266323133447927 dt=6.5283734409984993e-05 residual=12933.58479899868 checked=false stop=running
step=718 time=0.049331604301182004 dt=6.5281167734078445e-05 residual=12926.714424963184 checked=false stop=running
step=719 time=0.049396887330966935 dt=6.5283029784929275e-05 residual=12929.551092643313 checked=false stop=running
step=720 time=0.049462176390007821 dt=6.5289059040886293e-05 residual=12935.414294116115 checked=false stop=running
step=721 time=0.049527475459953521 dt=6.5299069945697454e-05 residual=12939.685642802333 checked=false stop=running
step=722 time=0.04959278840241739 dt=6.5312942463866241e-05 residual=12936.095948524697 checked=false stop=running
step=723 time=0.049658118933498446 dt=6.5330531081053998e-05 residual=12927.159185133794 checked=false stop=running
step=724 time=0.049723470502222145 dt=6.5351568723697901e-05 residual=12921.151982491465 checked=false stop=running
step=725 time=0.049788809244942993 dt=6.5338742720848504e-05 residual=12915.1213368754 checked=false stop=running
step=726 time=0.049854133574012575 dt=6.5324329069584177e-05 residual=12907.077297391555 checked=false stop=running
step=727 time=0.04991944850915956 dt=6.5314935146987453e-05 residual=12901.861538984145 checked=false stop=running
step=728 time=0.049984758721371952 dt=6.5310212212394585e-05 residual=12960.578615885081 checked=false stop=running
step=729 time=0.050000000000000003 dt=1.5241278628050359e-05 residual=12960.710752359266 checked=false stop=running
step=730 time=0.050065310387830325 dt=6.5310387830319031e-05 residual=12964.297010521037 checked=false stop=running
step=731 time=0.050130625512960797 dt=6.5315125130475054e-05 residual=12967.79065510663 checked=false stop=running
step=732 time=0.050195949337355064 dt=6.5323824394267923e-05 residual=12963.344911260639 checked=false stop=running
step=733 time=0.050261285719785172 dt=6.5336382430110568e-05 residual=12953.28882054944 checked=false stop=running
step=734 time=0.050326638289691424 dt=6.5352569906252067e-05 residual=12947.32646520118 checked=false stop=running
step=735 time=0.050392010270412721 dt=6.5371980721296323e-05 residual=12942.823410952953 checked=false stop=running
step=736 time=0.05045737673984977 dt=6.5366469437051891e-05 residual=12932.29130064831 checked=false stop=running
step=737 time=0.050522727952586333 dt=6.5351212736564765e-05 residual=12921.618337250024 checked=false stop=running
step=738 time=0.050588068759453382 dt=6.5340806867051506e-05 residual=12920.345335720658 checked=false stop=running
step=739 time=0.050653403704171929 dt=6.5334944718544369e-05 residual=12927.793151312502 checked=false stop=running
step=740 time=0.050718737068928266 dt=6.5333364756334382e-05 residual=12994.785581016748 checked=false stop=running
step=741 time=0.05078407292503264 dt=6.533585610437436e-05 residual=13000.835788124252 checked=false stop=running
step=742 time=0.0508494152101528 dt=6.5342285120156664e-05 residual=12993.826969456872 checked=false stop=running
step=743 time=0.050914767781093016 dt=6.5352570940215509e-05 residual=12979.339961128684 checked=false stop=running
step=744 time=0.050980134271769686 dt=6.5366490676669852e-05 residual=12969.507014585966 checked=false stop=running
step=745 time=0.051045517843265983 dt=6.5383571496293588e-05 residual=12959.743027974861 checked=false stop=running
step=746 time=0.051110911302443385 dt=6.5393459177400925e-05 residual=12945.021754874908 checked=false stop=running
step=747 time=0.05117628750887207 dt=6.5376206428683506e-05 residual=12937.018978676231 checked=false stop=running
step=748 time=0.051241651277177586 dt=6.536376830551741e-05 residual=12940.014254531563 checked=false stop=running
step=749 time=0.051307007129168962 dt=6.5355851991375223e-05 residual=12950.318842256558 checked=false stop=running
step=750 time=0.051372359327422089 dt=6.5352198253124062e-05 residual=12967.674495348163 checked=false stop=running
step=751 time=0.05143771190632284 dt=6.5352578900750328e-05 residual=13032.817869191669 checked=false stop=running
step=752 time=0.051503068725920434 dt=6.5356819597596946e-05 residual=13026.044423129861 checked=false stop=running
step=753 time=0.051568433553725049 dt=6.536482780461238e-05 residual=13011.668414759681 checked=false stop=running
step=754 time=0.051633810023816562 dt=6.5376470091513031e-05 residual=12993.385721835435 checked=false stop=running
step=755 time=0.051699201340354051 dt=6.5391316537485823e-05 residual=12971.085240173281 checked=false stop=running
step=756 time=0.051764599978214802 dt=6.5398637860752078e-05 residual=12958.298247029959 checked=false stop=running
step=757 time=0.051829996835752054 dt=6.5396857537254065e-05 residual=12957.442510679432 checked=false stop=running
step=758 time=0.051895379373974114 dt=6.5382538222058114e-05 residual=12962.403965541844 checked=false stop=running
step=759 time=0.051960752094846581 dt=6.5372720872467361e-05 residual=12977.363465530974 checked=false stop=running
step=760 time=0.052026119230014385 dt=6.5367135167803599e-05 residual=12998.917236995921 checked=false stop=running
step=761 time=0.052091484764458774 dt=6.5365534444387382e-05 residual=13010.118819798859 checked=false stop=running
step=762 time=0.052156852467047508 dt=6.536770258873643e-05 residual=13059.714832057518 checked=false stop=running
step=763 time=0.052222225941347317 dt=6.5373474299807165e-05 residual=13041.408695007842 checked=false stop=running
step=764 time=0.052287608690938459 dt=6.5382749591143868e-05 residual=13014.257864473344 checked=false stop=running
step=765 time=0.052353003978430512 dt=6.5395287492055844e-05 residual=12992.380622152819 checked=false stop=running
step=766 time=0.052418401727182214 dt=6.5397748751697929e-05 residual=12986.183179786749 checked=false stop=running
step=767 time=0.052483797304206728 dt=6.5395577024514656e-05 residual=12985.659065854477 checked=false stop=running
step=768 time=0.052549194184729697 dt=6.5396880522972551e-05 residual=12989.627144806724 checked=false stop=running
step=769 time=0.05261458027660449 dt=6.5386091874795099e-05 residual=13005.951510166537 checked=false stop=running
step=770 time=0.052679958882601144 dt=6.5378605996652852e-05 residual=13026.102813188143 checked=false stop=running
step=771 time=0.052745333906909664 dt=6.5375024308518147e-05 residual=13034.943132282131 checked=false stop=running
step=772 time=0.052810709022561214 dt=6.5375115651549823e-05 residual=13031.318800090179 checked=false stop=running
step=773 time=0.052876087693802282 dt=6.537867124107017e-05 residual=13069.386861675946 checked=false stop=running
step=774 time=0.052941473205076098 dt=6.5385511273815424e-05 residual=13044.042483021742 checked=false stop=running
step=775 time=0.053006868699127865 dt=6.5395494051767846e-05 residual=13026.055293420217 checked=false stop=running
step=776 time=0.053072268650856139 dt=6.5399951728273517e-05 residual=13014.639010596129 checked=false stop=running
step=777 time=0.053137664871999883 dt=6.539622114374391e-05 residual=13009.145512192701 checked=false stop=running
step=778 time=0.053203060792434774 dt=6.5395920434893281e-05 residual=13015.974055793044 checked=false stop=running
step=779 time=0.053268457149765754 dt=6.5396357330977059e-05 residual=13036.360715103394 checked=false stop=running
step=780 time=0.053333844019402617 dt=6.5386869636861682e-05 residual=13053.573215848277 checked=false stop=running
step=781 time=0.053399225207293684 dt=6.5381187891069487e-05 residual=13057.548442071233 checked=false stop=running
step=782 time=0.053464604281265302 dt=6.5379073971620576e-05 residual=13049.169225522393 checked=false stop=running
step=783 time=0.053529984602697291 dt=6.5380321431986524e-05 residual=13033.40628319186 checked=false stop=running
step=784 time=0.05359536932304905 dt=6.5384720351755889e-05 residual=13073.687433685189 checked=false stop=running
step=785 time=0.053660761385828433 dt=6.5392062779385735e-05 residual=13059.727637941965 checked=false stop=running
step=786 time=0.053726163561010683 dt=6.5402175182247569e-05 residual=13044.906536587103 checked=false stop=running
step=787 time=0.053791562698525169 dt=6.5399137514484881e-05 residual=13034.052872085675 checked=false stop=running
step=788 time=0.053856959857065421 dt=6.5397158540254991e-05 residual=13042.598006012602 checked=false stop=running
step=789 time=0.053922358240814504 dt=6.5398383749080432e-05 residual=13063.69020087597 checked=false stop=running
step=790 time=0.053987750441425203 dt=6.5392200610697406e-05 residual=13079.05000282129 checked=false stop=running
step=791 time=0.054053134681081187 dt=6.5384239655987461e-05 residual=13082.155890783377 checked=false stop=running
step=792 time=0.054118514424298568 dt=6.5379743217379498e-05 residual=13071.558825904975 checked=false stop=running
step=793 time=0.054183892939144357 dt=6.5378514845787771e-05 residual=13055.631795734082 checked=false stop=running
step=794 time=0.054249273310358545 dt=6.5380371214187387e-05 residual=13044.337939593464 checked=false stop=running
step=795 time=0.054314658422590693 dt=6.5385112232147727e-05 residual=13090.542109372494 checked=false stop=running
step=796 time=0.054380050967924781 dt=6.5392545334085357e-05 residual=13073.776544293156 checked=false stop=running
step=797 time=0.054445453495708437 dt=6.5402527783657295e-05 residual=13065.295297215664 checked=false stop=running
step=798 time=0.054510853158222933 dt=6.5399662514493205e-05 residual=13073.560031846977 checked=false stop=running
step=799 time=0.054576252075778535 dt=6.5398917555600184e-05 residual=13091.281612655936 checked=false stop=running
step=800 time=0.054641647069628367 dt=6.5394993849830549e-05 residual=13105.345251276958 checked=false stop=running
step=801 time=0.054707031762931027 dt=6.5384693302657386e-05 residual=13106.513855566072 checked=false stop=running
step=802 time=0.054772409554850895 dt=6.5377791919871213e-05 residual=13096.414274072116 checked=false stop=running
step=803 time=0.05483778365845092 dt=6.5374103600024014e-05 residual=13083.724734668798 checked=false stop=running
step=804 time=0.05490315713282537 dt=6.5373474374450771e-05 residual=13072.663723841168 checked=false stop=running
step=805 time=0.054968532879015236 dt=6.537574618986683e-05 residual=13059.72019603258 checked=false stop=running
step=806 time=0.05503391362234733 dt=6.5380743332094378e-05 residual=13101.958777833104 checked=false stop=running
step=807 time=0.055099301946641012 dt=6.5388324293681567e-05 residual=13098.23941239124 checked=false stop=running
step=808 time=0.055164700348444146 dt=6.5398401803133991e-05 residual=13110.35440884837 checked=false stop=running
step=809 time=0.055230099571623122 dt=6.5399223178977105e-05 residual=13125.008990801087 checked=false stop=running
step=810 time=0.055295495942488719 dt=6.5396370865597193e-05 residual=13135.477374600538 checked=false stop=running
step=811 time=0.055360879826837225 dt=6.5383884348506135e-05 residual=13135.428406988911 checked=false stop=running
step=812 time=0.055426254610220251 dt=6.5374783383024263e-05 residual=13126.023254206073 checked=false stop=running
step=813 time=0.05549162349252252 dt=6.5368882302265971e-05 residual=13112.357548608126 checked=false stop=running
step=814 time=0.055556989531914742 dt=6.5366039392224262e-05 residual=13094.115894093624 checked=false stop=running
step=815 time=0.055622355650837702 dt=6.5366118922956264e-05 residual=13075.061790924632 checked=false stop=running
step=816 time=0.055687724619342557 dt=6.536896850485825e-05 residual=13070.629193230676 checked=false stop=running
step=817 time=0.055753099076677165 dt=6.5374457334604866e-05 residual=13137.507610791859 checked=false stop=running
step=818 time=0.055818481613947077 dt=6.5382537269911739e-05 residual=13150.112413593903 checked=false stop=running
step=819 time=0.055883874733204768 dt=6.5393119257688118e-05 residual=13162.304344194587 checked=false stop=running
step=820 time=0.055949270268731581 dt=6.539553552681474e-05 residual=13164.747325109993 checked=false stop=running
step=821 time=0.056014653865635838 dt=6.5383596904255726e-05 residual=13157.93605905054 checked=false stop=running
step=822 time=0.056080026412549146 dt=6.5372546913304748e-05 residual=13147.969918572528 checked=false stop=running
step=823 time=0.056145391107983639 dt=6.5364695434490342e-05 residual=13133.240630067347 checked=false stop=running
step=824 time=0.056210751009794419 dt=6.5359901810777864e-05 residual=13112.952612868594 checked=false stop=running
step=825 time=0.05627610904705619 dt=6.5358037261771136e-05 residual=13100.714445158261 checked=false stop=running
step=826 time=0.056341468011595008 dt=6.5358964538821704e-05 residual=13099.081536453752 checked=false stop=running
step=827 time=0.056406830602277844 dt=6.5362590682832848e-05 residual=13108.714619369566 checked=false stop=running
step=828 time=0.056472199522987578 dt=6.536892070973106e-05 residual=13183.805581002194 checked=false stop=running
step=829 time=0.056537577339960593 dt=6.5377816973014122e-05 residual=13196.048060110463 checked=false stop=running
step=830 time=0.05660296636862433 dt=6.5389028663739981e-05 residual=13196.269320944697 checked=false stop=running
step=831 time=0.056668351382153342 dt=6.5385013529014875e-05 residual=13182.975488294713 checked=false stop=running
step=832 time=0.056733723518116147 dt=6.5372135962803838e-05 residual=13164.644787007201 checked=false stop=running
step=833 time=0.056799085952861712 dt=6.536243474556568e-05 residual=13144.479289690089 checked=false stop=running
step=834 time=0.056864441729501405 dt=6.5355776639691889e-05 residual=13131.164888741536 checked=false stop=running
step=835 time=0.056929793772254537 dt=6.5352042753132096e-05 residual=13126.960556093998 checked=false stop=running
step=836 time=0.056995144899188971 dt=6.5351126934436464e-05 residual=13127.536606375184 checked=false stop=running
step=837 time=0.057060497934768112 dt=6.5353035579143902e-05 residual=13136.134119719509 checked=false stop=running
step=838 time=0.057125855729737073 dt=6.5357794968958939e-05 residual=13152.856889267643 checked=false stop=running
step=839 time=0.05719122074900497 dt=6.5365019267897697e-05 residual=13223.509993245196 checked=false stop=running
step=840 time=0.057256595087476457 dt=6.5374338471485663e-05 residual=13220.525761681396 checked=false stop=running
step=841 time=0.057321974875985997 dt=6.5379788509537285e-05 residual=13207.440647504569 checked=false stop=running
step=842 time=0.05738734821867255 dt=6.5373342686555699e-05 residual=13183.730726848142 checked=false stop=running
step=843 time=0.057452709933713722 dt=6.5361715041169761e-05 residual=13159.767677328948 checked=false stop=running
step=844 time=0.057518063052451884 dt=6.535311873816189e-05 residual=13148.35303746199 checked=false stop=running
step=845 time=0.057583410517323942 dt=6.5347464872057132e-05 residual=13144.936869902383 checked=false stop=running
step=846 time=0.057648755255661634 dt=6.5344738337692787e-05 residual=13147.350491585752 checked=false stop=running
step=847 time=0.057714100332349236 dt=6.5345076687603254e-05 residual=13161.230782584022 checked=false stop=running
step=848 time=0.057779448589211566 dt=6.5348256862328999e-05 residual=13181.107322029506 checked=false stop=running
step=849 time=0.057844802146972525 dt=6.5353557760962263e-05 residual=13191.923219878725 checked=false stop=running
step=850 time=0.057910162909593159 dt=6.5360762620634731e-05 residual=13248.566641255748 checked=false stop=running
step=851 time=0.057975533140364875 dt=6.5370230771715559e-05 residual=13233.761823650355 checked=false stop=running
step=852 time=0.058040900301151367 dt=6.5367160786493941e-05 residual=13209.598812284932 checked=false stop=running
step=853 time=0.058106261730917402 dt=6.5361429766035395e-05 residual=13185.361188039278 checked=false stop=running
step=854 time=0.058171612561848711 dt=6.5350830931306715e-05 residual=13171.236758002053 checked=false stop=running
step=855 time=0.058236955829043195 dt=6.5343267194482605e-05 residual=13165.382271673308 checked=false stop=running
step=856 time=0.058302294681730232 dt=6.5338852687038277e-05 residual=13170.151305852025 checked=false stop=running
step=857 time=0.058367632315388766 dt=6.5337633658532493e-05 residual=13188.345618211893 checked=false stop=running
step=858 time=0.058432971308133054 dt=6.533899274428652e-05 residual=13207.484344129001 checked=false stop=running
step=859 time=0.058498313535981818 dt=6.5342227848763916e-05 residual=13216.547892017728 checked=false stop=running
step=860 time=0.058563660949230233 dt=6.534741324841339e-05 residual=13216.721255672155 checked=false stop=running
step=861 time=0.058629015944273333 dt=6.5354995043101935e-05 residual=13263.425238715925 checked=false stop=running
step=862 time=0.058694374302380184 dt=6.5358358106848666e-05 residual=13242.293070974842 checked=false stop=running
step=863 time=0.058759728793044579 dt=6.5354490664393906e-05 residual=13221.986034442829 checked=false stop=running
step=864 time=0.0588250770714479 dt=6.5348278403318315e-05 residual=13201.051695507043 checked=false stop=running
step=865 time=0.058890416040243733 dt=6.533896879583166e-05 residual=13184.197591770146 checked=false stop=running
step=866 time=0.058955749022793387 dt=6.5332982549655004e-05 residual=13189.928044068973 checked=false stop=running
step=867 time=0.059021079126673398 dt=6.533010388001135e-05 residual=13214.183980709664 checked=false stop=running
step=868 time=0.0590864087182109 dt=6.5329591537505378e-05 residual=13235.196471407631 checked=false stop=running
step=869 time=0.059151739666057045 dt=6.5330947846144766e-05 residual=13245.595764628324 checked=false stop=running
step=870 time=0.059217074044692737 dt=6.5334378635694678e-05 residual=13243.428953194478 checked=false stop=running
step=871 time=0.059282414345352953 dt=6.5340300660216865e-05 residual=13229.42912981486 checked=false stop=running
step=872 time=0.059347763327421012 dt=6.5348982068059942e-05 residual=13268.948897295681 checked=false stop=running
step=873 time=0.059413109170780937 dt=6.5345843359925426e-05 residual=13248.245011896084 checked=false stop=running
step=874 time=0.059478452528334995 dt=6.5343357554056446e-05 residual=13225.062011944148 checked=false stop=running
step=875 time=0.059543787582831215 dt=6.5335054496219735e-05 residual=13212.247874582026 checked=false stop=running
step=876 time=0.059609115358994678 dt=6.5327776163463585e-05 residual=13221.159475463925 checked=false stop=running
step=877 time=0.059674438713851419 dt=6.5323354856737823e-05 residual=13238.805181845615 checked=false stop=running
step=878 time=0.059739759720659889 dt=6.5321006808471776e-05 residual=13253.60755912344 checked=false stop=running
step=879 time=0.059805080224926678 dt=6.5320504266785451e-05 residual=13263.783704305122 checked=false stop=running
step=880 time=0.059870402439034673 dt=6.5322214107992345e-05 residual=13264.098641215109 checked=false stop=running
step=881 time=0.059935728971552776 dt=6.5326532518105015e-05 residual=13251.673424389905 checked=false stop=running
step=882 time=0.060001062648309823 dt=6.5333676757045524e-05 residual=13233.385272051672 checked=false stop=running
step=883 time=0.060066401376192673 dt=6.5338727882852587e-05 residual=13267.790301748966 checked=false stop=running
step=884 time=0.060131736576352506 dt=6.5335200159834451e-05 residual=13247.202486078249 checked=false stop=running
step=885 time=0.060197069108075818 dt=6.5332531723309186e-05 residual=13247.525553640424 checked=false stop=running
step=886 time=0.060262393225971496 dt=6.5324117895678802e-05 residual=13257.7172695749 checked=false stop=running
step=887 time=0.060327711233567928 dt=6.5318007596431866e-05 residual=13267.478980609625 checked=false stop=running
step=888 time=0.060393024811581847 dt=6.5313578013917548e-05 residual=13275.982809911367 checked=false stop=running
step=889 time=0.060458335890785211 dt=6.5311079203361574e-05 residual=13280.553116906556 checked=false stop=running
step=890 time=0.060523646919675017 dt=6.5311028889805098e-05 residual=13275.683507081811 checked=false stop=running
step=891 time=0.060588960684077972 dt=6.5313764402954199e-05 residual=13263.652855106742 checked=false stop=running
step=892 time=0.060654280120428748 dt=6.531943635077454e-05 residual=13246.26150268761 checked=false stop=running
step=893 time=0.060719608194999108 dt=6.5328074570359499e-05 residual=13227.63617822744 checked=false stop=running
step=894 time=0.060784936302883667 dt=6.53281078845622e-05 residual=13278.719485455869 checked=false stop=running
step=895 time=0.060850262382663681 dt=6.5326079780015281e-05 residual=13282.133076783175 checked=false stop=running
step=896 time=0.060915583595267483 dt=6.5321212603803615e-05 residual=13289.457427298199 checked=false stop=running
step=897 time=0.060980896742890325 dt=6.5313147622839086e-05 residual=13292.753067762367 checked=false stop=running
step=898 time=0.061046203468075939 dt=6.5306725185610931e-05 residual=13294.650602919246 checked=false stop=running
step=899 time=0.061111505969276565 dt=6.5302501200624588e-05 residual=13293.337191183689 checked=false stop=running
step=900 time=0.061176806914238956 dt=6.5300944962391215e-05 residual=13285.715054823975 checked=false stop=running
step=901 time=0.061242109230476002 dt=6.5302316237047758e-05 residual=13273.429506074275 checked=false stop=running
step=902 time=0.061307415951900097 dt=6.5306721424091894e-05 residual=13255.531415186224 checked=false stop=running
step=903 time=0.061372730118518619 dt=6.5314166618518738e-05 residual=13239.557228333924 checked=false stop=running
step=904 time=0.061438051986751022 dt=6.5321868232400519e-05 residual=13236.769394469386 checked=false stop=running
step=905 time=0.061503371229200146 dt=6.5319242449123524e-05 residual=13301.29118557511 checked=false stop=running
step=906 time=0.06156868994190428 dt=6.5318712704130874e-05 residual=13305.433623172481 checked=false stop=running
step=907 time=0.061633999034970605 dt=6.5309093066324471e-05 residual=13310.296431073168 checked=false stop=running
step=908 time=0.06169930025432719 dt=6.5301219356585146e-05 residual=13309.394214388956 checked=false stop=running
step=909 time=0.06176459599286694 dt=6.5295738539753256e-05 residual=13301.642103280776 checked=false stop=running
step=910 time=0.061829889045154421 dt=6.5293052287481744e-05 residual=13294.94598484651 checked=false stop=running
step=911 time=0.061895182417325757 dt=6.5293372171338655e-05 residual=13289.337468228079 checked=false stop=running
step=912 time=0.061960479206346092 dt=6.5296789020335849e-05 residual=13284.64212386602 checked=false stop=running
step=913 time=0.062025782512349512 dt=6.5303306003417451e-05 residual=13288.304844571141 checked=false stop=running
step=914 time=0.062091095384669233 dt=6.5312872319720798e-05 residual=13305.177354865609 checked=false stop=running
step=915 time=0.062156408522528794 dt=6.5313137859562568e-05 residual=13327.848031612091 checked=false stop=running
step=916 time=0.062221721273443414 dt=6.5312750914618071e-05 residual=13349.634875647145 checked=false stop=running
step=917 time=0.0622870290046416 dt=6.5307731198183805e-05 residual=13421.253925748413 checked=false stop=running
step=918 time=0.062352328102765787 dt=6.5299098124189519e-05 residual=13428.275864642945 checked=false stop=running
step=919 time=0.062417620848077157 dt=6.5292745311372173e-05 residual=13424.797371921331 checked=false stop=running
step=920 time=0.062482910046794245 dt=6.5289198717085042e-05 residual=13413.557332141711 checked=false stop=running
step=921 time=0.062548198731175356 dt=6.5288684381112968e-05 residual=13395.988376581196 checked=false stop=running
step=922 time=0.062613490022503354 dt=6.5291291327999778e-05 residual=13374.343406636795 checked=false stop=running
step=923 time=0.062678787051676288 dt=6.5297029172939436e-05 residual=13352.398732728176 checked=false stop=running
step=924 time=0.062744092899337536 dt=6.5305847661250381e-05 residual=13330.982770630479 checked=false stop=running
step=925 time=0.062809399875119146 dt=6.5306975781614202e-05 residual=13311.341896078993 checked=false stop=running
step=926 time=0.062874706053097709 dt=6.5306177978558067e-05 residual=13300.91700043534 checked=false stop=running
step=927 time=0.062940014032159847 dt=6.5307979062144281e-05 residual=13291.312241897627 checked=false stop=running
step=928 time=0.063005315892717656 dt=6.5301860557808773e-05 residual=13327.898349942539 checked=false stop=running
step=929 time=0.063070611122889669 dt=6.5295230172017382e-05 residual=13308.158633540068 checked=false stop=running
step=930 time=0.063135902185812262 dt=6.5291062922598727e-05 residual=13286.700974399713 checked=false stop=running
step=931 time=0.063201191952149793 dt=6.5289766337535467e-05 residual=13264.254102395555 checked=false stop=running
step=932 time=0.063266483487356182 dt=6.5291535206389809e-05 residual=13249.133637391662 checked=false stop=running
step=933 time=0.063331779903997479 dt=6.5296416641297465e-05 residual=13244.971656335942 checked=false stop=running
step=934 time=0.063397082959423479 dt=6.5303055425998326e-05 residual=13251.215817691125 checked=false stop=running
step=935 time=0.063462382674753445 dt=6.529971532996311e-05 residual=13270.623249168109 checked=false stop=running
step=936 time=0.063527681421654422 dt=6.529874690097592e-05 residual=13291.795428282468 checked=false stop=running
step=937 time=0.063592981601027859 dt=6.5300179373430322e-05 residual=13304.977088696281 checked=false stop=running
step=938 time=0.06365828571300837 dt=6.5304111980513007e-05 residual=13312.968943899134 checked=false stop=running
step=939 time=0.063723588978409434 dt=6.5303265401062911e-05 residual=13372.096013376007 checked=false stop=running
step=940 time=0.063788887869027977 dt=6.5298890618542535e-05 residual=13368.846291842192 checked=false stop=running
step=941 time=0.063854184841084086 dt=6.5296972056104479e-05 residual=13359.788658562466 checked=false stop=running
step=942 time=0.063919482632505978 dt=6.5297791421891206e-05 residual=13350.022424976589 checked=false stop=running
step=943 time=0.063984782386966713 dt=6.5299754460736221e-05 residual=13350.493573709877 checked=false stop=running
step=944 time=0.064050076465930889 dt=6.5294078964172863e-05 residual=13374.158357247125 checked=false stop=running
step=945 time=0.064115367467688034 dt=6.5291001757140273e-05 residual=13408.85848189896 checked=false stop=running
step=946 time=0.064180657824279716 dt=6.5290356591687581e-05 residual=13433.606589631097 checked=false stop=running
step=947 time=0.064245949859259868 dt=6.5292034980153171e-05 residual=13444.703992493472 checked=false stop=running
step=948 time=0.064311245892493679 dt=6.5296033233804089e-05 residual=13450.257144748852 checked=false stop=running
step=949 time=0.064376548287518251 dt=6.5302395024565039e-05 residual=13452.364905690883 checked=false stop=running
step=950 time=0.064441858662667953 dt=6.5310375149705784e-05 residual=13499.537564583736 checked=false stop=running
step=951 time=0.064507166596327173 dt=6.5307933659217e-05 residual=13481.99482965935 checked=false stop=running
step=952 time=0.064572464169790858 dt=6.5297573463684588e-05 residual=13455.611153541255 checked=false stop=running
step=953 time=0.064637753966216738 dt=6.5289796425877861e-05 residual=13432.357459589801 checked=false stop=running
step=954 time=0.064703038752616224 dt=6.528478639949234e-05 residual=13423.710002838998 checked=false stop=running
step=955 time=0.064768321180654551 dt=6.528242803833045e-05 residual=13417.92437556615 checked=false stop=running
step=956 time=0.064833603696621639 dt=6.5282515967082566e-05 residual=13406.135679795771 checked=false stop=running
step=957 time=0.064898888545752459 dt=6.5284849130825421e-05 residual=13393.382820161158 checked=false stop=running
step=958 time=0.064964177873631679 dt=6.5289327879225457e-05 residual=13382.736568964556 checked=false stop=running
step=959 time=0.065029473812905775 dt=6.5295939274097456e-05 residual=13367.176224933002 checked=false stop=running
step=960 time=0.06509477849885513 dt=6.5304685949361016e-05 residual=13347.349927866235 checked=false stop=running
step=961 time=0.065160075816265969 dt=6.5297317410845785e-05 residual=13377.620456350682 checked=false stop=running
step=962 time=0.065225363544138965 dt=6.5287727872994679e-05 residual=13356.491596538095 checked=false stop=running
step=963 time=0.065290644528792754 dt=6.5280984653790021e-05 residual=13356.788570803677 checked=false stop=running
step=964 time=0.065355921502383632 dt=6.5276973590874359e-05 residual=13372.895049793426 checked=false stop=running
step=965 time=0.065421197014759985 dt=6.527551237635139e-05 residual=13386.297409112762 checked=false stop=running
step=966 time=0.065486473388310193 dt=6.5276373550214554e-05 residual=13391.50431077374 checked=false stop=running
step=967 time=0.065551752728109369 dt=6.5279339799179716e-05 residual=13396.003891525663 checked=false stop=running
step=968 time=0.065617037000353776 dt=6.5284272244404409e-05 residual=13397.768595261225 checked=false stop=running
step=969 time=0.065682328122013814 dt=6.5291121660044488e-05 residual=13395.695450833917 checked=false stop=running
step=970 time=0.065747628003267736 dt=6.5299881253924366e-05 residual=13390.92170494781 checked=false stop=running
step=971 time=0.065812916472982069 dt=6.528846971433278e-05 residual=13379.424746199413 checked=false stop=running
step=972 time=0.065878196309482537 dt=6.5279836500469623e-05 residual=13421.804804758673 checked=false stop=running
step=973 time=0.06594347030350925 dt=6.5273994026712718e-05 residual=13420.564177318554 checked=false stop=running
step=974 time=0.066008741079655001 dt=6.5270776145747434e-05 residual=13424.724023397539 checked=false stop=running
step=975 time=0.066074011049402262 dt=6.5269969747257445e-05 residual=13421.202780117997 checked=false stop=running
step=976 time=0.066139282389373305 dt=6.527133997104099e-05 residual=13419.536315236463 checked=false stop=running
step=977 time=0.066204557073032799 dt=6.5274683659493992e-05 residual=13427.082892499882 checked=false stop=running
step=978 time=0.06626983694019159 dt=6.5279867158797225e-05 residual=13434.573639664699 checked=false stop=running
step=979 time=0.066335123760044287 dt=6.5286819852691797e-05 residual=13438.368298020843 checked=false stop=running
step=980 time=0.066400416061759809 dt=6.5292301715525567e-05 residual=13436.630422633069 checked=false stop=running
step=981 time=0.066465697460644221 dt=6.5281398884414418e-05 residual=13432.630839495079 checked=false stop=running
step=982 time=0.066530970794872052 dt=6.5273334227827906e-05 residual=13437.52708332116 checked=false stop=running
step=983 time=0.066596238772529737 dt=6.5267977657678213e-05 residual=13502.845750657458 checked=false stop=running
step=984 time=0.066661503925364823 dt=6.526515283509097e-05 residual=13505.176420051082 checked=false stop=running
step=985 time=0.066726768569171938 dt=6.5264643807119748e-05 residual=13502.944653931103 checked=false stop=running
step=986 time=0.066792034790395666 dt=6.526622122373327e-05 residual=13503.222962559774 checked=false stop=running
step=987 time=0.066857304486600697 dt=6.5269696205025421e-05 residual=13502.939603643574 checked=false stop=running
step=988 time=0.066922579432828172 dt=6.527494622746937e-05 residual=13500.94983481614 checked=false stop=running
step=989 time=0.066987861316695693 dt=6.5281883867515135e-05 residual=13497.658486598993 checked=false stop=running
step=990 time=0.067053147114605041 dt=6.5285797909343384e-05 residual=13486.148811090176 checked=false stop=running
step=991 time=0.067118422201706732 dt=6.5275087101689387e-05 residual=13468.736625703857 checked=false stop=running
step=992 time=0.067183689360354668 dt=6.5267158647929846e-05 residual=13458.141930876274 checked=false stop=running
step=993 time=0.067248951236651852 dt=6.5261876297181869e-05 residual=13452.505582907896 checked=false stop=running
step=994 time=0.067314210305228966 dt=6.5259068577111092e-05 residual=13500.101862978636 checked=false stop=running
step=995 time=0.067379468836355955 dt=6.5258531126988098e-05 residual=13495.378179319794 checked=false stop=running
step=996 time=0.067444728895758616 dt=6.5260059402666808e-05 residual=13488.514357049948 checked=false stop=running
step=997 time=0.06750999238459908 dt=6.5263488840470004e-05 residual=13477.907085506515 checked=false stop=running
step=998 time=0.067575253735245824 dt=6.5261350646750863e-05 residual=13471.832786893716 checked=false stop=running
step=999 time=0.067640506315223767 dt=6.5252579977948661e-05 residual=13469.687907902651 checked=false stop=running
step=1000 time=0.067705756094859404 dt=6.5249779635641417e-05 residual=13464.702342506935 checked=false stop=running
step=1001 time=0.067771007995821322 dt=6.5251900961920699e-05 residual=13458.777015217272 checked=false stop=running
step=1002 time=0.067836266210873866 dt=6.5258215052541792e-05 residual=13456.564187426497 checked=false stop=running
step=1003 time=0.067901521100391604 dt=6.5254889517741402e-05 residual=13459.238915500386 checked=false stop=running
step=1004 time=0.067966772920634438 dt=6.5251820242838917e-05 residual=13470.026530368641 checked=false stop=running
step=1005 time=0.068032023933971897 dt=6.5251013337461428e-05 residual=13530.80515884735 checked=false stop=running
step=1006 time=0.068097276234050041 dt=6.5252300078140347e-05 residual=13524.860789341572 checked=false stop=running
step=1007 time=0.068162510584721392 dt=6.5234350671350023e-05 residual=13514.451398677482 checked=false stop=running
step=1008 time=0.068227732795874879 dt=6.5222211153490072e-05 residual=13506.548566556874 checked=false stop=running
step=1009 time=0.068292949686989332 dt=6.5216891114447932e-05 residual=13500.406333420382 checked=false stop=running
step=1010 time=0.068358166751696148 dt=6.5217064706818309e-05 residual=13494.422425735893 checked=false stop=running
step=1011 time=0.06842338857978203 dt=6.5221828085878071e-05 residual=13491.567555118871 checked=false stop=running
step=1012 time=0.068488619030159459 dt=6.5230450377433492e-05 residual=13492.719465692355 checked=false stop=running
step=1013 time=0.06855386101595673 dt=6.5241985797274588e-05 residual=13499.907289366372 checked=false stop=running
step=1014 time=0.068619103935764245 dt=6.524291980751818e-05 residual=13509.95744210114 checked=false stop=running
step=1015 time=0.068684344978115902 dt=6.5241042351659229e-05 residual=13514.213329018217 checked=false stop=running
step=1016 time=0.06874956023102502 dt=6.5215252909111085e-05 residual=13564.490195487868 checked=false stop=running
step=1017 time=0.068814758996211478 dt=6.5198765186454612e-05 residual=13554.890300596786 checked=false stop=running
step=1018 time=0.068879949064487508 dt=6.5190068276037064e-05 residual=13545.431940072083 checked=false stop=running
step=1019 time=0.068945136653786404 dt=6.5187589298899484e-05 residual=13531.532454002649 checked=false stop=running
step=1020 time=0.069010326783963363 dt=6.5190130176964441e-05 residual=13520.664408997394 checked=false stop=running
step=1021 time=0.069075523685198786 dt=6.5196901235426962e-05 residual=13516.608482626742 checked=false stop=running
step=1022 time=0.069140730785290816 dt=6.5207100092023361e-05 residual=13521.38885471066 checked=false stop=running
step=1023 time=0.06920595049436444 dt=6.5219709073627817e-05 residual=13532.874341743991 checked=false stop=running
step=1024 time=0.069271182508022666 dt=6.5232013658227491e-05 residual=13540.652494987688 checked=false stop=running
step=1025 time=0.06933638626609917 dt=6.5203758076505004e-05 residual=13538.090815209562 checked=false stop=running
step=1026 time=0.069401568153021315 dt=6.5181886922147079e-05 residual=13532.203224960153 checked=false stop=running
step=1027 time=0.069466736983363683 dt=6.5168830342368956e-05 residual=13583.046117965519 checked=false stop=running
step=1028 time=0.069531899906420391 dt=6.5162923056706168e-05 residual=13573.006875703182 checked=false stop=running
step=1029 time=0.069597062556801426 dt=6.5162650381030062e-05 residual=13562.282051057222 checked=false stop=running
step=1030 time=0.069662229526405606 dt=6.5166969604186023e-05 residual=13549.620439471648 checked=false stop=running
step=1031 time=0.069727404664756118 dt=6.5175138350510883e-05 residual=13542.593897189239 checked=false stop=running
step=1032 time=0.069792590915788238 dt=6.5186251032121992e-05 residual=13548.532811599574 checked=false stop=running
step=1033 time=0.06985779022424804 dt=6.5199308459805276e-05 residual=13560.415736715862 checked=false stop=running
step=1034 time=0.069922989467960661 dt=6.5199243712623687e-05 residual=13563.307315597416 checked=false stop=running
step=1035 time=0.069988160631250115 dt=6.5171163289457493e-05 residual=13554.824686157315 checked=false stop=running
step=1036 time=0.070053313414157672 dt=6.5152782907562743e-05 residual=13548.864887652859 checked=false stop=running
step=1037 time=0.070118456008698843 dt=6.5142594541173936e-05 residual=13546.781897737525 checked=false stop=running
step=1038 time=0.070183594896067097 dt=6.5138887368248663e-05 residual=13598.975819113621 checked=false stop=running
step=1039 time=0.070248735168855242 dt=6.5140272788141512e-05 residual=13591.359500947681 checked=false stop=running
step=1040 time=0.070313881016126928 dt=6.5145847271688424e-05 residual=13581.462402784799 checked=false stop=running
step=1041 time=0.070379035862115538 dt=6.5154845988616136e-05 residual=13573.846181218218 checked=false stop=running
step=1042 time=0.070444202146384277 dt=6.5166284268744468e-05 residual=13575.413452256556 checked=false stop=running
step=1043 time=0.070509381401479068 dt=6.5179255094788453e-05 residual=13579.135660810422 checked=false stop=running
step=1044 time=0.070574547677403232 dt=6.5166275924167066e-05 residual=13574.795063360994 checked=false stop=running
step=1045 time=0.070639689478347686 dt=6.5141800944450891e-05 residual=13571.065057972244 checked=false stop=running
step=1046 time=0.070704815944024765 dt=6.5126465677073115e-05 residual=13569.521349073468 checked=false stop=running
step=1047 time=0.070769934540424406 dt=6.5118596399637652e-05 residual=13566.574418657035 checked=false stop=running
step=1048 time=0.070835051063539128 dt=6.5116523114727416e-05 residual=13564.895312134477 checked=false stop=running
step=1049 time=0.070900170079174304 dt=6.5119015635181651e-05 residual=13619.191916542513 checked=false stop=running
step=1050 time=0.070965295351976626 dt=6.5125272802316419e-05 residual=13612.476916336114 checked=false stop=running
step=1051 time=0.071030429826092548 dt=6.5134474115919203e-05 residual=13609.722071293476 checked=false stop=running
step=1052 time=0.071095575453224813 dt=6.514562713226005e-05 residual=13606.644782411484 checked=false stop=running
step=1053 time=0.071160733425248299 dt=6.515797202348377e-05 residual=13599.082693919025 checked=false stop=running
step=1054 time=0.071225869332579558 dt=6.5135907331264814e-05 residual=13596.400056955164 checked=false stop=running
step=1055 time=0.071290983990886528 dt=6.511465830696348e-05 residual=13597.108798738924 checked=false stop=running
step=1056 time=0.071356085801735275 dt=6.510181084874134e-05 residual=13594.728657146685 checked=false stop=running
step=1057 time=0.071421181419606586 dt=6.5095617871308492e-05 residual=13591.431180644584 checked=false stop=running
step=1058 time=0.071486275937853977 dt=6.5094518247388929e-05 residual=13590.127013001402 checked=false stop=running
step=1059 time=0.071551373391204695 dt=6.509745335071289e-05 residual=13588.892638627563 checked=false stop=running
step=1060 time=0.071616477084909966 dt=6.5103693705269623e-05 residual=13644.118619441186 checked=false stop=running
step=1061 time=0.071681589467873549 dt=6.5112382963589235e-05 residual=13643.251813886809 checked=false stop=running
step=1062 time=0.071746712080060213 dt=6.512261218666649e-05 residual=13638.716468572953 checked=false stop=running
step=1063 time=0.07181184589076646 dt=6.5133810706242645e-05 residual=13630.774323021977 checked=false stop=running
step=1064 time=0.071876953121905757 dt=6.5107231139290947e-05 residual=13627.439406411608 checked=false stop=running
step=1065 time=0.071942041755880495 dt=6.5088633974738074e-05 residual=13623.61893319216 checked=false stop=running
step=1066 time=0.072007119317453724 dt=6.5077561573227374e-05 residual=13617.519354901016 checked=false stop=running
step=1067 time=0.07207219160863873 dt=6.5072291185008048e-05 residual=13614.422861537001 checked=false stop=running
step=1068 time=0.072137263035948626 dt=6.5071427309895178e-05 residual=13614.10318306011 checked=false stop=running
step=1069 time=0.072202337127482183 dt=6.507409153356093e-05 residual=13612.130351465652 checked=false stop=running
step=1070 time=0.072267416747237134 dt=6.507961975495652e-05 residual=13613.486525001446 checked=false stop=running
step=1071 time=0.072332503930595982 dt=6.5087183358847212e-05 residual=13672.31925165358 checked=false stop=running
step=1072 time=0.072397599969303908 dt=6.5096038707929116e-05 residual=13667.873197483195 checked=false stop=running
step=1073 time=0.072462704087477514 dt=6.510411817360757e-05 residual=13664.586811418225 checked=false stop=running
step=1074 time=0.072527783297209561 dt=6.5079209732044237e-05 residual=13657.721519230043 checked=false stop=running
step=1075 time=0.072592845796350502 dt=6.5062499140943917e-05 residual=13645.975816814393 checked=false stop=running
step=1076 time=0.072657898195204448 dt=6.5052398853951833e-05 residual=13637.370262061409 checked=false stop=running
step=1077 time=0.07272294549322407 dt=6.5047298019623047e-05 residual=13636.526380880172 checked=false stop=running
step=1078 time=0.072787991504947858 dt=6.5046011723783254e-05 residual=13636.354691248394 checked=false stop=running
step=1079 time=0.072853039356566382 dt=6.5047851618520416e-05 residual=13635.637130932259 checked=false stop=running
step=1080 time=0.07291809159020049 dt=6.5052233634106324e-05 residual=13639.457049733941 checked=false stop=running
step=1081 time=0.072983150011072015 dt=6.5058420871524263e-05 residual=13642.440445054046 checked=false stop=running
step=1082 time=0.073048215869879446 dt=6.5065858807429144e-05 residual=13699.358110869329 checked=false stop=running
step=1083 time=0.073113289937749501 dt=6.5074067870048551e-05 residual=13696.05697591952 checked=false stop=running
step=1084 time=0.073178340993939564 dt=6.5051056190064697e-05 residual=13686.077186140639 checked=false stop=running
step=1085 time=0.073243376383621023 dt=6.5035389681454683e-05 residual=13668.474605272611 checked=false stop=running
step=1086 time=0.073308401898411632 dt=6.5025514790611203e-05 residual=13657.397161727582 checked=false stop=running
step=1087 time=0.073373421896391733 dt=6.5019997980105885e-05 residual=13655.409848174115 checked=false stop=running
step=1088 time=0.073438439786356488 dt=6.5017889964748832e-05 residual=13654.319851432996 checked=false stop=running
step=1089 time=0.073503458473374236 dt=6.5018687017747467e-05 residual=13658.043839817905 checked=false stop=running
step=1090 time=0.073568480358359514 dt=6.502188498528407e-05 residual=13664.803239746725 checked=false stop=running
step=1091 time=0.073633507211032165 dt=6.5026852672652371e-05 residual=13669.471141250309 checked=false stop=running
step=1092 time=0.073698540393385081 dt=6.5033182352918368e-05 residual=13672.588451904829 checked=false stop=running
step=1093 time=0.073763581137298515 dt=6.5040743913432565e-05 residual=13672.186478669073 checked=false stop=running
step=1094 time=0.073828603595381265 dt=6.5022458082752437e-05 residual=13710.598058397576 checked=false stop=running
step=1095 time=0.073893610735816628 dt=6.5007140435364776e-05 residual=13690.690125000921 checked=false stop=running
step=1096 time=0.073958607739179297 dt=6.4997003362675062e-05 residual=13681.516165731873 checked=false stop=running
step=1097 time=0.074023598557293666 dt=6.4990818114372416e-05 residual=13676.928743702623 checked=false stop=running
step=1098 time=0.074088586415072072 dt=6.4987857778400657e-05 residual=13675.812698039681 checked=false stop=running
step=1099 time=0.07415357417678281 dt=6.4987761710742705e-05 residual=13683.198982066157 checked=false stop=running
step=1100 time=0.074218564250626465 dt=6.4990073843647586e-05 residual=13692.718694408159 checked=false stop=running
step=1101 time=0.074283558491487545 dt=6.4994240861074217e-05 residual=13698.513723451862 checked=false stop=running
step=1102 time=0.074348558432446962 dt=6.4999940959423042e-05 residual=13699.886384987814 checked=false stop=running
step=1103 time=0.074413565500287243 dt=6.5007067840282216e-05 residual=13691.453775383901 checked=false stop=running
step=1104 time=0.074478559341426775 dt=6.4993841139538927e-05 residual=13675.812921095376 checked=false stop=running
step=1105 time=0.074543537866572057 dt=6.4978525145282444e-05 residual=13719.388728755612 checked=false stop=running
step=1106 time=0.074608505879926679 dt=6.4968013354623633e-05 residual=13713.063426859702 checked=false stop=running
step=1107 time=0.074673467144537001 dt=6.4961264610328458e-05 residual=13704.81019923348 checked=false stop=running
step=1108 time=0.074738424868566883 dt=6.495772402988384e-05 residual=13701.444918546293 checked=false stop=running
step=1109 time=0.074803381979996517 dt=6.495711142963575e-05 residual=13709.30279710413 checked=false stop=running
step=1110 time=0.074868340959549237 dt=6.4958979552716756e-05 residual=13719.669968016206 checked=false stop=running
step=1111 time=0.074933303779086302 dt=6.4962819537065753e-05 residual=13725.296050564741 checked=false stop=running
step=1112 time=0.07499827213029063 dt=6.4968351204334527e-05 residual=13721.235577214647 checked=false stop=running
step=1113 time=0.075063247595588758 dt=6.4975465298128905e-05 residual=13708.165083118984 checked=false stop=running
step=1114 time=0.075128213928613852 dt=6.4966333025095376e-05 residual=13700.540347821754 checked=false stop=running
step=1115 time=0.075193164946347424 dt=6.4951017733572486e-05 residual=13698.595120088163 checked=false stop=running
step=1116 time=0.075258105250786259 dt=6.4940304438829166e-05 residual=13745.363903217229 checked=false stop=running
step=1117 time=0.075323038548250953 dt=6.4933297464688376e-05 residual=13735.314512623358 checked=false stop=running
step=1118 time=0.07538796810335123 dt=6.4929555100274626e-05 residual=13731.89765675659 checked=false stop=running
step=1119 time=0.075452896929547861 dt=6.492882619662694e-05 residual=13735.706323123508 checked=false stop=running
step=1120 time=0.075517827579312247 dt=6.4930649764392725e-05 residual=13742.769788270019 checked=false stop=running
step=1121 time=0.075582762118381566 dt=6.4934539069313966e-05 residual=13746.168047333598 checked=false stop=running
step=1122 time=0.075647702349521742 dt=6.4940231140180521e-05 residual=13740.24118080582 checked=false stop=running
step=1123 time=0.075712649956618472 dt=6.49476070967244e-05 residual=13732.543277049235 checked=false stop=running
step=1124 time=0.075777591159465321 dt=6.4941202846853559e-05 residual=13729.19551757593 checked=false stop=running
step=1125 time=0.07584251721549834 dt=6.4926056033022509e-05 residual=13725.348310967714 checked=false stop=running
step=1126 time=0.075907432615718862 dt=6.4915400220517545e-05 residual=13718.320686602818 checked=false stop=running
step=1127 time=0.075972341055633566 dt=6.4908439914710341e-05 residual=13764.547449022723 checked=false stop=running
step=1128 time=0.076037245856392877 dt=6.4904800759315749e-05 residual=13762.576403722809 checked=false stop=running
step=1129 time=0.076102150092862614 dt=6.4904236469738634e-05 residual=13765.04416056501 checked=false stop=running
step=1130 time=0.076167056362653932 dt=6.4906269791316788e-05 residual=13766.570995497939 checked=false stop=running
step=1131 time=0.076231966786246219 dt=6.4910423592282778e-05 residual=13763.789437277657 checked=false stop=running
step=1132 time=0.076296883224826181 dt=6.4916438579961939e-05 residual=13757.939492492167 checked=false stop=running
step=1133 time=0.076361807410496391 dt=6.4924185670213163e-05 residual=13755.274167136047 checked=false stop=running
step=1134 time=0.076426726653740465 dt=6.4919243244073273e-05 residual=13752.855982284822 checked=false stop=running
step=1135 time=0.076491631068835442 dt=6.4904415094983099e-05 residual=13746.424844562884 checked=false stop=running
step=1136 time=0.076556525069650189 dt=6.4894000814745927e-05 residual=13739.176887237571 checked=false stop=running
step=1137 time=0.076621412335235187 dt=6.4887265585003361e-05 residual=13738.165738075246 checked=false stop=running
step=1138 time=0.076686296200295337 dt=6.4883865060151355e-05 residual=13795.645272819578 checked=false stop=running
step=1139 time=0.076751179753672613 dt=6.4883553377271397e-05 residual=13798.820378473931 checked=false stop=running
step=1140 time=0.076816065604954339 dt=6.4885851281720977e-05 residual=13799.384040804134 checked=false stop=running
step=1141 time=0.076880955895679101 dt=6.489029072475499e-05 residual=13790.321343144695 checked=false stop=running
step=1142 time=0.076945852508461587 dt=6.4896612782490803e-05 residual=13781.797964967436 checked=false stop=running
step=1143 time=0.077010757188899479 dt=6.4904680437890806e-05 residual=13779.035123674836 checked=false stop=running
step=1144 time=0.077075657733800138 dt=6.4900544900658359e-05 residual=13774.952986413355 checked=false stop=running
step=1145 time=0.077140543792125968 dt=6.4886058325833057e-05 residual=13765.924982656563 checked=false stop=running
step=1146 time=0.077205419702613479 dt=6.4875910487509366e-05 residual=13759.775964397721 checked=false stop=running
step=1147 time=0.077270289104444431 dt=6.4869401830947712e-05 residual=13760.437769007742 checked=false stop=running
step=1148 time=0.077335155300789715 dt=6.4866196345285217e-05 residual=13767.956749300196 checked=false stop=running
step=1149 time=0.077400021348808565 dt=6.4866048018853595e-05 residual=13833.292836812323 checked=false stop=running
step=1150 time=0.077464889833623901 dt=6.4868484815336765e-05 residual=13833.528242280699 checked=false stop=running
step=1151 time=0.077529762880091932 dt=6.4873046468028427e-05 residual=13826.230419598247 checked=false stop=running
step=1152 time=0.077594642357958321 dt=6.4879477866382451e-05 residual=13816.058504672726 checked=false stop=running
step=1153 time=0.077659530002301219 dt=6.4887644342898214e-05 residual=13806.918529745772 checked=false stop=running
step=1154 time=0.077724414627236019 dt=6.4884624934799816e-05 residual=13794.56478715776 checked=false stop=running
step=1155 time=0.077789284989368976 dt=6.4870362132956293e-05 residual=13783.863971792804 checked=false stop=running
step=1156 time=0.077854145328774271 dt=6.4860339405297459e-05 residual=13782.697983929225 checked=false stop=running
step=1157 time=0.077918999208659093 dt=6.485387988482514e-05 residual=13786.252510422439 checked=false stop=running
step=1158 time=0.077983849856385207 dt=6.4850647726114665e-05 residual=13796.276377540484 checked=false stop=running
step=1159 time=0.078048700266398097 dt=6.4850410012893175e-05 residual=13809.79936200277 checked=false stop=running
step=1160 time=0.078113552988263057 dt=6.4852721864967549e-05 residual=13869.585361959756 checked=false stop=running
step=1161 time=0.078178410123399392 dt=6.4857135136337673e-05 residual=13861.753067596273 checked=false stop=running
step=1162 time=0.078243273524455467 dt=6.4863401056082284e-05 residual=13850.138132729446 checked=false stop=running
step=1163 time=0.078308144916299463 dt=6.4871391843996726e-05 residual=13830.491093290791 checked=false stop=running
step=1164 time=0.078373015105305782 dt=6.4870189006312304e-05 residual=13811.055731422985 checked=false stop=running
step=1165 time=0.078437871035840698 dt=6.4855930534919194e-05 residual=13804.639545908725 checked=false stop=running
step=1166 time=0.078502716853050172 dt=6.4845817209470945e-05 residual=13804.731080834326 checked=false stop=running
step=1167 time=0.078567556039527531 dt=6.4839186477358193e-05 residual=13808.162623768363 checked=false stop=running
step=1168 time=0.078632391731617166 dt=6.4835692089636616e-05 residual=13820.030775696578 checked=false stop=running
step=1169 time=0.07869722684476696 dt=6.4835113149790331e-05 residual=13833.886043886969 checked=false stop=running
step=1170 time=0.07876206388543551 dt=6.4837040668545154e-05 residual=13839.680908770972 checked=false stop=running
step=1171 time=0.078826904926262598 dt=6.4841040827085797e-05 residual=13891.841607488803 checked=false stop=running
step=1172 time=0.078891751799659293 dt=6.4846873396697097e-05 residual=13875.72952756817 checked=false stop=running
step=1173 time=0.078956606220721148 dt=6.4854421061852918e-05 residual=13854.424170152588 checked=false stop=running
step=1174 time=0.079021462074982438 dt=6.485585426129205e-05 residual=13839.611783538621 checked=false stop=running
step=1175 time=0.079086303382061074 dt=6.4841307078630832e-05 residual=13831.314865358947 checked=false stop=running
step=1176 time=0.079151134228627948 dt=6.4830846566875792e-05 residual=13826.127637962287 checked=false stop=running
step=1177 time=0.079215958045709869 dt=6.4823817081922493e-05 residual=13828.968848920505 checked=false stop=running
step=1178 time=0.079280777896163765 dt=6.4819850453892629e-05 residual=13842.472789265645 checked=false stop=running
step=1179 time=0.079345596623175238 dt=6.4818727011467305e-05 residual=13855.181326919283 checked=false stop=running
step=1180 time=0.079410416694990799 dt=6.4820071815557711e-05 residual=13859.842993792417 checked=false stop=running
step=1181 time=0.079475240152716189 dt=6.4823457725385371e-05 residual=13856.672072344387 checked=false stop=running
step=1182 time=0.079540068794715466 dt=6.4828641999270813e-05 residual=13845.058213389466 checked=false stop=running
step=1183 time=0.079604904308007249 dt=6.4835513291781609e-05 residual=13883.217838233364 checked=false stop=running
step=1184 time=0.079669744966024164 dt=6.4840658016918591e-05 residual=13871.327962653981 checked=false stop=running
step=1185 time=0.079734570445262526 dt=6.4825479238360547e-05 residual=13858.586435469715 checked=false stop=running
step=1186 time=0.079799384824572203 dt=6.4814379309675242e-05 residual=13846.614539837725 checked=false stop=running
step=1187 time=0.079864191524200615 dt=6.4806699628414436e-05 residual=13847.534441030997 checked=false stop=running
step=1188 time=0.079928993563966572 dt=6.4802039765951715e-05 residual=13860.988731547297 checked=false stop=running
step=1189 time=0.07999379373452685 dt=6.4800170560278198e-05 residual=13873.408858825283 checked=false stop=running
step=1190 time=0.080058594485553886 dt=6.4800751027037696e-05 residual=13878.80119043687 checked=false stop=running
step=1191 time=0.080123397838749916 dt=6.4803353196036853e-05 residual=13874.070255114082 checked=false stop=running
step=1192 time=0.08018820554966527 dt=6.480771091535594e-05 residual=13862.47058673985 checked=false stop=running
step=1193 time=0.080253019256587482 dt=6.4813706922212911e-05 residual=13854.037980491479 checked=false stop=running
step=1194 time=0.080317840535204271 dt=6.4821278616783949e-05 residual=13897.55318141432 checked=false stop=running
step=1195 time=0.080382648645191207 dt=6.4808109986936788e-05 residual=13883.573982009435 checked=false stop=running
step=1196 time=0.080447444647419875 dt=6.4796002228660854e-05 residual=13871.951587534839 checked=false stop=running
step=1197 time=0.080512231999168432 dt=6.4787351748562448e-05 residual=13872.488509571776 checked=false stop=running
step=1198 time=0.080577013717070503 dt=6.4781717902072657e-05 residual=13882.992779722606 checked=false stop=running
step=1199 time=0.080641792570842863 dt=6.4778853772364854e-05 residual=13896.323448689212 checked=false stop=running
step=1200 time=0.080706571027489404 dt=6.4778456646534627e-05 residual=13904.111716185298 checked=false stop=running
step=1201 time=0.080771351128199262 dt=6.4780100709859573e-05 residual=13900.16911680165 checked=false stop=running
step=1202 time=0.080836134605971069 dt=6.4783477771807529e-05 residual=13889.977098578902 checked=false stop=running
step=1203 time=0.080900923055643684 dt=6.4788449672608628e-05 residual=13880.911609333823 checked=false stop=running
step=1204 time=0.080965718017819224 dt=6.479496217553581e-05 residual=13870.991366035838 checked=false stop=running
step=1205 time=0.081030507759547094 dt=6.4789741727874507e-05 residual=13908.641070727434 checked=false stop=running
step=1206 time=0.081095283930807519 dt=6.4776171260431148e-05 residual=13898.797668145917 checked=false stop=running
step=1207 time=0.081160050080488211 dt=6.4766149680695799e-05 residual=13901.767662141121 checked=false stop=running
step=1208 time=0.081224809273897303 dt=6.4759193409095578e-05 residual=13911.324728276568 checked=false stop=running
step=1209 time=0.081289564303033524 dt=6.4755029136217052e-05 residual=13924.337396101708 checked=false stop=running
step=1210 time=0.081354317696148565 dt=6.4753393115034714e-05 residual=13930.69547934103 checked=false stop=running
step=1211 time=0.08141907157696239 dt=6.4753880813829908e-05 residual=13926.869797238516 checked=false stop=running
step=1212 time=0.081483827718565313 dt=6.4756141602923073e-05 residual=13917.839774981967 checked=false stop=running
step=1213 time=0.081548587722632238 dt=6.476000406692774e-05 residual=13906.341581785822 checked=false stop=running
step=1214 time=0.081613353133939331 dt=6.4765411307096869e-05 residual=13889.356432432254 checked=false stop=running
step=1215 time=0.081678124766825691 dt=6.4771632886364024e-05 residual=13876.855478917299 checked=false stop=running
step=1216 time=0.081742880880189772 dt=6.4756113364080833e-05 residual=13928.377610718693 checked=false stop=running
step=1217 time=0.081807625164640657 dt=6.4744284450885957e-05 residual=13934.024892646537 checked=false stop=running
step=1218 time=0.081872360794627952 dt=6.4735629987292784e-05 residual=13945.489977989151 checked=false stop=running
step=1219 time=0.081937090639720017 dt=6.4729845092068966e-05 residual=13955.915152203768 checked=false stop=running
step=1220 time=0.082001817337555225 dt=6.4726697835210722e-05 residual=13958.007029137296 checked=false stop=running
step=1221 time=0.082066543171774337 dt=6.4725834219108615e-05 residual=13950.939548411903 checked=false stop=running
step=1222 time=0.082131270052949082 dt=6.4726881174742863e-05 residual=13939.327435971563 checked=false stop=running
step=1223 time=0.082195999677594445 dt=6.4729624645363981e-05 residual=13921.981045109485 checked=false stop=running
step=1224 time=0.082260733664386021 dt=6.4733986791580786e-05 residual=13906.849479340335 checked=false stop=running
step=1225 time=0.082325473616211356 dt=6.4739951825330743e-05 residual=13900.654312559001 checked=false stop=running
step=1226 time=0.082390211134605387 dt=6.4737518394026517e-05 residual=13901.721864451916 checked=false stop=running
step=1227 time=0.082454934609101083 dt=6.4723474495688844e-05 residual=13964.111742611407 checked=false stop=running
step=1228 time=0.082519647393009515 dt=6.4712783908432917e-05 residual=13975.875650297032 checked=false stop=running
step=1229 time=0.082584352505098671 dt=6.4705112089151354e-05 residual=13985.572373145822 checked=false stop=running
step=1230 time=0.082649052750076002 dt=6.4700244977329018e-05 residual=13981.533292303076 checked=false stop=running
step=1231 time=0.082713750653303178 dt=6.4697903227173265e-05 residual=13968.450282155334 checked=false stop=running
step=1232 time=0.082778448379363948 dt=6.469772606076779e-05 residual=13950.592948814772 checked=false stop=running
step=1233 time=0.082843147829225722 dt=6.4699449861771666e-05 residual=13933.827603598251 checked=false stop=running
step=1234 time=0.082907850780644762 dt=6.4702951419047446e-05 residual=13927.191318125355 checked=false stop=running
step=1235 time=0.082972558966473098 dt=6.4708185828336488e-05 residual=13924.370517754434 checked=false stop=running
step=1236 time=0.083037274104122705 dt=6.4715137649600912e-05 residual=13924.04018214077 checked=false stop=running
step=1237 time=0.083101979826112879 dt=6.4705721990177941e-05 residual=13933.473373707388 checked=false stop=running
step=1238 time=0.083166672601904898 dt=6.4692775792018378e-05 residual=14003.403391317452 checked=false stop=running
step=1239 time=0.083231355671276847 dt=6.4683069371955477e-05 residual=14009.583148810985 checked=false stop=running
step=1240 time=0.08329603205435035 dt=6.4676383073503503e-05 residual=14003.765434801056 checked=false stop=running
step=1241 time=0.083360704561382698 dt=6.4672507032342144e-05 residual=13986.248474287884 checked=false stop=running
step=1242 time=0.083425375692135914 dt=6.4671130753209981e-05 residual=13964.552334569558 checked=false stop=running
step=1243 time=0.083490047638072162 dt=6.4671945936254326e-05 residual=13951.767049153315 checked=false stop=running
step=1244 time=0.083554722396031969 dt=6.4674757959801488e-05 residual=13947.844239506439 checked=false stop=running
step=1245 time=0.083619401860741988 dt=6.4679464710022655e-05 residual=13944.627330130281 checked=false stop=running
step=1246 time=0.083684087869438234 dt=6.4686008696248498e-05 residual=13946.437404546465 checked=false stop=running
step=1247 time=0.08374878105219706 dt=6.4693182758822967e-05 residual=13959.293895614193 checked=false stop=running
step=1248 time=0.083813458862401949 dt=6.467781020489523e-05 residual=13976.131404459427 checked=false stop=running
step=1249 time=0.083878124786858452 dt=6.4665924456506644e-05 residual=14037.763452610598 checked=false stop=running
step=1250 time=0.08394278206710977 dt=6.4657280251319534e-05 residual=14029.75797197718 checked=false stop=running
step=1251 time=0.084007433767398373 dt=6.465170028859865e-05 residual=14011.98479600085 checked=false stop=running
step=1252 time=0.084072082714599511 dt=6.4648947201139702e-05 residual=13989.978177867841 checked=false stop=running
step=1253 time=0.084136731421857819 dt=6.4648707258313013e-05 residual=13976.620088491718 checked=false stop=running
step=1254 time=0.084201382130905972 dt=6.465070904815946e-05 residual=13969.941394130026 checked=false stop=running
step=1255 time=0.084266036905477959 dt=6.4654774571991949e-05 residual=13964.277758521357 checked=false stop=running
step=1256 time=0.084330697695833942 dt=6.4660790355985608e-05 residual=13967.982378363786 checked=false stop=running
step=1257 time=0.084395366372515837 dt=6.4668676681891888e-05 residual=13985.039377991952 checked=false stop=running
step=1258 time=0.084460036062657784 dt=6.4669690141950384e-05 residual=14001.577051425445 checked=false stop=running
step=1259 time=0.084524691363654786 dt=6.4655300997001978e-05 residual=14009.653431427543 checked=false stop=running
step=1260 time=0.084589335704764207 dt=6.4644341109427908e-05 residual=14007.212810255156 checked=false stop=running
step=1261 time=0.084653972337213806 dt=6.4636632449600296e-05 residual=14043.857693885166 checked=false stop=running
step=1262 time=0.084718604338283335 dt=6.4632001069526738e-05 residual=14025.797038846898 checked=false stop=running
step=1263 time=0.08478323453040873 dt=6.4630192125397429e-05 residual=14011.432544325426 checked=false stop=running
step=1264 time=0.084847865434575745 dt=6.4630904167011671e-05 residual=13996.190384147309 checked=false stop=running
step=1265 time=0.084912499318821513 dt=6.4633884245771184e-05 residual=13983.240366976959 checked=false stop=running
step=1266 time=0.084977138272057315 dt=6.4638953235795216e-05 residual=13988.11572078091 checked=false stop=running
step=1267 time=0.085041784256449607 dt=6.4645984392287196e-05 residual=14008.348860348635 checked=false stop=running
step=1268 time=0.085106439139231521 dt=6.4654882781909091e-05 residual=14026.463791551159 checked=false stop=running
step=1269 time=0.085171091189134004 dt=6.465204990247777e-05 residual=14036.042963535543 checked=false stop=running
step=1270 time=0.085235729419647119 dt=6.4638230513115486e-05 residual=14033.352323398209 checked=false stop=running
step=1271 time=0.085300357207483177 dt=6.4627787836052326e-05 residual=14021.740565373078 checked=false stop=running
step=1272 time=0.085364977784757004 dt=6.4620577273825003e-05 residual=14058.652732791594 checked=false stop=running
step=1273 time=0.085429594209810319 dt=6.4616425053320997e-05 residual=14041.469989123292 checked=false stop=running
step=1274 time=0.085494209292590717 dt=6.4615082780398222e-05 residual=14017.609966336953 checked=false stop=running
step=1275 time=0.085558825563701271 dt=6.4616271110547334e-05 residual=14002.339293215164 checked=false stop=running
step=1276 time=0.085623445314303243 dt=6.4619750601965537e-05 residual=14011.152679633242 checked=false stop=running
step=1277 time=0.085688070655414145 dt=6.4625341110905349e-05 residual=14029.60130094305 checked=false stop=running
step=1278 time=0.085752703564204891 dt=6.4632908790747382e-05 residual=14045.524465308092 checked=false stop=running
step=1279 time=0.085817345914781532 dt=6.4642350576634694e-05 residual=14055.488347430921 checked=false stop=running
step=1280 time=0.085881984790767391 dt=6.4638875985863653e-05 residual=14053.6993520007 checked=false stop=running
step=1281 time=0.085946609774968014 dt=6.4624984200622201e-05 residual=14042.221013483741 checked=false stop=running
step=1282 time=0.086011224189482288 dt=6.4614414514271867e-05 residual=14027.898920752017 checked=false stop=running
step=1283 time=0.08607583123921328 dt=6.4607049730995485e-05 residual=14058.793827082369 checked=false stop=running
step=1284 time=0.086140433973207239 dt=6.4602733993956898e-05 residual=14036.490264274409 checked=false stop=running
step=1285 time=0.086205035220531398 dt=6.4601247324157411e-05 residual=14030.003150021716 checked=false stop=running
step=1286 time=0.08626963755977711 dt=6.4602339245705057e-05 residual=14036.717498895436 checked=false stop=running
step=1287 time=0.086334243342183328 dt=6.4605782406219249e-05 residual=14048.875397009242 checked=false stop=running
step=1288 time=0.086398854736806072 dt=6.4611394622738765e-05 residual=14061.981707197407 checked=false stop=running
step=1289 time=0.086463473771558427 dt=6.4619034752350153e-05 residual=14071.173951634819 checked=false stop=running
step=1290 time=0.086528102365614062 dt=6.4628594055638196e-05 residual=14069.496600756467 checked=false stop=running
step=1291 time=0.086592729562202014 dt=6.4627196587947272e-05 residual=14059.562218690207 checked=false stop=running
step=1292 time=0.086657342072032462 dt=6.4612509830443322e-05 residual=14043.51145346986 checked=false stop=running
step=1293 time=0.086721943200756282 dt=6.4601128723821587e-05 residual=14024.842195495108 checked=false stop=running
step=1294 time=0.086786536174509335 dt=6.4592973753047699e-05 residual=14067.60229620678 checked=false stop=running
step=1295 time=0.086851124098000901 dt=6.4587923491561553e-05 residual=14065.878149017566 checked=false stop=running
step=1296 time=0.086915709892165266 dt=6.4585794164364363e-05 residual=14070.697397631908 checked=false stop=running
step=1297 time=0.08698029625283922 dt=6.4586360673954781e-05 residual=14075.735836441238 checked=false stop=running
step=1298 time=0.087044885656607354 dt=6.4589403768128159e-05 residual=14084.310602855316 checked=false stop=running
step=1299 time=0.087109480397763062 dt=6.4594741155712566e-05 residual=14090.609690874137 checked=false stop=running
step=1300 time=0.087174082624658852 dt=6.4602226895796872e-05 residual=14088.385083166557 checked=false stop=running
step=1301 time=0.087238694367270345 dt=6.4611742611499022e-05 residual=14078.88768739735 checked=false stop=running
step=1302 time=0.087303307718447229 dt=6.4613351176888756e-05 residual=14062.731269507061 checked=false stop=running
step=1303 time=0.087367905100976223 dt=6.4597382529000912e-05 residual=14047.46567114941 checked=false stop=running
step=1304 time=0.087432489887724535 dt=6.4584786748311725e-05 residual=14041.588557058309 checked=false stop=running
step=1305 time=0.087497065395599871 dt=6.4575507875332648e-05 residual=14097.981259646493 checked=false stop=running
step=1306 time=0.087561634843722855 dt=6.4569448122984302e-05 residual=14101.235000303648 checked=false stop=running
step=1307 time=0.087626201300707321 dt=6.4566456984468365e-05 residual=14107.654159140502 checked=false stop=running
step=1308 time=0.087690767636419878 dt=6.4566335712550646e-05 residual=14113.466105266907 checked=false stop=running
step=1309 time=0.087755336498258646 dt=6.4568861838768262e-05 residual=14113.30213747014 checked=false stop=running
step=1310 time=0.087819910320174319 dt=6.4573821915675771e-05 residual=14108.784225967614 checked=false stop=running
step=1311 time=0.087884491351510677 dt=6.4581031336361807e-05 residual=14098.80998183442 checked=false stop=running
step=1312 time=0.087949081691469616 dt=6.4590339958944584e-05 residual=14083.638426971973 checked=false stop=running
step=1313 time=0.088013676144549871 dt=6.4594453080258572e-05 residual=14071.853384187445 checked=false stop=running
step=1314 time=0.088078253117134575 dt=6.4576972584703732e-05 residual=14067.468885603004 checked=false stop=running
step=1315 time=0.088142816079230107 dt=6.4562962095530193e-05 residual=14069.39028061751 checked=false stop=running
step=1316 time=0.088207368471669143 dt=6.4552392439038651e-05 residual=14129.794604875962 checked=false stop=running
step=1317 time=0.088271913657963261 dt=6.4545186294113327e-05 residual=14137.516364227793 checked=false stop=running
step=1318 time=0.088336454859201705 dt=6.4541201238444587e-05 residual=14143.963577464048 checked=false stop=running
step=1319 time=0.088400995093747908 dt=6.4540234546202219e-05 residual=14141.933658315373 checked=false stop=running
step=1320 time=0.088465537141120584 dt=6.4542047372680993e-05 residual=14133.905180545527 checked=false stop=running
step=1321 time=0.088530083544441279 dt=6.4546403320691055e-05 residual=14120.733110928937 checked=false stop=running
step=1322 time=0.08859463665650337 dt=6.4553112062091584e-05 residual=14107.676661096069 checked=false stop=running
step=1323 time=0.088659198715432361 dt=6.4562058928991633e-05 residual=14098.814918165894 checked=false stop=running
step=1324 time=0.088723766533148909 dt=6.4567817716549455e-05 residual=14093.478783101784 checked=false stop=running
step=1325 time=0.088788315194282777 dt=6.4548661133870231e-05 residual=14090.241183340055 checked=false stop=running
step=1326 time=0.08885284830772891 dt=6.4533113446133157e-05 residual=14096.540885136188 checked=false stop=running
step=1327 time=0.088917369460320375 dt=6.4521152591458567e-05 residual=14112.380148572673 checked=false stop=running
step=1328 time=0.088981882163348208 dt=6.4512703027838088e-05 residual=14173.824536512431 checked=false stop=running
step=1329 time=0.089046389788122668 dt=6.4507624774462225e-05 residual=14174.138581569578 checked=false stop=running
step=1330 time=0.089110895509951313 dt=6.4505721828649079e-05 residual=14164.149881687828 checked=false stop=running
step=1331 time=0.08917540228681077 dt=6.4506776859456086e-05 residual=14145.401288640307 checked=false stop=running
step=1332 time=0.08923991287879765 dt=6.4510591986884267e-05 residual=14129.049299132803 checked=false stop=running
step=1333 time=0.089304429879645278 dt=6.4517000847622786e-05 residual=14118.318896231331 checked=false stop=running
step=1334 time=0.089368955750591589 dt=6.4525870946317111e-05 residual=14108.459292191614 checked=false stop=running
step=1335 time=0.08943348729025058 dt=6.4531539658994774e-05 residual=14107.352858825783 checked=false stop=running
step=1336 time=0.089497998049413593 dt=6.4510759163018233e-05 residual=14119.806071496836 checked=false stop=running
step=1337 time=0.089562491827681501 dt=6.4493778267908839e-05 residual=14134.593369420381 checked=false stop=running
step=1338 time=0.089626972416249201 dt=6.4480588567696634e-05 residual=14145.156836624992 checked=false stop=running
step=1339 time=0.089691443538564092 dt=6.4471122314887968e-05 residual=14199.564487633583 checked=false stop=running
step=1340 time=0.089755908788244215 dt=6.4465249680121224e-05 residual=14191.316980872527 checked=false stop=running
step=1341 time=0.089820371581476016 dt=6.446279323179967e-05 residual=14173.095215922389 checked=false stop=running
step=1342 time=0.089884835136234936 dt=6.4463554758917117e-05 residual=14152.938134483273 checked=false stop=running
step=1343 time=0.089949302485890559 dt=6.4467349655625096e-05 residual=14134.844635987691 checked=false stop=running
step=1344 time=0.090013776501734505 dt=6.4474015843944151e-05 residual=14125.363305662304 checked=false stop=running
step=1345 time=0.090078259885191858 dt=6.4483383457351971e-05 residual=14134.315591789498 checked=false stop=running
step=1346 time=0.090142746054458933 dt=6.4486169267074538e-05 residual=14150.487966857239 checked=false stop=running
step=1347 time=0.090207210342768115 dt=6.4464288309188668e-05 residual=14163.128846211474 checked=false stop=running
step=1348 time=0.090271656808443831 dt=6.444646567571137e-05 residual=14171.143539480428 checked=false stop=running
step=1349 time=0.090336089498168473 dt=6.4432689724635393e-05 residual=14174.424643711473 checked=false stop=running
step=1350 time=0.090400512380425707 dt=6.44228822572287e-05 residual=14219.217273431757 checked=false stop=running
step=1351 time=0.090464929299324245 dt=6.4416918898532502e-05 residual=14203.507126426348 checked=false stop=running
step=1352 time=0.090529343959008413 dt=6.4414659684170825e-05 residual=14184.553255642351 checked=false stop=running
step=1353 time=0.09059375990379627 dt=6.4415944787863164e-05 residual=14163.153707255991 checked=false stop=running
step=1354 time=0.090658180457003801 dt=6.442055320753288e-05 residual=14155.966596015327 checked=false stop=running
step=1355 time=0.090722608674769015 dt=6.4428217765217033e-05 residual=14166.630405990949 checked=false stop=running
step=1356 time=0.090787047360972845 dt=6.4438686203830176e-05 residual=14181.968813532572 checked=false stop=running
step=1357 time=0.09085148207373081 dt=6.4434712757964954e-05 residual=14193.424203823466 checked=false stop=running
step=1358 time=0.090915894716513498 dt=6.4412642782685198e-05 residual=14200.820034401098 checked=false stop=running
step=1359 time=0.090980289614521204 dt=6.4394898007701505e-05 residual=14201.296009601174 checked=false stop=running
step=1360 time=0.091044671077605777 dt=6.438146308457304e-05 residual=14193.893906716505 checked=false stop=running
step=1361 time=0.091109043360036251 dt=6.4372282430479407e-05 residual=14235.039194191921 checked=false stop=running
step=1362 time=0.091173410633304294 dt=6.4367273268036646e-05 residual=14216.077521633842 checked=false stop=running
step=1363 time=0.091237776922972982 dt=6.4366289668683991e-05 residual=14197.798944088097 checked=false stop=running
step=1364 time=0.09130214600632261 dt=6.436908334963082e-05 residual=14190.111527145451 checked=false stop=running
step=1365 time=0.091366521356532324 dt=6.4375350209717582e-05 residual=14195.430090917473 checked=false stop=running
step=1366 time=0.091430906155038405 dt=6.4384798506085444e-05 residual=14206.144232772631 checked=false stop=running
step=1367 time=0.091495303330736064 dt=6.4397175697654126e-05 residual=14217.892921133469 checked=false stop=running
step=1368 time=0.09155968478073849 dt=6.4381450002428962e-05 residual=14227.564415082019 checked=false stop=running
step=1369 time=0.091624045168264862 dt=6.4360387526375871e-05 residual=14227.111002571233 checked=false stop=running
step=1370 time=0.09168838912291967 dt=6.4343954654810041e-05 residual=14219.095106333085 checked=false stop=running
step=1371 time=0.091752721266116402 dt=6.4332143196735211e-05 residual=14208.579169941275 checked=false stop=running
step=1372 time=0.09181704617163132 dt=6.4324905514918937e-05 residual=14247.079155728252 checked=false stop=running
step=1373 time=0.091881368296934079 dt=6.4322125302765625e-05 residual=14230.534319109898 checked=false stop=running
step=1374 time=0.091945691874057378 dt=6.4323577123299942e-05 residual=14225.108768249882 checked=false stop=running
step=1375 time=0.092010020825544714 dt=6.4328951487333297e-05 residual=14225.669630255141 checked=false stop=running
step=1376 time=0.092074358740621878 dt=6.4337915077170658e-05 residual=14228.292228059139 checked=false stop=running
step=1377 time=0.092138708891027751 dt=6.4350150405877279e-05 residual=14236.509940564198 checked=false stop=running
step=1378 time=0.092203064874516696 dt=6.4355983488947091e-05 residual=14245.011523518982 checked=false stop=running
step=1379 time=0.092267397352204711 dt=6.4332477688013433e-05 residual=14246.042412760475 checked=false stop=running
step=1380 time=0.092331711212987708 dt=6.4313860782998867e-05 residual=14242.58367085731 checked=false stop=running
step=1381 time=0.092396011362431835 dt=6.4300149444129913e-05 residual=14233.234317330751 checked=false stop=running
step=1382 time=0.09246030267445679 dt=6.4291312024956042e-05 residual=14219.306423504235 checked=false stop=running
step=1383 time=0.092524589932786047 dt=6.4287258329253784e-05 residual=14208.678345101545 checked=false stop=running
step=1384 time=0.09258887773762571 dt=6.428780483966009e-05 residual=14255.222847883011 checked=false stop=running
step=1385 time=0.092653170399730284 dt=6.4292662104568736e-05 residual=14251.776609379822 checked=false stop=running
step=1386 time=0.09271747187272944 dt=6.4301472999154594e-05 residual=14250.728720473237 checked=false stop=running
step=1387 time=0.092781785739950121 dt=6.4313867220682167e-05 residual=14256.875822438149 checked=false stop=running
step=1388 time=0.09284611524496178 dt=6.4329505011663971e-05 residual=14261.40524314197 checked=false stop=running
step=1389 time=0.092910429576035111 dt=6.4314331073331139e-05 residual=14262.071119549573 checked=false stop=running
step=1390 time=0.092974723756357958 dt=6.4294180322840106e-05 residual=14261.792808073811 checked=false stop=running
step=1391 time=0.09303900286709052 dt=6.4279110732559406e-05 residual=14255.318127618202 checked=false stop=running
step=1392 time=0.093103271971281862 dt=6.4269104191341431e-05 residual=14242.105718762698 checked=false stop=running
step=1393 time=0.093167536061813286 dt=6.4264090531418903e-05 residual=14229.79443290704 checked=false stop=running
step=1394 time=0.093231799991494363 dt=6.426392968107414e-05 residual=14222.862322488401 checked=false stop=running
step=1395 time=0.093296068374014565 dt=6.4268382520206606e-05 residual=14272.523068770477 checked=false stop=running
step=1396 time=0.093360345483321713 dt=6.4277109307153398e-05 residual=14279.577488555697 checked=false stop=running
step=1397 time=0.093424635197087366 dt=6.4289713765655352e-05 residual=14285.956188876862 checked=false stop=running
step=1398 time=0.093488941001603293 dt=6.4305804515929355e-05 residual=14283.522895133419 checked=false stop=running
step=1399 time=0.093553248958504254 dt=6.4307956900957797e-05 residual=14280.822642664723 checked=false stop=running
step=1400 time=0.093617535622076045 dt=6.4286663571791063e-05 residual=14281.292246582272 checked=false stop=running
step=1401 time=0.093681806174515783 dt=6.4270552439737178e-05 residual=14277.271906020451 checked=false stop=running
step=1402 time=0.093746065790688796 dt=6.4259616173017499e-05 residual=14266.451842837296 checked=false stop=running
step=1403 time=0.093810319576916767 dt=6.4253786227971233e-05 residual=14253.179005735172 checked=false stop=running
step=1404 time=0.093874572508221829 dt=6.4252931305058022e-05 residual=14245.565666073611 checked=false stop=running
step=1405 time=0.093938829350081091 dt=6.4256841859260935e-05 residual=14254.395010568314 checked=false stop=running
step=1406 time=0.094003094563178013 dt=6.426521309692812e-05 residual=14321.149501186033 checked=false stop=running
step=1407 time=0.094067372224883816 dt=6.4277661705806706e-05 residual=14323.428808335255 checked=false stop=running
step=1408 time=0.094131666009751369 dt=6.4293784867553344e-05 residual=14317.64635476297 checked=false stop=running
step=1409 time=0.094195979230050547 dt=6.4313220299173671e-05 residual=14310.651425540966 checked=false stop=running
step=1410 time=0.094260271655693936 dt=6.429242564338401e-05 residual=14305.397596605937 checked=false stop=running
step=1411 time=0.094324546818217794 dt=6.4275162523854797e-05 residual=14298.10999074469 checked=false stop=running
step=1412 time=0.094388809890719377 dt=6.4263072501578557e-05 residual=14287.418275378039 checked=false stop=running
step=1413 time=0.094453066005474318 dt=6.4256114754938587e-05 residual=14275.214447523786 checked=false stop=running
step=1414 time=0.094517320191215226 dt=6.4254185740901689e-05 residual=14274.3954191226 checked=false stop=running
step=1415 time=0.094581577300834885 dt=6.4257109619652092e-05 residual=14287.635276978835 checked=false stop=running
step=1416 time=0.094645841932044658 dt=6.4264631209772012e-05 residual=14300.638325528218 checked=false stop=running
step=1417 time=0.094710118361462675 dt=6.4276429418015163e-05 residual=14355.860529324451 checked=false stop=running
step=1418 time=0.094774410503825263 dt=6.4292142362581644e-05 residual=14347.880674919821 checked=false stop=running
step=1419 time=0.094838721910198556 dt=6.4311406373291843e-05 residual=14341.798667892761 checked=false stop=running
step=1420 time=0.094903032407764376 dt=6.431049756582311e-05 residual=14332.887822914061 checked=false stop=running
step=1421 time=0.094967324189530272 dt=6.4291781765891427e-05 residual=14320.109735606626 checked=false stop=running
step=1422 time=0.095031602390953138 dt=6.4278201422862463e-05 residual=14305.085209493604 checked=false stop=running
step=1423 time=0.095095872137362814 dt=6.4269746409677993e-05 residual=14293.944224838611 checked=false stop=running
step=1424 time=0.095160138469278635 dt=6.426633191581826e-05 residual=14298.946854077858 checked=false stop=running
step=1425 time=0.095224406263746897 dt=6.426779446826258e-05 residual=14314.553198130445 checked=false stop=running
step=1426 time=0.095288680154783645 dt=6.4273891036753332e-05 residual=14324.746868714548 checked=false stop=running
step=1427 time=0.095352964477612004 dt=6.4284322828361072e-05 residual=14325.604074342795 checked=false stop=running
step=1428 time=0.095417263255301241 dt=6.4298777689233188e-05 residual=14325.077460332788 checked=false stop=running
step=1429 time=0.095481580194916177 dt=6.4316939614932775e-05 residual=14371.985870333912 checked=false stop=running
step=1430 time=0.095545918666988694 dt=6.4338472072514712e-05 residual=14362.17010474499 checked=false stop=running
step=1431 time=0.095610236914968089 dt=6.4318247979389183e-05 residual=14347.27120853994 checked=false stop=running
step=1432 time=0.095674539502826519 dt=6.4302587858426741e-05 residual=14327.685154479861 checked=false stop=running
step=1433 time=0.09573883142947763 dt=6.4291926651112056e-05 residual=14317.005664012835 checked=false stop=running
step=1434 time=0.095803117635879509 dt=6.428620640187438e-05 residual=14324.172163021558 checked=false stop=running
step=1435 time=0.095867402914603259 dt=6.4285278723754009e-05 residual=14337.664872594232 checked=false stop=running
step=1436 time=0.095931691816908443 dt=6.4288902305186289e-05 residual=14343.091504343278 checked=false stop=running
step=1437 time=0.095995988600022911 dt=6.4296783114470497e-05 residual=14341.562166567173 checked=false stop=running
step=1438 time=0.096060297246853721 dt=6.4308646830815629e-05 residual=14341.550856995573 checked=false stop=running
step=1439 time=0.096124621523038162 dt=6.4324276184441463e-05 residual=14341.249910581711 checked=false stop=running
step=1440 time=0.096188964961059054 dt=6.4343438020886479e-05 residual=14386.327250519511 checked=false stop=running
step=1441 time=0.096253314805209711 dt=6.434984415065807e-05 residual=14372.298847080496 checked=false stop=running
step=1442 time=0.096317645954961645 dt=6.4331149751927063e-05 residual=14353.006094640168 checked=false stop=running
step=1443 time=0.096381963210097232 dt=6.4317255135593534e-05 residual=14341.637440830682 checked=false stop=running
step=1444 time=0.096446271354772684 dt=6.4308144675453578e-05 residual=14347.236847580127 checked=false stop=running
step=1445 time=0.096510575065264573 dt=6.4303710491886052e-05 residual=14355.529268396389 checked=false stop=running
step=1446 time=0.096574878803897937 dt=6.4303738633366992e-05 residual=14355.332009733431 checked=false stop=running
step=1447 time=0.096639186751503126 dt=6.4307947605190014e-05 residual=14356.881899987418 checked=false stop=running
step=1448 time=0.096703502826704396 dt=6.4316075201273172e-05 residual=14360.274173494545 checked=false stop=running
step=1449 time=0.09676783078615675 dt=6.4327959452350857e-05 residual=14360.058287047263 checked=false stop=running
step=1450 time=0.096832174320035644 dt=6.4343533878895117e-05 residual=14358.045741184478 checked=false stop=running
step=1451 time=0.096896536855580889 dt=6.4362535545240632e-05 residual=14399.85542881101 checked=false stop=running
step=1452 time=0.09696089478395592 dt=6.4357928375034286e-05 residual=14383.516060728625 checked=false stop=running
step=1453 time=0.097025234681319433 dt=6.4339897363519181e-05 residual=14373.055077963809 checked=false stop=running
step=1454 time=0.097089561163619317 dt=6.4326482299888538e-05 residual=14370.952370760544 checked=false stop=running
step=1455 time=0.097153878780574021 dt=6.431761695470209e-05 residual=14369.955088996268 checked=false stop=running
step=1456 time=0.097218191904201987 dt=6.4313123627971798e-05 residual=14373.751353552969 checked=false stop=running
step=1457 time=0.097282504662892455 dt=6.4312758690463254e-05 residual=14380.466456795131 checked=false stop=running
step=1458 time=0.097346820964759107 dt=6.4316301866653878e-05 residual=14382.520758637827 checked=false stop=running
step=1459 time=0.097411144609609285 dt=6.4323644850182584e-05 residual=14380.425899147762 checked=false stop=running
step=1460 time=0.097475479481868396 dt=6.4334872259105478e-05 residual=14377.608062266629 checked=false stop=running
step=1461 time=0.097539829275957696 dt=6.4349794089297278e-05 residual=14371.184026207278 checked=false stop=running
step=1462 time=0.097604197077690913 dt=6.4367801733215287e-05 residual=14413.524960584971 checked=false stop=running
step=1463 time=0.097668552319084098 dt=6.4355241393180662e-05 residual=14404.243487191712 checked=false stop=running
step=1464 time=0.097732889249408358 dt=6.43369303242629e-05 residual=14398.022595681159 checked=false stop=running
step=1465 time=0.097797212286525825 dt=6.4323037117468388e-05 residual=14394.848028542418 checked=false stop=running
step=1466 time=0.097861525729732154 dt=6.4313443206323752e-05 residual=14400.260438243164 checked=false stop=running
step=1467 time=0.097925833695459694 dt=6.4307965727540586e-05 residual=14405.536281345865 checked=false stop=running
step=1468 time=0.09799014013571837 dt=6.4306440258682284e-05 residual=14403.962364172761 checked=false stop=running
step=1469 time=0.098054448959297505 dt=6.4308823579130561e-05 residual=14400.563012186105 checked=false stop=running
step=1470 time=0.09811876428962002 dt=6.4315330322519104e-05 residual=14397.026109945513 checked=false stop=running
step=1471 time=0.098183089934011425 dt=6.4325644391400515e-05 residual=14388.927588662178 checked=false stop=running
step=1472 time=0.098247429106215534 dt=6.4339172204112659e-05 residual=14380.671634796343 checked=false stop=running
step=1473 time=0.098311784657164253 dt=6.4355550948723753e-05 residual=14429.026093951512 checked=false stop=running
step=1474 time=0.098376121719324625 dt=6.4337062160371798e-05 residual=14424.321589459201 checked=false stop=running
step=1475 time=0.098440439766244003 dt=6.4318046919375818e-05 residual=14425.977632216427 checked=false stop=running
step=1476 time=0.098504743048118348 dt=6.4303281874348499e-05 residual=14428.271389469261 checked=false stop=running
step=1477 time=0.098569035684491171 dt=6.4292636372825814e-05 residual=14425.925571935204 checked=false stop=running
step=1478 time=0.098633321696490278 dt=6.4286011999103589e-05 residual=14420.821024149776 checked=false stop=running
step=1479 time=0.098697605178834552 dt=6.4283482344277171e-05 residual=14418.326379774249 checked=false stop=running
step=1480 time=0.098761890459645479 dt=6.4285280810926011e-05 residual=14415.165060699033 checked=false stop=running
step=1481 time=0.098826181339573715 dt=6.4290879928239101e-05 residual=14407.810458665615 checked=false stop=running
step=1482 time=0.098890481209088624 dt=6.429986951490798e-05 residual=14400.234576457964 checked=false stop=running
step=1483 time=0.098954793238393193 dt=6.4312029304563649e-05 residual=14396.286240498488 checked=false stop=running
step=1484 time=0.099019119981008152 dt=6.4326742614962776e-05 residual=14399.325965589083 checked=false stop=running
step=1485 time=0.099083422934301932 dt=6.4302953293781068e-05 residual=14456.39936799387 checked=false stop=running
step=1486 time=0.099147706321479775 dt=6.4283387177849495e-05 residual=14457.921873903249 checked=false stop=running
step=1487 time=0.099211974299264608 dt=6.4267977784835087e-05 residual=14449.767677265489 checked=false stop=running
step=1488 time=0.099276231018203862 dt=6.4256718939259528e-05 residual=14439.720229566961 checked=false stop=running
step=1489 time=0.099340480803893891 dt=6.4249785690034383e-05 residual=14435.160980037466 checked=false stop=running
step=1490 time=0.099404728001705231 dt=6.4247197811335844e-05 residual=14431.932884185559 checked=false stop=running
step=1491 time=0.099468976550364824 dt=6.4248548659591391e-05 residual=14428.579976615127 checked=false stop=running
step=1492 time=0.099533230198896233 dt=6.4253648531413627e-05 residual=14423.947586477412 checked=false stop=running
step=1493 time=0.099597492647271677 dt=6.4262448375445661e-05 residual=14421.173843842205 checked=false stop=running
step=1494 time=0.099661767493414599 dt=6.427484614292553e-05 residual=14425.589380822999 checked=false stop=running
step=1495 time=0.099726047630637527 dt=6.4280137222925867e-05 residual=14435.047987960381 checked=false stop=running
step=1496 time=0.099790304297511193 dt=6.4256666873659473e-05 residual=14486.310824826713 checked=false stop=running
step=1497 time=0.099854541745190595 dt=6.4237447679401283e-05 residual=14474.718553744488 checked=false stop=running
step=1498 time=0.099918764286733047 dt=6.4222541542446367e-05 residual=14464.586081952933 checked=false stop=running
step=1499 time=0.099982976361023143 dt=6.4212074290093935e-05 residual=14457.940164869726 checked=false stop=running
step=1500 time=0.10000000000000001 dt=1.7023638976862432e-05 residual=14456.464803189896 checked=false stop=running
step=1501 time=0.10006420515345182 dt=6.4205153451825207e-05 residual=14453.498318366137 checked=false stop=running
step=1502 time=0.10012840970765663 dt=6.4204554204801582e-05 residual=14452.39566600416 checked=false stop=running
step=1503 time=0.10019261793167726 dt=6.4208224020631519e-05 residual=14450.261877744935 checked=false stop=running
step=1504 time=0.100256834012049 dt=6.4216080371738382e-05 residual=14451.728292849222 checked=false stop=running
step=1505 time=0.10032106193879382 dt=6.4227926744817829e-05 residual=14458.150542233187 checked=false stop=running
step=1506 time=0.10038530541981755 dt=6.4243481023721426e-05 residual=14461.362074968083 checked=false stop=running
step=1507 time=0.1004495276837378 dt=6.4222263920246425e-05 residual=14457.163661873112 checked=false stop=running
step=1508 time=0.10051372953550601 dt=6.4201851768215914e-05 residual=14502.905565056586 checked=false stop=running
step=1509 time=0.10057791547317232 dt=6.4185937666317132e-05 residual=14496.71829335718 checked=false stop=running
step=1510 time=0.10064209010610209 dt=6.4174632929758421e-05 residual=14488.478156663343 checked=false stop=running
step=1511 time=0.10070625810216029 dt=6.4167996058195719e-05 residual=14481.355643019369 checked=false stop=running
step=1512 time=0.10077042413248118 dt=6.4166030320886734e-05 residual=14477.758592921942 checked=false stop=running
step=1513 time=0.100834592811896 dt=6.4168679414814949e-05 residual=14475.63106438602 checked=false stop=running
step=1514 time=0.10089876861386024 dt=6.417580196423989e-05 residual=14478.807759712125 checked=false stop=running
step=1515 time=0.10096295577963274 dt=6.4187165772498607e-05 residual=14484.136457534098 checked=false stop=running
step=1516 time=0.10102715824951103 dt=6.4202469878292762e-05 residual=14483.605658459881 checked=false stop=running
step=1517 time=0.10109135799336777 dt=6.4199743856741313e-05 residual=14483.640642126722 checked=false stop=running
step=1518 time=0.10115553662395327 dt=6.4178630585501168e-05 residual=14483.618255640498 checked=false stop=running
step=1519 time=0.10121969871732921 dt=6.4162093375943113e-05 residual=14529.889286443395 checked=false stop=running
step=1520 time=0.1012838489705631 dt=6.4150253233886511e-05 residual=14519.720736695162 checked=false stop=running
step=1521 time=0.10134799216278349 dt=6.4143192220393667e-05 residual=14511.758090853575 checked=false stop=running
step=1522 time=0.10141213308861276 dt=6.4140925829270906e-05 residual=14502.663526099886 checked=false stop=running
step=1523 time=0.10147627648540443 dt=6.4143396791665238e-05 residual=14495.784857694456 checked=false stop=running
step=1524 time=0.10154042696302518 dt=6.4150477620751042e-05 residual=14498.268679475477 checked=false stop=running
step=1525 time=0.10160458893730191 dt=6.4161974276732029e-05 residual=14503.123019133174 checked=false stop=running
step=1526 time=0.10166876657143566 dt=6.4177634133744625e-05 residual=14507.544613987233 checked=false stop=running
step=1527 time=0.1017329561394829 dt=6.4189568047246155e-05 residual=14512.532334023657 checked=false stop=running
step=1528 time=0.10179712495743237 dt=6.4168817949470172e-05 residual=14510.84136435467 checked=false stop=running
step=1529 time=0.10186127755307106 dt=6.4152595638682601e-05 residual=14502.776128228259 checked=false stop=running
step=1530 time=0.10192541860872865 dt=6.4141055657589697e-05 residual=14546.35995195065 checked=false stop=running
step=1531 time=0.10198955293679456 dt=6.4134328065895609e-05 residual=14537.184897468043 checked=false stop=running
step=1532 time=0.10205368543100921 dt=6.4132494214653483e-05 residual=14527.188177140984 checked=false stop=running
step=1533 time=0.10211782100601001 dt=6.4135575000806729e-05 residual=14518.232663650939 checked=false stop=running
step=1534 time=0.10218196451582061 dt=6.4143509810599456e-05 residual=14516.832720019418 checked=false stop=running
step=1535 time=0.10224612064735039 dt=6.4156131529783769e-05 residual=14520.678429746811 checked=false stop=running
step=1536 time=0.10231029382370807 dt=6.417317635768106e-05 residual=14528.524323256195 checked=false stop=running
step=1537 time=0.10237448749538312 dt=6.4193671675047856e-05 residual=14534.410885687235 checked=false stop=running
step=1538 time=0.10243866162604778 dt=6.4174130664659064e-05 residual=14531.234617185319 checked=false stop=running
step=1539 time=0.10250282076296263 dt=6.4159136914852523e-05 residual=14522.118071621153 checked=false stop=running
step=1540 time=0.10256696964228727 dt=6.4148879324635468e-05 residual=14515.360650577441 checked=false stop=running
step=1541 time=0.10263111316883837 dt=6.4143526551100843e-05 residual=14510.554092051172 checked=false stop=running
step=1542 time=0.10269525635219269 dt=6.4143183354326973e-05 residual=14551.4005648733 checked=false stop=running
step=1543 time=0.10275940421087132 dt=6.4147858678627342e-05 residual=14545.433313796992 checked=false stop=running
step=1544 time=0.10282356164193222 dt=6.4157431060906617e-05 residual=14544.730960623117 checked=false stop=running
step=1545 time=0.10288773324590672 dt=6.4171603974501291e-05 residual=14546.227869050865 checked=false stop=running
step=1546 time=0.10295191620174647 dt=6.4182955839753081e-05 residual=14552.191424430621 checked=false stop=running
step=1547 time=0.10301609921398054 dt=6.4183012234069923e-05 residual=14555.573992216176 checked=false stop=running
step=1548 time=0.10308028729701009 dt=6.4188083029545888e-05 residual=14549.713797698878 checked=false stop=running
step=1549 time=0.10314447101978759 dt=6.418372277749819e-05 residual=14540.990832262361 checked=false stop=running
step=1550 time=0.10320864634803194 dt=6.4175328244345402e-05 residual=14536.524240768544 checked=false stop=running
step=1551 time=0.10327281792183637 dt=6.4171573804441481e-05 residual=14531.780566489426 checked=false stop=running
step=1552 time=0.10333699042372604 dt=6.4172501889673479e-05 residual=14527.837666758294 checked=false stop=running
step=1553 time=0.10340116850690541 dt=6.4178083179366099e-05 residual=14578.497341981334 checked=false stop=running
step=1554 time=0.10346533217174027 dt=6.4163664834857145e-05 residual=14580.838513394954 checked=false stop=running
step=1555 time=0.10352948540693808 dt=6.4153235197822163e-05 residual=14584.170247820426 checked=false stop=running
step=1556 time=0.10359363263010531 dt=6.4147223167220198e-05 residual=14585.597463673932 checked=false stop=running
step=1557 time=0.10365777836107867 dt=6.4145730973364605e-05 residual=14580.688995543356 checked=false stop=running
step=1558 time=0.10372192727187098 dt=6.4148910792307781e-05 residual=14567.53495667382 checked=false stop=running
step=1559 time=0.10378608415111683 dt=6.4156879245855052e-05 residual=14558.866148700046 checked=false stop=running
step=1560 time=0.10385025380535941 dt=6.4169654242582e-05 residual=14557.482082326595 checked=false stop=running
step=1561 time=0.10391444093782988 dt=6.418713247047254e-05 residual=14554.454432859775 checked=false stop=running
step=1562 time=0.10397861775971694 dt=6.4176821887062345e-05 residual=14553.945851714694 checked=false stop=running
step=1563 time=0.10404277405004085 dt=6.415629032390771e-05 residual=14559.825237087487 checked=false stop=running
step=1564 time=0.10410691435958692 dt=6.4140309546068024e-05 residual=14618.690343857174 checked=false stop=running
step=1565 time=0.10417104332820451 dt=6.4128968617578608e-05 residual=14620.949288103269 checked=false stop=running
step=1566 time=0.1042351653433045 dt=6.4122015099990791e-05 residual=14617.702826447394 checked=false stop=running
step=1567 time=0.10429928466522682 dt=6.4119321922323299e-05 residual=14600.762360683477 checked=false stop=running
step=1568 time=0.10436340564061292 dt=6.4120975386092345e-05 residual=14583.979757080544 checked=false stop=running
step=1569 time=0.10442753273012637 dt=6.4127089513442561e-05 residual=14578.361851463869 checked=false stop=running
step=1570 time=0.10449167050572672 dt=6.4137775600350749e-05 residual=14575.162556053176 checked=false stop=running
step=1571 time=0.10455582362258718 dt=6.4153116860462774e-05 residual=14570.957226584778 checked=false stop=running
step=1572 time=0.10461999034501079 dt=6.4166722423610905e-05 residual=14573.419925413453 checked=false stop=running
step=1573 time=0.10468413588474416 dt=6.4145539733368936e-05 residual=14582.671515289849 checked=false stop=running
step=1574 time=0.10474826464475769 dt=6.412876001351464e-05 residual=14592.280334463379 checked=false stop=running
step=1575 time=0.10481238098085627 dt=6.4116336098583732e-05 residual=14648.352486826441 checked=false stop=running
step=1576 time=0.10487648934939148 dt=6.4108368535210761e-05 residual=14637.520745188012 checked=false stop=running
step=1577 time=0.10494059391805369 dt=6.4104568662215442e-05 residual=14620.781149609313 checked=false stop=running
step=1578 time=0.10500469880132539 dt=6.4104883271700065e-05 residual=14608.852379288164 checked=false stop=running
step=1579 time=0.10506880818467987 dt=6.4109383354485572e-05 residual=14599.75939971094 checked=false stop=running
step=1580 time=0.10513292633347443 dt=6.411814879456876e-05 residual=14590.528933789501 checked=false stop=running
step=1581 time=0.1051970575993771 dt=6.4131265902674987e-05 residual=14584.534756868174 checked=false stop=running
step=1582 time=0.10526120644199349 dt=6.4148842616395965e-05 residual=14588.069251506804 checked=false stop=running
step=1583 time=0.10532535352730116 dt=6.4147085307660574e-05 residual=14598.585225682875 checked=false stop=running
step=1584 time=0.10538948257201611 dt=6.4129044714950772e-05 residual=14609.110497938787 checked=false stop=running
step=1585 time=0.10545359775877286 dt=6.4115186756751792e-05 residual=14612.609150557179 checked=false stop=running
step=1586 time=0.10551770329075529 dt=6.4105531982420786e-05 residual=14605.99790550101 checked=false stop=running
step=1587 time=0.10558180349768344 dt=6.4100206928157687e-05 residual=14645.682152964642 checked=false stop=running
step=1588 time=0.10564590240283889 dt=6.4098905155448636e-05 residual=14635.943429793098 checked=false stop=running
step=1589 time=0.10571000404243083 dt=6.4101639591948741e-05 residual=14622.397768104605 checked=false stop=running
step=1590 time=0.10577411249393624 dt=6.4108451505415714e-05 residual=14605.603687370702 checked=false stop=running
step=1591 time=0.10583823187997467 dt=6.4119386038424928e-05 residual=14596.781918105482 checked=false stop=running
step=1592 time=0.10590236642831513 dt=6.4134548340468808e-05 residual=14600.590551481491 checked=false stop=running
step=1593 time=0.10596652048694771 dt=6.4154058632586006e-05 residual=14611.571001845541 checked=false stop=running
step=1594 time=0.10603065961582879 dt=6.4139128881076415e-05 residual=14622.70877741498 checked=false stop=running
step=1595 time=0.10609478276154999 dt=6.4123145721201526e-05 residual=14625.427737765782 checked=false stop=running
step=1596 time=0.10615889391838279 dt=6.411115683280176e-05 residual=14620.972420245684 checked=false stop=running
step=1597 time=0.10622299725164776 dt=6.4103333264964446e-05 residual=14617.15036058101 checked=false stop=running
step=1598 time=0.10628709689122942 dt=6.4099639581661474e-05 residual=14658.561486424012 checked=false stop=running
step=1599 time=0.10635119682312943 dt=6.409993190000753e-05 residual=14643.587873378063 checked=false stop=running
step=1600 time=0.10641530105560607 dt=6.4104232476635878e-05 residual=14627.684253098989 checked=false stop=running
step=1601 time=0.10647941362104095 dt=6.411256543488858e-05 residual=14619.667320647857 checked=false stop=running
step=1602 time=0.10654353868154944 dt=6.4125060508490119e-05 residual=14622.847795647074 checked=false stop=running
step=1603 time=0.10660768055196398 dt=6.4141870414549188e-05 residual=14635.202238110871 checked=false stop=running
step=1604 time=0.10667183492376361 dt=6.4154371799629573e-05 residual=14647.610586458251 checked=false stop=running
step=1605 time=0.10673597055940245 dt=6.4135635638834179e-05 residual=14651.102485234584 checked=false stop=running
step=1606 time=0.10680009134227163 dt=6.4120782869170643e-05 residual=14649.17226027522 checked=false stop=running
step=1607 time=0.10686420132643992 dt=6.4109984168297224e-05 residual=14646.391012020429 checked=false stop=running
step=1608 time=0.10692830471430492 dt=6.4103387865002356e-05 residual=14638.824608274203 checked=false stop=running
step=1609 time=0.1069924055214366 dt=6.4100807131676951e-05 residual=14682.155908223924 checked=false stop=running
step=1610 time=0.10705650774359558 dt=6.4102222158982688e-05 residual=14664.396144045624 checked=false stop=running
step=1611 time=0.10712061542761929 dt=6.4107684023711751e-05 residual=14655.307455871984 checked=false stop=running
step=1612 time=0.10718473276472219 dt=6.4117337102897025e-05 residual=14653.446658264083 checked=false stop=running
step=1613 time=0.10724886408446659 dt=6.4131319744393966e-05 residual=14661.075365494264 checked=false stop=running
step=1614 time=0.10731301378190237 dt=6.4149697435792263e-05 residual=14670.227901524891 checked=false stop=running
step=1615 time=0.10737716288605889 dt=6.4149104156512569e-05 residual=14673.95939628724 checked=false stop=running
step=1616 time=0.1074412940865755 dt=6.4131200516613608e-05 residual=14674.069215582615 checked=false stop=running
step=1617 time=0.10750541147187062 dt=6.4117385295118913e-05 residual=14669.894240192254 checked=false stop=running
step=1618 time=0.10756951926872678 dt=6.4107796856162057e-05 residual=14655.42369926123 checked=false stop=running
step=1619 time=0.10763362153918792 dt=6.4102270461141022e-05 residual=14636.622151829572 checked=false stop=running
step=1620 time=0.10769772227782677 dt=6.4100738638861107e-05 residual=14667.006194128404 checked=false stop=running
step=1621 time=0.10776182556004149 dt=6.410328221471875e-05 residual=14662.891198287041 checked=false stop=running
step=1622 time=0.10782593551911179 dt=6.4109959070308731e-05 residual=14667.65809688526 checked=false stop=running
step=1623 time=0.10789005631251716 dt=6.4120793405372803e-05 residual=14679.506973949208 checked=false stop=running
step=1624 time=0.10795419209755208 dt=6.413578503492538e-05 residual=14688.731573764755 checked=false stop=running
step=1625 time=0.10801834708744666 dt=6.415498989458653e-05 residual=14691.578977489269 checked=false stop=running
step=1626 time=0.10808248870913702 dt=6.414162169035872e-05 residual=14690.139451322679 checked=false stop=running
step=1627 time=0.10814661355105505 dt=6.4124841918034364e-05 residual=14681.220358167222 checked=false stop=running
step=1628 time=0.10821072570654162 dt=6.4112155486572374e-05 residual=14664.187281507917 checked=false stop=running
step=1629 time=0.10827482911181711 dt=6.4103405275485527e-05 residual=14652.438669288811 checked=false stop=running
step=1630 time=0.10833892762776506 dt=6.4098515947944465e-05 residual=14647.056180408943 checked=false stop=running
step=1631 time=0.10840302509334206 dt=6.4097465576994648e-05 residual=14645.518089640531 checked=false stop=running
step=1632 time=0.10846712534464209 dt=6.4100251300028095e-05 residual=14705.400769562431 checked=false stop=running
step=1633 time=0.10853123224026896 dt=6.4106895626876291e-05 residual=14714.571496646566 checked=false stop=running
step=1634 time=0.10859534968806962 dt=6.4117447800658773e-05 residual=14719.490599601335 checked=false stop=running
step=1635 time=0.10865948181466895 dt=6.4132126599319205e-05 residual=14717.905276949698 checked=false stop=running
step=1636 time=0.10872363223502646 dt=6.4150420357514572e-05 residual=14712.804674030753 checked=false stop=running
step=1637 time=0.10878776224438975 dt=6.4130009363290956e-05 residual=14700.281938525593 checked=false stop=running
step=1638 time=0.10885187566007698 dt=6.4113415687220215e-05 residual=14688.34438100726 checked=false stop=running
step=1639 time=0.10891597619120003 dt=6.4100531123051938e-05 residual=14681.77503128366 checked=false stop=running
step=1640 time=0.10898006748250001 dt=6.4091291299982908e-05 residual=14674.704189752863 checked=false stop=running
step=1641 time=0.10904415318056948 dt=6.4085698069462363e-05 residual=14670.195972985768 checked=false stop=running
step=1642 time=0.10910823697618 dt=6.4083795610520882e-05 residual=14677.683781528141 checked=false stop=running
step=1643 time=0.10917232265082449 dt=6.4085674644496173e-05 residual=14745.170522723136 checked=false stop=running
step=1644 time=0.10923641414262042 dt=6.4091491795919737e-05 residual=14748.940390840231 checked=false stop=running
step=1645 time=0.10930051564579166 dt=6.4101503171232993e-05 residual=14745.540662707272 checked=false stop=running
step=1646 time=0.10936463127240974 dt=6.4115626618078774e-05 residual=14731.954333405229 checked=false stop=running
step=1647 time=0.10942876007359006 dt=6.4128801180327491e-05 residual=14714.72690455711 checked=false stop=running
step=1648 time=0.1094928678201935 dt=6.4107746603437875e-05 residual=14704.212926100505 checked=false stop=running
step=1649 time=0.10955695812206263 dt=6.4090301869131666e-05 residual=14698.385264218879 checked=false stop=running
step=1650 time=0.10962103459400309 dt=6.4076471940455561e-05 residual=14691.757177645564 checked=false stop=running
step=1651 time=0.10968510090783976 dt=6.4066313836668072e-05 residual=14688.073860522991 checked=false stop=running
step=1652 time=0.10974916082904912 dt=6.4059921209364736e-05 residual=14695.553032589263 checked=false stop=running
step=1653 time=0.10981321824304818 dt=6.405741399906047e-05 residual=14708.047148907361 checked=false stop=running
step=1654 time=0.10987727715449869 dt=6.4058911450502192e-05 residual=14756.012785852236 checked=false stop=running
step=1655 time=0.10994134168578444 dt=6.4064531285755693e-05 residual=14756.161932787576 checked=false stop=running
step=1656 time=0.11000541580050201 dt=6.4074114717572528e-05 residual=14747.184574668703 checked=false stop=running
step=1657 time=0.11006950315311746 dt=6.4087352615451498e-05 residual=14733.271320786755 checked=false stop=running
step=1658 time=0.11013359829559698 dt=6.4095142479517797e-05 residual=14722.959781977655 checked=false stop=running
step=1659 time=0.11019767185442818 dt=6.4073558831207825e-05 residual=14714.686300068925 checked=false stop=running
step=1660 time=0.11026172753134443 dt=6.4055676916259234e-05 residual=14706.336947077294 checked=false stop=running
step=1661 time=0.11032576910568344 dt=6.404157433900705e-05 residual=14706.247453033093 checked=false stop=running
step=1662 time=0.110389800442784 dt=6.4031337100559121e-05 residual=14717.609282660569 checked=false stop=running
step=1663 time=0.1104538254693309 dt=6.4025026546894306e-05 residual=14731.712787724304 checked=false stop=running
step=1664 time=0.11051784814800822 dt=6.4022678677314534e-05 residual=14744.105009837362 checked=false stop=running
step=1665 time=0.11058187250053081 dt=6.4024352522588359e-05 residual=14805.718132007276 checked=false stop=running
step=1666 time=0.11064590242171725 dt=6.4029921186435908e-05 residual=14792.259019325085 checked=false stop=running
step=1667 time=0.11070994160332771 dt=6.4039181610462252e-05 residual=14775.023432695069 checked=false stop=running
step=1668 time=0.11077399359724108 dt=6.4051993913359913e-05 residual=14757.919512183404 checked=false stop=running
step=1669 time=0.11083804672797572 dt=6.4053130734639306e-05 residual=14740.276695590919 checked=false stop=running
step=1670 time=0.11090207860768177 dt=6.4031879706043875e-05 residual=14726.420103427454 checked=false stop=running
step=1671 time=0.11096609310503798 dt=6.4014497356214902e-05 residual=14726.728670163164 checked=false stop=running
step=1672 time=0.11103009415483421 dt=6.4001049796225072e-05 residual=14740.070912309387 checked=false stop=running
step=1673 time=0.11109408570654351 dt=6.3991551709301702e-05 residual=14756.751101968706 checked=false stop=running
step=1674 time=0.11115807172377323 dt=6.3986017229722959e-05 residual=14770.861566260506 checked=false stop=running
step=1675 time=0.11122205622858175 dt=6.3984504808515806e-05 residual=14774.337501448432 checked=false stop=running
step=1676 time=0.11128604317445771 dt=6.3986945875969245e-05 residual=14767.448118285707 checked=false stop=running
step=1677 time=0.11135003639160725 dt=6.3993217149535328e-05 residual=14801.305058669319 checked=false stop=running
step=1678 time=0.11141403961796911 dt=6.4003226361867568e-05 residual=14782.18702578366 checked=false stop=running
step=1679 time=0.11147805652509113 dt=6.4016907122012168e-05 residual=14757.911774076276 checked=false stop=running
step=1680 time=0.11154206475160755 dt=6.4008226516415625e-05 residual=14741.115517075525 checked=false stop=running
step=1681 time=0.11160605313115088 dt=6.3988379543334178e-05 residual=14741.616926486424 checked=false stop=running
step=1682 time=0.11167002566640996 dt=6.3972535259088412e-05 residual=14755.022681296414 checked=false stop=running
step=1683 time=0.11173398635347095 dt=6.3960687060995354e-05 residual=14774.96544694761 checked=false stop=running
step=1684 time=0.11179793921335121 dt=6.3952859880258482e-05 residual=14792.198356463516 checked=false stop=running
step=1685 time=0.11186188833456399 dt=6.3949121212779635e-05 residual=14796.176716024147 checked=false stop=running
step=1686 time=0.11192583777533696 dt=6.3949440772967815e-05 residual=14787.294698592474 checked=false stop=running
step=1687 time=0.11198979151551466 dt=6.3953740177703704e-05 residual=14772.354410676491 checked=false stop=running
step=1688 time=0.11205375346657885 dt=6.3961951064187114e-05 residual=14800.431158918294 checked=false stop=running
step=1689 time=0.11211772748270508 dt=6.3974016126228683e-05 residual=14780.503227313971 checked=false stop=running
step=1690 time=0.11218171587123035 dt=6.3988388525263582e-05 residual=14768.962864122697 checked=false stop=running
step=1691 time=0.11224568281912206 dt=6.3966947891711673e-05 residual=14764.655207660668 checked=false stop=running
step=1692 time=0.11230963237989855 dt=6.3949560776484528e-05 residual=14772.868251283782 checked=false stop=running
step=1693 time=0.11237356859346488 dt=6.3936213566330642e-05 residual=14791.244282568887 checked=false stop=running
step=1694 time=0.11243749553331808 dt=6.3926939853195227e-05 residual=14809.607827093661 checked=false stop=running
step=1695 time=0.11250141733100524 dt=6.3921797687155194e-05 residual=14815.843301458486 checked=false stop=running
step=1696 time=0.11256533809457417 dt=6.3920763568921956e-05 residual=14808.833022781208 checked=false stop=running
step=1697 time=0.11262926186883825 dt=6.3923774264073731e-05 residual=14791.662424028858 checked=false stop=running
step=1698 time=0.11269319264085445 dt=6.3930772016206354e-05 residual=14773.223301652843 checked=false stop=running
step=1699 time=0.11275713434803392 dt=6.3941707179471141e-05 residual=14814.059288581622 checked=false stop=running
step=1700 time=0.11282109086652843 dt=6.3956518494511007e-05 residual=14804.313720947161 checked=false stop=running
step=1701 time=0.1128850446058642 dt=6.3953739335768757e-05 residual=14799.031616664817 checked=false stop=running
step=1702 time=0.11294898007902757 dt=6.3935473163369302e-05 residual=14802.980351681037 checked=false stop=running
step=1703 time=0.11301290134807845 dt=6.3921269050883677e-05 residual=14816.774509159473 checked=false stop=running
step=1704 time=0.11307681250555628 dt=6.3911157477826195e-05 residual=14830.854566752094 checked=false stop=running
step=1705 time=0.11314071767546666 dt=6.390516991037374e-05 residual=14835.050653933602 checked=false stop=running
step=1706 time=0.11320462093872798 dt=6.3903263261321611e-05 residual=14828.395807144732 checked=false stop=running
step=1707 time=0.11326852629124881 dt=6.390535252083844e-05 residual=14813.583562846283 checked=false stop=running
step=1708 time=0.11333243764095813 dt=6.3911349709319166e-05 residual=14801.154665764658 checked=false stop=running
step=1709 time=0.11339635884245623 dt=6.3921201498097992e-05 residual=14794.339381417625 checked=false stop=running
step=1710 time=0.11346029373233169 dt=6.3934889875456811e-05 residual=14787.818773990019 checked=false stop=running
step=1711 time=0.11352424539017977 dt=6.395165784808304e-05 residual=14831.72405230681 checked=false stop=running
step=1712 time=0.11358817822556737 dt=6.3932835387590765e-05 residual=14836.463564657153 checked=false stop=running
step=1713 time=0.11365209626650775 dt=6.3918040940388226e-05 residual=14848.061796082824 checked=false stop=running
step=1714 time=0.11371600356963572 dt=6.390730312797038e-05 residual=14856.081412874008 checked=false stop=running
step=1715 time=0.11377990419910063 dt=6.3900629464900432e-05 residual=14857.338738190758 checked=false stop=running
step=1716 time=0.11384380215857613 dt=6.3897959475500747e-05 residual=14849.62040174199 checked=false stop=running
step=1717 time=0.11390770135043414 dt=6.3899191858010591e-05 residual=14836.129710433355 checked=false stop=running
step=1718 time=0.11397160556330857 dt=6.3904212874435666e-05 residual=14826.278031888085 checked=false stop=running
step=1719 time=0.11403551848996414 dt=6.3912926655573462e-05 residual=14819.264275588544 checked=false stop=running
step=1720 time=0.11409944377129551 dt=6.3925281331370047e-05 residual=14810.253940593155 checked=false stop=running
step=1721 time=0.11416338498169137 dt=6.3941210395865433e-05 residual=14807.664391774219 checked=false stop=running
step=1722 time=0.11422732728015458 dt=6.3942298463216251e-05 residual=14866.893248585644 checked=false stop=running
step=1723 time=0.11429125395391215 dt=6.3926673757573087e-05 residual=14878.381153839609 checked=false stop=running
step=1724 time=0.11435516890176929 dt=6.3914947857138073e-05 residual=14883.880998760755 checked=false stop=running
step=1725 time=0.11441907604587158 dt=6.3907144102282187e-05 residual=14880.56137659701 checked=false stop=running
step=1726 time=0.11448297927937386 dt=6.3903233502272884e-05 residual=14870.070688439104 checked=false stop=running
step=1727 time=0.11454688240093797 dt=6.3903121564111629e-05 residual=14858.948031970236 checked=false stop=running
step=1728 time=0.11461078908377281 dt=6.3906682834842144e-05 residual=14851.834776570084 checked=false stop=running
step=1729 time=0.11467470286184582 dt=6.3913778073011398e-05 residual=14843.153007345889 checked=false stop=running
step=1730 time=0.1147386272000749 dt=6.3924338229081075e-05 residual=14829.009795382379 checked=false stop=running
step=1731 time=0.11480256547607504 dt=6.3938276000143743e-05 residual=14822.858177942244 checked=false stop=running
step=1732 time=0.11486652091736381 dt=6.3955441288777716e-05 residual=14835.215187594275 checked=false stop=running
step=1733 time=0.1149304647073888 dt=6.3943790024988971e-05 residual=14902.298677512863 checked=false stop=running
step=1734 time=0.11499439509480043 dt=6.3930387411630546e-05 residual=14910.665298708707 checked=false stop=running
step=1735 time=0.11505831578404123 dt=6.3920689240795932e-05 residual=14909.911609276924 checked=false stop=running
step=1736 time=0.11512223048729608 dt=6.3914703254858778e-05 residual=14896.405262339491 checked=false stop=running
step=1737 time=0.11518614291152518 dt=6.3912424229090503e-05 residual=14880.214711603036 checked=false stop=running
step=1738 time=0.11525005666185401 dt=6.3913750328821424e-05 residual=14868.330215784938 checked=false stop=running
step=1739 time=0.11531397522131601 dt=6.3918559461997949e-05 residual=14853.948260580379 checked=false stop=running
step=1740 time=0.11537790201141838 dt=6.3926790102380424e-05 residual=14838.654171829976 checked=false stop=running
step=1741 time=0.11544184032323516 dt=6.3938311816783762e-05 residual=14840.437119269433 checked=false stop=running
step=1742 time=0.11550579326891791 dt=6.3952945682749855e-05 residual=14855.38429268907 checked=false stop=running
step=1743 time=0.11556975708587935 dt=6.3963816961445228e-05 residual=14869.96381739704 checked=false stop=running
step=1744 time=0.11563370518555885 dt=6.3948099679496433e-05 residual=14932.123477105721 checked=false stop=running
step=1745 time=0.11569764119300743 dt=6.3936007448588247e-05 residual=14931.867307910032 checked=false stop=running
step=1746 time=0.11576156876312724 dt=6.3927570119798173e-05 residual=14921.728211027335 checked=false stop=running
step=1747 time=0.1158254915810986 dt=6.3922817971372129e-05 residual=14905.284103576509 checked=false stop=running
step=1748 time=0.11588941323982796 dt=6.3921658729354728e-05 residual=14886.545138317028 checked=false stop=running
step=1749 time=0.11595333725631579 dt=6.3924016487824933e-05 residual=14865.753280842368 checked=false stop=running
step=1750 time=0.11601726696458743 dt=6.3929708271640519e-05 residual=14855.850950283968 checked=false stop=running
step=1751 time=0.11608120547620433 dt=6.3938511616894625e-05 residual=14862.255381111117 checked=false stop=running
step=1752 time=0.11614515570613132 dt=6.3950229926984769e-05 residual=14876.425750339564 checked=false stop=running
step=1753 time=0.11620912047310972 dt=6.3964766978401294e-05 residual=14890.475251196074 checked=false stop=running
step=1754 time=0.11627308552366532 dt=6.3965050555593649e-05 residual=14903.813050611217 checked=false stop=running
step=1755 time=0.11633703595365547 dt=6.3950429990151255e-05 residual=14909.70074778237 checked=false stop=running
step=1756 time=0.11640097537683775 dt=6.3939423182280056e-05 residual=14950.927474527183 checked=false stop=running
step=1757 time=0.11646490739925751 dt=6.3932022419767239e-05 residual=14934.038988375572 checked=false stop=running
step=1758 time=0.11652883552211617 dt=6.3928122858661614e-05 residual=14910.723183025881 checked=false stop=running
step=1759 time=0.11659276303982863 dt=6.3927517712466362e-05 residual=14889.13351576065 checked=false stop=running
step=1760 time=0.11665669302324889 dt=6.392998342027126e-05 residual=14883.466629964887 checked=false stop=running
step=1761 time=0.11672062833614205 dt=6.3935312893160116e-05 residual=14891.338488740757 checked=false stop=running
step=1762 time=0.11678457169754121 dt=6.3943361399154222e-05 residual=14903.189143869755 checked=false stop=running
step=1763 time=0.1168485257686742 dt=6.3954071132999886e-05 residual=14915.371866453004 checked=false stop=running
step=1764 time=0.11691249314359903 dt=6.3967374924827139e-05 residual=14927.147949042814 checked=false stop=running
step=1765 time=0.11697645485929557 dt=6.3961715696539108e-05 residual=14930.807413710521 checked=false stop=running
step=1766 time=0.11704040251862363 dt=6.394765932806082e-05 residual=14925.925035332137 checked=false stop=running
step=1767 time=0.1171043395642824 dt=6.3937045658765649e-05 residual=14961.69594084806 checked=false stop=running
step=1768 time=0.11716826929135812 dt=6.3929727075718036e-05 residual=14940.402427372777 checked=false stop=running
step=1769 time=0.11723219478800537 dt=6.3925496647248929e-05 residual=14921.781916763159 checked=false stop=running
step=1770 time=0.11729611892032882 dt=6.3924132323450272e-05 residual=14911.519557327958 checked=false stop=running
step=1771 time=0.11736004436075587 dt=6.3925440427050037e-05 residual=14912.802006009739 checked=false stop=running
step=1772 time=0.11742397366680267 dt=6.3929306046805239e-05 residual=14922.222572521157 checked=false stop=running
step=1773 time=0.11748790936634478 dt=6.3935699542104002e-05 residual=14937.39164151568 checked=false stop=running
step=1774 time=0.1175518540598537 dt=6.3944693508931485e-05 residual=14951.582565171637 checked=false stop=running
step=1775 time=0.11761581060396895 dt=6.3956544115247605e-05 residual=14955.323093928529 checked=false stop=running
step=1776 time=0.11767976052919864 dt=6.3949925229686696e-05 residual=14949.449880514574 checked=false stop=running
step=1777 time=0.1177436961990902 dt=6.3935669891565928e-05 residual=14935.20631835765 checked=false stop=running
step=1778 time=0.11780762076149245 dt=6.3924562402255402e-05 residual=14967.767305075926 checked=false stop=running
step=1779 time=0.11787153718700996 dt=6.3916425517506853e-05 residual=14951.628023797857 checked=false stop=running
step=1780 time=0.11793544825785589 dt=6.3911070845930595e-05 residual=14943.293545258526 checked=false stop=running
step=1781 time=0.11799935658710817 dt=6.3908329252282636e-05 residual=14939.204757062862 checked=false stop=running
step=1782 time=0.11806326467755636 dt=6.3908090448189627e-05 residual=14942.496288205373 checked=false stop=running
step=1783 time=0.11812717502404163 dt=6.3910346485265761e-05 residual=14954.508559240609 checked=false stop=running
step=1784 time=0.11819109027460881 dt=6.3915250567170704e-05 residual=14966.876038276623 checked=false stop=running
step=1785 time=0.11825501314877457 dt=6.3922874165765588e-05 residual=14972.552799074345 checked=false stop=running
step=1786 time=0.11831894594932151 dt=6.3932800546937088e-05 residual=14969.487831796192 checked=false stop=running
step=1787 time=0.11838287442038968 dt=6.392847106817961e-05 residual=14957.648966420813 checked=false stop=running
step=1788 time=0.11844678809835323 dt=6.3913677963551126e-05 residual=14943.522804706829 checked=false stop=running
step=1789 time=0.11851068990408768 dt=6.3901805734460241e-05 residual=14932.52561772688 checked=false stop=running
step=1790 time=0.11857458259970635 dt=6.389269561867554e-05 residual=14969.424822508408 checked=false stop=running
step=1791 time=0.11863846879732411 dt=6.3886197617754224e-05 residual=14959.107242022916 checked=false stop=running
step=1792 time=0.11870235100461678 dt=6.3882207292666725e-05 residual=14960.390029687262 checked=false stop=running
step=1793 time=0.11876623171079692 dt=6.3880706180145425e-05 residual=14972.048970980955 checked=false stop=running
step=1794 time=0.11883011345426028 dt=6.3881743463368499e-05 residual=14984.853645177755 checked=false stop=running
step=1795 time=0.11889399870694653 dt=6.3885252686248122e-05 residual=14992.09430320576 checked=false stop=running
step=1796 time=0.1189578896837413 dt=6.3890976794762737e-05 residual=14989.311126224657 checked=false stop=running
step=1797 time=0.11902178836137441 dt=6.3898677633107278e-05 residual=14976.90936899489 checked=false stop=running
step=1798 time=0.11908568758272756 dt=6.3899221353156906e-05 residual=14963.013711837984 checked=false stop=running
step=1799 time=0.11914957154212562 dt=6.3883959398060126e-05 residual=14951.692140258125 checked=false stop=running
step=1800 time=0.11921344305350354 dt=6.3871511377921995e-05 residual=14940.358983440916 checked=false stop=running
step=1801 time=0.11927730481001093 dt=6.3861756507391145e-05 residual=14984.868772727028 checked=false stop=running
step=1802 time=0.11934115939137382 dt=6.3854581362892115e-05 residual=14991.202890738796 checked=false stop=running
step=1803 time=0.119405009287509 dt=6.3849896135175998e-05 residual=14999.839556444258 checked=false stop=running
step=1804 time=0.11946885693172653 dt=6.3847644217528254e-05 residual=15005.564768443559 checked=false stop=running
step=1805 time=0.11953270471539588 dt=6.3847783669361839e-05 residual=15009.99974025779 checked=false stop=running
step=1806 time=0.11959655494020237 dt=6.3850224806489146e-05 residual=15009.36675149226 checked=false stop=running
step=1807 time=0.11966040974792207 dt=6.3854807719699883e-05 residual=15001.476023770772 checked=false stop=running
step=1808 time=0.11972427112599436 dt=6.3861378072299667e-05 residual=14990.160683379074 checked=false stop=running
step=1809 time=0.11978813725237944 dt=6.3866126385073713e-05 residual=14974.631443242484 checked=false stop=running
step=1810 time=0.11985198838241086 dt=6.3851130031421241e-05 residual=14961.183812305726 checked=false stop=running
step=1811 time=0.11991582728687544 dt=6.3838904464587448e-05 residual=14964.767768576196 checked=false stop=running
step=1812 time=0.11997965659425022 dt=6.382930737477288e-05 residual=15027.55204758688 checked=false stop=running
step=1813 time=0.12004347879464229 dt=6.3822200392067333e-05 residual=15035.739362478629 checked=false stop=running
step=1814 time=0.12010729625702922 dt=6.3817462386925653e-05 residual=15040.958318781242 checked=false stop=running
step=1815 time=0.12017111125697598 dt=6.381499994676231e-05 residual=15039.613212835089 checked=false stop=running
step=1816 time=0.12023492601490188 dt=6.3814757925902496e-05 residual=15030.809813671105 checked=false stop=running
step=1817 time=0.12029874273683704 dt=6.3816721935154087e-05 residual=15019.328155079142 checked=false stop=running
step=1818 time=0.1203625636001734 dt=6.3820863336362858e-05 residual=15008.474674052273 checked=false stop=running
step=1819 time=0.1204263906539835 dt=6.3827053810097e-05 residual=14995.47458948711 checked=false stop=running
step=1820 time=0.12049022564376455 dt=6.3834989781045074e-05 residual=14989.050437869755 checked=false stop=running
step=1821 time=0.12055404654249902 dt=6.3820898734462742e-05 residual=14995.973140345466 checked=false stop=running
step=1822 time=0.12061785599895974 dt=6.3809456460725648e-05 residual=15007.739007916565 checked=false stop=running
step=1823 time=0.12068165650788049 dt=6.3800508920741207e-05 residual=15066.702781114302 checked=false stop=running
step=1824 time=0.12074545042110882 dt=6.3793913228335364e-05 residual=15068.105258353722 checked=false stop=running
step=1825 time=0.12080923996487966 dt=6.3789543770844062e-05 residual=15065.484771035977 checked=false stop=running
step=1826 time=0.12087302726001956 dt=6.3787295139896088e-05 residual=15054.351047051769 checked=false stop=running
step=1827 time=0.12093681434206188 dt=6.3787082042329396e-05 residual=15041.021337794569 checked=false stop=running
step=1828 time=0.12100060318372302 dt=6.3788841661138699e-05 residual=15028.49053332728 checked=false stop=running
step=1829 time=0.12106439574336288 dt=6.3792559639862123e-05 residual=15015.449825923683 checked=false stop=running
step=1830 time=0.12112819410005726 dt=6.3798356694393058e-05 residual=15010.103670226432 checked=false stop=running
step=1831 time=0.12119200047782758 dt=6.3806377770309208e-05 residual=15016.360703820421 checked=false stop=running
step=1832 time=0.12125579751005217 dt=6.379703222459536e-05 residual=15026.917775620046 checked=false stop=running
step=1833 time=0.12131958398294616 dt=6.3786472894002442e-05 residual=15037.320782005985 checked=false stop=running
step=1834 time=0.1213833622472935 dt=6.3778264347331295e-05 residual=15047.38147340304 checked=false stop=running
step=1835 time=0.1214471345334394 dt=6.3772286145897448e-05 residual=15094.917207594875 checked=false stop=running
step=1836 time=0.1215109029750492 dt=6.3768441609798808e-05 residual=15082.418630725275 checked=false stop=running
step=1837 time=0.12157466963542464 dt=6.3766660375435486e-05 residual=15067.068919431287 checked=false stop=running
step=1838 time=0.12163843652686082 dt=6.3766891436188062e-05 residual=15049.659413657198 checked=false stop=running
step=1839 time=0.12170220561069138 dt=6.3769083830559186e-05 residual=15035.555978948723 checked=false stop=running
step=1840 time=0.1217659787759698 dt=6.3773165278423286e-05 residual=15032.169179124225 checked=false stop=running
step=1841 time=0.12182975788171797 dt=6.3779105748175543e-05 residual=15038.960429396368 checked=false stop=running
step=1842 time=0.12189354491866625 dt=6.3787036948266676e-05 residual=15046.284182258749 checked=false stop=running
step=1843 time=0.12195732671398517 dt=6.3781795318914165e-05 residual=15053.075035042295 checked=false stop=running
step=1844 time=0.12202109878306673 dt=6.3772069081566692e-05 residual=15060.579429190238 checked=false stop=running
step=1845 time=0.12208486336242336 dt=6.3764579356622431e-05 residual=15062.861804407354 checked=false stop=running
step=1846 time=0.12214862261368989 dt=6.3759251266525148e-05 residual=15109.406498710327 checked=false stop=running
step=1847 time=0.12221237864895239 dt=6.3756035262496039e-05 residual=15099.314235038777 checked=false stop=running
step=1848 time=0.12227613354930268 dt=6.3754900350298764e-05 residual=15083.545094792909 checked=false stop=running
step=1849 time=0.12233988936314499 dt=6.3755813842310385e-05 residual=15064.636159944064 checked=false stop=running
step=1850 time=0.12240364807477352 dt=6.3758711628529577e-05 residual=15054.06036857811 checked=false stop=running
step=1851 time=0.12246741156077952 dt=6.3763486005991086e-05 residual=15054.291955918779 checked=false stop=running
step=1852 time=0.12253118168862989 dt=6.3770127850375111e-05 residual=15059.192353472055 checked=false stop=running
step=1853 time=0.12259496047542277 dt=6.3778786792885927e-05 residual=15071.949708911079 checked=false stop=running
step=1854 time=0.12265873582067965 dt=6.3775345256876655e-05 residual=15083.935119987584 checked=false stop=running
step=1855 time=0.12272250223141046 dt=6.3766410730803914e-05 residual=15086.750347819372 checked=false stop=running
step=1856 time=0.12278626187894043 dt=6.3759647529964636e-05 residual=15085.735807844278 checked=false stop=running
step=1857 time=0.12285001691376964 dt=6.3755034829208462e-05 residual=15131.027432170949 checked=false stop=running
step=1858 time=0.12291376946745276 dt=6.3752553683122079e-05 residual=15115.463292030214 checked=false stop=running
step=1859 time=0.12297752164278267 dt=6.3752175329897894e-05 residual=15097.524732242782 checked=false stop=running
step=1860 time=0.12304127547262242 dt=6.3753829839755503e-05 residual=15082.426916324979 checked=false stop=running
step=1861 time=0.1231050328608598 dt=6.3757388237386297e-05 residual=15074.8923115043 checked=false stop=running
step=1862 time=0.12316879566083998 dt=6.3762799980171344e-05 residual=15081.511656424591 checked=false stop=running
step=1863 time=0.12323256585705927 dt=6.37701962192968e-05 residual=15095.42192773804 checked=false stop=running
step=1864 time=0.1232963454844242 dt=6.3779627364927058e-05 residual=15104.498266145334 checked=false stop=running
step=1865 time=0.12336012112126189 dt=6.3775636837700797e-05 residual=15106.749346914919 checked=false stop=running
step=1866 time=0.12342388859521738 dt=6.3767473955487258e-05 residual=15108.273587015621 checked=false stop=running
step=1867 time=0.12348765015204638 dt=6.3761556828994658e-05 residual=15106.768677879232 checked=false stop=running
step=1868 time=0.12355140799468495 dt=6.3757842638572341e-05 residual=15097.46489340924 checked=false stop=running
step=1869 time=0.12361516423575857 dt=6.3756241073622982e-05 residual=15128.384275613114 checked=false stop=running
step=1870 time=0.12367892084755264 dt=6.375661179407794e-05 residual=15108.36892009383 checked=false stop=running
step=1871 time=0.12374267962844349 dt=6.3758780890845173e-05 residual=15100.879968689827 checked=false stop=running
step=1872 time=0.12380644233628665 dt=6.3762707843167954e-05 residual=15109.200178457406 checked=false stop=running
step=1873 time=0.12387021083394593 dt=6.3768497659279661e-05 residual=15121.227584942619 checked=false stop=running
step=1874 time=0.12393398698925687 dt=6.3776155310927551e-05 residual=15126.84995607897 checked=false stop=running
step=1875 time=0.12399777298244169 dt=6.3785993184818526e-05 residual=15128.591612933722 checked=false stop=running
step=1876 time=0.12406155402978344 dt=6.3781047341748907e-05 residual=15129.172346124127 checked=false stop=running
step=1877 time=0.12412532776442706 dt=6.3773734643606854e-05 residual=15124.678876037244 checked=false stop=running
step=1878 time=0.12418909622900361 dt=6.3768464576553459e-05 residual=15113.865265315195 checked=false stop=running
step=1879 time=0.12425286134548132 dt=6.3765116477712536e-05 residual=15099.486610995988 checked=false stop=running
step=1880 time=0.12431662489099952 dt=6.3763545518202855e-05 residual=15136.353229867213 checked=false stop=running
step=1881 time=0.12438038849794346 dt=6.3763606943931521e-05 residual=15134.820349599873 checked=false stop=running
step=1882 time=0.12444415383131642 dt=6.3765333372964403e-05 residual=15142.699621383672 checked=false stop=running
step=1883 time=0.1245079226740686 dt=6.3768842752175882e-05 residual=15145.804405868803 checked=false stop=running
step=1884 time=0.1245716968426414 dt=6.3774168572798572e-05 residual=15143.971526297693 checked=false stop=running
step=1885 time=0.12463547853782643 dt=6.3781695185027292e-05 residual=15144.301415350687 checked=false stop=running
step=1886 time=0.12469926998434012 dt=6.3791446513692651e-05 residual=15146.646501549261 checked=false stop=running
step=1887 time=0.12476305751936634 dt=6.3787535026209376e-05 residual=15143.738237463389 checked=false stop=running
step=1888 time=0.12482683767682827 dt=6.3780157461927099e-05 residual=15133.436848311952 checked=false stop=running
step=1889 time=0.12489061228813693 dt=6.3774611308660691e-05 residual=15116.872283497589 checked=false stop=running
step=1890 time=0.12495438297681362 dt=6.3770688676696529e-05 residual=15105.467030359923 checked=false stop=running
step=1891 time=0.12501815120926577 dt=6.376823245215326e-05 residual=15160.859313612442 checked=false stop=running
step=1892 time=0.12508191850520878 dt=6.3767295943013071e-05 residual=15169.642087628654 checked=false stop=running
step=1893 time=0.12514568644895882 dt=6.3767943750042756e-05 residual=15173.066957049456 checked=false stop=running
step=1894 time=0.12520945668085082 dt=6.3770231892004725e-05 residual=15169.307956360157 checked=false stop=running
step=1895 time=0.12527323130565887 dt=6.3774624808063147e-05 residual=15166.615821029358 checked=false stop=running
step=1896 time=0.12533701225928373 dt=6.3780953624846681e-05 residual=15164.277002103561 checked=false stop=running
step=1897 time=0.12540080100323106 dt=6.3788743947322616e-05 residual=15160.376719162106 checked=false stop=running
step=1898 time=0.12546459187407147 dt=6.3790870840411945e-05 residual=15152.671025597736 checked=false stop=running
step=1899 time=0.12552837441203171 dt=6.3782537960242495e-05 residual=15140.536552097885 checked=false stop=running
step=1900 time=0.12559214994970205 dt=6.3775537670333432e-05 residual=15134.625606540099 checked=false stop=running
step=1901 time=0.12565591970743217 dt=6.3769757730123552e-05 residual=15141.829206194556 checked=false stop=running
step=1902 time=0.12571968498211605 dt=6.3765274683884413e-05 residual=15151.684745406284 checked=false stop=running
step=1903 time=0.12578344713646916 dt=6.3762154353095765e-05 residual=15199.416286974829 checked=false stop=running
step=1904 time=0.12584720770280361 dt=6.3760566334443655e-05 residual=15194.383942349192 checked=false stop=running
step=1905 time=0.12591096875230953 dt=6.3761049505922177e-05 residual=15192.700107653343 checked=false stop=running
step=1906 time=0.12597473212648932 dt=6.3763374179794766e-05 residual=15189.66222501029 checked=false stop=running
step=1907 time=0.12603849928356817 dt=6.3767157078846459e-05 residual=15186.197042798523 checked=false stop=running
step=1908 time=0.12610227158534967 dt=6.3772301781501561e-05 residual=15178.768526402984 checked=false stop=running
step=1909 time=0.12616605041671128 dt=6.377883136161468e-05 residual=15167.602712275446 checked=false stop=running
step=1910 time=0.12622982533769592 dt=6.3774920984631552e-05 residual=15163.181058073114 checked=false stop=running
step=1911 time=0.12629359063779647 dt=6.3765300100543303e-05 residual=15170.281427592934 checked=false stop=running
step=1912 time=0.12635734754241235 dt=6.3756904615878195e-05 residual=15176.130190289554 checked=false stop=running
step=1913 time=0.12642109739770915 dt=6.3749855296808532e-05 residual=15176.153449241676 checked=false stop=running
step=1914 time=0.12648484176759212 dt=6.3744369882974216e-05 residual=15225.879658774775 checked=false stop=running
step=1915 time=0.12654858277269254 dt=6.3741005100416371e-05 residual=15224.118764022154 checked=false stop=running
step=1916 time=0.12661232236127454 dt=6.3739588581985756e-05 residual=15218.006874630699 checked=false stop=running
step=1917 time=0.1266760621187471 dt=6.3739757472562627e-05 residual=15210.246714672949 checked=false stop=running
step=1918 time=0.12673980356393216 dt=6.374144518505394e-05 residual=15201.673338854811 checked=false stop=running
step=1919 time=0.12680354826504192 dt=6.3744701109755747e-05 residual=15192.809212752702 checked=false stop=running
step=1920 time=0.12686729788585294 dt=6.3749620811002705e-05 residual=15190.350232045526 checked=false stop=running
step=1921 time=0.12693105310272293 dt=6.3755216869987058e-05 residual=15193.671201985058 checked=false stop=running
step=1922 time=0.12699479635174879 dt=6.3743249025861079e-05 residual=15194.455549833261 checked=false stop=running
step=1923 time=0.12705852904453618 dt=6.3732692787401128e-05 residual=15198.132120754548 checked=false stop=running
step=1924 time=0.12712225280480161 dt=6.372376026540998e-05 residual=15203.591978638557 checked=false stop=running
step=1925 time=0.12718596970303306 dt=6.371689823145605e-05 residual=15253.355945738615 checked=false stop=running
step=1926 time=0.12724968197653658 dt=6.3712273503507388e-05 residual=15246.139759025978 checked=false stop=running
step=1927 time=0.12731339150679483 dt=6.3709530258262466e-05 residual=15238.82198615675 checked=false stop=running
step=1928 time=0.12737710004632563 dt=6.3708539530807598e-05 residual=15226.40375758371 checked=false stop=running
step=1929 time=0.12744080936870633 dt=6.3709322380687625e-05 residual=15212.906515854818 checked=false stop=running
step=1930 time=0.12750452131156523 dt=6.3711942858902593e-05 residual=15207.183624193451 checked=false stop=running
step=1931 time=0.12756823779603343 dt=6.3716484468198792e-05 residual=15207.734486826805 checked=false stop=running
step=1932 time=0.12763196084214284 dt=6.3723046109419505e-05 residual=15213.027370260466 checked=false stop=running
step=1933 time=0.12769567517852529 dt=6.3714336382448894e-05 residual=15223.60212147809 checked=false stop=running
step=1934 time=0.12775937803220522 dt=6.3702853679918511e-05 residual=15229.77865757542 checked=false stop=running
step=1935 time=0.12782307120755854 dt=6.369317535331828e-05 residual=15226.497171378762 checked=false stop=running
step=1936 time=0.12788675684943787 dt=6.3685641879333252e-05 residual=15220.436817247863 checked=false stop=running
step=1937 time=0.12795043732222056 dt=6.368047278268701e-05 residual=15261.01896452435 checked=false stop=running
step=1938 time=0.12801411468433183 dt=6.3677362111282671e-05 residual=15249.077712735683 checked=false stop=running
step=1939 time=0.12807779084506954 dt=6.3676160737721789e-05 residual=15235.815967129629 checked=false stop=running
step=1940 time=0.12814146772551233 dt=6.3676880442786106e-05 residual=15226.751843239163 checked=false stop=running
step=1941 time=0.12820514731104365 dt=6.367958553134136e-05 residual=15225.112635337087 checked=false stop=running
step=1942 time=0.12826883168311395 dt=6.3684372070293502e-05 residual=15231.502095750182 checked=false stop=running
step=1943 time=0.12833252304074708 dt=6.3691357633121479e-05 residual=15241.058469938169 checked=false stop=running
step=1944 time=0.12839620736600871 dt=6.3684325261618483e-05 residual=15245.395334675419 checked=false stop=running
step=1945 time=0.12845988012398044 dt=6.3672757971741141e-05 residual=15242.877234251597 checked=false stop=running
step=1946 time=0.12852354309733593 dt=6.3662973355497468e-05 residual=15239.718151202305 checked=false stop=running
step=1947 time=0.12858719823489581 dt=6.3655137559869053e-05 residual=15236.483510221487 checked=false stop=running
step=1948 time=0.12865084781575553 dt=6.3649580859707569e-05 residual=15274.49938368005 checked=false stop=running
step=1949 time=0.12871449426434367 dt=6.3646448588143147e-05 residual=15261.231970439818 checked=false stop=running
step=1950 time=0.12877813973498131 dt=6.3645470637652566e-05 residual=15250.606897257987 checked=false stop=running
step=1951 time=0.12884178636524071 dt=6.364663025940259e-05 residual=15246.75564814574 checked=false stop=running
step=1952 time=0.12890543639835747 dt=6.3650033116768986e-05 residual=15253.873400538689 checked=false stop=running
step=1953 time=0.12896909220727459 dt=6.3655808917127509e-05 residual=15263.822838817941 checked=false stop=running
step=1954 time=0.12903275628980471 dt=6.3664082530113486e-05 residual=15266.091037750792 checked=false stop=running
step=1955 time=0.12909641179336365 dt=6.3655503558940422e-05 residual=15262.059956463203 checked=false stop=running
step=1956 time=0.12916005602939887 dt=6.3644236035225046e-05 residual=15259.399928589941 checked=false stop=running
step=1957 time=0.12922369082963495 dt=6.3634800236084992e-05 residual=15257.282595366667 checked=false stop=running
step=1958 time=0.12928731812572886 dt=6.3627296093896654e-05 residual=15253.850451184848 checked=false stop=running
step=1959 time=0.12935094002153835 dt=6.3621895809494122e-05 residual=15298.002137572908 checked=false stop=running
step=1960 time=0.12941455886799616 dt=6.3618846457818808e-05 residual=15288.908653144967 checked=false stop=running
step=1961 time=0.12947817746515691 dt=6.3618597160757651e-05 residual=15285.635510813257 checked=false stop=running
step=1962 time=0.12954179844553995 dt=6.3620980383027531e-05 residual=15287.410226982684 checked=false stop=running
step=1963 time=0.12960542438687125 dt=6.3625941331313734e-05 residual=15289.38246078976 checked=false stop=running
step=1964 time=0.12966905796980721 dt=6.3633582935948663e-05 residual=15285.455923898076 checked=false stop=running
step=1965 time=0.12973270031646802 dt=6.3642346660824868e-05 residual=15282.240957258102 checked=false stop=running
step=1966 time=0.12979633008070146 dt=6.3629764233427095e-05 residual=15283.416233629827 checked=false stop=running
step=1967 time=0.12985994925235436 dt=6.3619171652893521e-05 residual=15283.492782885844 checked=false stop=running
step=1968 time=0.12992355988456358 dt=6.3610632209219569e-05 residual=15281.231312651325 checked=false stop=running
step=1969 time=0.12998716410085412 dt=6.3604216290526243e-05 residual=15276.843165377559 checked=false stop=running
step=1970 time=0.1300507641366819 dt=6.3600035827782745e-05 residual=15273.105548245057 checked=false stop=running
step=1971 time=0.13011436243892199 dt=6.3598302240085346e-05 residual=15320.219872745964 checked=false stop=running
step=1972 time=0.13017796170114207 dt=6.3599262220073101e-05 residual=15321.541719902856 checked=false stop=running
step=1973 time=0.13024156500276443 dt=6.3603301622362443e-05 residual=15316.027900526582 checked=false stop=running
step=1974 time=0.13030517528366839 dt=6.3610280903954783e-05 residual=15306.677817798647 checked=false stop=running
step=1975 time=0.13036879549320499 dt=6.3620209536585773e-05 residual=15303.459288049558 checked=false stop=running
step=1976 time=0.13043241722469825 dt=6.362173149326099e-05 residual=15302.936409552916 checked=false stop=running
step=1977 time=0.13049602708263477 dt=6.3609857936522735e-05 residual=15302.44450264545 checked=false stop=running
step=1978 time=0.13055962718657441 dt=6.3600103939631954e-05 residual=15302.505026573837 checked=false stop=running
step=1979 time=0.13062321973974295 dt=6.3592553168547071e-05 residual=15300.962151468575 checked=false stop=running
step=1980 time=0.13068680704699637 dt=6.3587307253407205e-05 residual=15297.758038706079 checked=false stop=running
step=1981 time=0.13075039158572765 dt=6.358453873128073e-05 residual=15298.861362576714 checked=false stop=running
step=1982 time=0.13081397609114978 dt=6.3584505422129489e-05 residual=15347.767596545322 checked=false stop=running
step=1983 time=0.13087756350670771 dt=6.3587415557925743e-05 residual=15340.784576937391 checked=false stop=running
step=1984 time=0.13094115712925655 dt=6.3593622548836605e-05 residual=15336.964610570347 checked=false stop=running
step=1985 time=0.13100476024434038 dt=6.3603115083817063e-05 residual=15331.714583183593 checked=false stop=running
step=1986 time=0.13106837611074734 dt=6.3615866406965059e-05 residual=15325.223054142913 checked=false stop=running
step=1987 time=0.1311319824004214 dt=6.3606289674055495e-05 residual=15321.089426664905 checked=false stop=running
step=1988 time=0.1311955777587101 dt=6.3595358288695171e-05 residual=15318.960207271741 checked=false stop=running
step=1989 time=0.13125916448727071 dt=6.3586728560611726e-05 residual=15315.446138995403 checked=false stop=running
step=1990 time=0.13132274500094918 dt=6.3580513678466934e-05 residual=15312.839899275219 checked=false stop=running
step=1991 time=0.13138632189986699 dt=6.3576898917817531e-05 residual=15315.825283128625 checked=false stop=running
step=1992 time=0.13144989803140519 dt=6.3576131538209594e-05 residual=15318.797773207107 checked=false stop=running
step=1993 time=0.13151347635977637 dt=6.3578328371166677e-05 residual=15370.241368430021 checked=false stop=running
step=1994 time=0.13157706025252708 dt=6.3583892750715128e-05 residual=15368.169113603364 checked=false stop=running
step=1995 time=0.13164065325375973 dt=6.3593001232656825e-05 residual=15360.701757931716 checked=false stop=running
step=1996 time=0.13170425874727246 dt=6.3605493512719811e-05 residual=15347.72157519662 checked=false stop=running
step=1997 time=0.13176786682273389 dt=6.3608075461428615e-05 residual=15337.886478171096 checked=false stop=running
step=1998 time=0.13183146305098839 dt=6.3596228254485251e-05 residual=15334.262906216054 checked=false stop=running
step=1999 time=0.13189504975356733 dt=6.3586702578955962e-05 residual=15330.934097221369 checked=false stop=running
step=2000 time=0.13195862935933617 dt=6.3579605768830885e-05 residual=15329.903407757414 checked=false stop=running
step=2001 time=0.13202220450944371 dt=6.3575150107547838e-05 residual=15333.384590712845 checked=false stop=running
step=2002 time=0.13208577807894931 dt=6.3573569505589303e-05 residual=15337.03938595269 checked=false stop=running
step=2003 time=0.13214935307506009 dt=6.3574996110777248e-05 residual=15342.356515412139 checked=false stop=running
step=2004 time=0.13221293295740447 dt=6.3579882344377869e-05 residual=15347.455080783522 checked=false stop=running
step=2005 time=0.13227652138340626 dt=6.3588426001792288e-05 residual=15390.874878542769 checked=false stop=running
step=2006 time=0.13234012179258281 dt=6.3600409176542327e-05 residual=15379.406465071981 checked=false stop=running
step=2007 time=0.13240373624811574 dt=6.3614455532944879e-05 residual=15368.917677344232 checked=false stop=running
step=2008 time=0.13246733783269138 dt=6.3601584575643402e-05 residual=15358.877533961078 checked=false stop=running
step=2009 time=0.13253092882751108 dt=6.359099481969325e-05 residual=15350.087373459268 checked=false stop=running
step=2010 time=0.13259451165958272 dt=6.3582832071629969e-05 residual=15350.011842178255 checked=false stop=running
step=2011 time=0.13265808900898923 dt=6.3577349406509386e-05 residual=15357.433780292014 checked=false stop=running
step=2012 time=0.13272166379736691 dt=6.3574788377672496e-05 residual=15365.446902656582 checked=false stop=running
step=2013 time=0.13278523912301418 dt=6.3575325647282306e-05 residual=15372.441492420454 checked=false stop=running
step=2014 time=0.1328488184771579 dt=6.3579354143736169e-05 residual=15374.357369601514 checked=false stop=running
step=2015 time=0.13291240540381344 dt=6.3586926655530084e-05 residual=15367.785686455854 checked=false stop=running
step=2016 time=0.13297600315519803 dt=6.3597751384590311e-05 residual=15406.541421883472 checked=false stop=running
step=2017 time=0.1330396148773576 dt=6.3611722159573106e-05 residual=15397.564191173911 checked=false stop=running
step=2018 time=0.13310322491015195 dt=6.3610032794350591e-05 residual=15388.852582113181 checked=false stop=running
step=2019 time=0.13316682326916165 dt=6.3598359009713203e-05 residual=15378.481933444582 checked=false stop=running
step=2020 time=0.13323041232616226 dt=6.3589057000588877e-05 residual=15375.581752352979 checked=false stop=running
step=2021 time=0.13329399468520164 dt=6.3582359039384637e-05 residual=15380.707008644607 checked=false stop=running
step=2022 time=0.13335757311599314 dt=6.3578430791497601e-05 residual=15389.48914477498 checked=false stop=running
step=2023 time=0.13342115058639609 dt=6.3577470402947895e-05 residual=15397.507776539187 checked=false stop=running
step=2024 time=0.13348473051020013 dt=6.3579923804038335e-05 residual=15398.107334049257 checked=false stop=running
step=2025 time=0.13354831610341297 dt=6.3585593212842802e-05 residual=15387.404004771939 checked=false stop=running
step=2026 time=0.13361191030967171 dt=6.3594206258735692e-05 residual=15376.826477947283 checked=false stop=running
step=2027 time=0.13367551602471242 dt=6.3605715040703254e-05 residual=15421.763039340547 checked=false stop=running
step=2028 time=0.13373913616366509 dt=6.362013895267561e-05 residual=15411.858882792396 checked=false stop=running
step=2029 time=0.13380274330854947 dt=6.3607144884370929e-05 residual=15403.610194797977 checked=false stop=running
step=2030 time=0.1338663394579539 dt=6.3596149404443277e-05 residual=15401.57401422916 checked=false stop=running
step=2031 time=0.13392992701513562 dt=6.3587557181719152e-05 residual=15405.26864482362 checked=false stop=running
step=2032 time=0.13399350852808331 dt=6.3581512947701038e-05 residual=15412.021932806692 checked=false stop=running
step=2033 time=0.1340570868843895 dt=6.3578356306192186e-05 residual=15416.640748512278 checked=false stop=running
step=2034 time=0.1341206653786686 dt=6.3578494279099319e-05 residual=15411.031577831791 checked=false stop=running
step=2035 time=0.13418424696614098 dt=6.3581587472375041e-05 residual=15399.438998242969 checked=false stop=running
step=2036 time=0.1342478344387962 dt=6.3587472655233406e-05 residual=15393.695709226329 checked=false stop=running
step=2037 time=0.13431143061274223 dt=6.3596173946029597e-05 residual=15389.866537043252 checked=false stop=running
step=2038 time=0.1343750383655572 dt=6.3607752814967349e-05 residual=15383.746218159946 checked=false stop=running
step=2039 time=0.13443865301871741 dt=6.3614653160219613e-05 residual=15426.47411002548 checked=false stop=running
step=2040 time=0.13450225445084105 dt=6.3601432123636884e-05 residual=15427.073736873306 checked=false stop=running
step=2041 time=0.13456584494657381 dt=6.359049573277649e-05 residual=15430.475183560784 checked=false stop=running
step=2042 time=0.13462942698427122 dt=6.3582037697420478e-05 residual=15431.835795097413 checked=false stop=running
step=2043 time=0.13469300345042681 dt=6.3576466155607661e-05 residual=15428.858731541211 checked=false stop=running
step=2044 time=0.13475657759215887 dt=6.3574141732063909e-05 residual=15420.97517716666 checked=false stop=running
step=2045 time=0.13482015229586178 dt=6.3574703702915883e-05 residual=15417.670201427109 checked=false stop=running
step=2046 time=0.13488373033224971 dt=6.3578036387930748e-05 residual=15416.28648274403 checked=false stop=running
step=2047 time=0.13494731452081568 dt=6.358418856596851e-05 residual=15409.677810472771 checked=false stop=running
step=2048 time=0.13501090775135513 dt=6.3593230539436891e-05 residual=15399.72083103287 checked=false stop=running
step=2049 time=0.13507451295425332 dt=6.3605202898196872e-05 residual=15396.410259364364 checked=false stop=running
step=2050 time=0.13513811767658751 dt=6.3604722334195804e-05 residual=15450.358694543898 checked=false stop=running
step=2051 time=0.13520170922041969 dt=6.3591543832179263e-05 residual=15456.120737158091 checked=false stop=running
step=2052 time=0.13526529004741589 dt=6.3580826996198597e-05 residual=15459.338267981411 checked=false stop=running
step=2053 time=0.13532886295713475 dt=6.3572909718866759e-05 residual=15451.794717829525 checked=false stop=running
step=2054 time=0.13539243118193783 dt=6.356822480308931e-05 residual=15441.980271530272 checked=false stop=running
step=2055 time=0.13545599769921721 dt=6.3566517279372393e-05 residual=15438.802619876189 checked=false stop=running
step=2056 time=0.13551956533458145 dt=6.3567635364260902e-05 residual=15436.714361599923 checked=false stop=running
step=2057 time=0.13558313695889232 dt=6.357162431086023e-05 residual=15430.295221070439 checked=false stop=running
step=2058 time=0.1356467155038095 dt=6.3578544917167128e-05 residual=15422.722464617165 checked=false stop=running
step=2059 time=0.13571030392221742 dt=6.3588418407931161e-05 residual=15421.15233804996 checked=false stop=running
step=2060 time=0.1357739051315201 dt=6.3601209302686378e-05 residual=15426.242716708726 checked=false stop=running
step=2061 time=0.13583749717988322 dt=6.3592048363119631e-05 residual=15483.729314762639 checked=false stop=running
step=2062 time=0.13590107658536782 dt=6.3579405484598422e-05 residual=15485.071901296104 checked=false stop=running
step=2063 time=0.13596464604616143 dt=6.3569460793623772e-05 residual=15479.548226332114 checked=false stop=running
step=2064 time=0.13602820861039558 dt=6.35625642341495e-05 residual=15472.456158630874 checked=false stop=running
step=2065 time=0.13609176745507676 dt=6.3558844681173751e-05 residual=15466.877213186288 checked=false stop=running
step=2066 time=0.13615532555453855 dt=6.3558099461796699e-05 residual=15459.415882356428 checked=false stop=running
step=2067 time=0.1362188858491139 dt=6.3560294575346749e-05 residual=15449.657648622682 checked=false stop=running
step=2068 time=0.1362824513117501 dt=6.3565462636202546e-05 residual=15443.600015050735 checked=false stop=running
step=2069 time=0.1363460249209888 dt=6.3573609238694198e-05 residual=15444.01558291641 checked=false stop=running
step=2070 time=0.13640960961279708 dt=6.3584691808290307e-05 residual=15450.953650199664 checked=false stop=running
step=2071 time=0.13647320277126598 dt=6.3593158468896018e-05 residual=15462.649482072455 checked=false stop=running
step=2072 time=0.1365367817995673 dt=6.3579028301317055e-05 residual=15469.265183404934 checked=false stop=running
step=2073 time=0.13660034935088886 dt=6.3567551321563878e-05 residual=15513.03809698955 checked=false stop=running
step=2074 time=0.13666390824011734 dt=6.3558889228487858e-05 residual=15505.541057050181 checked=false stop=running
step=2075 time=0.13672746146065259 dt=6.3553220535251322e-05 residual=15496.353195332716 checked=false stop=running
step=2076 time=0.13679101215123876 dt=6.3550690586169683e-05 residual=15481.317769448668 checked=false stop=running
step=2077 time=0.13685456342922003 dt=6.3551277981271901e-05 residual=15467.06476769923 checked=false stop=running
step=2078 time=0.13691811836147608 dt=6.3554932256033473e-05 residual=15461.626786840168 checked=false stop=running
step=2079 time=0.13698168000857924 dt=6.3561647103167041e-05 residual=15463.769843984501 checked=false stop=running
step=2080 time=0.13704525139177504 dt=6.357138319578209e-05 residual=15472.369836730084 checked=false stop=running
step=2081 time=0.13710883545520222 dt=6.3584063427191891e-05 residual=15484.429444228963 checked=false stop=running
step=2082 time=0.13717241581891257 dt=6.3580363710355735e-05 residual=15490.645248513225 checked=false stop=running
step=2083 time=0.13723598351675814 dt=6.3567697845575945e-05 residual=15490.986301756402 checked=false stop=running
step=2084 time=0.1372995413841803 dt=6.3557867422152242e-05 residual=15536.613679941951 checked=false stop=running
step=2085 time=0.13736309237464736 dt=6.3550990467059091e-05 residual=15523.803536511905 checked=false stop=running
step=2086 time=0.13742663954692155 dt=6.354717227418917e-05 residual=15501.406403539797 checked=false stop=running
step=2087 time=0.13749018605046304 dt=6.3546503541492998e-05 residual=15480.723256201421 checked=false stop=running
step=2088 time=0.13755373509758528 dt=6.3549047122246207e-05 residual=15471.486456611698 checked=false stop=running
step=2089 time=0.13761728989799848 dt=6.3554800413200232e-05 residual=15470.476288231996 checked=false stop=running
step=2090 time=0.1376808535771116 dt=6.3563679113123973e-05 residual=15479.067219039694 checked=false stop=running
step=2091 time=0.13774442920068736 dt=6.3575623575755689e-05 residual=15491.972341043474 checked=false stop=running
step=2092 time=0.13780801439355539 dt=6.3585192868039189e-05 residual=15498.428389193681 checked=false stop=running
step=2093 time=0.1378715860412178 dt=6.3571647662407529e-05 residual=15497.502807604731 checked=false stop=running
step=2094 time=0.13793514705986076 dt=6.356101864295328e-05 residual=15492.985558548036 checked=false stop=running
step=2095 time=0.13799870047031934 dt=6.3553410458577859e-05 residual=15481.689267242253 checked=false stop=running
step=2096 time=0.1380622493765514 dt=6.3548906232071571e-05 residual=15513.528136794081 checked=false stop=running
step=2097 time=0.13812579695525559 dt=6.3547578704189231e-05 residual=15506.445760847822 checked=false stop=running
step=2098 time=0.13818934643623515 dt=6.354948097955154e-05 residual=15505.641914201615 checked=false stop=running
step=2099 time=0.13825290104923982 dt=6.3554613004662027e-05 residual=15512.061832058604 checked=false stop=running
step=2100 time=0.13831646394836306 dt=6.3562899123249933e-05 residual=15533.99258784927 checked=false stop=running
step=2101 time=0.13838003817002048 dt=6.3574221657415267e-05 residual=15564.684699756152 checked=false stop=running
step=2102 time=0.13844362670440094 dt=6.3588534380473453e-05 residual=15589.273970891547 checked=false stop=running
step=2103 time=0.13850720773336647 dt=6.3581028965532568e-05 residual=15603.301804005503 checked=false stop=running
step=2104 time=0.13857077752911104 dt=6.3569795744573967e-05 residual=15604.600392514734 checked=false stop=running
step=2105 time=0.13863433912051451 dt=6.3561591403482891e-05 residual=15591.870506670855 checked=false stop=running
step=2106 time=0.13869789559362761 dt=6.3556473113096008e-05 residual=15577.393165963756 checked=false stop=running
step=2107 time=0.1387614500958422 dt=6.3554502214591347e-05 residual=15608.5898607484 checked=false stop=running
step=2108 time=0.13882500582920135 dt=6.3555733359143551e-05 residual=15584.267598260329 checked=false stop=running
step=2109 time=0.13888856600503036 dt=6.3560175829012979e-05 residual=15555.276519279307 checked=false stop=running
step=2110 time=0.13895213377375334 dt=6.3567768722996211e-05 residual=15531.461084639302 checked=false stop=running
step=2111 time=0.1390157121856444 dt=6.3578411891048172e-05 residual=15514.079344853328 checked=false stop=running
step=2112 time=0.13907930421038603 dt=6.3592024741635563e-05 residual=15497.140603449981 checked=false stop=running
step=2113 time=0.13914289997918411 dt=6.3595768798086096e-05 residual=15479.772223234575 checked=false stop=running
step=2114 time=0.13920648379836686 dt=6.3583819182763213e-05 residual=15458.818339454563 checked=false stop=running
step=2115 time=0.13927005865657588 dt=6.3574858209013496e-05 residual=15437.389003126404 checked=false stop=running
step=2116 time=0.13933362762709262 dt=6.3568970516727989e-05 residual=15424.856829750044 checked=false stop=running
step=2117 time=0.13939719385047689 dt=6.3566223384276159e-05 residual=15420.83264133702 checked=false stop=running
step=2118 time=0.1394607605272021 dt=6.3566676725206818e-05 residual=15469.523494046247 checked=false stop=running
step=2119 time=0.13952433088032803 dt=6.3570353125935044e-05 residual=15475.262029970161 checked=false stop=running
step=2120 time=0.1395879080850955 dt=6.3577204767468611e-05 residual=15498.745602629022 checked=false stop=running
step=2121 time=0.13965149522416045 dt=6.3587139064950351e-05 residual=15528.663721281813 checked=false stop=running
step=2122 time=0.13971509530193643 dt=6.3600077775990469e-05 residual=15556.964100733387 checked=false stop=running
step=2123 time=0.13977871003476541 dt=6.361473282898542e-05 residual=15579.990336282081 checked=false stop=running
step=2124 time=0.13984231206888542 dt=6.3602034119995653e-05 residual=15592.242482561489 checked=false stop=running
step=2125 time=0.13990590439572875 dt=6.3592326843335176e-05 residual=15596.587977187637 checked=false stop=running
step=2126 time=0.13996949009872525 dt=6.3585702996507939e-05 residual=15600.714330413975 checked=false stop=running
step=2127 time=0.14003307233803061 dt=6.3582239305362678e-05 residual=15603.293462346426 checked=false stop=running
step=2128 time=0.14009665433481808 dt=6.3581996787463374e-05 residual=15603.062675206307 checked=false stop=running
step=2129 time=0.14016023933125893 dt=6.3584996440860169e-05 residual=15609.569750851626 checked=false stop=running
step=2130 time=0.1402238305182639 dt=6.359118700498159e-05 residual=15672.178237421214 checked=false stop=running
step=2131 time=0.14028743098679977 dt=6.3600468535867047e-05 residual=15688.78216683445 checked=false stop=running
step=2132 time=0.14035104373930068 dt=6.3612752500927157e-05 residual=15700.750806020034 checked=false stop=running
step=2133 time=0.14041467172123628 dt=6.3627981935602198e-05 residual=15702.298285087963 checked=false stop=running
step=2134 time=0.14047829572879178 dt=6.362400755548819e-05 residual=15693.606183526217 checked=false stop=running
step=2135 time=0.14054190937261907 dt=6.3613643827279889e-05 residual=15679.438004451289 checked=false stop=running
step=2136 time=0.14060551572483398 dt=6.3606352214928353e-05 residual=15662.796378087496 checked=false stop=running
step=2137 time=0.14066911791860948 dt=6.3602193775480855e-05 residual=15637.957585036253 checked=false stop=running
step=2138 time=0.14073271914417873 dt=6.3601225569253871e-05 residual=15602.600536729862 checked=false stop=running
step=2139 time=0.14079632260852484 dt=6.3603464346100939e-05 residual=15568.047710026251 checked=false stop=running
step=2140 time=0.14085993145972603 dt=6.360885120117189e-05 residual=15541.920041000027 checked=false stop=running
step=2141 time=0.14092354872930832 dt=6.3617269582295531e-05 residual=15565.856284745756 checked=false stop=running
step=2142 time=0.14098717732805474 dt=6.3628598746419532e-05 residual=15542.724536905083 checked=false stop=running
step=2143 time=0.14105082008509676 dt=6.364275704201943e-05 residual=15515.478549680423 checked=false stop=running
step=2144 time=0.14111446921570767 dt=6.3649130610908401e-05 residual=15484.319505694915 checked=false stop=running
step=2145 time=0.14117810720564203 dt=6.3637989934367715e-05 residual=15457.601129980143 checked=false stop=running
step=2146 time=0.14124173705784321 dt=6.3629852201168638e-05 residual=15437.936394169672 checked=false stop=running
step=2147 time=0.1413053618397811 dt=6.3624781937874855e-05 residual=15423.12800057761 checked=false stop=running
step=2148 time=0.14136898466530132 dt=6.3622825520214953e-05 residual=15423.782964147187 checked=false stop=running
step=2149 time=0.14143260865035787 dt=6.3623985056539617e-05 residual=15446.7292180766 checked=false stop=running
step=2150 time=0.14149623683249202 dt=6.3628182134161277e-05 residual=15486.926578744009 checked=false stop=running
step=2151 time=0.14155987210126611 dt=6.3635268774078877e-05 residual=15535.668888849117 checked=false stop=running
step=2152 time=0.14162351720148764 dt=6.3645100221515201e-05 residual=15629.666394572458 checked=false stop=running
step=2153 time=0.1416871748210029 dt=6.3657619515260208e-05 residual=15655.766223462762 checked=false stop=running
step=2154 time=0.14175084772651392 dt=6.3672905511009229e-05 residual=15664.964041744617 checked=false stop=running
step=2155 time=0.14181451184026495 dt=6.3664113751028866e-05 residual=15662.864685801042 checked=false stop=running
step=2156 time=0.14187816670154191 dt=6.3654861276975585e-05 residual=15654.796812727909 checked=false stop=running
step=2157 time=0.14194181525368318 dt=6.3648552141270365e-05 residual=15648.456974647963 checked=false stop=running
step=2158 time=0.14200546046073914 dt=6.3645207055955529e-05 residual=15647.414750706603 checked=false stop=running
step=2159 time=0.1420691052645674 dt=6.3644803828242754e-05 residual=15647.870350978423 checked=false stop=running
step=2160 time=0.14213275250310564 dt=6.3647238538233283e-05 residual=15653.188309404797 checked=false stop=running
step=2161 time=0.14219640484343224 dt=6.3652340326606638e-05 residual=15663.609841147767 checked=false stop=running
step=2162 time=0.14226006482136372 dt=6.3659977931473981e-05 residual=15674.793614250657 checked=false stop=running
step=2163 time=0.14232373496196707 dt=6.3670140603351152e-05 residual=15678.222528513863 checked=false stop=running
step=2164 time=0.14238741796279589 dt=6.3683000828815159e-05 residual=15714.574773979037 checked=false stop=running
step=2165 time=0.14245110862294347 dt=6.3690660147591968e-05 residual=15693.949242633606 checked=false stop=running
step=2166 time=0.14251478841262344 dt=6.3679789679975773e-05 residual=15670.075174222919 checked=false stop=running
step=2167 time=0.14257846006097905 dt=6.3671648355594657e-05 residual=15652.394159178883 checked=false stop=running
step=2168 time=0.14264212630520895 dt=6.3666244229898346e-05 residual=15641.10797843203 checked=false stop=running
step=2169 time=0.1427057898556959 dt=6.3663550486940337e-05 residual=15634.037840218802 checked=false stop=running
step=2170 time=0.14276945332564844 dt=6.366346995253681e-05 residual=15636.709347615471 checked=false stop=running
step=2171 time=0.14283311918746255 dt=6.3665861814097077e-05 residual=15646.703582296477 checked=false stop=running
step=2172 time=0.14289678984683574 dt=6.3670659373193394e-05 residual=15652.242817462396 checked=false stop=running
step=2173 time=0.14296046776036253 dt=6.3677913526781084e-05 residual=15644.512810007976 checked=false stop=running
step=2174 time=0.14302415570660984 dt=6.3687946247307725e-05 residual=15626.313928733214 checked=false stop=running
step=2175 time=0.14308785608833727 dt=6.3700381727423383e-05 residual=15644.886276920326 checked=false stop=running
step=2176 time=0.1431515583860121 dt=6.3702297674841246e-05 residual=15615.875842672331 checked=false stop=running
step=2177 time=0.14321525011237743 dt=6.369172636532944e-05 residual=15595.813354951815 checked=false stop=running
step=2178 time=0.1432789338239224 dt=6.3683711544973109e-05 residual=15579.622609484008 checked=false stop=running
step=2179 time=0.14334261208080387 dt=6.3678256881459446e-05 residual=15571.01511802099 checked=false stop=running
step=2180 time=0.1434062873961276 dt=6.3675315323732297e-05 residual=15578.844454471115 checked=false stop=running
step=2181 time=0.14346996220091263 dt=6.3674804785043715e-05 residual=15600.665608420408 checked=false stop=running
step=2182 time=0.143533638907716 dt=6.3676706803377956e-05 residual=15621.599634425287 checked=false stop=running
step=2183 time=0.14359732015476218 dt=6.3681247046177463e-05 residual=15633.025463354164 checked=false stop=running
step=2184 time=0.14366100852904864 dt=6.3688374286466462e-05 residual=15634.266006744445 checked=false stop=running
step=2185 time=0.14372470628869446 dt=6.3697759645810526e-05 residual=15626.574794820603 checked=false stop=running
step=2186 time=0.14378841561604647 dt=6.370932735199536e-05 residual=15666.275797091279 checked=false stop=running
step=2187 time=0.14385212368782974 dt=6.3708071783258666e-05 residual=15658.422520588028 checked=false stop=running
step=2188 time=0.14391582103419778 dt=6.3697346368036341e-05 residual=15650.398371041876 checked=false stop=running
step=2189 time=0.14397951017844021 dt=6.3689144242419542e-05 residual=15642.676421271617 checked=false stop=running
step=2190 time=0.1440431936559475 dt=6.3683477507297829e-05 residual=15648.154287851699 checked=false stop=running
step=2191 time=0.14410687396889041 dt=6.3680312942906913e-05 residual=15665.083776553969 checked=false stop=running
step=2192 time=0.14417055359517894 dt=6.3679626288539162e-05 residual=15681.669620920093 checked=false stop=running
step=2193 time=0.14423423502752739 dt=6.3681432348445445e-05 residual=15690.865144539604 checked=false stop=running
step=2194 time=0.14429792066215336 dt=6.3685634625969422e-05 residual=15690.160843455065 checked=false stop=running
step=2195 time=0.14436161278868156 dt=6.3692126528196313e-05 residual=15683.07585773402 checked=false stop=running
step=2196 time=0.14442531366395814 dt=6.3700875276575641e-05 residual=15676.740075137004 checked=false stop=running
step=2197 time=0.14448902550515913 dt=6.3711841200980279e-05 residual=15670.304886332971 checked=false stop=running
step=2198 time=0.14455273363471008 dt=6.3708129550950148e-05 residual=15703.793215419593 checked=false stop=running
step=2199 time=0.14461643106732572 dt=6.3697432615643352e-05 residual=15694.714215600441 checked=false stop=running
step=2200 time=0.14468012037783654 dt=6.3689310510824768e-05 residual=15701.261652978059 checked=false stop=running
step=2201 time=0.1447438041140866 dt=6.3683736250076808e-05 residual=15713.579308973171 checked=false stop=running
step=2202 time=0.14480748476742397 dt=6.3680653337369584e-05 residual=15724.029695975181 checked=false stop=running
step=2203 time=0.14487116478617762 dt=6.36800187536463e-05 residual=15729.584064193008 checked=false stop=running
step=2204 time=0.14493484576993673 dt=6.3680983759105807e-05 residual=15724.082336416792 checked=false stop=running
step=2205 time=0.14499853011268779 dt=6.3684342751052538e-05 residual=15709.643780845823 checked=false stop=running
step=2206 time=0.14506222138598548 dt=6.3691273297704506e-05 residual=15693.6682836088 checked=false stop=running
step=2207 time=0.14512591264910082 dt=6.3691263115333839e-05 residual=15675.825262195203 checked=false stop=running
step=2208 time=0.14518958527977344 dt=6.3672630672611462e-05 residual=15653.23758504461 checked=false stop=running
step=2209 time=0.1452532418679629 dt=6.3656588189474057e-05 residual=15687.499828691798 checked=false stop=running
step=2210 time=0.14531688505135382 dt=6.3643183390916358e-05 residual=15691.43133361471 checked=false stop=running
step=2211 time=0.14538051751436926 dt=6.3632463015441678e-05 residual=15700.235401228458 checked=false stop=running
step=2212 time=0.1454441420134453 dt=6.3624499076049977e-05 residual=15707.106386406997 checked=false stop=running
step=2213 time=0.14550776142899247 dt=6.3619415547174621e-05 residual=15713.022158758249 checked=false stop=running
step=2214 time=0.14557137887071278 dt=6.3617441720327739e-05 residual=15713.141023118074 checked=false stop=running
step=2215 time=0.14563499785279005 dt=6.3618982077278793e-05 residual=15707.098065994433 checked=false stop=running
step=2216 time=0.14569862179288662 dt=6.3623940096564177e-05 residual=15697.52509180426 checked=false stop=running
step=2217 time=0.14576225374764448 dt=6.3631954757873498e-05 residual=15682.222163646695 checked=false stop=running
step=2218 time=0.14582587699211494 dt=6.3623244470455663e-05 residual=15668.788344938495 checked=false stop=running
step=2219 time=0.14588948229245968 dt=6.3605300344731478e-05 residual=15669.987535315702 checked=false stop=running
step=2220 time=0.14595307241989189 dt=6.3590127432214323e-05 residual=15728.965739814086 checked=false stop=running
step=2221 time=0.14601665020549121 dt=6.3577785599316914e-05 residual=15737.156775694688 checked=false stop=running
step=2222 time=0.14608021856883274 dt=6.3568363341527884e-05 residual=15744.804026427495 checked=false stop=running
step=2223 time=0.14614378054921981 dt=6.3561980387055362e-05 residual=15748.293321867179 checked=false stop=running
step=2224 time=0.14620733934427241 dt=6.3558795052588262e-05 residual=15744.857123973523 checked=false stop=running
step=2225 time=0.14627089834764445 dt=6.3559003372036285e-05 residual=15737.415327780005 checked=false stop=running
step=2226 time=0.1463344610115318 dt=6.3562663887356478e-05 residual=15726.263245089121 checked=false stop=running
step=2227 time=0.14639803064377899 dt=6.3569632247191627e-05 residual=15710.814882535433 checked=false stop=running
step=2228 time=0.14646160951223891 dt=6.3578868459927189e-05 residual=15701.46911358032 checked=false stop=running
step=2229 time=0.14652516940228108 dt=6.3559890042172063e-05 residual=15703.653109602044 checked=false stop=running
step=2230 time=0.14658871329596612 dt=6.3543893685049762e-05 residual=15712.860782415517 checked=false stop=running
step=2231 time=0.14665224425699669 dt=6.3530961030567026e-05 residual=15722.248125555547 checked=false stop=running
step=2232 time=0.14671576540111303 dt=6.3521144116353661e-05 residual=15775.787666534647 checked=false stop=running
step=2233 time=0.14677927986384892 dt=6.3514462735883575e-05 residual=15778.340556411651 checked=false stop=running
step=2234 time=0.1468427908017467 dt=6.3510937897772013e-05 residual=15771.935230596539 checked=false stop=running
step=2235 time=0.14690630146908185 dt=6.351066733514772e-05 residual=15759.254577109781 checked=false stop=running
step=2236 time=0.1469698152206593 dt=6.3513751577464259e-05 residual=15743.999905795303 checked=false stop=running
step=2237 time=0.14703333542218563 dt=6.352020152632311e-05 residual=15729.733565514116 checked=false stop=running
step=2238 time=0.14709686538068897 dt=6.3529958503333759e-05 residual=15722.924201391615 checked=false stop=running
step=2239 time=0.14716039008876575 dt=6.3524708076786939e-05 residual=15724.585381118541 checked=false stop=running
step=2240 time=0.14722389854286 dt=6.3508454094265718e-05 residual=15731.722509848103 checked=false stop=running
step=2241 time=0.14728739384654435 dt=6.3495303684356594e-05 residual=15740.82723796639 checked=false stop=running
step=2242 time=0.14735087916296855 dt=6.348531642418375e-05 residual=15752.107423139014 checked=false stop=running
step=2243 time=0.147414357696731 dt=6.3478533762457577e-05 residual=15803.271516659515 checked=false stop=running
step=2244 time=0.14747783265575895 dt=6.3474959027939388e-05 residual=15797.288582485944 checked=false stop=running
step=2245 time=0.14754130720957093 dt=6.3474553811982028e-05 residual=15784.486144826629 checked=false stop=running
step=2246 time=0.1476047845366239 dt=6.3477327052975267e-05 residual=15765.563325868739 checked=false stop=running
step=2247 time=0.14766826788275675 dt=6.34833461328596e-05 residual=15749.651494620017 checked=false stop=running
step=2248 time=0.14773176053040551 dt=6.3492647648754838e-05 residual=15742.540617554792 checked=false stop=running
step=2249 time=0.14779526180638891 dt=6.3501275983405156e-05 residual=15742.762812468269 checked=false stop=running
step=2250 time=0.14785874677186095 dt=6.3484965472040332e-05 residual=15747.254345944868 checked=false stop=running
step=2251 time=0.14792221846827322 dt=6.3471696412259772e-05 residual=15756.310188821588 checked=false stop=running
step=2252 time=0.14798567998964196 dt=6.3461521368753028e-05 residual=15768.493206701352 checked=false stop=running
step=2253 time=0.14804913447321294 dt=6.34544835709711e-05 residual=15777.18333765973 checked=false stop=running
step=2254 time=0.14811258506602185 dt=6.34505928089098e-05 residual=15825.679676717267 checked=false stop=running
step=2255 time=0.14817603489182388 dt=6.3449825802018789e-05 residual=15813.771973806346 checked=false stop=running
step=2256 time=0.14823948702458736 dt=6.3452132763485035e-05 residual=15796.303007206578 checked=false stop=running
step=2257 time=0.14830294456549514 dt=6.3457540907769014e-05 residual=15778.79778239127 checked=false stop=running
step=2258 time=0.14836641066300255 dt=6.3466097507412401e-05 residual=15767.39342963208 checked=false stop=running
step=2259 time=0.14842988849504912 dt=6.3477832046567932e-05 residual=15762.045042814019 checked=false stop=running
step=2260 time=0.14849336123234047 dt=6.3472737291338271e-05 residual=15762.976385304401 checked=false stop=running
step=2261 time=0.14855682031143597 dt=6.3459079095498411e-05 residual=15774.675249215717 checked=false stop=running
step=2262 time=0.14862026871133113 dt=6.3448399895157251e-05 residual=15789.796260027068 checked=false stop=running
step=2263 time=0.14868370945373791 dt=6.344074240678438e-05 residual=15800.124050204604 checked=false stop=running
step=2264 time=0.14874714558068433 dt=6.3436126946417605e-05 residual=15803.750192903641 checked=false stop=running
step=2265 time=0.14881058012835074 dt=6.3434547666424543e-05 residual=15798.573284682479 checked=false stop=running
step=2266 time=0.14887401610062712 dt=6.3435972276365706e-05 residual=15830.078388829346 checked=false stop=running
step=2267 time=0.14893745651730805 dt=6.3440416680948577e-05 residual=15812.677412232249 checked=false stop=running
step=2268 time=0.14900090442054009 dt=6.344790323204366e-05 residual=15795.691643527833 checked=false stop=running
step=2269 time=0.14906436284803581 dt=6.3458427495712333e-05 residual=15781.046925218699 checked=false stop=running
step=2270 time=0.14912783250695147 dt=6.3469658915655774e-05 residual=15782.436945200579 checked=false stop=running
step=2271 time=0.14919128767646067 dt=6.3455169509202717e-05 residual=15796.458857358677 checked=false stop=running
step=2272 time=0.1492547312117399 dt=6.3443535279233273e-05 residual=15810.940904718678 checked=false stop=running
step=2273 time=0.14931816600538245 dt=6.3434793642552992e-05 residual=15820.766652171224 checked=false stop=running
step=2274 time=0.14938159497262704 dt=6.3428967244601474e-05 residual=15824.793175410035 checked=false stop=running
step=2275 time=0.14944502103747712 dt=6.3426064850082646e-05 residual=15820.52884446405 checked=false stop=running
step=2276 time=0.14950844711406902 dt=6.3426076591899041e-05 residual=15809.689680764102 checked=false stop=running
step=2277 time=0.14957187614900905 dt=6.3429034940037997e-05 residual=15843.000285034317 checked=false stop=running
step=2278 time=0.1496353110938663 dt=6.34349448572591e-05 residual=15822.386980655388 checked=false stop=running
step=2279 time=0.14969875488825315 dt=6.3443794386845484e-05 residual=15808.760199612436 checked=false stop=running
step=2280 time=0.14976221045044785 dt=6.3455562194687012e-05 residual=15810.457868863043 checked=false stop=running
step=2281 time=0.14982566733800093 dt=6.345688755306648e-05 residual=15819.887827508286 checked=false stop=running
step=2282 time=0.1498891111378193 dt=6.3443799818386308e-05 residual=15830.13129025862 checked=false stop=running
step=2283 time=0.14995254459466148 dt=6.3433456842166541e-05 residual=15838.65888355485 checked=false stop=running
step=2284 time=0.15000000000000002 dt=4.7455405338542311e-05 residual=15841.660601589369 checked=false stop=running
step=2285 time=0.15006342206731518 dt=6.3422067315164189e-05 residual=15838.624939025029 checked=false stop=running
step=2286 time=0.15012684147096483 dt=6.3419403649662344e-05 residual=15829.072397318389 checked=false stop=running
step=2287 time=0.15019026105381544 dt=6.3419582850622296e-05 residual=15817.525088184788 checked=false stop=running
step=2288 time=0.15025368367200673 dt=6.3422618191271262e-05 residual=15803.05257286772 checked=false stop=running
step=2289 time=0.15031711218114668 dt=6.3428509139948534e-05 residual=15837.841491432886 checked=false stop=running
step=2290 time=0.15038054941995618 dt=6.3437238809499081e-05 residual=15837.964474894317 checked=false stop=running
step=2291 time=0.15044399818821555 dt=6.3448768259369675e-05 residual=15843.349348975808 checked=false stop=running
step=2292 time=0.15050744752641379 dt=6.344933819823417e-05 residual=15847.287156448579 checked=false stop=running
step=2293 time=0.15057088371975405 dt=6.3436193340250514e-05 residual=15851.723289654214 checked=false stop=running
step=2294 time=0.15063430938047503 dt=6.3425660720980041e-05 residual=15855.480697771227 checked=false stop=running
step=2295 time=0.15069772716420021 dt=6.3417783725177047e-05 residual=15852.41173454116 checked=false stop=running
step=2296 time=0.15076113977962433 dt=6.3412615424114863e-05 residual=15844.333908511673 checked=false stop=running
step=2297 time=0.15082454998068032 dt=6.341020105598728e-05 residual=15833.069231784713 checked=false stop=running
step=2298 time=0.15088796054787362 dt=6.3410567193315892e-05 residual=15818.875746612315 checked=false stop=running
step=2299 time=0.15095137426887401 dt=6.3413721000374514e-05 residual=15811.684210790294 checked=false stop=running
step=2300 time=0.15101479391676687 dt=6.3419647892868421e-05 residual=15863.63079564792 checked=false stop=running
step=2301 time=0.15107822223391679 dt=6.3428317149930954e-05 residual=15868.347513257157 checked=false stop=running
step=2302 time=0.15114166197964518 dt=6.3439745728402342e-05 residual=15871.405731302997 checked=false stop=running
step=2303 time=0.15120509653392641 dt=6.3434554281244292e-05 residual=15873.223745999059 checked=false stop=running
step=2304 time=0.15126851776495201 dt=6.3421231025605643e-05 residual=15872.924385774384 checked=false stop=running
step=2305 time=0.15133192824275571 dt=6.3410477803695404e-05 residual=15868.168109097502 checked=false stop=running
step=2306 time=0.15139533061742461 dt=6.3402374668889501e-05 residual=15862.831376271677 checked=false stop=running
step=2307 time=0.15145872759738349 dt=6.3396979958881851e-05 residual=15854.34939419174 checked=false stop=running
step=2308 time=0.15152212192687808 dt=6.3394329494590449e-05 residual=15842.312979548053 checked=false stop=running
step=2309 time=0.15158551636200046 dt=6.3394435122374814e-05 residual=15835.722609772834 checked=false stop=running
step=2310 time=0.15164891364904298 dt=6.3397287042531891e-05 residual=15840.105999495845 checked=false stop=running
step=2311 time=0.15171231652260111 dt=6.3402873558138031e-05 residual=15894.644144923261 checked=false stop=running
step=2312 time=0.15177572777404308 dt=6.3411251441957417e-05 residual=15896.019404712115 checked=false stop=running
step=2313 time=0.15183915051164981 dt=6.3422737606737804e-05 residual=15898.649832179895 checked=false stop=running
step=2314 time=0.15190256256052351 dt=6.3412048873701373e-05 residual=15896.809881770627 checked=false stop=running
step=2315 time=0.15196596075843211 dt=6.3398197908585426e-05 residual=15890.463369267081 checked=false stop=running
step=2316 time=0.15202934773258259 dt=6.3386974150478009e-05 residual=15885.509461597581 checked=false stop=running
step=2317 time=0.15209272618076733 dt=6.3378448184738049e-05 residual=15878.067742936888 checked=false stop=running
step=2318 time=0.15215609884726816 dt=6.3372666500825656e-05 residual=15867.908132083305 checked=false stop=running
step=2319 time=0.15221946849879259 dt=6.336965152441864e-05 residual=15862.064288526171 checked=false stop=running
step=2320 time=0.15228283791032834 dt=6.3369411535756234e-05 residual=15863.717224582044 checked=false stop=running
step=2321 time=0.1523462098875189 dt=6.3371977190567952e-05 residual=15865.851120888323 checked=false stop=running
step=2322 time=0.15240958740343613 dt=6.3377515917231855e-05 residual=15871.617369007547 checked=false stop=running
step=2323 time=0.1524729736794192 dt=6.3386275983070916e-05 residual=15924.795244823037 checked=false stop=running
step=2324 time=0.15253637124420186 dt=6.3397564782665137e-05 residual=15923.50922230626 checked=false stop=running
step=2325 time=0.1525997519081049 dt=6.3380663903057685e-05 residual=15917.318278002293 checked=false stop=running
step=2326 time=0.15266311829039209 dt=6.3366382287196829e-05 residual=15910.030428886112 checked=false stop=running
step=2327 time=0.15272647309224366 dt=6.3354801851559181e-05 residual=15900.25583519312 checked=false stop=running
step=2328 time=0.15278981908652875 dt=6.3345994285091175e-05 residual=15888.236866383186 checked=false stop=running
step=2329 time=0.1528531591031522 dt=6.3340016623449267e-05 residual=15880.188347745478 checked=false stop=running
step=2330 time=0.15291649602956459 dt=6.3336926412397727e-05 residual=15877.727003569531 checked=false stop=running
step=2331 time=0.15297983285453778 dt=6.3336824973211385e-05 residual=15881.071751818163 checked=false stop=running
step=2332 time=0.15304317272731213 dt=6.3339872774342514e-05 residual=15891.087404843622 checked=false stop=running
step=2333 time=0.15310651873246628 dt=6.3346005154141003e-05 residual=15898.874091111134 checked=false stop=running
step=2334 time=0.15316987371670357 dt=6.3354984237301784e-05 residual=15946.105224255969 checked=false stop=running
step=2335 time=0.1532332329416273 dt=6.3359224923727133e-05 residual=15939.733163612933 checked=false stop=running
step=2336 time=0.15329657520820061 dt=6.3342266573305711e-05 residual=15933.730685763823 checked=false stop=running
step=2337 time=0.15335990326902293 dt=6.3328060822316328e-05 residual=15921.588740480031 checked=false stop=running
step=2338 time=0.15342321993595823 dt=6.3316666935289955e-05 residual=15905.464899749983 checked=false stop=running
step=2339 time=0.15348652809358346 dt=6.3308157625220857e-05 residual=15892.499358946416 checked=false stop=running
step=2340 time=0.15354983072273515 dt=6.3302629151687194e-05 residual=15888.578910208835 checked=false stop=running
step=2341 time=0.15361313091588322 dt=6.3300193148059091e-05 residual=15898.203204689236 checked=false stop=running
step=2342 time=0.1536764318277544 dt=6.330091187118359e-05 residual=15911.956489700193 checked=false stop=running
step=2343 time=0.15373973653679715 dt=6.3304709042766343e-05 residual=15917.632470020411 checked=false stop=running
step=2344 time=0.15380304800810252 dt=6.3311471305377393e-05 residual=15915.867185535977 checked=false stop=running
step=2345 time=0.1538663691376714 dt=6.3321129568878182e-05 residual=15913.911282752782 checked=false stop=running
step=2346 time=0.1539296866152062 dt=6.3317477534794535e-05 residual=15954.958329243889 checked=false stop=running
step=2347 time=0.15399298784438747 dt=6.3301229181262736e-05 residual=15942.729670994997 checked=false stop=running
step=2348 time=0.15405627578070971 dt=6.3287936322225448e-05 residual=15925.024821714735 checked=false stop=running
step=2349 time=0.15411955342215697 dt=6.3277641447260729e-05 residual=15907.50119440406 checked=false stop=running
step=2350 time=0.15418282377797055 dt=6.3270355813583725e-05 residual=15903.568485984681 checked=false stop=running
step=2351 time=0.15424608987041491 dt=6.3266092444376021e-05 residual=15915.171935035043 checked=false stop=running
step=2352 time=0.15430935473704913 dt=6.3264866634208105e-05 residual=15928.549674504435 checked=false stop=running
step=2353 time=0.15437262137363622 dt=6.3266636587086146e-05 residual=15934.095885285167 checked=false stop=running
step=2354 time=0.15443589272181876 dt=6.3271348182548099e-05 residual=15933.335204033438 checked=false stop=running
step=2355 time=0.15449917169129476 dt=6.327896947599212e-05 residual=15932.043648619787 checked=false stop=running
step=2356 time=0.15456246116891004 dt=6.3289477615288055e-05 residual=15929.47756543407 checked=false stop=running
step=2357 time=0.15462573874704377 dt=6.3277578133730936e-05 residual=15967.851959048452 checked=false stop=running
step=2358 time=0.15468900133093261 dt=6.326258388884765e-05 residual=15950.858594009042 checked=false stop=running
step=2359 time=0.15475225198275688 dt=6.3250651824270333e-05 residual=15934.333370481187 checked=false stop=running
step=2360 time=0.15481549380608209 dt=6.3241823325192988e-05 residual=15929.316080132152 checked=false stop=running
step=2361 time=0.15487872989336585 dt=6.3236087283754662e-05 residual=15938.353040369004 checked=false stop=running
step=2362 time=0.1549419632522217 dt=6.3233358855867449e-05 residual=15949.397820004857 checked=false stop=running
step=2363 time=0.15500519680559921 dt=6.3233553377509895e-05 residual=15953.957172790324 checked=false stop=running
step=2364 time=0.15506843344713447 dt=6.3236641535259488e-05 residual=15955.694905554057 checked=false stop=running
step=2365 time=0.1551316760558189 dt=6.3242608684440065e-05 residual=15956.741824775921 checked=false stop=running
step=2366 time=0.15519492752523273 dt=6.3251469413826963e-05 residual=15954.479421020062 checked=false stop=running
step=2367 time=0.15525818763077928 dt=6.3260105546551277e-05 residual=15948.570862936031 checked=false stop=running
step=2368 time=0.15532143120226038 dt=6.3243571481090739e-05 residual=15984.494120728101 checked=false stop=running
step=2369 time=0.15538466127406947 dt=6.3230071809084384e-05 residual=15969.390818403654 checked=false stop=running
step=2370 time=0.15544788093525985 dt=6.3219661190388118e-05 residual=15966.474848085769 checked=false stop=running
step=2371 time=0.1555110932976137 dt=6.3212362353845446e-05 residual=15972.352024239253 checked=false stop=running
step=2372 time=0.15557430144939505 dt=6.3208151781333306e-05 residual=15975.655238995452 checked=false stop=running
step=2373 time=0.15563750839579379 dt=6.3206946398744791e-05 residual=15973.592818213325 checked=false stop=running
step=2374 time=0.15570071705676147 dt=6.320866096767024e-05 residual=15974.3483326761 checked=false stop=running
step=2375 time=0.15576393034467265 dt=6.321328791116471e-05 residual=15977.519487002904 checked=false stop=running
step=2376 time=0.15582715117783302 dt=6.3220833160364235e-05 residual=15977.864311659041 checked=false stop=running
step=2377 time=0.15589038250077192 dt=6.3231322938906402e-05 residual=15974.168139017378 checked=false stop=running
step=2378 time=0.15595361485113374 dt=6.3232350361823301e-05 residual=15964.100253337434 checked=false stop=running
step=2379 time=0.15601683236211047 dt=6.3217510976728555e-05 residual=15954.413950414471 checked=false stop=running
step=2380 time=0.15608003804832621 dt=6.320568621574177e-05 residual=15999.638367274851 checked=false stop=running
step=2381 time=0.15614323498228624 dt=6.3196933960022042e-05 residual=16003.359152609331 checked=false stop=running
step=2382 time=0.15620642625192604 dt=6.3191269639810641e-05 residual=16000.2878455931 checked=false stop=running
step=2383 time=0.15626961491662286 dt=6.3188664696820824e-05 residual=15993.504595267816 checked=false stop=running
step=2384 time=0.15633280396575971 dt=6.3189049136849504e-05 residual=15993.774133591553 checked=false stop=running
step=2385 time=0.15639599636979601 dt=6.319240403628273e-05 residual=15995.226305978933 checked=false stop=running
step=2386 time=0.15645919511442977 dt=6.3198744633760211e-05 residual=15994.973902739373 checked=false stop=running
step=2387 time=0.156522403200716 dt=6.3208086286233972e-05 residual=15993.166646488502 checked=false stop=running
step=2388 time=0.15658562362268058 dt=6.3220421964587791e-05 residual=15985.886339977347 checked=false stop=running
step=2389 time=0.15664883596853307 dt=6.3212345852486736e-05 residual=15977.344546097607 checked=false stop=running
step=2390 time=0.15671203530748876 dt=6.3199338955670256e-05 residual=15977.222194429502 checked=false stop=running
step=2391 time=0.15677522464380858 dt=6.3189336319819536e-05 residual=16026.609509484417 checked=false stop=running
step=2392 time=0.15683840703706622 dt=6.3182393257651547e-05 residual=16021.901484451362 checked=false stop=running
step=2393 time=0.15690158554797701 dt=6.3178510910780869e-05 residual=16020.564012090033 checked=false stop=running
step=2394 time=0.15696476319482924 dt=6.3177646852246837e-05 residual=16018.374506654076 checked=false stop=running
step=2395 time=0.15702794295109793 dt=6.317975626869464e-05 residual=16012.698753685871 checked=false stop=running
step=2396 time=0.15709112781231535 dt=6.3184861217418421e-05 residual=16008.03782848511 checked=false stop=running
step=2397 time=0.15715432078832803 dt=6.3192976012680399e-05 residual=16005.454510236443 checked=false stop=running
step=2398 time=0.15721752486976129 dt=6.3204081433270432e-05 residual=15999.734831448775 checked=false stop=running
step=2399 time=0.15728073871929424 dt=6.3213849532943049e-05 residual=15993.548860252631 checked=false stop=running
step=2400 time=0.15734393843472005 dt=6.3199715425819297e-05 residual=15993.489971316309 checked=false stop=running
step=2401 time=0.15740712690818756 dt=6.3188473467507908e-05 residual=15994.615486208811 checked=false stop=running
step=2402 time=0.15747030713575391 dt=6.3180227566362945e-05 residual=15997.694896587482 checked=false stop=running
step=2403 time=0.15753348214836943 dt=6.3175012615506232e-05 residual=16047.439870878417 checked=false stop=running
step=2404 time=0.15759665495842393 dt=6.3172810054502017e-05 residual=16045.468017157578 checked=false stop=running
step=2405 time=0.15765982852079086 dt=6.3173562366924214e-05 residual=16035.632225437445 checked=false stop=running
step=2406 time=0.15772300581345802 dt=6.3177292667167975e-05 residual=16024.919529888062 checked=false stop=running
step=2407 time=0.15778618981891435 dt=6.3184005456322768e-05 residual=16018.873225155508 checked=false stop=running
step=2408 time=0.15784938348381036 dt=6.3193664896007341e-05 residual=16012.546627142494 checked=false stop=running
step=2409 time=0.15791258970701885 dt=6.3206223208482748e-05 residual=16008.310137956592 checked=false stop=running
step=2410 time=0.15797579504781353 dt=6.3205340794688478e-05 residual=16010.038934991406 checked=false stop=running
step=2411 time=0.15803898780364839 dt=6.3192755834850614e-05 residual=16013.770472740904 checked=false stop=running
step=2412 time=0.15810217087298448 dt=6.3183069336092458e-05 residual=16019.909884942279 checked=false stop=running
step=2413 time=0.15816534722055317 dt=6.3176347568700118e-05 residual=16026.684486771748 checked=false stop=running
step=2414 time=0.15822851981220185 dt=6.3172591648666011e-05 residual=16073.957173219045 checked=false stop=running
step=2415 time=0.15829169155221431 dt=6.3171740012468752e-05 residual=16063.847516274369 checked=false stop=running
step=2416 time=0.15835486537264645 dt=6.3173820432143351e-05 residual=16054.065358388969 checked=false stop=running
step=2417 time=0.15841804420187988 dt=6.3178829233418867e-05 residual=16044.797422180842 checked=false stop=running
step=2418 time=0.15848123092560956 dt=6.3186723729683511e-05 residual=16034.61136838902 checked=false stop=running
step=2419 time=0.15854442837565041 dt=6.3197450040851819e-05 residual=16029.616064798 checked=false stop=running
step=2420 time=0.15860763932526845 dt=6.3210949618030952e-05 residual=16031.623808265576 checked=false stop=running
step=2421 time=0.158670839384774 dt=6.3200059505541775e-05 residual=16037.037532355742 checked=false stop=running
step=2422 time=0.15873402814419335 dt=6.3188759419353092e-05 residual=16045.262188045503 checked=false stop=running
step=2423 time=0.15879720847508058 dt=6.3180330887227111e-05 residual=16051.911600006781 checked=false stop=running
step=2424 time=0.1588603832599938 dt=6.3174784913221552e-05 residual=16050.693365107491 checked=false stop=running
step=2425 time=0.15892355532849853 dt=6.3172068504725382e-05 residual=16043.505096600849 checked=false stop=running
step=2426 time=0.15898672753251594 dt=6.3172204017411971e-05 residual=16081.27178423413 checked=false stop=running
step=2427 time=0.159049902711766 dt=6.3175179250050354e-05 residual=16072.836445250723 checked=false stop=running
step=2428 time=0.15911308366408641 dt=6.3180952320426525e-05 residual=16062.802896313666 checked=false stop=running
step=2429 time=0.15917627313602303 dt=6.3189471936606637e-05 residual=16055.123601186448 checked=false stop=running
step=2430 time=0.15923947381988532 dt=6.3200683862283606e-05 residual=16054.570158944269 checked=false stop=running
step=2431 time=0.15930268224799884 dt=6.3208428113538579e-05 residual=16060.521396467602 checked=false stop=running
step=2432 time=0.15936587755482948 dt=6.3195306830639883e-05 residual=16069.54284149936 checked=false stop=running
step=2433 time=0.15942906249753483 dt=6.3184942705348595e-05 residual=16074.854558157716 checked=false stop=running
step=2434 time=0.15949223985390976 dt=6.317735637493337e-05 residual=16069.500874516611 checked=false stop=running
step=2435 time=0.1595554123682856 dt=6.3172514375856685e-05 residual=16059.557628533714 checked=false stop=running
step=2436 time=0.15961858279298349 dt=6.3170424697891431e-05 residual=16055.075965217084 checked=false stop=running
step=2437 time=0.15968175386451533 dt=6.3171071531823063e-05 residual=16098.067734429791 checked=false stop=running
step=2438 time=0.15974492827728903 dt=6.3174412773697101e-05 residual=16090.680604888477 checked=false stop=running
step=2439 time=0.15980810867965634 dt=6.3180402367303892e-05 residual=16084.715796676606 checked=false stop=running
step=2440 time=0.15987129767830738 dt=6.3188998651031396e-05 residual=16080.718478940173 checked=false stop=running
step=2441 time=0.15993449784944322 dt=6.3200171135835136e-05 residual=16081.896416424726 checked=false stop=running
step=2442 time=0.15999769909225364 dt=6.3201242810428102e-05 residual=16087.598466982301 checked=false stop=running
step=2443 time=0.16006088782205863 dt=6.3188729804983785e-05 residual=16088.54962803387 checked=false stop=running
step=2444 time=0.16012406670694182 dt=6.3178884883195984e-05 residual=16081.780343269282 checked=false stop=running
step=2445 time=0.16018723839635712 dt=6.3171689415311483e-05 residual=16076.231202027215 checked=false stop=running
step=2446 time=0.16025040552654843 dt=6.3167130191307957e-05 residual=16071.991394054829 checked=false stop=running
step=2447 time=0.16031357072637797 dt=6.3165199829556422e-05 residual=16067.549525535698 checked=false stop=running
step=2448 time=0.16037673659340698 dt=6.3165867029002829e-05 residual=16111.579981812483 checked=false stop=running
step=2449 time=0.16043990568966865 dt=6.316909626166657e-05 residual=16106.750529327239 checked=false stop=running
step=2450 time=0.16050308055524901 dt=6.3174865580369426e-05 residual=16104.646462248762 checked=false stop=running
step=2451 time=0.16056626372546132 dt=6.3183170212305982e-05 residual=16103.910309483314 checked=false stop=running
step=2452 time=0.16062945766448711 dt=6.3193939025792145e-05 residual=16102.748439102254 checked=false stop=running
step=2453 time=0.16069264857975776 dt=6.3190915270662927e-05 residual=16098.180669011701 checked=false stop=running
step=2454 time=0.16075582721850185 dt=6.3178638744078324e-05 residual=16095.904012617564 checked=false stop=running
step=2455 time=0.16081899614164674 dt=6.3168923144905125e-05 residual=16094.569122281357 checked=false stop=running
step=2456 time=0.1608821578738395 dt=6.3161732192764929e-05 residual=16089.787623893069 checked=false stop=running
step=2457 time=0.16094531492183248 dt=6.3157047992978927e-05 residual=16083.652043816212 checked=false stop=running
step=2458 time=0.16100846979248923 dt=6.3154870656745334e-05 residual=16080.032782924636 checked=false stop=running
step=2459 time=0.16107162499060668 dt=6.315519811743549e-05 residual=16079.224631537414 checked=false stop=running
step=2460 time=0.1611347830251931 dt=6.3158034586418657e-05 residual=16125.40463966324 checked=false stop=running
step=2461 time=0.16119794641062049 dt=6.3163385427396438e-05 residual=16127.119485835479 checked=false stop=running
step=2462 time=0.16126111760686002 dt=6.3171196239512537e-05 residual=16125.92092535425 checked=false stop=running
step=2463 time=0.16132429897368986 dt=6.3181366829835608e-05 residual=16120.279566954829 checked=false stop=running
step=2464 time=0.16138747547956339 dt=6.3176505873523673e-05 residual=16118.500142882562 checked=false stop=running
step=2465 time=0.16145063966446271 dt=6.3164184899326217e-05 residual=16116.514122523844 checked=false stop=running
step=2466 time=0.16151379402295163 dt=6.3154358488914063e-05 residual=16110.879489354689 checked=false stop=running
step=2467 time=0.16157694100863987 dt=6.314698568823105e-05 residual=16104.397873056252 checked=false stop=running
step=2468 time=0.16164008302698735 dt=6.3142018347473253e-05 residual=16101.021416385955 checked=false stop=running
step=2469 time=0.16170322249085836 dt=6.3139463871002231e-05 residual=16098.948808548241 checked=false stop=running
step=2470 time=0.16176636184823587 dt=6.3139357377499264e-05 residual=16100.813393615877 checked=false stop=running
step=2471 time=0.16182950357469739 dt=6.314172646152292e-05 residual=16153.435934196272 checked=false stop=running
step=2472 time=0.16189265012851248 dt=6.3146553815082452e-05 residual=16153.510262635446 checked=false stop=running
step=2473 time=0.16195580391437706 dt=6.315378586459063e-05 residual=16151.000030403597 checked=false stop=running
step=2474 time=0.16201896728880399 dt=6.3163374426952664e-05 residual=16146.870491533586 checked=false stop=running
step=2475 time=0.16208212551433543 dt=6.3158225531429328e-05 residual=16139.221452586684 checked=false stop=running
step=2476 time=0.16214527127136769 dt=6.314575703226647e-05 residual=16129.929077384029 checked=false stop=running
step=2477 time=0.16220840704827577 dt=6.313577690808711e-05 residual=16123.963518620832 checked=false stop=running
step=2478 time=0.16227153532637401 dt=6.3128278098238417e-05 residual=16122.028074125463 checked=false stop=running
step=2479 time=0.16233465854501508 dt=6.3123218641084064e-05 residual=16119.270175381502 checked=false stop=running
step=2480 time=0.16239777908698463 dt=6.3120541969560842e-05 residual=16121.447725848702 checked=false stop=running
step=2481 time=0.16246089935105448 dt=6.3120264069841886e-05 residual=16128.856321346364 checked=false stop=running
step=2482 time=0.16252402175394617 dt=6.312240289168232e-05 residual=16134.63192240221 checked=false stop=running
step=2483 time=0.16258714871527802 dt=6.3126961331849742e-05 residual=16180.383401188936 checked=false stop=running
step=2484 time=0.16265028265493633 dt=6.3133939658302997e-05 residual=16176.754186863858 checked=false stop=running
step=2485 time=0.16271342598706928 dt=6.3143332132954632e-05 residual=16165.749085793441 checked=false stop=running
step=2486 time=0.1627765637785907 dt=6.3137791521418303e-05 residual=16149.324786231402 checked=false stop=running
step=2487 time=0.1628396891478204 dt=6.3125369229691204e-05 residual=16139.098529754665 checked=false stop=running
step=2488 time=0.16290280460704376 dt=6.3115459223361413e-05 residual=16136.043353422472 checked=false stop=running
step=2489 time=0.16296591268334745 dt=6.3108076303696427e-05 residual=16134.786346354316 checked=false stop=running
step=2490 time=0.16302901588792779 dt=6.3103204580330753e-05 residual=16140.140871944681 checked=false stop=running
step=2491 time=0.16309211667493004 dt=6.3100787002238256e-05 residual=16149.712736651634 checked=false stop=running
step=2492 time=0.16315521746744591 dt=6.3100792515872388e-05 residual=16156.642607732681 checked=false stop=running
step=2493 time=0.16321832071354084 dt=6.3103246094922403e-05 residual=16160.087963134045 checked=false stop=running
step=2494 time=0.16328142887849606 dt=6.3108164955226514e-05 residual=16204.857415869908 checked=false stop=running
step=2495 time=0.16334454444087523 dt=6.3115562379164228e-05 residual=16189.961514891418 checked=false stop=running
step=2496 time=0.16340766987375524 dt=6.312543287999841e-05 residual=16170.258457859651 checked=false stop=running
step=2497 time=0.1634707877988465 dt=6.3117925091248883e-05 residual=16157.606417098938 checked=false stop=running
step=2498 time=0.16353389377212388 dt=6.3105973277381716e-05 residual=16151.017891166661 checked=false stop=running
step=2499 time=0.16359699036220932 dt=6.3096590085440587e-05 residual=16148.130529129585 checked=false stop=running
step=2500 time=0.16366008015255423 dt=6.3089790344919398e-05 residual=16155.621444538569 checked=false stop=running
step=2501 time=0.16372316571192067 dt=6.3085559366420679e-05 residual=16168.258105497824 checked=false stop=running
step=2502 time=0.1637862495596123 dt=6.3083847691629258e-05 residual=16177.003351736228 checked=false stop=running
step=2503 time=0.16384933418283934 dt=6.3084623227045893e-05 residual=16179.632405261797 checked=false stop=running
step=2504 time=0.16391242208714235 dt=6.3087904303003615e-05 residual=16175.20134402742 checked=false stop=running
step=2505 time=0.16397551578532488 dt=6.3093698182537081e-05 residual=16161.748359710104 checked=false stop=running
step=2506 time=0.16403861778784162 dt=6.3102002516742098e-05 residual=16193.483905707466 checked=false stop=running
step=2507 time=0.1641017305872931 dt=6.3112799451479315e-05 residual=16184.112288784248 checked=false stop=running
step=2508 time=0.16416483226120168 dt=6.31016739085829e-05 residual=16174.085760658027 checked=false stop=running
step=2509 time=0.1642279228843069 dt=6.3090623105224313e-05 residual=16165.386855666527 checked=false stop=running
step=2510 time=0.1642910050863996 dt=6.3082202092693942e-05 residual=16170.798935516777 checked=false stop=running
step=2511 time=0.16435408149784522 dt=6.3076411445628602e-05 residual=16185.583288981845 checked=false stop=running
step=2512 time=0.16441715471689283 dt=6.3073219047613351e-05 residual=16197.578628410914 checked=false stop=running
step=2513 time=0.1644802272800816 dt=6.3072563188782036e-05 residual=16201.693575703221 checked=false stop=running
step=2514 time=0.16454330170437487 dt=6.3074424293250002e-05 residual=16195.137611995202 checked=false stop=running
step=2515 time=0.16460638050272827 dt=6.3078798353401666e-05 residual=16184.073818816431 checked=false stop=running
step=2516 time=0.16466946618149997 dt=6.3085678771682548e-05 residual=16178.92048280816 checked=false stop=running
step=2517 time=0.16473256124469784 dt=6.3095063197881679e-05 residual=16220.162571128578 checked=false stop=running
step=2518 time=0.16479566496279982 dt=6.3103718101962844e-05 residual=16207.71081771434 checked=false stop=running
step=2519 time=0.16485875614238266 dt=6.3091179582846257e-05 residual=16197.282273130901 checked=false stop=running
step=2520 time=0.16492183742827682 dt=6.3081285894175536e-05 residual=16197.830636698614 checked=false stop=running
step=2521 time=0.16498491145587957 dt=6.307402760276297e-05 residual=16207.608415209046 checked=false stop=running
step=2522 time=0.16504798082216535 dt=6.3069366285774256e-05 residual=16218.533905182767 checked=false stop=running
step=2523 time=0.16511104806270457 dt=6.3067240539240501e-05 residual=16223.479493355193 checked=false stop=running
step=2524 time=0.16517411565903073 dt=6.3067596326160446e-05 residual=16219.02257673339 checked=false stop=running
step=2525 time=0.16523718607950766 dt=6.3070420476918126e-05 residual=16212.539526008779 checked=false stop=running
step=2526 time=0.16530026177020168 dt=6.3075690694036892e-05 residual=16208.334117869745 checked=false stop=running
step=2527 time=0.16536334513795142 dt=6.3083367749742881e-05 residual=16202.037865359534 checked=false stop=running
step=2528 time=0.16542643857136902 dt=6.3093433417590243e-05 residual=16238.544410990709 checked=false stop=running
step=2529 time=0.16548953617575138 dt=6.3097604382374913e-05 residual=16226.632722661958 checked=false stop=running
step=2530 time=0.16555262217611358 dt=6.3086000362191165e-05 residual=16227.086800927136 checked=false stop=running
step=2531 time=0.165615699167211 dt=6.3076991097416949e-05 residual=16233.970540401338 checked=false stop=running
step=2532 time=0.16567876971265758 dt=6.3070545446574657e-05 residual=16240.248818817785 checked=false stop=running
step=2533 time=0.16574183632401157 dt=6.3066611353994076e-05 residual=16241.694245240149 checked=false stop=running
step=2534 time=0.1658049014527774 dt=6.3065128765837884e-05 residual=16237.805357427855 checked=false stop=running
step=2535 time=0.16586796754553002 dt=6.3066092752600396e-05 residual=16234.42465653502 checked=false stop=running
step=2536 time=0.16593103702750953 dt=6.3069481979515979e-05 residual=16231.359743243751 checked=false stop=running
step=2537 time=0.16599411227608099 dt=6.3075248571467664e-05 residual=16223.366534273966 checked=false stop=running
step=2538 time=0.16605719561614565 dt=6.3083340064674532e-05 residual=16211.526975783327 checked=false stop=running
step=2539 time=0.16612028934233306 dt=6.3093726187406026e-05 residual=16205.002757853457 checked=false stop=running
step=2540 time=0.16618338351958423 dt=6.3094177251176209e-05 residual=16252.942054957675 checked=false stop=running
step=2541 time=0.16624646659789558 dt=6.3083078311339312e-05 residual=16260.007585101181 checked=false stop=running
step=2542 time=0.16630954111184695 dt=6.3074513951374799e-05 residual=16266.705915086901 checked=false stop=running
step=2543 time=0.16637260956262845 dt=6.3068450781492253e-05 residual=16264.750323360673 checked=false stop=running
step=2544 time=0.16643567440187371 dt=6.3064839245261059e-05 residual=16258.731393557346 checked=false stop=running
step=2545 time=0.16649873809240445 dt=6.3063690530749174e-05 residual=16254.4672261128 checked=false stop=running
step=2546 time=0.16656180308019447 dt=6.3064987790018487e-05 residual=16250.118427377236 checked=false stop=running
step=2547 time=0.16662487176650789 dt=6.3068686313432924e-05 residual=16239.636336156991 checked=false stop=running
step=2548 time=0.16668794649428911 dt=6.307472778121302e-05 residual=16225.806351366309 checked=false stop=running
step=2549 time=0.16675102954748938 dt=6.3083053200256638e-05 residual=16218.896617246193 checked=false stop=running
step=2550 time=0.16681412316971841 dt=6.3093622229039615e-05 residual=16224.028623254231 checked=false stop=running
step=2551 time=0.16687721340570597 dt=6.3090235987537733e-05 residual=16283.313147726463 checked=false stop=running
step=2552 time=0.16694029276152858 dt=6.3079355822607744e-05 residual=16291.808983327359 checked=false stop=running
step=2553 time=0.16700336374305699 dt=6.3070981528409918e-05 residual=16291.494059596342 checked=false stop=running
step=2554 time=0.16706642882008618 dt=6.3065077029194553e-05 residual=16283.746348190316 checked=false stop=running
step=2555 time=0.16712949048821774 dt=6.3061668131551507e-05 residual=16275.405442568806 checked=false stop=running
step=2556 time=0.16719255123070478 dt=6.3060742487041437e-05 residual=16266.041990390278 checked=false stop=running
step=2557 time=0.16725561349225954 dt=6.3062261554761072e-05 residual=16250.637550725756 checked=false stop=running
step=2558 time=0.16731867965598221 dt=6.306616372267723e-05 residual=16237.794974619121 checked=false stop=running
step=2559 time=0.16738175203286471 dt=6.3072376882494948e-05 residual=16234.666080581181 checked=false stop=running
step=2560 time=0.16744483286454739 dt=6.3080831682696845e-05 residual=16240.408753566684 checked=false stop=running
step=2561 time=0.16750792435189296 dt=6.309148734556467e-05 residual=16254.746511775866 checked=false stop=running
step=2562 time=0.16757100791759558 dt=6.3083565702618706e-05 residual=16270.236389410125 checked=false stop=running
step=2563 time=0.16763408070366151 dt=6.3072786065927676e-05 residual=16319.721334121115 checked=false stop=running
step=2564 time=0.16769714520774898 dt=6.3064504087475691e-05 residual=16314.129756191876 checked=false stop=running
step=2565 time=0.16776020395466454 dt=6.3058746915566673e-05 residual=16303.364144287103 checked=false stop=running
step=2566 time=0.16782325946316201 dt=6.3055508497464484e-05 residual=16285.377076931929 checked=false stop=running
step=2567 time=0.16788631421609415 dt=6.3054752932135242e-05 residual=16267.364850940503 checked=false stop=running
step=2568 time=0.16794937063095958 dt=6.3056414865432576e-05 residual=16258.544769450271 checked=false stop=running
step=2569 time=0.16801243104267913 dt=6.3060411719555255e-05 residual=16256.191833460631 checked=false stop=running
step=2570 time=0.16807549769964097 dt=6.3066656961851153e-05 residual=16260.971493388473 checked=false stop=running
step=2571 time=0.1681385727676559 dt=6.3075068014910342e-05 residual=16275.335178416844 checked=false stop=running
step=2572 time=0.1682016583565204 dt=6.3085588864514506e-05 residual=16291.629982649914 checked=false stop=running
step=2573 time=0.16826473115339519 dt=6.307279687479229e-05 residual=16300.259066289351 checked=false stop=running
step=2574 time=0.16832779323434791 dt=6.3062080952725629e-05 residual=16346.047310956003 checked=false stop=running
step=2575 time=0.1683908471438465 dt=6.305390949859019e-05 residual=16334.287921079836 checked=false stop=running
step=2576 time=0.16845389542245728 dt=6.3048278610773067e-05 residual=16314.598482556024 checked=false stop=running
step=2577 time=0.16851694057134475 dt=6.3045148887464752e-05 residual=16296.520788037229 checked=false stop=running
step=2578 time=0.16857998502133328 dt=6.3044449988535056e-05 residual=16286.114129318115 checked=false stop=running
step=2579 time=0.16864303111657267 dt=6.3046095239371069e-05 residual=16280.00358786069 checked=false stop=running
step=2580 time=0.16870608110856777 dt=6.3049991995104047e-05 residual=16281.512081453828 checked=false stop=running
step=2581 time=0.16876913715821965 dt=6.3056049651876334e-05 residual=16295.016375007533 checked=false stop=running
step=2582 time=0.16883220133177654 dt=6.3064173556881992e-05 residual=16311.215952923169 checked=false stop=running
step=2583 time=0.16889527159792203 dt=6.3070266145497884e-05 residual=16319.607977316518 checked=false stop=running
step=2584 time=0.16895832865485272 dt=6.305705693069474e-05 residual=16320.845745424771 checked=false stop=running
step=2585 time=0.16902137505925061 dt=6.304640439789281e-05 residual=16313.979028250971 checked=false stop=running
step=2586 time=0.16908441336476993 dt=6.3038305519332505e-05 residual=16342.485970842699 checked=false stop=running
step=2587 time=0.16914744608128893 dt=6.3032716519004681e-05 residual=16326.721777831501 checked=false stop=running
step=2588 time=0.1692104756457222 dt=6.3029564433265232e-05 residual=16313.603407755405 checked=false stop=running
step=2589 time=0.16927350441054728 dt=6.3028764825088889e-05 residual=16301.484822204806 checked=false stop=running
step=2590 time=0.16933653464124188 dt=6.3030230694607675e-05 residual=16298.675396692581 checked=false stop=running
step=2591 time=0.16939956851917429 dt=6.3033877932400489e-05 residual=16310.940264409934 checked=false stop=running
step=2592 time=0.1694626081487659 dt=6.3039629591602842e-05 residual=16327.374174373621 checked=false stop=running
step=2593 time=0.16952565552352594 dt=6.3047374760030295e-05 residual=16337.257954709879 checked=false stop=running
step=2594 time=0.16958870460189149 dt=6.3049078365539182e-05 residual=16339.909072539574 checked=false stop=running
step=2595 time=0.16965174054104326 dt=6.30359391517746e-05 residual=16332.916355931322 checked=false stop=running
step=2596 time=0.16971476590163206 dt=6.3025360588793783e-05 residual=16319.960187412054 checked=false stop=running
step=2597 time=0.16977778320265394 dt=6.3017301021872993e-05 residual=16354.446440769834 checked=false stop=running
step=2598 time=0.16984079489811169 dt=6.301169545774693e-05 residual=16340.73992389918 checked=false stop=running
step=2599 time=0.16990380336915156 dt=6.3008471039890514e-05 residual=16326.016813984217 checked=false stop=running
step=2600 time=0.16996681092011259 dt=6.3007550961018713e-05 residual=16318.152126120865 checked=false stop=running
step=2601 time=0.17002981977327142 dt=6.3008853158817658e-05 residual=16326.304124589427 checked=false stop=running
step=2602 time=0.17009283206555822 dt=6.3012292286820722e-05 residual=16340.910980328013 checked=false stop=running
step=2603 time=0.17015584984184765 dt=6.3017776289414515e-05 residual=16353.345833689033 checked=false stop=running
step=2604 time=0.1702188750757663 dt=6.3025233918646159e-05 residual=16358.953111917785 checked=false stop=running
step=2605 time=0.17028189794490292 dt=6.3022869136611823e-05 residual=16353.507881746929 checked=false stop=running
step=2606 time=0.17034490794449816 dt=6.3009999595230325e-05 residual=16341.209676476552 checked=false stop=running
step=2607 time=0.17040790760619373 dt=6.2999661695558858e-05 residual=16329.733262594506 checked=false stop=running
step=2608 time=0.17047089937668297 dt=6.2991770489232224e-05 residual=16318.078893368685 checked=false stop=running
step=2609 time=0.1705338856442393 dt=6.2986267556324301e-05 residual=16345.812534061613 checked=false stop=running
step=2610 time=0.17059686873706509 dt=6.2983092825798714e-05 residual=16336.449698368011 checked=false stop=running
step=2611 time=0.17065985091130431 dt=6.2982174239217239e-05 residual=16343.385138456726 checked=false stop=running
step=2612 time=0.17072283434936958 dt=6.2983438065254945e-05 residual=16355.787143692412 checked=false stop=running
step=2613 time=0.17078582117439059 dt=6.2986825021023717e-05 residual=16368.66817797467 checked=false stop=running
step=2614 time=0.17084881346426364 dt=6.2992289873061328e-05 residual=16376.472236319043 checked=false stop=running
step=2615 time=0.17091181325882435 dt=6.2999794560707225e-05 residual=16373.574883043051 checked=false stop=running
step=2616 time=0.17097480672714185 dt=6.2993468317505826e-05 residual=16362.843970204312 checked=false stop=running
step=2617 time=0.17103778794380994 dt=6.2981216668088743e-05 residual=16350.351503436048 checked=false stop=running
step=2618 time=0.17110075947664383 dt=6.2971532833894307e-05 residual=16334.190693374972 checked=false stop=running
step=2619 time=0.17116372377538996 dt=6.2964298746139848e-05 residual=16318.51508243537 checked=false stop=running
step=2620 time=0.17122668319050741 dt=6.2959415117428853e-05 residual=16361.855779621379 checked=false stop=running
step=2621 time=0.1712896400006019 dt=6.295681009448593e-05 residual=16369.260538307197 checked=false stop=running
step=2622 time=0.17135259642625308 dt=6.2956425651171331e-05 residual=16381.220162675483 checked=false stop=running
step=2623 time=0.17141555465579844 dt=6.2958229545354773e-05 residual=16391.658551456054 checked=false stop=running
step=2624 time=0.17147851685590682 dt=6.2962200108385521e-05 residual=16397.690380353044 checked=false stop=running
step=2625 time=0.17154148516809814 dt=6.2968312191330239e-05 residual=16394.827527962592 checked=false stop=running
step=2626 time=0.17160446170283869 dt=6.2976534740562433e-05 residual=16384.619174271276 checked=false stop=running
step=2627 time=0.17166742655868064 dt=6.2964855841960902e-05 residual=16370.367754626319 checked=false stop=running
step=2628 time=0.17173038038454147 dt=6.2953825860831482e-05 residual=16352.991574383868 checked=false stop=running
step=2629 time=0.17179332575761969 dt=6.2945373078222315e-05 residual=16342.225912371656 checked=false stop=running
step=2630 time=0.17185626513539684 dt=6.2939377777161619e-05 residual=16341.975653044083 checked=false stop=running
step=2631 time=0.17191920085121279 dt=6.2935715815939325e-05 residual=16397.552569794669 checked=false stop=running
step=2632 time=0.17198213516985769 dt=6.2934318644915389e-05 residual=16407.596368584702 checked=false stop=running
step=2633 time=0.17204507033478075 dt=6.2935164923069606e-05 residual=16418.35991390637 checked=false stop=running
step=2634 time=0.17210800857951589 dt=6.293824473512553e-05 residual=16422.940287112764 checked=false stop=running
step=2635 time=0.17217095214966741 dt=6.2943570151531358e-05 residual=16417.099217166142 checked=false stop=running
step=2636 time=0.17223390328458713 dt=6.2951134919733034e-05 residual=16405.376485133933 checked=false stop=running
step=2637 time=0.17229685704619602 dt=6.2953761608882899e-05 residual=16389.988761040517 checked=false stop=running
step=2638 time=0.17235979905027252 dt=6.2942004076488436e-05 residual=16375.824141656642 checked=false stop=running
step=2639 time=0.17242273192309973 dt=6.2932872827222011e-05 residual=16369.297322864677 checked=false stop=running
step=2640 time=0.17248565815791006 dt=6.2926234810315181e-05 residual=16368.600071221465 checked=false stop=running
step=2641 time=0.17254858011357285 dt=6.2921955662802382e-05 residual=16374.487879551049 checked=false stop=running
step=2642 time=0.17261150003485859 dt=6.2919921285742626e-05 residual=16386.320998294774 checked=false stop=running
step=2643 time=0.17267442009473638 dt=6.2920059877789847e-05 residual=16443.207076721385 checked=false stop=running
step=2644 time=0.17273734243609085 dt=6.2922341354451804e-05 residual=16446.96769265868 checked=false stop=running
step=2645 time=0.17280026919969729 dt=6.2926763606458528e-05 residual=16440.130186609607 checked=false stop=running
step=2646 time=0.172863202591339 dt=6.2933391641703174e-05 residual=16424.754880609617 checked=false stop=running
step=2647 time=0.17292614498238443 dt=6.2942391045429227e-05 residual=16407.147529372029 checked=false stop=running
step=2648 time=0.172989082694644 dt=6.2937712259582596e-05 residual=16394.360057212012 checked=false stop=running
step=2649 time=0.17305201073793078 dt=6.2928043286789685e-05 residual=16388.539631019943 checked=false stop=running
step=2650 time=0.1731149315944478 dt=6.292085651701843e-05 residual=16386.520570253506 checked=false stop=running
step=2651 time=0.17317784759787722 dt=6.2916003429406192e-05 residual=16391.242670322314 checked=false stop=running
step=2652 time=0.17324076095899868 dt=6.291336112145209e-05 residual=16402.97148954474 checked=false stop=running
step=2653 time=0.17330367377779779 dt=6.2912818799120218e-05 residual=16416.811599441884 checked=false stop=running
step=2654 time=0.17336658810251071 dt=6.2914324712910573e-05 residual=16469.391458977701 checked=false stop=running
step=2655 time=0.17342950595967027 dt=6.2917857159565122e-05 residual=16463.199904131037 checked=false stop=running
step=2656 time=0.17349242937585774 dt=6.2923416187457226e-05 residual=16449.483772522584 checked=false stop=running
step=2657 time=0.17355536037468403 dt=6.2930998826296489e-05 residual=16430.329138362926 checked=false stop=running
step=2658 time=0.17361830104520826 dt=6.2940670524218916e-05 residual=16414.687118653354 checked=false stop=running
step=2659 time=0.17368123171120939 dt=6.293066600113e-05 residual=16406.726747634235 checked=false stop=running
step=2660 time=0.17374415423484299 dt=6.2922523633604919e-05 residual=16402.613063591529 checked=false stop=running
step=2661 time=0.17380707091552045 dt=6.2916680677450675e-05 residual=16405.414027037677 checked=false stop=running
step=2662 time=0.17386998393803754 dt=6.2913022517107454e-05 residual=16417.940835198762 checked=false stop=running
step=2663 time=0.17393289536771034 dt=6.2911429672799789e-05 residual=16432.819585173162 checked=false stop=running
step=2664 time=0.17399580721294214 dt=6.291184523179289e-05 residual=16441.479492989161 checked=false stop=running
step=2665 time=0.17405872145334644 dt=6.2914240404308386e-05 residual=16443.319973312104 checked=false stop=running
step=2666 time=0.17412164004993749 dt=6.2918596591060837e-05 residual=16479.14115586007 checked=false stop=running
step=2667 time=0.17418456494979159 dt=6.2924899854110641e-05 residual=16463.350223409943 checked=false stop=running
step=2668 time=0.17424749808910653 dt=6.2933139314934509e-05 residual=16448.342106557877 checked=false stop=running
step=2669 time=0.17431043716529218 dt=6.2939076185652285e-05 residual=16435.369025910328 checked=false stop=running
step=2670 time=0.17437336676013829 dt=6.2929594846103168e-05 residual=16424.390510421461 checked=false stop=running
step=2671 time=0.17443628909613165 dt=6.2922335993351676e-05 residual=16421.96406840517 checked=false stop=running
step=2672 time=0.17449920630643365 dt=6.291721030198757e-05 residual=16435.002697550124 checked=false stop=running
step=2673 time=0.17456212041867183 dt=6.2914112238187807e-05 residual=16452.582326314878 checked=false stop=running
step=2674 time=0.17462503342032437 dt=6.2913001652533144e-05 residual=16463.799320098758 checked=false stop=running
step=2675 time=0.17468794726788375 dt=6.2913847559390644e-05 residual=16468.681217037411 checked=false stop=running
step=2676 time=0.17475086388436634 dt=6.2916616482596016e-05 residual=16464.831484303271 checked=false stop=running
step=2677 time=0.17481378516769083 dt=6.2921283324504255e-05 residual=16499.690565486137 checked=false stop=running
step=2678 time=0.17487671300629801 dt=6.2927838607172856e-05 residual=16483.809852878752 checked=false stop=running
step=2679 time=0.17493964929591715 dt=6.2936289619149974e-05 residual=16467.447825960237 checked=false stop=running
step=2680 time=0.17500258860704115 dt=6.2939311123986263e-05 residual=16447.759247175341 checked=false stop=running
step=2681 time=0.17506551887884775 dt=6.2930271806606365e-05 residual=16442.110020742071 checked=false stop=running
step=2682 time=0.17512844218576495 dt=6.2923306917216245e-05 residual=16454.962869005802 checked=false stop=running
step=2683 time=0.17519136052895432 dt=6.2918343189368318e-05 residual=16471.108909477847 checked=false stop=running
step=2684 time=0.1752542758820978 dt=6.2915353143483548e-05 residual=16481.942475344207 checked=false stop=running
step=2685 time=0.17531719018439199 dt=6.2914302294176251e-05 residual=16488.884090391464 checked=false stop=running
step=2686 time=0.17538010534406362 dt=6.2915159671639981e-05 residual=16487.892716623359 checked=false stop=running
step=2687 time=0.17544302324762073 dt=6.2917903557126967e-05 residual=16479.323348297374 checked=false stop=running
step=2688 time=0.17550594577250447 dt=6.29225248837454e-05 residual=16467.198173424371 checked=false stop=running
step=2689 time=0.17556887478796507 dt=6.2929015460584209e-05 residual=16492.752409063705 checked=false stop=running
step=2690 time=0.17563181214301882 dt=6.2937355053736626e-05 residual=16473.204657327587 checked=false stop=running
step=2691 time=0.17569474997321097 dt=6.2937830192144004e-05 residual=16470.224625714236 checked=false stop=running
step=2692 time=0.17575767875870449 dt=6.2928785493523854e-05 residual=16478.856935187578 checked=false stop=running
step=2693 time=0.17582060049553597 dt=6.2921736831470366e-05 residual=16489.087557100964 checked=false stop=running
step=2694 time=0.17588351714893949 dt=6.2916653403520098e-05 residual=16497.307152024321 checked=false stop=running
step=2695 time=0.17594643065360119 dt=6.2913504661710396e-05 residual=16504.440770660116 checked=false stop=running
step=2696 time=0.17600934291677697 dt=6.2912263175783287e-05 residual=16504.722803849119 checked=false stop=running
step=2697 time=0.17607225582669694 dt=6.2912909919962603e-05 residual=16497.745708694154 checked=false stop=running
step=2698 time=0.17613517125865591 dt=6.2915431958963231e-05 residual=16485.735552352213 checked=false stop=running
step=2699 time=0.17619809106112633 dt=6.291980247042309e-05 residual=16468.800220874484 checked=false stop=running
step=2700 time=0.17626101702999192 dt=6.2925968865580861e-05 residual=16501.044394245982 checked=false stop=running
step=2701 time=0.17632395099630757 dt=6.2933966315641777e-05 residual=16499.301202259292 checked=false stop=running
step=2702 time=0.17638688284159201 dt=6.2931845284428672e-05 residual=16506.439608831159 checked=false stop=running
step=2703 time=0.17644980546818317 dt=6.2922626591153548e-05 residual=16510.96350368753 checked=false stop=running
step=2704 time=0.176512720840409 dt=6.2915372225826391e-05 residual=16513.550181735511 checked=false stop=running
step=2705 time=0.17657563089366346 dt=6.2910053254463074e-05 residual=16518.474126529414 checked=false stop=running
step=2706 time=0.17663853753897818 dt=6.2906645314706806e-05 residual=16518.895142194106 checked=false stop=running
step=2707 time=0.17670144267093005 dt=6.2905131951866705e-05 residual=16513.193286514819 checked=false stop=running
step=2708 time=0.17676434816755948 dt=6.2905496629432845e-05 residual=16501.690061709411 checked=false stop=running
step=2709 time=0.17682725587592485 dt=6.2907708365355386e-05 residual=16485.783564339392 checked=false stop=running
step=2710 time=0.17689016760733692 dt=6.2911731412070078e-05 residual=16475.1545739631 checked=false stop=running
step=2711 time=0.17695308512781599 dt=6.2917520479058677e-05 residual=16477.845241052564 checked=false stop=running
step=2712 time=0.17701601018576688 dt=6.2925057950888715e-05 residual=16529.65928008407 checked=false stop=running
step=2713 time=0.17707893034792138 dt=6.2920162154493162e-05 residual=16534.201884550668 checked=false stop=running
step=2714 time=0.17714184110121678 dt=6.2910753295397772e-05 residual=16537.095815910365 checked=false stop=running
step=2715 time=0.17720474438858033 dt=6.2903287363551551e-05 residual=16539.089196306515 checked=false stop=running
step=2716 time=0.1772676421329715 dt=6.2897744391155546e-05 residual=16537.217025539012 checked=false stop=running
step=2717 time=0.17733053624483616 dt=6.2894111864650489e-05 residual=16532.734268903449 checked=false stop=running
step=2718 time=0.17739342862073498 dt=6.2892375898819552e-05 residual=16523.111836327793 checked=false stop=running
step=2719 time=0.17745632113854715 dt=6.2892517812161862e-05 residual=16509.71297527762 checked=false stop=running
step=2720 time=0.17751921564054021 dt=6.2894501993076581e-05 residual=16500.626983364658 checked=false stop=running
step=2721 time=0.17758211388591999 dt=6.289824537978155e-05 residual=16502.2987939903 checked=false stop=running
step=2722 time=0.17764501754867323 dt=6.2903662753230596e-05 residual=16509.46963366363 checked=false stop=running
step=2723 time=0.17770792832004639 dt=6.2910771373148183e-05 residual=16560.917693533203 checked=false stop=running
step=2724 time=0.17777083124319984 dt=6.2902923153434719e-05 residual=16564.313461821283 checked=false stop=running
step=2725 time=0.1778337246813935 dt=6.2893438193658194e-05 residual=16567.844524649838 checked=false stop=running
step=2726 time=0.1778966105771301 dt=6.2885895736599956e-05 residual=16565.104826685132 checked=false stop=running
step=2727 time=0.1779594908664664 dt=6.288028933629545e-05 residual=16558.33086427486 checked=false stop=running
step=2728 time=0.17802236747383651 dt=6.2876607370110707e-05 residual=16547.510816053928 checked=false stop=running
step=2729 time=0.1780852422987575 dt=6.28748249209872e-05 residual=16535.393405903244 checked=false stop=running
step=2730 time=0.1781481171917475 dt=6.287489299001663e-05 residual=16527.387275631139 checked=false stop=running
step=2731 time=0.17821099395033876 dt=6.2876758591272697e-05 residual=16527.327948185713 checked=false stop=running
step=2732 time=0.17827387434096492 dt=6.2880390626153827e-05 residual=16529.642023269636 checked=false stop=running
step=2733 time=0.17833676007245308 dt=6.2885731488164398e-05 residual=16534.134885612228 checked=false stop=running
step=2734 time=0.17839965271032823 dt=6.2892637875154735e-05 residual=16544.276918989257 checked=false stop=running
step=2735 time=0.17846253432997455 dt=6.2881619646310767e-05 residual=16594.900719056128 checked=false stop=running
step=2736 time=0.17852540663693089 dt=6.2872306956334662e-05 residual=16594.060163106817 checked=false stop=running
step=2737 time=0.17858827155160018 dt=6.2864914669284201e-05 residual=16587.573347678594 checked=false stop=running
step=2738 time=0.17865113097904595 dt=6.2859427445761528e-05 residual=16574.017869628999 checked=false stop=running
step=2739 time=0.17871398680450543 dt=6.2855825459484424e-05 residual=16558.887148970658 checked=false stop=running
step=2740 time=0.17877684089875207 dt=6.2854094246651748e-05 residual=16548.179060923962 checked=false stop=running
step=2741 time=0.1788396951265229 dt=6.2854227770823122e-05 residual=16543.642204748299 checked=false stop=running
step=2742 time=0.17890255135340694 dt=6.2856226884034085e-05 residual=16544.186873989082 checked=false stop=running
step=2743 time=0.1789654114518108 dt=6.2860098403876998e-05 residual=16553.206271831856 checked=false stop=running
step=2744 time=0.17902827728348841 dt=6.2865831677617388e-05 residual=16564.247529422999 checked=false stop=running
step=2745 time=0.17909114658529796 dt=6.2869301809547281e-05 residual=16571.227423997199 checked=false stop=running
step=2746 time=0.17915400523180661 dt=6.2858646508650069e-05 residual=16617.982795687949 checked=false stop=running
step=2747 time=0.17921685517487632 dt=6.2849943069700126e-05 residual=16611.95127001117 checked=false stop=running
step=2748 time=0.17927969832007334 dt=6.2843145197037629e-05 residual=16599.811951091153 checked=false stop=running
step=2749 time=0.17934253654678475 dt=6.283822671139919e-05 residual=16582.102737451598 checked=false stop=running
step=2750 time=0.17940537173950982 dt=6.283519272507924e-05 residual=16565.625762396827 checked=false stop=running
step=2751 time=0.17946820583198908 dt=6.283409247924578e-05 residual=16555.126529489793 checked=false stop=running
step=2752 time=0.17953104084926 dt=6.2835017270928032e-05 residual=16557.664462044697 checked=false stop=running
step=2753 time=0.17959387890777376 dt=6.2838058513757584e-05 residual=16571.19456215874 checked=false stop=running
step=2754 time=0.1796567221039029 dt=6.2843196129137665e-05 residual=16582.7934943072 checked=false stop=running
step=2755 time=0.1797195724739013 dt=6.2850369998395674e-05 residual=16587.516822903144 checked=false stop=running
step=2756 time=0.17978242024862354 dt=6.28477747222348e-05 residual=16588.117636263549 checked=false stop=running
step=2757 time=0.17984525866128706 dt=6.2838412663510822e-05 residual=16585.437868129335 checked=false stop=running
step=2758 time=0.17990808974466468 dt=6.283108337762274e-05 residual=16618.446705629081 checked=false stop=running
step=2759 time=0.17997091547806846 dt=6.2825733403766451e-05 residual=16602.287385991203 checked=false stop=running
step=2760 time=0.18003373782505461 dt=6.2822346986163044e-05 residual=16584.945873010358 checked=false stop=running
step=2761 time=0.18009655877180744 dt=6.282094675284272e-05 residual=16571.217198129056 checked=false stop=running
step=2762 time=0.18015938032878293 dt=6.2821556975470818e-05 residual=16573.142432773522 checked=false stop=running
step=2763 time=0.18022220455523272 dt=6.2824226449790038e-05 residual=16586.480229151737 checked=false stop=running
step=2764 time=0.18028503373862026 dt=6.2829183387540984e-05 residual=16598.34195749987 checked=false stop=running
step=2765 time=0.18034787030943766 dt=6.2836570817400244e-05 residual=16603.54347200433 checked=false stop=running
step=2766 time=0.18041071397792621 dt=6.28436684885604e-05 residual=16604.599287980156 checked=false stop=running
step=2767 time=0.18047354831267676 dt=6.2834334750539993e-05 residual=16601.883656171922 checked=false stop=running
step=2768 time=0.18053637546755805 dt=6.2827154881286453e-05 residual=16593.749418288229 checked=false stop=running
step=2769 time=0.1805991975203875 dt=6.2822052829451564e-05 residual=16627.67510722694 checked=false stop=running
step=2770 time=0.18066201647514588 dt=6.281895475836336e-05 residual=16611.143936170647 checked=false stop=running
step=2771 time=0.18072483427919764 dt=6.2817804051769682e-05 residual=16598.449184259629 checked=false stop=running
step=2772 time=0.18078765287285226 dt=6.2818593654611303e-05 residual=16597.777669911131 checked=false stop=running
step=2773 time=0.18085047421975672 dt=6.2821346904454639e-05 residual=16607.042511100844 checked=false stop=running
step=2774 time=0.18091330035224948 dt=6.2826132492753284e-05 residual=16616.308192315744 checked=false stop=running
step=2775 time=0.18097613344921556 dt=6.2833096966073286e-05 residual=16621.701409650577 checked=false stop=running
step=2776 time=0.18103897567753152 dt=6.2842228315950041e-05 residual=16625.47377650889 checked=false stop=running
step=2777 time=0.18110181578977716 dt=6.284011224562912e-05 residual=16623.954206123213 checked=false stop=running
step=2778 time=0.18116464888938275 dt=6.2833099605598021e-05 residual=16617.073542830694 checked=false stop=running
step=2779 time=0.18122747698672478 dt=6.2828097342034853e-05 residual=16608.779275506531 checked=false stop=running
step=2780 time=0.18129030199344742 dt=6.282500672263495e-05 residual=16597.898269173453 checked=false stop=running
step=2781 time=0.18135312572916618 dt=6.2823735718745791e-05 residual=16631.281759603469 checked=false stop=running
step=2782 time=0.18141594997082122 dt=6.2824241655038137e-05 residual=16630.415054674777 checked=false stop=running
step=2783 time=0.18147877648958619 dt=6.2826518764970676e-05 residual=16636.483021159325 checked=false stop=running
step=2784 time=0.18154160706737774 dt=6.2830577791557227e-05 residual=16638.582850517163 checked=false stop=running
step=2785 time=0.18160444351673194 dt=6.2836449354207279e-05 residual=16638.503280104404 checked=false stop=running
step=2786 time=0.18166728774607435 dt=6.2844229342411012e-05 residual=16641.338958159882 checked=false stop=running
step=2787 time=0.18173014176963492 dt=6.2854023560581998e-05 residual=16642.103809506694 checked=false stop=running
step=2788 time=0.18179298841125666 dt=6.284664162172869e-05 residual=16639.167180128832 checked=false stop=running
step=2789 time=0.18185582934794545 dt=6.2840936688776769e-05 residual=16634.106799343223 checked=false stop=running
step=2790 time=0.1819186663252029 dt=6.2836977257445058e-05 residual=16624.18693766155 checked=false stop=running
step=2791 time=0.18198150100783494 dt=6.2834682632041105e-05 residual=16615.607113281407 checked=false stop=running
step=2792 time=0.18204433504156448 dt=6.2834033729522554e-05 residual=16661.744524182464 checked=false stop=running
step=2793 time=0.18210717008512581 dt=6.283504356133888e-05 residual=16664.337739439328 checked=false stop=running
step=2794 time=0.18217000781522366 dt=6.2837730097860473e-05 residual=16662.156755450091 checked=false stop=running
step=2795 time=0.18223284992778291 dt=6.2842112559252493e-05 residual=16659.090640162278 checked=false stop=running
step=2796 time=0.18229569816101204 dt=6.284823322912356e-05 residual=16659.038645242144 checked=false stop=running
step=2797 time=0.18235855438903709 dt=6.2856228025049278e-05 residual=16657.365083158162 checked=false stop=running
step=2798 time=0.18242141799980893 dt=6.2863610771852254e-05 residual=16655.406857794955 checked=false stop=running
step=2799 time=0.18248427441280493 dt=6.2856412995985673e-05 residual=16653.20299326627 checked=false stop=running
step=2800 time=0.18254712525506828 dt=6.285084226334095e-05 residual=16645.497289177489 checked=false stop=running
step=2801 time=0.18260997210340227 dt=6.2846848333979359e-05 residual=16635.846030431705 checked=false stop=running
step=2802 time=0.18267281655780343 dt=6.2844454401166729e-05 residual=16633.805921045281 checked=false stop=running
step=2803 time=0.18273566024500079 dt=6.2843687197361388e-05 residual=16635.501794333159 checked=false stop=running
step=2804 time=0.1827985048129713 dt=6.2844567970519042e-05 residual=16680.150165404328 checked=false stop=running
step=2805 time=0.18286135194492323 dt=6.284713195193182e-05 residual=16681.425238601805 checked=false stop=running
step=2806 time=0.18292420338500129 dt=6.2851440078072845e-05 residual=16678.883736323001 checked=false stop=running
step=2807 time=0.1829870609591823 dt=6.2857574181014907e-05 residual=16670.805768141352 checked=false stop=running
step=2808 time=0.18304992668795808 dt=6.2865728775781857e-05 residual=16665.254130825935 checked=false stop=running
step=2809 time=0.18311279793360608 dt=6.2871245647994135e-05 residual=16663.264257263174 checked=false stop=running
step=2810 time=0.18317566150676545 dt=6.2863573159370942e-05 residual=16658.115231656102 checked=false stop=running
step=2811 time=0.18323851897932908 dt=6.2857472563618741e-05 residual=16650.643479057238 checked=false stop=running
step=2812 time=0.1833013719683485 dt=6.2852989019420195e-05 residual=16647.563539572191 checked=false stop=running
step=2813 time=0.18336422212315312 dt=6.2850154804610519e-05 residual=16648.34677387487 checked=false stop=running
step=2814 time=0.18342707112711093 dt=6.2849003957812547e-05 residual=16655.854280638632 checked=false stop=running
step=2815 time=0.18348992071576631 dt=6.2849588655374331e-05 residual=16708.802204957159 checked=false stop=running
step=2816 time=0.18355277269452036 dt=6.2851978754040162e-05 residual=16705.639824977028 checked=false stop=running
step=2817 time=0.18361562893301508 dt=6.2856238494712568e-05 residual=16695.998197554614 checked=false stop=running
step=2818 time=0.18367849137118433 dt=6.2862438169249482e-05 residual=16686.656561856187 checked=false stop=running
step=2819 time=0.18374136179887909 dt=6.2870427694762323e-05 residual=16680.220177414718 checked=false stop=running
step=2820 time=0.18380423488772965 dt=6.2873088850568957e-05 residual=16673.32091473314 checked=false stop=running
step=2821 time=0.18386709963939823 dt=6.2864751668585393e-05 residual=16667.157445218032 checked=false stop=running
step=2822 time=0.18392995773723436 dt=6.2858097836131395e-05 residual=16666.097561590686 checked=false stop=running
step=2823 time=0.18399281090027639 dt=6.2853163042038545e-05 residual=16670.990761458732 checked=false stop=running
step=2824 time=0.18405566088878619 dt=6.2849988509794237e-05 residual=16681.541792001412 checked=false stop=running
step=2825 time=0.18411850951712994 dt=6.2848628343755992e-05 residual=16689.65444318861 checked=false stop=running
step=2826 time=0.1841813586578723 dt=6.2849140742368952e-05 residual=16690.164235390923 checked=false stop=running
step=2827 time=0.18424421023126172 dt=6.285157338941883e-05 residual=16726.1029519156 checked=false stop=running
step=2828 time=0.18430706613127545 dt=6.285590001372031e-05 residual=16717.699340630432 checked=false stop=running
step=2829 time=0.18436992837288638 dt=6.2862241610924365e-05 residual=16709.27933064583 checked=false stop=running
step=2830 time=0.18443279909009128 dt=6.2870717204912904e-05 residual=16697.639214261355 checked=false stop=running
step=2831 time=0.18449566729467087 dt=6.2868204579598455e-05 residual=16688.27129569777 checked=false stop=running
step=2832 time=0.18455852676934531 dt=6.2859474674438511e-05 residual=16686.557951855975 checked=false stop=running
step=2833 time=0.18462137929794992 dt=6.2852528604597757e-05 residual=16693.635034975028 checked=false stop=running
step=2834 time=0.18468422670504467 dt=6.2847407094757213e-05 residual=16706.527272047635 checked=false stop=running
step=2835 time=0.1847470708639897 dt=6.2844158945019008e-05 residual=16714.97858816995 checked=false stop=running
step=2836 time=0.18480991369035293 dt=6.284282636323559e-05 residual=16713.62436765146 checked=false stop=running
step=2837 time=0.18487275712130621 dt=6.2843430953272262e-05 residual=16707.396017946332 checked=false stop=running
step=2838 time=0.1849356030900009 dt=6.2845968694691273e-05 residual=16748.252269119279 checked=false stop=running
step=2839 time=0.18499845363419423 dt=6.2850544193327252e-05 residual=16739.935481482127 checked=false stop=running
step=2840 time=0.18506131082677335 dt=6.2857192579128396e-05 residual=16729.982224376683 checked=false stop=running
step=2841 time=0.18512417673618642 dt=6.2865909413073711e-05 residual=16718.533244922681 checked=false stop=running
step=2842 time=0.18518703397165232 dt=6.2857235465888823e-05 residual=16713.364257420013 checked=false stop=running
step=2843 time=0.18524988230524139 dt=6.2848333589080748e-05 residual=16719.639399258282 checked=false stop=running
step=2844 time=0.18531272359173098 dt=6.2841286489598568e-05 residual=16732.125663041326 checked=false stop=running
step=2845 time=0.18537555972815775 dt=6.2836136426781133e-05 residual=16739.104890646129 checked=false stop=running
step=2846 time=0.18543839264367395 dt=6.2832915516203278e-05 residual=16734.840288937183 checked=false stop=running
step=2847 time=0.18550122427574731 dt=6.2831632073352556e-05 residual=16726.626222042287 checked=false stop=running
step=2848 time=0.18556405657084668 dt=6.2832295099377427e-05 residual=16723.489733654154 checked=false stop=running
step=2849 time=0.1856268915062235 dt=6.2834935376818591e-05 residual=16720.667863267427 checked=false stop=running
step=2850 time=0.18568973111342077 dt=6.2839607197283758e-05 residual=16758.01945345266 checked=false stop=running
step=2851 time=0.18575257743140286 dt=6.2846317982096438e-05 residual=16748.593496964735 checked=false stop=running
step=2852 time=0.18581542899455528 dt=6.2851563152425136e-05 residual=16742.42012267694 checked=false stop=running
step=2853 time=0.18587826972493224 dt=6.2840730376948403e-05 residual=16743.755328017283 checked=false stop=running
step=2854 time=0.18594110149315854 dt=6.2831768226312244e-05 residual=16750.954094179669 checked=false stop=running
step=2855 time=0.18600392621697129 dt=6.2824723812735016e-05 residual=16752.598466383835 checked=false stop=running
step=2856 time=0.18606674585212071 dt=6.2819635149419261e-05 residual=16746.162282618367 checked=false stop=running
step=2857 time=0.18612956236947745 dt=6.2816517356735377e-05 residual=16741.803441533204 checked=false stop=running
step=2858 time=0.18619237773599723 dt=6.2815366519776742e-05 residual=16739.55283256626 checked=false stop=running
step=2859 time=0.18625519389229572 dt=6.2816156298498222e-05 residual=16734.991861259667 checked=false stop=running
step=2860 time=0.18631801275543233 dt=6.2818863136620493e-05 residual=16730.985939957562 checked=false stop=running
step=2861 time=0.18638083624445909 dt=6.282348902675162e-05 residual=16771.856650209156 checked=false stop=running
step=2862 time=0.18644366632476225 dt=6.2830080303162089e-05 residual=16767.68325734845 checked=false stop=running
step=2863 time=0.18650649684815748 dt=6.2830523395242314e-05 residual=16769.239481269702 checked=false stop=running
step=2864 time=0.18656931654429554 dt=6.2819696138061444e-05 residual=16769.969229982649 checked=false stop=running
step=2865 time=0.18663212733555465 dt=6.2810791259112543e-05 residual=16764.040476219139 checked=false stop=running
step=2866 time=0.18669493118287475 dt=6.2803847320104734e-05 residual=16759.963614155258 checked=false stop=running
step=2867 time=0.18675773006614088 dt=6.2798883266137955e-05 residual=16759.554708594853 checked=false stop=running
step=2868 time=0.18682052598228516 dt=6.2795916144273574e-05 residual=16757.414569777593 checked=false stop=running
step=2869 time=0.18688332096348031 dt=6.2794981195165165e-05 residual=16752.130357905648 checked=false stop=running
step=2870 time=0.18694611708940242 dt=6.2796125922109382e-05 residual=16748.062203716767 checked=false stop=running
step=2871 time=0.18700891646180584 dt=6.2799372403405727e-05 residual=16745.581083367742 checked=false stop=running
step=2872 time=0.18707172113764234 dt=6.2804675836490603e-05 residual=16747.26511003391 checked=false stop=running
step=2873 time=0.18713453305594718 dt=6.281191830483924e-05 residual=16795.858319889878 checked=false stop=running
step=2874 time=0.18719734001069072 dt=6.2806954743525485e-05 residual=16796.816980145861 checked=false stop=running
step=2875 time=0.18726013658893226 dt=6.2796578241528336e-05 residual=16790.946282166002 checked=false stop=running
step=2876 time=0.18732292477913007 dt=6.2788190197818713e-05 residual=16786.503677919871 checked=false stop=running
step=2877 time=0.18738570661603504 dt=6.2781836904978052e-05 residual=16784.48446580135 checked=false stop=running
step=2878 time=0.18744848418790916 dt=6.2777571874131057e-05 residual=16779.822103295279 checked=false stop=running
step=2879 time=0.18751125965572543 dt=6.277546781625967e-05 residual=16772.704289319758 checked=false stop=running
step=2880 time=0.18757403525464789 dt=6.2775598922458524e-05 residual=16768.602821441658 checked=false stop=running
step=2881 time=0.18763681327123952 dt=6.2778016591619017e-05 residual=16766.153687681599 checked=false stop=running
step=2882 time=0.18769959601451519 dt=6.2782743275684432e-05 residual=16767.16488595722 checked=false stop=running
step=2883 time=0.18776238577723658 dt=6.278976272138602e-05 residual=16774.10386283046 checked=false stop=running
step=2884 time=0.18782518221380595 dt=6.279643656935681e-05 residual=16823.517660582653 checked=false stop=running
step=2885 time=0.18788796755069545 dt=6.278533688951073e-05 residual=16820.037732763158 checked=false stop=running
step=2886 time=0.18795074394995515 dt=6.2776399259707852e-05 residual=16816.992546468409 checked=false stop=running
step=2887 time=0.18801351360602384 dt=6.2769656068677976e-05 residual=16810.476342587059 checked=false stop=running
step=2888 time=0.18807627875388877 dt=6.2765147864926628e-05 residual=16800.257582067654 checked=false stop=running
step=2889 time=0.18813904169179868 dt=6.276293790992394e-05 residual=16791.024402050796 checked=false stop=running
step=2890 time=0.18820180479201723 dt=6.2763100218554398e-05 residual=16787.626223281259 checked=false stop=running
step=2891 time=0.18826457048819228 dt=6.2765696175053802e-05 residual=16786.146148373642 checked=false stop=running
step=2892 time=0.18832734123825204 dt=6.2770750059741378e-05 residual=16788.221591480349 checked=false stop=running
step=2893 time=0.18839011947442191 dt=6.2778236169874348e-05 residual=16795.662105076062 checked=false stop=running
step=2894 time=0.1884529075645178 dt=6.2788090095895191e-05 residual=16801.018966940443 checked=false stop=running
step=2895 time=0.18851568947701217 dt=6.2781912494382728e-05 residual=16803.127794599637 checked=false stop=running
step=2896 time=0.18857846280304866 dt=6.2773326036500454e-05 residual=16846.41945645845 checked=false stop=running
step=2897 time=0.18864122989534141 dt=6.2767092292747775e-05 residual=16839.828497262824 checked=false stop=running
step=2898 time=0.18870399310369496 dt=6.2763208353557764e-05 residual=16825.668110435945 checked=false stop=running
step=2899 time=0.18876675476982516 dt=6.2761666130203912e-05 residual=16811.091348138776 checked=false stop=running
step=2900 time=0.18882951724114805 dt=6.2762471322885105e-05 residual=16804.431796870114 checked=false stop=running
step=2901 time=0.18889228289203674 dt=6.2765650888699437e-05 residual=16802.920532523836 checked=false stop=running
step=2902 time=0.18895505412448502 dt=6.2771232448262975e-05 residual=16807.241737961202 checked=false stop=running
step=2903 time=0.18901783333591624 dt=6.2779211431221289e-05 residual=16816.15626458127 checked=false stop=running
step=2904 time=0.18908062282623489 dt=6.2789490318657242e-05 residual=16822.681877987183 checked=false stop=running
step=2905 time=0.1891434124863581 dt=6.2789660123225408e-05 residual=16825.559663269527 checked=false stop=running
step=2906 time=0.18920619429309113 dt=6.2781806733033858e-05 residual=16826.772463260186 checked=false stop=running
step=2907 time=0.1892689705471696 dt=6.2776254078461717e-05 residual=16865.458706646794 checked=false stop=running
step=2908 time=0.18933174350200616 dt=6.2772954836549767e-05 residual=16846.885128016027 checked=false stop=running
step=2909 time=0.18939451535994448 dt=6.2771857938331e-05 residual=16831.034030490689 checked=false stop=running
step=2910 time=0.18945728828088895 dt=6.2772920944463256e-05 residual=16821.641141081524 checked=false stop=running
step=2911 time=0.18952006441342781 dt=6.2776132538850131e-05 residual=16816.756575799933 checked=false stop=running
step=2912 time=0.18958284590632557 dt=6.2781492897761215e-05 residual=16820.497537959876 checked=false stop=running
step=2913 time=0.18964563490837735 dt=6.2789002051796055e-05 residual=16831.093485717414 checked=false stop=running
step=2914 time=0.18970843359308157 dt=6.279868470421263e-05 residual=16839.659437227885 checked=false stop=running
step=2915 time=0.18977124133355033 dt=6.2807740468759425e-05 residual=16843.721471954465 checked=false stop=running
step=2916 time=0.18983404137858184 dt=6.2800045031506459e-05 residual=16843.547737530851 checked=false stop=running
step=2917 time=0.18989683584908529 dt=6.2794470503442124e-05 residual=16834.178917300273 checked=false stop=running
step=2918 time=0.18995962680912784 dt=6.2790960042539539e-05 residual=16820.700009963755 checked=false stop=running
step=2919 time=0.19002241626955266 dt=6.2789460424805363e-05 residual=16853.925860632076 checked=false stop=running
step=2920 time=0.19008520619880856 dt=6.2789929255895822e-05 residual=16845.151131140963 checked=false stop=running
step=2921 time=0.19014799856220113 dt=6.2792363392571166e-05 residual=16838.003657326339 checked=false stop=running
step=2922 time=0.19021079533944307 dt=6.2796777241930159e-05 residual=16837.75510587075 checked=false stop=running
step=2923 time=0.19027359851606346 dt=6.2803176620373696e-05 residual=16847.369228110911 checked=false stop=running
step=2924 time=0.19033641007262606 dt=6.2811556562600307e-05 residual=16857.77485894315 checked=false stop=running
step=2925 time=0.19039923203197562 dt=6.2821959349562912e-05 residual=16864.144369853373 checked=false stop=running
step=2926 time=0.19046205593729545 dt=6.282390531984412e-05 residual=16863.312697099991 checked=false stop=running
step=2927 time=0.19052487337267007 dt=6.2817435374618754e-05 residual=16854.056380678314 checked=false stop=running
step=2928 time=0.19058768624175768 dt=6.2812869087593335e-05 residual=16845.487578397195 checked=false stop=running
step=2929 time=0.19065049641231771 dt=6.2810170560037275e-05 residual=16839.452723284234 checked=false stop=running
step=2930 time=0.19071330573035253 dt=6.2809318034814305e-05 residual=16876.968870228793 checked=false stop=running
step=2931 time=0.19077611606868886 dt=6.281033833631734e-05 residual=16867.796472500318 checked=false stop=running
step=2932 time=0.19083892933138863 dt=6.2813262699786725e-05 residual=16865.858200235332 checked=false stop=running
step=2933 time=0.19090174743659805 dt=6.2818105209404591e-05 residual=16870.44537636872 checked=false stop=running
step=2934 time=0.19096457229612285 dt=6.2824859524815275e-05 residual=16876.678054240088 checked=false stop=running
step=2935 time=0.19102740580753033 dt=6.2833511407492322e-05 residual=16882.674934201688 checked=false stop=running
step=2936 time=0.19109024994140494 dt=6.2844133874605246e-05 residual=16882.654849333067 checked=false stop=running
step=2937 time=0.19115309116127163 dt=6.2841219866681451e-05 residual=16876.966666580742 checked=false stop=running
step=2938 time=0.19121592616779315 dt=6.2835006521506944e-05 residual=16871.240804483066 checked=false stop=running
step=2939 time=0.19127875674608108 dt=6.283057828793683e-05 residual=16864.455795966831 checked=false stop=running
step=2940 time=0.19134158469619628 dt=6.2827950115195246e-05 residual=16855.766196842156 checked=false stop=running
step=2941 time=0.19140441185968826 dt=6.2827163491997203e-05 residual=16848.862757206178 checked=false stop=running
step=2942 time=0.19146724010967417 dt=6.2828249985903088e-05 residual=16890.889546777151 checked=false stop=running
step=2943 time=0.19153007133145603 dt=6.2831221781862293e-05 residual=16894.790211633615 checked=false stop=running
step=2944 time=0.19159290740452783 dt=6.2836073071802725e-05 residual=16899.558099115024 checked=false stop=running
step=2945 time=0.1916557501834022 dt=6.2842778874352132e-05 residual=16901.836712113149 checked=false stop=running
step=2946 time=0.19171860152194142 dt=6.2851338539236478e-05 residual=16899.77479443725 checked=false stop=running
step=2947 time=0.19178146311003977 dt=6.2861588098350312e-05 residual=16895.404744743755 checked=false stop=running
step=2948 time=0.19184431765427981 dt=6.2854544240045749e-05 residual=16890.731671081452 checked=false stop=running
step=2949 time=0.19190716572615207 dt=6.2848071872273099e-05 residual=16883.802215091589 checked=false stop=running
step=2950 time=0.19197000912593873 dt=6.2843399786667849e-05 residual=16874.169185495881 checked=false stop=running
step=2951 time=0.19203284968783987 dt=6.2840561901154093e-05 residual=16867.167295699259 checked=false stop=running
step=2952 time=0.1920956892678724 dt=6.283958003253612e-05 residual=16867.585270271367 checked=false stop=running
step=2953 time=0.19215852972626157 dt=6.2840458389181432e-05 residual=16916.19187561376 checked=false stop=running
step=2954 time=0.19222137291188252 dt=6.2843185620935527e-05 residual=16922.072150732358 checked=false stop=running
step=2955 time=0.19228422065381631 dt=6.2847741933806428e-05 residual=16925.717671240211 checked=false stop=running
step=2956 time=0.19234707474422819 dt=6.2854090411884351e-05 residual=16921.092607422295 checked=false stop=running
step=2957 time=0.19240993680169532 dt=6.2862057467141027e-05 residual=16913.550757608897 checked=false stop=running
step=2958 time=0.19247280637114017 dt=6.286956944483338e-05 residual=16906.417468639484 checked=false stop=running
step=2959 time=0.19253566729604726 dt=6.2860924907099874e-05 residual=16897.19793685191 checked=false stop=running
step=2960 time=0.19259852138892369 dt=6.2854092876426973e-05 residual=16885.156461874016 checked=false stop=running
step=2961 time=0.1926613704792664 dt=6.2849090342708813e-05 residual=16877.429906955862 checked=false stop=running
step=2962 time=0.19272421640929616 dt=6.2845930029746709e-05 residual=16877.269561664249 checked=false stop=running
step=2963 time=0.19278706102710694 dt=6.2844617810785437e-05 residual=16884.733188540737 checked=false stop=running
step=2964 time=0.19284990617382816 dt=6.2845146721229945e-05 residual=16940.757719541172 checked=false stop=running
step=2965 time=0.19291275366627814 dt=6.2847492449969261e-05 residual=16946.939096302835 checked=false stop=running
step=2966 time=0.19297560516353696 dt=6.2851497258818335e-05 residual=16945.062942587563 checked=false stop=running
step=2967 time=0.19303846240185824 dt=6.2857238321268452e-05 residual=16936.756972709329 checked=false stop=running
step=2968 time=0.19310132721846443 dt=6.286481660618297e-05 residual=16925.479318922135 checked=false stop=running
step=2969 time=0.19316419571294569 dt=6.2868494481262111e-05 residual=16911.43453595131 checked=false stop=running
step=2970 time=0.1932270552061586 dt=6.2859493212912029e-05 residual=16896.962568208448 checked=false stop=running
step=2971 time=0.19328990751543451 dt=6.2852309275914599e-05 residual=16892.205028270637 checked=false stop=running
step=2972 time=0.19335275445910863 dt=6.2846943674109464e-05 residual=16894.579194943686 checked=false stop=running
step=2973 time=0.19341559785158718 dt=6.2843392478568167e-05 residual=16903.823578486099 checked=false stop=running
step=2974 time=0.19347843949229274 dt=6.2841640705548353e-05 residual=16920.115646325085 checked=false stop=running
step=2975 time=0.19354128112021124 dt=6.2841627918503289e-05 residual=16934.30328680246 checked=false stop=running
step=2976 time=0.19360412442872724 dt=6.2843308515998008e-05 residual=16985.73311790168 checked=false stop=running
step=2977 time=0.19366697122358875 dt=6.2846794861506016e-05 residual=16976.187234671299 checked=false stop=running
step=2978 time=0.19372982322928015 dt=6.2852005691405084e-05 residual=16958.956898310975 checked=false stop=running
step=2979 time=0.19379268205373171 dt=6.2858824451562427e-05 residual=16935.272264040421 checked=false stop=running
step=2980 time=0.19385554165390215 dt=6.2859600170433888e-05 residual=16919.402296687389 checked=false stop=running
step=2981 time=0.19391839186595736 dt=6.2850212055219124e-05 residual=16914.561792504683 checked=false stop=running
step=2982 time=0.193981234471749 dt=6.2842605791640354e-05 residual=16914.919550618259 checked=false stop=running
step=2983 time=0.19404407124510617 dt=6.2836773357161682e-05 residual=16923.087333105461 checked=false stop=running
step=2984 time=0.194106903946651 dt=6.2832701544826718e-05 residual=16940.237176778453 checked=false stop=running
step=2985 time=0.19416973434113863 dt=6.2830394487636628e-05 residual=16956.126215381599 checked=false stop=running
step=2986 time=0.19423256416438994 dt=6.2829823251310104e-05 residual=16961.344788068789 checked=false stop=running
step=2987 time=0.19429539510872876 dt=6.2830944338810267e-05 residual=16990.300934153474 checked=false stop=running
step=2988 time=0.19435822882603937 dt=6.2833717310598343e-05 residual=16972.804405279439 checked=false stop=running
step=2989 time=0.1944210669118063 dt=6.2838085766926585e-05 residual=16954.504908618113 checked=false stop=running
step=2990 time=0.1944839109100337 dt=6.284399822739222e-05 residual=16943.986354782242 checked=false stop=running
step=2991 time=0.19454675430594109 dt=6.2843395907384846e-05 residual=16937.919694346911 checked=false stop=running
step=2992 time=0.19460958792886565 dt=6.2833622924570067e-05 residual=16933.447043461172 checked=false stop=running
step=2993 time=0.19467241355224132 dt=6.2825623375668883e-05 residual=16938.74006155381 checked=false stop=running
step=2994 time=0.19473523295059975 dt=6.2819398358432296e-05 residual=16955.565677604012 checked=false stop=running
step=2995 time=0.19479804788946622 dt=6.2814938866488946e-05 residual=16972.569672330821 checked=false stop=running
step=2996 time=0.19486086008669526 dt=6.2812197229032091e-05 residual=16980.175548491487 checked=false stop=running
step=2997 time=0.19492367122988091 dt=6.2811143185650422e-05 residual=16977.442920590529 checked=false stop=running
step=2998 time=0.19498648294869811 dt=6.2811718817209483e-05 residual=16964.717244012485 checked=false stop=running
step=2999 time=0.19504929679806465 dt=6.2813849366533984e-05 residual=16998.072426466104 checked=false stop=running
step=3000 time=0.19511211428389455 dt=6.2817485829897097e-05 residual=16985.654407044567 checked=false stop=running
step=3001 time=0.195174936915224 dt=6.2822631329439535e-05 residual=16973.57650893828 checked=false stop=running
step=3002 time=0.19523775853836045 dt=6.2821623136457243e-05 residual=16961.959835172493 checked=false stop=running
step=3003 time=0.19530057014135543 dt=6.2811602994987295e-05 residual=16963.231693857775 checked=false stop=running
step=3004 time=0.1953633734760114 dt=6.2803334655978942e-05 residual=16979.545244967681 checked=false stop=running
step=3005 time=0.19542617030245021 dt=6.2796826438819519e-05 residual=16997.189994547261 checked=false stop=running
step=3006 time=0.19548896239558311 dt=6.2792093132893885e-05 residual=17005.531869955084 checked=false stop=running
step=3007 time=0.19555175155067117 dt=6.2789155088049999e-05 residual=17002.395636858095 checked=false stop=running
step=3008 time=0.19561453957312905 dt=6.2788022457865289e-05 residual=16989.988228751543 checked=false stop=running
step=3009 time=0.1956773282599058 dt=6.278868677674639e-05 residual=16979.211000402298 checked=false stop=running
step=3010 time=0.19574011937559457 dt=6.2791115688758326e-05 residual=17020.952542454703 checked=false stop=running
step=3011 time=0.19580291463434948 dt=6.2795258754922163e-05 residual=17006.996696513055 checked=false stop=running
step=3012 time=0.19586571571950437 dt=6.2801085154892548e-05 residual=16992.050218948116 checked=false stop=running
step=3013 time=0.19592851339084466 dt=6.2797671340281681e-05 residual=16987.058462690216 checked=false stop=running
step=3014 time=0.19599130147590374 dt=6.2788085059067221e-05 residual=16995.16665634255 checked=false stop=running
step=3015 time=0.19605408183941167 dt=6.2780363507943085e-05 residual=17007.868791622121 checked=false stop=running
step=3016 time=0.19611685639044502 dt=6.2774551033339677e-05 residual=17017.103672570709 checked=false stop=running
step=3017 time=0.19617962708293851 dt=6.2770692493491637e-05 residual=17016.54865600952 checked=false stop=running
step=3018 time=0.19624239590555934 dt=6.276882262083486e-05 residual=17007.266081013986 checked=false stop=running
step=3019 time=0.19630516486853813 dt=6.2768962978799315e-05 residual=16997.033582724463 checked=false stop=running
step=3020 time=0.19636793599390914 dt=6.2771125371021262e-05 residual=16987.378724888848 checked=false stop=running
step=3021 time=0.19643071130894485 dt=6.2775315035720487e-05 residual=16974.733657729546 checked=false stop=running
step=3022 time=0.19649349283699832 dt=6.2781528053475601e-05 residual=16993.238959080922 checked=false stop=running
step=3023 time=0.19655628128346705 dt=6.2788446468735716e-05 residual=16991.476667847168 checked=false stop=running
step=3024 time=0.19661905987400857 dt=6.2778590541523533e-05 residual=17004.567015432553 checked=false stop=running
step=3025 time=0.19668183066094405 dt=6.2770786935469923e-05 residual=17020.451866878797 checked=false stop=running
step=3026 time=0.19674459570931943 dt=6.2765048375378613e-05 residual=17031.873819278986 checked=false stop=running
step=3027 time=0.19680735709334246 dt=6.2761384023019917e-05 residual=17033.11234624817 checked=false stop=running
step=3028 time=0.19687011690212888 dt=6.2759808786412029e-05 residual=17026.384408855465 checked=false stop=running
step=3029 time=0.19693287724558992 dt=6.2760343461020925e-05 residual=17018.612445492778 checked=false stop=running
step=3030 time=0.1969956402419267 dt=6.2762996336779782e-05 residual=17009.632240711526 checked=false stop=running
step=3031 time=0.19705840798950328 dt=6.276774757657278e-05 residual=16994.561386845202 checked=false stop=running
step=3032 time=0.19712118253604699 dt=6.2774546543703868e-05 residual=16980.884012102131 checked=false stop=running
step=3033 time=0.19718396585646952 dt=6.2783320422530616e-05 residual=17033.305066608147 checked=false stop=running
step=3034 time=0.19724674548579305 dt=6.2779629323512346e-05 residual=17042.881879769437 checked=false stop=running
step=3035 time=0.19730951786308951 dt=6.2772377296471926e-05 residual=17055.19500056883 checked=false stop=running
step=3036 time=0.19737228505849772 dt=6.2767195408211087e-05 residual=17062.773505944293 checked=false stop=running
step=3037 time=0.19743504909902021 dt=6.2764040522488723e-05 residual=17062.132932623186 checked=false stop=running
step=3038 time=0.19749781196465729 dt=6.2762865637074126e-05 residual=17055.57371512313 checked=false stop=running
step=3039 time=0.19756057560958773 dt=6.276364493042865e-05 residual=17046.964747149636 checked=false stop=running
step=3040 time=0.19762334198697715 dt=6.276637738940895e-05 residual=17033.672674617388 checked=false stop=running
step=3041 time=0.19768611305702577 dt=6.2771070048621823e-05 residual=17015.742330197863 checked=false stop=running
step=3042 time=0.19774889077052879 dt=6.2777713503018087e-05 residual=17004.879736197498 checked=false stop=running
step=3043 time=0.19781167698829882 dt=6.2786217770034703e-05 residual=17007.333105585716 checked=false stop=running
step=3044 time=0.19787446910290343 dt=6.2792114604603928e-05 residual=17020.104831825727 checked=false stop=running
step=3045 time=0.19793725421348105 dt=6.2785110577612716e-05 residual=17075.740003646293 checked=false stop=running
step=3046 time=0.19800003420673495 dt=6.2779993253907063e-05 residual=17085.172726689172 checked=false stop=running
step=3047 time=0.19806281090331182 dt=6.2776696576860114e-05 residual=17085.291828499543 checked=false stop=running
step=3048 time=0.19812558606337979 dt=6.2775160067966824e-05 residual=17076.128543113868 checked=false stop=running
step=3049 time=0.19818836141772897 dt=6.2775354349176433e-05 residual=17064.074495700355 checked=false stop=running
step=3050 time=0.1982511387001189 dt=6.2777282389944394e-05 residual=17048.095890141994 checked=false stop=running
step=3051 time=0.19831391965214115 dt=6.2780952022242024e-05 residual=17033.487190289718 checked=false stop=running
step=3052 time=0.19837670604061999 dt=6.2786388478836331e-05 residual=17027.298916506064 checked=false stop=running
step=3053 time=0.19843949969501512 dt=6.2793654395123098e-05 residual=17029.377052630887 checked=false stop=running
step=3054 time=0.19850230236030844 dt=6.2802665293309605e-05 residual=17037.786737436523 checked=false stop=running
step=3055 time=0.19856510757112708 dt=6.2805210818628497e-05 residual=17050.893286224484 checked=false stop=running
step=3056 time=0.19862790679744713 dt=6.2799226320059705e-05 residual=17106.999242166668 checked=false stop=running
step=3057 time=0.19869070167296218 dt=6.2794875515066257e-05 residual=17107.748774638316 checked=false stop=running
step=3058 time=0.1987534937834162 dt=6.2792110454020284e-05 residual=17100.462418484101 checked=false stop=running
step=3059 time=0.19881628471486926 dt=6.279093145305832e-05 residual=17086.124663085782 checked=false stop=running
step=3060 time=0.19887907607410041 dt=6.2791359231153154e-05 residual=17066.811017854012 checked=false stop=running
step=3061 time=0.19894186948721831 dt=6.2793413117896954e-05 residual=17051.574611612949 checked=false stop=running
step=3062 time=0.19900466659208621 dt=6.2797104867901731e-05 residual=17044.46086051756 checked=false stop=running
step=3063 time=0.19906746905916792 dt=6.280246708169854e-05 residual=17045.202165534858 checked=false stop=running
step=3064 time=0.19913027868943528 dt=6.2809630267372229e-05 residual=17053.256484114114 checked=false stop=running
step=3065 time=0.19919309712058275 dt=6.2818431147458861e-05 residual=17066.291359673109 checked=false stop=running
step=3066 time=0.19925591778240198 dt=6.2820661819220315e-05 residual=17078.995884753411 checked=false stop=running
step=3067 time=0.19931873234451036 dt=6.281456210838024e-05 residual=17083.866032828999 checked=false stop=running
step=3068 time=0.19938154230769867 dt=6.2809963188306905e-05 residual=17121.810003349579 checked=false stop=running
step=3069 time=0.19944434919499213 dt=6.2806887293453373e-05 residual=17108.160604344928 checked=false stop=running
step=3070 time=0.19950715455871953 dt=6.2805363727401814e-05 residual=17088.510214746359 checked=false stop=running
step=3071 time=0.19956995997534355 dt=6.2805416624024186e-05 residual=17070.610447795989 checked=false stop=running
step=3072 time=0.19963276703942659 dt=6.2807064083052501e-05 residual=17060.52350071921 checked=false stop=running
step=3073 time=0.1996955773586018 dt=6.2810319175209107e-05 residual=17058.00256649619 checked=false stop=running
step=3074 time=0.19975839260762487 dt=6.2815249023080776e-05 residual=17064.224397417449 checked=false stop=running
step=3075 time=0.1998212145536018 dt=6.2821945976926309e-05 residual=17078.885951151875 checked=false stop=running
step=3076 time=0.19988404462166429 dt=6.283006806248442e-05 residual=17093.68565714985 checked=false stop=running
step=3077 time=0.1999468773024814 dt=6.2832680817102995e-05 residual=17101.613158248605 checked=false stop=running
step=3078 time=0.20000000000000001 dt=5.3122697518614981e-05 residual=17102.899850379905 checked=false stop=physical_time_reached
WCNS run stopped: reason=physical_time_reached step=3078 time=0.20000000000000001
