case(schema=1,name=case04-scmm6-roe-mdcd-hybrid-480x120,mesh=grids/double_mach_480x120.cgns,profile=scmm6_wcns,flux_difference=conservative_two_point,reconstruction=mdcd_hybrid;variables=characteristic;epsilon=9.9999999999999995e-07;js_power=2;z_power=2;mdcd_dispersion=0.046378299999999997;mdcd_dissipation=0.01;mdcd_sensor_epsilon=5.6249999999999998e-05;mdcd_sensor_threshold=0.40000000000000002;mdcd_weight_bias=20;mdcd_weight_epsilon=9.9999999999999993e-41,riemann_solver=roe;roe_entropy_fix=0.10000000000000001;riemann_denominator_tolerance=9.9999999999999998e-13,gas_model=calorically_perfect gamma=1.3999999999999999 molar_mass=8.3140000000000001 specific_gas_constant=1,U_ref=1 rho_ref=1 T_ref=1 L_ref=1 mu_ref=1.0000000000000001e-05 Re=99999.999999999985 Ma=0.84515425472851657 dynamic_pressure_ref=1 time_ref=1,partition(mode=auto_split,allow_idle=false,max_load_ratio=1.2,min_cells=8),initial(type=double_mach_reflection,x0=0.16666666666666666),boundary.default=outflow,boundary.bottom=double_mach_reflection,boundary.left=double_mach_reflection,boundary.top=double_mach_reflection,enable_source_terms=false;models=,run(mode=unsteady,viscous=false,cfl=0.20000000000000001,max_steps=1000000,t_end=0.20000000000000001,max_wall_time=0,steady(min_steps=1,check_interval=1,consecutive=1,reference_floor=1.0000000000000001e-30,l2_abs=9.9999999999999998e-13,l2_rel=1e-08,linf_enabled=true,linf_abs=9.9999999999999994e-12,linf_rel=1e-08)),output(directory=results/scmm6_roe_mdcd_hybrid_480x120,allow_existing=false,dimensional=false,field(enabled=true,format=both,schedule(every_steps=0,every_time=0,explicit_times=,initial=false,final=true),quantities=rho:u:v:p:T:mach:entropy_proxy),history(enabled=true,format=txt,schedule(every_steps=1,every_time=0,explicit_times=,initial=true,final=true),quantities=),statistics(enabled=true,format=txt,schedule(every_steps=20,every_time=0,explicit_times=,initial=true,final=true),quantities=total_mass:total_momentum_x:total_momentum_y:total_energy),xz_planes(enabled=false,cell_j_indices=),yz_planes(enabled=false,target_x_coordinates=),channel_walls(enabled=false,lower_patch=bottom,upper_patch=top,half_height=1),checkpoint(enabled=true,schedule(every_steps=0,every_time=0.050000000000000003,explicit_times=,initial=false,final=true))),restart.path=<none>,digest=0xc34386faca8fe8)
partition_plan(maximum_feasible=900;leaf=0,zone=0,range=[0,0,0:60,60,1),owner=0,generation=2;leaf=1,zone=0,range=[0,60,0:60,120,1),owner=1,generation=2;leaf=2,zone=0,range=[60,0,0:120,60,1),owner=2,generation=2;leaf=3,zone=0,range=[60,60,0:120,120,1),owner=3,generation=2;leaf=4,zone=1,range=[0,0,0:60,60,1),owner=4,generation=2;leaf=5,zone=1,range=[0,60,0:60,120,1),owner=5,generation=2;leaf=6,zone=1,range=[60,0,0:120,60,1),owner=6,generation=2;leaf=7,zone=1,range=[60,60,0:120,120,1),owner=7,generation=2;leaf=8,zone=2,range=[0,0,0:60,60,1),owner=8,generation=2;leaf=9,zone=2,range=[0,60,0:60,120,1),owner=9,generation=2;leaf=10,zone=2,range=[60,0,0:120,60,1),owner=10,generation=2;leaf=11,zone=2,range=[60,60,0:120,120,1),owner=11,generation=2;leaf=12,zone=3,range=[0,0,0:60,60,1),owner=12,generation=2;leaf=13,zone=3,range=[0,60,0:60,120,1),owner=13,generation=2;leaf=14,zone=3,range=[60,0,0:120,60,1),owner=14,generation=2;leaf=15,zone=3,range=[60,60,0:120,120,1),owner=15,generation=2)
mesh_signature=15348517292035358705
derived Re=99999.999999999985 Ma=0.84515425472851657
step=1 time=8.2100942993435199e-05 dt=8.2100942993435199e-05 residual=16167.654015907925 checked=false stop=running
step=2 time=0.0001641639823323828 dt=8.206303933894759e-05 residual=15875.900467596399 checked=false stop=running
step=3 time=0.00024620993483842596 dt=8.2045952506043174e-05 residual=15274.454621432149 checked=false stop=running
step=4 time=0.00032824813879531135 dt=8.2038203956885387e-05 residual=14372.00760720646 checked=false stop=running
step=5 time=0.00041028371067118824 dt=8.2035571875876918e-05 residual=13350.780088806967 checked=false stop=running
step=6 time=0.00049231905153931683 dt=8.2035340868128601e-05 residual=12550.886239188856 checked=false stop=running
step=7 time=0.00057435597434222488 dt=8.2036922802908102e-05 residual=11968.146303015543 checked=false stop=running
step=8 time=0.0006558829770387818 dt=8.1527002696556947e-05 residual=11601.491151661608 checked=false stop=running
step=9 time=0.00073670149660487677 dt=8.0818519566094925e-05 residual=11840.77937317322 checked=false stop=running
step=10 time=0.00081736697766875968 dt=8.0665481063882944e-05 residual=12245.049796749887 checked=false stop=running
step=11 time=0.00089794661430504298 dt=8.0579636636283298e-05 residual=12483.926083865023 checked=false stop=running
step=12 time=0.00097853783653713776 dt=8.0591222232094843e-05 residual=12234.594706697753 checked=false stop=running
step=13 time=0.0010590946066639242 dt=8.0556770126786323e-05 residual=12018.755840719603 checked=false stop=running
step=14 time=0.0011397845283681409 dt=8.0689921704216666e-05 residual=11847.467561743868 checked=false stop=running
step=15 time=0.0012204855378606526 dt=8.0701009492511769e-05 residual=11466.592991462587 checked=false stop=running
step=16 time=0.0013012649597526444 dt=8.0779421891991835e-05 residual=11325.291932781489 checked=false stop=running
step=17 time=0.001382032517735313 dt=8.0767557982668473e-05 residual=11773.824927882129 checked=false stop=running
step=18 time=0.0014620734328160653 dt=8.0040915080752342e-05 residual=11825.976679613053 checked=false stop=running
step=19 time=0.0015418583803998294 dt=7.9784947583764026e-05 residual=11661.235103909326 checked=false stop=running
step=20 time=0.0016215921178004936 dt=7.973373740066427e-05 residual=11894.415317314691 checked=false stop=running
step=21 time=0.0017014692613035059 dt=7.9877143503012337e-05 residual=11921.846568924553 checked=false stop=running
step=22 time=0.0017814894269518875 dt=8.0020165648381618e-05 residual=11913.845163325908 checked=false stop=running
step=23 time=0.0018615448379394712 dt=8.005541098758376e-05 residual=11787.084461665469 checked=false stop=running
step=24 time=0.0019416883420316404 dt=8.0143504092169328e-05 residual=11463.918350467577 checked=false stop=running
step=25 time=0.002021883625869963 dt=8.0195283838322421e-05 residual=11656.948087281922 checked=false stop=running
step=26 time=0.0021021489881854877 dt=8.0265362315524579e-05 residual=11714.102552046577 checked=false stop=running
step=27 time=0.002181920440598045 dt=7.9771452412557428e-05 residual=11480.525751406538 checked=false stop=running
step=28 time=0.0022614086522512833 dt=7.9488211653238252e-05 residual=11838.200303404728 checked=false stop=running
step=29 time=0.0023408308650584818 dt=7.9422212807198431e-05 residual=11891.360820264868 checked=false stop=running
step=30 time=0.0024202961582146993 dt=7.9465293156217359e-05 residual=11816.764370819632 checked=false stop=running
step=31 time=0.0024998451282401122 dt=7.9548970025412769e-05 residual=11791.622173136808 checked=false stop=running
step=32 time=0.0025795013401845694 dt=7.9656211944457059e-05 residual=11666.720406962824 checked=false stop=running
step=33 time=0.0026592348374801142 dt=7.9733497295544862e-05 residual=11623.00793533075 checked=false stop=running
step=34 time=0.0027390564349620487 dt=7.9821597481934445e-05 residual=11662.782151029554 checked=false stop=running
step=35 time=0.0028189859552904366 dt=7.9929520328387663e-05 residual=11756.025024866274 checked=false stop=running
step=36 time=0.0028988185783136184 dt=7.9832623023182026e-05 residual=11639.982025657338 checked=false stop=running
step=37 time=0.0029783114220570009 dt=7.9492843743382566e-05 residual=11753.270411088328 checked=false stop=running
step=38 time=0.0030576786598286803 dt=7.9367237771679286e-05 residual=11837.588695518602 checked=false stop=running
step=39 time=0.0031370053907890023 dt=7.9326730960321926e-05 residual=11844.716735115315 checked=false stop=running
step=40 time=0.0032163953690312434 dt=7.9389978242240951e-05 residual=11851.525189903778 checked=false stop=running
step=41 time=0.0032959059339623823 dt=7.9510564931138981e-05 residual=11864.763599228063 checked=false stop=running
step=42 time=0.0033755411421660217 dt=7.9635208203639272e-05 residual=11730.853500569461 checked=false stop=running
step=43 time=0.0034552534941624303 dt=7.9712351996408446e-05 residual=11801.448927405405 checked=false stop=running
step=44 time=0.003535062585082399 dt=7.980909091996861e-05 residual=11832.236039116893 checked=false stop=running
step=45 time=0.003614975119298008 dt=7.9912534215608941e-05 residual=11849.144402476948 checked=false stop=running
step=46 time=0.0036945433428494205 dt=7.9568223551412687e-05 residual=11831.805461011058 checked=false stop=running
step=47 time=0.0037739183633132578 dt=7.937502046383739e-05 residual=12023.092166964449 checked=false stop=running
step=48 time=0.0038532501238505005 dt=7.9331760537242819e-05 residual=11952.666796610885 checked=false stop=running
step=49 time=0.0039326494164059781 dt=7.9399292555477392e-05 residual=11961.527686429943 checked=false stop=running
step=50 time=0.0040121706413498688 dt=7.952122494389111e-05 residual=11987.826821262088 checked=false stop=running
step=51 time=0.0040918284764893944 dt=7.9657835139525446e-05 residual=11889.156353558916 checked=false stop=running
step=52 time=0.0041715777585632531 dt=7.9749282073858776e-05 residual=11921.652098002751 checked=false stop=running
step=53 time=0.0042514310147785854 dt=7.9853256215332312e-05 residual=11972.505690255581 checked=false stop=running
step=54 time=0.0043311978802794233 dt=7.976686550083804e-05 residual=11963.05947350373 checked=false stop=running
step=55 time=0.0044107477033636482 dt=7.9549823084224577e-05 residual=11999.554959311474 checked=false stop=running
step=56 time=0.0044901305266368905 dt=7.9382823273242378e-05 residual=12124.238865578665 checked=false stop=running
step=57 time=0.0045695118810888556 dt=7.9381354451965342e-05 residual=12084.214034524164 checked=false stop=running
step=58 time=0.0046489974321922856 dt=7.9485551103430457e-05 residual=12063.975971364978 checked=false stop=running
step=59 time=0.0047285974987775871 dt=7.9600066585301763e-05 residual=12122.040219897452 checked=false stop=running
step=60 time=0.0048083363730288793 dt=7.9738874251292387e-05 residual=11982.238416391117 checked=false stop=running
step=61 time=0.0048882112791031702 dt=7.9874906074290969e-05 residual=12019.766049429214 checked=false stop=running
step=62 time=0.0049678131616247229 dt=7.9601882521552797e-05 residual=12080.569913128251 checked=false stop=running
step=63 time=0.0050468953451471028 dt=7.9082183522380059e-05 residual=12063.136752337034 checked=false stop=running
step=64 time=0.0051256821553537727 dt=7.8786810206669605e-05 residual=12083.279225250657 checked=false stop=running
step=65 time=0.0052043868955033504 dt=7.870474014957734e-05 residual=12138.153408563405 checked=false stop=running
step=66 time=0.0052831808720533611 dt=7.8793976550010903e-05 residual=12202.983459262157 checked=false stop=running
step=67 time=0.0053621714702603799 dt=7.8990598207018928e-05 residual=12190.792051485094 checked=false stop=running
step=68 time=0.0054414748617961899 dt=7.9303391535809887e-05 residual=12170.265191652401 checked=false stop=running
step=69 time=0.0055211972742013815 dt=7.9722412405191668e-05 residual=12042.699675101203 checked=false stop=running
step=70 time=0.0056007326321040087 dt=7.9535357902627582e-05 residual=12094.199742594476 checked=false stop=running
step=71 time=0.0056795536026404778 dt=7.8820970536468813e-05 residual=12159.013909148951 checked=false stop=running
step=72 time=0.0057579448303329657 dt=7.8391227692487859e-05 residual=12157.825991198508 checked=false stop=running
step=73 time=0.0058361276345920464 dt=7.8182804259081009e-05 residual=12175.613784226482 checked=false stop=running
step=74 time=0.0059142441279532556 dt=7.8116493361209263e-05 residual=12253.905602309598 checked=false stop=running
step=75 time=0.0059924351761807384 dt=7.8191048227482416e-05 residual=12310.336733815495 checked=false stop=running
step=76 time=0.0060708417829606577 dt=7.8406606779919544e-05 residual=12284.027142311501 checked=false stop=running
step=77 time=0.0061495800017795045 dt=7.8738218818846496e-05 residual=12202.021755178233 checked=false stop=running
step=78 time=0.0062287909209368967 dt=7.9210919157392514e-05 residual=12137.827268142284 checked=false stop=running
step=79 time=0.0063076752476232418 dt=7.8884326686344696e-05 residual=12199.372128584171 checked=false stop=running
step=80 time=0.0063859599679552811 dt=7.8284720332039335e-05 residual=12278.94590885953 checked=false stop=running
step=81 time=0.0064638671869544483 dt=7.7907218999167323e-05 residual=12334.857013810093 checked=false stop=running
step=82 time=0.0065415298858337292 dt=7.7662698879281151e-05 residual=12298.539127752321 checked=false stop=running
step=83 time=0.0066191201962023903 dt=7.7590310368661172e-05 residual=12298.623224684472 checked=false stop=running
step=84 time=0.0066967786427694154 dt=7.7658446567024781e-05 residual=12390.487270968613 checked=false stop=running
step=85 time=0.0067746309919417234 dt=7.7852349172308335e-05 residual=12396.240884965053 checked=false stop=running
step=86 time=0.0068527987518206875 dt=7.8167759878964113e-05 residual=12300.550205684936 checked=false stop=running
step=87 time=0.0069314162618628553 dt=7.861751004216765e-05 residual=12268.311200997059 checked=false stop=running
step=88 time=0.0070097218979204064 dt=7.8305636057550911e-05 residual=12311.772115348454 checked=false stop=running
step=89 time=0.0070874735476327685 dt=7.7751649712362437e-05 residual=12368.225419843588 checked=false stop=running
step=90 time=0.0071648109338011273 dt=7.7337386168358855e-05 residual=12372.587573052915 checked=false stop=running
step=91 time=0.0072419060876776128 dt=7.709515387648544e-05 residual=12374.69789452286 checked=false stop=running
step=92 time=0.0073189299984080299 dt=7.7023910730417009e-05 residual=12401.583772514166 checked=false stop=running
step=93 time=0.0073960046176936144 dt=7.707461928558481e-05 residual=12454.03367441332 checked=false stop=running
step=94 time=0.0074732143878707335 dt=7.7209770177119318e-05 residual=12465.967749893733 checked=false stop=running
step=95 time=0.0075506540278627412 dt=7.743963999200762e-05 residual=12447.343125930131 checked=false stop=running
step=96 time=0.0076284347222335376 dt=7.7780694370796691e-05 residual=12401.187632000378 checked=false stop=running
step=97 time=0.0077059014152364722 dt=7.7466693002934192e-05 residual=12364.709940801205 checked=false stop=running
step=98 time=0.0077827479625560232 dt=7.6846547319550849e-05 residual=12403.850370314434 checked=false stop=running
step=99 time=0.00785915038335591 dt=7.640242079988729e-05 residual=12466.668701430572 checked=false stop=running
step=100 time=0.0079352677551019213 dt=7.6117371746010551e-05 residual=12431.541253089223 checked=false stop=running
step=101 time=0.0080112521519624391 dt=7.5984396860518552e-05 residual=12465.069972530198 checked=false stop=running
step=102 time=0.0080871946979977315 dt=7.5942546035291539e-05 residual=12439.485260183626 checked=false stop=running
step=103 time=0.0081632483164951128 dt=7.6053618497381157e-05 residual=12501.471347592831 checked=false stop=running
step=104 time=0.0082395175631718442 dt=7.6269246676731272e-05 residual=12472.15098340268 checked=false stop=running
step=105 time=0.0083161447714477209 dt=7.6627208275875926e-05 residual=12476.079032267733 checked=false stop=running
step=106 time=0.0083924917497208169 dt=7.6346978273095659e-05 residual=12428.594299516586 checked=false stop=running
step=107 time=0.0084682445485091597 dt=7.5752798788342846e-05 residual=12462.564621511583 checked=false stop=running
step=108 time=0.0085435905329212004 dt=7.5345984412041457e-05 residual=12509.877222745779 checked=false stop=running
step=109 time=0.0086186758383006677 dt=7.508530537946758e-05 residual=12546.443448291846 checked=false stop=running
step=110 time=0.0086936467279379558 dt=7.4970889637288285e-05 residual=12549.057690329983 checked=false stop=running
step=111 time=0.0087685865432811042 dt=7.4939815343148529e-05 residual=12540.499429973537 checked=false stop=running
step=112 time=0.0088436173819773697 dt=7.5030838696265762e-05 residual=12595.141062649933 checked=false stop=running
step=113 time=0.0089188585227712204 dt=7.5241140793849988e-05 residual=12612.252442497829 checked=false stop=running
step=114 time=0.0089944501785838276 dt=7.5591655812607943e-05 residual=12619.761264630955 checked=false stop=running
step=115 time=0.0090694662630066303 dt=7.5016084422802016e-05 residual=12578.066457667537 checked=false stop=running
step=116 time=0.0091439603848486022 dt=7.4494121841972352e-05 residual=12561.999134314099 checked=false stop=running
step=117 time=0.0092181298899660612 dt=7.4169505117458739e-05 residual=12614.010309083113 checked=false stop=running
step=118 time=0.0092921035375903883 dt=7.3973647624327651e-05 residual=12658.471040223412 checked=false stop=running
step=119 time=0.0093659959623690892 dt=7.3892424778701407e-05 residual=12672.095282991168 checked=false stop=running
step=120 time=0.0094398767082314629 dt=7.3880745862374444e-05 residual=12630.637398269535 checked=false stop=running
step=121 time=0.0095138465895514071 dt=7.396988131994493e-05 residual=12624.282001172 checked=false stop=running
step=122 time=0.0095880144207828241 dt=7.4167831231417787e-05 residual=12697.731640133174 checked=false stop=running
step=123 time=0.0096624852704768425 dt=7.4470849694018579e-05 residual=12702.242910779078 checked=false stop=running
step=124 time=0.0097362650559123243 dt=7.3779785435480977e-05 residual=12696.180714987071 checked=false stop=running
step=125 time=0.0098095939255374628 dt=7.3328869625138705e-05 residual=12653.097877632195 checked=false stop=running
step=126 time=0.0098826195558287377 dt=7.3025630291274955e-05 residual=12649.538503892729 checked=false stop=running
step=127 time=0.0099554633306652845 dt=7.2843774836547483e-05 residual=12672.035180718472 checked=false stop=running
step=128 time=0.010028234290927531 dt=7.2770960262245394e-05 residual=12759.609304323491 checked=false stop=running
step=129 time=0.010101026481089549 dt=7.2792190162019232e-05 residual=12741.010803184919 checked=false stop=running
step=130 time=0.010173895126056379 dt=7.2868644966830195e-05 residual=12772.147870487996 checked=false stop=running
step=131 time=0.010246942622042413 dt=7.3047495986033447e-05 residual=12682.423160144395 checked=false stop=running
step=132 time=0.010320303103872707 dt=7.336048183029428e-05 residual=12743.469873884989 checked=false stop=running
step=133 time=0.010392994021265657 dt=7.2690917392949974e-05 residual=12786.281757633613 checked=false stop=running
step=134 time=0.01046519956567925 dt=7.2205544413592458e-05 residual=12756.08169208153 checked=false stop=running
step=135 time=0.010537078057530444 dt=7.1878491851194706e-05 residual=12734.21085073315 checked=false stop=running
step=136 time=0.010608764088362352 dt=7.1686030831907317e-05 residual=12703.924133971344 checked=false stop=running
step=137 time=0.010680357097579151 dt=7.1593009216798918e-05 residual=12778.053069510866 checked=false stop=running
step=138 time=0.010751943571916524 dt=7.1586474337372944e-05 residual=12799.199247526145 checked=false stop=running
step=139 time=0.010823566478698723 dt=7.1622906782199105e-05 residual=12808.14844972533 checked=false stop=running
step=140 time=0.010895344354243214 dt=7.1777875544491997e-05 residual=12764.756541181534 checked=false stop=running
step=141 time=0.010967018000841926 dt=7.1673646598712212e-05 residual=12756.628713468344 checked=false stop=running
step=142 time=0.01103836104995579 dt=7.1343049113863216e-05 residual=12815.535639456271 checked=false stop=running
step=143 time=0.011109539845646717 dt=7.1178795690927238e-05 residual=12843.455360989672 checked=false stop=running
step=144 time=0.011180717630105102 dt=7.1177784458384725e-05 residual=12819.705027244581 checked=false stop=running
step=145 time=0.011251913015682709 dt=7.1195385577606829e-05 residual=12794.600378492296 checked=false stop=running
step=146 time=0.011322940171041103 dt=7.1027155358394832e-05 residual=12825.694539549961 checked=false stop=running
step=147 time=0.011393879612169144 dt=7.0939441128041464e-05 residual=12802.214997536828 checked=false stop=running
step=148 time=0.011464588078791835 dt=7.0708466622691293e-05 residual=12833.406008246411 checked=false stop=running
step=149 time=0.011534606016510039 dt=7.0017937718203045e-05 residual=12858.32960102377 checked=false stop=running
step=150 time=0.011604157867144055 dt=6.9551850634014831e-05 residual=12839.877298701789 checked=false stop=running
step=151 time=0.011673461908359955 dt=6.9304041215900416e-05 residual=12799.359034446046 checked=false stop=running
step=152 time=0.01174271184937453 dt=6.9249941014576347e-05 residual=12857.592775300538 checked=false stop=running
step=153 time=0.011812054405536346 dt=6.9342556161816458e-05 residual=12862.362209820811 checked=false stop=running
step=154 time=0.011881643975987954 dt=6.9589570451608382e-05 residual=12870.337815885663 checked=false stop=running
step=155 time=0.011951635082605548 dt=6.9991106617593431e-05 residual=12857.812187394662 checked=false stop=running
step=156 time=0.012021457605452894 dt=6.9822522847346605e-05 residual=12812.204400637973 checked=false stop=running
step=157 time=0.012090387851948216 dt=6.8930246495321651e-05 residual=12831.782985588208 checked=false stop=running
step=158 time=0.012158681968382865 dt=6.8294116434648483e-05 residual=12871.811015729498 checked=false stop=running
step=159 time=0.012226557371534245 dt=6.7875403151380236e-05 residual=12895.895387917311 checked=false stop=running
step=160 time=0.012294220633277552 dt=6.7663261743306763e-05 residual=12875.397932660475 checked=false stop=running
step=161 time=0.012361879060529091 dt=6.7658427251539874e-05 residual=12834.28208259854 checked=false stop=running
step=162 time=0.012429686738475297 dt=6.7807677946204976e-05 residual=12874.015563389803 checked=false stop=running
step=163 time=0.012497797868945009 dt=6.8111130469712656e-05 residual=12880.431722452362 checked=false stop=running
step=164 time=0.012566384547181918 dt=6.8586678236908622e-05 residual=12861.804100184279 checked=false stop=running
step=165 time=0.012635071750612971 dt=6.8687203431053214e-05 residual=12998.086821660179 checked=false stop=running
step=166 time=0.012702856256490458 dt=6.7784505877486955e-05 residual=12871.065159970985 checked=false stop=running
step=167 time=0.012770005137034376 dt=6.7148880543917906e-05 residual=12857.309689967638 checked=false stop=running
step=168 time=0.012836739514971584 dt=6.6734377937208915e-05 residual=12855.177036057001 checked=false stop=running
step=169 time=0.012903253193204196 dt=6.6513678232611097e-05 residual=12867.338808738725 checked=false stop=running
step=170 time=0.012969746593316471 dt=6.6493400112275846e-05 residual=12820.8628722172 checked=false stop=running
step=171 time=0.013036420334230008 dt=6.6673740913536595e-05 residual=12816.013725096624 checked=false stop=running
step=172 time=0.013103415230250066 dt=6.6994896020057537e-05 residual=12811.892832223135 checked=false stop=running
step=173 time=0.013170890186386801 dt=6.7474956136735661e-05 residual=12871.167011193569 checked=false stop=running
step=174 time=0.013238994574470253 dt=6.8104388083451141e-05 residual=12984.513166691107 checked=false stop=running
step=175 time=0.013306127172547968 dt=6.713259807771449e-05 residual=12923.31771842699 checked=false stop=running
step=176 time=0.01337261150400483 dt=6.6484331456863078e-05 residual=12918.837434862253 checked=false stop=running
step=177 time=0.013438654967284944 dt=6.6043463280114728e-05 residual=12894.29928071894 checked=false stop=running
step=178 time=0.013504446945745775 dt=6.5791978460829931e-05 residual=12845.049588384481 checked=false stop=running
step=179 time=0.01357019031376082 dt=6.574336801504625e-05 residual=12845.736027038236 checked=false stop=running
step=180 time=0.013636091798210443 dt=6.5901484449622688e-05 residual=12842.720343236238 checked=false stop=running
step=181 time=0.01370228474685678 dt=6.619294864633715e-05 residual=12839.956911328129 checked=false stop=running
step=182 time=0.01376892731541338 dt=6.6642568556599726e-05 residual=12825.854588994715 checked=false stop=running
step=183 time=0.01383618368405627 dt=6.7256368642890608e-05 residual=12944.755529789985 checked=false stop=running
step=184 time=0.013903089610671009 dt=6.6905926614738319e-05 residual=12907.704939883028 checked=false stop=running
step=185 time=0.013969271821414242 dt=6.6182210743234073e-05 residual=12909.779184619601 checked=false stop=running
step=186 time=0.01403496073956515 dt=6.568891815090658e-05 residual=12894.325641332814 checked=false stop=running
step=187 time=0.01410034530518248 dt=6.5384565617330529e-05 residual=12872.936905913306 checked=false stop=running
step=188 time=0.01416561148469082 dt=6.5266179508340641e-05 residual=12817.857929667209 checked=false stop=running
step=189 time=0.01423093452012557 dt=6.5323035434749506e-05 residual=12831.531089725329 checked=false stop=running
step=190 time=0.014296484605844519 dt=6.5550085718949199e-05 residual=12841.997386047962 checked=false stop=running
step=191 time=0.014362420267554724 dt=6.5935661710204627e-05 residual=12876.151874824243 checked=false stop=running
step=192 time=0.014428909933800669 dt=6.6489666245944217e-05 residual=12960.02902114795 checked=false stop=running
step=193 time=0.014495941452601829 dt=6.7031518801160996e-05 residual=12865.135939303726 checked=false stop=running
step=194 time=0.014562072698659648 dt=6.6131246057818917e-05 residual=12863.257694969236 checked=false stop=running
step=195 time=0.014627629972964904 dt=6.5557274305256077e-05 residual=12892.889133151244 checked=false stop=running
step=196 time=0.014692827756075357 dt=6.5197783110452928e-05 residual=12860.897072204838 checked=false stop=running
step=197 time=0.014757833524457002 dt=6.5005768381645398e-05 residual=12870.088972126612 checked=false stop=running
step=198 time=0.014822824443667221 dt=6.4990919210218995e-05 residual=12893.606666158819 checked=false stop=running
step=199 time=0.014887951900461547 dt=6.5127456794327056e-05 residual=12870.965819058689 checked=false stop=running
step=200 time=0.014953378308006318 dt=6.5426407544770819e-05 residual=12847.767914054293 checked=false stop=running
step=201 time=0.015019284834473462 dt=6.5906526467143984e-05 residual=12829.651840615716 checked=false stop=running
step=202 time=0.015085780913312818 dt=6.6496078839355923e-05 residual=12841.620444171584 checked=false stop=running
step=203 time=0.015152261334723409 dt=6.6480421410590641e-05 residual=12870.492445902773 checked=false stop=running
step=204 time=0.015218031231781993 dt=6.5769897058584235e-05 residual=12854.689556902924 checked=false stop=running
step=205 time=0.01528331350688634 dt=6.5282275104347508e-05 residual=12866.699260347888 checked=false stop=running
step=206 time=0.015348304910660113 dt=6.4991403773772638e-05 residual=12917.379227267646 checked=false stop=running
step=207 time=0.015413189118354067 dt=6.4884207693952813e-05 residual=12915.162309725411 checked=false stop=running
step=208 time=0.015478127161668326 dt=6.4938043314259549e-05 residual=12910.408674305247 checked=false stop=running
step=209 time=0.015543277642927535 dt=6.5150481259209335e-05 residual=12947.86860216093 checked=false stop=running
step=210 time=0.015608787032994393 dt=6.5509390066857638e-05 residual=12781.316525403467 checked=false stop=running
step=211 time=0.015674749599689987 dt=6.5962566695593598e-05 residual=12783.293268927506 checked=false stop=running
step=212 time=0.015741264101865379 dt=6.6514502175390444e-05 residual=12777.611192850422 checked=false stop=running
step=213 time=0.01580749439313741 dt=6.6230291272032204e-05 residual=12844.562137169913 checked=false stop=running
step=214 time=0.015873116509914492 dt=6.5622116777080684e-05 residual=12876.289491376961 checked=false stop=running
step=215 time=0.015938329890425051 dt=6.5213380510557173e-05 residual=12872.53354551488 checked=false stop=running
step=216 time=0.016003322077379173 dt=6.4992186954121933e-05 residual=12834.75322592836 checked=false stop=running
step=217 time=0.016068302528306013 dt=6.4980450926838503e-05 residual=12915.107587896429 checked=false stop=running
step=218 time=0.016133399324088932 dt=6.5096795782919027e-05 residual=12970.807315746348 checked=false stop=running
step=219 time=0.016198707004218861 dt=6.5307680129928481e-05 residual=12818.145650709153 checked=false stop=running
step=220 time=0.016264336519086937 dt=6.5629514868076387e-05 residual=12788.274191598235 checked=false stop=running
step=221 time=0.016330399235230435 dt=6.6062716143497523e-05 residual=12780.293913877056 checked=false stop=running
step=222 time=0.016397088453775008 dt=6.668921854457317e-05 residual=12790.705625060367 checked=false stop=running
step=223 time=0.016463329986904505 dt=6.6241533129497368e-05 residual=12847.006081956726 checked=false stop=running
step=224 time=0.016529016054737208 dt=6.5686067832701988e-05 residual=12847.025750512466 checked=false stop=running
step=225 time=0.016594379170598014 dt=6.5363115860805139e-05 residual=12849.676768088395 checked=false stop=running
step=226 time=0.016659585638929275 dt=6.5206468331262306e-05 residual=13019.572828920409 checked=false stop=running
step=227 time=0.016724838816887702 dt=6.5253177958425997e-05 residual=12892.885491891904 checked=false stop=running
step=228 time=0.016790210017796448 dt=6.5371200908745486e-05 residual=12813.180907413236 checked=false stop=running
step=229 time=0.016855752243377389 dt=6.5542225580941368e-05 residual=12810.383503645893 checked=false stop=running
step=230 time=0.016921561149997467 dt=6.5808906620077194e-05 residual=12851.320556129174 checked=false stop=running
step=231 time=0.016987742149300558 dt=6.6180999303092362e-05 residual=12847.819518902083 checked=false stop=running
step=232 time=0.017054435052154291 dt=6.6692902853732468e-05 residual=12842.063579253952 checked=false stop=running
step=233 time=0.017120720343553282 dt=6.6285291398991776e-05 residual=12867.515149535349 checked=false stop=running
step=234 time=0.017186531340292015 dt=6.581099673873248e-05 residual=12886.190230313243 checked=false stop=running
step=235 time=0.017251998919629245 dt=6.5467579337231551e-05 residual=12898.267556469787 checked=false stop=running
step=236 time=0.017316928130907495 dt=6.492921127825104e-05 residual=12992.25279472422 checked=false stop=running
step=237 time=0.017381726139180088 dt=6.479800827259173e-05 residual=12806.075350440844 checked=false stop=running
step=238 time=0.017446432474978377 dt=6.4706335798288373e-05 residual=12777.130377318254 checked=false stop=running
step=239 time=0.017511242582382201 dt=6.4810107403825022e-05 residual=12847.947535775053 checked=false stop=running
step=240 time=0.017576385823398554 dt=6.5143241016354426e-05 residual=12860.893132359695 checked=false stop=running
step=241 time=0.017642041688542831 dt=6.5655865144278639e-05 residual=12900.748934803054 checked=false stop=running
step=242 time=0.017708424272574415 dt=6.6382584031585249e-05 residual=12895.764765001928 checked=false stop=running
step=243 time=0.017774639083099231 dt=6.6214810524817076e-05 residual=12903.960499619418 checked=false stop=running
step=244 time=0.017840175437785821 dt=6.5536354686589809e-05 residual=12882.108310951207 checked=false stop=running
step=245 time=0.017905071968473636 dt=6.4896530687813704e-05 residual=13078.398629636911 checked=false stop=running
step=246 time=0.01796956758454064 dt=6.4495616067005039e-05 residual=13038.53386180318 checked=false stop=running
step=247 time=0.018033882748207615 dt=6.4315163666973593e-05 residual=12957.586189412907 checked=false stop=running
step=248 time=0.018098125714188163 dt=6.4242965980547517e-05 residual=12896.187562908068 checked=false stop=running
step=249 time=0.018162449037889716 dt=6.4323323701553586e-05 residual=12885.144228511843 checked=false stop=running
step=250 time=0.01822706828320958 dt=6.4619245319864397e-05 residual=12911.609365006781 checked=false stop=running
step=251 time=0.018292181725660214 dt=6.5113442450633936e-05 residual=12890.463068552766 checked=false stop=running
step=252 time=0.018358069656391553 dt=6.5887930731338532e-05 residual=12848.798628818877 checked=false stop=running
step=253 time=0.018424138049758475 dt=6.6068393366919921e-05 residual=12831.816185401958 checked=false stop=running
step=254 time=0.018489428563705137 dt=6.5290513946662457e-05 residual=12954.68813622969 checked=false stop=running
step=255 time=0.018554156674321368 dt=6.4728110616232653e-05 residual=12932.23349025587 checked=false stop=running
step=256 time=0.01861858058497913 dt=6.44239106577609e-05 residual=13100.552324295346 checked=false stop=running
step=257 time=0.018682879994464007 dt=6.4299409484876077e-05 residual=12875.436021568354 checked=false stop=running
step=258 time=0.018747238116634327 dt=6.4358122170320053e-05 residual=12910.890705351372 checked=false stop=running
step=259 time=0.018811747739496679 dt=6.4509622862353832e-05 residual=12880.913917744687 checked=false stop=running
step=260 time=0.01887657968888987 dt=6.4831949393189014e-05 residual=12743.235540269397 checked=false stop=running
step=261 time=0.018941899002630977 dt=6.5319313741105594e-05 residual=12799.828876054871 checked=false stop=running
step=262 time=0.019007969346949809 dt=6.6070344318831215e-05 residual=12963.425051950657 checked=false stop=running
step=263 time=0.019074081558382892 dt=6.6112211433083261e-05 residual=12833.574199689747 checked=false stop=running
step=264 time=0.019139525547884988 dt=6.5443989502095173e-05 residual=13075.337856530157 checked=false stop=running
step=265 time=0.019204560438675727 dt=6.5034890790738361e-05 residual=12798.551073162706 checked=false stop=running
step=266 time=0.019269568548130563 dt=6.5008109454837011e-05 residual=12801.244133212303 checked=false stop=running
step=267 time=0.019334453941941564 dt=6.4885393811002322e-05 residual=12893.261443493368 checked=false stop=running
step=268 time=0.019399387230107465 dt=6.4933288165900264e-05 residual=12810.559247284667 checked=false stop=running
step=269 time=0.019464517989018989 dt=6.5130758911524262e-05 residual=12828.993820963688 checked=false stop=running
step=270 time=0.019529997286443768 dt=6.5479297424777977e-05 residual=12820.544543378137 checked=false stop=running
step=271 time=0.01959600297865469 dt=6.6005692210922116e-05 residual=12817.665063902648 checked=false stop=running
step=272 time=0.019662127104557073 dt=6.6124125902383699e-05 residual=12978.812376563685 checked=false stop=running
step=273 time=0.019728056375507744 dt=6.5929270950670387e-05 residual=12917.758592802738 checked=false stop=running
step=274 time=0.019794050652821575 dt=6.599427731383023e-05 residual=13099.362180312697 checked=false stop=running
step=275 time=0.019859944052497764 dt=6.589339967618943e-05 residual=12980.038518877533 checked=false stop=running
step=276 time=0.019925885066417535 dt=6.5941013919772572e-05 residual=12863.323919688828 checked=false stop=running
step=277 time=0.019991824679715851 dt=6.5939613298315894e-05 residual=12821.301014434159 checked=false stop=running
step=278 time=0.020057875301915509 dt=6.6050622199658826e-05 residual=12819.673304870836 checked=false stop=running
step=279 time=0.020124153756116269 dt=6.6278454200761506e-05 residual=12861.596254386608 checked=false stop=running
step=280 time=0.020190814736097362 dt=6.6660979981092655e-05 residual=12895.703167744281 checked=false stop=running
step=281 time=0.020256974064256011 dt=6.6159328158649195e-05 residual=12877.284865674495 checked=false stop=running
step=282 time=0.020322843291448973 dt=6.5869227192963338e-05 residual=12894.159725041161 checked=false stop=running
step=283 time=0.020388676773695862 dt=6.5833482246890375e-05 residual=13073.007488830082 checked=false stop=running
step=284 time=0.020454421773394845 dt=6.5744999698982083e-05 residual=13059.100226368082 checked=false stop=running
step=285 time=0.020520174363961412 dt=6.5752590566566044e-05 residual=12952.268915698693 checked=false stop=running
step=286 time=0.020586080593786717 dt=6.5906229825305544e-05 residual=12912.458878421879 checked=false stop=running
step=287 time=0.020652091453231446 dt=6.6010859444730539e-05 residual=12907.704710692335 checked=false stop=running
step=288 time=0.020718232175316362 dt=6.614072208491477e-05 residual=12845.094405854501 checked=false stop=running
step=289 time=0.020784534873004037 dt=6.6302697687676841e-05 residual=12874.467053278733 checked=false stop=running
step=290 time=0.020850908030141845 dt=6.6373157137809244e-05 residual=12932.617438671519 checked=false stop=running
step=291 time=0.020916773753619011 dt=6.5865723477164184e-05 residual=13056.219806014811 checked=false stop=running
step=292 time=0.020982333312565354 dt=6.555955894634403e-05 residual=12928.15945270836 checked=false stop=running
step=293 time=0.021047829662399823 dt=6.549634983446894e-05 residual=12974.883604913566 checked=false stop=running
step=294 time=0.021113238654565328 dt=6.5408992165504114e-05 residual=12871.004730076182 checked=false stop=running
step=295 time=0.021178721929384598 dt=6.5483274819271354e-05 residual=12903.320074328967 checked=false stop=running
step=296 time=0.021244192242600806 dt=6.5470313216209081e-05 residual=12925.646159767513 checked=false stop=running
step=297 time=0.02130973476781196 dt=6.5542525211153475e-05 residual=12938.98150274312 checked=false stop=running
step=298 time=0.021375396645953733 dt=6.5661878141772833e-05 residual=12924.17553719372 checked=false stop=running
step=299 time=0.021441194740397657 dt=6.5798094443924858e-05 residual=12948.998939954203 checked=false stop=running
step=300 time=0.021507118792354566 dt=6.5924051956911159e-05 residual=12975.52835175007 checked=false stop=running
step=301 time=0.02157276349441916 dt=6.5644702064592426e-05 residual=13098.590434524309 checked=false stop=running
step=302 time=0.021638090686992118 dt=6.5327192572959335e-05 residual=13057.05180580876 checked=false stop=running
step=303 time=0.021703415687419167 dt=6.5325000427048901e-05 residual=12919.895668144809 checked=false stop=running
step=304 time=0.021768729025851131 dt=6.5313338431964124e-05 residual=12988.88548113704 checked=false stop=running
step=305 time=0.021833929171606734 dt=6.5200145755604295e-05 residual=13000.176962066205 checked=false stop=running
step=306 time=0.021899163029532692 dt=6.5233857925956531e-05 residual=13021.918740578258 checked=false stop=running
step=307 time=0.021964459251661916 dt=6.5296222129223631e-05 residual=13005.597253679778 checked=false stop=running
step=308 time=0.022029861688092525 dt=6.5402436430611006e-05 residual=13029.089230148958 checked=false stop=running
step=309 time=0.022095375912500652 dt=6.5514224408125325e-05 residual=13021.159265865821 checked=false stop=running
step=310 time=0.022160997613093893 dt=6.5621700593242437e-05 residual=13115.918311990677 checked=false stop=running
step=311 time=0.022226669394966165 dt=6.5671781872270069e-05 residual=12997.593736026623 checked=false stop=running
step=312 time=0.022292236222244299 dt=6.5566827278135538e-05 residual=13196.001064035934 checked=false stop=running
step=313 time=0.022357599031091312 dt=6.5362808847013539e-05 residual=13032.490184624192 checked=false stop=running
step=314 time=0.022422943872504323 dt=6.5344841413011128e-05 residual=13052.943080318893 checked=false stop=running
step=315 time=0.022488256621657498 dt=6.5312749153174229e-05 residual=13003.207085127389 checked=false stop=running
step=316 time=0.022553547682568374 dt=6.5291060910874294e-05 residual=13112.258967993244 checked=false stop=running
step=317 time=0.022618882357079231 dt=6.5334674510858498e-05 residual=13056.904104599702 checked=false stop=running
step=318 time=0.022684292984414281 dt=6.541062733505196e-05 residual=13102.495830106795 checked=false stop=running
step=319 time=0.022749792096819217 dt=6.5499112404935895e-05 residual=13124.719179427184 checked=false stop=running
step=320 time=0.022815352164758027 dt=6.5560067938810599e-05 residual=13121.769036534486 checked=false stop=running
step=321 time=0.022880967003018244 dt=6.5614838260215038e-05 residual=13238.980062940936 checked=false stop=running
step=322 time=0.022946657088438582 dt=6.5690085420337717e-05 residual=13096.372957178648 checked=false stop=running
step=323 time=0.023012275870962853 dt=6.561878252427172e-05 residual=13156.934430295751 checked=false stop=running
step=324 time=0.023077701225504885 dt=6.5425354542033703e-05 residual=13098.341090634915 checked=false stop=running
step=325 time=0.023143004889084239 dt=6.5303663579352282e-05 residual=13161.74802352408 checked=false stop=running
step=326 time=0.023208330563454477 dt=6.53256743702393e-05 residual=13126.583220398985 checked=false stop=running
step=327 time=0.023273739707749604 dt=6.5409144295128523e-05 residual=13152.779795245524 checked=false stop=running
step=328 time=0.023339230531513204 dt=6.5490823763600164e-05 residual=13173.410558489311 checked=false stop=running
step=329 time=0.023404752175325449 dt=6.5521643812244807e-05 residual=13298.400250363722 checked=false stop=running
step=330 time=0.023470349217141487 dt=6.5597041816036638e-05 residual=13236.095045841368 checked=false stop=running
step=331 time=0.023536010364277594 dt=6.5661147136106406e-05 residual=13357.948997919431 checked=false stop=running
step=332 time=0.023601759631367108 dt=6.5749267089513101e-05 residual=13215.002112887509 checked=false stop=running
step=333 time=0.023667540120980417 dt=6.5780489613310097e-05 residual=13214.517001045966 checked=false stop=running
step=334 time=0.023733139227592032 dt=6.559910661161337e-05 residual=13188.088015914527 checked=false stop=running
step=335 time=0.02379864441955833 dt=6.5505191966299008e-05 residual=13235.52856602614 checked=false stop=running
step=336 time=0.023864166908365684 dt=6.5522488807353007e-05 residual=13243.376958112749 checked=false stop=running
step=337 time=0.023929740874342985 dt=6.5573965977300242e-05 residual=13223.637401401917 checked=false stop=running
step=338 time=0.023995326673385147 dt=6.5585799042161758e-05 residual=13318.199891231738 checked=false stop=running
step=339 time=0.024060963624594887 dt=6.5636951209738776e-05 residual=13422.010126607529 checked=false stop=running
step=340 time=0.024126680682985631 dt=6.5717058390744626e-05 residual=13427.089068337387 checked=false stop=running
step=341 time=0.024192467167343971 dt=6.5786484358341151e-05 residual=13328.494901020034 checked=false stop=running
step=342 time=0.024258169441945178 dt=6.570227460120785e-05 residual=13270.560786500999 checked=false stop=running
step=343 time=0.024323747276951014 dt=6.55778350058344e-05 residual=13228.768523124865 checked=false stop=running
step=344 time=0.024389203938514865 dt=6.5456661563852126e-05 residual=13270.075841045684 checked=false stop=running
step=345 time=0.024454581759076249 dt=6.5377820561385706e-05 residual=13281.694755568091 checked=false stop=running
step=346 time=0.024519934877199775 dt=6.535311812352467e-05 residual=13318.216381200351 checked=false stop=running
step=347 time=0.024585315702932039 dt=6.5380825732263829e-05 residual=13333.579460628645 checked=false stop=running
step=348 time=0.024650771457627937 dt=6.5455754695896898e-05 residual=13354.784491141936 checked=false stop=running
step=349 time=0.024716345869353801 dt=6.5574411725864928e-05 residual=13542.031318319936 checked=false stop=running
step=350 time=0.024782079221835101 dt=6.5733352481298017e-05 residual=13527.294791295739 checked=false stop=running
step=351 time=0.024847654903209362 dt=6.5575681374261709e-05 residual=13535.154003671678 checked=false stop=running
step=352 time=0.024913065564395376 dt=6.54106611860157e-05 residual=13375.281580236702 checked=false stop=running
step=353 time=0.024978361930690661 dt=6.5296366295284516e-05 residual=13425.308108783174 checked=false stop=running
step=354 time=0.025043548079681979 dt=6.5186148991316296e-05 residual=13396.05839777785 checked=false stop=running
step=355 time=0.025108667186498276 dt=6.51191068162981e-05 residual=13394.250502333094 checked=false stop=running
step=356 time=0.025173772513471498 dt=6.5105326973222119e-05 residual=13410.30957167879 checked=false stop=running
step=357 time=0.025238912295731768 dt=6.5139782260268607e-05 residual=13495.675684888514 checked=false stop=running
step=358 time=0.025304130969654483 dt=6.5218673922716377e-05 residual=13500.178399684446 checked=false stop=running
step=359 time=0.025369470272705304 dt=6.5339303050821206e-05 residual=13646.501029612973 checked=false stop=running
step=360 time=0.025434967074860079 dt=6.5496802154774405e-05 residual=13530.759106173928 checked=false stop=running
step=361 time=0.025500262346676725 dt=6.5295271816646425e-05 residual=13614.94885040253 checked=false stop=running
step=362 time=0.025565433469818235 dt=6.5171123141510921e-05 residual=13500.592058298655 checked=false stop=running
step=363 time=0.025630516055180914 dt=6.5082585362679171e-05 residual=13531.22397858486 checked=false stop=running
step=364 time=0.025695504745453679 dt=6.4988690272762853e-05 residual=13556.699214258399 checked=false stop=running
step=365 time=0.025760450364350939 dt=6.4945618897261452e-05 residual=13531.90715131694 checked=false stop=running
step=366 time=0.025825399250164825 dt=6.4948885813887494e-05 residual=13540.239261153405 checked=false stop=running
step=367 time=0.025890393862894105 dt=6.499461272927828e-05 residual=13580.317134832896 checked=false stop=running
step=368 time=0.025955472954730018 dt=6.5079091835914122e-05 residual=13615.845663795981 checked=false stop=running
step=369 time=0.026020672344322447 dt=6.5199389592428289e-05 residual=13757.423991081163 checked=false stop=running
step=370 time=0.026086021538272979 dt=6.5349193950531282e-05 residual=13707.714624759199 checked=false stop=running
step=371 time=0.026151193997623511 dt=6.5172459350530681e-05 residual=13600.390463559728 checked=false stop=running
step=372 time=0.02621624609819314 dt=6.5052100569628607e-05 residual=13665.448039700859 checked=false stop=running
step=373 time=0.026281215661966686 dt=6.4969563773547141e-05 residual=13701.321736670534 checked=false stop=running
step=374 time=0.026346101912970529 dt=6.4886251003841967e-05 residual=13818.767809865034 checked=false stop=running
step=375 time=0.026410952996652647 dt=6.4851083682118248e-05 residual=13608.675364722028 checked=false stop=running
step=376 time=0.026475812465415992 dt=6.4859468763343677e-05 residual=13650.864484826079 checked=false stop=running
step=377 time=0.026540726593747808 dt=6.4914128331815005e-05 residual=13648.170290662214 checked=false stop=running
step=378 time=0.026605752574579627 dt=6.5025980831816911e-05 residual=13744.408772894409 checked=false stop=running
step=379 time=0.02667091017961281 dt=6.5157605033183019e-05 residual=13667.649253184551 checked=false stop=running
step=380 time=0.026736210062501882 dt=6.5299882889072235e-05 residual=13777.050929781413 checked=false stop=running
step=381 time=0.026801359349015758 dt=6.5149286513876598e-05 residual=13648.300353810446 checked=false stop=running
step=382 time=0.026866404028952618 dt=6.5044679936859348e-05 residual=13745.250825939731 checked=false stop=running
step=383 time=0.026931375241881658 dt=6.4971212929039836e-05 residual=13832.303469576102 checked=false stop=running
step=384 time=0.026996268717490789 dt=6.4893475609132254e-05 residual=13872.897545689984 checked=false stop=running
step=385 time=0.027061139621125618 dt=6.4870903634827346e-05 residual=13751.905712275198 checked=false stop=running
step=386 time=0.027126059071363656 dt=6.4919450238038875e-05 residual=13661.694086844902 checked=false stop=running
step=387 time=0.02719105246055083 dt=6.4993389187173434e-05 residual=13689.236623120023 checked=false stop=running
step=388 time=0.027256140296830982 dt=6.5087836280150214e-05 residual=13797.654298098914 checked=false stop=running
step=389 time=0.027321342198747049 dt=6.5201901916066315e-05 residual=13807.905952982368 checked=false stop=running
step=390 time=0.027386671051108001 dt=6.5328852360953108e-05 residual=13707.257517171935 checked=false stop=running
step=391 time=0.027451944712402997 dt=6.5273661294996922e-05 residual=13718.386504375056 checked=false stop=running
step=392 time=0.027517118740568631 dt=6.5174028165634602e-05 residual=13879.6137929775 checked=false stop=running
step=393 time=0.027582215864309954 dt=6.5097123741322084e-05 residual=13858.323936594412 checked=false stop=running
step=394 time=0.027647243548378324 dt=6.5027684068371134e-05 residual=13768.090161891219 checked=false stop=running
step=395 time=0.027712263062171404 dt=6.5019513793081602e-05 residual=13728.026982014613 checked=false stop=running
step=396 time=0.02777732783892398 dt=6.5064776752573841e-05 residual=13747.253212391191 checked=false stop=running
step=397 time=0.027842435134817458 dt=6.5107295893479164e-05 residual=13798.094787209096 checked=false stop=running
step=398 time=0.027907600663462435 dt=6.5165528644978057e-05 residual=13915.052537962423 checked=false stop=running
step=399 time=0.027972844720773455 dt=6.5244057311019687e-05 residual=13849.100885960854 checked=false stop=running
step=400 time=0.02803818462349943 dt=6.5339902725973311e-05 residual=13724.683343434406 checked=false stop=running
step=401 time=0.028103640093922504 dt=6.5455470423075754e-05 residual=13799.204174560569 checked=false stop=running
step=402 time=0.028169043321239866 dt=6.5403227317361031e-05 residual=13772.339081876864 checked=false stop=running
step=403 time=0.028234338586820236 dt=6.5295265580369332e-05 residual=13781.908828282865 checked=false stop=running
step=404 time=0.028299525064622636 dt=6.5186477802398892e-05 residual=13711.425435796247 checked=false stop=running
step=405 time=0.028364644129532386 dt=6.511906490975037e-05 residual=13802.917587458602 checked=false stop=running
step=406 time=0.028429783195071962 dt=6.5139065539577008e-05 residual=13782.932760997752 checked=false stop=running
step=407 time=0.028494968516130686 dt=6.5185321058723613e-05 residual=13899.298534992648 checked=false stop=running
step=408 time=0.028560189918597014 dt=6.5221402466327007e-05 residual=13902.983036331416 checked=false stop=running
step=409 time=0.028625470276846872 dt=6.5280358249858474e-05 residual=13782.11490020109 checked=false stop=running
step=410 time=0.028690822393193212 dt=6.5352116346339959e-05 residual=13794.779274388804 checked=false stop=running
step=411 time=0.028756270834144934 dt=6.5448440951723608e-05 residual=13821.803173347613 checked=false stop=running
step=412 time=0.028821824904349317 dt=6.5554070204383867e-05 residual=13772.217093010993 checked=false stop=running
step=413 time=0.028887368177479483 dt=6.5543273130165043e-05 residual=13781.178221271073 checked=false stop=running
step=414 time=0.028952849172839027 dt=6.5480995359545982e-05 residual=13808.085169913582 checked=false stop=running
step=415 time=0.0290182433144489 dt=6.5394141609872677e-05 residual=13829.356302149761 checked=false stop=running
step=416 time=0.029083624912369099 dt=6.538159792019906e-05 residual=13879.494097721086 checked=false stop=running
step=417 time=0.029148974795186289 dt=6.5349882817189239e-05 residual=13955.95029964306 checked=false stop=running
step=418 time=0.029214006472221773 dt=6.5031677035483254e-05 residual=13921.536685759396 checked=false stop=running
step=419 time=0.029278895094608518 dt=6.4888622386745013e-05 residual=13851.581886057733 checked=false stop=running
step=420 time=0.029343778778165172 dt=6.4883683556653834e-05 residual=13853.923125390318 checked=false stop=running
step=421 time=0.029408839539775352 dt=6.5060761610181487e-05 residual=13802.471825431336 checked=false stop=running
step=422 time=0.029474275585275274 dt=6.543604549992234e-05 residual=13779.615820406139 checked=false stop=running
step=423 time=0.029539811375960172 dt=6.5535790684896316e-05 residual=13825.179051620553 checked=false stop=running
step=424 time=0.029605385337532909 dt=6.5573961572736505e-05 residual=13875.598777317949 checked=false stop=running
step=425 time=0.029670977184330684 dt=6.5591846797775959e-05 residual=13900.660406802737 checked=false stop=running
step=426 time=0.02973637716557815 dt=6.5399981247466678e-05 residual=13861.439935822873 checked=false stop=running
step=427 time=0.029801399073784225 dt=6.5021908206076059e-05 residual=14055.06333103199 checked=false stop=running
step=428 time=0.029866214928439661 dt=6.4815854655434987e-05 residual=13983.989042545287 checked=false stop=running
step=429 time=0.029930966949661596 dt=6.4752021221934779e-05 residual=13831.528130664532 checked=false stop=running
step=430 time=0.029995791811972969 dt=6.4824862311373512e-05 residual=13848.727790384151 checked=false stop=running
step=431 time=0.030060866049424005 dt=6.50742374510368e-05 residual=13828.383834527927 checked=false stop=running
step=432 time=0.030126091043665582 dt=6.522499424157546e-05 residual=13812.617368967072 checked=false stop=running
step=433 time=0.030191345644000774 dt=6.525460033519213e-05 residual=13898.103873631993 checked=false stop=running
step=434 time=0.030256647707976776 dt=6.5302063976001735e-05 residual=13871.938463667857 checked=false stop=running
step=435 time=0.030321996761637479 dt=6.5349053660704312e-05 residual=13923.430651328463 checked=false stop=running
step=436 time=0.030387371526645505 dt=6.5374765008025326e-05 residual=13882.670943048301 checked=false stop=running
step=437 time=0.030452535916061892 dt=6.5164389416386332e-05 residual=14005.590416041292 checked=false stop=running
step=438 time=0.030517528605657009 dt=6.4992689595117666e-05 residual=13965.267272987066 checked=false stop=running
step=439 time=0.030582478278257885 dt=6.4949672600874523e-05 residual=13899.339512001725 checked=false stop=running
step=440 time=0.030647540032098776 dt=6.506175384089126e-05 residual=13849.152959664265 checked=false stop=running
step=441 time=0.030712675527917375 dt=6.5135495818599467e-05 residual=13854.199588235268 checked=false stop=running
step=442 time=0.030777865709801813 dt=6.5190181884436824e-05 residual=13925.740219023488 checked=false stop=running
step=443 time=0.030843106583926819 dt=6.524087412500497e-05 residual=13934.147003345852 checked=false stop=running
step=444 time=0.030908339619466353 dt=6.5233035539534237e-05 residual=13917.899730427058 checked=false stop=running
step=445 time=0.030973579799303683 dt=6.5240179837329577e-05 residual=13935.211065111527 checked=false stop=running
step=446 time=0.031038840000869709 dt=6.5260201566024758e-05 residual=13908.266249079403 checked=false stop=running
step=447 time=0.031104105201418597 dt=6.5265200548888361e-05 residual=14019.61295067842 checked=false stop=running
step=448 time=0.03116939340297287 dt=6.5288201554274534e-05 residual=13907.341371974915 checked=false stop=running
step=449 time=0.031234739291821065 dt=6.534588884819461e-05 residual=13954.164074252925 checked=false stop=running
step=450 time=0.031300080343920435 dt=6.5341052099371458e-05 residual=13938.399716150905 checked=false stop=running
step=451 time=0.031365405080668873 dt=6.5324736748435615e-05 residual=13930.461024979617 checked=false stop=running
step=452 time=0.031430724238276551 dt=6.5319157607679406e-05 residual=13971.771838113613 checked=false stop=running
step=453 time=0.031496046544726715 dt=6.5322306450161399e-05 residual=13911.160681618816 checked=false stop=running
step=454 time=0.031561363231355673 dt=6.5316686628957341e-05 residual=14022.395161476721 checked=false stop=running
step=455 time=0.031626675234001381 dt=6.5312002645706368e-05 residual=13986.566116039779 checked=false stop=running
step=456 time=0.031691995920889372 dt=6.5320686887994554e-05 residual=14147.93874925417 checked=false stop=running
step=457 time=0.031757296237875723 dt=6.5300316986349253e-05 residual=14065.513418423045 checked=false stop=running
step=458 time=0.031822608169063744 dt=6.5311931188017765e-05 residual=14011.224439045693 checked=false stop=running
step=459 time=0.031887874502366513 dt=6.5266333302768247e-05 residual=14016.582887950981 checked=false stop=running
step=460 time=0.031953094278916877 dt=6.5219776550366979e-05 residual=13957.403153501853 checked=false stop=running
step=461 time=0.03201847407705747 dt=6.5379798140593031e-05 residual=13982.855504762789 checked=false stop=running
step=462 time=0.032083752651324418 dt=6.5278574266946178e-05 residual=14012.602068139751 checked=false stop=running
step=463 time=0.032149003198553926 dt=6.5250547229508913e-05 residual=14032.886040802885 checked=false stop=running
step=464 time=0.032214325239627042 dt=6.5322041073114726e-05 residual=14032.962175537001 checked=false stop=running
step=465 time=0.032279644720354508 dt=6.5319480727465392e-05 residual=14060.502587502782 checked=false stop=running
step=466 time=0.032344683947158122 dt=6.5039226803614191e-05 residual=14195.403304991616 checked=false stop=running
step=467 time=0.032409254570890569 dt=6.4570623732447202e-05 residual=14120.456938110578 checked=false stop=running
step=468 time=0.032473567819323132 dt=6.431324843256176e-05 residual=14050.931909104378 checked=false stop=running
step=469 time=0.032537788600410629 dt=6.4220781087500429e-05 residual=14000.428770045226 checked=false stop=running
step=470 time=0.032602091572106966 dt=6.4302971696335423e-05 residual=13971.168758394198 checked=false stop=running
step=471 time=0.03266660562386843 dt=6.4514051761461436e-05 residual=14020.462615125665 checked=false stop=running
step=472 time=0.032731496610528342 dt=6.489098665991307e-05 residual=13997.499472718653 checked=false stop=running
step=473 time=0.032796339131867268 dt=6.4842521338926023e-05 residual=14087.622576479496 checked=false stop=running
step=474 time=0.032861226097556658 dt=6.4886965689389662e-05 residual=14100.708448352174 checked=false stop=running
step=475 time=0.032926140943378951 dt=6.4914845822295567e-05 residual=14065.712516879526 checked=false stop=running
step=476 time=0.032990373788217425 dt=6.4232844838471063e-05 residual=14206.706380854437 checked=false stop=running
step=477 time=0.033054142558013047 dt=6.3768769795623733e-05 residual=14125.017523917673 checked=false stop=running
step=478 time=0.033117645900106844 dt=6.3503342093799365e-05 residual=14071.64321518979 checked=false stop=running
step=479 time=0.033181045041713396 dt=6.3399141606549898e-05 residual=14045.198508189163 checked=false stop=running
step=480 time=0.033244480740257286 dt=6.343569854388893e-05 residual=14070.988644537469 checked=false stop=running
step=481 time=0.033308125019381817 dt=6.3644279124533304e-05 residual=14099.320788783063 checked=false stop=running
step=482 time=0.033372139426755543 dt=6.4014407373723121e-05 residual=14135.736717836335 checked=false stop=running
step=483 time=0.033436697708881406 dt=6.4558282125860855e-05 residual=14155.078826221743 checked=false stop=running
step=484 time=0.03350135918691078 dt=6.4661478029375344e-05 residual=14099.51558484341 checked=false stop=running
step=485 time=0.033565740338204475 dt=6.4381151293697709e-05 residual=14194.152981535393 checked=false stop=running
step=486 time=0.033629507039337647 dt=6.3766701133169548e-05 residual=14172.281355955403 checked=false stop=running
step=487 time=0.033692867848735888 dt=6.3360809398244761e-05 residual=14266.394523718294 checked=false stop=running
step=488 time=0.033756026934849331 dt=6.3159086113446326e-05 residual=14149.286073893385 checked=false stop=running
step=489 time=0.033819084367356665 dt=6.3057432507335803e-05 residual=14089.673112913444 checked=false stop=running
step=490 time=0.033882165233282614 dt=6.3080865925951656e-05 residual=14169.698964230522 checked=false stop=running
step=491 time=0.033945428128848765 dt=6.3262895566147166e-05 residual=14163.657271837801 checked=false stop=running
step=492 time=0.034009028031206534 dt=6.3599902357768e-05 residual=14136.000702638128 checked=false stop=running
step=493 time=0.034073138955183754 dt=6.4110923977218258e-05 residual=14156.992636986823 checked=false stop=running
step=494 time=0.03413785031503988 dt=6.471135985612859e-05 residual=14231.021641404568 checked=false stop=running
step=495 time=0.034202211555479874 dt=6.4361240439992111e-05 residual=14186.215256573536 checked=false stop=running
step=496 time=0.034266006236552529 dt=6.3794681072654619e-05 residual=14212.839718593326 checked=false stop=running
step=497 time=0.034329415078841914 dt=6.3408842289385442e-05 residual=14304.196689767728 checked=false stop=running
step=498 time=0.034392607319203308 dt=6.3192240361390866e-05 residual=14243.942391544606 checked=false stop=running
step=499 time=0.034455671348641664 dt=6.3064029438357749e-05 residual=14162.427651877289 checked=false stop=running
step=500 time=0.034518732725589432 dt=6.3061376947766225e-05 residual=14131.165390327016 checked=false stop=running
step=501 time=0.03458193010054296 dt=6.3197374953524919e-05 residual=14194.057322605366 checked=false stop=running
step=502 time=0.034645432467267118 dt=6.3502366724154979e-05 residual=14250.362327368895 checked=false stop=running
step=503 time=0.034709410405135317 dt=6.3977937868202412e-05 residual=14225.45195375052 checked=false stop=running
step=504 time=0.034774027560875144 dt=6.4617155739825897e-05 residual=14262.164784820588 checked=false stop=running
step=505 time=0.03483864078249465 dt=6.4613221619507522e-05 residual=14325.011966841508 checked=false stop=running
step=506 time=0.034902697263814841 dt=6.4056481320189798e-05 residual=14182.968861498899 checked=false stop=running
step=507 time=0.034966386280110298 dt=6.3689016295455944e-05 residual=14365.816783349295 checked=false stop=running
step=508 time=0.035029844438157744 dt=6.3458158047443596e-05 residual=14306.734083741741 checked=false stop=running
step=509 time=0.035093189209115347 dt=6.3344770957603837e-05 residual=14284.857485114348 checked=false stop=running
step=510 time=0.035156542061527539 dt=6.335285241219042e-05 residual=14282.262638124415 checked=false stop=running
step=511 time=0.035220032887111785 dt=6.3490825584242751e-05 residual=14277.79492999689 checked=false stop=running
step=512 time=0.035283819705306113 dt=6.3786818194325025e-05 residual=14278.157813808928 checked=false stop=running
step=513 time=0.035348063379125355 dt=6.424367381924003e-05 residual=14281.921293232941 checked=false stop=running
step=514 time=0.035412752839996828 dt=6.4689460871470182e-05 residual=14338.936748222348 checked=false stop=running
step=515 time=0.03547748053331589 dt=6.4727693319059531e-05 residual=14241.794928193172 checked=false stop=running
step=516 time=0.035542067900320454 dt=6.4587367004563753e-05 residual=14371.342811240696 checked=false stop=running
step=517 time=0.035606298278414633 dt=6.4230378094179514e-05 residual=14446.129689757618 checked=false stop=running
step=518 time=0.035670301151654725 dt=6.400287324009074e-05 residual=14441.612914080317 checked=false stop=running
step=519 time=0.035734221561113014 dt=6.3920409458289158e-05 residual=14292.108917982223 checked=false stop=running
step=520 time=0.035798169439588273 dt=6.3947878475259878e-05 residual=14306.880947371263 checked=false stop=running
step=521 time=0.03586227783620053 dt=6.4108396612257525e-05 residual=14336.35688248455 checked=false stop=running
step=522 time=0.03592668468774575 dt=6.4406851545218609e-05 residual=14320.902677592057 checked=false stop=running
step=523 time=0.035991155378664083 dt=6.447069091833048e-05 residual=14273.003040831018 checked=false stop=running
step=524 time=0.03605563994892344 dt=6.4484570259354997e-05 residual=14311.960207513697 checked=false stop=running
step=525 time=0.036120148906949381 dt=6.4508958025943786e-05 residual=14341.120476156038 checked=false stop=running
step=526 time=0.0361846927958435 dt=6.4543888894120984e-05 residual=14349.899880511175 checked=false stop=running
step=527 time=0.036249254706106217 dt=6.4561910262715593e-05 residual=14507.285129112592 checked=false stop=running
step=528 time=0.036313400307659706 dt=6.4145601553486077e-05 residual=14447.711219669725 checked=false stop=running
step=529 time=0.036377314962112738 dt=6.3914654453034068e-05 residual=14370.704430528696 checked=false stop=running
step=530 time=0.036441193749872952 dt=6.3878787760214239e-05 residual=14367.60398261408 checked=false stop=running
step=531 time=0.036505213069572072 dt=6.40193196991192e-05 residual=14414.594199204264 checked=false stop=running
step=532 time=0.036569536658202478 dt=6.4323588630405798e-05 residual=14439.600247456188 checked=false stop=running
step=533 time=0.036633940176166668 dt=6.4403517964187776e-05 residual=14327.313841398141 checked=false stop=running
step=534 time=0.036698356017785698 dt=6.4415841619032887e-05 residual=14401.391255554685 checked=false stop=running
step=535 time=0.036762799818825569 dt=6.4443801039872718e-05 residual=14417.004212263084 checked=false stop=running
step=536 time=0.03682702402005656 dt=6.422420123099011e-05 residual=14403.344420341748 checked=false stop=running
step=537 time=0.036890713296091893 dt=6.3689276035331521e-05 residual=14488.307798936399 checked=false stop=running
step=538 time=0.036954073323652428 dt=6.3360027560534831e-05 residual=14500.30606520836 checked=false stop=running
step=539 time=0.037017272439186906 dt=6.3199115534477129e-05 residual=14281.34528414667 checked=false stop=running
step=540 time=0.037080478393488374 dt=6.3205954301464784e-05 residual=14369.793555030476 checked=false stop=running
step=541 time=0.037143819074269599 dt=6.3340680781221896e-05 residual=14373.303767513751 checked=false stop=running
step=542 time=0.037207421097408475 dt=6.36020231388748e-05 residual=14374.077267701738 checked=false stop=running
step=543 time=0.037271447411726333 dt=6.4026314317861642e-05 residual=14394.838599176872 checked=false stop=running
step=544 time=0.037335889250761971 dt=6.4441839035638142e-05 residual=14445.170769393877 checked=false stop=running
step=545 time=0.037400036143797721 dt=6.4146893035747367e-05 residual=14459.308497961792 checked=false stop=running
step=546 time=0.037463535772571693 dt=6.3499628773970319e-05 residual=14463.948101455222 checked=false stop=running
step=547 time=0.037526586064579738 dt=6.3050292008042422e-05 residual=14561.442463505955 checked=false stop=running
step=548 time=0.037589355972761987 dt=6.2769908182245941e-05 residual=14505.292634486634 checked=false stop=running
step=549 time=0.037651989718062398 dt=6.2633745300409382e-05 residual=14413.878403915345 checked=false stop=running
step=550 time=0.037714598112208168 dt=6.260839414576909e-05 residual=14422.288158267078 checked=false stop=running
step=551 time=0.037777317177943553 dt=6.2719065735384035e-05 residual=14348.775658205488 checked=false stop=running
step=552 time=0.037840291172915375 dt=6.2973994971823066e-05 residual=14412.071249853127 checked=false stop=running
step=553 time=0.037903686924641099 dt=6.3395751725723822e-05 residual=14434.934563768229 checked=false stop=running
step=554 time=0.037967668763206404 dt=6.3981838565306653e-05 residual=14507.630789010002 checked=false stop=running
step=555 time=0.038031538884131105 dt=6.3870120924700791e-05 residual=14513.027032264959 checked=false stop=running
step=556 time=0.038094789262288244 dt=6.3250378157140061e-05 residual=14492.419675898098 checked=false stop=running
step=557 time=0.038157602757094601 dt=6.2813494806357925e-05 residual=14521.026316302796 checked=false stop=running
step=558 time=0.038220138129253588 dt=6.2535372158986323e-05 residual=14520.00442436547 checked=false stop=running
step=559 time=0.038282513291381742 dt=6.2375162128156967e-05 residual=14395.600060255605 checked=false stop=running
step=560 time=0.038344849616037228 dt=6.2336324655483589e-05 residual=14388.613808799573 checked=false stop=running
step=561 time=0.038407273455178241 dt=6.2423839141010728e-05 residual=14457.379395798978 checked=false stop=running
step=562 time=0.038469946349105021 dt=6.2672893926780755e-05 residual=14429.708948524816 checked=false stop=running
step=563 time=0.038533029632776709 dt=6.3083283671687179e-05 residual=14446.395065312896 checked=false stop=running
step=564 time=0.038596661502650557 dt=6.3631869873847935e-05 residual=14532.528907155429 checked=false stop=running
step=565 time=0.03866088158373028 dt=6.4220081079725784e-05 residual=14513.514713587107 checked=false stop=running
step=566 time=0.038724484272566334 dt=6.3602688836050637e-05 residual=14540.776519526113 checked=false stop=running
step=567 time=0.038787632154908165 dt=6.3147882341831716e-05 residual=14688.81143507822 checked=false stop=running
step=568 time=0.038850497877093694 dt=6.2865722185526362e-05 residual=14655.863264893125 checked=false stop=running
step=569 time=0.038913208493176442 dt=6.2710616082749311e-05 residual=14500.872122483706 checked=false stop=running
step=570 time=0.038975853372591338 dt=6.2644879414894549e-05 residual=14363.280640849496 checked=false stop=running
step=571 time=0.039038551102532737 dt=6.2697729941399235e-05 residual=14478.285421697372 checked=false stop=running
step=572 time=0.039101459341441776 dt=6.2908238909041396e-05 residual=14466.400790042844 checked=false stop=running
step=573 time=0.039164744722776035 dt=6.3285381334255867e-05 residual=14546.014623986066 checked=false stop=running
step=574 time=0.039228519826118996 dt=6.3775103342960971e-05 residual=14510.94317642307 checked=false stop=running
step=575 time=0.039292895780444856 dt=6.4375954325859825e-05 residual=14453.120136727792 checked=false stop=running
step=576 time=0.039357056752876103 dt=6.4160972431243868e-05 residual=14512.09468615695 checked=false stop=running
step=577 time=0.039420755262986433 dt=6.3698510110326727e-05 residual=14842.064041296417 checked=false stop=running
step=578 time=0.03948413441043807 dt=6.3379147451635541e-05 residual=14632.454716201124 checked=false stop=running
step=579 time=0.039547362982993418 dt=6.3228572555350297e-05 residual=14456.411274690297 checked=false stop=running
step=580 time=0.039610545012586443 dt=6.3182029593025803e-05 residual=14561.153900021096 checked=false stop=running
step=581 time=0.039673793451683113 dt=6.3248439096673113e-05 residual=14450.511065016241 checked=false stop=running
step=582 time=0.039737200069754744 dt=6.3406618071629842e-05 residual=14524.348816841284 checked=false stop=running
step=583 time=0.039800870582421398 dt=6.3670512666654739e-05 residual=14518.262948936544 checked=false stop=running
step=584 time=0.03986489900551287 dt=6.4028423091468941e-05 residual=14604.782858498422 checked=false stop=running
step=585 time=0.039929403135827053 dt=6.4504130314181881e-05 residual=14551.407299708299 checked=false stop=running
step=586 time=0.039994204615251418 dt=6.4801479424365338e-05 residual=14739.276499725624 checked=false stop=running
step=587 time=0.040058444092687842 dt=6.4239477436424494e-05 residual=14952.335786345471 checked=false stop=running
step=588 time=0.040122031403593827 dt=6.3587310905987451e-05 residual=14749.479029078673 checked=false stop=running
step=589 time=0.040185185479756254 dt=6.3154076162425649e-05 residual=14552.765101342509 checked=false stop=running
step=590 time=0.040248101026462021 dt=6.2915546705769377e-05 residual=14540.051929534253 checked=false stop=running
step=591 time=0.040311001527876034 dt=6.2900501414010475e-05 residual=14533.926849478525 checked=false stop=running
step=592 time=0.040374091058946973 dt=6.3089531070937733e-05 residual=14535.065724900565 checked=false stop=running
step=593 time=0.040437539092993711 dt=6.3448034046735733e-05 residual=14580.320112929725 checked=false stop=running
step=594 time=0.040501526134834646 dt=6.3987041840936256e-05 residual=14707.062109683853 checked=false stop=running
step=595 time=0.040566233977460349 dt=6.4707842625703562e-05 residual=14655.304948295843 checked=false stop=running
step=596 time=0.040630125093080095 dt=6.3891115619747827e-05 residual=14738.984545380801 checked=false stop=running
step=597 time=0.040693260643816377 dt=6.3135550736280959e-05 residual=14965.80463035116 checked=false stop=running
step=598 time=0.040755871371486729 dt=6.2610727670352114e-05 residual=14775.330884989082 checked=false stop=running
step=599 time=0.040818157090217418 dt=6.2285718730690636e-05 residual=14568.005058008774 checked=false stop=running
step=600 time=0.040880289777464746 dt=6.2132687247330626e-05 residual=14540.636264569013 checked=false stop=running
step=601 time=0.040942439614570295 dt=6.2149837105551439e-05 residual=14599.522407786499 checked=false stop=running
step=602 time=0.041004810702529634 dt=6.2371087959337232e-05 residual=14583.562170257317 checked=false stop=running
step=603 time=0.04106758076260255 dt=6.2770060072912624e-05 residual=14572.368492758334 checked=false stop=running
step=604 time=0.041130859904491592 dt=6.3279141889039921e-05 residual=14664.594345861233 checked=false stop=running
step=605 time=0.041194822313023273 dt=6.396240853167978e-05 residual=14665.031383121057 checked=false stop=running
step=606 time=0.041258257648432294 dt=6.3435335409018991e-05 residual=14737.199411465048 checked=false stop=running
step=607 time=0.041321023823843867 dt=6.2766175411573587e-05 residual=14840.595424110876 checked=false stop=running
step=608 time=0.041383332032833432 dt=6.2308208989565888e-05 residual=14740.98546534299 checked=false stop=running
step=609 time=0.041445374069729313 dt=6.2042036895880773e-05 residual=14660.102715267032 checked=false stop=running
step=610 time=0.041507310725650753 dt=6.1936655921443785e-05 residual=14499.647736938779 checked=false stop=running
step=611 time=0.041569269894533287 dt=6.1959168882532342e-05 residual=14598.050497943903 checked=false stop=running
step=612 time=0.041631375338559179 dt=6.2105444025888936e-05 residual=14579.340126224164 checked=false stop=running
step=613 time=0.041693790899596475 dt=6.241556103729757e-05 residual=14662.123302594015 checked=false stop=running
step=614 time=0.041756688729013357 dt=6.2897829416881751e-05 residual=14653.843416116651 checked=false stop=running
step=615 time=0.04182024732047223 dt=6.3558591458871982e-05 residual=14617.149105706034 checked=false stop=running
step=616 time=0.041883743174100603 dt=6.3495853628376387e-05 residual=14693.759082966493 checked=false stop=running
step=617 time=0.041946629054115767 dt=6.2885880015166578e-05 residual=14724.88151108111 checked=false stop=running
step=618 time=0.042009089524516527 dt=6.2460470400761239e-05 residual=14757.690939576729 checked=false stop=running
step=619 time=0.042071267747954839 dt=6.2178223438312814e-05 residual=14670.024280871376 checked=false stop=running
step=620 time=0.042133296193495436 dt=6.202844554059431e-05 residual=14576.084160154232 checked=false stop=running
step=621 time=0.042195296892792875 dt=6.2000699297435702e-05 residual=14640.673775673644 checked=false stop=running
step=622 time=0.042257389687134571 dt=6.2092794341693335e-05 residual=14572.185479624311 checked=false stop=running
step=623 time=0.042319750452419404 dt=6.2360765284832771e-05 residual=14651.01588635388 checked=false stop=running
step=624 time=0.04238258203271348 dt=6.2831580294077691e-05 residual=14619.94730772249 checked=false stop=running
step=625 time=0.04244600065991419 dt=6.3418627200713791e-05 residual=14607.743386422169 checked=false stop=running
step=626 time=0.042510114986543571 dt=6.4114326629381612e-05 residual=14607.85699306967 checked=false stop=running
step=627 time=0.042573561788170095 dt=6.3446801626521418e-05 residual=14711.573060370391 checked=false stop=running
step=628 time=0.042636520108301275 dt=6.295832013117934e-05 residual=14801.629631432334 checked=false stop=running
step=629 time=0.042699155282850357 dt=6.2635174549079006e-05 residual=14711.294559100374 checked=false stop=running
step=630 time=0.042761602841768609 dt=6.2447558918255611e-05 residual=14680.443096534096 checked=false stop=running
step=631 time=0.042823978961167172 dt=6.2376119398560185e-05 residual=14667.116230537778 checked=false stop=running
step=632 time=0.042886421534335452 dt=6.2442573168277729e-05 residual=14609.487988466399 checked=false stop=running
step=633 time=0.042949061682330598 dt=6.2640147995144429e-05 residual=14642.813045290952 checked=false stop=running
step=634 time=0.043012015841470692 dt=6.2954159140095532e-05 residual=14698.081388053173 checked=false stop=running
step=635 time=0.043075386937971374 dt=6.3371096500681388e-05 residual=14641.905997592643 checked=false stop=running
step=636 time=0.043139282619781678 dt=6.3895681810304664e-05 residual=14663.963664777892 checked=false stop=running
step=637 time=0.043203484388509628 dt=6.4201768727947418e-05 residual=14685.929369961357 checked=false stop=running
step=638 time=0.043267174581291895 dt=6.3690192782266206e-05 residual=14811.111253885676 checked=false stop=running
step=639 time=0.043330517790834439 dt=6.3343209542542368e-05 residual=14750.046873584273 checked=false stop=running
step=640 time=0.043393652929026069 dt=6.3135138191627545e-05 residual=14594.762471714992 checked=false stop=running
step=641 time=0.043456693795838934 dt=6.3040866812862203e-05 residual=14575.475888289933 checked=false stop=running
step=642 time=0.043519755475266479 dt=6.3061679427544456e-05 residual=14581.494373070045 checked=false stop=running
step=643 time=0.043582898296435559 dt=6.3142821169080379e-05 residual=14714.04874676179 checked=false stop=running
step=644 time=0.043646205340606259 dt=6.3307044170701123e-05 residual=14751.347470145334 checked=false stop=running
step=645 time=0.043709765065662973 dt=6.3559725056712836e-05 residual=14655.722639564317 checked=false stop=running
step=646 time=0.043773681009829236 dt=6.3915944166261044e-05 residual=14772.038855866318 checked=false stop=running
step=647 time=0.043838064578389804 dt=6.4383568560570596e-05 residual=14799.540974755193 checked=false stop=running
step=648 time=0.043902632648609427 dt=6.456807021962121e-05 residual=14956.428781236487 checked=false stop=running
step=649 time=0.043966628165541415 dt=6.3995516931984238e-05 residual=14792.618285522127 checked=false stop=running
step=650 time=0.044030095281426693 dt=6.3467115885280112e-05 residual=14621.463912057137 checked=false stop=running
step=651 time=0.044093233235251182 dt=6.313795382448954e-05 residual=14650.74785934465 checked=false stop=running
step=652 time=0.044156250739853707 dt=6.3017504602526969e-05 residual=14615.807396432088 checked=false stop=running
step=653 time=0.044219323241771184 dt=6.3072501917478088e-05 residual=14761.295455362944 checked=false stop=running
step=654 time=0.044282658045519806 dt=6.3334803748621424e-05 residual=14784.264671762632 checked=false stop=running
step=655 time=0.044346429921266008 dt=6.3771875746198903e-05 residual=14743.35391849478 checked=false stop=running
step=656 time=0.044410500771142426 dt=6.4070849876415325e-05 residual=14707.775010813695 checked=false stop=running
step=657 time=0.044474980573663003 dt=6.4479802520576676e-05 residual=14833.125083118559 checked=false stop=running
step=658 time=0.044538921001538979 dt=6.3940427875977096e-05 residual=15001.12160636897 checked=false stop=running
step=659 time=0.044602196560096979 dt=6.3275558557998851e-05 residual=15039.279748309922 checked=false stop=running
step=660 time=0.044665009372135266 dt=6.2812812038282856e-05 residual=14647.864405817967 checked=false stop=running
step=661 time=0.044727547604565362 dt=6.2538232430098731e-05 residual=14619.726111289647 checked=false stop=running
step=662 time=0.04479000350442424 dt=6.2455899858880916e-05 residual=14604.16048184691 checked=false stop=running
step=663 time=0.044852541852761781 dt=6.2538348337539873e-05 residual=14720.639454250406 checked=false stop=running
step=664 time=0.044915285190539153 dt=6.2743337777374327e-05 residual=14785.4033316552 checked=false stop=running
step=665 time=0.044978423080183121 dt=6.3137889643966096e-05 residual=14791.789075653176 checked=false stop=running
step=666 time=0.045042108545737369 dt=6.3685465554252224e-05 residual=14861.109362110601 checked=false stop=running
step=667 time=0.045106519503090532 dt=6.4410957353164559e-05 residual=14904.00822230664 checked=false stop=running
step=668 time=0.045170281085754535 dt=6.3761582664001765e-05 residual=15043.371305890543 checked=false stop=running
step=669 time=0.045233434553012694 dt=6.3153467258157944e-05 residual=14852.50417855635 checked=false stop=running
step=670 time=0.045296185614203725 dt=6.2751061191028342e-05 residual=14759.89230549608 checked=false stop=running
step=671 time=0.045358698852217938 dt=6.2513238014211343e-05 residual=14672.151574988558 checked=false stop=running
step=672 time=0.045421105934422563 dt=6.2407082204627492e-05 residual=14653.849067163992 checked=false stop=running
step=673 time=0.045483540132188562 dt=6.2434197765995982e-05 residual=14715.376364536764 checked=false stop=running
step=674 time=0.045546142183307256 dt=6.2602051118697675e-05 residual=14741.963866646865 checked=false stop=running
step=675 time=0.045609086736350973 dt=6.294455304371896e-05 residual=14760.69199824586 checked=false stop=running
step=676 time=0.045672538362574656 dt=6.345162622368597e-05 residual=14859.802727166172 checked=false stop=running
step=677 time=0.045736670173818696 dt=6.4131811244038457e-05 residual=14941.975454095993 checked=false stop=running
step=678 time=0.04580077302018417 dt=6.410284636547276e-05 residual=15134.136003047346 checked=false stop=running
step=679 time=0.045864276088566719 dt=6.3503068382549953e-05 residual=14933.970129983321 checked=false stop=running
step=680 time=0.04592734886976331 dt=6.307278119658837e-05 residual=14800.792729000319 checked=false stop=running
step=681 time=0.045990157490954302 dt=6.2808621190993866e-05 residual=14696.411984406643 checked=false stop=running
step=682 time=0.046052824551512522 dt=6.2667060558217879e-05 residual=14737.147025046095 checked=false stop=running
step=683 time=0.046115480493506542 dt=6.2655941994016579e-05 residual=14741.367495181192 checked=false stop=running
step=684 time=0.046178254635314234 dt=6.2774141807689214e-05 residual=14786.153537962327 checked=false stop=running
step=685 time=0.046241300851108828 dt=6.3046215794596187e-05 residual=14802.287950846157 checked=false stop=running
step=686 time=0.04630481556315072 dt=6.3514712041891271e-05 residual=14852.725174452271 checked=false stop=running
step=687 time=0.046368929957812027 dt=6.4114394661308682e-05 residual=14889.603320316501 checked=false stop=running
step=688 time=0.046433776120175525 dt=6.4846162363495406e-05 residual=14935.419836898869 checked=false stop=running
step=689 time=0.046498015409912129 dt=6.4239289736600373e-05 residual=14931.81693987317 checked=false stop=running
step=690 time=0.046561759990916558 dt=6.3744581004429699e-05 residual=14767.347578218812 checked=false stop=running
step=691 time=0.046625166861751208 dt=6.3406870834646536e-05 residual=14747.051193864614 checked=false stop=running
step=692 time=0.046688389947415289 dt=6.3223085664083982e-05 residual=14768.311139846621 checked=false stop=running
step=693 time=0.04675157106529329 dt=6.3181117878001377e-05 residual=14769.67590041437 checked=false stop=running
step=694 time=0.046814841352207356 dt=6.327028691406718e-05 residual=14782.205852097668 checked=false stop=running
step=695 time=0.046878295356771377 dt=6.3454004564018643e-05 residual=14832.888645969626 checked=false stop=running
step=696 time=0.046942065402280742 dt=6.37700455093653e-05 residual=14873.78206664107 checked=false stop=running
step=697 time=0.047006268007559297 dt=6.4202605278555907e-05 residual=14815.833078502343 checked=false stop=running
step=698 time=0.04707103521672281 dt=6.4767209163510376e-05 residual=14931.132956892292 checked=false stop=running
step=699 time=0.047135907318556242 dt=6.4872101833434221e-05 residual=14934.271972332897 checked=false stop=running
step=700 time=0.047200447346501431 dt=6.4540027945192617e-05 residual=14838.330792213408 checked=false stop=running
step=701 time=0.047264625593218076 dt=6.417824671664525e-05 residual=14789.597777807112 checked=false stop=running
step=702 time=0.047328579673620405 dt=6.3954080402329086e-05 residual=14781.234126871888 checked=false stop=running
step=703 time=0.047392432452896337 dt=6.3852779275930566e-05 residual=14827.299320745185 checked=false stop=running
step=704 time=0.047456267165772142 dt=6.3834712875803458e-05 residual=14844.168699911876 checked=false stop=running
step=705 time=0.04752018722293664 dt=6.3920057164498596e-05 residual=14812.451457915004 checked=false stop=running
step=706 time=0.047584289865488599 dt=6.4102642551961593e-05 residual=14923.032870130839 checked=false stop=running
step=707 time=0.047648695303728048 dt=6.4405438239448559e-05 residual=15015.064604644829 checked=false stop=running
step=708 time=0.047713519122920087 dt=6.4823819192040089e-05 residual=14921.242263434389 checked=false stop=running
step=709 time=0.047778439945788835 dt=6.4920822868747257e-05 residual=14880.872446581412 checked=false stop=running
step=710 time=0.04784337857009225 dt=6.4938624303415761e-05 residual=14822.094449458009 checked=false stop=running
step=711 time=0.047907846376538513 dt=6.4467806446259413e-05 residual=14800.440627965043 checked=false stop=running
step=712 time=0.047971928347745392 dt=6.4081971206881002e-05 residual=14827.233226250561 checked=false stop=running
step=713 time=0.048035810018978907 dt=6.3881671233517411e-05 residual=14814.149523121538 checked=false stop=running
step=714 time=0.04809965901376774 dt=6.3848994788830225e-05 residual=14816.423907971908 checked=false stop=running
step=715 time=0.048163661287526839 dt=6.4002273759102086e-05 residual=14855.132654490257 checked=false stop=running
step=716 time=0.048227985747464744 dt=6.432445993790405e-05 residual=14890.927805794556 checked=false stop=running
step=717 time=0.048292817858560454 dt=6.4832111095708213e-05 residual=15048.863116679666 checked=false stop=running
step=718 time=0.048357773885919261 dt=6.4956027358807676e-05 residual=15141.497335954593 checked=false stop=running
step=719 time=0.04842276733636585 dt=6.4993450446591478e-05 residual=14804.197379007577 checked=false stop=running
step=720 time=0.04848751289270796 dt=6.4745556342106733e-05 residual=14825.448619093258 checked=false stop=running
step=721 time=0.048551738870779473 dt=6.4225978071510842e-05 residual=14880.990041216244 checked=false stop=running
step=722 time=0.048615632181569425 dt=6.3893310789952062e-05 residual=14864.97287091898 checked=false stop=running
step=723 time=0.048679356695309262 dt=6.3724513739835654e-05 residual=14869.278619735698 checked=false stop=running
step=724 time=0.048743068471530648 dt=6.3711776221388774e-05 residual=14855.849152807137 checked=false stop=running
step=725 time=0.048806897865030258 dt=6.3829393499611491e-05 residual=14892.891459243887 checked=false stop=running
step=726 time=0.048871007062455306 dt=6.4109197425046003e-05 residual=14891.376032668486 checked=false stop=running
step=727 time=0.048935551773522358 dt=6.4544711067053502e-05 residual=15034.771410017604 checked=false stop=running
step=728 time=0.049000587094622135 dt=6.5035321099774635e-05 residual=15063.662424302936 checked=false stop=running
step=729 time=0.049065642150767239 dt=6.5055056145101256e-05 residual=14929.879504895185 checked=false stop=running
step=730 time=0.049130658521842882 dt=6.5016371075643075e-05 residual=14890.098189732757 checked=false stop=running
step=731 time=0.049195153682031277 dt=6.4495160188394137e-05 residual=14792.285581828031 checked=false stop=running
step=732 time=0.049259291493795793 dt=6.4137811764516351e-05 residual=14878.869745248328 checked=false stop=running
step=733 time=0.049323214855779389 dt=6.392336198359691e-05 residual=14909.807495164967 checked=false stop=running
step=734 time=0.049387071221342879 dt=6.3856365563488341e-05 residual=14885.096582120465 checked=false stop=running
step=735 time=0.049450997280004252 dt=6.3926058661374855e-05 residual=14926.535255306684 checked=false stop=running
step=736 time=0.0495151375233472 dt=6.4140243342945694e-05 residual=14920.04553026858 checked=false stop=running
step=737 time=0.049579655882984193 dt=6.4518359636994428e-05 residual=15017.330566840761 checked=false stop=running
step=738 time=0.049644701287748748 dt=6.5045404764553836e-05 residual=14963.181440262471 checked=false stop=running
step=739 time=0.049709826035746307 dt=6.5124747997562037e-05 residual=15042.807815844959 checked=false stop=running
step=740 time=0.04977493912720192 dt=6.5113091455614957e-05 residual=14885.44582403081 checked=false stop=running
step=741 time=0.049839713715659338 dt=6.4774588457420298e-05 residual=14842.3768208813 checked=false stop=running
step=742 time=0.049904117747570427 dt=6.4404031911091474e-05 residual=14834.22784367341 checked=false stop=running
step=743 time=0.049968282147240355 dt=6.416439966992761e-05 residual=14908.467377382702 checked=false stop=running
step=744 time=0.050000000000000003 dt=3.1717852759648169e-05 residual=14904.543439667006 checked=false stop=running
step=745 time=0.050064048551557785 dt=6.4048551557780765e-05 residual=14999.295583208355 checked=false stop=running
step=746 time=0.050128190679161404 dt=6.4142127603621324e-05 residual=14930.007222670658 checked=false stop=running
step=747 time=0.050192560379104745 dt=6.4369699943342184e-05 residual=15092.517630183786 checked=false stop=running
step=748 time=0.050257312186475042 dt=6.4751807370295271e-05 residual=15236.690380695703 checked=false stop=running
step=749 time=0.050322498210632997 dt=6.5186024157952923e-05 residual=14977.588042619222 checked=false stop=running
step=750 time=0.05038767700028049 dt=6.5178789647494601e-05 residual=14998.595526094825 checked=false stop=running
step=751 time=0.050452854256344756 dt=6.517725606426608e-05 residual=14870.745498394735 checked=false stop=running
step=752 time=0.050517689742470111 dt=6.4835486125355558e-05 residual=14854.70008890899 checked=false stop=running
step=753 time=0.050582224152678233 dt=6.4534410208122355e-05 residual=14957.660247334379 checked=false stop=running
step=754 time=0.050646581852434654 dt=6.4357699756417355e-05 residual=14948.146821220309 checked=false stop=running
step=755 time=0.050710884587867738 dt=6.4302735433085153e-05 residual=14973.222127936731 checked=false stop=running
step=756 time=0.050775255337781183 dt=6.4370749913442428e-05 residual=15092.942818637192 checked=false stop=running
step=757 time=0.050839813008584915 dt=6.4557670803728562e-05 residual=15173.776226208221 checked=false stop=running
step=758 time=0.050904707878833839 dt=6.489487024892142e-05 residual=15288.699460259426 checked=false stop=running
step=759 time=0.050969946179833456 dt=6.5238300999618054e-05 residual=15074.981972391306 checked=false stop=running
step=760 time=0.051035175885927507 dt=6.5229706094054382e-05 residual=15049.353045407834 checked=false stop=running
step=761 time=0.051100405492761437 dt=6.5229606833929957e-05 residual=14934.962866238147 checked=false stop=running
step=762 time=0.051165640258302385 dt=6.5234765540949106e-05 residual=14907.080480338853 checked=false stop=running
step=763 time=0.05123055480700002 dt=6.4914548697638061e-05 residual=15009.849751787602 checked=false stop=running
step=764 time=0.051295281839854892 dt=6.4727032854869845e-05 residual=15018.412268577675 checked=false stop=running
step=765 time=0.051359932270707204 dt=6.4650430852314668e-05 residual=14934.576400601458 checked=false stop=running
step=766 time=0.05142463030209396 dt=6.4698031386754506e-05 residual=15212.516991429246 checked=false stop=running
step=767 time=0.051489504935918119 dt=6.487463382416274e-05 residual=15167.12778902981 checked=false stop=running
step=768 time=0.051554694706885083 dt=6.5189770966965171e-05 residual=15184.71048804177 checked=false stop=running
step=769 time=0.051619970292870104 dt=6.5275585985022496e-05 residual=15034.978879997167 checked=false stop=running
step=770 time=0.051685239609019232 dt=6.5269316149128322e-05 residual=15072.572845257495 checked=false stop=running
step=771 time=0.051750511237662056 dt=6.5271628642823905e-05 residual=14974.728518550553 checked=false stop=running
step=772 time=0.051815788618217624 dt=6.5277380555570677e-05 residual=14977.765966258446 checked=false stop=running
step=773 time=0.051880887663631692 dt=6.5099045414067385e-05 residual=15094.310674883985 checked=false stop=running
step=774 time=0.051945758320011262 dt=6.487065637956933e-05 residual=15034.54654215679 checked=false stop=running
step=775 time=0.052010563840018113 dt=6.4805520006851964e-05 residual=14974.032868493641 checked=false stop=running
step=776 time=0.052075476638727906 dt=6.4912798709791452e-05 residual=15089.830340650067 checked=false stop=running
step=777 time=0.0521406491136319 dt=6.5172474903990365e-05 residual=15096.976091442726 checked=false stop=running
step=778 time=0.052205960329228591 dt=6.5311215596692624e-05 residual=15173.472203501176 checked=false stop=running
step=779 time=0.052271262723823965 dt=6.5302394595373106e-05 residual=15128.474099145677 checked=false stop=running
step=780 time=0.052336567030995193 dt=6.5304307171225152e-05 residual=15129.560206494458 checked=false stop=running
step=781 time=0.052401876465374399 dt=6.5309434379208107e-05 residual=15017.382240259867 checked=false stop=running
step=782 time=0.052467112171326623 dt=6.5235705952226779e-05 residual=14951.770290874765 checked=false stop=running
step=783 time=0.052531970777601855 dt=6.4858606275234451e-05 residual=15120.340641373081 checked=false stop=running
step=784 time=0.052596617883538491 dt=6.4647105936632032e-05 residual=15038.625571680599 checked=false stop=running
step=785 time=0.052661198380631984 dt=6.458049709349024e-05 residual=15134.659349988069 checked=false stop=running
step=786 time=0.052725871931213378 dt=6.467355058139632e-05 residual=15146.884368973893 checked=false stop=running
step=787 time=0.052790781619567309 dt=6.4909688353932961e-05 residual=15173.564444100532 checked=false stop=running
step=788 time=0.052856074256919315 dt=6.5292637352006442e-05 residual=15210.204627352572 checked=false stop=running
step=789 time=0.052921405740546039 dt=6.5331483626726789e-05 residual=15201.603336850858 checked=false stop=running
step=790 time=0.052986736773453363 dt=6.5331032907324925e-05 residual=15196.164559498551 checked=false stop=running
step=791 time=0.053052069442306546 dt=6.5332668853181571e-05 residual=15007.491915063829 checked=false stop=running
step=792 time=0.053117298849363198 dt=6.5229407056654885e-05 residual=15012.099205347449 checked=false stop=running
step=793 time=0.053182156600744671 dt=6.4857751381472848e-05 residual=15078.192559605966 checked=false stop=running
step=794 time=0.053246782983260403 dt=6.4626382515732279e-05 residual=14982.935327198669 checked=false stop=running
step=795 time=0.053311320169598053 dt=6.4537186337650939e-05 residual=15181.54443830888 checked=false stop=running
step=796 time=0.053375918088487982 dt=6.4597918889931611e-05 residual=15162.907663795679 checked=false stop=running
step=797 time=0.053440732959157911 dt=6.4814870669926787e-05 residual=15102.195338311596 checked=false stop=running
step=798 time=0.053505910769252665 dt=6.5177810094756836e-05 residual=15174.868186830281 checked=false stop=running
step=799 time=0.053571253546130973 dt=6.5342776878306476e-05 residual=15205.659996821969 checked=false stop=running
step=800 time=0.053636592716276049 dt=6.5339170145073356e-05 residual=15188.548812305484 checked=false stop=running
step=801 time=0.05370193065613052 dt=6.5337939854468843e-05 residual=15020.315726057366 checked=false stop=running
step=802 time=0.053767073650503226 dt=6.514299437270586e-05 residual=15092.64212061853 checked=false stop=running
step=803 time=0.053831857990656595 dt=6.4784340153365756e-05 residual=15133.670478371905 checked=false stop=running
step=804 time=0.053896416729651633 dt=6.4558738995040984e-05 residual=15131.44092312983 checked=false stop=running
step=805 time=0.053960888528643586 dt=6.4471798991951634e-05 residual=15207.30460907851 checked=false stop=running
step=806 time=0.054025413255166244 dt=6.4524726522660644e-05 residual=15106.400169706199 checked=false stop=running
step=807 time=0.054090140271015594 dt=6.4727015849349047e-05 residual=15174.784948634075 checked=false stop=running
step=808 time=0.054155212252730157 dt=6.5071981714561166e-05 residual=15248.088637968303 checked=false stop=running
step=809 time=0.054220556786466728 dt=6.5344533736574011e-05 residual=15099.394272561312 checked=false stop=running
step=810 time=0.054285886707383761 dt=6.532992091703291e-05 residual=15234.718632391634 checked=false stop=running
step=811 time=0.054351214682586052 dt=6.5327975202291878e-05 residual=15071.35612750542 checked=false stop=running
step=812 time=0.054416437155859275 dt=6.5222473273222377e-05 residual=15093.075938346235 checked=false stop=running
step=813 time=0.054481324029502974 dt=6.488687364370133e-05 residual=15122.338095915373 checked=false stop=running
step=814 time=0.054546008846299912 dt=6.4684816796936706e-05 residual=15225.072388109926 checked=false stop=running
step=815 time=0.054610620750248119 dt=6.4611903948204655e-05 residual=15236.41203435124 checked=false stop=running
step=816 time=0.054675278970712976 dt=6.4658220464857772e-05 residual=15332.555390268572 checked=false stop=running
step=817 time=0.054740123216279232 dt=6.4844245566256312e-05 residual=15225.498594001243 checked=false stop=running
step=818 time=0.054805293141958929 dt=6.5169925679699436e-05 residual=15250.731404017943 checked=false stop=running
step=819 time=0.054870630359557422 dt=6.5337217598494549e-05 residual=15169.177520266581 checked=false stop=running
step=820 time=0.054935947268072612 dt=6.5316908515187366e-05 residual=15106.518089815894 checked=false stop=running
step=821 time=0.055001264605971843 dt=6.5317337899229835e-05 residual=15193.125319451958 checked=false stop=running
step=822 time=0.055066602381060516 dt=6.5337775088669355e-05 residual=15205.234492833357 checked=false stop=running
step=823 time=0.055131771279709481 dt=6.5168898648964796e-05 residual=15193.933727065783 checked=false stop=running
step=824 time=0.055196745721711932 dt=6.4974442002451382e-05 residual=15185.116465966701 checked=false stop=running
step=825 time=0.055261651748135993 dt=6.4906026424060156e-05 residual=15137.30008777749 checked=false stop=running
step=826 time=0.055326619182037823 dt=6.4967433901831298e-05 residual=15200.469259145155 checked=false stop=running
step=827 time=0.055391770512900354 dt=6.5151330862528659e-05 residual=15239.286994057942 checked=false stop=running
step=828 time=0.055457123422809104 dt=6.5352909908752708e-05 residual=15283.099172034119 checked=false stop=running
step=829 time=0.055522442192510846 dt=6.5318769701742867e-05 residual=15211.454415121067 checked=false stop=running
step=830 time=0.055587747203199825 dt=6.5305010688980949e-05 residual=15166.083601580503 checked=false stop=running
step=831 time=0.055653058199900553 dt=6.5310996700730219e-05 residual=15205.835296828851 checked=false stop=running
step=832 time=0.055718394114817958 dt=6.5335914917408474e-05 residual=15149.403030349127 checked=false stop=running
step=833 time=0.055783569304970242 dt=6.5175190152283756e-05 residual=15322.065073142121 checked=false stop=running
step=834 time=0.055848440119891617 dt=6.4870814921373079e-05 residual=15255.90770563675 checked=false stop=running
step=835 time=0.0559131989406201 dt=6.4758820728480287e-05 residual=15139.364846024733 checked=false stop=running
step=836 time=0.055978031528711662 dt=6.4832588091565021e-05 residual=15158.16571913251 checked=false stop=running
step=837 time=0.056043098655898911 dt=6.5067127187248261e-05 residual=15266.48595038398 checked=false stop=running
step=838 time=0.056108430755638102 dt=6.5332099739187752e-05 residual=15320.235599555597 checked=false stop=running
step=839 time=0.056173734923648175 dt=6.5304168010073732e-05 residual=15243.222304940577 checked=false stop=running
step=840 time=0.056239031257419449 dt=6.5296333771274297e-05 residual=15248.538757849808 checked=false stop=running
step=841 time=0.056304342213560024 dt=6.5310956140576595e-05 residual=15259.278346163415 checked=false stop=running
step=842 time=0.056369490084535075 dt=6.5147870975050185e-05 residual=15192.277670385214 checked=false stop=running
step=843 time=0.056434207634096976 dt=6.4717549561899186e-05 residual=15290.547901700462 checked=false stop=running
step=844 time=0.056498677130501052 dt=6.4469496404073129e-05 residual=15324.716030350435 checked=false stop=running
step=845 time=0.056563056090325296 dt=6.4378959824245839e-05 residual=15211.254501097486 checked=false stop=running
step=846 time=0.056627506911380923 dt=6.4450821055627493e-05 residual=15222.446960928835 checked=false stop=running
step=847 time=0.056692173489181 dt=6.4666577800079979e-05 residual=15298.058526123015 checked=false stop=running
step=848 time=0.056757201309329729 dt=6.5027820148729203e-05 residual=15370.741105882729 checked=false stop=running
step=849 time=0.056822526808111951 dt=6.532549878222432e-05 residual=15248.560596367812 checked=false stop=running
step=850 time=0.056887862893510478 dt=6.5336085398529461e-05 residual=15235.048917037202 checked=false stop=running
step=851 time=0.056953223271831471 dt=6.536037832099279e-05 residual=15279.849043944774 checked=false stop=running
step=852 time=0.057018218946434975 dt=6.4995674603504877e-05 residual=15281.469258276909 checked=false stop=running
step=853 time=0.057082781237574175 dt=6.4562291139197517e-05 residual=15393.723986426157 checked=false stop=running
step=854 time=0.057147070974728056 dt=6.4289737153879462e-05 residual=15239.724512209508 checked=false stop=running
step=855 time=0.057211219942042479 dt=6.4148967314423558e-05 residual=15284.551146972095 checked=false stop=running
step=856 time=0.057275371052617811 dt=6.4151110575333655e-05 residual=15332.211145557891 checked=false stop=running
step=857 time=0.057339700626175272 dt=6.4329573557457347e-05 residual=15321.511577017924 checked=false stop=running
step=858 time=0.057404364129848652 dt=6.4663503673377854e-05 residual=15412.465899741675 checked=false stop=running
step=859 time=0.057469507151519279 dt=6.5143021670626417e-05 residual=15239.870923927803 checked=false stop=running
step=860 time=0.057534820564495159 dt=6.5313412975881251e-05 residual=15282.179618785516 checked=false stop=running
step=861 time=0.057600160268779718 dt=6.5339704284557518e-05 residual=15219.68576736746 checked=false stop=running
step=862 time=0.057665118512510105 dt=6.4958243730383637e-05 residual=15225.76181097325 checked=false stop=running
step=863 time=0.057729670531490911 dt=6.4552018980808503e-05 residual=15395.392696231909 checked=false stop=running
step=864 time=0.05779395219167846 dt=6.4281660187547212e-05 residual=15312.191485491878 checked=false stop=running
step=865 time=0.057858102053309261 dt=6.4149861630802445e-05 residual=15178.86097324281 checked=false stop=running
step=866 time=0.057922242797103632 dt=6.4140743794369634e-05 residual=15257.009359601037 checked=false stop=running
step=867 time=0.057986541180605172 dt=6.4298383501537655e-05 residual=15388.325104336098 checked=false stop=running
step=868 time=0.058051150014874278 dt=6.4608834269103713e-05 residual=15351.102665694914 checked=false stop=running
step=869 time=0.05811621335240371 dt=6.5063337529432677e-05 residual=15219.288992737644 checked=false stop=running
step=870 time=0.058181445879416233 dt=6.523252701251917e-05 residual=15262.225964692158 checked=false stop=running
step=871 time=0.058246716434190278 dt=6.5270554774047939e-05 residual=15182.109031675111 checked=false stop=running
step=872 time=0.058311699834193924 dt=6.4983400003647593e-05 residual=15211.990994183376 checked=false stop=running
step=873 time=0.058376287594995219 dt=6.4587760801294329e-05 residual=15358.165619038125 checked=false stop=running
step=874 time=0.058440616427840687 dt=6.4328832845468099e-05 residual=15392.649209302886 checked=false stop=running
step=875 time=0.058504830735345958 dt=6.4214307505270059e-05 residual=15210.484856705616 checked=false stop=running
step=876 time=0.058569067284112687 dt=6.4236548766728727e-05 residual=15242.96538287411 checked=false stop=running
step=877 time=0.058633484947956872 dt=6.4417663844187212e-05 residual=15406.575460333264 checked=false stop=running
step=878 time=0.058698207217395063 dt=6.4722269438186926e-05 residual=15384.883717931885 checked=false stop=running
step=879 time=0.058763333941056706 dt=6.5126723661645608e-05 residual=15180.971940439507 checked=false stop=running
step=880 time=0.058828486281316449 dt=6.5152340259744658e-05 residual=15292.952467722393 checked=false stop=running
step=881 time=0.058893678395696127 dt=6.519211437967947e-05 residual=15219.386384259855 checked=false stop=running
step=882 time=0.058958883499759689 dt=6.5205104063564403e-05 residual=15301.378411991276 checked=false stop=running
step=883 time=0.05902376027640098 dt=6.4876776641291771e-05 residual=15292.68319194982 checked=false stop=running
step=884 time=0.059088414417510005 dt=6.4654141109023996e-05 residual=15294.173626780868 checked=false stop=running
step=885 time=0.059152979208412046 dt=6.4564790902039987e-05 residual=15297.79242200238 checked=false stop=running
step=886 time=0.059217606974148566 dt=6.4627765736521882e-05 residual=15298.794499970742 checked=false stop=running
step=887 time=0.059282436617088922 dt=6.4829642940352866e-05 residual=15403.611026811477 checked=false stop=running
step=888 time=0.059347485563443783 dt=6.5048946354862467e-05 residual=15356.872677693624 checked=false stop=running
step=889 time=0.059412561645821017 dt=6.5076082377235945e-05 residual=15224.361947905718 checked=false stop=running
step=890 time=0.059477679236864006 dt=6.5117591042987197e-05 residual=15281.359303343645 checked=false stop=running
step=891 time=0.059542849138866101 dt=6.5169902002095058e-05 residual=15268.631180224431 checked=false stop=running
step=892 time=0.059608052350763031 dt=6.520321189693303e-05 residual=15301.089713859879 checked=false stop=running
step=893 time=0.059672719526131089 dt=6.4667175368055495e-05 residual=15260.296808815345 checked=false stop=running
step=894 time=0.059737057533426632 dt=6.4338007295543394e-05 residual=15267.046140985063 checked=false stop=running
step=895 time=0.059801244069823754 dt=6.4186536397119632e-05 residual=15291.236161074614 checked=false stop=running
step=896 time=0.059865446960829627 dt=6.4202891005871941e-05 residual=15270.378944491275 checked=false stop=running
step=897 time=0.059929851182425636 dt=6.4404221596010722e-05 residual=15361.802827203423 checked=false stop=running
step=898 time=0.059994596531671225 dt=6.4745349245587587e-05 residual=15302.833220651501 checked=false stop=running
step=899 time=0.060059642158661809 dt=6.5045626990581969e-05 residual=15319.046429562153 checked=false stop=running
step=900 time=0.060124737376228553 dt=6.5095217566744893e-05 residual=15277.669286908422 checked=false stop=running
step=901 time=0.060189892301937206 dt=6.5154925708650163e-05 residual=15284.566591666649 checked=false stop=running
step=902 time=0.060254685701330558 dt=6.4793399393350004e-05 residual=15470.907599906241 checked=false stop=running
step=903 time=0.060319016085518359 dt=6.4330384187803806e-05 residual=15324.192755606215 checked=false stop=running
step=904 time=0.060383047659337642 dt=6.4031573819285501e-05 residual=15339.308526053283 checked=false stop=running
step=905 time=0.060446935179733735 dt=6.3887520396090823e-05 residual=15253.441732843909 checked=false stop=running
step=906 time=0.060510825408809588 dt=6.3890229075855059e-05 residual=15296.507413910402 checked=false stop=running
step=907 time=0.06057488484159395 dt=6.405943278436457e-05 residual=15284.408311955916 checked=false stop=running
step=908 time=0.060639258456933368 dt=6.437361533941667e-05 residual=15259.842061344232 checked=false stop=running
step=909 time=0.060704101782741909 dt=6.4843325808545198e-05 residual=15212.468294872282 checked=false stop=running
step=910 time=0.060769186407394891 dt=6.5084624652985359e-05 residual=15223.302424742196 checked=false stop=running
step=911 time=0.060834330785446984 dt=6.5144378052092776e-05 residual=15312.030642575824 checked=false stop=running
step=912 time=0.060899047796405446 dt=6.471701095846326e-05 residual=15346.729291814436 checked=false stop=running
step=913 time=0.060963306504689875 dt=6.4258708284426627e-05 residual=15375.821857454794 checked=false stop=running
step=914 time=0.06102727089901492 dt=6.3964394325046993e-05 residual=15197.273887414753 checked=false stop=running
step=915 time=0.061091084478732641 dt=6.3813579717721819e-05 residual=15238.164999504968 checked=false stop=running
step=916 time=0.061154880890677929 dt=6.379641194529016e-05 residual=15351.316584989976 checked=false stop=running
step=917 time=0.061218814244669094 dt=6.3933353991162134e-05 residual=15262.974966940636 checked=false stop=running
step=918 time=0.06128303968267574 dt=6.4225438006646919e-05 residual=15281.931914270755 checked=false stop=running
step=919 time=0.061347715102831255 dt=6.4675420155511958e-05 residual=15264.497999284355 checked=false stop=running
step=920 time=0.061412799696683507 dt=6.5084593852249252e-05 residual=15138.8066893223 checked=false stop=running
step=921 time=0.061477943485161037 dt=6.5143788477528653e-05 residual=15174.245022129615 checked=false stop=running
step=922 time=0.061542671037233702 dt=6.4727552072665299e-05 residual=15243.987500935751 checked=false stop=running
step=923 time=0.061606971723821388 dt=6.4300686587684809e-05 residual=15290.068765713 checked=false stop=running
step=924 time=0.061671000677901426 dt=6.4028954080035995e-05 residual=15258.348056746136 checked=false stop=running
step=925 time=0.061734888779166136 dt=6.3888101264706942e-05 residual=15334.12607963049 checked=false stop=running
step=926 time=0.0617987663757689 dt=6.3877596602763311e-05 residual=15326.109449789741 checked=false stop=running
step=927 time=0.061862783801412677 dt=6.4017425643779426e-05 residual=15277.767369530666 checked=false stop=running
step=928 time=0.061927096907355428 dt=6.4313105942748097e-05 residual=15279.772058106961 checked=false stop=running
step=929 time=0.061991859213547808 dt=6.4762306192381848e-05 residual=15259.506577066071 checked=false stop=running
step=930 time=0.062056964367826414 dt=6.5105154278608993e-05 residual=15218.980630431261 checked=false stop=running
step=931 time=0.062122106440153875 dt=6.5142072327462915e-05 residual=15303.263554729616 checked=false stop=running
step=932 time=0.062186961910020627 dt=6.4855469866750395e-05 residual=15244.320587031212 checked=false stop=running
step=933 time=0.062251435431512007 dt=6.4473521491381305e-05 residual=15286.15152924713 checked=false stop=running
step=934 time=0.062315670384807155 dt=6.423495329515032e-05 residual=15369.637050039806 checked=false stop=running
step=935 time=0.062379809836297019 dt=6.413945148986072e-05 residual=15345.582488872442 checked=false stop=running
step=936 time=0.062444020035144002 dt=6.4210198846980409e-05 residual=15298.154919171338 checked=false stop=running
step=937 time=0.062508426383185461 dt=6.4406348041453723e-05 residual=15274.491190543726 checked=false stop=running
step=938 time=0.062573158063137069 dt=6.4731679951613095e-05 residual=15272.667160625497 checked=false stop=running
step=939 time=0.062638221246609324 dt=6.5063183472260927e-05 residual=15189.237523811205 checked=false stop=running
step=940 time=0.062703306339562906 dt=6.5085092953579463e-05 residual=15175.617017723527 checked=false stop=running
step=941 time=0.062768426528469007 dt=6.5120188906094868e-05 residual=15246.190200423935 checked=false stop=running
step=942 time=0.062833602434009275 dt=6.5175905540261914e-05 residual=15131.407534638771 checked=false stop=running
step=943 time=0.06289849953375333 dt=6.4897099744056451e-05 residual=15178.839116751551 checked=false stop=running
step=944 time=0.062963080039256686 dt=6.458050550335186e-05 residual=15426.806008446278 checked=false stop=running
step=945 time=0.063027300774801079 dt=6.4220735544387746e-05 residual=15458.40290524585 checked=false stop=running
step=946 time=0.063091346253737871 dt=6.404547893679772e-05 residual=15216.656413090936 checked=false stop=running
step=947 time=0.063155417642390452 dt=6.4071388652585962e-05 residual=15232.526221028143 checked=false stop=running
step=948 time=0.063219754241702605 dt=6.4336599312154186e-05 residual=15144.660458939627 checked=false stop=running
step=949 time=0.063284533126836823 dt=6.477888513422119e-05 residual=15232.213511745742 checked=false stop=running
step=950 time=0.063349617411707998 dt=6.5084284871173934e-05 residual=15326.775462994701 checked=false stop=running
step=951 time=0.063414739070838555 dt=6.5121659130556303e-05 residual=15464.522593691876 checked=false stop=running
step=952 time=0.063479428937085192 dt=6.4689866246634445e-05 residual=15381.015194026651 checked=false stop=running
step=953 time=0.063543521050959451 dt=6.409211387426166e-05 residual=15274.740522625147 checked=false stop=running
step=954 time=0.063607231291530009 dt=6.3710240570553968e-05 residual=15238.136129246544 checked=false stop=running
step=955 time=0.063670714388031124 dt=6.3483096501118621e-05 residual=15240.325329752357 checked=false stop=running
step=956 time=0.063734126365833282 dt=6.3411977802153095e-05 residual=15255.375049621167 checked=false stop=running
step=957 time=0.063797640078829904 dt=6.3513712996625472e-05 residual=15177.210616282269 checked=false stop=running
step=958 time=0.063861444389321481 dt=6.3804310491576176e-05 residual=15204.6219092151 checked=false stop=running
step=959 time=0.063925713195301354 dt=6.4268805979873772e-05 residual=15241.974291610521 checked=false stop=running
step=960 time=0.063990617796120225 dt=6.4904600818867694e-05 residual=15221.780066436415 checked=false stop=running
step=961 time=0.064055693373423678 dt=6.5075577303458072e-05 residual=15343.497183623984 checked=false stop=running
step=962 time=0.064120055406214072 dt=6.4362032790388573e-05 residual=15330.632114550515 checked=false stop=running
step=963 time=0.064183881942445162 dt=6.3826536231085111e-05 residual=15393.960891270734 checked=false stop=running
step=964 time=0.064247369761983697 dt=6.3487819538528793e-05 residual=15440.315363774254 checked=false stop=running
step=965 time=0.064310658990654315 dt=6.3289228670624059e-05 residual=15169.12637547419 checked=false stop=running
step=966 time=0.064373899135755919 dt=6.3240145101596629e-05 residual=15235.094782136839 checked=false stop=running
step=967 time=0.064437231285852672 dt=6.3332150096757854e-05 residual=15264.472272231627 checked=false stop=running
step=968 time=0.064500810601083827 dt=6.3579315231151778e-05 residual=15233.669650624905 checked=false stop=running
step=969 time=0.064564799852059512 dt=6.3989250975684557e-05 residual=15182.224488091892 checked=false stop=running
step=970 time=0.064629361629515117 dt=6.4561777455611412e-05 residual=15143.338234687875 checked=false stop=running
step=971 time=0.064694551618505389 dt=6.5189988990269646e-05 residual=15334.601317688599 checked=false stop=running
step=972 time=0.064759022505017708 dt=6.4470886512314876e-05 residual=15157.30246820586 checked=false stop=running
step=973 time=0.064822968697672956 dt=6.3946192655241858e-05 residual=15260.610757616054 checked=false stop=running
step=974 time=0.064886583017814206 dt=6.3614320141248666e-05 residual=15329.829789988544 checked=false stop=running
step=975 time=0.064949998321620434 dt=6.3415303806222057e-05 residual=15155.167521395771 checked=false stop=running
step=976 time=0.065013337782477851 dt=6.3339460857421599e-05 residual=15199.653108866769 checked=false stop=running
step=977 time=0.065076734210665246 dt=6.3396428187399777e-05 residual=15274.990805594731 checked=false stop=running
step=978 time=0.065140356993578272 dt=6.3622782913030164e-05 residual=15311.255735892437 checked=false stop=running
step=979 time=0.065204370386996613 dt=6.4013393418345412e-05 residual=15298.488590710518 checked=false stop=running
step=980 time=0.065268930022807467 dt=6.4559635810855465e-05 residual=15393.005577381051 checked=false stop=running
step=981 time=0.065333994908804191 dt=6.506488599672e-05 residual=15604.491320393081 checked=false stop=running
step=982 time=0.065398640213908538 dt=6.464530510435354e-05 residual=15379.858607572809 checked=false stop=running
step=983 time=0.065462776604807385 dt=6.4136390898842901e-05 residual=15234.520521796241 checked=false stop=running
step=984 time=0.065526596025685238 dt=6.3819420877855645e-05 residual=15147.518765107754 checked=false stop=running
step=985 time=0.065590231158984144 dt=6.3635133298908434e-05 residual=15144.460284695171 checked=false stop=running
step=986 time=0.06565379421764822 dt=6.3563058664073776e-05 residual=15138.297657605432 checked=false stop=running
step=987 time=0.065717424575699068 dt=6.3630358050844682e-05 residual=15120.478831855153 checked=false stop=running
step=988 time=0.06578128577112588 dt=6.3861195426816484e-05 residual=15142.662282681264 checked=false stop=running
step=989 time=0.065845557986265152 dt=6.4272215139275736e-05 residual=15194.631430990785 checked=false stop=running
step=990 time=0.065910359520847214 dt=6.4801534582068518e-05 residual=15264.946399991006 checked=false stop=running
step=991 time=0.065975352058522077 dt=6.4992537674865748e-05 residual=15273.640403793312 checked=false stop=running
step=992 time=0.066040341806966121 dt=6.4989748444042918e-05 residual=15286.840123148066 checked=false stop=running
step=993 time=0.066104977495306194 dt=6.4635688340066797e-05 residual=15392.07672250971 checked=false stop=running
step=994 time=0.066169325753120053 dt=6.4348257813854427e-05 residual=15391.545310020489 checked=false stop=running
step=995 time=0.066233534767901045 dt=6.4209014780986014e-05 residual=15239.9176073361 checked=false stop=running
step=996 time=0.066297755338564579 dt=6.4220570663534024e-05 residual=15166.224393423081 checked=false stop=running
step=997 time=0.066362139419945745 dt=6.4384081381167632e-05 residual=15102.744800634435 checked=false stop=running
step=998 time=0.066426785454558546 dt=6.4646034612799149e-05 residual=15179.191726701265 checked=false stop=running
step=999 time=0.066491726733817702 dt=6.4941279259153359e-05 residual=15188.732632382967 checked=false stop=running
step=1000 time=0.066556677722649421 dt=6.4950988831722416e-05 residual=15408.831909946104 checked=false stop=running
step=1001 time=0.066621638273713743 dt=6.496055106432075e-05 residual=15416.548042218717 checked=false stop=running
step=1002 time=0.066686603202111033 dt=6.4964928397284272e-05 residual=15256.080534254435 checked=false stop=running
step=1003 time=0.066751550993472977 dt=6.4947791361940198e-05 residual=15317.714778266205 checked=false stop=running
step=1004 time=0.066815887148033062 dt=6.4336154560086682e-05 residual=15263.222961364516 checked=false stop=running
step=1005 time=0.066879787860203641 dt=6.3900712170572401e-05 residual=15264.578957454494 checked=false stop=running
step=1006 time=0.06694345948394291 dt=6.3671623739267153e-05 residual=15355.409848231166 checked=false stop=running
step=1007 time=0.067007078298769188 dt=6.3618814826270909e-05 residual=15309.003540736967 checked=false stop=running
step=1008 time=0.067070815802566339 dt=6.3737503797155865e-05 residual=15306.687283514466 checked=false stop=running
step=1009 time=0.067134853885285686 dt=6.4038082719347918e-05 residual=15302.138342685193 checked=false stop=running
step=1010 time=0.067199391270981554 dt=6.453738569587088e-05 residual=15460.205284235255 checked=false stop=running
step=1011 time=0.067264232542146876 dt=6.4841271165326438e-05 residual=15422.262968182364 checked=false stop=running
step=1012 time=0.067329009927188418 dt=6.477738504154412e-05 residual=15367.117925643284 checked=false stop=running
step=1013 time=0.067393400659330888 dt=6.4390732142476065e-05 residual=15393.567666505543 checked=false stop=running
step=1014 time=0.067457288574660365 dt=6.3887915329476744e-05 residual=15277.69001659003 checked=false stop=running
step=1015 time=0.067520853367557476 dt=6.3564792897112418e-05 residual=15299.387121531117 checked=false stop=running
step=1016 time=0.067584255113544212 dt=6.3401745986737252e-05 residual=15230.742134616161 checked=false stop=running
step=1017 time=0.067647628269368626 dt=6.3373155824415455e-05 residual=15220.801675355224 checked=false stop=running
step=1018 time=0.067711154577965366 dt=6.3526308596741437e-05 residual=15219.978378950393 checked=false stop=running
step=1019 time=0.067775003602690245 dt=6.3849024724874198e-05 residual=15279.542857590432 checked=false stop=running
step=1020 time=0.067839345332665987 dt=6.4341729975742802e-05 residual=15375.134729833062 checked=false stop=running
step=1021 time=0.067904029378362277 dt=6.4684045696291958e-05 residual=15379.600451552576 checked=false stop=running
step=1022 time=0.067968654837435388 dt=6.4625459073116583e-05 residual=15348.017124694848 checked=false stop=running
step=1023 time=0.068033057792738938 dt=6.4402955303550957e-05 residual=15328.320734065524 checked=false stop=running
step=1024 time=0.068096980410053437 dt=6.3922617314496832e-05 residual=15309.117910857944 checked=false stop=running
step=1025 time=0.068160617238573334 dt=6.3636828519892597e-05 residual=15311.413987461625 checked=false stop=running
step=1026 time=0.068224103759448124 dt=6.348652087479384e-05 residual=15258.470422385819 checked=false stop=running
step=1027 time=0.06828756550772129 dt=6.3461748273166324e-05 residual=15367.132256864586 checked=false stop=running
step=1028 time=0.068351156013561273 dt=6.3590505839989435e-05 residual=15275.386096275304 checked=false stop=running
step=1029 time=0.068415032122230934 dt=6.3876108669665046e-05 residual=15437.62952872779 checked=false stop=running
step=1030 time=0.068479353048833846 dt=6.4320926602913492e-05 residual=15475.436999047923 checked=false stop=running
step=1031 time=0.068543904259764046 dt=6.4551210930193328e-05 residual=15449.497233848402 checked=false stop=running
step=1032 time=0.06860840940106383 dt=6.4505141299782144e-05 residual=15424.676118162828 checked=false stop=running
step=1033 time=0.068672862534502388 dt=6.4453133438551564e-05 residual=15366.516914345499 checked=false stop=running
step=1034 time=0.068736869534968784 dt=6.4007000466394554e-05 residual=15379.360570441951 checked=false stop=running
step=1035 time=0.068800605698552481 dt=6.3736163583699999e-05 residual=15346.757680049101 checked=false stop=running
step=1036 time=0.068864181791084667 dt=6.3576092532186424e-05 residual=15300.882345061866 checked=false stop=running
step=1037 time=0.068927729554565095 dt=6.3547763480422472e-05 residual=15365.054291449704 checked=false stop=running
step=1038 time=0.068991388728532416 dt=6.3659173967313775e-05 residual=15367.052665492018 checked=false stop=running
step=1039 time=0.069055316191670435 dt=6.3927463138016395e-05 residual=15471.265217189622 checked=false stop=running
step=1040 time=0.069119671133486604 dt=6.4354941816164365e-05 residual=15474.46255488468 checked=false stop=running
step=1041 time=0.069184103822466148 dt=6.4432688979543728e-05 residual=15391.809303613894 checked=false stop=running
step=1042 time=0.069248502838978404 dt=6.4399016512259866e-05 residual=15408.237229945264 checked=false stop=running
step=1043 time=0.069312886583532685 dt=6.4383744554283621e-05 residual=15321.630736629797 checked=false stop=running
step=1044 time=0.069377237910130729 dt=6.4351326598046128e-05 residual=15343.248843529471 checked=false stop=running
step=1045 time=0.069441340658187856 dt=6.410274805712318e-05 residual=15492.647125007319 checked=false stop=running
step=1046 time=0.069505318490110796 dt=6.3977831922937522e-05 residual=15386.253168232597 checked=false stop=running
step=1047 time=0.06956930468235123 dt=6.3986192240430694e-05 residual=15423.750677149919 checked=false stop=running
step=1048 time=0.069633451610348715 dt=6.4146927997480406e-05 residual=15427.81224541659 checked=false stop=running
step=1049 time=0.069697877778776451 dt=6.4426168427735527e-05 residual=15545.328317130807 checked=false stop=running
step=1050 time=0.069762240654649865 dt=6.4362875873415237e-05 residual=15539.034300453653 checked=false stop=running
step=1051 time=0.069826561476416749 dt=6.4320821766881709e-05 residual=15479.237691640274 checked=false stop=running
step=1052 time=0.069890860361615376 dt=6.429888519862321e-05 residual=15432.421624708179 checked=false stop=running
step=1053 time=0.069955157600726015 dt=6.4297239110640926e-05 residual=15498.783880840008 checked=false stop=running
step=1054 time=0.070019471055750807 dt=6.4313455024796737e-05 residual=15395.495338362027 checked=false stop=running
step=1055 time=0.070083829493467295 dt=6.4358437716487699e-05 residual=15575.442053180694 checked=false stop=running
step=1056 time=0.070148093206936227 dt=6.4263713468935724e-05 residual=15507.188098927449 checked=false stop=running
step=1057 time=0.070212112495355153 dt=6.4019288418927858e-05 residual=15525.503774743996 checked=false stop=running
step=1058 time=0.070276086986724093 dt=6.3974491368933858e-05 residual=15480.241521843913 checked=false stop=running
step=1059 time=0.070340216782788942 dt=6.4129796064855605e-05 residual=15612.084760285226 checked=false stop=running
step=1060 time=0.070404451945084282 dt=6.4235162295332796e-05 residual=15609.822927768982 checked=false stop=running
step=1061 time=0.070468654747700768 dt=6.4202802616492724e-05 residual=15489.9877489962 checked=false stop=running
step=1062 time=0.070532846809644362 dt=6.4192061943600515e-05 residual=15420.313971555714 checked=false stop=running
step=1063 time=0.07059704856460533 dt=6.4201754960967932e-05 residual=15483.122428903018 checked=false stop=running
step=1064 time=0.070661176257844238 dt=6.4127693238913381e-05 residual=15469.934817424501 checked=false stop=running
step=1065 time=0.070724853956638911 dt=6.3677698794674571e-05 residual=15509.979936840202 checked=false stop=running
step=1066 time=0.07078821800483992 dt=6.3364048201004845e-05 residual=15542.676860840676 checked=false stop=running
step=1067 time=0.070851439624601706 dt=6.3221619761790401e-05 residual=15453.995191255606 checked=false stop=running
step=1068 time=0.070914678769552195 dt=6.3239144950487264e-05 residual=15631.666584604667 checked=false stop=running
step=1069 time=0.070978126500945912 dt=6.3447731393721118e-05 residual=15685.675471140166 checked=false stop=running
step=1070 time=0.071041951171307932 dt=6.3824670362022339e-05 residual=15669.377419279046 checked=false stop=running
step=1071 time=0.071106041620603994 dt=6.4090449296054793e-05 residual=15580.818869076023 checked=false stop=running
step=1072 time=0.071170129061962087 dt=6.4087441358088719e-05 residual=15445.942298294573 checked=false stop=running
step=1073 time=0.071234248013861842 dt=6.4118951899761297e-05 residual=15549.00976315753 checked=false stop=running
step=1074 time=0.071298066553146647 dt=6.3818539284802488e-05 residual=15499.572647569703 checked=false stop=running
step=1075 time=0.07136146246712001 dt=6.3395913973369751e-05 residual=15546.083800901821 checked=false stop=running
step=1076 time=0.071424599036327266 dt=6.3136569207255155e-05 residual=15572.306007235655 checked=false stop=running
step=1077 time=0.071487610547841418 dt=6.301151151415392e-05 residual=15573.398512746709 checked=false stop=running
step=1078 time=0.07155065594177884 dt=6.3045393937428702e-05 residual=15547.034257455063 checked=false stop=running
step=1079 time=0.071613907455084169 dt=6.3251513305323629e-05 residual=15749.62363416695 checked=false stop=running
step=1080 time=0.071677502081907138 dt=6.3594626822968681e-05 residual=15743.471597055195 checked=false stop=running
step=1081 time=0.071741489646868342 dt=6.3987564961210012e-05 residual=15675.869063199778 checked=false stop=running
step=1082 time=0.071805483801787154 dt=6.3994154918811636e-05 residual=15513.715690460382 checked=false stop=running
step=1083 time=0.071869520514764265 dt=6.4036712977113202e-05 residual=15618.931528962838 checked=false stop=running
step=1084 time=0.071933420610635304 dt=6.3900095871038479e-05 residual=15623.077321813427 checked=false stop=running
step=1085 time=0.07199690845706927 dt=6.3487846433961099e-05 residual=15792.808768887335 checked=false stop=running
step=1086 time=0.072060147375399924 dt=6.323891833065938e-05 residual=15675.178861320688 checked=false stop=running
step=1087 time=0.072123273521028181 dt=6.3126145628261435e-05 residual=15631.946276438495 checked=false stop=running
step=1088 time=0.072186400992501856 dt=6.3127471473673166e-05 residual=15664.487810327562 checked=false stop=running
step=1089 time=0.07224968741824285 dt=6.3286425740990344e-05 residual=15727.186709090847 checked=false stop=running
step=1090 time=0.072313285439847358 dt=6.3598021604511498e-05 residual=15766.222182281075 checked=false stop=running
step=1091 time=0.072377216161423896 dt=6.3930721576536267e-05 residual=15686.174969617585 checked=false stop=running
step=1092 time=0.072441160596044663 dt=6.3944434620762187e-05 residual=15625.529607566621 checked=false stop=running
step=1093 time=0.072505150038315466 dt=6.3989442270807163e-05 residual=15613.892205144195 checked=false stop=running
step=1094 time=0.072569200531798675 dt=6.4050493483208966e-05 residual=15538.053956015614 checked=false stop=running
step=1095 time=0.072632990219919161 dt=6.3789688120484945e-05 residual=15831.764532918132 checked=false stop=running
step=1096 time=0.072696535198953693 dt=6.354497903453816e-05 residual=15681.261145574701 checked=false stop=running
step=1097 time=0.072759957956486862 dt=6.3422757533172926e-05 residual=15702.169767305646 checked=false stop=running
step=1098 time=0.072823391774414215 dt=6.3433817927350253e-05 residual=15723.765195394537 checked=false stop=running
step=1099 time=0.072886990783185793 dt=6.3599008771572633e-05 residual=15810.499012155713 checked=false stop=running
step=1100 time=0.072950829536331016 dt=6.3838753145224877e-05 residual=15788.50499185503 checked=false stop=running
step=1101 time=0.073014673951359341 dt=6.3844415028321776e-05 residual=15684.236690686266 checked=false stop=running
step=1102 time=0.073078553686780137 dt=6.3879735420793412e-05 residual=15650.849136252284 checked=false stop=running
step=1103 time=0.073142485544714406 dt=6.3931857934274765e-05 residual=15747.527430295306 checked=false stop=running
step=1104 time=0.073206442430539281 dt=6.3956885824869574e-05 residual=15632.569443014254 checked=false stop=running
step=1105 time=0.073270303675353421 dt=6.3861244814134382e-05 residual=15779.023707842567 checked=false stop=running
step=1106 time=0.073334102789808467 dt=6.3799114455045746e-05 residual=15726.78510430236 checked=false stop=running
step=1107 time=0.073397911872449456 dt=6.3809082640988858e-05 residual=15772.214079950521 checked=false stop=running
step=1108 time=0.073461683838541902 dt=6.3771966092447099e-05 residual=15818.611751250924 checked=false stop=running
step=1109 time=0.073525436444729017 dt=6.3752606187113278e-05 residual=15859.573499471246 checked=false stop=running
step=1110 time=0.073589185646165026 dt=6.3749201436006712e-05 residual=15908.169776731243 checked=false stop=running
step=1111 time=0.073652953241584926 dt=6.3767595419895857e-05 residual=15859.93116782472 checked=false stop=running
step=1112 time=0.073716767158440222 dt=6.3813916855300903e-05 residual=15729.907726834073 checked=false stop=running
step=1113 time=0.07378064562960493 dt=6.3878471164708161e-05 residual=15780.477468545481 checked=false stop=running
step=1114 time=0.073844463089068363 dt=6.3817459463430006e-05 residual=15766.061979666505 checked=false stop=running
step=1115 time=0.073908196924879738 dt=6.3733835811368949e-05 residual=15880.058030969865 checked=false stop=running
step=1116 time=0.073971916708511373 dt=6.3719783631636216e-05 residual=15898.447033579065 checked=false stop=running
step=1117 time=0.074035392786269805 dt=6.3476077758432112e-05 residual=15867.867354142514 checked=false stop=running
step=1118 time=0.074098721192632194 dt=6.3328406362391152e-05 residual=15777.624822882983 checked=false stop=running
step=1119 time=0.074162079161502165 dt=6.3357968869970103e-05 residual=15925.034214323687 checked=false stop=running
step=1120 time=0.074225685371541519 dt=6.3606210039350754e-05 residual=16003.096174788307 checked=false stop=running
step=1121 time=0.074289403358194242 dt=6.3717986652726358e-05 residual=15940.318315405324 checked=false stop=running
step=1122 time=0.074353172498870662 dt=6.3769140676420442e-05 residual=15821.172510028768 checked=false stop=running
step=1123 time=0.074417006887324305 dt=6.3834388453640876e-05 residual=15876.659100242199 checked=false stop=running
step=1124 time=0.074480751351576072 dt=6.3744464251760399e-05 residual=15904.708041618958 checked=false stop=running
step=1125 time=0.07454441284585521 dt=6.3661494279133478e-05 residual=15996.587460967545 checked=false stop=running
step=1126 time=0.07460775845986603 dt=6.3345614010823181e-05 residual=15900.590765431634 checked=false stop=running
step=1127 time=0.07467085253490266 dt=6.3094075036624215e-05 residual=15993.601910992178 checked=false stop=running
step=1128 time=0.07473386009929496 dt=6.3007564392295271e-05 residual=15964.589929484284 checked=false stop=running
step=1129 time=0.07479693735357755 dt=6.3077254282592913e-05 residual=16023.712080628844 checked=false stop=running
step=1130 time=0.074860272887739249 dt=6.3335534161694371e-05 residual=16027.129808064416 checked=false stop=running
step=1131 time=0.074923990510213506 dt=6.3717622474263554e-05 residual=16052.513776269316 checked=false stop=running
step=1132 time=0.07498775650466552 dt=6.3765994452009967e-05 residual=15873.959773340259 checked=false stop=running
step=1133 time=0.075051585318180139 dt=6.3828813514612865e-05 residual=15861.723728807156 checked=false stop=running
step=1134 time=0.075115323073354529 dt=6.3737755174385946e-05 residual=15955.938924667022 checked=false stop=running
step=1135 time=0.075178911622507394 dt=6.3588549152858903e-05 residual=15950.598005507034 checked=false stop=running
step=1136 time=0.075242087484757469 dt=6.3175862250080598e-05 residual=16024.587383725444 checked=false stop=running
step=1137 time=0.075305023145697217 dt=6.2935660939745513e-05 residual=16011.749865943251 checked=false stop=running
step=1138 time=0.075367865348857352 dt=6.2842203160141927e-05 residual=15988.429165046002 checked=false stop=running
step=1139 time=0.075430756093444809 dt=6.2890744587455402e-05 residual=16094.496747860025 checked=false stop=running
step=1140 time=0.075493855041344107 dt=6.3098947899295471e-05 residual=16066.477505729186 checked=false stop=running
step=1141 time=0.075557326876484351 dt=6.3471835140250536e-05 residual=16100.492222903204 checked=false stop=running
step=1142 time=0.075621233848420413 dt=6.3906971936067186e-05 residual=15921.581980866544 checked=false stop=running
step=1143 time=0.075685085227330168 dt=6.3851378909760998e-05 residual=15996.840796866833 checked=false stop=running
step=1144 time=0.075748891122169301 dt=6.3805894839135546e-05 residual=16029.189603974541 checked=false stop=running
step=1145 time=0.075812570162416923 dt=6.3679040247626586e-05 residual=16003.65153708196 checked=false stop=running
step=1146 time=0.075875889230810387 dt=6.3319068393465812e-05 residual=16065.716326174592 checked=false stop=running
step=1147 time=0.075939007649979504 dt=6.311841916911908e-05 residual=16067.344764493262 checked=false stop=running
step=1148 time=0.076002036106300186 dt=6.3028456320679817e-05 residual=16016.967213547689 checked=false stop=running
step=1149 time=0.076065097871352572 dt=6.3061765052385902e-05 residual=16150.747645561512 checked=false stop=running
step=1150 time=0.076128349208952562 dt=6.3251337599991997e-05 residual=16171.04080316131 checked=false stop=running
step=1151 time=0.076191948511682817 dt=6.3599302730248596e-05 residual=16115.094578468399 checked=false stop=running
step=1152 time=0.076255897911821899 dt=6.3949400139085569e-05 residual=16013.783873054343 checked=false stop=running
step=1153 time=0.076319840884378459 dt=6.3942972556566604e-05 residual=15996.479056974949 checked=false stop=running
step=1154 time=0.07638374868560277 dt=6.3907801224311178e-05 residual=16076.261906169797 checked=false stop=running
step=1155 time=0.076447637623975981 dt=6.3888938373211175e-05 residual=15962.661971833082 checked=false stop=running
step=1156 time=0.076511381438559595 dt=6.3743814583610325e-05 residual=16038.228773700379 checked=false stop=running
step=1157 time=0.076574926708091823 dt=6.3545269532224612e-05 residual=16194.635519840969 checked=false stop=running
step=1158 time=0.076638373406012095 dt=6.3446697920276505e-05 residual=16037.345049821361 checked=false stop=running
step=1159 time=0.07670185105829691 dt=6.3477652284821035e-05 residual=16250.98150458115 checked=false stop=running
step=1160 time=0.07676550029225622 dt=6.3649233959315761e-05 residual=16233.586356822281 checked=false stop=running
step=1161 time=0.07682943168350824 dt=6.3931391252025185e-05 residual=16176.836487168757 checked=false stop=running
step=1162 time=0.076893377714714189 dt=6.3946031205953512e-05 residual=16036.716249968731 checked=false stop=running
step=1163 time=0.076957341798316106 dt=6.3964083601919468e-05 residual=16040.109940483278 checked=false stop=running
step=1164 time=0.077021327897859843 dt=6.3986099543742519e-05 residual=16050.281921806776 checked=false stop=running
step=1165 time=0.077085338162543135 dt=6.4010264683299196e-05 residual=16021.950738426407 checked=false stop=running
step=1166 time=0.077149341106850428 dt=6.4002944307289415e-05 residual=16144.145047953431 checked=false stop=running
step=1167 time=0.077213331956764705 dt=6.3990849914277183e-05 residual=16094.374602213758 checked=false stop=running
step=1168 time=0.077277318563031508 dt=6.3986606266803437e-05 residual=16076.698604436906 checked=false stop=running
step=1169 time=0.077341285022193743 dt=6.3966459162236502e-05 residual=16189.398384032784 checked=false stop=running
step=1170 time=0.077405243706922006 dt=6.3958684728266667e-05 residual=16227.265807710874 checked=false stop=running
step=1171 time=0.077469199400816396 dt=6.3955693894392269e-05 residual=16150.329095688337 checked=false stop=running
step=1172 time=0.077533153009106667 dt=6.3953608290269218e-05 residual=16027.378628377819 checked=false stop=running
step=1173 time=0.077597107124748044 dt=6.3954115641371456e-05 residual=16090.609269007526 checked=false stop=running
step=1174 time=0.077661067484892002 dt=6.3960360143954729e-05 residual=16235.483817261467 checked=false stop=running
step=1175 time=0.07772504168965047 dt=6.3974204758462296e-05 residual=16152.53923492544 checked=false stop=running
step=1176 time=0.077789040732701376 dt=6.399904305089867e-05 residual=16198.576940976611 checked=false stop=running
step=1177 time=0.077852853869211439 dt=6.3813136510066713e-05 residual=16273.629527317144 checked=false stop=running
step=1178 time=0.077916374905468683 dt=6.3521036257241964e-05 residual=16202.314440912423 checked=false stop=running
step=1179 time=0.077979781633810169 dt=6.3406728341492446e-05 residual=16286.397839639583 checked=false stop=running
step=1180 time=0.078043248287048075 dt=6.3466653237905925e-05 residual=16196.40302322195 checked=false stop=running
step=1181 time=0.078106959401498754 dt=6.3711114450678061e-05 residual=16161.436468210693 checked=false stop=running
step=1182 time=0.078170926224865239 dt=6.396682336648055e-05 residual=16055.706668868199 checked=false stop=running
step=1183 time=0.078234886680324994 dt=6.3960455459759877e-05 residual=16084.037379023768 checked=false stop=running
step=1184 time=0.078298843253471279 dt=6.3956573146284104e-05 residual=16105.663003329371 checked=false stop=running
step=1185 time=0.07836280316994193 dt=6.3959916470645876e-05 residual=16173.194473631207 checked=false stop=running
step=1186 time=0.078426695859425175 dt=6.3892689483241338e-05 residual=16215.408380940276 checked=false stop=running
step=1187 time=0.078490195434559845 dt=6.3499575134675368e-05 residual=16237.869114399293 checked=false stop=running
step=1188 time=0.078553445372847919 dt=6.3249938288069952e-05 residual=16243.672240181442 checked=false stop=running
step=1189 time=0.07861660378172125 dt=6.315840887333289e-05 residual=16316.886302432218 checked=false stop=running
step=1190 time=0.078679832112785744 dt=6.322833106449068e-05 residual=16253.263637886837 checked=false stop=running
step=1191 time=0.078743305582189421 dt=6.3473469403678044e-05 residual=16071.738419923407 checked=false stop=running
step=1192 time=0.078807176487534547 dt=6.3870905345122394e-05 residual=16108.396773118793 checked=false stop=running
step=1193 time=0.078871146410869106 dt=6.3969923334562112e-05 residual=16042.203104486147 checked=false stop=running
step=1194 time=0.078935105378326237 dt=6.3958967457133502e-05 residual=16099.380069564853 checked=false stop=running
step=1195 time=0.078999055159029982 dt=6.3949780703744308e-05 residual=16203.889049750678 checked=false stop=running
step=1196 time=0.07906282420867794 dt=6.3769049647963507e-05 residual=16207.170061428451 checked=false stop=running
step=1197 time=0.079126210198983332 dt=6.3385990305397436e-05 residual=16289.494672568142 checked=false stop=running
step=1198 time=0.079189383857083837 dt=6.3173658100503928e-05 residual=16262.824384057496 checked=false stop=running
step=1199 time=0.079252490334839928 dt=6.3106477756087962e-05 residual=16335.46716799469 checked=false stop=running
step=1200 time=0.07931563702565704 dt=6.3146690817117589e-05 residual=16271.349561010435 checked=false stop=running
step=1201 time=0.079378988664991434 dt=6.335163933439834e-05 residual=16153.745222433197 checked=false stop=running
step=1202 time=0.079442713382286007 dt=6.3724717294566519e-05 residual=16103.216813120764 checked=false stop=running
step=1203 time=0.079506695426035404 dt=6.3982043749394269e-05 residual=16131.836170027313 checked=false stop=running
step=1204 time=0.079570665395968604 dt=6.3969969933205445e-05 residual=16209.99482532277 checked=false stop=running
step=1205 time=0.079634623660063963 dt=6.3958264095360449e-05 residual=16252.561129856067 checked=false stop=running
step=1206 time=0.079698524914113625 dt=6.3901254049666107e-05 residual=16156.316144853397 checked=false stop=running
step=1207 time=0.079762064861769913 dt=6.3539947656285857e-05 residual=16235.64974593337 checked=false stop=running
step=1208 time=0.079825395863124121 dt=6.3331001354211415e-05 residual=16289.749389156395 checked=false stop=running
step=1209 time=0.079888635761584184 dt=6.3239898460063206e-05 residual=16361.122457855528 checked=false stop=running
step=1210 time=0.079951909962054549 dt=6.3274200470367917e-05 residual=16348.03842625194 checked=false stop=running
step=1211 time=0.080015363080491675 dt=6.3453118437129221e-05 residual=16102.214090494537 checked=false stop=running
step=1212 time=0.080079170761217372 dt=6.3807680725693595e-05 residual=16125.758582248065 checked=false stop=running
step=1213 time=0.080143149338571182 dt=6.3978577353804959e-05 residual=16171.007788976374 checked=false stop=running
step=1214 time=0.080207123051904167 dt=6.3973713332988129e-05 residual=16114.051651724047 checked=false stop=running
step=1215 time=0.080271082540767938 dt=6.3959488863765687e-05 residual=16194.927748731938 checked=false stop=running
step=1216 time=0.080335027356562713 dt=6.3944815794777254e-05 residual=16207.158706102637 checked=false stop=running
step=1217 time=0.080398959493682504 dt=6.393213711978853e-05 residual=16281.920348888321 checked=false stop=running
step=1218 time=0.080462751677276609 dt=6.379218359410734e-05 residual=16302.713637983748 checked=false stop=running
step=1219 time=0.080526444578104817 dt=6.3692900828207275e-05 residual=16433.53143073506 checked=false stop=running
step=1220 time=0.080590168425970818 dt=6.3723847866007952e-05 residual=16389.431830850644 checked=false stop=running
step=1221 time=0.080654089134407983 dt=6.3920708437169765e-05 residual=16155.856697678177 checked=false stop=running
step=1222 time=0.080718011838267906 dt=6.3922703859917225e-05 residual=16217.385926422268 checked=false stop=running
step=1223 time=0.080781946613212807 dt=6.3934774944895216e-05 residual=16228.979864049688 checked=false stop=running
step=1224 time=0.080845896819290233 dt=6.3950206077419394e-05 residual=16179.9647113868 checked=false stop=running
step=1225 time=0.080909865629588615 dt=6.3968810298379577e-05 residual=16212.430593706367 checked=false stop=running
step=1226 time=0.080973857855081433 dt=6.3992225492823246e-05 residual=16253.071892281667 checked=false stop=running
step=1227 time=0.081037859392599942 dt=6.4001537518512027e-05 residual=16367.511680370833 checked=false stop=running
step=1228 time=0.081101841003362374 dt=6.3981610762429763e-05 residual=16480.1290321907 checked=false stop=running
step=1229 time=0.08116580867082282 dt=6.3967667460448083e-05 residual=16409.265187970614 checked=false stop=running
step=1230 time=0.081229767746621814 dt=6.3959075798997533e-05 residual=16427.66122200988 checked=false stop=running
step=1231 time=0.081293723519790181 dt=6.395577316836022e-05 residual=16123.32670675573 checked=false stop=running
step=1232 time=0.081357675393094936 dt=6.3951873304756606e-05 residual=16231.020007874276 checked=false stop=running
step=1233 time=0.081421626204027001 dt=6.3950810932062585e-05 residual=16219.080032000396 checked=false stop=running
step=1234 time=0.081485583970477615 dt=6.3957766450612963e-05 residual=16202.02979580697 checked=false stop=running
step=1235 time=0.081549553469171115 dt=6.3969498693496244e-05 residual=16281.197605059482 checked=false stop=running
step=1236 time=0.081613539002727942 dt=6.3985533556822955e-05 residual=16332.076909934674 checked=false stop=running
step=1237 time=0.081677543620379434 dt=6.4004617651488039e-05 residual=16426.983981361442 checked=false stop=running
step=1238 time=0.081741365617453071 dt=6.3821997073635269e-05 residual=16532.82835008276 checked=false stop=running
step=1239 time=0.081804914399947942 dt=6.354878249486721e-05 residual=16474.968675155873 checked=false stop=running
step=1240 time=0.081868362234797709 dt=6.3447834849764492e-05 residual=16451.831020145677 checked=false stop=running
step=1241 time=0.081931880236856811 dt=6.3518002059106016e-05 residual=16204.877059336146 checked=false stop=running
step=1242 time=0.081995652397121185 dt=6.377216026436875e-05 residual=16218.879799259517 checked=false stop=running
step=1243 time=0.082059630568495662 dt=6.397817137447493e-05 residual=16227.038507250098 checked=false stop=running
step=1244 time=0.082123607980855676 dt=6.3977412360013188e-05 residual=16231.680176842894 checked=false stop=running
step=1245 time=0.082187588338336767 dt=6.3980357481088684e-05 residual=16296.903153462164 checked=false stop=running
step=1246 time=0.082251580556148715 dt=6.3992217811941436e-05 residual=16284.783708530102 checked=false stop=running
step=1247 time=0.08231551638218193 dt=6.3935826033208607e-05 residual=16392.038947539728 checked=false stop=running
step=1248 time=0.082379056565194661 dt=6.3540183012724487e-05 residual=16624.351716399236 checked=false stop=running
step=1249 time=0.082442366204505416 dt=6.3309639310752273e-05 residual=16574.824415394942 checked=false stop=running
step=1250 time=0.082505593192793145 dt=6.3226988287732081e-05 residual=16427.99352841737 checked=false stop=running
step=1251 time=0.082568882504538754 dt=6.3289311745606174e-05 residual=16232.042820156377 checked=false stop=running
step=1252 time=0.082632397477963554 dt=6.3514973424805675e-05 residual=16268.007802540211 checked=false stop=running
step=1253 time=0.082696291083297874 dt=6.3893605334320545e-05 residual=16260.115786540067 checked=false stop=running
step=1254 time=0.082760295684596474 dt=6.4004601298604311e-05 residual=16235.579284527588 checked=false stop=running
step=1255 time=0.082824299910596852 dt=6.4004226000384198e-05 residual=16329.686580986148 checked=false stop=running
step=1256 time=0.08288828560721069 dt=6.3985696613844454e-05 residual=16271.54264345089 checked=false stop=running
step=1257 time=0.082952202551916002 dt=6.391694470531116e-05 residual=16389.23682458674 checked=false stop=running
step=1258 time=0.083015743748684978 dt=6.3541196768971621e-05 residual=16490.319817297179 checked=false stop=running
step=1259 time=0.083079069254818005 dt=6.3325506133031449e-05 residual=16535.124245737657 checked=false stop=running
step=1260 time=0.083142289115843621 dt=6.3219861025609053e-05 residual=16436.447399833094 checked=false stop=running
step=1261 time=0.083205528612095958 dt=6.3239496252333533e-05 residual=16313.473610833216 checked=false stop=running
step=1262 time=0.083268953864148815 dt=6.3425252052851311e-05 residual=16278.655271716469 checked=false stop=running
step=1263 time=0.083332729218225446 dt=6.3775354076633714e-05 residual=16285.113141866956 checked=false stop=running
step=1264 time=0.083396740145828194 dt=6.4010927602745936e-05 residual=16288.715139946506 checked=false stop=running
step=1265 time=0.083460725104517242 dt=6.398495868905432e-05 residual=16349.048531233066 checked=false stop=running
step=1266 time=0.083524688447404211 dt=6.3963342886969222e-05 residual=16380.091461857182 checked=false stop=running
step=1267 time=0.08358863236769383 dt=6.3943920289617211e-05 residual=16300.540466139077 checked=false stop=running
step=1268 time=0.083652430582454917 dt=6.3798214761089095e-05 residual=16462.940561725452 checked=false stop=running
step=1269 time=0.083715994840141264 dt=6.3564257686342103e-05 residual=16529.818379104287 checked=false stop=running
step=1270 time=0.083779447967188961 dt=6.345312704769069e-05 residual=16432.195744878154 checked=false stop=running
step=1271 time=0.083842921176158811 dt=6.3473208969850694e-05 residual=16257.749240699844 checked=false stop=running
step=1272 time=0.083906561149752049 dt=6.3639973593236431e-05 residual=16320.858187712394 checked=false stop=running
step=1273 time=0.083970479870494066 dt=6.3918720742019486e-05 residual=16299.746864474759 checked=false stop=running
step=1274 time=0.084034420787239814 dt=6.3940916745742457e-05 residual=16265.257580042951 checked=false stop=running
step=1275 time=0.084098362966261303 dt=6.3942179021487906e-05 residual=16271.874078767012 checked=false stop=running
step=1276 time=0.08416227368980389 dt=6.3910723542580603e-05 residual=16368.232422331375 checked=false stop=running
step=1277 time=0.084226157062814916 dt=6.3883373011028923e-05 residual=16325.771849962244 checked=false stop=running
step=1278 time=0.084290016834593501 dt=6.3859771778589902e-05 residual=16477.179971975962 checked=false stop=running
step=1279 time=0.084353857319821937 dt=6.3840485228430988e-05 residual=16561.220510477771 checked=false stop=running
step=1280 time=0.084417683029232291 dt=6.3825709410351555e-05 residual=16458.625831242676 checked=false stop=running
step=1281 time=0.084481498979815495 dt=6.3815950583209747e-05 residual=16369.191650453069 checked=false stop=running
step=1282 time=0.084545311195343156 dt=6.3812215527662603e-05 residual=16389.137262356391 checked=false stop=running
step=1283 time=0.084609125923473111 dt=6.3814728129949898e-05 residual=16333.102932641445 checked=false stop=running
step=1284 time=0.08467295144957207 dt=6.3825526098958322e-05 residual=16289.059310006527 checked=false stop=running
step=1285 time=0.08473680020469182 dt=6.3848755119752157e-05 residual=16346.827932794004 checked=false stop=running
step=1286 time=0.084800663498665094 dt=6.3863293973279701e-05 residual=16438.451720839261 checked=false stop=running
step=1287 time=0.084864491895240105 dt=6.3828396575014296e-05 residual=16531.673451451781 checked=false stop=running
step=1288 time=0.08492829114407438 dt=6.3799248834276958e-05 residual=16534.368975022167 checked=false stop=running
step=1289 time=0.084992065839772132 dt=6.3774695697747813e-05 residual=16640.875647934266 checked=false stop=running
step=1290 time=0.085055820603723437 dt=6.3754763951304411e-05 residual=16485.22085777808 checked=false stop=running
step=1291 time=0.085119560517277718 dt=6.3739913554276018e-05 residual=16473.695721215478 checked=false stop=running
step=1292 time=0.085183290895905081 dt=6.3730378627358119e-05 residual=16359.273735687157 checked=false stop=running
step=1293 time=0.085247018213897352 dt=6.3727317992271737e-05 residual=16268.661736121996 checked=false stop=running
step=1294 time=0.085310749621400492 dt=6.3731407503137778e-05 residual=16301.571095344394 checked=false stop=running
step=1295 time=0.085374492669701735 dt=6.3743048301238622e-05 residual=16359.729257051853 checked=false stop=running
step=1296 time=0.085438255511005673 dt=6.3762841303941176e-05 residual=16524.930299383115 checked=false stop=running
step=1297 time=0.085502046747805913 dt=6.379123680023899e-05 residual=16534.848880028323 checked=false stop=running
step=1298 time=0.085565817929257895 dt=6.3771181451984063e-05 residual=16598.201086551904 checked=false stop=running
step=1299 time=0.085629558347802198 dt=6.3740418544308948e-05 residual=16594.128575074716 checked=false stop=running
step=1300 time=0.085693240675903254 dt=6.3682328101050429e-05 residual=16484.171754807419 checked=false stop=running
step=1301 time=0.085756806788649734 dt=6.3566112746474653e-05 residual=16416.104698659274 checked=false stop=running
step=1302 time=0.085820416811476896 dt=6.3610022827157098e-05 residual=16317.809134994921 checked=false stop=running
step=1303 time=0.08588408849786619 dt=6.3671686389297566e-05 residual=16315.780381202992 checked=false stop=running
step=1304 time=0.085947760605164916 dt=6.3672107298731352e-05 residual=16304.658418694402 checked=false stop=running
step=1305 time=0.086011441703303451 dt=6.3681098138539506e-05 residual=16326.497780527721 checked=false stop=running
step=1306 time=0.086075140812002196 dt=6.3699108698745291e-05 residual=16448.676323620686 checked=false stop=running
step=1307 time=0.08613886721504764 dt=6.3726403045450292e-05 residual=16567.089673754737 checked=false stop=running
step=1308 time=0.086202610022701562 dt=6.3742807653925415e-05 residual=16587.881037895215 checked=false stop=running
step=1309 time=0.086266317169293505 dt=6.37071465919457e-05 residual=16590.723107403432 checked=false stop=running
step=1310 time=0.086329953174863708 dt=6.3636005570201945e-05 residual=16560.110709778797 checked=false stop=running
step=1311 time=0.086393462197639798 dt=6.3509022776089626e-05 residual=16404.935389037375 checked=false stop=running
step=1312 time=0.086456988292147999 dt=6.3526094508202874e-05 residual=16302.559420507831 checked=false stop=running
step=1313 time=0.086520612893132454 dt=6.3624600984454543e-05 residual=16386.934473635323 checked=false stop=running
step=1314 time=0.086584235234540965 dt=6.3622341408509558e-05 residual=16345.321648180605 checked=false stop=running
step=1315 time=0.086647864245221501 dt=6.3629010680531177e-05 residual=16387.980877305541 checked=false stop=running
step=1316 time=0.086711509363859726 dt=6.3645118638221214e-05 residual=16438.386706582776 checked=false stop=running
step=1317 time=0.086775180580614647 dt=6.3671216754915104e-05 residual=16637.678549727145 checked=false stop=running
step=1318 time=0.086838888601249623 dt=6.3708020634976591e-05 residual=16542.320523530892 checked=false stop=running
step=1319 time=0.086902608950722285 dt=6.3720349472661929e-05 residual=16634.3240445095 checked=false stop=running
step=1320 time=0.086966290885852976 dt=6.3681935130689357e-05 residual=16533.27554438584 checked=false stop=running
step=1321 time=0.087029901091208048 dt=6.3610205355072149e-05 residual=16439.282630112382 checked=false stop=running
step=1322 time=0.087093496130070974 dt=6.3595038862929317e-05 residual=16343.195325985678 checked=false stop=running
step=1323 time=0.087157103414807202 dt=6.3607284736230026e-05 residual=16346.927785832722 checked=false stop=running
step=1324 time=0.087220703022886037 dt=6.3599608078841551e-05 residual=16352.567372755773 checked=false stop=running
step=1325 time=0.087284305081645822 dt=6.3602058759777987e-05 residual=16389.45216125423 checked=false stop=running
step=1326 time=0.087347920188162551 dt=6.3615106516727465e-05 residual=16440.273444342842 checked=false stop=running
step=1327 time=0.08741155932739085 dt=6.3639139228293884e-05 residual=16562.404381142809 checked=false stop=running
step=1328 time=0.087475248236482714 dt=6.3688909091865945e-05 residual=16585.341277614021 checked=false stop=running
step=1329 time=0.087538991568103991 dt=6.3743331621272939e-05 residual=16616.723524309629 checked=false stop=running
step=1330 time=0.087602689731003713 dt=6.3698162899715851e-05 residual=16531.895314256129 checked=false stop=running
step=1331 time=0.08766634740137387 dt=6.3657670370156823e-05 residual=16499.03527873406 checked=false stop=running
step=1332 time=0.087729974416856621 dt=6.3627015482747807e-05 residual=16412.392675857642 checked=false stop=running
step=1333 time=0.08779358334185268 dt=6.3608924996061902e-05 residual=16292.127864479906 checked=false stop=running
step=1334 time=0.087857190362131021 dt=6.3607020278339896e-05 residual=16384.355782724419 checked=false stop=running
step=1335 time=0.087920818543240117 dt=6.3628181109094757e-05 residual=16413.800367570155 checked=false stop=running
step=1336 time=0.087984477956861193 dt=6.3659413621072283e-05 residual=16501.328368039973 checked=false stop=running
step=1337 time=0.088048164089293973 dt=6.3686132432783855e-05 residual=16505.765243171794 checked=false stop=running
step=1338 time=0.088111837860239087 dt=6.367377094511955e-05 residual=16700.588938498291 checked=false stop=running
step=1339 time=0.088175503149787601 dt=6.3665289548519975e-05 residual=16633.938770882603 checked=false stop=running
step=1340 time=0.088239162023222906 dt=6.3658873435309531e-05 residual=16670.633217304505 checked=false stop=running
step=1341 time=0.0883028195284766 dt=6.3657505253692594e-05 residual=16569.589062312847 checked=false stop=running
step=1342 time=0.0883664843133488 dt=6.3664784872194817e-05 residual=16484.949049568961 checked=false stop=running
step=1343 time=0.088430154096176591 dt=6.3669782827786945e-05 residual=16386.274594782099 checked=false stop=running
step=1344 time=0.088493832723347529 dt=6.3678627170933415e-05 residual=16445.763343069717 checked=false stop=running
step=1345 time=0.088557517269445427 dt=6.3684546097891539e-05 residual=16414.603977105438 checked=false stop=running
step=1346 time=0.088621206674194875 dt=6.3689404749442532e-05 residual=16510.811450247358 checked=false stop=running
step=1347 time=0.088684870185451986 dt=6.36635112571103e-05 residual=16559.785541594661 checked=false stop=running
step=1348 time=0.088748511567831534 dt=6.3641382379543173e-05 residual=16713.957299734913 checked=false stop=running
step=1349 time=0.088812131941580982 dt=6.3620373749455122e-05 residual=16662.288216895497 checked=false stop=running
step=1350 time=0.088875734265819073 dt=6.3602324238084019e-05 residual=16673.181755891663 checked=false stop=running
step=1351 time=0.088939325898063762 dt=6.3591632244695774e-05 residual=16576.364739569595 checked=false stop=running
step=1352 time=0.089002908809693693 dt=6.358291162993444e-05 residual=16531.135243232271 checked=false stop=running
step=1353 time=0.089066456308865241 dt=6.3547499171551173e-05 residual=16464.984129515469 checked=false stop=running
step=1354 time=0.08913004020852118 dt=6.3583899655942968e-05 residual=16412.485984490057 checked=false stop=running
step=1355 time=0.089193635086156367 dt=6.3594877635184404e-05 residual=16514.851694396923 checked=false stop=running
step=1356 time=0.089257260525095097 dt=6.3625438938726879e-05 residual=16549.160681837391 checked=false stop=running
step=1357 time=0.089320913220336376 dt=6.3652695241275405e-05 residual=16587.523333349847 checked=false stop=running
step=1358 time=0.089384532382852391 dt=6.3619162516018982e-05 residual=16710.826923311528 checked=false stop=running
step=1359 time=0.089448122476588315 dt=6.3590093735921456e-05 residual=16690.09386521687 checked=false stop=running
step=1360 time=0.089511685572727664 dt=6.3563096139348206e-05 residual=16678.023666608904 checked=false stop=running
step=1361 time=0.08957519167165949 dt=6.3506098931824726e-05 residual=16599.385298396181 checked=false stop=running
step=1362 time=0.089638520289609919 dt=6.3328617950426073e-05 residual=16425.888012382537 checked=false stop=running
step=1363 time=0.089701829909264869 dt=6.3309619654948839e-05 residual=16548.178469230294 checked=false stop=running
step=1364 time=0.089765282310727695 dt=6.3452401462822121e-05 residual=16423.245653701037 checked=false stop=running
step=1365 time=0.089828812984862713 dt=6.3530674135014992e-05 residual=16553.517798282523 checked=false stop=running
step=1366 time=0.089892357713941023 dt=6.3544729078310935e-05 residual=16553.562893339214 checked=false stop=running
step=1367 time=0.089955926002708353 dt=6.3568288767334763e-05 residual=16580.516824583359 checked=false stop=running
step=1368 time=0.090019524391840078 dt=6.359838913173173e-05 residual=16783.207403204935 checked=false stop=running
step=1369 time=0.090083091674809893 dt=6.3567282969813186e-05 residual=16735.240213240013 checked=false stop=running
step=1370 time=0.09014663446204349 dt=6.3542787233596747e-05 residual=16675.162386129086 checked=false stop=running
step=1371 time=0.090210156306458553 dt=6.3521844415062616e-05 residual=16599.723704640655 checked=false stop=running
step=1372 time=0.090273663816339847 dt=6.350750988128849e-05 residual=16421.421507030769 checked=false stop=running
step=1373 time=0.090337164776818302 dt=6.3500960478453063e-05 residual=16510.183540288424 checked=false stop=running
step=1374 time=0.090400666774511584 dt=6.3501997693287429e-05 residual=16461.430234636784 checked=false stop=running
step=1375 time=0.090464177582776764 dt=6.351080826518542e-05 residual=16575.008379236577 checked=false stop=running
step=1376 time=0.090527704928487884 dt=6.3527345711117167e-05 residual=16616.163146669496 checked=false stop=running
step=1377 time=0.09059125578418703 dt=6.355085569914861e-05 residual=16615.382299456869 checked=false stop=running
step=1378 time=0.090654833790253575 dt=6.3578006066542769e-05 residual=16874.775271937637 checked=false stop=running
step=1379 time=0.0907183823428174 dt=6.3548552563828686e-05 residual=16696.86636916046 checked=false stop=running
step=1380 time=0.090781912080800498 dt=6.3529737983103753e-05 residual=16735.304513334751 checked=false stop=running
step=1381 time=0.090845422292005151 dt=6.3510211204658438e-05 residual=16601.661774232081 checked=false stop=running
step=1382 time=0.090908916175795218 dt=6.3493883790070963e-05 residual=16520.907955513321 checked=false stop=running
step=1383 time=0.090972402268793648 dt=6.3486092998433886e-05 residual=16524.666187025305 checked=false stop=running
step=1384 time=0.091035888138095974 dt=6.3485869302325524e-05 residual=16444.249976088784 checked=false stop=running
step=1385 time=0.091099381124500264 dt=6.3492986404286886e-05 residual=16565.015156300175 checked=false stop=running
step=1386 time=0.091162888354298727 dt=6.3507229798458312e-05 residual=16612.818095998318 checked=false stop=running
step=1387 time=0.091226415239697989 dt=6.3526885399257628e-05 residual=16675.009394359655 checked=false stop=running
step=1388 time=0.091289968027700868 dt=6.3552788002882026e-05 residual=16831.273510426941 checked=false stop=running
step=1389 time=0.091353533048097596 dt=6.3565020396731388e-05 residual=16964.56164146728 checked=false stop=running
step=1390 time=0.091417078549112213 dt=6.3545501014611799e-05 residual=16746.40666419781 checked=false stop=running
step=1391 time=0.091480609579063926 dt=6.353102995171007e-05 residual=16642.786714407866 checked=false stop=running
step=1392 time=0.091544130745505492 dt=6.3521166441567225e-05 residual=16534.751348506998 checked=false stop=running
step=1393 time=0.0916076481349202 dt=6.3517389414710962e-05 residual=16552.751003477784 checked=false stop=running
step=1394 time=0.091671168050548896 dt=6.3519915628701155e-05 residual=16609.1328983479 checked=false stop=running
step=1395 time=0.091734695913916073 dt=6.3527863367178087e-05 residual=16605.106583362096 checked=false stop=running
step=1396 time=0.091798237520603454 dt=6.354160668737748e-05 residual=16690.224711039697 checked=false stop=running
step=1397 time=0.09186179763008856 dt=6.356010948510594e-05 residual=16745.026862806117 checked=false stop=running
step=1398 time=0.091925358407243626 dt=6.3560777155059986e-05 residual=16847.20297970506 checked=false stop=running
step=1399 time=0.091988894122737808 dt=6.3535715494176406e-05 residual=17022.393543942089 checked=false stop=running
step=1400 time=0.092052407063724473 dt=6.3512940986664644e-05 residual=16855.003618254967 checked=false stop=running
step=1401 time=0.092115900633645414 dt=6.3493569920935393e-05 residual=16848.403167614706 checked=false stop=running
step=1402 time=0.092179378800573364 dt=6.3478166927943586e-05 residual=16727.43176838279 checked=false stop=running
step=1403 time=0.092242847132507425 dt=6.3468331934059919e-05 residual=16615.027524542489 checked=false stop=running
step=1404 time=0.092306311606914729 dt=6.3464474407301367e-05 residual=16536.212370445712 checked=false stop=running
step=1405 time=0.092369778804122366 dt=6.3467197207636676e-05 residual=16670.103277487684 checked=false stop=running
step=1406 time=0.092433255216896354 dt=6.3476412773992883e-05 residual=16723.127901819113 checked=false stop=running
step=1407 time=0.092496746556947673 dt=6.3491340051324033e-05 residual=16723.143061789669 checked=false stop=running
step=1408 time=0.092560257854378686 dt=6.3511297431012839e-05 residual=16837.672004761916 checked=false stop=running
step=1409 time=0.092623794039942836 dt=6.3536185564152419e-05 residual=16972.446605943362 checked=false stop=running
step=1410 time=0.092687359773010611 dt=6.3565733067776965e-05 residual=16934.722708899702 checked=false stop=running
step=1411 time=0.09275090753919922 dt=6.3547766188614459e-05 residual=16858.058086267549 checked=false stop=running
step=1412 time=0.092814441588354432 dt=6.3534049155213406e-05 residual=16651.154279114005 checked=false stop=running
step=1413 time=0.092877965336189486 dt=6.3523747835057506e-05 residual=16661.335586956538 checked=false stop=running
step=1414 time=0.092941483755838342 dt=6.3518419648855281e-05 residual=16539.251131327277 checked=false stop=running
step=1415 time=0.093005002841852868 dt=6.3519086014528873e-05 residual=16649.216469589453 checked=false stop=running
step=1416 time=0.093068527338515242 dt=6.3524496662378959e-05 residual=16701.030460789712 checked=false stop=running
step=1417 time=0.093132062866857795 dt=6.3535528342551113e-05 residual=16740.240375205056 checked=false stop=running
step=1418 time=0.093195613626735105 dt=6.3550759877303346e-05 residual=16830.609602344321 checked=false stop=running
step=1419 time=0.093259183029010068 dt=6.3569402274968505e-05 residual=17093.048975413807 checked=false stop=running
step=1420 time=0.093322750396221801 dt=6.3567367211730163e-05 residual=16961.491011001246 checked=false stop=running
step=1421 time=0.093386296110882019 dt=6.3545714660221276e-05 residual=16862.299305241915 checked=false stop=running
step=1422 time=0.093449823837823909 dt=6.3527726941886369e-05 residual=16708.625338261918 checked=false stop=running
step=1423 time=0.093513337378971509 dt=6.3513541147601203e-05 residual=16666.425753063195 checked=false stop=running
step=1424 time=0.093576840420992846 dt=6.35030420213405e-05 residual=16617.426085103198 checked=false stop=running
step=1425 time=0.093640338601171061 dt=6.349818017821025e-05 residual=16611.249528915385 checked=false stop=running
step=1426 time=0.093703837823416777 dt=6.3499222245713786e-05 residual=16710.858964302752 checked=false stop=running
step=1427 time=0.093767343675748738 dt=6.3505852331956976e-05 residual=16718.335097493728 checked=false stop=running
step=1428 time=0.09383086092940475 dt=6.3517253656012558e-05 residual=16901.688044865616 checked=false stop=running
step=1429 time=0.093894393915237351 dt=6.3532985832606847e-05 residual=17041.42890385674 checked=false stop=running
step=1430 time=0.093957946852632271 dt=6.3552937394924477e-05 residual=16917.730066513381 checked=false stop=running
step=1431 time=0.094021523426670944 dt=6.3576574038669981e-05 residual=16941.276282757517 checked=false stop=running
step=1432 time=0.094085101947554789 dt=6.3578520883849189e-05 residual=16698.472151161197 checked=false stop=running
step=1433 time=0.094148668136502897 dt=6.3566188948102886e-05 residual=16711.124330759238 checked=false stop=running
step=1434 time=0.094212225618198198 dt=6.3557481695306162e-05 residual=16710.271733503298 checked=false stop=running
step=1435 time=0.094275779094282391 dt=6.3553476084192081e-05 residual=16688.518409277305 checked=false stop=running
step=1436 time=0.094339333756218835 dt=6.355466193643696e-05 residual=16717.820196716511 checked=false stop=running
step=1437 time=0.094402893588321296 dt=6.3559832102467231e-05 residual=16788.210456591867 checked=false stop=running
step=1438 time=0.094466461179484068 dt=6.3567591162772336e-05 residual=16879.146796440702 checked=false stop=running
step=1439 time=0.094530038855861157 dt=6.357767637708347e-05 residual=17145.304571154949 checked=false stop=running
step=1440 time=0.09459362979332131 dt=6.3590937460149065e-05 residual=16922.158174405929 checked=false stop=running
step=1441 time=0.09465723281401521 dt=6.3603020693905459e-05 residual=16929.613444703569 checked=false stop=running
step=1442 time=0.094720825671429004 dt=6.3592857413789975e-05 residual=16744.998459211383 checked=false stop=running
step=1443 time=0.094784411491880577 dt=6.3585820451578755e-05 residual=16781.954972188909 checked=false stop=running
step=1444 time=0.094847992018195312 dt=6.3580526314728614e-05 residual=16762.111988578068 checked=false stop=running
step=1445 time=0.094911570526504938 dt=6.3578508309629692e-05 residual=16740.059523618082 checked=false stop=running
step=1446 time=0.09497515090377856 dt=6.3580377273618851e-05 residual=16753.526238423256 checked=false stop=running
step=1447 time=0.095038736274404845 dt=6.3585370626284703e-05 residual=16781.842255801304 checked=false stop=running
step=1448 time=0.09510232814411948 dt=6.3591869714630739e-05 residual=16920.475923372891 checked=false stop=running
step=1449 time=0.095165928157052923 dt=6.3600012933448814e-05 residual=17078.508549707738 checked=false stop=running
step=1450 time=0.095229540451249595 dt=6.3612294196675322e-05 residual=17183.825218382601 checked=false stop=running
step=1451 time=0.095293167398778425 dt=6.3626947528833597e-05 residual=16929.643360068054 checked=false stop=running
step=1452 time=0.095356789944998813 dt=6.3622546220387587e-05 residual=16728.599260041497 checked=false stop=running
step=1453 time=0.095420403974117135 dt=6.3614029118320959e-05 residual=16736.226847697108 checked=false stop=running
step=1454 time=0.095484011953534301 dt=6.3607979417160454e-05 residual=16759.163619696963 checked=false stop=running
step=1455 time=0.095547616555405099 dt=6.3604601870794668e-05 residual=16701.982441939261 checked=false stop=running
step=1456 time=0.09561122083997424 dt=6.3604284569144165e-05 residual=16870.151451962163 checked=false stop=running
step=1457 time=0.095674827911884849 dt=6.3607071910607232e-05 residual=16821.577603649657 checked=false stop=running
step=1458 time=0.095738440773777522 dt=6.3612861892672331e-05 residual=16921.071199845552 checked=false stop=running
step=1459 time=0.095802061382147613 dt=6.3620608370084972e-05 residual=17119.553927491146 checked=false stop=running
step=1460 time=0.095865691819945892 dt=6.3630437798281256e-05 residual=17205.532349309175 checked=false stop=running
step=1461 time=0.095929334562407029 dt=6.3642742461137084e-05 residual=16945.091470153009 checked=false stop=running
step=1462 time=0.095992991967569441 dt=6.365740516241034e-05 residual=16774.087349790116 checked=false stop=running
step=1463 time=0.09605664627142825 dt=6.3654303858802903e-05 residual=16769.542180854685 checked=false stop=running
step=1464 time=0.096120291231390084 dt=6.3644959961833849e-05 residual=16759.899565324446 checked=false stop=running
step=1465 time=0.09618392947428088 dt=6.3638242890798813e-05 residual=16741.253181166048 checked=false stop=running
step=1466 time=0.096247564080527342 dt=6.3634606246469076e-05 residual=16859.223027538039 checked=false stop=running
step=1467 time=0.09631119784091656 dt=6.3633760389220236e-05 residual=16789.612273939299 checked=false stop=running
step=1468 time=0.096374833471726817 dt=6.3635630810250778e-05 residual=17022.089763537544 checked=false stop=running
step=1469 time=0.096438473607079342 dt=6.3640135352524755e-05 residual=17131.998945575859 checked=false stop=running
step=1470 time=0.096502120622435253 dt=6.3647015355916146e-05 residual=17279.301818393291 checked=false stop=running
step=1471 time=0.096565776513033566 dt=6.3655890598310539e-05 residual=17084.339377516335 checked=false stop=running
step=1472 time=0.096629443800860762 dt=6.3667287827200698e-05 residual=16867.469194630132 checked=false stop=running
step=1473 time=0.096693125101137048 dt=6.3681300276288401e-05 residual=16731.396916306297 checked=false stop=running
step=1474 time=0.096756803609357955 dt=6.3678508220901272e-05 residual=16893.858920190978 checked=false stop=running
step=1475 time=0.096820471290849211 dt=6.3667681491258633e-05 residual=16800.962757326859 checked=false stop=running
step=1476 time=0.096884130650247077 dt=6.3659359397861387e-05 residual=16867.489072629152 checked=false stop=running
step=1477 time=0.096947784011930258 dt=6.3653361683177679e-05 residual=16930.625351961593 checked=false stop=running
step=1478 time=0.097011434044477929 dt=6.365003254767544e-05 residual=17062.265499263242 checked=false stop=running
step=1479 time=0.097075084288991198 dt=6.3650244513266258e-05 residual=17182.677664441548 checked=false stop=running
step=1480 time=0.097138737773868514 dt=6.3653484877317884e-05 residual=17255.717328497441 checked=false stop=running
step=1481 time=0.097202397048902517 dt=6.3659275034008394e-05 residual=17047.733524725238 checked=false stop=running
step=1482 time=0.097266065076623387 dt=6.3668027720875834e-05 residual=16805.412903447253 checked=false stop=running
step=1483 time=0.09732971630222978 dt=6.3651225606386848e-05 residual=16780.557336695863 checked=false stop=running
step=1484 time=0.097393283553613291 dt=6.3567251383509478e-05 residual=16869.031105655555 checked=false stop=running
step=1485 time=0.097456782192784211 dt=6.3498639170920246e-05 residual=16820.388544546837 checked=false stop=running
step=1486 time=0.097520378567155785 dt=6.3596374371570439e-05 residual=16867.653085405302 checked=false stop=running
step=1487 time=0.097584072280655854 dt=6.3693713500066458e-05 residual=16921.206413920612 checked=false stop=running
step=1488 time=0.097647758426956444 dt=6.3686146300591853e-05 residual=17107.690840692721 checked=false stop=running
step=1489 time=0.097711440082450515 dt=6.3681655494072503e-05 residual=17165.591801991184 checked=false stop=running
step=1490 time=0.097775120235507496 dt=6.3680153056979959e-05 residual=17216.349509978307 checked=false stop=running
step=1491 time=0.097838800510481841 dt=6.3680274974351774e-05 residual=17088.266789011588 checked=false stop=running
step=1492 time=0.097902455960216211 dt=6.3655449734375432e-05 residual=16874.488060787986 checked=false stop=running
step=1493 time=0.097966095889607571 dt=6.3639929391353623e-05 residual=16833.444407206971 checked=false stop=running
step=1494 time=0.098029615974719889 dt=6.3520085112320161e-05 residual=16849.799834502635 checked=false stop=running
step=1495 time=0.09809304954620475 dt=6.3433571484866199e-05 residual=16829.758815673129 checked=false stop=running
step=1496 time=0.098156529811459198 dt=6.3480265254442335e-05 residual=16874.475472245536 checked=false stop=running
step=1497 time=0.098220200642529787 dt=6.3670831070593303e-05 residual=16921.321474252494 checked=false stop=running
step=1498 time=0.098283903124806921 dt=6.3702482277130877e-05 residual=17079.252084404419 checked=false stop=running
step=1499 time=0.098347633864099351 dt=6.373073929242669e-05 residual=17179.099465072293 checked=false stop=running
step=1500 time=0.098411323771136816 dt=6.3689907037468239e-05 residual=17223.901494378137 checked=false stop=running
step=1501 time=0.098474976805470071 dt=6.3653034333261693e-05 residual=17148.672458795168 checked=false stop=running
step=1502 time=0.098538599657708059 dt=6.3622852237986882e-05 residual=16799.774442164966 checked=false stop=running
step=1503 time=0.098602200066048223 dt=6.3600408340165908e-05 residual=16751.624916184483 checked=false stop=running
step=1504 time=0.098665787116451825 dt=6.3587050403602461e-05 residual=16867.594844232292 checked=false stop=running
step=1505 time=0.098729368744392559 dt=6.358162794072779e-05 residual=16816.399231881107 checked=false stop=running
step=1506 time=0.09879295433590643 dt=6.3585591513876693e-05 residual=16886.645477273654 checked=false stop=running
step=1507 time=0.098856553641952769 dt=6.3599306046343215e-05 residual=16841.092568582666 checked=false stop=running
step=1508 time=0.098920175694016052 dt=6.3622052063286362e-05 residual=17071.243272587086 checked=false stop=running
step=1509 time=0.098983830746802851 dt=6.3655052786801012e-05 residual=17104.626041577678 checked=false stop=running
step=1510 time=0.099047462583330942 dt=6.3631836528092335e-05 residual=17165.925501228343 checked=false stop=running
step=1511 time=0.099111079787458659 dt=6.3617204127716396e-05 residual=17092.786276190483 checked=false stop=running
step=1512 time=0.099174694075541941 dt=6.3614288083276775e-05 residual=16863.349444837484 checked=false stop=running
step=1513 time=0.099238317214684679 dt=6.3623139142735132e-05 residual=16810.53239048312 checked=false stop=running
step=1514 time=0.099301938390401953 dt=6.3621175717279072e-05 residual=16869.927748706566 checked=false stop=running
step=1515 time=0.099365547236709317 dt=6.3608846307358806e-05 residual=16850.368779408323 checked=false stop=running
step=1516 time=0.099429150733748223 dt=6.3603497038908858e-05 residual=16893.362613962781 checked=false stop=running
step=1517 time=0.09949275791840731 dt=6.3607184659080605e-05 residual=16890.978624619285 checked=false stop=running
step=1518 time=0.09955637805126788 dt=6.362013286057373e-05 residual=17107.216797437002 checked=false stop=running
step=1519 time=0.099619963311621568 dt=6.3585260353687186e-05 residual=17126.892530756551 checked=false stop=running
step=1520 time=0.099683518136620963 dt=6.355482499939208e-05 residual=17099.059294589701 checked=false stop=running
step=1521 time=0.099747055060155854 dt=6.3536923534889035e-05 residual=17110.981006945138 checked=false stop=running
step=1522 time=0.099810586622065392 dt=6.3531561909533821e-05 residual=17024.359784319462 checked=false stop=running
step=1523 time=0.099874125155722332 dt=6.353853365693387e-05 residual=16832.936863879295 checked=false stop=running
step=1524 time=0.099937682600555341 dt=6.3557444833004702e-05 residual=16960.912782289193 checked=false stop=running
step=1525 time=0.10000000000000001 dt=6.2317399444664079e-05 residual=16936.544761654161 checked=false stop=running
step=1526 time=0.10006356259624279 dt=6.3562596242775475e-05 residual=16908.225161601844 checked=false stop=running
step=1527 time=0.10012711773829218 dt=6.355514204939522e-05 residual=16999.011309622045 checked=false stop=running
step=1528 time=0.10019064342715034 dt=6.3525688858159966e-05 residual=17005.281735216759 checked=false stop=running
step=1529 time=0.10025412084200078 dt=6.3477414850441287e-05 residual=17108.498589057741 checked=false stop=running
step=1530 time=0.10031756324863167 dt=6.3442406630888175e-05 residual=17138.222242617063 checked=false stop=running
step=1531 time=0.10038098422124697 dt=6.3420972615296257e-05 residual=17086.835151352443 checked=false stop=running
step=1532 time=0.10044439732242351 dt=6.3413101176540315e-05 residual=17004.691105739101 checked=false stop=running
step=1533 time=0.10050781594094244 dt=6.3418618518923221e-05 residual=16984.669599724835 checked=false stop=running
step=1534 time=0.10057125306058987 dt=6.3437119647433761e-05 residual=16952.512321446378 checked=false stop=running
step=1535 time=0.1006346034008441 dt=6.3350340254229016e-05 residual=16993.010348142572 checked=false stop=running
step=1536 time=0.10069787508990687 dt=6.3271689062767428e-05 residual=16957.866616221258 checked=false stop=running
step=1537 time=0.10076123193546994 dt=6.3356845563071785e-05 residual=16941.974805462847 checked=false stop=running
step=1538 time=0.10082471503618386 dt=6.3483100713911388e-05 residual=17135.290779012019 checked=false stop=running
step=1539 time=0.10088814363498731 dt=6.3428598803453603e-05 residual=17160.729087479212 checked=false stop=running
step=1540 time=0.10095153168806126 dt=6.3388053073943959e-05 residual=17121.218018848424 checked=false stop=running
step=1541 time=0.10101489354769701 dt=6.3361859635747289e-05 residual=17056.465372151364 checked=false stop=running
step=1542 time=0.10107824362820189 dt=6.3350080504879992e-05 residual=17043.62713644878 checked=false stop=running
step=1543 time=0.10114159610187549 dt=6.3352473673608379e-05 residual=17016.088508510889 checked=false stop=running
step=1544 time=0.10120496465303243 dt=6.3368551156940244e-05 residual=16930.573192368916 checked=false stop=running
step=1545 time=0.10126822710616654 dt=6.326245313410842e-05 residual=16964.385368725165 checked=false stop=running
step=1546 time=0.10133140683496922 dt=6.3179728802685451e-05 residual=16957.222671647058 checked=false stop=running
step=1547 time=0.1013946448513931 dt=6.3238016423876453e-05 residual=16939.295465083211 checked=false stop=running
step=1548 time=0.10145805443360541 dt=6.3409582212312055e-05 residual=17117.179541898295 checked=false stop=running
step=1549 time=0.10152140585775327 dt=6.3351424147863327e-05 residual=17303.443272915796 checked=false stop=running
step=1550 time=0.10158471360442776 dt=6.3307746674501073e-05 residual=17161.026387347723 checked=false stop=running
step=1551 time=0.10164799266295632 dt=6.3279058528559876e-05 residual=17214.708529710842 checked=false stop=running
step=1552 time=0.10171125806058282 dt=6.3265397626493158e-05 residual=17047.795700403723 checked=false stop=running
step=1553 time=0.10177452456228998 dt=6.3266501707162401e-05 residual=16941.628459690208 checked=false stop=running
step=1554 time=0.10183780644937494 dt=6.3281887084958447e-05 residual=16942.467622665514 checked=false stop=running
step=1555 time=0.10190111431803169 dt=6.3307868656739742e-05 residual=16910.19009719578 checked=false stop=running
step=1556 time=0.10196433842496076 dt=6.322410692908183e-05 residual=16964.44735102234 checked=false stop=running
step=1557 time=0.10202759686013502 dt=6.3258435174251082e-05 residual=16997.34312620894 checked=false stop=running
step=1558 time=0.10209100299157929 dt=6.3406131444273633e-05 residual=17015.854582013591 checked=false stop=running
step=1559 time=0.10215434570320546 dt=6.3342711626167056e-05 residual=17274.897222164134 checked=false stop=running
step=1560 time=0.10221763759535042 dt=6.3291892144966708e-05 residual=17341.347331701309 checked=false stop=running
step=1561 time=0.10228089400670469 dt=6.3256411354265638e-05 residual=17201.338347375444 checked=false stop=running
step=1562 time=0.10234413070784827 dt=6.3236701143585861e-05 residual=17130.21362083231 checked=false stop=running
step=1563 time=0.10240736450524957 dt=6.3233797401289742e-05 residual=16985.982195720957 checked=false stop=running
step=1564 time=0.10247061008504359 dt=6.3245579794015243e-05 residual=16885.993087046332 checked=false stop=running
step=1565 time=0.10253388106606191 dt=6.3270981018328457e-05 residual=16877.893095430729 checked=false stop=running
step=1566 time=0.10259719022307372 dt=6.3309157011799327e-05 residual=16966.559858091245 checked=false stop=running
step=1567 time=0.10266054706567659 dt=6.3356842602872018e-05 residual=17017.625542675807 checked=false stop=running
step=1568 time=0.10272393224090305 dt=6.3385175226455447e-05 residual=17028.745449697897 checked=false stop=running
step=1569 time=0.10278725030804832 dt=6.331806714526536e-05 residual=17285.224350859939 checked=false stop=running
step=1570 time=0.10285051503792106 dt=6.3264729872743525e-05 residual=17429.593917476017 checked=false stop=running
step=1571 time=0.10291373986712353 dt=6.3224829202470389e-05 residual=17199.473600288351 checked=false stop=running
step=1572 time=0.10297693931732355 dt=6.319945020001258e-05 residual=17068.28796199006 checked=false stop=running
step=1573 time=0.1030401284200205 dt=6.3189102696958502e-05 residual=17040.18487138443 checked=false stop=running
step=1574 time=0.10310332287271577 dt=6.3194452695274718e-05 residual=16942.915683651114 checked=false stop=running
step=1575 time=0.10316653802817989 dt=6.3215155464120713e-05 residual=17011.808906334743 checked=false stop=running
step=1576 time=0.10322978807925036 dt=6.3250051070464785e-05 residual=17102.586534118422 checked=false stop=running
step=1577 time=0.10329308498348833 dt=6.3296904237968084e-05 residual=17029.574134367038 checked=false stop=running
step=1578 time=0.10335644163524386 dt=6.3356651755540577e-05 residual=17030.456030852813 checked=false stop=running
step=1579 time=0.10341977429722436 dt=6.3332661980497839e-05 residual=17160.991173500915 checked=false stop=running
step=1580 time=0.10348304538517739 dt=6.3271087953028579e-05 residual=17453.216760155876 checked=false stop=running
step=1581 time=0.1035462711250862 dt=6.3225739908817502e-05 residual=17168.097741054065 checked=false stop=running
step=1582 time=0.10360946661152029 dt=6.3195486434086066e-05 residual=17143.950910437881 checked=false stop=running
step=1583 time=0.10367264808442504 dt=6.3181472904750126e-05 residual=17053.359026064958 checked=false stop=running
step=1584 time=0.10373583234206143 dt=6.3184257636388023e-05 residual=17002.936158528526 checked=false stop=running
step=1585 time=0.10379903502148742 dt=6.320267942598243e-05 residual=17000.378425269791 checked=false stop=running
step=1586 time=0.10386227044323533 dt=6.3235421747915549e-05 residual=17021.237658074504 checked=false stop=running
step=1587 time=0.10392555124167487 dt=6.3280798439539993e-05 residual=17020.34541041905 checked=false stop=running
step=1588 time=0.10398888769513077 dt=6.3336453455903338e-05 residual=17130.167673298369 checked=false stop=running
step=1589 time=0.10405222903075335 dt=6.3341335622576567e-05 residual=17092.378986869091 checked=false stop=running
step=1590 time=0.1041155169235863 dt=6.3287892832941076e-05 residual=17350.607606453174 checked=false stop=running
step=1591 time=0.1041787510313251 dt=6.3234107738805573e-05 residual=17231.159993547091 checked=false stop=running
step=1592 time=0.10424194830780026 dt=6.3197276475161136e-05 residual=17224.34925440314 checked=false stop=running
step=1593 time=0.10430512674013186 dt=6.3178432331601993e-05 residual=17093.804980411893 checked=false stop=running
step=1594 time=0.10436830326993693 dt=6.3176529805076742e-05 residual=16997.392050505747 checked=false stop=running
step=1595 time=0.10443149311653566 dt=6.3189846598721066e-05 residual=16884.999989635409 checked=false stop=running
step=1596 time=0.10449466463087853 dt=6.3171514342872596e-05 residual=17042.249295033085 checked=false stop=running
step=1597 time=0.10455769074789514 dt=6.3026117016617888e-05 residual=17000.525591555095 checked=false stop=running
step=1598 time=0.10462073062325779 dt=6.3039875362642117e-05 residual=17095.985369213908 checked=false stop=running
step=1599 time=0.10468396412564042 dt=6.3233502382625134e-05 residual=17083.506025536226 checked=false stop=running
step=1600 time=0.1047473190283138 dt=6.3354902673388514e-05 residual=17301.488242839732 checked=false stop=running
step=1601 time=0.10481061943337454 dt=6.3300405060743485e-05 residual=17225.152992090014 checked=false stop=running
step=1602 time=0.10487387807301325 dt=6.3258639638710484e-05 residual=17212.72685879135 checked=false stop=running
step=1603 time=0.1049371094353784 dt=6.3231362365150559e-05 residual=17085.294013523093 checked=false stop=running
step=1604 time=0.10500032954267184 dt=6.3220107293435239e-05 residual=17042.247147978374 checked=false stop=running
step=1605 time=0.10506355393811517 dt=6.3224395443326078e-05 residual=17010.900368705959 checked=false stop=running
step=1606 time=0.10512678420611256 dt=6.3230267997388525e-05 residual=16972.816926499181 checked=false stop=running
step=1607 time=0.10518987763571597 dt=6.3093429603408864e-05 residual=16983.933944286437 checked=false stop=running
step=1608 time=0.10525296516356528 dt=6.3087527849314159e-05 residual=17040.465977025266 checked=false stop=running
step=1609 time=0.10531618830081077 dt=6.3223137245498577e-05 residual=17097.951931543361 checked=false stop=running
step=1610 time=0.1053794781124025 dt=6.3289811591725923e-05 residual=17335.190628543631 checked=false stop=running
step=1611 time=0.10544276039742805 dt=6.3282285025540084e-05 residual=17301.782295000176 checked=false stop=running
step=1612 time=0.10550604375639504 dt=6.3283358966996248e-05 residual=17335.161889580198 checked=false stop=running
step=1613 time=0.10556929246694394 dt=6.3248710548904235e-05 residual=17178.684716518303 checked=false stop=running
step=1614 time=0.10563252199883684 dt=6.3229531892907513e-05 residual=16986.295923575814 checked=false stop=running
step=1615 time=0.1056957461526765 dt=6.3224153839665267e-05 residual=17047.366284784079 checked=false stop=running
step=1616 time=0.10575897857240617 dt=6.3232419729658806e-05 residual=17129.949712524838 checked=false stop=running
step=1617 time=0.10582223149004023 dt=6.3252917634065641e-05 residual=16997.524468930191 checked=false stop=running
step=1618 time=0.10588547878205871 dt=6.3247292018475101e-05 residual=17083.729455865567 checked=false stop=running
step=1619 time=0.10594881013922305 dt=6.333135716433765e-05 residual=17092.969855773954 checked=false stop=running
step=1620 time=0.10601216455300948 dt=6.3354413786428655e-05 residual=17300.720414275358 checked=false stop=running
step=1621 time=0.10607550901239829 dt=6.334445938881301e-05 residual=17274.022796827456 checked=false stop=running
step=1622 time=0.10613885185340666 dt=6.3342841008363175e-05 residual=17215.105416435261 checked=false stop=running
step=1623 time=0.10620216912921547 dt=6.3317275808811381e-05 residual=17194.00246866692 checked=false stop=running
step=1624 time=0.10626545614226637 dt=6.3287013050897161e-05 residual=16940.729449588332 checked=false stop=running
step=1625 time=0.10632872914839112 dt=6.3273006124739891e-05 residual=17038.70832611468 checked=false stop=running
step=1626 time=0.10639199831536249 dt=6.3269166971373407e-05 residual=17102.724522800061 checked=false stop=running
step=1627 time=0.10645527621208589 dt=6.3277896723403713e-05 residual=17040.989735984127 checked=false stop=running
step=1628 time=0.10651857422422387 dt=6.3298012137971566e-05 residual=17047.718020703749 checked=false stop=running
step=1629 time=0.1065818973632021 dt=6.3323138978233764e-05 residual=17089.809962839903 checked=false stop=running
step=1630 time=0.10664519734348216 dt=6.3299980280054862e-05 residual=17301.230998212173 checked=false stop=running
step=1631 time=0.1067084823085255 dt=6.32849650433442e-05 residual=17268.057756323138 checked=false stop=running
step=1632 time=0.10677176092545491 dt=6.3278616929403504e-05 residual=17245.436837734149 checked=false stop=running
step=1633 time=0.10683504197068626 dt=6.3281045231349556e-05 residual=17170.357084495256 checked=false stop=running
step=1634 time=0.10689833379594661 dt=6.329182526035654e-05 residual=17132.200191810018 checked=false stop=running
step=1635 time=0.10696161556826665 dt=6.3281772320032952e-05 residual=17073.423969411633 checked=false stop=running
step=1636 time=0.10702488564603936 dt=6.3270077772707649e-05 residual=17218.257081960965 checked=false stop=running
step=1637 time=0.10708815507815531 dt=6.3269432115951413e-05 residual=17070.118461171063 checked=false stop=running
step=1638 time=0.10715143482454235 dt=6.3279746387051057e-05 residual=17101.991204681999 checked=false stop=running
step=1639 time=0.10721473462612521 dt=6.3299801582852481e-05 residual=17142.65974522704 checked=false stop=running
step=1640 time=0.1072780630764241 dt=6.3328450298880622e-05 residual=17228.524582525071 checked=false stop=running
step=1641 time=0.10734143012365577 dt=6.3367047231666893e-05 residual=17305.959099507952 checked=false stop=running
step=1642 time=0.1074047842132463 dt=6.3354089590533211e-05 residual=17280.593889710559 checked=false stop=running
step=1643 time=0.10746813394620287 dt=6.3349732956576393e-05 residual=17180.813595195581 checked=false stop=running
step=1644 time=0.10753148831759611 dt=6.3354371393236427e-05 residual=17097.657549676267 checked=false stop=running
step=1645 time=0.10759484249139206 dt=6.3354173795949559e-05 residual=17066.274821877985 checked=false stop=running
step=1646 time=0.10765816892549782 dt=6.3326434105752643e-05 residual=17058.918992988383 checked=false stop=running
step=1647 time=0.10772147863273904 dt=6.3309707241225368e-05 residual=17059.098786640698 checked=false stop=running
step=1648 time=0.10778478412460515 dt=6.3305491866121432e-05 residual=17131.750773218999 checked=false stop=running
step=1649 time=0.10784809556280353 dt=6.3311438198372422e-05 residual=17167.96339505475 checked=false stop=running
step=1650 time=0.10791142261975133 dt=6.3327056947791994e-05 residual=17254.662899193801 checked=false stop=running
step=1651 time=0.1079747300287348 dt=6.3307408983467273e-05 residual=17408.194586138161 checked=false stop=running
step=1652 time=0.10803802214927066 dt=6.3292120535860579e-05 residual=17410.248530306031 checked=false stop=running
step=1653 time=0.1081013069402941 dt=6.3284791023440854e-05 residual=17162.690159388927 checked=false stop=running
step=1654 time=0.10816459224906547 dt=6.328530877136247e-05 residual=17102.388645658211 checked=false stop=running
step=1655 time=0.10822788621581074 dt=6.3293966745272219e-05 residual=17164.433930160449 checked=false stop=running
step=1656 time=0.10829119611996768 dt=6.330990415693949e-05 residual=17048.416618703279 checked=false stop=running
step=1657 time=0.1083544890472718 dt=6.329292730411841e-05 residual=17026.99817203826 checked=false stop=running
step=1658 time=0.1084177692514669 dt=6.3280204195110924e-05 residual=17124.513708727209 checked=false stop=running
step=1659 time=0.10848104684639183 dt=6.3277594924926499e-05 residual=17180.903029926525 checked=false stop=running
step=1660 time=0.10854433122215128 dt=6.3284375759449949e-05 residual=17278.982824672461 checked=false stop=running
step=1661 time=0.10860763108097669 dt=6.3299858825409814e-05 residual=17358.855162667147 checked=false stop=running
step=1662 time=0.10867095580219374 dt=6.3324721217049616e-05 residual=17389.500731152049 checked=false stop=running
step=1663 time=0.10873431614137952 dt=6.3360339185771161e-05 residual=17152.507938760598 checked=false stop=running
step=1664 time=0.10879768965895981 dt=6.3373517580293977e-05 residual=17158.475092654702 checked=false stop=running
step=1665 time=0.10886106383057648 dt=6.3374171616676606e-05 residual=17125.458746925302 checked=false stop=running
step=1666 time=0.10892444532405954 dt=6.3381493483061525e-05 residual=17055.686122581468 checked=false stop=running
step=1667 time=0.10898779123345895 dt=6.3345909399410903e-05 residual=17011.239403835982 checked=false stop=running
step=1668 time=0.10905111210811291 dt=6.3320874653960692e-05 residual=17013.877605913345 checked=false stop=running
step=1669 time=0.10911441843780208 dt=6.3306329689170773e-05 residual=17132.222782834444 checked=false stop=running
step=1670 time=0.10917772033474248 dt=6.3301896940403768e-05 residual=17289.4370186862 checked=false stop=running
step=1671 time=0.10924102669973353 dt=6.3306364991046643e-05 residual=17305.394560488083 checked=false stop=running
step=1672 time=0.10930434564728429 dt=6.3318947550763472e-05 residual=17267.844410133548 checked=false stop=running
step=1673 time=0.10936768433125095 dt=6.3338683966663358e-05 residual=17142.677972543443 checked=false stop=running
step=1674 time=0.10943101216265279 dt=6.3327831401840194e-05 residual=17179.470745219889 checked=false stop=running
step=1675 time=0.10949433382529877 dt=6.3321662645983114e-05 residual=17153.140436119826 checked=false stop=running
step=1676 time=0.10955765605375267 dt=6.3322228453902674e-05 residual=16994.026363718218 checked=false stop=running
step=1677 time=0.10962098602388277 dt=6.3329970130101486e-05 residual=16992.691253479425 checked=false stop=running
step=1678 time=0.10968427939945802 dt=6.3293375575246066e-05 residual=16989.258326474323 checked=false stop=running
step=1679 time=0.10974754287283854 dt=6.3263473380529051e-05 residual=17120.129622333552 checked=false stop=running
step=1680 time=0.10981078715251968 dt=6.3244279681146535e-05 residual=17263.859442927191 checked=false stop=running
step=1681 time=0.10987402687413475 dt=6.3239721615071011e-05 residual=17340.812526107602 checked=false stop=running
step=1682 time=0.10993727191935469 dt=6.3245045219942776e-05 residual=17233.087169001803 checked=false stop=running
step=1683 time=0.11000054365572527 dt=6.3271736370583201e-05 residual=17109.722401282954 checked=false stop=running
step=1684 time=0.11006384373002794 dt=6.3300074302661307e-05 residual=17179.714873445373 checked=false stop=running
step=1685 time=0.11012717605497988 dt=6.33323249519392e-05 residual=17122.466223720632 checked=false stop=running
step=1686 time=0.11019054625708391 dt=6.3370202104029745e-05 residual=17002.601947938761 checked=false stop=running
step=1687 time=0.11025393882320786 dt=6.339256612395054e-05 residual=17063.853329332931 checked=false stop=running
step=1688 time=0.11031728200612258 dt=6.3343182914723481e-05 residual=17226.858079480848 checked=false stop=running
step=1689 time=0.11038058757589368 dt=6.3305569771099772e-05 residual=17114.171934936392 checked=false stop=running
step=1690 time=0.11044386605538443 dt=6.3278479490750002e-05 residual=17243.801961059577 checked=false stop=running
step=1691 time=0.11050712789429319 dt=6.326183890875418e-05 residual=17264.783475479486 checked=false stop=running
step=1692 time=0.11057038351460707 dt=6.3255620313882051e-05 residual=17231.494399742976 checked=false stop=running
step=1693 time=0.11063364338223917 dt=6.3259867632094668e-05 residual=17214.14306960316 checked=false stop=running
step=1694 time=0.11069691708168296 dt=6.3273699443777083e-05 residual=17163.652231855227 checked=false stop=running
step=1695 time=0.11076021252701439 dt=6.3295445331430569e-05 residual=17165.638089407777 checked=false stop=running
step=1696 time=0.11082353708645265 dt=6.3324559438269939e-05 residual=17051.321390334811 checked=false stop=running
step=1697 time=0.11088687222589964 dt=6.3335139446986499e-05 residual=17147.209270896379 checked=false stop=running
step=1698 time=0.11095020320519405 dt=6.3330979294406951e-05 residual=17040.076750762273 checked=false stop=running
step=1699 time=0.1110135210571936 dt=6.3317851999552863e-05 residual=17161.088512825303 checked=false stop=running
step=1700 time=0.11107680160139129 dt=6.3280544197686254e-05 residual=17305.267036165002 checked=false stop=running
step=1701 time=0.11114005470956427 dt=6.3253108172987019e-05 residual=17255.411190633804 checked=false stop=running
step=1702 time=0.11120329021782011 dt=6.3235508255834758e-05 residual=17220.897707957014 checked=false stop=running
step=1703 time=0.11126652224516767 dt=6.3232027347571833e-05 residual=17148.353261451251 checked=false stop=running
step=1704 time=0.11132976251341502 dt=6.3240268247342278e-05 residual=17140.992665708472 checked=false stop=running
step=1705 time=0.11139302760858774 dt=6.3265095172730453e-05 residual=17096.75046578472 checked=false stop=running
step=1706 time=0.11145631877536208 dt=6.329116677433409e-05 residual=17101.974626367184 checked=false stop=running
step=1707 time=0.11151964046245846 dt=6.3321687096388546e-05 residual=17112.560389366827 checked=false stop=running
step=1708 time=0.1115829975266994 dt=6.3357064240928884e-05 residual=17024.657413918339 checked=false stop=running
step=1709 time=0.11164620578802111 dt=6.3208261321703841e-05 residual=17114.391956284322 checked=false stop=running
step=1710 time=0.11170929495800769 dt=6.3089169986581592e-05 residual=17284.068456793128 checked=false stop=running
step=1711 time=0.1117724488265959 dt=6.3153868588212866e-05 residual=17297.721130257883 checked=false stop=running
step=1712 time=0.11183573228700222 dt=6.3283460406320907e-05 residual=17139.437246359761 checked=false stop=running
step=1713 time=0.11189900092760932 dt=6.326864060710693e-05 residual=17174.748206845627 checked=false stop=running
step=1714 time=0.11196226367193673 dt=6.3262744327418594e-05 residual=17094.682691610236 checked=false stop=running
step=1715 time=0.11202552993868205 dt=6.3266266745309326e-05 residual=17170.828751111436 checked=false stop=running
step=1716 time=0.11208880771512024 dt=6.3277776438189727e-05 residual=17137.63347114186 checked=false stop=running
step=1717 time=0.1121521031810209 dt=6.3295465900660658e-05 residual=17145.575201654581 checked=false stop=running
step=1718 time=0.1122154230676595 dt=6.331988663860571e-05 residual=17039.605509780704 checked=false stop=running
step=1719 time=0.11227870659683015 dt=6.3283529170653989e-05 residual=17121.774989194266 checked=false stop=running
step=1720 time=0.11234189259768164 dt=6.3186000851485401e-05 residual=17316.767892070842 checked=false stop=running
step=1721 time=0.11240512158652449 dt=6.3228988842855294e-05 residual=17314.083599687616 checked=false stop=running
step=1722 time=0.11246842289709831 dt=6.3301310573824697e-05 residual=17180.753736920891 checked=false stop=running
step=1723 time=0.11253170041956555 dt=6.3277522467230203e-05 residual=17174.702510435913 checked=false stop=running
step=1724 time=0.11259496076518299 dt=6.3260345617446582e-05 residual=17182.951347664643 checked=false stop=running
step=1725 time=0.11265821200062281 dt=6.3251235439820331e-05 residual=17212.564917582091 checked=false stop=running
step=1726 time=0.11272146229163976 dt=6.3250291016943066e-05 residual=17099.937887992262 checked=false stop=running
step=1727 time=0.11278471863559694 dt=6.3256343957175993e-05 residual=17172.047271420615 checked=false stop=running
step=1728 time=0.11284798905979843 dt=6.3270424201483113e-05 residual=17054.423356554678 checked=false stop=running
step=1729 time=0.11291128103432078 dt=6.3291974522357872e-05 residual=17130.362738471365 checked=false stop=running
step=1730 time=0.11297458037924374 dt=6.3299344922952049e-05 residual=17290.629234105836 checked=false stop=running
step=1731 time=0.11303786535533455 dt=6.3284976090821233e-05 residual=17351.800765395907 checked=false stop=running
step=1732 time=0.11310113982300422 dt=6.3274467669664257e-05 residual=17265.401447626307 checked=false stop=running
step=1733 time=0.11316441104893327 dt=6.3271225929043307e-05 residual=17205.980494949676 checked=false stop=running
step=1734 time=0.1132276864081231 dt=6.3275359189837399e-05 residual=17199.002088470199 checked=false stop=running
step=1735 time=0.11329097525805752 dt=6.3288849934420893e-05 residual=17210.174461483835 checked=false stop=running
step=1736 time=0.11335425308763776 dt=6.3277829580245154e-05 residual=17175.743280357055 checked=false stop=running
step=1737 time=0.1134175258120423 dt=6.3272724404546141e-05 residual=17107.748270572865 checked=false stop=running
step=1738 time=0.11348079976976366 dt=6.3273957721369972e-05 residual=17122.348916281619 checked=false stop=running
step=1739 time=0.11354408163004069 dt=6.3281860277021717e-05 residual=17163.553635006818 checked=false stop=running
step=1740 time=0.11360734932501512 dt=6.3267694974433161e-05 residual=17323.194304320376 checked=false stop=running
step=1741 time=0.11367059031934673 dt=6.3240994331613314e-05 residual=17431.498520960307 checked=false stop=running
step=1742 time=0.11373381194375382 dt=6.3221624407087582e-05 residual=17232.971195384125 checked=false stop=running
step=1743 time=0.11379702137836986 dt=6.3209434616044418e-05 residual=17175.63924070424 checked=false stop=running
step=1744 time=0.1138602258782957 dt=6.320449992582803e-05 residual=17219.64848963984 checked=false stop=running
step=1745 time=0.11392343233001295 dt=6.3206451717263412e-05 residual=17171.116631769462 checked=false stop=running
step=1746 time=0.11398664787843121 dt=6.3215548418257784e-05 residual=17231.318932822196 checked=false stop=running
step=1747 time=0.11404988116383381 dt=6.3233285402598089e-05 residual=17220.605193872176 checked=false stop=running
step=1748 time=0.11411313612891387 dt=6.3254965080057998e-05 residual=17091.307352904176 checked=false stop=running
step=1749 time=0.11417639915833318 dt=6.3263029419306855e-05 residual=17193.689006353728 checked=false stop=running
step=1750 time=0.11423966698864063 dt=6.3267830307458546e-05 residual=17384.749650712823 checked=false stop=running
step=1751 time=0.11430291812882538 dt=6.3251140184757338e-05 residual=17522.24742315301 checked=false stop=running
step=1752 time=0.11436614059890163 dt=6.3222470076248365e-05 residual=17328.000037111869 checked=false stop=running
step=1753 time=0.11442934093791013 dt=6.3200339008501357e-05 residual=17293.731905289071 checked=false stop=running
step=1754 time=0.11449252672063155 dt=6.3185782721418074e-05 residual=17277.483646472429 checked=false stop=running
step=1755 time=0.11455570511306924 dt=6.3178392437692406e-05 residual=17231.337268204818 checked=false stop=running
step=1756 time=0.11461888359216411 dt=6.3178479094867034e-05 residual=17195.519540393689 checked=false stop=running
step=1757 time=0.11468207137637527 dt=6.3187784211153714e-05 residual=17236.140394535738 checked=false stop=running
step=1758 time=0.11474527334285102 dt=6.3201966475742258e-05 residual=17169.583576671568 checked=false stop=running
step=1759 time=0.11480849396987533 dt=6.3220627024310452e-05 residual=17203.084930448833 checked=false stop=running
step=1760 time=0.1148717373088506 dt=6.324333897526999e-05 residual=17333.250195556142 checked=false stop=running
step=1761 time=0.11493497523613687 dt=6.3237927286266711e-05 residual=17457.002635265155 checked=false stop=running
step=1762 time=0.11499818387499357 dt=6.3208638856698115e-05 residual=17359.751158788702 checked=false stop=running
step=1763 time=0.11506136889133335 dt=6.3185016339779192e-05 residual=17323.802942289065 checked=false stop=running
step=1764 time=0.11512453530448721 dt=6.3166413153860785e-05 residual=17281.510547729544 checked=false stop=running
step=1765 time=0.11518768886900611 dt=6.3153564518903747e-05 residual=17255.285889503495 checked=false stop=running
step=1766 time=0.11525083520546345 dt=6.3146336457337314e-05 residual=17219.239036735489 checked=false stop=running
step=1767 time=0.11531397756098156 dt=6.31423555181137e-05 residual=17190.001179264349 checked=false stop=running
step=1768 time=0.11537712037285969 dt=6.3142811878127687e-05 residual=17150.030537205061 checked=false stop=running
step=1769 time=0.11544027063556478 dt=6.3150262705089687e-05 residual=17171.185812573654 checked=false stop=running
step=1770 time=0.1155034336578812 dt=6.3163022316420269e-05 residual=17413.489636734765 checked=false stop=running
step=1771 time=0.11556661288311142 dt=6.3179225230226125e-05 residual=17434.428261274999 checked=false stop=running
step=1772 time=0.11562978546371103 dt=6.3172580599615109e-05 residual=17471.648972850893 checked=false stop=running
step=1773 time=0.11569300090836504 dt=6.3215444654020185e-05 residual=17397.869193978557 checked=false stop=running
step=1774 time=0.11575619066133136 dt=6.3189752966315608e-05 residual=17322.119676694638 checked=false stop=running
step=1775 time=0.115819359850902 dt=6.3169189570638786e-05 residual=17253.707358933418 checked=false stop=running
step=1776 time=0.11588251388707939 dt=6.315403617738601e-05 residual=17198.288232077826 checked=false stop=running
step=1777 time=0.11594565438585784 dt=6.3140498778454881e-05 residual=17283.392733507033 checked=false stop=running
step=1778 time=0.11600878658775207 dt=6.3132201894235723e-05 residual=17199.966270809382 checked=false stop=running
step=1779 time=0.11607191730408288 dt=6.3130716330804258e-05 residual=17190.839923527437 checked=false stop=running
step=1780 time=0.11613505174995416 dt=6.3134445871271133e-05 residual=17281.392925848675 checked=false stop=running
step=1781 time=0.11619819482586687 dt=6.3143075912706434e-05 residual=17384.231696538845 checked=false stop=running
step=1782 time=0.11626135133476795 dt=6.3156508901086829e-05 residual=17328.881477379298 checked=false stop=running
step=1783 time=0.11632452640966631 dt=6.3175074898367094e-05 residual=17393.846028645516 checked=false stop=running
step=1784 time=0.11638771253761131 dt=6.3186127944989863e-05 residual=17303.819996568276 checked=false stop=running
step=1785 time=0.11645087303468651 dt=6.3160497075208927e-05 residual=17294.455159687001 checked=false stop=running
step=1786 time=0.11651401206868831 dt=6.3139034001793317e-05 residual=17302.415273640028 checked=false stop=running
step=1787 time=0.11657713394387204 dt=6.3121875183732337e-05 residual=17369.26084842968 checked=false stop=running
step=1788 time=0.11664024302654181 dt=6.3109082669781985e-05 residual=17134.842625598336 checked=false stop=running
step=1789 time=0.11670334329262819 dt=6.3100266086374833e-05 residual=17191.266028211903 checked=false stop=running
step=1790 time=0.11676643903890965 dt=6.3095746281464704e-05 residual=17313.771684358748 checked=false stop=running
step=1791 time=0.11682953549314162 dt=6.3096454231973263e-05 residual=17414.032249946908 checked=false stop=running
step=1792 time=0.11689263837352971 dt=6.3102880388094329e-05 residual=17543.32945871252 checked=false stop=running
step=1793 time=0.1169557524868053 dt=6.3114113275588934e-05 residual=17545.93978474422 checked=false stop=running
step=1794 time=0.11701888360947489 dt=6.3131122669595106e-05 residual=17282.972063688929 checked=false stop=running
step=1795 time=0.11708203818343484 dt=6.3154573959940487e-05 residual=17327.785322026717 checked=false stop=running
step=1796 time=0.11714520653724173 dt=6.3168353806886013e-05 residual=17366.46861897724 checked=false stop=running
step=1797 time=0.11720835234408546 dt=6.3145806843736089e-05 residual=17265.29766335688 checked=false stop=running
step=1798 time=0.11727147962218945 dt=6.3127278103988345e-05 residual=17293.683723428065 checked=false stop=running
step=1799 time=0.11733459200054198 dt=6.3112378352538618e-05 residual=17234.753101235332 checked=false stop=running
step=1800 time=0.11739769356263592 dt=6.3101562093940381e-05 residual=17213.67984031653 checked=false stop=running
step=1801 time=0.11746078861396336 dt=6.3095051327447058e-05 residual=17406.829233336837 checked=false stop=running
step=1802 time=0.11752388340268907 dt=6.3094788725712566e-05 residual=17463.898945119927 checked=false stop=running
step=1803 time=0.11758698333878508 dt=6.3099936095998283e-05 residual=17380.089363137467 checked=false stop=running
step=1804 time=0.11765009348797467 dt=6.3110149189600029e-05 residual=17313.069702983499 checked=false stop=running
step=1805 time=0.11771322081907774 dt=6.3127331103066155e-05 residual=17363.481725650359 checked=false stop=running
step=1806 time=0.11777637133073839 dt=6.3150511660638544e-05 residual=17293.724378403982 checked=false stop=running
step=1807 time=0.11783950733370947 dt=6.3136002971080779e-05 residual=17263.113603617832 checked=false stop=running
step=1808 time=0.11790262081021086 dt=6.3113476501378655e-05 residual=17349.437356028891 checked=false stop=running
step=1809 time=0.11796571569569463 dt=6.3094885483772246e-05 residual=17328.906247682222 checked=false stop=running
step=1810 time=0.11802879593877418 dt=6.3080243079544746e-05 residual=17382.722807366088 checked=false stop=running
step=1811 time=0.11809186591479623 dt=6.306997602205013e-05 residual=17487.239877455417 checked=false stop=running
step=1812 time=0.11815493094065044 dt=6.3065025854202995e-05 residual=17485.893841548084 checked=false stop=running
step=1813 time=0.11821799702754132 dt=6.3066086890888916e-05 residual=17485.312348027968 checked=false stop=running
step=1814 time=0.11828107000487102 dt=6.3072977329699045e-05 residual=17337.092602199442 checked=false stop=running
step=1815 time=0.11834415667170178 dt=6.3086666830764406e-05 residual=17263.51773244701 checked=false stop=running
step=1816 time=0.1184072612744226 dt=6.3104602720817263e-05 residual=17335.864535151744 checked=false stop=running
step=1817 time=0.11847038972317231 dt=6.3128448749720484e-05 residual=17281.958394582776 checked=false stop=running
step=1818 time=0.11853352500988065 dt=6.3135286708349347e-05 residual=17302.653207840282 checked=false stop=running
step=1819 time=0.11859663681685222 dt=6.3111806971559886e-05 residual=17373.091361447619 checked=false stop=running
step=1820 time=0.11865972884367298 dt=6.3092026820762555e-05 residual=17470.905803214264 checked=false stop=running
step=1821 time=0.11872280522946013 dt=6.3076385787150019e-05 residual=17323.437041209007 checked=false stop=running
step=1822 time=0.118785870643245 dt=6.3065413784865943e-05 residual=17463.477528192514 checked=false stop=running
step=1823 time=0.11884893072078201 dt=6.3060077537002951e-05 residual=17375.740220883363 checked=false stop=running
step=1824 time=0.11891199101859351 dt=6.306029781149825e-05 residual=17285.987954489075 checked=false stop=running
step=1825 time=0.1189750572499462 dt=6.306623135269176e-05 residual=17317.560974666496 checked=false stop=running
step=1826 time=0.11903813536131486 dt=6.3078111368659284e-05 residual=17293.829911554407 checked=false stop=running
step=1827 time=0.11910122992016442 dt=6.3094558849559825e-05 residual=17220.006662746171 checked=false stop=running
step=1828 time=0.11916434800606716 dt=6.3118085902750287e-05 residual=17211.259375977432 checked=false stop=running
step=1829 time=0.11922744712114552 dt=6.3099115078355184e-05 residual=17263.311611203353 checked=false stop=running
step=1830 time=0.11929052125173012 dt=6.3074130584596629e-05 residual=17326.422908036133 checked=false stop=running
step=1831 time=0.1193535741967513 dt=6.3052945021180252e-05 residual=17461.240533572935 checked=false stop=running
step=1832 time=0.11941661030756696 dt=6.3036110815669626e-05 residual=17683.506716186206 checked=false stop=running
step=1833 time=0.1194796351730419 dt=6.3024865474938297e-05 residual=17465.051018927345 checked=false stop=running
step=1834 time=0.1195426549823714 dt=6.3019809329508983e-05 residual=17346.923856142177 checked=false stop=running
step=1835 time=0.11960567703627747 dt=6.302205390607182e-05 residual=17299.384027319396 checked=false stop=running
step=1836 time=0.11966870703009883 dt=6.3029993821353306e-05 residual=17272.071712718469 checked=false stop=running
step=1837 time=0.11973175129439823 dt=6.3044264299402393e-05 residual=17277.962363435814 checked=false stop=running
step=1838 time=0.11979481709158221 dt=6.3065797183992355e-05 residual=17298.034917443059 checked=false stop=running
step=1839 time=0.11985790968180336 dt=6.3092590221145936e-05 residual=17370.100433200667 checked=false stop=running
step=1840 time=0.11992099362924753 dt=6.3083947444176816e-05 residual=17283.316999448369 checked=false stop=running
step=1841 time=0.11998405174464963 dt=6.305811540210163e-05 residual=17488.447919431877 checked=false stop=running
step=1842 time=0.12004708827225126 dt=6.3036527601635867e-05 residual=17597.340566557032 checked=false stop=running
step=1843 time=0.12011010869442922 dt=6.3020422177952729e-05 residual=17422.8888629834 checked=false stop=running
step=1844 time=0.12017311944476622 dt=6.3010750337006864e-05 residual=17272.333961084289 checked=false stop=running
step=1845 time=0.12023612637304147 dt=6.3006928275256642e-05 residual=17266.640678564694 checked=false stop=running
step=1846 time=0.12029913594867535 dt=6.3009575633872334e-05 residual=17280.395971128004 checked=false stop=running
step=1847 time=0.12036215360665328 dt=6.3017657977937065e-05 residual=17253.002326539532 checked=false stop=running
step=1848 time=0.12042518602014854 dt=6.3032413495259207e-05 residual=17270.949403592418 checked=false stop=running
step=1849 time=0.12048824009326885 dt=6.3054073120303564e-05 residual=17398.705124544369 checked=false stop=running
step=1850 time=0.12055130296339234 dt=6.3062870123494131e-05 residual=17294.934518057384 checked=false stop=running
step=1851 time=0.12061433561756087 dt=6.3032654168530044e-05 residual=17385.33485744151 checked=false stop=running
step=1852 time=0.12067734267979102 dt=6.3007062230157959e-05 residual=17590.725888146852 checked=false stop=running
step=1853 time=0.1207403300566282 dt=6.2987376837175653e-05 residual=17428.187665060173 checked=false stop=running
step=1854 time=0.12080330379005054 dt=6.2973733422350882e-05 residual=17408.271275684248 checked=false stop=running
step=1855 time=0.12086627037119434 dt=6.2966581143802168e-05 residual=17300.572520210051 checked=false stop=running
step=1856 time=0.12092923630709103 dt=6.2965935896696368e-05 residual=17300.263444519056 checked=false stop=running
step=1857 time=0.12099220850379051 dt=6.2972196699486295e-05 residual=17306.702513527001 checked=false stop=running
step=1858 time=0.12105519416017126 dt=6.2985656380736934e-05 residual=17331.182533285264 checked=false stop=running
step=1859 time=0.12111820030562788 dt=6.3006145456624758e-05 residual=17401.396135686526 checked=false stop=running
step=1860 time=0.12118123224580743 dt=6.3031940179550424e-05 residual=17272.128132139856 checked=false stop=running
step=1861 time=0.12124428056621508 dt=6.3048320407657868e-05 residual=17437.34212507827 checked=false stop=running
step=1862 time=0.12130730124117532 dt=6.3020674960232457e-05 residual=17543.658161747804 checked=false stop=running
step=1863 time=0.12137030050884985 dt=6.2999267674529431e-05 residual=17446.289304933121 checked=false stop=running
step=1864 time=0.12143328408196999 dt=6.2983573120142331e-05 residual=17459.920193521884 checked=false stop=running
step=1865 time=0.12149625810500536 dt=6.297402303537318e-05 residual=17302.558844583549 checked=false stop=running
step=1866 time=0.12155922895101967 dt=6.2970846014311234e-05 residual=17395.843780218856 checked=false stop=running
step=1867 time=0.12162220326227169 dt=6.2974311252017863e-05 residual=17311.32304598781 checked=false stop=running
step=1868 time=0.1216851880156915 dt=6.2984753419811177e-05 residual=17327.166812462896 checked=false stop=running
step=1869 time=0.12174819037641677 dt=6.3002360725257896e-05 residual=17368.463146437902 checked=false stop=running
step=1870 time=0.12181121713668559 dt=6.3026760268829421e-05 residual=17451.335049417445 checked=false stop=running
step=1871 time=0.12187425455748478 dt=6.3037420799185874e-05 residual=17456.326507804049 checked=false stop=running
step=1872 time=0.1219372666945876 dt=6.3012137102815279e-05 residual=17586.022067442325 checked=false stop=running
step=1873 time=0.12200025886402828 dt=6.2992169440678674e-05 residual=17452.539832322604 checked=false stop=running
step=1874 time=0.12206323640495671 dt=6.297754092843089e-05 residual=17449.185975555898 checked=false stop=running
step=1875 time=0.12212620529878904 dt=6.296889383232025e-05 residual=17429.755982615916 checked=false stop=running
step=1876 time=0.12218917183445459 dt=6.2966535665546445e-05 residual=17403.273189121315 checked=false stop=running
step=1877 time=0.1222521419776702 dt=6.2970143215617224e-05 residual=17413.618856757334 checked=false stop=running
step=1878 time=0.12231512178675023 dt=6.2979809080034071e-05 residual=17345.667919510612 checked=false stop=running
step=1879 time=0.12237811748413761 dt=6.2995697387378344e-05 residual=17395.588075505744 checked=false stop=running
step=1880 time=0.12244113546080579 dt=6.3017976668173511e-05 residual=17466.309614347596 checked=false stop=running
step=1881 time=0.12250417972023007 dt=6.3044259424284397e-05 residual=17487.364099770901 checked=false stop=running
step=1882 time=0.12256719779861723 dt=6.3018078387162252e-05 residual=17590.87265655278 checked=false stop=running
step=1883 time=0.12263019555201202 dt=6.2997753394792644e-05 residual=17492.186381332183 checked=false stop=running
step=1884 time=0.12269317836600556 dt=6.2982813993536218e-05 residual=17510.800201889095 checked=false stop=running
step=1885 time=0.12275615178336471 dt=6.2973417359161603e-05 residual=17536.555385250653 checked=false stop=running
step=1886 time=0.12281912197672272 dt=6.297019335800413e-05 residual=17369.524877561784 checked=false stop=running
step=1887 time=0.12288209472158097 dt=6.2972744858246703e-05 residual=17439.077967193043 checked=false stop=running
step=1888 time=0.12294507558418029 dt=6.2980862599312099e-05 residual=17346.216982430575 checked=false stop=running
step=1889 time=0.12300807013217178 dt=6.29945479914907e-05 residual=17363.611444116006 checked=false stop=running
step=1890 time=0.12307108412557775 dt=6.3013993405969127e-05 residual=17478.118642031244 checked=false stop=running
step=1891 time=0.12313412342860919 dt=6.3039303031438041e-05 residual=17435.369538898405 checked=false stop=running
step=1892 time=0.12319716475257968 dt=6.304132397048646e-05 residual=17561.80947522261 checked=false stop=running
step=1893 time=0.12326018420372604 dt=6.3019451146364787e-05 residual=17469.425221943293 checked=false stop=running
step=1894 time=0.12332318648891018 dt=6.3002285184129869e-05 residual=17464.111860128949 checked=false stop=running
step=1895 time=0.12338617667000583 dt=6.2990181095657735e-05 residual=17476.238980464128 checked=false stop=running
step=1896 time=0.12344915928512858 dt=6.2982615122744381e-05 residual=17369.077065917158 checked=false stop=running
step=1897 time=0.12351214363513097 dt=6.2984350002390221e-05 residual=17387.183238054418 checked=false stop=running
step=1898 time=0.12357513678857369 dt=6.2993153442725158e-05 residual=17434.065362937632 checked=false stop=running
step=1899 time=0.12363814421917012 dt=6.3007430596419606e-05 residual=17425.726277960704 checked=false stop=running
step=1900 time=0.1237011711953062 dt=6.3026976136085187e-05 residual=17490.145715975941 checked=false stop=running
step=1901 time=0.12376422298885141 dt=6.3051793545206044e-05 residual=17404.941715009187 checked=false stop=running
step=1902 time=0.12382728201797615 dt=6.3059029124739384e-05 residual=17547.630216618843 checked=false stop=running
step=1903 time=0.12389031798338462 dt=6.3035965408477466e-05 residual=17576.150197286483 checked=false stop=running
step=1904 time=0.12395333542355925 dt=6.3017440174627647e-05 residual=17424.215351991737 checked=false stop=running
step=1905 time=0.1240163392811182 dt=6.300385755894907e-05 residual=17507.296719088594 checked=false stop=running
step=1906 time=0.12407933408475379 dt=6.2994803635588821e-05 residual=17430.853160188275 checked=false stop=running
step=1907 time=0.12414232495180612 dt=6.2990867052330871e-05 residual=17368.829630976779 checked=false stop=running
step=1908 time=0.12420531791903372 dt=6.2992967227602586e-05 residual=17349.935984396809 checked=false stop=running
step=1909 time=0.12426832413385469 dt=6.3006214820964307e-05 residual=17366.371781264301 checked=false stop=running
step=1910 time=0.12433134932356507 dt=6.3025189710375163e-05 residual=17523.268551966823 checked=false stop=running
step=1911 time=0.12439439869344947 dt=6.3049369884390395e-05 residual=17417.682156673261 checked=false stop=running
step=1912 time=0.12445747738071326 dt=6.3078687263789764e-05 residual=17500.96508337442 checked=false stop=running
step=1913 time=0.12452056581388675 dt=6.3088433173480839e-05 residual=17553.264021476894 checked=false stop=running
step=1914 time=0.12458363333379525 dt=6.306751990849989e-05 residual=17449.080878691366 checked=false stop=running
step=1915 time=0.12464668437512122 dt=6.3051041325965439e-05 residual=17294.643463952285 checked=false stop=running
step=1916 time=0.12470972339299012 dt=6.3039017868902637e-05 residual=17424.882713870469 checked=false stop=running
step=1917 time=0.12477275543653786 dt=6.3032043547745029e-05 residual=17346.946987798412 checked=false stop=running
step=1918 time=0.12483578516660704 dt=6.3029730069174382e-05 residual=17392.737757168492 checked=false stop=running
step=1919 time=0.12489882259469748 dt=6.3037428090437813e-05 residual=17297.269140623324 checked=false stop=running
step=1920 time=0.12496187426549114 dt=6.305167079367087e-05 residual=17472.905356085663 checked=false stop=running
step=1921 time=0.12502494501311448 dt=6.3070747623338581e-05 residual=17465.606812984097 checked=false stop=running
step=1922 time=0.1250880394579244 dt=6.3094444809929967e-05 residual=17516.63923442212 checked=false stop=running
step=1923 time=0.12515116222053693 dt=6.3122762612514814e-05 residual=17667.381245908455 checked=false stop=running
step=1924 time=0.12521428956646533 dt=6.3127345928386841e-05 residual=17513.268151224383 checked=false stop=running
step=1925 time=0.1252774006685142 dt=6.3111102048875683e-05 residual=17418.714755056797 checked=false stop=running
step=1926 time=0.1253404994300561 dt=6.3098761541907834e-05 residual=17399.746220892539 checked=false stop=running
step=1927 time=0.1254035898580276 dt=6.3090427971498634e-05 residual=17418.111300479155 checked=false stop=running
step=1928 time=0.12546667443543397 dt=6.3084577406365377e-05 residual=17407.324778075417 checked=false stop=running
step=1929 time=0.12552976063094973 dt=6.3086195515758232e-05 residual=17391.104720851959 checked=false stop=running
step=1930 time=0.12559285428246231 dt=6.3093651512575701e-05 residual=17429.526319330122 checked=false stop=running
step=1931 time=0.12565595944510952 dt=6.3105162647210695e-05 residual=17503.220840402282 checked=false stop=running
step=1932 time=0.12571907985731348 dt=6.3120412203972092e-05 residual=17417.528923674043 checked=false stop=running
step=1933 time=0.125782219228047 dt=6.3139370733509911e-05 residual=17583.837328144113 checked=false stop=running
step=1934 time=0.12584538145105958 dt=6.3162223012575369e-05 residual=17601.347001467824 checked=false stop=running
step=1935 time=0.12590856882743304 dt=6.31873763734495e-05 residual=17387.482028616134 checked=false stop=running
step=1936 time=0.12597174068989811 dt=6.3171862465071321e-05 residual=17424.915011923084 checked=false stop=running
step=1937 time=0.12603490017354482 dt=6.3159483646715745e-05 residual=17364.155171502342 checked=false stop=running
step=1938 time=0.12609805016191081 dt=6.3149988365974907e-05 residual=17454.104580533269 checked=false stop=running
step=1939 time=0.12616119281942578 dt=6.3142657514973335e-05 residual=17436.961478626028 checked=false stop=running
step=1940 time=0.12622433506170744 dt=6.3142242281659741e-05 residual=17475.890747594607 checked=false stop=running
step=1941 time=0.1262874812257237 dt=6.3146164016272726e-05 residual=17461.429519965346 checked=false stop=running
step=1942 time=0.12635063531437637 dt=6.3154088652673349e-05 residual=17431.272449185508 checked=false stop=running
step=1943 time=0.12641380126570484 dt=6.3165951328450921e-05 residual=17449.090736943894 checked=false stop=running
step=1944 time=0.1264769832562917 dt=6.3181990586853908e-05 residual=17515.668199067259 checked=false stop=running
step=1945 time=0.12654017530739251 dt=6.3192051100813252e-05 residual=17549.002988674903 checked=false stop=running
step=1946 time=0.12660328754751962 dt=6.311224012711203e-05 residual=17435.857003259382 checked=false stop=running
step=1947 time=0.12666647759597413 dt=6.3190048454506679e-05 residual=17469.083534321926 checked=false stop=running
step=1948 time=0.12672967005662106 dt=6.3192460646927843e-05 residual=17481.102506746116 checked=false stop=running
step=1949 time=0.1267928521126182 dt=6.3182055997140606e-05 residual=17461.340984004506 checked=false stop=running
step=1950 time=0.12685602798944784 dt=6.3175876829624225e-05 residual=17475.595349049025 checked=false stop=running
step=1951 time=0.12691920123747916 dt=6.317324803130906e-05 residual=17512.605528123317 checked=false stop=running
step=1952 time=0.12698237536817458 dt=6.3174130695421095e-05 residual=17513.035068941153 checked=false stop=running
step=1953 time=0.12704555412852878 dt=6.3178760354187446e-05 residual=17440.477455780187 checked=false stop=running
step=1954 time=0.12710874178227427 dt=6.3187653745504051e-05 residual=17475.935058440435 checked=false stop=running
step=1955 time=0.12717194328589779 dt=6.3201503623512055e-05 residual=17507.180691901794 checked=false stop=running
step=1956 time=0.12723509470072242 dt=6.3151414824626722e-05 residual=17436.579759516171 checked=false stop=running
step=1957 time=0.12729827607577954 dt=6.3181375057116431e-05 residual=17457.477003968826 checked=false stop=running
step=1958 time=0.1273615125902389 dt=6.3236514459344539e-05 residual=17473.274322295008 checked=false stop=running
step=1959 time=0.12742473418560207 dt=6.3221595363179231e-05 residual=17581.767273280042 checked=false stop=running
step=1960 time=0.12748794489095619 dt=6.3210705354120367e-05 residual=17508.256443570244 checked=false stop=running
step=1961 time=0.12755114825366268 dt=6.3203362706490247e-05 residual=17559.958843567973 checked=false stop=running
step=1962 time=0.1276143476773535 dt=6.3199423690815182e-05 residual=17475.528385418394 checked=false stop=running
step=1963 time=0.12767754671246634 dt=6.3199035112834192e-05 residual=17539.777199517055 checked=false stop=running
step=1964 time=0.12774074939442709 dt=6.3202681960755196e-05 residual=17514.749684315408 checked=false stop=running
step=1965 time=0.127803960403227 dt=6.3211008799910807e-05 residual=17506.301871300242 checked=false stop=running
step=1966 time=0.12786718498061142 dt=6.3224577384419616e-05 residual=17447.214648187328 checked=false stop=running
step=1967 time=0.1279304283334062 dt=6.3243352794790456e-05 residual=17488.849692415952 checked=false stop=running
step=1968 time=0.12799369552421455 dt=6.3267190808339983e-05 residual=17444.741382891232 checked=false stop=running
step=1969 time=0.12805696778749284 dt=6.3272263278298265e-05 residual=17595.349185646082 checked=false stop=running
step=1970 time=0.12812022793697078 dt=6.3260149477950268e-05 residual=17505.194546063813 checked=false stop=running
step=1971 time=0.12818348002428709 dt=6.3252087316312746e-05 residual=17623.998896901528 checked=false stop=running
step=1972 time=0.12824671227616724 dt=6.3232251880140708e-05 residual=17655.710405782003 checked=false stop=running
step=1973 time=0.12830991892710489 dt=6.320665093765632e-05 residual=17700.387494615276 checked=false stop=running
step=1974 time=0.12837310784833744 dt=6.3188921232552148e-05 residual=17597.330637190757 checked=false stop=running
step=1975 time=0.12843628942675972 dt=6.3181578422273678e-05 residual=17678.925597936999 checked=false stop=running
step=1976 time=0.12849947432283382 dt=6.3184896074105308e-05 residual=17590.044666565038 checked=false stop=running
step=1977 time=0.12856267321043602 dt=6.3198887602191345e-05 residual=17487.358735161317 checked=false stop=running
step=1978 time=0.12862589652433071 dt=6.3223313894686286e-05 residual=17488.037265546031 checked=false stop=running
step=1979 time=0.12868915484487689 dt=6.3258320546187693e-05 residual=17578.550181948751 checked=false stop=running
step=1980 time=0.12875244144933365 dt=6.3286604456746893e-05 residual=17512.245649403219 checked=false stop=running
step=1981 time=0.12881567755146323 dt=6.3236102129564817e-05 residual=17548.767835336086 checked=false stop=running
step=1982 time=0.12887887214870694 dt=6.3194597243712228e-05 residual=17623.220342390217 checked=false stop=running
step=1983 time=0.12894203471978344 dt=6.316257107648668e-05 residual=17715.983352237905 checked=false stop=running
step=1984 time=0.12900517541520895 dt=6.314069542551151e-05 residual=17521.236076762754 checked=false stop=running
step=1985 time=0.12906830244787912 dt=6.3127032670158388e-05 residual=17587.0860665197 checked=false stop=running
step=1986 time=0.12913142637167188 dt=6.3123923792775469e-05 residual=17591.936549734375 checked=false stop=running
step=1987 time=0.12919455823980616 dt=6.3131868134289285e-05 residual=17582.748049222679 checked=false stop=running
step=1988 time=0.12925770895349689 dt=6.3150713690741058e-05 residual=17452.60894136682 checked=false stop=running
step=1989 time=0.1293208921705557 dt=6.3183217058823018e-05 residual=17506.362579760342 checked=false stop=running
step=1990 time=0.12938411834320543 dt=6.3226172649716701e-05 residual=17534.054962496892 checked=false stop=running
step=1991 time=0.12944733263384758 dt=6.3214290642164085e-05 residual=17534.608165857491 checked=false stop=running
step=1992 time=0.12951049993949545 dt=6.316730564786631e-05 residual=17667.330741943577 checked=false stop=running
step=1993 time=0.12957363001876115 dt=6.3130079265705192e-05 residual=17598.848280174443 checked=false stop=running
step=1994 time=0.12963673298940387 dt=6.310297064270691e-05 residual=17618.75363209537 checked=false stop=running
step=1995 time=0.1296998195034558 dt=6.3086514051933126e-05 residual=17564.018618757 checked=false stop=running
step=1996 time=0.1297629000145096 dt=6.3080511053801219e-05 residual=17618.691781173187 checked=false stop=running
step=1997 time=0.12982598281956528 dt=6.3082805055686195e-05 residual=17485.885226259095 checked=false stop=running
step=1998 time=0.12988907886153661 dt=6.3096041971330024e-05 residual=17403.797774614908 checked=false stop=running
step=1999 time=0.12995220183910863 dt=6.3122977572028152e-05 residual=17513.976923825037 checked=false stop=running
step=2000 time=0.13001536229551106 dt=6.3160456402429723e-05 residual=17530.507914392172 checked=false stop=running
step=2001 time=0.13007856893314376 dt=6.3206637632717559e-05 residual=17480.308525546247 checked=false stop=running
step=2002 time=0.13014172686613773 dt=6.3157932993970078e-05 residual=17627.415016549799 checked=false stop=running
step=2003 time=0.13020484606092636 dt=6.3119194788621949e-05 residual=17688.811579188146 checked=false stop=running
step=2004 time=0.13026793707459933 dt=6.3091013672968881e-05 residual=17592.909050070979 checked=false stop=running
step=2005 time=0.13033101082910878 dt=6.3073754509457012e-05 residual=17523.54566825497 checked=false stop=running
step=2006 time=0.1303940782677282 dt=6.3067438619431883e-05 residual=17661.200423742619 checked=false stop=running
step=2007 time=0.13045714968208563 dt=6.307141435744509e-05 residual=17484.857428134277 checked=false stop=running
step=2008 time=0.13052023193234014 dt=6.3082250254494783e-05 residual=17471.353704278477 checked=false stop=running
step=2009 time=0.13058333747307047 dt=6.3105540730330398e-05 residual=17423.699878540268 checked=false stop=running
step=2010 time=0.13064647567960402 dt=6.3138206533567149e-05 residual=17469.719128133689 checked=false stop=running
step=2011 time=0.1307096543637376 dt=6.3178684133586394e-05 residual=17546.775269375161 checked=false stop=running
step=2012 time=0.13077280131774294 dt=6.3146954005337952e-05 residual=17622.658224358333 checked=false stop=running
step=2013 time=0.1308359117010531 dt=6.3110383310159489e-05 residual=17666.793793440123 checked=false stop=running
step=2014 time=0.13089899555231899 dt=6.3083851265893597e-05 residual=17548.893277353269 checked=false stop=running
step=2015 time=0.13096206297042456 dt=6.3067418105574344e-05 residual=17545.446458640443 checked=false stop=running
step=2016 time=0.13102512144109554 dt=6.3058470670979925e-05 residual=17559.050909536192 checked=false stop=running
step=2017 time=0.1310881802346249 dt=6.305879352937046e-05 residual=17465.864882454225 checked=false stop=running
step=2018 time=0.13115124880679196 dt=6.3068572167072646e-05 residual=17455.037330210445 checked=false stop=running
step=2019 time=0.13121433614648104 dt=6.308733968908513e-05 residual=17428.807696741886 checked=false stop=running
step=2020 time=0.13127745343924516 dt=6.3117292764108772e-05 residual=17397.681496234458 checked=false stop=running
step=2021 time=0.13134060818510207 dt=6.3154745856904422e-05 residual=17460.590653959433 checked=false stop=running
step=2022 time=0.13140374265506655 dt=6.3134469964467227e-05 residual=17572.524331607292 checked=false stop=running
step=2023 time=0.13146684112273471 dt=6.3098467668164799e-05 residual=17683.225209227399 checked=false stop=running
step=2024 time=0.13152991302723935 dt=6.3071904504622507e-05 residual=17558.002965560776 checked=false stop=running
step=2025 time=0.13159296722027106 dt=6.3054193031698234e-05 residual=17428.325500042938 checked=false stop=running
step=2026 time=0.13165601016299935 dt=6.304294272830888e-05 residual=17526.146467357536 checked=false stop=running
step=2027 time=0.13171905079235349 dt=6.3040629354135802e-05 residual=17458.259701028888 checked=false stop=running
step=2028 time=0.13178209779512703 dt=6.3047002773542566e-05 residual=17383.891302554275 checked=false stop=running
step=2029 time=0.13184515921046669 dt=6.3061415339653754e-05 residual=17406.387225553441 checked=false stop=running
step=2030 time=0.13190824239222751 dt=6.3083181760829578e-05 residual=17357.154533868888 checked=false stop=running
step=2031 time=0.13197135693759665 dt=6.3114545369138649e-05 residual=17478.65403643631 checked=false stop=running
step=2032 time=0.13203450891444529 dt=6.3151976848650505e-05 residual=17526.182152252124 checked=false stop=running
step=2033 time=0.13209762514326312 dt=6.3116228817816389e-05 residual=17617.799317937937 checked=false stop=running
step=2034 time=0.13216071008460334 dt=6.3084941340232252e-05 residual=17500.801438410272 checked=false stop=running
step=2035 time=0.13222377153911524 dt=6.3061454511894021e-05 residual=17423.047304111049 checked=false stop=running
step=2036 time=0.13228681763470129 dt=6.3046095586038493e-05 residual=17491.528597056233 checked=false stop=running
step=2037 time=0.13234985625064269 dt=6.3038615941400398e-05 residual=17536.958043475683 checked=false stop=running
step=2038 time=0.13241289494353922 dt=6.3038692896541713e-05 residual=17427.322887628394 checked=false stop=running
step=2039 time=0.13247594076700647 dt=6.3045823467256111e-05 residual=17444.729285826423 checked=false stop=running
step=2040 time=0.13253900020708048 dt=6.3059440074018534e-05 residual=17363.611340229119 checked=false stop=running
step=2041 time=0.13260208234193169 dt=6.3082134851210144e-05 residual=17483.710944207924 checked=false stop=running
step=2042 time=0.13266519283404893 dt=6.3110492117231769e-05 residual=17623.754016177681 checked=false stop=running
step=2043 time=0.13272833144803112 dt=6.3138613982195046e-05 residual=17641.491077469247 checked=false stop=running
step=2044 time=0.13279143462448384 dt=6.3103176452724958e-05 residual=17594.492427568919 checked=false stop=running
step=2045 time=0.13285450937773613 dt=6.3074753252288343e-05 residual=17581.074572718029 checked=false stop=running
step=2046 time=0.13291756268293045 dt=6.3053305194319382e-05 residual=17508.673963924441 checked=false stop=running
step=2047 time=0.13298060144795085 dt=6.3038765020402226e-05 residual=17605.677275780428 checked=false stop=running
step=2048 time=0.13304363242514894 dt=6.3030977198098086e-05 residual=17495.54426590848 checked=false stop=running
step=2049 time=0.13310666216221331 dt=6.3029737064374442e-05 residual=17414.85417193867 checked=false stop=running
step=2050 time=0.13316969686957014 dt=6.3034707356824203e-05 residual=17362.811042962632 checked=false stop=running
step=2051 time=0.13323274300186924 dt=6.3046132299090417e-05 residual=17557.452807428093 checked=false stop=running
step=2052 time=0.13329580897127113 dt=6.3065969401880783e-05 residual=17600.069757477078 checked=false stop=running
step=2053 time=0.13335889964179565 dt=6.3090670524525153e-05 residual=17599.538900306416 checked=false stop=running
step=2054 time=0.13342200954067324 dt=6.3109898877586345e-05 residual=17560.454452423655 checked=false stop=running
step=2055 time=0.13348508360626646 dt=6.307406559321322e-05 residual=17610.251350551254 checked=false stop=running
step=2056 time=0.13354812831315951 dt=6.304470689305268e-05 residual=17491.155536980208 checked=false stop=running
step=2057 time=0.1336111502905393 dt=6.3021977379792434e-05 residual=17437.014150071704 checked=false stop=running
step=2058 time=0.13367415627759868 dt=6.3005987059394056e-05 residual=17515.898271803482 checked=false stop=running
step=2059 time=0.13373715312353257 dt=6.2996845933879333e-05 residual=17382.766448421036 checked=false stop=running
step=2060 time=0.13380014754743855 dt=6.2994423905965926e-05 residual=17387.528722249099 checked=false stop=running
step=2061 time=0.13386314616862707 dt=6.2998621188526516e-05 residual=17494.55425058473 checked=false stop=running
step=2062 time=0.13392615798158389 dt=6.301181295682436e-05 residual=17627.300043050374 checked=false stop=running
step=2063 time=0.13398918939341764 dt=6.3031411833740301e-05 residual=17540.108081025217 checked=false stop=running
step=2064 time=0.13405224602720628 dt=6.3056633788643028e-05 residual=17614.178076954773 checked=false stop=running
step=2065 time=0.13411529694640825 dt=6.3050919201967161e-05 residual=17562.493362579309 checked=false stop=running
step=2066 time=0.13417831209791548 dt=6.3015151507219347e-05 residual=17508.490469537843 checked=false stop=running
step=2067 time=0.13424129820384598 dt=6.2986105930493662e-05 residual=17436.446283774312 checked=false stop=running
step=2068 time=0.13430426264536852 dt=6.2964441522549088e-05 residual=17487.172288051144 checked=false stop=running
step=2069 time=0.1343672129901822 dt=6.2950344813696881e-05 residual=17369.234856506249 checked=false stop=running
step=2070 time=0.13443015692448029 dt=6.2943934298099278e-05 residual=17408.841043121996 checked=false stop=running
step=2071 time=0.13449310208077012 dt=6.2945156289811037e-05 residual=17564.912226715995 checked=false stop=running
step=2072 time=0.13455605611212215 dt=6.2954031352024744e-05 residual=17656.86844618095 checked=false stop=running
step=2073 time=0.13461902637396778 dt=6.2970261845620587e-05 residual=17580.416948528513 checked=false stop=running
step=2074 time=0.13468201989803072 dt=6.2993524062954787e-05 residual=17697.352326260883 checked=false stop=running
step=2075 time=0.13474504319598252 dt=6.3023297951791612e-05 residual=17597.394756330537 checked=false stop=running
step=2076 time=0.13480802625818966 dt=6.2983062207149659e-05 residual=17545.427660236281 checked=false stop=running
step=2077 time=0.13487097504833503 dt=6.2948790145359875e-05 residual=17442.041552987666 checked=false stop=running
step=2078 time=0.13493389813823098 dt=6.2923089895931106e-05 residual=17532.178640912261 checked=false stop=running
step=2079 time=0.13499680453368448 dt=6.2906395453507611e-05 residual=17429.821617941008 checked=false stop=running
step=2080 time=0.13505970359062167 dt=6.2899056937185783e-05 residual=17390.16626662566 checked=false stop=running
step=2081 time=0.13512260471199772 dt=6.2901121376061816e-05 residual=17538.215202969459 checked=false stop=running
step=2082 time=0.13518551715796698 dt=6.2912445969266097e-05 residual=17678.295934330836 checked=false stop=running
step=2083 time=0.13524844968745253 dt=6.2932529485555688e-05 residual=17616.106626083281 checked=false stop=running
step=2084 time=0.13531141043546649 dt=6.2960748013966136e-05 residual=17626.777979120834 checked=false stop=running
step=2085 time=0.13537434351896549 dt=6.2933083499005062e-05 residual=17740.77554505254 checked=false stop=running
step=2086 time=0.13543722501906788 dt=6.2881500102378139e-05 residual=17522.51448188283 checked=false stop=running
step=2087 time=0.13550006435141501 dt=6.2839332347130962e-05 residual=17489.246592658033 checked=false stop=running
step=2088 time=0.13556287247667365 dt=6.2808125258627146e-05 residual=17472.936704599917 checked=false stop=running
step=2089 time=0.13562566439921817 dt=6.2791922544515013e-05 residual=17438.123199537258 checked=false stop=running
step=2090 time=0.13568845042681013 dt=6.2786027591971546e-05 residual=17511.63107600603 checked=false stop=running
step=2091 time=0.13575123774365297 dt=6.2787316842829297e-05 residual=17491.666159669854 checked=false stop=running
step=2092 time=0.13581403319860105 dt=6.2795454948089493e-05 residual=17695.335722458862 checked=false stop=running
step=2093 time=0.13587684657441643 dt=6.2813375815361995e-05 residual=17673.862173282665 checked=false stop=running
step=2094 time=0.13593968731489955 dt=6.2840740483139921e-05 residual=17619.210657286127 checked=false stop=running
step=2095 time=0.13600256390946042 dt=6.287659456086804e-05 residual=17651.595045368038 checked=false stop=running
step=2096 time=0.13606548403854085 dt=6.2920129080430305e-05 residual=17654.493348208012 checked=false stop=running
step=2097 time=0.13612837285542401 dt=6.2888816883144134e-05 residual=17569.244466684493 checked=false stop=running
step=2098 time=0.1361912210448378 dt=6.2848189413797301e-05 residual=17630.257616733557 checked=false stop=running
step=2099 time=0.13625403964737931 dt=6.2818602541507107e-05 residual=17559.543030085453 checked=false stop=running
step=2100 time=0.13631684020811394 dt=6.2800560734640071e-05 residual=17492.794290331516 checked=false stop=running
step=2101 time=0.13637963399926023 dt=6.2793791146292135e-05 residual=17509.02461947269 checked=false stop=running
step=2102 time=0.13644243120053776 dt=6.2797201277529612e-05 residual=17640.405394115573 checked=false stop=running
step=2103 time=0.13650524184682122 dt=6.2810646283456131e-05 residual=17596.845809975533 checked=false stop=running
step=2104 time=0.13656807635244805 dt=6.2834505626839716e-05 residual=17688.912313389261 checked=false stop=running
step=2105 time=0.13663094462890341 dt=6.2868276455362951e-05 residual=17687.01799304644 checked=false stop=running
step=2106 time=0.1366938546321895 dt=6.2910003286081076e-05 residual=17748.915113468116 checked=false stop=running
step=2107 time=0.13675674491330664 dt=6.2890281117139078e-05 residual=17605.675249647564 checked=false stop=running
step=2108 time=0.1368196002525707 dt=6.2855339264067639e-05 residual=17580.370939694712 checked=false stop=running
step=2109 time=0.13688243232941749 dt=6.2832076846778951e-05 residual=17563.777457080247 checked=false stop=running
step=2110 time=0.1369452525257466 dt=6.2820196329098268e-05 residual=17517.461444889985 checked=false stop=running
step=2111 time=0.13700807154498781 dt=6.2819019241217773e-05 residual=17498.528235957292 checked=false stop=running
step=2112 time=0.13707089912273593 dt=6.2827577748114026e-05 residual=17608.977345745876 checked=false stop=running
step=2113 time=0.13713374430149383 dt=6.2845178757901126e-05 residual=17545.340934569987 checked=false stop=running
step=2114 time=0.13719661548595671 dt=6.2871184462882091e-05 residual=17655.892690440156 checked=false stop=running
step=2115 time=0.13725952105921127 dt=6.2905573254549836e-05 residual=17610.491834383676 checked=false stop=running
step=2116 time=0.13732244667352109 dt=6.2925614309829159e-05 residual=17684.173815700055 checked=false stop=running
step=2117 time=0.13738533370046732 dt=6.2887026946233083e-05 residual=17621.577801591895 checked=false stop=running
step=2118 time=0.13744819251820328 dt=6.2858817735970396e-05 residual=17553.169366873055 checked=false stop=running
step=2119 time=0.13751103352635327 dt=6.2841008149988229e-05 residual=17529.362492628228 checked=false stop=running
step=2120 time=0.13757386672483229 dt=6.2833198479036469e-05 residual=17474.129262863669 checked=false stop=running
step=2121 time=0.13763670206816217 dt=6.2835343329874558e-05 residual=17425.541572047143 checked=false stop=running
step=2122 time=0.13769955314038518 dt=6.2851072223012115e-05 residual=17612.802190143691 checked=false stop=running
step=2123 time=0.13776242488664875 dt=6.2871746263577858e-05 residual=17644.181893787241 checked=false stop=running
step=2124 time=0.13782532538192854 dt=6.2900495279790105e-05 residual=17647.483225700991 checked=false stop=running
step=2125 time=0.13788826170187166 dt=6.2936319943112512e-05 residual=17707.7210767365 checked=false stop=running
step=2126 time=0.13795117231079554 dt=6.2910608923874193e-05 residual=17650.995487003358 checked=false stop=running
step=2127 time=0.13801403944525545 dt=6.2867134459904331e-05 residual=17672.234631464144 checked=false stop=running
step=2128 time=0.13807687323244594 dt=6.2833787190490878e-05 residual=17520.440811806402 checked=false stop=running
step=2129 time=0.13813968268828417 dt=6.2809455838236462e-05 residual=17521.519266689334 checked=false stop=running
step=2130 time=0.13820248343290478 dt=6.2800744620605892e-05 residual=17505.815896469368 checked=false stop=running
step=2131 time=0.13826528654701847 dt=6.2803114113680692e-05 residual=17571.316285430461 checked=false stop=running
step=2132 time=0.13832810586754268 dt=6.2819320524203136e-05 residual=17720.839887451926 checked=false stop=running
step=2133 time=0.13839093927868451 dt=6.2833411141827153e-05 residual=17821.750686801177 checked=false stop=running
step=2134 time=0.13845379397357413 dt=6.2854694889621611e-05 residual=17858.065644857754 checked=false stop=running
step=2135 time=0.13851667734541281 dt=6.2883371838697434e-05 residual=17779.002399048659 checked=false stop=running
step=2136 time=0.13857959602504366 dt=6.2918679630847663e-05 residual=17791.467409460962 checked=false stop=running
step=2137 time=0.13864255558114588 dt=6.2959556102212867e-05 residual=17679.783943919512 checked=false stop=running
step=2138 time=0.13870550224915346 dt=6.2946668007585923e-05 residual=17606.303693796937 checked=false stop=running
step=2139 time=0.1387684196659297 dt=6.2917416776238989e-05 residual=17638.848437307821 checked=false stop=running
step=2140 time=0.13883131684409739 dt=6.289717816767448e-05 residual=17559.679170284053 checked=false stop=running
step=2141 time=0.13889420389302137 dt=6.2887048923974026e-05 residual=17553.405636218376 checked=false stop=running
step=2142 time=0.13895709454458435 dt=6.2890651562987147e-05 residual=17646.976200442496 checked=false stop=running
step=2143 time=0.1390199916232229 dt=6.2897078638547908e-05 residual=17630.956739369947 checked=false stop=running
step=2144 time=0.13908290186558314 dt=6.2910242360233776e-05 residual=17661.132809954743 checked=false stop=running
step=2145 time=0.13914583245421505 dt=6.2930588631913823e-05 residual=17608.675315441178 checked=false stop=running
step=2146 time=0.13920878979965109 dt=6.295734543605018e-05 residual=17581.733950487545 checked=false stop=running
step=2147 time=0.13927177932122553 dt=6.2989521574438983e-05 residual=17625.74583404337 checked=false stop=running
step=2148 time=0.1393347506576734 dt=6.2971336447870382e-05 residual=17413.131287258377 checked=false stop=running
step=2149 time=0.13939769291717211 dt=6.2942259498706968e-05 residual=17414.609554918083 checked=false stop=running
step=2150 time=0.139460614229338 dt=6.2921312165885781e-05 residual=17391.028458614353 checked=false stop=running
step=2151 time=0.13952352834478474 dt=6.2914115446734462e-05 residual=17446.03207335612 checked=false stop=running
step=2152 time=0.13958644381614493 dt=6.2915471360210605e-05 residual=17728.832310906888 checked=false stop=running
step=2153 time=0.13964936322115523 dt=6.2919405010289532e-05 residual=17756.999957449425 checked=false stop=running
step=2154 time=0.13971229300832821 dt=6.2929787172990697e-05 residual=17802.151635053753 checked=false stop=running
step=2155 time=0.13977524020580817 dt=6.2947197479957712e-05 residual=17772.300366376476 checked=false stop=running
step=2156 time=0.13983821104725347 dt=6.2970841445296932e-05 residual=17862.891387683147 checked=false stop=running
step=2157 time=0.13990121078764087 dt=6.2999740387392316e-05 residual=17837.177457684244 checked=false stop=running
step=2158 time=0.13996419734803234 dt=6.2986560391481764e-05 residual=17742.405800654684 checked=false stop=running
step=2159 time=0.14002715306114083 dt=6.2955713108480546e-05 residual=17770.558611489891 checked=false stop=running
step=2160 time=0.14009008627140049 dt=6.2933210259647802e-05 residual=17712.297910955662 checked=false stop=running
step=2161 time=0.1401530109007619 dt=6.2924629361427864e-05 residual=17781.41540640104 checked=false stop=running
step=2162 time=0.14021593577657876 dt=6.292487581684786e-05 residual=17921.76599285741 checked=false stop=running
step=2163 time=0.14027886366936809 dt=6.2927892789323009e-05 residual=17939.01161317472 checked=false stop=running
step=2164 time=0.14034180125847176 dt=6.2937589103658173e-05 residual=17869.596634969424 checked=false stop=running
step=2165 time=0.14040475588028317 dt=6.2954621811420951e-05 residual=17819.407839003612 checked=false stop=running
step=2166 time=0.14046773405361107 dt=6.2978173327893209e-05 residual=17837.909652808532 checked=false stop=running
step=2167 time=0.14053074135818849 dt=6.3007304577414683e-05 residual=17832.407739359634 checked=false stop=running
step=2168 time=0.14059372450927521 dt=6.2983151086726792e-05 residual=17718.184383024432 checked=false stop=running
step=2169 time=0.14065667248543251 dt=6.294797615729129e-05 residual=17651.077605856546 checked=false stop=running
step=2170 time=0.14071959410895318 dt=6.2921623520686447e-05 residual=17524.137252835553 checked=false stop=running
step=2171 time=0.14078250507211204 dt=6.2910963158857987e-05 residual=17600.367205912822 checked=false stop=running
step=2172 time=0.14084541367254977 dt=6.2908600437726057e-05 residual=17634.847782458648 checked=false stop=running
step=2173 time=0.14090832323450278 dt=6.2909561953024645e-05 residual=17639.632782166191 checked=false stop=running
step=2174 time=0.14097124133678304 dt=6.2918102280249858e-05 residual=17524.669764432358 checked=false stop=running
step=2175 time=0.14103417628429804 dt=6.2934947515001549e-05 residual=17654.455397521844 checked=false stop=running
step=2176 time=0.14109713576539654 dt=6.2959481098497986e-05 residual=17683.395638372385 checked=false stop=running
step=2177 time=0.14116012637310041 dt=6.2990607703860492e-05 residual=17741.523640966388 checked=false stop=running
step=2178 time=0.1412231348724052 dt=6.3008499304782813e-05 residual=17524.876949998739 checked=false stop=running
step=2179 time=0.1412861033730328 dt=6.2968500627596437e-05 residual=17543.838360694335 checked=false stop=running
step=2180 time=0.14134904254761177 dt=6.2939174578977388e-05 residual=17519.810539464939 checked=false stop=running
step=2181 time=0.14141196716133086 dt=6.292461371910098e-05 residual=17461.375536610816 checked=false stop=running
step=2182 time=0.14147488643105421 dt=6.2919269723335841e-05 residual=17654.972084361583 checked=false stop=running
step=2183 time=0.14153780855303194 dt=6.2922121977717279e-05 residual=17772.242624338491 checked=false stop=running
step=2184 time=0.1416007380782783 dt=6.2929525246351316e-05 residual=17661.368948428772 checked=false stop=running
step=2185 time=0.14166368395613929 dt=6.294587786097841e-05 residual=17830.194528292173 checked=false stop=running
step=2186 time=0.14172665447060473 dt=6.297051446543747e-05 residual=17923.745444099244 checked=false stop=running
step=2187 time=0.14178965638960536 dt=6.3001919000629368e-05 residual=17885.584724382446 checked=false stop=running
step=2188 time=0.1418526790357939 dt=6.3022646188546161e-05 residual=17938.198392409089 checked=false stop=running
step=2189 time=0.1419156582375759 dt=6.2979201781998385e-05 residual=17855.716631200103 checked=false stop=running
step=2190 time=0.14197860485774363 dt=6.2946620167742047e-05 residual=17845.295971428895 checked=false stop=running
step=2191 time=0.14204153460246099 dt=6.2929744717358724e-05 residual=17753.555246126878 checked=false stop=running
step=2192 time=0.14210445703917982 dt=6.2922436718830334e-05 residual=17782.130159423952 checked=false stop=running
step=2193 time=0.14216738078215238 dt=6.2923742972554499e-05 residual=17858.481536013034 checked=false stop=running
step=2194 time=0.14223031083976867 dt=6.2930057616283661e-05 residual=17686.415578278902 checked=false stop=running
step=2195 time=0.14229325657068662 dt=6.2945730917934997e-05 residual=17691.654667294544 checked=false stop=running
step=2196 time=0.14235622636096626 dt=6.2969790279642575e-05 residual=17827.55153964083 checked=false stop=running
step=2197 time=0.14241922751864342 dt=6.3001157677148277e-05 residual=17675.335851713626 checked=false stop=running
step=2198 time=0.1424822660756481 dt=6.3038557004689932e-05 residual=17773.588643002655 checked=false stop=running
step=2199 time=0.14254528034278793 dt=6.3014267139825807e-05 residual=17651.372989565727 checked=false stop=running
step=2200 time=0.14260825803111271 dt=6.2977688324788094e-05 residual=17447.742146412609 checked=false stop=running
step=2201 time=0.14267121497440485 dt=6.2956943292150199e-05 residual=17542.027014197756 checked=false stop=running
step=2202 time=0.14273416129730496 dt=6.294632290011488e-05 residual=17708.265033368902 checked=false stop=running
step=2203 time=0.14279710592091605 dt=6.2944623611085445e-05 residual=17758.634677317721 checked=false stop=running
step=2204 time=0.1428600542051264 dt=6.2948284210359072e-05 residual=17839.30166680762 checked=false stop=running
step=2205 time=0.14292301561958001 dt=6.296141445361346e-05 residual=17755.372587119276 checked=false stop=running
step=2206 time=0.14298599879678964 dt=6.2983177209615163e-05 residual=17918.038166384995 checked=false stop=running
step=2207 time=0.14304901135024153 dt=6.3012553451897429e-05 residual=17853.587021323623 checked=false stop=running
step=2208 time=0.14311205944120697 dt=6.3048090965435281e-05 residual=17963.855599029233 checked=false stop=running
step=2209 time=0.1431751135705327 dt=6.3054129325723399e-05 residual=17886.803441660053 checked=false stop=running
step=2210 time=0.14323812636276312 dt=6.3012792230410721e-05 residual=17539.663790979175 checked=false stop=running
step=2211 time=0.14330111325119535 dt=6.2986888432239706e-05 residual=17628.006271894006 checked=false stop=running
step=2212 time=0.14336408454340521 dt=6.2971292209859598e-05 residual=17746.196470457158 checked=false stop=running
step=2213 time=0.14342704953039556 dt=6.2964986990346727e-05 residual=17852.717799657919 checked=false stop=running
step=2214 time=0.14349001397968308 dt=6.2964449287518351e-05 residual=17785.144597705737 checked=false stop=running
step=2215 time=0.143552987727703 dt=6.2973748019924439e-05 residual=17834.407083764443 checked=false stop=running
step=2216 time=0.14361597983435351 dt=6.2992106650508353e-05 residual=17833.55497812777 checked=false stop=running
step=2217 time=0.14367899829227132 dt=6.3018457917803135e-05 residual=17860.239074441935 checked=false stop=running
step=2218 time=0.14374204959333001 dt=6.3051301058695216e-05 residual=17852.408129594158 checked=false stop=running
step=2219 time=0.14380514051093038 dt=6.3090917600377159e-05 residual=17887.86395922627 checked=false stop=running
step=2220 time=0.14386820393313743 dt=6.306342220703675e-05 residual=17673.584202951599 checked=false stop=running
step=2221 time=0.14393123504709021 dt=6.3031113952782811e-05 residual=17757.394650104019 checked=false stop=running
step=2222 time=0.14399424420613824 dt=6.3009159048018414e-05 residual=17783.253206590114 checked=false stop=running
step=2223 time=0.14405724090594529 dt=6.2996699807041584e-05 residual=17910.476730439917 checked=false stop=running
step=2224 time=0.14412023142871494 dt=6.2990522769635853e-05 residual=17791.621441138166 checked=false stop=running
step=2225 time=0.14418322597424282 dt=6.2994545527871357e-05 residual=17946.036805009004 checked=false stop=running
step=2226 time=0.14424623399069589 dt=6.3008016453075627e-05 residual=17740.157969166259 checked=false stop=running
step=2227 time=0.14430926394469443 dt=6.3029953998549587e-05 residual=17935.956323150498 checked=false stop=running
step=2228 time=0.14437232276981951 dt=6.3058825125082834e-05 residual=17873.436171297664 checked=false stop=running
step=2229 time=0.14443541616995534 dt=6.3093400135823374e-05 residual=17809.249550967601 checked=false stop=running
step=2230 time=0.14449854154450398 dt=6.3125374548631005e-05 residual=17752.657729077673 checked=false stop=running
step=2231 time=0.14456162791564481 dt=6.3086371140818205e-05 residual=17794.678989605854 checked=false stop=running
step=2232 time=0.14462468448337687 dt=6.3056567732057845e-05 residual=17850.524768711741 checked=false stop=running
step=2233 time=0.14468771800329611 dt=6.3033519919249598e-05 residual=17908.169904919258 checked=false stop=running
step=2234 time=0.14475073932480767 dt=6.3021321511576997e-05 residual=17900.385037319877 checked=false stop=running
step=2235 time=0.14481375900394541 dt=6.3019679137735795e-05 residual=17894.096803821754 checked=false stop=running
step=2236 time=0.14487678694594941 dt=6.3027942003989778e-05 residual=17823.076915678834 checked=false stop=running
step=2237 time=0.14493983211121683 dt=6.3045165267415411e-05 residual=17865.49590944482 checked=false stop=running
step=2238 time=0.14500290187861248 dt=6.3069767395641609e-05 residual=17879.254632556349 checked=false stop=running
step=2239 time=0.14506600234466238 dt=6.3100466049897244e-05 residual=17770.092110696929 checked=false stop=running
step=2240 time=0.1451291378841405 dt=6.313553947811581e-05 residual=17723.31771121073 checked=false stop=running
step=2241 time=0.14519228097794762 dt=6.3143093807114002e-05 residual=17737.501250832112 checked=false stop=running
step=2242 time=0.14525538462570811 dt=6.3103647760483892e-05 residual=17765.912145937145 checked=false stop=running
step=2243 time=0.14531845908896196 dt=6.3074463253838162e-05 residual=17834.184271314178 checked=false stop=running
step=2244 time=0.14538151493313631 dt=6.3055844174336132e-05 residual=17770.00946211569 checked=false stop=running
step=2245 time=0.14544456243090159 dt=6.3047497765271216e-05 residual=17799.339723442547 checked=false stop=running
step=2246 time=0.14550761160010547 dt=6.3049169203883474e-05 residual=17785.877521502123 checked=false stop=running
step=2247 time=0.14557067154481212 dt=6.3059944706649735e-05 residual=17770.734264285693 checked=false stop=running
step=2248 time=0.1456337498655903 dt=6.3078320778167559e-05 residual=17786.566995503712 checked=false stop=running
step=2249 time=0.14569685284721345 dt=6.3102981623159351e-05 residual=17814.018004577916 checked=false stop=running
step=2250 time=0.14575998516660113 dt=6.3132319387665883e-05 residual=17774.070364269613 checked=false stop=running
step=2251 time=0.1458231501570891 dt=6.3164990487984282e-05 residual=17708.315421760759 checked=false stop=running
step=2252 time=0.14588631729981519 dt=6.3167142726083407e-05 residual=17770.091420594672 checked=false stop=running
step=2253 time=0.14594944962869613 dt=6.3132328880932597e-05 residual=17824.475652041772 checked=false stop=running
step=2254 time=0.14601255720765521 dt=6.3107578959078545e-05 residual=17826.078749386768 checked=false stop=running
step=2255 time=0.14607564989209912 dt=6.3092684443892538e-05 residual=17843.819626232322 checked=false stop=running
step=2256 time=0.14613873695111931 dt=6.3087059020203818e-05 residual=17827.452880263467 checked=false stop=running
step=2257 time=0.14620182687178432 dt=6.3089920664992667e-05 residual=17800.317285162128 checked=false stop=running
step=2258 time=0.14626491578581305 dt=6.3088914028722193e-05 residual=17722.327514156186 checked=false stop=running
step=2259 time=0.14632800659041156 dt=6.3090804598503608e-05 residual=17834.573251787497 checked=false stop=running
step=2260 time=0.14639110023434204 dt=6.3093643930472827e-05 residual=17824.799165834349 checked=false stop=running
step=2261 time=0.14645420120824712 dt=6.3100973905064263e-05 residual=17728.197156184495 checked=false stop=running
step=2262 time=0.14651729203748709 dt=6.309082923996098e-05 residual=17716.929036685822 checked=false stop=running
step=2263 time=0.14658034545058329 dt=6.3053413096207097e-05 residual=17769.787013044199 checked=false stop=running
step=2264 time=0.14664336831806407 dt=6.3022867480783815e-05 residual=17801.645102013754 checked=false stop=running
step=2265 time=0.14670637436314302 dt=6.3006045078933953e-05 residual=17813.906847446331 checked=false stop=running
step=2266 time=0.14676936920431938 dt=6.2994841176367006e-05 residual=17724.496955723764 checked=false stop=running
step=2267 time=0.14683235732599001 dt=6.2988121670618419e-05 residual=17845.421887505283 checked=false stop=running
step=2268 time=0.14689534258499168 dt=6.2985259001673076e-05 residual=17737.928950151843 checked=false stop=running
step=2269 time=0.14695832832541472 dt=6.2985740423039145e-05 residual=17784.229667680607 checked=false stop=running
step=2270 time=0.14702131813597516 dt=6.2989810560450942e-05 residual=17809.440064426097 checked=false stop=running
step=2271 time=0.14708431482241083 dt=6.2996686435664974e-05 residual=17731.83388095543 checked=false stop=running
step=2272 time=0.14714730293408404 dt=6.2988111673215841e-05 residual=17733.479790376925 checked=false stop=running
step=2273 time=0.14721025551784134 dt=6.2952583757303933e-05 residual=17802.974503916805 checked=false stop=running
step=2274 time=0.14727318488922203 dt=6.2929371380684824e-05 residual=17844.012256017941 checked=false stop=running
step=2275 time=0.14733609798263247 dt=6.2913093410432857e-05 residual=17797.088730608473 checked=false stop=running
step=2276 time=0.14739900117384416 dt=6.2903191211699053e-05 residual=17805.447506225017 checked=false stop=running
step=2277 time=0.14746189857133427 dt=6.2897397490110831e-05 residual=17802.138424970581 checked=false stop=running
step=2278 time=0.14752479311910691 dt=6.2894547772638919e-05 residual=17821.779966587615 checked=false stop=running
step=2279 time=0.14758768717785084 dt=6.2894058743939263e-05 residual=17809.993695626592 checked=false stop=running
step=2280 time=0.14765058296099615 dt=6.2895783145304547e-05 residual=17794.509248151047 checked=false stop=running
step=2281 time=0.14771348228772219 dt=6.2899326726026736e-05 residual=17709.158535016017 checked=false stop=running
step=2282 time=0.14777639372055071 dt=6.2911432828512731e-05 residual=17712.27099104915 checked=false stop=running
step=2283 time=0.1478392723728498 dt=6.2878652299092023e-05 residual=17747.602845508758 checked=false stop=running
step=2284 time=0.14790212115277984 dt=6.2848779930052933e-05 residual=17800.848356172093 checked=false stop=running
step=2285 time=0.14796495225573417 dt=6.2831102954313811e-05 residual=17758.283482534451 checked=false stop=running
step=2286 time=0.14802777101893724 dt=6.2818763203066724e-05 residual=17772.162887160335 checked=false stop=running
step=2287 time=0.14809058171378175 dt=6.2810694844510736e-05 residual=17822.433704085855 checked=false stop=running
step=2288 time=0.14815338840151712 dt=6.2806687735353538e-05 residual=17879.26301911872 checked=false stop=running
step=2289 time=0.14821619367775923 dt=6.280527624210896e-05 residual=17835.012200059336 checked=false stop=running
step=2290 time=0.14827899954476154 dt=6.2805867002302951e-05 residual=17791.640865767557 checked=false stop=running
step=2291 time=0.1483418062400739 dt=6.2806695312355213e-05 residual=17699.299211239926 checked=false stop=running
step=2292 time=0.14840462318857961 dt=6.2816948505699374e-05 residual=17736.862596323022 checked=false stop=running
step=2293 time=0.14846744635770998 dt=6.2823169130374654e-05 residual=17751.670746662712 checked=false stop=running
step=2294 time=0.14853023449293765 dt=6.2788135227681479e-05 residual=17854.186078297964 checked=false stop=running
step=2295 time=0.14859299893946185 dt=6.2764446524209911e-05 residual=17834.716131613735 checked=false stop=running
step=2296 time=0.14865574611569285 dt=6.2747176231015174e-05 residual=17771.662522567523 checked=false stop=running
step=2297 time=0.14871848080297112 dt=6.2734687278262296e-05 residual=17839.954308038497 checked=false stop=running
step=2298 time=0.14878120711112203 dt=6.2726308150899216e-05 residual=17856.612117152788 checked=false stop=running
step=2299 time=0.14884392845215427 dt=6.2721341032242754e-05 residual=17848.097874540064 checked=false stop=running
step=2300 time=0.14890664769434367 dt=6.27192421894005e-05 residual=17820.527577177207 checked=false stop=running
step=2301 time=0.14896936579677708 dt=6.2718102433405635e-05 residual=17820.823856906638 checked=false stop=running
step=2302 time=0.14903209044545684 dt=6.2724648679754285e-05 residual=17781.574581756831 checked=false stop=running
step=2303 time=0.14909482718914113 dt=6.2736743684301699e-05 residual=17768.959012504965 checked=false stop=running
step=2304 time=0.14915756924916579 dt=6.274206002465814e-05 residual=17797.359498726273 checked=false stop=running
step=2305 time=0.14922027711980998 dt=6.2707870644193887e-05 residual=17819.79996529255 checked=false stop=running
step=2306 time=0.14928296194622775 dt=6.2684826417766602e-05 residual=17820.687475011153 checked=false stop=running
step=2307 time=0.14934562832870441 dt=6.2666382476647968e-05 residual=17888.589876112979 checked=false stop=running
step=2308 time=0.1494082804660557 dt=6.2652137351288067e-05 residual=17887.379111035731 checked=false stop=running
step=2309 time=0.14947092202323164 dt=6.2641557175943023e-05 residual=17850.005400976817 checked=false stop=running
step=2310 time=0.14953355631405665 dt=6.2634290825015055e-05 residual=17805.39397122317 checked=false stop=running
step=2311 time=0.14959618532619057 dt=6.2629012133907431e-05 residual=17839.842000623848 checked=false stop=running
step=2312 time=0.14965881425793939 dt=6.2628931748823899e-05 residual=17785.602493742404 checked=false stop=running
step=2313 time=0.14972145095255682 dt=6.2636694617434102e-05 residual=17826.930423247766 checked=false stop=running
step=2314 time=0.14978409993045422 dt=6.264897789739777e-05 residual=17765.725286456574 checked=false stop=running
step=2315 time=0.14984676531660845 dt=6.2665386154238967e-05 residual=17748.352658131353 checked=false stop=running
step=2316 time=0.14990940176590498 dt=6.2636449296534101e-05 residual=17809.260725681161 checked=false stop=running
step=2317 time=0.14997201342526237 dt=6.2611659357393582e-05 residual=17862.164755633039 checked=false stop=running
step=2318 time=0.15000000000000002 dt=2.798657473765398e-05 residual=17824.265519111344 checked=false stop=running
step=2319 time=0.15006258307845372 dt=6.2583078453689841e-05 residual=17822.26387842598 checked=false stop=running
step=2320 time=0.15012515110135782 dt=6.2568022904105141e-05 residual=17832.6272723806 checked=false stop=running
step=2321 time=0.15018770733206077 dt=6.2556230702961294e-05 residual=17717.838627498193 checked=false stop=running
step=2322 time=0.15025025401407702 dt=6.254668201625137e-05 residual=17782.31659434719 checked=false stop=running
step=2323 time=0.15031279702213907 dt=6.2543008062048032e-05 residual=17868.191306916182 checked=false stop=running
step=2324 time=0.15037534466797431 dt=6.2547645835239356e-05 residual=17771.83209496682 checked=false stop=running
step=2325 time=0.15043790171136814 dt=6.255704339383367e-05 residual=17781.244331702856 checked=false stop=running
step=2326 time=0.1505004721017518 dt=6.2570390383662807e-05 residual=17770.873088291526 checked=false stop=running
step=2327 time=0.1505630566211881 dt=6.258451943631038e-05 residual=17866.558213254586 checked=false stop=running
step=2328 time=0.15062561144485992 dt=6.2554823671804154e-05 residual=17954.515477818451 checked=false stop=running
step=2329 time=0.15068814159649274 dt=6.253015163282736e-05 residual=17834.509344322174 checked=false stop=running
step=2330 time=0.15075065114456229 dt=6.2509548069547056e-05 residual=17884.491495954666 checked=false stop=running
step=2331 time=0.15081314309483645 dt=6.2491950274176617e-05 residual=17766.318317293713 checked=false stop=running
step=2332 time=0.15087561901418703 dt=6.2475919350583428e-05 residual=17824.614510683445 checked=false stop=running
step=2333 time=0.15093808553316101 dt=6.2466518973993169e-05 residual=17829.33630516889 checked=false stop=running
step=2334 time=0.1510005509901296 dt=6.2465456968584059e-05 residual=17820.085967505136 checked=false stop=running
step=2335 time=0.15106302086982351 dt=6.2469879693914055e-05 residual=17876.134006504501 checked=false stop=running
step=2336 time=0.15112549982460502 dt=6.2478954781496697e-05 residual=17893.978392759091 checked=false stop=running
step=2337 time=0.15118799217944548 dt=6.2492354840461184e-05 residual=17874.789310098538 checked=false stop=running
step=2338 time=0.15125050217340996 dt=6.2509993964484633e-05 residual=17860.20712391115 checked=false stop=running
step=2339 time=0.15131298456538517 dt=6.2482391975206378e-05 residual=17859.59849521206 checked=false stop=running
step=2340 time=0.15137544110627874 dt=6.2456540893581294e-05 residual=17847.518879599451 checked=false stop=running
step=2341 time=0.15143787576780585 dt=6.2434661527124399e-05 residual=17804.551361360311 checked=false stop=running
step=2342 time=0.15150028968917115 dt=6.2413921365301274e-05 residual=17799.003834370742 checked=false stop=running
step=2343 time=0.15156268817443028 dt=6.2398485259135332e-05 residual=17841.410000656982 checked=false stop=running
step=2344 time=0.15162507999445812 dt=6.2391820027849856e-05 residual=17849.345835507804 checked=false stop=running
step=2345 time=0.15168747192203241 dt=6.2391927574289628e-05 residual=17874.20769968586 checked=false stop=running
step=2346 time=0.15174986925260189 dt=6.2397330569481936e-05 residual=17910.137803314257 checked=false stop=running
step=2347 time=0.15181227675517736 dt=6.2407502575463438e-05 residual=17904.620617889286 checked=false stop=running
step=2348 time=0.15187469876471821 dt=6.2422009540837378e-05 residual=17974.080370431755 checked=false stop=running
step=2349 time=0.15193713886339891 dt=6.2440098680695009e-05 residual=17930.580136318938 checked=false stop=running
step=2350 time=0.15199955067796331 dt=6.2411814564408054e-05 residual=17949.343311664714 checked=false stop=running
step=2351 time=0.15206193688622083 dt=6.238620825752064e-05 residual=17870.616028408214 checked=false stop=running
step=2352 time=0.15212430100715416 dt=6.2364120933315311e-05 residual=17801.355251621404 checked=false stop=running
step=2353 time=0.15218664508248494 dt=6.2344075330783303e-05 residual=17903.306409748802 checked=false stop=running
step=2354 time=0.15224897796689579 dt=6.2332884410861954e-05 residual=17890.014968691659 checked=false stop=running
step=2355 time=0.15231130571819407 dt=6.2327751298276102e-05 residual=17836.919472473935 checked=false stop=running
step=2356 time=0.15237363391794043 dt=6.2328199746369812e-05 residual=17784.137077172261 checked=false stop=running
step=2357 time=0.1524359686965101 dt=6.2334778569679637e-05 residual=17901.377797332014 checked=false stop=running
step=2358 time=0.15249831534690311 dt=6.2346650393020923e-05 residual=18003.357392688016 checked=false stop=running
step=2359 time=0.15256067848157639 dt=6.2363134673281816e-05 residual=17910.54930627346 checked=false stop=running
step=2360 time=0.15262304546108971 dt=6.2366979513306462e-05 residual=17898.014957783798 checked=false stop=running
step=2361 time=0.15268538353681016 dt=6.2338075720451514e-05 residual=17851.711658912714 checked=false stop=running
step=2362 time=0.1527476940929724 dt=6.2310556162248882e-05 residual=17765.331158042001 checked=false stop=running
step=2363 time=0.15280998605754484 dt=6.2291964572435668e-05 residual=17858.862465320195 checked=false stop=running
step=2364 time=0.15287226239522844 dt=6.227633768360372e-05 residual=17960.307699322195 checked=false stop=running
step=2365 time=0.15293453187547335 dt=6.2269480244904279e-05 residual=17828.44279111984 checked=false stop=running
step=2366 time=0.15299679982149134 dt=6.2267946017991664e-05 residual=17807.61335179758 checked=false stop=running
step=2367 time=0.15305907108246067 dt=6.2271260969338181e-05 residual=17811.96996601703 checked=false stop=running
step=2368 time=0.15312135071016295 dt=6.2279627702283656e-05 residual=17926.448631541683 checked=false stop=running
step=2369 time=0.15318364410236707 dt=6.2293392204121239e-05 residual=18008.988848051576 checked=false stop=running
step=2370 time=0.1532459548914232 dt=6.2310789056122163e-05 residual=17889.708586778637 checked=false stop=running
step=2371 time=0.15330824710339039 dt=6.2292211967195552e-05 residual=17928.921907088428 checked=false stop=running
step=2372 time=0.15337051356105555 dt=6.2266457665174831e-05 residual=17849.255639497354 checked=false stop=running
step=2373 time=0.15343275624643521 dt=6.2242685379653467e-05 residual=17816.58283106102 checked=false stop=running
step=2374 time=0.15349498109474732 dt=6.2224848312110979e-05 residual=17881.559614066144 checked=false stop=running
step=2375 time=0.15355719802680162 dt=6.221693205428964e-05 residual=17931.870727163725 checked=false stop=running
step=2376 time=0.15361941242411745 dt=6.2214397315810282e-05 residual=17770.048174065745 checked=false stop=running
step=2377 time=0.15368162890729248 dt=6.2216483175043922e-05 residual=17835.436287262306 checked=false stop=running
step=2378 time=0.15374385185032743 dt=6.2222943034958975e-05 residual=17859.381986854929 checked=false stop=running
step=2379 time=0.15380608564162618 dt=6.2233791298744179e-05 residual=17870.418565381813 checked=false stop=running
step=2380 time=0.15386833474035089 dt=6.224909872470897e-05 residual=17946.925124538997 checked=false stop=running
step=2381 time=0.1539305923964947 dt=6.2257656143805993e-05 residual=17906.700153941849 checked=false stop=running
step=2382 time=0.15399281855091335 dt=6.22261544186568e-05 residual=17932.971215421909 checked=false stop=running
step=2383 time=0.15405502268272001 dt=6.2204131806653512e-05 residual=17876.976881422244 checked=false stop=running
step=2384 time=0.1541172066338031 dt=6.2183951083086253e-05 residual=17904.044946015103 checked=false stop=running
step=2385 time=0.15417937943415655 dt=6.2172800353448704e-05 residual=17900.443264417685 checked=false stop=running
step=2386 time=0.15424154751632843 dt=6.2168082171868666e-05 residual=17854.442448984424 checked=false stop=running
step=2387 time=0.15430371564755016 dt=6.216813122172235e-05 residual=17891.323048185266 checked=false stop=running
step=2388 time=0.15436588822140757 dt=6.217257385740917e-05 residual=17832.471910715074 checked=false stop=running
step=2389 time=0.15442806966072328 dt=6.218143931571104e-05 residual=17966.14816451789 checked=false stop=running
step=2390 time=0.15449026445185779 dt=6.2194791134515803e-05 residual=17817.414041566295 checked=false stop=running
step=2391 time=0.1545524773894737 dt=6.2212937615896213e-05 residual=17904.751010307336 checked=false stop=running
step=2392 time=0.15461467197657716 dt=6.2194587103475314e-05 residual=17917.540194042322 checked=false stop=running
step=2393 time=0.15467683814021077 dt=6.2166163633612696e-05 residual=17834.323679630113 checked=false stop=running
step=2394 time=0.15473898107493625 dt=6.2142934725478689e-05 residual=17886.052419718097 checked=false stop=running
step=2395 time=0.15480110982239267 dt=6.2128747456419877e-05 residual=17896.307971439077 checked=false stop=running
step=2396 time=0.15486322987675988 dt=6.2120054367199173e-05 residual=17934.290545350119 checked=false stop=running
step=2397 time=0.15492534709681907 dt=6.2117220059184689e-05 residual=17904.17685876846 checked=false stop=running
step=2398 time=0.15498746605506752 dt=6.2118958248446945e-05 residual=17874.973512287037 checked=false stop=running
step=2399 time=0.1550495912834968 dt=6.212522842927752e-05 residual=17914.698113426439 checked=false stop=running
step=2400 time=0.155111727358546 dt=6.2136075049201801e-05 residual=17911.3770805186 checked=false stop=running
step=2401 time=0.15517387911395977 dt=6.2151755413768168e-05 residual=17871.269258260123 checked=false stop=running
step=2402 time=0.15523605166756915 dt=6.2172553609387418e-05 residual=17814.94773587177 checked=false stop=running
step=2403 time=0.15529819663817496 dt=6.2144970605804056e-05 residual=17833.437156110984 checked=false stop=running
step=2404 time=0.1553603185921697 dt=6.2121953994742494e-05 residual=17974.366014508862 checked=false stop=running
step=2405 time=0.15542242135481385 dt=6.2102762644150166e-05 residual=17908.389569797637 checked=false stop=running
step=2406 time=0.15548451064712857 dt=6.208929231472754e-05 residual=17938.372402368852 checked=false stop=running
step=2407 time=0.15554659178752156 dt=6.2081140392980652e-05 residual=17947.120794826154 checked=false stop=running
step=2408 time=0.15560867049499996 dt=6.2078707478399836e-05 residual=17883.500883251556 checked=false stop=running
step=2409 time=0.15567075151992651 dt=6.2081024926545763e-05 residual=17846.919165685209 checked=false stop=running
step=2410 time=0.15573283953476022 dt=6.2088014833712132e-05 residual=17903.361803011103 checked=false stop=running
step=2411 time=0.15579493943386907 dt=6.2099899108866016e-05 residual=17825.437655322174 checked=false stop=running
step=2412 time=0.15585705639218664 dt=6.2116958317563921e-05 residual=17886.986377748144 checked=false stop=running
step=2413 time=0.15591918323797724 dt=6.2126845790592288e-05 residual=17852.55431468063 checked=false stop=running
step=2414 time=0.15598128389673954 dt=6.2100658762303461e-05 residual=17934.236471823082 checked=false stop=running
step=2415 time=0.15604336163533203 dt=6.2077738592476996e-05 residual=17944.168622059733 checked=false stop=running
step=2416 time=0.15610542207706735 dt=6.2060441735311929e-05 residual=17906.365645156438 checked=false stop=running
step=2417 time=0.15616747028159875 dt=6.2048204531408939e-05 residual=17898.07097789304 checked=false stop=running
step=2418 time=0.15622951135166441 dt=6.2041070065652551e-05 residual=17829.961593880424 checked=false stop=running
step=2419 time=0.1562915500516342 dt=6.2038699969791322e-05 residual=17875.297054967363 checked=false stop=running
step=2420 time=0.15635359153024936 dt=6.2041478615154709e-05 residual=17881.378304420963 checked=false stop=running
step=2421 time=0.15641564062784269 dt=6.204909759331711e-05 residual=17776.320064332209 checked=false stop=running
step=2422 time=0.15647770291695198 dt=6.2062289109290954e-05 residual=17789.08282732571 checked=false stop=running
step=2423 time=0.15653978680178882 dt=6.2083884836826376e-05 residual=17873.769995103987 checked=false stop=running
step=2424 time=0.15660187214006835 dt=6.2085338279543658e-05 residual=17955.571338208072 checked=false stop=running
step=2425 time=0.15666393372648868 dt=6.206158642032933e-05 residual=17931.294505113685 checked=false stop=running
step=2426 time=0.15672597623242079 dt=6.2042505932105943e-05 residual=17981.965966612504 checked=false stop=running
step=2427 time=0.15678800322109659 dt=6.2026988675793637e-05 residual=17925.5739500378 checked=false stop=running
step=2428 time=0.1568500190449777 dt=6.2015823881104678e-05 residual=17845.766120480672 checked=false stop=running
step=2429 time=0.15691202841101709 dt=6.200936603940691e-05 residual=17911.471344946473 checked=false stop=running
step=2430 time=0.15697403621865921 dt=6.2007807642132837e-05 residual=17805.381573433617 checked=false stop=running
step=2431 time=0.1570360481674139 dt=6.2011948754678051e-05 residual=17778.23198535763 checked=false stop=running
step=2432 time=0.15709806916378719 dt=6.2020996373280153e-05 residual=17865.018648489589 checked=false stop=running
step=2433 time=0.15716010426571855 dt=6.2035101931374079e-05 residual=17843.373470874725 checked=false stop=running
step=2434 time=0.15722215863303141 dt=6.2054367312863542e-05 residual=17866.426156637976 checked=false stop=running
step=2435 time=0.1572841999982954 dt=6.204136526401112e-05 residual=17932.238116079137 checked=false stop=running
step=2436 time=0.15734622024679271 dt=6.2020248497308728e-05 residual=17952.555840011799 checked=false stop=running
step=2437 time=0.15740822410148705 dt=6.200385469433814e-05 residual=17961.421187020951 checked=false stop=running
step=2438 time=0.15747021599308994 dt=6.1991891602885188e-05 residual=17916.210202052094 checked=false stop=running
step=2439 time=0.15753219947715552 dt=6.1983484065568776e-05 residual=17953.641704903184 checked=false stop=running
step=2440 time=0.15759417839591472 dt=6.1978918759206147e-05 residual=17921.499615969264 checked=false stop=running
step=2441 time=0.15765615666475039 dt=6.1978268835672983e-05 residual=17859.869944609884 checked=false stop=running
step=2442 time=0.15771813862733686 dt=6.1981962586481974e-05 residual=17814.143123754369 checked=false stop=running
step=2443 time=0.15778012836651709 dt=6.1989739180215591e-05 residual=17811.142424364101 checked=false stop=running
step=2444 time=0.15784213052920373 dt=6.2002162686640018e-05 residual=17757.242904418144 checked=false stop=running
step=2445 time=0.15790412315080968 dt=6.1992621605947635e-05 residual=17896.364230096602 checked=false stop=running
step=2446 time=0.15796609581134374 dt=6.1972660534067447e-05 residual=17917.690394893765 checked=false stop=running
step=2447 time=0.15802805238245221 dt=6.1956571108476741e-05 residual=17871.116436100328 checked=false stop=running
step=2448 time=0.1580899958975498 dt=6.1943515097597008e-05 residual=17925.165065886031 checked=false stop=running
step=2449 time=0.15815192904646699 dt=6.1933148917200746e-05 residual=17913.99010182983 checked=false stop=running
step=2450 time=0.15821385551107509 dt=6.1926464608087086e-05 residual=17861.204291260125 checked=false stop=running
step=2451 time=0.15827577921704966 dt=6.192370597456331e-05 residual=17863.35148777107 checked=false stop=running
step=2452 time=0.15833770391234511 dt=6.192469529545031e-05 residual=17843.97997057558 checked=false stop=running
step=2453 time=0.1583996340738705 dt=6.1930161525405625e-05 residual=17846.555020703123 checked=false stop=running
step=2454 time=0.15846157386750334 dt=6.1939793632835479e-05 residual=17812.236447903899 checked=false stop=running
step=2455 time=0.15852352755697549 dt=6.1953689472162192e-05 residual=17969.878539044363 checked=false stop=running
step=2456 time=0.15858545897827228 dt=6.1931421296801035e-05 residual=17947.038494600158 checked=false stop=running
step=2457 time=0.15864737157824946 dt=6.191259997716448e-05 residual=17917.436555655197 checked=false stop=running
step=2458 time=0.15870926837781968 dt=6.1896799570232145e-05 residual=17991.545647227114 checked=false stop=running
step=2459 time=0.15877115203788914 dt=6.1883660069455952e-05 residual=17985.826213531185 checked=false stop=running
step=2460 time=0.15883302491755144 dt=6.1872879662304309e-05 residual=17858.455126810793 checked=false stop=running
step=2461 time=0.15889489105545884 dt=6.1866137907392015e-05 residual=17868.450657053061 checked=false stop=running
step=2462 time=0.15895675429672429 dt=6.1863241265446329e-05 residual=17896.00150738503 checked=false stop=running
step=2463 time=0.15901861886346733 dt=6.1864566743046891e-05 residual=17939.331111055282 checked=false stop=running
step=2464 time=0.15908048940593486 dt=6.1870542467526766e-05 residual=17949.123473569867 checked=false stop=running
step=2465 time=0.15914237030673137 dt=6.1880900796514932e-05 residual=17991.137589114438 checked=false stop=running
step=2466 time=0.15920426579373545 dt=6.1895487004090256e-05 residual=17978.978670466109 checked=false stop=running
step=2467 time=0.1592661445660023 dt=6.1878772266855343e-05 residual=17987.665263827199 checked=false stop=running
step=2468 time=0.15932800486641047 dt=6.1860300408175746e-05 residual=17971.339960718517 checked=false stop=running
step=2469 time=0.15938984979761842 dt=6.1844931207953466e-05 residual=18018.000050724488 checked=false stop=running
step=2470 time=0.15945168221643299 dt=6.1832418814579575e-05 residual=17968.696879560484 checked=false stop=running
step=2471 time=0.15951350491788444 dt=6.1822701451446466e-05 residual=17850.810484714817 checked=false stop=running
step=2472 time=0.15957532243179831 dt=6.1817513913861642e-05 residual=17867.172394072812 checked=false stop=running
step=2473 time=0.15963713844233854 dt=6.1816010540218023e-05 residual=17874.045719489877 checked=false stop=running
step=2474 time=0.15969895733872591 dt=6.1818896387358922e-05 residual=17915.178458375576 checked=false stop=running
step=2475 time=0.15976078374577496 dt=6.182640704903772e-05 residual=17864.270336146477 checked=false stop=running
step=2476 time=0.15982262198908137 dt=6.1838243306424582e-05 residual=17986.910282786725 checked=false stop=running
step=2477 time=0.15988445668146803 dt=6.1834692386652479e-05 residual=17977.418991262075 checked=false stop=running
step=2478 time=0.15994627162777503 dt=6.1814946306998109e-05 residual=17933.704633379377 checked=false stop=running
step=2479 time=0.16000807031240002 dt=6.1798684624997312e-05 residual=18005.942819870554 checked=false stop=running
step=2480 time=0.16006985612152611 dt=6.1785809126092101e-05 residual=17897.006341771357 checked=false stop=running
step=2481 time=0.1601316324735208 dt=6.1776351994692223e-05 residual=17884.109787610789 checked=false stop=running
step=2482 time=0.16019340348315231 dt=6.1771009631511167e-05 residual=17800.075702741327 checked=false stop=running
step=2483 time=0.1602551737179928 dt=6.1770234840489137e-05 residual=17869.854698551069 checked=false stop=running
step=2484 time=0.16031694689214754 dt=6.1773174154721548e-05 residual=17881.211065393181 checked=false stop=running
step=2485 time=0.16037872757780536 dt=6.1780685657816001e-05 residual=17877.401190652457 checked=false stop=running
step=2486 time=0.1604405199160647 dt=6.1792338259348477e-05 residual=17983.773624598791 checked=false stop=running
step=2487 time=0.16050232006002005 dt=6.1800143955336676e-05 residual=18008.03451615536 checked=false stop=running
step=2488 time=0.16056409941404201 dt=6.1779354021975817e-05 residual=17936.475145507939 checked=false stop=running
step=2489 time=0.16062586197814976 dt=6.1762564107744141e-05 residual=18076.278049811193 checked=false stop=running
step=2490 time=0.16068761144229357 dt=6.1749464143800333e-05 residual=17992.851255364683 checked=false stop=running
step=2491 time=0.1607493512923546 dt=6.1739850061031927e-05 residual=17903.085489923586 checked=false stop=running
step=2492 time=0.16081108506641437 dt=6.1733774059768336e-05 residual=17864.14887635328 checked=false stop=running
step=2493 time=0.16087281684891169 dt=6.1731782497324785e-05 residual=17859.655398381674 checked=false stop=running
step=2494 time=0.16093455023524619 dt=6.1733386334512504e-05 residual=17839.693919474921 checked=false stop=running
step=2495 time=0.16099628862399651 dt=6.1738388750326822e-05 residual=17805.552584541838 checked=false stop=running
step=2496 time=0.16105803644067684 dt=6.1747816680322385e-05 residual=17933.520042015734 checked=false stop=running
step=2497 time=0.16111979764487164 dt=6.1761204194782523e-05 residual=17955.389481616443 checked=false stop=running
step=2498 time=0.1611815569571127 dt=6.175931224105753e-05 residual=17965.253182652184 checked=false stop=running
step=2499 time=0.16124329854766567 dt=6.1741590552974934e-05 residual=18082.973885675809 checked=false stop=running
step=2500 time=0.16130502618480766 dt=6.1727637141989654e-05 residual=18056.727786929394 checked=false stop=running
step=2501 time=0.16136674334075987 dt=6.1717155952210827e-05 residual=17862.265457554135 checked=false stop=running
step=2502 time=0.16142845330621011 dt=6.1709965450228188e-05 residual=17798.530188341083 checked=false stop=running
step=2503 time=0.16149015941749822 dt=6.1706111288101735e-05 residual=17774.059889286542 checked=false stop=running
step=2504 time=0.16155186509874209 dt=6.1705681243872599e-05 residual=17874.277867174802 checked=false stop=running
step=2505 time=0.16161357387050032 dt=6.1708771758227203e-05 residual=17882.089781029052 checked=false stop=running
step=2506 time=0.16167528947023796 dt=6.1715599737629934e-05 residual=17855.351167686895 checked=false stop=running
step=2507 time=0.16173701619116146 dt=6.172672092349756e-05 residual=18031.824707546777 checked=false stop=running
step=2508 time=0.161798757778779 dt=6.1741587617546802e-05 residual=17966.034648000634 checked=false stop=running
step=2509 time=0.16186048509603709 dt=6.1727317258085404e-05 residual=17995.101470676382 checked=false stop=running
step=2510 time=0.16192219767559277 dt=6.1712579555682519e-05 residual=17940.79416463666 checked=false stop=running
step=2511 time=0.16198389898118079 dt=6.1701305588030328e-05 residual=18026.327413935182 checked=false stop=running
step=2512 time=0.16204559241739691 dt=6.1693436216124861e-05 residual=17888.586702653196 checked=false stop=running
step=2513 time=0.16210728158466411 dt=6.1689167267193936e-05 residual=17962.758053186128 checked=false stop=running
step=2514 time=0.16216897003231845 dt=6.1688447654331487e-05 residual=17936.541613066918 checked=false stop=running
step=2515 time=0.16223066119211216 dt=6.1691159793706305e-05 residual=17955.973984182707 checked=false stop=running
step=2516 time=0.16229235843353601 dt=6.1697241423845856e-05 residual=17930.282374856833 checked=false stop=running
step=2517 time=0.16235406570839783 dt=6.1707274861826303e-05 residual=17982.080121363098 checked=false stop=running
step=2518 time=0.16241578629701373 dt=6.172058861588055e-05 residual=17993.288530717913 checked=false stop=running
step=2519 time=0.16247751221213649 dt=6.172591512275402e-05 residual=17993.408671808287 checked=false stop=running
step=2520 time=0.16253922368339324 dt=6.1711471256745533e-05 residual=18060.484985545627 checked=false stop=running
step=2521 time=0.16260092408255755 dt=6.1700399164318212e-05 residual=17994.476422830365 checked=false stop=running
step=2522 time=0.16266261614501509 dt=6.1692062457535513e-05 residual=18007.213702512341 checked=false stop=running
step=2523 time=0.16272430366063123 dt=6.1687515616129905e-05 residual=17973.273530657902 checked=false stop=running
step=2524 time=0.16278599024813828 dt=6.1686587507040554e-05 residual=17966.345515589874 checked=false stop=running
step=2525 time=0.16284767918591753 dt=6.1688937779242738e-05 residual=17935.031096889368 checked=false stop=running
step=2526 time=0.16290937345006617 dt=6.1694264148655446e-05 residual=17939.045267589485 checked=false stop=running
step=2527 time=0.16297107621374721 dt=6.1702763681025671e-05 residual=17973.865773461763 checked=false stop=running
step=2528 time=0.16303279100212634 dt=6.1714788379123458e-05 residual=18017.726438934769 checked=false stop=running
step=2529 time=0.1630945150279933 dt=6.1724025866951546e-05 residual=18031.291613986625 checked=false stop=running
step=2530 time=0.16315622430880014 dt=6.1709280806831538e-05 residual=18106.188371931221 checked=false stop=running
step=2531 time=0.16321792238063257 dt=6.1698071832427855e-05 residual=18058.326150416273 checked=false stop=running
step=2532 time=0.16327961177105468 dt=6.1689390422113298e-05 residual=18025.192476264059 checked=false stop=running
step=2533 time=0.16334129579128415 dt=6.1684020229471311e-05 residual=17869.68911524416 checked=false stop=running
step=2534 time=0.16340297811101775 dt=6.1682319733620517e-05 residual=17947.178532862701 checked=false stop=running
step=2535 time=0.16346466185146716 dt=6.1683740449400157e-05 residual=17994.368863905154 checked=false stop=running
step=2536 time=0.16352635035791482 dt=6.1688506447676273e-05 residual=18012.256313562175 checked=false stop=running
step=2537 time=0.1635880464157245 dt=6.1696057809679136e-05 residual=17987.863439766465 checked=false stop=running
step=2538 time=0.16364975267503493 dt=6.1706259310435424e-05 residual=18013.816494682324 checked=false stop=running
step=2539 time=0.16371147234782324 dt=6.1719672788308541e-05 residual=17989.89944270223 checked=false stop=running
step=2540 time=0.16377318438104255 dt=6.1712033219295636e-05 residual=18088.642601222597 checked=false stop=running
step=2541 time=0.16383488424878312 dt=6.1699867740585922e-05 residual=18006.587563844165 checked=false stop=running
step=2542 time=0.1638965750362576 dt=6.1690787474486241e-05 residual=18052.975293802334 checked=false stop=running
step=2543 time=0.16395825982831516 dt=6.1684792057564977e-05 residual=17958.68512594144 checked=false stop=running
step=2544 time=0.16401994189993738 dt=6.1682071622219233e-05 residual=17985.969362476622 checked=false stop=running
step=2545 time=0.1640816243604272 dt=6.1682460489825779e-05 residual=17998.650737478147 checked=false stop=running
step=2546 time=0.16414331020676015 dt=6.1685846332957251e-05 residual=18002.746110060674 checked=false stop=running
step=2547 time=0.16420500268318039 dt=6.169247642024652e-05 residual=18010.525260874449 checked=false stop=running
step=2548 time=0.16426670429796381 dt=6.1701614783424375e-05 residual=18017.338408428157 checked=false stop=running
step=2549 time=0.16432841721349697 dt=6.171291553317337e-05 residual=17990.101823832247 checked=false stop=running
step=2550 time=0.16439012812834958 dt=6.1710914852605662e-05 residual=18107.847619229906 checked=false stop=running
step=2551 time=0.16445182461236726 dt=6.1696484017683721e-05 residual=18069.212624108164 checked=false stop=running
step=2552 time=0.16451351030359207 dt=6.1685691224819207e-05 residual=18069.105280523174 checked=false stop=running
step=2553 time=0.16457518857761722 dt=6.1678274025150757e-05 residual=18081.185828492846 checked=false stop=running
step=2554 time=0.1646368627229578 dt=6.167414534059666e-05 residual=17947.121259690466 checked=false stop=running
step=2555 time=0.16469853584606409 dt=6.167312310629285e-05 residual=17981.462594874425 checked=false stop=running
step=2556 time=0.16476021095964757 dt=6.1675113583493802e-05 residual=17974.937761125777 checked=false stop=running
step=2557 time=0.16482189104436543 dt=6.1680084717855824e-05 residual=18022.101008763901 checked=false stop=running
step=2558 time=0.1648835792698449 dt=6.1688225479474281e-05 residual=18013.6667816599 checked=false stop=running
step=2559 time=0.16494527808702245 dt=6.1698817177555744e-05 residual=17944.252173922498 checked=false stop=running
step=2560 time=0.1650069836752189 dt=6.170558819646287e-05 residual=18095.737992094259 checked=false stop=running
step=2561 time=0.16506867049091375 dt=6.1686815694857652e-05 residual=18113.867863458032 checked=false stop=running
step=2562 time=0.16513034236213664 dt=6.1671871222885921e-05 residual=18032.561591649152 checked=false stop=running
step=2563 time=0.16519200294820158 dt=6.1660586064940084e-05 residual=18041.524905371189 checked=false stop=running
step=2564 time=0.16525365603058434 dt=6.1653082382772764e-05 residual=17930.887776917192 checked=false stop=running
step=2565 time=0.16531530506870365 dt=6.1649038119306653e-05 residual=17987.301373465009 checked=false stop=running
step=2566 time=0.16537695335931793 dt=6.1648290614288741e-05 residual=17905.065225326911 checked=false stop=running
step=2567 time=0.16543860411221045 dt=6.165075289251341e-05 residual=18054.502002160047 checked=false stop=running
step=2568 time=0.16550026079402669 dt=6.1656681816240572e-05 residual=18037.755363358687 checked=false stop=running
step=2569 time=0.16556192589084701 dt=6.1665096820312753e-05 residual=18045.35173104169 checked=false stop=running
step=2570 time=0.16562360164622689 dt=6.1675755379876943e-05 residual=18029.486994033941 checked=false stop=running
step=2571 time=0.16568529130914039 dt=6.1689662913519297e-05 residual=18127.415505070989 checked=false stop=running
step=2572 time=0.16574696580552375 dt=6.1674496383370652e-05 residual=17952.24315784873 checked=false stop=running
step=2573 time=0.16580862353107181 dt=6.1657725548056622e-05 residual=18082.760519383577 checked=false stop=running
step=2574 time=0.16587026844687272 dt=6.1644915800920688e-05 residual=18037.728639631106 checked=false stop=running
step=2575 time=0.16593190444484218 dt=6.1635997969449621e-05 residual=18010.00765794301 checked=false stop=running
step=2576 time=0.16599353520038815 dt=6.1630755545959406e-05 residual=17968.354589786577 checked=false stop=running
step=2577 time=0.16605516420904393 dt=6.1629008655775087e-05 residual=18024.671041443849 checked=false stop=running
step=2578 time=0.16611679509629226 dt=6.1630887248331504e-05 residual=18023.179049040613 checked=false stop=running
step=2579 time=0.166178430380332 dt=6.1635284039753159e-05 residual=18026.005309297663 checked=false stop=running
step=2580 time=0.16624007323235057 dt=6.1642852018581248e-05 residual=18150.187932209086 checked=false stop=running
step=2581 time=0.16630172734029505 dt=6.1654107944478811e-05 residual=18098.979390987904 checked=false stop=running
step=2582 time=0.16636339703836053 dt=6.1669698065489631e-05 residual=18020.746147359787 checked=false stop=running
step=2583 time=0.16642506595823239 dt=6.1668919871850898e-05 residual=18157.637787003827 checked=false stop=running
step=2584 time=0.16648671884075619 dt=6.1652882523800917e-05 residual=18061.978223916223 checked=false stop=running
step=2585 time=0.16654835985571292 dt=6.1641014956719404e-05 residual=18013.14801690192 checked=false stop=running
step=2586 time=0.16660999290146386 dt=6.1633045750929749e-05 residual=18104.386484583007 checked=false stop=running
step=2587 time=0.16667162169437877 dt=6.1628792914921547e-05 residual=18005.398631586544 checked=false stop=running
step=2588 time=0.16673324996331537 dt=6.162826893660183e-05 residual=18045.992406685047 checked=false stop=running
step=2589 time=0.1667948806829507 dt=6.1630719635335254e-05 residual=18056.383910949826 checked=false stop=running
step=2590 time=0.16685651620530489 dt=6.1635522354185231e-05 residual=18068.142627260764 checked=false stop=running
step=2591 time=0.16691815966825063 dt=6.1643462945748433e-05 residual=18200.050212190574 checked=false stop=running
step=2592 time=0.16697981489212291 dt=6.165522387228439e-05 residual=18209.725810552209 checked=false stop=running
step=2593 time=0.16704148461190249 dt=6.1669719779582679e-05 residual=18142.20740640799 checked=false stop=running
step=2594 time=0.16710314224114112 dt=6.1657629238632888e-05 residual=18072.692443399737 checked=false stop=running
step=2595 time=0.16716478688827857 dt=6.1644647137464419e-05 residual=18066.937665545167 checked=false stop=running
step=2596 time=0.16722642234931726 dt=6.163546103869034e-05 residual=18059.599035183612 checked=false stop=running
step=2597 time=0.1672880520392038 dt=6.1629689886548864e-05 residual=17996.373356240452 checked=false stop=running
step=2598 time=0.16734967895199804 dt=6.1626912794238817e-05 residual=18036.787000709079 checked=false stop=running
step=2599 time=0.16741130627505296 dt=6.1627323054921652e-05 residual=18065.020339844556 checked=false stop=running
step=2600 time=0.16747293630714907 dt=6.1630032096118695e-05 residual=18121.408149407631 checked=false stop=running
step=2601 time=0.16753457109253736 dt=6.1634785388288665e-05 residual=18091.891237093001 checked=false stop=running
step=2602 time=0.16759621282343076 dt=6.1641730893397794e-05 residual=18200.457670977816 checked=false stop=running
step=2603 time=0.16765786336295044 dt=6.1650539519679482e-05 residual=18051.200487224192 checked=false stop=running
step=2604 time=0.16771952479768618 dt=6.1661434735736388e-05 residual=18094.045720720995 checked=false stop=running
step=2605 time=0.16778117298768741 dt=6.1648190001223485e-05 residual=18068.447813556799 checked=false stop=running
step=2606 time=0.16784281011030228 dt=6.1637122614862551e-05 residual=18145.933274267016 checked=false stop=running
step=2607 time=0.16790443905075073 dt=6.1628940448440247e-05 residual=18059.397060668929 checked=false stop=running
step=2608 time=0.1679660623465343 dt=6.1623295783577131e-05 residual=18086.314565680463 checked=false stop=running
step=2609 time=0.16802768215145084 dt=6.1619804916522236e-05 residual=18068.281967755374 checked=false stop=running
step=2610 time=0.16808930034408179 dt=6.161819263096064e-05 residual=18116.456704647895 checked=false stop=running
step=2611 time=0.16815091883565686 dt=6.161849157507152e-05 residual=18078.050464202588 checked=false stop=running
step=2612 time=0.16821254153850909 dt=6.1622702852225152e-05 residual=18211.237160670615 checked=false stop=running
step=2613 time=0.16827417118114779 dt=6.162964263870957e-05 residual=18189.191629954636 checked=false stop=running
step=2614 time=0.16833580801533715 dt=6.1636834189363382e-05 residual=18160.396464447182 checked=false stop=running
step=2615 time=0.16839743877061389 dt=6.1630755276733656e-05 residual=18220.258389950428 checked=false stop=running
step=2616 time=0.16845905558787186 dt=6.161681725798225e-05 residual=18258.178972825765 checked=false stop=running
step=2617 time=0.16852066159927523 dt=6.1606011403360142e-05 residual=18101.596865717078 checked=false stop=running
step=2618 time=0.16858225937554061 dt=6.1597776265383177e-05 residual=18037.807714292852 checked=false stop=running
step=2619 time=0.16864385137048615 dt=6.1591994945552284e-05 residual=18053.668285355281 checked=false stop=running
step=2620 time=0.16870543953324721 dt=6.1588162761067015e-05 residual=18104.482058569021 checked=false stop=running
step=2621 time=0.1687670258086402 dt=6.1586275392995696e-05 residual=18109.789206332985 checked=false stop=running
step=2622 time=0.16882861237943134 dt=6.1586570791125441e-05 residual=18226.878092438572 checked=false stop=running
step=2623 time=0.1688902045799747 dt=6.1592200543365513e-05 residual=18175.640403335201 checked=false stop=running
step=2624 time=0.16895180498984488 dt=6.1600409870185338e-05 residual=18088.993666428396 checked=false stop=running
step=2625 time=0.16901341623187946 dt=6.1611242034573851e-05 residual=18144.196871689837 checked=false stop=running
step=2626 time=0.16907503282278541 dt=6.161659090593688e-05 residual=18194.520342068874 checked=false stop=running
step=2627 time=0.16913663401085441 dt=6.160118806900855e-05 residual=18074.829263770327 checked=false stop=running
step=2628 time=0.16919822283958891 dt=6.1588828734493323e-05 residual=18026.242485311257 checked=false stop=running
step=2629 time=0.1692598017729264 dt=6.1578933337491697e-05 residual=18040.05871746999 checked=false stop=running
step=2630 time=0.16932137295314648 dt=6.1571180220078211e-05 residual=18105.320092619892 checked=false stop=running
step=2631 time=0.16938293855992834 dt=6.1565606781872222e-05 residual=18158.473538071888 checked=false stop=running
step=2632 time=0.16944450087688295 dt=6.1562316954627371e-05 residual=18166.788992768663 checked=false stop=running
step=2633 time=0.1695060653308956 dt=6.156445401265925e-05 residual=18254.277387101978 checked=false stop=running
step=2634 time=0.16956763588854523 dt=6.1570557649630623e-05 residual=18124.30542279896 checked=false stop=running
step=2635 time=0.16962921589675262 dt=6.1580008207385282e-05 residual=18046.994330850484 checked=false stop=running
step=2636 time=0.16969080859257965 dt=6.1592695827024989e-05 residual=18157.776431619328 checked=false stop=running
step=2637 time=0.16975241749388786 dt=6.160890130821953e-05 residual=18160.506808915285 checked=false stop=running
step=2638 time=0.16981401329694093 dt=6.1595803053054212e-05 residual=18119.96499468221 checked=false stop=running
step=2639 time=0.16987559767444349 dt=6.1584377502558061e-05 residual=18179.379636093654 checked=false stop=running
step=2640 time=0.16993717335107578 dt=6.1575676632282111e-05 residual=18208.472392680746 checked=false stop=running
step=2641 time=0.16999874303440538 dt=6.1569683329612112e-05 residual=18186.052780152138 checked=false stop=running
step=2642 time=0.17006030940531541 dt=6.1566370910042453e-05 residual=18260.934960257437 checked=false stop=running
step=2643 time=0.17012187600800263 dt=6.1566602687205995e-05 residual=18260.894289279622 checked=false stop=running
step=2644 time=0.1701834468750274 dt=6.1570867024774738e-05 residual=18188.728463488522 checked=false stop=running
step=2645 time=0.17024502545797299 dt=6.1578582945590304e-05 residual=18129.862656166217 checked=false stop=running
step=2646 time=0.17030661517446224 dt=6.1589716489258165e-05 residual=18183.954717352161 checked=false stop=running
step=2647 time=0.17036821923983936 dt=6.1604065377124628e-05 residual=18188.06296437544 checked=false stop=running
step=2648 time=0.1704298227021428 dt=6.1603462303437326e-05 residual=18121.090961480233 checked=false stop=running
step=2649 time=0.17049141392032194 dt=6.1591218179151626e-05 residual=18156.07197076274 checked=false stop=running
step=2650 time=0.17055299624727233 dt=6.1582326950391397e-05 residual=18117.255883353802 checked=false stop=running
step=2651 time=0.17061457265631236 dt=6.1576409040032146e-05 residual=18242.32574050445 checked=false stop=running
step=2652 time=0.17067614613307186 dt=6.1573476759502131e-05 residual=18263.591658113448 checked=false stop=running
step=2653 time=0.17073771979974947 dt=6.1573666677599737e-05 residual=18275.364102568408 checked=false stop=running
step=2654 time=0.17079929727017074 dt=6.1577470421260455e-05 residual=18220.841683417075 checked=false stop=running
step=2655 time=0.17086088106702746 dt=6.1583796856711078e-05 residual=18241.092960349572 checked=false stop=running
step=2656 time=0.17092247403430022 dt=6.1592967272773314e-05 residual=18182.863058573726 checked=false stop=running
step=2657 time=0.17098407851692179 dt=6.1604482621586143e-05 residual=18131.840838698179 checked=false stop=running
step=2658 time=0.17104569323978339 dt=6.1614722861603755e-05 residual=18141.645370124261 checked=false stop=running
step=2659 time=0.17110729258725493 dt=6.1599347471538322e-05 residual=18153.189562031486 checked=false stop=running
step=2660 time=0.17116888011293169 dt=6.1587525676755914e-05 residual=18108.059003838694 checked=false stop=running
step=2661 time=0.17123045862249489 dt=6.1578509563215298e-05 residual=18208.680773856544 checked=false stop=running
step=2662 time=0.17129203111956653 dt=6.1572497071654873e-05 residual=18265.061124969721 checked=false stop=running
step=2663 time=0.17135360077341877 dt=6.1569653852242578e-05 residual=18300.898442387042 checked=false stop=running
step=2664 time=0.17141517125983416 dt=6.1570486415398948e-05 residual=18227.010158370485 checked=false stop=running
step=2665 time=0.17147674524350584 dt=6.157398367169274e-05 residual=18247.124357932611 checked=false stop=running
step=2666 time=0.17153832610557301 dt=6.1580862067186384e-05 residual=18132.943550501161 checked=false stop=running
step=2667 time=0.17159991681756367 dt=6.1590711990667526e-05 residual=18138.851429113412 checked=false stop=running
step=2668 time=0.17166152010321542 dt=6.1603285651737412e-05 residual=18299.336099429591 checked=false stop=running
step=2669 time=0.17172313871025052 dt=6.1618607035097202e-05 residual=18133.499634262647 checked=false stop=running
step=2670 time=0.17178474092512083 dt=6.1602214870319749e-05 residual=18156.344788574013 checked=false stop=running
step=2671 time=0.1718463299584819 dt=6.1589033361076349e-05 residual=18164.95022190642 checked=false stop=running
step=2672 time=0.17190790898118086 dt=6.1579022698948448e-05 residual=18221.108928823232 checked=false stop=running
step=2673 time=0.17196948114371008 dt=6.1572162529233303e-05 residual=18307.484363204352 checked=false stop=running
step=2674 time=0.17203105031502117 dt=6.1569171311098533e-05 residual=18310.133389315793 checked=false stop=running
step=2675 time=0.17209261962784564 dt=6.1569312824471804e-05 residual=18228.125981753714 checked=false stop=running
step=2676 time=0.17215419223041845 dt=6.157260257279571e-05 residual=18181.612099816553 checked=false stop=running
step=2677 time=0.17221577269899985 dt=6.1580468581390002e-05 residual=18204.823928638776 checked=false stop=running
step=2678 time=0.17227736445333999 dt=6.1591754340136566e-05 residual=18209.681387521679 checked=false stop=running
step=2679 time=0.17233897061504727 dt=6.1606161707279002e-05 residual=18198.530667794712 checked=false stop=running
step=2680 time=0.17240059423448292 dt=6.1623619435639273e-05 residual=18098.44950207186 checked=false stop=running
step=2681 time=0.17246221363707809 dt=6.1619402595167796e-05 residual=18136.602264475816 checked=false stop=running
step=2682 time=0.17252382020650445 dt=6.1606569426351753e-05 residual=18124.36386554765 checked=false stop=running
step=2683 time=0.17258541730519197 dt=6.1597098687527659e-05 residual=18290.105306540598 checked=false stop=running
step=2684 time=0.17264700819491358 dt=6.1590889721606324e-05 residual=18279.563130977611 checked=false stop=running
step=2685 time=0.17270859686824935 dt=6.1588673335781141e-05 residual=18277.987180053668 checked=false stop=running
step=2686 time=0.17277018592614643 dt=6.158905789707736e-05 residual=18245.010463480223 checked=false stop=running
step=2687 time=0.17283177789817941 dt=6.1591972032970784e-05 residual=18248.279061381432 checked=false stop=running
step=2688 time=0.17289337584154349 dt=6.1597943364078884e-05 residual=18214.304784053555 checked=false stop=running
step=2689 time=0.17295498688312189 dt=6.1611041578407902e-05 residual=18175.306638020451 checked=false stop=running
step=2690 time=0.17301661482663322 dt=6.1627943511339056e-05 residual=18225.726879741444 checked=false stop=running
step=2691 time=0.17307826226050479 dt=6.1647433871585104e-05 residual=18153.872736857313 checked=false stop=running
step=2692 time=0.17313990744081492 dt=6.164518031013516e-05 residual=18153.436317588763 checked=false stop=running
step=2693 time=0.17320154265127768 dt=6.1635210462774109e-05 residual=18345.631529825881 checked=false stop=running
step=2694 time=0.17326317136439173 dt=6.1628713114053065e-05 residual=18292.407074129806 checked=false stop=running
step=2695 time=0.17332479740304593 dt=6.1626038654211907e-05 residual=18217.924045167329 checked=false stop=running
step=2696 time=0.17338642326476919 dt=6.1625861723271468e-05 residual=18315.929069390262 checked=false stop=running
step=2697 time=0.17344805121593271 dt=6.1627951163521722e-05 residual=18227.594847689328 checked=false stop=running
step=2698 time=0.17350968364179195 dt=6.1632425859252141e-05 residual=18193.253635952373 checked=false stop=running
step=2699 time=0.17357132311883072 dt=6.1639477038769093e-05 residual=18213.906508651937 checked=false stop=running
step=2700 time=0.17363297552533169 dt=6.1652406500979916e-05 residual=18252.345499379324 checked=false stop=running
step=2701 time=0.1736946451641441 dt=6.1669638812403212e-05 residual=18198.443880065442 checked=false stop=running
step=2702 time=0.17375632785031828 dt=6.1682686174177384e-05 residual=18288.360354863878 checked=false stop=running
step=2703 time=0.17381800065814576 dt=6.1672807827474973e-05 residual=18340.339597650545 checked=false stop=running
step=2704 time=0.17387966712107331 dt=6.1666462927533481e-05 residual=18414.150461191082 checked=false stop=running
step=2705 time=0.1739413313274969 dt=6.1664206423594632e-05 residual=18340.729872881999 checked=false stop=running
step=2706 time=0.1740029957680192 dt=6.1664440522313829e-05 residual=18257.579296542342 checked=false stop=running
step=2707 time=0.17406466262336606 dt=6.1666855346870266e-05 residual=18255.381052201683 checked=false stop=running
step=2708 time=0.17412633395760857 dt=6.1671334242498817e-05 residual=18323.275517922506 checked=false stop=running
step=2709 time=0.17418801190670291 dt=6.1677949094353523e-05 residual=18238.371867916117 checked=false stop=running
step=2710 time=0.1742496991405563 dt=6.1687233853374579e-05 residual=18283.16351956479 checked=false stop=running
step=2711 time=0.17431140134087922 dt=6.1702200322909153e-05 residual=18261.265079824436 checked=false stop=running
step=2712 time=0.17437311825108431 dt=6.1716910205096085e-05 residual=18293.002108205554 checked=false stop=running
step=2713 time=0.17443482555213996 dt=6.1707301055643506e-05 residual=18205.510636835668 checked=false stop=running
step=2714 time=0.17449652668389173 dt=6.1701131751780097e-05 residual=18367.741154201747 checked=false stop=running
step=2715 time=0.17455822536596632 dt=6.1698682074600594e-05 residual=18238.661539778532 checked=false stop=running
step=2716 time=0.17461992415458638 dt=6.1698788620053068e-05 residual=18328.720445900984 checked=false stop=running
step=2717 time=0.17468162533082202 dt=6.1701176235640337e-05 residual=18250.668339067044 checked=false stop=running
step=2718 time=0.17474333094877631 dt=6.1705617954286584e-05 residual=18223.881528031834 checked=false stop=running
step=2719 time=0.17480504288984464 dt=6.171194106833771e-05 residual=18214.563453232258 checked=false stop=running
step=2720 time=0.1748667639493981 dt=6.1721059553454847e-05 residual=18272.175371835528 checked=false stop=running
step=2721 time=0.17492849616762066 dt=6.1732218222565138e-05 residual=18257.432866286337 checked=false stop=running
step=2722 time=0.1749902412588554 dt=6.1745091234750277e-05 residual=18307.389137094371 checked=false stop=running
step=2723 time=0.17505197922279184 dt=6.1737963936442584e-05 residual=18247.913727493946 checked=false stop=running
step=2724 time=0.17511371052797003 dt=6.1731305178199683e-05 residual=18395.621694198588 checked=false stop=running
step=2725 time=0.17517543872864449 dt=6.1728200674465668e-05 residual=18373.476799585475 checked=false stop=running
step=2726 time=0.1752371663559853 dt=6.1727627340802191e-05 residual=18340.578818531685 checked=false stop=running
step=2727 time=0.17529889580369479 dt=6.1729447709485741e-05 residual=18191.802863477977 checked=false stop=running
step=2728 time=0.17536062965806665 dt=6.1733854371851505e-05 residual=18322.216440663542 checked=false stop=running
step=2729 time=0.17542236995534372 dt=6.1740297277075123e-05 residual=18210.810074777295 checked=false stop=running
step=2730 time=0.17548411840844383 dt=6.174845310010471e-05 residual=18280.634215002668 checked=false stop=running
step=2731 time=0.17554587698961258 dt=6.175858116874899e-05 residual=18361.574792203224 checked=false stop=running
step=2732 time=0.17560764802914303 dt=6.177103953044252e-05 residual=18297.822289496999 checked=false stop=running
step=2733 time=0.17566940875911596 dt=6.176072997294951e-05 residual=18199.749262401867 checked=false stop=running
step=2734 time=0.17573116232550881 dt=6.175356639285722e-05 residual=18329.598006601733 checked=false stop=running
step=2735 time=0.17579291179212866 dt=6.1749466619865124e-05 residual=18281.186801689266 checked=false stop=running
step=2736 time=0.17585465980812165 dt=6.1748015992976223e-05 residual=18354.29824606271 checked=false stop=running
step=2737 time=0.17591640875548517 dt=6.1748947363518761e-05 residual=18249.704928619434 checked=false stop=running
step=2738 time=0.17597816094821417 dt=6.1752192728993735e-05 residual=18284.489295828604 checked=false stop=running
step=2739 time=0.17603991851543505 dt=6.1757567220873961e-05 residual=18256.004817051635 checked=false stop=running
step=2740 time=0.17610168319784958 dt=6.1764682414529114e-05 residual=18278.860236949058 checked=false stop=running
step=2741 time=0.17616345689195392 dt=6.177369410434413e-05 residual=18291.773301728332 checked=false stop=running
step=2742 time=0.1762252415639291 dt=6.1784671975181543e-05 residual=18353.555836686417 checked=false stop=running
step=2743 time=0.17628703145622043 dt=6.1789892291333066e-05 residual=18310.447603737986 checked=false stop=running
step=2744 time=0.17634881385488244 dt=6.1782398662013909e-05 residual=18323.089975799223 checked=false stop=running
step=2745 time=0.17641059199244319 dt=6.1778137560756911e-05 residual=18367.778982901895 checked=false stop=running
step=2746 time=0.17647236887764933 dt=6.1776885206150608e-05 residual=18337.970676407869 checked=false stop=running
step=2747 time=0.17653414718252225 dt=6.1778304872912835e-05 residual=18326.677062809416 checked=false stop=running
step=2748 time=0.17659592931665108 dt=6.1782134128840629e-05 residual=18229.364903737136 checked=false stop=running
step=2749 time=0.17665771784287226 dt=6.1788526221175425e-05 residual=18257.234284424158 checked=false stop=running
step=2750 time=0.17671951464500532 dt=6.1796802133055279e-05 residual=18260.29791200006 checked=false stop=running
step=2751 time=0.17678132122397638 dt=6.1806578971071726e-05 residual=18286.656790130746 checked=false stop=running
step=2752 time=0.17684313438735003 dt=6.181316337363645e-05 residual=18318.363665287488 checked=false stop=running
step=2753 time=0.17690493626595397 dt=6.1801878603943506e-05 residual=18355.171875784446 checked=false stop=running
step=2754 time=0.17696673010348271 dt=6.1793837528754204e-05 residual=18295.459467082204 checked=false stop=running
step=2755 time=0.1770285189245949 dt=6.1788821112185012e-05 residual=18401.620743840904 checked=false stop=running
step=2756 time=0.17709030584560992 dt=6.178692101503119e-05 residual=18369.643484654312 checked=false stop=running
step=2757 time=0.17715209324076395 dt=6.1787395154039667e-05 residual=18419.689593263949 checked=false stop=running
step=2758 time=0.17721388336499164 dt=6.1790124227679917e-05 residual=18356.011883219162 checked=false stop=running
step=2759 time=0.17727567842988071 dt=6.1795064889065814e-05 residual=18277.458408853607 checked=false stop=running
step=2760 time=0.17733748053727377 dt=6.1802107393066908e-05 residual=18284.352181060694 checked=false stop=running
step=2761 time=0.17739929155311598 dt=6.1811015842216721e-05 residual=18323.162666382828 checked=false stop=running
step=2762 time=0.17746111312352678 dt=6.1821570410790057e-05 residual=18337.834752465667 checked=false stop=running
step=2763 time=0.17752294673692942 dt=6.183361340265292e-05 residual=18406.98179352325 checked=false stop=running
step=2764 time=0.17758478428139565 dt=6.1837544466234438e-05 residual=18371.815307440698 checked=false stop=running
step=2765 time=0.17764661624132091 dt=6.183195992526521e-05 residual=18391.401797557479 checked=false stop=running
step=2766 time=0.17770844566333463 dt=6.1829422013716839e-05 residual=18466.301745082539 checked=false stop=running
step=2767 time=0.177770275242328 dt=6.1829578993365128e-05 residual=18449.755944491168 checked=false stop=running
step=2768 time=0.17783210669338922 dt=6.1831451061237933e-05 residual=18385.675546603528 checked=false stop=running
step=2769 time=0.17789394210778614 dt=6.1835414396924077e-05 residual=18368.828516355203 checked=false stop=running
step=2770 time=0.1779557833199924 dt=6.1841212206249866e-05 residual=18336.362416148539 checked=false stop=running
step=2771 time=0.17801763222078876 dt=6.1848900796348789e-05 residual=18349.235148152693 checked=false stop=running
step=2772 time=0.17807949029790901 dt=6.1858077120240833e-05 residual=18337.717492890559 checked=false stop=running
step=2773 time=0.17814134195482878 dt=6.1851656919774343e-05 residual=18466.320095994535 checked=false stop=running
step=2774 time=0.17820318385437658 dt=6.1841899547816572e-05 residual=18447.268428448646 checked=false stop=running
step=2775 time=0.17826501947513165 dt=6.1835620755065196e-05 residual=18372.007243374137 checked=false stop=running
step=2776 time=0.17832685191980319 dt=6.1832444671536382e-05 residual=18403.675622359959 checked=false stop=running
step=2777 time=0.17838868440314723 dt=6.183248334404533e-05 residual=18391.614734993236 checked=false stop=running
step=2778 time=0.17845051970444606 dt=6.1835301298826959e-05 residual=18392.84836162156 checked=false stop=running
step=2779 time=0.17851236002138809 dt=6.1840316942032058e-05 residual=18337.819900560477 checked=false stop=running
step=2780 time=0.17857420708038188 dt=6.1847058993799435e-05 residual=18318.788066363501 checked=false stop=running
step=2781 time=0.17863606225559397 dt=6.1855175212105658e-05 residual=18337.699329517865 checked=false stop=running
step=2782 time=0.17869792678092719 dt=6.1864525333218945e-05 residual=18308.50005933956 checked=false stop=running
step=2783 time=0.17875980162093696 dt=6.1874840009779777e-05 residual=18387.577837516365 checked=false stop=running
step=2784 time=0.17882169070479428 dt=6.188908385731812e-05 residual=18400.905768440996 checked=false stop=running
step=2785 time=0.17888358068821114 dt=6.1889983416846102e-05 residual=18395.483974719369 checked=false stop=running
step=2786 time=0.17894546587040355 dt=6.18851821924023e-05 residual=18360.299075791761 checked=false stop=running
step=2787 time=0.17900734916965366 dt=6.188329925009911e-05 residual=18382.786250105146 checked=false stop=running
step=2788 time=0.17906923300455249 dt=6.1883834898819828e-05 residual=18398.951748969321 checked=false stop=running
step=2789 time=0.1791311200350279 dt=6.1887030475396782e-05 residual=18298.509152330178 checked=false stop=running
step=2790 time=0.17919301191103632 dt=6.1891876008405701e-05 residual=18395.792121469494 checked=false stop=running
step=2791 time=0.1792549095828477 dt=6.1897671811397562e-05 residual=18360.959632190239 checked=false stop=running
step=2792 time=0.17931681364839067 dt=6.1904065542965012e-05 residual=18373.514577574078 checked=false stop=running
step=2793 time=0.17937872487929721 dt=6.1911230906538123e-05 residual=18467.901097146041 checked=false stop=running
step=2794 time=0.17944064421781977 dt=6.1919338522574733e-05 residual=18581.985030208274 checked=false stop=running
step=2795 time=0.17950257282097132 dt=6.1928603151535343e-05 residual=18402.1715260889 checked=false stop=running
step=2796 time=0.17956450435271229 dt=6.1931531740967041e-05 residual=18340.091963250754 checked=false stop=running
step=2797 time=0.17962643300159695 dt=6.1928648884657507e-05 residual=18346.734298369971 checked=false stop=running
step=2798 time=0.1796883618784002 dt=6.1928876803268602e-05 residual=18439.785092384369 checked=false stop=running
step=2799 time=0.17975029332893322 dt=6.1931450533003063e-05 residual=18349.036566477887 checked=false stop=running
step=2800 time=0.17981222856992793 dt=6.193524099471661e-05 residual=18330.407808072676 checked=false stop=running
step=2801 time=0.17987416810412715 dt=6.1939534199232963e-05 residual=18377.61417065682 checked=false stop=running
step=2802 time=0.17993611206400992 dt=6.1943959882772049e-05 residual=18408.330096480066 checked=false stop=running
step=2803 time=0.17999806077483418 dt=6.1948710824271416e-05 residual=18429.214726303893 checked=false stop=running
step=2804 time=0.18006001441719346 dt=6.1953642359269652e-05 residual=18584.152252240918 checked=false stop=running
step=2805 time=0.18012197339509434 dt=6.1958977900873578e-05 residual=18481.358657249937 checked=false stop=running
step=2806 time=0.18018393882680675 dt=6.1965431712421366e-05 residual=18398.814027874261 checked=false stop=running
step=2807 time=0.18024591210877028 dt=6.1973281963524697e-05 residual=18354.42646162349 checked=false stop=running
step=2808 time=0.18030788413115853 dt=6.1972022388252651e-05 residual=18408.488202739336 checked=false stop=running
step=2809 time=0.18036985666629085 dt=6.1972535132327525e-05 residual=18376.716573665188 checked=false stop=running
step=2810 time=0.18043183190898293 dt=6.197524269209113e-05 residual=18312.356984390892 checked=false stop=running
step=2811 time=0.18049381102385376 dt=6.1979114870820752e-05 residual=18397.92925792138 checked=false stop=running
step=2812 time=0.180555794039959 dt=6.1983016105236861e-05 residual=18408.72574293764 checked=false stop=running
step=2813 time=0.18061778094719003 dt=6.1986907231020342e-05 residual=18442.72566269046 checked=false stop=running
step=2814 time=0.18067977177412164 dt=6.1990826931608076e-05 residual=18494.616847644997 checked=false stop=running
step=2815 time=0.18074176685390209 dt=6.1995079780432632e-05 residual=18496.710128552535 checked=false stop=running
step=2816 time=0.18080376704441717 dt=6.2000190515074341e-05 residual=18523.683997987882 checked=false stop=running
step=2817 time=0.1808657642789763 dt=6.1997234559132882e-05 residual=18429.520340509702 checked=false stop=running
step=2818 time=0.18092775976471012 dt=6.1995485733832989e-05 residual=18426.537064503151 checked=false stop=running
step=2819 time=0.18098975559637429 dt=6.1995831664156167e-05 residual=18451.448253657018 checked=false stop=running
step=2820 time=0.18105175494963202 dt=6.1999353257724803e-05 residual=18439.654202691676 checked=false stop=running
step=2821 time=0.18111375894648357 dt=6.200399685154499e-05 residual=18378.279438562244 checked=false stop=running
step=2822 time=0.18117576818122663 dt=6.2009234743056626e-05 residual=18408.920919177832 checked=false stop=running
step=2823 time=0.18123778272968757 dt=6.2014548460950639e-05 residual=18447.188708276994 checked=false stop=running
step=2824 time=0.18129980254760955 dt=6.2019817921981626e-05 residual=18460.15754696375 checked=false stop=running
step=2825 time=0.18136182763908398 dt=6.2025091474436197e-05 residual=18508.964061731971 checked=false stop=running
step=2826 time=0.18142385447031262 dt=6.2026831228635706e-05 residual=18522.855931001817 checked=false stop=running
step=2827 time=0.18148587729548174 dt=6.2022825169128715e-05 residual=18500.887191284775 checked=false stop=running
step=2828 time=0.18154789886592862 dt=6.2021570446887326e-05 residual=18454.446204725311 checked=false stop=running
step=2829 time=0.18160992188609523 dt=6.2023020166616084e-05 residual=18468.171289767572 checked=false stop=running
step=2830 time=0.18167194964611369 dt=6.2027760018458996e-05 residual=18423.752116234027 checked=false stop=running
step=2831 time=0.18173398451417538 dt=6.203486806170342e-05 residual=18409.2259981518 checked=false stop=running
step=2832 time=0.18179602710655313 dt=6.2042592377747861e-05 residual=18398.744164836458 checked=false stop=running
step=2833 time=0.18185807718195421 dt=6.2050075401081541e-05 residual=18419.684345430003 checked=false stop=running
step=2834 time=0.18192013310887403 dt=6.205592691983604e-05 residual=18506.749337571786 checked=false stop=running
step=2835 time=0.18198217670919606 dt=6.2043600322037864e-05 residual=18509.595739770488 checked=false stop=running
step=2836 time=0.18204421235198187 dt=6.2035642785807747e-05 residual=18596.655618200617 checked=false stop=running
step=2837 time=0.18210624429274072 dt=6.2031940758861765e-05 residual=18485.578018481781 checked=false stop=running
step=2838 time=0.18216827813629863 dt=6.2033843557899741e-05 residual=18580.724374254038 checked=false stop=running
step=2839 time=0.1822303181770204 dt=6.2040040721763441e-05 residual=18450.400298105786 checked=false stop=running
step=2840 time=0.18229236667515492 dt=6.2048498134527618e-05 residual=18436.584101648041 checked=false stop=running
step=2841 time=0.18235442498889134 dt=6.2058313736442554e-05 residual=18436.396241640487 checked=false stop=running
step=2842 time=0.18241649306621496 dt=6.2068077323611438e-05 residual=18373.395954968335 checked=false stop=running
step=2843 time=0.18247857006945059 dt=6.2077003235633274e-05 residual=18487.277696487698 checked=false stop=running
step=2844 time=0.18254064816435242 dt=6.207809490184338e-05 residual=18550.515557940325 checked=false stop=running
step=2845 time=0.18260271251582666 dt=6.2064351474231847e-05 residual=18511.95468997442 checked=false stop=running
step=2846 time=0.18266476789968272 dt=6.2055383856063785e-05 residual=18614.411794332427 checked=false stop=running
step=2847 time=0.18272681950135108 dt=6.2051601668360119e-05 residual=18484.021006076189 checked=false stop=running
step=2848 time=0.18278887448575754 dt=6.2054984406450668e-05 residual=18402.225129672031 checked=false stop=running
step=2849 time=0.18285093561334231 dt=6.2061127584766944e-05 residual=18478.998942035938 checked=false stop=running
step=2850 time=0.18291300531471702 dt=6.2069701374700863e-05 residual=18444.179212946678 checked=false stop=running
step=2851 time=0.1829750847258077 dt=6.2079411090687925e-05 residual=18448.132861703569 checked=false stop=running
step=2852 time=0.18303717367321584 dt=6.20889474081291e-05 residual=18475.439484297396 checked=false stop=running
step=2853 time=0.1830992720651172 dt=6.2098391901362396e-05 residual=18443.782050628117 checked=false stop=running
step=2854 time=0.18316137534480262 dt=6.2103279685418459e-05 residual=18555.139637361946 checked=false stop=running
step=2855 time=0.18322346207085508 dt=6.2086726052469938e-05 residual=18525.901441647628 checked=false stop=running
step=2856 time=0.18328553824897506 dt=6.2076178119973313e-05 residual=18587.87399106826 checked=false stop=running
step=2857 time=0.18334761095977734 dt=6.2072710802275679e-05 residual=18605.710507984866 checked=false stop=running
step=2858 time=0.18340968410886418 dt=6.2073149086862471e-05 residual=18464.769053529799 checked=false stop=running
step=2859 time=0.18347176048601893 dt=6.207637715474135e-05 residual=18484.501320800784 checked=false stop=running
step=2860 time=0.18353384287245508 dt=6.2082386436150501e-05 residual=18480.583401331995 checked=false stop=running
step=2861 time=0.18359593289326345 dt=6.2090020808363018e-05 residual=18507.084803913658 checked=false stop=running
step=2862 time=0.18365803100017575 dt=6.2098106912281424e-05 residual=18471.976931458892 checked=false stop=running
step=2863 time=0.18372013754318992 dt=6.2106543014179877e-05 residual=18373.011116569363 checked=false stop=running
step=2864 time=0.18378225293903683 dt=6.2115395846921821e-05 residual=18548.162718493768 checked=false stop=running
step=2865 time=0.18384437040708809 dt=6.211746805127405e-05 residual=18591.431355073735 checked=false stop=running
step=2866 time=0.18390647325372403 dt=6.2102846635928149e-05 residual=18571.69603741989 checked=false stop=running
step=2867 time=0.18396856809000811 dt=6.2094836284075076e-05 residual=18649.349199690903 checked=false stop=running
step=2868 time=0.18403065945757327 dt=6.2091367565149418e-05 residual=18548.847968883983 checked=false stop=running
step=2869 time=0.18409275017607429 dt=6.2090718501034436e-05 residual=18411.96947045068 checked=false stop=running
step=2870 time=0.18415484338975088 dt=6.2093213676585557e-05 residual=18532.703772722478 checked=false stop=running
step=2871 time=0.18421694188777968 dt=6.2098498028803663e-05 residual=18584.357380761834 checked=false stop=running
step=2872 time=0.18427904826791602 dt=6.2106380136343347e-05 residual=18506.095788436611 checked=false stop=running
step=2873 time=0.18434116145251161 dt=6.2113184595588699e-05 residual=18486.293149900212 checked=false stop=running
step=2874 time=0.18440328207252718 dt=6.2120620015566295e-05 residual=18578.038177670871 checked=false stop=running
step=2875 time=0.18446541157833551 dt=6.2129505808328829e-05 residual=18580.219645488716 checked=false stop=running
step=2876 time=0.18452754703288529 dt=6.2135454549789871e-05 residual=18598.304485249115 checked=false stop=running
step=2877 time=0.18458966920608116 dt=6.2122173195869239e-05 residual=18594.489060981468 checked=false stop=running
step=2878 time=0.1846517855144727 dt=6.211630839154662e-05 residual=18596.181913888322 checked=false stop=running
step=2879 time=0.18471389929197204 dt=6.2113777499336323e-05 residual=18483.64275608672 checked=false stop=running
step=2880 time=0.18477601415929318 dt=6.2114867321128622e-05 residual=18514.996539986132 checked=false stop=running
step=2881 time=0.1848381344196634 dt=6.2120260370220577e-05 residual=18542.778777157182 checked=false stop=running
step=2882 time=0.18490026195621309 dt=6.2127536549685836e-05 residual=18548.611405400188 checked=false stop=running
step=2883 time=0.18496239727142197 dt=6.2135315208874383e-05 residual=18574.330598014789 checked=false stop=running
step=2884 time=0.18502453932976173 dt=6.2142058339774732e-05 residual=18547.887158614751 checked=false stop=running
step=2885 time=0.18508668957667695 dt=6.21502469152225e-05 residual=18614.701720510413 checked=false stop=running
step=2886 time=0.185148851394625 dt=6.2161817948060605e-05 residual=18585.602255544571 checked=false stop=running
step=2887 time=0.18521100653079273 dt=6.2155136167710805e-05 residual=18574.67895486582 checked=false stop=running
step=2888 time=0.18527315489793172 dt=6.2148367139003378e-05 residual=18544.045427079709 checked=false stop=running
step=2889 time=0.18533529931155807 dt=6.2144413626344892e-05 residual=18572.992081868604 checked=false stop=running
step=2890 time=0.18539744454608387 dt=6.2145234525788691e-05 residual=18496.634202219797 checked=false stop=running
step=2891 time=0.18545959359247438 dt=6.2149046390518384e-05 residual=18480.898668525038 checked=false stop=running
step=2892 time=0.18552174808581209 dt=6.2154493337700893e-05 residual=18558.091500096751 checked=false stop=running
step=2893 time=0.18558390948903819 dt=6.2161403226107482e-05 residual=18471.944783541243 checked=false stop=running
step=2894 time=0.18564607823028759 dt=6.2168741249402968e-05 residual=18551.941650279008 checked=false stop=running
step=2895 time=0.18570825476947447 dt=6.2176539186893114e-05 residual=18676.401913616563 checked=false stop=running
step=2896 time=0.1857704403098627 dt=6.2185540388216679e-05 residual=18673.119566008365 checked=false stop=running
step=2897 time=0.18583263513227674 dt=6.2194822414042095e-05 residual=18563.539958603258 checked=false stop=running
step=2898 time=0.18589483833226009 dt=6.2203199983336952e-05 residual=18606.522257206288 checked=false stop=running
step=2899 time=0.18595703782339076 dt=6.2199491130669559e-05 residual=18538.300512531383 checked=false stop=running
step=2900 time=0.18601923688385066 dt=6.2199060459903203e-05 residual=18563.046025190288 checked=false stop=running
step=2901 time=0.18608143792432488 dt=6.2201040474206136e-05 residual=18509.811420479669 checked=false stop=running
step=2902 time=0.18614364303382763 dt=6.2205109502758713e-05 residual=18603.461589149789 checked=false stop=running
step=2903 time=0.18620585383028346 dt=6.2210796455821422e-05 residual=18520.668124221203 checked=false stop=running
step=2904 time=0.18626807128196529 dt=6.2217451681831725e-05 residual=18451.392722933182 checked=false stop=running
step=2905 time=0.1863302957357596 dt=6.2224453794299588e-05 residual=18616.906943831091 checked=false stop=running
step=2906 time=0.18639252668766093 dt=6.2230951901331107e-05 residual=18564.36529440682 checked=false stop=running
step=2907 time=0.1864547641718928 dt=6.2237484231881447e-05 residual=18648.828153253427 checked=false stop=running
step=2908 time=0.18651700103463306 dt=6.2236862740259352e-05 residual=18761.209750759765 checked=false stop=running
step=2909 time=0.18657923228858514 dt=6.2231253952078056e-05 residual=18643.375781345687 checked=false stop=running
step=2910 time=0.18664146483669386 dt=6.2232548108726723e-05 residual=18541.360279797296 checked=false stop=running
step=2911 time=0.18670370120457577 dt=6.2236367881921817e-05 residual=18571.1136751829 checked=false stop=running
step=2912 time=0.1867659436391213 dt=6.2242434545539273e-05 residual=18546.200928191378 checked=false stop=running
step=2913 time=0.18682819411739726 dt=6.2250478275950198e-05 residual=18491.421073582849 checked=false stop=running
step=2914 time=0.18689045234883808 dt=6.2258231440807301e-05 residual=18596.792342063567 checked=false stop=running
step=2915 time=0.18695271888321199 dt=6.2266534373901509e-05 residual=18539.209269187511 checked=false stop=running
step=2916 time=0.18701499089720219 dt=6.2272013990198719e-05 residual=18568.12944286361 checked=false stop=running
step=2917 time=0.18707726877642489 dt=6.2277879222698526e-05 residual=18648.3348323274 checked=false stop=running
step=2918 time=0.18713954880754766 dt=6.2280031122758538e-05 residual=18691.829227418471 checked=false stop=running
step=2919 time=0.18720182467890567 dt=6.2275871358023492e-05 residual=18641.581240582771 checked=false stop=running
step=2920 time=0.18726410325039677 dt=6.2278571491092814e-05 residual=18515.797770317535 checked=false stop=running
step=2921 time=0.18732638641251903 dt=6.2283162122255358e-05 residual=18518.442088234413 checked=false stop=running
step=2922 time=0.18738867612843699 dt=6.2289715917965345e-05 residual=18510.687621927442 checked=false stop=running
step=2923 time=0.18745097395747273 dt=6.2297829035740031e-05 residual=18538.877971258746 checked=false stop=running
step=2924 time=0.18751327485016611 dt=6.2300892693380056e-05 residual=18567.815913157287 checked=false stop=running
step=2925 time=0.18757557767415839 dt=6.2302823992281512e-05 residual=18584.081246896083 checked=false stop=running
step=2926 time=0.18763788324391312 dt=6.2305569754727576e-05 residual=18604.312977111789 checked=false stop=running
step=2927 time=0.18770019279043407 dt=6.2309546520951381e-05 residual=18645.339290578082 checked=false stop=running
step=2928 time=0.18776250809148401 dt=6.231530104994798e-05 residual=18693.077843554565 checked=false stop=running
step=2929 time=0.18782482531357314 dt=6.2317222089143293e-05 residual=18631.121585647237 checked=false stop=running
step=2930 time=0.18788714788797869 dt=6.2322574405563902e-05 residual=18659.545952491237 checked=false stop=running
step=2931 time=0.18794947834096323 dt=6.2330452984538871e-05 residual=18596.328221948224 checked=false stop=running
step=2932 time=0.18801181903916775 dt=6.2340698204506759e-05 residual=18580.489381355186 checked=false stop=running
step=2933 time=0.18807416796657056 dt=6.2348927402802672e-05 residual=18626.521126804666 checked=false stop=running
step=2934 time=0.18813651599817596 dt=6.2348031605396624e-05 residual=18608.784323966509 checked=false stop=running
step=2935 time=0.18819886323668097 dt=6.2347238505006548e-05 residual=18572.520162628618 checked=false stop=running
step=2936 time=0.18826121028170359 dt=6.2347045022626121e-05 residual=18677.495229422177 checked=false stop=running
step=2937 time=0.18832355653806213 dt=6.2346256358525813e-05 residual=18679.00134034477 checked=false stop=running
step=2938 time=0.18838589913652884 dt=6.234259846671452e-05 residual=18693.82686366573 checked=false stop=running
step=2939 time=0.18844824544859104 dt=6.2346312062193986e-05 residual=18649.707751437738 checked=false stop=running
step=2940 time=0.18851059770725351 dt=6.2352258662480231e-05 residual=18664.774434702042 checked=false stop=running
step=2941 time=0.18857295913641162 dt=6.236142915811697e-05 residual=18674.736863720987 checked=false stop=running
step=2942 time=0.18863533257164694 dt=6.2373435235315284e-05 residual=18655.03435644017 checked=false stop=running
step=2943 time=0.18869772155061823 dt=6.2388978971283351e-05 residual=18603.953724691302 checked=false stop=running
step=2944 time=0.18876012715051363 dt=6.240559989538968e-05 residual=18675.419350002747 checked=false stop=running
step=2945 time=0.18882254011297869 dt=6.2412962465071412e-05 residual=18667.79042175756 checked=false stop=running
step=2946 time=0.18888495106950057 dt=6.2410956521881877e-05 residual=18608.562592335325 checked=false stop=running
step=2947 time=0.18894736126520237 dt=6.2410195701814475e-05 residual=18740.771236785393 checked=false stop=running
step=2948 time=0.18900977102809938 dt=6.240976289701881e-05 residual=18737.158025458033 checked=false stop=running
step=2949 time=0.18907218260730924 dt=6.2411579209865979e-05 residual=18671.646651826799 checked=false stop=running
step=2950 time=0.18913459876880762 dt=6.2416161498383914e-05 residual=18653.332078772994 checked=false stop=running
step=2951 time=0.18919702219647658 dt=6.2423427668953171e-05 residual=18644.16050361911 checked=false stop=running
step=2952 time=0.18925944928944058 dt=6.2427092964005204e-05 residual=18700.986228960061 checked=false stop=running
step=2953 time=0.18932186780132454 dt=6.2418511883965768e-05 residual=18627.562716180113 checked=false stop=running
step=2954 time=0.18938428401329491 dt=6.2416211970354552e-05 residual=18661.356775510143 checked=false stop=running
step=2955 time=0.18944670595567456 dt=6.242194237964378e-05 residual=18708.387182952723 checked=false stop=running
step=2956 time=0.18950913952989501 dt=6.2433574220445732e-05 residual=18601.964138394946 checked=false stop=running
step=2957 time=0.18957159096253962 dt=6.2451432644602695e-05 residual=18664.691309948019 checked=false stop=running
step=2958 time=0.18963404347935847 dt=6.2452516818865405e-05 residual=18749.218829722115 checked=false stop=running
step=2959 time=0.18969649756687251 dt=6.245408751405344e-05 residual=18658.081995102006 checked=false stop=running
step=2960 time=0.18975895568526122 dt=6.2458118388714675e-05 residual=18630.170945803766 checked=false stop=running
step=2961 time=0.18982142057180049 dt=6.2464886539283191e-05 residual=18675.132449514909 checked=false stop=running
step=2962 time=0.18988389119685153 dt=6.2470625051042273e-05 residual=18634.851729993061 checked=false stop=running
step=2963 time=0.18994635605694674 dt=6.2464860095190223e-05 residual=18569.679884934965 checked=false stop=running
step=2964 time=0.1900088189227549 dt=6.2462865808149418e-05 residual=18604.433427832999 checked=false stop=running
step=2965 time=0.19007128153063546 dt=6.2462607880574747e-05 residual=18667.451514806377 checked=false stop=running
step=2966 time=0.19013375179368949 dt=6.2470263054035182e-05 residual=18599.923551380325 checked=false stop=running
step=2967 time=0.19019623502295047 dt=6.2483229260964384e-05 residual=18738.438847721845 checked=false stop=running
step=2968 time=0.1902587314226859 dt=6.2496399735433548e-05 residual=18699.087985747945 checked=false stop=running
step=2969 time=0.19032122701067522 dt=6.2495587989322695e-05 residual=18661.186781843062 checked=false stop=running
step=2970 time=0.19038372499233683 dt=6.2497981661596529e-05 residual=18631.124077545246 checked=false stop=running
step=2971 time=0.19044622848221687 dt=6.2503489880033018e-05 residual=18740.120923723625 checked=false stop=running
step=2972 time=0.19050874036742144 dt=6.2511885204552195e-05 residual=18611.9563444411 checked=false stop=running
step=2973 time=0.19057126122815291 dt=6.2520860731474895e-05 residual=18620.152171886453 checked=false stop=running
step=2974 time=0.19063378034798775 dt=6.2519119834855528e-05 residual=18627.73513181194 checked=false stop=running
step=2975 time=0.19069629693788798 dt=6.251658990021713e-05 residual=18686.028814277794 checked=false stop=running
step=2976 time=0.19075881937940817 dt=6.2522441520197541e-05 residual=18652.220063405759 checked=false stop=running
step=2977 time=0.19082135359033761 dt=6.2534210929447284e-05 residual=18715.99783576504 checked=false stop=running
step=2978 time=0.19088388692175359 dt=6.2533331415991715e-05 residual=18687.592088923779 checked=false stop=running
step=2979 time=0.19094641979609953 dt=6.2532874345929795e-05 residual=18714.027742094728 checked=false stop=running
step=2980 time=0.19100895374312121 dt=6.2533947021676674e-05 residual=18670.574778361264 checked=false stop=running
step=2981 time=0.19107149090315909 dt=6.2537160037886197e-05 residual=18669.971652347558 checked=false stop=running
step=2982 time=0.19113403484348626 dt=6.2543940327169131e-05 residual=18721.745360307341 checked=false stop=running
step=2983 time=0.19119658752836668 dt=6.2552684880425342e-05 residual=18563.776736277265 checked=false stop=running
step=2984 time=0.1912591515000204 dt=6.256397165372504e-05 residual=18592.063438894642 checked=false stop=running
step=2985 time=0.19132171545556814 dt=6.2563955547743514e-05 residual=18611.220095797798 checked=false stop=running
step=2986 time=0.19138428171092603 dt=6.2566255357886919e-05 residual=18680.147752596797 checked=false stop=running
step=2987 time=0.19144684524963423 dt=6.2563538708217172e-05 residual=18669.607095883875 checked=false stop=running
step=2988 time=0.19150940717587756 dt=6.2561926243325365e-05 residual=18675.228260404961 checked=false stop=running
step=2989 time=0.19157196878028163 dt=6.2561604404065966e-05 residual=18745.318442768992 checked=false stop=running
step=2990 time=0.19163453184087922 dt=6.2563060597605591e-05 residual=18671.473695541081 checked=false stop=running
step=2991 time=0.19169709850048683 dt=6.256665960760684e-05 residual=18743.034610726467 checked=false stop=running
step=2992 time=0.19175967127083715 dt=6.2572770350310719e-05 residual=18698.311798579387 checked=false stop=running
step=2993 time=0.19182225293081881 dt=6.2581659981648274e-05 residual=18621.432642957141 checked=false stop=running
step=2994 time=0.19188484577117165 dt=6.259284035282941e-05 residual=18673.057036504921 checked=false stop=running
step=2995 time=0.1919474541718782 dt=6.2608400706540249e-05 residual=18750.711481999868 checked=false stop=running
step=2996 time=0.19201006137039242 dt=6.2607198514235221e-05 residual=18628.000621403731 checked=false stop=running
step=2997 time=0.19207266436606785 dt=6.2602995675418112e-05 residual=18760.103359771594 checked=false stop=running
step=2998 time=0.19213526405039355 dt=6.2599684325697388e-05 residual=18762.696092293223 checked=false stop=running
step=2999 time=0.19219786180565127 dt=6.2597755257702377e-05 residual=18706.976300706534 checked=false stop=running
step=3000 time=0.19226045949081014 dt=6.2597685158859441e-05 residual=18723.897509262901 checked=false stop=running
step=3001 time=0.19232305946025635 dt=6.2599969446206391e-05 residual=18751.831575445623 checked=false stop=running
step=3002 time=0.19238566436147717 dt=6.2604901220812657e-05 residual=18718.72283842566 checked=false stop=running
step=3003 time=0.19244827707935791 dt=6.261271788073148e-05 residual=18722.535069035297 checked=false stop=running
step=3004 time=0.19251090108815863 dt=6.262400880073163e-05 residual=18653.624098567929 checked=false stop=running
step=3005 time=0.19257353911610073 dt=6.2638027942099595e-05 residual=18797.812342815268 checked=false stop=running
step=3006 time=0.1926361925193609 dt=6.265340326018078e-05 residual=18658.424185824952 checked=false stop=running
step=3007 time=0.19269884401825013 dt=6.2651498889236692e-05 residual=18839.315745279218 checked=false stop=running
step=3008 time=0.1927614903653623 dt=6.2646347112167808e-05 residual=18739.100379530682 checked=false stop=running
step=3009 time=0.19282413287776087 dt=6.264251239855623e-05 residual=18807.18059025161 checked=false stop=running
step=3010 time=0.19288677331720588 dt=6.2640439445022726e-05 residual=18804.407237294206 checked=false stop=running
step=3011 time=0.1929494137868818 dt=6.2640469675901778e-05 residual=18806.340453568781 checked=false stop=running
step=3012 time=0.19301205666793178 dt=6.2642881049983473e-05 residual=18762.690768453729 checked=false stop=running
step=3013 time=0.19307470549659561 dt=6.2648828663833814e-05 residual=18776.308114604322 checked=false stop=running
step=3014 time=0.19313736333541154 dt=6.2657838815914494e-05 residual=18745.599916420229 checked=false stop=running
step=3015 time=0.19320003383592682 dt=6.2670500515296196e-05 residual=18769.367670201846 checked=false stop=running
step=3016 time=0.19326271930052202 dt=6.268546459521324e-05 residual=18803.07441963458 checked=false stop=running
step=3017 time=0.1933254131814586 dt=6.2693880936580279e-05 residual=18899.100121558724 checked=false stop=running
step=3018 time=0.19338810999886619 dt=6.2696817407598948e-05 residual=18843.643475535435 checked=false stop=running
step=3019 time=0.19345080160413197 dt=6.2691605265798636e-05 residual=18726.225803707923 checked=false stop=running
step=3020 time=0.19351348948753147 dt=6.2687883399509608e-05 residual=18805.392374152863 checked=false stop=running
step=3021 time=0.19357617569562896 dt=6.2686208097502733e-05 residual=18831.618726943652 checked=false stop=running
step=3022 time=0.19363886321560372 dt=6.2687519974763365e-05 residual=18809.050544678696 checked=false stop=running
step=3023 time=0.19370155456510907 dt=6.2691349505347528e-05 residual=18941.460623238778 checked=false stop=running
step=3024 time=0.19376425237649431 dt=6.2697811385228943e-05 residual=18741.368785146569 checked=false stop=running
step=3025 time=0.19382695981316994 dt=6.2707436675636007e-05 residual=18761.146441042798 checked=false stop=running
step=3026 time=0.19388967988495387 dt=6.27200717839222e-05 residual=18748.649425158997 checked=false stop=running
step=3027 time=0.19395240060287375 dt=6.2720717919880089e-05 residual=18853.157191928116 checked=false stop=running
step=3028 time=0.19401512205181845 dt=6.2721448944710669e-05 residual=18766.86280465134 checked=false stop=running
step=3029 time=0.19407784791827934 dt=6.2725866460877188e-05 residual=18730.91288912798 checked=false stop=running
step=3030 time=0.19414058104378293 dt=6.2733125503577078e-05 residual=18791.325064656263 checked=false stop=running
step=3031 time=0.19420332525568471 dt=6.2744211901785907e-05 residual=18778.403587271765 checked=false stop=running
step=3032 time=0.19426607005398727 dt=6.2744798302572546e-05 residual=18763.780562841184 checked=false stop=running
step=3033 time=0.19432881745049768 dt=6.2747396510407977e-05 residual=18860.199915488476 checked=false stop=running
step=3034 time=0.19439156954572304 dt=6.2752095225358304e-05 residual=18770.863103150343 checked=false stop=running
step=3035 time=0.19445432595149201 dt=6.2756405768968088e-05 residual=18814.637611678241 checked=false stop=running
step=3036 time=0.19451707318422393 dt=6.2747232731911895e-05 residual=18722.668749590361 checked=false stop=running
step=3037 time=0.19457981328855639 dt=6.2740104332463309e-05 residual=18825.638757291188 checked=false stop=running
step=3038 time=0.19464254949310683 dt=6.2736204550443089e-05 residual=18836.74183978514 checked=false stop=running
step=3039 time=0.19470528547493909 dt=6.2735981832260501e-05 residual=18742.674148750222 checked=false stop=running
step=3040 time=0.19476802512942271 dt=6.2739654483614057e-05 residual=18853.619075666284 checked=false stop=running
step=3041 time=0.19483077188262288 dt=6.2746753200166813e-05 residual=18814.512514872105 checked=false stop=running
step=3042 time=0.1948935343299513 dt=6.2762447328421341e-05 residual=18692.076786211481 checked=false stop=running
step=3043 time=0.19495631407164246 dt=6.2779741691165275e-05 residual=18796.941306704426 checked=false stop=running
step=3044 time=0.19501909759289141 dt=6.278352124894315e-05 residual=18829.045885764408 checked=false stop=running
step=3045 time=0.19508188131663426 dt=6.27837237428596e-05 residual=18841.309081646268 checked=false stop=running
step=3046 time=0.19514465400878278 dt=6.2772692148526049e-05 residual=18743.580345977261 checked=false stop=running
step=3047 time=0.19520741637621697 dt=6.2762367434197346e-05 residual=18813.600442114428 checked=false stop=running
step=3048 time=0.19527017047222844 dt=6.2754096011488178e-05 residual=18900.386591828632 checked=false stop=running
step=3049 time=0.19533291927791682 dt=6.2748805688379595e-05 residual=18770.88170445156 checked=false stop=running
step=3050 time=0.19539566543229381 dt=6.2746154376994097e-05 residual=18790.517076313085 checked=false stop=running
step=3051 time=0.19545841103308906 dt=6.2745600795252005e-05 residual=18805.815569794631 checked=false stop=running
step=3052 time=0.19552115901951655 dt=6.274798642749756e-05 residual=18748.648961966781 checked=false stop=running
step=3053 time=0.19558391251356383 dt=6.2753494047286168e-05 residual=18787.80731140255 checked=false stop=running
step=3054 time=0.19564667611474151 dt=6.2763601177683205e-05 residual=18819.284249254248 checked=false stop=running
step=3055 time=0.1957094576046077 dt=6.2781489866177293e-05 residual=18767.631916699938 checked=false stop=running
step=3056 time=0.19577223523700979 dt=6.2777632402096251e-05 residual=18958.25990514021 checked=false stop=running
step=3057 time=0.19583499627827763 dt=6.2761041267846377e-05 residual=18848.242507009192 checked=false stop=running
step=3058 time=0.19589774510267191 dt=6.2748824394280668e-05 residual=18885.256610748842 checked=false stop=running
step=3059 time=0.19596048449005468 dt=6.2739387382779551e-05 residual=18842.026517881313 checked=false stop=running
step=3060 time=0.19602321721987537 dt=6.2732729820695111e-05 residual=18800.208017802608 checked=false stop=running
step=3061 time=0.19608594634835386 dt=6.2729128478490381e-05 residual=18859.097115169821 checked=false stop=running
step=3062 time=0.1961486751103127 dt=6.2728761958853041e-05 residual=18798.573785361586 checked=false stop=running
step=3063 time=0.19621140687790331 dt=6.2731767590606629e-05 residual=18797.250074829601 checked=false stop=running
step=3064 time=0.19627414548070904 dt=6.2738602805736474e-05 residual=18862.137560802148 checked=false stop=running
step=3065 time=0.19633689625588827 dt=6.2750775179239816e-05 residual=18851.424560706208 checked=false stop=running
step=3066 time=0.19639966328961536 dt=6.2767033727092304e-05 residual=18927.523763000896 checked=false stop=running
step=3067 time=0.19646240890880173 dt=6.2745619186374126e-05 residual=18830.276362887082 checked=false stop=running
step=3068 time=0.19652513546977302 dt=6.2726560971276791e-05 residual=18874.172221534744 checked=false stop=running
step=3069 time=0.19658784812201063 dt=6.271265223761848e-05 residual=18832.007506578728 checked=false stop=running
step=3070 time=0.19665055106592297 dt=6.2702943912327366e-05 residual=18858.872417591756 checked=false stop=running
step=3071 time=0.19671324765590481 dt=6.2696589981848732e-05 residual=18923.65233947492 checked=false stop=running
step=3072 time=0.19677594296331438 dt=6.269530740957121e-05 residual=18878.029347911775 checked=false stop=running
step=3073 time=0.19683864491190714 dt=6.2701948592747776e-05 residual=18882.391113715101 checked=false stop=running
step=3074 time=0.19690135574327919 dt=6.2710831372061893e-05 residual=18887.066157629419 checked=false stop=running
step=3075 time=0.19696407909418898 dt=6.2723350909774995e-05 residual=18905.65378945597 checked=false stop=running
step=3076 time=0.19702681833555136 dt=6.2739241362385045e-05 residual=18935.270254473817 checked=false stop=running
step=3077 time=0.19708952346174935 dt=6.2705126197998141e-05 residual=18720.448681964706 checked=false stop=running
step=3078 time=0.19715213576971283 dt=6.2612307963472665e-05 residual=18873.322020442261 checked=false stop=running
step=3079 time=0.19721469804141903 dt=6.2562271706203098e-05 residual=18856.13728850945 checked=false stop=running
step=3080 time=0.19727733904361297 dt=6.2641002193954815e-05 residual=18886.178375257499 checked=false stop=running
step=3081 time=0.19734002369279288 dt=6.2684649179916988e-05 residual=18911.460783119383 checked=false stop=running
step=3082 time=0.19740271225133549 dt=6.2688558542610336e-05 residual=18865.590110954417 checked=false stop=running
step=3083 time=0.19746540562238615 dt=6.2693371050656649e-05 residual=18904.51974758747 checked=false stop=running
step=3084 time=0.19752810569842258 dt=6.2700076036423678e-05 residual=18912.632652963013 checked=false stop=running
step=3085 time=0.19759081023094108 dt=6.2704532518505855e-05 residual=18895.672031207363 checked=false stop=running
step=3086 time=0.19765351130474756 dt=6.2701073806492014e-05 residual=18903.607517969973 checked=false stop=running
step=3087 time=0.19771605176417986 dt=6.2540459432296604e-05 residual=18810.93541176994 checked=false stop=running
step=3088 time=0.19777838142860402 dt=6.2329664424140888e-05 residual=18854.659482879961 checked=false stop=running
step=3089 time=0.19784069475650209 dt=6.2313327898087396e-05 residual=18856.478716960104 checked=false stop=running
step=3090 time=0.19790310367482358 dt=6.2408918321477742e-05 residual=18895.052432390639 checked=false stop=running
step=3091 time=0.19796569582425275 dt=6.2592149429175346e-05 residual=18943.440927181749 checked=false stop=running
step=3092 time=0.19802835602711072 dt=6.2660202857972634e-05 residual=18861.772523132273 checked=false stop=running
step=3093 time=0.19809100997629212 dt=6.2653949181399127e-05 residual=18918.352023180385 checked=false stop=running
step=3094 time=0.19815365984559577 dt=6.2649869303666245e-05 residual=18926.152895718162 checked=false stop=running
step=3095 time=0.19821630796379636 dt=6.264811820058963e-05 residual=18894.309464196001 checked=false stop=running
step=3096 time=0.19827895648094229 dt=6.2648517145941319e-05 residual=18857.721534198034 checked=false stop=running
step=3097 time=0.19834131255867571 dt=6.2356077733411448e-05 residual=18820.912580444343 checked=false stop=running
step=3098 time=0.19840346299982986 dt=6.2150441154159067e-05 residual=18871.772087755977 checked=false stop=running
step=3099 time=0.1984655912637158 dt=6.2128263885929518e-05 residual=18890.874884538884 checked=false stop=running
step=3100 time=0.19852783746183639 dt=6.2246198120596128e-05 residual=18892.793942518849 checked=false stop=running
step=3101 time=0.19859028167848269 dt=6.2444216646307841e-05 residual=18831.960692924989 checked=false stop=running
step=3102 time=0.19865287236919554 dt=6.2590690712843416e-05 residual=18924.40599827452 checked=false stop=running
step=3103 time=0.19871545667361207 dt=6.2584304416519793e-05 residual=18940.395874083988 checked=false stop=running
step=3104 time=0.19877803774064712 dt=6.258106703505542e-05 residual=18906.007045509748 checked=false stop=running
step=3105 time=0.19884061847727866 dt=6.2580736631541274e-05 residual=18869.619838084109 checked=false stop=running
step=3106 time=0.19890313972103124 dt=6.2521243752574582e-05 residual=18922.277724001611 checked=false stop=running
step=3107 time=0.19896536859880826 dt=6.2228877777024556e-05 residual=18855.476976810402 checked=false stop=running
step=3108 time=0.19902740042337863 dt=6.2031824570384821e-05 residual=18908.567664701739 checked=false stop=running
step=3109 time=0.19908943525756145 dt=6.2034834182824131e-05 residual=18993.264375826137 checked=false stop=running
step=3110 time=0.19915159734743929 dt=6.2162089877835499e-05 residual=18899.311625787868 checked=false stop=running
step=3111 time=0.19921396121152546 dt=6.2363864086180292e-05 residual=18853.072777008994 checked=false stop=running
step=3112 time=0.19927649530486982 dt=6.253409334437175e-05 residual=18894.067852985583 checked=false stop=running
step=3113 time=0.19933902517473687 dt=6.2529869867056204e-05 residual=18928.833077538922 checked=false stop=running
step=3114 time=0.19940155385051067 dt=6.2528675773793472e-05 residual=18961.359687416556 checked=false stop=running
step=3115 time=0.1994640844286453 dt=6.2530578134620892e-05 residual=18899.831795567319 checked=false stop=running
step=3116 time=0.19952648071709755 dt=6.2396288452252756e-05 residual=18956.048459979953 checked=false stop=running
step=3117 time=0.19958862442492259 dt=6.2143707825029903e-05 residual=18989.908704329286 checked=false stop=running
step=3118 time=0.19965063098545122 dt=6.2006560528637654e-05 residual=18922.459339400022 checked=false stop=running
step=3119 time=0.19971273106696394 dt=6.2100081512714769e-05 residual=18969.994905730753 checked=false stop=running
step=3120 time=0.19977497213332474 dt=6.2241066360792894e-05 residual=18928.072793726056 checked=false stop=running
step=3121 time=0.19983742717576247 dt=6.2455042437748408e-05 residual=18877.73365204404 checked=false stop=running
step=3122 time=0.19989990357326745 dt=6.24763975049908e-05 residual=18891.512975840404 checked=false stop=running
step=3123 time=0.19996237641312206 dt=6.2472839854623504e-05 residual=19004.598852677802 checked=false stop=running
step=3124 time=0.20000000000000001 dt=3.7623586877949533e-05 residual=18968.742314694802 checked=false stop=physical_time_reached
WCNS run stopped: reason=physical_time_reached step=3124 time=0.20000000000000001
