case(schema=1,name=case03-vortex-scmm6-100x100,mesh=grids/warped_100x100.cgns,profile=scmm6_wcns,reconstruction=weno_z;variables=characteristic;epsilon=9.9999999999999995e-07;js_power=2;z_power=2;mdcd_dispersion=0.046378299999999997;mdcd_dissipation=0.01;mdcd_sensor_epsilon=5.6249999999999998e-05;mdcd_sensor_threshold=0.40000000000000002;mdcd_weight_bias=20;mdcd_weight_epsilon=9.9999999999999993e-41,riemann_solver=hllc;roe_entropy_fix=0.10000000000000001;riemann_denominator_tolerance=9.9999999999999998e-13,gas_model=calorically_perfect gamma=1.3999999999999999 molar_mass=0.029000000000000001 specific_gas_constant=286.68965517241378,U_ref=340 rho_ref=1.2250000000000001 T_ref=288.14999999999998 L_ref=1 mu_ref=1.7893999999999998e-05 Re=23275958.421817373 Ma=0.99976879217785786 dynamic_pressure_ref=141610.00000000003 time_ref=0.0029411764705882353,partition(mode=zones_only,allow_idle=false,max_load_ratio=1.2,min_cells=8),initial(type=isentropic_vortex,background_u=1,background_v=1,beta=5,period_x=10,period_y=10,x0=5,y0=5),boundary.default=farfield,enable_source_terms=false;models=,run(mode=unsteady,viscous=false,cfl=0.5,max_steps=100000,t_end=10,max_wall_time=0,steady(min_steps=1,check_interval=1,consecutive=1,reference_floor=1.0000000000000001e-30,l2_abs=9.9999999999999998e-13,l2_rel=1e-08,linf_enabled=true,linf_abs=9.9999999999999994e-12,linf_rel=1e-08)),output(directory=results/scmm6,allow_existing=false,dimensional=false,field(enabled=true,format=cgns,schedule(every_steps=0,every_time=0,explicit_times=,initial=true,final=true),quantities=rho:u:v:p:T:rho_u:rho_v:rho_w:rho_E:sound_speed:mach:total_enthalpy:entropy_proxy:jacobian),history(enabled=true,format=txt,schedule(every_steps=100,every_time=0,explicit_times=,initial=true,final=true),quantities=),statistics(enabled=true,format=txt,schedule(every_steps=100,every_time=0,explicit_times=,initial=true,final=true),quantities=total_mass:total_momentum_x:total_momentum_y:total_energy),checkpoint(enabled=false,schedule(every_steps=0,every_time=0,explicit_times=,initial=false,final=true))),restart.path=<none>,digest=0x933de442568a45a8)
partition_plan(maximum_feasible=144;leaf=0,zone=0,range=[0,0,0:50,50,1),owner=0,generation=0;leaf=1,zone=1,range=[0,0,0:50,50,1),owner=1,generation=0;leaf=2,zone=2,range=[0,0,0:50,50,1),owner=2,generation=0;leaf=3,zone=3,range=[0,0,0:50,50,1),owner=3,generation=0)
mesh_signature=5713918879925091616
derived Re=23275958.421817373 Ma=0.99976879217785786
step=1 time=0.0074689237944062115 dt=0.0074689237944062115 residual=0.24371196688311689 checked=false stop=running
step=2 time=0.014932239226104451 dt=0.0074633154316982395 residual=0.24371160396119193 checked=false stop=running
step=3 time=0.022389858429843066 dt=0.0074576192037386149 residual=0.24371123785119303 checked=false stop=running
step=4 time=0.029841096457684502 dt=0.0074512380278414355 residual=0.24371089249396605 checked=false stop=running
step=5 time=0.037285892356201576 dt=0.0074447958985170738 residual=0.24371059205292039 checked=false stop=running
step=6 time=0.044724185798771667 dt=0.0074382934425700877 residual=0.2437103479869093 checked=false stop=running
step=7 time=0.052155917117478967 dt=0.0074317313187073023 residual=0.24371014186798595 checked=false stop=running
step=8 time=0.059581027333595625 dt=0.0074251102161166571 residual=0.24370995672956966 checked=false stop=running
step=9 time=0.066999458186887254 dt=0.007418430853291625 residual=0.24370980483486604 checked=false stop=running
step=10 time=0.074411152163996339 dt=0.007411693977109079 residual=0.24370969191415881 checked=false stop=running
step=11 time=0.08181605252614868 dt=0.0074049003621523418 residual=0.24370959119451158 checked=false stop=running
step=12 time=0.089213939346865057 dt=0.0073978868207163727 residual=0.24370948609974474 checked=false stop=running
step=13 time=0.09660470124157168 dt=0.0073907618947066205 residual=0.24370937184750888 checked=false stop=running
step=14 time=0.10398827773586311 dt=0.0073835764942914274 residual=0.24370924217138601 checked=false stop=running
step=15 time=0.1113646092069792 dt=0.0073763314711160965 residual=0.24370910030034523 checked=false stop=running
step=16 time=0.11873363691214758 dt=0.007369027705168377 residual=0.24370894022084333 checked=false stop=running
step=17 time=0.1260953030168549 dt=0.0073616661047073186 residual=0.24370874476654258 checked=false stop=running
step=18 time=0.13344955062301969 dt=0.0073542476061647872 residual=0.24370851276664973 checked=false stop=running
step=19 time=0.14079632379702578 dt=0.0073467731740060769 residual=0.24370825370923291 checked=false stop=running
step=20 time=0.14813556759754226 dt=0.0073392438005164852 residual=0.24370796896865643 checked=false stop=running
step=21 time=0.15546722810299027 dt=0.0073316605054480066 residual=0.24370766334155833 checked=false stop=running
step=22 time=0.16279125243842776 dt=0.0073240243354375017 residual=0.24370736745777752 checked=false stop=running
step=23 time=0.17010758880155047 dt=0.0073163363631227156 residual=0.2437071243412143 checked=false stop=running
step=24 time=0.17741618648749966 dt=0.0073085976859491898 residual=0.24370693381938849 checked=false stop=running
step=25 time=0.18471699591226648 dt=0.0073008094247668277 residual=0.24370676627377447 checked=false stop=running
step=26 time=0.19200996863468583 dt=0.0072929727224193604 residual=0.24370659459167054 checked=false stop=running
step=27 time=0.19929505737726749 dt=0.007285088742581671 residual=0.24370640172022257 checked=false stop=running
step=28 time=0.20657221604632844 dt=0.0072771586690609583 residual=0.24370618162370755 checked=false stop=running
step=29 time=0.21384139975197569 dt=0.0072691837056472475 residual=0.24370594563586384 checked=false stop=running
step=30 time=0.22110256482839449 dt=0.0072611650764188036 residual=0.24370572151880526 checked=false stop=running
step=31 time=0.22835566885463829 dt=0.0072531040262437977 residual=0.24370552535375625 checked=false stop=running
step=32 time=0.23560067067577137 dt=0.0072450018211330661 residual=0.24370535824539596 checked=false stop=running
step=33 time=0.24283753042390291 dt=0.007236859748131548 residual=0.24370520945061264 checked=false stop=running
step=34 time=0.25006620953849101 dt=0.0072286791145881116 residual=0.24370506827957569 checked=false stop=running
step=35 time=0.25728667078535439 dt=0.0072204612468633553 residual=0.24370494286149627 checked=false stop=running
step=36 time=0.26449887827409119 dt=0.0072122074887368088 residual=0.2437048419527901 checked=false stop=running
step=37 time=0.27170279747396603 dt=0.0072039191998748324 residual=0.24370475308184097 checked=false stop=running
step=38 time=0.27889839522864046 dt=0.0071955977546744581 residual=0.24370466245397984 checked=false stop=running
step=39 time=0.28608563977026341 dt=0.0071872445416229606 residual=0.24370456280683764 checked=false stop=running
step=40 time=0.29326450073334137 dt=0.0071788609630779338 residual=0.24370444298293636 checked=false stop=running
step=41 time=0.30043494916851565 dt=0.0071704484351742814 residual=0.24370429980268243 checked=false stop=running
step=42 time=0.30759695755600408 dt=0.0071620083874884503 residual=0.2437041406821579 checked=false stop=running
step=43 time=0.31475049981818154 dt=0.0071535422621774765 residual=0.24370396266900785 checked=false stop=running
step=44 time=0.32189555133071485 dt=0.0071450515125333043 residual=0.24370376066370805 checked=false stop=running
step=45 time=0.32903208893187347 dt=0.0071365376011586212 residual=0.24370353448517321 checked=false stop=running
step=46 time=0.33616009093004162 dt=0.0071280019981681776 residual=0.24370330105958088 checked=false stop=running
step=47 time=0.34327953710990933 dt=0.0071194461798677082 residual=0.24370308573620289 checked=false stop=running
step=48 time=0.35039040873814509 dt=0.0071108716282357615 residual=0.24370290403876252 checked=false stop=running
step=49 time=0.3574926885694148 dt=0.0071022798312696846 residual=0.24370275529498475 checked=false stop=running
step=50 time=0.36458636085336027 dt=0.0070936722839454762 residual=0.24370263239340331 checked=false stop=running
step=51 time=0.37167141134265441 dt=0.0070850504892941684 residual=0.24370253261716904 checked=false stop=running
step=52 time=0.37874782730166151 dt=0.0070764159590071011 residual=0.24370245336537696 checked=false stop=running
step=53 time=0.3858155975147497 dt=0.0070677702130881983 residual=0.24370238454362486 checked=false stop=running
step=54 time=0.39287471229309351 dt=0.0070591147783437887 residual=0.24370231424834007 checked=false stop=running
step=55 time=0.39992516347894741 dt=0.007050451185853894 residual=0.24370222765735142 checked=false stop=running
step=56 time=0.40696694444683967 dt=0.0070417809678922586 residual=0.24370210428080449 checked=false stop=running
step=57 time=0.41400005010179247 dt=0.0070331056549527721 residual=0.24370193966681641 checked=false stop=running
step=58 time=0.42102447687531791 dt=0.0070244267735254272 residual=0.2437017543754583 checked=false stop=running
step=59 time=0.42804022272035491 dt=0.0070157458450369938 residual=0.24370158985421697 checked=false stop=running
step=60 time=0.4350472871063612 dt=0.0070070643860062742 residual=0.24370148654728244 checked=false stop=running
step=61 time=0.44204567101545372 dt=0.0069983839090925455 residual=0.24370146066315188 checked=false stop=running
step=62 time=0.44903537693991702 dt=0.0069897059244633034 residual=0.24370150650552017 checked=false stop=running
step=63 time=0.456016408880763 dt=0.0069810319408459554 residual=0.24370160594729523 checked=false stop=running
step=64 time=0.46298809702329424 dt=0.0069716881425312205 residual=0.24370172914435809 checked=false stop=running
step=65 time=0.46995043552645333 dt=0.0069623385031590806 residual=0.24370183538910653 checked=false stop=running
step=66 time=0.47690344150523761 dt=0.0069530059787843036 residual=0.24370188763626974 checked=false stop=running
step=67 time=0.48384713365116006 dt=0.0069436921459224352 residual=0.2437018684643443 checked=false stop=running
step=68 time=0.49078153221478127 dt=0.0069343985636212318 residual=0.2437017845377164 checked=false stop=running
step=69 time=0.49770665898762589 dt=0.0069251267728446288 residual=0.24370166378136587 checked=false stop=running
step=70 time=0.50462253728500184 dt=0.0069158782973759297 residual=0.24370154768754654 checked=false stop=running
step=71 time=0.51152919193088564 dt=0.0069066546458837943 residual=0.24370147736328082 checked=false stop=running
step=72 time=0.51842664924537718 dt=0.0068974573144915058 residual=0.24370148235122666 checked=false stop=running
step=73 time=0.52531493703447829 dt=0.006888287789101063 residual=0.24370157517841765 checked=false stop=running
step=74 time=0.53219408458134987 dt=0.0068791475468715927 residual=0.243701745217002 checked=false stop=running
step=75 time=0.53906412263791215 dt=0.006870038056562236 residual=0.2437019571711983 checked=false stop=running
step=76 time=0.54592508341571477 dt=0.0068609607778026592 residual=0.24370215813787988 checked=false stop=running
step=77 time=0.55277700057534718 dt=0.0068519171596323515 residual=0.24370229712186425 checked=false stop=running
step=78 time=0.55961990921412175 dt=0.0068429086387746104 residual=0.24370234950692723 checked=false stop=running
step=79 time=0.56645384585218617 dt=0.0068339366380643805 residual=0.24370232254944393 checked=false stop=running
step=80 time=0.57327884841746157 dt=0.0068250025652754308 residual=0.24370224799485815 checked=false stop=running
step=81 time=0.58009495622984275 dt=0.0068161078123811997 residual=0.24370216877461909 checked=false stop=running
step=82 time=0.58690220998497122 dt=0.0068072537551285041 residual=0.24370212587049017 checked=false stop=running
step=83 time=0.5937006517377309 dt=0.0067984417527596598 residual=0.24370215474635346 checked=false stop=running
step=84 time=0.60049032488550713 dt=0.0067896731477762318 residual=0.2437022728798087 checked=false stop=running
step=85 time=0.60727127415124038 dt=0.0067809492657332467 residual=0.24370246234560158 checked=false stop=running
step=86 time=0.61404354556634488 dt=0.0067722714151044732 residual=0.24370267948805463 checked=false stop=running
step=87 time=0.62080718645355049 dt=0.0067636408872056488 residual=0.243702883299105 checked=false stop=running
step=88 time=0.62756224540955508 dt=0.0067550589560045919 residual=0.24370304629601813 checked=false stop=running
step=89 time=0.63430877228702531 dt=0.0067465268774702146 residual=0.24370315570906656 checked=false stop=running
step=90 time=0.6410468181750909 dt=0.0067380458880656417 residual=0.24370321640357023 checked=false stop=running
step=91 time=0.64777643537729979 dt=0.0067296172022088714 residual=0.24370324982940963 checked=false stop=running
step=92 time=0.65449713910851515 dt=0.0067207037312153224 residual=0.24370328364876695 checked=false stop=running
step=93 time=0.66120898014870311 dt=0.006711841040187942 residual=0.24370334018452447 checked=false stop=running
step=94 time=0.66791201074844353 dt=0.0067030305997404522 residual=0.24370343331485808 checked=false stop=running
step=95 time=0.67460628434714187 dt=0.0066942735986983441 residual=0.24370356855368147 checked=false stop=running
step=96 time=0.68129185555214711 dt=0.0066855712050052163 residual=0.24370372551658886 checked=false stop=running
step=97 time=0.68796878012028417 dt=0.0066769245681370442 residual=0.24370385931721131 checked=false stop=running
step=98 time=0.69463711494500857 dt=0.006668334824724345 residual=0.243703948195198 checked=false stop=running
step=99 time=0.70129691805215133 dt=0.0066598031071427111 residual=0.24370400317226376 checked=false stop=running
step=100 time=0.70794824860547489 dt=0.0066513305533235107 residual=0.24370403886586758 checked=false stop=running
step=101 time=0.71459116692020397 dt=0.0066429183147290634 residual=0.24370406139969347 checked=false stop=running
step=102 time=0.72122573447912819 dt=0.0066345675589241726 residual=0.24370407593705873 checked=false stop=running
step=103 time=0.72785201394298304 dt=0.0066262794638548951 residual=0.24370409861852957 checked=false stop=running
step=104 time=0.7344700691458047 dt=0.006618055202821699 residual=0.24370415216258245 checked=false stop=running
step=105 time=0.74107996506757245 dt=0.0066098959217677188 residual=0.24370425257370931 checked=false stop=running
step=106 time=0.74768176778069095 dt=0.0066018027131185117 residual=0.2437044055819643 checked=false stop=running
step=107 time=0.75427554437283328 dt=0.0065937765921423638 residual=0.24370460095116533 checked=false stop=running
step=108 time=0.76086136285482264 dt=0.0065858184819893627 residual=0.2437047949845508 checked=false stop=running
step=109 time=0.76743929206682082 dt=0.0065779292119981653 residual=0.24370492653862727 checked=false stop=running
step=110 time=0.77400940159768195 dt=0.0065701095308611738 residual=0.24370499196680545 checked=false stop=running
step=111 time=0.78057176173028542 dt=0.0065623601326035156 residual=0.24370502966051305 checked=false stop=running
step=112 time=0.78712644342035998 dt=0.0065546816900745597 residual=0.24370506510467635 checked=false stop=running
step=113 time=0.79367351830905997 dt=0.0065470748887000284 residual=0.24370510121353187 checked=false stop=running
step=114 time=0.80021305876221116 dt=0.0065395404531511866 residual=0.24370514461848838 checked=false stop=running
step=115 time=0.80674513792358327 dt=0.0065320791613721332 residual=0.24370522463739194 checked=false stop=running
step=116 time=0.81326982976713702 dt=0.0065246918435538093 residual=0.24370536402457299 checked=false stop=running
step=117 time=0.81978720913441583 dt=0.0065173793672788517 residual=0.24370555245063039 checked=false stop=running
step=118 time=0.82629735174763042 dt=0.0065101426132145633 residual=0.24370576949278316 checked=false stop=running
step=119 time=0.83280033419524679 dt=0.0065029824476163676 residual=0.24370596461606234 checked=false stop=running
step=120 time=0.83929623389337438 dt=0.0064958996981275656 residual=0.24370608971791657 checked=false stop=running
step=121 time=0.84578512903137526 dt=0.006488895138000929 residual=0.24370612718102436 checked=false stop=running
step=122 time=0.85226709851278548 dt=0.0064819694814102361 residual=0.24370611444021281 checked=false stop=running
step=123 time=0.85874222190247373 dt=0.0064751233896882601 residual=0.24370609865082965 checked=false stop=running
step=124 time=0.86521057938833312 dt=0.0064683574858593919 residual=0.24370609988437122 checked=false stop=running
step=125 time=0.87167225176161556 dt=0.0064616723732823901 residual=0.24370611556351784 checked=false stop=running
step=126 time=0.87812732041544173 dt=0.0064550686538261733 residual=0.24370615194805309 checked=false stop=running
step=127 time=0.88457586735712801 dt=0.0064485469416862918 residual=0.24370624460201692 checked=false stop=running
step=128 time=0.89101797522750459 dt=0.0064421078703765259 residual=0.24370641305008303 checked=false stop=running
step=129 time=0.89745372731964934 dt=0.0064357520921447149 residual=0.24370662797207235 checked=false stop=running
step=130 time=0.90388318366350506 dt=0.0064294563438557113 residual=0.24370679047307159 checked=false stop=running
step=131 time=0.91030589386765193 dt=0.0064227102041468998 residual=0.24370685089991914 checked=false stop=running
step=132 time=0.91672193458960927 dt=0.0064160407219573876 residual=0.24370683453197456 checked=false stop=running
step=133 time=0.92313138319251897 dt=0.0064094486029097142 residual=0.24370678699460016 checked=false stop=running
step=134 time=0.92953431775710782 dt=0.0064029345645888877 residual=0.24370675252813531 checked=false stop=running
step=135 time=0.9359308170822318 dt=0.0063964993251240032 residual=0.24370676123146626 checked=false stop=running
step=136 time=0.9423209606716727 dt=0.0063901435894408729 residual=0.24370682157848439 checked=false stop=running
step=137 time=0.9487048287073212 dt=0.0063838680356485275 residual=0.24370691691464469 checked=false stop=running
step=138 time=0.95508250201098288 dt=0.0063776733036617133 residual=0.24370702549836826 checked=false stop=running
step=139 time=0.96145406199853356 dt=0.0063715599875506304 residual=0.24370715989637984 checked=false stop=running
step=140 time=0.96781959063092471 dt=0.0063655286323911382 residual=0.24370735542044575 checked=false stop=running
step=141 time=0.97417917036659485 dt=0.0063595797356701313 residual=0.24370753420786467 checked=false stop=running
step=142 time=0.98053288411925543 dt=0.0063537137526605463 residual=0.2437075953910606 checked=false stop=running
step=143 time=0.98688081522393967 dt=0.0063479311046841938 residual=0.24370756044851244 checked=false stop=running
step=144 time=0.9932230474128283 dt=0.0063422321888886657 residual=0.24370748951547661 checked=false stop=running
step=145 time=0.99955966480094616 dt=0.0063366173881178505 residual=0.24370743046212837 checked=false stop=running
step=146 time=1.0058907518805991 dt=0.006331087079652944 residual=0.24370741414824657 checked=false stop=running
step=147 time=1.0122163935225827 dt=0.0063256416419836545 residual=0.24370746008927405 checked=false stop=running
step=148 time=1.0185366749818134 dt=0.0063202814592306887 residual=0.24370756895653911 checked=false stop=running
step=149 time=1.024851681905075 dt=0.006315006923261546 residual=0.2437077060940408 checked=false stop=running
step=150 time=1.0311615003389094 dt=0.0063098184338342697 residual=0.24370782150348783 checked=false stop=running
step=151 time=1.0374662167361517 dt=0.0063047163972423537 residual=0.24370791424248292 checked=false stop=running
step=152 time=1.0437659179601049 dt=0.0062997012239531828 residual=0.24370801453422436 checked=false stop=running
step=153 time=1.0500606912858017 dt=0.006294773325696802 residual=0.2437080730521945 checked=false stop=running
step=154 time=1.0563506243982237 dt=0.0062899331124218836 residual=0.24370805453831426 checked=false stop=running
step=155 time=1.0626358053877223 dt=0.0062851809894985079 residual=0.24370798377018923 checked=false stop=running
step=156 time=1.0689163227432028 dt=0.0062805173554804136 residual=0.2437078814043655 checked=false stop=running
step=157 time=1.0751922653438086 dt=0.0062759426006059136 residual=0.24370776007349185 checked=false stop=running
step=158 time=1.0814631795794745 dt=0.0062709142356659172 residual=0.24370764771994835 checked=false stop=running
step=159 time=1.0877290433944844 dt=0.0062658638150100377 residual=0.24370757920385852 checked=false stop=running
step=160 time=1.0939899462320293 dt=0.0062609028375449583 residual=0.24370754549992368 checked=false stop=running
step=161 time=1.1002459779337064 dt=0.0062560317016770945 residual=0.24370748413691248 checked=false stop=running
step=162 time=1.1064972287146366 dt=0.006251250780930185 residual=0.24370735567077539 checked=false stop=running
step=163 time=1.1127437891401128 dt=0.0062465604254762939 residual=0.24370718735210245 checked=false stop=running
step=164 time=1.1189857501041225 dt=0.0062419609640096338 residual=0.24370702560123414 checked=false stop=running
step=165 time=1.1252232028097799 dt=0.0062374527056573729 residual=0.24370689488030342 checked=false stop=running
step=166 time=1.1314562387516325 dt=0.0062330359418525513 residual=0.24370680351829965 checked=false stop=running
step=167 time=1.1376849496998893 dt=0.006228710948256725 residual=0.24370674201977449 checked=false stop=running
step=168 time=1.1439094276867325 dt=0.006224477986843305 residual=0.24370667761851766 checked=false stop=running
step=169 time=1.1501297649948656 dt=0.0062203373081331842 residual=0.24370657699824583 checked=false stop=running
step=170 time=1.1563460541482442 dt=0.0062162891533785476 residual=0.2437064417244344 checked=false stop=running
step=171 time=1.1625583879045704 dt=0.0062123337563262252 residual=0.24370635681938124 checked=false stop=running
step=172 time=1.1687668592487279 dt=0.0062084713441574908 residual=0.24370634843311081 checked=false stop=running
step=173 time=1.1749715613860694 dt=0.0062047021373415308 residual=0.24370625316749084 checked=false stop=running
step=174 time=1.1811725877344936 dt=0.0062010263484242583 residual=0.24370605402917503 checked=false stop=running
step=175 time=1.1873700319146014 dt=0.006197444180107899 residual=0.2437058211842883 checked=false stop=running
step=176 time=1.1935639877378379 dt=0.0061939558232364912 residual=0.24370561815242059 checked=false stop=running
step=177 time=1.1997545491932218 dt=0.0061905614553839673 residual=0.24370548023281319 checked=false stop=running
step=178 time=1.2059418104338262 dt=0.006187261240604436 residual=0.24370542122528743 checked=false stop=running
step=179 time=1.2121258657644158 dt=0.006184055330589645 residual=0.24370543631745098 checked=false stop=running
step=180 time=1.2183068096315055 dt=0.0061809438670896166 residual=0.24370549106912348 checked=false stop=running
step=181 time=1.2244847366166187 dt=0.0061779269851132707 residual=0.24370552693453271 checked=false stop=running
step=182 time=1.2306597414328555 dt=0.006175004816236754 residual=0.243705501990408 checked=false stop=running
step=183 time=1.2368319189242116 dt=0.006172177491356224 residual=0.24370542664504249 checked=false stop=running
step=184 time=1.2430013640666218 dt=0.0061694451424101904 residual=0.24370538575103515 checked=false stop=running
step=185 time=1.2491681719695102 dt=0.0061668079028883967 residual=0.24370540033932073 checked=false stop=running
step=186 time=1.2553324378767521 dt=0.0061642659072418662 residual=0.24370535775567445 checked=false stop=running
step=187 time=1.2614942571662886 dt=0.0061618192895364909 residual=0.24370526373191478 checked=false stop=running
step=188 time=1.2676537253481046 dt=0.0061594681818160019 residual=0.24370515021244002 checked=false stop=running
step=189 time=1.2738109380607594 dt=0.0061572127126548314 residual=0.24370505540537457 checked=false stop=running
step=190 time=1.2799659910670558 dt=0.0061550530062964813 residual=0.24370500365223799 checked=false stop=running
step=191 time=1.2861189802496666 dt=0.0061529891826107687 residual=0.24370499199505197 checked=false stop=running
step=192 time=1.292270001607565 dt=0.0061510213578984153 residual=0.24370500167909528 checked=false stop=running
step=193 time=1.2984191512539223 dt=0.0061491496463573318 residual=0.24370502389077772 checked=false stop=running
step=194 time=1.3045665254157472 dt=0.0061473741618250193 residual=0.24370506441189321 checked=false stop=running
step=195 time=1.3107122204350046 dt=0.0061456950192572517 residual=0.24370511866882794 checked=false stop=running
step=196 time=1.3168563327703502 dt=0.0061441123353456403 residual=0.24370516852107807 checked=false stop=running
step=197 time=1.3229989589981133 dt=0.0061426262277630437 residual=0.24370519697965282 checked=false stop=running
step=198 time=1.3291401958108675 dt=0.0061412368127543243 residual=0.24370517715050841 checked=false stop=running
step=199 time=1.3352801400119765 dt=0.0061399442011089607 residual=0.24370509480745783 checked=false stop=running
step=200 time=1.3414188885048808 dt=0.0061387484929043236 residual=0.24370496915196116 checked=false stop=running
step=201 time=1.3475565382766355 dt=0.0061376497717547896 residual=0.24370484604746556 checked=false stop=running
step=202 time=1.3536931863762207 dt=0.0061366480995851793 residual=0.24370477919456796 checked=false stop=running
step=203 time=1.3598289298892923 dt=0.0061357435130715765 residual=0.2437047646400699 checked=false stop=running
step=204 time=1.3659638659120685 dt=0.006134936022776291 residual=0.24370474987827193 checked=false stop=running
step=205 time=1.3720980915277106 dt=0.0061342256156419776 residual=0.24370470185186358 checked=false stop=running
step=206 time=1.3782317037886747 dt=0.0061336122609641601 residual=0.24370461977974858 checked=false stop=running
step=207 time=1.3843642843186399 dt=0.0061325805299651771 residual=0.24370451379474178 checked=false stop=running
step=208 time=1.3904957637399995 dt=0.0061314794213595493 residual=0.2437044051339057 checked=false stop=running
step=209 time=1.3966262395455253 dt=0.006130475805525764 residual=0.24370432121096577 checked=false stop=running
step=210 time=1.4027558091703769 dt=0.0061295696248516579 residual=0.24370426325187239 checked=false stop=running
step=211 time=1.4088845700053341 dt=0.0061287608349571534 residual=0.24370419894324999 checked=false stop=running
step=212 time=1.4150126194230956 dt=0.0061280494177615632 residual=0.24370407913487696 checked=false stop=running
step=213 time=1.4211400548134361 dt=0.006127435390340389 residual=0.24370388019904607 checked=false stop=running
step=214 time=1.427266973621234 dt=0.0061269188077978445 residual=0.24370369028982597 checked=false stop=running
step=215 time=1.4333934733806464 dt=0.006126499759412392 residual=0.24370358222747565 checked=false stop=running
step=216 time=1.4395196517392148 dt=0.0061261783585685259 residual=0.24370347286115018 checked=false stop=running
step=217 time=1.4456456064674283 dt=0.0061259547282135479 residual=0.2437033650673624 checked=false stop=running
step=218 time=1.4517714354519089 dt=0.0061258289844805264 residual=0.24370329333656612 checked=false stop=running
step=219 time=1.4578972366733616 dt=0.0061258012214527461 residual=0.24370326512255605 checked=false stop=running
step=220 time=1.4640231081730815 dt=0.0061258714997199405 residual=0.24370325784055105 checked=false stop=running
step=221 time=1.4701491480135864 dt=0.0061260398405049189 residual=0.24370323866755003 checked=false stop=running
step=222 time=1.4762754542395653 dt=0.0061263062259788413 residual=0.24370319844911514 checked=false stop=running
step=223 time=1.482402124844787 dt=0.0061266706052215654 residual=0.24370315080584873 checked=false stop=running
step=224 time=1.4885292577491389 dt=0.006127132904351908 residual=0.24370310907684578 checked=false stop=running
step=225 time=1.4946569507879384 dt=0.0061276930387994932 residual=0.24370307519234671 checked=false stop=running
step=226 time=1.5007853017135129 dt=0.0061283509255746086 residual=0.24370304767841405 checked=false stop=running
step=227 time=1.5069144082071924 dt=0.0061291064936794251 residual=0.24370303711522698 checked=false stop=running
step=228 time=1.513044367898563 dt=0.0061299596913706109 residual=0.24370307181638234 checked=false stop=running
step=229 time=1.5191746328914113 dt=0.0061302649928483069 residual=0.24370314349392563 checked=false stop=running
step=230 time=1.5253050587205423 dt=0.0061304258291310487 residual=0.2437032102996419 checked=false stop=running
step=231 time=1.5314357433710895 dt=0.0061306846505470407 residual=0.24370327864835201 checked=false stop=running
step=232 time=1.5375667848045638 dt=0.0061310414334742056 residual=0.24370335947881219 checked=false stop=running
step=233 time=1.5436982809779252 dt=0.0061314961733612856 residual=0.24370344216942347 checked=false stop=running
step=234 time=1.5498303298614449 dt=0.00613204888351965 residual=0.24370351396906462 checked=false stop=running
step=235 time=1.555963029452694 dt=0.006132699591249193 residual=0.24370357039233753 checked=false stop=running
step=236 time=1.5620964777852167 dt=0.0061334483325225534 residual=0.24370361584990605 checked=false stop=running
step=237 time=1.5682307729316129 dt=0.006134295146396347 residual=0.24370365917004386 checked=false stop=running
step=238 time=1.5743660130016457 dt=0.0061352400700328096 residual=0.24370370753274775 checked=false stop=running
step=239 time=1.580502296136499 dt=0.0061362831348532581 residual=0.2437037661756456 checked=false stop=running
step=240 time=1.5866397205005505 dt=0.0061374243640515439 residual=0.24370383505359913 checked=false stop=running
step=241 time=1.592778384272088 dt=0.0061386637715374502 residual=0.24370389788675489 checked=false stop=running
step=242 time=1.598918385634408 dt=0.0061400013623200559 residual=0.24370391599807031 checked=false stop=running
step=243 time=1.6050598227686916 dt=0.0061414371342836636 residual=0.24370386361213917 checked=false stop=running
step=244 time=1.6112027938498714 dt=0.0061429710811796955 residual=0.2437037733483409 checked=false stop=running
step=245 time=1.6173473970463221 dt=0.0061446031964506641 residual=0.24370369277262335 checked=false stop=running
step=246 time=1.6234937305235977 dt=0.0061463334772756595 residual=0.24370362655376876 checked=false stop=running
step=247 time=1.6296418924516634 dt=0.0061481619280657667 residual=0.24370355490739767 checked=false stop=running
step=248 time=1.6357919810142802 dt=0.0061500885626169042 residual=0.2437034609713907 checked=false stop=running
step=249 time=1.6419440944185626 dt=0.0061521134042823375 residual=0.24370333791675211 checked=false stop=running
step=250 time=1.648098330902406 dt=0.0061542364838432827 residual=0.24370318478443329 checked=false stop=running
step=251 time=1.654254788737582 dt=0.0061564578351759568 residual=0.24370300261544856 checked=false stop=running
step=252 time=1.6604135662268393 dt=0.0061587774892572387 residual=0.24370280044656401 checked=false stop=running
step=253 time=1.6665747616942717 dt=0.0061611954674323875 residual=0.24370260466830143 checked=false stop=running
step=254 time=1.6727384734693778 dt=0.0061637117751061838 residual=0.24370244079916353 checked=false stop=running
step=255 time=1.6789047998664222 dt=0.0061663263970444613 residual=0.24370229730156343 checked=false stop=running
step=256 time=1.6850738391616686 dt=0.0061690392952464751 residual=0.24370215143591767 checked=false stop=running
step=257 time=1.6912456895715509 dt=0.0061718504098822388 residual=0.24370200819385562 checked=false stop=running
step=258 time=1.6974204492347162 dt=0.0061747596631653232 residual=0.24370187293581055 checked=false stop=running
step=259 time=1.7035982162001133 dt=0.0061777669653970283 residual=0.24370174077675757 checked=false stop=running
step=260 time=1.7097790884220507 dt=0.0061808722219374324 residual=0.24370161038280613 checked=false stop=running
step=261 time=1.7159631637617061 dt=0.0061840753396554347 residual=0.24370148666258651 checked=false stop=running
step=262 time=1.7221505399932229 dt=0.0061873762315168227 residual=0.24370137403256051 checked=false stop=running
step=263 time=1.7283413148115552 dt=0.0061907748183322635 residual=0.24370127080365078 checked=false stop=running
step=264 time=1.7345355858387554 dt=0.0061942710272003361 residual=0.24370116919867396 checked=false stop=running
step=265 time=1.7407334506254921 dt=0.0061978647867366749 residual=0.24370105896316505 checked=false stop=running
step=266 time=1.7469350066451843 dt=0.0062015560196922778 residual=0.24370093230288498 checked=false stop=running
step=267 time=1.7531403512791552 dt=0.0062053446339708929 residual=0.2437007941991011 checked=false stop=running
step=268 time=1.7593492018065153 dt=0.0062088505273601548 residual=0.24370067124574993 checked=false stop=running
step=269 time=1.7655613532974661 dt=0.006212151490950734 residual=0.24370058698035807 checked=false stop=running
step=270 time=1.7717769055935457 dt=0.0062155522960795481 residual=0.24370052934356212 checked=false stop=running
step=271 time=1.7779959584555651 dt=0.0062190528620193804 residual=0.24370046800520798 checked=false stop=running
step=272 time=1.7842186115346899 dt=0.0062226530791246442 residual=0.24370039024921261 checked=false stop=running
step=273 time=1.7904449643366525 dt=0.0062263528019625997 residual=0.24370029854296724 checked=false stop=running
step=274 time=1.7966751161816663 dt=0.0062301518450138486 residual=0.24370020000017506 checked=false stop=running
step=275 time=1.8029091661635139 dt=0.0062340499818475245 residual=0.24370010544975257 checked=false stop=running
step=276 time=1.8091472131117485 dt=0.0062380469482346008 residual=0.24370002679916491 checked=false stop=running
step=277 time=1.8153893555608427 dt=0.0062421424490942314 residual=0.2436999663859313 checked=false stop=running
step=278 time=1.8216356917293894 dt=0.006246336168546745 residual=0.24369991046301895 checked=false stop=running
step=279 time=1.8278863195111692 dt=0.0062506277817797381 residual=0.24369983944451518 checked=false stop=running
step=280 time=1.8341413364782106 dt=0.0062550169670413736 residual=0.24369974531019548 checked=false stop=running
step=281 time=1.8404008398941767 dt=0.0062595034159659956 residual=0.24369964137569644 checked=false stop=running
step=282 time=1.8466649267348516 dt=0.0062640868406749059 residual=0.24369954630936294 checked=false stop=running
step=283 time=1.8529336937115126 dt=0.0062687669766610006 residual=0.24369945795494213 checked=false stop=running
step=284 time=1.8592072372927608 dt=0.0062735435812481238 residual=0.24369936621105262 checked=false stop=running
step=285 time=1.8654856537209938 dt=0.0062784164282329597 residual=0.24369926712315448 checked=false stop=running
step=286 time=1.87176903902097 dt=0.0062833852999762191 residual=0.24369915807170392 checked=false stop=running
step=287 time=1.8780574889995367 dt=0.0062884499785666372 residual=0.2436990365113387 checked=false stop=running
step=288 time=1.8843510992372152 dt=0.0062936102376785416 residual=0.24369890323705565 checked=false stop=running
step=289 time=1.8906499650736324 dt=0.0062988658364172044 residual=0.24369876668052148 checked=false stop=running
step=290 time=1.8969541815895359 dt=0.0063042165159035018 residual=0.24369864102680894 checked=false stop=running
step=291 time=1.9032638435882683 dt=0.0063096619987323098 residual=0.24369853104731068 checked=false stop=running
step=292 time=1.9095790455791517 dt=0.0063152019908835171 residual=0.24369842414248769 checked=false stop=running
step=293 time=1.9158998817644175 dt=0.0063208361852658736 residual=0.24369830646290513 checked=false stop=running
step=294 time=1.9222264460302882 dt=0.0063265642658707757 residual=0.24369817946215394 checked=false stop=running
step=295 time=1.9285588319417835 dt=0.0063323859114951132 residual=0.24369805368584574 checked=false stop=running
step=296 time=1.9348971327399052 dt=0.0063383007981217135 residual=0.24369793492729458 checked=false stop=running
step=297 time=1.9412414413391903 dt=0.0063443085992851665 residual=0.2436978243913214 checked=false stop=running
step=298 time=1.9475918503232668 dt=0.0063504089840765244 residual=0.24369772074284621 checked=false stop=running
step=299 time=1.9539484519361028 dt=0.006356601612836103 residual=0.24369762105037396 checked=false stop=running
step=300 time=1.9603113380671191 dt=0.006362886131016242 residual=0.24369752229987054 checked=false stop=running
step=301 time=1.9666806002292176 dt=0.0063692621620984628 residual=0.24369742299894367 checked=false stop=running
step=302 time=1.9730563295299444 dt=0.0063757293007266833 residual=0.24369732692615528 checked=false stop=running
step=303 time=1.9794386166372195 dt=0.006382287107275098 residual=0.24369724004260235 checked=false stop=running
step=304 time=1.9858275517420689 dt=0.0063889351048492873 residual=0.2436971594249116 checked=false stop=running
step=305 time=1.9922232245213063 dt=0.0063956727792372874 residual=0.24369707953266462 checked=false stop=running
step=306 time=1.9986257241029877 dt=0.006402499581681334 residual=0.24369700074178305 checked=false stop=running
step=307 time=2.0050351390366803 dt=0.0064094149336926644 residual=0.24369692464160436 checked=false stop=running
step=308 time=2.0114515572693423 dt=0.0064164182326619506 residual=0.24369685141867042 checked=false stop=running
step=309 time=2.0178750661262095 dt=0.0064235088568669781 residual=0.24369678231478875 checked=false stop=running
step=310 time=2.0243057522949091 dt=0.006430686168699495 residual=0.24369672039145598 checked=false stop=running
step=311 time=2.0307437018103744 dt=0.0064379495154655471 residual=0.24369666667398451 checked=false stop=running
step=312 time=2.037188451600175 dt=0.0064447497898007904 residual=0.24369662027793615 checked=false stop=running
step=313 time=2.0436400221207398 dt=0.0064515705205647781 residual=0.24369658009973294 checked=false stop=running
step=314 time=2.0500985048280342 dt=0.0064584827072942238 residual=0.24369653876283673 checked=false stop=running
step=315 time=2.0565639906042406 dt=0.0064654857762062919 residual=0.24369649667176918 checked=false stop=running
step=316 time=2.0630365697369468 dt=0.0064725791327064873 residual=0.24369646296243858 checked=false stop=running
step=317 time=2.0695163318968426 dt=0.0064797621598957555 residual=0.24369643672235008 checked=false stop=running
step=318 time=2.0760033661127588 dt=0.0064870342159162996 residual=0.24369640738412476 checked=false stop=running
step=319 time=2.0824977607436295 dt=0.0064943946308706505 residual=0.24369637092769342 checked=false stop=running
step=320 time=2.0889996034478369 dt=0.0065018427042075905 residual=0.24369633338975477 checked=false stop=running
step=321 time=2.095508981151216 dt=0.0065093777033792127 residual=0.24369629693111064 checked=false stop=running
step=322 time=2.1020259800154641 dt=0.0065169988642483512 residual=0.24369626326392108 checked=false stop=running
step=323 time=2.1085506854087188 dt=0.0065247053932546263 residual=0.24369623959795983 checked=false stop=running
step=324 time=2.1150831818795885 dt=0.0065324964708698878 residual=0.24369622055024318 checked=false stop=running
step=325 time=2.1216235531351235 dt=0.0065403712555347805 residual=0.24369620143729767 checked=false stop=running
step=326 time=2.1281718820222921 dt=0.0065483288871687334 residual=0.24369618849864777 checked=false stop=running
step=327 time=2.1347282505118015 dt=0.0065563684895094494 residual=0.24369618713892743 checked=false stop=running
step=328 time=2.1412925372475047 dt=0.0065642867357031814 residual=0.24369619255370262 checked=false stop=running
step=329 time=2.1478645306803288 dt=0.0065719934328241003 residual=0.24369619237929768 checked=false stop=running
step=330 time=2.1544443196608043 dt=0.0065797889804755866 residual=0.24369618562523487 checked=false stop=running
step=331 time=2.1610319922618637 dt=0.0065876726010595773 residual=0.24369617733873794 checked=false stop=running
step=332 time=2.1676276357632895 dt=0.006595643501425808 residual=0.24369616924813675 checked=false stop=running
step=333 time=2.1742313366345032 dt=0.0066037008712134674 residual=0.24369616928073454 checked=false stop=running
step=334 time=2.1808431805145769 dt=0.0066118438800736529 residual=0.24369617490752643 checked=false stop=running
step=335 time=2.1874632521892075 dt=0.0066200716746305449 residual=0.24369618445001295 checked=false stop=running
step=336 time=2.194091635565202 dt=0.0066283833759946753 residual=0.24369620210878956 checked=false stop=running
step=337 time=2.2007284136435556 dt=0.0066367780783536372 residual=0.24369622527010937 checked=false stop=running
step=338 time=2.207373668492314 dt=0.006645254848758486 residual=0.2436962410371574 checked=false stop=running
step=339 time=2.2140274812201617 dt=0.0066538127278477433 residual=0.24369624852349564 checked=false stop=running
step=340 time=2.220689931951187 dt=0.0066624507310252172 residual=0.24369625746483131 checked=false stop=running
step=341 time=2.2273610998007705 dt=0.0066711678495834292 residual=0.24369626177729631 checked=false stop=running
step=342 time=2.2340410628521843 dt=0.0066799630514139396 residual=0.24369626715821494 checked=false stop=running
step=343 time=2.240729898133369 dt=0.0066888352811846517 residual=0.24369628384372066 checked=false stop=running
step=344 time=2.2474276815934586 dt=0.0066977834600896943 residual=0.24369630647535159 checked=false stop=running
step=345 time=2.254134488078869 dt=0.0067068064854103205 residual=0.24369632941350364 checked=false stop=running
step=346 time=2.2608503913090039 dt=0.0067159032301348865 residual=0.24369634480076341 checked=false stop=running
step=347 time=2.2675754638517986 dt=0.0067250725427947192 residual=0.24369635449948407 checked=false stop=running
step=348 time=2.2743097770993366 dt=0.0067343132475381311 residual=0.24369637242222333 checked=false stop=running
step=349 time=2.2810534012436876 dt=0.0067436241443508994 residual=0.24369639740750462 checked=false stop=running
step=350 time=2.2878064052529701 dt=0.0067530040092823604 residual=0.24369641854065688 checked=false stop=running
step=351 time=2.2945688568475302 dt=0.0067624515945602726 residual=0.24369643679375796 checked=false stop=running
step=352 time=2.3013408224760816 dt=0.0067719656285512228 residual=0.24369645067359313 checked=false stop=running
step=353 time=2.308122367291686 dt=0.0067815448156044568 residual=0.24369644182114225 checked=false stop=running
step=354 time=2.314913555127553 dt=0.0067911878358671235 residual=0.24369641148446766 checked=false stop=running
step=355 time=2.3217144484727119 dt=0.0068008933451587025 residual=0.24369637904520997 checked=false stop=running
step=356 time=2.3285251084476597 dt=0.0068106599749478422 residual=0.24369634969927612 checked=false stop=running
step=357 time=2.3353455947800716 dt=0.0068204863324119987 residual=0.24369632021263904 checked=false stop=running
step=358 time=2.3421759657805823 dt=0.0068303710005104606 residual=0.24369628855314032 checked=false stop=running
step=359 time=2.3490162783185702 dt=0.0068403125379880268 residual=0.24369625320003382 checked=false stop=running
step=360 time=2.3558665877978249 dt=0.0068503094792546296 residual=0.24369621480627754 checked=false stop=running
step=361 time=2.362726948131967 dt=0.0068603603341421101 residual=0.24369617810028055 checked=false stop=running
step=362 time=2.3695974117195653 dt=0.00687046358759817 residual=0.24369613799986792 checked=false stop=running
step=363 time=2.3764780294189798 dt=0.0068806176994143558 residual=0.24369608873108953 checked=false stop=running
step=364 time=2.3833688505230652 dt=0.0068908211040855207 residual=0.24369604138518666 checked=false stop=running
step=365 time=2.3902699227339288 dt=0.0069010722108636246 residual=0.24369600462575097 checked=false stop=running
step=366 time=2.397181292137943 dt=0.0069113694040142774 residual=0.2436959729661852 checked=false stop=running
step=367 time=2.4041030031811745 dt=0.0069217110432315716 residual=0.24369593780897528 checked=false stop=running
step=368 time=2.4110350986453097 dt=0.0069320954641354021 residual=0.24369589025402041 checked=false stop=running
step=369 time=2.4179776196240841 dt=0.006942520978774562 residual=0.24369582911739354 checked=false stop=running
step=370 time=2.4249306055001698 dt=0.0069529858760857639 residual=0.24369576935879403 checked=false stop=running
step=371 time=2.4318940939224696 dt=0.0069634884222999445 residual=0.24369571909634602 checked=false stop=running
step=372 time=2.4388681207837948 dt=0.0069740268613253187 residual=0.24369566467046461 checked=false stop=running
step=373 time=2.4458527201989524 dt=0.0069845994151575509 residual=0.24369560372191207 checked=false stop=running
step=374 time=2.4528479244833172 dt=0.0069952042843650086 residual=0.24369554382765837 checked=false stop=running
step=375 time=2.4598537641319922 dt=0.0070058396486749122 residual=0.2436954804091449 checked=false stop=running
step=376 time=2.4668702677996475 dt=0.007016503667655466 residual=0.24369541721751029 checked=false stop=running
step=377 time=2.4738974622811098 dt=0.0070271944814624719 residual=0.2436953636696646 checked=false stop=running
step=378 time=2.4809353724927163 dt=0.0070379102116066997 residual=0.24369532519328296 checked=false stop=running
step=379 time=2.4879840214544195 dt=0.007048648961703291 residual=0.24369530239097689 checked=false stop=running
step=380 time=2.4950434302726028 dt=0.0070594088181832474 residual=0.24369528301443083 checked=false stop=running
step=381 time=2.5021136181235732 dt=0.0070701878509704351 residual=0.24369524229867104 checked=false stop=running
step=382 time=2.5091946022377196 dt=0.0070809841141465353 residual=0.24369518825936906 checked=false stop=running
step=383 time=2.5162863978843539 dt=0.0070917956466343439 residual=0.24369514855168684 checked=false stop=running
step=384 time=2.5233890183572796 dt=0.0071026204729257147 residual=0.24369512302890581 checked=false stop=running
step=385 time=2.5305024749611476 dt=0.0071134566038678192 residual=0.24369510310491529 checked=false stop=running
step=386 time=2.5376267769986542 dt=0.0071243020375068734 residual=0.24369508123451189 checked=false stop=running
step=387 time=2.5447619317586323 dt=0.0071351547599781146 residual=0.24369505116661921 checked=false stop=running
step=388 time=2.5519079445050603 dt=0.0071460127464280888 residual=0.24369500768198002 checked=false stop=running
step=389 time=2.5590648184670202 dt=0.0071568739619598159 residual=0.24369494334918329 checked=false stop=running
step=390 time=2.5662325548296203 dt=0.0071677363626001826 residual=0.24369484819908327 checked=false stop=running
step=391 time=2.5734111527259174 dt=0.0071785978962969248 residual=0.24369474756692969 checked=false stop=running
step=392 time=2.5806006092298741 dt=0.0071894565039567117 residual=0.24369467152929936 checked=false stop=running
step=393 time=2.5878009193504088 dt=0.0072003101205346375 residual=0.2436946113542528 checked=false stop=running
step=394 time=2.5950120760265882 dt=0.0072111566761796173 residual=0.24369455155567743 checked=false stop=running
step=395 time=2.6022340701240214 dt=0.0072219940974330545 residual=0.24369448834410148 checked=false stop=running
step=396 time=2.6094668904324934 dt=0.0072328203084719728 residual=0.24369442575775735 checked=false stop=running
step=397 time=2.6167105236648784 dt=0.0072436332323848997 residual=0.2436943632764009 checked=false stop=running
step=398 time=2.6239649544573473 dt=0.0072544307924690384 residual=0.24369429234219353 checked=false stop=running
step=399 time=2.6312301653708872 dt=0.0072652109135398915 residual=0.24369420232653172 checked=false stop=running
step=400 time=2.6385061368941347 dt=0.0072759715232474653 residual=0.24369411908410393 checked=false stop=running
step=401 time=2.6457928474475301 dt=0.0072867105533951509 residual=0.24369406114145495 checked=false stop=running
step=402 time=2.6530902733887878 dt=0.0072974259412576896 residual=0.24369401295897508 checked=false stop=running
step=403 time=2.6603983890196812 dt=0.0073081156308935011 residual=0.24369395658986304 checked=false stop=running
step=404 time=2.6677171665941262 dt=0.0073187775744451905 residual=0.24369389245597167 checked=false stop=running
step=405 time=2.6750465763275475 dt=0.0073294097334211583 residual=0.24369383140624407 checked=false stop=running
step=406 time=2.6823865864074992 dt=0.0073400100799516964 residual=0.24369377521470445 checked=false stop=running
step=407 time=2.6897369126434407 dt=0.00735032623594157 residual=0.24369371625930286 checked=false stop=running
step=408 time=2.6970972422393822 dt=0.0073603295959415536 residual=0.243693652395123 checked=false stop=running
step=409 time=2.7044675262491826 dt=0.0073702840098006607 residual=0.2436936108544657 checked=false stop=running
step=410 time=2.7118477139691417 dt=0.0073801877199589569 residual=0.24369359294814855 checked=false stop=running
step=411 time=2.719237752962234 dt=0.0073900389930923538 residual=0.24369357710473466 checked=false stop=running
step=412 time=2.7266375890835848 dt=0.0073998361213505571 residual=0.24369355079431393 checked=false stop=running
step=413 time=2.7340471665071653 dt=0.0074095774235806476 residual=0.24369352354330001 checked=false stop=running
step=414 time=2.7414664277536982 dt=0.0074192612465326952 residual=0.24369350098548365 checked=false stop=running
step=415 time=2.7488953137197418 dt=0.0074288859660437464 residual=0.24369346958592986 checked=false stop=running
step=416 time=2.7563337637079384 dt=0.0074384499881964715 residual=0.24369341155275462 checked=false stop=running
step=417 time=2.7637817154583866 dt=0.0074479517504484304 residual=0.24369333254002021 checked=false stop=running
step=418 time=2.7712391051811145 dt=0.0074573897227277613 residual=0.24369325760461058 checked=false stop=running
step=419 time=2.7787056983969007 dt=0.0074665932157860866 residual=0.24369318526876635 checked=false stop=running
step=420 time=2.78618095781647 dt=0.0074752594195692116 residual=0.24369310431026317 checked=false stop=running
step=421 time=2.7936648080087298 dt=0.007483850192260005 residual=0.24369302059564843 checked=false stop=running
step=422 time=2.8011571724593911 dt=0.0074923644506612232 residual=0.24369296633565854 checked=false stop=running
step=423 time=2.80865759534294 dt=0.0075004228835490825 residual=0.24369295894496484 checked=false stop=running
step=424 time=2.8161656513826383 dt=0.0075080560396982837 residual=0.24369298614869786 checked=false stop=running
step=425 time=2.8236812591211731 dt=0.0075156077385347729 residual=0.24369302586144101 checked=false stop=running
step=426 time=2.831204336465921 dt=0.0075230773447477776 residual=0.24369307846365523 checked=false stop=running
step=427 time=2.8387348007273578 dt=0.007530464261436825 residual=0.24369314041431137 checked=false stop=running
step=428 time=2.8462725686575245 dt=0.007537767930166475 residual=0.24369318914409685 checked=false stop=running
step=429 time=2.853817556488536 dt=0.0075449878310113044 residual=0.24369320354477919 checked=false stop=running
step=430 time=2.8613696799711277 dt=0.0075521234825916715 residual=0.2436931867871128 checked=false stop=running
step=431 time=2.8689288544132276 dt=0.0075591744421000581 residual=0.24369316138762964 checked=false stop=running
step=432 time=2.8764949947185445 dt=0.0075661403053168203 residual=0.24369313052591324 checked=false stop=running
step=433 time=2.8840672606090201 dt=0.0075722658904754242 residual=0.24369308112635127 checked=false stop=running
step=434 time=2.8916455676305497 dt=0.0075783070215297973 residual=0.24369301042142866 checked=false stop=running
step=435 time=2.899229832554203 dt=0.0075842649236532479 residual=0.24369294096533065 checked=false stop=running
step=436 time=2.9068199721468115 dt=0.0075901395926084147 residual=0.24369289127571692 checked=false stop=running
step=437 time=2.9144159032053931 dt=0.0075959310585815157 residual=0.24369286862441883 checked=false stop=running
step=438 time=2.9220175425911252 dt=0.0076016393857321913 residual=0.24369287233875653 checked=false stop=running
step=439 time=2.9296248072628264 dt=0.0076072646717010133 residual=0.24369290892728238 checked=false stop=running
step=440 time=2.9372376143099022 dt=0.007612807047075904 residual=0.24369297855483082 checked=false stop=running
step=441 time=2.9448553958860599 dt=0.0076177815761578329 residual=0.24369306289548714 checked=false stop=running
step=442 time=2.9524778492849943 dt=0.0076224533989343859 residual=0.24369314158363811 checked=false stop=running
step=443 time=2.9601048982578364 dt=0.0076270489728419624 residual=0.24369321346818437 checked=false stop=running
step=444 time=2.9677364669569268 dt=0.007631568699090323 residual=0.24369328263725143 checked=false stop=running
step=445 time=2.9753724799587942 dt=0.0076360130018674 residual=0.24369334504058435 checked=false stop=running
step=446 time=2.9830128622864565 dt=0.0076403823276621737 residual=0.24369339900146522 checked=false stop=running
step=447 time=2.9906575394310435 dt=0.0076446771445869552 residual=0.24369344991417938 checked=false stop=running
step=448 time=2.9983064373727437 dt=0.0076488979417001692 residual=0.2436935117550626 checked=false stop=running
step=449 time=3.005959482601074 dt=0.0076530452283305392 residual=0.24369358186171536 checked=false stop=running
step=450 time=3.0136162285582784 dt=0.0076567459572044584 residual=0.24369364320045553 checked=false stop=running
step=451 time=3.0212763733364301 dt=0.0076601447781515708 residual=0.24369368967328686 checked=false stop=running
step=452 time=3.0289398527184916 dt=0.0076634793820616132 residual=0.24369372878898579 checked=false stop=running
step=453 time=3.0366066031227605 dt=0.0076667504042689906 residual=0.24369377062762529 checked=false stop=running
step=454 time=3.0442765616146787 dt=0.0076699584919182858 residual=0.24369381855142538 checked=false stop=running
step=455 time=3.051949665918011 dt=0.0076731043033322864 residual=0.24369386276833166 checked=false stop=running
step=456 time=3.0596258544253918 dt=0.0076761885073806328 residual=0.2436938996315389 checked=false stop=running
step=457 time=3.0673050662082413 dt=0.0076792117828496593 residual=0.24369394294858465 checked=false stop=running
step=458 time=3.0749872410260553 dt=0.0076821748178141653 residual=0.24369400351534068 checked=false stop=running
step=459 time=3.0826723193350674 dt=0.007685078309011913 residual=0.24369408212730476 checked=false stop=running
step=460 time=3.0903602422962893 dt=0.007687922961221786 residual=0.24369417762565859 checked=false stop=running
step=461 time=3.0980509517829358 dt=0.0076907094866465213 residual=0.24369428517562908 checked=false stop=running
step=462 time=3.1057441285041461 dt=0.0076931767212100963 residual=0.24369439398034373 checked=false stop=running
step=463 time=3.1134395215879511 dt=0.0076953930838051833 residual=0.24369448567415566 checked=false stop=running
step=464 time=3.1211370827839078 dt=0.0076975611959568457 residual=0.24369453144985367 checked=false stop=running
step=465 time=3.1288367645425406 dt=0.0076996817586328335 residual=0.24369452538107322 checked=false stop=running
step=466 time=3.1365385200164466 dt=0.0077017554739062686 residual=0.24369448357888762 checked=false stop=running
step=467 time=3.1442423030609779 dt=0.0077037830445314042 residual=0.24369442090049642 checked=false stop=running
step=468 time=3.1519480682345078 dt=0.0077057651735300955 residual=0.24369436448156875 checked=false stop=running
step=469 time=3.1596557707982966 dt=0.0077077025637888536 residual=0.24369433731600051 checked=false stop=running
step=470 time=3.1673653667159631 dt=0.0077095959176663956 residual=0.2436943437170343 checked=false stop=running
step=471 time=3.1750768126525748 dt=0.0077114459366115383 residual=0.24369438055221501 checked=false stop=running
step=472 time=3.1827900659733661 dt=0.0077132533207914192 residual=0.24369444064978249 checked=false stop=running
step=473 time=3.1905050847420959 dt=0.0077150187687299006 residual=0.24369451320506014 checked=false stop=running
step=474 time=3.1982218277190522 dt=0.0077167429769561926 residual=0.24369458913021788 checked=false stop=running
step=475 time=3.2059402543587159 dt=0.0077184266396636107 residual=0.2436946555403563 checked=false stop=running
step=476 time=3.2136603248070945 dt=0.0077200704483784428 residual=0.24369469913910238 checked=false stop=running
step=477 time=3.2213819998987336 dt=0.0077216750916389671 residual=0.24369471415083943 checked=false stop=running
step=478 time=3.2291052411534182 dt=0.0077232412546846202 residual=0.24369470077924399 checked=false stop=running
step=479 time=3.2368300107725734 dt=0.0077247696191552681 residual=0.24369465874258717 checked=false stop=running
step=480 time=3.244556271635374 dt=0.007726260862800689 residual=0.24369458517810927 checked=false stop=running
step=481 time=3.2522839872945744 dt=0.007727715659200227 residual=0.24369448947757472 checked=false stop=running
step=482 time=3.2600131219720669 dt=0.0077291346774926682 residual=0.24369438872431412 checked=false stop=running
step=483 time=3.2677434090262447 dt=0.0077302870541779535 residual=0.24369429660362399 checked=false stop=running
step=484 time=3.2754747834301616 dt=0.0077313744039167734 residual=0.24369421721779552 checked=false stop=running
step=485 time=3.2832072171608138 dt=0.0077324337306519855 residual=0.24369415122992558 checked=false stop=running
step=486 time=3.290940682762145 dt=0.0077334656013310979 residual=0.24369409745317711 checked=false stop=running
step=487 time=3.2986751533389009 dt=0.0077344705767560711 residual=0.24369404776421139 checked=false stop=running
step=488 time=3.3064106025503581 dt=0.0077354492114570768 residual=0.24369399001659747 checked=false stop=running
step=489 time=3.3141470046039334 dt=0.0077364020535751451 residual=0.24369391718584821 checked=false stop=running
step=490 time=3.3218843342486868 dt=0.0077373296447535026 residual=0.24369383225114347 checked=false stop=running
step=491 time=3.329622566768724 dt=0.0077382325200373962 residual=0.24369374753273626 checked=false stop=running
step=492 time=3.3373616779765061 dt=0.0077391112077822349 residual=0.24369367321114999 checked=false stop=running
step=493 time=3.3451016442060757 dt=0.0077399662295698111 residual=0.24369360930625666 checked=false stop=running
step=494 time=3.352842442306208 dt=0.0077407981001324224 residual=0.24369354924057718 checked=false stop=running
step=495 time=3.3605840496334927 dt=0.0077416073272846553 residual=0.24369348472431843 checked=false stop=running
step=496 time=3.3683264440453553 dt=0.0077423944118626374 residual=0.24369341133593259 checked=false stop=running
step=497 time=3.376069603893026 dt=0.0077431598476705166 residual=0.24369333378619532 checked=false stop=running
step=498 time=3.3838135080144598 dt=0.0077439041214339421 residual=0.24369325919264873 checked=false stop=running
step=499 time=3.39155813572722 dt=0.0077446277127603365 residual=0.24369318788845157 checked=false stop=running
step=500 time=3.3993034668213258 dt=0.0077453310941056706 residual=0.24369311560436976 checked=false stop=running
step=501 time=3.4070494815520735 dt=0.0077460147307475908 residual=0.2436930379238452 checked=false stop=running
step=502 time=3.4147961606328381 dt=0.0077466790807645914 residual=0.24369295254107776 checked=false stop=running
step=503 time=3.4225434852278593 dt=0.0077473245950210488 residual=0.24369285943686839 checked=false stop=running
step=504 time=3.430291436945017 dt=0.0077479517171578976 residual=0.24369275734352927 checked=false stop=running
step=505 time=3.4380399978286058 dt=0.0077485608835887064 residual=0.24369265025646666 checked=false stop=running
step=506 time=3.4457891503521068 dt=0.0077491525235009748 residual=0.243692552452724 checked=false stop=running
step=507 time=3.4535388774109692 dt=0.007749727058862464 residual=0.24369246512518933 checked=false stop=running
step=508 time=3.4612891623154014 dt=0.0077502849044323316 residual=0.24369238155825096 checked=false stop=running
step=509 time=3.4690399887831784 dt=0.0077508264677769419 residual=0.24369229808100043 checked=false stop=running
step=510 time=3.4767913409324684 dt=0.0077513521492901822 residual=0.24369221657153159 checked=false stop=running
step=511 time=3.4845432032746864 dt=0.0077518623422180759 residual=0.24369214218641735 checked=false stop=running
step=512 time=3.4922955607073738 dt=0.0077523574326876224 residual=0.24369207584610411 checked=false stop=running
step=513 time=3.5000483985071136 dt=0.007752837799739655 residual=0.2436920108387744 checked=false stop=running
step=514 time=3.507801702322479 dt=0.0077533038153656106 residual=0.24369195321359804 checked=false stop=running
step=515 time=3.515555458167027 dt=0.0077537558445480714 residual=0.2436919060367643 checked=false stop=running
step=516 time=3.523309652412332 dt=0.0077541942453049247 residual=0.24369186358597161 checked=false stop=running
step=517 time=3.531064271781069 dt=0.00775461936873704 residual=0.24369181868947945 checked=false stop=running
step=518 time=3.5388193033401483 dt=0.0077550315590793036 residual=0.24369176664490499 checked=false stop=running
step=519 time=3.5465747344939031 dt=0.0077554311537548406 residual=0.24369171026646072 checked=false stop=running
step=520 time=3.5543305529773357 dt=0.0077558184834323552 residual=0.24369165217297145 checked=false stop=running
step=521 time=3.5620867468494222 dt=0.0077561938720863465 residual=0.24369158459899767 checked=false stop=running
step=522 time=3.5698433044864823 dt=0.0077565576370601024 residual=0.24369150699152378 checked=false stop=running
step=523 time=3.5776002145756136 dt=0.0077569100891312828 residual=0.24369142981643699 checked=false stop=running
step=524 time=3.5853574661081935 dt=0.0077572515325799217 residual=0.24369136052764551 checked=false stop=running
step=525 time=3.593115048373452 dt=0.0077575822652586795 residual=0.2436913041145912 checked=false stop=running
step=526 time=3.6008729509521173 dt=0.0077579025786651701 residual=0.24369125908955092 checked=false stop=running
step=527 time=3.6086311637101334 dt=0.007758212758016159 residual=0.24369122486025138 checked=false stop=running
step=528 time=3.616389676792457 dt=0.0077585130823235003 residual=0.24369119666774972 checked=false stop=running
step=529 time=3.6241484806169284 dt=0.0077588038244715664 residual=0.24369116122519202 checked=false stop=running
step=530 time=3.6319075658682243 dt=0.0077590852512960671 residual=0.24369110300793448 checked=false stop=running
step=531 time=3.6396669234918884 dt=0.0077593576236640403 residual=0.24369102905995788 checked=false stop=running
step=532 time=3.6474265446884431 dt=0.0077596211965548457 residual=0.24369094673586522 checked=false stop=running
step=533 time=3.6551864209075853 dt=0.0077598762191420792 residual=0.24369087115902457 checked=false stop=running
step=534 time=3.6629465438424615 dt=0.0077601229348761448 residual=0.2436908139941083 checked=false stop=running
step=535 time=3.6707069054240291 dt=0.0077603615815674811 residual=0.24369077730784683 checked=false stop=running
step=536 time=3.6784674978154994 dt=0.0077605923914701985 residual=0.24369075913366653 checked=false stop=running
step=537 time=3.6862283134068656 dt=0.0077608155913661157 residual=0.24369075275840166 checked=false stop=running
step=538 time=3.6939893448095145 dt=0.007761031402649032 residual=0.24369074854852274 checked=false stop=running
step=539 time=3.7017505848509238 dt=0.0077612400414091591 residual=0.24369074479192696 checked=false stop=running
step=540 time=3.7095120265694415 dt=0.007761441718517662 residual=0.24369073895438292 checked=false stop=running
step=541 time=3.7172736632091525 dt=0.0077616366397112117 residual=0.24369073553931131 checked=false stop=running
step=542 time=3.7250354882148291 dt=0.0077618250056764818 residual=0.24369074579222752 checked=false stop=running
step=543 time=3.7327974952269636 dt=0.0077620070121345881 residual=0.24369076380147214 checked=false stop=running
step=544 time=3.740559678076889 dt=0.0077621828499253587 residual=0.24369078731413432 checked=false stop=running
step=545 time=3.7483220307819805 dt=0.0077623527050914498 residual=0.24369081430065945 checked=false stop=running
step=546 time=3.7560845475409428 dt=0.0077625167589622573 residual=0.24369083380023868 checked=false stop=running
step=547 time=3.7638472227291802 dt=0.0077626751882375845 residual=0.24369084332379959 checked=false stop=running
step=548 time=3.7716100508942514 dt=0.0077628281650710439 residual=0.24369084981423744 checked=false stop=running
step=549 time=3.7793730267514047 dt=0.0077629758571531888 residual=0.24369085219778053 checked=false stop=running
step=550 time=3.7871361451791992 dt=0.0077631184277943202 residual=0.24369086703305951 checked=false stop=running
step=551 time=3.794899401215206 dt=0.0077632560360069878 residual=0.24369089012835912 checked=false stop=running
step=552 time=3.802662790051794 dt=0.0077633888365881351 residual=0.2436909170440201 checked=false stop=running
step=553 time=3.810426307031995 dt=0.007763516980200889 residual=0.24369095511003824 checked=false stop=running
step=554 time=3.8181899476454508 dt=0.0077636406134559549 residual=0.24369099925976548 checked=false stop=running
step=555 time=3.8259537075244436 dt=0.0077637598789926316 residual=0.24369104078229054 checked=false stop=running
step=556 time=3.8337175824400029 dt=0.0077638749155594143 residual=0.24369108069399265 checked=false stop=running
step=557 time=3.8414815682980969 dt=0.0077639858580941384 residual=0.24369110709416125 checked=false stop=running
step=558 time=3.8492456611359005 dt=0.0077640928378037008 residual=0.24369113562340558 checked=false stop=running
step=559 time=3.8570098571181437 dt=0.0077641959822433004 residual=0.24369117076775701 checked=false stop=running
step=560 time=3.8647741525335388 dt=0.0077642954153951801 residual=0.24369120166113659 checked=false stop=running
step=561 time=3.8725385437912858 dt=0.0077643912577468671 residual=0.2436912381597581 checked=false stop=running
step=562 time=3.8803030274176549 dt=0.0077644836263688543 residual=0.24369128673155277 checked=false stop=running
step=563 time=3.8880676000526466 dt=0.0077645726349917397 residual=0.24369134226740866 checked=false stop=running
step=564 time=3.8958322584467293 dt=0.0077646583940827558 residual=0.24369140692875382 checked=false stop=running
step=565 time=3.9035969994576512 dt=0.0077647410109216762 residual=0.24369146605502023 checked=false stop=running
step=566 time=3.9113618200473272 dt=0.0077648205896760584 residual=0.24369152383387979 checked=false stop=running
step=567 time=3.9191267172788029 dt=0.0077648972314757897 residual=0.24369159037527879 checked=false stop=running
step=568 time=3.9268916883132898 dt=0.0077649710344868898 residual=0.24369164894644668 checked=false stop=running
step=569 time=3.9346567304072741 dt=0.0077650420939845213 residual=0.24369170091019629 checked=false stop=running
step=570 time=3.9424218409096992 dt=0.0077651105024251739 residual=0.24369175723168054 checked=false stop=running
step=571 time=3.9501870172592173 dt=0.0077651763495179575 residual=0.24369181644997559 checked=false stop=running
step=572 time=3.9579522569815122 dt=0.0077652397222949462 residual=0.2436918835281898 checked=false stop=running
step=573 time=3.9657175576866925 dt=0.0077653007051805348 residual=0.24369194947039413 checked=false stop=running
step=574 time=3.9734829170667525 dt=0.007765359380059747 residual=0.24369200862686616 checked=false stop=running
step=575 time=3.9812483328930979 dt=0.0077654158263453874 residual=0.243692072413878 checked=false stop=running
step=576 time=3.9890138030141418 dt=0.0077654701210440689 residual=0.24369212486101846 checked=false stop=running
step=577 time=3.9967793253529629 dt=0.0077655223388209283 residual=0.24369216313337838 checked=false stop=running
step=578 time=4.004544897905026 dt=0.0077655725520630924 residual=0.24369220992787921 checked=false stop=running
step=579 time=4.0123105187359673 dt=0.0077656208309417347 residual=0.24369227417299846 checked=false stop=running
step=580 time=4.0200761859794403 dt=0.0077656672434726964 residual=0.24369235361843306 checked=false stop=running
step=581 time=4.0278418978350157 dt=0.0077657118555756431 residual=0.24369243784981284 checked=false stop=running
step=582 time=4.0356076525661475 dt=0.0077657547311315994 residual=0.24369251543583065 checked=false stop=running
step=583 time=4.043373448498186 dt=0.0077657959320389441 residual=0.24369259743802094 checked=false stop=running
step=584 time=4.051139284016454 dt=0.0077658355182676593 residual=0.24369266829333897 checked=false stop=running
step=585 time=4.0589051575643662 dt=0.0077658735479119454 residual=0.24369271129413878 checked=false stop=running
step=586 time=4.0666710676416074 dt=0.0077659100772410148 residual=0.24369274654955222 checked=false stop=running
step=587 time=4.0744370128023553 dt=0.0077659451607481394 residual=0.24369279249030354 checked=false stop=running
step=588 time=4.0822029916535527 dt=0.0077659788511978767 residual=0.24369284633969551 checked=false stop=running
step=589 time=4.0899690028532243 dt=0.0077660111996714961 residual=0.24369289950304182 checked=false stop=running
step=590 time=4.097735045108835 dt=0.0077660422556105734 residual=0.24369294454977736 checked=false stop=running
step=591 time=4.1055011171756934 dt=0.0077660720668587986 residual=0.24369299825795687 checked=false stop=running
step=592 time=4.1132672178553955 dt=0.0077661006797020487 residual=0.24369306228169127 checked=false stop=running
step=593 time=4.1210333459943023 dt=0.0077661281389067452 residual=0.24369311301633209 checked=false stop=running
step=594 time=4.1287995004820592 dt=0.007766154487756592 residual=0.24369315334476085 checked=false stop=running
step=595 time=4.1365656802501469 dt=0.0077661797680878119 residual=0.24369320442506209 checked=false stop=running
step=596 time=4.1443318842704695 dt=0.0077662040203229808 residual=0.24369326357923363 checked=false stop=running
step=597 time=4.1520981115539728 dt=0.0077662272835035944 residual=0.24369331838581509 checked=false stop=running
step=598 time=4.1598643611492943 dt=0.0077662495953215779 residual=0.24369336065564828 checked=false stop=running
step=599 time=4.167630632141444 dt=0.0077662709921498853 residual=0.24369340201937215 checked=false stop=running
step=600 time=4.1753969236505162 dt=0.0077662915090723995 residual=0.24369345446842516 checked=false stop=running
step=601 time=4.1831632348304293 dt=0.007766311179913386 residual=0.24369349892411163 checked=false stop=running
step=602 time=4.1909295648676963 dt=0.0077663300372666491 residual=0.24369352673354747 checked=false stop=running
step=603 time=4.198695912980221 dt=0.0077663481125247302 residual=0.24369356080062268 checked=false stop=running
step=604 time=4.2064622784161294 dt=0.0077663654359082738 residual=0.24369360818969368 checked=false stop=running
step=605 time=4.2142286604526253 dt=0.0077663820364958398 residual=0.24369365337953391 checked=false stop=running
step=606 time=4.2219950583948798 dt=0.0077663979422543522 residual=0.24369368570010969 checked=false stop=running
step=607 time=4.2297614715749505 dt=0.0077664131800703412 residual=0.24369371246531016 checked=false stop=running
step=608 time=4.2375278993507326 dt=0.0077664277757821271 residual=0.24369375028425808 checked=false stop=running
step=609 time=4.2452943411049455 dt=0.0077664417542130937 residual=0.24369379033596023 checked=false stop=running
step=610 time=4.2530607962441511 dt=0.0077664551392060159 residual=0.2436938116525966 checked=false stop=running
step=611 time=4.2608272641978093 dt=0.0077664679536585358 residual=0.24369382484570698 checked=false stop=running
step=612 time=4.2685937444173687 dt=0.0077664802195596934 residual=0.2436938491861608 checked=false stop=running
step=613 time=4.2763602363753961 dt=0.0077664919580274008 residual=0.24369387624397224 checked=false stop=running
step=614 time=4.2841267395647424 dt=0.0077665031893467225 residual=0.24369389422021662 checked=false stop=running
step=615 time=4.2918932534977507 dt=0.0077665139330087129 residual=0.24369390679637207 checked=false stop=running
step=616 time=4.2996597777055001 dt=0.0077665242077495584 residual=0.24369393059251582 checked=false stop=running
step=617 time=4.3074263117370899 dt=0.0077665340315897398 residual=0.24369396554713735 checked=false stop=running
step=618 time=4.3151928551589629 dt=0.0077665434218727927 residual=0.24369398561175451 checked=false stop=running
step=619 time=4.3229594075542659 dt=0.0077665523953034049 residual=0.2436939814882145 checked=false stop=running
step=620 time=4.3307259685222501 dt=0.0077665609679844171 residual=0.24369398163149417 checked=false stop=running
step=621 time=4.3384925376777028 dt=0.0077665691554523429 residual=0.24369399149928236 checked=false stop=running
step=622 time=4.3462591146504144 dt=0.0077665769727111311 residual=0.24369399423850327 checked=false stop=running
step=623 time=4.3540256990846782 dt=0.0077665844342637846 residual=0.24369398576628018 checked=false stop=running
step=624 time=4.36179229063882 dt=0.0077665915541416195 residual=0.24369398238726539 checked=false stop=running
step=625 time=4.3695588889847512 dt=0.0077665983459309388 residual=0.24369399196349101 checked=false stop=running
step=626 time=4.3773254938075485 dt=0.0077666048227970075 residual=0.24369399921454829 checked=false stop=running
step=627 time=4.3850921048050537 dt=0.007766610997505221 residual=0.24369398543666018 checked=false stop=running
step=628 time=4.3928587216874933 dt=0.0077666168824395802 residual=0.24369396116747161 checked=false stop=running
step=629 time=4.4006253441771115 dt=0.0077666224896184915 residual=0.24369394570238437 checked=false stop=running
step=630 time=4.40839197200782 dt=0.0077666278307081289 residual=0.24369393295315939 checked=false stop=running
step=631 time=4.4161586049248536 dt=0.0077666329170335904 residual=0.24369390994803267 checked=false stop=running
step=632 time=4.423925242684442 dt=0.0077666377595881873 residual=0.24369388045310081 checked=false stop=running
step=633 time=4.4316918850534828 dt=0.0077666423690411985 residual=0.24369385991021994 checked=false stop=running
step=634 time=4.439458531809227 dt=0.0077666467557444881 residual=0.24369385232842022 checked=false stop=running
step=635 time=4.4472251827389657 dt=0.0077666509297384259 residual=0.24369384589183102 checked=false stop=running
step=636 time=4.4549918376397235 dt=0.0077666549007573988 residual=0.24369383261164712 checked=false stop=running
step=637 time=4.4627584963179592 dt=0.0077666586782353924 residual=0.24369382769577297 checked=false stop=running
step=638 time=4.4705251585892709 dt=0.0077666622713118468 residual=0.24369383413429271 checked=false stop=running
step=639 time=4.4782918242781093 dt=0.0077666656888380568 residual=0.2436938312043275 checked=false stop=running
step=640 time=4.4860584932174934 dt=0.007766668939384303 residual=0.2436938065698146 checked=false stop=running
step=641 time=4.4938251652487411 dt=0.0077666720312476942 residual=0.24369377810312812 checked=false stop=running
step=642 time=4.5015918402212023 dt=0.0077666749724607667 residual=0.24369375916362304 checked=false stop=running
step=643 time=4.5093585179920028 dt=0.00776667777080062 residual=0.24369374014738182 checked=false stop=running
step=644 time=4.5171251984258012 dt=0.0077666804337984292 residual=0.24369370702508197 checked=false stop=running
step=645 time=4.5248918813945505 dt=0.0077666829687489175 residual=0.24369366402237794 checked=false stop=running
step=646 time=4.5326585667772701 dt=0.0077666853827195207 residual=0.24369363217564155 checked=false stop=running
step=647 time=4.5404252544598291 dt=0.0077666876825586862 residual=0.24369361226932368 checked=false stop=running
step=648 time=4.5481919443347323 dt=0.0077666898749029212 residual=0.24369358129258967 checked=false stop=running
step=649 time=4.5559586363009146 dt=0.007766691966182117 residual=0.24369353255751197 checked=false stop=running
step=650 time=4.5637253302635372 dt=0.0077666939626227097 residual=0.24369348769936997 checked=false stop=running
step=651 time=4.5714920261337859 dt=0.0077666958702483383 residual=0.24369345474469772 checked=false stop=running
step=652 time=4.5792587238286639 dt=0.0077666976948777043 residual=0.24369342086604595 checked=false stop=running
step=653 time=4.5870254232707834 dt=0.0077666994421195156 residual=0.24369337200322252 checked=false stop=running
step=654 time=4.5947921243881478 dt=0.0077667011173644298 residual=0.24369331215852194 checked=false stop=running
step=655 time=4.6025588271139224 dt=0.0077667027257741772 residual=0.24369325403063677 checked=false stop=running
step=656 time=4.6103255313861906 dt=0.007766704272268117 residual=0.24369319155129612 checked=false stop=running
step=657 time=4.6180922371476987 dt=0.00776670576150765 residual=0.24369311005343103 checked=false stop=running
step=658 time=4.6258589443455778 dt=0.0077667071978791144 residual=0.24369301899851681 checked=false stop=running
step=659 time=4.6336256529310536 dt=0.0077667085854757935 residual=0.24369294271541514 checked=false stop=running
step=660 time=4.6413923628591336 dt=0.0077667099280799455 residual=0.24369288890868493 checked=false stop=running
step=661 time=4.6491590740882796 dt=0.0077667112291456789 residual=0.24369284982979567 checked=false stop=running
step=662 time=4.6569257865800635 dt=0.0077667124917836488 residual=0.24369281581480629 checked=false stop=running
step=663 time=4.6646925002988118 dt=0.0077667137187484633 residual=0.24369278681492779 checked=false stop=running
step=664 time=4.6724592152112416 dt=0.0077667149124297464 residual=0.24369276366361808 checked=false stop=running
step=665 time=4.6802259312860892 dt=0.0077667160748476063 residual=0.24369273256428423 checked=false stop=running
step=666 time=4.6879926484937426 dt=0.0077667172076532386 residual=0.24369267868477945 checked=false stop=running
step=667 time=4.6957593668058779 dt=0.007766718312135156 residual=0.24369261341046089 checked=false stop=running
step=668 time=4.7035260861951089 dt=0.0077667193892313521 residual=0.24369255897479961 checked=false stop=running
step=669 time=4.7112928066346562 dt=0.0077667204395475715 residual=0.24369251860187313 checked=false stop=running
step=670 time=4.7190595280980379 dt=0.0077667214633815101 residual=0.24369247917494272 checked=false stop=running
step=671 time=4.7268262505587906 dt=0.0077667224607525934 residual=0.24369243312617303 checked=false stop=running
step=672 time=4.7345929739902273 dt=0.007766723431436813 residual=0.24369239187611308 checked=false stop=running
step=673 time=4.7423596983652327 dt=0.00776672437500576 residual=0.24369236251356069 checked=false stop=running
step=674 time=4.750126423656102 dt=0.0077667252908689196 residual=0.24369233309606234 checked=false stop=running
step=675 time=4.7578931498344206 dt=0.0077667261783180936 residual=0.24369228854751654 checked=false stop=running
step=676 time=4.765659876870993 dt=0.0077667270365727242 residual=0.24369223156966699 checked=false stop=running
step=677 time=4.7734266047358176 dt=0.0077667278648248482 residual=0.24369217845705671 checked=false stop=running
step=678 time=4.7811933333981003 dt=0.0077667286622823597 residual=0.24369213534557108 checked=false stop=running
step=679 time=4.7889600628263098 dt=0.0077667294282093863 residual=0.24369209324215957 checked=false stop=running
step=680 time=4.7967267929882729 dt=0.0077667301619626346 residual=0.24369204934794333 checked=false stop=running
step=681 time=4.8044935238512956 dt=0.0077667308630226806 residual=0.24369201440231264 checked=false stop=running
step=682 time=4.8122602553823146 dt=0.0077667315310194522 residual=0.24369198928120325 checked=false stop=running
step=683 time=4.8200269875480659 dt=0.007766732165751339 residual=0.24369196160635223 checked=false stop=running
step=684 time=4.8277937203152632 dt=0.0077667327671975591 residual=0.24369191867321949 checked=false stop=running
step=685 time=4.8355604536507872 dt=0.0077667333355237664 residual=0.24369186059459341 checked=false stop=running
step=686 time=4.8433271875218686 dt=0.0077667338710810706 residual=0.24369180100600488 checked=false stop=running
step=687 time=4.8510939218962674 dt=0.0077667343743989059 residual=0.24369174960593659 checked=false stop=running
step=688 time=4.8588606567424399 dt=0.0077667348461724541 residual=0.24369170104426607 checked=false stop=running
step=689 time=4.8666273920296854 dt=0.0077667352872454378 residual=0.24369165265461121 checked=false stop=running
step=690 time=4.8743941277282747 dt=0.0077667356985893438 residual=0.24369161383709206 checked=false stop=running
step=691 time=4.8821608638095553 dt=0.007766736081280123 residual=0.24369158697651427 checked=false stop=running
step=692 time=4.889927600246029 dt=0.0077667364364736209 residual=0.24369156281868121 checked=false stop=running
step=693 time=4.8976943370114094 dt=0.007766736765380788 residual=0.24369152666766802 checked=false stop=running
step=694 time=4.9054610740806535 dt=0.0077667370692438868 residual=0.24369147098545302 checked=false stop=running
step=695 time=4.9132278114299677 dt=0.0077667373493145496 residual=0.24369140859849325 checked=false stop=running
step=696 time=4.9209945490368021 dt=0.0077667376068346694 residual=0.24369135898648717 checked=false stop=running
step=697 time=4.9287612868798227 dt=0.007766737843020656 residual=0.24369132630954893 checked=false stop=running
step=698 time=4.9365280249388741 dt=0.007766738059051554 residual=0.24369130567553723 checked=false stop=running
step=699 time=4.944294763194935 dt=0.0077667382560612395 residual=0.24369129503474576 checked=false stop=running
step=700 time=4.9520615016300695 dt=0.007766738435134651 residual=0.24369129092706543 checked=false stop=running
step=701 time=4.9598282402128051 dt=0.007766738582736004 residual=0.24369128664945852 checked=false stop=running
step=702 time=4.9675949789084912 dt=0.0077667386956858982 residual=0.24369127315081598 checked=false stop=running
step=703 time=4.9753617177128007 dt=0.0077667388043091441 residual=0.24369124296027822 checked=false stop=running
step=704 time=4.9831284566223921 dt=0.0077667389095910479 residual=0.24369120334759659 checked=false stop=running
step=705 time=4.9908951946442466 dt=0.007766738021854242 residual=0.24369116691782286 checked=false stop=running
step=706 time=4.9986619313430563 dt=0.0077667366988094727 residual=0.24369113386343921 checked=false stop=running
step=707 time=5.0064286668551095 dt=0.0077667355120532456 residual=0.24369109653684587 checked=false stop=running
step=708 time=5.0141954013438923 dt=0.0077667344887829663 residual=0.24369105283864045 checked=false stop=running
step=709 time=5.0219621349965191 dt=0.0077667336526268272 residual=0.24369100984928355 checked=false stop=running
step=710 time=5.0297288680195233 dt=0.0077667330230043064 residual=0.24369097550090299 checked=false stop=running
step=711 time=5.0374956006341307 dt=0.0077667326146077216 residual=0.24369095089603773 checked=false stop=running
step=712 time=5.045262333071153 dt=0.0077667324370224644 residual=0.24369093046004187 checked=false stop=running
step=713 time=5.053029065565652 dt=0.0077667324944991371 residual=0.24369091954905084 checked=false stop=running
step=714 time=5.0607957976345457 dt=0.0077667320688934328 residual=0.24369092923901514 checked=false stop=running
step=715 time=5.0685625294893919 dt=0.0077667318548459022 residual=0.24369095641377056 checked=false stop=running
step=716 time=5.0763292613693451 dt=0.0077667318799536419 residual=0.24369098510360057 checked=false stop=running
step=717 time=5.0840959935144072 dt=0.007766732145061659 residual=0.24369099816207415 checked=false stop=running
step=718 time=5.0918627261598211 dt=0.007766732645413498 residual=0.2436909888083946 checked=false stop=running
step=719 time=5.0996294595306555 dt=0.0077667333708344426 residual=0.24369096110843685 checked=false stop=running
step=720 time=5.1073961938367338 dt=0.0077667343060785063 residual=0.24369091528760647 checked=false stop=running
step=721 time=5.1151629291355913 dt=0.0077667352988576204 residual=0.24369084445051917 checked=false stop=running
step=722 time=5.1229296655339596 dt=0.0077667363983685584 residual=0.24369075758833339 checked=false stop=running
step=723 time=5.1306964031795879 dt=0.0077667376456281873 residual=0.24369068152197501 checked=false stop=running
step=724 time=5.1384631421940155 dt=0.0077667390144273828 residual=0.24369063499260601 checked=false stop=running
step=725 time=5.1462298820000827 dt=0.0077667398060667931 residual=0.24369061959964738 checked=false stop=running
step=726 time=5.1539966218350903 dt=0.0077667398350077998 residual=0.24369062352135687 checked=false stop=running
step=727 time=5.1617633617021648 dt=0.0077667398670747193 residual=0.24369063554386455 checked=false stop=running
step=728 time=5.1695301016045647 dt=0.0077667399023998952 residual=0.24369066046369137 checked=false stop=running
step=729 time=5.177296841545652 dt=0.0077667399410871769 residual=0.24369070625182465 checked=false stop=running
step=730 time=5.1850635815288824 dt=0.0077667399832306487 residual=0.24369076527862371 checked=false stop=running
step=731 time=5.1928303215578167 dt=0.0077667400289339449 residual=0.24369082121843519 checked=false stop=running
step=732 time=5.2005970616361461 dt=0.00776674007832911 residual=0.24369086275457566 checked=false stop=running
step=733 time=5.2083638017677405 dt=0.0077667401315940051 residual=0.24369088462281546 checked=false stop=running
step=734 time=5.2161305419567077 dt=0.0077667401889672744 residual=0.24369088512111445 checked=false stop=running
step=735 time=5.2238972822074672 dt=0.0077667402507599599 residual=0.24369085456000639 checked=false stop=running
step=736 time=5.2316640225248303 dt=0.0077667403173630172 residual=0.24369078216220108 checked=false stop=running
step=737 time=5.2394307629140808 dt=0.0077667403892500968 residual=0.2436906800575227 checked=false stop=running
step=738 time=5.2471975033810558 dt=0.0077667404669752521 residual=0.24369057853987561 checked=false stop=running
step=739 time=5.2549642439322213 dt=0.0077667405511653922 residual=0.24369049732846745 checked=false stop=running
step=740 time=5.2627309845747288 dt=0.0077667406425075665 residual=0.24369043871300231 checked=false stop=running
step=741 time=5.27049772531646 dt=0.0077667407417314161 residual=0.243690406911963 checked=false stop=running
step=742 time=5.2782644661660472 dt=0.0077667408495873764 residual=0.24369042035606167 checked=false stop=running
step=743 time=5.2860312071328686 dt=0.0077667409668213802 residual=0.24369049544448762 checked=false stop=running
step=744 time=5.2937979482270157 dt=0.00776674109414709 residual=0.24369061409620243 checked=false stop=running
step=745 time=5.3015646894592328 dt=0.0077667412322166632 residual=0.24369073639828076 checked=false stop=running
step=746 time=5.3093314308408237 dt=0.0077667413815913858 residual=0.24369083810089107 checked=false stop=running
step=747 time=5.3170981723835373 dt=0.0077667415427132552 residual=0.24369092011398147 checked=false stop=running
step=748 time=5.3248649140994164 dt=0.0077667417158788967 residual=0.2436909872265963 checked=false stop=running
step=749 time=5.3326316560006335 dt=0.0077667419012168448 residual=0.24369102969332748 checked=false stop=running
step=750 time=5.3403983980993024 dt=0.0077667420986693037 residual=0.24369103340997281 checked=false stop=running
step=751 time=5.3481651404072812 dt=0.0077667423079792143 residual=0.24369099651802986 checked=false stop=running
step=752 time=5.3559318829359643 dt=0.0077667425286833134 residual=0.24369092564261455 checked=false stop=running
step=753 time=5.3636986256960757 dt=0.0077667427601116126 residual=0.24369082256194713 checked=false stop=running
step=754 time=5.3714653686974687 dt=0.0077667430013934526 residual=0.24369069331636237 checked=false stop=running
step=755 time=5.379232111948939 dt=0.0077667432514700778 residual=0.24369056125370078 checked=false stop=running
step=756 time=5.3869988554580521 dt=0.0077667435091133448 residual=0.24369046750511358 checked=false stop=running
step=757 time=5.3947655992310022 dt=0.0077667437729499762 residual=0.24369044794214831 checked=false stop=running
step=758 time=5.402532343272493 dt=0.0077667440414905912 residual=0.24369050706254722 checked=false stop=running
step=759 time=5.4102990875856554 dt=0.0077667443131624325 residual=0.24369063328398669 checked=false stop=running
step=760 time=5.4180658321720001 dt=0.0077667445863447192 residual=0.24369082084349986 checked=false stop=running
step=761 time=5.4258325770314055 dt=0.0077667448594053367 residual=0.24369105222898624 checked=false stop=running
step=762 time=5.4335993221621433 dt=0.0077667451307376076 residual=0.24369128331595039 checked=false stop=running
step=763 time=5.4413660675609394 dt=0.007766745398795849 residual=0.24369146687056656 checked=false stop=running
step=764 time=5.4491328132230681 dt=0.0077667456621285345 residual=0.24369157572934397 checked=false stop=running
step=765 time=5.4568995591424763 dt=0.007766745919407912 residual=0.24369160646769364 checked=false stop=running
step=766 time=5.4646663053119315 dt=0.0077667461694551649 residual=0.24369156156580277 checked=false stop=running
step=767 time=5.4724330517231916 dt=0.0077667464112603458 residual=0.24369144995896674 checked=false stop=running
step=768 time=5.4801997983671882 dt=0.0077667466439965112 residual=0.24369131216386683 checked=false stop=running
step=769 time=5.4879665452342161 dt=0.0077667468670277852 residual=0.2436912031157438 checked=false stop=running
step=770 time=5.4957332923141271 dt=0.0077667470799112348 residual=0.24369114451444326 checked=false stop=running
step=771 time=5.5035000395965197 dt=0.007766747282392775 residual=0.24369112158709774 checked=false stop=running
step=772 time=5.5112667870709169 dt=0.0077667474743974641 residual=0.24369112057007231 checked=false stop=running
step=773 time=5.5190335347269315 dt=0.007766747656014786 residual=0.24369115093272053 checked=false stop=running
step=774 time=5.5268002825544116 dt=0.0077667478274797341 residual=0.24369123032386406 checked=false stop=running
step=775 time=5.5345670305435624 dt=0.0077667479891505636 residual=0.24369134728567501 checked=false stop=running
step=776 time=5.5423337786850464 dt=0.0077667481414842761 residual=0.24369148052786055 checked=false stop=running
step=777 time=5.5501005269700574 dt=0.0077667482850108495 residual=0.24369162905531497 checked=false stop=running
step=778 time=5.5578672753903646 dt=0.0077667484203073614 residual=0.24369179153557177 checked=false stop=running
step=779 time=5.5656340239383377 dt=0.0077667485479729886 residual=0.24369193807208284 checked=false stop=running
step=780 time=5.5734007726069432 dt=0.007766748668605882 residual=0.24369203676267118 checked=false stop=running
step=781 time=5.5811675213897258 dt=0.007766748782782773 residual=0.24369208346001012 checked=false stop=running
step=782 time=5.5889342702807676 dt=0.0077667488910420149 residual=0.24369209064747946 checked=false stop=running
step=783 time=5.5967010192746383 dt=0.0077667489938705965 residual=0.24369205793846224 checked=false stop=running
step=784 time=5.6044677683663338 dt=0.0077667490916954957 residual=0.24369198203010947 checked=false stop=running
step=785 time=5.6122345175512134 dt=0.0077667491848795057 residual=0.24369188990148513 checked=false stop=running
step=786 time=5.6200012668249348 dt=0.0077667492737215245 residual=0.24369183093685978 checked=false stop=running
step=787 time=5.6277680161833956 dt=0.0077667493584610246 residual=0.24369183535710323 checked=false stop=running
step=788 time=5.6355347656226824 dt=0.0077667494392863632 residual=0.24369189563861132 checked=false stop=running
step=789 time=5.6433015151390284 dt=0.0077667495163463137 residual=0.2436919921440035 checked=false stop=running
step=790 time=5.6510682647287922 dt=0.0077667495897641029 residual=0.2436921043586798 checked=false stop=running
step=791 time=5.6588350143884458 dt=0.0077667496596532503 residual=0.24369221277275602 checked=false stop=running
step=792 time=5.6666017641145805 dt=0.0077667497261342281 residual=0.24369229164054723 checked=false stop=running
step=793 time=5.6743685139039313 dt=0.0077667497893511399 residual=0.24369232503555771 checked=false stop=running
step=794 time=5.6821352637534188 dt=0.0077667498494874837 residual=0.24369232666171808 checked=false stop=running
step=795 time=5.6899020136601992 dt=0.0077667499067801378 residual=0.24369233123650255 checked=false stop=running
step=796 time=5.6976687636217305 dt=0.0077667499615308574 residual=0.24369235055879493 checked=false stop=running
step=797 time=5.7054355136358446 dt=0.0077667500141144945 residual=0.2436923698110661 checked=false stop=running
step=798 time=5.7132022637008282 dt=0.0077667500649834919 residual=0.24369238190305179 checked=false stop=running
step=799 time=5.7209690138154965 dt=0.0077667501146681996 residual=0.24369239277618787 checked=false stop=running
step=800 time=5.7287357639792695 dt=0.0077667501637727603 residual=0.24369240244660234 checked=false stop=running
step=801 time=5.7365025141922361 dt=0.0077667502129665153 residual=0.24369240104971496 checked=false stop=running
step=802 time=5.7442692644552071 dt=0.0077667502629710523 residual=0.24369238116674533 checked=false stop=running
step=803 time=5.7520360147697502 dt=0.0077667503145431175 residual=0.24369234904049317 checked=false stop=running
step=804 time=5.759802765138204 dt=0.0077667503684539204 residual=0.24369231115684767 checked=false stop=running
step=805 time=5.767569515563669 dt=0.007766750425465381 residual=0.24369224854566343 checked=false stop=running
step=806 time=5.7753362660499734 dt=0.0077667504863041014 residual=0.24369214875570003 checked=false stop=running
step=807 time=5.7831030166016077 dt=0.0077667505516339167 residual=0.24369202428079989 checked=false stop=running
step=808 time=5.7908697672236356 dt=0.0077667506220280092 residual=0.24369188689476592 checked=false stop=running
step=809 time=5.7986365179215769 dt=0.0077667506979415945 residual=0.24369172439626965 checked=false stop=running
step=810 time=5.8064032687012634 dt=0.0077667507796862897 residual=0.24369152003704314 checked=false stop=running
step=811 time=5.814170019568671 dt=0.0077667508674072192 residual=0.2436912842388578 checked=false stop=running
step=812 time=5.8219367705297351 dt=0.0077667509610639431 residual=0.24369106066328616 checked=false stop=running
step=813 time=5.8297035215901509 dt=0.0077667510604161796 residual=0.24369088027951857 checked=false stop=running
step=814 time=5.8374702727551666 dt=0.007766751165015259 residual=0.24369075489462955 checked=false stop=running
step=815 time=5.8452370240293687 dt=0.0077667512742020575 residual=0.2436906980447397 checked=false stop=running
step=816 time=5.8530037754164805 dt=0.0077667513871120825 residual=0.24369071431566405 checked=false stop=running
step=817 time=5.8607705269191683 dt=0.0077667515026881183 residual=0.24369077425303456 checked=false stop=running
step=818 time=5.8685372785388692 dt=0.007766751619700662 residual=0.24369082821862467 checked=false stop=running
step=819 time=5.8763040302756453 dt=0.0077667517367761823 residual=0.2436908395563839 checked=false stop=running
step=820 time=5.8840707821280782 dt=0.0077667518524329121 residual=0.2436908052346369 checked=false stop=running
step=821 time=5.8918375340932023 dt=0.0077667519651236803 residual=0.24369072318277141 checked=false stop=running
step=822 time=5.899604286166487 dt=0.0077667520732850074 residual=0.24369057550930898 checked=false stop=running
step=823 time=5.9073710383418785 dt=0.0077667521753914193 residual=0.24369037017940065 checked=false stop=running
step=824 time=5.915137790611892 dt=0.0077667522700137076 residual=0.24369014377188766 checked=false stop=running
step=825 time=5.922904542967772 dt=0.007766752355879575 residual=0.24368991965528361 checked=false stop=running
step=826 time=5.9306712953997067 dt=0.0077667524319349809 residual=0.24368970883929142 checked=false stop=running
step=827 time=5.9384380478971108 dt=0.0077667524974042706 residual=0.24368951613778952 checked=false stop=running
step=828 time=5.9462048004489576 dt=0.0077667525518471097 residual=0.24368934900821532 checked=false stop=running
step=829 time=5.9539715530441679 dt=0.0077667525952101139 residual=0.24368921310741259 checked=false stop=running
step=830 time=5.9617383056720392 dt=0.0077667526278711362 residual=0.24368908412871315 checked=false stop=running
step=831 time=5.9695050583227136 dt=0.0077667526506741708 residual=0.24368896238751231 checked=false stop=running
step=832 time=5.9772718109876664 dt=0.0077667526649530284 residual=0.24368887957203775 checked=false stop=running
step=833 time=5.9850385636602086 dt=0.0077667526725421245 residual=0.24368883905596275 checked=false stop=running
step=834 time=5.9928053163359811 dt=0.0077667526757729619 residual=0.24368881542368787 checked=false stop=running
step=835 time=6.0005720690134368 dt=0.0077667526774553583 residual=0.24368878462815904 checked=false stop=running
step=836 time=6.0083388216942799 dt=0.007766752680842739 residual=0.24368873639674801 checked=false stop=running
step=837 time=6.016105574383861 dt=0.0077667526895813825 residual=0.24368867390258811 checked=false stop=running
step=838 time=6.0238723270915049 dt=0.0077667527076440198 residual=0.24368857838313776 checked=false stop=running
step=839 time=6.0316390798307538 dt=0.0077667527392486571 residual=0.24368842150836034 checked=false stop=running
step=840 time=6.0394058326195177 dt=0.0077667527887640992 residual=0.24368821333348675 checked=false stop=running
step=841 time=6.0471725854801219 dt=0.0077667528606041704 residual=0.24368799039810191 checked=false stop=running
step=842 time=6.0549393384392349 dt=0.0077667529591131492 residual=0.24368779813542898 checked=false stop=running
step=843 time=6.06270609152768 dt=0.0077667530884453747 residual=0.24368765375605542 checked=false stop=running
step=844 time=6.0704728447801228 dt=0.0077667532524423703 residual=0.24368753362018281 checked=false stop=running
step=845 time=6.0782395982346342 dt=0.0077667534545111296 residual=0.24368742761427079 checked=false stop=running
step=846 time=6.0860063519321415 dt=0.0077667536975074801 residual=0.24368733222125399 checked=false stop=running
step=847 time=6.09377310591577 dt=0.0077667539836282842 residual=0.24368723014583474 checked=false stop=running
step=848 time=6.1015398602300861 dt=0.0077667543143164616 residual=0.24368711648255378 checked=false stop=running
step=849 time=6.1093066149202686 dt=0.0077667546901823694 residual=0.24368699450001585 checked=false stop=running
step=850 time=6.1170733700312132 dt=0.007766755110944875 residual=0.24368685691015815 checked=false stop=running
step=851 time=6.1248401256066085 dt=0.0077667555753948708 residual=0.24368672010476172 checked=false stop=running
step=852 time=6.132606881687992 dt=0.007766756081383417 residual=0.24368660889646215 checked=false stop=running
step=853 time=6.1403736383138279 dt=0.0077667566258360068 residual=0.24368653344076532 checked=false stop=running
step=854 time=6.1481403955186211 dt=0.0077667572047935033 residual=0.24368647039707958 checked=false stop=running
step=855 time=6.1559071533321008 dt=0.0077667578134795771 residual=0.24368637297205284 checked=false stop=running
step=856 time=6.1636739117784947 dt=0.0077667584463934174 residual=0.24368625256726925 checked=false stop=running
step=857 time=6.1714406708759206 dt=0.0077667590974256264 residual=0.24368617966936693 checked=false stop=running
step=858 time=6.1792074306359153 dt=0.0077667597599943589 residual=0.2436861604391376 checked=false stop=running
step=859 time=6.1869741910631131 dt=0.0077667604271978406 residual=0.24368616579564795 checked=false stop=running
step=860 time=6.194740952155092 dt=0.0077667610919788018 residual=0.24368617926377781 checked=false stop=running
step=861 time=6.2025077139023876 dt=0.0077667617472957275 residual=0.2436861959286129 checked=false stop=running
step=862 time=6.2102744762886832 dt=0.0077667623862954036 residual=0.2436862146261925 checked=false stop=running
step=863 time=6.2180412392911641 dt=0.0077667630024810582 residual=0.24368621530468293 checked=false stop=running
step=864 time=6.2258080028810348 dt=0.0077667635898703812 residual=0.24368616857752301 checked=false stop=running
step=865 time=6.233574767024173 dt=0.0077667641431378781 residual=0.24368607360574676 checked=false stop=running
step=866 time=6.2413415316819094 dt=0.0077667646577364823 residual=0.24368595912979216 checked=false stop=running
step=867 time=6.2491082968119036 dt=0.0077667651299939766 residual=0.24368588350628134 checked=false stop=running
step=868 time=6.2568750623690841 dt=0.0077667655571805909 residual=0.24368587392065033 checked=false stop=running
step=869 time=6.2646418283066296 dt=0.0077667659375451501 residual=0.24368590582256944 checked=false stop=running
step=870 time=6.2724085945769481 dt=0.0077667662703183385 residual=0.24368596023056061 checked=false stop=running
step=871 time=6.2801753611326312 dt=0.007766766555682798 residual=0.24368602880668991 checked=false stop=running
step=872 time=6.2879421279273426 dt=0.0077667667947111229 residual=0.24368610215009839 checked=false stop=running
step=873 time=6.2957088949166167 dt=0.0077667669892740772 residual=0.2436861834186696 checked=false stop=running
step=874 time=6.3034756620585393 dt=0.0077667671419226151 residual=0.24368627459861122 checked=false stop=running
step=875 time=6.3112424293142873 dt=0.0077667672557483591 residual=0.24368636394529955 checked=false stop=running
step=876 time=6.3190091966485156 dt=0.007766767334228237 residual=0.24368644207924942 checked=false stop=running
step=877 time=6.3267759640295749 dt=0.0077667673810596517 residual=0.24368649296824632 checked=false stop=running
step=878 time=6.3345427314295684 dt=0.0077667673999932 residual=0.24368650949322451 checked=false stop=running
step=879 time=6.3423094988242381 dt=0.0077667673946701004 residual=0.2436865069779833 checked=false stop=running
step=880 time=6.3500762661927093 dt=0.0077667673684715267 residual=0.2436865573147298 checked=false stop=running
step=881 time=6.3578430335170957 dt=0.0077667673243866841 residual=0.24368672360240179 checked=false stop=running
step=882 time=6.3656098007820017 dt=0.0077667672649057856 residual=0.24368699331516117 checked=false stop=running
step=883 time=6.3733765679739447 dt=0.0077667671919432937 residual=0.24368725253193455 checked=false stop=running
step=884 time=6.3811433350807398 dt=0.0077667671067954015 residual=0.24368746529186583 checked=false stop=running
step=885 time=6.3889101020908745 dt=0.0077667670101345754 residual=0.2436876864564286 checked=false stop=running
step=886 time=6.396676868992917 dt=0.0077667669020422382 residual=0.24368794091360674 checked=false stop=running
step=887 time=6.4044436357749959 dt=0.0077667667820790843 residual=0.24368821478579203 checked=false stop=running
step=888 time=6.4122104024243871 dt=0.0077667666493908376 residual=0.24368849448191282 checked=false stop=running
step=889 time=6.4199771689272325 dt=0.0077667665028455018 residual=0.24368876741630124 checked=false stop=running
step=890 time=6.4277439352684294 dt=0.0077667663411966426 residual=0.24368901081453545 checked=false stop=running
step=891 time=6.4355107014316948 dt=0.0077667661632658067 residual=0.2436891870537177 checked=false stop=running
step=892 time=6.443277467399831 dt=0.007766765968136022 residual=0.24368925944753214 checked=false stop=running
step=893 time=6.4510442331551783 dt=0.0077667657553473933 residual=0.24368921401303734 checked=false stop=running
step=894 time=6.4588109986802635 dt=0.0077667655250853096 residual=0.24368912582844593 checked=false stop=running
step=895 time=6.4665777639586155 dt=0.0077667652783516413 residual=0.24368917440486801 checked=false stop=running
step=896 time=6.4743445289757249 dt=0.0077667650171094156 residual=0.24368938835962631 checked=false stop=running
step=897 time=6.4821112937201173 dt=0.0077667647443922889 residual=0.24368964398988369 checked=false stop=running
step=898 time=6.4898780581844884 dt=0.0077667644643709521 residual=0.24368987157632099 checked=false stop=running
step=899 time=6.4976448223668584 dt=0.0077667641823702185 residual=0.2436900659300425 checked=false stop=running
step=900 time=6.5054115862716904 dt=0.0077667639048321262 residual=0.24369024474664427 checked=false stop=running
step=901 time=6.5131783499109126 dt=0.0077667636392224591 residual=0.2436904139358502 checked=false stop=running
step=902 time=6.5209451133047933 dt=0.0077667633938803505 residual=0.24369055452840513 checked=false stop=running
step=903 time=6.528711876482606 dt=0.0077667631778128472 residual=0.24369067379626283 checked=false stop=running
step=904 time=6.536478639483045 dt=0.0077667630004387917 residual=0.24369080850191885 checked=false stop=running
step=905 time=6.5442454023543339 dt=0.0077667628712886731 residual=0.24369097311900473 checked=false stop=running
step=906 time=6.5520121651540029 dt=0.0077667627996692388 residual=0.24369113916659621 checked=false stop=running
step=907 time=6.5597789279483063 dt=0.0077667627943036046 residual=0.24369125714819376 checked=false stop=running
step=908 time=6.5675456908112659 dt=0.0077667628629592084 residual=0.24369130551898366 checked=false stop=running
step=909 time=6.5753124538233427 dt=0.0077667630120771772 residual=0.24369134320151692 checked=false stop=running
step=910 time=6.5830792170697601 dt=0.0077667632464173469 residual=0.24369143616975408 checked=false stop=running
step=911 time=6.5908459806384938 dt=0.0077667635687335076 residual=0.24369157961876467 checked=false stop=running
step=912 time=6.598612744617987 dt=0.007766763979493046 residual=0.24369175534637147 checked=false stop=running
step=913 time=6.6063795090946416 dt=0.007766764476654359 residual=0.24369196099890553 checked=false stop=running
step=914 time=6.6141462741501558 dt=0.0077667650555139564 residual=0.24369219011587867 checked=false stop=running
step=915 time=6.6219130398587893 dt=0.0077667657086333431 residual=0.24369240657414279 checked=false stop=running
step=916 time=6.6296798062846429 dt=0.0077667664258532759 residual=0.24369256037093892 checked=false stop=running
step=917 time=6.6374465734790435 dt=0.0077667671944003317 residual=0.24369267664975161 checked=false stop=running
step=918 time=6.6452133414781311 dt=0.0077667679990876164 residual=0.24369287584231258 checked=false stop=running
step=919 time=6.6529801103007395 dt=0.0077667688226081156 residual=0.24369319243347201 checked=false stop=running
step=920 time=6.6607468799466556 dt=0.0077667696459158908 residual=0.24369351881085968 checked=false stop=running
step=921 time=6.6685136503953428 dt=0.0077667704486869106 residual=0.24369375463771484 checked=false stop=running
step=922 time=6.676280421605191 dt=0.0077667712098481107 residual=0.24369388561480773 checked=false stop=running
step=923 time=6.6840471935133516 dt=0.007766771908160359 residual=0.24369396412813665 checked=false stop=running
step=924 time=6.6918139660361904 dt=0.0077667725228383862 residual=0.24369406186543341 checked=false stop=running
step=925 time=6.6995807390703792 dt=0.0077667730341886973 residual=0.24369421377834438 checked=false stop=running
step=926 time=6.707347512494624 dt=0.0077667734242449892 residual=0.24369439835696721 checked=false stop=running
step=927 time=6.7151142861720041 dt=0.0077667736773797203 residual=0.24369456244574836 checked=false stop=running
step=928 time=6.7228810599528748 dt=0.0077667737808703964 residual=0.24369465749463712 checked=false stop=running
step=929 time=6.7306478336782742 dt=0.0077667737253997362 residual=0.24369465035131038 checked=false stop=running
step=930 time=6.7384146071837447 dt=0.0077667735054702449 residual=0.24369451505337045 checked=false stop=running
step=931 time=6.7461813803034607 dt=0.0077667731197158677 residual=0.24369428026682213 checked=false stop=running
step=932 time=6.7539481528745569 dt=0.0077667725710961503 residual=0.24369412250829151 checked=false stop=running
step=933 time=6.7617149247415185 dt=0.0077667718669617858 residual=0.24369420819451204 checked=false stop=running
step=934 time=6.7694816957605033 dt=0.0077667710189843813 residual=0.24369444317556943 checked=false stop=running
step=935 time=6.7772484658034511 dt=0.0077667700429475579 residual=0.24369464109590963 checked=false stop=running
step=936 time=6.7850152347618522 dt=0.0077667689584012016 residual=0.2436947173950354 checked=false stop=running
step=937 time=6.7927820025500374 dt=0.0077667677881853251 residual=0.24369468352015611 checked=false stop=running
step=938 time=6.8005487691078725 dt=0.0077667665578347398 residual=0.24369459848064667 checked=false stop=running
step=939 time=6.8083155344027526 dt=0.0077667652948801491 residual=0.24369454332532486 checked=false stop=running
step=940 time=6.8160822984308176 dt=0.0077667640280653788 residual=0.24369457896418395 checked=false stop=running
step=941 time=6.8238490612173219 dt=0.0077667627865039748 residual=0.24369468125537494 checked=false stop=running
step=942 time=6.831615822816123 dt=0.0077667615988012591 residual=0.24369475313303215 checked=false stop=running
step=943 time=6.8393825833082929 dt=0.0077667604921699239 residual=0.24369470954350914 checked=false stop=running
step=944 time=6.8471493427998613 dt=0.0077667594915684203 residual=0.24369451617307006 checked=false stop=running
step=945 time=6.8549161014187527 dt=0.0077667586188914142 residual=0.24369421275812836 checked=false stop=running
step=946 time=6.8626828593109934 dt=0.0077667578922407899 residual=0.2436939675850342 checked=false stop=running
step=947 time=6.8704496166362974 dt=0.0077667573253036226 residual=0.24369395022777132 checked=false stop=running
step=948 time=6.8782163735631583 dt=0.0077667569268606435 residual=0.24369408968448314 checked=false stop=running
step=949 time=6.885983130263603 dt=0.0077667567004449153 residual=0.2436942032669342 checked=false stop=running
step=950 time=6.8937498869077682 dt=0.0077667566441656025 residual=0.24369425173847559 checked=false stop=running
step=951 time=6.9015166436584749 dt=0.0077667567507065348 residual=0.24369425550472512 checked=false stop=running
step=952 time=6.909283400665978 dt=0.0077667570075032758 residual=0.24369419268523732 checked=false stop=running
step=953 time=6.9170501580630743 dt=0.0077667573970963541 residual=0.24369410514765782 checked=false stop=running
step=954 time=6.9248169159607267 dt=0.0077667578976520256 residual=0.24369409052317414 checked=false stop=running
step=955 time=6.9325836744443627 dt=0.0077667584836359034 residual=0.24369417216468775 checked=false stop=running
step=956 time=6.9403504335709822 dt=0.0077667591266190831 residual=0.24369427166792229 checked=false stop=running
step=957 time=6.9481171933671737 dt=0.0077667597961912464 residual=0.24369431629486696 checked=false stop=running
step=958 time=6.955883953828125 dt=0.0077667604609509963 residual=0.24369427163816779 checked=false stop=running
step=959 time=6.963650714917665 dt=0.0077667610895403496 residual=0.2436941074369762 checked=false stop=running
step=960 time=6.9714174765693535 dt=0.0077667616516881068 residual=0.24369386629540779 checked=false stop=running
step=961 time=6.9791842386885792 dt=0.0077667621192259971 residual=0.24369371480194743 checked=false stop=running
step=962 time=6.9869510011556208 dt=0.0077667624670418002 residual=0.24369373166377675 checked=false stop=running
step=963 time=6.9947177638295566 dt=0.0077667626739354361 residual=0.24369379571666411 checked=false stop=running
step=964 time=7.0024845265529034 dt=0.007766762723347048 residual=0.24369378927410792 checked=false stop=running
step=965 time=7.0102512891568338 dt=0.0077667626039302608 residual=0.24369372408681103 checked=false stop=running
step=966 time=7.0180180514667834 dt=0.0077667623099492494 residual=0.2436936505684297 checked=false stop=running
step=967 time=7.0257848133082677 dt=0.0077667618414842257 residual=0.24369358466414195 checked=false stop=running
step=968 time=7.0335515745127051 dt=0.007766761204437045 residual=0.24369359462243409 checked=false stop=running
step=969 time=7.0413183347383237 dt=0.0077667602256186932 residual=0.2436937377212986 checked=false stop=running
step=970 time=7.0490850937393175 dt=0.0077667590009934664 residual=0.24369395084399356 checked=false stop=running
step=971 time=7.0568518514418805 dt=0.0077667577025627666 residual=0.24369414010153931 checked=false stop=running
step=972 time=7.0646186078027622 dt=0.0077667563608815387 residual=0.24369423606325155 checked=false stop=running
step=973 time=7.0723853628106301 dt=0.0077667550078680536 residual=0.24369420425008023 checked=false stop=running
step=974 time=7.0801521164863717 dt=0.0077667536757416366 residual=0.24369409133118389 checked=false stop=running
step=975 time=7.0879188688823298 dt=0.0077667523959579592 residual=0.24369399869646816 checked=false stop=running
step=976 time=7.0956856200805101 dt=0.0077667511981803408 residual=0.24369400836336594 checked=false stop=running
step=977 time=7.1034523701898342 dt=0.0077667501093240778 residual=0.24369412456920056 checked=false stop=running
step=978 time=7.1112191193425422 dt=0.0077667491527078454 residual=0.24369428327984605 checked=false stop=running
step=979 time=7.1189858676898847 dt=0.0077667483473421294 residual=0.24369445877604828 checked=false stop=running
step=980 time=7.1267526153972636 dt=0.0077667477073790903 residual=0.24369462177143156 checked=false stop=running
step=981 time=7.134519362639006 dt=0.0077667472417421108 residual=0.24369467604093725 checked=false stop=running
step=982 time=7.142286109592952 dt=0.0077667469539461163 residual=0.24369465425010417 checked=false stop=running
step=983 time=7.1500528563842343 dt=0.0077667467912824273 residual=0.24369474056256285 checked=false stop=running
step=984 time=7.1578196030046284 dt=0.0077667466203937205 residual=0.24369500493954718 checked=false stop=running
step=985 time=7.1655863496216412 dt=0.0077667466170127401 residual=0.24369530851314714 checked=false stop=running
step=986 time=7.1733530963937184 dt=0.0077667467720775674 residual=0.24369551844120241 checked=false stop=running
step=987 time=7.1811198434656252 dt=0.0077667470719067272 residual=0.24369562823784793 checked=false stop=running
step=988 time=7.1888865909644259 dt=0.0077667474988010292 residual=0.24369573175468606 checked=false stop=running
step=989 time=7.1966533389962013 dt=0.007766748031775514 residual=0.24369584766870037 checked=false stop=running
step=990 time=7.2044200876435918 dt=0.0077667486473908332 residual=0.24369594710312958 checked=false stop=running
step=991 time=7.2121868369642419 dt=0.0077667493206502345 residual=0.24369606542333169 checked=false stop=running
step=992 time=7.2199535869901679 dt=0.0077667500259262267 residual=0.24369623389234799 checked=false stop=running
step=993 time=7.2277203377280488 dt=0.0077667507378806847 residual=0.24369640831560616 checked=false stop=running
step=994 time=7.235487089160392 dt=0.0077667514323431141 residual=0.2436965232417688 checked=false stop=running
step=995 time=7.2432538412475065 dt=0.0077667520871144051 residual=0.2436965547168766 checked=false stop=running
step=996 time=7.251020593930174 dt=0.0077667526826670566 residual=0.24369655581630556 checked=false stop=running
step=997 time=7.2587873471328921 dt=0.0077667532027178837 residual=0.24369660966121007 checked=false stop=running
step=998 time=7.2665541007675474 dt=0.0077667536346549063 residual=0.24369673699524547 checked=false stop=running
step=999 time=7.2743208547373541 dt=0.0077667539698066598 residual=0.24369697707529864 checked=false stop=running
step=1000 time=7.2820876089409028 dt=0.0077667542035488261 residual=0.24369726476362219 checked=false stop=running
step=1001 time=7.2898543632761523 dt=0.0077667543352499466 residual=0.24369748112075187 checked=false stop=running
step=1002 time=7.2976211176442165 dt=0.0077667543680645162 residual=0.24369756894860958 checked=false stop=running
step=1003 time=7.3053878719528047 dt=0.007766754308587801 residual=0.24369756769905521 checked=false stop=running
step=1004 time=7.3131546261191964 dt=0.0077667541663919062 residual=0.24369759563418716 checked=false stop=running
step=1005 time=7.3209213800726634 dt=0.0077667539534669464 residual=0.24369776622266998 checked=false stop=running
step=1006 time=7.3286881337562573 dt=0.0077667536835942302 residual=0.24369798300510753 checked=false stop=running
step=1007 time=7.3364548871279371 dt=0.0077667533716802052 residual=0.24369816673237241 checked=false stop=running
step=1008 time=7.3442216401610176 dt=0.0077667530330805231 residual=0.24369835494041364 checked=false stop=running
step=1009 time=7.3519883928439604 dt=0.0077667526829428134 residual=0.2436985440176864 checked=false stop=running
step=1010 time=7.3597551451795553 dt=0.0077667523355947534 residual=0.24369868582562892 checked=false stop=running
step=1011 time=7.3675218971835568 dt=0.0077667520040010894 residual=0.24369874458425647 checked=false stop=running
step=1012 time=7.3752886488828659 dt=0.0077667516993092239 residual=0.24369874961494892 checked=false stop=running
step=1013 time=7.3830554003133644 dt=0.0077667514304983268 residual=0.24369883550981147 checked=false stop=running
step=1014 time=7.3908221515175061 dt=0.0077667512041418047 residual=0.2436990336526032 checked=false stop=running
step=1015 time=7.3985889025417935 dt=0.0077667510242875413 residual=0.24369924474670351 checked=false stop=running
step=1016 time=7.4063556534342485 dt=0.0077667508924550016 residual=0.24369945351286343 checked=false stop=running
step=1017 time=7.4141224042419918 dt=0.0077667508077431556 residual=0.24369962545652668 checked=false stop=running
step=1018 time=7.4218891550090307 dt=0.0077667507670385657 residual=0.24369973696049166 checked=false stop=running
step=1019 time=7.4296559057743394 dt=0.0077667507653090889 residual=0.24369980789333898 checked=false stop=running
step=1020 time=7.4374226565703045 dt=0.0077667507959653876 residual=0.24369988349174221 checked=false stop=running
step=1021 time=7.4451894074215748 dt=0.0077667508512704484 residual=0.24370002945007499 checked=false stop=running
step=1022 time=7.4529561583443504 dt=0.0077667509227759418 residual=0.24370022505505948 checked=false stop=running
step=1023 time=7.4607229093461145 dt=0.007766751001764184 residual=0.24370034784551448 checked=false stop=running
step=1024 time=7.4684896604257895 dt=0.0077667510796752262 residual=0.24370045616174149 checked=false stop=running
step=1025 time=7.4762564115742896 dt=0.0077667511485002621 residual=0.24370058217049714 checked=false stop=running
step=1026 time=7.484023162775415 dt=0.0077667512011250746 residual=0.24370070674507249 checked=false stop=running
step=1027 time=7.4917899140070254 dt=0.0077667512316102879 residual=0.24370080178753833 checked=false stop=running
step=1028 time=7.4995566652424239 dt=0.0077667512353988338 residual=0.24370085604555811 checked=false stop=running
step=1029 time=7.507323416451869 dt=0.0077667512094447356 residual=0.2437009277739498 checked=false stop=running
step=1030 time=7.5150901676041304 dt=0.0077667511522614618 residual=0.24370106535627975 checked=false stop=running
step=1031 time=7.5228569186680225 dt=0.007766751063891705 residual=0.24370116835707764 checked=false stop=running
step=1032 time=7.5306236696138269 dt=0.0077667509458041262 residual=0.24370126800814729 checked=false stop=running
step=1033 time=7.5383904204145527 dt=0.0077667508007256717 residual=0.24370137114531043 checked=false stop=running
step=1034 time=7.546157171046973 dt=0.0077667506324206638 residual=0.24370145767813758 checked=false stop=running
step=1035 time=7.5539239214924025 dt=0.0077667504454297896 residual=0.24370153274258005 checked=false stop=running
step=1036 time=7.5616906717371855 dt=0.007766750244783337 residual=0.24370160158054044 checked=false stop=running
step=1037 time=7.5694574217728894 dt=0.0077667500357034968 residual=0.24370169065659703 checked=false stop=running
step=1038 time=7.5772241715961997 dt=0.0077667498233103798 residual=0.2437018275947892 checked=false stop=running
step=1039 time=7.5849909212085453 dt=0.0077667496123455639 residual=0.24370191956760581 checked=false stop=running
step=1040 time=7.5927576706154705 dt=0.007766749406925305 residual=0.24370200475988693 checked=false stop=running
step=1041 time=7.6005244198258044 dt=0.0077667492103338787 residual=0.24370211571485192 checked=false stop=running
step=1042 time=7.6082911688506689 dt=0.0077667490248649138 residual=0.24370222479359482 checked=false stop=running
step=1043 time=7.6160579177023848 dt=0.0077667488517161529 residual=0.24370231796463473 checked=false stop=running
step=1044 time=7.6238246663933253 dt=0.0077667486909402611 residual=0.24370239258126858 checked=false stop=running
step=1045 time=7.6315914149347774 dt=0.0077667485414516721 residual=0.2437024751585094 checked=false stop=running
step=1046 time=7.6393581633358645 dt=0.0077667484010868646 residual=0.24370260582498371 checked=false stop=running
step=1047 time=7.6471249116025772 dt=0.0077667482667131676 residual=0.24370270974079142 checked=false stop=running
step=1048 time=7.6548916597369567 dt=0.0077667481343792286 residual=0.24370279222794114 checked=false stop=running
step=1049 time=7.6626584077364557 dt=0.0077667479994986523 residual=0.24370288539828205 checked=false stop=running
step=1050 time=7.670425155593513 dt=0.007766747857057347 residual=0.24370297169577643 checked=false stop=running
step=1051 time=7.678191903295347 dt=0.0077667477018343346 residual=0.24370304552559538 checked=false stop=running
step=1052 time=7.6859586508239728 dt=0.0077667475286257249 residual=0.24370310678582899 checked=false stop=running
step=1053 time=7.6937253981564346 dt=0.0077667473324619435 residual=0.24370316616979984 checked=false stop=running
step=1054 time=7.7014921452652434 dt=0.0077667471088088405 residual=0.24370325211023899 checked=false stop=running
step=1055 time=7.7092588921189877 dt=0.0077667468537446303 residual=0.24370331890980731 checked=false stop=running
step=1056 time=7.7170256386830935 dt=0.0077667465641058486 residual=0.24370336432522435 checked=false stop=running
step=1057 time=7.7247923849206908 dt=0.0077667462375971873 residual=0.24370342891888921 checked=false stop=running
step=1058 time=7.7325591307935522 dt=0.0077667458728617701 residual=0.24370349281286896 checked=false stop=running
step=1059 time=7.7403258762630625 dt=0.0077667454695102382 residual=0.2437035421602621 checked=false stop=running
step=1060 time=7.7480926212818932 dt=0.0077667450188310472 residual=0.24370358792380428 checked=false stop=running
step=1061 time=7.7558593657007604 dt=0.0077667444188675603 residual=0.24370364824475599 checked=false stop=running
step=1062 time=7.7636261094873165 dt=0.0077667437865560377 residual=0.24370374182040611 checked=false stop=running
step=1063 time=7.7713928526127587 dt=0.0077667431254425214 residual=0.24370383345605526 checked=false stop=running
step=1064 time=7.7791595950522208 dt=0.0077667424394625116 residual=0.24370389765143632 checked=false stop=running
step=1065 time=7.786926336784985 dt=0.0077667417327642952 residual=0.24370397730650961 checked=false stop=running
step=1066 time=7.7946930777945109 dt=0.0077667410095259726 residual=0.24370406559378466 checked=false stop=running
step=1067 time=7.8024598180682831 dt=0.0077667402737726567 residual=0.24370414034168195 checked=false stop=running
step=1068 time=7.810226557597483 dt=0.0077667395292001628 residual=0.24370419802517224 checked=false stop=running
step=1069 time=7.8179932963764935 dt=0.007766738779010799 residual=0.24370426021232222 checked=false stop=running
step=1070 time=7.8257600344022595 dt=0.0077667380257663678 residual=0.24370435509117858 checked=false stop=running
step=1071 time=7.8335267716735224 dt=0.0077667372712626106 residual=0.24370445852624625 checked=false stop=running
step=1072 time=7.8412935081899509 dt=0.0077667365164285282 residual=0.24370452853911687 checked=false stop=running
step=1073 time=7.8490602439512038 dt=0.0077667357612530227 residual=0.24370460326352783 checked=false stop=running
step=1074 time=7.8568269789559446 dt=0.0077667350047404323 residual=0.24370468680118471 checked=false stop=running
step=1075 time=7.8645937132008399 dt=0.0077667342448955699 residual=0.2437047552936133 checked=false stop=running
step=1076 time=7.8723604466795782 dt=0.0077667334787379951 residual=0.24370479799607295 checked=false stop=running
step=1077 time=7.8801271793819225 dt=0.0077667327023444562 residual=0.24370482725221881 checked=false stop=running
step=1078 time=7.8878939112928403 dt=0.0077667319109175712 residual=0.24370488340088708 checked=false stop=running
step=1079 time=7.8956606423917188 dt=0.0077667310988782674 residual=0.24370496896142377 checked=false stop=running
step=1080 time=7.9034273726516977 dt=0.0077667302599787888 residual=0.24370503521226186 checked=false stop=running
step=1081 time=7.9111941020391301 dt=0.0077667293874326823 residual=0.24370509880652355 checked=false stop=running
step=1082 time=7.9189608305131873 dt=0.0077667284740576548 residual=0.24370517543272938 checked=false stop=running
step=1083 time=7.9267275580256147 dt=0.0077667275124270862 residual=0.24370524693691231 checked=false stop=running
step=1084 time=7.9344942845206399 dt=0.0077667264950255525 residual=0.24370530154880723 checked=false stop=running
step=1085 time=7.9422610099350441 dt=0.0077667254144038666 residual=0.24370533315834192 checked=false stop=running
step=1086 time=7.9500277341983727 dt=0.0077667242633289741 residual=0.24370536297645748 checked=false stop=running
step=1087 time=7.9577944572332973 dt=0.0077667230349243235 residual=0.24370542405965012 checked=false stop=running
step=1088 time=7.9655611789560936 dt=0.0077667217227964085 residual=0.24370548287226693 checked=false stop=running
step=1089 time=7.973327899277237 dt=0.0077667203211436737 residual=0.24370552300394724 checked=false stop=running
step=1090 time=7.9810946181020812 dt=0.0077667188248442777 residual=0.24370556617212094 checked=false stop=running
step=1091 time=7.9888613353316007 dt=0.0077667172295198608 residual=0.24370561029380863 checked=false stop=running
step=1092 time=7.9966280508631735 dt=0.0077667155315730091 residual=0.24370564880954704 checked=false stop=running
step=1093 time=8.0043947645913711 dt=0.0077667137281968394 residual=0.24370567062751117 checked=false stop=running
step=1094 time=8.0121614764087266 dt=0.0077667118173559146 residual=0.24370567250876718 checked=false stop=running
step=1095 time=8.0199281862064655 dt=0.0077667097977385099 residual=0.24370568307421955 checked=false stop=running
step=1096 time=8.0276948938751467 dt=0.0077667076686810856 residual=0.24370571096519106 checked=false stop=running
step=1097 time=8.0354615993052132 dt=0.0077667054300666815 residual=0.24370572469249954 checked=false stop=running
step=1098 time=8.0432283023874138 dt=0.0077667030821997798 residual=0.2437057304175631 checked=false stop=running
step=1099 time=8.0509950030130746 dt=0.0077667006256609437 residual=0.2437057397318286 checked=false stop=running
step=1100 time=8.0587617010742196 dt=0.0077666980611452337 residual=0.24370576013055037 checked=false stop=running
step=1101 time=8.0665283964635091 dt=0.0077666953892890416 residual=0.24370578779001309 checked=false stop=running
step=1102 time=8.0742950890739991 dt=0.0077666926104903011 residual=0.24370580879998899 checked=false stop=running
step=1103 time=8.0820617787987263 dt=0.0077666897247275464 residual=0.24370582231107474 checked=false stop=running
step=1104 time=8.0898284655301094 dt=0.0077666867313832049 residual=0.24370584918897173 checked=false stop=running
step=1105 time=8.0975951491591864 dt=0.0077666836290765937 residual=0.24370588161011772 checked=false stop=running
step=1106 time=8.105361829574699 dt=0.0077666804155117983 residual=0.24370590476985637 checked=false stop=running
step=1107 time=8.1131285066620435 dt=0.0077666770873451819 residual=0.24370592186177351 checked=false stop=running
step=1108 time=8.1208951803021208 dt=0.0077666736400766939 residual=0.24370593898771953 checked=false stop=running
step=1109 time=8.1286618503700883 dt=0.0077666700679683244 residual=0.24370596525182853 checked=false stop=running
step=1110 time=8.13642851673408 dt=0.0077666663639922601 residual=0.24370599749865998 checked=false stop=running
step=1111 time=8.1441951792538898 dt=0.0077666625198101625 residual=0.2437060234864574 checked=false stop=running
step=1112 time=8.1519618377796732 dt=0.0077666585257840249 residual=0.24370604384028405 checked=false stop=running
step=1113 time=8.1597284921506912 dt=0.0077666543710179191 residual=0.24370606886130528 checked=false stop=running
step=1114 time=8.1674951421941202 dt=0.007766650043428823 residual=0.24370609198023585 checked=false stop=running
step=1115 time=8.1752617877239633 dt=0.0077666455298437452 residual=0.2437061083601624 checked=false stop=running
step=1116 time=8.1830284285400818 dt=0.0077666408161193431 residual=0.24370611723873256 checked=false stop=running
step=1117 time=8.1907950644273608 dt=0.0077666358872794574 residual=0.24370611933648881 checked=false stop=running
step=1118 time=8.1985616951550266 dt=0.0077666307276653126 residual=0.24370611994417934 checked=false stop=running
step=1119 time=8.2063283204761195 dt=0.0077666253210926248 residual=0.24370611958147551 checked=false stop=running
step=1120 time=8.2140949401271293 dt=0.0077666196510096644 residual=0.24370611142005427 checked=false stop=running
step=1121 time=8.2218615538277788 dt=0.0077666137006502283 residual=0.24370609557507794 checked=false stop=running
step=1122 time=8.2296281612809548 dt=0.0077666074531756247 residual=0.24370607869959582 checked=false stop=running
step=1123 time=8.2373947621727552 dt=0.0077666008918002702 residual=0.24370606095152969 checked=false stop=running
step=1124 time=8.2451613561726518 dt=0.0077665939998960137 residual=0.24370603984814584 checked=false stop=running
step=1125 time=8.2529279429337237 dt=0.0077665867610711018 residual=0.24370601373496617 checked=false stop=running
step=1126 time=8.260694522092944 dt=0.007766579159220674 residual=0.24370598254929038 checked=false stop=running
step=1127 time=8.2684610932714904 dt=0.0077665711785467259 residual=0.24370594735561368 checked=false stop=running
step=1128 time=8.2762276560750365 dt=0.0077665628035465673 residual=0.24370590702134748 checked=false stop=running
step=1129 time=8.283994210094006 dt=0.0077665540189700523 residual=0.24370585776838211 checked=false stop=running
step=1130 time=8.2917607549037537 dt=0.0077665448097469399 residual=0.24370579859896788 checked=false stop=running
step=1131 time=8.2995272900646402 dt=0.0077665351608869147 residual=0.24370573120179054 checked=false stop=running
step=1132 time=8.3072938151219962 dt=0.007766525057355758 residual=0.24370565696867669 checked=false stop=running
step=1133 time=8.3150603296059291 dt=0.0077665144839320693 residual=0.24370558121890135 checked=false stop=running
step=1134 time=8.3228268330309785 dt=0.0077665034250495825 residual=0.2437055074717856 checked=false stop=running
step=1135 time=8.3305933248956094 dt=0.0077664918646306843 residual=0.24370543099351316 checked=false stop=running
step=1136 time=8.3383598046815273 dt=0.0077664797859169762 residual=0.24370534518712311 checked=false stop=running
step=1137 time=8.34612627185283 dt=0.0077664671713027801 residual=0.24370524818717162 checked=false stop=running
step=1138 time=8.3538927258550064 dt=0.0077664540021773459 residual=0.24370514018489609 checked=false stop=running
step=1139 time=8.3616591661137871 dt=0.0077664402587810238 residual=0.24370502322334786 checked=false stop=running
step=1140 time=8.3694255920338669 dt=0.007766425920080167 residual=0.24370490003266618 checked=false stop=running
step=1141 time=8.377192002997532 dt=0.0077664109636645931 residual=0.24370476613050207 checked=false stop=running
step=1142 time=8.384958398363203 dt=0.0077663953656706029 residual=0.24370463485882923 checked=false stop=running
step=1143 time=8.3927247774639344 dt=0.0077663791007313437 residual=0.24370452495129521 checked=false stop=running
step=1144 time=8.4004911396058901 dt=0.0077663621419552494 residual=0.24370442449601162 checked=false stop=running
step=1145 time=8.4082574840668229 dt=0.007766344460931985 residual=0.24370432140177373 checked=false stop=running
step=1146 time=8.4160238100945879 dt=0.0077663260277642792 residual=0.24370420655016078 checked=false stop=running
step=1147 time=8.4237901169057103 dt=0.0077663068111227 residual=0.24370408091404053 checked=false stop=running
step=1148 time=8.4315564036840307 dt=0.0077662867783195805 residual=0.24370396292553578 checked=false stop=running
step=1149 time=8.4393226695794272 dt=0.0077662658953973054 residual=0.24370384546572063 checked=false stop=running
step=1150 time=8.4470889137066525 dt=0.0077662441272254822 residual=0.24370371357483675 checked=false stop=running
step=1151 time=8.4548551351442534 dt=0.0077662214376010268 residual=0.24370359022714433 checked=false stop=running
step=1152 time=8.4626213329335975 dt=0.0077661977893449512 residual=0.24370347330006178 checked=false stop=running
step=1153 time=8.4703875060779872 dt=0.0077661731443895285 residual=0.24370334318293149 checked=false stop=running
step=1154 time=8.4781536535418365 dt=0.0077661474638499386 residual=0.24370320839622139 checked=false stop=running
step=1155 time=8.4859197742499113 dt=0.0077661207080747677 residual=0.24370312681000603 checked=false stop=running
step=1156 time=8.4936858670865814 dt=0.0077660928366706343 residual=0.24370311566095901 checked=false stop=running
step=1157 time=8.5014519308950778 dt=0.0077660638084971322 residual=0.24370309432954435 checked=false stop=running
step=1158 time=8.5092179644767079 dt=0.0077660335816294238 residual=0.24370301898671551 checked=false stop=running
step=1159 time=8.5169839665899953 dt=0.0077660021132870448 residual=0.24370289812580986 checked=false stop=running
step=1160 time=8.5247499359497247 dt=0.0077659693597290193 residual=0.24370274609586604 checked=false stop=running
step=1161 time=8.5325158712258418 dt=0.007765935276116678 residual=0.24370263236054868 checked=false stop=running
step=1162 time=8.5402817710421886 dt=0.0077658998163470903 residual=0.24370265683183137 checked=false stop=running
step=1163 time=8.5480476339750506 dt=0.0077658629328612797 residual=0.24370276670246518 checked=false stop=running
step=1164 time=8.5558134585514836 dt=0.0077658245764327567 residual=0.24370280369699798 checked=false stop=running
step=1165 time=8.5635792432474265 dt=0.0077657846959427335 residual=0.24370269304869424 checked=false stop=running
step=1166 time=8.5713449864855757 dt=0.0077657432381492914 residual=0.24370247615946775 checked=false stop=running
step=1167 time=8.5791106866330349 dt=0.007765700147458309 residual=0.24370230865493062 checked=false stop=running
step=1168 time=8.5868763419987388 dt=0.0077656553657039348 residual=0.24370231841540616 checked=false stop=running
step=1169 time=8.5946419508306846 dt=0.0077656088319464417 residual=0.24370247255911781 checked=false stop=running
step=1170 time=8.602407511312979 dt=0.0077655604822946707 residual=0.24370259119590748 checked=false stop=running
step=1171 time=8.6101730215627388 dt=0.007765510249759495 residual=0.24370255873527669 checked=false stop=running
step=1172 time=8.6179384796268828 dt=0.007765458064143505 residual=0.24370244507104316 checked=false stop=running
step=1173 time=8.6257038834788542 dt=0.00776540385197082 residual=0.24370239878330088 checked=false stop=running
step=1174 time=8.6334692310153134 dt=0.007765347536459191 residual=0.24370247494186531 checked=false stop=running
step=1175 time=8.6412345200528478 dt=0.0077652890375348787 residual=0.24370263286590002 checked=false stop=running
step=1176 time=8.6489997483247372 dt=0.0077652282718889045 residual=0.24370277054178766 checked=false stop=running
step=1177 time=8.656764913477808 dt=0.0077651651530714063 residual=0.24370282598253351 checked=false stop=running
step=1178 time=8.6645300130694274 dt=0.0077650995916191783 residual=0.24370285095338085 checked=false stop=running
step=1179 time=8.6722950445646365 dt=0.0077650314952097694 residual=0.24370292227628554 checked=false stop=running
step=1180 time=8.6800600053334716 dt=0.0077649607688342675 residual=0.24370307651656453 checked=false stop=running
step=1181 time=8.687824892648452 dt=0.0077648873149798146 residual=0.24370330999300155 checked=false stop=running
step=1182 time=8.6955897036822645 dt=0.0077648110338121978 residual=0.24370355385343026 checked=false stop=running
step=1183 time=8.7033544355056129 dt=0.0077647318233485564 residual=0.2437037313331995 checked=false stop=running
step=1184 time=8.7111190850852225 dt=0.0077646495796103894 residual=0.24370384992852448 checked=false stop=running
step=1185 time=8.7188836492819703 dt=0.0077645641967474758 residual=0.24370395682931667 checked=false stop=running
step=1186 time=8.7266481248490955 dt=0.0077644755671242528 residual=0.24370408391098722 checked=false stop=running
step=1187 time=8.7344125084304576 dt=0.007764383581361489 residual=0.24370425268992291 checked=false stop=running
step=1188 time=8.7421767965587858 dt=0.0077642881283275927 residual=0.24370446284783562 checked=false stop=running
step=1189 time=8.7499409856538612 dt=0.0077641890950757714 residual=0.24370467044551 checked=false stop=running
step=1190 time=8.7577050720205865 dt=0.0077640863667253219 residual=0.24370482969810894 checked=false stop=running
step=1191 time=8.7654690518468747 dt=0.0077639798262874099 residual=0.24370495123215247 checked=false stop=running
step=1192 time=8.7732329212013127 dt=0.0077638693544380064 residual=0.24370507504249556 checked=false stop=running
step=1193 time=8.780996676030556 dt=0.007763754829242772 residual=0.24370523016502019 checked=false stop=running
step=1194 time=8.7887603121563966 dt=0.0077636361258407857 residual=0.24370543130292846 checked=false stop=running
step=1195 time=8.7965238252724927 dt=0.0077635131160959303 residual=0.24370567685834738 checked=false stop=running
step=1196 time=8.8042872109407195 dt=0.0077633856682263972 residual=0.24370593527547207 checked=false stop=running
step=1197 time=8.8120504645871431 dt=0.0077632536464241246 residual=0.24370616065251166 checked=false stop=running
step=1198 time=8.8198135814976197 dt=0.0077631169104768949 residual=0.2437063363324555 checked=false stop=running
step=1199 time=8.8275765568130264 dt=0.0077629753154064137 residual=0.24370647860054781 checked=false stop=running
step=1200 time=8.8353393855241613 dt=0.0077628287111356341 residual=0.24370659883881399 checked=false stop=running
step=1201 time=8.8431020624663592 dt=0.0077626769421981759 residual=0.24370670004508482 checked=false stop=running
step=1202 time=8.8508645823138608 dt=0.0077625198475016208 residual=0.24370679904876216 checked=false stop=running
step=1203 time=8.858626939574016 dt=0.0077623572601548474 residual=0.2437069126263475 checked=false stop=running
step=1204 time=8.8663891285813836 dt=0.0077621890073675173 residual=0.24370703143619801 checked=false stop=running
step=1205 time=8.8741511434918099 dt=0.0077620149104271237 residual=0.24370712179024789 checked=false stop=running
step=1206 time=8.8819129782765653 dt=0.0077618347847559612 residual=0.24370716140729892 checked=false stop=running
step=1207 time=8.8896746267166122 dt=0.007761648440046948 residual=0.24370716134634779 checked=false stop=running
step=1208 time=8.8974360823970855 dt=0.00776145568047352 residual=0.24370714543673411 checked=false stop=running
step=1209 time=8.9051973387020507 dt=0.0077612563049650595 residual=0.24370713100146332 checked=false stop=running
step=1210 time=8.9129583888095869 dt=0.0077610501075355233 residual=0.24370713157584561 checked=false stop=running
step=1211 time=8.9207192256872361 dt=0.0077608368776495096 residual=0.24370715409987184 checked=false stop=running
step=1212 time=8.9284798420878424 dt=0.0077606164006068287 residual=0.24370718681377335 checked=false stop=running
step=1213 time=8.9362402305457671 dt=0.0077603884579242497 residual=0.24370719875536007 checked=false stop=running
step=1214 time=8.9440003833734583 dt=0.0077601528276914251 residual=0.24370715212556671 checked=false stop=running
step=1215 time=8.9517602926583351 dt=0.0077599092848772795 residual=0.24370702774982786 checked=false stop=running
step=1216 time=8.9595199502598994 dt=0.0077596576015636111 residual=0.24370683952290922 checked=false stop=running
step=1217 time=8.9672793478069828 dt=0.0077593975470842003 residual=0.24370661533957488 checked=false stop=running
step=1218 time=8.9750384766950333 dt=0.0077591288880506388 residual=0.24370638241490397 checked=false stop=running
step=1219 time=8.9827973280832829 dt=0.0077588513882500126 residual=0.24370616071443224 checked=false stop=running
step=1220 time=8.9905558928916882 dt=0.0077585648084047831 residual=0.24370595306010026 checked=false stop=running
step=1221 time=8.9983141617974791 dt=0.0077582689057911951 residual=0.24370574143996582 checked=false stop=running
step=1222 time=9.0060721252311975 dt=0.0077579634337192529 residual=0.24370549884861739 checked=false stop=running
step=1223 time=9.0138297733720822 dt=0.0077576481408845564 residual=0.24370521133792702 checked=false stop=running
step=1224 time=9.0215870961426923 dt=0.0077573227706093243 residual=0.24370489122910813 checked=false stop=running
step=1225 time=9.0293440832026892 dt=0.0077569870599969379 residual=0.24370456550544956 checked=false stop=running
step=1226 time=9.0371007239417196 dt=0.0077566407390305351 residual=0.24370425421801425 checked=false stop=running
step=1227 time=9.0448570074713714 dt=0.0077562835296513194 residual=0.24370396277102446 checked=false stop=running
step=1228 time=9.0526129226162269 dt=0.0077559151448560997 residual=0.24370368561780367 checked=false stop=running
step=1229 time=9.0603684579040831 dt=0.007755535287855663 residual=0.24370341644310123 checked=false stop=running
step=1230 time=9.0681236015554187 dt=0.0077551436513358697 residual=0.24370315205448986 checked=false stop=running
step=1231 time=9.075878341472281 dt=0.0077547399168615824 residual=0.24370288322645467 checked=false stop=running
step=1232 time=9.083632665226741 dt=0.0077543237544597512 residual=0.24370259800139904 checked=false stop=running
step=1233 time=9.0913865600491537 dt=0.007753894822412153 residual=0.24370229328752518 checked=false stop=running
step=1234 time=9.0991400128164344 dt=0.0077534527672806462 residual=0.24370197678932487 checked=false stop=running
step=1235 time=9.1068930100406131 dt=0.007752997224178609 residual=0.24370165960978932 checked=false stop=running
step=1236 time=9.1146455378579052 dt=0.0077525278172917616 residual=0.24370135033536552 checked=false stop=running
step=1237 time=9.1223975820185448 dt=0.007752044160640399 residual=0.24370105768820299 checked=false stop=running
step=1238 time=9.1301491278776084 dt=0.0077515458590634093 residual=0.24370078789997773 checked=false stop=running
step=1239 time=9.1379001603870016 dt=0.0077510325093933692 residual=0.2437005365191256 checked=false stop=running
step=1240 time=9.145650664088782 dt=0.0077505037017812873 residual=0.24370028363836108 checked=false stop=running
step=1241 time=9.1534006231099028 dt=0.0077499590211206016 residual=0.24369999516011107 checked=false stop=running
step=1242 time=9.1611500211584147 dt=0.0077493980485126811 residual=0.24369965168347779 checked=false stop=running
step=1243 time=9.1688988415211252 dt=0.0077488203627112092 residual=0.24369926679876866 checked=false stop=running
step=1244 time=9.1766470670626052 dt=0.007748225541480502 residual=0.24369886235361835 checked=false stop=running
step=1245 time=9.1843946802254095 dt=0.007747613162803587 residual=0.24369844980677252 checked=false stop=running
step=1246 time=9.1921416630312898 dt=0.0077469828058796212 residual=0.24369803183826008 checked=false stop=running
step=1247 time=9.1998879970831471 dt=0.007746334051857001 residual=0.24369761096464165 checked=false stop=running
step=1248 time=9.207633663567405 dt=0.0077456664842581483 residual=0.24369718972500512 checked=false stop=running
step=1249 time=9.2153786432564697 dt=0.0077449796890640904 residual=0.24369676385415001 checked=false stop=running
step=1250 time=9.2231229165109117 dt=0.0077442732544410657 residual=0.24369632511417061 checked=false stop=running
step=1251 time=9.2308664632810178 dt=0.0077435467701068425 residual=0.24369586845181254 checked=false stop=running
step=1252 time=9.2386092631073691 dt=0.0077427998263506527 residual=0.24369539482558103 checked=false stop=running
step=1253 time=9.246351295120105 dt=0.0077420320127366713 residual=0.24369490711995523 checked=false stop=running
step=1254 time=9.254092538036641 dt=0.0077412429165361844 residual=0.24369441226788566 checked=false stop=running
step=1255 time=9.2618329701575881 dt=0.0077404321209470451 residual=0.24369393104602174 checked=false stop=running
step=1256 time=9.2695725693607578 dt=0.0077395992031702495 residual=0.24369348448587594 checked=false stop=running
step=1257 time=9.277311313093179 dt=0.0077387437324215897 residual=0.24369308676596602 checked=false stop=running
step=1258 time=9.28504917836114 dt=0.0077378652679611221 residual=0.24369273830030289 checked=false stop=running
step=1259 time=9.2927861417183646 dt=0.0077369633572242115 residual=0.24369241921747253 checked=false stop=running
step=1260 time=9.3005221792524999 dt=0.0077360375341351695 residual=0.24369210346761117 checked=false stop=running
step=1261 time=9.3082572665701786 dt=0.0077350873176778709 residual=0.24369177054669192 checked=false stop=running
step=1262 time=9.3159913787809661 dt=0.0077341122107878494 residual=0.24369141068878275 checked=false stop=running
step=1263 time=9.3237244904805827 dt=0.0077331116996172487 residual=0.24369103514344426 checked=false stop=running
step=1264 time=9.3314565757337906 dt=0.0077320852532087661 residual=0.24369067784770795 checked=false stop=running
step=1265 time=9.3391876080573883 dt=0.0077310323235976804 residual=0.24369037610913061 checked=false stop=running
step=1266 time=9.3469175604037318 dt=0.0077299523463432414 residual=0.24369015231294375 checked=false stop=running
step=1267 time=9.3546464051452052 dt=0.0077288447414731037 residual=0.2436900146268702 checked=false stop=running
step=1268 time=9.3623741140600121 dt=0.0077277089148076504 residual=0.24368995794429077 checked=false stop=running
step=1269 time=9.3701006583196289 dt=0.0077265442596161169 residual=0.2436899689279535 checked=false stop=running
step=1270 time=9.3778260084781735 dt=0.0077253501585437968 residual=0.24369002504294246 checked=false stop=running
step=1271 time=9.3855501344639141 dt=0.0077241259857400548 residual=0.24369009489149565 checked=false stop=running
step=1272 time=9.3932730055730254 dt=0.0077228711091105948 residual=0.24369014645854359 checked=false stop=running
step=1273 time=9.4009945904656398 dt=0.0077215848926148085 residual=0.24369015748193945 checked=false stop=running
step=1274 time=9.4087148571641688 dt=0.0077202666985298329 residual=0.24369012875975027 checked=false stop=running
step=1275 time=9.4164337730537753 dt=0.0077189158896071629 residual=0.24369008412971668 checked=false stop=running
step=1276 time=9.4241513048848304 dt=0.0077175318310549849 residual=0.24369004808325795 checked=false stop=running
step=1277 time=9.4318674187771201 dt=0.0077161138922890891 residual=0.24369002457528696 checked=false stop=running
step=1278 time=9.4395820802255272 dt=0.0077146614484069568 residual=0.24369000260080431 checked=false stop=running
step=1279 time=9.44729525410688 dt=0.0077131738813527168 residual=0.24368996866513007 checked=false stop=running
step=1280 time=9.4550069046876342 dt=0.0077116505807542446 residual=0.24368991344103574 checked=false stop=running
step=1281 time=9.4627169956320607 dt=0.0077100909444273299 residual=0.24368983176700629 checked=false stop=running
step=1282 time=9.4704254900106157 dt=0.0077084943785549484 residual=0.24368971951343688 checked=false stop=running
step=1283 time=9.4781323503081776 dt=0.0077068602975614194 residual=0.24368957340665268 checked=false stop=running
step=1284 time=9.4858375384318894 dt=0.0077051881237116711 residual=0.24368939330024328 checked=false stop=running
step=1285 time=9.493541015718364 dt=0.0077034772864741623 residual=0.24368919844943449 checked=false stop=running
step=1286 time=9.5012427429400557 dt=0.0077017272216923574 residual=0.24368902777625875 checked=false stop=running
step=1287 time=9.5089426803106694 dt=0.007699937370613856 residual=0.24368891705338455 checked=false stop=running
step=1288 time=9.5166407874894983 dt=0.0076981071788281737 residual=0.24368888704095432 checked=false stop=running
step=1289 time=9.5243370235846623 dt=0.0076962360951640784 residual=0.24368894319178044 checked=false stop=running
step=1290 time=9.5320313471552574 dt=0.0076943235705953742 residual=0.24368907529521222 checked=false stop=running
step=1291 time=9.5397237162124568 dt=0.0076923690572002516 residual=0.2436892554704046 checked=false stop=running
step=1292 time=9.5474140882196714 dt=0.0076903720072142041 residual=0.24368944694725611 checked=false stop=running
step=1293 time=9.555102420091881 dt=0.0076883318722102481 residual=0.24368962015624696 checked=false stop=running
step=1294 time=9.5627886681943135 dt=0.0076862481024331658 residual=0.24368975141544219 checked=false stop=running
step=1295 time=9.57047278834062 dt=0.007684120146307081 residual=0.2436898155937427 checked=false stop=running
step=1296 time=9.5781547357907488 dt=0.0076819474501282035 residual=0.24368980707947255 checked=false stop=running
step=1297 time=9.5858344652486966 dt=0.0076797294579475026 residual=0.24368976018816124 checked=false stop=running
step=1298 time=9.5935119308603376 dt=0.0076774656116415374 residual=0.24368972543106684 checked=false stop=running
step=1299 time=9.6011870862115014 dt=0.0076751553511640903 residual=0.24368973421950224 checked=false stop=running
step=1300 time=9.6088598843264688 dt=0.0076727981149667911 residual=0.24368979474073083 checked=false stop=running
step=1301 time=9.6165302776670423 dt=0.0076703933405735817 residual=0.24368990759418316 checked=false stop=running
step=1302 time=9.6241982181323333 dt=0.0076679404652917216 residual=0.24369006976148519 checked=false stop=running
step=1303 time=9.631863657059375 dt=0.0076654389270410135 residual=0.2436902592781334 checked=false stop=running
step=1304 time=9.6395265452246583 dt=0.0076628881652827585 residual=0.24369045209633908 checked=false stop=running
step=1305 time=9.647186832846689 dt=0.0076602876220304133 residual=0.24369063571680608 checked=false stop=running
step=1306 time=9.6548444695896141 dt=0.0076576367429249999 residual=0.24369080239884996 checked=false stop=running
step=1307 time=9.6624994045679742 dt=0.007654934978359315 residual=0.2436909520342736 checked=false stop=running
step=1308 time=9.6701515863526097 dt=0.007652181784636258 residual=0.24369109795815175 checked=false stop=running
step=1309 time=9.6778009629777575 dt=0.0076493766251476501 residual=0.24369126533150809 checked=false stop=running
step=1310 time=9.6854474819493177 dt=0.007646518971560717 residual=0.24369147806769664 checked=false stop=running
step=1311 time=9.6930910902543186 dt=0.0076436083050002096 residual=0.24369173581225581 checked=false stop=running
step=1312 time=9.7007317343715336 dt=0.0076406441172146497 residual=0.24369202868376505 checked=false stop=running
step=1313 time=9.7083693602832497 dt=0.0076376259117157909 residual=0.24369235748683313 checked=false stop=running
step=1314 time=9.7160039134881302 dt=0.0076345532048809088 residual=0.24369271275004986 checked=false stop=running
step=1315 time=9.7236353390151393 dt=0.0076314255270082815 residual=0.24369304702027791 checked=false stop=running
step=1316 time=9.7312635814384567 dt=0.0076282424233170051 residual=0.24369331153580709 checked=false stop=running
step=1317 time=9.7388885848933402 dt=0.0076250034548833584 residual=0.24369348489655637 checked=false stop=running
step=1318 time=9.7465102930928467 dt=0.0076217081995069167 residual=0.24369356926311481 checked=false stop=running
step=1319 time=9.754128649345347 dt=0.0076183562525009556 residual=0.24369359785458788 checked=false stop=running
step=1320 time=9.7617435965727495 dt=0.0076149472274028756 residual=0.24369361478003354 checked=false stop=running
step=1321 time=9.7693550773293509 dt=0.0076114807566016974 residual=0.24369362653419724 checked=false stop=running
step=1322 time=9.7769630338212323 dt=0.0076079564918809534 residual=0.24369361145321755 checked=false stop=running
step=1323 time=9.7845674079261098 dt=0.0076043741048766678 residual=0.24369357794555249 checked=false stop=running
step=1324 time=9.7921681412135619 dt=0.0076007332874513433 residual=0.24369357090391192 checked=false stop=running
step=1325 time=9.7997651749655486 dt=0.0075970337519862966 residual=0.24369362708133105 checked=false stop=running
step=1326 time=9.8073584501971443 dt=0.0075932752315960635 residual=0.24369375155167272 checked=false stop=running
step=1327 time=9.8149479076774142 dt=0.0075894574802701908 residual=0.24369391243742841 checked=false stop=running
step=1328 time=9.8225334879503627 dt=0.0075855802729493009 residual=0.24369405067385386 checked=false stop=running
step=1329 time=9.8301151313559068 dt=0.0075816434055439967 residual=0.24369412413078773 checked=false stop=running
step=1330 time=9.8376927780508137 dt=0.0075776466949067246 residual=0.24369411373527158 checked=false stop=running
step=1331 time=9.8452663680295824 dt=0.0075735899787681867 residual=0.24369402742915117 checked=false stop=running
step=1332 time=9.8528358411452341 dt=0.0075694731156509985 residual=0.24369390461614882 checked=false stop=running
step=1333 time=9.8604011371300082 dt=0.0075652959847739617 residual=0.24369377321470026 checked=false stop=running
step=1334 time=9.8679621956159682 dt=0.0075610584859605676 residual=0.24369363778162356 checked=false stop=running
step=1335 time=9.875518956155533 dt=0.0075567605395647826 residual=0.24369350575758333 checked=false stop=running
step=1336 time=9.8830713582419598 dt=0.0075524020864261923 residual=0.24369338869377138 checked=false stop=running
step=1337 time=9.890619301804044 dt=0.007547943562085057 residual=0.24369328172190705 checked=false stop=running
step=1338 time=9.8981626438539205 dt=0.0075433420498765029 residual=0.24369317586761341 checked=false stop=running
step=1339 time=9.9057013192267931 dt=0.0075386753728729234 residual=0.24369306872907937 checked=false stop=running
step=1340 time=9.9132352626991693 dt=0.0075339434723764344 residual=0.2436929342226434 checked=false stop=running
step=1341 time=9.9207644090100757 dt=0.0075291463109071225 residual=0.24369274526666482 checked=false stop=running
step=1342 time=9.9282886928828447 dt=0.0075242838727694501 residual=0.24369251584326662 checked=false stop=running
step=1343 time=9.9358080490475196 dt=0.0075193561646752366 residual=0.24369226230135355 checked=false stop=running
step=1344 time=9.9433224122639334 dt=0.0075143632164132966 residual=0.24369199989467211 checked=false stop=running
step=1345 time=9.9508317173454888 dt=0.0075093050815548696 residual=0.24369176435178858 checked=false stop=running
step=1346 time=9.9583358991836732 dt=0.007504181838183922 residual=0.24369155861394523 checked=false stop=running
step=1347 time=9.9658348927733158 dt=0.0074989935896418169 residual=0.24369134005118204 checked=false stop=running
step=1348 time=9.9733286332385926 dt=0.0074937404652765877 residual=0.24369108166246328 checked=false stop=running
step=1349 time=9.9808170558597809 dt=0.0074884226211878345 residual=0.24369078787318074 checked=false stop=running
step=1350 time=9.9883000961007387 dt=0.0074830402409579886 residual=0.24369046759319044 checked=false stop=running
step=1351 time=9.995777689637098 dt=0.0074775935363598908 residual=0.24369013128692937 checked=false stop=running
step=1352 time=10 dt=0.0042223103629019931 residual=0.24368993892706481 checked=false stop=physical_time_reached
WCNS run stopped: reason=physical_time_reached step=1352 time=10
