case(schema=1,name=case03-vortex-phenglei-100x100,mesh=grids/warped_100x100.cgns,profile=phenglei_wcns,reconstruction=weno_z;variables=characteristic;epsilon=9.9999999999999995e-07;js_power=2;z_power=2;mdcd_dispersion=0.046378299999999997;mdcd_dissipation=0.01;mdcd_sensor_epsilon=5.6249999999999998e-05;mdcd_sensor_threshold=0.40000000000000002;mdcd_weight_bias=20;mdcd_weight_epsilon=9.9999999999999993e-41,riemann_solver=hllc;roe_entropy_fix=0.10000000000000001;riemann_denominator_tolerance=9.9999999999999998e-13,gas_model=calorically_perfect gamma=1.3999999999999999 molar_mass=0.029000000000000001 specific_gas_constant=286.68965517241378,U_ref=340 rho_ref=1.2250000000000001 T_ref=288.14999999999998 L_ref=1 mu_ref=1.7893999999999998e-05 Re=23275958.421817373 Ma=0.99976879217785786 dynamic_pressure_ref=141610.00000000003 time_ref=0.0029411764705882353,partition(mode=zones_only,allow_idle=false,max_load_ratio=1.2,min_cells=8),initial(type=isentropic_vortex,background_u=1,background_v=1,beta=5,period_x=10,period_y=10,x0=5,y0=5),boundary.default=farfield,enable_source_terms=false;models=,run(mode=unsteady,viscous=false,cfl=0.5,max_steps=100000,t_end=10,max_wall_time=0,steady(min_steps=1,check_interval=1,consecutive=1,reference_floor=1.0000000000000001e-30,l2_abs=9.9999999999999998e-13,l2_rel=1e-08,linf_enabled=true,linf_abs=9.9999999999999994e-12,linf_rel=1e-08)),output(directory=results/phenglei,allow_existing=false,dimensional=false,field(enabled=true,format=cgns,schedule(every_steps=0,every_time=0,explicit_times=,initial=true,final=true),quantities=rho:u:v:p:T:rho_u:rho_v:rho_w:rho_E:sound_speed:mach:total_enthalpy:entropy_proxy:jacobian),history(enabled=true,format=txt,schedule(every_steps=100,every_time=0,explicit_times=,initial=true,final=true),quantities=),statistics(enabled=true,format=txt,schedule(every_steps=100,every_time=0,explicit_times=,initial=true,final=true),quantities=total_mass:total_momentum_x:total_momentum_y:total_energy),checkpoint(enabled=false,schedule(every_steps=0,every_time=0,explicit_times=,initial=false,final=true))),restart.path=<none>,digest=0xcc76c20b091db9a2)
partition_plan(maximum_feasible=144;leaf=0,zone=0,range=[0,0,0:50,50,1),owner=0,generation=0;leaf=1,zone=1,range=[0,0,0:50,50,1),owner=1,generation=0;leaf=2,zone=2,range=[0,0,0:50,50,1),owner=2,generation=0;leaf=3,zone=3,range=[0,0,0:50,50,1),owner=3,generation=0)
mesh_signature=5713918879925091616
derived Re=23275958.421817373 Ma=0.99976879217785786
step=1 time=0.0074693194058020364 dt=0.0074693194058020364 residual=0.24359598044726674 checked=false stop=running
step=2 time=0.014933025569113943 dt=0.007463706163311907 residual=0.24359893620894629 checked=false stop=running
step=3 time=0.022390990134995237 dt=0.0074579645658812924 residual=0.24360192955290175 checked=false stop=running
step=4 time=0.029842567410458598 dt=0.0074515772754633631 residual=0.24360496309736759 checked=false stop=running
step=5 time=0.037287696233896897 dt=0.0074451288234383007 residual=0.24360803844986995 checked=false stop=running
step=6 time=0.044726316107841634 dt=0.0074386198739447356 residual=0.2436111585645562 checked=false stop=running
step=7 time=0.052158367238608012 dt=0.0074320511307663763 residual=0.24361430808551818 checked=false stop=running
step=8 time=0.059583790568964783 dt=0.0074254233303567702 residual=0.24361746689865688 checked=false stop=running
step=9 time=0.067002527804470954 dt=0.0074187372355061761 residual=0.24362064089377947 checked=false stop=running
step=10 time=0.074414521434860603 dt=0.0074119936303896541 residual=0.24362383615949651 checked=false stop=running
step=11 time=0.081819714752299474 dt=0.0074051933174388747 residual=0.24362703535050728 checked=false stop=running
step=12 time=0.089217883698592709 dt=0.0073981689462932418 residual=0.24363023594817843 checked=false stop=running
step=13 time=0.096608919941324409 dt=0.0073910362427317003 residual=0.24363344709169271 checked=false stop=running
step=14 time=0.10399276302977564 dt=0.0073838430884512274 residual=0.24363667160412406 checked=false stop=running
step=15 time=0.11136935339852175 dt=0.0073765903687460993 residual=0.24363991565823956 checked=false stop=running
step=16 time=0.11873863238553026 dt=0.0073692789870085139 residual=0.24364317064496416 checked=false stop=running
step=17 time=0.12610054225042017 dt=0.0073619098648899095 residual=0.24364641666827463 checked=false stop=running
step=18 time=0.13345502619416741 dt=0.0073544839437472498 residual=0.24364965481958475 checked=false stop=running
step=19 time=0.14080202838107791 dt=0.0073470021869105062 residual=0.24365289831843431 checked=false stop=running
step=20 time=0.14814149396332196 dt=0.0073394655822440558 residual=0.24365614723252807 checked=false stop=running
step=21 time=0.15547336910780915 dt=0.007331875144487179 residual=0.24365939942790704 checked=false stop=running
step=22 time=0.16279760102475144 dt=0.0073242319169422882 residual=0.24366266190586652 checked=false stop=running
step=23 time=0.17011413799697786 dt=0.0073165369722264324 residual=0.24366594383489018 checked=false stop=running
step=24 time=0.17742292940897239 dt=0.0073087914119945342 residual=0.24366923704648394 checked=false stop=running
step=25 time=0.18472392577472249 dt=0.0073009963657501087 residual=0.24367251775595655 checked=false stop=running
step=26 time=0.19201707876375887 dt=0.0072931529890363717 residual=0.243675766742047 checked=false stop=running
step=27 time=0.19930234122516022 dt=0.0072852624614013466 residual=0.24367898733251733 checked=false stop=running
step=28 time=0.20657966720968551 dt=0.0072773259845252949 residual=0.24368218238307038 checked=false stop=running
step=29 time=0.2138490119904744 dt=0.0072693447807889019 residual=0.24368535061147353 checked=false stop=running
step=30 time=0.22111033208285685 dt=0.0072613200923824506 residual=0.24368850889915161 checked=false stop=running
step=31 time=0.2283635852637228 dt=0.0072532531808659597 residual=0.24369166961487052 checked=false stop=running
step=32 time=0.23560873059067067 dt=0.0072451453269478687 residual=0.24369483435703032 checked=false stop=running
step=33 time=0.24284572842087435 dt=0.0072369978302036665 residual=0.24369799740738607 checked=false stop=running
step=34 time=0.25007454042939559 dt=0.0072288120085212274 residual=0.24370114996531678 checked=false stop=running
step=35 time=0.25729512962660306 dt=0.0072205891972074642 residual=0.24370428978904984 checked=false stop=running
step=36 time=0.26450746037446071 dt=0.0072123307478576685 residual=0.24370741700511761 checked=false stop=running
step=37 time=0.27171149840166403 dt=0.0072040380272033458 residual=0.24371052361783854 checked=false stop=running
step=38 time=0.27890721081783221 dt=0.0071957124161681624 residual=0.24371360109127396 checked=false stop=running
step=39 time=0.28609456612710132 dt=0.0071873553092690941 residual=0.2437166501282825 checked=false stop=running
step=40 time=0.29327353424144065 dt=0.0071789681143393036 residual=0.243719681359719 checked=false stop=running
step=41 time=0.30044408649382925 dt=0.0071705522523886111 residual=0.24372270883304084 checked=false stop=running
step=42 time=0.30760619565115754 dt=0.0071621091573283134 residual=0.2437257311227313 checked=false stop=running
step=43 time=0.31475983592647344 dt=0.0071536402753158909 residual=0.24372872909889787 checked=false stop=running
step=44 time=0.32190498299009057 dt=0.007145147063617116 residual=0.24373168563207606 checked=false stop=running
step=45 time=0.32904161397917164 dt=0.0071366309890810503 residual=0.24373458578052914 checked=false stop=running
step=46 time=0.33616970750566971 dt=0.0071280935264980824 residual=0.24373742846870863 checked=false stop=running
step=47 time=0.34328924366286306 dt=0.0071195361571933392 residual=0.24374022519606725 checked=false stop=running
step=48 time=0.35040020403102351 dt=0.0071109603681604348 residual=0.24374298798254129 checked=false stop=running
step=49 time=0.35750257168289562 dt=0.007102367651872131 residual=0.24374572183722859 checked=false stop=running
step=50 time=0.36459633118956436 dt=0.0070937595066687138 residual=0.24374842600163008 checked=false stop=running
step=51 time=0.37168146862696738 dt=0.0070851374374030114 residual=0.24375110211145173 checked=false stop=running
step=52 time=0.37875797158286068 dt=0.0070765029558933169 residual=0.24375375823378953 checked=false stop=running
step=53 time=0.38582582916361274 dt=0.0070678575807520631 residual=0.24375640231409754 checked=false stop=running
step=54 time=0.39288503199993347 dt=0.0070592028363207476 residual=0.24375903044892924 checked=false stop=running
step=55 time=0.39993557225063797 dt=0.0070505402507044894 residual=0.24376161695424634 checked=false stop=running
step=56 time=0.40697744360382232 dt=0.0070418713531843584 residual=0.24376412625770946 checked=false stop=running
step=57 time=0.41401064127532466 dt=0.0070331976715023552 residual=0.24376654172467882 checked=false stop=running
step=58 time=0.42103516200490665 dt=0.0070245207295819611 residual=0.24376886777565338 checked=false stop=running
step=59 time=0.4280510040510388 dt=0.0070158420461321602 residual=0.24377112596907341 checked=false stop=running
step=60 time=0.43505816718535989 dt=0.0070071631343211014 residual=0.24377334397075132 checked=false stop=running
step=61 time=0.44205665268774891 dt=0.0069984855023890336 residual=0.24377553769944918 checked=false stop=running
step=62 time=0.44904646334255027 dt=0.0069898106548013624 residual=0.24377770650827882 checked=false stop=running
step=63 time=0.456027552164887 dt=0.0069810888223367238 residual=0.24377983858392271 checked=false stop=running
step=64 time=0.46299928102836879 dt=0.0069717288634818086 residual=0.24378191419865472 checked=false stop=running
step=65 time=0.46996166575812526 dt=0.0069623847297564734 residual=0.24378390940848732 checked=false stop=running
step=66 time=0.47691472376486055 dt=0.0069530580067352719 residual=0.24378580352607879 checked=false stop=running
step=67 time=0.48385847403033488 dt=0.0069437502654743372 residual=0.24378758376035034 checked=false stop=running
step=68 time=0.49079293709014737 dt=0.0069344630598125031 residual=0.24378924740214056 checked=false stop=running
step=69 time=0.49771813501504825 dt=0.0069251979249008574 residual=0.24379080572559178 checked=false stop=running
step=70 time=0.50463409139232152 dt=0.0069159563772732587 residual=0.24379228133184988 checked=false stop=running
step=71 time=0.51154083130869776 dt=0.0069067399163761948 residual=0.24379369767817397 checked=false stop=running
step=72 time=0.518438381335802 dt=0.0068975500271042925 residual=0.24379507392971941 checked=false stop=running
step=73 time=0.52532676951846025 dt=0.0068883881826582189 residual=0.2437964237292253 checked=false stop=running
step=74 time=0.53220602536547557 dt=0.0068792558470152972 residual=0.24379774387714986 checked=false stop=running
step=75 time=0.53907617984193901 dt=0.0068701544764634016 residual=0.24379900779637839 checked=false stop=running
step=76 time=0.54593726536186515 dt=0.0068610855199261562 residual=0.24380017513829172 checked=false stop=running
step=77 time=0.55278931577997681 dt=0.006852050418111608 residual=0.24380121369500757 checked=false stop=running
step=78 time=0.55963236638173985 dt=0.0068430506017630724 residual=0.2438021165843863 checked=false stop=running
step=79 time=0.56646645387116501 dt=0.0068340874894251081 residual=0.24380289457796014 checked=false stop=running
step=80 time=0.57329161635631254 dt=0.0068251624851475255 residual=0.24380356454270238 checked=false stop=running
step=81 time=0.58010789333277712 dt=0.006816276976464572 residual=0.24380414660078864 checked=false stop=running
step=82 time=0.58691532566563465 dt=0.0068074323328575683 residual=0.24380466322879096 checked=false stop=running
step=83 time=0.59371395557042106 dt=0.006798629904786432 residual=0.24380514000378248 checked=false stop=running
step=84 time=0.60050382659370494 dt=0.006789871023283856 residual=0.24380559472971144 checked=false stop=running
step=85 time=0.60728498359374983 dt=0.0067811570000448533 residual=0.24380601982546415 checked=false stop=running
step=86 time=0.61405747272164302 dt=0.006772489127893226 residual=0.24380638102393845 checked=false stop=running
step=87 time=0.62082134140308209 dt=0.0067638686814390538 residual=0.24380663469705743 checked=false stop=running
step=88 time=0.62757663832072741 dt=0.0067552969176452671 residual=0.24380674765844276 checked=false stop=running
step=89 time=0.6343234133966531 dt=0.006746775075925718 residual=0.24380671291565184 checked=false stop=running
step=90 time=0.64106171777402887 dt=0.0067383043773757405 residual=0.24380655061460244 checked=false stop=running
step=91 time=0.64779119459416257 dt=0.0067294768201336397 residual=0.24380629402562476 checked=false stop=running
step=92 time=0.65451177062833799 dt=0.0067205760341754314 residual=0.24380597236822446 checked=false stop=running
step=93 time=0.66122349695684501 dt=0.0067117263285069945 residual=0.2438056035942828 checked=false stop=running
step=94 time=0.66792642583904971 dt=0.0067029288822047315 residual=0.24380519864605443 checked=false stop=running
step=95 time=0.67462061069282953 dt=0.0066941848537797975 residual=0.24380476507939203 checked=false stop=running
step=96 time=0.68130610607395137 dt=0.0066854953811217935 residual=0.24380429380616234 checked=false stop=running
step=97 time=0.68798296765636213 dt=0.0066768615824107282 residual=0.24380374872257782 checked=false stop=running
step=98 time=0.69465125221544177 dt=0.0066682845590796611 residual=0.24380309363028235 checked=false stop=running
step=99 time=0.70131101761679537 dt=0.0066597654013535752 residual=0.24380231436258709 checked=false stop=running
step=100 time=0.70796232281267513 dt=0.0066513051958797644 residual=0.24380141594891327 checked=false stop=running
step=101 time=0.71460522784646963 dt=0.0066429050337944604 residual=0.24380041615329712 checked=false stop=running
step=102 time=0.7212397938631423 dt=0.0066345660166726187 residual=0.24379934031213479 checked=false stop=running
step=103 time=0.72786608312074341 dt=0.0066262892576010642 residual=0.24379821877777624 checked=false stop=running
step=104 time=0.73448415899608011 dt=0.00661807587533668 residual=0.24379707888198596 checked=false stop=running
step=105 time=0.74109408597718085 dt=0.0066099269811007609 residual=0.24379593604105229 checked=false stop=running
step=106 time=0.74769592963682274 dt=0.0066018436596419249 residual=0.24379479708088878 checked=false stop=running
step=107 time=0.75428975658499853 dt=0.0065938269481757468 residual=0.24379365359284888 checked=false stop=running
step=108 time=0.76087563440303763 dt=0.0065858778180390648 residual=0.24379247097905474 checked=false stop=running
step=109 time=0.76745363156694502 dt=0.0065779971639073785 residual=0.24379119211262867 checked=false stop=running
step=110 time=0.77402381737102144 dt=0.0065701858040764132 residual=0.24378979504068496 checked=false stop=running
step=111 time=0.78058626186389091 dt=0.0065624444928695088 residual=0.24378830356269729 checked=false stop=running
step=112 time=0.78714103580720296 dt=0.0065547739433120906 residual=0.24378674873680695 checked=false stop=running
step=113 time=0.79368821066280115 dt=0.0065471748555981811 residual=0.2437851513495792 checked=false stop=running
step=114 time=0.80022785860809154 dt=0.0065396479452903781 residual=0.24378353318624893 checked=false stop=running
step=115 time=0.80676005257319039 dt=0.0065321939650988207 residual=0.24378192909091984 checked=false stop=running
step=116 time=0.81328486628871377 dt=0.0065248137155233333 residual=0.24378036508922721 checked=false stop=running
step=117 time=0.81980237433095648 dt=0.0065175080422427275 residual=0.24377883087733423 checked=false stop=running
step=118 time=0.82631265215217142 dt=0.0065102778212149477 residual=0.24377731288306581 checked=false stop=running
step=119 time=0.83281577608738999 dt=0.006503123935218587 residual=0.24377576844333701 checked=false stop=running
step=120 time=0.83931182333472854 dt=0.0064960472473385702 residual=0.24377415111630263 checked=false stop=running
step=121 time=0.84580087191201359 dt=0.0064890485772849983 residual=0.24377243723753425 checked=false stop=running
step=122 time=0.85228300059743578 dt=0.0064821286854222157 residual=0.24377065061842287 checked=false stop=running
step=123 time=0.85875828886475458 dt=0.0064752882673188347 residual=0.24376883454089238 checked=false stop=running
step=124 time=0.86522681682384406 dt=0.0064685279590895213 residual=0.24376701708227516 checked=false stop=running
step=125 time=0.87168866517527355 dt=0.006461848351429462 residual=0.2437652080836584 checked=false stop=running
step=126 time=0.87814391518385038 dt=0.0064552500085768242 residual=0.24376342005044443 checked=false stop=running
step=127 time=0.88459264867162812 dt=0.0064487334877777218 residual=0.2437616847349543 checked=false stop=running
step=128 time=0.89103494802682315 dt=0.0064422993551949892 residual=0.24376001938105366 checked=false stop=running
step=129 time=0.89747089622220011 dt=0.0064359481953769797 residual=0.24375840092630066 checked=false stop=running
step=130 time=0.90390054912860474 dt=0.0064296529064045834 residual=0.24375675186270024 checked=false stop=running
step=131 time=0.91032346154466992 dt=0.0064229124160651626 residual=0.24375501301093508 checked=false stop=running
step=132 time=0.91673970988720255 dt=0.0064162483425325885 residual=0.24375319483475538 checked=false stop=running
step=133 time=0.9231493712101827 dt=0.0064096613229801518 residual=0.24375133530210602 checked=false stop=running
step=134 time=0.92955252322460979 dt=0.0064031520144271353 residual=0.24374947698474456 checked=false stop=running
step=135 time=0.93594924431352211 dt=0.0063967210889122831 residual=0.24374765443448415 checked=false stop=running
step=136 time=0.94233961353662576 dt=0.0063903692231036795 residual=0.24374588587028331 checked=false stop=running
step=137 time=0.94872371062143823 dt=0.0063840970848124991 residual=0.24374416832071968 checked=false stop=running
step=138 time=0.95510161594060627 dt=0.0063779053191680502 residual=0.24374248915456126 checked=false stop=running
step=139 time=0.96147341047756718 dt=0.0063717945369609298 residual=0.24374085561176506 checked=false stop=running
step=140 time=0.96783917578456169 dt=0.0063657653069945511 residual=0.24373929444603692 checked=false stop=running
step=141 time=0.97419899393793841 dt=0.0063598181533767451 residual=0.24373775162000313 checked=false stop=running
step=142 time=0.98055294749566013 dt=0.0063539535577217783 residual=0.24373611807821591 checked=false stop=running
step=143 time=0.98690111946105619 dt=0.0063481719653960085 residual=0.2437343913035056 checked=false stop=running
step=144 time=0.993243593255424 dt=0.0063424737943678635 residual=0.2437326161896089 checked=false stop=running
step=145 time=0.99958045270041862 dt=0.0063368594449945926 residual=0.24373083893748174 checked=false stop=running
step=146 time=1.0059117820096155 dt=0.0063313293091969373 residual=0.24372909640113521 checked=false stop=running
step=147 time=1.0122376657874783 dt=0.0063258837778627222 residual=0.2437274162919281 checked=false stop=running
step=148 time=1.0185581890333277 dt=0.0063205232458493641 residual=0.24372580850031048 checked=false stop=running
step=149 time=1.0248734371478045 dt=0.006315248114476835 residual=0.24372425089250771 checked=false stop=running
step=150 time=1.031183495939606 dt=0.0063100587918015691 residual=0.24372270348526318 checked=false stop=running
step=151 time=1.0374884516307927 dt=0.0063049556911866514 residual=0.24372116102497773 checked=false stop=running
step=152 time=1.0437883908595431 dt=0.0062999392287503156 residual=0.2437196496311208 checked=false stop=running
step=153 time=1.0500834006797857 dt=0.0062950098202425439 residual=0.24371812725829117 checked=false stop=running
step=154 time=1.0563735685576161 dt=0.0062901678778304422 residual=0.24371654395714892 checked=false stop=running
step=155 time=1.0626589823648156 dt=0.0062854138071994012 residual=0.24371491192089312 checked=false stop=running
step=156 time=1.0689397303701087 dt=0.006280748005293017 residual=0.24371324915987627 checked=false stop=running
step=157 time=1.0752159012290048 dt=0.0062761708588961523 residual=0.24371157049353023 checked=false stop=running
step=158 time=1.0814870554730136 dt=0.0062711542440087456 residual=0.24370990694699757 checked=false stop=running
step=159 time=1.0877531568530756 dt=0.0062661013800619494 residual=0.2437082971609531 checked=false stop=running
step=160 time=1.0940142945516862 dt=0.0062611376986105496 residual=0.24370673897489728 checked=false stop=running
step=161 time=1.1002705581633112 dt=0.0062562636116249631 residual=0.24370517652135351 checked=false stop=running
step=162 time=1.1065220376689602 dt=0.0062514795056489662 residual=0.24370356381458591 checked=false stop=running
step=163 time=1.1127688234120121 dt=0.0062467857430519216 residual=0.24370191188639495 checked=false stop=running
step=164 time=1.1190110060761571 dt=0.006242182664145033 residual=0.24370025720742977 checked=false stop=running
step=165 time=1.1252486766658589 dt=0.006237670589701756 residual=0.24369862070269194 checked=false stop=running
step=166 time=1.1314819264894089 dt=0.0062332498235499528 residual=0.24369700780813161 checked=false stop=running
step=167 time=1.1377108471444601 dt=0.0062289206550512378 residual=0.24369541355374116 checked=false stop=running
step=168 time=1.1439355305058478 dt=0.0062246833613876047 residual=0.24369381733213819 checked=false stop=running
step=169 time=1.1501560687154502 dt=0.0062205382096023583 residual=0.24369219303398862 checked=false stop=running
step=170 time=1.1563725541737497 dt=0.0062164854582994989 residual=0.24369053257524842 checked=false stop=running
step=171 time=1.1625850795325885 dt=0.0062125253588387183 residual=0.24368889092518031 checked=false stop=running
step=172 time=1.1687937376884192 dt=0.0062086581558307118 residual=0.24368731140012484 checked=false stop=running
step=173 time=1.1749986217752035 dt=0.0062048840867842368 residual=0.24368566326513619 checked=false stop=running
step=174 time=1.1811998251560958 dt=0.0062012033808922029 residual=0.24368391126395181 checked=false stop=running
step=175 time=1.1873974414132344 dt=0.0061976162571387603 residual=0.24368210122808601 checked=false stop=running
step=176 time=1.1935915643353363 dt=0.0061941229221018964 residual=0.24368028271579237 checked=false stop=running
step=177 time=1.199782287903284 dt=0.0061907235679476459 residual=0.24367849086639679 checked=false stop=running
step=178 time=1.2059697062743984 dt=0.0061874183711144049 residual=0.24367674655420835 checked=false stop=running
step=179 time=1.2121539137664596 dt=0.0061842074920611667 residual=0.24367505249698895 checked=false stop=running
step=180 time=1.218335004842696 dt=0.0061810910762362219 residual=0.24367338375739167 checked=false stop=running
step=181 time=1.2245130740988686 dt=0.0061780692561726174 residual=0.24367169391127824 checked=false stop=running
step=182 time=1.2306882162532695 dt=0.0061751421544008556 residual=0.2436699454717759 checked=false stop=running
step=183 time=1.2368605261400107 dt=0.0061723098867413157 residual=0.24366813867474696 checked=false stop=running
step=184 time=1.2430300987055327 dt=0.0061695725655220128 residual=0.24366634263292508 checked=false stop=running
step=185 time=1.2491970290078795 dt=0.0061669303023468127 residual=0.24366458894943047 checked=false stop=running
step=186 time=1.2553614122180543 dt=0.0061643832101746761 residual=0.24366273788121592 checked=false stop=running
step=187 time=1.2615233436226758 dt=0.0061619314046214629 residual=0.2436607974117431 checked=false stop=running
step=188 time=1.2676829186272101 dt=0.0061595750045341973 residual=0.2436588286412138 checked=false stop=running
step=189 time=1.2738402327592044 dt=0.0061573141319943838 residual=0.24365688521784548 checked=false stop=running
step=190 time=1.2799953816711693 dt=0.0061551489119649767 residual=0.24365499225267087 checked=false stop=running
step=191 time=1.2861484611429665 dt=0.0061530794717971279 residual=0.24365313800684382 checked=false stop=running
step=192 time=1.2922995670837294 dt=0.0061511059407628891 residual=0.24365129041300265 checked=false stop=running
step=193 time=1.298448795533417 dt=0.0061492284496876227 residual=0.24364942334784342 checked=false stop=running
step=194 time=1.3045962426640454 dt=0.0061474471306285266 residual=0.2436475306513107 checked=false stop=running
step=195 time=1.3107420047804503 dt=0.0061457621164049854 residual=0.24364561871319695 checked=false stop=running
step=196 time=1.3168861783201316 dt=0.0061441735396811532 residual=0.24364369823185739 checked=false stop=running
step=197 time=1.3230288598514188 dt=0.0061426815312873376 residual=0.24364177218765035 checked=false stop=running
step=198 time=1.3291701460689851 dt=0.0061412862175663383 residual=0.24363981699614845 checked=false stop=running
step=199 time=1.3353101337857063 dt=0.0061399877167212869 residual=0.24363781071120807 checked=false stop=running
step=200 time=1.3414489199200943 dt=0.0061387861343879854 residual=0.24363575878311991 checked=false stop=running
step=201 time=1.3475866014790241 dt=0.0061376815589298667 residual=0.24363368413162317 checked=false stop=running
step=202 time=1.3537232755362325 dt=0.0061366740572084228 residual=0.24363162474775316 checked=false stop=running
step=203 time=1.3598590392079597 dt=0.0061357636717272934 residual=0.24362959668577014 checked=false stop=running
step=204 time=1.3659939896279611 dt=0.0061349504200013949 residual=0.24362758836828852 checked=false stop=running
step=205 time=1.3721282239247081 dt=0.0061342342967469245 residual=0.24362559065367934 checked=false stop=running
step=206 time=1.378261839203776 dt=0.0061336152790677804 residual=0.24362360052304008 checked=false stop=running
step=207 time=1.3843944830095205 dt=0.0061326438057445146 residual=0.2436216180460157 checked=false stop=running
step=208 time=1.390526021175114 dt=0.0061315381655935022 residual=0.24361964592722904 checked=false stop=running
step=209 time=1.3966565512998619 dt=0.0061305301247479346 residual=0.24361768266573278 checked=false stop=running
step=210 time=1.4027861709352076 dt=0.0061296196353458352 residual=0.24361571531725212 checked=false stop=running
step=211 time=1.4089149775912038 dt=0.0061288066559961425 residual=0.24361372757890093 checked=false stop=running
step=212 time=1.4150430687552693 dt=0.0061280911640654474 residual=0.24361170797560766 checked=false stop=running
step=213 time=1.4211705419202458 dt=0.0061274731649764705 residual=0.24360965637841017 checked=false stop=running
step=214 time=1.4272974946170154 dt=0.0061269526967696122 residual=0.24360764322914147 checked=false stop=running
step=215 time=1.43342402444594 dt=0.0061265298289245353 residual=0.24360574817679345 checked=false stop=running
step=216 time=1.4395502291013911 dt=0.0061262046554510265 residual=0.24360388306392675 checked=false stop=running
step=217 time=1.4456762063847406 dt=0.0061259772833495525 residual=0.24360202090423697 checked=false stop=running
step=218 time=1.4518020542032055 dt=0.0061258478184650208 residual=0.24360018773265613 checked=false stop=running
step=219 time=1.4579278705544745 dt=0.0061258163512689541 residual=0.24359839661525562 checked=false stop=running
step=220 time=1.4640537534995415 dt=0.0061258829450670758 residual=0.24359664393948111 checked=false stop=running
step=221 time=1.4701798011281124 dt=0.0061260476285708455 residual=0.24359491335829717 checked=false stop=running
step=222 time=1.4763061115219771 dt=0.0061263103938647648 residual=0.24359318987924877 checked=false stop=running
step=223 time=1.4824327827217516 dt=0.0061266711997744975 residual=0.24359147156060432 checked=false stop=running
step=224 time=1.4885599127014566 dt=0.0061271299797050786 residual=0.24358976276795369 checked=false stop=running
step=225 time=1.4946875993537962 dt=0.0061276866523397025 residual=0.24358806387627355 checked=false stop=running
step=226 time=1.5008159404870685 dt=0.0061283411332722837 residual=0.24358637254685631 checked=false stop=running
step=227 time=1.5069450338327817 dt=0.0061290933457131339 residual=0.24358470021376785 checked=false stop=running
step=228 time=1.5130749770615679 dt=0.0061299432287861997 residual=0.2435830903221525 checked=false stop=running
step=229 time=1.5192052217541356 dt=0.0061302446925676456 residual=0.24358155987697119 checked=false stop=running
step=230 time=1.5253356233413649 dt=0.0061304015872292337 residual=0.24358006261952006 checked=false stop=running
step=231 time=1.5314662798807861 dt=0.0061306565394213478 residual=0.24357859702328827 checked=false stop=running
step=232 time=1.5375972893987129 dt=0.0061310095179268505 residual=0.24357718261447203 checked=false stop=running
step=233 time=1.5437287499081962 dt=0.006131460509483367 residual=0.24357581661624705 checked=false stop=running
step=234 time=1.5498607594272915 dt=0.0061320095190953256 residual=0.24357448847862181 checked=false stop=running
step=235 time=1.5559934159945081 dt=0.0061326565672165248 residual=0.24357319344459005 checked=false stop=running
step=236 time=1.5621268176793017 dt=0.0061334016847934842 residual=0.24357193439372851 checked=false stop=running
step=237 time=1.5682610625865934 dt=0.0061342449072916685 residual=0.24357071984030121 checked=false stop=running
step=238 time=1.5743962488553074 dt=0.0061351862687139373 residual=0.24356956012971739 checked=false stop=running
step=239 time=1.5805324746516862 dt=0.0061362257963789085 residual=0.24356846340243396 checked=false stop=running
step=240 time=1.5866698381586728 dt=0.0061373635069866452 residual=0.24356743151576937 checked=false stop=running
step=241 time=1.5928084375630058 dt=0.006138599404333046 residual=0.2435664526582601 checked=false stop=running
step=242 time=1.5989483710419308 dt=0.0061399334789250474 residual=0.24356549552444651 checked=false stop=running
step=243 time=1.6050897367515498 dt=0.0061413657096190287 residual=0.2435645365271665 checked=false stop=running
step=244 time=1.6112326328187399 dt=0.0061428960671900271 residual=0.24356360207837355 checked=false stop=running
step=245 time=1.6173771573381772 dt=0.0061445245194374281 residual=0.24356273811505375 checked=false stop=running
step=246 time=1.6235234083752832 dt=0.0061462510371058949 residual=0.2435619535534875 checked=false stop=running
step=247 time=1.629671483974926 dt=0.0061480755996427914 residual=0.24356123052027609 checked=false stop=running
step=248 time=1.6358214821746411 dt=0.0061499981997150338 residual=0.24356055092654427 checked=false stop=running
step=249 time=1.6419735010201635 dt=0.0061520188455223782 residual=0.24355990532660271 checked=false stop=running
step=250 time=1.6481276385804329 dt=0.0061541375602694962 residual=0.24355928968501267 checked=false stop=running
step=251 time=1.6542839929590731 dt=0.0061563543786401984 residual=0.24355870176286856 checked=false stop=running
step=252 time=1.6604426622997357 dt=0.006158669340662489 residual=0.24355814656986444 checked=false stop=running
step=253 time=1.6666037447835946 dt=0.0061610824838589772 residual=0.24355764680549574 checked=false stop=running
step=254 time=1.6727673386185389 dt=0.0061635938349442814 residual=0.24355722859087967 checked=false stop=running
step=255 time=1.6789335420210176 dt=0.0061662034024787043 residual=0.24355688319061969 checked=false stop=running
step=256 time=1.6851024531927836 dt=0.0061689111717660051 residual=0.24355658565193361 checked=false stop=running
step=257 time=1.6912741702956766 dt=0.0061717171028929669 residual=0.24355633882792233 checked=false stop=running
step=258 time=1.6974487914278908 dt=0.0061746211322143323 residual=0.24355614844458628 checked=false stop=running
step=259 time=1.7036264146048055 dt=0.0061776231769147096 residual=0.24355600842427114 checked=false stop=running
step=260 time=1.7098071377464903 dt=0.0061807231416848175 residual=0.24355591551170755 checked=false stop=running
step=261 time=1.7159910586726552 dt=0.0061839209261649363 residual=0.24355587321598754 checked=false stop=running
step=262 time=1.7221782751043537 dt=0.0061872164316985776 residual=0.24355588528324518 checked=false stop=running
step=263 time=1.7283688846704477 dt=0.0061906095660940238 residual=0.24355594969857192 checked=false stop=running
step=264 time=1.7345629849158974 dt=0.0061941002454498611 residual=0.24355605811764594 checked=false stop=running
step=265 time=1.7407606733084842 dt=0.0061976883925866965 residual=0.2435561991949694 checked=false stop=running
step=266 time=1.7469620472406513 dt=0.0062013739321671079 residual=0.24355636335839553 checked=false stop=running
step=267 time=1.7531672040237611 dt=0.0062051567831099353 residual=0.24355655264148451 checked=false stop=running
step=268 time=1.7593760049448499 dt=0.0062088009210886953 residual=0.24355679103094005 checked=false stop=running
step=269 time=1.7655881016743957 dt=0.0062120967295457574 residual=0.24355710355386451 checked=false stop=running
step=270 time=1.7718035939411627 dt=0.0062154922667670646 residual=0.24355748192701263 checked=false stop=running
step=271 time=1.7780225814131474 dt=0.0062189874719847096 residual=0.24355789581481019 checked=false stop=running
step=272 time=1.7842451636778072 dt=0.0062225822646598808 residual=0.24355833009370048 checked=false stop=running
step=273 time=1.790471440213234 dt=0.0062262765354269339 residual=0.24355878632610273 checked=false stop=running
step=274 time=1.7967015103517157 dt=0.0062300701384817433 residual=0.2435592713336707 checked=false stop=running
step=275 time=1.8029354732384888 dt=0.0062339628867730656 residual=0.24355979565003319 checked=false stop=running
step=276 time=1.8091734277895093 dt=0.006237954551020569 residual=0.24356037153080992 checked=false stop=running
step=277 time=1.8154154726525449 dt=0.0062420448630356486 residual=0.24356100265898695 checked=false stop=running
step=278 time=1.8216617061756759 dt=0.0062462335231311221 residual=0.2435616762040331 checked=false stop=running
step=279 time=1.8279122263863683 dt=0.0062505202106922942 residual=0.24356237158540192 checked=false stop=running
step=280 time=1.8341671309827545 dt=0.0062549045963862099 residual=0.24356307818034456 checked=false stop=running
step=281 time=1.8404265173368985 dt=0.0062593863541441086 residual=0.24356380647699272 checked=false stop=running
step=282 time=1.8466904825079606 dt=0.0062639651710619882 residual=0.24356457460021563 checked=false stop=running
step=283 time=1.8529591232617091 dt=0.0062686407537483353 residual=0.24356538124995877 checked=false stop=running
step=284 time=1.8592325360920425 dt=0.0062734128303335258 residual=0.24356621525417552 checked=false stop=running
step=285 time=1.8655108172402266 dt=0.0062782811481841691 residual=0.24356707084530377 checked=false stop=running
step=286 time=1.8717940627083691 dt=0.00628324546814245 residual=0.24356794399613738 checked=false stop=running
step=287 time=1.8780823682650332 dt=0.006288305556664063 residual=0.243568830867712 checked=false stop=running
step=288 time=1.8843758294424917 dt=0.0062934611774586252 residual=0.24356973070689078 checked=false stop=running
step=289 time=1.8906745415266246 dt=0.0062987120841328835 residual=0.24357064991064933 checked=false stop=running
step=290 time=1.8969785995415895 dt=0.0063040580149648692 residual=0.24357160096224992 checked=false stop=running
step=291 time=1.9032880982319982 dt=0.0063094986904086089 residual=0.24357258860449563 checked=false stop=running
step=292 time=1.9096031320453646 dt=0.0063150338133664899 residual=0.2435736002513825 checked=false stop=running
step=293 time=1.9159237951171373 dt=0.0063206630717726753 residual=0.24357462006890843 checked=false stop=running
step=294 time=1.9222501812598072 dt=0.0063263861426698315 residual=0.24357564698802617 checked=false stop=running
step=295 time=1.928582383956565 dt=0.0063322026967578523 residual=0.24357669022547995 checked=false stop=running
step=296 time=1.9349204963589108 dt=0.0063381124023459386 residual=0.24357775473804374 checked=false stop=running
step=297 time=1.9412646112866507 dt=0.0063441149277398039 residual=0.24357884097162022 checked=false stop=running
step=298 time=1.9476148212279896 dt=0.0063502099413387447 residual=0.24357994706664873 checked=false stop=running
step=299 time=1.9539712183370839 dt=0.0063563971090942204 residual=0.2435810696069908 checked=false stop=running
step=300 time=1.9603338944265443 dt=0.0063626760894604549 residual=0.2435822048840981 checked=false stop=running
step=301 time=1.9667029409530221 dt=0.006369046526477783 residual=0.24358335048184343 checked=false stop=running
step=302 time=1.9730784489950857 dt=0.0063755080420635091 residual=0.24358450908103299 checked=false stop=running
step=303 time=1.979460509223911 dt=0.0063820602288254657 residual=0.24358568588373575 checked=false stop=running
step=304 time=1.985849211868582 dt=0.0063887026446708666 residual=0.24358687803379733 checked=false stop=running
step=305 time=1.9922446466787163 dt=0.0063954348101343626 residual=0.24358807991709802 checked=false stop=running
step=306 time=1.9986469028874745 dt=0.006402256208758241 residual=0.24358929108042415 checked=false stop=running
step=307 time=2.0050560691776402 dt=0.0064091662901655331 residual=0.24359051249220806 checked=false stop=running
step=308 time=2.0114722336524973 dt=0.0064161644748568693 residual=0.2435917442429861 checked=false stop=running
step=309 time=2.0178954838118996 dt=0.0064232501594025252 residual=0.24359298760771111 checked=false stop=running
step=310 time=2.0243259065325936 dt=0.0064304227206937997 residual=0.2435942457522684 checked=false stop=running
step=311 time=2.0307635880508554 dt=0.0064376815182618551 residual=0.24359551999947762 checked=false stop=running
step=312 time=2.0372080764594056 dt=0.0064444884085500349 residual=0.24359680964706559 checked=false stop=running
step=313 time=2.0436593810950163 dt=0.0064513046356107504 residual=0.24359811380899396 checked=false stop=running
step=314 time=2.0501175934961693 dt=0.0064582124011528744 residual=0.24359942513864358 checked=false stop=running
step=315 time=2.056582804645283 dt=0.0064652111491135741 residual=0.2436007437828302 checked=false stop=running
step=316 time=2.0630551049479133 dt=0.006472300302630205 residual=0.24360207931241709 checked=false stop=running
step=317 time=2.0695345842113784 dt=0.0064794792634649033 residual=0.24360343197823159 checked=false stop=running
step=318 time=2.0760213316212788 dt=0.00648674740990033 residual=0.24360479169834862 checked=false stop=running
step=319 time=2.082515435714928 dt=0.0064941040936491315 residual=0.243606153246887 checked=false stop=running
step=320 time=2.0890169843515416 dt=0.0065015486366134505 residual=0.24360752197979219 checked=false stop=running
step=321 time=2.095526064679937 dt=0.0065090803283955143 residual=0.24360890085190004 checked=false stop=running
step=322 time=2.1020427631052079 dt=0.0065166984252709838 residual=0.24361029175333951 checked=false stop=running
step=323 time=2.1085671652561535 dt=0.006524402150945764 residual=0.2436117018929822 checked=false stop=running
step=324 time=2.1150993559550937 dt=0.0065321906989401308 residual=0.24361312622743242 checked=false stop=running
step=325 time=2.121639419191117 dt=0.0065400632360232917 residual=0.24361456008218521 checked=false stop=running
step=326 time=2.1281874380969961 dt=0.0065480189058790403 residual=0.243616009654644 checked=false stop=running
step=327 time=2.1347434949291788 dt=0.0065560568321826303 residual=0.24361748071941494 checked=false stop=running
step=328 time=2.1413075792958427 dt=0.0065640843666637519 residual=0.24361896966724136 checked=false stop=running
step=329 time=2.1478793659183557 dt=0.0065717866225131812 residual=0.24362046393615461 checked=false stop=running
step=330 time=2.1544589438758051 dt=0.0065795779574494163 residual=0.24362195964092934 checked=false stop=running
step=331 time=2.1610464014687847 dt=0.006587457592979554 residual=0.24362346227369161 checked=false stop=running
step=332 time=2.1676418262021779 dt=0.0065954247333932237 residual=0.24362497456336779 checked=false stop=running
step=333 time=2.1742453047676236 dt=0.0066034785654455986 residual=0.24362650342737727 checked=false stop=running
step=334 time=2.1808569230243249 dt=0.0066116182567013309 residual=0.24362804671802177 checked=false stop=running
step=335 time=2.1874767659774847 dt=0.0066198429531596978 residual=0.2436296033856902 checked=false stop=running
step=336 time=2.1941049177543697 dt=0.0066281517768847524 residual=0.2436311779934017 checked=false stop=running
step=337 time=2.2007414615786018 dt=0.0066365438242320879 residual=0.24363276900298886 checked=false stop=running
step=338 time=2.2073864797435747 dt=0.0066450181649728999 residual=0.24363436390995769 checked=false stop=running
step=339 time=2.2140400535858604 dt=0.006653573842285738 residual=0.24363595896414478 checked=false stop=running
step=340 time=2.2207022634591929 dt=0.0066622098733325839 residual=0.24363756431615427 checked=false stop=running
step=341 time=2.227373188709223 dt=0.0066709252500300829 residual=0.24363917570530702 checked=false stop=running
step=342 time=2.2340529076488997 dt=0.0066797189396767473 residual=0.2436407964798078 checked=false stop=running
step=343 time=2.2407414975341529 dt=0.0066885898852532075 residual=0.24364243646958247 checked=false stop=running
step=344 time=2.247439034539549 dt=0.0066975370053960473 residual=0.24364409237135803 checked=false stop=running
step=345 time=2.25414559373373 dt=0.0067065591941811841 residual=0.24364575912152875 checked=false stop=running
step=346 time=2.2608612490546283 dt=0.0067156553208980539 residual=0.2436474275764354 checked=false stop=running
step=347 time=2.2675860732845798 dt=0.0067248242299517607 residual=0.24364909757803219 checked=false stop=running
step=348 time=2.274320138025514 dt=0.0067340647409340664 residual=0.24365078421522113 checked=false stop=running
step=349 time=2.2810635136743218 dt=0.0067433756488076571 residual=0.24365248796216482 checked=false stop=running
step=350 time=2.2878162693984168 dt=0.0067527557240949498 residual=0.24365419650448072 checked=false stop=running
step=351 time=2.2945784731113874 dt=0.0067622037129705104 residual=0.24365590995079969 checked=false stop=running
step=352 time=2.3013501914486003 dt=0.0067717183372130131 residual=0.24365762873832725 checked=false stop=running
step=353 time=2.3081314897426468 dt=0.0067812982940464337 residual=0.24365933488405908 checked=false stop=running
step=354 time=2.3149224319986015 dt=0.006790942255954468 residual=0.24366102724300917 checked=false stop=running
step=355 time=2.3217230808691647 dt=0.006800648870563232 residual=0.24366272392543933 checked=false stop=running
step=356 time=2.3285334976298175 dt=0.0068104167606530593 residual=0.24366443009637151 checked=false stop=running
step=357 time=2.335353742154116 dt=0.0068202445242984402 residual=0.24366614260179603 checked=false stop=running
step=358 time=2.3421838728891915 dt=0.0068301307350753333 residual=0.24366785967971044 checked=false stop=running
step=359 time=2.3490239468314349 dt=0.006840073942243354 residual=0.24366957996402308 checked=false stop=running
step=360 time=2.3558740195022545 dt=0.0068500726708197188 residual=0.24367130348142399 checked=false stop=running
step=361 time=2.362734144923762 dt=0.0068601254215073281 residual=0.24367303394713263 checked=false stop=running
step=362 time=2.3696043755942635 dt=0.0068702306705013408 residual=0.24367476541949143 checked=false stop=running
step=363 time=2.3764847624635155 dt=0.0068803868692520545 residual=0.24367649183599835 checked=false stop=running
step=364 time=2.3833753549078018 dt=0.0068905924442864896 residual=0.24367822510624496 checked=false stop=running
step=365 time=2.3902762007049811 dt=0.0069008457971791613 residual=0.24367997490913698 checked=false stop=running
step=366 time=2.397187346009702 dt=0.0069111453047208272 residual=0.24368173562488671 checked=false stop=running
step=367 time=2.4041088353289815 dt=0.006921489319279571 residual=0.24368349741470682 checked=false stop=running
step=368 time=2.4110407114982837 dt=0.0069318761693020437 residual=0.24368525000055072 checked=false stop=running
step=369 time=2.4179830156581632 dt=0.0069423041598794567 residual=0.24368699100238789 checked=false stop=running
step=370 time=2.4249357872314716 dt=0.0069527715733084016 residual=0.24368873528951174 checked=false stop=running
step=371 time=2.4318990639010765 dt=0.0069632766696050181 residual=0.24369049222234002 checked=false stop=running
step=372 time=2.4388728815880456 dt=0.006973817686969308 residual=0.24369224920319418 checked=false stop=running
step=373 time=2.4458572744302742 dt=0.0069843928422287441 residual=0.24369400260168442 checked=false stop=running
step=374 time=2.4528522747615802 dt=0.0069950003313061409 residual=0.24369575933763882 checked=false stop=running
step=375 time=2.4598579130913318 dt=0.0070056383297517812 residual=0.24369751400585171 checked=false stop=running
step=376 time=2.466874218084691 dt=0.0070163049933591936 residual=0.24369926907945572 checked=false stop=running
step=377 time=2.4739012165435486 dt=0.0070269984588573978 residual=0.24370103323843498 checked=false stop=running
step=378 time=2.4809389333881997 dt=0.0070377168446509823 residual=0.24370281146929762 checked=false stop=running
step=379 time=2.4879873916397708 dt=0.0070484582515708914 residual=0.24370460443652581 checked=false stop=running
step=380 time=2.4950466124033754 dt=0.0070592207636046593 residual=0.24370640011205563 checked=false stop=running
step=381 time=2.5021166148519676 dt=0.0070700024485920287 residual=0.24370817292211511 checked=false stop=running
step=382 time=2.5091974162108595 dt=0.0070808013588918826 residual=0.24370992797531899 checked=false stop=running
step=383 time=2.5162890317429016 dt=0.0070916155320423207 residual=0.24371169266595735 checked=false stop=running
step=384 time=2.5233914747343436 dt=0.0071024429914419993 residual=0.24371346688711579 checked=false stop=running
step=385 time=2.5305047564814207 dt=0.0071132817470770868 residual=0.243715241241034 checked=false stop=running
step=386 time=2.5376288862777279 dt=0.0071241297963072362 residual=0.24371700690157463 checked=false stop=running
step=387 time=2.5447638714024396 dt=0.0071349851247116741 residual=0.24371875618348302 checked=false stop=running
step=388 time=2.5519097171094267 dt=0.0071458457069872522 residual=0.24372048272267713 checked=false stop=running
step=389 time=2.559066426617314 dt=0.007156709507887416 residual=0.24372217785139605 checked=false stop=running
step=390 time=2.5662340011005083 dt=0.0071675744831941664 residual=0.24372382949965615 checked=false stop=running
step=391 time=2.5734124396812295 dt=0.0071784385807213821 residual=0.24372546046408847 checked=false stop=running
step=392 time=2.5806017394225838 dt=0.0071892997413542728 residual=0.24372710236357256 checked=false stop=running
step=393 time=2.5878018953227166 dt=0.0072001559001327832 residual=0.24372874809271852 checked=false stop=running
step=394 time=2.5950129003101021 dt=0.0072110049873856732 residual=0.24373038278502504 checked=false stop=running
step=395 time=2.6022347452400196 dt=0.0072218449299172906 residual=0.2437320025014437 checked=false stop=running
step=396 time=2.6094674188922626 dt=0.0072326736522429413 residual=0.24373361069756114 checked=false stop=running
step=397 time=2.6167109079701261 dt=0.0072434890778634575 residual=0.2437352058391517 checked=false stop=running
step=398 time=2.6239651971006928 dt=0.0072542891305667993 residual=0.24373677802552321 checked=false stop=running
step=399 time=2.6312302688364375 dt=0.0072650717357445709 residual=0.2437383146340929 checked=false stop=running
step=400 time=2.638506103658151 dt=0.0072758348217134942 residual=0.24373984029418791 checked=false stop=running
step=401 time=2.6457926799791855 dt=0.0072865763210346723 residual=0.24374137555880993 checked=false stop=running
step=402 time=2.6530899741510114 dt=0.0072972941718257908 residual=0.24374290561815834 checked=false stop=running
step=403 time=2.6603979604700738 dt=0.0073079863190624126 residual=0.24374441192093724 checked=false stop=running
step=404 time=2.6677166111859383 dt=0.0073186507158643551 residual=0.24374589287710882 checked=false stop=running
step=405 time=2.6750458965107007 dt=0.0073292853247624362 residual=0.24374735661423738 checked=false stop=running
step=406 time=2.6823857846296413 dt=0.0073398881189405728 residual=0.24374880130877905 checked=false stop=running
step=407 time=2.6897359788666435 dt=0.0073501942370023145 residual=0.24375021551756346 checked=false stop=running
step=408 time=2.6970961792292347 dt=0.0073602003625912018 residual=0.24375159301369637 checked=false stop=running
step=409 time=2.7044663367633919 dt=0.0073701575341572172 residual=0.2437529595348234 checked=false stop=running
step=410 time=2.7118464007553942 dt=0.0073800639920021524 residual=0.24375431776798961 checked=false stop=running
step=411 time=2.7192363187559003 dt=0.0073899180005060168 residual=0.24375564745916325 checked=false stop=running
step=412 time=2.7266360366052411 dt=0.007399717849340768 residual=0.24375693813293248 checked=false stop=running
step=413 time=2.7340454984599103 dt=0.0074094618546691349 residual=0.2437582025309932 checked=false stop=running
step=414 time=2.7414646468202362 dt=0.007419148360326035 residual=0.24375945173417693 checked=false stop=running
step=415 time=2.7488934225592163 dt=0.0074287757389800051 residual=0.24376067731585768 checked=false stop=running
step=416 time=2.7563317649524888 dt=0.0074383423932723233 residual=0.24376186308572506 checked=false stop=running
step=417 time=2.7637796117094204 dt=0.0074478467569316998 residual=0.24376301095272376 checked=false stop=running
step=418 time=2.7712368990052827 dt=0.0074572872958623502 residual=0.24376414170430713 checked=false stop=running
step=419 time=2.7787033826554799 dt=0.0074664836501973303 residual=0.24376524853388729 checked=false stop=running
step=420 time=2.7861785344429864 dt=0.007475151787506653 residual=0.2437663134307971 checked=false stop=running
step=421 time=2.7936622788618464 dt=0.0074837444188602066 residual=0.24376733431911229 checked=false stop=running
step=422 time=2.8011545393184276 dt=0.0074922604565812682 residual=0.24376833616961915 checked=false stop=running
step=423 time=2.8086548483966638 dt=0.0075003090782362527 residual=0.24376933275833459 checked=false stop=running
step=424 time=2.8161627917765237 dt=0.0075079433798600622 residual=0.24377031105457805 checked=false stop=running
step=425 time=2.8236782879496327 dt=0.0075154961731090713 residual=0.24377125065487357 checked=false stop=running
step=426 time=2.8312012547756868 dt=0.0075229668260539603 residual=0.24377215721760606 checked=false stop=running
step=427 time=2.8387316095210862 dt=0.0075303547453993451 residual=0.24377303862894872 checked=false stop=running
step=428 time=2.8462692688975317 dt=0.0075376593764455773 residual=0.24377388505852443 checked=false stop=running
step=429 time=2.8538141491005637 dt=0.0075448802030320377 residual=0.24377468593034046 checked=false stop=running
step=430 time=2.8613661658480298 dt=0.0075520167474660066 residual=0.24377544958468889 checked=false stop=running
step=431 time=2.8689252344184704 dt=0.0075590685704404401 residual=0.24377619951148041 checked=false stop=running
step=432 time=2.8764912696894136 dt=0.0075660352709433333 residual=0.24377693600494083 checked=false stop=running
step=433 time=2.8840634319017409 dt=0.0075721622123272134 residual=0.24377763831875227 checked=false stop=running
step=434 time=2.89164163617431 dt=0.0075782042725692847 residual=0.24377829017691341 checked=false stop=running
step=435 time=2.8992257992368087 dt=0.0075841630624985251 residual=0.24377889929475594 checked=false stop=running
step=436 time=2.9068158378124385 dt=0.0075900385756297551 residual=0.2437794736357751 checked=false stop=running
step=437 time=2.9144116686521486 dt=0.0075958308397101595 residual=0.24378001648442624 checked=false stop=running
step=438 time=2.9220132085684858 dt=0.0076015399163371225 residual=0.24378053012346548 checked=false stop=running
step=439 time=2.9296203744690219 dt=0.0076071659005361334 residual=0.24378102784335282 checked=false stop=running
step=440 time=2.9372330833893199 dt=0.0076127089202979621 residual=0.24378151845170959 checked=false stop=running
step=441 time=2.9448507769745569 dt=0.0076176935852370255 residual=0.24378199108395346 checked=false stop=running
step=442 time=2.9524731426992337 dt=0.0076223657246766623 residual=0.24378243076760303 checked=false stop=running
step=443 time=2.9601001042599795 dt=0.0076269615607460406 residual=0.24378283979611767 checked=false stop=running
step=444 time=2.9677315857564053 dt=0.007631481496425614 residual=0.24378322517073389 checked=false stop=running
step=445 time=2.9753675117141576 dt=0.0076359259577521441 residual=0.24378358279013193 checked=false stop=running
step=446 time=2.9830078071072701 dt=0.007640295393112677 residual=0.24378390783260606 checked=false stop=running
step=447 time=2.9906523973798058 dt=0.0076445902725356925 residual=0.24378420221172317 checked=false stop=running
step=448 time=2.998301208466787 dt=0.0076488110869812956 residual=0.24378448024563368 checked=false stop=running
step=449 time=3.0059541668144192 dt=0.0076529583476322048 residual=0.24378474463296967 checked=false stop=running
step=450 time=3.0136108462458959 dt=0.0076566794314766535 residual=0.24378498424897277 checked=false stop=running
step=451 time=3.0212709244738485 dt=0.0076600782279523452 residual=0.24378519325166242 checked=false stop=running
step=452 time=3.0289343372372834 dt=0.0076634127634348532 residual=0.2437853764092113 checked=false stop=running
step=453 time=3.0366010209109864 dt=0.0076666836737030617 residual=0.24378554360509605 checked=false stop=running
step=454 time=3.0442709125172764 dt=0.0076698916062902054 residual=0.24378570092053248 checked=false stop=running
step=455 time=3.0519439497371428 dt=0.0076730372198665188 residual=0.24378584146446067 checked=false stop=running
step=456 time=3.0596200709207668 dt=0.0076761211836238524 residual=0.24378596086191234 checked=false stop=running
step=457 time=3.067299215097429 dt=0.0076791441766621976 residual=0.24378606886388757 checked=false stop=running
step=458 time=3.0749813219848074 dt=0.0076821068873782899 residual=0.24378617248292006 checked=false stop=running
step=459 time=3.0826663319976637 dt=0.0076850100128563843 residual=0.24378627175137813 checked=false stop=running
step=460 time=3.0903541862559254 dt=0.0076878542582615493 residual=0.24378636894474734 checked=false stop=running
step=461 time=3.0980448265921612 dt=0.0076906403362358442 residual=0.24378646639106269 checked=false stop=running
step=462 time=3.105737965672188 dt=0.0076931390800267768 residual=0.2437865626580025 checked=false stop=running
step=463 time=3.1134333205436411 dt=0.0076953548714533406 residual=0.24378664991198282 checked=false stop=running
step=464 time=3.121130842922359 dt=0.0076975223787181003 residual=0.24378670943050731 checked=false stop=running
step=465 time=3.1288304852262701 dt=0.0076996423039111823 residual=0.24378674221958305 checked=false stop=running
step=466 time=3.1365322005764233 dt=0.0077017153501534744 residual=0.24378676212971734 checked=false stop=running
step=467 time=3.1442359427975943 dt=0.0077037422211711911 residual=0.24378677520089534 checked=false stop=running
step=468 time=3.1519416664184772 dt=0.0077057236208827179 residual=0.2437867962388944 checked=false stop=running
step=469 time=3.1596493266714747 dt=0.0077076602529975594 residual=0.24378683546732705 checked=false stop=running
step=470 time=3.1673588794921019 dt=0.0077095528206272386 residual=0.24378689018311159 checked=false stop=running
step=471 time=3.1750702815180096 dt=0.0077114020259079 residual=0.24378695765274955 checked=false stop=running
step=472 time=3.1827834900876439 dt=0.0077132085696343909 residual=0.24378703565840784 checked=false stop=running
step=473 time=3.1904984632385496 dt=0.0077149731509055259 residual=0.24378712044176454 checked=false stop=running
step=474 time=3.1982151597053301 dt=0.0077166964667803083 residual=0.24378721180533999 checked=false stop=running
step=475 time=3.2059335389172747 dt=0.0077183792119448454 residual=0.24378730854837236 checked=false stop=running
step=476 time=3.2136535609956645 dt=0.0077200220783897131 residual=0.24378740977978297 checked=false stop=running
step=477 time=3.2213751867507621 dt=0.0077216257550975827 residual=0.24378751885689723 checked=false stop=running
step=478 time=3.2290983776785032 dt=0.007723190927740901 residual=0.24378763895692301 checked=false stop=running
step=479 time=3.2368230959568924 dt=0.0077247182783894419 residual=0.24378776429715129 checked=false stop=running
step=480 time=3.2445493044421201 dt=0.0077262084852276437 residual=0.24378788366158313 checked=false stop=running
step=481 time=3.2522769666644016 dt=0.0077276622222815601 residual=0.24378800064220726 checked=false stop=running
step=482 time=3.2600060468235568 dt=0.0077290801591553366 residual=0.24378812697849164 checked=false stop=running
step=483 time=3.2677365097843341 dt=0.0077304629607771666 residual=0.2437882725325182 checked=false stop=running
step=484 time=3.2754682573327178 dt=0.0077317475483837045 residual=0.24378843877321663 checked=false stop=running
step=485 time=3.2832010631021209 dt=0.0077328057694031329 residual=0.24378862438544735 checked=false stop=running
step=486 time=3.2909348996140499 dt=0.0077338365119290946 residual=0.24378882829375909 checked=false stop=running
step=487 time=3.2986697399517824 dt=0.0077348403377325327 residual=0.24378904620839914 checked=false stop=running
step=488 time=3.306405557754069 dt=0.0077358178022866077 residual=0.24378927268074246 checked=false stop=running
step=489 time=3.3141423272087156 dt=0.0077367694546468186 residual=0.24378950621277773 checked=false stop=running
step=490 time=3.3218800230460559 dt=0.0077376958373402485 residual=0.24378974987322286 checked=false stop=running
step=491 time=3.3296186205323197 dt=0.0077385974862636576 residual=0.24379001069484979 checked=false stop=running
step=492 time=3.3373580954629101 dt=0.0077394749305903111 residual=0.24379029295809609 checked=false stop=running
step=493 time=3.3450984241555952 dt=0.0077403286926852975 residual=0.2437905936910672 checked=false stop=running
step=494 time=3.3528395834436244 dt=0.0077411592880291492 residual=0.24379090583799262 checked=false stop=running
step=495 time=3.360581550668774 dt=0.0077419672251495602 residual=0.24379122145969334 checked=false stop=running
step=496 time=3.3683243036743349 dt=0.0077427530055609343 residual=0.24379153597655254 checked=false stop=running
step=497 time=3.3760678207980463 dt=0.0077435171237116079 residual=0.24379185323785221 checked=false stop=running
step=498 time=3.3838120808649848 dt=0.0077442600669384055 residual=0.2437921802211058 checked=false stop=running
step=499 time=3.3915570631804131 dt=0.0077449823154283537 residual=0.24379251829265303 checked=false stop=running
step=500 time=3.3993027475226003 dt=0.0077456843421872118 residual=0.2437928642852786 checked=false stop=running
step=501 time=3.407049114135615 dt=0.0077463666130146219 residual=0.24379321345573074 checked=false stop=running
step=502 time=3.4147961437221004 dt=0.0077470295864855042 residual=0.24379356124608795 checked=false stop=running
step=503 time=3.4225438174360381 dt=0.0077476737139374995 residual=0.24379390470923987 checked=false stop=running
step=504 time=3.4302921168755023 dt=0.0077482994394641076 residual=0.24379423992734858 checked=false stop=running
step=505 time=3.4380410240754156 dt=0.0077489071999132788 residual=0.24379456903876279 checked=false stop=running
step=506 time=3.4457905215003066 dt=0.0077494974248911762 residual=0.2437949033839717 checked=false stop=running
step=507 time=3.4535405920370774 dt=0.0077500705367708296 residual=0.24379524042090064 checked=false stop=running
step=508 time=3.4612912189877827 dt=0.0077506269507054424 residual=0.24379557137289998 checked=false stop=running
step=509 time=3.4690423860624287 dt=0.0077511670746461432 residual=0.24379589237431057 checked=false stop=running
step=510 time=3.4767940773717925 dt=0.0077516913093639188 residual=0.24379620548463862 checked=false stop=running
step=511 time=3.484546277420268 dt=0.0077522000484755837 residual=0.24379651522309853 checked=false stop=running
step=512 time=3.4922989710987418 dt=0.007752693678473554 residual=0.24379682043483319 checked=false stop=running
step=513 time=3.5000521436775012 dt=0.0077531725787593365 residual=0.24379711282521274 checked=false stop=running
step=514 time=3.5078057807991816 dt=0.0077536371216805223 residual=0.2437973979406276 checked=false stop=running
step=515 time=3.5155598684717528 dt=0.0077540876725712303 residual=0.24379767825360646 checked=false stop=running
step=516 time=3.5233143930615487 dt=0.007754524589795829 residual=0.2437979472354336 checked=false stop=running
step=517 time=3.5310693412863445 dt=0.007754948224795887 residual=0.24379819661864799 checked=false stop=running
step=518 time=3.5388247002084849 dt=0.0077553589221402344 residual=0.24379842094970181 checked=false stop=running
step=519 time=3.546580457228063 dt=0.0077557570195780608 residual=0.2437986224709166 checked=false stop=running
step=520 time=3.5543366000761578 dt=0.0077561428480949508 residual=0.24379880293420941 checked=false stop=running
step=521 time=3.5620931168081298 dt=0.007756516731971798 residual=0.24379895413530972 checked=false stop=running
step=522 time=3.5698499957969765 dt=0.0077568789888464804 residual=0.24379907569365999 checked=false stop=running
step=523 time=3.5776072257267546 dt=0.0077572299297782128 residual=0.24379917682796509 checked=false stop=running
step=524 time=3.5853647955860692 dt=0.0077575698593144605 residual=0.24379926313368502 checked=false stop=running
step=525 time=3.5931226946616297 dt=0.0077578990755602963 residual=0.24379933764545975 checked=false stop=running
step=526 time=3.6008809125318799 dt=0.0077582178702501016 residual=0.24379939734176861 checked=false stop=running
step=527 time=3.6086394390607013 dt=0.0077585265288214076 residual=0.24379944077099522 checked=false stop=running
step=528 time=3.6163982643911923 dt=0.0077588253304907862 residual=0.24379946253981907 checked=false stop=running
step=529 time=3.6241573789395241 dt=0.0077591145483315955 residual=0.24379944949296517 checked=false stop=running
step=530 time=3.6319167733888773 dt=0.0077593944493534427 residual=0.24379938682725816 checked=false stop=running
step=531 time=3.6396764386834604 dt=0.0077596652945831155 residual=0.2437992803281416 checked=false stop=running
step=532 time=3.6474363660226072 dt=0.0077599273391469057 residual=0.24379913483773547 checked=false stop=running
step=533 time=3.6551965468549614 dt=0.0077601808323540548 residual=0.24379896442358712 checked=false stop=running
step=534 time=3.6629569728727427 dt=0.0077604260177811801 residual=0.24379878009944159 checked=false stop=running
step=535 time=3.6707176360061 dt=0.0077606631333575178 residual=0.24379858416268854 checked=false stop=running
step=536 time=3.6784785284175507 dt=0.0077608924114507642 residual=0.2437983756010928 checked=false stop=running
step=537 time=3.686239642496504 dt=0.0077611140789534041 residual=0.24379814919399537 checked=false stop=running
step=538 time=3.6940009708538732 dt=0.0077613283573693724 residual=0.24379789645536357 checked=false stop=running
step=539 time=3.7017625063167743 dt=0.0077615354629008374 residual=0.24379761677521253 checked=false stop=running
step=540 time=3.7095242419233094 dt=0.0077617356065351178 residual=0.24379730834949032 checked=false stop=running
step=541 time=3.7172861709174407 dt=0.0077619289941314711 residual=0.24379697652920362 checked=false stop=running
step=542 time=3.7250482867439487 dt=0.0077621158265077754 residual=0.24379663336515525 checked=false stop=running
step=543 time=3.7328105830434759 dt=0.0077622962995269659 residual=0.24379627331672077 checked=false stop=running
step=544 time=3.7405730536476591 dt=0.0077624706041831753 residual=0.24379589446625585 checked=false stop=running
step=545 time=3.7483356925743467 dt=0.0077626389266875016 residual=0.24379549525973282 checked=false stop=running
step=546 time=3.7560984940229001 dt=0.0077628014485534164 residual=0.24379506517601662 checked=false stop=running
step=547 time=3.7638614523695817 dt=0.0077629583466817149 residual=0.2437946040008328 checked=false stop=running
step=548 time=3.7716245621630269 dt=0.0077631097934450334 residual=0.24379412124641417 checked=false stop=running
step=549 time=3.7793878181197988 dt=0.0077632559567718962 residual=0.24379361691893336 checked=false stop=running
step=550 time=3.7871512151200291 dt=0.0077633970002302889 residual=0.24379310780601876 checked=false stop=running
step=551 time=3.7949147482031398 dt=0.0077635330831107496 residual=0.24379258941843232 checked=false stop=running
step=552 time=3.8026784125636488 dt=0.0077636643605089942 residual=0.2437920575185733 checked=false stop=running
step=553 time=3.8104422035470566 dt=0.0077637909834080273 residual=0.24379152065500184 checked=false stop=running
step=554 time=3.8182061166458166 dt=0.0077639130987597971 residual=0.24379097509804923 checked=false stop=running
step=555 time=3.8259701474953829 dt=0.0077640308495663495 residual=0.24379041398687251 checked=false stop=running
step=556 time=3.8337342918703432 dt=0.0077641443749604912 residual=0.24378983966637233 checked=false stop=running
step=557 time=3.8414985456806292 dt=0.0077642538102859586 residual=0.24378924080557213 checked=false stop=running
step=558 time=3.8492629049678064 dt=0.0077643592871770792 residual=0.24378863403175538 checked=false stop=running
step=559 time=3.8570273659014442 dt=0.0077644609336379213 residual=0.2437880242478444 checked=false stop=running
step=560 time=3.8647919247755653 dt=0.0077645588741208967 residual=0.24378740131215762 checked=false stop=running
step=561 time=3.8725565780051703 dt=0.0077646532296048202 residual=0.24378677648958746 checked=false stop=running
step=562 time=3.8803213221228425 dt=0.0077647441176723975 residual=0.24378615775868848 checked=false stop=running
step=563 time=3.8880861537754297 dt=0.0077648316525871178 residual=0.24378554166140248 checked=false stop=running
step=564 time=3.8958510697207993 dt=0.0077649159453694952 residual=0.24378493175798144 checked=false stop=running
step=565 time=3.903616066824672 dt=0.0077649971038726969 residual=0.24378431360519565 checked=false stop=running
step=566 time=3.9113811420575293 dt=0.0077650752328574406 residual=0.24378369314738552 checked=false stop=running
step=567 time=3.9191462924915954 dt=0.0077651504340661851 residual=0.24378308119367209 checked=false stop=running
step=568 time=3.926911515297892 dt=0.0077652228062965508 residual=0.24378246123290073 checked=false stop=running
step=569 time=3.934676807743366 dt=0.0077652924454739243 residual=0.24378183574977708 checked=false stop=running
step=570 time=3.9424421671880894 dt=0.007765359444723236 residual=0.24378121702311281 checked=false stop=running
step=571 time=3.9502075910825294 dt=0.0077654238944398048 residual=0.24378060479508884 checked=false stop=running
step=572 time=3.9579730769648886 dt=0.0077654858823592698 residual=0.24378000494801516 checked=false stop=running
step=573 time=3.9657386224585149 dt=0.0077655454936264951 residual=0.24377940821181104 checked=false stop=running
step=574 time=3.9735042252693784 dt=0.0077656028108634614 residual=0.24377881060037063 checked=false stop=running
step=575 time=3.9812698831836144 dt=0.0077656579142360259 residual=0.24377822441596331 checked=false stop=running
step=576 time=3.9890355940651339 dt=0.007765710881519533 residual=0.24377763273122216 checked=false stop=running
step=577 time=3.9968013558532971 dt=0.0077657617881632182 residual=0.24377703250307733 checked=false stop=running
step=578 time=4.0045671665606504 dt=0.0077658107073533423 residual=0.24377644697287421 checked=false stop=running
step=579 time=4.0123330242707249 dt=0.0077658577100749799 residual=0.24377588556126312 checked=false stop=running
step=580 time=4.0200989271358978 dt=0.0077659028651724448 residual=0.24377534663761938 checked=false stop=running
step=581 time=4.0278648733753064 dt=0.0077659462394082945 residual=0.24377481976448478 checked=false stop=running
step=582 time=4.0356308612728276 dt=0.0077659878975207828 residual=0.2437742951402683 checked=false stop=running
step=583 time=4.0433968891751073 dt=0.0077660279022798463 residual=0.24377378579596629 checked=false stop=running
step=584 time=4.0511629554896489 dt=0.0077660663145414548 residual=0.24377327601585638 checked=false stop=running
step=585 time=4.0589290586829492 dt=0.00776610319330036 residual=0.24377274928564299 checked=false stop=running
step=586 time=4.0666951972786904 dt=0.0077661385957411644 residual=0.24377222682874106 checked=false stop=running
step=587 time=4.0744613698559782 dt=0.0077661725772877202 residual=0.24377172793995391 checked=false stop=running
step=588 time=4.0822275750476287 dt=0.0077662051916508115 residual=0.24377124998747657 checked=false stop=running
step=589 time=4.0899938115385028 dt=0.0077662364908741201 residual=0.24377078411671366 checked=false stop=running
step=590 time=4.0977600780638817 dt=0.0077662665253784725 residual=0.2437703232161624 checked=false stop=running
step=591 time=4.1055263734078862 dt=0.0077662953440043904 residual=0.24376988538171837 checked=false stop=running
step=592 time=4.1132926964019392 dt=0.0077663229940529719 residual=0.24376947144717709 checked=false stop=running
step=593 time=4.1210590459232641 dt=0.0077663495213251233 residual=0.24376905681372643 checked=false stop=running
step=594 time=4.1288254208934232 dt=0.0077663749701592484 residual=0.24376864513351043 checked=false stop=running
step=595 time=4.136591820276891 dt=0.0077663993834673917 residual=0.24376825801779864 checked=false stop=running
step=596 time=4.1443582430796608 dt=0.0077664228027700165 residual=0.2437678921550733 checked=false stop=running
step=597 time=4.1521246883478904 dt=0.0077664452682294494 residual=0.24376753440113716 checked=false stop=running
step=598 time=4.1598911551665729 dt=0.0077664668186821434 residual=0.24376717618624921 checked=false stop=running
step=599 time=4.1676576426582432 dt=0.0077664874916698878 residual=0.24376683025103674 checked=false stop=running
step=600 time=4.1754241499817137 dt=0.0077665073234701159 residual=0.24376650877446362 checked=false stop=running
step=601 time=4.1831906763308391 dt=0.0077665263491254735 residual=0.24376619216871501 checked=false stop=running
step=602 time=4.1909572209333117 dt=0.0077665446024727872 residual=0.24376587274070102 checked=false stop=running
step=603 time=4.1987237830494832 dt=0.0077665621161716525 residual=0.24376557516640801 checked=false stop=running
step=604 time=4.2064903619712162 dt=0.0077665789217327436 residual=0.24376530669473576 checked=false stop=running
step=605 time=4.214256957020762 dt=0.0077665950495460767 residual=0.24376505143177485 checked=false stop=running
step=606 time=4.2220235675496713 dt=0.0077666105289093167 residual=0.24376479873318485 checked=false stop=running
step=607 time=4.2297901929377275 dt=0.007766625388056371 residual=0.24376455705537173 checked=false stop=running
step=608 time=4.2375568325919142 dt=0.0077666396541862344 residual=0.24376434377557918 checked=false stop=running
step=609 time=4.2453234859454065 dt=0.0077666533534923882 residual=0.24376414815794203 checked=false stop=running
step=610 time=4.2530901524565987 dt=0.0077666665111926179 residual=0.24376394736145732 checked=false stop=running
step=611 time=4.2608568316081579 dt=0.007766679151559451 residual=0.24376375318765744 checked=false stop=running
step=612 time=4.2686235229061094 dt=0.0077666912979511421 residual=0.24376358538596521 checked=false stop=running
step=613 time=4.2763902258789521 dt=0.0077667029728431605 residual=0.24376343412524287 checked=false stop=running
step=614 time=4.2841569400768122 dt=0.0077667141978601589 residual=0.24376328698556676 checked=false stop=running
step=615 time=4.2919236650706205 dt=0.0077667249938082709 residual=0.24376314904996252 checked=false stop=running
step=616 time=4.2996904004513281 dt=0.007766735380707615 residual=0.24376303737027533 checked=false stop=running
step=617 time=4.3074571458291526 dt=0.0077667453778247934 residual=0.24376295088573494 checked=false stop=running
step=618 time=4.3152239008328577 dt=0.0077667550037052169 residual=0.24376286445562476 checked=false stop=running
step=619 time=4.3229906651090628 dt=0.0077667642762049693 residual=0.24376277036755103 checked=false stop=running
step=620 time=4.3307574383215846 dt=0.007766773212522028 residual=0.24376269533544881 checked=false stop=running
step=621 time=4.338524220150811 dt=0.007766781829226522 residual=0.24376264450457971 checked=false stop=running
step=622 time=4.3462910102931005 dt=0.0077667901422898214 residual=0.24376260236361186 checked=false stop=running
step=623 time=4.3540578084602126 dt=0.007766798167112194 residual=0.24376256447399411 checked=false stop=running
step=624 time=4.3618246143787616 dt=0.0077668059185488211 residual=0.24376254517925069 checked=false stop=running
step=625 time=4.3695914277896959 dt=0.0077668134109339596 residual=0.24376255217524084 checked=false stop=running
step=626 time=4.3773582484477993 dt=0.0077668206581031603 residual=0.24376256994817475 checked=false stop=running
step=627 time=4.3851250761212128 dt=0.0077668276734133585 residual=0.24376257840097632 checked=false stop=running
step=628 time=4.3928919105909738 dt=0.0077668344697608806 residual=0.24376259113292881 checked=false stop=running
step=629 time=4.4006587516505711 dt=0.0077668410595972681 residual=0.24376262879993138 checked=false stop=running
step=630 time=4.4084255991055139 dt=0.0077668474549431061 residual=0.24376268034168 checked=false stop=running
step=631 time=4.4161924527729139 dt=0.0077668536673998626 residual=0.24376272775389884 checked=false stop=running
step=632 time=4.4239593124810739 dt=0.007766859708159983 residual=0.24376277553390732 checked=false stop=running
step=633 time=4.4317261780690895 dt=0.0077668655880154388 residual=0.24376284119411878 checked=false stop=running
step=634 time=4.4394930493864546 dt=0.0077668713173649701 residual=0.24376292642495667 checked=false stop=running
step=635 time=4.4472599262926753 dt=0.0077668769062203442 residual=0.24376301660359542 checked=false stop=running
step=636 time=4.4550268086568874 dt=0.0077668823642118804 residual=0.24376310472180232 checked=false stop=running
step=637 time=4.4627936963574806 dt=0.007766887700593559 residual=0.24376320855457739 checked=false stop=running
step=638 time=4.4705605892817282 dt=0.0077668929242480289 residual=0.24376333221939128 checked=false stop=running
step=639 time=4.4783274873254202 dt=0.007766898043691693 residual=0.24376345526144805 checked=false stop=running
step=640 time=4.4860943903925001 dt=0.0077669030670801699 residual=0.24376356523047249 checked=false stop=running
step=641 time=4.4938612983947142 dt=0.0077669080022142187 residual=0.24376367852662811 checked=false stop=running
step=642 time=4.5016282112512602 dt=0.0077669128565462982 residual=0.24376380740008322 checked=false stop=running
step=643 time=4.509395128888448 dt=0.0077669176371877044 residual=0.24376394278316366 checked=false stop=running
step=644 time=4.5171620512393647 dt=0.0077669223509163254 residual=0.24376407157817528 checked=false stop=running
step=645 time=4.5249289782435493 dt=0.0077669270041848554 residual=0.24376419769323757 checked=false stop=running
step=646 time=4.5326959098466784 dt=0.0077669316031292648 residual=0.24376433860129154 checked=false stop=running
step=647 time=4.5404628460002554 dt=0.0077669361535773473 residual=0.24376449087008759 checked=false stop=running
step=648 time=4.5482297866613122 dt=0.0077669406610569895 residual=0.24376463116394881 checked=false stop=running
step=649 time=4.5559967317921162 dt=0.0077669451308038954 residual=0.24376475435125519 checked=false stop=running
step=650 time=4.5637636813598847 dt=0.0077669495677683727 residual=0.2437648815401445 checked=false stop=running
step=651 time=4.5715306353365053 dt=0.0077669539766209049 residual=0.24376502085236176 checked=false stop=running
step=652 time=4.5792975936982616 dt=0.007766958361756178 residual=0.24376516326881348 checked=false stop=running
step=653 time=4.587064556425557 dt=0.0077669627272952966 residual=0.24376529923917545 checked=false stop=running
step=654 time=4.5948315235026431 dt=0.0077669670770860282 residual=0.24376543322822161 checked=false stop=running
step=655 time=4.6025984912003723 dt=0.0077669676977293019 residual=0.24376557390423526 checked=false stop=running
step=656 time=4.6103654541785382 dt=0.0077669629781656809 residual=0.24376570971931708 checked=false stop=running
step=657 time=4.618132412479083 dt=0.0077669583005447193 residual=0.24376582104377864 checked=false stop=running
step=658 time=4.625899366161315 dt=0.0077669536822318726 residual=0.24376591491515373 checked=false stop=running
step=659 time=4.6336663153028326 dt=0.0077669491415174353 residual=0.24376601449701074 checked=false stop=running
step=660 time=4.6414332600004311 dt=0.0077669446975983224 residual=0.24376612558358537 checked=false stop=running
step=661 time=4.64920020037097 dt=0.0077669403705392546 residual=0.24376623936312053 checked=false stop=running
step=662 time=4.656967136552181 dt=0.007766936181210579 residual=0.24376634695099145 checked=false stop=running
step=663 time=4.6647340687033818 dt=0.0077669321512007098 residual=0.24376645149149645 checked=false stop=running
step=664 time=4.6725009970060833 dt=0.0077669283027016868 residual=0.24376655546096032 checked=false stop=running
step=665 time=4.6802679216644503 dt=0.0077669246583672259 residual=0.24376664509786689 checked=false stop=running
step=666 time=4.6880348429055942 dt=0.0077669212411436211 residual=0.243766706721816 checked=false stop=running
step=667 time=4.6958017609796689 dt=0.0077669180740748515 residual=0.24376675185730345 checked=false stop=running
step=668 time=4.7035686761597537 dt=0.0077669151800844414 residual=0.24376680071072945 checked=false stop=running
step=669 time=4.7113355887414912 dt=0.0077669125817376701 residual=0.24376685591314967 checked=false stop=running
step=670 time=4.7191024990424806 dt=0.0077669103009890142 residual=0.24376690610507001 checked=false stop=running
step=671 time=4.7268694074014013 dt=0.0077669083589205481 residual=0.24376694477720354 checked=false stop=running
step=672 time=4.7346363141768792 dt=0.0077669067754781527 residual=0.2437669799046325 checked=false stop=running
step=673 time=4.7424032197460919 dt=0.0077669055692129833 residual=0.24376701371012691 checked=false stop=running
step=674 time=4.7501701245031285 dt=0.0077669047570362712 residual=0.2437670333166739 checked=false stop=running
step=675 time=4.7579370288571239 dt=0.0077669043539956902 residual=0.24376702614623155 checked=false stop=running
step=676 time=4.7657039332302054 dt=0.0077669043730814874 residual=0.24376699808959715 checked=false stop=running
step=677 time=4.7734708380552755 dt=0.0077669048250702446 residual=0.24376696586186741 checked=false stop=running
step=678 time=4.7812377437736888 dt=0.0077669057184132449 residual=0.24376693441971595 checked=false stop=running
step=679 time=4.7890046508328643 dt=0.00776690705917549 residual=0.24376689361351972 checked=false stop=running
step=680 time=4.7967715584692909 dt=0.007766907636426683 residual=0.2437668399937501 checked=false stop=running
step=681 time=4.8045384659685899 dt=0.0077669074992992027 residual=0.24376678458012757 checked=false stop=running
step=682 time=4.8123053737356596 dt=0.007766907767069905 residual=0.24376672843717645 checked=false stop=running
step=683 time=4.8200722821798445 dt=0.0077669084441852436 residual=0.24376665894085062 checked=false stop=running
step=684 time=4.8278391917126022 dt=0.0077669095327573398 residual=0.24376656305280753 checked=false stop=running
step=685 time=4.8356061027452668 dt=0.0077669110326646787 residual=0.24376644117577415 checked=false stop=running
step=686 time=4.8433730156869848 dt=0.0077669129417180125 residual=0.24376630801923896 checked=false stop=running
step=687 time=4.8511399309428738 dt=0.0077669152558892795 residual=0.24376617306817436 checked=false stop=running
step=688 time=4.8589068489124729 dt=0.0077669179695988863 residual=0.24376603010050701 checked=false stop=running
step=689 time=4.8666737699885267 dt=0.0077669210760541538 residual=0.24376587663536001 checked=false stop=running
step=690 time=4.8744406945561565 dt=0.0077669245676293235 residual=0.24376572231273122 checked=false stop=running
step=691 time=4.8822076229924321 dt=0.0077669284362752219 residual=0.24376556813092529 checked=false stop=running
step=692 time=4.8899745556663765 dt=0.0077669326739448269 residual=0.2437654031507489 checked=false stop=running
step=693 time=4.8977414929393959 dt=0.0077669372730193743 residual=0.24376521312418037 checked=false stop=running
step=694 time=4.9055084351661149 dt=0.0077669422267186254 residual=0.24376499356765 checked=false stop=running
step=695 time=4.9132753826955931 dt=0.0077669475294784235 residual=0.24376475915756612 checked=false stop=running
step=696 time=4.9210423358728717 dt=0.0077669531772788514 residual=0.24376452723138603 checked=false stop=running
step=697 time=4.9288092950407787 dt=0.0077669591679070124 residual=0.24376429866537497 checked=false stop=running
step=698 time=4.9365762605419183 dt=0.0077669655011400477 residual=0.2437640676765179 checked=false stop=running
step=699 time=4.9443432327207546 dt=0.0077669721788359795 residual=0.24376383350593528 checked=false stop=running
step=700 time=4.9521102119256772 dt=0.0077669792049228151 residual=0.24376359332878531 checked=false stop=running
step=701 time=4.9598771985109567 dt=0.0077669865852795185 residual=0.24376334058157995 checked=false stop=running
step=702 time=4.9676441928384625 dt=0.0077669943275061994 residual=0.24376306808000037 checked=false stop=running
step=703 time=4.9754111952790474 dt=0.0077670024405848579 residual=0.24376277223789425 checked=false stop=running
step=704 time=4.9831782062134833 dt=0.0077670109344362146 residual=0.24376246436412741 checked=false stop=running
step=705 time=4.9909452260328653 dt=0.0077670198193823588 residual=0.24376215920919114 checked=false stop=running
step=706 time=4.9987122551383942 dt=0.0077670291055290325 residual=0.24376185788377991 checked=false stop=running
step=707 time=5.0064792939404796 dt=0.0077670388020850984 residual=0.24376155256736859 checked=false stop=running
step=708 time=5.0142463428571196 dt=0.0077670489166400559 residual=0.24376123806547703 checked=false stop=running
step=709 time=5.0220134023115426 dt=0.0077670594544231248 residual=0.24376091504447797 checked=false stop=running
step=710 time=5.0297804727291116 dt=0.0077670704175693221 residual=0.2437605859031223 checked=false stop=running
step=711 time=5.0375475545335302 dt=0.0077670818044190621 residual=0.24376024892840792 checked=false stop=running
step=712 time=5.0453146481424085 dt=0.0077670936088778493 residual=0.24375989716852769 checked=false stop=running
step=713 time=5.0530817539622701 dt=0.0077671058198618718 residual=0.24375953428197161 checked=false stop=running
step=714 time=5.0608488723831231 dt=0.0077671184208533296 residual=0.2437591714380701 checked=false stop=running
step=715 time=5.0686160037727097 dt=0.0077671313895866295 residual=0.24375881216649292 checked=false stop=running
step=716 time=5.0763831484705921 dt=0.0077671446978827986 residual=0.24375845217026595 checked=false stop=running
step=717 time=5.0841503067822371 dt=0.0077671583116450298 residual=0.24375808318840983 checked=false stop=running
step=718 time=5.0919174789732606 dt=0.0077671721910231497 residual=0.24375770077606332 checked=false stop=running
step=719 time=5.09968466526401 dt=0.0077671862907492221 residual=0.24375730889515368 checked=false stop=running
step=720 time=5.1074518658246504 dt=0.0077672005606406139 residual=0.24375691004255534 checked=false stop=running
step=721 time=5.1152190807709115 dt=0.0077672149462610397 residual=0.24375649877927419 checked=false stop=running
step=722 time=5.1229863099922408 dt=0.0077672292213290077 residual=0.24375607690073656 checked=false stop=running
step=723 time=5.1307535421412398 dt=0.0077672321489991028 residual=0.24375565601294452 checked=false stop=running
step=724 time=5.1385207772033015 dt=0.00776723506206167 residual=0.24375524167170892 checked=false stop=running
step=725 time=5.1462880151649522 dt=0.0077672379616505324 residual=0.2437548303344417 checked=false stop=running
step=726 time=5.154055256013776 dt=0.0077672408488241359 residual=0.2437544097833565 checked=false stop=running
step=727 time=5.1618224997383342 dt=0.007767243724558278 residual=0.24375396910007446 checked=false stop=running
step=728 time=5.169589746328076 dt=0.0077672465897420965 residual=0.24375351593559683 checked=false stop=running
step=729 time=5.1773569957732537 dt=0.0077672494451773259 residual=0.24375306619974152 checked=false stop=running
step=730 time=5.1851242480648345 dt=0.0077672522915808243 residual=0.24375262325214792 checked=false stop=running
step=731 time=5.1928915031944243 dt=0.0077672551295900659 residual=0.24375218107097452 checked=false stop=running
step=732 time=5.2006587611541955 dt=0.0077672579597711632 residual=0.24375173543554113 checked=false stop=running
step=733 time=5.2084260219368241 dt=0.0077672607826288877 residual=0.24375128418073114 checked=false stop=running
step=734 time=5.216193285535442 dt=0.0077672635986179208 residual=0.24375082709288121 checked=false stop=running
step=735 time=5.2239605519435965 dt=0.0077672664081545736 residual=0.24375035654788604 checked=false stop=running
step=736 time=5.2317278211552249 dt=0.0077672692116281692 residual=0.24374986186764053 checked=false stop=running
step=737 time=5.2394950931646358 dt=0.0077672720094111658 residual=0.24374934802934112 checked=false stop=running
step=738 time=5.2472623679665027 dt=0.0077672748018673193 residual=0.24374883197970268 checked=false stop=running
step=739 time=5.2550296455558598 dt=0.0077672775893570965 residual=0.24374832301799809 checked=false stop=running
step=740 time=5.2627969259280993 dt=0.007767280372239789 residual=0.24374781877171031 checked=false stop=running
step=741 time=5.2705642090789713 dt=0.0077672831508718626 residual=0.24374731618473675 checked=false stop=running
step=742 time=5.278331495004573 dt=0.0077672859256013469 residual=0.24374681987958707 checked=false stop=running
step=743 time=5.2860987837013313 dt=0.0077672886967581414 residual=0.24374633651832942 checked=false stop=running
step=744 time=5.2938660751659716 dt=0.0077672914646404476 residual=0.24374585603046592 checked=false stop=running
step=745 time=5.3016333693954696 dt=0.0077672942294976875 residual=0.24374535760375901 checked=false stop=running
step=746 time=5.3094006663869804 dt=0.0077672969915104119 residual=0.24374483255687418 checked=false stop=running
step=747 time=5.317167966137748 dt=0.0077672997507680147 residual=0.24374429146750462 checked=false stop=running
step=748 time=5.3249352686449933 dt=0.0077673025072450101 residual=0.24374374914430169 checked=false stop=running
step=749 time=5.3327025739057703 dt=0.0077673052607769369 residual=0.24374320862818247 checked=false stop=running
step=750 time=5.3404698819168068 dt=0.0077673080110368092 residual=0.24374266517514609 checked=false stop=running
step=751 time=5.3482371926743202 dt=0.0077673107575132339 residual=0.2437421182218186 checked=false stop=running
step=752 time=5.3560045061738117 dt=0.0077673134994911243 residual=0.24374156881461431 checked=false stop=running
step=753 time=5.3637718224098476 dt=0.0077673162360359163 residual=0.24374100851273889 checked=false stop=running
step=754 time=5.3715391413758296 dt=0.0077673189659821238 residual=0.24374043045536409 checked=false stop=running
step=755 time=5.3793064630637559 dt=0.0077673216879267301 residual=0.2437398394761531 checked=false stop=running
step=756 time=5.3870737874639838 dt=0.0077673244002279445 residual=0.24373924991133239 checked=false stop=running
step=757 time=5.3948411145649935 dt=0.0077673271010094335 residual=0.24373867241914335 checked=false stop=running
step=758 time=5.4026084443531639 dt=0.0077673297881700309 residual=0.24373810106880867 checked=false stop=running
step=759 time=5.4103757768125629 dt=0.0077673324593986459 residual=0.24373752890974168 checked=false stop=running
step=760 time=5.4181431119247572 dt=0.0077673351121938768 residual=0.24373696205546308 checked=false stop=running
step=761 time=5.4259104496686446 dt=0.007767337743887659 residual=0.2437364043244801 checked=false stop=running
step=762 time=5.433677790020317 dt=0.007767340351672071 residual=0.24373584737145434 checked=false stop=running
step=763 time=5.4414451329529454 dt=0.0077673429326283053 residual=0.24373528231917718 checked=false stop=running
step=764 time=5.449212478436702 dt=0.0077673454837567336 residual=0.24373470406366365 checked=false stop=running
step=765 time=5.456979826438709 dt=0.0077673480020069106 residual=0.24373411289564256 checked=false stop=running
step=766 time=5.4647471769230158 dt=0.0077673504843064128 residual=0.24373350478450589 checked=false stop=running
step=767 time=5.4725145298506028 dt=0.0077673529275874521 residual=0.24373287504092123 checked=false stop=running
step=768 time=5.4802818851794131 dt=0.0077673553288102846 residual=0.24373224156706466 checked=false stop=running
step=769 time=5.4880492428643954 dt=0.0077673576849825966 residual=0.24373163356899727 checked=false stop=running
step=770 time=5.4958166028575697 dt=0.00776735999317425 residual=0.2437310547404799 checked=false stop=running
step=771 time=5.5035839651080964 dt=0.007767362250526935 residual=0.24373048148915927 checked=false stop=running
step=772 time=5.5113513295623546 dt=0.0077673644542585627 residual=0.24372989316562862 checked=false stop=running
step=773 time=5.5191186961640168 dt=0.0077673666016624095 residual=0.2437292909580038 checked=false stop=running
step=774 time=5.5268860648541178 dt=0.0077673686901013131 residual=0.24372868956052662 checked=false stop=running
step=775 time=5.5346534355711148 dt=0.0077673707169973729 residual=0.24372808691098247 checked=false stop=running
step=776 time=5.5424208082509328 dt=0.0077673726798179084 residual=0.24372747671728875 checked=false stop=running
step=777 time=5.5501881828269912 dt=0.0077673745760584991 residual=0.24372687243664121 checked=false stop=running
step=778 time=5.5579555592302157 dt=0.0077673764032240985 residual=0.24372629320391914 checked=false stop=running
step=779 time=5.5657229373890251 dt=0.0077673781588093625 residual=0.24372573590901059 checked=false stop=running
step=780 time=5.5734903172293047 dt=0.0077673798402792408 residual=0.24372518447942004 checked=false stop=running
step=781 time=5.5812576986743556 dt=0.0077673814450509963 residual=0.24372463041620543 checked=false stop=running
step=782 time=5.5890250816448344 dt=0.0077673829704786963 residual=0.24372407699098064 checked=false stop=running
step=783 time=5.5967924660586759 dt=0.0077673844138411397 residual=0.24372351926026159 checked=false stop=running
step=784 time=5.6045598505855345 dt=0.0077673845268585451 residual=0.24372293873091902 checked=false stop=running
step=785 time=5.6123272307658461 dt=0.0077673801803118444 residual=0.24372233784050581 checked=false stop=running
step=786 time=5.6200946054813956 dt=0.0077673747155491898 residual=0.24372175187631312 checked=false stop=running
step=787 time=5.6278619743735154 dt=0.0077673688921196301 residual=0.24372121341281136 checked=false stop=running
step=788 time=5.6356293377329729 dt=0.0077673633594578248 residual=0.24372072146935572 checked=false stop=running
step=789 time=5.6433966958840402 dt=0.0077673581510672831 residual=0.24372025867441294 checked=false stop=running
step=790 time=5.6511640491833877 dt=0.0077673532993477196 residual=0.24371980717668443 checked=false stop=running
step=791 time=5.6589313980190807 dt=0.0077673488356933646 residual=0.24371935376576334 checked=false stop=running
step=792 time=5.6666987428096594 dt=0.0077673447905790205 residual=0.24371888235477249 checked=false stop=running
step=793 time=5.6744660840032832 dt=0.0077673411936234503 residual=0.24371838627295309 checked=false stop=running
step=794 time=5.6822334220769051 dt=0.0077673380736221122 residual=0.24371788410579945 checked=false stop=running
step=795 time=5.690000757535449 dt=0.0077673354585440189 residual=0.24371741006440706 checked=false stop=running
step=796 time=5.6977680909109401 dt=0.0077673333754906806 residual=0.24371697346974813 checked=false stop=running
step=797 time=5.7055354227615585 dt=0.0077673318506182084 residual=0.24371655792491997 checked=false stop=running
step=798 time=5.7133027536705852 dt=0.0077673309090268783 residual=0.24371615490781079 checked=false stop=running
step=799 time=5.72107008424521 dt=0.007767330574625286 residual=0.24371576966921862 checked=false stop=running
step=800 time=5.7288374151151888 dt=0.007767330869978775 residual=0.24371540150241938 checked=false stop=running
step=801 time=5.7366047469313424 dt=0.0077673318161537658 residual=0.24371503773104833 checked=false stop=running
step=802 time=5.7443720803639131 dt=0.0077673334325709751 residual=0.24371466800611821 checked=false stop=running
step=803 time=5.7521394161007944 dt=0.0077673357368811579 residual=0.24371429998411037 checked=false stop=running
step=804 time=5.7599067548456713 dt=0.0077673387448768463 residual=0.2437139469665241 checked=false stop=running
step=805 time=5.7676740973161236 dt=0.0077673424704526751 residual=0.24371359933524597 checked=false stop=running
step=806 time=5.775441444241749 dt=0.0077673469256252948 residual=0.24371325387673951 checked=false stop=running
step=807 time=5.7832087963623708 dt=0.0077673521206215587 residual=0.24371292915626852 checked=false stop=running
step=808 time=5.7909761544264118 dt=0.007767358064040877 residual=0.2437126373311112 checked=false stop=running
step=809 time=5.7987435191895065 dt=0.0077673647630942672 residual=0.24371236130849322 checked=false stop=running
step=810 time=5.806510891413426 dt=0.0077673722239192129 residual=0.24371207632423081 checked=false stop=running
step=811 time=5.8142782718395427 dt=0.0077673804261166003 residual=0.24371178335540755 checked=false stop=running
step=812 time=5.822045650309037 dt=0.0077673784694942197 residual=0.24371151658700826 checked=false stop=running
step=813 time=5.8298130267022268 dt=0.0077673763931898716 residual=0.24371129893611812 checked=false stop=running
step=814 time=5.8375804009025121 dt=0.0077673742002850946 residual=0.24371113749969342 checked=false stop=running
step=815 time=5.8453477727967371 dt=0.0077673718942251665 residual=0.2437110464521739 checked=false stop=running
step=816 time=5.8531151422755778 dt=0.0077673694788411227 residual=0.24371103572595754 checked=false stop=running
step=817 time=5.8608825092339556 dt=0.0077673669583776545 residual=0.24371108399328259 checked=false stop=running
step=818 time=5.8686498735714823 dt=0.007767364337526745 residual=0.24371115159082524 checked=false stop=running
step=819 time=5.8764172351929487 dt=0.0077673616214665115 residual=0.24371121238002447 checked=false stop=running
step=820 time=5.8841845940088531 dt=0.0077673588159045273 residual=0.24371127303232204 checked=false stop=running
step=821 time=5.8919519499359776 dt=0.0077673559271245005 residual=0.24371133760588551 checked=false stop=running
step=822 time=5.8997193028980126 dt=0.0077673529620349525 residual=0.24371139001985273 checked=false stop=running
step=823 time=5.9074866528262309 dt=0.0077673499282183622 residual=0.2437114361973656 checked=false stop=running
step=824 time=5.9152539996602096 dt=0.0077673468339788691 residual=0.24371150713163434 checked=false stop=running
step=825 time=5.9230213433485961 dt=0.0077673436883866484 residual=0.24371161837834163 checked=false stop=running
step=826 time=5.9307886838499133 dt=0.007767340501316858 residual=0.24371177232651159 checked=false stop=running
step=827 time=5.9385560211333948 dt=0.007767337283481046 residual=0.24371196562123532 checked=false stop=running
step=828 time=5.9463233551798433 dt=0.0077673340464489453 residual=0.24371220217379116 checked=false stop=running
step=829 time=5.9540906859825018 dt=0.0077673308026586464 residual=0.24371248121055814 checked=false stop=running
step=830 time=5.9618580135479151 dt=0.0077673275654133993 residual=0.24371277260060353 checked=false stop=running
step=831 time=5.9696253378967787 dt=0.0077673243488633947 residual=0.24371307312200829 checked=false stop=running
step=832 time=5.9773926590647504 dt=0.0077673211679713415 residual=0.24371341265441962 checked=false stop=running
step=833 time=5.9851599771032111 dt=0.0077673180384609094 residual=0.24371379512671362 checked=false stop=running
step=834 time=5.9929272920799583 dt=0.0077673149767476142 residual=0.24371419922666607 checked=false stop=running
step=835 time=6.0006946040798104 dt=0.0077673119998521558 residual=0.24371460728035355 checked=false stop=running
step=836 time=6.0084619132051067 dt=0.0077673091252967305 residual=0.24371501478984658 checked=false stop=running
step=837 time=6.0162292195760925 dt=0.0077673063709853708 residual=0.243715427529409 checked=false stop=running
step=838 time=6.0239965233311628 dt=0.0077673037550698969 residual=0.24371582665660063 checked=false stop=running
step=839 time=6.0317638246269665 dt=0.0077673012958035465 residual=0.24371618368948433 checked=false stop=running
step=840 time=6.0395311236383513 dt=0.007767299011384835 residual=0.24371650861464481 checked=false stop=running
step=841 time=6.0472984205581461 dt=0.0077672969197946865 residual=0.24371683680602926 checked=false stop=running
step=842 time=6.0550657155967764 dt=0.0077672950386300926 residual=0.24371721217938797 checked=false stop=running
step=843 time=6.0628330089817144 dt=0.0077672933849380283 residual=0.24371764759960235 checked=false stop=running
step=844 time=6.0706003009567677 dt=0.0077672919750532889 residual=0.24371811511598848 checked=false stop=running
step=845 time=6.0783675917812117 dt=0.0077672908244442529 residual=0.24371860055984038 checked=false stop=running
step=846 time=6.0861348817287819 dt=0.0077672899475702108 residual=0.24371909438298389 checked=false stop=running
step=847 time=6.093902171086536 dt=0.0077672893577540479 residual=0.24371957264244148 checked=false stop=running
step=848 time=6.1016694601536097 dt=0.0077672890670734416 residual=0.24372002402140119 checked=false stop=running
step=849 time=6.1094367492398831 dt=0.0077672890862734868 residual=0.24372044450818284 checked=false stop=running
step=850 time=6.1172040386645863 dt=0.0077672894247031252 residual=0.24372082142976564 checked=false stop=running
step=851 time=6.1249713287548628 dt=0.007767290090276888 residual=0.24372116913445249 checked=false stop=running
step=852 time=6.1327386198443259 dt=0.0077672910894629578 residual=0.24372151224866151 checked=false stop=running
step=853 time=6.1405059122716237 dt=0.0077672924272975718 residual=0.24372186295000639 checked=false stop=running
step=854 time=6.1482732063790486 dt=0.007767294107424951 residual=0.24372220099806646 checked=false stop=running
step=855 time=6.1560405025112095 dt=0.007767296132161124 residual=0.24372248259083634 checked=false stop=running
step=856 time=6.1638078010137889 dt=0.0077672985025790649 residual=0.24372271735540482 checked=false stop=running
step=857 time=6.171575102232401 dt=0.0077673012186118403 residual=0.24372296470642854 checked=false stop=running
step=858 time=6.1793424065115703 dt=0.0077673042791696631 residual=0.24372322465167215 checked=false stop=running
step=859 time=6.187109714193836 dt=0.0077673076822661596 residual=0.24372347287577423 checked=false stop=running
step=860 time=6.1948770256189851 dt=0.0077673114251487659 residual=0.24372369858001217 checked=false stop=running
step=861 time=6.2026443411234125 dt=0.0077673155044277239 residual=0.24372390094460436 checked=false stop=running
step=862 time=6.2104116610396103 dt=0.0077673199161982049 residual=0.24372407938524041 checked=false stop=running
step=863 time=6.2181789856957606 dt=0.0077673246561501107 residual=0.24372420927359628 checked=false stop=running
step=864 time=6.2259463154154213 dt=0.0077673297196604778 residual=0.24372425381560467 checked=false stop=running
step=865 time=6.2337136505172852 dt=0.0077673351018639012 residual=0.24372420500933922 checked=false stop=running
step=866 time=6.2414809913149822 dt=0.0077673407976972357 residual=0.24372409247754523 checked=false stop=running
step=867 time=6.2492483381168977 dt=0.0077673468019156871 residual=0.24372398190305111 checked=false stop=running
step=868 time=6.257015691225976 dt=0.0077673531090786041 residual=0.24372389573438222 checked=false stop=running
step=869 time=6.2647830509394806 dt=0.0077673597135044627 residual=0.2437237984791924 checked=false stop=running
step=870 time=6.2725504175486764 dt=0.0077673666091959111 residual=0.24372366572267365 checked=false stop=running
step=871 time=6.2803177913384136 dt=0.0077673737897370806 residual=0.24372348861794921 checked=false stop=running
step=872 time=6.2880851725865803 dt=0.00776738124816676 residual=0.24372325813134563 checked=false stop=running
step=873 time=6.2958525615634127 dt=0.0077673889768323113 residual=0.24372297732280568 checked=false stop=running
step=874 time=6.3036199585306427 dt=0.0077673969672303559 residual=0.24372264619160502 checked=false stop=running
step=875 time=6.3113873637404838 dt=0.0077674052098412778 residual=0.24372225248748541 checked=false stop=running
step=876 time=6.3191547774344494 dt=0.0077674136939653374 residual=0.24372178603921746 checked=false stop=running
step=877 time=6.3269221998420182 dt=0.0077674224075686502 residual=0.24372123216802857 checked=false stop=running
step=878 time=6.3346896311791658 dt=0.0077674313371475043 residual=0.243720587740236 checked=false stop=running
step=879 time=6.342457071646785 dt=0.0077674404676192875 residual=0.24371987177312407 checked=false stop=running
step=880 time=6.3502245212621231 dt=0.0077674496153382613 residual=0.24371915601622943 checked=false stop=running
step=881 time=6.3579919800522928 dt=0.0077674587901693116 residual=0.24371850653660879 checked=false stop=running
step=882 time=6.3657594481963757 dt=0.0077674681440830012 residual=0.24371790627730128 checked=false stop=running
step=883 time=6.3735269258555203 dt=0.0077674776591449592 residual=0.24371725049596193 checked=false stop=running
step=884 time=6.381294413171366 dt=0.0077674873158460386 residual=0.243716511609509 checked=false stop=running
step=885 time=6.3890619102645223 dt=0.0077674970931562526 residual=0.24371573998410553 checked=false stop=running
step=886 time=6.3968294172331506 dt=0.0077675069686285354 residual=0.24371495892512698 checked=false stop=running
step=887 time=6.4045969341517042 dt=0.0077675169185531853 residual=0.24371416316740316 checked=false stop=running
step=888 time=6.412364461069866 dt=0.0077675269181620476 residual=0.24371335017740905 checked=false stop=running
step=889 time=6.4201319980117457 dt=0.0077675369418794419 residual=0.24371251651492137 checked=false stop=running
step=890 time=6.4278995449753609 dt=0.0077675469636147368 residual=0.24371164491102387 checked=false stop=running
step=891 time=6.4356671019324505 dt=0.0077675569570896524 residual=0.24371069858697711 checked=false stop=running
step=892 time=6.4434346688286421 dt=0.0077675668961914267 residual=0.24370963937764351 checked=false stop=running
step=893 time=6.4512022455839837 dt=0.0077675767553415376 residual=0.24370845281465134 checked=false stop=running
step=894 time=6.4589698320938522 dt=0.0077675865098682847 residual=0.2437072147871675 checked=false stop=running
step=895 time=6.4667374282078258 dt=0.0077675961139732743 residual=0.24370609977671751 checked=false stop=running
step=896 time=6.4745050333915195 dt=0.0077676051836937932 residual=0.24370514034974425 checked=false stop=running
step=897 time=6.4822726474379015 dt=0.0077676140463824013 residual=0.24370422834529573 checked=false stop=running
step=898 time=6.4900402701273441 dt=0.0077676226894425344 residual=0.2437032986112963 checked=false stop=running
step=899 time=6.4978079012302912 dt=0.0077676311029471539 residual=0.2437023414849572 checked=false stop=running
step=900 time=6.5055755405098834 dt=0.0077676392795926674 residual=0.24370137012149534 checked=false stop=running
step=901 time=6.5133431877244474 dt=0.0077676472145643428 residual=0.24370039012710695 checked=false stop=running
step=902 time=6.5211108426297617 dt=0.0077676549053144776 residual=0.24369939234918755 checked=false stop=running
step=903 time=6.5288785049810194 dt=0.0077676623512576539 residual=0.24369840215994681 checked=false stop=running
step=904 time=6.5366461745344102 dt=0.0077676695533908527 residual=0.24369746982158927 checked=false stop=running
step=905 time=6.544413851048259 dt=0.00776767651384919 residual=0.24369660535674961 checked=false stop=running
step=906 time=6.5521815342836698 dt=0.0077676832354110119 residual=0.24369576331205745 checked=false stop=running
step=907 time=6.5599492240046384 dt=0.0077676897209684416 residual=0.24369488267318645 checked=false stop=running
step=908 time=6.5677169199776202 dt=0.0077676959729816716 residual=0.243693950179668 checked=false stop=running
step=909 time=6.5754846219705563 dt=0.0077677019929364285 residual=0.2436930491657214 checked=false stop=running
step=910 time=6.5832523297513816 dt=0.0077677077808251107 residual=0.2436922541967963 checked=false stop=running
step=911 time=6.5910200430860533 dt=0.0077677133346718717 residual=0.24369154933237308 checked=false stop=running
step=912 time=6.5987877617361743 dt=0.0077677186501214036 residual=0.24369090762456641 checked=false stop=running
step=913 time=6.6065554854562842 dt=0.0077677237201096219 residual=0.24369032808325247 checked=false stop=running
step=914 time=6.6143232139909163 dt=0.0077677285346323946 residual=0.24368981385956148 checked=false stop=running
step=915 time=6.6220909470715421 dt=0.0077677330806255355 residual=0.24368933992703989 checked=false stop=running
step=916 time=6.6298586844135077 dt=0.0077677373419658847 residual=0.24368886126236877 checked=false stop=running
step=917 time=6.6376264257131075 dt=0.0077677412995994831 residual=0.24368839594306976 checked=false stop=running
step=918 time=6.6453941706449058 dt=0.0077677449317984995 residual=0.24368804456285029 checked=false stop=running
step=919 time=6.6531619188594497 dt=0.0077677482145441035 residual=0.24368783464028901 checked=false stop=running
step=920 time=6.6609296699814777 dt=0.0077677511220279943 residual=0.24368767843803285 checked=false stop=running
step=921 time=6.6686974236087382 dt=0.0077677536272608089 residual=0.24368749908713233 checked=false stop=running
step=922 time=6.67646517931151 dt=0.0077677557027714542 residual=0.24368729406753267 checked=false stop=running
step=923 time=6.6842329366328874 dt=0.0077677573213776182 residual=0.24368711718401748 checked=false stop=running
step=924 time=6.6920006950898916 dt=0.0077677584570045319 residual=0.24368703499905436 checked=false stop=running
step=925 time=6.6997684541754179 dt=0.0077677590855265224 residual=0.24368707588075872 checked=false stop=running
step=926 time=6.7075362133610223 dt=0.0077677591856041032 residual=0.24368721493423443 checked=false stop=running
step=927 time=6.7153039721005108 dt=0.0077677587394886071 residual=0.24368739839824222 checked=false stop=running
step=928 time=6.7230717298342775 dt=0.0077677577337663846 residual=0.24368757635186472 checked=false stop=running
step=929 time=6.7308394859942933 dt=0.0077677561600156082 residual=0.24368771276292539 checked=false stop=running
step=930 time=6.7386072400096442 dt=0.0077677540153508421 residual=0.24368777876279799 checked=false stop=running
step=931 time=6.7463749913124778 dt=0.007767751302833267 residual=0.24368780409420332 checked=false stop=running
step=932 time=6.7541427393442062 dt=0.0077677480317283219 residual=0.2436879681441437 checked=false stop=running
step=933 time=6.7619104835618034 dt=0.0077677442175969223 residual=0.24368842972201593 checked=false stop=running
step=934 time=6.7696782234440152 dt=0.0077677398822114541 residual=0.24368909074055856 checked=false stop=running
step=935 time=6.7774459584973084 dt=0.0077677350532932054 residual=0.24368976228475667 checked=false stop=running
step=936 time=6.7852136882613818 dt=0.0077677297640736907 residual=0.24369035477106485 checked=false stop=running
step=937 time=6.7929814123140702 dt=0.0077677240526880615 residual=0.24369087341128076 checked=false stop=running
step=938 time=6.8007491302754843 dt=0.0077677179614144345 residual=0.24369136982616799 checked=false stop=running
step=939 time=6.8085168418112625 dt=0.0077677115357784798 residual=0.24369191844388335 checked=false stop=running
step=940 time=6.8162845466348099 dt=0.0077677048235471969 residual=0.24369257672258432 checked=false stop=running
step=941 time=6.8240522445084499 dt=0.0077676978736401859 residual=0.24369332249342546 checked=false stop=running
step=942 time=6.8318199352434394 dt=0.0077676907349899064 residual=0.24369406122555959 checked=false stop=running
step=943 time=6.8395876186988245 dt=0.0077676834553847577 residual=0.24369470349039923 checked=false stop=running
step=944 time=6.8473552947791543 dt=0.0077676760803301291 residual=0.24369520719462995 checked=false stop=running
step=945 time=6.8551229634311168 dt=0.0077676686519627045 residual=0.24369560941797697 checked=false stop=running
step=946 time=6.862890624639169 dt=0.0077676612080522234 residual=0.24369608425446715 checked=false stop=running
step=947 time=6.8706582784202919 dt=0.0077676537811228012 residual=0.24369679873931335 checked=false stop=running
step=948 time=6.8784259248180142 dt=0.0077676463977226816 residual=0.24369767368743817 checked=false stop=running
step=949 time=6.8861935638958807 dt=0.0077676390778668681 residual=0.24369853189940352 checked=false stop=running
step=950 time=6.8939611957305527 dt=0.0077676318346721366 residual=0.24369933780296996 checked=false stop=running
step=951 time=6.9017288204047507 dt=0.0077676246741979768 residual=0.2437000972377773 checked=false stop=running
step=952 time=6.909496438000251 dt=0.0077676175955005422 residual=0.24370078214199334 checked=false stop=running
step=953 time=6.917264048591151 dt=0.007767610590900113 residual=0.24370143873872249 checked=false stop=running
step=954 time=6.9250316522376067 dt=0.007767603646455584 residual=0.24370216495073413 checked=false stop=running
step=955 time=6.9327992489802392 dt=0.0077675967426328457 residual=0.24370298169859764 checked=false stop=running
step=956 time=6.9405668387718507 dt=0.0077675897916113347 residual=0.24370380753129148 checked=false stop=running
step=957 time=6.9483344213728602 dt=0.0077675826010094916 residual=0.24370456415189515 checked=false stop=running
step=958 time=6.9561019966738362 dt=0.0077675753009761213 residual=0.24370521276340279 checked=false stop=running
step=959 time=6.9638695645334145 dt=0.0077675678595781833 residual=0.24370572482124558 checked=false stop=running
step=960 time=6.9716371247802478 dt=0.0077675602468332576 residual=0.24370615032802517 checked=false stop=running
step=961 time=6.979404677216122 dt=0.00776755243587405 residual=0.2437066560501526 checked=false stop=running
step=962 time=6.9871722216201375 dt=0.0077675444040158055 residual=0.24370730617642292 checked=false stop=running
step=963 time=6.9949397577538299 dt=0.0077675361336926544 residual=0.24370797403915417 checked=false stop=running
step=964 time=7.0027072853670633 dt=0.0077675276132329781 residual=0.243708547805393 checked=false stop=running
step=965 time=7.0104748042045131 dt=0.007767518837449308 residual=0.24370904369482804 checked=false stop=running
step=966 time=7.0182423140125376 dt=0.0077675098080242063 residual=0.24370950395057855 checked=false stop=running
step=967 time=7.0260098145462182 dt=0.0077675005336803934 residual=0.24370994447027694 checked=false stop=running
step=968 time=7.0337773055763488 dt=0.0077674910301306702 residual=0.24371043589757743 checked=false stop=running
step=969 time=7.0415447868961589 dt=0.0077674813198103697 residual=0.24371103124711699 checked=false stop=running
step=970 time=7.0493122583275616 dt=0.0077674714314024812 residual=0.24371166436046093 checked=false stop=running
step=971 time=7.0570797197267341 dt=0.0077674613991724605 residual=0.24371223831112152 checked=false stop=running
step=972 time=7.0648471709888705 dt=0.0077674512621361373 residual=0.24371268227919132 checked=false stop=running
step=973 time=7.07261461205196 dt=0.00776744106308955 residual=0.24371296469548626 checked=false stop=running
step=974 time=7.0803820428994939 dt=0.0077674308475341363 residual=0.24371313513561566 checked=false stop=running
step=975 time=7.0881494635620275 dt=0.0077674206625339658 residual=0.24371330037428918 checked=false stop=running
step=976 time=7.0959168741175711 dt=0.0077674105555436568 residual=0.24371354640736384 checked=false stop=running
step=977 time=7.1036842746908171 dt=0.0077674005732462914 residual=0.24371387234285186 checked=false stop=running
step=978 time=7.1114516654512565 dt=0.0077673907604397727 residual=0.24371421116084441 checked=false stop=running
step=979 time=7.1192190466102643 dt=0.0077673811590078965 residual=0.24371453544666713 checked=false stop=running
step=980 time=7.1269864184172729 dt=0.0077673718070089635 residual=0.24371481246342161 checked=false stop=running
step=981 time=7.1347537811551831 dt=0.007767362737910068 residual=0.24371495351591732 checked=false stop=running
step=982 time=7.1425211351351727 dt=0.007767353979989523 residual=0.24371500065003057 checked=false stop=running
step=983 time=7.1502884806910965 dt=0.0077673455559236727 residual=0.24371513805225908 checked=false stop=running
step=984 time=7.158055818173664 dt=0.0077673374825671347 residual=0.24371543348770211 checked=false stop=running
step=985 time=7.1658231479445922 dt=0.0077673297709286221 residual=0.24371574935661422 checked=false stop=running
step=986 time=7.1735904703709297 dt=0.0077673224263371306 residual=0.24371595249876615 checked=false stop=running
step=987 time=7.1813577858197162 dt=0.0077673154487865161 residual=0.24371603566238312 checked=false stop=running
step=988 time=7.1891250946531562 dt=0.0077673088334401742 residual=0.24371609257436133 checked=false stop=running
step=989 time=7.1968923972244285 dt=0.0077673025712719718 residual=0.24371614618812887 checked=false stop=running
step=990 time=7.2046596938742438 dt=0.0077672966498151053 residual=0.24371617515332497 checked=false stop=running
step=991 time=7.2124269849282312 dt=0.0077672910539872131 residual=0.24371621672761448 checked=false stop=running
step=992 time=7.2201942706951892 dt=0.0077672857669579595 residual=0.24371629995225533 checked=false stop=running
step=993 time=7.2279615514662137 dt=0.0077672807710246596 residual=0.24371637728567863 checked=false stop=running
step=994 time=7.2357288275146754 dt=0.0077672760484620469 residual=0.24371638153525332 checked=false stop=running
step=995 time=7.2434960990969897 dt=0.0077672715823143374 residual=0.24371628950162744 checked=false stop=running
step=996 time=7.2512633664540909 dt=0.0077672673571008441 residual=0.24371615682063477 checked=false stop=running
step=997 time=7.2590306298135019 dt=0.007767263359410608 residual=0.24371606970019616 checked=false stop=running
step=998 time=7.266797889391869 dt=0.0077672595783666821 residual=0.24371605199249416 checked=false stop=running
step=999 time=7.2745651453978155 dt=0.0077672560059463989 residual=0.24371613776330447 checked=false stop=running
step=1000 time=7.2823323980349661 dt=0.0077672526371501882 residual=0.24371625959262025 checked=false stop=running
step=1001 time=7.2900996475049835 dt=0.0077672494700177837 residual=0.24371629943951004 checked=false stop=running
step=1002 time=7.2978668940104807 dt=0.0077672465054969301 residual=0.2437162005487436 checked=false stop=running
step=1003 time=7.3056341377576564 dt=0.007767243747175483 residual=0.24371600227458648 checked=false stop=running
step=1004 time=7.3134013789585497 dt=0.0077672412008931027 residual=0.24371582275007672 checked=false stop=running
step=1005 time=7.3211686178328028 dt=0.0077672388742531977 residual=0.24371577690421245 checked=false stop=running
step=1006 time=7.3289358546088623 dt=0.0077672367760591556 residual=0.2437157759855636 checked=false stop=running
step=1007 time=7.3367030895245637 dt=0.0077672349157014058 residual=0.24371574183786374 checked=false stop=running
step=1008 time=7.3444703228270871 dt=0.0077672333025229972 residual=0.24371570677715004 checked=false stop=running
step=1009 time=7.3522375547722785 dt=0.0077672319451913691 residual=0.24371566629725969 checked=false stop=running
step=1010 time=7.3600047856233815 dt=0.0077672308511029884 residual=0.24371557466194063 checked=false stop=running
step=1011 time=7.3677720156492263 dt=0.0077672300258450925 residual=0.24371539796854566 checked=false stop=running
step=1012 time=7.3755392451219626 dt=0.0077672294727358258 residual=0.24371516636241991 checked=false stop=running
step=1013 time=7.3833064743144226 dt=0.0077672291924599166 residual=0.24371501424289363 checked=false stop=running
step=1014 time=7.3910737034972351 dt=0.0077672291828124861 residual=0.24371497644925322 checked=false stop=running
step=1015 time=7.3988409329357943 dt=0.0077672294385586951 residual=0.24371495743233143 checked=false stop=running
step=1016 time=7.4066081623094391 dt=0.0077672293736444787 residual=0.24371493874824607 checked=false stop=running
step=1017 time=7.4143753913758017 dt=0.0077672290663623042 residual=0.24371488448111353 checked=false stop=running
step=1018 time=7.422142620402135 dt=0.0077672290263337282 residual=0.24371477151087306 checked=false stop=running
step=1019 time=7.4299098496462115 dt=0.0077672292440764271 residual=0.24371461877948464 checked=false stop=running
step=1020 time=7.4376770793533939 dt=0.007767229707182792 residual=0.24371447042099051 checked=false stop=running
step=1021 time=7.445444309753948 dt=0.00776723040055437 residual=0.24371439305878143 checked=false stop=running
step=1022 time=7.4532115410606767 dt=0.0077672313067287833 residual=0.24371436862558041 checked=false stop=running
step=1023 time=7.4609787734669597 dt=0.0077672324062832403 residual=0.24371427739949594 checked=false stop=running
step=1024 time=7.4687460071452554 dt=0.007767233678295936 residual=0.24371417227260761 checked=false stop=running
step=1025 time=7.4765132422461003 dt=0.0077672351008449669 residual=0.24371408429595104 checked=false stop=running
step=1026 time=7.4842804788976238 dt=0.007767236651523601 residual=0.24371399712278743 checked=false stop=running
step=1027 time=7.4920477172055744 dt=0.0077672383079507024 residual=0.24371388292971383 checked=false stop=running
step=1028 time=7.4998149572538306 dt=0.0077672400482563242 residual=0.2437137275539481 checked=false stop=running
step=1029 time=7.5075821991053546 dt=0.0077672418515241266 residual=0.2437135874424193 checked=false stop=running
step=1030 time=7.5153494428035295 dt=0.0077672436981749485 residual=0.24371351163263419 checked=false stop=running
step=1031 time=7.5231166883738085 dt=0.0077672455702789203 residual=0.2437134055893258 checked=false stop=running
step=1032 time=7.5308839358255959 dt=0.0077672474517871265 residual=0.24371329859337396 checked=false stop=running
step=1033 time=7.538651185154273 dt=0.0077672493286775014 residual=0.24371319508637571 checked=false stop=running
step=1034 time=7.5464184363432869 dt=0.0077672511890136539 residual=0.24371307517581708 checked=false stop=running
step=1035 time=7.5541856893662063 dt=0.0077672530229189983 residual=0.24371294361769272 checked=false stop=running
step=1036 time=7.5619529441886781 dt=0.0077672548224721376 residual=0.24371280511491239 checked=false stop=running
step=1037 time=7.5697202007702105 dt=0.0077672565815325471 residual=0.24371268723697351 checked=false stop=running
step=1038 time=7.5774874590657184 dt=0.0077672582955081778 residual=0.24371261772503905 checked=false stop=running
step=1039 time=7.5852547190267972 dt=0.0077672599610786545 residual=0.24371250618606055 checked=false stop=running
step=1040 time=7.5930219806026864 dt=0.0077672615758889391 residual=0.24371238822994132 checked=false stop=running
step=1041 time=7.6007892437409152 dt=0.0077672631382290341 residual=0.24371229394431931 checked=false stop=running
step=1042 time=7.6085565083876308 dt=0.007767264646715088 residual=0.24371219821604667 checked=false stop=running
step=1043 time=7.6163237744876175 dt=0.0077672660999865886 residual=0.24371208837903963 checked=false stop=running
step=1044 time=7.62409104198405 dt=0.0077672674964328553 residual=0.24371196046042812 checked=false stop=running
step=1045 time=7.6318583108180098 dt=0.0077672688339602055 residual=0.24371183950830183 checked=false stop=running
step=1046 time=7.6396255809278184 dt=0.0077672701098087972 residual=0.24371176455685559 checked=false stop=running
step=1047 time=7.6473928522482444 dt=0.0077672713204255568 residual=0.24371166290364446 checked=false stop=running
step=1048 time=7.6551601247096412 dt=0.0077672724613968378 residual=0.24371154037826892 checked=false stop=running
step=1049 time=7.6629273982370831 dt=0.0077672735274416128 residual=0.2437114262105459 checked=false stop=running
step=1050 time=7.670694672749546 dt=0.0077672745124632127 residual=0.24371130264800264 checked=false stop=running
step=1051 time=7.6784619481592014 dt=0.0077672754096552304 residual=0.24371116405702245 checked=false stop=running
step=1052 time=7.6862292243708561 dt=0.0077672762116548239 residual=0.24371101069140486 checked=false stop=running
step=1053 time=7.6939965012815907 dt=0.0077672769107348955 residual=0.24371085410057466 checked=false stop=running
step=1054 time=7.7017637787806157 dt=0.0077672774990252243 residual=0.24371072265558288 checked=false stop=running
step=1055 time=7.7095310567493671 dt=0.0077672779687515915 residual=0.24371057062276816 checked=false stop=running
step=1056 time=7.7172983350618489 dt=0.0077672783124817625 residual=0.24371039620054546 checked=false stop=running
step=1057 time=7.7250656135852163 dt=0.0077672785233670171 residual=0.24371023693435753 checked=false stop=running
step=1058 time=7.7328328921805847 dt=0.0077672785953686093 residual=0.24371007270271772 checked=false stop=running
step=1059 time=7.7406001707040444 dt=0.0077672785234595672 residual=0.24370989116187811 checked=false stop=running
step=1060 time=7.748367449007838 dt=0.0077672783037933584 residual=0.24370970428473807 checked=false stop=running
step=1061 time=7.7561347269416707 dt=0.0077672779338328526 residual=0.2437095300257644 checked=false stop=running
step=1062 time=7.7639020043541054 dt=0.0077672774124346207 residual=0.2437093858231956 checked=false stop=running
step=1063 time=7.7716692810939909 dt=0.0077672767398856693 residual=0.24370923589342192 checked=false stop=running
step=1064 time=7.7794365570118824 dt=0.0077672759178916608 residual=0.24370905745074345 checked=false stop=running
step=1065 time=7.7872038319614001 dt=0.0077672749495176271 residual=0.24370889211732544 checked=false stop=running
step=1066 time=7.7949711058004842 dt=0.0077672738390839749 residual=0.24370873146739211 checked=false stop=running
step=1067 time=7.8027383783925064 dt=0.0077672725920222086 residual=0.24370855371647368 checked=false stop=running
step=1068 time=7.8105056496072027 dt=0.0077672712146962027 residual=0.24370835616246522 checked=false stop=running
step=1069 time=7.8182729193213989 dt=0.0077672697141959353 residual=0.24370816130110612 checked=false stop=running
step=1070 time=7.82604018741951 dt=0.0077672680981113861 residual=0.2437079959813106 checked=false stop=running
step=1071 time=7.8338074537938045 dt=0.0077672663742947871 residual=0.24370783366953569 checked=false stop=running
step=1072 time=7.8415747183444244 dt=0.0077672645506194913 residual=0.24370763491721664 checked=false stop=running
step=1073 time=7.849341980979168 dt=0.0077672626347436904 residual=0.24370743793820349 checked=false stop=running
step=1074 time=7.8571092416130544 dt=0.0077672606338866166 residual=0.24370724438604188 checked=false stop=running
step=1075 time=7.8648765001676786 dt=0.0077672585546242432 residual=0.24370703100719246 checked=false stop=running
step=1076 time=7.8726437565703895 dt=0.0077672564027106159 residual=0.2437067879880005 checked=false stop=running
step=1077 time=7.8804110107533196 dt=0.0077672541829297359 residual=0.24370652929044284 checked=false stop=running
step=1078 time=7.8881782626523016 dt=0.0077672518989818744 residual=0.2437062957516149 checked=false stop=running
step=1079 time=7.8959455122057083 dt=0.0077672495534068095 residual=0.2437060863437843 checked=false stop=running
step=1080 time=7.9037127593532537 dt=0.0077672471475452535 residual=0.24370585312623422 checked=false stop=running
step=1081 time=7.9114800040347921 dt=0.007767244681538373 residual=0.2437056149287001 checked=false stop=running
step=1082 time=7.9192472461891565 dt=0.007767242154364219 residual=0.24370538518592846 checked=false stop=running
step=1083 time=7.9270144857530651 dt=0.0077672395639086025 residual=0.24370514634541787 checked=false stop=running
step=1084 time=7.9347817226601318 dt=0.0077672369070670927 residual=0.24370488715333016 checked=false stop=running
step=1085 time=7.9425489568400058 dt=0.0077672341798738715 residual=0.24370460207200989 checked=false stop=running
step=1086 time=7.9503161882176583 dt=0.0077672313776524903 residual=0.24370431453230426 checked=false stop=running
step=1087 time=7.9580834167128414 dt=0.0077672284951830874 residual=0.2437040561996929 checked=false stop=running
step=1088 time=7.9658506422397215 dt=0.0077672255268802946 residual=0.24370379142425891 checked=false stop=running
step=1089 time=7.9736178647066973 dt=0.0077672224669758424 residual=0.24370350712337091 checked=false stop=running
step=1090 time=7.9813850840163969 dt=0.0077672193096999069 residual=0.24370322453351298 checked=false stop=running
step=1091 time=7.989152300065852 dt=0.0077672160494554887 residual=0.24370294213303573 checked=false stop=running
step=1092 time=7.9969195127468327 dt=0.0077672126809803423 residual=0.24370265395997223 checked=false stop=running
step=1093 time=8.0046867219463245 dt=0.0077672091994915289 residual=0.2437023488500448 checked=false stop=running
step=1094 time=8.0124539275471331 dt=0.0077672056008082488 residual=0.24370202470301089 checked=false stop=running
step=1095 time=8.0202211294285828 dt=0.0077672018814492769 residual=0.24370171165431836 checked=false stop=running
step=1096 time=8.0279883274672841 dt=0.0077671980387021772 residual=0.24370141552876987 checked=false stop=running
step=1097 time=8.0357555212234821 dt=0.0077671937561975485 residual=0.24370110637340808 checked=false stop=running
step=1098 time=8.0435227101616178 dt=0.0077671889381355757 residual=0.24370079237128145 checked=false stop=running
step=1099 time=8.0512898941451372 dt=0.007767183983518995 residual=0.24370048560443458 checked=false stop=running
step=1100 time=8.0590570730398721 dt=0.0077671788947341301 residual=0.24370019420877539 checked=false stop=running
step=1101 time=8.066824246714221 dt=0.0077671736743482531 residual=0.24369991408493277 checked=false stop=running
step=1102 time=8.0745914150391513 dt=0.0077671683249307625 residual=0.24369963153828794 checked=false stop=running
step=1103 time=8.0823585778880176 dt=0.0077671628488664678 residual=0.24369934750447264 checked=false stop=running
step=1104 time=8.0901257351361835 dt=0.0077671572481664286 residual=0.24369908291464518 checked=false stop=running
step=1105 time=8.0978928866604658 dt=0.0077671515242818097 residual=0.24369882817831068 checked=false stop=running
step=1106 time=8.1056600323383918 dt=0.0077671456779261029 residual=0.24369857068322157 checked=false stop=running
step=1107 time=8.1134271720473023 dt=0.0077671397089109258 residual=0.24369831499412381 checked=false stop=running
step=1108 time=8.1211943056633018 dt=0.0077671336160000078 residual=0.24369806853772011 checked=false stop=running
step=1109 time=8.1289614330600877 dt=0.0077671273967855267 residual=0.24369784069449815 checked=false stop=running
step=1110 time=8.1367285541076786 dt=0.0077671210475902391 residual=0.24369762788174432 checked=false stop=running
step=1111 time=8.1444956686710768 dt=0.0077671145633979423 residual=0.24369741864558919 checked=false stop=running
step=1112 time=8.1522627766088913 dt=0.0077671079378140015 residual=0.24369721548795154 checked=false stop=running
step=1113 time=8.1600298777719473 dt=0.0077671011630566526 residual=0.24369702881895322 checked=false stop=running
step=1114 time=8.1677969720019252 dt=0.0077670942299787231 residual=0.24369685236437194 checked=false stop=running
step=1115 time=8.1755640591300445 dt=0.007767087128118539 residual=0.24369668265465708 checked=false stop=running
step=1116 time=8.1833311389758219 dt=0.007767079845777662 residual=0.24369651961087244 checked=false stop=running
step=1117 time=8.1910982113459436 dt=0.0077670723701223328 residual=0.24369636565641234 checked=false stop=running
step=1118 time=8.1988652760332474 dt=0.0077670646873045767 residual=0.24369622728399848 checked=false stop=running
step=1119 time=8.206632332815845 dt=0.0077670567825982991 residual=0.24369610433582628 checked=false stop=running
step=1120 time=8.2143993814563903 dt=0.0077670486405452231 residual=0.24369599049378929 checked=false stop=running
step=1121 time=8.2221664217014947 dt=0.0077670402451050623 residual=0.24369588725491201 checked=false stop=running
step=1122 time=8.2299334532812995 dt=0.0077670315798042963 residual=0.24369580123642157 checked=false stop=running
step=1123 time=8.2377004759091772 dt=0.0077670226278778887 residual=0.24369573273808318 checked=false stop=running
step=1124 time=8.2454674892815749 dt=0.0077670133723985518 residual=0.24369568075859147 checked=false stop=running
step=1125 time=8.2532344930779633 dt=0.0077670037963886102 residual=0.24369564500804289 checked=false stop=running
step=1126 time=8.2610014869608737 dt=0.0077669938829101779 residual=0.24369562578668622 checked=false stop=running
step=1127 time=8.2687684705760045 dt=0.0077669836151301073 residual=0.24369562342725545 checked=false stop=running
step=1128 time=8.2765354435523619 dt=0.007766972976357105 residual=0.24369563551728873 checked=false stop=running
step=1129 time=8.2843024055024106 dt=0.0077669619500494759 residual=0.24369565745232963 checked=false stop=running
step=1130 time=8.2920693560222034 dt=0.0077669505197929542 residual=0.24369568821634974 checked=false stop=running
step=1131 time=8.2998362946914526 dt=0.0077669386692493228 residual=0.24369573088399693 checked=false stop=running
step=1132 time=8.3076032210735296 dt=0.0077669263820774369 residual=0.2436957885715075 checked=false stop=running
step=1133 time=8.3153701347153586 dt=0.007766913641829464 residual=0.24369586319529057 checked=false stop=running
step=1134 time=8.3231370351471838 dt=0.0077669004318259701 residual=0.24369595463909749 checked=false stop=running
step=1135 time=8.3309039218821983 dt=0.0077668867350142549 residual=0.24369606174303732 checked=false stop=running
step=1136 time=8.3386707944160126 dt=0.0077668725338150306 residual=0.2436961838417869 checked=false stop=running
step=1137 time=8.3464376522259762 dt=0.0077668578099628184 residual=0.24369631994835636 checked=false stop=running
step=1138 time=8.3542044947703218 dt=0.007766842544345765 residual=0.24369646616181281 checked=false stop=running
step=1139 time=8.3619713214871716 dt=0.0077668267168504411 residual=0.24369661802519241 checked=false stop=running
step=1140 time=8.3697381317933885 dt=0.0077668103062169371 residual=0.24369677342984014 checked=false stop=running
step=1141 time=8.3775049250832971 dt=0.0077667932899091706 residual=0.24369693188353059 checked=false stop=running
step=1142 time=8.3852717007273014 dt=0.0077667756440045243 residual=0.24369709646597437 checked=false stop=running
step=1143 time=8.3930384580704072 dt=0.0077667573431061745 residual=0.24369727084943232 checked=false stop=running
step=1144 time=8.4008051964306869 dt=0.0077667383602804249 residual=0.24369745638959658 checked=false stop=running
step=1145 time=8.4085719150977063 dt=0.0077667186670202625 residual=0.24369765464255852 checked=false stop=running
step=1146 time=8.4163386133309412 dt=0.0077666982332352539 residual=0.24369786271621866 checked=false stop=running
step=1147 time=8.4241052903582077 dt=0.0077666770272666477 residual=0.24369807604026567 checked=false stop=running
step=1148 time=8.4318719453741338 dt=0.0077666550159254631 residual=0.24369828979350516 checked=false stop=running
step=1149 time=8.439638577538684 dt=0.007766632164550322 residual=0.24369849513728156 checked=false stop=running
step=1150 time=8.4474051859757644 dt=0.007766608437080799 residual=0.2436986891919381 checked=false stop=running
step=1151 time=8.4551717697719049 dt=0.0077665837961413374 residual=0.24369887908817089 checked=false stop=running
step=1152 time=8.462938327975035 dt=0.0077665582031302346 residual=0.24369906736220864 checked=false stop=running
step=1153 time=8.4707048595933436 dt=0.0077665316183078347 residual=0.24369925116092822 checked=false stop=running
step=1154 time=8.4784713635942222 dt=0.0077665040008780238 residual=0.24369942836323721 checked=false stop=running
step=1155 time=8.4862378389032802 dt=0.0077664753090572487 residual=0.24369960050366346 checked=false stop=running
step=1156 time=8.494004284403406 dt=0.0077664455001257068 residual=0.2436997634019441 checked=false stop=running
step=1157 time=8.5017706989338624 dt=0.0077664145304560559 residual=0.24369990940800462 checked=false stop=running
step=1158 time=8.5095370812893787 dt=0.0077663823555157909 residual=0.24370003796101891 checked=false stop=running
step=1159 time=8.5173034302192185 dt=0.0077663489298405424 residual=0.24370014867026391 checked=false stop=running
step=1160 time=8.5250697444261956 dt=0.007766314206976749 residual=0.24370023892906337 checked=false stop=running
step=1161 time=8.5328360225655882 dt=0.0077662781393934305 residual=0.2437003144688438 checked=false stop=running
step=1162 time=8.5406022632439527 dt=0.0077662406783641598 residual=0.24370038195556787 checked=false stop=running
step=1163 time=8.5483684650177736 dt=0.0077662017738216304 residual=0.24370043189706253 checked=false stop=running
step=1164 time=8.5561346263919624 dt=0.0077661613741885306 residual=0.24370043980991105 checked=false stop=running
step=1165 time=8.5639007458181524 dt=0.007766119426189484 residual=0.24370038487846624 checked=false stop=running
step=1166 time=8.5716668216928031 dt=0.0077660758746498724 residual=0.24370027688366508 checked=false stop=running
step=1167 time=8.579432852355092 dt=0.0077660306622879954 residual=0.24370014601634418 checked=false stop=running
step=1168 time=8.5871988360845997 dt=0.0077659837295075713 residual=0.24370001204850938 checked=false stop=running
step=1169 time=8.5949647710987982 dt=0.0077659350141976733 residual=0.24369987355931499 checked=false stop=running
step=1170 time=8.6027306555503458 dt=0.0077658844515471554 residual=0.24369970518108408 checked=false stop=running
step=1171 time=8.6104964875242267 dt=0.0077658319738801024 residual=0.24369947866470129 checked=false stop=running
step=1172 time=8.618262265034744 dt=0.007765777510518144 residual=0.24369920057963554 checked=false stop=running
step=1173 time=8.626027986022418 dt=0.0077657209876745015 residual=0.24369890099270611 checked=false stop=running
step=1174 time=8.6337936483508013 dt=0.0077656623283832455 residual=0.24369858413270773 checked=false stop=running
step=1175 time=8.641559249803267 dt=0.0077656014524659809 residual=0.2436982305481892 checked=false stop=running
step=1176 time=8.6493247880798041 dt=0.0077655382765365035 residual=0.24369782545250607 checked=false stop=running
step=1177 time=8.6570902607938471 dt=0.0077654727140423372 residual=0.24369736935828867 checked=false stop=running
step=1178 time=8.6648556654691884 dt=0.0077654046753404685 residual=0.24369687448594654 checked=false stop=running
step=1179 time=8.6726209995369921 dt=0.007765334067803025 residual=0.24369635312870361 checked=false stop=running
step=1180 time=8.6803862603329396 dt=0.0077652607959471853 residual=0.24369581479602526 checked=false stop=running
step=1181 time=8.6881514450945225 dt=0.0077651847615824452 residual=0.24369525811743567 checked=false stop=running
step=1182 time=8.6959165509584899 dt=0.0077651058639673313 residual=0.24369466432221396 checked=false stop=running
step=1183 time=8.7036815749584573 dt=0.0077650239999670625 residual=0.24369401633639123 checked=false stop=running
step=1184 time=8.7114465140226613 dt=0.0077649390642032835 residual=0.24369331205647873 checked=false stop=running
step=1185 time=8.7192113649718479 dt=0.0077648509491869949 residual=0.24369255434744819 checked=false stop=running
step=1186 time=8.7269761245172734 dt=0.0077647595454262922 residual=0.24369175156184364 checked=false stop=running
step=1187 time=8.7347407892587743 dt=0.0077646647415011202 residual=0.24369091937362999 checked=false stop=running
step=1188 time=8.7425053556828729 dt=0.0077645664240984409 residual=0.2436900700003784 checked=false stop=running
step=1189 time=8.7502698201608755 dt=0.0077644644780025156 residual=0.24368920504303362 checked=false stop=running
step=1190 time=8.7580341789469127 dt=0.0077643587860366367 residual=0.24368831925904735 checked=false stop=running
step=1191 time=8.7657984281758665 dt=0.00776424922895445 residual=0.24368741219380757 checked=false stop=running
step=1192 time=8.7735625638611481 dt=0.0077641356852810222 residual=0.24368649107324403 checked=false stop=running
step=1193 time=8.7813265818922535 dt=0.0077640180311057422 residual=0.24368556825607496 checked=false stop=running
step=1194 time=8.7890904780320849 dt=0.0077638961398312683 residual=0.24368465271153211 checked=false stop=running
step=1195 time=8.79685424791397 dt=0.0077637698818846116 residual=0.24368374701797993 checked=false stop=running
step=1196 time=8.8046178870383685 dt=0.0077636391243982548 residual=0.24368284945855506 checked=false stop=running
step=1197 time=8.8123813907692394 dt=0.0077635037308707933 residual=0.24368195725581382 checked=false stop=running
step=1198 time=8.8201447543300571 dt=0.0077633635608178311 residual=0.24368107045690748 checked=false stop=running
step=1199 time=8.8279079727994816 dt=0.0077632184694247635 residual=0.24368018885744586 checked=false stop=running
step=1200 time=8.8356710411066945 dt=0.0077630683072135945 residual=0.24367930465209209 checked=false stop=running
step=1201 time=8.8434339540264304 dt=0.0077629129197359066 residual=0.24367841402905341 checked=false stop=running
step=1202 time=8.8511967061737344 dt=0.0077627521473036453 residual=0.24367753146511881 checked=false stop=running
step=1203 time=8.8589592919985023 dt=0.007762585824768361 residual=0.24367668093173339 checked=false stop=running
step=1204 time=8.8667217057798595 dt=0.0077624137813580192 residual=0.24367588098316065 checked=false stop=running
step=1205 time=8.8744839416204382 dt=0.0077622358405784707 residual=0.24367513260134885 checked=false stop=running
step=1206 time=8.8822459934406215 dt=0.0077620518201841696 residual=0.24367442867748723 checked=false stop=running
step=1207 time=8.8900078549728416 dt=0.0077618615322198924 residual=0.24367377122281164 checked=false stop=running
step=1208 time=8.8977695197559736 dt=0.0077616647831320077 residual=0.2436731705621826 checked=false stop=running
step=1209 time=8.9055309811299175 dt=0.0077614613739445193 residual=0.24367263767113165 checked=false stop=running
step=1210 time=8.9132922322304093 dt=0.007761251100491702 residual=0.24367218197261681 checked=false stop=running
step=1211 time=8.9210532659841046 dt=0.0077610337536959239 residual=0.24367181122677428 checked=false stop=running
step=1212 time=8.9288140751039808 dt=0.0077608091198761806 residual=0.24367153158255203 checked=false stop=running
step=1213 time=8.9365746520850511 dt=0.0077605769810703083 residual=0.24367134291360976 checked=false stop=running
step=1214 time=8.9443349892004029 dt=0.0077603371153520282 residual=0.24367123010423625 checked=false stop=running
step=1215 time=8.9520950784975248 dt=0.0077600892971225318 residual=0.24367117643822317 checked=false stop=running
step=1216 time=8.9598549117948814 dt=0.0077598332973562376 residual=0.2436711867263669 checked=false stop=running
step=1217 time=8.9676144806786624 dt=0.0077595688837808771 residual=0.24367128173941929 checked=false stop=running
step=1218 time=8.9753737764996355 dt=0.0077592958209737536 residual=0.2436714836477267 checked=false stop=running
step=1219 time=8.9831327903699947 dt=0.0077590138703587438 residual=0.2436718061602629 checked=false stop=running
step=1220 time=8.9908915131600864 dt=0.0077587227900922607 residual=0.24367225329799894 checked=false stop=running
step=1221 time=8.9986499354949174 dt=0.0077584223348309373 residual=0.24367282326429335 checked=false stop=running
step=1222 time=9.0064080477502966 dt=0.0077581122553789777 residual=0.24367351187300249 checked=false stop=running
step=1223 time=9.0141658400485163 dt=0.0077577922982188978 residual=0.24367431708074397 checked=false stop=running
step=1224 time=9.0219233022534517 dt=0.0077574622049353635 residual=0.24367524389788453 checked=false stop=running
step=1225 time=9.029680423964999 dt=0.0077571217115476434 residual=0.24367630214460742 checked=false stop=running
step=1226 time=9.0374371945127709 dt=0.0077567705477719854 residual=0.24367749692783339 checked=false stop=running
step=1227 time=9.045193602949011 dt=0.007756408436240105 residual=0.24367882118393483 checked=false stop=running
step=1228 time=9.0529496380407153 dt=0.007756035091704085 residual=0.24368025779846905 checked=false stop=running
step=1229 time=9.0607052882609764 dt=0.0077556502202609555 residual=0.24368179728214515 checked=false stop=running
step=1230 time=9.0684605417796078 dt=0.0077552535186317861 residual=0.24368344650715545 checked=false stop=running
step=1231 time=9.0762153864531374 dt=0.0077548446735301365 residual=0.24368521203385424 checked=false stop=running
step=1232 time=9.08396980981429 dt=0.0077544233611532261 residual=0.24368709182376364 checked=false stop=running
step=1233 time=9.0917237990611159 dt=0.0077539892468258924 residual=0.24368908193977631 checked=false stop=running
step=1234 time=9.0994773410459384 dt=0.007753541984822661 residual=0.24369118162868814 checked=false stop=running
step=1235 time=9.1072304222643261 dt=0.0077530812183870413 residual=0.2436933917851789 checked=false stop=running
step=1236 time=9.1149830288442857 dt=0.0077526065799595522 residual=0.24369571065243387 checked=false stop=running
step=1237 time=9.1227351465359039 dt=0.0077521176916175646 residual=0.24369813523310277 checked=false stop=running
step=1238 time=9.1304867607016256 dt=0.0077516141657208689 residual=0.24370066087692796 checked=false stop=running
step=1239 time=9.1382378563073736 dt=0.0077510956057474578 residual=0.24370328074335748 checked=false stop=running
step=1240 time=9.1459884179146691 dt=0.0077505616072946846 residual=0.24370598319159636 checked=false stop=running
step=1241 time=9.1537384296738811 dt=0.007750011759212307 residual=0.24370874625238245 checked=false stop=running
step=1242 time=9.1614878753187075 dt=0.0077494456448261532 residual=0.24371155302546471 checked=false stop=running
step=1243 time=9.1692367381619118 dt=0.0077488628432049195 residual=0.2437144009353546 checked=false stop=running
step=1244 time=9.17698500109233 dt=0.0077482629304180851 residual=0.24371728741794546 checked=false stop=running
step=1245 time=9.1847326465730603 dt=0.0077476454807305717 residual=0.24372020608890252 checked=false stop=running
step=1246 time=9.1924796566407405 dt=0.0077470100676797302 residual=0.24372314771278075 checked=false stop=running
step=1247 time=9.2002260129057234 dt=0.0077463562649826533 residual=0.2437261020231071 checked=false stop=running
step=1248 time=9.207971696552951 dt=0.0077456836472267416 residual=0.24372906037473688 checked=false stop=running
step=1249 time=9.2157166883432549 dt=0.0077449917903037379 residual=0.24373201642380091 checked=false stop=running
step=1250 time=9.2234609686148126 dt=0.0077442802715568752 residual=0.24373496742290171 checked=false stop=running
step=1251 time=9.2312045172844339 dt=0.0077435486696220569 residual=0.24373791263624664 checked=false stop=running
step=1252 time=9.2389473138483904 dt=0.0077427965639567439 residual=0.24374084725128939 checked=false stop=running
step=1253 time=9.2466893373824544 dt=0.0077420235340634209 residual=0.24374375513394525 checked=false stop=running
step=1254 time=9.2544305665408828 dt=0.0077412291584286006 residual=0.24374661722566149 checked=false stop=running
step=1255 time=9.2621709795540941 dt=0.0077404130132112392 residual=0.24374942640180761 checked=false stop=running
step=1256 time=9.2699105542248219 dt=0.0077395746707270016 residual=0.24375217756144876 checked=false stop=running
step=1257 time=9.277649267922607 dt=0.0077387136977851391 residual=0.24375486543556749 checked=false stop=running
step=1258 time=9.2853870975765496 dt=0.0077378296539432527 residual=0.24375748358491708 checked=false stop=running
step=1259 time=9.2931240196663012 dt=0.0077369220897508147 residual=0.24376002162307703 checked=false stop=running
step=1260 time=9.3008600102113554 dt=0.0077359905450548527 residual=0.24376247109795582 checked=false stop=running
step=1261 time=9.3085950447587962 dt=0.0077350345474408045 residual=0.24376482355160098 checked=false stop=running
step=1262 time=9.3163290983696729 dt=0.0077340536108774375 residual=0.24376706850958296 checked=false stop=running
step=1263 time=9.3240621456043016 dt=0.0077330472346278977 residual=0.24376920044688596 checked=false stop=running
step=1264 time=9.3317941605067798 dt=0.007732014902478955 residual=0.24377122168205698 checked=false stop=running
step=1265 time=9.3395251165891082 dt=0.0077309560823283323 residual=0.24377313233982853 checked=false stop=running
step=1266 time=9.3472549868152637 dt=0.007729870226155751 residual=0.24377492492027775 checked=false stop=running
step=1267 time=9.3549837435856524 dt=0.0077287567703881047 residual=0.24377659030916679 checked=false stop=running
step=1268 time=9.3627113587223061 dt=0.0077276151366532818 residual=0.24377811816836739 checked=false stop=running
step=1269 time=9.3704378034552072 dt=0.0077264447329017131 residual=0.2437795069362903 checked=false stop=running
step=1270 time=9.3781630484100678 dt=0.0077252449548601103 residual=0.24378075827359083 checked=false stop=running
step=1271 time=9.3858870635978366 dt=0.0077240151877691005 residual=0.24378186822401079 checked=false stop=running
step=1272 time=9.3936098184061816 dt=0.0077227548083457628 residual=0.24378282994145092 checked=false stop=running
step=1273 time=9.4013312815930856 dt=0.0077214631869042009 residual=0.24378363747195031 checked=false stop=running
step=1274 time=9.4090514212826477 dt=0.0077201396895622805 residual=0.24378429106367377 checked=false stop=running
step=1275 time=9.4167702049631092 dt=0.0077187836804609219 residual=0.24378480067721356 checked=false stop=running
step=1276 time=9.4244875994870334 dt=0.0077173945239235658 residual=0.2437851764563021 checked=false stop=running
step=1277 time=9.4322035710735204 dt=0.0077159715864877935 residual=0.24378541227343778 checked=false stop=running
step=1278 time=9.4399180853122679 dt=0.0077145142387479368 residual=0.24378548992650972 checked=false stop=running
step=1279 time=9.4476311071692241 dt=0.007713021856956769 residual=0.24378539807877855 checked=false stop=running
step=1280 time=9.4553426009935695 dt=0.0077114938243452854 residual=0.24378514613616381 checked=false stop=running
step=1281 time=9.4630525305257009 dt=0.0077099295321317526 residual=0.24378475148451983 checked=false stop=running
step=1282 time=9.4707608589059049 dt=0.007708328380204011 residual=0.24378422387918097 checked=false stop=running
step=1283 time=9.4784675486833763 dt=0.0077066897774718665 residual=0.24378356745461086 checked=false stop=running
step=1284 time=9.4861725618252759 dt=0.0077050131418988262 residual=0.24378278491968358 checked=false stop=running
step=1285 time=9.4938758597255095 dt=0.0077032979002339278 residual=0.24378188342269544 checked=false stop=running
step=1286 time=9.5015774032129841 dt=0.0077015434874744149 residual=0.24378087386303091 checked=false stop=running
step=1287 time=9.5092771525590827 dt=0.0076997493460985861 residual=0.2437797660278912 checked=false stop=running
step=1288 time=9.5169750674841964 dt=0.0076979149251144938 residual=0.2437785657881473 checked=false stop=running
step=1289 time=9.5246711071631704 dt=0.007696039678974702 residual=0.24377727177961539 checked=false stop=running
step=1290 time=9.5323652302295798 dt=0.0076941230664094428 residual=0.24377588270909173 checked=false stop=running
step=1291 time=9.5400573947788114 dt=0.0076921645492307863 residual=0.24377440577631332 checked=false stop=running
step=1292 time=9.54774755836997 dt=0.0076901635911584198 residual=0.24377285033211235 checked=false stop=running
step=1293 time=9.5554356780266847 dt=0.0076881196567139039 residual=0.24377122420128564 checked=false stop=running
step=1294 time=9.5631217102369099 dt=0.0076860322102250004 residual=0.24376953315949421 checked=false stop=running
step=1295 time=9.5708056109518846 dt=0.0076839007149749105 residual=0.24376777871278485 checked=false stop=running
step=1296 time=9.5784873355844091 dt=0.0076817246325238224 residual=0.24376596826002495 checked=false stop=running
step=1297 time=9.5861668390066317 dt=0.0076795034222221234 residual=0.24376412294103783 checked=false stop=running
step=1298 time=9.5938440755475582 dt=0.0076772365409264031 residual=0.2437622664904899 checked=false stop=running
step=1299 time=9.6015189989904801 dt=0.0076749234429216804 residual=0.24376040897284251 checked=false stop=running
step=1300 time=9.6091915625705262 dt=0.0076725635800459751 residual=0.24375853831850935 checked=false stop=running
step=1301 time=9.6168617189725332 dt=0.0076701564020072088 residual=0.24375663611331594 checked=false stop=running
step=1302 time=9.6245294203294112 dt=0.0076677013568772984 residual=0.24375470462483495 checked=false stop=running
step=1303 time=9.6321946182211562 dt=0.0076651978917444694 residual=0.24375275792409792 checked=false stop=running
step=1304 time=9.6398572636746582 dt=0.0076626454535023217 residual=0.24375080946778468 checked=false stop=running
step=1305 time=9.6475173071644118 dt=0.0076600434897527879 residual=0.24374886719973066 checked=false stop=running
step=1306 time=9.6551746986142124 dt=0.0076573914497999043 residual=0.24374693633788003 checked=false stop=running
step=1307 time=9.662829387399924 dt=0.0076546887857119874 residual=0.24374502605893814 checked=false stop=running
step=1308 time=9.6704813223533552 dt=0.0076519349534312211 residual=0.24374314928926344 checked=false stop=running
step=1309 time=9.6781304517672666 dt=0.0076491294139115111 residual=0.24374131950152839 checked=false stop=running
step=1310 time=9.6857767234015348 dt=0.0076462716342679676 residual=0.24373954351888225 checked=false stop=running
step=1311 time=9.6934200844904588 dt=0.0076433610889237065 residual=0.24373781410112008 checked=false stop=running
step=1312 time=9.7010604817512007 dt=0.007640397260742577 residual=0.24373612239722217 checked=false stop=running
step=1313 time=9.7086978613933397 dt=0.007637379642138886 residual=0.24373446608006435 checked=false stop=running
step=1314 time=9.7163321691294975 dt=0.0076343077361579817 residual=0.24373285393492414 checked=false stop=running
step=1315 time=9.723963350187022 dt=0.0076311810575237738 residual=0.24373129332406804 checked=false stop=running
step=1316 time=9.7315913493206736 dt=0.0076279991336515186 residual=0.24372978239662782 checked=false stop=running
step=1317 time=9.7392161108263 dt=0.0076247615056257477 residual=0.24372831863802008 checked=false stop=running
step=1318 time=9.7468375785554446 dt=0.0076214677291444937 residual=0.24372690633313426 checked=false stop=running
step=1319 time=9.7544556959308757 dt=0.0076181173754313542 residual=0.24372555706906021 checked=false stop=running
step=1320 time=9.7620704059629926 dt=0.0076147100321170384 residual=0.24372427908517416 checked=false stop=running
step=1321 time=9.7696816512670832 dt=0.0076112453040911637 residual=0.24372305801872174 checked=false stop=running
step=1322 time=9.7772893740814073 dt=0.007607722814323919 residual=0.24372186256455344 checked=false stop=running
step=1323 time=9.7848935162860631 dt=0.0076041422046554778 residual=0.24372068806492003 checked=false stop=running
step=1324 time=9.7924940194226124 dt=0.0076005031365491303 residual=0.24371956477453585 checked=false stop=running
step=1325 time=9.8000908247144149 dt=0.0075968052918023651 residual=0.24371851608158052 checked=false stop=running
step=1326 time=9.8076838730876226 dt=0.0075930483732084691 residual=0.2437175369247615 checked=false stop=running
step=1327 time=9.8152731051927837 dt=0.0075892321051603618 residual=0.243716623851361 checked=false stop=running
step=1328 time=9.8228584614269714 dt=0.0075853562341880792 residual=0.24371578012363487 checked=false stop=running
step=1329 time=9.8304398819563943 dt=0.00758142052942212 residual=0.243715000768464 checked=false stop=running
step=1330 time=9.8380173067393706 dt=0.0075774247829763991 residual=0.24371427357979303 checked=false stop=running
step=1331 time=9.8455906755496176 dt=0.0075733688102470054 residual=0.24371358295622408 checked=false stop=running
step=1332 time=9.8531599279997444 dt=0.0075692524501260582 residual=0.24371291836368048 checked=false stop=running
step=1333 time=9.8607250035648786 dt=0.0075650755651333829 residual=0.24371227486531769 checked=false stop=running
step=1334 time=9.868285841606351 dt=0.0075608380414722339 residual=0.2437116504498581 checked=false stop=running
step=1335 time=9.8758423813953691 dt=0.0075565397890185633 residual=0.24371105856848851 checked=false stop=running
step=1336 time=9.8833945621366244 dt=0.0075521807412557871 residual=0.2437105206903904 checked=false stop=running
step=1337 time=9.8909422239292901 dt=0.0075476617926658485 residual=0.24371003742401826 checked=false stop=running
step=1338 time=9.8984852826310341 dt=0.0075430587017448749 residual=0.24370959859650168 checked=false stop=running
step=1339 time=9.9060236728305018 dt=0.0075383901994683549 residual=0.24370919699237692 checked=false stop=running
step=1340 time=9.9135573290591381 dt=0.0075336562286370872 residual=0.24370880765300765 checked=false stop=running
step=1341 time=9.9210861858137669 dt=0.0075288567546293629 residual=0.24370841532525164 checked=false stop=running
step=1342 time=9.9286101775793636 dt=0.0075239917655961358 residual=0.24370803920663198 checked=false stop=running
step=1343 time=9.9361292388520841 dt=0.0075190612727197596 residual=0.24370769513760224 checked=false stop=running
step=1344 time=9.9436433041626255 dt=0.0075140653105415459 residual=0.24370739238900468 checked=false stop=running
step=1345 time=9.9511523080999851 dt=0.0075090039373603163 residual=0.24370713427650106 checked=false stop=running
step=1346 time=9.9586561853356859 dt=0.0075038772357012024 residual=0.24370689910878646 checked=false stop=running
step=1347 time=9.9661548706485377 dt=0.0074986853128515048 residual=0.24370665148313969 checked=false stop=running
step=1348 time=9.9736482989499962 dt=0.0074934283014581656 residual=0.24370638216020477 checked=false stop=running
step=1349 time=9.9811364053101759 dt=0.0074881063601793365 residual=0.24370610264414821 checked=false stop=running
step=1350 time=9.988619124984556 dt=0.0074827196743800844 residual=0.24370582348407333 checked=false stop=running
step=1351 time=9.996096393441416 dt=0.0074772684568592471 residual=0.24370555418174081 checked=false stop=running
step=1352 time=10 dt=0.0039036065585840163 residual=0.24370542027622133 checked=false stop=physical_time_reached
WCNS run stopped: reason=physical_time_reached step=1352 time=10
