# step time dt cfl wall_time total_l2 rho_l2 rhou_l2 rhov_l2 rhow_l2 rhoE_l2 rho_reference_l2 rhou_reference_l2 rhov_reference_l2 rhow_reference_l2 rhoE_reference_l2 rho_normalized_l2 rhou_normalized_l2 rhov_normalized_l2 rhow_normalized_l2 rhoE_normalized_l2 rho_linf rhou_linf rhov_linf rhow_linf rhoE_linf rho_reference_linf rhou_reference_linf rhov_reference_linf rhow_reference_linf rhoE_reference_linf rho_normalized_linf rhou_normalized_linf rhov_normalized_linf rhow_normalized_linf rhoE_normalized_linf consecutive reconstruction_fallbacks riemann_fallbacks residual_checked stop_reason
0 0 0 0.25 0 9.1396536522747684 0.3230365569500615 0.55369597144844351 0.17220340748462631 0 20.426104830785135 nan nan nan nan nan nan nan nan nan nan 10.957929881828246 25.331712851771822 5.3906604139943042 0 696.47317159551289 nan nan nan nan nan nan nan nan nan nan 0 0 0 0 running
20 0.041015646902195134 0.0020560087285339109 0.25 2.022672 6.0931640885457146 0.21441323096501047 0.86698886186650792 0.60334519941249531 0 13.582031324505481 nan nan nan nan nan nan nan nan nan nan 6.5677722874339608 23.840002793920625 16.803512719650104 0 423.91409613835373 nan nan nan nan nan nan nan nan nan nan 0 0 0 0 running
40 0.081999440008983043 0.0020494836419583649 0.25 4.101591 5.6230444571712779 0.19804003832734557 0.82482959145649704 0.54079967087218994 0 12.533200582488284 nan nan nan nan nan nan nan nan nan nan 4.259945939329512 15.948907388070925 11.316262780531199 0 281.37483164660955 nan nan nan nan nan nan nan nan nan nan 0 0 0 0 running
60 0.12239226072261661 0.0020268814670002158 0.25 6.5058179999999997 4.9462035549633363 0.17488528774957829 0.75391878654705802 0.48888637072856794 0 11.022098699957088 nan nan nan nan nan nan nan nan nan nan 2.7121125743687511 12.704095633621357 8.4975897987184901 0 168.18284018637198 nan nan nan nan nan nan nan nan nan nan 0 0 0 0 running
80 0.1628968955070994 0.0020304168937191175 0.25 8.6964249999999996 4.2312540894499913 0.14982135150515416 0.66991876383040372 0.42496903955542265 0 9.4268615973375169 nan nan nan nan nan nan nan nan nan nan 1.8839206431217292 8.7780230326009043 5.5266982433259395 0 117.38143618233411 nan nan nan nan nan nan nan nan nan nan 0 0 0 0 running
100 0.2020241066703129 0.0020241066703128863 0.25 10.83146 3.7324781557109232 0.13236791054961075 0.59543642028142452 0.36408497494851705 0 8.315788732944819 nan nan nan nan nan nan nan nan nan nan 1.4161565227865949 6.6108803767488586 4.2278215168345774 0 86.387229237599641 nan nan nan nan nan nan nan nan nan nan 0 0 0 0 running
120 0.24243804673589475 0.0020248623199899665 0.25 12.913173 3.3949900811205831 0.12041969527946299 0.52969536438460596 0.32873701567297153 0 7.5648292873666625 nan nan nan nan nan nan nan nan nan nan 1.1642532245991024 5.3772498157067101 3.5457732664000305 0 70.209422076418221 nan nan nan nan nan nan nan nan nan nan 0 0 0 0 running
140 0.28304700680071954 0.0020299818814327572 0.25 15.052635 3.2040794488226818 0.11357440697967244 0.49486168702770589 0.29381923095403495 0 7.1404837788592577 nan nan nan nan nan nan nan nan nan nan 1.0121224874179211 4.9781600283302039 2.9740981276726473 0 65.459891500724552 nan nan nan nan nan nan nan nan nan nan 0 0 0 0 running
160 0.32228326077614494 0.0020267890112511669 0.25 17.191751 3.0353999851028193 0.107539713966721 0.46765919374928139 0.28066870882223643 0 6.7645561947640553 nan nan nan nan nan nan nan nan nan nan 0.89626851010840136 4.5271969466564252 2.6674126231746986 0 58.22744870573603 nan nan nan nan nan nan nan nan nan nan 0 0 0 0 running
180 0.36292412450248057 0.0020355667894621085 0.25 19.312204999999999 2.8678866225072555 0.10159318487204205 0.44140066786702109 0.2625490140795631 0 6.3913833156978095 nan nan nan nan nan nan nan nan nan nan 0.71220361194423631 3.5963528539832095 1.8486088909835865 0 46.347439952907777 nan nan nan nan nan nan nan nan nan nan 0 0 0 0 running
200 0.40203691839671363 0.0020369183967136068 0.25 21.573264999999999 2.7075136285443064 0.095905799565070809 0.41722560462038777 0.24996740041625395 0 6.0338537780554367 nan nan nan nan nan nan nan nan nan nan 0.65363463567994584 3.4938286210191896 1.9126800311125582 0 43.279573101348234 nan nan nan nan nan nan nan nan nan nan 0 0 0 0 running
220 0.44285687416875891 0.0020449184925337995 0.25 23.756592000000001 2.5590035463074114 0.090633796853395648 0.39433492578060192 0.2367630409234735 0 5.7028698471646493 nan nan nan nan nan nan nan nan nan nan 0.64052223486209592 3.4360416736925523 1.4132799464817485 0 42.347046795187019 nan nan nan nan nan nan nan nan nan nan 0 0 0 0 running
240 0.48380054528953309 0.0020484909941226085 0.25 25.884672999999999 2.4252255482166247 0.085911756730153568 0.37424483173398154 0.22557246851317309 0 5.4046527951421597 nan nan nan nan nan nan nan nan nan nan 0.49476909336219754 2.5833241220687508 1.4255368074826369 0 32.357880365928601 nan nan nan nan nan nan nan nan nan nan 0 0 0 0 running
260 0.52461801842488076 0.0020529649087640289 0.25 27.929611999999999 2.3103308601282708 0.081836193892514605 0.35567461756121371 0.21559905031386467 0 5.1486366029853778 nan nan nan nan nan nan nan nan nan nan 0.48767830664055239 2.7007890364871554 1.3645186850246016 0 32.563985829824709 nan nan nan nan nan nan nan nan nan nan 0 0 0 0 running
280 0.56572493604800123 0.002057124386175592 0.25 30.055340999999999 2.1980933897396713 0.077897556796959089 0.33893110740592924 0.20634707477674433 0 4.8984233493946734 nan nan nan nan nan nan nan nan nan nan 0.42654046994674055 2.314098124466839 1.2923341032897275 0 28.31783527096167 nan nan nan nan nan nan nan nan nan nan 0 0 0 0 running
300 0.60618143343014885 0.0020606798433261304 0.25 32.109226 2.1004921951571003 0.074452242903138316 0.32354081035897886 0.19807951694552545 0 4.6809058975913036 nan nan nan nan nan nan nan nan nan nan 0.37861944355483335 2.1376704278888563 1.317327013972114 0 25.416307705803781 nan nan nan nan nan nan nan nan nan nan 0 0 0 0 running
320 0.64743456276109479 0.0020642199920557812 0.25 34.203063 2.006602968247992 0.071168785410672175 0.30863204463040111 0.19006784441839403 0 4.4716700281256028 nan nan nan nan nan nan nan nan nan nan 0.34320433236563952 1.8859657411824735 1.2576135407488265 0 22.876534780945452 nan nan nan nan nan nan nan nan nan nan 0 0 0 0 running
340 0.68874552590636129 0.0020667361143535314 0.25 36.269734 1.9177063081793646 0.068057326051199907 0.29466698321393248 0.18258164409459754 0 4.2735454759214528 nan nan nan nan nan nan nan nan nan nan 0.33264481405047402 1.7792450010804741 1.2809522082073852 0 21.012643861407877 nan nan nan nan nan nan nan nan nan nan 0 0 0 0 running
360 0.72895832923704362 0.0020692544553503884 0.25 38.366675000000001 1.8383700692723268 0.06528760725916323 0.2817932055236152 0.17554565145434187 0 4.0967714605401495 nan nan nan nan nan nan nan nan nan nan 0.26425558610589484 1.4286573955481334 1.2364780446836612 0 17.404451039023563 nan nan nan nan nan nan nan nan nan nan 0 0 0 0 running
380 0.77036518960960298 0.0020712690304551932 0.25 40.648643999999997 1.7649059812199339 0.062705191716506556 0.27064235592487534 0.16889201668218293 0 3.9330346901014925 nan nan nan nan nan nan nan nan nan nan 0.27519194035568895 1.5240188762395497 1.1991239722586724 0 18.05490026834979 nan nan nan nan nan nan nan nan nan nan 0 0 0 0 running
400 0.81036470168747077 0.002073126694223455 0.25 42.712508999999997 1.7030696036752091 0.060515083316836943 0.26142803193528596 0.16309349280737201 0 3.7952106919413131 nan nan nan nan nan nan nan nan nan nan 0.2683014090909619 1.2074194014613839 1.1357873129210034 0 15.850264530133646 nan nan nan nan nan nan nan nan nan nan 0 0 0 0 running
420 0.85184470174405702 0.0020747238269833842 0.25 44.773741999999999 1.639688089528424 0.058296015322748786 0.25142899205209462 0.157562868374509 0 3.653962798629677 nan nan nan nan nan nan nan nan nan nan 0.21796135736557481 1.2226071292851137 1.0864571244591168 0 14.632915967690961 nan nan nan nan nan nan nan nan nan nan 0 0 0 0 running
440 0.89335442535941878 0.0020761813380108501 0.25 46.873569000000003 1.5679919555247446 0.055825485732235301 0.23973895289767458 0.15203029764954343 0 3.4941793601866578 nan nan nan nan nan nan nan nan nan nan 0.22551969223702778 1.1177118554731549 1.0333110273684305 0 13.392622128035589 nan nan nan nan nan nan nan nan nan nan 0 0 0 0 running
460 0.93323169641548631 0.0020774582075092137 0.25 49.035502000000001 1.4952307900047419 0.053341468121586952 0.22760113860611919 0.14635711223072778 0 3.332042554061148 nan nan nan nan nan nan nan nan nan nan 0.22383455480894165 1.0555626253906656 0.98123235160572142 0 13.178550471733505 nan nan nan nan nan nan nan nan nan nan 0 0 0 0 running
480 0.97479352404163822 0.0020786664716659691 0.25 51.232979999999998 1.429679146030078 0.051087624243772931 0.21684149710160378 0.1404430798794313 0 3.185994015070384 nan nan nan nan nan nan nan nan nan nan 0.18740255929736885 0.99484667493052703 0.98347304093608923 0 11.371235298059689 nan nan nan nan nan nan nan nan nan nan 0 0 0 0 running
500 1.0145574674643743 0.0020798158672281678 0.25 53.370263999999999 1.3834914140005572 0.049463865493871488 0.21013319334656036 0.13546587969931165 0 3.0830648429068077 nan nan nan nan nan nan nan nan nan nan 0.17911737881057663 0.94931694078792583 0.99281691897677093 0 10.637705433218013 nan nan nan nan nan nan nan nan nan nan 0 0 0 0 running
520 1.0561662167407566 0.0020810028944110814 0.25 55.445641999999999 1.3449253613585515 0.048095302858811417 0.20515411685500951 0.13116061418985092 0 2.9970846937637337 nan nan nan nan nan nan nan nan nan nan 0.18751091548452994 0.93390206115400543 0.99994492872069651 0 11.043184724081589 nan nan nan nan nan nan nan nan nan nan 0 0 0 0 running
540 1.0977986240358411 0.002082167407853208 0.25 57.689152999999997 1.3017308182565894 0.046599463998495988 0.198655542085522 0.12713721256892629 0 2.9008130258134206 nan nan nan nan nan nan nan nan nan nan 0.17291819880841136 0.9124078723198773 1.0017187490565294 0 10.106024208994754 nan nan nan nan nan nan nan nan nan nan 0 0 0 0 running
560 1.1374895659158388 0.0020832223501514552 0.25 60.097268 1.2458147922143803 0.044711782037556227 0.18900373847131446 0.122746691675881 0 2.7762356124029379 nan nan nan nan nan nan nan nan nan nan 0.14038666697215763 0.91958315361939436 0.99905212757219297 0 8.3281955186094248 nan nan nan nan nan nan nan nan nan nan 0 0 0 0 running
580 1.1791655670264221 0.0020843213222643152 0.25 62.177596000000001 1.1713090656616338 0.04222438269366361 0.17589287797547726 0.11706167941246867 0 2.6102490296334611 nan nan nan nan nan nan nan nan nan nan 0.14773098343186691 0.92639507501140383 0.99080289373141472 0 8.7232347787988456 nan nan nan nan nan nan nan nan nan nan 0 0 0 0 running
600 1.2208515720522142 0.0020853956237356051 0.25 64.470607999999999 1.0921312242396704 0.03957278422204754 0.16252503802921378 0.1105287947040401 0 2.433835665590427 nan nan nan nan nan nan nan nan nan nan 0.15235565832387252 0.92792963214461077 0.97795060806219791 0 8.9316792344958635 nan nan nan nan nan nan nan nan nan nan 0 0 0 0 running
620 1.2625702189561949 0.002086403185256248 0.25 66.735093000000006 1.0232653072131608 0.037222897109086432 0.1518012344608087 0.10403814954131679 0 2.2803741687094297 nan nan nan nan nan nan nan nan nan nan 0.13980215481880631 0.92343705301109613 0.96196802903548395 0 8.1476387130668471 nan nan nan nan nan nan nan nan nan nan 0 0 0 0 running
640 1.3041745734880319 0.0020873083522429171 0.25 69.022302999999994 0.97160136557436427 0.035406379529365879 0.14468361655244702 0.098526804797761977 0 2.1652139792769023 nan nan nan nan nan nan nan nan nan nan 0.11371903393925056 0.91329538642319696 0.94335968779528956 0 6.5927017747367334 nan nan nan nan nan nan nan nan nan nan 0 0 0 0 running
660 1.3459295247250926 0.0020881341259177096 0.25 71.189561999999995 0.93229246673636057 0.034002047579655824 0.1398337617908105 0.094230201329057448 0 2.0775604122740083 nan nan nan nan nan nan nan nan nan nan 0.11719822232235846 0.89933633281856162 0.92044680380450017 0 6.9059977415628522 nan nan nan nan nan nan nan nan nan nan 0 0 0 0 running
680 1.3877003400164249 0.0020888989022231595 0.25 73.324781999999999 0.89652413174343304 0.03275516112332344 0.13522830851283316 0.090670311371280954 0 1.9977980109670648 nan nan nan nan nan nan nan nan nan nan 0.1226814004203329 0.88267082778497408 0.89358259784975014 0 7.1839393559884801 nan nan nan nan nan nan nan nan nan nan 0 0 0 0 running
700 1.4292511866189843 0.002089588917167897 0.25 75.413859000000002 0.85786467051154869 0.031455562065618795 0.12952624782514147 0.087063113721322735 0 1.9116256112346015 nan nan nan nan nan nan nan nan nan nan 0.11680927358552555 0.86350778002002115 0.92085075905247016 0 6.805878487696905 nan nan nan nan nan nan nan nan nan nan 0 0 0 0 running
720 1.4710495262318137 0.0020902013087095808 0.25 77.554787000000005 0.8130667143991267 0.029968552048412894 0.12234765133487778 0.082789301564159326 0 1.8118129815095252 nan nan nan nan nan nan nan nan nan nan 0.10038831915543904 0.8417573522862517 0.93634623781935444 0 5.8218901140784203 nan nan nan nan nan nan nan nan nan nan 0 0 0 0 running
740 1.5125440826462244 0.002090747335607099 0.25 79.872111000000004 0.76243395647194501 0.028268591070400001 0.11421579991472658 0.077780732571892858 0 1.6990095601133715 nan nan nan nan nan nan nan nan nan nan 0.08878282420877856 0.82986343109109595 0.93923761228317293 0 5.2421446602552066 nan nan nan nan nan nan nan nan nan nan 0 0 0 0 running
760 1.5543646119043835 0.0020912800187806004 0.25 81.972380999999999 0.70651519854196987 0.026347029785995641 0.105702730994363 0.072226969690398032 0 1.5743997778153829 nan nan nan nan nan nan nan nan nan nan 0.094412988142982615 0.81525657126921947 0.9291485224959033 0 5.5446823087002963 nan nan nan nan nan nan nan nan nan nan 0 0 0 0 running
780 1.5961959910586128 0.0020918362816080079 0.25 84.108013 0.64853436298797773 0.024302953085313109 0.097488108780317759 0.066652060814924918 0 1.4451460264582277 nan nan nan nan nan nan nan nan nan nan 0.096818391486815328 0.81708149285570797 0.90627242375352524 0 5.6534650779284519 nan nan nan nan nan nan nan nan nan nan 0 0 0 0 running
800 1.6376590718953026 0.0020924282135740737 0.25 86.261797000000001 0.59301442144001359 0.022299530566589603 0.090066704502414857 0.061616632904436697 0 1.3213344127832569 nan nan nan nan nan nan nan nan nan nan 0.091367619639222797 0.8205199592911615 0.87217713839925848 0 5.3143086494178613 nan nan nan nan nan nan nan nan nan nan 0 0 0 0 running
820 1.6795142647845251 0.0020930655198225781 0.25 88.425147999999993 0.54291761651355708 0.020457087759926176 0.083601608363156901 0.057397252226191034 0 1.2095848567505167 nan nan nan nan nan nan nan nan nan nan 0.079279102189513451 0.82027240117071465 0.82922727632300997 0 4.5941086814262153 nan nan nan nan nan nan nan nan nan nan 0 0 0 0 running
840 1.7209357865020554 0.0020937336465883488 0.25 90.567262999999997 0.50162298178881726 0.018919736770297301 0.078446885369510916 0.054174762435313974 0 1.1174440944158965 nan nan nan nan nan nan nan nan nan nan 0.062704949871894108 0.81586407623849533 0.78043741707757153 0 3.6210677791310246 nan nan nan nan nan nan nan nan nan nan 0 0 0 0 running
860 1.7628179322730195 0.0020944531961113104 0.25 92.808413999999999 0.46836752739001536 0.017679545688600033 0.074585157674858751 0.051701443248542339 0 1.0432124195254113 nan nan nan nan nan nan nan nan nan nan 0.063815033057195991 0.80724974046408526 0.72668554212268344 0 3.7402343555358675 nan nan nan nan nan nan nan nan nan nan 0 0 0 0 running
880 1.8041903915932695 0.0020952157366102603 0.25 94.863750999999993 0.44218968802312075 0.016712390013591576 0.071918461320160776 0.049694966971210286 0 0.98475247761507501 nan nan nan nan nan nan nan nan nan nan 0.066366461411455024 0.79498809138566862 0.68030773873982331 0 3.8691163746846819 nan nan nan nan nan nan nan nan nan nan 0 0 0 0 running
900 1.8461032247321929 0.0020960097945107565 0.25 96.968807999999996 0.41989133660351119 0.015898209090169736 0.069889830798436456 0.047763505889982405 0 0.93494651118510752 nan nan nan nan nan nan nan nan nan nan 0.064927555728885658 0.77876474282895614 0.68102337130897039 0 3.7703225467300681 nan nan nan nan nan nan nan nan nan nan 0 0 0 0 running
920 1.888029361257521 0.0020965806464430703 0.25 99.044865999999999 0.39931006973371652 0.015146558697121639 0.067919680965785698 0.045713984969747649 0 0.88899403216728856 nan nan nan nan nan nan nan nan nan nan 0.059480671206398467 0.75882631275175194 0.6855877562702668 0 3.4401554194577879 nan nan nan nan nan nan nan nan nan nan 0 0 0 0 running
940 1.9293575659613129 0.0020971605957304813 0.25 101.18865599999999 0.37857757985344909 0.014377736968458735 0.065553042018241983 0.043521415184523529 0 0.84273773240589489 nan nan nan nan nan nan nan nan nan nan 0.051092044547642615 0.73611615789166962 0.6813048008271454 0 2.9426783636816531 nan nan nan nan nan nan nan nan nan nan 0 0 0 0 running
960 1.9713069353708823 0.0020977455252603567 0.25 103.269783 0.35537151334505473 0.013500897420504664 0.062508640403687143 0.041191361754139205 0 0.79098560659871375 nan nan nan nan nan nan nan nan nan nan 0.040555441916763968 0.71074096305314105 0.66893063834568678 0 2.3246900499448468 nan nan nan nan nan nan nan nan nan nan 0 0 0 0 running
980 2.0125894390093704 0.0020983112952708233 0.25 105.341166 0.32938215017485384 0.012506879904786489 0.058956476388266552 0.038927253966417733 0 0.73301799774262766 nan nan nan nan nan nan nan nan nan nan 0.039121741776310393 0.70567425215141888 0.64972376045730607 0 2.2870188154552551 nan nan nan nan nan nan nan nan nan nan 0 0 0 0 running
1000 2.0545616433926841 0.0020988800349564223 0.25 107.37680899999999 0.29963900352769751 0.011364400320758417 0.055054584822481087 0.03679075130807466 0 0.66663629205805985 nan nan nan nan nan nan nan nan nan nan 0.040129149734398545 0.70006986336566368 0.624181598128695 0 2.3427978323007235 nan nan nan nan nan nan nan nan nan nan 0 0 0 0 running
1020 2.0965451804509958 0.0020994444450270289 0.25 109.479026 0.2674922635467718 0.01013035272531073 0.051211140713259107 0.034915544886392633 0 0.59482455819566837 nan nan nan nan nan nan nan nan nan nan 0.038233241246552946 0.69246775968768737 0.59372095586997564 0 2.235001474440276 nan nan nan nan nan nan nan nan nan nan 0 0 0 0 running
1040 2.1377955743738437 0.0020999875580398537 0.25 111.56475 0.2353985899691774 0.0089014461376793145 0.04779758842748507 0.033363514799967291 0 0.52305402347630559 nan nan nan nan nan nan nan nan nan nan 0.033909391154603868 0.68298486467453068 0.56045395286986133 0 1.9849518777385677 nan nan nan nan nan nan nan nan nan nan 0 0 0 0 running
1060 2.1798009113549948 0.0021005140159817788 0.25 113.63021000000001 0.20458397456841798 0.0077245176432620697 0.044887004310121034 0.032062808801110669 0 0.45405999406915493 nan nan nan nan nan nan nan nan nan nan 0.028649153320076337 0.67126168604475855 0.52456714251358028 0 1.6315680362013358 nan nan nan nan nan nan nan nan nan nan 0 0 0 0 running
1080 2.2210078792264474 0.0021008423243055923 0.25 115.690585 0.17843698466771696 0.0067274684354284011 0.042644691180235533 0.031013584567188664 0 0.39544040833154842 nan nan nan nan nan nan nan nan nan nan 0.028190016085890335 0.65782980120123058 0.48851594411351651 0 1.4123354884077599 nan nan nan nan nan nan nan nan nan nan 0 0 0 0 running
1100 2.2630272795736617 0.0021010862144539241 0.25 117.817538 0.15747335664217371 0.0059282930977250558 0.040931489759324854 0.030113466944736537 0 0.34838475548790043 nan nan nan nan nan nan nan nan nan nan 0.027528597403567279 0.64242595264343738 0.47224180458156489 0 1.3891881845970169 nan nan nan nan nan nan nan nan nan nan 0 0 0 0 running
1120 2.3042026533985633 0.002101333172536299 0.25 119.911886 0.14271628947394088 0.0053651360856512937 0.039699162675459948 0.02934002476919877 0 0.31523650034575795 nan nan nan nan nan nan nan nan nan nan 0.026766462937743762 0.6259386843584398 0.46253038145709419 0 1.3613373068156442 nan nan nan nan nan nan nan nan nan nan 0 0 0 0 running
1140 2.3462321178281456 0.00210160372345825 0.25 121.987971 0.13242142163722267 0.0049714840434975259 0.038756533709882378 0.028614137644684241 0 0.29211574950722291 nan nan nan nan nan nan nan nan nan nan 0.025919115575902207 0.6078386175227356 0.45158646702675476 0 1.3301873184319843 nan nan nan nan nan nan nan nan nan nan 0 0 0 0 running
1160 2.3882672695443254 0.0021019014152636392 0.25 124.037098 0.1250748290243717 0.0046900184146380398 0.037999958744517011 0.027922038817094971 0 0.27563187567543973 nan nan nan nan nan nan nan nan nan nan 0.025011883738785379 0.58837017365340272 0.43780365815848199 0 1.2964432044405225 nan nan nan nan nan nan nan nan nan nan 0 0 0 0 running
1180 2.4294295672680417 0.0021022197411294241 0.25 126.349124 0.1190558195777438 0.0044592608513267344 0.037339800090755514 0.027264922714692708 0 0.2621333996038 nan nan nan nan nan nan nan nan nan nan 0.02409271588781503 0.57708065976156608 0.43026766303673625 0 1.2621814407890724 nan nan nan nan nan nan nan nan nan nan 0 0 0 0 running
1200 2.4714775564609335 0.002102564198127922 0.25 128.494371 0.11301333576312562 0.0042277351847664606 0.036680381135579199 0.02661443105060856 0 0.24857276249893787 nan nan nan nan nan nan nan nan nan nan 0.023098513000409326 0.57129477918116578 0.41994808155051072 0 1.2240179050197106 nan nan nan nan nan nan nan nan nan nan 0 0 0 0 running
1220 2.5126171839491369 0.0021029078792324332 0.25 130.65530000000001 0.10678916874161487 0.0039894507305837153 0.036017580999944419 0.026003362557059397 0 0.23458532793022729 nan nan nan nan nan nan nan nan nan nan 0.022289441951572897 0.56377083261294592 0.40787010331067708 0 1.1857909790260037 nan nan nan nan nan nan nan nan nan nan 0 0 0 0 running
1240 2.5546790014911553 0.0021032552177216832 0.25 132.68871899999999 0.10014099976000934 0.0037351871905217751 0.035318100638975947 0.025410138225315151 0 0.21962264041748578 nan nan nan nan nan nan nan nan nan nan 0.021443682130742214 0.55446169781266086 0.39398135635856163 0 1.1479671346460341 nan nan nan nan nan nan nan nan nan nan 0 0 0 0 running
1260 2.5967476747919931 0.0021035936861621453 0.25 134.94683800000001 0.093467130930225323 0.00348029059038397 0.034615046218504593 0.024849181207183001 0 0.20457939086738253 nan nan nan nan nan nan nan nan nan nan 0.020716676205510209 0.54393318462594664 0.37882865098701657 0 1.1113514279809307 nan nan nan nan nan nan nan nan nan nan 0 0 0 0 running
1280 2.6378679872231174 0.0021039174216220423 0.25 137.01854599999999 0.08721830420815771 0.0032420550731521694 0.033952280608749427 0.024327327513222523 0 0.19047329419413497 nan nan nan nan nan nan nan nan nan nan 0.02048264664616295 0.53283480399092087 0.36305432589379349 0 1.0752727627380254 nan nan nan nan nan nan nan nan nan nan 0 0 0 0 running
1300 2.6799497853813858 0.0021042458136492082 0.25 139.000857 0.081348749551437491 0.0030187043527928857 0.033324666759889411 0.023813373151096107 0 0.17720432426002453 nan nan nan nan nan nan nan nan nan nan 0.020295644092375609 0.52083362682188505 0.3461756959682295 0 1.0344380663676953 nan nan nan nan nan nan nan nan nan nan 0 0 0 0 running
1320 2.7210449215574051 0.0021045657675405013 0.25 140.944344 0.076259492905084464 0.0028252738281000561 0.032775683355703016 0.023325461919856929 0 0.16568417705167682 nan nan nan nan nan nan nan nan nan nan 0.020120385938910745 0.50852152508635562 0.32931256793882607 0 1.021787214292124 nan nan nan nan nan nan nan nan nan nan 0 0 0 0 running
1340 2.7631396437683828 0.0021048887931273972 0.25 142.85637800000001 0.071722440442773649 0.002652776994608896 0.032280525300161469 0.022837877588336695 0 0.15540239420021407 nan nan nan nan nan nan nan nan nan nan 0.019711953425324502 0.49526542029953019 0.32558566431387381 0 1.0141930960452161 nan nan nan nan nan nan nan nan nan nan 0 0 0 0 running
1360 2.8042103627269546 0.0021051887568644886 0.25 144.961412 0.067884236759369845 0.002506540311196865 0.031854165952753047 0.022375482636443966 0 0.14669599567104721 nan nan nan nan nan nan nan nan nan nan 0.019079208865701469 0.48170465686415637 0.32080507480099868 0 0.99223716731758071 nan nan nan nan nan nan nan nan nan nan 0 0 0 0 running
1380 2.8463171088927672 0.0021054655360799686 0.25 146.94025500000001 0.06442587766706831 0.0023742999763970347 0.031461199682368018 0.021918602492957795 0 0.13884379368478883 nan nan nan nan nan nan nan nan nan nan 0.018219629956703676 0.46732037325470427 0.31469925397608944 0 0.95650636813100776 nan nan nan nan nan nan nan nan nan nan 0 0 0 0 running
1400 2.8884289305374269 0.0021056964433518875 0.25 148.87964400000001 0.061291173873148565 0.0022539893411316521 0.031099836245124718 0.021483010408445774 0 0.13171651360064823 nan nan nan nan nan nan nan nan nan nan 0.017206636507216988 0.45435644244125251 0.30770545133020699 0 0.91106816382802369 nan nan nan nan nan nan nan nan nan nan 0 0 0 0 running
1420 2.9294814231571853 0.0021058683749864081 0.25 151.12128000000001 0.058379608190337169 0.002142038634633585 0.030770468775821316 0.021081381099257814 0 0.12508020848654758 nan nan nan nan nan nan nan nan nan nan 0.016136008898225862 0.45021972511926134 0.30023570053572646 0 0.86135229700039229 nan nan nan nan nan nan nan nan nan nan 0 0 0 0 running
1440 2.9716001513712751 0.0021059895182948167 0.25 153.156432 0.055386966398049506 0.0020270152423077577 0.030453698909013061 0.020692420304309546 0 0.11823226043601531 nan nan nan nan nan nan nan nan nan nan 0.015237557481990072 0.44523081581165252 0.29201752834590616 0 0.80812636604901988 nan nan nan nan nan nan nan nan nan nan 0 0 0 0 running
1460 3.0126363261181908 0.0021060616621946153 0.25 155.142349 0.05239118581781458 0.0019118939063396641 0.030165537376737259 0.020331759174388606 0 0.1113426528439219 nan nan nan nan nan nan nan nan nan nan 0.014410976629904093 0.43979088840643782 0.28356100422391606 0 0.75612364963784395 nan nan nan nan nan nan nan nan nan nan 0 0 0 0 running
1480 3.0547580399792231 0.0021061037367387575 0.25 157.094111 0.049280428748310401 0.0017919069653238556 0.029889160395165107 0.019972932385887914 0 0.104150431685591 nan nan nan nan nan nan nan nan nan nan 0.013628045939471312 0.43362833193116163 0.27454804723859649 0 0.70356133835313894 nan nan nan nan nan nan nan nan nan nan 0 0 0 0 running
1500 3.0968804199157187 0.0021061321715957594 0.25 159.12706800000001 0.046301156394393708 0.0016757047453288447 0.02962818269616321 0.019617441669130948 0 0.097229132482903644 nan nan nan nan nan nan nan nan nan nan 0.01286147327421161 0.42678637887591192 0.2653840781005814 0 0.65257286465941822 nan nan nan nan nan nan nan nan nan nan 0 0 0 0 running
1520 3.1379106864532056 0.0021061643873591281 0.25 161.04421099999999 0.043731331556485162 0.0015733763815082749 0.02938384290506809 0.019268649396050771 0 0.091241329516073139 nan nan nan nan nan nan nan nan nan nan 0.012131305178095575 0.41936526223891701 0.25652709953968422 0 0.60647979294129417 nan nan nan nan nan nan nan nan nan nan 0 0 0 0 running
1540 3.1800344824025983 0.0021062168274225989 0.25 162.94055800000001 0.041585863083353783 0.0014852346271291604 0.029140156946347206 0.018905901525058007 0 0.086244607139847732 nan nan nan nan nan nan nan nan nan nan 0.011420604581139582 0.4109576885139839 0.24769136794409477 0 0.56926374678602387 nan nan nan nan nan nan nan nan nan nan 0 0 0 0 running
1560 3.2210627545847457 0.0021062962575923512 0.25 164.82707099999999 0.039998071552683596 0.0014174822314338951 0.028910538055380269 0.018549488300873513 0 0.082567043406650553 nan nan nan nan nan nan nan nan nan nan 0.010813839918419665 0.40213567208007062 0.23944096970405776 0 0.53992153055176517 nan nan nan nan nan nan nan nan nan nan 0 0 0 0 running
1580 3.2631898336286236 0.0021064117561927749 0.25 166.69546500000001 0.038788128789972377 0.0013642303770029626 0.028686136029488538 0.018183780234951114 0 0.079794669538012147 nan nan nan nan nan nan nan nan nan nan 0.010337409025544808 0.39272598235833034 0.23138706978910081 0 0.51970872989287797 nan nan nan nan nan nan nan nan nan nan 0 0 0 0 running
1600 3.3042131076747494 0.0021065579863047985 0.25 168.59233800000001 0.037885990128202075 0.0013245320149912676 0.028481758837881292 0.017831344220840508 0 0.077754867575548337 nan nan nan nan nan nan nan nan nan nan 0.010062988128877848 0.38351654071646574 0.22388284530175326 0 0.51130609085889245 nan nan nan nan nan nan nan nan nan nan 0 0 0 0 running
1620 3.3463461350630981 0.0021067408599997985 0.25 170.60254 0.037136835312482082 0.0012931519490285172 0.028287769287319121 0.017475103573700239 0 0.076082016975134531 nan nan nan nan nan nan nan nan nan nan 0.0099927976682248065 0.37429661612935183 0.21630797477385436 0 0.51454322639819206 nan nan nan nan nan nan nan nan nan nan 0 0 0 0 running
1640 3.3884831380382776 0.002106953418879324 0.25 172.497794 0.036519275182175702 0.001269777799572926 0.028108375776957687 0.017125506657638397 0 0.074721557775501463 nan nan nan nan nan nan nan nan nan nan 0.010108932883684085 0.36556524800554374 0.20875744059980564 0 0.52824282094595798 nan nan nan nan nan nan nan nan nan nan 0 0 0 0 running
1660 3.429499479493018 0.0021071850253450448 0.25 174.41436300000001 0.036033322053898295 0.0012540573174856563 0.027943649745146026 0.016792831128126233 0 0.07367212561795039 nan nan nan nan nan nan nan nan nan nan 0.010341018888028408 0.35757365198480234 0.20283402216103602 0 0.54793071510220193 nan nan nan nan nan nan nan nan nan nan 0 0 0 0 running
1680 3.4716458714141907 0.0021074444993352606 0.25 176.313085 0.035640646367995202 0.001244014729728174 0.02777949423056315 0.016461027829515588 0 0.072849605751058727 nan nan nan nan nan nan nan nan nan nan 0.010637419281514848 0.34974482221406528 0.19915896308870806 0 0.56990319786675003 nan nan nan nan nan nan nan nan nan nan 0 0 0 0 running
1700 3.5126460722011403 0.0021077141180735736 0.25 178.26301000000001 0.035330797752453805 0.0012381109479014407 0.027620026186882064 0.01615137643315815 0 0.072222300040604037 nan nan nan nan nan nan nan nan nan nan 0.011085641511607403 0.34288427091361673 0.19512677156610048 0 0.59558712922342971 nan nan nan nan nan nan nan nan nan nan 0 0 0 0 running
1720 3.5548033899520628 0.0021080050944540752 0.25 180.202968 0.035034818457816246 0.0012332124944547031 0.027452266653156161 0.015850567504427607 0 0.071629632654340927 nan nan nan nan nan nan nan nan nan nan 0.01146149629707649 0.34048747855678613 0.19062480719257638 0 0.62487656363899502 nan nan nan nan nan nan nan nan nan nan 0 0 0 0 running
1740 3.5969666374303633 0.002108305886494577 0.25 182.06427199999999 0.034709209638505052 0.0012268075104586143 0.027278062676857825 0.015570970825055028 0 0.070961914264931175 nan nan nan nan nan nan nan nan nan nan 0.011745135242804405 0.33770327177678877 0.18590597008852666 0 0.64521076015754553 nan nan nan nan nan nan nan nan nan nan 0 0 0 0 running
1760 3.6379525153114152 0.0021086034456806999 0.25 183.96270899999999 0.0343320570325844 0.0012174619961603668 0.027101085189799649 0.015321724029158651 0 0.070162272205513479 nan nan nan nan nan nan nan nan nan nan 0.01186870665444717 0.33445634274707403 0.1812653668088533 0 0.65553492109039235 nan nan nan nan nan nan nan nan nan nan 0 0 0 0 running
1780 3.680127809713059 0.0021089103981909796 0.25 185.96902600000001 0.033873946188311028 0.0012041307564975645 0.026910403409799624 0.015089076219809846 0 0.069165896134719657 nan nan nan nan nan nan nan nan nan nan 0.011834810304963916 0.33047632299989277 0.1765705004905069 0 0.66029016682113906 nan nan nan nan nan nan nan nan nan nan 0 0 0 0 running
1800 3.7210913715437228 0.0021092049463196424 0.25 188.17506 0.033374932658972449 0.0011880489425711647 0.026717307722970634 0.014884833819024463 0 0.068063546630196287 nan nan nan nan nan nan nan nan nan nan 0.011668922339469034 0.32601007422245676 0.17215798301655952 0 0.65810137643136202 nan nan nan nan nan nan nan nan nan nan 0 0 0 0 running
1820 3.7632785900443286 0.0021095005032119073 0.25 190.13125099999999 0.032832012933543181 0.0011693443508162596 0.026511824250739967 0.014693716170104003 0 0.066854737155576702 nan nan nan nan nan nan nan nan nan nan 0.011398937358484851 0.3209068655008997 0.16779366880294172 0 0.64949293229227623 nan nan nan nan nan nan nan nan nan nan 0 0 0 0 running
1840 3.8042195389225935 0.0021097764178980793 0.25 192.06667999999999 0.032302014870263192 0.0011502474184518375 0.026308131623316255 0.014523022358068601 0 0.065671468586800869 nan nan nan nan nan nan nan nan nan nan 0.011143123823476708 0.3156276922672136 0.1637356227778439 0 0.63710426715554247 nan nan nan nan nan nan nan nan nan nan 0 0 0 0 running
1860 3.846417933310982 0.0021100470096723487 0.25 194.039581 0.031768585821455836 0.0011304480335808363 0.026096368994726584 0.014358128626727385 0 0.064480702387216773 nan nan nan nan nan nan nan nan nan nan 0.010857427541053566 0.3100188700282433 0.15970562572333458 0 0.62225454269469493 nan nan nan nan nan nan nan nan nan nan 0 0 0 0 running
1880 3.8886215782618767 0.002110302075855261 0.25 195.924836 0.031251936735027609 0.001110926801840467 0.025885284533091309 0.014200734033887346 0 0.063328309527662982 nan nan nan nan nan nan nan nan nan nan 0.010565297323764211 0.30437523560718444 0.15577866908306337 0 0.60678464922532227 nan nan nan nan nan nan nan nan nan nan 0 0 0 0 running
1900 3.9295464071433197 0.0021105340669566415 0.25 197.847801 0.03076116034739268 0.0010922479888766596 0.02568320323782981 0.014052683112653223 0 0.062233006457188718 nan nan nan nan nan nan nan nan nan nan 0.010287981592207007 0.29895557955390584 0.15202912829710641 0 0.59198888122554072 nan nan nan nan nan nan nan nan nan nan 0 0 0 0 running
1920 3.9717594575546031 0.0021107548167346047 0.25 199.84548799999999 0.030255260281580341 0.0010729904080016592 0.025478697234177394 0.013903116942588261 0 0.061100670140719716 nan nan nan nan nan nan nan nan nan nan 0.010012614868588177 0.29346187600181001 0.14819274088488443 0 0.57724050048702336 nan nan nan nan nan nan nan nan nan nan 0 0 0 0 running
1940 4.0126655010905479 0.0021109400846458363 0.25 201.76299900000001 0.029757817778647295 0.0010540971440118458 0.025284810309519977 0.013760793292040068 0 0.05998205072796535 nan nan nan nan nan nan nan nan nan nan 0.009756037629418568 0.28823306541194388 0.14448741038875659 0 0.56344902353337789 nan nan nan nan nan nan nan nan nan nan 0 0 0 0 running
1960 4.0548861977286288 0.0021111186708789387 0.25 203.67406099999999 0.029235411922741816 0.0010342644001368718 0.02508901294317023 0.013617061948366227 0 0.058801308676290312 nan nan nan nan nan nan nan nan nan nan 0.0094988533763125105 0.28291047062268487 0.14224242053701419 0 0.54955044439482448 nan nan nan nan nan nan nan nan nan nan 0 0 0 0 running
1980 4.0971103482814133 0.0021112863568137053 0.25 205.56191100000001 0.028708685372917694 0.0010141938352493489 0.024897112185777521 0.013477581222577015 0 0.05760558218843103 nan nan nan nan nan nan nan nan nan nan 0.0092451665215449452 0.27763363124908103 0.1405578595945462 0 0.53573230212510836 nan nan nan nan nan nan nan nan nan nan 0 0 0 0 running
2000 4.1380047207176869 0.0021114402745668424 0.25 207.45329100000001 0.028201909875968746 0.00099473748871841132 0.024714391802164649 0.013347666505295763 0 0.05645164069628409 nan nan nan nan nan nan nan nan nan nan 0.0089997884886932056 0.27254492543872444 0.13891822537617621 0 0.52224947198919747 nan nan nan nan nan nan nan nan nan nan 0 0 0 0 running
2020 4.1802351331196412 0.0021115923523772331 0.25 209.36755099999999 0.027688259924242696 0.00097483472962623893 0.02452836809684086 0.013219673908623854 0 0.055279722915980364 nan nan nan nan nan nan nan nan nan nan 0.0087460088945960912 0.26729916631972711 0.13722117813979076 0 0.50819917907732637 nan nan nan nan nan nan nan nan nan nan 0 0 0 0 running
2040 4.2211170181870497 0.0021117345482476713 0.25 211.287069 0.027202443297652579 0.00095586496730453981 0.024350498371929104 0.013101954287915517 0 0.054169575887672863 nan nan nan nan nan nan nan nan nan nan 0.0085014785502730561 0.26222700087184836 0.13557912835729746 0 0.49459471546304018 nan nan nan nan nan nan nan nan nan nan 0 0 0 0 running
2060 4.2633532174333819 0.0021118776883213802 0.25 213.32443699999999 0.026711111986643075 0.00093661159914192906 0.024168953811552939 0.012986283425811337 0 0.053044871486005202 nan nan nan nan nan nan nan nan nan nan 0.0082528813888369523 0.25700104752735609 0.13388803700712526 0 0.48074253220928775 nan nan nan nan nan nan nan nan nan nan 0 0 0 0 running
2080 4.3042240203014215 0.0021120136393741932 0.25 215.20014800000001 0.026244330527248626 0.00091833948820770875 0.02399571928898693 0.012879161002210381 0 0.051974164200928263 nan nan nan nan nan nan nan nan nan nan 0.0080531467483440089 0.25291234601686835 0.13226114269416639 0 0.46776290830745698 nan nan nan nan nan nan nan nan nan nan 0 0 0 0 running
2100 4.3464657519337484 0.0021121523392558751 0.25 217.122883 0.025771636320062661 0.00089990851229286236 0.023819842495008337 0.012772125473898192 0 0.05088776151619722 nan nan nan nan nan nan nan nan nan nan 0.007953727479513395 0.24990058292491371 0.13059411077184005 0 0.45500895047960349 nan nan nan nan nan nan nan nan nan nan 0 0 0 0 running
2120 4.3887102435820582 0.002112289778652902 0.25 219.04490999999999 0.025312762419196617 0.00088209039813636901 0.023648005722143876 0.012667477723591402 0 0.04983180165788454 nan nan nan nan nan nan nan nan nan nan 0.0078569816560654093 0.2468508714538234 0.12894637333346512 0 0.44308753389697292 nan nan nan nan nan nan nan nan nan nan 0 0 0 0 running
2140 4.4295732854275611 0.0021124218325744393 0.25 220.992907 0.024887145920388039 0.00086560077631190745 0.02348636614100285 0.012567424813109431 0 0.048852342161528749 nan nan nan nan nan nan nan nan nan nan 0.007768202273939262 0.24388741571643438 0.12737591081152605 0 0.43241874745271641 nan nan nan nan nan nan nan nan nan nan 0 0 0 0 running
2160 4.4718231487298938 0.00211255758132245 0.25 222.896908 0.02447009895948396 0.00084944570197724575 0.02332443937841374 0.012464348116297557 0 0.047893817045131563 nan nan nan nan nan nan nan nan nan nan 0.007682795873430015 0.24082615113752243 0.12578233168644434 0 0.42226551501498838 nan nan nan nan nan nan nan nan nan nan 0 0 0 0 running
2180 4.5126760274339093 0.0021126880658274387 0.25 224.79855000000001 0.024090787939871555 0.00083474601539824424 0.02317298195140283 0.012364546956900415 0 0.047024083222744956 nan nan nan nan nan nan nan nan nan nan 0.0076067602127752876 0.23787810715755828 0.12427721477214269 0 0.41321402525668238 nan nan nan nan nan nan nan nan nan nan 0 0 0 0 running
2200 4.5549311978146303 0.0021128220995501098 0.25 226.694219 0.023723253002426045 0.0008205224453808693 0.023021390196390157 0.012260953694139433 0 0.046184142472692154 nan nan nan nan nan nan nan nan nan nan 0.0075342929730991548 0.23484492137551155 0.1227645679166294 0 0.40782983924798016 nan nan nan nan nan nan nan nan nan nan 0 0 0 0 running
2220 4.5971890372369959 0.0021129549870855745 0.25 228.57906500000001 0.023380787339454374 0.00080733666137597013 0.022874658227052508 0.012156945497871656 0 0.045404988467529266 nan nan nan nan nan nan nan nan nan nan 0.0074667093062534828 0.23182682848383429 0.12130210187260902 0 0.40544412364477578 nan nan nan nan nan nan nan nan nan nan 0 0 0 0 running
2240 4.6380344738591539 0.0021130820894530332 0.25 230.50164100000001 0.023074090204784743 0.00079563535357479861 0.022736930929327947 0.012056230580656104 0 0.044711457529115296 nan nan nan nan nan nan nan nan nan nan 0.00740428188300013 0.22892139498619074 0.11993857394572829 0 0.40333431586447421 nan nan nan nan nan nan nan nan nan nan 0 0 0 0 running
2260 4.6802974820503991 0.002113211932336418 0.25 232.36846 0.022782232985367318 0.00078464661527349574 0.022598123337558423 0.011952060988627175 0 0.044056873339259638 nan nan nan nan nan nan nan nan nan nan 0.0073400659980653593 0.22592095629945147 0.11859007420388491 0 0.40117118731870188 nan nan nan nan nan nan nan nan nan nan 0 0 0 0 running
2280 4.721133068815023 0.0021133355016098201 0.25 234.27408199999999 0.022523167963384817 0.00077501765163452197 0.022467241666522118 0.011851567256288236 0 0.043481354954067894 nan nan nan nan nan nan nan nan nan nan 0.0072760652781967972 0.22301600145978706 0.11735026781141551 0 0.39893637328070908 nan nan nan nan nan nan nan nan nan nan 0 0 0 0 running
2300 4.7634011023773093 0.002113461172409869 0.25 236.135426 0.022272459084828135 0.00076576079714293943 0.022334780303702496 0.011747813193497141 0 0.042928687992813304 nan nan nan nan nan nan nan nan nan nan 0.0072081978171967265 0.22000149340391917 0.11613542023516342 0 0.39648578666166306 nan nan nan nan nan nan nan nan nan nan 0 0 0 0 running
2320 4.8042271542099595 0.0021135801540964764 0.25 238.041313 0.022036094458525588 0.00075699418047199074 0.022209451019466614 0.01164806158698335 0 0.042407985113841452 nan nan nan nan nan nan nan nan nan nan 0.0071419647715929013 0.21708634859044565 0.11502802630793073 0 0.39403090964824516 nan nan nan nan nan nan nan nan nan nan 0 0 0 0 running
2340 4.8465000271274352 0.0021137006389664926 0.25 239.923711 0.021782561125020933 0.00074743830951071362 0.022081780628762277 0.011545615782098157 0 0.041844174054164664 nan nan nan nan nan nan nan nan nan nan 0.0070727747248664485 0.21406358428110384 0.11396945920266079 0 0.39139036095466218 nan nan nan nan nan nan nan nan nan nan 0 0 0 0 running
2360 4.8887752791833323 0.0021138181887047826 0.25 241.793543 0.021505786638529735 0.00073677811751845926 0.021955642407025824 0.011444333651821775 0 0.041218059712654548 nan nan nan nan nan nan nan nan nan nan 0.0070069317169012546 0.21103169326528853 0.11297346034113191 0 0.38890861987624809 nan nan nan nan nan nan nan nan nan nan 0 0 0 0 running
2380 4.9295944853116165 0.0021139287667990368 0.25 243.69457299999999 0.021207852520846508 0.0007250527875063942 0.021835075266597243 0.011347888962402776 0 0.040531398265840984 nan nan nan nan nan nan nan nan nan nan 0.0069403044220676113 0.20809600318758431 0.11203049730340209 0 0.38625165777375486 nan nan nan nan nan nan nan nan nan nan 0 0 0 0 running
2400 4.9718742357073324 0.0021140401671022871 0.25 245.699883 0.020866020383370588 0.00071135347257886869 0.021711433762858064 0.011249614412683146 0 0.039730439576730246 nan nan nan nan nan nan nan nan nan nan 0.006863446749839186 0.205055469861227 0.11107473134511656 0 0.38291008971734264 nan nan nan nan nan nan nan nan nan nan 0 0 0 0 running
2420 5.0126847874994587 0.0021141446182165054 0.25 247.66238799999999 0.020510219422536866 0.00069689434518993023 0.021593309202028701 0.011156594776526776 0 0.038885977328243178 nan nan nan nan nan nan nan nan nan nan 0.0067868121464391695 0.20212905102799344 0.11017263638801808 0 0.37944184107017809 nan nan nan nan nan nan nan nan nan nan 0 0 0 0 running
2440 5.0549687880836087 0.0021142496534936111 0.25 249.62744000000001 0.020128480697063411 0.00068121943038438053 0.021472310935417929 0.01106248409944335 0 0.037972041354004567 nan nan nan nan nan nan nan nan nan nan 0.0067090407492541582 0.1991068830870775 0.10924505619623551 0 0.37586625499346454 nan nan nan nan nan nan nan nan nan nan 0 0 0 0 running
2460 5.0972548558504611 0.0021143515082278921 0.25 251.586455 0.019751881362595723 0.0006656216630743717 0.021352971318344034 0.01097092840046711 0 0.037066566883402201 nan nan nan nan nan nan nan nan nan nan 0.0066318590465140881 0.19609355756500427 0.10831107948177013 0 0.37224114953584464 nan nan nan nan nan nan nan nan nan nan 0 0 0 0 running
2480 5.1380592918843 0.002114446851245531 0.25 253.46570399999999 0.019410844546493684 0.00065139613400090081 0.021239503348858543 0.010885159716894247 0 0.036247440027522719 nan nan nan nan nan nan nan nan nan nan 0.0065564402286016898 0.19319846079943395 0.10739609488401261 0 0.3686039114052489 nan nan nan nan nan nan nan nan nan nan 0 0 0 0 running
2500 5.1803492405076046 0.0021145427365775577 0.25 255.327887 0.019094378312374063 0.00063812572187480377 0.021123853362583392 0.010798961861330725 0 0.035492738032969297 nan nan nan nan nan nan nan nan nan nan 0.0064767374438370329 0.19022023532494586 0.10641792760490935 0 0.36466198911427938 nan nan nan nan nan nan nan nan nan nan 0 0 0 0 running
2520 5.2211461182881713 0.0021146325923202818 0.25 257.26429100000001 0.018831371121713819 0.00062705679670622353 0.021014151672300859 0.01071833873853281 0 0.034874519861524865 nan nan nan nan nan nan nan nan nan nan 0.0063991147941421245 0.18737616595157688 0.10544491851031522 0 0.36074985322921427 nan nan nan nan nan nan nan nan nan nan 0 0 0 0 running
2540 5.2634397255884302 0.0021147231903632059 0.25 259.160551 0.018602000381107181 0.00061738295444971857 0.020902209099198842 0.010637262858912821 0 0.034347302992009089 nan nan nan nan nan nan nan nan nan nan 0.0063179681732115078 0.18446041870145208 0.10440641145800643 0 0.35659250990421043 nan nan nan nan nan nan nan nan nan nan 0 0 0 0 running
2560 5.3042296121819916 0.0021148082702505304 0.25 261.05639400000001 0.018415830958756513 0.00060952646213277171 0.020795693930556271 0.010561345058713575 0 0.033931397429178264 nan nan nan nan nan nan nan nan nan nan 0.006238121549711928 0.1825621516336354 0.1033665555708964 0 0.35243404673771583 nan nan nan nan nan nan nan nan nan nan 0 0 0 0 running
2580 5.3465266844973636 0.0021148943068045019 0.25 262.90678200000002 0.01824810170195542 0.00060244958373197716 0.020686526362266165 0.010484767525039181 0 0.03356695413844922 nan nan nan nan nan nan nan nan nan nan 0.0061532369538790377 0.18083190816625494 0.10224362639159627 0 0.34795181810766557 nan nan nan nan nan nan nan nan nan nan 0 0 0 0 running
2600 5.3888254559982052 0.0021149783231488688 0.25 264.822723 0.018094044261344769 0.00059595098066252789 0.02057842055546422 0.010410163708579993 0 0.033238142699151783 nan nan nan nan nan nan nan nan nan nan 0.0060659647810245021 0.17908574465401686 0.10107515323008535 0 0.34329056952230791 nan nan nan nan nan nan nan nan nan nan 0 0 0 0 running
2620 5.4296104343120613 0.0021150576007513068 0.25 266.68301000000002 0.017948592085039461 0.00058981908856893712 0.020474994843588442 0.01033995711556983 0 0.032928282305970183 nan nan nan nan nan nan nan nan nan nan 0.0059794461200906035 0.17738719486697668 0.1004258843017861 0 0.33862889078520708 nan nan nan nan nan nan nan nan nan nan 0 0 0 0 running
2640 5.4719124353665318 0.0021151382166755151 0.25 268.54827899999998 0.017794033611832225 0.000583310723808714 0.020368427619842457 0.010268810948288958 0 0.032595652892649728 nan nan nan nan nan nan nan nan nan nan 0.0058874433918516544 0.17561126431730398 0.10023069960321893 0 0.33364264557216189 nan nan nan nan nan nan nan nan nan nan 0 0 0 0 running
2660 5.5126912282477152 0.0021152145377325037 0.25 270.41229199999998 0.01763870984184554 0.00057678039611418989 0.020266332764677351 0.010201739151415187 0 0.032256596586692152 nan nan nan nan nan nan nan nan nan nan 0.0057966535625906257 0.1738862429237335 0.10000165906120978 0 0.32870452364152664 nan nan nan nan nan nan nan nan nan nan 0 0 0 0 running
2680 5.5549963388395138 0.0021152924209968853 0.25 272.34710799999999 0.017471743169765883 0.00056977886208453826 0.020161095028529977 0.010133643059803233 0 0.031887676688443632 nan nan nan nan nan nan nan nan nan nan 0.0057001684927801 0.17208253127785073 0.099717304407028598 0 0.32344541969505819 nan nan nan nan nan nan nan nan nan nan 0 0 0 0 running
2700 5.5973029946289881 0.0021153691415583655 0.25 274.19557600000002 0.01730219503617305 0.00056270203617358083 0.020056604739297549 0.01006699835441595 0 0.031510336117393553 nan nan nan nan nan nan nan nan nan nan 0.0056014986924673993 0.17026389383690868 0.099380499853229901 0 0.31806339558735519 nan nan nan nan nan nan nan nan nan nan 0 0 0 0 running
2720 5.638077380264491 0.0021154421218004572 0.25 276.06997899999999 0.017140698739435276 0.00055601006749235807 0.019956685600328473 0.010004104491176273 0 0.031150557175827633 nan nan nan nan nan nan nan nan nan nan 0.0055224735296771632 0.16849711749081003 0.099004272103075483 0 0.31278022054212917 nan nan nan nan nan nan nan nan nan nan 0 0 0 0 running
2740 5.6803870101284852 0.0021155169863703339 0.25 277.92461200000002 0.016979633616828953 0.00054940693106144323 0.019853899608906274 0.0099401988932277877 0 0.030793717818986804 nan nan nan nan nan nan nan nan nan nan 0.0054965806158436825 0.16664874389591425 0.098559710637650025 0 0.30721179458892117 nan nan nan nan nan nan nan nan nan nan 0 0 0 0 running
2760 5.7211557178317989 0.0021155884126320473 0.25 279.786361 0.016834136995873352 0.00054353097198585776 0.019755785813270609 0.0098799007566670906 0 0.030475267086610351 nan nan nan nan nan nan nan nan nan nan 0.0054702244667818034 0.16485164263767796 0.098078687169372847 0 0.30177572492582316 nan nan nan nan nan nan nan nan nan nan 0 0 0 0 running
2780 5.7634682589266442 0.0021156619275119514 0.25 281.65510799999998 0.016695351180674691 0.00053803842313400257 0.019654976236128358 0.0098186182718131235 0 0.030177158817144424 nan nan nan nan nan nan nan nan nan nan 0.005441392277660273 0.16296826778122259 0.097525104020322814 0 0.29607728774818265 nan nan nan nan nan nan nan nan nan nan 0 0 0 0 running
2800 5.8042314609102723 0.0021157322760200787 0.25 283.56390699999997 0.016574016094009613 0.00053335922688233493 0.019558880455010454 0.0097608024991187332 0 0.029922942791065114 nan nan nan nan nan nan nan nan nan nan 0.0054121255382640898 0.161135956277976 0.096940792244871204 0 0.29054904757294697 nan nan nan nan nan nan nan nan nan nan 0 0 0 0 running
2820 5.846546869900016 0.0021158049393614031 0.25 285.44378399999999 0.016460234180932367 0.00052910630129811178 0.019460225671214085 0.0097020206019271561 0 0.029691530880754519 nan nan nan nan nan nan nan nan nan nan 0.0053801180350048217 0.15921587043182933 0.096283433787325221 0 0.28634002810465747 nan nan nan nan nan nan nan nan nan nan 0 0 0 0 running
2840 5.8888637294477837 0.0021158773657407007 0.25 287.30040200000002 0.016357243669874844 0.00052539272705368989 0.019362721225735527 0.0096444528495519717 0 0.029488821964057537 nan nan nan nan nan nan nan nan nan nan 0.0053464078521342495 0.15727826683712628 0.095576761025500723 0 0.2850186240230812 nan nan nan nan nan nan nan nan nan nan 0 0 0 0 running
2860 5.9296229293073663 0.0021159470235768739 0.25 289.186577 0.016266266027955886 0.00052223045753264441 0.019269930477842336 0.0095901054402538662 0 0.029315251744344958 nan nan nan nan nan nan nan nan nan nan 0.0053123279221194419 0.15539525529676032 0.094851341769354433 0 0.28367790992331787 nan nan nan nan nan nan nan nan nan nan 0 0 0 0 running
2880 5.9719426292505435 0.0021160193673155653 0.25 291.04811799999999 0.016178263619027217 0.00051927572475835406 0.01917479893403436 0.0095347566263084514 0 0.029151791081712224 nan nan nan nan nan nan nan nan nan nan 0.0052753170476110833 0.15342270757817494 0.09405399102379583 0 0.2822196241449666 nan nan nan nan nan nan nan nan nan nan 0 0 0 0 running
2900 6.0126964805625791 0.0021160891638901985 0.25 292.93528600000002 0.01609804322414574 0.00051666153194043914 0.019084402157653255 0.009482418754665203 0 0.029005816105392886 nan nan nan nan nan nan nan nan nan nan 0.0052381826493136385 0.15150757994912259 0.093246195801550025 0 0.28075704867778478 nan nan nan nan nan nan nan nan nan nan 0 0 0 0 running
2920 6.0550190269245299 0.0021161618845160386 0.25 294.794715 0.016018106367168987 0.00051411741648592455 0.018991839572479761 0.0094289732346912545 0 0.028862412141476178 nan nan nan nan nan nan nan nan nan nan 0.0051981683309196836 0.14950442048928578 0.092368382802983262 0 0.27918440420520962 nan nan nan nan nan nan nan nan nan nan 0 0 0 0 running
2940 6.0973430310183163 0.0021162349323197512 0.25 296.66253999999998 0.015940753732751986 0.00051169981687047904 0.018900661004518631 0.0093763477302652547 0 0.028724996570444788 nan nan nan nan nan nan nan nan nan nan 0.0051567682548130378 0.14748813925200782 0.091453027826959271 0 0.27756249949697126 nan nan nan nan nan nan nan nan nan nan 0 0 0 0 running
2960 6.1380929389202716 0.0021163056205119484 0.25 298.56820800000003 0.015868357928092748 0.0005094677012102588 0.018814220086285444 0.0093263560544330996 0 0.028597352405817143 nan nan nan nan nan nan nan nan nan nan 0.0051156613561365027 0.14553564293909177 0.09053794983834644 0 0.27595734388564896 nan nan nan nan nan nan nan nan nan nan 0 0 0 0 running
2980 6.1804198257313372 0.0021163794366538197 0.25 300.55410999999998 0.015795295829375364 0.0005072407552563278 0.018725853393246589 0.009275029509031623 0 0.028469559195829656 nan nan nan nan nan nan nan nan nan nan 0.0050717161552610301 0.14349717658296063 0.089553894283986621 0 0.27424626334881624 nan nan nan nan nan nan nan nan nan nan 0 0 0 0 running
3000 6.22116434133713 0.0021164508530116879 0.25 302.368156 0.015727189246444933 0.00050518810902971446 0.018642156188255373 0.0092261089713125792 0 0.028351651077919926 nan nan nan nan nan nan nan nan nan nan 0.0050282538317866221 0.1415262181945019 0.088575598275931117 0 0.27255769040246042 nan nan nan nan nan nan nan nan nan nan 0 0 0 0 running
3020 6.2634941403393993 0.0021165253710068517 0.25 304.187701 0.015658971837494168 0.00050315736937711414 0.018556604080660309 0.0091757121993406576 0 0.028235130216227294 nan nan nan nan nan nan nan nan nan nan 0.004981921351549401 0.13947090739050022 0.087528248021217295 0 0.27075961143735261 nan nan nan nan nan nan nan nan nan nan 0 0 0 0 running
3040 6.3042331908990494 0.0021165973205217996 0.25 306.11289299999999 0.015596029245101568 0.00050130505261224579 0.018475805475705716 0.0091275819891220196 0 0.028129365321142252 nan nan nan nan nan nan nan nan nan nan 0.0049359735384097991 0.13748657695213176 0.086495537411928974 0 0.26896850579003034 nan nan nan nan nan nan nan nan nan nan 0 0 0 0 running
3060 6.3465659234914167 0.0021166722039880599 0.25 307.94311699999997 0.015533324194526202 0.00049948410463874159 0.018393114523329115 0.0090779840891226388 0 0.028025967624683623 nan nan nan nan nan nan nan nan nan nan 0.0048885087864029009 0.13564937267021834 0.085419879389101575 0 0.26715104222280656 nan nan nan nan nan nan nan nan nan nan 0 0 0 0 running
3080 6.3889001537992796 0.0021167470668997379 0.25 309.791517 0.015472807703314488 0.00049775459323377503 0.018311563685546657 0.0090288599971269125 0 0.02792771838203232 nan nan nan nan nan nan nan nan nan nan 0.0048435783326423731 0.13444334174230535 0.084322639319595258 0 0.26552922571685245 nan nan nan nan nan nan nan nan nan nan 0 0 0 0 running
3100 6.4296351254694049 0.0021168189250577491 0.25 311.63498399999997 0.015416269640914205 0.00049616096581172643 0.01823409065492583 0.0089820584936796972 0 0.027837047898563751 nan nan nan nan nan nan nan nan nan nan 0.0047978780137225563 0.13326355792820765 0.08322609512010791 0 0.26383311574909885 nan nan nan nan nan nan nan nan nan nan 0 0 0 0 running
3120 6.4719722851690786 0.0021168932541583575 0.25 313.48807499999998 0.015358910265483295 0.00049456065993163116 0.018154568593511486 0.0089338727957426235 0 0.02774587516230953 nan nan nan nan nan nan nan nan nan nan 0.0047440060862378175 0.13201664840577793 0.08205113602406057 0 0.26167190035693094 nan nan nan nan nan nan nan nan nan nan 0 0 0 0 running
3140 6.5127017303625578 0.0021169642551690689 0.25 315.35360900000001 0.015304423720565067 0.0004930474386281087 0.018078931101344391 0.0088879829573984617 0 0.027659353580625715 nan nan nan nan nan nan nan nan nan nan 0.0046882952263715971 0.13079799033253461 0.080959886081483093 0 0.25935035523032168 nan nan nan nan nan nan nan nan nan nan 0 0 0 0 running
3160 6.5550417844894335 0.0021170373716603119 0.25 317.21233999999998 0.01524756898118209 0.00049146560705100675 0.018001035520240398 0.0088409307324845421 0 0.027568114275718442 nan nan nan nan nan nan nan nan nan nan 0.0046293954404313942 0.12951207688351796 0.080607608011867185 0 0.25688083657753585 nan nan nan nan nan nan nan nan nan nan 0 0 0 0 running
3180 6.5973832922054481 0.0021171096327237244 0.25 319.077517 0.015189753566133737 0.00048984442425969283 0.017923748598418946 0.0087947290417082387 0 0.027473534477802323 nan nan nan nan nan nan nan nan nan nan 0.0045692195383035816 0.12822825072469016 0.080214660192774886 0 0.25433316116914867 nan nan nan nan nan nan nan nan nan nan 0 0 0 0 running
3200 6.6381086636956264 0.00211717819228326 0.25 320.897447 0.015132876809094838 0.00048822625837301214 0.017849903789102128 0.0087512267577577515 0 0.027378429514326404 nan nan nan nan nan nan nan nan nan nan 0.0045084695050883195 0.12741628752805323 0.079800581873462367 0 0.25169732339649142 nan nan nan nan nan nan nan nan nan nan 0 0 0 0 running
3220 6.6804529663780174 0.0021172483726340958 0.25 322.73705699999999 0.015072076470389195 0.00048646329843914467 0.017773548363992222 0.0087071106184216807 0 0.027274310299931832 nan nan nan nan nan nan nan nan nan nan 0.0044416451261591883 0.12658039459340176 0.079333473873628171 0 0.2487179653650374 nan nan nan nan nan nan nan nan nan nan 0 0 0 0 running
3240 6.7211729929765971 0.0021173147391647272 0.25 324.57385299999999 0.015011551043446232 0.00048467192186252669 0.01770045102233625 0.008665887526688577 0 0.027167900981834713 nan nan nan nan nan nan nan nan nan nan 0.0043742369937294079 0.12578248694522778 0.078851085936782264 0 0.24564625116771774 nan nan nan nan nan nan nan nan nan nan 0 0 0 0 running
3260 6.7635200020123296 0.0021173825705834339 0.25 326.38900100000001 0.014946159565542306 0.00048269420670669883 0.017624721618993578 0.0086243697293179721 0 0.02704985895935642 nan nan nan nan nan nan nan nan nan nan 0.0043011821661935734 0.12495821697941563 0.078317015369144746 0 0.24225626789095822 nan nan nan nan nan nan nan nan nan nan 0 0 0 0 running
3280 6.8042348899596892 0.0021174466316213766 0.25 328.21713599999998 0.014880994858954505 0.00048067896432341827 0.017552168020885512 0.0085858199770356865 0 0.026929427784172243 nan nan nan nan nan nan nan nan nan nan 0.0042280210549978658 0.12417203120850842 0.07777407129480797 0 0.2388025068747526 nan nan nan nan nan nan nan nan nan nan 0 0 0 0 running
3300 6.8465845116397785 0.0021175120632883448 0.25 330.03908999999999 0.014810988557638079 0.00047846483082982904 0.017476947490678227 0.0085471830665006226 0 0.026797386994143486 nan nan nan nan nan nan nan nan nan nan 0.0041491982634008773 0.12336008474085246 0.077180169362367101 0 0.23502532861313305 nan nan nan nan nan nan nan nan nan nan 0 0 0 0 running
3320 6.888935429390731 0.0021175763066278532 0.25 331.85025400000001 0.014738842162018137 0.00047613103350440533 0.017401975665254761 0.0085100367585109055 0 0.026658791381794219 nan nan nan nan nan nan nan nan nan nan 0.0040835048710849975 0.12255175285543739 0.076556362211151502 0 0.23109590081211609 nan nan nan nan nan nan nan nan nan nan 0 0 0 0 running
3340 6.9296466319583265 0.0021176369972129225 0.25 333.67609099999999 0.014667639868718477 0.00047377778020172537 0.017330156657618306 0.0084757052566287305 0 0.026519840154726613 nan nan nan nan nan nan nan nan nan nan 0.0040524318921535407 0.12177688808570684 0.075927742749097818 0 0.22719681278522402 nan nan nan nan nan nan nan nan nan nan 0 0 0 0 running
3360 6.9720000256453201 0.0021176990964043543 0.25 335.49937799999998 0.01459190987771649 0.00047122290390684513 0.017255727389775318 0.0084413577044602107 0 0.026370067704254041 nan nan nan nan nan nan nan nan nan nan 0.0040175966572343347 0.1209734876384508 0.075243027277068261 0 0.22302425186855473 nan nan nan nan nan nan nan nan nan nan 0 0 0 0 running
3380 7.0127065015215617 0.0021177578494392707 0.25 337.31942700000002 0.014517847574197544 0.00046867553280467873 0.017184499856102296 0.0084095756452271832 0 0.026221972396178361 nan nan nan nan nan nan nan nan nan nan 0.0039818981818979804 0.1202051393614661 0.074555527507053465 0 0.21892088636765192 nan nan nan nan nan nan nan nan nan nan 0 0 0 0 running
3400 7.0550622925082127 0.0021178180931856073 0.25 339.14946400000002 0.01443981556314515 0.00046594338326708844 0.017110743968622274 0.0083776801861514313 0 0.026064557924328127 nan nan nan nan nan nan nan nan nan nan 0.0039427042373578747 0.11941041819675566 0.073809964922563115 0 0.21458537946445366 nan nan nan nan nan nan nan nan nan nan 0 0 0 0 running
3420 7.0974192795690083 0.002117877511210127 0.25 341.06118500000002 0.014361187328440122 0.00046314480398340895 0.017037390066522322 0.0083468682129812111 0 0.025904847713499088 nan nan nan nan nan nan nan nan nan nan 0.0039018000594637225 0.11862061852577245 0.073033271759205459 0 0.21021073608639776 nan nan nan nan nan nan nan nan nan nan 0 0 0 0 running
3440 7.1381223623194288 0.002117933900012226 0.25 342.88583299999999 0.014285476763132693 0.00046041150526038939 0.016967314479524539 0.008318174321208965 0 0.025750348896874022 nan nan nan nan nan nan nan nan nan nan 0.0038612494997678493 0.11786630752091073 0.072256546756258158 0 0.20654427221984953 nan nan nan nan nan nan nan nan nan nan 0 0 0 0 running
3460 7.1804816505185283 0.0021179919105756536 0.25 344.73070300000001 0.014206987737054071 0.00045754305640443877 0.016894849638903905 0.0082891592783972141 0 0.025589784119678497 nan nan nan nan nan nan nan nan nan nan 0.0038180420880170596 0.11708641893079295 0.071415399488522352 0 0.20488787967818037 nan nan nan nan nan nan nan nan nan nan 0 0 0 0 running
3480 7.2211803418368081 0.0021180470541514599 0.25 346.560315 0.014132310245538101 0.0004547860188996608 0.01682569325975522 0.008262004586869506 0 0.0254369703501202 nan nan nan nan nan nan nan nan nan nan 0.0037757468750078127 0.11634231983718839 0.070574847713009037 0 0.20324459120025201 nan nan nan nan nan nan nan nan nan nan 0 0 0 0 running
3500 7.263541880529794 0.0021181038810430572 0.25 348.37145700000002 0.014055792832223874 0.0004519382891977225 0.016754215280651533 0.0082344105146746858 0 0.025280685637461154 nan nan nan nan nan nan nan nan nan nan 0.0037310635719857155 0.11557324972005054 0.069665692906308169 0 0.20148964695606758 nan nan nan nan nan nan nan nan nan nan 0 0 0 0 running
3520 7.3042363131187003 0.0021181579608276022 0.25 350.20503600000001 0.013983839400672228 0.00044924512121899765 0.016686054066056329 0.0082084833442863346 0 0.025134307263802693 nan nan nan nan nan nan nan nan nan nan 0.0036875626984050891 0.11484556871980577 0.068759002340587128 0 0.19976555859898137 nan nan nan nan nan nan nan nan nan nan 0 0 0 0 running
3540 7.3466000590084439 0.0021182137555034054 0.25 352.03382900000003 0.013910883649400648 0.00044650450494097582 0.016615608911832305 0.0081820511952538626 0 0.024986789149271712 nan nan nan nan nan nan nan nan nan nan 0.0036417723300266047 0.114089100430097 0.067780141694213286 0 0.19793586078032771 nan nan nan nan nan nan nan nan nan nan 0 0 0 0 running
3560 7.3889649156350572 0.0021182690622962943 0.25 353.86297000000002 0.013840151955024929 0.00044384360060293113 0.016545674340399809 0.0081561623949929635 0 0.024844913144485808 nan nan nan nan nan nan nan nan nan nan 0.0035955621154032391 0.11333322464385524 0.066765603852906669 0 0.19607604498124809 nan nan nan nan nan nan nan nan nan nan 0 0 0 0 running
3580 7.429656255349812 0.002118321739963634 0.25 355.71405399999998 0.013774449485254374 0.00044137211527722075 0.016479088179457847 0.0081318091579155542 0 0.024714283650510115 nan nan nan nan nan nan nan nan nan nan 0.0035507903801039742 0.11278411413362913 0.06575745075291986 0 0.19426117855650976 nan nan nan nan nan nan nan nan nan nan 0 0 0 0 running
3600 7.4720232620697109 0.0021183761369979607 0.25 357.54405400000002 0.013708374916274128 0.00043889192287547549 0.016410259110658312 0.0081070154058618619 0 0.024584238553103033 nan nan nan nan nan nan nan nan nan nan 0.0035036920172309971 0.11237912151041558 0.064672324677637449 0 0.19233612387677332 nan nan nan nan nan nan nan nan nan nan 0 0 0 0 running
3620 7.5127105273912989 0.0021184279553668134 0.25 359.37940500000002 0.013647165106764137 0.00043660553294204576 0.016344565337864936 0.0080837746049567272 0 0.024465132840790545 nan nan nan nan nan nan nan nan nan nan 0.0034579039060056438 0.11199481058753011 0.063595780456025375 0 0.19044691788166143 nan nan nan nan nan nan nan nan nan nan 0 0 0 0 running
3640 7.5550796492954824 0.0021184814868928006 0.25 361.21196500000002 0.013585753074271269 0.00043432733828777949 0.016276551511558823 0.008060194940864079 0 0.024347113199420858 nan nan nan nan nan nan nan nan nan nan 0.0034095173752128893 0.11159832468355294 0.063069649161937635 0 0.18842816536810189 nan nan nan nan nan nan nan nan nan nan 0 0 0 0 running
3660 7.5974498373548522 0.0021185345942981572 0.25 363.03613899999999 0.013526673332371961 0.0004321550894603606 0.016208929492557388 0.0080372775049546204 0 0.024235108297588053 nan nan nan nan nan nan nan nan nan nan 0.0033600794612067553 0.11120400622862701 0.062753316567111431 0 0.18633403303681309 nan nan nan nan nan nan nan nan nan nan 0 0 0 0 running
3680 7.6381341310127988 0.0021185852020615416 0.25 364.894837 0.013472016256957226 0.00043016637590909075 0.016144345488762625 0.0080159285597249975 0 0.02413288348068857 nan nan nan nan nan nan nan nan nan nan 0.0033115090409291392 0.11082623167496902 0.062406384010194833 0 0.1842446698765848 nan nan nan nan nan nan nan nan nan nan 0 0 0 0 running
3700 7.6805063850754927 0.0021186375246503536 0.25 366.774045 0.013417010900719065 0.000428188644037131 0.016077392604464294 0.0079944462934322547 0 0.024031309526085606 nan nan nan nan nan nan nan nan nan nan 0.0032600374995326309 0.1104329336045109 0.061999790122482606 0 0.18200401408066944 nan nan nan nan nan nan nan nan nan nan 0 0 0 0 running
3720 7.7211867574409236 0.0021186874098961853 0.25 368.63966399999998 0.013365815816604858 0.00042637196328742941 0.016013369322801778 0.0079746213759716283 0 0.023937852577192314 nan nan nan nan nan nan nan nan nan nan 0.0032099556191722556 0.11005440488361565 0.061566784346118668 0 0.17980291718552383 nan nan nan nan nan nan nan nan nan nan 0 0 0 0 running
3740 7.7635610482969044 0.0021187390408100915 0.25 370.53909800000002 0.013314023958534427 0.00042455855780840478 0.015946921549130199 0.0079548612435922025 0 0.023844324179439786 nan nan nan nan nan nan nan nan nan nan 0.0031569347667863568 0.10965700682254907 0.061071951640526305 0 0.17744713192868006 nan nan nan nan nan nan nan nan nan nan 0 0 0 0 running
3760 7.8042375740693304 0.0021187883147216076 0.25 372.38148200000001 0.013265679826157098 0.00042288813961546389 0.01588334466464221 0.0079367936450934033 0 0.023757927956185837 nan nan nan nan nan nan nan nan nan nan 0.0031426172715163236 0.10927009416113968 0.060554621725475079 0 0.17510699437308005 nan nan nan nan nan nan nan nan nan nan 0 0 0 0 running
3780 7.8466138769653924 0.0021188393791238122 0.25 374.20336200000003 0.013216578303767873 0.00042121548762634535 0.015817303166556652 0.0079189626867374515 0 0.023670978820370291 nan nan nan nan nan nan nan nan nan nan 0.0031289730543181404 0.1088614169328565 0.059971125683140614 0 0.1725815571449163 nan nan nan nan nan nan nan nan nan nan 0 0 0 0 running
3800 7.8889911986074255 0.0021188902079562356 0.25 376.02651900000001 0.013168561370092804 0.00041960427360595063 0.015751426975663448 0.0079021900930581652 0 0.023586583368656624 nan nan nan nan nan nan nan nan nan nan 0.0031137201046993468 0.10844334562790445 0.059342435545989641 0 0.16997633039655022 nan nan nan nan nan nan nan nan nan nan 0 0 0 0 running
3820 7.9296649131365067 0.0021189388108687921 0.25 377.85225400000002 0.01312336430639089 0.00041810966771767141 0.015688335269992214 0.0078871213404366185 0 0.023507617729463377 nan nan nan nan nan nan nan nan nan nan 0.0030975943254872851 0.10803098287599976 0.058697367899272213 0 0.16740942006920242 nan nan nan nan nan nan nan nan nan nan 0 0 0 0 running
3840 7.9720442197883834 0.0021189893099777283 0.25 379.67404299999998 0.013077140157165573 0.00041660305070554153 0.01562272810773474 0.0078725200516843591 0 0.023427296255789473 nan nan nan nan nan nan nan nan nan nan 0.0030793880196766654 0.10758983296099198 0.057982403521619208 0 0.16466509846378721 nan nan nan nan nan nan nan nan nan nan 0 0 0 0 running
3860 8.0127141883378901 0.0021190376888269671 0.25 381.50069200000002 0.013033577862810359 0.00041520374112419012 0.015559884093125044 0.0078595816636149937 0 0.023351988105181517 nan nan nan nan nan nan nan nan nan nan 0.0030606287771982599 0.10715530761831948 0.057255238278360522 0 0.16263718890182699 nan nan nan nan nan nan nan nan nan nan 0 0 0 0 running
3880 8.0550954711693699 0.0021190880753360849 0.25 383.340035 0.012988983850600773 0.0004137923041684514 0.015494512955715151 0.0078472300926160869 0 0.023275272961311648 nan nan nan nan nan nan nan nan nan nan 0.0030396978233475647 0.10669001103829256 0.056455001671111615 0 0.16233559283039806 nan nan nan nan nan nan nan nan nan nan 0 0 0 0 running
3900 8.0974777619644467 0.002119138493410807 0.25 385.17350900000002 0.012945198370987895 0.00041242760059384797 0.015429260484150074 0.0078360345985593275 0 0.023200327378677929 nan nan nan nan nan nan nan nan nan nan 0.003017270135582284 0.10621057212200401 0.055612064672438656 0 0.16203662328671462 nan nan nan nan nan nan nan nan nan nan 0 0 0 0 running
3920 8.1381449786406357 0.0021191869548944278 0.25 386.99055299999998 0.012903960093536126 0.00041116215658704006 0.015366766601996908 0.0078263725586478778 0 0.023130115713758347 nan nan nan nan nan nan nan nan nan nan 0.0029943169406220216 0.10573600200192336 0.054763744179751758 0 0.1617473963236894 nan nan nan nan nan nan nan nan nan nan 0 0 0 0 running
3940 8.1805292493076873 0.0021192376092883003 0.25 388.81748599999997 0.012861810548502446 0.0004098897242018172 0.015301765813328282 0.0078174157222635921 0 0.023058768782422048 nan nan nan nan nan nan nan nan nan nan 0.0029855726407460592 0.10522534887848398 0.053839102468792276 0 0.16144561633722612 nan nan nan nan nan nan nan nan nan nan 0 0 0 0 running
3960 8.2211927494376855 0.0021192864057632058 0.25 390.63861300000002 0.012822184755941024 0.00040871399219581704 0.015239541104798769 0.0078098747821032915 0 0.022992113979645956 nan nan nan nan nan nan nan nan nan nan 0.0029832995794026873 0.10471943190672256 0.052913961168816394 0 0.16115915676435866 nan nan nan nan nan nan nan nan nan nan 0 0 0 0 running
3980 8.2635790139301193 0.0021193375376298514 0.25 392.46694400000001 0.0127817428987858 0.00040753587392898083 0.015174837208315453 0.0078030922047528156 0 0.02292454448642367 nan nan nan nan nan nan nan nan nan nan 0.0029808183980690739 0.1041747489882708 0.052574524180042617 0 0.16086315664272524 nan nan nan nan nan nan nan nan nan nan 0 0 0 0 running
4000 8.3042387712190386 0.0021193869002563348 0.25 394.29702300000002 0.012743791786738685 0.00040645166576138678 0.015112935837904604 0.0077975997824300172 0 0.022861595538250776 nan nan nan nan nan nan nan nan nan nan 0.0029782634565511668 0.10363486366947969 0.053185780590478925 0 0.16057804475346132 nan nan nan nan nan nan nan nan nan nan 0 0 0 0 running
4020 8.346627052899489 0.0021194387456246696 0.25 396.132633 0.012705121802722215 0.00040536957705583529 0.015048597241433636 0.007792907566100655 0 0.022797951406812008 nan nan nan nan nan nan nan nan nan nan 0.002975354222711446 0.10305305748496436 0.053817591726997481 0 0.16027624737848645 nan nan nan nan nan nan nan nan nan nan 0 0 0 0 running
4040 8.3890163761170289 0.0021194910407532431 0.25 397.96185800000001 0.012667376588914377 0.00040433673234017601 0.014984478151710567 0.0077892449006224749 0 0.022736352795309896 nan nan nan nan nan nan nan nan nan nan 0.002978321304682674 0.10245108248211698 0.054442227410455096 0 0.15996831309507586 nan nan nan nan nan nan nan nan nan nan 0 0 0 0 running
4060 8.4296733425846515 0.0021195416703897424 0.25 399.798248 0.012632050211179973 0.00040339221821874931 0.014923210994601024 0.007786675381987013 0 0.022679201871170798 nan nan nan nan nan nan nan nan nan nan 0.0029881652774714773 0.10185408485607879 0.055032659922445437 0 0.15966656130376783 nan nan nan nan nan nan nan nan nan nan 0 0 0 0 running
4080 8.4720647350042455 0.0021195950010563856 0.25 401.64973500000002 0.012596118039555968 0.00040245541837027969 0.014859598909795163 0.0077849564528857272 0 0.022621577116440136 nan nan nan nan nan nan nan nan nan nan 0.0029987874311176999 0.10121049557279538 0.055637615841897581 0 0.15934377543618525 nan nan nan nan nan nan nan nan nan nan 0 0 0 0 running
4100 8.5127178396221943 0.0021196467072158581 0.25 403.48430100000002 0.012562498130968498 0.00040160061516924454 0.014798875496443186 0.0077842079773772135 0 0.022568116970729774 nan nan nan nan nan nan nan nan nan nan 0.0030093057874507334 0.10057237778558675 0.056206396563192554 0 0.15902367132243175 nan nan nan nan nan nan nan nan nan nan 0 0 0 0 running
4120 8.5551113454224712 0.00211970125565964 0.25 405.32578599999999 0.012528279098884728 0.00040075228775822083 0.01473587196277246 0.007784345189389019 0 0.022514136247496343 nan nan nan nan nan nan nan nan nan nan 0.0030205946355116309 0.099884325110986785 0.056786179424424224 0 0.15867567867129223 nan nan nan nan nan nan nan nan nan nan 0 0 0 0 running
4140 8.5975059492934633 0.0021197564863849965 0.25 407.17870299999998 0.012494873720494817 0.00039994521610086297 0.014673222670394365 0.0077854003604702028 0 0.02246182245437563 nan nan nan nan nan nan nan nan nan nan 0.0030321682263507732 0.099172378671019579 0.05735068862037361 0 0.15838358213119258 nan nan nan nan nan nan nan nan nan nan 0 0 0 0 running
4160 8.6381561531554016 0.0021198101162527142 0.25 409.03002500000002 0.012463558754732195 0.00039920711869154097 0.014613513682566252 0.0077872592202633565 0 0.022413074968097659 nan nan nan nan nan nan nan nan nan nan 0.0030434869681127408 0.098466697066464173 0.05787616427311354 0 0.15875438315719292 nan nan nan nan nan nan nan nan nan nan 0 0 0 0 running
4180 8.6805529491862892 0.0021198667799119182 0.25 410.83730800000001 0.012431586881868276 0.00039847106232136661 0.014551647275113311 0.0077900679949103671 0 0.022363528009575098 nan nan nan nan nan nan nan nan nan nan 0.0030554737905503782 0.097706173370985389 0.058406268843214378 0 0.15915597077961111 nan nan nan nan nan nan nan nan nan nan 0 0 0 0 running
4200 8.7211990885041715 0.0021199218261917095 0.25 412.68283500000001 0.012401535782410456 0.00039779409177688181 0.014492755610112103 0.0077935835858680604 0 0.02231708534706614 nan nan nan nan nan nan nan nan nan nan 0.0030670875801519504 0.096953123317298884 0.05889582391550461 0 0.15955276027630655 nan nan nan nan nan nan nan nan nan nan 0 0 0 0 running
4220 8.7635981347313177 0.0021199800197945944 0.25 414.50109800000001 0.012370755090628564 0.00039711401122461922 0.014431793600941574 0.0077980992194039327 0 0.022269557473102275 nan nan nan nan nan nan nan nan nan nan 0.0030792641433886603 0.096142193437528708 0.059385424848544401 0 0.1599756950611266 nan nan nan nan nan nan nan nan nan nan 0 0 0 0 running
4240 8.8042400701463777 0.0021200365570058248 0.25 416.33294599999999 0.01234173847295256 0.0003964835489999379 0.014373837784142475 0.0078032337559637011 0 0.022224708631928252 nan nan nan nan nan nan nan nan nan nan 0.0030909275683800308 0.09534011383376513 0.059833013091002848 0 0.16038627651129675 nan nan nan nan nan nan nan nan nan nan 0 0 0 0 running
4260 8.8466414276400123 0.0021200963395610647 0.25 418.17044399999997 0.012311919562333615 0.00039584443648654619 0.014313904929603759 0.0078094264543845252 0 0.022178482992504078 nan nan nan nan nan nan nan nan nan nan 0.0031030139169025972 0.094653444847692378 0.060275652202813453 0 0.16081627996039535 nan nan nan nan nan nan nan nan nan nan 0 0 0 0 running
4280 8.8890439894115012 0.0021201569442441965 0.25 419.97848099999999 0.012282503944832096 0.00039522049253292471 0.014254545696015451 0.0078164698199115618 0 0.022132646545114782 nan nan nan nan nan nan nan nan nan nan 0.0031149416544143937 0.094293674659554141 0.060691659988297765 0 0.16124414921489913 nan nan nan nan nan nan nan nan nan nan 0 0 0 0 running
4300 8.9296827408108843 0.0021202157984605038 0.25 421.83544899999998 0.012254645641301198 0.00039463348420403437 0.014198226786311195 0.0078240177391025491 0 0.022088935373284543 nan nan nan nan nan nan nan nan nan nan 0.0031261507295996527 0.093928794151452014 0.06106365874755449 0 0.16164847018511433 nan nan nan nan nan nan nan nan nan nan 0 0 0 0 running
4320 8.9720877086600215 0.0021202780116021326 0.25 423.65081199999997 0.01222584800575967 0.00039402879695561705 0.014140015906016644 0.0078327309672964057 0 0.022043362138712198 nan nan nan nan nan nan nan nan nan nan 0.0031375425328690199 0.093526437471350074 0.061422103430517946 0 0.16206077995258925 nan nan nan nan nan nan nan nan nan nan 0 0 0 0 running
4340 9.0127219828298522 0.0021203383865733005 0.25 425.551761 0.012198436379787648 0.00039345242144847505 0.014084856117100112 0.0078418821927520692 0 0.021999458120287321 nan nan nan nan nan nan nan nan nan nan 0.0031481055259885427 0.093119592376271043 0.06172973034378304 0 0.16244362480879307 nan nan nan nan nan nan nan nan nan nan 0 0 0 0 running
4360 9.0551294190369465 0.0021204021759922763 0.25 427.37489399999998 0.012170049156846156 0.00039285339471051658 0.014027991268450923 0.0078522720441161608 0 0.021953437847589616 nan nan nan nan nan nan nan nan nan nan 0.0031585626544233802 0.092672238152279193 0.062013060301512483 0 0.16281830899048541 nan nan nan nan nan nan nan nan nan nan 0 0 0 0 running
4380 9.0975381392538175 0.0021204667451083302 0.25 429.23298299999999 0.012141845749466397 0.00039225344125273581 0.013971869473802851 0.0078635223613967957 0 0.021907078941196839 nan nan nan nan nan nan nan nan nan nan 0.0031685190451775647 0.092200982861820324 0.062464109744740814 0 0.16317427403774373 nan nan nan nan nan nan nan nan nan nan 0 0 0 0 running
4400 9.1381690269953317 0.0021205293163534191 0.25 431.09754800000002 0.012114943532096731 0.00039167558414996524 0.013918814880844633 0.0078751188745131897 0 0.021862181254195725 nan nan nan nan nan nan nan nan nan nan 0.0031777241663794031 0.091726311088820428 0.062874422192932031 0 0.16350801461983283 nan nan nan nan nan nan nan nan nan nan 0 0 0 0 running
4420 9.1805803054299808 0.0021205953452285366 0.25 432.92173200000002 0.012086963624792326 0.00039106703280313829 0.013864206086477177 0.0078880950817921628 0 0.021814725771446553 nan nan nan nan nan nan nan nan nan nan 0.0031867347215345232 0.091205823564167024 0.063241355145245121 0 0.16383345308786013 nan nan nan nan nan nan nan nan nan nan 0 0 0 0 running
4440 9.2212064419062418 0.0021206592505870372 0.25 434.790189 0.012060227654053962 0.00039047658594651419 0.013812661801822335 0.0079013667389999549 0 0.021768595751177212 nan nan nan nan nan nan nan nan nan nan 0.0031944998164711302 0.09068287879974074 0.063532528624361109 0 0.16410519873926069 nan nan nan nan nan nan nan nan nan nan 0 0 0 0 running
4460 9.2636203331516604 0.002120726612200822 0.25 436.60641500000003 0.012032337708741139 0.00038984915022924826 0.013759675472608727 0.0079161083920900096 0 0.021719584023162306 nan nan nan nan nan nan nan nan nan nan 0.0032016289410622401 0.090111456006018192 0.063771149626211499 0 0.16434367868818975 nan nan nan nan nan nan nan nan nan nan 0 0 0 0 running
4480 9.3042415800047333 0.002120791708460093 0.25 438.451144 0.012005637936923198 0.00038923635734983158 0.013709740982403068 0.0079310901873244927 0 0.021671779277588343 nan nan nan nan nan nan nan nan nan nan 0.0032075523126686711 0.089539753601116878 0.063935400619441238 0 0.16453183913431171 nan nan nan nan nan nan nan nan nan nan 0 0 0 0 running
4500 9.3466581329576819 0.0021208602537169429 0.25 440.26977900000003 0.011977851094936282 0.00038858461217746094 0.0136586402144744 0.0079476875999445959 0 0.021621040575484335 nan nan nan nan nan nan nan nan nan nan 0.0032127753307564788 0.088916836741766342 0.064931006279532841 0 0.16468595342527925 nan nan nan nan nan nan nan nan nan nan 0 0 0 0 running
4520 9.3890760625944338 0.0021209293417119839 0.25 442.10983599999997 0.011950294253032704 0.00038792557517768208 0.013608634143790686 0.0079652881676885098 0 0.021569803860132599 nan nan nan nan nan nan nan nan nan nan 0.003216816068914774 0.088266653031638859 0.065983776130949814 0 0.1647827748543769 nan nan nan nan nan nan nan nan nan nan 0 0 0 0 running
4540 9.4296936263134761 0.0021209959564934765 0.25 443.94455099999999 0.011924047430510532 0.0003872853898571738 0.013561607733355397 0.0079830848354229475 0 0.021520169559024447 nan nan nan nan nan nan nan nan nan nan 0.0032217822840062693 0.087617983121069873 0.066964830768732067 0 0.1649696597067826 nan nan nan nan nan nan nan nan nan nan 0 0 0 0 running
4560 9.4721142797328337 0.0021210659533816576 0.25 445.76881100000003 0.011896557668496965 0.00038659695671460409 0.013513382500854869 0.0080026889520428829 0 0.021467101050558011 nan nan nan nan nan nan nan nan nan nan 0.0032285828189834165 0.08691295277489916 0.067929514868229013 0 0.16529985577094528 nan nan nan nan nan nan nan nan nan nan 0 0 0 0 running
4580 9.5127267470379575 0.0021211333187156553 0.25 447.59050100000002 0.011870204817302058 0.00038591943958743614 0.013468111130866498 0.0080224440575018974 0 0.021415187417357241 nan nan nan nan nan nan nan nan nan nan 0.0032330786004304279 0.086211259788580019 0.068782056050586252 0 0.16551260801993478 nan nan nan nan nan nan nan nan nan nan 0 0 0 0 running
4600 9.5551501550455349 0.0021212039957767175 0.25 449.41069900000002 0.011842820078968277 0.0003851992687494775 0.013421799270350922 0.0080440882927005197 0 0.021360278708927739 nan nan nan nan nan nan nan nan nan nan 0.0032331321106733313 0.085450334755585111 0.069605348255096233 0 0.16545835063015429 nan nan nan nan nan nan nan nan nan nan 0 0 0 0 running
4620 9.5975749793709113 0.0021212749270976476 0.25 451.23843499999998 0.011815671516454454 0.00038446996478694556 0.013376524989535782 0.0080667286068648435 0 0.02130490832079442 nan nan nan nan nan nan nan nan nan nan 0.0032298171627741512 0.084661522976259049 0.070366060888885876 0 0.16521071712057678 nan nan nan nan nan nan nan nan nan nan 0 0 0 0 running
4640 9.6381836296828087 0.002121342997164074 0.25 453.05579599999999 0.011789885312943803 0.00038376299860234936 0.013334153445787906 0.0080893496660616928 0 0.021251411206955499 nan nan nan nan nan nan nan nan nan nan 0.003225807774643541 0.083881120717700028 0.071032340043866368 0 0.16494545866085927 nan nan nan nan nan nan nan nan nan nan 0 0 0 0 running
4660 9.6806112374561177 0.0021214142329781054 0.25 454.87768799999998 0.01176311537838735 0.00038301372963855419 0.013290870684950501 0.0081140252077723206 0 0.021194883082308619 nan nan nan nan nan nan nan nan nan nan 0.0032214374857539863 0.083039454352445932 0.071657798412104026 0 0.16468592400071161 nan nan nan nan nan nan nan nan nan nan 0 0 0 0 running
4680 9.7212146641412094 0.0021214824556341368 0.25 456.72420599999998 0.011737711181586698 0.00038228673705998631 0.013250393583138667 0.0081386519320288397 0 0.021140307244304563 nan nan nan nan nan nan nan nan nan nan 0.003216281284917466 0.082208184473361284 0.072185989701820871 0 0.16440361331199999 nan nan nan nan nan nan nan nan nan nan 0 0 0 0 running
4700 9.763645061721375 0.0021215537294653223 0.25 458.55489999999998 0.01171149461461389 0.00038151823076815433 0.013209090976761585 0.0081654421517358688 0 0.021083060603587261 nan nan nan nan nan nan nan nan nan nan 0.0032089978672892316 0.08131143756972832 0.072663723627424348 0 0.16401756046125238 nan nan nan nan nan nan nan nan nan nan 0 0 0 0 running
4720 9.804243240113351 0.002121621834538148 0.25 460.40420599999999 0.011686776941268196 0.00038077602099682026 0.013170522493786798 0.0081920943379392985 0 0.021028212325244929 nan nan nan nan nan nan nan nan nan nan 0.0032000227198717424 0.080425708528054557 0.073048468478429995 0 0.1635504788395834 nan nan nan nan nan nan nan nan nan nan 0 0 0 0 running
4740 9.8466764227575965 0.0021216928433673526 0.25 462.26554499999997 0.011661275183110231 0.0003799924711804697 0.013131190629377622 0.0082210307596593483 0 0.020970664894243079 nan nan nan nan nan nan nan nan nan nan 0.0031887054898930289 0.079470797463707374 0.073371961985446821 0 0.16297288881765648 nan nan nan nan nan nan nan nan nan nan 0 0 0 0 running
4760 9.8891110229856594 0.0021217635912731663 0.25 464.09012100000001 0.011636039137791951 0.00037919950945693252 0.013092837681519691 0.0082510794528261322 0 0.02091268828060339 nan nan nan nan nan nan nan nan nan nan 0.0031754648480476488 0.078603149383953602 0.073611871670271084 0 0.16230953780444754 nan nan nan nan nan nan nan nan nan nan 0 0 0 0 running
4780 9.9297053132995767 0.0021218309427218167 0.25 465.92210499999999 0.011612155508163666 0.00037843141904483386 0.013057065716819662 0.0082808660831882683 0 0.020856842022916929 nan nan nan nan nan nan nan nan nan nan 0.0031608688905097049 0.078191611730840105 0.073761225490297441 0 0.16158759221336896 nan nan nan nan nan nan nan nan nan nan 0 0 0 0 running
4800 9.9721426677735518 0.0021219009271319848 0.25 467.75216799999998 0.011587523879848367 0.0003776207166072822 0.013020618742097737 0.0083130904007727661 0 0.020798244312590006 nan nan nan nan nan nan nan nan nan nan 0.0031434663627912807 0.077736052419388288 0.073832202990464252 0 0.16073438641565593 nan nan nan nan nan nan nan nan nan nan 0 0 0 0 running
4820 10.012731752357075 0.00212196738504704 0.25 469.59385700000001 0.011564353265039051 0.00037684048111006019 0.012986654430235368 0.0083449467000142486 0 0.020742179121983857 nan nan nan nan nan nan nan nan nan nan 0.0031247676267566193 0.077276380013979379 0.073816829793495325 0 0.15982507477707847 nan nan nan nan nan nan nan nan nan nan 0 0 0 0 running
4840 10.055171824642064 0.0021220362926962998 0.25 471.41682200000002 0.011540598309099809 0.00037602231893774188 0.012952087936789059 0.0083793306090942151 0 0.020683710752590498 nan nan nan nan nan nan nan nan nan nan 0.0031030694739977438 0.077599181447446264 0.073711018065040504 0 0.15877837042886123 nan nan nan nan nan nan nan nan nan nan 0 0 0 0 running
4860 10.097613268110052 0.0021221045223934055 0.25 473.25008700000001 0.01151753293944972 0.00037521022329283714 0.012918490847058961 0.0084148018467180442 0 0.020625972618516869 nan nan nan nan nan nan nan nan nan nan 0.0030790072586210915 0.078662291602891704 0.074622320949250795 0 0.15762351896937266 nan nan nan nan nan nan nan nan nan nan 0 0 0 0 running
4880 10.138197967060462 0.0021221039230485419 0.25 475.08368200000001 0.011496089926297576 0.00037443831998678002 0.012887204593502597 0.0084497315484960631 0 0.020571392962939684 nan nan nan nan nan nan nan nan nan nan 0.0030853105522442581 0.079647292931402852 0.075578585209007398 0 0.1564089062502752 nan nan nan nan nan nan nan nan nan nan 0 0 0 0 running
4900 10.180639910412957 0.0021220911054821464 0.25 476.90802000000002 0.011474189458290119 0.00037363176714266664 0.012855338016111415 0.00848731579374443 0 0.020514659954165439 nan nan nan nan nan nan nan nan nan nan 0.0030931575839383552 0.08064120457592211 0.076507961243725969 0 0.15501731627608609 nan nan nan nan nan nan nan nan nan nan 0 0 0 0 running
4920 10.221220819617479 0.0021220791865648584 0.25 478.73813200000001 0.011453710136832673 0.00037286027272994803 0.012825659074107491 0.0085242563224579241 0 0.020460642174031041 nan nan nan nan nan nan nan nan nan nan 0.0030992137543072174 0.081553977271906886 0.077325864969085695 0 0.15357459796853823 nan nan nan nan nan nan nan nan nan nan 0 0 0 0 running
4940 10.263662276270571 0.0021220671625714169 0.25 480.56565899999998 0.011432840334026851 0.00037205645107041009 0.012795420991765777 0.0085639209977056898 0 0.020404588290443601 nan nan nan nan nan nan nan nan nan nan 0.0031040262560223519 0.082467256225443014 0.078104060835923514 0 0.15195694917320299 nan nan nan nan nan nan nan nan nan nan 0 0 0 0 running
4960 10.304244112902573 0.0021220561706489865 0.25 482.40645599999999 0.011413521887247809 0.00037129598181495356 0.012767247294314717 0.0086028044223870632 0 0.020351749341107835 nan nan nan nan nan nan nan nan nan nan 0.0031072202147944816 0.08329961752314273 0.078771293152335525 0 0.15030808020665645 nan nan nan nan nan nan nan nan nan nan 0 0 0 0 running
4980 10.346685120937979 0.0021220452883402752 0.25 484.23461200000003 0.011394072240315516 0.00037051376340661998 0.012738522615711843 0.0086444406091725629 0 0.020297556965365456 nan nan nan nan nan nan nan nan nan nan 0.0031090998717510088 0.084125661104559782 0.079385488401938487 0 0.14846960606039533 nan nan nan nan nan nan nan nan nan nan 0 0 0 0 running
5000 10.389125918665346 0.002122035118432947 0.25 486.12934899999999 0.011375420403284759 0.00036974749845939845 0.012710516319179941 0.0086870480136701841 0 0.02024455989279017 nan nan nan nan nan nan nan nan nan nan 0.0031093981198917486 0.084904012721795166 0.079911050280039364 0 0.148297981078236 nan nan nan nan nan nan nan nan nan nan 0 0 0 0 running
5020 10.429708407705606 0.0021220261391121141 0.25 488.04468200000002 0.011358321434748252 0.00036903076485100687 0.012684372352461365 0.0087286836235129402 0 0.020194997538861753 nan nan nan nan nan nan nan nan nan nan 0.0031080522227578955 0.085601359323191253 0.080327942872394947 0 0.14828656315367669 nan nan nan nan nan nan nan nan nan nan 0 0 0 0 running
5040 10.472148839388231 0.0021220176082909926 0.25 489.87639200000001 0.011341214001709541 0.00036829943713566213 0.012657657877407042 0.008773138494219063 0 0.020144373127680977 nan nan nan nan nan nan nan nan nan nan 0.0031047766120856357 0.086279293338032401 0.080671588386506232 0 0.14820784415965366 nan nan nan nan nan nan nan nan nan nan 0 0 0 0 running
5060 10.512732067476183 0.0021220103449944728 0.25 491.76287500000001 0.011325631540001411 0.00036761998947454502 0.012632674571572163 0.0088165001179041531 0 0.020097247654404383 nan nan nan nan nan nan nan nan nan nan 0.0030997502276727262 0.086876622452960239 0.080909366690235018 0 0.14806310652712806 nan nan nan nan nan nan nan nan nan nan 0 0 0 0 running
5080 10.555172203450438 0.0021220037597139956 0.25 493.61489899999998 0.011310208143668822 0.00036693371526614905 0.012607097211485842 0.0088627116246439187 0 0.020049509806294795 nan nan nan nan nan nan nan nan nan nan 0.0030924513093015804 0.087446330831645672 0.081060391169857152 0 0.14783650065000678 nan nan nan nan nan nan nan nan nan nan 0 0 0 0 running
5100 10.597612219238748 0.0021219982836635089 0.25 495.67942199999999 0.011295723527438576 0.00036627536357328492 0.0125820407530132 0.0089097788480997919 0 0.020003519284544774 nan nan nan nan nan nan nan nan nan nan 0.0030830257860042787 0.087958039638920515 0.081108957636221862 0 0.14753177933410475 nan nan nan nan nan nan nan nan nan nan 0 0 0 0 running
5120 10.638195926066633 0.00212199415363929 0.25 497.51572599999997 0.011282771239456145 0.00036567532041479445 0.012558546610092409 0.0089555608647708743 0 0.01996125628333683 nan nan nan nan nan nan nan nan nan nan 0.0030719798625938877 0.088391159545221962 0.081057187262795954 0 0.14716557454920137 nan nan nan nan nan nan nan nan nan nan 0 0 0 0 running
5140 10.680635774524266 0.0021219910608620387 0.25 499.36297400000001 0.011270364166395909 0.00036508870850750203 0.012534496650918079 0.0090042149958946965 0 0.019919406579179351 nan nan nan nan nan nan nan nan nan nan 0.0030581769759144839 0.088783131780263883 0.080896187346903098 0 0.14669689071707262 nan nan nan nan nan nan nan nan nan nan 0 0 0 0 running
5160 10.721219896463143 0.0021219893388320045 0.25 501.25719299999997 0.011259561584895513 0.00036456566895821626 0.01251185755010017 0.0090514653990323279 0 0.019881652900838324 nan nan nan nan nan nan nan nan nan nan 0.0030427563052551898 0.089098198422221692 0.080636329797248371 0 0.14616253307292973 nan nan nan nan nan nan nan nan nan nan 0 0 0 0 running
5180 10.76365967620357 0.0021219888928547038 0.25 503.08096799999998 0.011249204118642145 0.00036405331605945821 0.012488510647926136 0.0091016187543786712 0 0.019844094072141997 nan nan nan nan nan nan nan nan nan nan 0.003024220605114869 0.089363870068446247 0.080254002530037741 0 0.14550939850192166 nan nan nan nan nan nan nan nan nan nan 0 0 0 0 running
5200 10.804243979554743 0.002121989818377783 0.25 504.91965099999999 0.011240295650871597 0.00036359695221377424 0.012466724867056897 0.009150333528800637 0 0.019810128627855188 nan nan nan nan nan nan nan nan nan nan 0.0030040746003184848 0.089744648102310559 0.080132250677177205 0 0.14478827255986298 nan nan nan nan nan nan nan nan nan nan 0 0 0 0 running
5220 10.846683798987874 0.0021219922577594762 0.25 506.74242600000002 0.011232351040167577 0.00036317075644045721 0.012444280280394182 0.0092020134970351389 0 0.019777752459589799 nan nan nan nan nan nan nan nan nan nan 0.0029804770253375468 0.090005751780270565 0.081112509364423352 0 0.1439320401855988 nan nan nan nan nan nan nan nan nan nan 0 0 0 0 running
5240 10.889123683498726 0.0021219962571931714 0.25 508.59787599999999 0.011225380865876575 0.00036278155506888962 0.01242202406895836 0.0092544399530737984 0 0.019747478994758094 nan nan nan nan nan nan nan nan nan nan 0.0029567257409572889 0.090108363026905905 0.082011031086575148 0 0.14313472429006432 nan nan nan nan nan nan nan nan nan nan 0 0 0 0 running
5260 10.929707994994011 0.002122001589343607 0.25 510.48107299999998 0.011219145744973841 0.00036242671932686067 0.012400856352897427 0.009305268411825933 0 0.019719166934904206 nan nan nan nan nan nan nan nan nan nan 0.0029341907323887639 0.090133820068798692 0.082789166011104059 0 0.14245204578999551 nan nan nan nan nan nan nan nan nan nan 0 0 0 0 running
5280 10.972148099582119 0.0021220087894205176 0.25 512.34117200000003 0.011213016971874391 0.00036207312137899564 0.012378824746280241 0.0093591074216808259 0 0.01969008525331491 nan nan nan nan nan nan nan nan nan nan 0.0029076412963022769 0.090580768757157509 0.083508166324565911 0 0.14161179075559541 nan nan nan nan nan nan nan nan nan nan 0 0 0 0 running
5300 11.012732096467056 0.0021220172700254485 0.25 514.20019000000002 0.011207855432058527 0.00036176550994045835 0.01235788139660104 0.0094111697386837761 0 0.019663720252858091 nan nan nan nan nan nan nan nan nan nan 0.0028768595330649349 0.091256165313641557 0.084098321186575065 0 0.14173545905500845 nan nan nan nan nan nan nan nan nan nan 0 0 0 0 running
5320 11.055172549988269 0.0021220278467065229 0.25 516.02082700000005 0.011203576848678653 0.00036149291096169636 0.012336136544246945 0.0094661171011434855 0 0.019638797215860749 nan nan nan nan nan nan nan nan nan nan 0.002839388393773512 0.091899925268032367 0.084611860247027326 0 0.14232938006194057 nan nan nan nan nan nan nan nan nan nan 0 0 0 0 running
5340 11.097613233706886 0.0021220402065689286 0.25 517.87967000000003 0.01120058174906201 0.00036127864199539769 0.012314527768127866 0.0095215313630202403 0 0.019617020203919162 nan nan nan nan nan nan nan nan nan nan 0.0028136793212241162 0.092468734268035369 0.085019746199326882 0 0.14284354915972158 nan nan nan nan nan nan nan nan nan nan 0 0 0 0 running
5360 11.138196856288285 0.0021220537252285817 0.25 519.70981099999995 0.011198874870593465 0.00036112894663718693 0.012293930772734029 0.0095749823785042255 0 0.019599044780970996 nan nan nan nan nan nan nan nan nan nan 0.0028106010076281995 0.09294055451795484 0.085309459859801179 0 0.14327664131057943 nan nan nan nan nan nan nan nan nan nan 0 0 0 0 running
5380 11.180638095113769 0.0021220696691087834 0.25 521.66057699999999 0.011198250162034632 0.0003610295791111493 0.012272410161482112 0.0096314011137907888 0 0.019583098644345594 nan nan nan nan nan nan nan nan nan nan 0.0028030785742844122 0.093361376546075944 0.085503732377024549 0 0.14365326234317144 nan nan nan nan nan nan nan nan nan nan 0 0 0 0 running
5400 11.221220825255218 0.0021220866570598237 0.25 523.48168899999996 0.011198803627649353 0.00036099092735484802 0.012251822244720866 0.0096858468240311607 0 0.019570715929387902 nan nan nan nan nan nan nan nan nan nan 0.002792412226331753 0.093695176319476214 0.085581166508341799 0 0.14391364655598923 nan nan nan nan nan nan nan nan nan nan 0 0 0 0 running
5420 11.263662760997693 0.0021221062484659148 0.25 525.28977199999997 0.011200653444073299 0.00036101464327931404 0.012230312754952677 0.0097432814199609075 0 0.019560950216847329 nan nan nan nan nan nan nan nan nan nan 0.0027780798244901872 0.093969395395388469 0.085544252313992333 0 0.1440621626434066 nan nan nan nan nan nan nan nan nan nan 0 0 0 0 running
5440 11.304244252368429 0.0021221267416140191 0.25 527.10350300000005 0.011203721029680458 0.00036110493331092459 0.012209793269742206 0.0097986549106762588 0 0.019554890386634674 nan nan nan nan nan nan nan nan nan nan 0.0027615925659287832 0.09415562911979708 0.085396081556267711 0 0.14411985884883785 nan nan nan nan nan nan nan nan nan nan 0 0 0 0 running
5460 11.346687028731576 0.0021221500512291136 0.25 528.91520000000003 0.011208095749099324 0.00036125957969178845 0.012188262922576198 0.0098570409444787375 0 0.019551509759350983 nan nan nan nan nan nan nan nan nan nan 0.002741300528584345 0.094267876317112476 0.08512026832386653 0 0.1440498306140251 nan nan nan nan nan nan nan nan nan nan 0 0 0 0 running
5480 11.389130291704742 0.002122175308033099 0.25 530.74449500000003 0.01121343504094344 0.00036146849323404897 0.012166643655563716 0.0099159185756920905 0 0.019550506606593753 nan nan nan nan nan nan nan nan nan nan 0.0027174975010622049 0.094294281546133424 0.084719533053865731 0 0.14379746496342996 nan nan nan nan nan nan nan nan nan nan 0 0 0 0 running
5500 11.429710692085294 0.0021222012805185487 0.25 532.56650300000001 0.011219319229904844 0.00036171476100610217 0.012145883228149313 0.0099726820173214742 0 0.019551417246168819 nan nan nan nan nan nan nan nan nan nan 0.0026949774827716988 0.09423820630539502 0.084218796673510982 0 0.14337307876233932 nan nan nan nan nan nan nan nan nan nan 0 0 0 0 running
5520 11.472155019641237 0.0021222303437890945 0.25 534.40725799999996 0.01122624281319556 0.00036201935745014489 0.012124069963884791 0.010032552574570386 0 0.019554191285713247 nan nan nan nan nan nan nan nan nan nan 0.0026996392908996136 0.094093263797554241 0.083571148520107386 0 0.14275330889909987 nan nan nan nan nan nan nan nan nan nan 0 0 0 0 running
5540 11.512733535850861 0.002122259937947798 0.25 536.24912300000005 0.011233607159570429 0.00036235531496068901 0.012103128259908476 0.010090270329537238 0 0.019558606256697971 nan nan nan nan nan nan nan nan nan nan 0.0027018031574542745 0.093870912211586416 0.082832433002854713 0 0.14201623674356631 nan nan nan nan nan nan nan nan nan nan 0 0 0 0 running
5560 11.555179076279051 0.0021222927836561678 0.25 538.07547799999998 0.011242189853161723 0.00036275578978994566 0.012081131025830234 0.010151140547044267 0 0.019565356895301242 nan nan nan nan nan nan nan nan nan nan 0.0027018967083318746 0.093549179330605317 0.083354617713781887 0 0.14111023539051171 nan nan nan nan nan nan nan nan nan nan 0 0 0 0 running
5580 11.597625293871175 0.0021223275564505916 0.25 539.87233700000002 0.011251797338119408 0.00036321100520804168 0.012059070864236396 0.010212520863198635 0 0.019574626994308425 nan nan nan nan nan nan nan nan nan nan 0.0026997328493017503 0.093134605488868899 0.084198172970364638 0 0.14006549180761688 nan nan nan nan nan nan nan nan nan nan 0 0 0 0 running
5600 11.638202243519977 0.0021223625874957916 0.25 541.713842 0.011261957516433158 0.00036369776352265136 0.012037937197056888 0.010271684562740266 0 0.019585880723873832 nan nan nan nan nan nan nan nan nan nan 0.0026953378909768122 0.092650054446183919 0.084907033041894259 0 0.13892511543588582 nan nan nan nan nan nan nan nan nan nan 0 0 0 0 running
5620 11.680649896385825 0.0021224010876074251 0.25 543.51957700000003 0.011273571798216342 0.00036425961292785856 0.012015800295121346 0.010334097706800259 0 0.019600035414155538 nan nan nan nan nan nan nan nan nan nan 0.002688079702464985 0.092049961468419844 0.085542931748627066 0 0.13757152969297404 nan nan nan nan nan nan nan nan nan nan 0 0 0 0 running
5640 11.721224304312042 0.0021224396398762512 0.25 545.40703599999995 0.011285579605590877 0.00036484590417764539 0.011994635288186159 0.010394271390620154 0 0.019615714853106505 nan nan nan nan nan nan nan nan nan nan 0.0026785114552238531 0.09138685327473553 0.086046386573494185 0 0.13718369519987691 nan nan nan nan nan nan nan nan nan nan 0 0 0 0 running
5660 11.763673536535068 0.0021224817804376137 0.25 547.23415899999998 0.011299063881243738 0.00036550983341762969 0.011972517286332611 0.010457787780418892 0 0.019634259092005408 nan nan nan nan nan nan nan nan nan nan 0.0026657702850204634 0.090598705016322431 0.086460390364134887 0 0.1381756376509729 nan nan nan nan nan nan nan nan nan nan 0 0 0 0 running
5680 11.804245045277588 0.0021225237571870508 0.25 549.07878900000003 0.011312820597027151 0.00036619155153226672 0.011951434987295211 0.010519053887361865 0 0.019653960417926671 nan nan nan nan nan nan nan nan nan nan 0.002651021811572396 0.090371295820994055 0.086745307296584223 0 0.13902030298636747 nan nan nan nan nan nan nan nan nan nan 0 0 0 0 running
5700 11.846695997007961 0.0021225694271657662 0.25 550.94815800000003 0.011328131751549012 0.00036695305536515202 0.011929475366684298 0.010583764412115742 0 0.019676629251523942 nan nan nan nan nan nan nan nan nan nan 0.0026397125936521437 0.090599851595633524 0.08692462732488121 0 0.13979320794972025 nan nan nan nan nan nan nan nan nan nan 0 0 0 0 running
5720 11.88914788062848 0.0021226168522016364 0.25 552.76865099999998 0.011344421030602209 0.00036776380668415167 0.011907659935400649 0.010649121280982544 0 0.0197014731222343 nan nan nan nan nan nan nan nan nan nan 0.0026379932566223951 0.090740485781039187 0.086979786319768757 0 0.14045115171554087 nan nan nan nan nan nan nan nan nan nan 0 0 0 0 running
5740 11.92971706749316 0.0021226637749950116 0.25 554.66815499999996 0.011360951479101825 0.00036859230653358605 0.011887025575116615 0.010712206948692774 0 0.019727328190330181 nan nan nan nan nan nan nan nan nan nan 0.0026329326671752362 0.090790517704411322 0.086914041659042887 0 0.14097327607126539 nan nan nan nan nan nan nan nan nan nan 0 0 0 0 running
5760 11.972170872966384 0.0021227145098272966 0.25 556.54903200000001 0.011379300203854624 0.00036951595023621182 0.011865677510828473 0.01077890720589233 0 0.019756686975946455 nan nan nan nan nan nan nan nan nan nan 0.0026241974687710723 0.090752553571129255 0.086718420882496636 0 0.14141574133792123 nan nan nan nan nan nan nan nan nan nan 0 0 0 0 running
5780 12.012736547338971 0.0021227645078140166 0.25 558.40264500000001 0.011397767203562365 0.00037044223694595099 0.011845495666433545 0.010843324982925446 0 0.019786732787735947 nan nan nan nan nan nan nan nan nan nan 0.0026126464276625683 0.090628268528020986 0.086408092371379808 0 0.14171446783910532 nan nan nan nan nan nan nan nan nan nan 0 0 0 0 running
5800 12.055192400553594 0.0021228183786606994 0.25 560.28455399999996 0.011418115021904665 0.00037145856978978943 0.01182463334936322 0.010911494043838134 0 0.019820346003099107 nan nan nan nan nan nan nan nan nan nan 0.0026163947341271143 0.090404299208744529 0.085952607043546306 0 0.14187520474442608 nan nan nan nan nan nan nan nan nan nan 0 0 0 0 running
5820 12.097649347325017 0.0021228737780669355 0.25 562.114195 0.011439342499174174 0.0003725185973320585 0.01180405160889041 0.010980480452880711 0 0.01985566489947542 nan nan nan nan nan nan nan nan nan nan 0.002634081807389832 0.090082405045823447 0.085362280701157173 0 0.1418717425684658 nan nan nan nan nan nan nan nan nan nan 0 0 0 0 running
5840 12.138212268578727 0.0021229280814875282 0.25 564.03470100000004 0.011460220311454421 0.00037355955349465845 0.011784765814900778 0.011047194818304063 0 0.019890260997024078 nan nan nan nan nan nan nan nan nan nan 0.0026485979037914054 0.089681325538490175 0.084671339653571237 0 0.14171649132817873 nan nan nan nan nan nan nan nan nan nan 0 0 0 0 running
5860 12.180671439277285 0.00212298630787812 0.25 565.86498600000004 0.011482617284625888 0.00037467167728648832 0.011765042465877317 0.011117898723365317 0 0.019927072625282434 nan nan nan nan nan nan nan nan nan nan 0.002661372647864757 0.089162321480103682 0.083814066349861827 0 0.14140144330072255 nan nan nan nan nan nan nan nan nan nan 0 0 0 0 running
5880 12.221230297006374 0.0021230431956060837 0.25 567.70245199999999 0.011504573246285284 0.00037575419786914886 0.011746711333506922 0.01118628900679087 0 0.019962879245797916 nan nan nan nan nan nan nan nan nan nan 0.0026713290036377568 0.088572856627216201 0.082865897162451352 0 0.14096070264645041 nan nan nan nan nan nan nan nan nan nan 0 0 0 0 running
5900 12.263691797454745 0.0021231040186957127 0.25 569.52532199999996 0.011528261497646644 0.00037691078902390372 0.011728125982457073 0.011258800328171217 0 0.02000131196091183 nan nan nan nan nan nan nan nan nan nan 0.0026794035765327351 0.08785725747432821 0.082417361974613343 0 0.140355056956431 nan nan nan nan nan nan nan nan nan nan 0 0 0 0 running
5920 12.304246243488825 0.0021231208324297801 0.25 571.39205600000003 0.011551651868499452 0.00037803970263452624 0.011711023670425444 0.011328949802522555 0 0.02003914198265299 nan nan nan nan nan nan nan nan nan nan 0.002684798495462104 0.087077001078981101 0.083826018642622874 0 0.13963598512656697 nan nan nan nan nan nan nan nan nan nan 0 0 0 0 running
5940 12.346708271070881 0.0021230835330537249 0.25 573.24731499999996 0.011576976847609714 0.00037924657488438095 0.011693867149723067 0.011403363194490923 0 0.020079963038438408 nan nan nan nan nan nan nan nan nan nan 0.0026879057867040812 0.086156108533486722 0.085411485794174485 0 0.13873047520785556 nan nan nan nan nan nan nan nan nan nan 0 0 0 0 running
5960 12.389169536652917 0.0021230447210647107 0.25 575.07688900000005 0.01160313487409995 0.00038047669440196191 0.011677545665843485 0.011478796330664412 0 0.02012190582522079 nan nan nan nan nan nan nan nan nan nan 0.0026883200211402225 0.085128112365621025 0.086897290679963352 0 0.13766503122281876 nan nan nan nan nan nan nan nan nan nan 0 0 0 0 running
5980 12.429722273028036 0.0021230063227442994 0.25 576.895039 0.011628877774511548 0.00038167219854563832 0.011662801411359152 0.011551827036514212 0 0.020162903391207299 nan nan nan nan nan nan nan nan nan nan 0.0026861584297750984 0.084046725350324369 0.088220640059159361 0 0.13649744225944427 nan nan nan nan nan nan nan nan nan nan 0 0 0 0 running
6000 12.472181965819525 0.0021229648175450119 0.25 578.72753699999998 0.011656632687505586 0.0003829454460728805 0.011648541540465069 0.011629413286086188 0 0.020206608014308392 nan nan nan nan nan nan nan nan nan nan 0.0026811968452132851 0.082810993305605193 0.089529240263367879 0 0.13511868328310073 nan nan nan nan nan nan nan nan nan nan 0 0 0 0 running
6020 12.512737576424232 0.0021229240048509087 0.25 580.56276700000001 0.01168387907639909 0.00038418305835934542 0.011635922652972235 0.011704578300934406 0 0.020249091474646333 nan nan nan nan nan nan nan nan nan nan 0.00267385647891899 0.081651737467014332 0.09066492049257821 0 0.13365298594763919 nan nan nan nan nan nan nan nan nan nan 0 0 0 0 running
6040 12.555195597708748 0.002122880128927568 0.25 582.39192100000002 0.011713257514519858 0.00038549830438331327 0.011623767660945248 0.011784387413296855 0 0.020294571631899291 nan nan nan nan nan nan nan nan nan nan 0.0026634183553804758 0.081733061968431539 0.091736841708592365 0 0.13196299314379242 nan nan nan nan nan nan nan nan nan nan 0 0 0 0 running
6060 12.597652729893694 0.002122835164343864 0.25 584.22050200000001 0.011743781740316546 0.00038684024005804354 0.011612784132120227 0.011865359399079295 0 0.020341801628201241 nan nan nan nan nan nan nan nan nan nan 0.0026501492113346625 0.081718459201123569 0.092699187132727054 0 0.13231583621817739 nan nan nan nan nan nan nan nan nan nan 0 0 0 0 running
6080 12.638210595793598 0.0021227912764477525 0.25 586.04218700000001 0.011773708725003945 0.0003881449156079279 0.01160345438471945 0.011943845417801585 0 0.02038761467676032 nan nan nan nan nan nan nan nan nan nan 0.0026595387268291137 0.081611616579819052 0.093514371878075417 0 0.13300196676610998 nan nan nan nan nan nan nan nan nan nan 0 0 0 0 running
6100 12.68066593100446 0.0021227444416983738 0.25 587.889589 0.01180551505144381 0.00038952075805016932 0.011594945520009671 0.012027234773865629 0 0.020435314135356594 nan nan nan nan nan nan nan nan nan nan 0.0027179003666463197 0.081399923145028821 0.094248429213847934 0 0.13359291769216905 nan nan nan nan nan nan nan nan nan nan 0 0 0 0 running
6120 12.721227096988777 0.0021226989234375917 0.25 589.82586900000001 0.011836306225700664 0.00039083113062747971 0.011588101520514819 0.012108081813405152 0 0.020480435403581229 nan nan nan nan nan nan nan nan nan nan 0.002770266561064938 0.081102383793264024 0.094830569016838923 0 0.13402816327054079 nan nan nan nan nan nan nan nan nan nan 0 0 0 0 running
6140 12.763680568796254 0.0021226505604968193 0.25 591.64957300000003 0.01186903367670495 0.00039219957144184797 0.01158235286737681 0.012193920935055329 0 0.02052738112558759 nan nan nan nan nan nan nan nan nan nan 0.0028225744801075869 0.080692775901006042 0.095315321977372788 0 0.13434898648824933 nan nan nan nan nan nan nan nan nan nan 0 0 0 0 running
6160 12.804245209951059 0.0021226037439671178 0.25 593.481089 0.011900859417265593 0.00039350619567643064 0.011578280653885926 0.012277107736466038 0 0.020572152778662148 nan nan nan nan nan nan nan nan nan nan 0.0028702241704771092 0.08020770208859429 0.095659632333452066 0 0.13453136699316054 nan nan nan nan nan nan nan nan nan nan 0 0 0 0 running
6180 12.846696765483181 0.0021225541995934043 0.25 595.31842800000004 0.011934755293258659 0.00039487122679873158 0.011575572687246885 0.012365396726733506 0 0.020618900965299447 nan nan nan nan nan nan nan nan nan nan 0.0029171276669853752 0.07959973349473809 0.095893263085044284 0 0.13459741501575972 nan nan nan nan nan nan nan nan nan nan 0 0 0 0 running
6200 12.889147324930256 0.0021225041733584555 0.25 597.14437699999996 0.011969222128559767 0.0003962306537860101 0.011574535223438539 0.012454927898780716 0 0.020665413097264197 nan nan nan nan nan nan nan nan nan nan 0.0029605137179249397 0.078886004465906628 0.097483546769642146 0 0.13453837947602557 nan nan nan nan nan nan nan nan nan nan 0 0 0 0 running
6220 12.929714613736319 0.0021224559984462498 0.25 598.98885900000005 0.012002571909448858 0.00039751267350608173 0.011575218597519088 0.012541576988936792 0 0.020709268623784752 nan nan nan nan nan nan nan nan nan nan 0.0029984548835658709 0.078100527063345485 0.099194603379658089 0 0.13436439342274001 nan nan nan nan nan nan nan nan nan nan 0 0 0 0 running
6240 12.972163201807373 0.0021224053034539165 0.25 600.82680100000005 0.012037937358982774 0.00039883413217426761 0.0115775969437163 0.012633505745014333 0 0.020754623394042101 nan nan nan nan nan nan nan nan nan nan 0.0030341744553890049 0.077172600183444809 0.10087605290855406 0 0.134056298681418 nan nan nan nan nan nan nan nan nan nan 0 0 0 0 running
6260 13.012734178221598 0.0021223566699977302 0.25 602.70262700000001 0.012072421369093804 0.00040009245863787405 0.011581492817467277 0.012722567801482539 0 0.020798125089655034 nan nan nan nan nan nan nan nan nan nan 0.0030640215345425492 0.076199591064994604 0.10238117831953622 0 0.13363137133968542 nan nan nan nan nan nan nan nan nan nan 0 0 0 0 running
6280 13.055180776409101 0.0021223056881263741 0.25 604.59548700000005 0.012109210422557366 0.00040140226977368015 0.011587325876665847 0.012816954425934573 0 0.02084378372028808 nan nan nan nan nan nan nan nan nan nan 0.0030906908862849969 0.075093550494641129 0.10385915913888435 0 0.13304764591561793 nan nan nan nan nan nan nan nan nan nan 0 0 0 0 running
6300 13.097626354662619 0.0021222546921846907 0.25 606.46107800000004 0.012146895859501145 0.00040271545149690518 0.011594991844136617 0.012912591248498419 0 0.020890054254514595 nan nan nan nan nan nan nan nan nan nan 0.0031132985792474699 0.073882349599009994 0.10523799142285432 0 0.13232276161584661 nan nan nan nan nan nan nan nan nan nan 0 0 0 0 running
6320 13.138200097650937 0.0021222060156110092 0.25 608.32011299999999 0.012184531024541246 0.00040400841956024795 0.011604151786707068 0.013005130829434873 0 0.020937072194012966 nan nan nan nan nan nan nan nan nan nan 0.0031311745314088757 0.072620530219517934 0.10643439525232073 0 0.13246528969045179 nan nan nan nan nan nan nan nan nan nan 0 0 0 0 running
6340 13.18064368467801 0.0021221552606472223 0.25 610.18109500000003 0.012225576752289354 0.00040540303926501185 0.011615641669471183 0.013103098163409483 0 0.020989163159422151 nan nan nan nan nan nan nan nan nan nan 0.0031449229555595704 0.071200056369695647 0.10754558174339332 0 0.13525188271393476 nan nan nan nan nan nan nan nan nan nan 0 0 0 0 running
6360 13.221221183191627 0.0021221069786037015 0.25 612.03331900000001 0.012265284424954193 0.00040673010532645936 0.011628435468146008 0.013197926430136946 0 0.021038412660046319 nan nan nan nan nan nan nan nan nan nan 0.0031527819495633658 0.070692601236176142 0.1084765186790362 0 0.13779724987673272 nan nan nan nan nan nan nan nan nan nan 0 0 0 0 running
6380 13.263662795425278 0.0021220568182047732 0.25 613.86394399999995 0.012306778868301366 0.00040809118320941635 0.01164373608307346 0.0132983870708688 0 0.021087764307617218 nan nan nan nan nan nan nan nan nan nan 0.0031561137368069092 0.070578581574390814 0.10931757959584307 0 0.1399725823644008 nan nan nan nan nan nan nan nan nan nan 0 0 0 0 running
6400 13.304244021008222 0.0021220092664992578 0.25 615.70677000000001 0.012346546110990307 0.00040937036272994048 0.011660247127474299 0.013395621255487817 0 0.021133253142048863 nan nan nan nan nan nan nan nan nan nan 0.0031555227675316155 0.070423975977383951 0.10999377244557958 0 0.14170688070980492 nan nan nan nan nan nan nan nan nan nan 0 0 0 0 running
6420 13.346683688663585 0.0021219600552790348 0.25 617.53416200000004 0.012388553102845966 0.00041069459582957244 0.011679531122401761 0.013498448222906441 0 0.021180014593797879 nan nan nan nan nan nan nan nan nan nan 0.0031511166992933548 0.070212980561947899 0.11056022940630852 0 0.14346056218621764 nan nan nan nan nan nan nan nan nan nan 0 0 0 0 running
6440 13.389122378476307 0.0021219114667703752 0.25 619.36256600000002 0.012431196594028904 0.00041201689403501656 0.011700873791259399 0.013602377580146031 0 0.021226595642357921 nan nan nan nan nan nan nan nan nan nan 0.0031422987187879059 0.070073384014503068 0.11097776382375721 0 0.14522881401283061 nan nan nan nan nan nan nan nan nan nan 0 0 0 0 running
6460 13.429706336374906 0.0021218656669336629 0.25 621.19819099999995 0.012472464960208115 0.00041329518440656483 0.011723045952442706 0.013702783247316469 0 0.021270755108425798 nan nan nan nan nan nan nan nan nan nan 0.0031511114766868964 0.070641654498049558 0.11123584358472592 0 0.14679862817046502 nan nan nan nan nan nan nan nan nan nan 0 0 0 0 running
6480 13.472143153597651 0.0021218185487913619 0.25 623.03083000000004 0.01251600687297591 0.00041462527125082097 0.011748210844528069 0.013808834650459369 0 0.021316093771024908 nan nan nan nan nan nan nan nan nan nan 0.0031930272860127284 0.07117388574011925 0.11135623282148768 0 0.14817589951912713 nan nan nan nan nan nan nan nan nan nan 0 0 0 0 running
6500 13.512730680180487 0.0021217742893052129 0.25 624.86388499999998 0.012557917642087871 0.00041588700623473239 0.011774153418148296 0.013911269505158308 0 0.021358356855481962 nan nan nan nan nan nan nan nan nan nan 0.0032303056922209361 0.07162279162510235 0.11132641157465692 0 0.14921931216650078 nan nan nan nan nan nan nan nan nan nan 0 0 0 0 running
6520 13.555165688011373 0.002121728921463944 0.25 626.72023300000001 0.012602059041872803 0.00041719429998379748 0.011803227750630278 0.014019389643504753 0 0.021401540553909765 nan nan nan nan nan nan nan nan nan nan 0.0032661253181855421 0.072030525418111016 0.11298218043094999 0 0.15010398081294157 nan nan nan nan nan nan nan nan nan nan 0 0 0 0 running
6540 13.597599798795391 0.0021216845472404066 0.25 628.54406700000004 0.012646684177623114 0.00041849289322382945 0.011834290617947619 0.014128508618843429 0 0.021444178159077565 nan nan nan nan nan nan nan nan nan nan 0.0032983708363422126 0.072372329506785377 0.11487306928678578 0 0.15086816498484248 nan nan nan nan nan nan nan nan nan nan 0 0 0 0 running
6560 13.638189905744342 0.0021216431078311007 0.25 630.40325900000005 0.012689932917674018 0.00041973142896956799 0.011865848610823222 0.01423377691812072 0 0.021484809615006289 nan nan nan nan nan nan nan nan nan nan 0.0033256180355094589 0.073268764574453749 0.11656088552598078 0 0.15147309467140538 nan nan nan nan nan nan nan nan nan nan 0 0 0 0 running
6580 13.680622323012129 0.0021216009291199736 0.25 632.24097400000005 0.012735862718997643 0.00042102883916945202 0.011901011958523744 0.014344811177962489 0 0.021527332332038615 nan nan nan nan nan nan nan nan nan nan 0.0033501907870014946 0.074156250703382942 0.11819989518305507 0 0.15181409706017981 nan nan nan nan nan nan nan nan nan nan 0 0 0 0 running
6600 13.721215708685685 0.0021215617460051566 0.25 634.20555899999999 0.012781796111709078 0.00042233386098701481 0.011936879077546652 0.014451850886238782 0 0.021571928916216985 nan nan nan nan nan nan nan nan nan nan 0.0033701634355788324 0.074961680840972614 0.11966192226864467 0 0.15215297294561922 nan nan nan nan nan nan nan nan nan nan 0 0 0 0 running
6620 13.763646524869136 0.0021215220810371031 0.25 636.04159400000003 0.012832468995609671 0.00042378453522427719 0.011976204401424106 0.014564558332837081 0 0.02162465902595502 nan nan nan nan nan nan nan nan nan nan 0.0033894035307580062 0.076592189138749794 0.12106984246002894 0 0.15252416210932829 nan nan nan nan nan nan nan nan nan nan 0 0 0 0 running
6640 13.80424297274555 0.0021214854314059979 0.25 637.87854800000002 0.012881822768927119 0.00042518682327686663 0.012015472078802379 0.014673229442570764 0 0.021676041471282353 nan nan nan nan nan nan nan nan nan nan 0.0034059412306076675 0.078128710084426289 0.12227808301641276 0 0.15248628029892433 nan nan nan nan nan nan nan nan nan nan 0 0 0 0 running
6660 13.846672291673249 0.0021214485532901391 0.25 639.71734100000003 0.012932852862906206 0.00042661226300823622 0.012058176376002665 0.014787731853474883 0 0.021726361567457466 nan nan nan nan nan nan nan nan nan nan 0.0034181502670006525 0.079661487253595509 0.12338094366389227 0 0.15256121122256461 nan nan nan nan nan nan nan nan nan nan 0 0 0 0 running
6680 13.889100888944743 0.0021214132006779347 0.25 641.57773499999996 0.012983101620635904 0.0004279892905749012 0.012102579999420431 0.014903151636605034 0 0.021772576610955618 nan nan nan nan nan nan nan nan nan nan 0.0034230614931844983 0.081687123697428837 0.12432003566616247 0 0.15478970184815721 nan nan nan nan nan nan nan nan nan nan 0 0 0 0 running
6700 13.929699483962072 0.0021213808614980417 0.25 643.48858399999995 0.013031209956566352 0.00042928924478238031 0.012146673339710298 0.015014336139895532 0 0.021815267875079654 nan nan nan nan nan nan nan nan nan nan 0.0034218386190598693 0.083775970401053973 0.1250679532466919 0 0.15679134544351692 nan nan nan nan nan nan nan nan nan nan 0 0 0 0 running
6720 13.972126760518542 0.002121348683309288 0.25 645.32394399999998 0.013082388069209035 0.00043066259168984323 0.012194421277339496 0.015131165335228765 0 0.021860989067463865 nan nan nan nan nan nan nan nan nan nan 0.0034166752903709297 0.085893431612850457 0.12569007652043809 0 0.15869991249350787 nan nan nan nan nan nan nan nan nan nan 0 0 0 0 running
6740 14.01272793935008 0.0021213194976091075 0.25 647.16260199999999 0.013132510633463063 0.00043200601169703497 0.012241669714297189 0.015243506165341524 0 0.021906724786905359 nan nan nan nan nan nan nan nan nan nan 0.0034091900574236833 0.087858675383517396 0.12612740108411513 0 0.16034630236144204 nan nan nan nan nan nan nan nan nan nan 0 0 0 0 running
6760 14.055154024334337 0.0021212907387466364 0.25 649.00073399999997 0.013185887855178468 0.00043344003827238824 0.012292589958625961 0.01536144499182689 0 0.021956059807080649 nan nan nan nan nan nan nan nan nan nan 0.0033982879516520903 0.089844881129814966 0.12641388669075879 0 0.16186059820617152 nan nan nan nan nan nan nan nan nan nan 0 0 0 0 running
6780 14.097579553248762 0.0021212638061303313 0.25 650.82557799999995 0.01324004285889779 0.00043490170101035612 0.012344989441084451 0.015479940697830897 0 0.022006299251097677 nan nan nan nan nan nan nan nan nan nan 0.003383100218603996 0.091756416940513133 0.12652287178290941 0 0.16313681204899322 nan nan nan nan nan nan nan nan nan nan 0 0 0 0 running
6800 14.138182505329022 0.0021212397722742277 0.25 652.67630399999996 0.01329262436842848 0.00043633018192087248 0.012396428464803743 0.015593859633509965 0 0.022055362885711718 nan nan nan nan nan nan nan nan nan nan 0.0033638675164920917 0.093511805501795775 0.12645921698413951 0 0.16412747371445779 nan nan nan nan nan nan nan nan nan nan 0 0 0 0 running
6820 14.180607053409206 0.0021212165187804413 0.25 654.52644999999995 0.01334855687657046 0.00043786343652721431 0.012451424287357321 0.015713401613813432 0 0.02210835072965301 nan nan nan nan nan nan nan nan nan nan 0.0033388492190107311 0.095265867022011799 0.12621534299299028 0 0.16494123509531863 nan nan nan nan nan nan nan nan nan nan 0 0 0 0 running
6840 14.221212007551046 0.0021211960988067602 0.25 656.37318800000003 0.013402968311246063 0.00043938711051230505 0.012504923736498297 0.015828275601344165 0 0.022160715479440211 nan nan nan nan nan nan nan nan nan nan 0.0033105155021638799 0.096865251634722371 0.12580973465769407 0 0.16553208863434452 nan nan nan nan nan nan nan nan nan nan 0 0 0 0 running
6860 14.26363572291066 0.0021211767463226215 0.25 658.205691 0.013460758911596491 0.00044102028977952278 0.012561904820173107 0.015948735514109875 0 0.022217156349868598 nan nan nan nan nan nan nan nan nan nan 0.003276622702087284 0.098449514174513045 0.12756401060967731 0 0.16595351722043275 nan nan nan nan nan nan nan nan nan nan 0 0 0 0 running
6880 14.304242321154721 0.0021211601681994426 0.25 660.05246099999999 0.013517024029270627 0.00044262666242898997 0.012617713239765059 0.016064423822339555 0 0.022272884288578602 nan nan nan nan nan nan nan nan nan nan 0.0032401219598765518 0.099879615081999037 0.12939049284418225 0 0.16614899465130037 nan nan nan nan nan nan nan nan nan nan 0 0 0 0 running
6900 14.346665360833553 0.0021211449162204595 0.25 661.87057500000003 0.013578845365998893 0.00044442991902943587 0.012677724808493466 0.01618563482921799 0 0.022338939282583101 nan nan nan nan nan nan nan nan nan nan 0.0032390597395875464 0.10128010666946295 0.13115187690981825 0 0.1661217998363394 nan nan nan nan nan nan nan nan nan nan 0 0 0 0 running
6920 14.389088117954513 0.0021211318109583574 0.25 663.70413099999996 0.013643140123185927 0.00044633813203357337 0.012738622334084312 0.016307198769916091 0 0.022411602211451477 nan nan nan nan nan nan nan nan nan nan 0.0032539322946817939 0.10258371026925482 0.13276026186070725 0 0.16587032886604103 nan nan nan nan nan nan nan nan nan nan 0 0 0 0 running
6940 14.429695745711813 0.0021211213094740949 0.25 665.56315900000004 0.013705176783012689 0.00044819276641191037 0.012797619739454548 0.016423942900580787 0 0.022481848347390643 nan nan nan nan nan nan nan nan nan nan 0.0032647588759883717 0.10373848311712326 0.13415184912558514 0 0.16546045029720002 nan nan nan nan nan nan nan nan nan nan 0 0 0 0 running
6960 14.472118075776464 0.0021211125087859401 0.25 667.41685900000004 0.013769030686890045 0.0004501021350007729 0.012859913423686916 0.016546340184095589 0 0.022551489786666577 nan nan nan nan nan nan nan nan nan nan 0.0032723591391409235 0.10483976112070496 0.13544457290240117 0 0.16483100831982836 nan nan nan nan nan nan nan nan nan nan 0 0 0 0 running
6980 14.512726641452346 0.0021211061938574997 0.25 669.30084999999997 0.013828985771868215 0.00045189116130464537 0.012920153380151367 0.016663889818517377 0 0.022613810924315223 nan nan nan nan nan nan nan nan nan nan 0.0032761678031935082 0.10578655795989073 0.13652170044047307 0 0.16395421042188899 nan nan nan nan nan nan nan nan nan nan 0 0 0 0 running
7000 14.55514871566829 0.002121101826844672 0.25 671.16852700000004 0.013891181318892788 0.00045374678452855132 0.01298372233430109 0.016786989320978555 0 0.022676830684873774 nan nan nan nan nan nan nan nan nan nan 0.0032768154598743493 0.10666150935507791 0.13747346132152521 0 0.16273225354282192 nan nan nan nan nan nan nan nan nan nan 0 0 0 0 running
7020 14.597570726670627 0.0021210997609912223 0.25 673.00215300000002 0.013954079220141654 0.00045563232441110532 0.013047921614403825 0.016910262499929378 0 0.022741345547762849 nan nan nan nan nan nan nan nan nan nan 0.0032743877130852472 0.1074202360774817 0.13824229748259348 0 0.16128694591252535 nan nan nan nan nan nan nan nan nan nan 0 0 0 0 running
7040 14.638179794329274 0.0021210999569267874 0.25 674.84649899999999 0.014015636858818556 0.00045749626404861202 0.013109914756579967 0.017028342844672969 0 0.022806726091204533 nan nan nan nan nan nan nan nan nan nan 0.0032693366414289216 0.10803675911981049 0.13880192353616175 0 0.15977380547275369 nan nan nan nan nan nan nan nan nan nan 0 0 0 0 running
7060 14.680601815708311 0.0021211024454069983 0.25 676.67841999999996 0.014081379902475459 0.00045951619944966033 0.013175162543450842 0.017151752593676357 0 0.022878977677566987 nan nan nan nan nan nan nan nan nan nan 0.0032611335545425502 0.10879075548055778 0.13919753730725326 0 0.16054303998784147 nan nan nan nan nan nan nan nan nan nan 0 0 0 0 running
7080 14.721211057788075 0.0021211070248779297 0.25 678.52007600000002 0.014145326353544639 0.00046151394488121102 0.013238046981403398 0.017269982392163867 0 0.022950819449697412 nan nan nan nan nan nan nan nan nan nan 0.0032801932831183489 0.11041811904103103 0.1393913166827857 0 0.1623507660042145 nan nan nan nan nan nan nan nan nan nan 0 0 0 0 running
7100 14.763633268849432 0.0021211141202809275 0.25 680.58545200000003 0.014213351635153164 0.00046367563922253556 0.013304343969107584 0.017393722488243162 0 0.023028996460501747 nan nan nan nan nan nan nan nan nan nan 0.003335088654861651 0.1122345093653304 0.13940894187561603 0 0.1651129519051649 nan nan nan nan nan nan nan nan nan nan 0 0 0 0 running
7120 14.8042422457385 0.002121123131423451 0.25 682.43359099999998 0.014279851752636829 0.00046583412204995856 0.013368036982632763 0.017512278360374577 0 0.023107780568823105 nan nan nan nan nan nan nan nan nan nan 0.0033844502822921729 0.11372859562765428 0.1392629218445362 0 0.16761889671689831 nan nan nan nan nan nan nan nan nan nan 0 0 0 0 running
7140 14.846664827578564 0.0021211348589024932 0.25 684.27243699999997 0.014350405008751304 0.00046816260315735554 0.013434716104328615 0.017636255983925913 0 0.023193152468315045 nan nan nan nan nan nan nan nan nan nan 0.0034146317236921631 0.11509594783084934 0.13892431313691506 0 0.16897384512608682 nan nan nan nan nan nan nan nan nan nan 0 0 0 0 running
7160 14.889087668758814 0.0021211489470730582 0.25 686.11436300000003 0.014421272223854264 0.00047053249994431887 0.013501478672636647 0.017760384580897046 0 0.023279236996302539 nan nan nan nan nan nan nan nan nan nan 0.0034278544866734872 0.1163373408750125 0.13836890575803837 0 0.16936070367744707 nan nan nan nan nan nan nan nan nan nan 0 0 0 0 running
7180 14.929696227680051 0.0021211646442358101 0.25 687.97969599999999 0.0144889019621442 0.00047281719032678997 0.013565439582437628 0.017879347153197833 0 0.023360771360516598 nan nan nan nan nan nan nan nan nan nan 0.0034354349250511618 0.11742470738670172 0.13762096534366694 0 0.16950341828320781 nan nan nan nan nan nan nan nan nan nan 0 0 0 0 running
7200 14.972119713100749 0.0021211833551312313 0.25 689.81161199999997 0.01456126111288023 0.00047529942326100707 0.013633871669991478 0.018003716705634627 0 0.023450148070216829 nan nan nan nan nan nan nan nan nan nan 0.0034432706280425052 0.11843544589259415 0.13819618664805308 0 0.16973286507647004 nan nan nan nan nan nan nan nan nan nan 0 0 0 0 running
7220 15.012727204399125 0.0021212034742218427 0.25 691.65785500000004 0.014633767324879707 0.00047780955063408595 0.013699563578445094 0.018122781627608643 0 0.023545576494642451 nan nan nan nan nan nan nan nan nan nan 0.0034494646404356066 0.11926423825440785 0.14007651011731129 0 0.16994365734160313 nan nan nan nan nan nan nan nan nan nan 0 0 0 0 running
7240 15.055151514765569 0.0021212267844384941 0.25 693.48488599999996 0.014711843380804683 0.00048054069108377517 0.013768224373105155 0.01824720819231155 0 0.023652402621068269 nan nan nan nan nan nan nan nan nan nan 0.0034520289935431325 0.11998207007599217 0.14187578928949379 0 0.16999104132100309 nan nan nan nan nan nan nan nan nan nan 0 0 0 0 running
7260 15.097576315760875 0.0021212524188617041 0.25 695.36854800000003 0.01479025173419329 0.00048332865151334435 0.013836478536378812 0.018371737244974155 0 0.023760371578168179 nan nan nan nan nan nan nan nan nan nan 0.0034495889069936503 0.12055092126640343 0.1435016522880995 0 0.1697980573854232 nan nan nan nan nan nan nan nan nan nan 0 0 0 0 running
7280 15.138182807454854 0.0021212791203021929 0.25 697.21189000000004 0.014864022683084408 0.0004859812633019251 0.013901588742828489 0.018491136909382099 0 0.023859659680131859 nan nan nan nan nan nan nan nan nan nan 0.003442103179474576 0.12095258331343031 0.14488828335953471 0 0.16935840846474293 nan nan nan nan nan nan nan nan nan nan 0 0 0 0 running
7300 15.180608702540882 0.0021213092595108612 0.25 699.03562799999997 0.014939009625075031 0.00048869451660978297 0.013969509857533872 0.018616172811582187 0 0.023956671821215691 nan nan nan nan nan nan nan nan nan nan 0.0034278851064312166 0.12121671467328279 0.14615269638542933 0 0.16856504276721429 nan nan nan nan nan nan nan nan nan nan 0 0 0 0 running
7320 15.221213327763675 0.0021213402139536809 0.25 700.90022699999997 0.015009317695938858 0.00049124163296365502 0.014034364279669823 0.018736076695798964 0 0.024044808576090322 nan nan nan nan nan nan nan nan nan nan 0.0034079404786380163 0.12131857473124681 0.14718031417436861 0 0.16746847069146772 nan nan nan nan nan nan nan nan nan nan 0 0 0 0 running
7340 15.263640490676668 0.0021213747155289096 0.25 702.73117500000001 0.015082630301847704 0.00049389016715375403 0.014102005566528101 0.018861503802149755 0 0.024136318483500386 nan nan nan nan nan nan nan nan nan nan 0.0033821847969087715 0.12126812344873643 0.14805441573878458 0 0.1660740760793325 nan nan nan nan nan nan nan nan nan nan 0 0 0 0 running
7360 15.304242817655396 0.0021214097679603406 0.25 704.56292199999996 0.015153710041807851 0.00049644979054823749 0.014166636231619059 0.018981607485076935 0 0.024226703715628645 nan nan nan nan nan nan nan nan nan nan 0.0033548953250891467 0.1210686459076226 0.14869469449117667 0 0.16462778639847203 nan nan nan nan nan nan nan nan nan nan 0 0 0 0 running
7380 15.346671416262268 0.0021214485152681183 0.25 706.39114700000005 0.015229309036457877 0.0004991711889772674 0.014234105782752573 0.019107187604841359 0 0.024325207320033047 nan nan nan nan nan nan nan nan nan nan 0.0033241419729886923 0.12069906982197892 0.14915346450697847 0 0.16550362350757855 nan nan nan nan nan nan nan nan nan nan 0 0 0 0 running
7400 15.389100812489771 0.0021214894183692527 0.25 708.20484799999997 0.015305985003820612 0.00050194217185585562 0.014301452927429251 0.019232908172245548 0 0.024426985613139322 nan nan nan nan nan nan nan nan nan nan 0.0033507777437815633 0.12071086105297801 0.1493921576971349 0 0.16716110150017047 nan nan nan nan nan nan nan nan nan nan 0 0 0 0 running
7420 15.429701229602756 0.0021215305379348529 0.25 710.04025300000001 0.01537992926435517 0.00050463046236336184 0.014365736299991277 0.019353414977902567 0 0.024526055904517285 nan nan nan nan nan nan nan nan nan nan 0.0034027098397516609 0.12179016247844633 0.14940982563855668 0 0.16852650082735468 nan nan nan nan nan nan nan nan nan nan 0 0 0 0 running
7440 15.472132309282342 0.0021215755160765627 0.25 711.85987299999999 0.015457717731414907 0.00050747927901069077 0.014432739525708747 0.019479642938373874 0 0.024631020946732481 nan nan nan nan nan nan nan nan nan nan 0.003450433370178807 0.12277175061766674 0.14920317613188325 0 0.16970897149934783 nan nan nan nan nan nan nan nan nan nan 0 0 0 0 running
7460 15.512729686689578 0.0021216204076808395 0.25 713.68403599999999 0.015532730863851353 0.00051024246039402016 0.01449668155780112 0.01960074473896448 0 0.024733081542045628 nan nan nan nan nan nan nan nan nan nan 0.0034902244731706 0.12357069461703962 0.14878592311092273 0 0.17059487044925536 nan nan nan nan nan nan nan nan nan nan 0 0 0 0 running
7480 15.555162604198426 0.0021216692203763921 0.25 715.51008300000001 0.015611837113288691 0.00051316317049649785 0.014563312632398035 0.019727707018424641 0 0.024841728095806294 nan nan nan nan nan nan nan nan nan nan 0.0035270026687003186 0.12425516411912196 0.14811709735286219 0 0.17125607424100103 nan nan nan nan nan nan nan nan nan nan 0 0 0 0 running
7500 15.597596517858488 0.0021217199202262478 0.25 717.336094 0.01569180560229555 0.00051611182656431979 0.014629802102338848 0.019855104480993587 0 0.024952778610384869 nan nan nan nan nan nan nan nan nan nan 0.0035592805728721366 0.12477906351734995 0.14720803768818574 0 0.17164100798336879 nan nan nan nan nan nan nan nan nan nan 0 0 0 0 running
7520 15.638191458360479 0.0021217701428546715 0.25 719.17817700000001 0.015770253804011824 0.00051902982913052656 0.014694863433832452 0.019977424496763801 0 0.02506389100655234 nan nan nan nan nan nan nan nan nan nan 0.0035857665573977293 0.12512513627103675 0.14610962458803536 0 0.17190262797740599 nan nan nan nan nan nan nan nan nan nan 0 0 0 0 running
7540 15.680627427938353 0.0021218243964070348 0.25 720.999595 0.015855515318230717 0.00052219080030057761 0.01476319194981124 0.020105787173934381 0 0.02518967312949515 nan nan nan nan nan nan nan nan nan nan 0.0036088586444713577 0.12532143287821298 0.14471012300736988 0 0.17225330253247034 nan nan nan nan nan nan nan nan nan nan 0 0 0 0 running
7560 15.721218652064646 0.0021218779197607661 0.25 722.84656299999995 0.015939247819264146 0.00052528519679655703 0.014828399017665484 0.020229125803323342 0 0.025316461689735111 nan nan nan nan nan nan nan nan nan nan 0.0037018315292930426 0.12534961174555354 0.14589592073345797 0 0.17234889705623843 nan nan nan nan nan nan nan nan nan nan 0 0 0 0 running
7580 15.763656812494272 0.0021219355156200177 0.25 724.66472599999997 0.016027703526389474 0.00052855527837999418 0.014896377992549404 0.020358797572507008 0 0.025451410866033676 nan nan nan nan nan nan nan nan nan nan 0.0038049386839095201 0.12520988703446126 0.14775723066172586 0 0.17193990333414483 nan nan nan nan nan nan nan nan nan nan 0 0 0 0 running
7600 15.804243981195858 0.0021219920945215244 0.25 726.53245900000002 0.016112632522849842 0.00053168236987436931 0.014961440641623006 0.020483762488084246 0 0.025580709845477334 nan nan nan nan nan nan nan nan nan nan 0.0038973534413044852 0.12518071305049572 0.14935658256321596 0 0.17097115508069283 nan nan nan nan nan nan nan nan nan nan 0 0 0 0 running
7620 15.846684457458053 0.0021220527465512472 0.25 728.397514 0.016201257828197146 0.00053492210991680337 0.015029288773385103 0.020615456292873896 0 0.025714608206576381 nan nan nan nan nan nan nan nan nan nan 0.0039876641847044203 0.12484883925633858 0.15083440106120544 0 0.17197512316189184 nan nan nan nan nan nan nan nan nan nan 0 0 0 0 running
7640 15.889126162152404 0.0021221148541223441 0.25 730.25127699999996 0.016288330401439437 0.00053807300214658111 0.015096971801301989 0.020748286543289023 0 0.025842775813076011 nan nan nan nan nan nan nan nan nan nan 0.0040721315972365169 0.12422575808433406 0.15211110239554421 0 0.17259275129511231 nan nan nan nan nan nan nan nan nan nan 0 0 0 0 running
7660 15.929710167243647 0.0021221755407928268 0.25 732.08665699999995 0.016369414282096369 0.00054096681641464415 0.015161638597160042 0.020876377427884184 0 0.025957610736269159 nan nan nan nan nan nan nan nan nan nan 0.0041457848249042417 0.12342278345990905 0.15313800353562038 0 0.1720628231930019 nan nan nan nan nan nan nan nan nan nan 0 0 0 0 running
7680 15.972154355815318 0.0021222402902324388 0.25 733.94007399999998 0.016452280241884231 0.00054386909858193796 0.015229367140529113 0.021011433086872817 0 0.026070632679816526 nan nan nan nan nan nan nan nan nan nan 0.004212378150206475 0.12240964060574636 0.15399790915499409 0 0.17086210863415585 nan nan nan nan nan nan nan nan nan nan 0 0 0 0 running
7700 16.012733770261672 0.0021223033451912613 0.25 735.82274399999994 0.016530848961546833 0.0005465599616840249 0.015294370119249116 0.021141560673008739 0 0.026175613920604877 nan nan nan nan nan nan nan nan nan nan 0.0042645423256976178 0.12127935193743018 0.15460376715753232 0 0.16960648624866714 nan nan nan nan nan nan nan nan nan nan 0 0 0 0 running
7720 16.055180539687779 0.0021223704285183941 0.25 737.66137800000001 0.016613969268435891 0.00054934628616350721 0.015362812040452563 0.021278697101312961 0 0.026287243081023929 nan nan nan nan nan nan nan nan nan nan 0.0043077214829876365 0.12056259429510208 0.15500233614641779 0 0.16957255706879429 nan nan nan nan nan nan nan nan nan nan 0 0 0 0 running
7740 16.097628662164631 0.0021224385818719069 0.25 739.56746499999997 0.016699239051497804 0.00055215994434964892 0.015431871688491618 0.021416910994467755 0 0.026404380385386422 nan nan nan nan nan nan nan nan nan nan 0.0043410096100211515 0.12138837409903273 0.1551560248569244 0 0.17025558175380373 nan nan nan nan nan nan nan nan nan nan 0 0 0 0 running
7760 16.138204553542522 0.0021225046432728242 0.25 741.41869199999996 0.016782922626571814 0.0005549087960589308 0.015498623383152874 0.021550129085068884 0 0.02652186164882836 nan nan nan nan nan nan nan nan nan nan 0.0043654263889227884 0.12201373233174304 0.15507234083279353 0 0.17208322160539391 nan nan nan nan nan nan nan nan nan nan 0 0 0 0 running
7780 16.18065537981165 0.0021225746251608475 0.25 743.25197500000002 0.01687237800534247 0.00055784104182568875 0.015569016817176115 0.021690713429520895 0 0.026649449851971908 nan nan nan nan nan nan nan nan nan nan 0.0043883602811003453 0.12248743801768669 0.15474174665059293 0 0.17381297235156287 nan nan nan nan nan nan nan nan nan nan 0 0 0 0 running
7800 16.221226262788459 0.0021226422553102431 0.25 745.09563000000003 0.016959232562212847 0.00056066921351067059 0.01563679139620815 0.021826358844499759 0 0.026774321839249673 nan nan nan nan nan nan nan nan nan nan 0.0044034625168229979 0.12276588293091033 0.15419037103980929 0 0.1752738759495007 nan nan nan nan nan nan nan nan nan nan 0 0 0 0 running
7820 16.263679857129727 0.0021227137156654445 0.25 746.932006 0.017050961996121546 0.0005636264222075349 0.015708056039475088 0.021969756628150833 0 0.026906237555307293 nan nan nan nan nan nan nan nan nan nan 0.004407221721875354 0.12287532302927623 0.15336256459234407 0 0.176570471596354 nan nan nan nan nan nan nan nan nan nan 0 0 0 0 running
7840 16.304245561509116 0.0021227825618819313 0.25 748.76758600000005 0.017139499594565191 0.00056643645894409282 0.015776715486483101 0.022108256848322322 0 0.027033527499859395 nan nan nan nan nan nan nan nan nan nan 0.0043997890835805187 0.12280496434247211 0.1524366167863519 0 0.17756177674668586 nan nan nan nan nan nan nan nan nan nan 0 0 0 0 running
7860 16.346701973610124 0.0021228550940242609 0.25 750.59863700000005 0.017233995087716066 0.00056942741212079957 0.015850126500842537 0.022254784548259691 0 0.027170328309706965 nan nan nan nan nan nan nan nan nan nan 0.0044638249794147766 0.12254625196609578 0.15297773788408905 0 0.17837195102596848 nan nan nan nan nan nan nan nan nan nan 0 0 0 0 running
7880 16.389159840569913 0.0021229280124604251 0.25 752.41708100000005 0.017331808328102858 0.00057249215079528638 0.015924873720793063 0.022402892079447994 0 0.027315544581815614 nan nan nan nan nan nan nan nan nan nan 0.0045661419150332394 0.12209787301336283 0.15329129422067397 0 0.17911576096154067 nan nan nan nan nan nan nan nan nan nan 0 0 0 0 running
7900 16.429721637918149 0.0021229979520241563 0.25 754.26462000000004 0.017427749497300363 0.0005754362000909961 0.015996799496786656 0.022545879123963854 0 0.027460642313502193 nan nan nan nan nan nan nan nan nan nan 0.0046569358444452646 0.12149275159239498 0.15610737364032995 0 0.17961395504368463 nan nan nan nan nan nan nan nan nan nan 0 0 0 0 running
7920 16.47218236768979 0.0021230713855758649 0.25 756.10367099999996 0.017530128517144285 0.00057852274588437807 0.016072627550708894 0.022697241831953558 0 0.027616991099837108 nan nan nan nan nan nan nan nan nan nan 0.0047441645798416143 0.12067097008880429 0.1590583019053789 0 0.17975031909467681 nan nan nan nan nan nan nan nan nan nan 0 0 0 0 running
7940 16.512738794774272 0.0021231416645226004 0.25 757.95704899999998 0.017629122861493214 0.00058145911260646321 0.016145573112521482 0.02284350167373277 0 0.027768447377894061 nan nan nan nan nan nan nan nan nan nan 0.0048192316392418055 0.11970464162782353 0.16168646401970971 0 0.17943075301139552 nan nan nan nan nan nan nan nan nan nan 0 0 0 0 running
7960 16.555202401171414 0.0021232152923308305 0.25 759.78799700000002 0.017733306286444709 0.00058449537765794906 0.016222535856641983 0.02299845551142345 0 0.027926859810348086 nan nan nan nan nan nan nan nan nan nan 0.0048887818209802925 0.11850375908903679 0.16423812187637343 0 0.17861710861463664 nan nan nan nan nan nan nan nan nan nan 0 0 0 0 running
7980 16.597667479600684 0.0021232888509963 0.25 761.63525500000003 0.017837414197321287 0.00058746552361112051 0.016300147797562687 0.023155257350370714 0 0.028083106119307359 nan nan nan nan nan nan nan nan nan nan 0.0049492143555091017 0.11710758264887376 0.16655621792197428 0 0.17736084197881499 nan nan nan nan nan nan nan nan nan nan 0 0 0 0 running
8000 16.638219899558425 0.0021233589173681143 0.25 763.48657200000002 0.01793618077124309 0.00059021034724381213 0.016374896204715505 0.02330665633783487 0 0.028228480293391877 nan nan nan nan nan nan nan nan nan nan 0.0049984446822928241 0.11558516973759426 0.16853503613378709 0 0.17931732058732128 nan nan nan nan nan nan nan nan nan nan 0 0 0 0 running
8020 16.6806878458077 0.0021234319946044056 0.25 765.32719799999995 0.018039298710239241 0.00059298478178381451 0.016453944143954295 0.023466998442882987 0 0.028377765328230619 nan nan nan nan nan nan nan nan nan nan 0.0050404602956728439 0.11379604127724588 0.17040356661159597 0 0.18338372976910053 nan nan nan nan nan nan nan nan nan nan 0 0 0 0 running
8040 16.721234850662526 0.0021235013867598124 0.25 767.17432099999996 0.018139002904086834 0.00059559205595265824 0.01653020534101202 0.023621729950883595 0 0.028522422537132875 nan nan nan nan nan nan nan nan nan nan 0.0050704874198711503 0.11283128018290317 0.17197092445101236 0 0.18680584954860627 nan nan nan nan nan nan nan nan nan nan 0 0 0 0 running
8060 16.763705637313961 0.0021235735766746201 0.25 769.01896499999998 0.018246221989157697 0.00059834266889437584 0.016611054594083463 0.023785432398797796 0 0.028680849731367589 nan nan nan nan nan nan nan nan nan nan 0.0050911419486853182 0.11349713127400114 0.17336776817223346 0 0.19008977380053765 nan nan nan nan nan nan nan nan nan nan 0 0 0 0 running
8080 16.804247025621599 0.0021235107558477502 0.25 770.87996499999997 0.018351436634922887 0.00060100704541005124 0.016689202778887705 0.02394320720012948 0 0.028839352678868353 nan nan nan nan nan nan nan nan nan nan 0.0051015055626220107 0.11398021093347098 0.17446233123270138 0 0.19321417647251943 nan nan nan nan nan nan nan nan nan nan 0 0 0 0 running
8100 16.846716379571117 0.002123428823112426 0.25 772.71899800000006 0.01846421752366904 0.00060384091893774319 0.016772062737932115 0.024110018178936921 0 0.029011669288023581 nan nan nan nan nan nan nan nan nan nan 0.0051036334223852897 0.11431703368354523 0.17536017837005408 0 0.19640160438668419 nan nan nan nan nan nan nan nan nan nan 0 0 0 0 running
8120 16.889184100776685 0.0021233474706902995 0.25 774.56056699999999 0.018578890361005525 0.0006067127874163882 0.016855853323232205 0.024278313869644817 0 0.029188206851699532 nan nan nan nan nan nan nan nan nan nan 0.0050966737148059327 0.11446527991404877 0.17602324138480493 0 0.1991855201794073 nan nan nan nan nan nan nan nan nan nan 0 0 0 0 running
8140 16.929726152483148 0.0021232704455599865 0.25 776.41260299999999 0.018689672472438097 0.00060946195159403604 0.016936711843273843 0.024440563313539922 0 0.029359061609992996 nan nan nan nan nan nan nan nan nan nan 0.0050797840633999281 0.1144279528309923 0.17646686465359701 0 0.20133489953703285 nan nan nan nan nan nan nan nan nan nan 0 0 0 0 running
8160 16.972190720971462 0.0021231905393692052 0.25 778.25731099999996 0.018807078897776653 0.00061234060212543887 0.017022302421698561 0.024612179612485952 0 0.029540446125777012 nan nan nan nan nan nan nan nan nan nan 0.0050505695774082371 0.11422226490033981 0.17670132340225536 0 0.20305660496873662 nan nan nan nan nan nan nan nan nan nan 0 0 0 0 running
8180 17.012738749476185 0.0021231150823199261 0.25 780.10196199999996 0.018920931714869676 0.00061510508372593538 0.017104953159060944 0.024777593514311351 0 0.029717358018432036 nan nan nan nan nan nan nan nan nan nan 0.0050135238034858531 0.11387575972656713 0.17665900865766018 0 0.20420628587215525 nan nan nan nan nan nan nan nan nan nan 0 0 0 0 running
8200 17.05520023013537 0.002123037064553023 0.25 782.09687299999996 0.019042316079931152 0.00061804070895561019 0.017192609677106719 0.024952324612036555 0 0.029907569327317585 nan nan nan nan nan nan nan nan nan nan 0.0049951809899850264 0.11334298356106294 0.17882736875981786 0 0.20511829587405242 nan nan nan nan nan nan nan nan nan nan 0 0 0 0 running
8220 17.097660162201169 0.0021229601837652111 0.25 783.93103599999995 0.019165720574558506 0.00062105877340079324 0.017281885497299272 0.025128550203664744 0 0.030102008405260863 nan nan nan nan nan nan nan nan nan nan 0.0050649026772057182 0.1126170343666722 0.18184913589986967 0 0.20595329198139387 nan nan nan nan nan nan nan nan nan nan 0 0 0 0 running
8240 17.138212559427693 0.0021228879096072367 0.25 785.79537900000003 0.01928621421931662 0.00062414466554764291 0.017368791974507507 0.025297853542268288 0 0.030294296649758169 nan nan nan nan nan nan nan nan nan nan 0.0051252133107063114 0.11173680096559134 0.18447386849430339 0 0.20724298302336466 nan nan nan nan nan nan nan nan nan nan 0 0 0 0 running
8260 17.180669534493678 0.0021228135459377246 0.25 787.64920800000004 0.019414717635027105 0.0006274367220550891 0.017460564936029304 0.025476337382244373 0 0.030501598861366941 nan nan nan nan nan nan nan nan nan nan 0.0051835413246015261 0.11065906765037374 0.18700097033200433 0 0.20841833480231309 nan nan nan nan nan nan nan nan nan nan 0 0 0 0 running
8280 17.221227601564966 0.0021227438480293727 0.25 789.53177600000004 0.019538402117190046 0.00063057013551191549 0.017548848592025389 0.025648050382778034 0 0.030701198550316097 nan nan nan nan nan nan nan nan nan nan 0.0052316059761971512 0.1094958510862146 0.18922064390956039 0 0.2085729898953011 nan nan nan nan nan nan nan nan nan nan 0 0 0 0 running
8300 17.26368172559981 0.002122672392404846 0.25 791.46383600000001 0.019667967326767118 0.00063379485553001047 0.017641843381099736 0.025829074107183481 0 0.03090901633500117 nan nan nan nan nan nan nan nan nan nan 0.0052695986588109367 0.10811515790655615 0.19130470242375863 0 0.21176712064336736 nan nan nan nan nan nan nan nan nan nan 0 0 0 0 running
8320 17.304245214757863 0.0021226056521126127 0.25 793.31428500000004 0.019792825414625209 0.00063686979378646676 0.017731489781247198 0.026003174164473643 0 0.031109536959660899 nan nan nan nan nan nan nan nan nan nan 0.0052941224025778721 0.10913667007569863 0.19302563069030393 0 0.21513965239253657 nan nan nan nan nan nan nan nan nan nan 0 0 0 0 running
8340 17.346696609362805 0.0021225375144637748 0.25 795.15092900000002 0.019926225262425844 0.00064017057263374914 0.017826138634095878 0.026186371361094859 0 0.031326748698507621 nan nan nan nan nan nan nan nan nan nan 0.0053109487256507992 0.11228618177683508 0.19452823824101009 0 0.21852739278317723 nan nan nan nan nan nan nan nan nan nan 0 0 0 0 running
8360 17.38914666047587 0.0021224712273999091 0.25 796.99114099999997 0.020061026296956878 0.00064352820975352616 0.017921593164037315 0.026370417257824498 0 0.031547224029860238 nan nan nan nan nan nan nan nan nan nan 0.0053215240120114693 0.11530882475597119 0.19573345172390294 0 0.22177737712996617 nan nan nan nan nan nan nan nan nan nan 0 0 0 0 running
8380 17.42971402645318 0.002122409703063842 0.25 798.83747500000004 0.020189499625246108 0.00064674257392565522 0.018013607777303538 0.026547017111630194 0 0.031755739905604763 nan nan nan nan nan nan nan nan nan nan 0.0053256417115372101 0.11805597200950112 0.19661847297869658 0 0.22476110111870506 nan nan nan nan nan nan nan nan nan nan 0 0 0 0 running
8400 17.472161562110585 0.0021223473286744597 0.25 800.70954800000004 0.020322766461728099 0.00065008465499448789 0.018110693770257341 0.026732493899362414 0 0.031969174439005404 nan nan nan nan nan nan nan nan nan nan 0.0053216297266073798 0.1207593944951556 0.1972686083160981 0 0.22766779588534436 nan nan nan nan nan nan nan nan nan nan 0 0 0 0 running
8420 17.512733782729867 0.0021222896873658195 0.25 802.558177 0.020449442479635135 0.00065326428224585589 0.018204273470758078 0.02691034126470632 0 0.032170012353680708 nan nan nan nan nan nan nan nan nan nan 0.0053085653982313241 0.12317358330269733 0.19778599298651331 0 0.22991475772588621 nan nan nan nan nan nan nan nan nan nan 0 0 0 0 running
8440 17.555178961921207 0.0021222315073288582 0.25 804.38853200000005 0.020582307688147051 0.00065660576065580309 0.018302979124539667 0.027096838674722231 0 0.032380366068431067 nan nan nan nan nan nan nan nan nan nan 0.0052856970023579253 0.12552504740244796 0.19858288542106622 0 0.23164866694613478 nan nan nan nan nan nan nan nan nan nan 0 0 0 0 running
8460 17.597623001012014 0.0021221755818615056 0.25 806.22160799999995 0.020716471400157425 0.00066000169276647159 0.018402519524312603 0.027283617840389667 0 0.032594122274270748 nan nan nan nan nan nan nan nan nan nan 0.0052548236382165547 0.12769964440687914 0.19910527502482653 0 0.23295601524045745 nan nan nan nan nan nan nan nan nan nan 0 0 0 0 running
8480 17.63819864459149 0.0021221243282370716 0.25 808.060474 0.02084624938518536 0.0006633251943965674 0.018498472270501522 0.027462308721735391 0 0.032802723822310344 nan nan nan nan nan nan nan nan nan nan 0.0052188259371599988 0.12960833773014929 0.19934308669543221 0 0.23395988344115717 nan nan nan nan nan nan nan nan nan nan 0 0 0 0 running
8500 17.680640589396443 0.0021220731295674708 0.25 809.88520400000004 0.0209833631604678 0.00066689579132785419 0.018599614609848041 0.027649249280327574 0 0.033024782334230875 nan nan nan nan nan nan nan nan nan nan 0.0051745774729967109 0.13296658154466615 0.19930961523376275 0 0.23476456421210035 nan nan nan nan nan nan nan nan nan nan 0 0 0 0 running
8520 17.721220373303794 0.0021220265568275675 0.25 811.71427400000005 0.021115359594902332 0.0006704014350120039 0.018696975551449713 0.027827949410837303 0 0.033239599167897253 nan nan nan nan nan nan nan nan nan nan 0.0051254895818393931 0.13609105218453582 0.19899945589296258 0 0.2352423638573935 nan nan nan nan nan nan nan nan nan nan 0 0 0 0 running
8540 17.763660415457572 0.0021219804072852622 0.25 813.53860899999995 0.021253990103185093 0.00067415842458931499 0.018799391353518286 0.028014746754743466 0 0.033465845812631977 nan nan nan nan nan nan nan nan nan nan 0.0050663828148088119 0.1391713009221735 0.20168410014676985 0 0.23537338080184811 nan nan nan nan nan nan nan nan nan nan 0 0 0 0 running
8560 17.804243879703229 0.0021219387948053256 0.25 815.36912299999995 0.0213869725384363 0.00067783345507218835 0.018897831945724079 0.028193222066174493 0 0.033683344413595113 nan nan nan nan nan nan nan nan nan nan 0.005002105964090231 0.14193419077466204 0.20417867762860051 0 0.23512664051622248 nan nan nan nan nan nan nan nan nan nan 0 0 0 0 running
8580 17.846682222457904 0.0021218979866634976 0.25 817.20378900000003 0.021526430146467414 0.00068176075030075155 0.01900126413548018 0.028379616489505377 0 0.033911952254262266 nan nan nan nan nan nan nan nan nan nan 0.004979030505788018 0.14462551949328858 0.20649525568641855 0 0.23448933170719649 nan nan nan nan nan nan nan nan nan nan 0 0 0 0 running
8600 17.889119778659381 0.0021218600074446705 0.25 819.02962200000002 0.02166621541140076 0.00068579359190432728 0.019105188432633619 0.028565660214062642 0 0.034141601747775155 nan nan nan nan nan nan nan nan nan nan 0.0050032565760170788 0.14710528679821247 0.20850619567062537 0 0.23347060970766156 nan nan nan nan nan nan nan nan nan nan 0 0 0 0 running
8620 17.929705725991685 0.0021218263855506117 0.25 820.87079200000005 0.0218019570518602 0.00068990271302195045 0.019205995756185951 0.028743135475738566 0 0.034367318497942993 nan nan nan nan nan nan nan nan nan nan 0.0050199676445086272 0.14927125691333962 0.21013830316812396 0 0.23214449832839207 nan nan nan nan nan nan nan nan nan nan 0 0 0 0 running
8640 17.972141909866835 0.002121794109157975 0.25 822.69746299999997 0.021947143640864693 0.00069440576428713276 0.019312011268646161 0.02892829205560022 0 0.034613631853705314 nan nan nan nan nan nan nan nan nan nan 0.0050308777162613172 0.15131607405462388 0.21178553228979677 0 0.23028721407656894 nan nan nan nan nan nan nan nan nan nan 0 0 0 0 running
8660 18.012730617359122 0.0021217660372902631 0.25 824.53087000000005 0.022086887709438105 0.00069884433981653277 0.019413661857334823 0.029104930335030348 0 0.034852222648167501 nan nan nan nan nan nan nan nan nan nan 0.0050345352568647583 0.15305927564515412 0.21405926660078928 0 0.23291377274542693 nan nan nan nan nan nan nan nan nan nan 0 0 0 0 running
8680 18.055165656112504 0.0021217396676561345 0.25 826.36289099999999 0.022231635861235461 0.00070352412512299462 0.01951995537060398 0.029289087106724811 0 0.035097776823077242 nan nan nan nan nan nan nan nan nan nan 0.0050342628019741653 0.15465827319027475 0.21620575338614698 0 0.23782636427102449 nan nan nan nan nan nan nan nan nan nan 0 0 0 0 running
8700 18.097600199977709 0.0021217164035126652 0.25 828.18476199999998 0.02237293709242431 0.00070815490703099199 0.019626238046768826 0.029472739348187511 0 0.03533282472122614 nan nan nan nan nan nan nan nan nan nan 0.0050327941572290702 0.15602235706770018 0.21807092935833441 0 0.24076151267739379 nan nan nan nan nan nan nan nan nan nan 0 0 0 0 running
8720 18.138190697731915 0.0021216971106551357 0.25 830.03140599999995 0.022504022101309858 0.00071250198285110588 0.019727939016839918 0.029647856782468399 0 0.035545188211060778 nan nan nan nan nan nan nan nan nan nan 0.0050280896786267237 0.15709121889866734 0.21955418664642759 0 0.24253844521172363 nan nan nan nan nan nan nan nan nan nan 0 0 0 0 running
8740 18.180624455786774 0.0021216800834475626 0.25 831.86647500000004 0.02263738421085594 0.00071697297787590283 0.019834377223007332 0.029830173803677303 0 0.035756118082314207 nan nan nan nan nan nan nan nan nan nan 0.0050149908648673969 0.15795374900328668 0.22077648057165869 0 0.24421404540059716 nan nan nan nan nan nan nan nan nan nan 0 0 0 0 running
8760 18.221216697154382 0.002121666834160001 0.25 833.70753200000001 0.022762927650912909 0.00072122532339261936 0.019936389482788367 0.030003667076195003 0 0.035952114633325705 nan nan nan nan nan nan nan nan nan nan 0.0049925916377482338 0.15854805847913972 0.22163395243196685 0 0.24589932759230812 nan nan nan nan nan nan nan nan nan nan 0 0 0 0 running
8780 18.263649916600752 0.0021216561895839293 0.25 835.53652599999998 0.022893473754104787 0.0007256994074625728 0.020043292293210353 0.0301838973356649 0 0.036155605909712098 nan nan nan nan nan nan nan nan nan nan 0.0049663031469158181 0.15894079155308993 0.22220624941565387 0 0.24758063887129919 nan nan nan nan nan nan nan nan nan nan 0 0 0 0 running
8800 18.304243298485389 0.0021216490948468745 0.25 837.37138600000003 0.023018074236925964 0.00073003757508326313 0.020145841352267792 0.030355133863854404 0 0.036350195011015787 nan nan nan nan nan nan nan nan nan nan 0.0049947596644923653 0.1590968536977046 0.22243786302476812 0 0.24886323390582329 nan nan nan nan nan nan nan nan nan nan 0 0 0 0 running
8820 18.346676231109655 0.002121644930896584 0.25 839.25175999999999 0.02314756906203741 0.00073463712762742144 0.02025326185668774 0.030532878241049669 0 0.036552138188912321 nan nan nan nan nan nan nan nan nan nan 0.0050136933105316972 0.1606942053362346 0.22233856640390479 0 0.24966743491363932 nan nan nan nan nan nan nan nan nan nan 0 0 0 0 running
8840 18.389109115609699 0.0021216441182054092 0.25 841.07749100000001 0.02327583879130414 0.00073930165147776305 0.020360819207153713 0.030709372454205516 0 0.036751166987518895 nan nan nan nan nan nan nan nan nan nan 0.0050220606006377011 0.16257009197771166 0.22188036193650815 0 0.24995209029218499 nan nan nan nan nan nan nan nan nan nan 0 0 0 0 running
8860 18.429703035614313 0.0021216464771346621 0.25 842.91143199999999 0.023397409047410764 0.0007438299312406009 0.020463755819526364 0.030877081232016435 0 0.036938882225142453 nan nan nan nan nan nan nan nan nan nan 0.0050209829257663596 0.16413301744850439 0.22110089086014026 0 0.24978108393383261 nan nan nan nan nan nan nan nan nan nan 0 0 0 0 running
8880 18.47213601966104 0.0021216521914071244 0.25 844.75587800000005 0.023523585093095482 0.00074863990357323582 0.020571341894306105 0.031051216804938855 0 0.037133228301018312 nan nan nan nan nan nan nan nan nan nan 0.0050112380436234671 0.16552708946072531 0.21992634800713773 0 0.24918347390954743 nan nan nan nan nan nan nan nan nan nan 0 0 0 0 running
8900 18.512729956837781 0.002121660751772724 0.25 846.67923299999995 0.023643586533607878 0.00075331521202739071 0.020674235208080562 0.031216687514921602 0 0.037317862428186403 nan nan nan nan nan nan nan nan nan nan 0.004994922982970107 0.16663294570046697 0.21980136642372 0 0.24828178352308231 nan nan nan nan nan nan nan nan nan nan 0 0 0 0 running
8920 18.555163294508976 0.0021216729636403756 0.25 848.52409799999998 0.023768436331239352 0.00075829071968966724 0.020782377526600188 0.031388488538878392 0 0.037509644025662113 nan nan nan nan nan nan nan nan nan nan 0.0049713883731448139 0.16754929601211169 0.22341133586566714 0 0.2470390376885144 nan nan nan nan nan nan nan nan nan nan 0 0 0 0 running
8940 18.597596911891454 0.0021216885608795429 0.25 850.361313 0.023896218254805621 0.00076350429113235545 0.020892282454188015 0.031559075489628441 0 0.037710748914577527 nan nan nan nan nan nan nan nan nan nan 0.0049410260385581717 0.16821579717257157 0.22673957636039457 0 0.24546884926060844 nan nan nan nan nan nan nan nan nan nan 0 0 0 0 running
8960 18.638190570423959 0.0021217066755293652 0.25 852.19411300000002 0.024020499707686143 0.00076866589162374649 0.020997423704293791 0.031721197838439651 0 0.037910486534186522 nan nan nan nan nan nan nan nan nan nan 0.0049051617593476315 0.16861745016478982 0.22964997386265598 0 0.24362602921867532 nan nan nan nan nan nan nan nan nan nan 0 0 0 0 running
8980 18.680624932095995 0.0021217289419865541 0.25 854.03734499999996 0.024149392798551914 0.00077412128763160257 0.021107167211719645 0.031889735187491428 0 0.038116910694519425 nan nan nan nan nan nan nan nan nan nan 0.004861179665782589 0.16879330266966561 0.23239358894404344 0 0.24137628184613127 nan nan nan nan nan nan nan nan nan nan 0 0 0 0 running
9000 18.721217474029661 0.0021217533957808058 0.25 855.89129600000001 0.024268914164506432 0.00077928699625985545 0.021212020141407033 0.032050244846139629 0 0.038303076798364484 nan nan nan nan nan nan nan nan nan nan 0.00487959320593645 0.16872761038750031 0.23471866533076463 0 0.23894264250289413 nan nan nan nan nan nan nan nan nan nan 0 0 0 0 running
9020 18.763652839094089 0.0021217822216551998 0.25 857.734013 0.024388184588472552 0.00078456132091231801 0.021321430574765852 0.03221742910513737 0 0.038480333434647712 nan nan nan nan nan nan nan nan nan nan 0.0049639691876510739 0.16841025504250717 0.23682242615483082 0 0.23599714383196213 nan nan nan nan nan nan nan nan nan nan 0 0 0 0 running
9040 18.804243624110889 0.0021218128945524654 0.25 859.57950500000004 0.02449654747944216 0.00078955027833065895 0.021425484559239316 0.032376874801519351 0 0.038632465516833726 nan nan nan nan nan nan nan nan nan nan 0.0050354980684751416 0.16786632121934056 0.23851096145925432 0 0.23901729047641768 nan nan nan nan nan nan nan nan nan nan 0 0 0 0 running
9060 18.846680247106594 0.0021218481869299949 0.25 861.42154300000004 0.02460616691402048 0.00079464189106341805 0.021534497395626764 0.032543218046403928 0 0.038780022903166282 nan nan nan nan nan nan nan nan nan nan 0.0051327462560345483 0.16768385166680735 0.23995138380638836 0 0.24416373757317639 nan nan nan nan nan nan nan nan nan nan 0 0 0 0 running
9080 18.889117610360259 0.0021218867512652951 0.25 863.26975700000003 0.02471466798145032 0.00079970207754108196 0.021643586464432013 0.03270882972881356 0 0.038924570215764009 nan nan nan nan nan nan nan nan nan nan 0.0052260009428097831 0.16759842745954259 0.24107660256941296 0 0.2491695230686172 nan nan nan nan nan nan nan nan nan nan 0 0 0 0 running
9100 18.929706779697458 0.0021219266617577477 0.25 865.11037499999998 0.024817945081618765 0.000804538851691322 0.021748035915018039 0.032866596663530777 0 0.039061675145892261 nan nan nan nan nan nan nan nan nan nan 0.0052859077544201716 0.1675798463687633 0.24182926281936307 0 0.25223620747034015 nan nan nan nan nan nan nan nan nan nan 0 0 0 0 running
9120 18.972145778601071 0.0021219715128081946 0.25 866.94188699999995 0.024923893185143781 0.00080956777209275526 0.021857441556286702 0.033031067859736439 0 0.039198822204291661 nan nan nan nan nan nan nan nan nan nan 0.005319926612706527 0.16990318830662332 0.24222999864524961 0 0.25379210959369702 nan nan nan nan nan nan nan nan nan nan 0 0 0 0 running
9140 19.012732067221673 0.0021220173445291378 0.25 868.765264 0.025021595468368438 0.00081430840535589666 0.021962278097517194 0.033188075578424452 0 0.039318546271479182 nan nan nan nan nan nan nan nan nan nan 0.0053380548604120559 0.17192612870133733 0.24221158285852412 0 0.25451691435426516 nan nan nan nan nan nan nan nan nan nan 0 0 0 0 running
9160 19.055172943984157 0.0021220682947497641 0.25 870.60217599999999 0.025119454734656384 0.00081915290766106422 0.022072119090721636 0.033352134451499947 0 0.039429946813560338 nan nan nan nan nan nan nan nan nan nan 0.0053912595910585726 0.17381784062520936 0.24176157879302887 0 0.25511419046721306 nan nan nan nan nan nan nan nan nan nan 0 0 0 0 running
9180 19.097614871824703 0.0021221222913449605 0.25 872.426827 0.025214251610340566 0.00082389195138894982 0.022182326460783299 0.033516165101390535 0 0.039531312817610929 nan nan nan nan nan nan nan nan nan nan 0.0054236021658257139 0.17544462549729845 0.24087516240280424 0 0.25571904365911674 nan nan nan nan nan nan nan nan nan nan 0 0 0 0 running
9200 19.138198741215259 0.0021221767096444603 0.25 874.27389700000003 0.025304075072838113 0.00082836944667831697 0.02228817826282091 0.033673024573582684 0 0.039625236987437182 nan nan nan nan nan nan nan nan nan nan 0.0054324921053611197 0.17672957315926088 0.23962442936826786 0 0.25615363513022116 nan nan nan nan nan nan nan nan nan nan 0 0 0 0 running
9220 19.180642897948335 0.0021222364512804605 0.25 876.09076400000004 0.025398568051450094 0.00083303381362669071 0.022399450909185693 0.033837141345958777 0 0.039724738066935689 nan nan nan nan nan nan nan nan nan nan 0.0054252393810914068 0.17778505077781148 0.23789423457390824 0 0.25627350598094545 nan nan nan nan nan nan nan nan nan nan 0 0 0 0 running
9240 19.221222819441472 0.0021222962082886199 0.25 877.94025499999998 0.025489653970330452 0.00083748533298881568 0.022506395893990689 0.033994246677452995 0 0.039821655573925828 nan nan nan nan nan nan nan nan nan nan 0.0054188981891125643 0.17852063405046359 0.23583085980483681 0 0.25629499444211667 nan nan nan nan nan nan nan nan nan nan 0 0 0 0 running
9260 19.263669423752951 0.0021223614177055352 0.25 879.77124500000002 0.025587761861485845 0.00084228305152103493 0.022621487224460661 0.034158989025368645 0 0.039929815040643191 nan nan nan nan nan nan nan nan nan nan 0.0055919348628106214 0.17900378765277164 0.23726869326873753 0 0.25635665773478411 nan nan nan nan nan nan nan nan nan nan 0 0 0 0 running
9280 19.304244849107672 0.0021224262802853511 0.25 881.61194599999999 0.025685735366506545 0.00084699299929890043 0.0227323123994865 0.034317088855617815 0 0.040045561488109366 nan nan nan nan nan nan nan nan nan nan 0.0057481079125767387 0.1791868512564305 0.2406826515055642 0 0.25639479604837762 nan nan nan nan nan nan nan nan nan nan 0 0 0 0 running
9300 19.346694109771246 0.0021224966888499634 0.25 883.44104900000002 0.025790386052848894 0.00085196674136500043 0.022848519921473721 0.0344834734137449 0 0.040172495754783391 nan nan nan nan nan nan nan nan nan nan 0.0058995110782514848 0.17908225021205681 0.24392418305569585 0 0.25579357454637752 nan nan nan nan nan nan nan nan nan nan 0 0 0 0 running
9320 19.389144804790813 0.0021225695680006512 0.25 885.301286 0.025894426528197984 0.00085688833047546339 0.022964848652792087 0.034651221857256845 0 0.040296165061502208 nan nan nan nan nan nan nan nan nan nan 0.0060383159004212539 0.17867144080386796 0.24681127435671124 0 0.25409849172234966 nan nan nan nan nan nan nan nan nan nan 0 0 0 0 running
9340 19.42971663510798 0.0021226414158802016 0.25 887.13905699999998 0.025990799324654368 0.00086144029945365197 0.023076094388057983 0.034813109721352355 0 0.040403062106791711 nan nan nan nan nan nan nan nan nan nan 0.0061577557027087115 0.17798913432261215 0.24922506181280463 0 0.2513309141628281 nan nan nan nan nan nan nan nan nan nan 0 0 0 0 running
9360 19.472170272487926 0.002122718827297487 0.25 889.00556200000005 0.02608687083565946 0.00086596005494371151 0.023192659976848874 0.034984381160159887 0 0.040497751310462467 nan nan nan nan nan nan nan nan nan nan 0.006266258603882191 0.17696736196052129 0.25137592303848344 0 0.24734517944447681 nan nan nan nan nan nan nan nan nan nan 0 0 0 0 running
9380 19.512736708946186 0.0021227948790572661 0.25 890.84411899999998 0.026174034048495692 0.00087000983561680799 0.023304362661850951 0.035149947131727956 0 0.040571310951294702 nan nan nan nan nan nan nan nan nan nan 0.0063530797891022672 0.17569263225660944 0.25306096336742845 0 0.24460311008050722 nan nan nan nan nan nan nan nan nan nan 0 0 0 0 running
9400 19.55519346082626 0.0021228765731421909 0.25 892.67305599999997 0.026261613178558661 0.00087397581758305273 0.023421803959107007 0.035325271751879238 0 0.040634247561983375 nan nan nan nan nan nan nan nan nan nan 0.0064266291461989589 0.17404388065663515 0.25442393336962266 0 0.24521111225445999 nan nan nan nan nan nan nan nan nan nan 0 0 0 0 running
9420 19.597650949906459 0.0021228304355373315 0.25 894.52815399999997 0.026347580672572164 0.00087771829016026028 0.023539982439522766 0.035502694412770229 0 0.040689465015800133 nan nan nan nan nan nan nan nan nan nan 0.0064830315814903283 0.17484339767577856 0.25536358025536582 0 0.24810292605435061 nan nan nan nan nan nan nan nan nan nan 0 0 0 0 running
9440 19.638209854102577 0.0021227207086635148 0.25 896.36425899999995 0.026430805918266017 0.00088114414308069339 0.02365401421279803 0.035674487964097223 0 0.040742847379197436 nan nan nan nan nan nan nan nan nan nan 0.0065210848949380784 0.17684641447822533 0.25585784539110001 0 0.25038314008964252 nan nan nan nan nan nan nan nan nan nan 0 0 0 0 running
9460 19.68066304646949 0.0021226040670613467 0.25 898.20408199999997 0.02652196596495237 0.00088465394139411208 0.023774436432333092 0.035856725051143831 0 0.040808849794696032 nan nan nan nan nan nan nan nan nan nan 0.0065442384842856471 0.17872618514015029 0.25597708442412409 0 0.25395477010966699 nan nan nan nan nan nan nan nan nan nan 0 0 0 0 running
9480 19.721225177634796 0.0021224910292296827 0.25 900.04078400000003 0.026613566412225179 0.00088802068685335815 0.023890113035566238 0.03603322885720385 0 0.040883858947285807 nan nan nan nan nan nan nan nan nan nan 0.0065506531157811798 0.17999863903152263 0.25571446998279163 0 0.2593960127335399 nan nan nan nan nan nan nan nan nan nan 0 0 0 0 running
9500 19.763673742572262 0.0021223712105326534 0.25 901.86941300000001 0.026712462159315126 0.00089156735368423154 0.02401174419063901 0.036220751187376062 0 0.040969215333754763 nan nan nan nan nan nan nan nan nan nan 0.0065434625314260142 0.18087732449669663 0.25501446704150077 0 0.26314688683761955 nan nan nan nan nan nan nan nan nan nan 0 0 0 0 running
9520 19.804244516859928 0.0021222553859772219 0.25 903.69774299999995 0.026806560213322405 0.00089488942774637007 0.024128517702000279 0.036402895950881982 0 0.041046331445794594 nan nan nan nan nan nan nan nan nan nan 0.0065255525354620536 0.18138543419129144 0.25390030749930265 0 0.26495805955649038 nan nan nan nan nan nan nan nan nan nan 0 0 0 0 running
9540 19.846688341539746 0.0021221330108698523 0.25 905.55561799999998 0.026901991378348891 0.00089818384138957226 0.024251463683542113 0.036596750527201051 0 0.041113541886421121 nan nan nan nan nan nan nan nan nan nan 0.0064933640423915362 0.18162450465946484 0.25224059241751828 0 0.26578107749733504 nan nan nan nan nan nan nan nan nan nan 0 0 0 0 running
9560 19.889129707306203 0.002122009574398607 0.25 907.39241700000002 0.026995022186550092 0.00090125809631745764 0.024375238069783367 0.036793974037582909 0 0.041169103605356035 nan nan nan nan nan nan nan nan nan nan 0.0065658824707271468 0.18156345962040243 0.25006739774258918 0 0.26612769662708557 nan nan nan nan nan nan nan nan nan nan 0 0 0 0 running
9580 19.92970703649037 0.0021218907049579344 0.25 909.26762699999995 0.027084683822888325 0.00090403167984610695 0.024494593638168725 0.036985614092986549 0 0.041220898198809745 nan nan nan nan nan nan nan nan nan nan 0.0066974715065717394 0.18120456256305809 0.24751474478063665 0 0.26634504121574587 nan nan nan nan nan nan nan nan nan nan 0 0 0 0 running
9600 19.972143538576859 0.0021217656435659859 0.25 911.12536699999998 0.027183042606935603 0.00090697255223004937 0.02462186513024172 0.037189123459410625 0 0.041285582004748154 nan nan nan nan nan nan nan nan nan nan 0.0068153221930088437 0.18049493753546952 0.24441149646247654 0 0.26708088032492205 nan nan nan nan nan nan nan nan nan nan 0 0 0 0 running
9614 20 0.00027407916904209628 0.25 912.40873799999997 0.027252330955511109 0.00090901492573691386 0.024706877190480363 0.03732437983282063 0 0.041341048535301891 nan nan nan nan nan nan nan nan nan nan 0.0068814708079932285 0.17983568538684308 0.24701522895971897 0 0.26771719591305604 nan nan nan nan nan nan nan nan nan nan 0 0 0 1 physical_time_reached
