TITLE="WCNS step 9614 time 20"
VARIABLES="X","Y","rho","u","v","p","T","mach","entropy_proxy","viscosity","jacobian"
ZONE T="CylinderZone1", I=8, J=20, DATAPACKING=POINT, SOLUTIONTIME=20
0.54063943307152496 -0.053248126149810254 0.97935621480242518 -0.011631346171271865 0.021649580816119049 17.560671605759858 1.0041265823617109 0.0049051417125516097 18.081071533073121 1 0.0095016344836105354
0.51986370485743094 -0.15769896780428191 0.97896336413759821 -0.018449296715120286 -0.01653858142721807 17.549713587885002 1.0039026953267902 0.0049457645266180574 18.079941374872412 1 0.0095049635953118466
0.47910882671265759 -0.25608900321023359 0.97814371167991176 -0.032812895106147655 -0.042471601554000787 17.537605800437664 1.0040507463886521 0.010712426106260352 18.088667254117926 1 0.0095040362119999024
0.41994239884996287 -0.34463782010587446 0.97764827400707521 -0.050642860005947921 -0.051251477944746077 17.523174687422244 1.0037329452212278 0.014383471162407438 18.086606808529872 1 0.009504277529481445
0.34463782010587457 -0.41994239884996293 0.97581811517682115 -0.06165614636012659 -0.047637635169371008 17.507704551828272 1.0047276624799764 0.015546393667213368 18.118105432064294 1 0.0095042775294816393
0.25608900321023376 -0.47910882671265775 0.97322994456719525 -0.039502808620144166 -0.033516054321046165 17.465500452175466 1.0049711578943643 0.010335419093199291 18.141758701079258 1 0.0095040362119999354
0.15769896780428194 -0.51986370485743072 0.96845288093754722 0.055749715007565891 -0.013860925501138967 17.404866077980088 1.0064222209698397 0.01145267984512597 18.203747058836477 1 0.0095049635953118571
0.053248126149810324 -0.54063943307152484 0.96884028330628869 0.25459573468549301 -0.03927849513802989 17.386464987358593 1.004956188383719 0.051394361077854563 18.174322368488149 1 0.0095016344836112033
0.63524243924753465 -0.062565672186717616 0.97895668427321436 -0.050909852111830342 0.048433801866272497 17.553625217946358 1.0041333053432402 0.014024723040689866 18.084143940031961 1 0.012674730951629094
0.61083130039869804 -0.18529369270324247 0.9784636965534349 -0.05735806897750325 -0.014780424424634533 17.542642548579334 1.0040106599188152 0.011822680225003861 18.085578731844233 1 0.012679171829163567
0.56294498907871615 -0.3009003655902705 0.97796918060225002 -0.063670807082348499 -0.05784034895575773 17.532361278038596 1.0039296227401846 0.017170339884177634 18.087776164476779 1 0.012677934743692634
0.49342540974738552 -0.40494376863562048 0.97731165610767212 -0.051769315689547894 -0.063501513103394566 17.523144004538878 1.0040769053408218 0.016352674495169403 18.095297185902357 1 0.012678256649798689
0.40494376863562059 -0.49342540974738563 0.97616627033863401 0.028850958542232342 -0.037318745193666243 17.518918968290169 1.0050126612632249 0.0094105657094025897 18.120658993647069 1 0.012678256649798686
0.30090036559027061 -0.56294498907871593 0.97503392625563512 0.23693797997553756 -0.017982730530672671 17.513280656353285 1.0058559905567459 0.047385340846103345 18.144286271395575 1 0.01267793474369258
0.18529369270324253 -0.61083130039869815 0.97584327745873156 0.57340648045043974 -0.059713998095727083 17.498035878767901 1.0041469063846211 0.11506314371851448 18.107445978457665 1 0.012679171829163591
0.062565672186717672 -0.63524243924753443 0.97893415503600034 0.92046297143757638 -0.20084894636349049 17.479888160656028 0.99993828075926594 0.18843005758264186 18.008758566705289 1 0.012674730951629087
0.74244183463027602 -0.073123849373486829 0.97881058984426283 -0.10933714335355593 0.061688620558981999 17.549942196796867 1.0040724652757784 0.025056875048735511 18.084127789394103 1 0.016779839423766651
0.71391123026163072 -0.21656265491167406 0.97822899122356355 -0.10785240932013225 -0.01367685457161903 17.537556423506139 1.0039603891221931 0.021700299130132012 18.08640867605067 1 0.016785718618536918
0.65794393551948882 -0.35167836036645628 0.97765859468771643 -0.079455819749180839 -0.062218134618735967 17.525726215423692 1.0038685000677496 0.020144554921248531 18.088973034347109 1 0.016784080864202421
0.57669268271809082 -0.47327945353281897 0.97696824971352425 0.020397433895233151 -0.065426117641450829 17.51834503035461 1.004154762400657 0.013678010851688028 18.099244455151229 1 0.016784507029679745
0.47327945353281897 -0.57669268271809071 0.97606106033407025 0.26776322782833628 -0.044622132253558384 17.516886159689491 1.0050043627098157 0.054155832238322203 18.121290629873233 1 0.016784507029679763
0.35167836036645633 -0.6579439355194886 0.97777332994564303 0.66970687794684702 -0.075040199142077033 17.510945759776149 1.0029041818584152 0.13458428620053697 18.070748465517571 1 0.0167840808642024
0.21656265491167412 -0.71391123026163084 0.98135231585485405 1.0613929878091914 -0.18363913979133534 17.495504485144913 0.99836545377713859 0.21560872345390436 17.962696728195688 1 0.016785718618537001
0.073123849373486871 -0.74244183463027591 0.9842298521213082 1.2524232904172019 -0.31244610772765924 17.501001286669975 0.99575934311120839 0.25871084119116561 17.894837137822268 1 0.016779839423766259
0.86391462009425091 -0.085087827227279131 0.97858604454927545 -0.16885589776829674 0.080550145695835823 17.5444554544314 1.0039888775067791 0.03734251280631188 18.0842818818615 1 0.022126624834293
0.8307160514192089 -0.25199501835425253 0.97787752419231377 -0.14362420041368315 0.0070846508870435797 17.530587584013855 1.0039221470798376 0.02870353113620297 18.088319598095463 1 0.022134377395788017
0.76559180609844413 -0.40921734595229764 0.97728009903260393 -0.040279653158021414 -0.03542588360149973 17.517353993700059 1.0037775491207934 0.010708155594353877 18.090135892918738 1 0.022132217781812118
0.67104683042225921 -0.55071390138034471 0.97633908175214068 0.20888991569807144 -0.041384552210441274 17.511316544349029 1.0043987214854955 0.042496625638705064 18.108307265431183 1 0.022132779742114708
0.55071390138034471 -0.67104683042225888 0.97785798727930084 0.62750647493565592 -0.057189236750867435 17.518033384230691 1.0032232504544114 0.12581881464278374 18.075871577358249 1 0.022132779742114615
0.4092173459522977 -0.76559180609844413 0.98327404040029098 1.0573243986012564 -0.13989090754976158 17.536418757195616 0.99874440798448105 0.21344173777519518 17.955458718513661 1 0.022132217781812312
0.25199501835425264 -0.8307160514192089 0.98731543888337547 1.2639330707887333 -0.23761628621709502 17.5571562192013 0.9958324447444683 0.25775261320606796 17.873758013219536 1 0.022134377395787989
0.0850878272272792 -0.86391462009425091 0.98908579116421969 1.2501535422110641 -0.2929585700740519 17.585712075779071 0.99566679048607254 0.25736230438671387 17.857983203403109 1 0.022126624834292848
1.0015613190324726 -0.098644790224829706 0.97825703852370249 -0.22392936716404843 0.11356403346187846 17.534832011667387 1.0037756468366248 0.050121462583868535 18.082873148806836 1 0.029067480192123869
0.96307325382466602 -0.29214514617771187 0.97758970152051383 -0.15613329280759311 0.043552435650038933 17.522255637623509 1.0037404374705416 0.032358311546990842 18.087175274469828 1 0.029077664638662116
0.88757282412092553 -0.47441755845992811 0.97666334773651808 0.061770135996890803 0.0047800644679793164 17.507955490384109 1.0038725305895662 0.012367039641522569 18.096416703576867 1 0.029074827579827885
0.77796408693367658 -0.63845862617285221 0.97673094121187232 0.47596727027668478 -0.020547072259269633 17.505317160508085 1.0036517925163062 0.095108612345811472 18.091936708393501 1 0.029075565820299569
0.63845862617285243 -0.77796408693367647 0.98179742427144323 0.96289703882581901 -0.084343699626629118 17.530030787229478 0.99988215367018529 0.19332818532677129 17.986722527801998 1 0.029075565820299583
0.47441755845992822 -0.88757282412092553 0.98771272511287178 1.2511198811907409 -0.17881273714041682 17.566462685557937 0.99595953797213177 0.2532788866846859 17.87316270534247 1 0.029074827579827833
0.29214514617771187 -0.96307325382466602 0.9894580439153241 1.2640147791777161 -0.22647333019820712 17.593140408719595 0.995712620567062 0.25738095977285724 17.856117367160515 1 0.029077664638662095
0.09864479022482979 -1.0015613190324726 0.99091820249486595 1.1972493187142088 -0.2475020990214559 17.630186202278807 0.9963389751035755 0.24496165615013429 17.856813816910794 1 0.029067480192124025
1.157535463004074 -0.11400684187378834 0.97810539142750408 -0.27210272295654364 0.14895126591394123 17.528389113396308 1.0035623951333317 0.061930539103198817 18.080152599371498 1 0.038067205832386528
1.1130536129826623 -0.33764120141130016 0.97765072469188785 -0.13950370652474545 0.088046170182304206 17.524357227002501 1.0037981652243735 0.032930497870642027 18.087763893717064 1 0.038080543535555511
1.0257954259966173 -0.54829907840257808 0.97681843898834342 0.21997647256687725 0.048181576643190158 17.511796315548292 1.0039333344801915 0.044949941255930909 18.096363386640054 1 0.038076828080968794
0.89911721075573836 -0.73788642533625692 0.97945655213375216 0.75532773786329022 -0.011209309572183608 17.521353116445841 1.0017757003589998 0.15094822159366608 18.038000561599432 1 0.038077794891707407
0.73788642533625715 -0.89911721075573836 0.986515186631306 1.1803117540589296 -0.10651108054062813 17.564204403528134 0.99704034858074453 0.23737308669906099 17.901243382198373 1 0.038077794891707317
0.54829907840257819 -1.0257954259966173 0.99017622133451366 1.2792967774166257 -0.17431137298472235 17.603987553629906 0.99560389425811058 0.25879299037438835 17.848986580520101 1 0.038076828080968794
0.33764120141130022 -1.1130536129826623 0.99073383180394958 1.2093148267287421 -0.18728916266561704 17.628798420498104 0.99644594624172311 0.24518244857149774 17.860060294036249 1 0.03808054353555565
0.1140068418737885 -1.157535463004074 0.99273186315803108 1.1649477684002667 -0.21435548838340696 17.672522813426042 0.99690693251115259 0.2372681837054936 17.853929066369435 1 0.038067205832386493
1.334277322963916 -0.13141432693573851 0.97809850503763007 -0.30890103659121182 0.16852223690850268 17.525619415497665 1.0034108846673804 0.070256301038200422 18.077473901147243 1 0.049722115603906596
1.2830036249529528 -0.38919498601988362 0.97825308938646982 -0.093058939448001463 0.12205122890567249 17.54162306715228 1.0041684522963792 0.030632454858035535 18.089978693464946 1 0.049739536867283697
1.1824221534909289 -0.63201780843581779 0.97865796775193137 0.40534371441641154 0.074758063782158074 17.538793332354977 1.0035910991774 0.082288365580632683 18.076585507876732 1 0.049734683864326085
1.0364016855989213 -0.85055288215010771 0.98387643164746919 0.98179245670118276 -0.018263388272445776 17.560949612915206 0.99952915391849617 0.19643871365527307 17.965165256066268 1 0.049735946680292201
0.85055288215010805 -1.0364016855989211 0.99006704725969119 1.2655735497970497 -0.11482161435571603 17.605523330326854 0.99580054521172257 0.2546896577007427 17.853299507400923 1 0.049735946680292638
0.63201780843581779 -1.1824221534909292 0.99089797040634198 1.2362859401454458 -0.14674801688334888 17.628798676612426 0.9962809031116957 0.24945731435565899 17.855918856100431 1 0.04973468386432614
0.38919498601988367 -1.2830036249529528 0.99186468579665854 1.1765609087522213 -0.15661069064130004 17.655537147320345 0.99681951919874479 0.23776606218215859 17.858605173355855 1 0.049739536867283315
0.13141432693573871 -1.3342773229639164 0.9939625977810399 1.1527489943683189 -0.19272380887071192 17.704477714670048 0.99747289605069789 0.234045586128723 17.855214014852791 1 0.049722115603907463
1.5345520881695645 -0.1511395917054712 0.97847210093698078 -0.33062075404394409 0.15043480335198414 17.531766333988518 1.0033795677226029 0.072524840498237236 18.074148559685533 1 0.064799540912329326
1.4755822181157761 -0.4476130772988402 0.97967901413263592 -0.022694805683524014 0.12512562649067852 17.579138758543657 1.0048513393038574 0.025371954626145794 18.091737056286071 1 0.064822244891339476
1.3599034874600275 -0.72688355786570236 0.98209411564641058 0.58648019431837051 0.070599300045057947 17.589108873085983 1.0029487807332254 0.11796903782876177 18.039707214105061 1 0.064815920293926452
1.1919653758975648 -0.9782207034012429 0.98852979792999041 1.127322186557266 -0.038104878256176693 17.614129939940625 0.99783666376143099 0.22583761321076465 17.900927131572193 1 0.064817566038357519
0.97822070340124334 -1.1919653758975648 0.99199974289416026 1.2623658091534091 -0.10893616933280827 17.642914192756216 0.99597121957783374 0.25392350264751362 17.842435623825228 1 0.064817566038357574
0.72688355786570258 -1.3599034874600273 0.9914144633344214 1.19032484569189 -0.11616511580350526 17.649635564012026 0.99693884555295686 0.23956290126771312 17.863986910740078 1 0.064815920293926521
0.44761307729884031 -1.4755822181157761 0.99327605775785399 1.1629613444992193 -0.13795006269258286 17.685904075150304 0.99711517198793576 0.23456149067215759 17.853744320277151 1 0.064822244891339365
0.15113959170547131 -1.5345520881695649 0.99492595736925926 1.1381883224600204 -0.17020510806229919 17.731180179171488 0.99801003444591641 0.23039820180033305 17.857907812960978 1 0.064799540912328979
1.7614931285506679 -0.1734912449656274 0.97925730596594851 -0.33112834526965212 0.080521220339306518 17.547325450068904 1.0034647872216398 0.068037834362147484 18.069884743556933 1 0.084286505745425802
1.6938023530520152 -0.51380944706270648 0.98153024330252558 0.068715510147630623 0.086986377544076496 17.62748112799844 1.0057142394352254 0.022107583329630608 18.093604718344853 1 0.084316037421580198
1.561016186495348 -0.83438053508120125 0.98598642507954193 0.74793169315816133 0.035823342817959118 17.644990638051002 1.0021633661009741 0.14959609355265482 17.997083114200102 1 0.084307810847616238
1.3682421309128405 -1.1228872975583792 0.99216496242161833 1.2019831687730447 -0.062845471194552735 17.663569963503104 0.99697122391574378 0.24109037703019456 17.859160579166709 1 0.084309951511662928
1.1228872975583792 -1.3682421309128403 0.99263899349041718 1.2248667153730688 -0.094516430218842387 17.666938562135975 0.99668516441832833 0.24610983877667514 17.850625336067008 1 0.084309951511662762
0.83438053508120158 -1.561016186495348 0.99228842782653925 1.1639990803709679 -0.093739595677990548 17.670704342428319 0.99724980598501212 0.23387532571352415 17.863261804362473 1 0.084307810847616335
0.5138094470627067 -1.693802353052015 0.99444049624591091 1.1550829723237253 -0.12471129798755215 17.713663580083079 0.99751082461148766 0.2326489008462044 17.852460054195092 1 0.084316037421580267
0.17349124496562757 -1.7614931285506681 0.99562317840720338 1.1237301739854193 -0.14558945112545396 17.750266861843343 0.99838469490430104 0.22680768442807886 17.859606618429211 1 0.084286505745425247
2.0186510173958916 -0.19881898628085956 0.98031497267962775 -0.30247069596147824 -0.035072192143048297 17.570275007502733 1.0036931259876305 0.060787307567401652 18.066193976079074 1 0.10945236356212069
1.9410781613830483 -0.58881976105927158 0.98306218864456729 0.18575761189705786 0.016001494416035648 17.668486598160698 1.0064828653582467 0.037168821745379464 18.096140616898285 1 0.10949071266351425
1.7889067302993162 -0.95619056852230389 0.9892830750630236 0.89176017382673978 -0.015336962976375329 17.688288620996619 1.0012747480460737 0.1782648248587925 17.95713324869569 1 0.10948002983882825
1.56798986317004 -1.2868160249379847 0.99440088843076202 1.2328284680966308 -0.082470757833557021 17.699304173824455 0.99674190180160327 0.24752032218648617 17.83898284455341 1 0.10948280965200667
1.2868160249379852 -1.5679898631700397 0.99276032199656972 1.1873763835848081 -0.076325504221168627 17.681209231521702 0.9973683415635326 0.2382791384690362 17.86198777102133 1 0.10948280965200635
0.95619056852230411 -1.788906730299316 0.99349852850115117 1.1531193911223039 -0.079658439787267027 17.695047386030758 0.99740726749384212 0.2314737797825171 17.857374659446535 1 0.10948002983882807
0.58881976105927158 -1.9410781613830483 0.99527112381167426 1.1450051344689443 -0.11071905810525835 17.736921781158738 0.99798697554107274 0.23030107821671308 17.855017712522891 1 0.10949071266351469
0.1988189862808597 -2.0186510173958907 0.9962474343753015 1.1106131328540554 -0.12155247991266784 17.764706698507013 0.99857077643551828 0.22360886363378726 17.858457277701131 1 0.1094523635621196
2.3100490813347867 -0.22751907717189154 0.98126321435914754 -0.23689335300748862 -0.16142196291955377 17.592780122589364 1.0040075602632628 0.057218004833720887 18.064866199045873 1 0.14192925095746844
2.2212783610742082 -0.67381758232853584 0.98360434382240658 0.33940834306038548 -0.060545817742731815 17.683181929033715 1.0067647557676385 0.068721215775094685 18.097217329284664 1 0.14197897906802839
2.0471405474793403 -1.0942194194841077 0.99154110785877869 1.0275378917462961 -0.060150801936327838 17.70942943204599 1.0001885340781422 0.20583998947044713 17.921301876297321 1 0.14196512641782863
1.7943336969808923 -1.472571608781398 0.99533697950485667 1.2435423107653671 -0.087432110447069791 17.717551312505023 0.99683111637858446 0.2497184081121285 17.833866190948246 1 0.1419687310617965
1.4725716087813985 -1.7943336969808916 0.99283965765702042 1.1621859505478993 -0.056619429013282915 17.690336718364097 0.99780346961589439 0.23296886755968144 17.869209343022053 1 0.14196873106179847
1.0942194194841077 -2.0471405474793403 0.9947154887052353 1.1493685699891627 -0.069851284320420454 17.719753599719311 0.99757791228144355 0.23057724258082674 17.851686277111401 1 0.14196512641782791
0.67381758232853606 -2.2212783610742077 0.99580756523788339 1.1333241834668513 -0.094344935984998615 17.75417438159409 0.99841957324558939 0.22762881283669673 17.858907643850461 1 0.14197897906802809
0.22751907717189168 -2.3100490813347867 0.99683388644281579 1.1009239792602841 -0.10035106956613386 17.777222927755563 0.99868643757259135 0.22124297640869281 17.856321977238544 1 0.14192925095747067
2.6402463467138135 -0.2600405407679417 0.98144031215367356 -0.13200930185423115 -0.24203068023399044 17.60046988043042 1.0042651601507993 0.055020907972773953 18.068196827475028 1 0.18381542747568522
2.538786783903261 -0.77013273201385324 0.98302746119597084 0.53620329909978481 -0.10209367297160785 17.663503289350448 1.0062345378997111 0.10882850812153817 18.091931440559673 1 0.1838798313518239
2.3397577979464268 -1.2506265984300671 0.99306681966013299 1.1575929618637142 -0.076042844339554244 17.71365264559218 0.99889003183624203 0.23214645701311121 17.887031181708334 1 0.18386189050593857
2.0508148621248736 -1.6830602612620871 0.99531870128543087 1.242998941481698 -0.073111634441157716 17.721837672218321 0.99709058748189372 0.24939250740940921 17.838639309269976 1 0.18386655895284371
1.6830602612620873 -2.0508148621248736 0.99318730525051535 1.1477785489649086 -0.036321568807527536 17.700267820803258 0.9980141627650182 0.22989900532656929 17.870479839982021 1 0.18386655895284229
1.2506265984300668 -2.3397577979464268 0.99574568210911885 1.1463237786368574 -0.060508022760472624 17.7427442588119 0.99783880090732546 0.22983241259934797 17.848962954469673 1 0.18386189050593901
0.77013273201385335 -2.538786783903261 0.99619929897713921 1.1213203293307448 -0.076297540688275295 17.766718749105621 0.9987321311317976 0.22492524756745846 17.861688160124228 1 0.18387983135182395
0.26004054076794209 -2.640246346713814 0.99737428833450115 1.0933632691621105 -0.082386500222361866 17.78890400275597 0.99880118703084975 0.21942413287577819 17.854502604001663 1 0.18381542747568455
3.0144088671849549 -0.29689218693327513 0.98086461444757056 0.012215083301977733 -0.22515548430545088 17.589723699665061 1.0042410661291996 0.0450019898927385 18.072004390557201 1 0.23780800652567285
2.8985709620676903 -0.87927209488667057 0.9825893256447058 0.76593362392965003 -0.07293768779587359 17.628163377186077 1.0046691148740321 0.15352173419208656 18.06700681042156 1 0.23789132791827045
2.6713365826538724 -1.4278591513012273 0.99436055885765129 1.2666590359459455 -0.048377549440815105 17.713352439022263 0.99757349253424232 0.25382464899722879 17.854155713824252 1 0.23786811726150328
2.341446097648554 -1.9215751522087003 0.99468336656719081 1.2288700017256446 -0.040634949066325136 17.71734566668087 0.99747456289604397 0.24621943316403963 17.850067410422319 1 0.23787415698334277
1.9215751522087006 -2.341446097648554 0.99390037657002095 1.139720778862563 -0.016267828125564029 17.713718157607179 0.99805598142740726 0.22818928439298516 17.866098875090433 1 0.23787415698334194
1.4278591513012273 -2.6713365826538729 0.99650222315226145 1.141270240408067 -0.049660204351244408 17.762803340854454 0.99820849660625244 0.22867496051699279 17.850152339163284 1 0.23786811726150439
0.87927209488667091 -2.8985709620676903 0.9965810379708635 1.1101405780592819 -0.058096037537175398 17.776564786507347 0.99890283786681877 0.22245400419272543 17.862003600966808 1 0.23789132791827056
0.2968921869332754 -3.0144088671849549 0.99785057742837291 1.0870606350171281 -0.067129281066179672 17.800540955880308 0.99897751730105855 0.21793772331050035 17.854244692763899 1 0.23780800652567294
3.4383905484524133 -0.33865057277848876 0.98096076649974273 0.18885679566449462 -0.096254057861455231 17.576030782318774 1.0033609461086539 0.042323149972623403 18.055458074923266 1 0.30737343052045513
3.3062598469926332 -1.0029431950947025 0.98422228207733509 0.99037736074739069 0.027287862788664782 17.614407893213734 1.002219578789209 0.19793110393022997 18.010989743084451 1 0.30748112572656999
3.0470645696148946 -1.6286899444202676 0.99577725553411378 1.3234874517772313 0.011889841558773203 17.723910170620478 0.9967479805254511 0.26513964221514208 17.829224640403663 1 0.30745112531027269
2.6707744325951124 -2.1918479319182587 0.99391563615261547 1.1955966010734405 -0.00045386610149874364 17.712558020682167 0.99797529290365572 0.23936177884444038 17.864544767120822 1 0.30745893181791489
2.1918479319182587 -2.6707744325951124 0.99501098234681917 1.1346724219122266 0.001323206887284331 17.733041504372881 0.99802951004038565 0.22715855575708641 17.857645879704702 1 0.30745893181791722
1.6286899444202674 -3.0470645696148946 0.99695408850385181 1.1323151755827028 -0.036555271783916828 17.778779628793682 0.99865346824084233 0.22673372154026883 17.854871319460596 1 0.3074511253102713
1.002943195094703 -3.3062598469926332 0.99701811049032685 1.099694410956213 -0.041108357171128866 17.784896195848663 0.99893289343176828 0.22021002326439046 17.859408400917502 1 0.30748112572656955
0.33865057277848915 -3.4383905484524142 0.99822112855413003 1.0808732281512698 -0.053701696189956641 17.811210224556163 0.99920522917278021 0.21652735245531957 17.85566249774719 1 0.30737343052045796
3.9188247347093057 -0.38596902310156006 0.98425693788391255 0.37604769209646549 0.094803022286057567 17.604017538823154 1.001593123897812 0.07750103372600213 17.999478146891519 1 0.39696641721727632
3.7682318762778721 -1.1430809109845068 0.98857770970935588 1.1521892078878273 0.15045948571513965 17.650686831105549 0.99985914287800459 0.23241069124913671 17.936862136211715 1 0.39710550334468958
3.4728201568136883 -1.8562610469712908 0.99660965745092345 1.3043531323739133 0.076634686781948486 17.7397608487254 0.99680612068387697 0.26173880574118397 17.82430614830341 1 0.39706675842860051
3.0439523258908796 -2.4981071141522153 0.9937443761523882 1.1512637295539785 0.036153714908105372 17.716710211296601 0.99838126845706154 0.23055293036979241 17.873043983524791 1 0.39707684037148927
2.4981071141522158 -3.0439523258908792 0.99621355443197335 1.1306822456326313 0.013861354891745701 17.755977073016911 0.99811401944441891 0.22636700402276405 17.850531451339606 1 0.39707684037148855
1.8562610469712912 -3.4728201568136883 0.99725763485578844 1.1191256541378007 -0.021390885702503977 17.791278389354893 0.99905135235793197 0.22397227394951152 17.859810129348809 1 0.39706675842859918
1.143080910984507 -3.7682318762778713 0.99752968282064869 1.0898642302400137 -0.026920217239246157 17.794196171186911 0.99894268982222378 0.21815468922731876 17.855919343885407 1 0.39710550334468914
0.38596902310156067 -3.9188247347093066 0.99854307689255783 1.0742092889377199 -0.041681857883309054 17.821337583994971 0.99945102694592958 0.21506257217871169 17.857751286108208 1 0.39696641721727466
4.4632279896667244 -0.43958785188666799 0.98967205524337776 0.53241139108481883 0.24288070359923528 17.677345384843413 1.0002619910921908 0.11702362651359859 17.936149568497559 1 0.51231092283562618
4.2917147666225821 -1.3018777469613565 0.99376574995298372 1.2107638974995483 0.21485706194371726 17.7261937333368 0.99889420425864672 0.24607207967227324 17.88207272726271 1 0.51249042250914989
3.9552644418325604 -2.1141328897896954 0.9969053632986169 1.2235386389453216 0.113859025387977 17.757634098946575 0.99751445332850197 0.24607098415506642 17.834855603391638 1 0.51244041968055842
3.4668182783977151 -2.8451442327381349 0.99447533243919595 1.1099512641833464 0.060872580706575224 17.733876254077774 0.99861407999332474 0.22247806480726554 17.87195459955268 1 0.51245343108212971
2.8451442327381349 -3.4668182783977151 0.99715028394462468 1.1240647286113807 0.021454998844279378 17.777578890108526 0.99838954350661113 0.22503517067407491 17.848747689635431 1 0.51245343108212948
2.1141328897896949 -3.9552644418325595 0.99751610617889974 1.102417762196678 -0.0053209960331773356 17.799763820309074 0.99926885060852499 0.22056676894565028 17.861846650937935 1 0.51244041968056153
1.3018777469613567 -4.2917147666225812 0.99797262336854564 1.0802978905738958 -0.015842510545875124 17.803850388900088 0.99904105321087899 0.21618649024067182 17.854506766012271 1 0.51249042250914389
0.43958785188666838 -4.4632279896667235 0.9988234273642328 1.0666468670861133 -0.030522928798680026 17.829099230790987 0.99960566454159072 0.2134587904983194 17.85850887301385 1 0.51231092283563739
5.0801176958662673 -0.50034594477976801 0.99366037884839076 0.63179699369905395 0.29341700446326924 17.751135074664539 1.0004057566265632 0.13929309548506397 17.909891972841137 1 0.66076589227953997
4.8848985940236398 -1.4818181360004303 0.99807785100339463 1.1880886100014751 0.20715290700548669 17.801707521601692 0.99881549235357348 0.24134553990592497 17.849722806384513 1 0.66099740649611116
4.5019454370926253 -2.4063399695688625 0.99624695988215206 1.1298622420615323 0.12045605657932648 17.75951586530428 0.99827947030788122 0.22744876766474709 17.853250955067889 1 0.66093291409085941
3.9459881783354644 -3.2383888068205366 0.99607877246695598 1.0854970887437374 0.074730028531372478 17.76397062146901 0.99869847771999809 0.21775503401080115 17.861950742502465 1 0.66094969587313901
3.2383888068205375 -3.9459881783354649 0.99771197405471002 1.1115391727293717 0.024919110998906466 17.796143183278843 0.99886945644370251 0.22248949507584814 17.853305357818954 1 0.66094969587314356
2.4063399695688625 -4.5019454370926235 0.99792727485416821 1.084932514340115 0.0090863327955274069 17.807656896557706 0.99930005951592704 0.21707009381421069 17.859460257221588 1 0.66093291409086452
1.4818181360004306 -4.8848985940236398 0.99841305533131497 1.0708072190822207 -0.0081308603772178491 17.816450760642528 0.99930708659602008 0.21424185593386838 17.856109486259189 1 0.66099740649611283
0.50034594477976835 -5.0801176958662673 0.9991449297040661 1.0577599658620156 -0.020687539869513789 17.836249529178389 0.99968477333438055 0.21162580730723629 17.857623205150773 1 0.66076589227954219
5.7791453121591276 -0.56919388375287494 0.99498790534831882 0.7026042841255753 0.23158778395219237 17.79971746254504 1.0018053199361752 0.14782414361759724 17.925372378757128 1 0.85170450807805498
5.557063930427411 -1.6857173094842999 1.0008097210764439 1.1234007535752528 0.14005399142940472 17.850630690831615 0.99882654672454063 0.22655243004394152 17.830414690420032 1 0.85200292194027927
5.1214161611926015 -2.7374539699958005 0.99572294512126103 1.0637158648232552 0.10705577171549692 17.76348700390281 0.99902816947452333 0.21392187495947587 17.870401152575518 1 0.85191979344812696
4.4889588092061139 -3.6839932876189345 0.99764373560029318 1.0696339964158033 0.077780992137235133 17.792190825170469 0.99871592393455366 0.21462950107774889 17.851049571286509 1 0.85194142458827982
3.6839932876189363 -4.4889588092061139 0.99788874186214349 1.0908662610320492 0.027138315366957835 17.807329062151009 0.99932024943652931 0.21831496818862353 17.860096947020427 1 0.85194142458827848
2.7374539699958009 -5.1214161611926015 0.99835917780350569 1.0686982856319549 0.01929054924541164 17.814711120682301 0.99926343532973161 0.21385324748453879 17.855714930600566 1 0.85191979344812163
1.6857173094843003 -5.557063930427411 0.99875195065996536 1.0600617500747187 -0.0016848077122308218 17.82669768869529 0.99954254793019692 0.21206112712662345 17.857892441514004 1 0.85200292194028504
0.5691938837528755 -5.7791453121591276 0.9993290043266827 1.0478877718958755 -0.011720651117240632 17.840288949659559 0.99972699261265319 0.20961927919541534 17.857061513610972 1 0.85170450807805098
6.5712470900110951 -0.64720879130581765 0.99072006080178843 0.75355098530717568 0.13414769910029289 17.729265980769764 1.0021386798924252 0.15291624544144827 17.962195367664975 1 1.0976472323478137
6.3187267682985127 -1.9167652596005587 1.0031877359644312 1.0875285063862437 0.095842797492585424 17.892383025051302 0.99878957090888409 0.21848098833392279 17.812836706803985 1 1.0980318177842625
5.8233682020705739 -3.1126551527484616 0.99529737760375458 1.0341760754145106 0.082824079427248398 17.763418012407168 0.99945145041922412 0.20755440287421301 17.881030011959094 1 1.0979246846665249
5.1042249188841859 -4.18892913454739 0.99897019736132575 1.0619015255913731 0.079281053046410213 17.819830017996505 0.99893919016810051 0.21308444198887957 17.845553074581467 1 1.0979525621297659
4.18892913454739 -5.1042249188841851 0.99850391267372507 1.0711758316638103 0.029107665571491869 17.824918763182147 0.99969107483153097 0.21434735873106511 17.862320593239463 1 1.0979525621297657
3.1126551527484616 -5.8233682020705739 0.99874619904291317 1.0549339745026614 0.024281079485339571 17.823799784020462 0.99938581774608615 0.21110751357859406 17.855133419567494 1 1.0979246846665227
1.9167652596005587 -6.3187267682985144 0.9993227933449661 1.048478251735059 0.0031508391494430039 17.840286173639228 0.99973305054405903 0.20972459191129991 17.857214114209061 1 1.0980318177842565
0.64720879130581854 -6.5712470900110951 0.99956048548029641 1.0352746688534145 -0.0051825634438803867 17.846676558440816 0.99985333627635187 0.20707271361003057 17.857663775987199 1 1.0976472323478084
7.4688169415931256 -0.73561135641982656 0.99246685675095314 0.90711572356703474 0.067659582956861891 17.768685925839058 1.0025991336918683 0.18169113470324338 17.957790202609065 1 1.4126994257383436
7.1818047457238787 -2.1785771631876996 1.0032827246163372 1.0525781716973086 0.086634807380908896 17.897601068448864 0.99898626198133533 0.21133464399367793 17.815669834340042 1 1.4131943968083589
6.6187849108388894 -3.5378142413064535 0.99568348311470911 1.018559687124728 0.0614954236905388 17.77072885391356 0.99947506576625567 0.20413646364759044 17.878678564381335 1 1.4130565138078763
5.8014134951360701 -4.7610970122853438 0.99943809262788663 1.0492403290247803 0.065421535437121245 17.833290366416524 0.9992257317700024 0.21033702641895977 17.847328752245112 1 1.4130923927999368
4.7610970122853438 -5.8014134951360701 0.99863787140848348 1.0433374798518142 0.031314212795999788 17.827272314621407 0.9996889534708906 0.20879393446644856 17.86132422151465 1 1.4130923927999373
3.5378142413064548 -6.6187849108388894 0.99896667619466983 1.0375942376669083 0.022900214084139097 17.830112988135429 0.99951915321626383 0.2076193057066128 17.855939002173649 1 1.4130565138078699
2.1785771631876996 -7.1818047457238769 0.99943885365094975 1.0318698537904987 0.0081198949916431191 17.843304017388842 0.99978605021068034 0.20640244124357304 17.85733124949758 1 1.4131943968083756
0.73561135641982722 -7.4688169415931274 0.99958025710072662 1.0220924951131525 0.0010927308362662686 17.847056104694008 0.99985482276980253 0.20443345581986014 17.857549034847622 1 1.4126994257382866
ZONE T="CylinderZone2", I=8, J=20, DATAPACKING=POINT, SOLUTIONTIME=20
-0.053248126149810185 -0.54063943307152518 0.97169760363793178 0.50598526949434242 -0.14632349527722427 17.424226209983793 1.0041772904201269 0.10512422485640932 18.138856971080326 1 0.0095016344836108928
-0.15769896780428186 -0.51986370485743083 0.97576987664283332 0.68505345973224796 -0.29409074324413353 17.479027925277585 1.0031315643292462 0.14886941339910584 18.089680933010463 1 0.0095049635953117929
-0.25608900321023348 -0.47910882671265759 0.98133080220262114 0.72890519128792119 -0.43631878162791726 17.567343251999517 1.0024868462960592 0.16969226369857512 18.037007425083679 1 0.0095040362119997081
-0.34463782010587446 -0.41994239884996309 0.98967034810789545 0.65121937120076168 -0.53193282854921908 17.724596741715295 1.0029374108113229 0.16792479518019562 17.984136136641538 1 0.0095042775294817607
-0.41994239884996309 -0.34463782010587446 0.9996153579576742 0.49792007867678462 -0.54628983106418127 17.928266445407008 1.0043692425194588 0.14751002708525035 17.937925254542844 1 0.0095042775294818249
-0.47910882671265781 -0.25608900321023365 1.009409152933878 0.32491370756833093 -0.46799553904841112 18.137630946848763 1.0062394708814977 0.11359155563639378 17.9013765163768 1 0.0095040362119997134
-0.51986370485743072 -0.15769896780428197 1.0169109907115021 0.181649879871356 -0.30760859086386694 18.301759187757025 1.0078546920957103 0.07116884783291165 17.87708557268483 1 0.0095049635953116992
-0.54063943307152507 -0.053248126149810511 1.0208764551374643 0.1017467751731695 -0.093044629781466548 18.390540415842057 1.0088098878341962 0.027454470309281529 17.866193311037755 1 0.009501634483611231
-0.062565672186717505 -0.63524243924753465 0.98184477527413505 1.1148675828402586 -0.37333365425913467 17.4869552240554 0.99737709684278131 0.23545215542161474 17.94131334435016 1 0.012674730951629024
-0.1852936927032425 -0.61083130039869793 0.98547435453067289 1.1333175791409822 -0.49801055625604207 17.530652574640055 0.99618679941282118 0.24805556252037178 17.893472296132501 1 0.0126791718291636
-0.30090036559027045 -0.56294498907871604 0.99050192149958582 1.0384756287996777 -0.58035265119488233 17.634664942137913 0.9970109237364766 0.23828418118912179 17.871860307070051 1 0.012677934743692717
-0.40494376863562048 -0.49342540974738552 0.99723099616937527 0.87742122136893019 -0.61215292552002887 17.792849116758976 0.99916624464533776 0.21406114217828304 17.862054885804298 1 0.01267825664979858
-0.49342540974738552 -0.40494376863562059 1.0044808486904346 0.68915704069457684 -0.57714115526463194 17.972451930948175 1.0019676416754009 0.17960429271236289 17.860310524303664 1 0.012678256649798533
-0.56294498907871593 -0.3009003655902705 1.0112593772330734 0.50935539676541752 -0.47058250868969398 18.142889562194004 1.0046896348096683 0.13836851398839581 17.860716230390473 1 0.012677934743692729
-0.61083130039869815 -0.1852936927032427 1.0163053296930966 0.37070993595383211 -0.30186465500968135 18.271910259894526 1.0068105947872412 0.095289476218815797 17.862821945091596 1 0.012679171829163548
-0.63524243924753454 -0.062565672186717811 1.0189269347605159 0.29324570631405833 -0.092710080208127488 18.340229924820136 1.0079749976841454 0.061266575132402031 17.865061523059826 1 0.012674730951629234
-0.073123849373486705 -0.74244183463027602 0.98724389748520069 1.2423460928856589 -0.39631564108955625 17.553644232422489 0.99570539608478015 0.2613675059478886 17.87199568973536 1 0.016779839423766891
-0.21656265491167406 -0.71391123026163072 0.99114295838603461 1.1500063154391194 -0.44428352359439632 17.642552998568693 0.99681177020672584 0.24696264253880515 17.863666858844653 1 0.016785718618536814
-0.35167836036645622 -0.65794393551948882 0.99581440463711546 1.0299810571429397 -0.4824785027394074 17.758152504811044 0.99863642721842416 0.22763241175599885 17.862737475454207 1 0.016784080864202414
-0.47327945353281875 -0.57669268271809082 1.0011292995908447 0.89072935525947561 -0.48966901492242737 17.888366168430753 1.0006185063046942 0.20322754709367757 17.860122591429786 1 0.01678450702967994
-0.57669268271809082 -0.47327945353281897 1.0066085086982255 0.74502855186734895 -0.451663661688669 18.024790371457328 1.0027615016301097 0.17400887469113122 17.859339232421025 1 0.016784507029679815
-0.65794393551948871 -0.35167836036645628 1.0117159810230256 0.611246693640492 -0.36419700145146111 18.151568115331386 1.0047165730815861 0.14196976631320202 17.857970266194297 1 0.016784080864202338
-0.71391123026163084 -0.21656265491167431 1.0155292258944351 0.50909947449912296 -0.2333136694634019 18.247111780968154 1.0062125565665994 0.11165683245383713 17.857667626924634 1 0.016785718618536911
-0.74244183463027591 -0.073123849373487051 1.0175085003318862 0.45013501114861704 -0.073929607306995215 18.298020095454319 1.0070570653014947 0.090912908014060309 17.858740872106676 1 0.01677983942376644
-0.085087827227279006 -0.86391462009425102 0.99152401551089031 1.1736610245553216 -0.32973315528822772 17.640085936446471 0.99628934442805328 0.24427357483903503 17.851559585389502 1 0.022126624834292636
-0.25199501835425242 -0.8307160514192089 0.99436943191621885 1.0952729683393019 -0.36905221588848847 17.712550456325218 0.99751942554737993 0.23144280147401305 17.853124321442316 1 0.022134377395788149
-0.40921734595229753 -0.76559180609844413 0.99797243689652537 1.0031859686675302 -0.39790673806900778 17.802829754626444 0.99898396824144098 0.21595336964439871 17.853487898095228 1 0.022132217781812104
-0.55071390138034471 -0.67104683042225921 1.0020587753824941 0.89635519327403745 -0.39502107157912236 17.906792483507179 1.0007201200696803 0.19583705722981171 17.855307207926334 1 0.022132779742114646
-0.6710468304222591 -0.55071390138034459 1.0064575209651747 0.78547640944279096 -0.35776724036746849 18.017388221437837 1.0025000740892038 0.17240797549443301 17.855754535358905 1 0.022132779742114802
-0.76559180609844413 -0.40921734595229764 1.010400505035717 0.68522307585566378 -0.28475263037082199 18.11757493896668 1.0041406258749352 0.14810053818644758 17.857024310625636 1 0.022132217781812069
-0.83071605141920868 -0.2519950183542527 1.0133411286361695 0.60928231105892028 -0.18138844121352096 18.192548037714815 1.0053699196119004 0.12680191860080792 17.858114067066197 1 0.022134377395788055
-0.86391462009425091 -0.08508782722727945 1.0148224515067339 0.56415704312840143 -0.058354791879835673 18.23181064744896 1.0060689864155947 0.11309075388180834 17.860092677908447 1 0.022126624834292778
-0.09864479022482954 -1.0015613190324728 0.99323635869513782 1.1459728998641263 -0.28597851315957618 17.688490469497793 0.99730085047165218 0.23654286729747326 17.857354458606391 1 0.0290674801921239
-0.29214514617771176 -0.96307325382466602 0.99583793038357638 1.0835573796603735 -0.3178751258975302 17.755139408466832 0.99844339674968408 0.22602027986496173 17.859115949972225 1 0.029077664638662144
-0.47441755845992806 -0.88757282412092575 0.99918136302642913 1.0027138031995306 -0.33204052830306963 17.837310155031286 0.99970776536659944 0.21128294012987861 17.857773450588891 1 0.029074827579827916
-0.6384586261728521 -0.77796408693367658 1.0027771440182245 0.91394500472281737 -0.32230726683245886 17.926988131968741 1.0011310492254843 0.19371281724283376 17.85751952496561 1 0.029075565820299517
-0.77796408693367647 -0.63845862617285221 1.0063846501789202 0.82552967795185572 -0.28805929185454493 18.016815590091603 1.0025407996837927 0.17464706613630429 17.856997081111221 1 0.02907556582029951
-0.88757282412092553 -0.47441755845992811 1.0095207882593553 0.74774523793908276 -0.22735222841644209 18.094772834807738 1.0037507790468947 0.15601660376033377 17.856311858541492 1 0.02907482757982794
-0.96307325382466602 -0.29214514617771214 1.0118211110453681 0.68927993568058543 -0.14439069667293244 18.152727414476686 1.00467634351604 0.14052003976118899 17.856513036943166 1 0.02907766463866205
-1.0015613190324726 -0.098644790224830081 1.0129531525013249 0.65370599072458779 -0.047024949847903091 18.182600002395446 1.0052050250741977 0.13073923105268606 17.857920296377987 1 0.029067480192124261
-0.11400684187378825 -1.157535463004074 0.99478252505594533 1.1240154123089869 -0.25071303991721577 17.726339265127418 0.99788141910034289 0.23057176278918226 17.8566361891043 1 0.038067205832387228
-0.33764120141130016 -1.1130536129826627 0.99719551859862465 1.0653232972237483 -0.26786633653497138 17.784665745444343 0.9987422347153756 0.21983500309382634 17.854728960516198 1 0.038080543535555379
-0.54829907840257786 -1.0257954259966178 0.99998938085717093 0.99742650295072233 -0.27540692791453963 17.855709855238672 0.99993036924104028 0.20695730603635909 17.855975315888003 1 0.038076828080968787
-0.7378864253362567 -0.89911721075573847 1.0029359718019126 0.92604670892197694 -0.26449789721638184 17.928778603046723 1.0010724801372073 0.19251264487541164 17.855343633423171 1 0.038077794891707373
-0.89911721075573836 -0.73788642533625692 1.0057899668624366 0.85617981560032264 -0.23390218082421765 18.001289488428252 1.0022691053802435 0.17730997216855024 17.85637909015967 1 0.038077794891707359
-1.0257954259966175 -0.54829907840257808 1.0082628138068546 0.79567066563070943 -0.1829685458541021 18.063327421798164 1.0032566119675028 0.16302215616705679 17.85642459101361 1 0.038076828080968746
-1.1130536129826623 -0.33764120141130033 1.0101041689492811 0.75046855967078163 -0.11559696781156316 18.109804467079119 1.0040044188121686 0.15156069614213413 17.856697117699873 1 0.038080543535555539
-1.157535463004074 -0.11400684187378886 1.010968807117185 0.72230943607288023 -0.0378457078009454 18.133152687986851 1.0044390512410921 0.14434003375576865 17.858314223103839 1 0.038067205832386306
-0.13141432693573835 -1.3342773229639162 0.99576478463878093 1.1099100830570223 -0.21652177216997373 17.752354066606106 0.99836009669788039 0.22635216743280717 17.858150659794479 1 0.049722115603906783
-0.38919498601988362 -1.2830036249529531 0.99792606787345317 1.0577888598133349 -0.22669357168775434 17.804798933838725 0.99914088963219805 0.21645447870209641 17.856624216852488 1 0.049739536867283503
-0.63201780843581745 -1.1824221534909289 1.0003992710555416 1.0000051483674206 -0.23145794019161581 17.867304494822815 1.0001697118370907 0.20527097199048797 17.857321821365719 1 0.049734683864326154
-0.85055288215010749 -1.0364016855989213 1.0028932112010474 0.94060143828909704 -0.2188358214265764 17.9287943491655 1.0011160423459478 0.19303683567460936 17.856425148730192 1 0.04973594668029236
-1.0364016855989211 -0.85055288215010771 1.0053140662319635 0.88369902621417862 -0.19137353129989143 17.98904725303268 1.0020616232716366 0.18065057859353481 17.856062595826241 1 0.049735946680292534
-1.1824221534909292 -0.63201780843581779 1.0072925067392384 0.83556445401444135 -0.14855138358985667 18.038932554364781 1.0028668090145618 0.16949060085837928 17.856362349509748 1 0.049734683864326272
-1.2830036249529528 -0.38919498601988389 1.0087900508672256 0.79991173180572195 -0.093486303447946215 18.076241037995825 1.0034491281796196 0.16079416123707607 17.856116767422982 1 0.04973953686728326
-1.3342773229639164 -0.13141432693573901 1.0094580748202393 0.77723310077355212 -0.030760022064113348 18.094341679190581 1.0037892194237681 0.15527440303721682 17.857439441103335 1 0.049722115603907137
-0.15113959170547103 -1.5345520881695649 0.99662386408729264 1.0951762257424578 -0.18341730829461581 17.771546834402955 0.9985779565766425 0.22224390429257487 17.855887271589353 1 0.06479954091232995
-0.44761307729884026 -1.4755822181157761 0.99850227957993576 1.0506082117312752 -0.19180922109555751 17.819798377441657 0.99940553816555644 0.21365830836430519 17.857230352154652 1 0.064822244891339337
-0.72688355786570213 -1.3599034874600275 1.0006862530124521 1.0011402316098439 -0.1936218071929503 17.873462378803595 1.0002274830328475 0.20391514803629876 17.856304504660621 1 0.064815920293926022
-0.97822070340124267 -1.1919653758975652 1.0026931832841879 0.95210632010363316 -0.18105011563737741 17.924518612113051 1.0010769574904281 0.19372920334927765 17.85715274603491 1 0.064817566038357963
-1.1919653758975648 -0.97822070340124312 1.0047305168720624 0.90579339238968126 -0.15741126859033611 17.97423788272706 1.0018182024604931 0.18370693487758397 17.855871604745957 1 0.064817566038357657
-1.3599034874600273 -0.72688355786570236 1.0063111952089612 0.86739172761254857 -0.1215047637312545 18.014368898189861 1.0024778239936374 0.17495550252111436 17.856396713780889 1 0.06481592029392623
-1.4755822181157761 -0.44761307729884053 1.0075295432067355 0.83912844377492724 -0.07618826279726533 18.044813232026598 1.0029577263911815 0.16826735587548425 17.8563005002921 1 0.064822244891339378
-1.5345520881695649 -0.15113959170547175 1.008047803269899 0.82075591770819711 -0.025126491892115091 18.059001703298019 1.0032302942742122 0.16396347566818587 17.857479506329184 1 0.064799540912329548
-0.17349124496562723 -1.7614931285506685 0.99726812516482888 1.0860855775769405 -0.15564754805445702 17.786813052735521 0.99879009943980501 0.21956924120896576 17.855064643461201 1 0.08428650574542472
-0.51380944706270659 -1.693802353052015 0.99889405998202663 1.0473507419070369 -0.16296473867721895 17.830630141447998 0.99962080752067117 0.21203087192253847 17.858274276434496 1 0.084316037421580475
-0.83438053508120114 -1.561016186495348 1.000805914704274 1.0045416164141323 -0.16239858799226026 17.876240613291422 1.0002633463484016 0.20349000388820276 17.856090686050823 1 0.084307810847616349
-1.1228872975583788 -1.368242130912841 1.0024788455898899 0.9633804765789854 -0.15078930611110722 17.9196919577142 1.0010213711611884 0.19492246535400695 17.857688216262979 1 0.084309951511662803
-1.3682421309128407 -1.1228872975583792 1.0041976553660903 0.92493870477999651 -0.13015393236579392 17.961425036905531 1.0016352812913458 0.18665768435046767 17.856399994297558 1 0.084309951511662776
-1.561016186495348 -0.83438053508120125 1.0055172882120651 0.89380167826271484 -0.099856115265149703 17.994299782251865 1.0021516273817197 0.17967927759547572 17.856222657824738 1 0.084307810847616252
-1.693802353052015 -0.51380944706270704 1.0065252289455082 0.87113240057065955 -0.062378512277870689 18.019469404008166 1.0025484275403791 0.17445043226126009 17.856135280947179 1 0.084316037421580309
-1.7614931285506685 -0.17349124496562809 1.006930933577816 0.85612393397857844 -0.020627255087607953 18.030586251685108 1.0027627470342879 0.17103837341596753 17.85707372678737 1 0.084286505745425039
-0.19881898628085926 -2.0186510173958916 0.99777450332055806 1.078891742259088 -0.13260822347986853 17.799859776650585 0.99901545201116149 0.21750924688779275 17.85546719991433 1 0.10945236356212067
-0.58881976105927136 -1.9410781613830483 0.99921942901733096 1.0441200530159191 -0.1371707180427279 17.838234614603323 0.99972149094966978 0.21064770999030161 17.857746501798516 1 0.10949071266351444
-0.95619056852230366 -1.7889067302993162 1.0008462936974527 1.007211603548188 -0.13561997961705405 17.877389701194843 1.000287285384631 0.20323103596110859 17.856229860211368 1 0.10948002983882762
-1.2868160249379843 -1.5679898631700402 1.0022916640041351 0.97252134103436783 -0.1253803872278775 17.914424735735778 1.0009140254985278 0.19602448314886031 17.857107004118049 1 0.10948280965200681
-1.5679898631700402 -1.2868160249379847 1.0036875782339696 0.94056498511235065 -0.10758742345791515 17.949274181886224 1.0014663675453481 0.1892009782861146 17.857017432934963 1 0.10948280965200667
-1.788906730299316 -0.95619056852230389 1.0047904374766679 0.91515756011602001 -0.082291743169466469 17.976227884822094 1.0018693679203647 0.18359847003544921 17.856357587710242 1 0.109480029838828
-1.9410781613830483 -0.58881976105927203 1.0056288848703332 0.89695311114736709 -0.05125749586991131 17.997104417702644 1.0021965970649345 0.17948627930277358 17.856231244155808 1 0.10949071266351421
-2.0186510173958911 -0.19881898628086028 1.0059431217754387 0.88467168749029668 -0.017000094538530373 18.00578450065769 1.0023667433528261 0.17675795549757223 17.857030994054579 1 0.1094523635621211
-0.22751907717189115 -2.3100490813347867 0.99815760801588493 1.0734128927269675 -0.11284776746652911 17.811221116465717 0.99926942745208402 0.21594458162032915 17.857264250770118 1 0.14192925095747105
-0.67381758232853595 -2.2212783610742082 0.99946363464176657 1.042096579636054 -0.11445730272707473 17.843560087730811 0.99977560886050787 0.20969620218260365 17.856967651543535 1 0.14197897906802823
-1.0942194194841073 -2.0471405474793403 1.0008260582173156 1.0101925850936171 -0.11346281131031984 17.877873578902992 1.0003345847577174 0.20327491095715913 17.857218624534639 1 0.14196512641782807
-1.4725716087813978 -1.7943336969808925 1.0021122582621127 0.98065598178628988 -0.10434027590950333 17.909350819110774 1.0008096763037215 0.19715843522335871 17.856523894943443 1 0.14196873106179828
-1.7943336969808921 -1.4725716087813978 1.0032612751548675 0.95379425276147767 -0.089102009213773925 17.938846528133507 1.0013098575540604 0.19146406542542166 17.857260964719785 1 0.14196873106179805
-2.0471405474793403 -1.0942194194841075 1.0041851790734029 0.93275985544722362 -0.067967634763076254 17.961278922477856 1.0016395775975293 0.18689342631296374 17.856565326931758 1 0.14196512641782685
-2.2212783610742077 -0.67381758232853639 1.0048999409695749 0.9180819500811932 -0.04217988456964164 17.9788136992732 1.0019042941975536 0.18363531218646384 17.85620170786812 1 0.14197897906802837
-2.3100490813347867 -0.22751907717189232 1.0051457953535914 0.90802165276569746 -0.014050222706047536 17.985611948595704 1.0020379856472774 0.18144127643528651 17.856837010304311 1 0.14192925095746875
-0.26004054076794125 -2.640246346713814 0.99846154700666567 1.0681537697999379 -0.094910591605120512 17.82027040949254 0.99947278377389537 0.21452898105039589 17.858723299457314 1 0.18381542747568394
-0.77013273201385346 -2.538786783903261 0.99964808665762261 1.0403190877641675 -0.094415755922079195 17.847355338909793 0.99980374220034607 0.20893944887822816 17.856152065102883 1 0.18387983135182406
-1.2506265984300668 -2.3397577979464268 1.000804997889752 1.0124562920912021 -0.094515367637563782 17.878035920344747 1.0003647189944773 0.20333459270356885 17.857906872332954 1 0.18386189050593846
-1.6830602612620869 -2.0508148621248745 1.0019220325945206 0.98726572650158395 -0.086265882707926136 17.90452475415486 1.0007299495926205 0.19813319053466405 17.856457320721827 1 0.18386655895284354
-2.0508148621248736 -1.6830602612620871 1.0029019244482105 0.96457026920597766 -0.073544544456245683 17.929746763444271 1.0011605254872713 0.19336182012723671 17.857156515299653 1 0.18386655895284348
-2.3397577979464268 -1.2506265984300668 1.0036578645208918 0.94703851838319253 -0.05599284767280354 17.948379464546861 1.0014460948136052 0.18960142642853378 17.856867412118941 1 0.18386189050593857
-2.538786783903261 -0.7701327320138539 1.0042694517039603 0.93520798961944118 -0.034648585465390076 17.963142549374957 1.0016594450783325 0.18701481749955998 17.856320115293411 1 0.18387983135182354
-2.640246346713814 -0.26004054076794281 1.0044604589933639 0.9270141821242367 -0.011612057341130907 17.968399420137729 1.0017620479294171 0.18525423977669117 17.856790756122198 1 0.18381542747568469
-0.29689218693327468 -3.0144088671849549 0.99874326139557523 1.0631100966184246 -0.078391513923865688 17.827732952028768 0.99960929184593417 0.21324093977199446 17.859147043541157 1 0.23780800652567211
-0.87927209488667046 -2.8985709620676903 0.99978390783704463 1.0388654806587962 -0.077188690006118055 17.85085055358612 0.9998636926533806 0.20836002692111474 17.856252354779627 1 0.2378913279182705
-1.4278591513012271 -2.6713365826538729 1.000818862861123 1.0142600524798016 -0.078330654980455439 17.878341952308158 1.0003679840825617 0.20341862971336783 17.857866199266066 1 0.23786811726150187
-1.9215751522086999 -2.3414460976485549 1.0017402627158407 0.99274929007022217 -0.070966177732567498 17.900417693544682 1.0006819403089884 0.19898867195683922 17.856896588553429 1 0.23787415698334194
-2.3414460976485545 -1.9215751522087006 1.0026139561582721 0.97340877120058134 -0.06057668016302177 17.922319354251758 1.0010332258131753 0.19495767592595728 17.856937057826944 1 0.23787415698334327
-2.6713365826538729 -1.4278591513012273 1.0032292791723922 0.95867382856680894 -0.045998856405193488 17.937835672013534 1.0012853665922092 0.19183210163315581 17.857051996162941 1 0.23786811726150528
-2.8985709620676903 -0.87927209488667157 1.0037582797171698 0.94908404507554378 -0.028394129264452356 17.950450487787041 1.0014614539846991 0.18976312336398449 17.856426695510692 1 0.23789132791826884
-3.0144088671849554 -0.29689218693327624 1.0039077021100589 0.94248763016885084 -0.0095828043928259613 17.954470858063779 1.0015366600701394 0.18836259997368543 17.85670441470802 1 0.23780800652567791
-0.33865057277848803 -3.4383905484524142 0.99901445231155683 1.057990576670248 -0.063079263469341493 17.833261460896427 0.9996478413751162 0.21201120535265386 17.857896335047442 1 0.3073734305204589
-1.0029431950947028 -3.3062598469926332 0.99987033963991101 1.0372635238624011 -0.062352636244110193 17.853809844546404 0.99994300320884011 0.20783310774588404 17.857051252859414 1 0.30748112572657138
-1.6286899444202667 -3.047064569614895 1.0008341772422593 1.015422953773492 -0.064068980433992465 17.878250275859209 1.0003475472327961 0.20345308611773794 17.857392075027445 1 0.30745112531027202
-2.1918479319182573 -2.6707744325951133 1.0015741810875942 0.99702354691104722 -0.057770059505588528 17.896753818240409 1.0006430194466545 0.19967497596245606 17.857386367887592 1 0.30745893181791573
-2.6707744325951133 -2.1918479319182587 1.002363174901427 0.9804819729069405 -0.049443693463265555 17.915949796850086 1.0009278200617975 0.19625454721922114 17.856843505377931 1 0.30745893181791745
-3.0470645696148946 -1.6286899444202674 1.0028658650277473 0.96805931291257818 -0.037435195974093179 17.928848389456956 1.0011463584132965 0.19364560978216458 17.857160649933093 1 0.30745112531026958
-3.3062598469926332 -1.0029431950947039 1.0033221560907835 0.96024618591074096 -0.023069400894977332 17.939703278149622 1.0012969178613216 0.19198020114895306 17.856596770437477 1 0.30748112572657088
-3.4383905484524142 -0.33865057277849003 1.0034373325077617 0.95505033365833436 -0.0078429947184214047 17.942682652023155 1.0013482605249258 0.19088786734650007 17.856692472472076 1 0.30737343052045568
-0.38596902310155962 -3.9188247347093066 0.99929055349581586 1.0527131480682486 -0.049385388433143843 17.838699371168666 0.99967638064427911 0.21080829487930056 17.856432311212473 1 0.39696641721727638
-1.1430809109845068 -3.7682318762778713 0.99999446010659709 1.0351137665435077 -0.049753336911771376 17.857329498626399 1.0000159908492376 0.20726010037779607 17.857467998329764 1 0.39710550334468697
-1.8562610469712906 -3.4728201568136887 1.0008682568648903 1.015883560804572 -0.051556054323359725 17.878704831420738 1.0003389183693749 0.20340372488010738 17.856994821080789 1 0.39706675842860167
-2.4981071141522144 -3.0439523258908805 1.0014651672295909 1.0001197455188644 -0.04652306139206934 17.894300064308119 1.0006147346246197 0.20017872671681206 17.857659093904083 1 0.39707684037148783
-3.0439523258908801 -2.4981071141522153 1.0021703169364549 0.98598677937900481 -0.039938858763329553 17.911164952310646 1.0008530679062022 0.19727494122124606 17.856884273767101 1 0.39707684037148883
-3.4728201568136892 -1.8562610469712908 1.0025884639941918 0.97547945062898822 -0.030164838175191489 17.921928747721477 1.0010368609413467 0.19508803335507668 17.857183517040998 1 0.39706675842859929
-3.7682318762778713 -1.1430809109845077 1.00298483729486 0.969039864229151 -0.018560930431177382 17.931409790512571 1.0011706158158875 0.19373016234538662 17.856745997807831 1 0.39710550334468825
-3.9188247347093066 -0.38596902310156161 1.0030712605954479 0.9650721349235849 -0.0063540031178907479 17.933513139681981 1.0012017831770914 0.19290273146829309 17.856686454152335 1 0.39696641721727144
-0.43958785188666738 -4.4632279896667235 0.99945634863439037 1.0473484185806419 -0.037087735651136496 17.842800989601873 0.99974036457719007 0.20962818934586769 17.85639022302086 1 0.51231092283562596
-1.3018777469613565 -4.2917147666225812 1.0000987264807724 1.0323613117249308 -0.038748717433806777 17.859894382725713 1.000055352431134 0.20661193258171867 17.857426132818468 1 0.512490422509151
-2.1141328897896954 -3.95526444183256 1.0008716476891286 1.0157095260040461 -0.040352634292338756 17.878468186626208 1.0003222887825853 0.20326940383547015 17.856673768743065 1 0.51244041968055964
-2.845144232738134 -3.4668182783977159 1.001373541506686 1.0021677912378808 -0.036713416927818578 17.892038976110001 1.0005798436582585 0.20050988521778251 17.857689955615051 1 0.51245343108212693
-3.4668182783977146 -2.8451442327381349 1.001991616747165 0.99019457095453289 -0.03156848616974986 17.906820660382234 1.0007887682514236 0.19806143542402971 17.857010785307999 1 0.51245343108213126
-3.95526444183256 -2.1141328897896954 1.0023473626959039 0.98133631210683703 -0.023809811412200357 17.915900425175558 1.0009408515348377 0.19623273148065173 17.857188669517718 1 0.5124404196805632
-4.2917147666225812 -1.3018777469613578 1.0026905244992244 0.9760019860948127 -0.014612685994858267 17.924192077469097 1.001061375123488 0.19511875434490736 17.856893728738839 1 0.51249042250914545
-4.4632279896667253 -0.43958785188666955 1.0027529793164265 0.97310456905039666 -0.0050451257774969211 17.925587336793527 1.0010769456749757 0.19451881445650618 17.856726585513819 1 0.51231092283563595
-0.50034594477976713 -5.080117695866269 0.99967543312463558 1.0413142380659803 -0.02687644980169113 17.848788448055874 0.99985667239177312 0.20834713588848047 17.856901983743274 1 0.66076589227954885
-1.4818181360004303 -4.8848985940236398 1.0002337911787438 1.028278252169762 -0.029240417768906783 17.863512148993877 1.000122859385276 0.20572614511502921 17.857666924707139 1 0.66099740649611016
-2.4063399695688616 -4.5019454370926262 1.000921914232106 1.0144101773799026 -0.030585352645171135 17.879557541900244 1.000333000059668 0.20294044515151199 17.85650625904746 1 0.66093291409086352
-3.2383888068205366 -3.9459881783354653 1.0013537494015705 1.0029327002895696 -0.028239071268291907 17.891363581043148 1.0005618494756108 0.20060968722093644 17.857509989301008 1 0.66094969587314589
-3.9459881783354658 -3.2383888068205366 1.0018847882573387 0.99300513819400982 -0.024347350272494898 17.90426978036696 1.0007528993287904 0.19858597192624283 17.857132346235765 1 0.66094969587313557
-4.5019454370926253 -2.4063399695688616 1.0021940260004873 0.98560627986695037 -0.018398667637992933 17.912058704439545 1.0008793311137334 0.19706897293289638 17.8571838701967 1 0.66093291409086141
-4.8848985940236398 -1.4818181360004314 1.0024962215910549 0.98112409905063325 -0.011249407855497315 17.91944515190092 1.0009902340123709 0.19614062913706415 17.857008940286278 1 0.66099740649610961
-5.0801176958662673 -0.50034594477977001 1.0025367908676344 0.97913119045901365 -0.0039416281007610895 17.920236167217389 1.0009939120898759 0.19573057940164659 17.856785505077507 1 0.6607658922795413
-0.56919388375287439 -5.7791453121591294 0.99982291904023068 1.0347276244716268 -0.017763091282973847 17.852230844966797 0.99990198986665169 0.20698615992302369 17.85665759186767 1 0.85170450807805653
-1.6857173094842997 -5.557063930427411 1.0002792142095003 1.0234275302942279 -0.02050973675432714 17.864937793178214 1.0001572572437416 0.20471050836399296 17.857956729999021 1 0.85200292194027627
-2.7374539699957996 -5.1214161611926032 1.0009053907424676 1.0122159397672332 -0.021852089811102857 17.879347806213758 1.0003377795259139 0.2024561675588161 17.856709489145768 1 0.85191979344812274
-3.6839932876189336 -4.488958809206113 1.0013113162874678 1.0027112936322982 -0.020608164076638399 17.890055788163071 1.000531110338261 0.20053136388372181 17.857264062904971 1 0.85194142458828215
-4.488958809206113 -3.6839932876189354 1.0017646181206092 0.99478156859275857 -0.017862300273875743 17.901326795845321 1.0007084312776264 0.19891793720975054 17.857195648470302 1 0.85194142458828415
-5.1214161611926023 -2.7374539699958 1.0020346749670253 0.98884329220493161 -0.013563611370156579 17.908073825783323 1.0008157983335617 0.19770663425364948 17.857186137177816 1 0.85191979344811974
-5.5570639304274101 -1.6857173094843014 1.0022970142995042 0.98513369417906227 -0.0082476826700445989 17.914551139987793 1.0009157450012351 0.19694348931772154 17.857099552558978 1 0.85200292194027583
-5.7791453121591285 -0.56919388375287694 1.0023213682454473 0.98386712266319842 -0.002987886193683017 17.914934804359081 1.0009128606536901 0.19668457948306312 17.856874539382641 1 0.85170450807805842
-0.64720879130581721 -6.5712470900110969 1.0001313378336574 1.0252022487928658 -0.010903119540053269 17.859500865830835 1.0000007095037249 0.20505197214710785 17.856217503895447 1 1.0976472323478057
-1.916765259600558 -6.3187267682985127 1.0004437823841899 1.015937224517776 -0.012972962206658702 17.868767296511496 1.0002070932596059 0.20318297206075342 17.857671423854935 1 1.0980318177842594
-3.1126551527484607 -5.8233682020705748 1.0009761448594181 1.0080464367438102 -0.014421900481343531 17.881491024468424 1.0003869737111548 0.20159091786499481 17.857082721815953 1 1.0979246846665216
-4.1889291345473882 -5.1042249188841859 1.0013518742135112 1.000928743374812 -0.014022854837185579 17.890939572763195 1.0005400107767652 0.20015135875372361 17.857133599601049 1 1.0979525621297588
-5.1042249188841851 -4.18892913454739 1.001750208651226 0.99505905081999324 -0.012445738018459548 17.900962808677903 1.0007024780930895 0.19895750662654754 17.857192160752664 1 1.0979525621297797
-5.8233682020705748 -3.1126551527484616 1.0019915230767118 0.99061363533221869 -0.0096184835837715334 17.906991963713999 1.0007984357293243 0.19805301539951453 17.857183949251947 1 1.0979246846665212
-6.3187267682985127 -1.9167652596005602 1.0022318087365054 0.98752902161853628 -0.0058479596349093055 17.912976610659939 1.0008928876468788 0.1974211494525441 17.857156455993778 1 1.0980318177842621
-6.5712470900110969 -0.64720879130581987 1.0022393229509974 0.9867882310035917 -0.0022396857762407348 17.912989616701907 1.0008861102381936 0.19727077195909656 17.856981985875354 1 1.097647232347811
-0.73561135641982534 -7.4688169415931274 1.0001046378485361 1.01463890533999 -0.0045000411234322217 17.859603502801274 1.000033153783229 0.20292641291016886 17.856987524599226 1 1.4126994257383538
-2.1785771631876996 -7.1818047457238778 1.000441038114398 1.0077891987331893 -0.0062907592770644009 17.868139749607561 1.0001747097534948 0.20154416128429287 17.857112842794386 1 1.4131943968083585
-3.5378142413064531 -6.6187849108388894 1.0009448030806807 1.0027765586495838 -0.0080573758689789533 17.880881644339393 1.0003842049470839 0.20052326835769047 17.857256953953996 1 1.413056513807875
-4.761097012285342 -5.8014134951360727 1.0013016057516151 0.99831440336357102 -0.0081726996202800498 17.889694875281887 1.0005206285533064 0.19961761448145385 17.857146256611561 1 1.4130923927999499
-5.8014134951360719 -4.7610970122853411 1.0016585416628347 0.99458616083851792 -0.0076422360359658494 17.898654590332008 1.0006650113883893 0.1988569940504667 17.857177219703239 1 1.4130923927999124
-6.6187849108388912 -3.5378142413064544 1.0018656061108344 0.99182757832551771 -0.0060613846506801421 17.903839876871654 1.0007480304053018 0.19829506833151656 17.857182225296356 1 1.4130565138078846
-7.1818047457238778 -2.1785771631877013 1.0020680952840033 0.98963065311976606 -0.0037946434655433759 17.908909549147396 1.0008291237025506 0.19784558329632201 17.857185666795303 1 1.4131943968083778
-7.4688169415931256 -0.73561135641982944 1.0020700278948271 0.98917776189226736 -0.0014904607542949779 17.908876736102698 1.0008253597503385 0.19775418451175386 17.857104733048196 1 1.4126994257382621
ZONE T="CylinderZone3", I=8, J=20, DATAPACKING=POINT, SOLUTIONTIME=20
-0.54063943307152507 0.053248126149810282 1.0203150626192499 0.10145297748596963 0.1335414004887665 18.378604859328345 1.0087098669245085 0.033396499036535854 17.868352983282929 1 0.009501634483610643
-0.51986370485743083 0.15769896780428189 1.0160006129551342 0.18336036093615929 0.33505423330989659 18.285170006194058 1.0078434069910911 0.076091274410529958 17.88329104439104 1 0.0095049635953120357
-0.47910882671265781 0.25608900321023348 1.0083225141872529 0.32648083702903047 0.48252923810557313 18.119005127741683 1.0062894280408783 0.1161555441248802 17.909979871843596 1 0.0095040362119996179
-0.41994239884996332 0.34463782010587446 0.99886767020122313 0.4951741112683537 0.55013052636288129 17.919030611806729 1.0046032554037394 0.14769301939350613 17.947475613092188 1 0.00950427752948153
-0.34463782010587457 0.41994239884996293 0.98931641172900064 0.64123672596087966 0.52862954448893329 17.726010093309881 1.0033762226206764 0.1659288818772949 17.994579115756856 1 0.0095042775294818978
-0.25608900321023381 0.47910882671265737 0.98163800109738952 0.70959207476445496 0.42973032823670854 17.584166149484243 1.0031328272037248 0.16565504189479752 18.046370578782437 1 0.0095040362119999285
-0.15769896780428228 0.51986370485743061 0.97637540951776547 0.65502611990630621 0.28686668714694497 17.504127573021904 1.003949027698698 0.14273616421981236 18.099930352010528 1 0.0095049635953119282
-0.053248126149810317 0.54063943307152496 0.9727043111298056 0.47002879045529133 0.13922447066286958 17.458068998861865 1.0050863882452497 0.09779455811853742 18.14776005901604 1 0.0095016344836106343
-0.63524243924753465 0.062565672186717672 1.0185248131537379 0.28718445515109342 0.127555021626752 18.333463483966177 1.0080009252196342 0.062597575921215801 17.868342100496296 1 0.012674730951629111
-0.61083130039869815 0.18529369270324247 1.0156223905034458 0.36395373180407603 0.33016791178724009 18.260477271262459 1.0068572096014268 0.097944599349149064 17.868452866774302 1 0.012679171829163489
-0.56294498907871604 0.30090036559027039 1.010475312000066 0.50548222050033542 0.49074818637645912 18.129848849608109 1.0047465014227319 0.14057044915262948 17.867269708293279 1 0.012677934743692767
-0.49342540974738552 0.40494376863562037 1.0039181505061281 0.68525965612777551 0.59018520354279003 17.965462972638896 1.0021393924378621 0.1806824061983153 17.867376331759974 1 0.012678256649798625
-0.40494376863562059 0.49342540974738552 0.9969363007221379 0.87093719452928031 0.61989343394764951 17.793265730540568 0.99948500133505258 0.21385867375552026 17.869865789906427 1 0.012678256649798532
-0.30090036559027067 0.56294498907871604 0.99065318996940521 1.0269349114817559 0.58552628598569378 17.646653121231282 0.99753635656903938 0.23671819787521953 17.880186714508255 1 0.012677934743692587
-0.18529369270324283 0.61083130039869793 0.98598437785575099 1.113621376459742 0.50301548228689297 17.553490798761423 0.99696861914843138 0.2447625212717395 17.903809508291225 1 0.012679171829163529
-0.062565672186717644 0.63524243924753465 0.98271284654912316 1.0832937239980986 0.37348502232415276 17.520323281595839 0.99839755446243383 0.2293576915806311 17.953322348727827 1 0.012674730951629364
-0.74244183463027602 0.073123849373486843 1.0171995365491631 0.43991648324238691 0.094768616019505383 18.295141512257818 1.0072044734511174 0.089679223415150472 17.86352483097637 1 0.016779839423766721
-0.71391123026163084 0.21656265491167412 1.0150174703083754 0.49567970826621149 0.2519004177673736 18.241351385845618 1.0064020634230741 0.11084864849305291 17.864632436795741 1 0.016785718618536838
-0.65794393551948882 0.35167836036645611 1.0111673485933583 0.60107231492342561 0.37893448533657764 18.145184217114888 1.0049081554098127 0.14176224442589305 17.865251288343938 1 0.016784080864202446
-0.57669268271809093 0.47327945353281875 1.0062154160940777 0.73661363586124995 0.46290401233371264 18.022422998385814 1.003021490926602 0.17373540296164297 17.866760882613342 1 0.016784507029679884
-0.47327945353281897 0.57669268271809071 1.0009589065287774 0.88255118212667272 0.49851208535357494 17.891127289316955 1.0009433160632106 0.20262700979026393 17.867136610592137 1 0.016784507029679731
-0.35167836036645644 0.6579439355194886 0.99588414007379622 1.0209409712779014 0.49043791883183274 17.767223075615718 0.99907655032065124 0.22663058574990255 17.870109457054753 1 0.016784080864202373
-0.21656265491167453 0.71391123026163061 0.99148483858174452 1.1392319188418201 0.45579338920833334 17.658049353048725 0.99734330193204723 0.2457321752169751 17.870726891187939 1 0.016785718618537022
-0.073123849373486857 0.74244183463027602 0.9878056662949829 1.2283373615071724 0.40762591441802781 17.576429353409942 0.99643085308826718 0.25930454613420562 17.880947770439196 1 0.016779839423766409
-0.86391462009425091 0.085087827227279228 1.0145881208491569 0.55206119754042071 0.072122555212076181 18.231449247613199 1.0062814020864908 0.11100239924474871 17.865513786659225 1 0.022126624834292997
-0.8307160514192089 0.25199501835425253 1.0129382557752742 0.59329586022439096 0.19524020850401722 18.189606001315877 1.0056071327058236 0.12457021568074993 17.865169011881484 1 0.022134377395787923
-0.76559180609844424 0.40921734595229742 1.0100189758300793 0.67281687549047575 0.29692279657858334 18.115077066819595 1.0043814412863978 0.14676325809734311 17.864005324038182 1 0.022132217781812132
-0.67104683042225921 0.55071390138034471 1.0061928350122067 0.77587126920508365 0.36829546904117227 18.01742655863039 1.0027659223053047 0.17153229574649939 17.862368799407911 1 0.022132779742114753
-0.55071390138034471 0.67104683042225899 1.00199538244314 0.88809292483388469 0.40442995572678386 17.911344463750215 1.001037835588934 0.19506771679893359 17.861428027304648 1 0.022132779742114823
-0.40921734595229781 0.76559180609844413 0.99810526752930939 0.99531292875593136 0.40622398598711867 17.812148215818731 0.99937384510737293 0.2150711352897158 17.859504833787259 1 0.022132217781812194
-0.25199501835425303 0.83071605141920868 0.99476690412975999 1.0865661955313544 0.38006767027763039 17.728119154633749 0.99799728709289492 0.23045490709455257 17.858821768697123 1 0.022134377395787844
-0.085087827227279159 0.86391462009425068 0.99204801749845162 1.1657920236798154 0.34173275955971893 17.65963992526008 0.99686690293896518 0.243350844779923 17.858133827909761 1 0.022126624834293226
-1.0015613190324726 0.098644790224829804 1.012769498196483 0.64082513545168096 0.056494109066046842 18.183894270064705 1.0054588727858076 0.12831236224268691 17.863725604839331 1 0.029067480192123876
-0.96307325382466602 0.29214514617771187 1.0114924114953716 0.67269446447209713 0.15500813101018118 18.151751986691902 1.0049488247556255 0.13772416443817961 17.863677453938365 1 0.029077664638662112
-0.88757282412092575 0.47441755845992795 1.0092633209933344 0.73495460555221881 0.23742260775687202 18.09510073096089 1.0040250336914924 0.15416048098664392 17.86301318153248 1 0.029074827579827881
-0.77796408693367669 0.6384586261728521 1.0062082415363633 0.81623757024407251 0.29755326850346714 18.018517811789781 1.0028113016190201 0.17351262172461807 17.86306774054195 1 0.029075565820299448
-0.63845862617285243 0.77796408693367647 1.0027694639050038 0.90687128035646103 0.33170657241717733 17.932186871097397 1.00142904213558 0.19298851436891332 17.862889650950692 1 0.029075565820299444
-0.47441755845992833 0.88757282412092564 0.99928110263806624 0.9973627704925625 0.34098595465954884 17.84495965343622 1.0000366632563804 0.21080447666390761 17.862935332080433 1 0.029074827579827905
-0.29214514617771253 0.96307325382466558 0.99615795508180938 1.078075352231739 0.3295744726577165 17.768028255316679 0.99884719704463709 0.22559543838420529 17.864042599151208 1 0.02907766463866206
-0.098644790224829748 1.0015613190324726 0.9936504590920483 1.141089292183125 0.2969297822262047 17.703846996831491 0.99775068959532964 0.23608356359336738 17.862430624623357 1 0.029067480192124639
-1.157535463004074 0.11400684187378846 1.0108187843594634 0.70927566091273397 0.044893081520521745 18.135428055669934 1.0047141839462337 0.14180514079134954 17.864266349561159 1 0.038067205832387027
-1.1130536129826625 0.33764120141130016 1.0098187567663965 0.73431996952829903 0.12432813494004341 18.109611980314313 1.0042775131987931 0.14863656924622634 17.863573395049315 1 0.038080543535555428
-1.0257954259966175 0.54829907840257786 1.0080937681610109 0.78359158164013798 0.19168799342954126 18.065152254045678 1.0035262166176395 0.16105569164642064 17.86242112692182 1 0.038076828080968739
-0.89911721075573847 0.7378864253362567 1.005686721760418 0.84808647995066155 0.242562844780636 18.003802203361623 1.0025119159959865 0.17619736857549648 17.861438411292681 1 0.038077794891707567
-0.73788642533625692 0.89911721075573836 1.0030010844509554 0.92061687011400728 0.27340762750937564 17.934609685442176 1.0013330562589948 0.19194367167934376 17.859527543313206 1 0.038077794891707158
-0.5482990784025783 1.0257954259966171 1.0001041842073419 0.99449961870769432 0.28385074536797034 17.862718123119464 1.0002080079600537 0.20682149761843674 17.860113030433062 1 0.038076828080968503
-0.33764120141130088 1.1130536129826623 0.99751111397566905 1.063336894241766 0.27930740819731131 17.795998998001057 0.99906249551838311 0.21998474499507251 17.858193820604015 1 0.038080543535555837
-0.11400684187378846 1.157535463004074 0.99510257360081078 1.1238292652501438 0.26108635685013915 17.738629313306049 0.99825210671680686 0.23095359693226644 17.860971154254276 1 0.038067205832386673
-1.334277322963916 0.1314143269357386 1.0093316830094179 0.76439593973221576 0.036126000478633444 18.09724052268114 1.0040757515690424 0.15273888082308207 17.863431544789762 1 0.049722115603906394
-1.2830036249529533 0.38919498601988362 1.0085330900358245 0.78474905299782727 0.1007571129774458 18.076446339758391 1.003716193309756 0.15794497904156754 17.862689267831477 1 0.0497395368672836
-1.1824221534909292 0.63201780843581734 1.007183333870084 0.82477324036183697 0.15606101431570438 18.041572809019051 1.003122313746172 0.16762014012285609 17.861686075260153 1 0.049734683864326314
-1.0364016855989213 0.8505528821501076 1.0052508001227523 0.87727365754652742 0.19913342433767339 17.991705965488141 1.002272798868231 0.17971400262182152 17.86027520197656 1 0.049735946680292145
-0.85055288215010794 1.0364016855989213 1.0029770293141542 0.93712019809521752 0.22713938426695793 17.934368358070856 1.0013435977475467 0.19272145513120095 17.859886894535375 1 0.049735946680292666
-0.63201780843581801 1.1824221534909287 1.0005035122463621 0.99955861852775196 0.2392091541277217 17.87300979126157 1.0003848412352525 0.20551711208254825 17.860418408382507 1 0.049734683864326008
-0.38919498601988445 1.2830036249529526 0.9981983273361783 1.0588804827980185 0.23714453454058304 17.813995055248256 0.99938428538827029 0.21708899881684202 17.859025382530088 1 0.049739536867283288
-0.13141432693573854 1.3342773229639162 0.99598393905425708 1.113979525608993 0.22560208112103655 17.761098920197721 0.99863210588052265 0.22747450064798758 17.86144389833705 1 0.049722115603907727
-1.5345520881695647 0.15113959170547128 1.0079383844305971 0.80833421715298603 0.029437280370943932 18.062243041493137 1.0035192873690146 0.16149009475034046 17.863399198115822 1 0.064799540912330117
-1.4755822181157761 0.44761307729884026 1.0072924341974046 0.82524381014622794 0.082459191961530801 18.045015522751374 1.0032050613110346 0.16560548053722482 17.862385553735773 1 0.064822244891339129
-1.3599034874600275 0.72688355786570202 1.0062471049078563 0.85819861256809127 0.12803702017711657 18.017300110109815 1.0027048030048773 0.17330520915280237 17.860894744256502 1 0.064815920293926119
-1.1919653758975652 0.97822070340124267 1.0046940604338543 0.90118886987022051 0.16422977658968163 17.976728953627468 1.0019934027533994 0.18302387120373664 17.859253491567202 1 0.064817566038357727
-0.97822070340124334 1.1919653758975648 1.0028027214112478 0.95048186515309485 0.18844715908278106 17.929768061330094 1.0012607554169217 0.19367455574898929 17.859650925108344 1 0.064817566038358018
-0.72688355786570247 1.3599034874600271 1.0007994132040348 1.0028250277078723 0.20024417488259483 17.878097223983033 1.0003737315160472 0.20448619305878393 17.85810761917201 1 0.064815920293926479
-0.44761307729884114 1.4755822181157758 0.9987319794578029 1.0542203156753707 0.20080714690200582 17.827374796226529 0.99960050150452373 0.21467783033246615 17.859070689837026 1 0.064822244891339267
-0.15113959170547131 1.5345520881695649 0.99678341082083877 1.1023436194106935 0.18997189182399055 17.777217534216859 0.99873670654816349 0.22386008754901979 17.857582476573743 1 0.064799540912330006
-1.7614931285506681 0.17349124496562754 1.0068347713116992 0.84425701517358798 0.024109445621652275 18.034004136446811 1.0030486226245903 0.16866333846666054 17.862846946458404 1 0.084286505745425372
-1.693802353052015 0.51380944706270648 1.0063026057947737 0.85868922602487208 0.067811262474399198 18.019483975731472 1.0027710310643265 0.17203433152940839 17.861680378495045 1 0.084316037421580114
-1.5610161864953485 0.8343805350812008 1.0054800620332223 0.88635270118255005 0.10551492336043783 17.997153699916502 1.0023476786732399 0.1783130243855641 17.859980364462718 1 0.084307810847616224
-1.368242130912841 1.1228872975583788 1.00416978606035 0.9221712095883855 0.13606293553220947 17.963373270447352 1.0017717282946548 0.18626605772517094 17.859030725744862 1 0.08430995151166315
-1.1228872975583795 1.3682421309128405 1.0026003225576567 0.96344855866421297 0.15725772914014044 17.92422904911939 1.0011535036516765 0.19512715214937412 17.859179775199241 1 0.084309951511662887
-0.83438053508120191 1.561016186495348 1.0008840611445948 1.0080195007134007 0.16773204714887888 17.87953983559445 1.0003698416289359 0.20433808188335953 17.857434039393958 1 0.084307810847615849
-0.5138094470627077 1.6938023530520148 0.99907859944757416 1.052854218907135 0.1703725747108123 17.836524461367606 0.99976655423735605 0.21333489471459305 17.859558344810861 1 0.084316037421580295
-0.17349124496562765 1.7614931285506681 0.99735400311242772 1.0953723071108019 0.1593819636681815 17.78980890036145 0.99887231039278357 0.22150632984415616 17.855919267246936 1 0.084286505745425275
-2.0186510173958916 0.19881898628085964 1.0058589602406962 0.87346188137609726 0.019867912139960735 18.009267989513898 1.0026445517835132 0.17450696822582448 17.862577913603502 1 0.10945236356212013
-1.9410781613830483 0.58881976105927158 1.0054195130105794 0.88603837696615462 0.056016103374081333 17.996817745817836 1.0023893306824208 0.17734971358728652 17.861152766381185 1 0.10949071266351454
-1.7889067302993165 0.95619056852230322 1.0047729222043786 0.90947555487136456 0.087165525965260768 17.978824857037921 1.0020315721907114 0.18254327807660722 17.859373089691175 1 0.10948002983882785
-1.5679898631700402 1.2868160249379843 1.0036685568958081 0.93947631219403704 0.11259098232275244 17.950588798639753 1.001558696599514 0.18909248022704372 17.858799121220944 1 0.10948280965200671
-1.2868160249379847 1.56798986317004 1.0024099769287433 0.97394419417453915 0.13083547599629963 17.918246561414769 1.0010093968279832 0.19643944995453316 17.857965335882241 1 0.10948280965200657
-0.95619056852230455 1.788906730299316 1.0008881047085729 1.0119922874539915 0.13956330327695785 17.879559080211187 1.0003668769010046 0.2042766330010117 17.857352259141724 1 0.10948002983882793
-0.58881976105927269 1.9410781613830481 0.99938912562650273 1.0506513243466367 0.14280340872377248 17.842660770372248 0.99979975413431144 0.21208358648592385 17.857931437975111 1 0.10949071266351479
-0.1988189862808597 2.0186510173958907 0.99779812774263155 1.0891764173501279 0.13371738448269832 17.801198326581417 0.9990669229770045 0.21957324546090382 17.856218031492713 1 0.10945236356212001
-2.3100490813347867 0.22751907717189163 1.0050732522613013 0.89754967802029217 0.016403250591066766 17.989087141290817 1.002303938128045 0.17933344319113054 17.8620920878212 1 0.14192925095747277
-2.2212783610742082 0.67381758232853584 1.0047015104265107 0.90874112388907369 0.046359902742591774 17.978149510267556 1.0020651517529986 0.18179695612847427 17.860479350518986 1 0.14197897906802731
-2.0471405474793403 1.0942194194841073 1.0041792534574279 0.92879233323442978 0.07213914706956398 17.963452077371183 1.0017666784163726 0.18615356345023912 17.858873349523201 1 0.14196512641782735
-1.7943336969808925 1.4725716087813978 1.0032396861008555 0.95415098140652033 0.093289064418201992 17.939397843190509 1.0013621790246765 0.19160967186448186 17.858347778265934 1 0.14196873106179853
-1.4725716087813983 1.7943336969808921 1.0022044674957082 0.9830936189954167 0.10881263395708246 17.912315128238312 1.0008832315712648 0.19773213571306711 17.857179041441306 1 0.14196873106179783
-1.0942194194841082 2.0471405474793407 1.0008542758332339 1.0157848711959323 0.1161274842563236 17.878971577257175 1.0003678172186961 0.20444267229919413 17.857610473755024 1 0.14196512641782724
-0.67381758232853728 2.2212783610742073 0.99959663760264861 1.0488693100980286 0.11842746056042573 17.846585787093645 0.9998120896234195 0.21112662474960184 17.856668765754378 1 0.14197897906802753
-0.22751907717189165 2.3100490813347863 0.99814843383184448 1.0835376264310248 0.11164602012424045 17.811544894918743 0.99929677716687448 0.21793151168266903 17.857818652426435 1 0.14192925095747333
-2.6402463467138135 0.26004054076794192 1.0044001622651184 0.91735728382266846 0.013549028714190206 17.971819067840098 1.0020128476152046 0.18330707512913044 17.861690251503187 1 0.1838154274756815
-2.5387867839032614 0.77013273201385346 1.0040828858474917 0.92745254927458443 0.038346715096723057 17.96209730716447 1.0017872650923416 0.18548331153708369 17.859925957848315 1 0.18387983135182451
-2.3397577979464268 1.2506265984300664 1.0036601883158809 0.94466245749214084 0.059537534175100583 17.950080358120612 1.0015386788233072 0.18916188221835292 17.858501745896948 1 0.1838618905059391
-2.0508148621248745 1.6830602612620866 1.0028706965550829 0.96605552228385905 0.076997228508083521 17.929572708134888 1.0011819809317792 0.19370937489612716 17.857761625154019 1 0.18386655895284232
-1.6830602612620873 2.0508148621248741 1.0019922659786178 0.99034160675098937 0.089803642543527656 17.906681314060886 1.0007803319213038 0.19880343744907222 17.856855628327811 1 0.18386655895284273
-1.2506265984300675 2.3397577979464259 1.0008272834377803 1.018308918573424 0.096013124892818574 17.878204015040922 1.0003518492683734 0.20452907934659503 17.857518073027254 1 0.18386189050593879
-0.77013273201385501 2.5387867839032605 0.99971597474570251 1.046611010816759 0.097060238721314612 17.849316585140194 0.99984570914429138 0.21023660822411391 17.856416524323791 1 0.18387983135182512
-0.26004054076794192 2.6402463467138144 0.99846483632255156 1.0770645827073559 0.091663355125012724 17.820003006066489 0.99945449352181648 0.21625059914567521 17.858372953692321 1 0.18381542747568308
-3.0144088671849549 0.29689218693327546 1.003860600563713 0.93372066635226858 0.01118536823263303 17.95780339299813 1.0017695568303138 0.18659251198094554 17.861192013243461 1 0.23780800652567466
-2.8985709620676907 0.87927209488667046 1.0035822674404131 0.94290791690778109 0.031703466357756789 17.948993834988752 1.0015558129197402 0.18854153930484699 17.859361894853787 1 0.2378913279182697
-2.6713365826538733 1.4278591513012266 1.0032332981546863 0.95771348467148509 0.04901824436364078 17.939003208132611 1.0013465267177279 0.19166442352185034 17.858114117573027 1 0.23786811726150386
-2.3414460976485549 1.9215751522086999 1.0025651176277355 0.97569027096939509 0.063404854059586707 17.921390506205526 1.001030107313726 0.19544901317034497 17.857229372380882 1 0.23787415698334058
-1.9215751522087008 2.341446097648554 1.0017920727188856 0.99610596787683758 0.073710620413344891 17.901794715364613 1.0007071629955604 0.19969530228033366 17.856977261133469 1 0.23787415698334494
-1.4278591513012282 2.671336582653872 1.0008078982108601 1.019875009344166 0.078839502008571621 17.877579845606377 1.0003363003895853 0.20454915570074039 17.857378860388057 1 0.23786811726150348
-0.87927209488667257 2.8985709620676894 0.99980893229020029 1.0441235638469206 0.078979795069418213 17.852099073313667 0.99990859729573767 0.20943085249758184 17.856875512006638 1 0.23789132791826839
-0.29689218693327546 3.0144088671849558 0.99877140073391546 1.0702707873257247 0.073572709664968997 17.827090400734519 0.99954510176553724 0.21460813384651126 17.857798961498112 1 0.23780800652567877
-3.4383905484524133 0.33865057277848887 1.0034044219799061 0.94725288668571528 0.009190136558803479 17.945899040040889 1.0015606102255616 0.18931182979027059 17.860713549322131 1 0.30737343052045929
-3.3062598469926341 1.0029431950947028 1.0031572860844435 0.9556112542439088 0.026078761324748002 17.937867318039412 1.001358991938833 0.19106362391303519 17.858877681972068 1 0.30748112572656977
-3.0470645696148946 1.6286899444202667 1.0028676750453118 0.96828017767441454 0.040037725254225491 17.929497962125524 1.0011808235553765 0.19370718473174645 17.857762502602863 1 0.30745112531027252
-2.6707744325951137 2.1918479319182578 1.002295150094308 0.98321511069784462 0.051755445532835294 17.914322682206922 1.0009048423011857 0.19682624076906458 17.856918325158023 1 0.3074589318179175
-2.1918479319182587 2.6707744325951124 1.0016048417875918 1.0003352309931965 0.059879766333613749 17.897438242897408 1.0006506545588352 0.20035999208926547 17.857303962667871 1 0.30745893181791439
-1.6286899444202683 3.0470645696148941 1.000779803787101 1.0204260607262026 0.063825986589263792 17.876568379036968 1.0003077843705825 0.20445258223826931 17.857070323562848 1 0.30745112531027008
-1.002943195094705 3.3062598469926332 0.99989106287981344 1.0412128736467703 0.063623742583493806 17.854538877956774 0.99996310921132336 0.2086348362792618 17.857262264834368 1 0.30748112572657182
-0.33865057277848903 3.4383905484524133 0.99902413799836387 1.0634013940389391 0.05735934778902585 17.832407602199766 0.9995902868469676 0.21303309317923433 17.856798919980193 1 0.30737343052045796
-3.9188247347093057 0.38596902310156023 1.0030547929795528 0.95831711914685502 0.0075240824485246546 17.936620472345766 1.0013917010526854 0.1915360969026699 17.860190973657581 1 0.39696641721727083
-3.7682318762778721 1.1430809109845073 1.0028276799875964 0.96589572761486187 0.021359514089759255 17.929153870601933 1.0012015381406791 0.1931103934815589 17.858416868280635 1 0.3971055033446888
-3.4728201568136887 1.8562610469712901 1.0025828910168828 0.97660779614160143 0.032465287173712783 17.922053696303635 1.0010494044192151 0.19532699176377794 17.857446981170359 1 0.39706675842859879
-3.0439523258908809 2.4981071141522149 1.0020775239967128 0.98886820996935709 0.041852521770089086 17.908814792639838 1.0008144113730719 0.19787014037673839 17.856855955959915 1 0.39707684037149144
-2.4981071141522149 3.0439523258908792 1.0014700609564671 1.0031487379432127 0.048156741954393588 17.894312595398514 1.0006105457883061 0.20079950440998129 17.857549432253588 1 0.39707684037148694
-1.8562610469712921 3.4728201568136878 1.0007798028364772 1.0200743387634077 0.050867761319324259 17.876137265893675 1.000283661796352 0.20423940558278944 17.856639704383056 1 0.39706675842859868
-1.1430809109845097 3.7682318762778713 0.99999857098796618 1.0377390766226076 0.050682710360080145 17.857652707189661 1.0000299796016459 0.20779208512309155 17.857688433571784 1 0.3971055033446893
-0.38596902310156039 3.9188247347093066 0.99926821992733728 1.0565871766062369 0.043572984764399185 17.837905502575836 0.99965423413765886 0.21153362481385732 17.856196356950015 1 0.39696641721727927
-4.4632279896667244 0.43958785188666843 1.0027534636015354 0.96747421063441086 0.0060762269890212404 17.928552318905446 1.0012420452706829 0.1933786029420525 17.859668102114735 1 0.51231092283563084
-4.2917147666225812 1.3018777469613565 1.0025417600577311 0.97422829859643789 0.017253834933569929 17.921598743327731 1.0010650613785197 0.1947725194671894 17.858019335068061 1 0.51249042250914878
-3.9552644418325609 2.1141328897896945 1.0023314478203753 0.98304969216885596 0.025887750157890112 17.91554822157525 1.0009370668062023 0.1965860140842374 17.857234561018871 1 0.5124404196805602
-3.4668182783977159 2.845144232738134 1.0018749212488243 0.99295181733546001 0.033200591292568922 17.903859868756737 1.000739843195243 0.19862787954278394 17.856969722104452 1 0.51245343108212749
-2.8451442327381344 3.4668182783977151 1.0013522000598858 1.0048235663378624 0.038008965652784894 17.891346103694268 1.0005624201845433 0.2010519065309386 17.857531227029124 1 0.51245343108213048
-2.1141328897896967 3.9552644418325587 1.0007459255677824 1.0191218480525397 0.039544658795483426 17.875053477474196 1.0002568765031419 0.20395156216161101 17.856403329071039 1 0.51244041968056109
-1.3018777469613592 4.2917147666225812 1.0000547567576166 1.0340332600268836 0.039426135040427676 17.859587334487525 1.000082128420634 0.20694842523224974 17.858218318110602 1 0.51249042250914645
-0.43958785188666832 4.4632279896667253 0.99944503160655629 1.0501006010361178 0.031734050544518076 17.841736977170523 0.99969206716709413 0.21014835682385011 17.855608454855719 1 0.5123109228356354
-5.0801176958662682 0.50034594477976824 1.0025587089416366 0.97467976376552778 0.0048355824367910328 17.923130551636234 1.0011337000817344 0.19482794471998416 17.859123012945417 1 0.66076589227955118
-4.8848985940236398 1.4818181360004303 1.0023491613555855 0.98057879323038111 0.013741412037189994 17.916435301963091 1.0009689383026052 0.19604006185743075 17.857676930929337 1 0.66099740649610916
-4.5019454370926262 2.4063399695688616 1.0021638572409308 0.98755935949207541 0.020267702908603861 17.911246112612648 1.0008640543161698 0.1974681696756421 17.857126330409351 1 0.66093291409086097
-3.9459881783354653 3.2383888068205366 1.001741574443245 0.9954723946283317 0.025738093066931804 17.900665549925577 1.0006944857954814 0.19909189269457683 17.857111106157745 1 0.66094969587314756
-3.2383888068205371 3.9459881783354644 1.0013044140203324 1.0052535677191712 0.029293085693163846 17.889935370712443 1.0005312726822699 0.20108264760068406 17.857316198308084 1 0.66094969587313834
-2.4063399695688639 4.5019454370926235 1.0007472580905845 1.017181969377972 0.029855656336237775 17.875302563736401 1.0002694830483718 0.20349658766886611 17.856618868174568 1 0.66093291409085708
-1.4818181360004339 4.8848985940236398 1.0001775263065384 1.0293752962859588 0.029804761852560049 17.862712647310076 1.0001343570347681 0.2059475036580202 17.858274050920965 1 0.66099740649611349
-0.50034594477976813 5.0801176958662673 0.99967957704679411 1.0431644491463921 0.022245000045461521 17.847263860113291 0.99976712344532059 0.20870462338446796 17.855273081843453 1 0.66076589227954152
-5.7791453121591267 0.56919388375287494 1.0023624811288514 0.98066645386850271 0.003641137990131289 17.917666453759058 1.0010244190515796 0.19603425767992033 17.858571803690651 1 0.85170450807805198
-5.557063930427411 1.6857173094843001 1.0021561820810352 0.98550694500690439 0.010459498516987086 17.911346802166964 1.0008773460634288 0.19702607850479631 17.857418183078725 1 0.85200292194027982
-5.1214161611926041 2.7374539699957992 1.0019898376229879 0.99064256708901755 0.015106102342323758 17.906876345838089 1.000793657435759 0.19807296150541312 17.85711070546985 1 0.85191979344812263
-4.488958809206113 3.6839932876189345 1.0016022384340133 0.99683496422746698 0.018949312102411544 17.89725755225269 1.0006431529495705 0.19933891873622439 17.857188656905034 1 0.85194142458828104
-3.6839932876189354 4.4889588092061139 1.0012258984952214 1.0047844111671458 0.021431278187594549 17.887782412443656 1.0004893156926202 0.20095342937612359 17.857127464193677 1 0.85194142458827615
-2.7374539699958023 5.1214161611926015 1.0006867938117856 1.0145314807943733 0.021281768203103874 17.874214118901289 1.0002690110347432 0.20292364126987253 17.857042012478416 1 0.85191979344812407
-1.6857173094843039 5.557063930427411 1.0002207985955494 1.0245423097388482 0.021040984184444084 17.863259360073446 1.0001216976417133 0.20493919913951916 17.857738967158884 1 0.85200292194028016
-0.56919388375287494 5.7791453121591276 0.99973810813660302 1.0363589448120463 0.013901139298915883 17.849310176979809 0.99982321442020439 0.20730875963476308 17.855856659051991 1 0.8517045080780602
-6.5712470900110951 0.64720879130581832 1.0023122298221432 0.98476555083699835 0.0025651916618849233 17.91584889998207 1.000973057584795 0.19685802445370251 17.858013614694311 1 1.0976472323478357
-6.3187267682985144 1.9167652596005582 1.0020866947608009 0.98847984334912631 0.0075281606249366206 17.909438554870682 1.0008401101994933 0.1976187085327768 17.857249112911852 1 1.0980318177842476
-5.8233682020705757 3.1126551527484607 1.0019342493665537 0.99189551309851565 0.010599008561682687 17.905512701471029 1.0007729657486342 0.19831379779748035 17.857137781684578 1 1.0979246846665334
-5.1042249188841859 4.1889291345473882 1.0015652718423989 0.99667823380960652 0.01299254143113052 17.896336633865289 1.0006285946743758 0.19928995634833649 17.857192482476226 1 1.0979525621297659
-4.18892913454739 5.1042249188841859 1.0012351531768184 1.002659552471858 0.014499949680293323 17.887962346384384 1.0004901317752455 0.20050374776842333 17.857076006458215 1 1.0979525621297648
-3.1126551527484634 5.823368202070573 1.0007237890259331 1.0098515692237728 0.013769383400410421 17.875410566563314 1.0002989852424748 0.20195889838916936 17.857313049459652 1 1.0979246846665267
-1.9167652596005627 6.3187267682985127 1.0003808683205622 1.0172905154103549 0.013407455931593001 17.866618435932104 1.0001497060169759 0.2034605435996894 17.857096027642029 1 1.0980318177842494
-0.6472087913058181 6.5712470900110951 0.99991731253237492 1.026875990364966 0.0077861739277796304 17.854806494334184 0.99995184611293442 0.20538604678799602 17.856873615670619 1 1.097647232347837
-7.4688169415931256 0.73561135641982722 1.0021636910774629 0.98820504996436609 0.0015010731664896334 17.911613749517702 1.0008847634816367 0.19755386300029132 17.857497001679278 1 1.412699425738317
-7.1818047457238814 2.1785771631876996 1.0019379246809614 0.99051724673756436 0.0044888102218016398 17.905647924525862 1.0007768525520646 0.19802857889385678 17.857180933668584 1 1.4131943968083855
-6.6187849108388921 3.5378142413064531 1.0017947767202831 0.99245247906439327 0.006296313389406622 17.90205692484907 1.0007191193541132 0.19842315802789304 17.857171334920416 1 1.4130565138078761
-5.8014134951360727 4.761097012285342 1.0014622371250292 0.99571395320525058 0.0074732145281348611 17.893740412418133 1.0005863675040687 0.19909003798034872 17.857173733503526 1 1.4130923927999395
-4.7610970122853429 5.8014134951360701 1.0011477076806841 0.99942802903534889 0.0080342004908515504 17.885837592684688 1.0004586700330218 0.19984623764304929 17.857138323300696 1 1.4130923927999353
-3.5378142413064557 6.6187849108388885 1.0006687772804645 1.0039854192976281 0.0070979435191649547 17.874009691475024 1.0002755800836205 0.20077443895924196 17.857287887638694 1 1.413056513807863
-2.178577163187704 7.1818047457238761 1.0002955220644196 1.0089581373562477 0.005972156729649577 17.864271651483779 1.0001036587289887 0.201784704230381 17.856883270637944 1 1.4131943968083822
-0.73561135641982711 7.4688169415931274 0.99981980550953231 1.0157878065871724 0.0024974867988117279 17.853185386902968 0.9999585676355639 0.20316238405135634 17.857690224889271 1 1.4126994257382968
ZONE T="CylinderZone4", I=8, J=20, DATAPACKING=POINT, SOLUTIONTIME=20
0.053248126149810074 0.54063943307152496 0.96972774405791473 0.22265516041804886 0.038216122973159156 17.423767418032856 1.0061906348029268 0.045042998287812226 18.189983948389923 1 0.009501634483610473
0.15769896780428203 0.51986370485743083 0.96995472220439605 0.033848729220597638 0.017830418985256426 17.452390089824846 1.0076076971687258 0.0076226223777680182 18.213896534234994 1 0.0095049635953119611
0.25608900321023359 0.47910882671265759 0.97490967864064759 -0.050772117474750585 0.034828408218091779 17.513609956331074 1.0060030975244234 0.012277141402806618 18.147864944009061 1 0.0095040362119996127
0.34463782010587429 0.41994239884996332 0.97750044793876167 -0.062754516208448685 0.038114917215922244 17.553315105874724 1.0056114521112838 0.014643489163915027 18.121552348961199 1 0.0095042775294813791
0.41994239884996304 0.34463782010587463 0.97925057103653712 -0.040069762413268852 0.030990609084856631 17.564468551365099 1.0044520441757601 0.010108670300859051 18.087712525910394 1 0.0095042775294820608
0.47910882671265737 0.25608900321023376 0.97881925179340135 -0.018722403491723848 0.036041024874572433 17.5594530457541 1.004607712529505 0.0081041184021391245 18.093703962003957 1 0.0095040362119997446
0.51986370485743061 0.1576989678042823 0.97913073113527571 -0.011546321918476906 0.051975923622953848 17.557308232730744 1.0041654589421627 0.010626485522848938 18.083437077361189 1 0.0095049635953118865
0.54063943307152496 0.053248126149810254 0.97922963527861484 -0.010180481631904088 0.05110068830643999 17.560879896948833 1.0042682918915411 0.010398814774732401 18.084558254466053 1 0.009501634483610787
0.062565672186717408 0.63524243924753476 0.97992052436452748 0.87480711983712689 0.20116874629489997 17.520157477717891 1.0012330523973487 0.17941728392980538 18.024814743998281 1 0.012674730951629305
0.1852936927032427 0.61083130039869804 0.97687393682863732 0.5232160363425391 0.065092284375089127 17.542216721650632 1.0056201709756141 0.10515481821285436 18.126357463989248 1 0.012679171829163522
0.3009003655902705 0.56294498907871604 0.97638427432980568 0.19546062551664872 0.023398716287947766 17.557914749342626 1.0070248474658825 0.039233672094260326 18.155317554694861 1 0.01267793474369271
0.4049437686356202 0.49342540974738552 0.97789747309734554 -0.00072338329831724848 0.03201473100797738 17.565432847243681 1.0058971062594759 0.0063857793654121427 18.123755834300052 1 0.012678256649798721
0.4934254097473853 0.40494376863562059 0.97933252027706352 -0.060032369589379797 0.059084559858068132 17.571352062132419 1.0047616045284702 0.01680624614297058 18.092681322948629 1 0.012678256649798518
0.56294498907871604 0.30090036559027067 0.97927767788587028 -0.040409811371832215 0.095810193954281531 17.565787564441674 1.0044996682593468 0.020750046920266982 18.088369837016874 1 0.012677934743692656
0.61083130039869793 0.18529369270324292 0.97918739634010998 -0.024686368848212167 0.1198332653245804 17.558886328777305 1.0041976000187465 0.024418726628196177 18.083597274151799 1 0.012679171829163526
0.63524243924753465 0.0625656721867177 0.97914865583067123 -0.036648299326978571 0.10315500749068911 17.559350498392945 1.0042638786421851 0.021847811611159978 18.08507703020128 1 0.012674730951629383
0.073123849373486552 0.74244183463027602 0.98508400335176738 1.226463704236495 0.32482916337862627 17.532792239946335 0.99670318577871009 0.25416937085281144 17.905584942761948 1 0.016779839423766665
0.21656265491167431 0.71391123026163072 0.98230072433735094 1.0147914490751282 0.1948698070229396 17.536776955606488 0.99975443786786511 0.20669186683701363 17.980738639628427 1 0.01678571861853688
0.35167836036645628 0.65794393551948882 0.97885660274707031 0.60922098512189438 0.084237080957933058 17.557796186283905 1.0044745906953227 0.12272915499770753 18.091030209995743 1 0.016784080864202439
0.47327945353281881 0.57669268271809093 0.97776077077559398 0.20806906737109682 0.046836607291445113 17.567665731725551 1.0061656279762075 0.042524191162719119 18.129607718338029 1 0.016784507029679742
0.57669268271809071 0.47327945353281897 0.9793604700792804 -0.0081161305900321907 0.079773174727994708 17.573573405425908 1.0048599465987547 0.015998167944440405 18.094245603080534 1 0.016784507029679811
0.6579439355194886 0.35167836036645661 0.97942015078505318 -0.038495243387274877 0.13701754318669054 17.568905010557806 1.0045317923710764 0.028400218601179569 18.087895725997303 1 0.016784080864202331
0.71391123026163061 0.21656265491167465 0.97906863068945749 -0.034824175915947483 0.1625831455714728 17.55677446050975 1.0041986209466573 0.033184582357295989 18.084493078306227 1 0.016785718618536963
0.74244183463027602 0.073123849373486857 0.97902105839137998 -0.075924454301712421 0.13164886546223653 17.556555529620841 1.0042348938194974 0.030330545723056688 18.085497822224102 1 0.016779839423766544
0.085087827227278853 0.86391462009425102 0.98984180833906921 1.2416900577868835 0.31188940131515097 17.611708633755626 0.99637707170999346 0.25651736929094532 17.865261654663605 1 0.022126624834293028
0.25199501835425281 0.83071605141920879 0.98827250913968034 1.2426178294935384 0.25872900581587538 17.591332576107142 0.99680464053327422 0.25426003382835694 17.884274977934336 1 0.022134377395787996
0.40921734595229753 0.76559180609844413 0.98425208023389621 1.005925957344189 0.15919730069116078 17.58127010934739 1.0003038295331594 0.20365812190807367 17.976343921228498 1 0.022132217781812135
0.55071390138034448 0.67104683042225932 0.97928289365276133 0.54807154849739415 0.073780192688441534 17.573747179117593 1.0049494863743411 0.1103303607375696 18.096431312430976 1 0.022132779742114677
0.67104683042225899 0.55071390138034471 0.97903689095742952 0.15125224458987227 0.081217502895616522 17.576017806129201 1.0053318778840932 0.034244537353291998 18.105136544517773 1 0.022132779742114739
0.76559180609844413 0.40921734595229786 0.97974260148890213 0.004824762060530151 0.14859107636347277 17.575242246013705 1.0045634059822635 0.029666264607639669 18.086083440716596 1 0.022132217781812145
0.83071605141920868 0.25199501835425314 0.97891587089698484 -0.034764650000412865 0.18168499347775957 17.555839378791607 1.0043018336943308 0.036916905615445077 18.087480721374856 1 0.022134377395787982
0.86391462009425068 0.0850878272272792 0.9788684575887191 -0.11646988487156361 0.15010184473929178 17.552164358014998 1.0041402349732629 0.037919371798612246 18.084920706436233 1 0.022126624834292979
0.098644790224829443 1.0015613190324728 0.99147517866434787 1.194101880833881 0.26593535876085184 17.64973413863753 0.99688336328463012 0.24505345206296195 17.862555171793765 1 0.029067480192123955
0.29214514617771209 0.9630732538246658 0.99027292712562554 1.2615632062745508 0.25316671006826397 17.619344536944674 0.99637510629629822 0.2578106623071475 17.862114932388991 1 0.029077664638662286
0.47441755845992811 0.88757282412092575 0.98870303747670607 1.228508874421598 0.21064590851449214 17.603146983439601 0.9970397507300468 0.2496572423740035 17.885377024679958 1 0.029074827579827722
0.63845862617285198 0.77796408693367669 0.9826203291278135 0.89322143946581189 0.11928737711192225 17.57801773569803 1.0017795917508765 0.18007014459996862 18.014817029664901 1 0.029075565820299583
0.77796408693367647 0.63845862617285243 0.978566750093398 0.39838355297850903 0.089380559240826676 17.563562424964875 1.0051020992341058 0.081449897574912153 18.104476497900514 1 0.029075565820299458
0.88757282412092564 0.47441755845992845 0.9794605857559564 0.098908774516950557 0.15597471148404957 17.568730928111936 1.0044803693414139 0.036855885724549724 18.086671111052134 1 0.029074827579827822
0.96307325382466558 0.29214514617771259 0.97839474243022118 -0.019647838276637537 0.20396113754248846 17.546536381345248 1.004304289163694 0.040893147102833663 18.091377957078318 1 0.029077664638662126
1.0015613190324726 0.098644790224829818 0.9783322800348252 -0.15282142505939508 0.17911989588493371 17.53964687537362 1.0039740526080885 0.046997396633188103 18.085890990758955 1 0.02906748019212449
0.11400684187378807 1.157535463004074 0.99316777030490166 1.1660965301551567 0.23010135985856503 17.687177687905496 0.9972957027923488 0.23803853026608587 17.857755566289359 1 0.038067205832387624
0.33764120141130044 1.1130536129826627 0.99116740677377357 1.2154063300591109 0.21229448350934174 17.6454006056615 0.99694806964054994 0.24713895789486612 17.865933176771239 1 0.038080543535555261
0.54829907840257808 1.0257954259966178 0.99096568233567117 1.2863053452142315 0.21303839560094337 17.627784203112242 0.99615549955810234 0.2612682562598152 17.853183320449212 1 0.038076828080968718
0.73788642533625648 0.89911721075573847 0.98670254644678068 1.1502845283456344 0.15594359243425429 17.591116914533362 0.99837843706924101 0.23234986203930849 17.923906362266234 1 0.038077794891707463
0.89911721075573814 0.73788642533625692 0.97921975167746489 0.69012193717807913 0.10148106166972143 17.548059544828696 1.0035452530338054 0.139262024321922 18.07161095108464 1 0.038077794891707178
1.0257954259966171 0.54829907840257841 0.97826675180846934 0.25686165183977205 0.154180196611714 17.545577499053088 1.0043807960284681 0.059785610986441987 18.09370296200456 1 0.038076828080968586
1.1130536129826623 0.337641201411301 0.97757405928155183 0.024156709477215581 0.21883321223537619 17.527000455182268 1.0040283036716922 0.043944076612997415 18.092478356562545 1 0.038080543535555567
1.157535463004074 0.11400684187378855 0.97753757979502731 -0.1803935907324008 0.20483956709704818 17.521336620469636 1.0037413087649008 0.054487944750623969 18.087576728155696 1 0.038067205832387131
0.1314143269357381 1.3342773229639162 0.99426536157036161 1.159627904301257 0.2063353102017487 17.714464119136814 0.99773161971314972 0.23583598021874858 17.857669685244002 1 0.04972211560390704
0.38919498601988406 1.2830036249529528 0.99194779940647726 1.1878339710864356 0.17569337538463817 17.662308959022141 0.99711829720551004 0.24049819969099662 17.863359224990589 1 0.049739536867283565
0.63201780843581756 1.1824221534909289 0.99109455523310463 1.2618025894531875 0.18181104947567964 17.636877378557411 0.99653976196460914 0.25540901625965917 17.859141123382908 1 0.049734683864326057
0.85055288215010749 1.0364016855989213 0.98966733742065782 1.2873245783332961 0.16583957344048833 17.604704112250204 0.9961563769645515 0.26009288319243162 17.86256400790899 1 0.049735946680292367
1.0364016855989211 0.85055288215010794 0.98113939676197071 0.96954923274440086 0.10848434952518592 17.533999424197983 1.0007792674098355 0.19504393790622779 18.007689235072473 1 0.049735946680292742
1.1824221534909287 0.63201780843581812 0.97650576701798253 0.47400057710390564 0.13705845916624454 17.504393041413714 1.0038302305962243 0.098495200336837729 18.096822174615333 1 0.04973468386432623
1.2830036249529526 0.3891949860198845 0.97594960903371675 0.10982291904282443 0.2105020000450723 17.488454639594988 1.0034877310447938 0.047403053868557567 18.094770645503051 1 0.04973953686728335
1.3342773229639162 0.13141432693573873 0.97632855440995203 -0.19307754522402756 0.20868272487188164 17.492241502515309 1.0033154501955712 0.056766301377274987 18.088854981648335 1 0.049722115603907192
0.15113959170547078 1.5345520881695651 0.99508250469110415 1.1499333937073011 0.18092698358799558 17.73744144081671 0.99820538995943298 0.23302511423723249 17.860279367618212 1 0.06479954091233027
0.44761307729884064 1.4755822181157761 0.99319797409103139 1.1801084519592913 0.15025606799619085 17.685695011793911 0.99718177589033319 0.2382630947733326 17.85549836728902 1 0.064822244891339281
0.72688355786570213 1.3599034874600275 0.99089996834104843 1.2231364420613537 0.13853081852956869 17.642223840304126 0.99703760781015593 0.24655674026574906 17.869466540564261 1 0.064815920293926466
0.97822070340124279 1.1919653758975652 0.99101449925017882 1.3234210498343424 0.14469299253346682 17.618179580384965 0.99556369377679277 0.26685405675306928 17.842225355040835 1 0.064817566038357477
1.1919653758975648 0.97822070340124334 0.98395222622331724 1.1887799792164373 0.097545395751240077 17.531672098095907 0.99778587851273548 0.23881959644060316 17.933279676927235 1 0.064817566038357768
1.3599034874600271 0.72688355786570269 0.97545565490435582 0.72610942626288966 0.094438735506522584 17.461390841392777 1.0024421727110211 0.14626652158596773 18.079578041374813 1 0.064815920293926424
1.4755822181157758 0.44761307729884126 0.97340152115206857 0.2435652730419246 0.15804703670952835 17.434418062642496 1.0030058400993889 0.057982847910342666 18.105004077698609 1 0.064822244891339573
1.5345520881695649 0.15113959170547131 0.97486103599196694 -0.18417173407980469 0.16679426682763954 17.456288929830897 1.002760540166328 0.049626440408307632 18.08973163504502 1 0.06479954091232952
0.1734912449656269 1.7614931285506685 0.99564684122681402 1.1380325243210023 0.15203179889540361 17.752883175269929 0.99850812115315557 0.22980002378147196 17.861644724379037 1 0.084286505745425649
0.51380944706270704 1.693802353052015 0.99425495981803014 1.1770724920163071 0.13057738550560005 17.709344536641066 0.99745370461750049 0.23716074947215512 17.852770194587695 1 0.084316037421580281
0.83438053508120114 1.561016186495348 0.99137601122638508 1.1981721880323799 0.099745314723531361 17.652695090860746 0.99715033735946412 0.24080671630624662 17.868053807341862 1 0.084307810847615919
1.1228872975583788 1.368242130912841 0.9910341895859992 1.2985052630338698 0.10278143012402519 17.626340102809674 0.99600503704873677 0.26103526959954093 17.849993127909734 1 0.084309951511662901
1.3682421309128405 1.1228872975583795 0.98691226700026835 1.3183723320988365 0.065268080237991938 17.546757784655885 0.99564922613632278 0.26457356562301088 17.873389312000466 1 0.084309951511662776
1.561016186495348 0.83438053508120202 0.97652275595627414 0.97121985172267977 0.024078641973831045 17.440820630645025 1.0001671218900401 0.19428742307365465 18.030659011298827 1 0.084307810847615808
1.6938023530520148 0.51380944706270781 0.97119194464088854 0.41770862090887473 0.052645884779727196 17.385991878068698 1.0024954897086711 0.084097764849927009 18.112248672303998 1 0.08431603742158035
1.7614931285506681 0.17349124496562765 0.97358175652311829 -0.14752054985929916 0.063991977422759819 17.425345824135782 1.0022983263431176 0.032123507635215313 18.090893114240803 1 0.084286505745425955
0.19881898628085889 2.0186510173958916 0.99621810056046456 1.1252945466389446 0.12314833669850642 17.764484631961988 0.99858769658958879 0.22656263493193773 17.858970217888622 1 0.1094523635621213
0.58881976105927214 1.9410781613830483 0.99499120648017991 1.1679803758515894 0.11030705471288547 17.730692065936537 0.99791711542516148 0.23488027216408958 17.85577676812127 1 0.10949071266351471
0.95619056852230366 1.7889067302993162 0.99260609548580292 1.1856981314486357 0.071157230115732259 17.674414556476005 0.99713997185683867 0.23790673138598659 17.859007689953184 1 0.10948002983882738
1.2868160249379841 1.5679898631700402 0.99085297068645872 1.2496422674416356 0.055611033231804274 17.635556200867931 0.99670806408511503 0.25058860956828616 17.863899186763053 1 0.10948280965200684
1.5679898631700397 1.2868160249379847 0.98941193836964658 1.3520647355913054 0.02047834587617885 17.579891355007948 0.99500913286253068 0.27112137331053743 17.843834310719647 1 0.10948280965200675
1.788906730299316 0.95619056852230466 0.980264476085696 1.1588931306049588 -0.059528659815216184 17.465483984798997 0.99775838661583505 0.23234476404801535 17.959740388934275 1 0.10948002983882796
1.9410781613830481 0.58881976105927303 0.97195387798287947 0.60408216878334597 -0.086886907687187195 17.381870948578761 1.001472183137724 0.12197000794223371 18.088085472850523 1 0.10949071266351447
2.0186510173958907 0.19881898628085976 0.9738440050719992 -0.084556335418656078 -0.08874392230424627 17.424894431346914 1.0020024583434395 0.024491002646321647 18.083604595107811 1 0.10945236356212039
0.22751907717189093 2.3100490813347871 0.99676848198771673 1.1145374926076761 0.097959494931416147 17.775339757072107 0.99864616842622145 0.22391845782677425 17.85607061221328 1 0.14192925095747233
0.67381758232853639 2.2212783610742082 0.99549871925694966 1.1530571603941879 0.088114314903296506 17.74707772057593 0.99833011542671712 0.23147715450527567 17.85952332785979 1 0.14197897906802742
1.0942194194841075 2.0471405474793403 0.99397601799196855 1.1771209479050393 0.051118899561282911 17.702107513622348 0.99732589295148155 0.23596178396418307 17.852486177817141 1 0.1419651264178278
1.4725716087813976 1.7943336969808925 0.99130925435615813 1.202838432657811 0.016315606593679748 17.651744189509188 0.99716377026143521 0.24093172776330063 17.868775818922035 1 0.14196873106179839
1.7943336969808921 1.4725716087813983 0.99114237744698641 1.3106223416077558 -0.022307973648950794 17.621452059975219 0.99562014173842428 0.26273844559386839 17.842316103586967 1 0.14196873106179789
2.0471405474793407 1.0942194194841086 0.98558348822964592 1.2530437549745963 -0.12712350504020836 17.534987869953273 0.99632281933259148 0.25235955291040812 17.895122808646622 1 0.14196512641782724
2.2212783610742073 0.67381758232853761 0.97704437684054146 0.76169613335388364 -0.2108974763251685 17.448810115346248 1.000091079370887 0.15806351332081012 18.025437362630129 1 0.14197897906802748
2.3100490813347863 0.22751907717189174 0.97688516322553187 -0.0084553655847306626 -0.24490113880697023 17.477643502939372 1.0019069507612748 0.048962749181002435 18.059343454568793 1 0.14192925095747325
0.26004054076794086 2.640246346713814 0.99726639127143979 1.1047379035129608 0.077626260599452088 17.786827082447399 0.99879262379983236 0.22162619639946568 17.855122188152905 1 0.18381542747568266
0.7701327320138539 2.5387867839032614 0.99599517544324689 1.1351087272500311 0.066072935791744961 17.760390766476135 0.99858102367809765 0.22756753430250606 17.86044964846598 1 0.18387983135182487
1.2506265984300668 2.3397577979464268 0.99512709140082289 1.1646266162100121 0.036073506106392109 17.730406701383732 0.99776479085849268 0.23329791220412166 17.852076041778638 1 0.18386189050593835
1.683060261262086 2.0508148621248745 0.99255251200500882 1.1684596961129297 -0.0076187524993503938 17.678734632488414 0.99743754249758376 0.23399690259501596 17.864723009094796 1 0.18386655895284207
2.0508148621248741 1.6830602612620873 0.99245446232295242 1.2332181212788331 -0.051408682911905319 17.663956063631638 0.99670219246501457 0.24726589083238612 17.852257873186471 1 0.18386655895284287
2.3397577979464259 1.2506265984300677 0.99058695945787734 1.2553773973437177 -0.15260845765112993 17.62442847582734 0.99634664496735581 0.25338712232470018 17.859339519091883 1 0.1838618905059384
2.5387867839032605 0.77013273201385513 0.98485028853590217 0.85903541903471126 -0.26941073122801512 17.571180262632236 0.99912251143400266 0.18013726350507014 17.950751346405713 1 0.18387983135182623
2.6402463467138144 0.26004054076794203 0.98178598803638761 0.059842998000891427 -0.34486673404135254 17.574884648693043 1.0024522159417926 0.06991839587858413 18.033038994813804 1 0.18381542747568194
0.29689218693327424 3.0144088671849554 0.99771982316088403 1.0953861628058799 0.061539730010841162 17.798908501835491 0.99901681004255705 0.21953064222404353 17.855882894638178 1 0.23780800652567824
0.87927209488667146 2.8985709620676898 0.99655044385349545 1.1179621524109324 0.046779054587976376 17.772818122381015 0.99872296474419098 0.22393111268823859 17.859006481685974 1 0.23789132791827017
1.4278591513012271 2.6713365826538724 0.99598085405283998 1.1472849351207983 0.023226524649119923 17.754427825112597 0.99826011023281203 0.22970392040755447 17.854812539399401 1 0.23786811726150267
1.921575152208699 2.3414460976485549 0.99405131329391438 1.1463199423359054 -0.017853516725562138 17.710498916136032 0.9977230802804874 0.2295532789882721 17.859054842770377 1 0.23787415698334077
2.341446097648554 1.9215751522087008 0.9936951394046144 1.159490709766626 -0.066058437755318361 17.701916059645832 0.99759700836161802 0.23255376512272916 17.859358095725561 1 0.23787415698334538
2.671336582653872 1.4278591513012282 0.9940314591937951 1.2045813311041209 -0.13388473424202466 17.701890422635756 0.99725803791457046 0.24273278802062589 17.850873286613282 1 0.23786811726150339
2.8985709620676898 0.87927209488667279 0.9925062679583434 0.89547862018950641 -0.24710088193150551 17.705916128660295 0.99901767290371746 0.18588053451815939 17.893357594181971 1 0.23789132791826723
3.0144088671849558 0.29689218693327557 0.98614085909032234 0.11058177784923584 -0.350378316736492 17.679144023483055 1.0039458918506048 0.073338317117856822 18.027964699382078 1 0.23780800652568168
0.33865057277848765 3.4383905484524142 0.9981032771926196 1.0857437497644316 0.04823933695409488 17.809944119748391 0.99925217404170963 0.21744429084950129 17.857344731172386 1 0.30737343052046168
1.0029431950947036 3.3062598469926332 0.99715215205295804 1.102900162953798 0.031446812674451791 17.785547567387955 0.99883519347731609 0.22079830916645954 17.856701432801103 1 0.30748112572656933
1.6286899444202672 3.0470645696148937 0.99661945343209501 1.1267455220826985 0.012225227649801572 17.773691989435903 0.99870291205924311 0.22550866806448022 17.858153253204492 1 0.30745112531027236
2.1918479319182578 2.6707744325951137 0.99556916953273655 1.1300630108438623 -0.018896405096773518 17.743944283355567 0.99808321634261965 0.22626114840679173 17.854601043302416 1 0.30745893181791828
2.6707744325951124 2.1918479319182587 0.99492208864540999 1.108265874123558 -0.066504204575029632 17.736142956210511 0.99829324912406026 0.22224162738172265 17.86300330295456 1 0.30745893181791362
3.0470645696148941 1.6286899444202683 0.99627053725830195 1.1485666545881172 -0.08545186656665936 17.758196917723939 0.99818170783137228 0.23055791045040983 17.851333580824097 1 0.30745112531026975
3.3062598469926323 1.0029431950947054 0.99765230227747859 0.89939397631641782 -0.16802210145127297 17.810973378705818 0.99976164629450515 0.18301262618141079 17.869679435974096 1 0.30748112572657177
3.4383905484524133 0.33865057277848909 0.98818539828851271 0.15431349719900261 -0.25782920430593048 17.744715965850702 1.0055846754662756 0.059928998649464611 18.042439049318556 1 0.30737343052045646
0.38596902310155889 3.9188247347093066 0.99846289641321118 1.0758611558644207 0.036959056393579624 17.820222669962526 0.99946875547318537 0.21535637010809261 17.858641666925536 1 0.39696641721727288
1.1430809109845079 3.7682318762778704 0.99778442420877389 1.0901961917912821 0.020265159143830213 17.799286838729255 0.99897336311583806 0.21818893413295276 17.854643930995863 1 0.39710550334468825
1.8562610469712908 3.4728201568136883 0.99711741429986345 1.1072502105847322 0.0030122792764808136 17.789105142134858 0.9990697912013099 0.22155393117322178 17.86114435335956 1 0.3970667584286004
2.4981071141522144 3.0439523258908809 0.99687360912473166 1.1167636982550755 -0.017213522616710632 17.772505629597752 0.99838164547310071 0.22356024357570262 17.850587826209964 1 0.3970768403714891
3.0439523258908792 2.4981071141522153 0.9958030765985606 1.0835196246152228 -0.061668850665863195 17.762481229841267 0.99889121774814726 0.21717506449289625 17.867376247743291 1 0.39707684037148688
3.4728201568136878 1.8562610469712921 0.99764813610153136 1.1174527500597664 -0.03884362308000644 17.788519502255397 0.99850543997123231 0.22379283136356604 17.847255891781121 1 0.3970667584285994
3.7682318762778704 1.1430809109845099 0.99984980972996795 0.91225384094203488 -0.075309675164979495 17.872116945518282 1.0009888866835084 0.18298096820657314 17.875875528212688 1 0.39710550334468919
3.9188247347093066 0.38596902310156045 0.9887351716562861 0.2198299153254536 -0.10187123102969735 17.768666161848191 1.0063820247701447 0.048303487050502934 18.052728522150154 1 0.3969664172172806
0.43958785188666655 4.4632279896667253 0.99873925849349399 1.0662428465404532 0.026806160449594368 17.827927517969783 0.99962420768174765 0.213356043835013 17.859442163621775 1 0.51231092283563373
1.3018777469613583 4.2917147666225812 0.9983344002673572 1.0789134331821504 0.011667845187919584 17.811454284689447 0.99910554882449421 0.21589187824756914 17.853070910306428 1 0.512490422509148
2.1141328897896949 3.95526444183256 0.99754466440245892 1.0900814671258376 -0.0045219821459058507 17.802034889590001 0.99936773594156947 0.21808712438107133 17.863409652683988 1 0.51244041968055853
2.8451442327381327 3.4668182783977159 0.99800203063562953 1.1037874183916327 -0.015849126823837226 17.797130548377332 0.99863455089575026 0.2209311265540799 17.847031543469924 1 0.51245343108212671
3.4668182783977142 2.845144232738134 0.99645299710217439 1.0716857038379439 -0.054137051178335054 17.783697641245205 0.99943205525442103 0.21467141341411111 17.872385400604401 1 0.51245343108213126
3.9552644418325587 2.1141328897896967 0.99893887279540117 1.1159955334146365 -0.0061255102419196942 17.813150914334205 0.9985960876244806 0.22335931224777403 17.839647478064425 1 0.51244041968056109
4.2917147666225812 1.3018777469613596 0.99983685141091283 0.96026418090651389 0.0082473788959646771 17.890289184424056 1.0020196713655878 0.19186626367096826 17.894376270192403 1 0.51249042250914667
4.4632279896667253 0.43958785188666855 0.98837826747856583 0.32154520511550128 0.051403865050948301 17.755595451354839 1.0060048636668528 0.064930966102458673 18.04856919572909 1 0.51231092283563562
0.50034594477976624 5.0801176958662682 0.9990294243626352 1.056213921223828 0.018325862580890431 17.835705002523952 0.99976983132804786 0.21129889666090934 17.859968521241651 1 0.66076589227954996
1.4818181360004321 4.8848985940236398 0.99889142936745834 1.0682672530054496 0.0056847386082166359 17.8248314990675 0.99929835570415104 0.2137314704670695 17.852532465137379 1 0.66099740649611138
2.4063399695688625 4.5019454370926253 0.99796080650307528 1.0756481629075898 -0.010536729079271393 17.813963917556279 0.99962039774435796 0.21518079912136126 17.864945220594411 1 0.66093291409086075
3.2383888068205349 3.9459881783354653 0.99893579003284982 1.0929690009581023 -0.015509717113748499 17.818194440991718 0.99888190772422503 0.21873812685353211 17.844775604277793 1 0.66094969587314101
3.9459881783354644 3.2383888068205366 0.99696815366235036 1.0680827533570787 -0.054756578681527328 17.799869441019258 0.99982400037848629 0.21391590809066449 17.875698323561839 1 0.66094969587314112
4.5019454370926235 2.4063399695688639 0.99931931503622562 1.1326232922354897 -0.007763373695131805 17.816737516454932 0.99841690724438426 0.22670950170054058 17.833730015134233 1 0.66093291409086108
4.8848985940236398 1.4818181360004339 0.99946794858900412 1.0532647172180096 0.018110648631367153 17.884498556521585 1.0020650682412384 0.2104668797236296 17.897828728792714 1 0.66099740649611105
5.0801176958662673 0.50034594477976846 0.98759716237954775 0.45338276602287914 0.095328688590846561 17.724745634928926 1.0050512418610644 0.092426127062425853 18.037163608200704 1 0.66076589227954707
0.56919388375287316 5.7791453121591285 0.99920741774707134 1.0466868603777488 0.010543825819289613 17.839806700868589 0.99982161506203848 0.20936666780733862 17.859620864959712 1 0.85170450807804943
1.6857173094843012 5.5570639304274092 0.9991908445092732 1.0575819220079798 -0.00015463569839119256 17.833174824433542 0.99946651293061062 0.21157282976435213 17.853396193909308 1 0.85200292194028326
2.7374539699958005 5.1214161611926032 0.99837277406533642 1.0631450673205349 -0.016086200832549746 17.822915591738951 0.99971002616530413 0.21268419027627941 17.863597696560607 1 0.85191979344812185
3.6839932876189336 4.488958809206113 0.99944702529420559 1.0804408340076748 -0.017181747466124279 17.833571071945318 0.99923252928841477 0.2161984672128883 17.847386358215381 1 0.85194142458828492
4.4889588092061139 3.6839932876189354 0.99767067185321512 1.0561429139194105 -0.056833480890608017 17.813277751367785 0.99987258437735804 0.21154767329579063 17.871530711317881 1 0.85194142458827615
5.1214161611926015 2.7374539699958023 0.99946451169857298 1.1355801313166318 -0.030307827339998438 17.826934587319588 0.99884320468693244 0.22732842545902215 17.840307741304283 1 0.85191979344812396
5.557063930427411 1.6857173094843043 1.0004088398603579 1.1379106049372232 -0.012078637358702621 17.885165079868603 1.0011599293294617 0.22746305937405403 17.874933064161223 1 0.85200292194028149
5.7791453121591276 0.56919388375287516 0.98818743577368484 0.61253873553811378 0.060122705479303408 17.712162447706561 1.0037378134116253 0.12286704392214548 18.009287358814021 1 0.85170450807805154
0.64720879130581621 6.5712470900110969 0.99954911560961857 1.0338691434211631 0.0050726298358770624 17.846793776551422 0.99987127678276333 0.20678962716320679 17.858065452060195 1 1.0976472323478383
1.9167652596005607 6.3187267682985127 0.99966148732446936 1.0466582387039818 -0.0038731961412322956 17.846365115709702 0.99973486834966663 0.20936083684738649 17.854826261803709 1 1.0980318177842581
3.1126551527484616 5.8233682020705748 0.99879612071542778 1.0495522861885824 -0.01933536856661042 17.830714107617133 0.99972353542690162 0.20997510201718309 17.860810020621596 1 1.0979246846665189
4.1889291345473882 5.1042249188841859 1.000323138614907 1.0724311887080455 -0.018565490947884646 17.859219245283512 0.99979320488851253 0.21454055915713682 17.851142972339414 1 1.0979525621297686
5.1042249188841859 4.18892913454739 0.99868689353564044 1.0503346629834232 -0.067316418464103633 17.831364876743983 0.99986936697265383 0.21051167463058273 17.86419687919296 1 1.0979525621297668
5.823368202070573 3.1126551527484634 0.99899032617967565 1.1083598538573178 -0.051026042099987706 17.825170014477738 0.99921840442055332 0.22199352865215979 17.850397228437306 1 1.0979246846665238
6.3187267682985127 1.9167652596005629 1.0035627557377045 1.205367690567241 -0.11947933107821783 17.940146597947233 1.0010815992128113 0.24212404962454498 17.851044721812212 1 1.0980318177842501
6.5712470900110942 0.64720879130581832 0.98831150068628482 0.75914835351176868 -0.13255079682895624 17.651046491829543 1.0001488415468534 0.15411522384168702 17.943992127755756 1 1.0976472323478268
0.73561135641982445 7.4688169415931274 0.99955859219541487 1.0206108562762719 -0.0011012648828401734 17.845473283594401 0.99978781697149655 0.2041439490663885 17.856507111581173 1 1.4126994257382655
2.1785771631877018 7.1818047457238778 0.99956120307150964 1.0315153791292166 -0.00785798766235608 17.846834397970913 0.99986146136932508 0.20632335414408534 17.857803764354991 1 1.4131943968083764
3.5378142413064526 6.6187849108388912 0.99905195764764398 1.0334313886788398 -0.0198736105322227 17.833122651887752 0.99960253298810919 0.20676558777503701 17.856818785877707 1 1.4130565138078928
4.7610970122853402 5.8014134951360727 0.99993657946692072 1.0482596837979148 -0.025449032968904259 17.856093479671809 1.0000046546341419 0.20971322314688781 17.857679020492384 1 1.4130923927999053
5.8014134951360683 4.7610970122853429 0.99970983264539803 1.0467329577213103 -0.062398369127112434 17.848733821186187 0.99981920782571854 0.2097371941153045 17.855987114566311 1 1.4130923927999399
6.6187849108388885 3.5378142413064548 0.99854542158960424 1.0465307088944187 -0.056045540504985954 17.824229015715922 0.99961083616730417 0.20964686856481646 17.860589911477099 1 1.4130565138078668
7.1818047457238761 2.1785771631877044 1.0045237650772469 1.1264942860842797 -0.16508462377517319 17.959641365857177 1.0012106735461663 0.22756756180012258 17.846512395536259 1 1.4131943968083807
7.4688169415931283 0.73561135641982789 0.99321918704887924 0.92671764708188509 -0.21138861282693233 17.728409352903896 0.99956881185940205 0.19014525864585211 17.898087633502104 1 1.412699425738307
