TITLE="WCNS step 11106 time 20"
VARIABLES="X","Y","rho","u","v","p","T","mach","entropy_proxy","viscosity","jacobian"
ZONE T="CylinderZone1", I=8, J=20, DATAPACKING=POINT, SOLUTIONTIME=20
0.54063943307152496 -0.053248126149810254 0.97678746344644418 -0.0071127533511703466 -0.0079729517751064797 17.554689880067755 1.0064242929339733 0.0021300752033936816 18.141494180183521 1 0.0095016344836105354
0.51986370485743094 -0.15769896780428191 0.97601503171039239 -0.010572324732972186 -0.02253344241816271 17.540038582107453 1.006380155682276 0.0049622673746132356 18.146439932261899 1 0.0095049635953118466
0.47910882671265759 -0.25608900321023359 0.9749370189020734 -0.013541478075522383 -0.025225022770166215 17.520704922725475 1.0063824181603367 0.0057078019615712239 18.15450407832866 1 0.0095040362119999024
0.41994239884996287 -0.34463782010587446 0.97338257995392008 -0.0091282834406430195 -0.017503258701117335 17.492023366373804 1.0063394678062483 0.0039356562909816078 18.165319936846871 1 0.009504277529481445
0.34463782010587457 -0.41994239884996293 0.97149607659695003 0.011266889787629906 -0.0029235888849529273 17.45707827302018 1.0062792900629951 0.0023207300933879077 18.178334379016437 1 0.0095042775294816393
0.25608900321023376 -0.47910882671265775 0.96910096896053843 0.054932638192837634 0.011063228741983532 17.412077958154885 1.0061659165123311 0.011172730189499233 18.194241877857731 1 0.0095040362119999354
0.15769896780428194 -0.51986370485743072 0.96659807001460951 0.12490931502986173 0.014999533849544404 17.362899132230549 1.0059220895854024 0.025087163227500726 18.208658427681517 1 0.0095049635953118571
0.053248126149810324 -0.54063943307152484 0.96503805189976888 0.21388556919346555 -0.0041021626661843918 17.328749669193407 1.005566545837139 0.042666393313461753 18.213986678192377 1 0.0095016344836112033
0.63524243924753465 -0.062565672186717616 0.97641840716691275 -0.027634125367523868 -0.014209391446724579 17.548044586159904 1.0064235665514498 0.0061948010139742 18.144223545582499 1 0.012674730951629094
0.61083130039869804 -0.18529369270324247 0.97590779834848174 -0.024641232729237458 -0.037877579016727649 17.538410667813157 1.0063973236228314 0.0090087106111553204 18.147547058413551 1 0.012679171829163567
0.56294498907871615 -0.3009003655902705 0.97523978594568117 -0.012350754638842949 -0.039715663092120046 17.526392842092026 1.0063965931918568 0.0082918756785203638 18.152505090193891 1 0.012677934743692634
0.49342540974738552 -0.40494376863562048 0.97423872835863534 0.025682272676680915 -0.020508897649533973 17.508263341276063 1.0063885960765671 0.006552364140118532 18.159819370317777 1 0.012678256649798689
0.40494376863562059 -0.49342540974738563 0.9730799282207836 0.10970908497157292 0.0080061837149179738 17.485686616119509 1.0062877889786903 0.021931323995068294 18.166646705376937 1 0.012678256649798686
0.30090036559027061 -0.56294498907871593 0.97183595864515382 0.2506683361422089 0.023760330723733136 17.456393301197735 1.005887892024258 0.050210781929388847 18.168721517634875 1 0.01267793474369258
0.18529369270324253 -0.61083130039869815 0.97101231390065157 0.43803431808409282 0.0034169756402847922 17.425819720410981 1.0049778868329986 0.087392284578830651 18.15844204576322 1 0.012679171829163591
0.062565672186717672 -0.63524243924753443 0.9713570914516847 0.63518880804185784 -0.071380004238998401 17.407122980332911 1.0035432843884449 0.12761150320092027 18.12994624545351 1 0.012674730951629087
0.74244183463027602 -0.073123849373486829 0.9764959833028487 -0.053628875102653906 -0.015172435060664111 17.549110880946323 1.0064047626405834 0.011111238970138205 18.14330796253331 1 0.016779839423766651
0.71391123026163072 -0.21656265491167406 0.97604272123996916 -0.032217153157203166 -0.039260141488232439 17.540793103488785 1.0063948958200903 0.010125046362103266 18.14649979293436 1 0.016785718618536918
0.65794393551948882 -0.35167836036645628 0.97550564019647279 0.015973125139746743 -0.038597050279678344 17.530943254748117 1.0063835418026228 0.0083277973011491122 18.150290705815113 1 0.016784080864202421
0.57669268271809082 -0.47327945353281897 0.97478859035189991 0.11317240941308562 -0.015955860291456309 17.516721719686956 1.0063068289634554 0.022786589527231421 18.154246099185727 1 0.016784507029679745
0.47327945353281897 -0.57669268271809071 0.97420877912951331 0.28247465657351423 0.0078203075733614229 17.498762840882719 1.0058734216400729 0.056351332366384031 18.150746476606624 1 0.016784507029679763
0.35167836036645633 -0.6579439355194886 0.97407058747594188 0.51954138066478883 -0.00053706191404889552 17.475633903681775 1.004686426379841 0.10366570467989741 18.13035619088291 1 0.0167840808642024
0.21656265491167412 -0.71391123026163084 0.97485184552096049 0.77692424768515378 -0.063359142064949317 17.453793162724068 1.0026266253394096 0.15569635102135848 18.087384028201566 1 0.016785718618537001
0.073123849373486871 -0.74244183463027591 0.97678151724188922 0.98526390007234921 -0.17827634736224857 17.447881898270815 1.0003069960112481 0.20022184998611089 18.031269577168569 1 0.016779839423766259
0.86391462009425091 -0.085087827227279131 0.97674332004390352 -0.073545639621348427 -0.011515614109877077 17.553394280020918 1.0063954966173982 0.014840963038276042 18.141303050953702 1 0.022126624834293
0.8307160514192089 -0.25199501835425253 0.97635718339287514 -0.023782491213164749 -0.027788961789013373 17.546822619048942 1.0064165884606111 0.0072919234485514829 18.144552832990872 1 0.022134377395788017
0.76559180609844413 -0.40921734595229764 0.97600765252869559 0.077601189030353263 -0.021794606073813776 17.539685095248998 1.0063674826238265 0.016069650804793528 18.146266297528271 1 0.022132217781812118
0.67104683042225921 -0.55071390138034471 0.97575781509841142 0.25250789733536522 -0.0019309106420544678 17.530042099652636 1.0060717335326272 0.050350430100893413 18.14279132404663 1 0.022132779742114708
0.55071390138034471 -0.67104683042225888 0.97623800171473374 0.508039381594934 0.0026216406903151468 17.519174527185392 1.0049534752420177 0.10135850080260653 18.119059289615681 1 0.022132779742114615
0.4092173459522977 -0.76559180609844413 0.9778346782631635 0.79862013081477279 -0.039802515768991138 17.508469552506686 1.0026994498156834 0.15970686018798003 18.066606105800055 1 0.022132217781812312
0.25199501835425264 -0.8307160514192089 0.98035317460551652 1.0385563367895172 -0.12959431038094205 17.50535409807485 0.99994558476503459 0.20932783457294885 17.998458738350969 1 0.022134377395787989
0.0850878272272792 -0.86391462009425091 0.98327958541771099 1.1684842663449375 -0.23987304566600504 17.521438998535817 0.99788564456487372 0.23882289978958882 17.939979374659785 1 0.022126624834292848
1.0015613190324726 -0.098644790224829706 0.97707434123637082 -0.085454697728179971 -0.0072532056144603146 17.559125147821536 1.0063830004946643 0.017097911469829963 18.138619152961244 1 0.029067480192123869
0.96307325382466602 -0.29214514617771187 0.97672942746213898 0.0009620340655292106 -0.015145761137362847 17.5535672911214 1.006419730609613 0.0030255606528991489 18.141843109026873 1 0.029077664638662116
0.88757282412092553 -0.47441755845992811 0.97659270894442285 0.16841638871885314 -0.005128562323825186 17.54791037722109 1.0062362447381001 0.033594303100307983 18.139551252828532 1 0.029074827579827885
0.77796408693367658 -0.63845862617285221 0.97702306030525721 0.42727676263396119 0.0060200784988149684 17.541230574205443 1.0054101597268896 0.085233581358799673 18.121465526730404 1 0.029075565820299569
0.63845862617285243 -0.77796408693367647 0.97891150850272424 0.74464316733220015 -0.014696894466475673 17.537656934622824 1.003266157126004 0.14871497232288469 18.068860390064089 1 0.029075565820299583
0.47441755845992822 -0.88757282412092553 0.9819667509538037 1.0262958328246383 -0.082313773420166075 17.539642346559496 1.0002578696439919 0.20589175856874484 17.99224006754687 1 0.029074827579827833
0.29214514617771187 -0.96307325382466602 0.9850125735403128 1.1882448803642254 -0.17108358261642681 17.551671055921833 0.99784876304793457 0.24035827619529118 17.926684989422274 1 0.029077664638662095
0.09864479022482979 -1.0015613190324726 0.98767444504887936 1.2292083623371719 -0.25240131622950912 17.5814087679469 0.99684556475163644 0.25136765908093961 17.889340383764434 1 0.029067480192124025
1.157535463004074 -0.11400684187378834 0.97763599261705669 -0.087731420238889385 -0.0017125353831311527 17.569488175432301 1.0063984389032106 0.017493749519746672 18.134728374706391 1 0.038067205832386528
1.1130536129826623 -0.33764120141130016 0.97730562474213156 0.044665092948230366 0.00040773461664213431 17.564112644396069 1.0064306212370486 0.0089048049548162717 18.137760213448143 1 0.038080543535555511
1.0257954259966173 -0.54829907840257808 0.97746228674800606 0.28802379011944779 0.01267125600583778 17.558787563506446 1.005964236011162 0.057489291709968048 18.12819275709257 1 0.038076828080968794
0.89911721075573836 -0.73788642533625692 0.97891997279388909 0.6211430324747097 0.0095292014445072983 17.555975466824922 1.0043054104803524 0.12397662620776857 18.087514822901696 1 0.038077794891707407
0.73788642533625715 -0.89911721075573836 0.98228669659490031 0.95326813801450416 -0.035141639156186157 17.562409430701557 1.0012300181710505 0.19066590576572287 18.007380042437052 1 0.038077794891707317
0.54829907840257819 -1.0257954259966173 0.98593666764784094 1.1677446418018345 -0.10982776163077393 17.576574900588952 0.9983280120233039 0.23477595047897026 17.92856884134363 1 0.038076828080968794
0.33764120141130022 -1.1130536129826623 0.98856703081052966 1.2354694700265187 -0.17800308981705948 17.598733959418773 0.99692693562607571 0.25002981567630667 17.884337406550902 1 0.03808054353555565
0.1140068418737885 -1.157535463004074 0.99074641290393173 1.2174991769223389 -0.23058089041792179 17.635466974023473 0.99681021968874173 0.24822451787485664 17.866498692046509 1 0.038067205832386493
1.334277322963916 -0.13141432693573851 0.97831814790197935 -0.079158112564156627 0.0043002528313317101 17.582210322796946 1.0064249335950322 0.015804276928222904 18.130146656441308 1 0.049722115603906596
1.2830036249529528 -0.38919498601988362 0.97803057282429262 0.10827573466281079 0.016331351692361908 17.576577969143134 1.0063983607285614 0.021830361366045624 18.131800075709265 1 0.049739536867283697
1.1824221534909289 -0.63201780843581779 0.97871180627091037 0.42981511277259926 0.027957076572710321 17.571963996779875 1.0054338534344112 0.085911576543470175 18.109378527746291 1 0.049734683864326085
1.0364016855989213 -0.85055288215010771 0.98147286774784426 0.81020038831116137 0.0077589943104892896 17.574870487085583 1.0027712212728397 0.16182343876377614 18.041079309739022 1 0.049735946680292201
0.85055288215010805 -1.0364016855989211 0.9857517682447795 1.105511790148646 -0.051850086227290967 17.590665204812428 0.99931573258392525 0.22142117726622884 17.94765332916672 1 0.049735946680292638
0.63201780843581779 -1.1824221534909292 0.98893783043995542 1.2281549403326726 -0.1170302913195848 17.611249970887329 0.99726187731099147 0.24708214637482595 17.887662604607602 1 0.04973468386432614
0.38919498601988367 -1.2830036249529528 0.99084159540495009 1.2294128956649013 -0.16257405250333201 17.637635534283941 0.99683702567350307 0.24841627310428971 17.866292596830192 1 0.049739536867283315
0.13141432693573871 -1.3342773229639164 0.99267964065328762 1.1926948812087683 -0.20005465500288472 17.677228927812934 0.99722486326088744 0.2422075964712434 17.859998806027757 1 0.049722115603907463
1.5345520881695645 -0.1511395917054712 0.97919260438800759 -0.059179353809720323 0.011119978642675879 17.598769374030873 1.006473169311914 0.01200421601196257 18.124537181749311 1 0.064799540912329326
1.4755822181157761 -0.4476130772988402 0.97897172032815138 0.19124118577842977 0.032768973020141902 17.59213290091186 1.0063206331237917 0.038683608106162344 18.123425722153975 1 0.064822244891339476
1.3599034874600275 -0.72688355786570236 0.98049597512937137 0.58325541455997065 0.040136919877050863 17.589553595316371 1.0046089176120794 0.11665843469863972 18.081342647514912 1 0.064815920293926452
1.1919653758975648 -0.9782207034012429 0.98450891723851974 0.97197014305455776 0.0033766321407999868 17.599634502866238 1.001087459811332 0.19428958919397882 17.98854897829283 1 0.064817566038357519
0.97822070340124334 -1.1919653758975648 0.98877722946614255 1.1923461893441247 -0.0592927743378973 17.62132125218487 0.99799424953714022 0.2390037169353626 17.901961950744962 1 0.064817566038357574
0.72688355786570258 -1.3599034874600273 0.99095950374495534 1.2331826252110054 -0.10750687132263136 17.64240141678318 0.99698774224684272 0.24794569827699117 17.868143407130869 1 0.064815920293926521
0.44761307729884031 -1.4755822181157761 0.99241828526388454 1.2049843604580375 -0.1391623276906602 17.670525443804571 0.99710922148632919 0.24295013060078624 17.859808716601549 1 0.064822244891339365
0.15113959170547131 -1.5345520881695649 0.99410386736527823 1.1681438736794736 -0.17109155322264397 17.710306838650681 0.99765951474050185 0.2363981662471478 17.857539396562313 1 0.064799540912328979
1.7614931285506679 -0.1734912449656274 0.98021217751094769 -0.026634387309686303 0.018702514300986687 17.618040678628251 1.0065272597069728 0.0064878531215653307 18.117967544982143 1 0.084286505745425802
1.6938023530520152 -0.51380944706270648 0.98019081490702731 0.29114985699029167 0.048682359440435391 17.61062162567729 1.0061253329436941 0.058858375850417484 18.110890556314217 1 0.084316037421580198
1.561016186495348 -0.83438053508120125 0.98283348014379479 0.73499678044989847 0.048587805038300819 17.612049065487149 1.003501372869037 0.14706296496169011 18.044213934987102 1 0.084307810847616238
1.3682421309128405 -1.1228872975583792 0.98760263157870609 1.0918196878278865 -0.00049155937650272735 17.628255899244589 0.99957442168554744 0.21841043990051623 17.938834055063499 1 0.084309951511662928
1.1228872975583792 -1.3682421309128403 0.99099953022160081 1.2241659123895723 -0.056139834283421564 17.649908852132867 0.99737170859693025 0.24541322342920527 17.874736109331145 1 0.084309951511662762
0.83438053508120158 -1.561016186495348 0.99229561709562031 1.2139566413898046 -0.089213712787385352 17.66906563386944 0.99715010064046361 0.24379371880785153 17.861424066614983 1 0.084307810847616335
0.5138094470627067 -1.693802353052015 0.99365253167086065 1.1823846071063666 -0.11644995269386244 17.699285216956227 0.99749151691526683 0.23791963461913362 17.857775834798513 1 0.084316037421580267
0.17349124496562757 -1.7614931285506681 0.99518815113209236 1.1498691805891399 -0.14553242825405427 17.737437667375602 0.99809921088223441 0.23202906382033647 17.857621227477406 1 0.084286505745425247
2.0186510173958916 -0.19881898628085956 0.98134421898915292 0.018543444155888236 0.026993960556468688 17.639321315871221 1.0065805387464819 0.0065284654273445666 18.110563175182428 1 0.10945236356212069
1.9410781613830483 -0.58881976105927158 0.98173065728263786 0.40287992127036953 0.063053653536135859 17.632288863902644 1.00578317281962 0.081322039163464657 18.093367216304447 1 0.10949071266351425
1.7889067302993162 -0.95619056852230389 0.98559538734567564 0.87187144653392723 0.053122214869932897 17.639365351379041 1.0022413571704674 0.17450220604821892 18.001339735629763 1 0.10948002983882825
1.56798986317004 -1.2868160249379847 0.99036074254971695 1.1652469158865353 -0.0019855413620565991 17.65855370254836 0.99850384189575958 0.23322425687219017 17.899642080809606 1 0.10948280965200667
1.2868160249379852 -1.5679898631700397 0.99247413850771626 1.2196121805218689 -0.045210976704574683 17.674910064148417 0.99730050803693604 0.24442010335226461 17.862832841431622 1 0.10948280965200635
0.95619056852230411 -1.788906730299316 0.99334526883866048 1.1894983088537738 -0.069688348757480881 17.69311716162456 0.99745233715486881 0.23861173537825509 17.859283636180589 1 0.10948002983882807
0.58881976105927158 -1.9410781613830483 0.994693524819103 1.1635377916439358 -0.097121861381843505 17.724272450123976 0.99785434547740459 0.23376776564991011 17.856790773638402 1 0.10949071266351469
0.1988189862808597 -2.0186510173958907 0.99604321347114844 1.1334099673753912 -0.12241122750268378 17.75853025732065 0.99842826085253267 0.22817962339499778 17.857372850738191 1 0.1094523635621196
2.3100490813347867 -0.22751907717189154 0.98258669834295165 0.076256004917238537 0.03541156321829806 17.662225248413328 1.0066130699050346 0.016760091520310581 18.101984396089247 1 0.14192925095746844
2.2212783610742082 -0.67381758232853584 0.98365846913671851 0.52004750480077999 0.074499681315363955 17.657452552213993 1.0052445771628229 0.10479688166176379 18.069493460162345 1 0.14197897906802839
2.0471405474793403 -1.0942194194841077 0.98849439329415867 0.98422066063707281 0.054890311579462267 17.669320509203317 1.0009990488395397 0.19705161191764034 17.957916758664222 1 0.14196512641782863
1.7943336969808923 -1.472571608781398 0.99249384488161441 1.1978814146396131 0.0006355399210551091 17.686665692444805 0.99794400019610274 0.23982298137251779 17.874216585912709 1 0.1419687310617965
1.4725716087813985 -1.7943336969808916 0.99342789921683483 1.1981235590721477 -0.030030263111250847 17.695727728840176 0.99751653094300408 0.23999816822986028 17.859838773582712 1 0.14196873106179847
1.0942194194841077 -2.0471405474793403 0.99432225372157168 1.1686602965968191 -0.052539337831072862 17.716171123627188 0.9977706705872893 0.23422937340682129 17.857959900290474 1 0.14196512641782791
0.67381758232853606 -2.2212783610742077 0.99557209400778135 1.1477226005044316 -0.080171091348772497 17.74633411642591 0.99821471036814236 0.23030952866905913 17.856932343674103 1 0.14197897906802809
0.22751907717189168 -2.3100490813347867 0.99674499112145554 1.1193293140087601 -0.10117807810575261 17.776190974062903 0.99871752791701662 0.22492284286547681 17.857514880290186 1 0.14192925095747067
2.6402463467138135 -0.2600405407679417 0.98381595767965713 0.14449217197705036 0.043628760670093934 17.683812392130847 1.0065840924651961 0.030088165382893026 18.092412925838516 1 0.18381542747568522
2.538786783903261 -0.77013273201385324 0.98585117094451857 0.63568462776762846 0.082196333539917774 17.684532941986816 1.0045470075942942 0.12790488581102644 18.040879057610621 1 0.1838798313518239
2.3397577979464268 -1.2506265984300671 0.99127205418286235 1.0672170558120777 0.053794094262195148 17.700585416515704 0.99996038231444051 0.21371862686046286 17.919158967003575 1 0.18386189050593857
2.0508148621248736 -1.6830602612620871 0.99399139850948592 1.199906909094991 0.0061499938451069283 17.71151263006265 0.99784033113726511 0.24024409785247589 17.861584249641684 1 0.18386655895284371
1.6830602612620873 -2.0508148621248736 0.99419811593367835 1.1724386024302433 -0.014832513074249348 17.714862363650781 0.99782153618888281 0.23476233425474755 17.85976221160875 1 0.18386655895284229
1.2506265984300668 -2.3397577979464268 0.99525517404627228 1.1517550931281024 -0.03885481243688859 17.738197585900778 0.9980747547618104 0.23070424725630465 17.856702639370297 1 0.18386189050593901
0.77013273201385335 -2.538786783903261 0.99628373445460194 1.1327470248496578 -0.06465815404060285 17.76451710032455 0.99852373592390731 0.22708586015251336 17.85735574117427 1 0.18387983135182395
0.26004054076794209 -2.640246346713814 0.99732488056236468 1.1065705943697131 -0.082164343992588248 17.790257117525975 0.99892664561604849 0.22204255857698937 17.857099139339621 1 0.18381542747568455
3.0144088671849549 -0.29689218693327513 0.9851338882626427 0.22187670136102883 0.050958444692226636 17.705708634272497 1.0064821587053638 0.045383808867741009 18.080896105970055 1 0.23780800652567285
2.8985709620676903 -0.87927209488667057 0.9882569765260214 0.74382486479711263 0.086701066863393461 17.712745231115296 1.0037002069866554 0.14949583343426565 18.008105719907707 1 0.23789132791827045
2.6713365826538724 -1.4278591513012273 0.99358740136682733 1.1210956951669253 0.053046447492116504 17.728331859894105 0.99919401326963297 0.22456051102811972 17.888724115254995 1 0.23786811726150328
2.341446097648554 -1.9215751522087003 0.99490628606266129 1.1841642765805247 0.015021727899677683 17.730681868009107 0.99800171882483291 0.23708891386850084 17.857900250014815 1 0.23787415698334277
1.9215751522087006 -2.341446097648554 0.99493303034145464 1.1498439366272935 -0.0015397689940494514 17.732911468907879 0.99810038558028402 0.23018773129176381 17.859473726961454 1 0.23787415698334194
1.4278591513012273 -2.6713365826538729 0.99610489393735679 1.1375221734175405 -0.027751254352783836 17.758864751050751 0.99838524141552376 0.22775608693632454 17.856161134868795 1 0.23786811726150439
0.87927209488667091 -2.8985709620676903 0.99689199984601096 1.1185066707350806 -0.050215498506426121 17.780182816323659 0.99879449009186394 0.22406175872180387 17.857837512493479 1 0.23789132791827056
0.2968921869332754 -3.0144088671849549 0.99784333235348999 1.0954276506886493 -0.065644320623536603 17.803073643396896 0.99912690765409806 0.21957443129608556 17.856966536301261 1 0.23780800652567294
3.4383905484524133 -0.33865057277848876 0.98626512811549882 0.30456251340416496 0.056380544602206741 17.721813858573604 1.0062421824936341 0.061754983098682117 18.068288718928276 1 0.30737343052045513
3.3062598469926332 -1.0029431950947025 0.99063914074839743 0.83987959864116746 0.085886683691303353 17.740402688991438 1.0028500880593838 0.16861181048736698 17.975533846249466 1 0.30748112572656999
3.0470645696148946 -1.6286899444202676 0.99548591805589104 1.1493557122596041 0.050404502283184612 17.75492299735339 0.99878428089044091 0.23023207426359296 17.867739979400014 1 0.30745112531027269
2.6707744325951124 -2.1918479319182587 0.99552309813914186 1.1593791930686892 0.024211398414443117 17.747221684394944 0.99831376603367228 0.23212218254163264 17.859055907382896 1 0.30745893181791489
2.1918479319182587 -2.6707744325951124 0.99573677310321607 1.1316078497045199 0.0086063866265618395 17.751610194202073 0.99834634682382095 0.22651548178567771 17.858105655059255 1 0.30745893181791722
1.6286899444202674 -3.0470645696148946 0.99681235809516611 1.1239835494016979 -0.018044261278852496 17.776834892919013 0.99868620695546362 0.22497350876550615 17.856472111377425 1 0.3074511253102713
1.002943195094703 -3.3062598469926332 0.99740256395971505 1.1050832239678068 -0.03687373110484838 17.792859153167864 0.99899493697875175 0.22125086190706961 17.85776355921714 1 0.30748112572656955
0.33865057277848915 -3.4383905484524142 0.9982715610274957 1.0854524470568743 -0.051420103392305509 17.813703336475744 0.99929460553060223 0.21741063399800087 17.856898777691889 1 0.30737343052045796
3.9188247347093057 -0.38596902310156006 0.9874257890991156 0.39131437871144648 0.063147606149321175 17.736836767449326 1.0059114000199094 0.079042078414176403 18.053853633189057 1 0.39696641721727632
3.7682318762778721 -1.1430809109845068 0.99289332573892142 0.9222557216930406 0.08752831273496571 17.764630264680552 1.0019397532271714 0.18510054725833336 17.942896212397823 1 0.39710550334468958
3.4728201568136883 -1.8562610469712908 0.99661791529877586 1.1584133371198662 0.051869118869900949 17.771418902339356 0.99857672855690294 0.23208001542761988 17.855907945398197 1 0.39706675842860051
3.0439523258908796 -2.4981071141522153 0.99596349320285837 1.1344757007231738 0.034619742051576599 17.760396382275232 0.99861310494313071 0.22715833833778473 17.861250714589875 1 0.39707684037148927
2.4981071141522158 -3.0439523258908792 0.99655556959618852 1.1175386211850691 0.015662197486605783 17.770165984059126 0.99856879477364913 0.22368980378555156 17.856212901385263 1 0.39707684037148855
1.8562610469712912 -3.4728201568136883 0.99741754254256065 1.1104097526017964 -0.0093219872956040294 17.792914062243053 0.99898301757718588 0.22220279306414004 17.857443221393879 1 0.39706675842859918
1.143080910984507 -3.7682318762778713 0.99791176994290476 1.092508752623365 -0.025405788281837077 17.805116498435183 0.99917302600476809 0.21865125056414869 17.857300899070957 1 0.39710550334468914
0.38596902310156067 -3.9188247347093066 0.9986779593617775 1.0760007926780615 -0.039471594601437836 17.824178304732115 0.99947533101563091 0.215401420440721 17.857220723499925 1 0.39696641721727466
4.4632279896667244 -0.43958785188666799 0.9883731578589966 0.48036198790648993 0.062926797793668887 17.745090566015993 1.0054148706347887 0.096631952373469984 18.038021527484279 1 0.51231092283562618
4.2917147666225821 -1.3018777469613565 0.99494863221594043 0.98736743276483441 0.079655478755939882 17.789097871149465 1.0012471473164086 0.19799163777330051 17.915667820012995 1 0.51249042250914989
3.9552644418325604 -2.1141328897896954 0.99751668900576729 1.1526432354171192 0.051746518487258523 17.789061510982648 0.99866744541000252 0.23091474427854161 17.851092411601069 1 0.51244041968055842
3.4668182783977151 -2.8451442327381349 0.99643329228208188 1.1102778585897188 0.043625709847927539 17.773804733152868 0.99889583348435274 0.22234971172676668 17.862937688846159 1 0.51245343108212971
2.8451442327381349 -3.4668182783977151 0.99730282148178262 1.1053233581104822 0.021027113710042841 17.787482851771166 0.99879296156757058 0.22123823064619216 17.854867333370475 1 0.51245343108212948
2.1141328897896949 -3.9552644418325595 0.9978789336810191 1.0968008601566286 -0.00071221111185498819 17.805369550537595 0.9992201058891963 0.21944580710030342 17.85837736866722 1 0.51244041968056153
1.3018777469613567 -4.2917147666225812 0.99832972036697776 1.0810049823416836 -0.015346687231902656 17.814956195745932 0.99930666748228536 0.2162977786082628 17.856698193287599 1 0.51249042250914389
0.43958785188666838 -4.4632279896667235 0.99898169838473172 1.0671341919715087 -0.028967330965314633 17.832035379956579 0.99961188662202138 0.21354689977544331 17.857488226857498 1 0.51231092283563739
5.0801176958662673 -0.50034594477976801 0.9887512864590684 0.56731020457742354 0.077506158626577018 17.740065065456974 1.0047457396231854 0.11424526945853392 18.02325893679641 1 0.66076589227953997
4.8848985940236398 -1.4818181360004303 0.99668549368569725 1.0424750857014609 0.089568110371120752 17.806859988507185 1.0005003229414065 0.20921082969436583 17.889819207920873 1 0.66099740649611116
4.5019454370926253 -2.4063399695688625 0.99770872673470024 1.1401870211191871 0.056956852304887978 17.793890751470631 0.99874628168431578 0.2284650091343452 17.851127032787861 1 0.66093291409085941
3.9459881783354644 -3.2383888068205366 0.99704734391144456 1.0914369714733636 0.052207843225142866 17.788953336527708 0.99913147743387576 0.21863194672678118 17.862749283775216 1 0.66094969587313901
3.2383888068205375 -3.9459881783354649 0.99809730574858802 1.0939979429448423 0.023835767995254727 17.806257655813365 0.99905131687021143 0.21895539940924844 17.853797997426501 1 0.66094969587314356
2.4063399695688625 -4.5019454370926235 0.99834295076288515 1.082720506518426 0.0065385144833240774 17.817630921185284 0.99944345755176744 0.21660833399644472 17.859047836336281 1 0.66093291409086452
1.4818181360004306 -4.8848985940236398 0.99882278389156165 1.0697151931704503 -0.0077104810019238508 17.826686553910466 0.99947103937243353 0.21400520379509044 17.856108321180567 1 0.66099740649611283
0.50034594477976835 -5.0801176958662673 0.99931631421607092 1.0575283481299456 -0.020404889258652355 17.840781521110216 0.99976729081128424 0.21156965538622907 17.857872026093506 1 0.66076589227954219
5.7791453121591276 -0.56919388375287494 0.98997666884335656 0.66904077215369517 0.071067767769013954 17.750295548675201 1.0040807838811716 0.13428722301163756 18.002409869089917 1 0.85170450807805498
5.557063930427411 -1.6857173094842999 0.99828526209657398 1.0710498555704331 0.081779881718435296 17.829230143656531 1.0001518853375673 0.21481717965153962 17.872119826439508 1 0.85200292194027927
5.1214161611926015 -2.7374539699958005 0.99791652283980081 1.1178436213206742 0.062904592635895734 17.802977551182831 0.99904823599525427 0.22402906514946516 17.855036625712728 1 0.85191979344812696
4.4889588092061139 -3.6839932876189345 0.9976559023128303 1.0734523168255188 0.059457651697664378 17.802685417380992 0.99929282231432748 0.2150956110057029 17.861273923411211 1 0.85194142458827982
3.6839932876189363 -4.4889588092061139 0.99856718653919985 1.0804117664411457 0.027012497777827472 17.819061570538288 0.9992992563224018 0.21622565203294222 17.85486707557294 1 0.85194142458827848
2.7374539699958009 -5.1214161611926015 0.99865986417697028 1.0691200628646844 0.013333261315572048 17.825611868928277 0.99957382830109687 0.2138862210381765 17.859109971967769 1 0.85191979344812163
1.6857173094843003 -5.557063930427411 0.99912446255375553 1.0586555620158731 -0.00078198721070438151 17.834362243865314 0.99959947137041527 0.21177358499312474 17.856245747078685 1 0.85200292194028504
0.5691938837528755 -5.7791453121591276 0.99949573797481417 1.0479888656978731 -0.012412883230008833 17.845297432119771 0.9998408369088706 0.20962915820436873 17.857903247976783 1 0.85170450807805098
6.5712470900110951 -0.64720879130581765 0.98738627185326 0.75530222350972998 0.11367745459046644 17.67501530761346 1.0024454303213168 0.15257533462067646 17.991935272118926 1 1.0976472323478137
6.3187267682985127 -1.9167652596005587 1.0003237064867212 1.1018884480607352 0.116651628613059 17.862583828487999 0.9999809930051522 0.22161128939766375 17.854491843912463 1 1.0980318177842625
5.8233682020705739 -3.1126551527484616 0.99835362801332761 1.0962952157865506 0.064738280088150968 17.816475256618848 0.99936794470578172 0.2197104475329118 17.857622103377327 1 1.0979246846665249
5.1042249188841859 -4.18892913454739 0.99851255882428513 1.0597051619605615 0.064645566195722148 17.821982381272136 0.99951773613408135 0.21238624496761296 17.859161547471277 1 1.0979525621297659
4.18892913454739 -5.1042249188841851 0.99947610529737618 1.0682779272878749 0.028781823744949014 17.841444687723438 0.99964460997329185 0.21377110545615607 17.854538773044851 1 1.0979525621297657
3.1126551527484616 -5.8233682020705739 0.99912828603366233 1.0545919163105433 0.016802746247461503 17.836733043758937 0.99972852671517076 0.21097379197910462 17.858523777809644 1 1.0979246846665227
1.9167652596005587 -6.3187267682985144 0.99962821753335962 1.0464736486342712 0.0035445222666329198 17.846504525904365 0.99977595156481369 0.20931938033528522 17.855797696309935 1 1.0980318177842565
0.64720879130581854 -6.5712470900110951 0.99983815032346302 1.0355428377967111 -0.0068213569962698867 17.853689829067903 0.999968473946242 0.2071163255907269 17.85773607441298 1 1.0976472323478084
7.4688169415931256 -0.73561135641982656 0.9908631982495556 0.90934225945241109 0.12800629900265822 17.735531730162901 1.0023480310854689 0.18344628927376547 17.964909579451966 1 1.4126994257383436
7.1818047457238787 -2.1785771631876996 1.0013293913302126 1.0740044418710646 0.14432385446995885 17.876914649607098 0.99977812295221935 0.21675567132032642 17.843696065413305 1 1.4131943968083589
6.6187849108388894 -3.5378142413064535 0.99794895919844073 1.0520995122158026 0.069161749936694564 17.813732730985453 0.99961929183551224 0.21091421225665313 17.865010290273329 1 1.4130565138078763
5.8014134951360701 -4.7610970122853438 0.99906513793461382 1.0466727583561983 0.059905082582307818 17.832199317234281 0.99953759048704816 0.20972562609604123 17.855564432749791 1 1.4130923927999368
4.7610970122853438 -5.8014134951360701 0.99944138970621188 1.0478131305163918 0.031789285055472204 17.84357844159921 0.9997988896260005 0.20968013384392492 17.85754245101149 1 1.4130923927999373
3.5378142413064548 -6.6187849108388894 0.999240627820704 1.0377348978445637 0.019051737218787237 17.83892119676096 0.99973875976460003 0.2076090732204614 17.857903426028777 1 1.4130565138078699
2.1785771631876996 -7.1818047457238769 0.9996390732456224 1.0321451799567467 0.0076598425111106252 17.848212341702283 0.99986076658134726 0.2064490931975933 17.857234905682624 1 1.4131943968083756
0.73561135641982722 -7.4688169415931274 0.99977929419270861 1.0230730858701607 -0.00032617039888987206 17.85238592653409 0.99995430655285233 0.20461930239883855 17.857903563189119 1 1.4126994257382866
ZONE T="CylinderZone2", I=8, J=20, DATAPACKING=POINT, SOLUTIONTIME=20
-0.053248126149810185 -0.54063943307152518 0.96577396209447186 0.30533359422744472 -0.055960290037050338 17.334225932118311 1.0051178529068356 0.061925604289080352 18.200309088973992 1 0.0095016344836108928
-0.15769896780428186 -0.51986370485743083 0.97000235741186658 0.37164226861995409 -0.13529998941511018 17.40907636884258 1.0050576353516087 0.078901687704966902 18.167443774142569 1 0.0095049635953117929
-0.25608900321023348 -0.47910882671265759 0.97764743630916584 0.38952553042335358 -0.22275786606327927 17.551466427304 1.0053543663980478 0.08950504773362826 18.115829959602873 1 0.0095040362119997081
-0.34463782010587446 -0.41994239884996309 0.98807814462948673 0.3532743123773362 -0.28942515079896813 17.751816608762802 1.0060962631795649 0.091061707948066076 18.052401837045743 1 0.0095042775294817607
-0.41994239884996309 -0.34463782010587446 0.99967071307761468 0.2748828402236701 -0.31109576082059892 17.977343859101584 1.007062867679108 0.082736319021908838 17.985634721041386 1 0.0095042775294818249
-0.47910882671265781 -0.25608900321023365 1.0105918192579726 0.17984996391520836 -0.27609306138663786 18.193143528782716 1.0081380208323987 0.06563442631593483 17.926753884988809 1 0.0095040362119997134
-0.51986370485743072 -0.15769896780428197 1.0189097113880687 0.097052451292337402 -0.18787280498770409 18.358124057915191 1.0089755104574301 0.042103489670899337 17.882915239986932 1 0.0095049635953116992
-0.54063943307152507 -0.053248126149810511 1.0233541346493205 0.04948694446062113 -0.062213526605897664 18.447790823089157 1.0095002795452241 0.015824043383754306 17.861093237671156 1 0.009501634483611231
-0.062565672186717505 -0.63524243924753465 0.97364889505504182 0.7900321247077744 -0.19832562811894427 17.42010628464336 1.001927857017596 0.16275222534835665 18.083707548459223 1 0.012674730951629024
-0.1852936927032425 -0.61083130039869793 0.97827185038577769 0.8582670376757835 -0.3456282575475294 17.48570608046213 1.000948293754826 0.18496163408969829 18.031829583816222 1 0.0126791718291636
-0.30090036559027045 -0.56294498907871604 0.98504540079842329 0.8275173761562129 -0.47359798654364427 17.608815009801535 1.0010641526862369 0.19058999849081401 17.984210794309064 1 0.012677934743692717
-0.40494376863562048 -0.49342540974738552 0.99337996953019991 0.71673504517114306 -0.54459419375559459 17.780026920209512 1.0023168747315898 0.17982424247525031 17.94613192812125 1 0.01267825664979858
-0.49342540974738552 -0.40494376863562059 1.0021089045003075 0.56126857721230006 -0.53873595962931209 17.971399126194189 1.0042804185101319 0.1552648228568306 17.918473133750037 1 0.012678256649798533
-0.56294498907871593 -0.3009003655902705 1.0100248926346398 0.40101192620361004 -0.45266435655308507 18.152065408819713 1.006426345759732 0.12056207966428842 17.900334206997332 1 0.012677934743692729
-0.61083130039869815 -0.1852936927032427 1.0159117886791365 0.27231166663162565 -0.29811218405273832 18.289385397344311 1.00816389039205 0.080424966533896844 17.889603358076329 1 0.012679171829163548
-0.63524243924753454 -0.062565672186717811 1.0190204063968697 0.20044415030654839 -0.098385321863385694 18.363240654060224 1.0091470878171296 0.044454746172356112 17.885179051132265 1 0.012674730951629234
-0.073123849373486705 -0.74244183463027602 0.98006196052678374 1.0937825006802548 -0.31729561944665552 17.478512173984047 0.99870897977059492 0.22792220889853657 17.978336920821462 1 0.016779839423766891
-0.21656265491167406 -0.71391123026163072 0.98488483292281026 1.0925027513320664 -0.44194616976946755 17.559969227865189 0.99845001450973825 0.23588427339451287 17.938417240240398 1 0.016785718618536814
-0.35167836036645622 -0.65794393551948882 0.9912015999160847 1.0033004973999284 -0.52774047012495517 17.690113516294005 0.99943982732714332 0.22678996311009733 17.910339888839989 1 0.016784080864202414
-0.47327945353281875 -0.57669268271809082 0.99843795958978665 0.86065042052117935 -0.55486874572229694 17.852227282795063 1.0012887803181441 0.20467034925248515 17.891340852124529 1 0.01678450702967994
-0.57669268271809082 -0.47327945353281897 1.0056885809449108 0.69894958639246862 -0.51763082479252676 18.021545513624719 1.0034980677112069 0.17364736999166658 17.878995144221111 1 0.016784507029679815
-0.65794393551948871 -0.35167836036645628 1.0120576808345652 0.54857375080676651 -0.41892053626900089 18.173766846059188 1.0056056700894065 0.13766216140324145 17.871359073719585 1 0.016784080864202338
-0.71391123026163084 -0.21656265491167431 1.0167070364560504 0.4339825942023029 -0.27012624148427333 18.286484407529709 1.0072155390110993 0.10186993660935531 17.867181909316233 1 0.016785718618536911
-0.74244183463027591 -0.073123849373487051 1.0191265017421707 0.37068578970517196 -0.089096392230566965 18.345881837133092 1.0080881814362339 0.075942074742400514 17.865667974293832 1 0.01677983942376644
-0.085087827227279006 -0.86391462009425102 0.98672543328196149 1.1880452297402937 -0.34207442048182352 17.569407386523867 0.99712319093064128 0.24761875272311148 17.901204817175657 1 0.022126624834292636
-0.25199501835425242 -0.8307160514192089 0.99092960729147439 1.1285254345009339 -0.41809092386920843 17.652922681857817 0.99761240542842489 0.24098432076223036 17.879554468233401 1 0.022134377395788149
-0.40921734595229753 -0.76559180609844413 0.99592950892714449 1.0209700287429786 -0.4624433602928284 17.767102103162919 0.99902423596067125 0.22427310535344158 17.86884811821945 1 0.022132217781812104
-0.55071390138034471 -0.67104683042225921 1.001294621355906 0.89018040617496841 -0.46431235363888174 17.897131280359943 1.0009435078007181 0.20070445437279394 17.864743588745462 1 0.022132779742114646
-0.6710468304222591 -0.55071390138034459 1.0065615910849561 0.75620163875743773 -0.42145620477517876 18.028283608084632 1.0030025881462321 0.17288408236099853 17.86396607852776 1 0.022132779742114802
-0.76559180609844413 -0.40921734595229764 1.0111325104533451 0.63728650781304075 -0.33575444445208547 18.143760120672248 1.0048639077279089 0.14371550271109651 17.864710855778466 1 0.022132217781812069
-0.83071605141920868 -0.2519950183542527 1.0144708867879537 0.54843720498077497 -0.21504731921653186 18.229105796263749 1.0062683284536016 0.1174507517992882 17.866107466332384 1 0.022134377395788055
-0.86391462009425091 -0.08508782722727945 1.016190891419297 0.49889977581569905 -0.07180160136841654 18.273545757837311 1.0070141053214883 0.10045633662199553 17.867237410329352 1 0.022126624834292778
-0.09864479022482954 -1.0015613190324728 0.99056050943929042 1.195140432999761 -0.3178670311249816 17.63638230519242 0.997049043078714 0.24770358527307998 17.872120768005967 1 0.0290674801921239
-0.29214514617771176 -0.96307325382466602 0.99396193800733579 1.1206718157718294 -0.3638139391262305 17.714871587167597 0.99805915085921082 0.23587840543823244 17.865712983494483 1 0.029077664638662144
-0.47441755845992806 -0.88757282412092575 0.99804033179603546 1.0223188495522755 -0.38844419137483455 17.813688205588804 0.99952527636286925 0.21877776574155661 17.862675875739914 1 0.029074827579827916
-0.6384586261728521 -0.77796408693367658 1.002422390866115 0.91336687767199554 -0.38141627235365261 17.921785122246007 1.0011946809358323 0.1978432078111666 17.861182319054716 1 0.029075565820299517
-0.77796408693367647 -0.63845862617285221 1.0067554200754816 0.80585608022326616 -0.34146741596850422 18.029221219861462 1.0028616356200493 0.17479339208183534 17.860080030870698 1 0.02907556582029951
-0.88757282412092553 -0.47441755845992811 1.0104804394307099 0.71226894315455291 -0.26975684525353305 18.122018995862636 1.0043074789934268 0.15200102223337303 17.859426383029124 1 0.02907482757982794
-0.96307325382466602 -0.29214514617771214 1.0132012608064114 0.64281364157131615 -0.17220940739228252 18.190360657115473 1.0053878090441659 0.13273916823931356 17.859417901523592 1 0.02907766463866205
-1.0015613190324726 -0.098644790224830081 1.0145779140780569 0.603534453477511 -0.058086926178130972 18.225343713648904 1.0059545282080982 0.12090522468206247 17.859782337928507 1 0.029067480192124261
-0.11400684187378825 -1.157535463004074 0.99322912554732934 1.1653543246179214 -0.27388774526644299 17.690762269456705 0.99743620133739697 0.2397289078836386 17.859830033624117 1 0.038067205832387228
-0.33764120141130016 -1.1130536129826627 0.99611210275179218 1.0953142957356243 -0.3038507837202174 17.760893546096526 0.99849207211079294 0.2275073578920962 17.858020110942515 1 0.038080543535555379
-0.54829907840257786 -1.0257954259966178 0.99948275254675156 1.0126984545351538 -0.31841014533404555 17.844560117679034 0.99981251601258314 0.2123350656580574 17.857490217661045 1 0.038076828080968787
-0.7378864253362567 -0.89911721075573847 1.0029728865424281 0.92511091892724751 -0.30854149164571576 17.932026004934002 1.0012169508169217 0.19492276580574688 17.857657533965654 1 0.038077794891707373
-0.89911721075573836 -0.73788642533625692 1.0063671672301926 0.84027571595477868 -0.27401880494897563 18.017491032561782 1.0025958016249239 0.17653635591681396 17.858100854705409 1 0.038077794891707359
-1.0257954259966175 -0.54829907840257808 1.0092257337604242 0.76728572120748439 -0.21544870014531503 18.089840549157415 1.0037705498339142 0.15909238420894242 17.858751599852663 1 0.038076828080968746
-1.1130536129826623 -0.33764120141130033 1.0113126581736522 0.71323067330233003 -0.13738279979445756 18.143244433001648 1.0046563532688377 0.14493127341405976 17.85974818314925 1 0.038080543535555539
-1.157535463004074 -0.11400684187378886 1.0123403842979983 0.68208761281863362 -0.046875119200146483 18.169989763160888 1.0051159090806057 0.1363908464863913 17.860659692006919 1 0.038067205832386306
-0.13141432693573835 -1.3342773229639162 0.99482111647196236 1.1435218244058996 -0.2340172044812325 17.729313702888966 0.99801014461226689 0.23367692312488472 17.858662554773741 1 0.049722115603906783
-0.38919498601988362 -1.2830036249529531 0.99726082792629056 1.0833276269267615 -0.2561169287428352 17.79014283028971 0.99898438758089836 0.2227513814175679 17.858590143309446 1 0.049739536867283503
-0.63201780843581745 -1.1824221534909289 1.0001200577152844 1.0139187962289382 -0.26562790002496256 17.861148762121495 1.000104259390318 0.20961631416724172 17.858147078377474 1 0.049734683864326154
-0.85055288215010749 -1.0364016855989213 1.0030371342520563 0.94185566122131781 -0.25486688090872239 17.93379495055062 1.0012515806998135 0.19502401243038989 17.857817630438344 1 0.04973594668029236
-1.0364016855989211 -0.85055288215010771 1.0058652176991774 0.8729367543609472 -0.2247031288497417 18.00429469533913 1.0023614338516711 0.18006619935613122 17.857489599717578 1 0.049735946680292534
-1.1824221534909292 -0.63201780843581779 1.008211093923725 0.81440150944817424 -0.17574993219096688 18.062972843755851 1.0032883830366417 0.16635657447824978 17.85735647743893 1 0.049734683864326272
-1.2830036249529528 -0.38919498601988389 1.0099308468578876 0.77123860514518627 -0.11182163026420244 18.106442671362846 1.003990314465995 0.1555505479125554 17.857671995553449 1 0.04973953686728326
-1.3342773229639164 -0.13141432693573901 1.0107517918224562 0.74596080543928656 -0.038467223710139511 18.127660452345136 1.0043504176521201 0.14906649573352895 17.858271858481302 1 0.049722115603907137
-0.15113959170547103 -1.5345520881695649 0.99602598287457988 1.1235290138481799 -0.19845762308669085 17.757726532632674 0.99840034484593065 0.22836711529581546 17.85699712368552 1 0.06479954091232995
-0.44761307729884026 -1.4755822181157761 0.99816967476383955 1.0708519726795074 -0.21390414197033236 17.811232583953419 0.99925799076622013 0.21848244007243958 17.856973524520448 1 0.064822244891339337
-0.72688355786570213 -1.3599034874600275 1.0006176995053979 1.0121532352581344 -0.21948336298258936 17.87231452388664 1.0002317696115621 0.20711142627793261 17.856870364399118 1 0.064815920293926022
-0.97822070340124267 -1.1919653758975652 1.0030167264951362 0.9529673446983401 -0.20858113973155989 17.932436558650199 1.0011961113880874 0.19498881280548677 17.856973635623127 1 0.064817566038357963
-1.1919653758975648 -0.97822070340124312 1.0053126475754597 0.89726400164623776 -0.18276590550814847 17.99003296734211 1.0021179456332874 0.18294413894146569 17.857076302004906 1 0.064817566038357657
-1.3599034874600273 -0.72688355786570236 1.0071717133492641 0.85060127552496478 -0.14238717260246073 18.036885410958359 1.0028732623837626 0.17224002276911188 17.857333857213238 1 0.06481592029392623
-1.4755822181157761 -0.44761307729884053 1.0085416688268876 0.81632929298624679 -0.09049454212778181 18.071795526708364 1.0034494158325811 0.16398339652942343 17.857880787121367 1 0.064822244891339378
-1.5345520881695649 -0.15113959170547175 1.009168223694584 0.79586010161859255 -0.031428335622881463 18.088260472263872 1.0037400718671952 0.15899902528235479 17.858616417582656 1 0.064799540912329548
-0.17349124496562723 -1.7614931285506685 0.99688627883441694 1.1097473672027289 -0.16758361777920625 17.779560848975862 0.99876528309283086 0.22460460260195733 17.857356301460694 1 0.08428650574542472
-0.51380944706270659 -1.693802353052015 0.99873653425609998 1.0641007048777291 -0.17920636183373595 17.825996276267226 0.9995186479891095 0.21586903412634539 17.857575701562563 1 0.084316037421580475
-0.83438053508120114 -1.561016186495348 1.0008314502573832 1.0142297130130113 -0.18301834655884075 17.87804176061973 1.000338605746431 0.20608717513499025 17.857251921237072 1 0.084307810847616349
-1.1228872975583788 -1.368242130912841 1.0028320972912279 0.96496019891058316 -0.17286565958494607 17.928072229414365 1.0011367271740121 0.19595300777277058 17.857229372725296 1 0.084309951511662803
-1.3682421309128407 -1.1228872975583792 1.0047547553324649 0.91904750187299367 -0.15081193232975978 17.975940886563283 1.0018889517488341 0.18609214654961478 17.856960288501931 1 0.084309951511662776
-1.561016186495348 -0.83438053508120125 1.0062854830826375 0.88109219106933712 -0.11710373260488634 18.014218824554774 1.0024950871989438 0.1775466618196187 17.856886715494571 1 0.084307810847616252
-1.693802353052015 -0.51380944706270704 1.0074264640584232 0.85337401517625711 -0.074330320133765129 18.043033778320176 1.0029614334813846 0.17106789344154161 17.857097297778083 1 0.084316037421580309
-1.7614931285506685 -0.17349124496562809 1.007925546444401 0.83652797514516442 -0.026022350771520798 18.056119251006749 1.0031918335195897 0.16712002740279663 17.857661253621608 1 0.084286505745425039
-0.19881898628085926 -2.0186510173958916 0.9975637964961207 1.0971231540418573 -0.14025191404825266 17.795867844693735 0.99900237132806502 0.22132071578209314 17.856741875424358 1 0.10945236356212067
-0.58881976105927136 -1.9410781613830483 0.99917954173361878 1.0574217927203686 -0.14906409843404331 17.836682803838173 0.99967442710773768 0.21361014428029981 17.857190949418115 1 0.10949071266351444
-0.95619056852230366 -1.7889067302993162 1.0009827288845266 1.0148585744757253 -0.15148655609509576 17.881502938383129 1.0003810601288727 0.20518138723258317 17.856930181099912 1 0.10948002983882762
-1.2868160249379843 -1.5679898631700402 1.002652314304648 0.9737862099841238 -0.14220576471794688 17.923439021007439 1.0010574650822641 0.19671898811585542 17.857096181583486 1 0.10948280965200681
-1.5679898631700402 -1.2868160249379847 1.0042507522625324 0.93597617199439542 -0.12356483196925572 17.963342726787005 1.0016892587549659 0.18866017395673149 17.85698459505193 1 0.10948280965200667
-1.788906730299316 -0.95619056852230389 1.0054962682916353 0.90518693957036311 -0.095687666614766922 17.994512292314212 1.0021844128946893 0.18184758896395459 17.856956144162314 1 0.109480029838828
-1.9410781613830483 -0.58881976105927203 1.006434408899197 0.88288705436192105 -0.06069164340320353 18.018229278815852 1.0025698939009597 0.17676713642805891 17.857162140031271 1 0.10949071266351421
-2.0186510173958911 -0.19881898628086028 1.0068219408363044 0.86908495044975254 -0.021448055641993632 18.028479620108481 1.0027541283233425 0.17363097677793027 17.857693455663409 1 0.1094523635621211
-0.22751907717189115 -2.3100490813347867 0.99809653160396417 1.0873217211558255 -0.1166683759163457 17.809487771668316 0.99923332321142189 0.21879648908583196 17.857056127674149 1 0.14192925095747105
-0.67381758232853595 -2.2212783610742082 0.99949596301950427 1.0529383958391823 -0.12373450160555148 17.844795431070153 0.99981248555111757 0.21205662403537145 17.857395263280964 1 0.14197897906802823
-1.0942194194841073 -2.0471405474793403 1.0010394667450713 1.0165324220033589 -0.12567237044795987 17.883147390943449 1.0004163533049892 0.20481162866472871 17.857155302868318 1 0.14196512641782807
-1.4725716087813978 -1.7943336969808925 1.0024436296763257 0.98200753753619086 -0.11761735894873813 17.918287018889558 1.0009780523243692 0.19770856093083991 17.857166354503253 1 0.14196873106179828
-1.7943336969808921 -1.4725716087813978 1.0037875945486026 0.95048014481591381 -0.10198737174621597 17.951806015179077 1.0015078301905984 0.191043254470318 17.857044995672076 1 0.14196873106179805
-2.0471405474793403 -1.0942194194841075 1.0048213787344751 0.92514829140119903 -0.078854507119054118 17.977493169705227 1.001909033532405 0.18552355304641435 17.856844599894572 1 0.14196512641782685
-2.2212783610742077 -0.67381758232853639 1.0056136230624912 0.90700775871866501 -0.049991061538113078 17.997352512916827 1.0022256227893223 0.18147504051689511 17.856856799707106 1 0.14197897906802837
-2.3100490813347867 -0.22751907717189232 1.0059216845501864 0.89562089452893345 -0.017831238159883814 18.005472540414928 1.0023707378865441 0.17894768269191633 17.857254376453493 1 0.14192925095746875
-0.26004054076794125 -2.640246346713814 0.99852216704978303 1.0785313657804991 -0.096261240290353239 17.820128575029699 0.99940415153375162 0.21662826950003161 17.857063311075034 1 0.18381542747568394
-0.77013273201385346 -2.538786783903261 0.99973713108410334 1.0486459286553191 -0.10175755463257899 17.85061208456063 0.9998971175512601 0.21072513803836071 17.857183476887496 1 0.18387983135182406
-1.2506265984300668 -2.3397577979464268 1.0010669096102167 1.017400573705842 -0.10348093546249194 17.883859465192476 1.0004287619329353 0.20448608930487266 17.857180977718581 1 0.18386189050593846
-1.6830602612620869 -2.0508148621248745 1.0022560537182796 0.98828869609537584 -0.096557836942934447 17.913548288474214 1.0009006175355812 0.19850951792318769 17.857121575346127 1 0.18386655895284354
-2.0508148621248736 -1.6830602612620871 1.0033896593453184 0.96196033746416565 -0.083571089039424701 17.941945405350072 1.0013546903546309 0.19298605934148177 17.857146494386171 1 0.18386655895284348
-2.3397577979464268 -1.2506265984300668 1.0042449865764713 0.94110913190294621 -0.064533458660193291 17.963192728266293 1.0016866453574489 0.18850492074864592 17.856979015199585 1 0.18386189050593857
-2.538786783903261 -0.7701327320138539 1.0049147536473129 0.92642553041190034 -0.040901095154006285 17.979886986268621 1.0019493360143659 0.18528509027149201 17.856899167938757 1 0.18387983135182354
-2.640246346713814 -0.26004054076794281 1.0051566579775206 0.91711620878150324 -0.014752534742875419 17.986256357846777 1.0020630585113142 0.18325803211191438 17.857206628778272 1 0.18381542747568469
-0.29689218693327468 -3.0144088671849549 0.99889234994535425 1.0708646353506057 -0.078664622300276418 17.829660477710799 0.99956815742179983 0.2147963958881037 17.857345908077519 1 0.23780800652567211
-0.87927209488667046 -2.8985709620676903 0.99993645778031803 1.0450071794975253 -0.083014007556927269 17.855604768469206 0.99997740676260372 0.20966221962663059 17.85719330826096 1 0.2378913279182705
-1.4278591513012271 -2.6713365826538729 1.0010842187820739 1.018190638376739 -0.084924327038823147 17.884413708353474 1.000442468096068 0.20430003596487212 17.857302120624318 1 0.23786811726150187
-1.9215751522086999 -2.3414460976485549 1.0020868527682918 0.99355630553740315 -0.079159412112327854 17.909347548010793 1.0008348666176936 0.19925778901779836 17.857154429288471 1 0.23787415698334194
-2.3414460976485545 -1.9215751522087006 1.0030529522406326 0.97141157901354491 -0.068529975901115925 17.933524337628139 1.0012206829195525 0.19464640816113324 17.857153910174848 1 0.23787415698334327
-2.6713365826538729 -1.4278591513012273 1.0037636561847589 0.9540770933033651 -0.052913006392491406 17.951192331361497 1.0014974773203258 0.19096571825442343 17.857030745608931 1 0.23786811726150528
-2.8985709620676903 -0.87927209488667157 1.0043394665308287 0.9421160453572277 -0.033546361094318279 17.965394776148941 1.0017151968320448 0.1883811350630058 17.856816026902422 1 0.23789132791826884
-3.0144088671849554 -0.29689218693327624 1.0045314973838602 0.93453585743868017 -0.012252171579805401 17.970387862028772 1.0018020558160192 0.18675503806790544 17.856998762948386 1 0.23780800652567791
-0.33865057277848803 -3.4383905484524142 0.9991832163064045 1.063782174129311 -0.063188059767659607 17.836888365684789 0.99968227160194656 0.21316530475311954 17.857304806960485 1 0.3073734305204589
-1.0029431950947028 -3.3062598469926332 1.0000765122629582 1.0415108180352353 -0.066803683730877875 17.8591069854889 1.0000334753072124 0.20872671652270761 17.857194144150956 1 0.30748112572657138
-1.6286899444202667 -3.047064569614895 1.0010834745154527 1.0184334515560314 -0.068941946515775676 17.884367674059607 1.0004406367557599 0.20410788937426505 17.857274742763586 1 0.30745112531027202
-2.1918479319182573 -2.6707744325951133 1.0019298207231462 0.99754222863916919 -0.064221158692338756 17.905500218653014 1.0007766915872227 0.19984387652610955 17.857235835414883 1 0.30745893181791573
-2.6707744325951133 -2.1918479319182587 1.0027655740089947 0.97887797223422246 -0.055647687867277383 17.926333211969581 1.001106026004619 0.1959833362214751 17.857155591543215 1 0.30745893181791745
-3.0470645696148946 -1.6286899444202674 1.0033563286397442 0.96443731535827126 -0.042963582057775423 17.941128344388854 1.0013423522100784 0.19294930197940593 17.857163743237066 1 0.30745112531026958
-3.3062598469926332 -1.0029431950947039 1.0038537218523877 0.95472299540318017 -0.027251688930878971 17.953307007575098 1.0015255903095979 0.19087682614972787 17.856891121760462 1 0.30748112572657088
-3.4383905484524142 -0.33865057277849003 1.004005799397526 0.94865891558797621 -0.010108511248381058 17.95718506276318 1.0015901930610709 0.1895918699593567 17.856960930937536 1 0.30737343052045568
-0.38596902310155962 -3.9188247347093066 0.99947771703065347 1.056850845230904 -0.049815417038127328 17.844101707094399 0.99979186880820692 0.21162687139366274 17.857157427941065 1 0.39696641721727638
-1.1430809109845068 -3.7682318762778713 1.0002261614597345 1.037836220939335 -0.053043118356449655 17.862998485405765 1.0001017296594936 0.20782759627001157 17.857344129448006 1 0.39710550334468697
-1.8562610469712906 -3.4728201568136887 1.0011114440679518 1.018091451740897 -0.055352250484562139 17.884989061966621 1.0004474450345828 0.20387340487892891 17.857196701299312 1 0.39706675842860167
-2.4981071141522144 -3.0439523258908805 1.0018160707062675 1.0004319019067263 -0.051642406400828712 17.902761406714461 1.0007372281527727 0.20027896956023813 17.857342646330739 1 0.39707684037148783
-3.0439523258908801 -2.4981071141522153 1.0025448263521417 0.9846915327643827 -0.044881524138148665 17.920773943637556 1.0010159280714508 0.19704270183986516 17.857120998508716 1 0.39707684037148883
-3.4728201568136892 -1.8562610469712908 1.0030376156309482 0.97259355713725415 -0.034688639129526806 17.933205745598045 1.0012182046248148 0.1945239440016413 17.857218923593841 1 0.39706675842859929
-3.7682318762778713 -1.1430809109845077 1.0034718112550218 0.96464614596327614 -0.022031564200812533 17.943785070215455 1.0013753765682512 0.19284696741376597 17.856930595682631 1 0.39710550334468825
-3.9188247347093066 -0.38596902310156161 1.0035923617213329 0.9598825712845872 -0.0083273889257045024 17.946756318536 1.0014208867165135 0.19184748998930332 17.856884098791518 1 0.39696641721727144
-0.43958785188666738 -4.4632279896667235 0.99967828199650355 1.050338362955566 -0.037903302479815569 17.848853722816191 0.99985747957448623 0.21021938950705479 17.856896044199249 1 0.51231092283562596
-1.3018777469613565 -4.2917147666225812 1.000312519861059 1.0341495619384462 -0.041103298472646634 17.865268058734813 1.0001424458546313 0.20697847585127818 17.857454437561923 1 0.512490422509151
-2.1141328897896954 -3.95526444183256 1.0011043516125535 1.0172749083117179 -0.043495610211172361 17.8846877243123 1.0004376765426908 0.20359632096677735 17.857072945496029 1 0.51244041968055964
-2.845144232738134 -3.4668182783977159 1.001701343410728 1.002356851284012 -0.040747314279720961 17.899974288002735 1.0006960314705164 0.20056715735264416 17.857425561212402 1 0.51245343108212693
-3.4668182783977146 -2.8451442327381349 1.0023434955038537 0.9891376225744376 -0.035537426957438834 17.915739326593922 1.0009357128871772 0.19786261133808267 17.857124552085139 1 0.51245343108213126
-3.95526444183256 -2.1141328897896954 1.0027598137647986 0.97902348916374671 -0.027498964367021803 17.926303629633217 1.0011101246973317 0.1957732857824406 17.857269733164021 1 0.5124404196805632
-4.2917147666225812 -1.3018777469613578 1.0031392623248216 0.97252193713588431 -0.017487230419302772 17.935559360420854 1.0012481425514019 0.19441453844205039 17.857029058812888 1 0.51249042250914545
-4.4632279896667253 -0.43958785188666955 1.0032348674784159 0.9689013337625485 -0.0067712504954896453 17.937813850274051 1.0012785710683729 0.19366123346216407 17.856891016559455 1 0.51231092283563595
-0.50034594477976713 -5.080117695866269 0.99994416468422254 1.0430602320388274 -0.027967242764571548 17.855260722266234 0.99995043193932931 0.20869219280252765 17.856656551558775 1 0.66076589227954885
-1.4818181360004303 -4.8848985940236398 1.0004587046507161 1.029435948919674 -0.031001111003957485 17.869043607752033 1.0002076410809444 0.20595914562220047 17.857574662206023 1 0.66099740649611016
-2.4063399695688616 -4.5019454370926262 1.0011551662682938 1.0153962342748752 -0.033305921335792424 17.885856766957321 1.0004522891546233 0.20314252944639039 17.85697121739074 1 0.66093291409086352
-3.2383888068205366 -3.9459881783354653 1.0016559914842436 1.003034794006826 -0.031449901418353784 17.898857369242222 1.000678895889223 0.20063745042376274 17.857443178643074 1 0.66094969587314589
-3.9459881783354658 -3.2383888068205366 1.0022203659279407 0.99211473630443392 -0.027605530440107884 17.912680041949987 1.0008877442450801 0.19841169462706565 17.857146244031092 1 0.66094969587313557
-4.5019454370926253 -2.4063399695688616 1.0025777365490469 0.98371537193960257 -0.021433254494427977 17.921750023045917 1.0010375890506655 0.19668775358294799 17.85727293313769 1 0.66093291409086141
-4.8848985940236398 -1.4818181360004314 1.0029152783669268 0.97832220466430553 -0.013654760533509204 17.930032380655067 1.0011631430039898 0.19556979352947404 17.857108093954569 1 0.66099740649610961
-5.0801176958662673 -0.50034594477977001 1.0029895799241777 0.97567320475175445 -0.0054524437698391598 17.931692628633584 1.0011816735116674 0.19502249542395178 17.856909446778538 1 0.6607658922795413
-0.56919388375287439 -5.7791453121591294 1.0000449235576678 1.0359356020779664 -0.018941379951239741 17.857785124671953 0.99999104277049389 0.20722267851341569 17.856662055879013 1 0.85170450807805653
-1.6857173094842997 -5.557063930427411 1.0004968873027669 1.0244866098590077 -0.021962470376356309 17.869984931086208 1.0002221573942927 0.20492163741984443 17.857561223092794 1 0.85200292194027627
-2.7374539699957996 -5.1214161611926032 1.0011316201402598 1.0128887236471427 -0.024215369468156764 17.885250268350902 1.000441893774014 0.20259087172868639 17.856953663273806 1 0.85191979344812274
-3.6839932876189336 -4.488958809206113 1.001578945370313 1.0027782858159675 -0.023154932700595127 17.896867295619032 1.0006446043311596 0.20054449096686258 17.857380674086823 1 0.85194142458828215
-4.488958809206113 -3.6839932876189354 1.0020770095704061 0.9940283454433203 -0.020492042689429203 17.909130754058801 1.0008325823165531 0.19876518217589845 17.857183834703012 1 0.85194142458828415
-5.1214161611926023 -2.7374539699958 1.0023886103601745 0.98728915134581974 -0.015973028374422049 17.917006517611377 1.0009614570205028 0.19738880308649476 17.857262345159629 1 0.85191979344811974
-5.5570639304274101 -1.6857173094843014 1.0026859839334021 0.98287349964502968 -0.010177498045651646 17.924366158454024 1.0010756307533066 0.19647959683111837 17.857180365805327 1 0.85200292194027583
-5.7791453121591285 -0.56919388375287694 1.0027440440246367 0.98104568105896806 -0.0042264797696327083 17.925608486403281 1.0010870472485718 0.1961043985026294 17.856970420345895 1 0.85170450807805842
-0.64720879130581721 -6.5712470900110969 1.0003223776068997 1.0255714304765717 -0.012073051818725086 17.864637069851305 1.0000972658921645 0.20511852264513239 17.856577365314823 1 1.0976472323478057
-1.916765259600558 -6.3187267682985127 1.0006613846920009 1.016792462646021 -0.014316160913076303 17.874072711603674 1.000286496616507 0.20334952079882337 17.857535543792523 1 1.0980318177842594
-3.1126551527484607 -5.8233682020705748 1.0012108681335472 1.0083667099691183 -0.016339883799340298 17.887285650090877 1.000476550174519 0.20165177492765504 17.857006848138909 1 1.0979246846665216
-4.1889291345473882 -5.1042249188841859 1.0016059783051476 1.000829295625085 -0.015996879976746606 17.897454840829099 1.0006504471191162 0.20012635097533296 17.857292155722075 1 1.0979525621297588
-5.1042249188841851 -4.18892913454739 1.0020503323562935 0.99429138784573956 -0.014470305848579425 17.908494912184146 1.0008236928231153 0.19879747836782105 17.857215384303174 1 1.0979525621297797
-5.8233682020705748 -3.1126551527484616 1.002330676259052 0.98921444811784587 -0.011422999329398879 17.91554288534784 1.0009375391608895 0.1977633960947765 17.857248486437634 1 1.0979246846665212
-6.3187267682985127 -1.9167652596005602 1.0026066929713537 0.98558182540834494 -0.0072848717438775551 17.922433019871747 1.0010468263269547 0.19701865429190968 17.857231415688993 1 1.0980318177842621
-6.5712470900110969 -0.64720879130581987 1.002648937410326 0.9843869105092764 -0.0031344499155248509 17.923318919512326 1.0010541287016781 0.19677469444653264 17.857060723230649 1 1.097647232347811
-0.73561135641982534 -7.4688169415931274 1.0002431348841745 1.0149030595227486 -0.0054249923017624796 17.86317368939282 1.0000945676729465 0.20297391445588311 17.857095038007859 1 1.4126994257383538
-2.1785771631876996 -7.1818047457238778 1.0006111760236851 1.0082601855748161 -0.007450359198352261 17.872685970017123 1.0002590788977239 0.20163142471157675 17.857404478090189 1 1.4131943968083585
-3.5378142413064531 -6.6187849108388894 1.0011454966690951 1.0027641119725057 -0.0093273492563438372 17.885844072718115 1.0004612419944336 0.20051526036582482 17.857200005011272 1 1.413056513807875
-4.761097012285342 -5.8014134951360727 1.0015314805884996 0.99793896426935902 -0.0095032940368949218 17.895537263265872 1.00061765916328 0.1995352295862779 17.857238320236704 1 1.4130923927999499
-5.8014134951360719 -4.7610970122853411 1.001928690962774 0.99373372175323649 -0.0089375733685422981 17.905488696144847 1.0007771760302726 0.1986775937383411 17.857252533740894 1 1.4130923927999124
-6.6187849108388912 -3.5378142413064544 1.0021756528811538 0.99052318666501549 -0.0071831809407797006 17.911676039929066 1.0008762977760481 0.19802310173269388 17.857260701761653 1 1.4130565138078846
-7.1818047457238778 -2.1785771631877013 1.0024135134976286 0.98794042399479498 -0.0046360647245095232 17.917643993961505 1.0009722026805263 0.19749428131567501 17.857276593227645 1 1.4131943968083778
-7.4688169415931256 -0.73561135641982944 1.0024491812326024 0.98717695528056215 -0.0019394171235604847 17.91845194516873 1.0009817222217601 0.19733892972717657 17.857192267084724 1 1.4126994257382621
ZONE T="CylinderZone3", I=8, J=20, DATAPACKING=POINT, SOLUTIONTIME=20
-0.54063943307152507 0.053248126149810282 1.0229731146933698 0.048813482980078926 0.073447765045396615 18.439049548743128 1.0093977630574398 0.017555536195800373 17.861939886268367 1 0.009501634483610643
-0.51986370485743083 0.15769896780428189 1.0183726264666209 0.09700925840639861 0.19358494071811341 18.347749228603551 1.0089371306865624 0.043114086566562917 17.886006809142508 1 0.0095049635953120357
-0.47910882671265781 0.25608900321023348 1.0099284203069487 0.17942320376398285 0.27782745642682671 18.179780750187945 1.0080592846631704 0.065880588440614521 17.930062769669693 1 0.0095040362119996179
-0.41994239884996332 0.34463782010587446 0.999154729269216 0.27294105929662782 0.30985414693190755 17.96787819462908 1.0070524097631992 0.082295164850157365 17.989162592851685 1 0.00950427752948153
-0.34463782010587457 0.41994239884996293 0.98771852001508864 0.34982833836104676 0.28688716630706301 17.744970147300236 1.0060744099284937 0.090210483652323675 18.054638504343348 1 0.0095042775294818978
-0.25608900321023381 0.47910882671265737 0.97753612975952142 0.38532414341193338 0.2203440537477602 17.550168457558442 1.0053944838104127 0.088536782292332736 18.117377953078709 1 0.0095040362119999285
-0.15769896780428228 0.51986370485743061 0.96996771743238408 0.36706962336615401 0.13369430862458323 17.408669173153168 1.0050700194929243 0.077934439682368864 18.167927152558452 1 0.0095049635953119282
-0.053248126149810317 0.54063943307152496 0.96593142650934227 0.30239058024146981 0.054628315223813846 17.338833729598225 1.0052211380482865 0.061297267155919238 18.200992366059275 1 0.0095016344836106343
-0.63524243924753465 0.062565672186717672 1.0187670780544367 0.19708039477493705 0.11438008031236475 18.357987637846097 1.0091092741210625 0.045367287388728882 17.886287620743708 1 0.012674730951629111
-0.61083130039869815 0.18529369270324247 1.0155275452498245 0.26931619276486829 0.30886667723724237 18.281433247905866 1.0081068362847527 0.081628280359230657 17.891298030964446 1 0.012679171829163489
-0.56294498907871604 0.30090036559027039 1.0095240276849509 0.39859455338341615 0.45811487040929194 18.141864454377522 1.006359809684034 0.12106469556418402 17.902702457183665 1 0.012677934743692767
-0.49342540974738552 0.40494376863562037 1.0016762480720369 0.55776180378596585 0.53981822382151545 17.963561322150728 1.0042760172406358 0.15491114932522621 17.92149001888254 1 0.012678256649798625
-0.40494376863562059 0.49342540974738552 0.9930250169482967 0.71157241676620053 0.54266535565207785 17.774275042805698 1.0023507810559251 0.17876720638425925 17.949304728158005 1 0.012678256649798532
-0.30090036559027067 0.56294498907871604 0.98485240718508915 0.82073802394556472 0.47035002800407449 17.606978738512595 1.0011559103905132 0.18908272170413573 17.987268964874545 1 0.012677934743692587
-0.18529369270324283 0.61083130039869793 0.97813636517251501 0.85019098790344427 0.34279103638121056 17.484989422792818 1.0010459088389849 0.18324327206677149 18.034587212337925 1 0.012679171829163529
-0.062565672186717644 0.63524243924753465 0.97363601428846469 0.78259793674525802 0.19478338158395481 17.421800431807601 1.0020385532514748 0.16113062003123918 18.085801200944129 1 0.012674730951629364
-0.74244183463027602 0.073123849373486843 1.0189115831876756 0.36444417320968719 0.10168573499764359 18.342622831912696 1.0081217001076985 0.075367423219715846 17.867769316750749 1 0.016779839423766721
-0.71391123026163084 0.21656265491167412 1.0163568529559219 0.42707309928203829 0.27969544710975852 18.280176159623441 1.007214996269107 0.10173574895243918 17.869634464871766 1 0.016785718618536838
-0.65794393551948882 0.35167836036645611 1.0116045895525103 0.54294996181769484 0.42492808443317021 18.165676642315209 1.0056082202489693 0.13750745285402893 17.874605759856355 1 0.016784080864202446
-0.57669268271809093 0.47327945353281875 1.0052658951058697 0.69359299509253691 0.5205039998628066 18.014556728633423 1.0035306883977204 0.1731300014208991 17.882583099222149 1 0.016784507029679884
-0.47327945353281897 0.57669268271809071 0.99807330986068254 0.85489732033101873 0.55510715633448116 17.846823707686262 1.0013514204830569 0.20372443744223528 17.895074669885044 1 0.016784507029679731
-0.35167836036645644 0.6579439355194886 0.9909435634173468 0.99669005570779823 0.52595370163967015 17.687339460463122 0.99954330933274171 0.22544166718791972 17.914059876338019 1 0.016784080864202373
-0.21656265491167453 0.71391123026163061 0.98469893012974918 1.0844593933167024 0.44003650562679747 17.558895994101569 0.99857747839934907 0.23423368516862456 17.94206203474619 1 0.016785718618537022
-0.073123849373486857 0.74244183463027602 0.97994475486163546 1.0852213455703923 0.31279797883962546 17.478989699928594 0.99885571845399179 0.22600966361321748 17.98183865907917 1 0.016779839423766409
-0.86391462009425091 0.085087827227279228 1.0160226379093034 0.49078126320163212 0.078870178562769566 18.272231013330774 1.0071084023991028 0.099064172749869381 17.870094082318982 1 0.022126624834292997
-0.8307160514192089 0.25199501835425253 1.0141877544758622 0.5388064632062195 0.22091629625617795 18.22479374032066 1.006311152817897 0.11610161435357802 17.868862805983074 1 0.022134377395787923
-0.76559180609844424 0.40921734595229742 1.0107912411913378 0.62914434897919513 0.33972047088247231 18.138709070802026 1.0049233367863795 0.14265033761162765 17.868179933483599 1 0.022132217781812132
-0.67104683042225921 0.55071390138034471 1.0062189781481143 0.74916688048461388 0.42379508739899785 18.023287810424634 1.0030660703455418 0.1718823696774785 17.867529672333959 1 0.022132779742114753
-0.55071390138034471 0.67104683042225899 1.000997339823922 0.88373728150269715 0.46515561232177882 17.893383126804533 1.0010310858761629 0.19963306533776856 17.868428897197752 1 0.022132779742114823
-0.40921734595229781 0.76559180609844413 0.9956678676455244 1.0147725779099253 0.46158746926349059 17.764275913145593 0.99912780397166567 0.22306154396048458 17.872578841543891 1 0.022132217781812194
-0.25199501835425303 0.83071605141920868 0.99073610922207267 1.121591217711321 0.41752010249342414 17.65185096055302 0.99774666891212982 0.23962676030392938 17.883357694500063 1 0.022134377395787844
-0.085087827227279159 0.86391462009425068 0.9865401762121716 1.1805647518721121 0.33812766505822028 17.568651365136972 0.99726752050421885 0.24594271632444023 17.905140691849226 1 0.022126624834293226
-1.0015613190324726 0.098644790224829804 1.0144357644332584 0.59428195253976313 0.061844697944563987 18.225267800229361 1.0060912987481785 0.11913595646089681 17.86321171875209 1 0.029067480192123876
-0.96307325382466602 0.29214514617771187 1.0129415773695871 0.63173185231256945 0.17560664554614538 18.187215538028344 1.0054716795208039 0.13077969694694666 17.862739180904647 1 0.029077664638662112
-0.88757282412092575 0.47441755845992795 1.0101974414407937 0.70273320795255756 0.27208738894939061 18.118868014237922 1.0044141532163009 0.15038216369179033 17.863324661613255 1 0.029074827579827881
-0.77796408693367669 0.6384586261728521 1.0064534065772446 0.79786662171634537 0.34294708602457474 18.025465292581021 1.0029535880370555 0.1734338838472399 17.863861385342066 1 0.029075565820299448
-0.63845862617285243 0.77796408693367647 1.0021756753648974 0.90636412550240264 0.38214136793095466 17.919252935445058 1.0012996603215891 0.19659828346327424 17.864814017695934 1 0.029075565820299444
-0.47441755845992833 0.88757282412092564 0.99779462857339385 1.0162158048103263 0.38773225801641542 17.811094330486306 0.99962582769182462 0.21757515369960104 17.86623233867239 1 0.029074827579827905
-0.29214514617771253 0.96307325382466558 0.993793222554059 1.114272588798493 0.36389334721492705 17.714080715374394 0.99818402510754056 0.23465050584410227 17.869161598293289 1 0.02907766463866206
-0.098644790224829748 1.0015613190324726 0.99036113351711075 1.188811005502151 0.31451417021849321 17.635133332610941 0.99717914219465531 0.24628995192732406 17.875892077993992 1 0.029067480192124639
-1.157535463004074 0.11400684187378846 1.0122183960678262 0.672198598745534 0.048330470608044566 18.170840116918225 1.005284086345402 0.13443205611736553 17.864509269215318 1 0.038067205832387027
-1.1130536129826625 0.33764120141130016 1.0110762997393972 0.70154214491778932 0.13904621001183273 18.140877899733116 1.0047601368702852 0.14269856015925628 17.863263219929216 1 0.038080543535555428
-1.0257954259966175 0.54829907840257786 1.0090049647408295 0.75732875975374592 0.21657524999183386 18.08819899447662 1.0038990669202408 0.15723128211258547 17.862601219579442 1 0.038076828080968739
-0.89911721075573847 0.7378864253362567 1.0061155723494275 0.83223080433508589 0.27481219716174421 18.014738051035138 1.0026932864552274 0.17505046332263507 17.86162355959075 1 0.038077794891707567
-0.73788642533625692 0.89911721075573836 1.0027836891224071 0.91827998767390151 0.30908405601315764 17.930573382393163 1.0013247315905296 0.19365217416991432 17.860927672995597 1 0.038077794891707158
-0.5482990784025783 1.0257954259966171 0.99926555131823791 1.00715069255078 0.31771886389266235 17.842254387987879 0.99990062036490135 0.21122581676537597 17.860616478712085 1 0.038076828080968503
-0.33764120141130088 1.1130536129826623 0.99597439863813497 1.0896408764779506 0.30425626576836728 17.760425826624264 0.99860382616342414 0.22642248648679122 17.861006525475503 1 0.038080543535555837
-0.11400684187378846 1.157535463004074 0.99303825427933501 1.1601325506534661 0.27090699639662486 17.689242874175733 0.99754223529570052 0.23856194413101664 17.863101847309579 1 0.038067205832386673
-1.334277322963916 0.1314143269357386 1.0106438982392083 0.7357774215172822 0.038726945354589197 18.129153388101518 1.0045403632580856 0.14702578162289615 17.862411985555571 1 0.049722115603906394
-1.2830036249529533 0.38919498601988362 1.0097058565339794 0.75955128070648525 0.11261683149315721 18.10454144855936 1.0041085861670025 0.15325641061724946 17.861367412435442 1 0.0497395368672836
-1.1824221534909292 0.63201780843581734 1.0080334247056943 0.80472083983580589 0.17628938551233769 18.06231703677846 1.003428783412571 0.16447912597431869 17.861114516271403 1 0.049734683864326314
-1.0364016855989213 0.8505528821501076 1.0056506710783917 0.86547920569549985 0.22517899536373112 18.002189079656095 1.0024580268169092 0.1786391696909482 17.860734387842196 1 0.049735946680292145
-0.85055288215010794 1.0364016855989213 1.0028951159403607 0.93572862190550843 0.25537969397634946 17.933102665918184 1.001354710247514 0.19385912870507419 17.860668584550428 1 0.049735946680292666
-0.63201780843581801 1.1824221534909287 0.9999338335869743 1.0092931739761268 0.26500935574069684 17.859119154418838 1.0001768497060541 0.20868254651011614 17.860773629178997 1 0.049734683864326008
-0.38919498601988445 1.2830036249529526 0.99715672859627325 1.0786120735157438 0.25676734308241361 17.789964026228102 0.99907863613311709 0.22185285035887201 17.861020795006933 1 0.049739536867283288
-0.13141432693573854 1.3342773229639162 0.99465005447182109 1.1394306667463163 0.23124879463883699 17.727709157552489 0.99809144664647198 0.23275421561771087 17.861345980066535 1 0.049722115603907727
-1.5345520881695647 0.15113959170547128 1.0090716145381133 0.78561191475461578 0.030849770563015393 18.090224661705989 1.0039451763288803 0.15693421664784712 17.862949689304866 1 0.064799540912330117
-1.4755822181157761 0.44761307729884026 1.0083287620976653 0.80500043988594305 0.090691827072638037 18.070170408942488 1.0035710374136384 0.16173009096616794 17.861553575267472 1 0.064822244891339129
-1.3599034874600275 0.72688355786570202 1.0070349945483652 0.84161554221019164 0.1425140585216548 18.036926838467792 1.0030117199062594 0.1704627989633862 17.86076910118086 1 0.064815920293926119
-1.1919653758975652 0.97822070340124267 1.0051359547404062 0.89076319438928719 0.1830332263514293 17.98837134569224 1.0022015325830738 0.18167483578363558 17.859821442531402 1 0.064817566038357727
-0.97822070340124334 1.1919653758975648 1.0029203357189891 0.94787351841835221 0.20910340726705129 17.932309073984953 1.0012852180955925 0.19400815215002659 17.859249446329116 1 0.064817566038358018
-0.72688355786570247 1.3599034874600271 1.000464676041195 1.0087005334500807 0.21897978138805915 17.870493664033486 1.0002828366606507 0.20641004360892129 17.858874556829026 1 0.064815920293926479
-0.44761307729884114 1.4755822181157758 0.99810033047148716 1.0673288325424455 0.21480544622294093 17.811306033818461 0.99933153650951279 0.21781874084423217 17.858784084696012 1 0.064822244891339267
-0.15113959170547131 1.5345520881695649 0.99588057376069272 1.120721487998148 0.19589069195739803 17.756102728871841 0.99845481272126368 0.22771850916770309 17.859014250264089 1 0.064799540912330006
-1.7614931285506681 0.17349124496562754 1.0078389714570855 0.82640557919162072 0.025036596914636399 18.058422322730546 1.0034059781823492 0.16507606489343837 17.862086925226286 1 0.084286505745425372
-1.693802353052015 0.51380944706270648 1.0072234744107711 0.84270652681494773 0.07428116462054199 18.041564339434402 1.003081865752431 0.16893467998303152 17.860681128401655 1 0.084316037421580114
-1.5610161864953485 0.8343805350812008 1.0061820975052618 0.87312853368716803 0.11706686658238524 18.014722133095873 1.0026261060393753 0.17595742825541902 17.859954475078457 1 0.084307810847616224
-1.368242130912841 1.1228872975583788 1.0046095555201737 0.91375042227011083 0.15101126733365181 17.974574105360489 1.0019575697906156 0.18504793135535083 17.859215686040699 1 0.08430995151166315
-1.1228872975583795 1.3682421309128405 1.0027740581631246 0.96105696367473237 0.17343490053459124 17.928358682340406 1.0012106685230082 0.19519804511974123 17.858961704850675 1 0.084309951511662887
-0.83438053508120191 1.561016186495348 1.0007084759769156 1.011995209665745 0.1826163046297278 17.876405970227072 1.0003699951661544 0.2056299490924097 17.858690026665816 1 0.084307810847615849
-0.5138094470627077 1.6938023530520148 0.99869920347225483 1.061765591174177 0.18031589716481519 17.82629849940826 0.99957295594318496 0.215439598502569 17.858812990755794 1 0.084316037421580295
-0.17349124496562765 1.7614931285506681 0.99676640914680525 1.1081998091606173 0.16519840945336967 17.777969397469626 0.99879598276122439 0.22422405511462229 17.85876418946151 1 0.084286505745425275
-2.0186510173958916 0.19881898628085964 1.006745036241165 0.85923652445859056 0.020195918464534134 18.031025937365044 1.0029723664656436 0.17163986870580594 17.862125742778112 1 0.10945236356212013
-1.9410781613830483 0.58881976105927158 1.0062429875835113 0.87307866237270304 0.060505531849931737 18.016824380359111 1.0026824302724529 0.17480025391361456 17.860525457601646 1 0.10949071266351454
-1.7889067302993165 0.95619056852230322 1.0054233292135433 0.89842516530658501 0.095557851355472193 17.995301734070743 1.0023010872765792 0.18049099885659706 17.859553279056215 1 0.10948002983882785
-1.5679898631700402 1.2868160249379843 1.0041341000296951 0.93196577391662394 0.12373440043695219 17.9621380293915 1.0017384416624724 0.18786553852304466 17.858691176598516 1 0.10948280965200671
-1.2868160249379847 1.56798986317004 1.0026270606375327 0.97108068917636214 0.14281790860692931 17.924000010309101 1.0011140123021349 0.196196087591573 17.858284803093007 1 0.10948280965200657
-0.95619056852230455 1.788906730299316 1.0008858705694266 1.0137605334101807 0.15116683453944538 17.87998679415378 1.0003930406628583 0.20495356338113532 17.857835247911581 1 0.10948002983882793
-0.58881976105927269 1.9410781613830481 0.99917023626384982 1.0561452079563678 0.15033428555794268 17.837179549115984 0.99971157810998035 0.21338898075960538 17.857921103323545 1 0.10949071266351479
-0.1988189862808597 2.0186510173958907 0.99746776730193343 1.0966703786289806 0.1380052816783956 17.794328573953607 0.99901213027133395 0.22117318831508004 17.857603947936017 1 0.10945236356212001
-2.3100490813347867 0.22751907717189163 1.0058553517303832 0.88618267611372714 0.016479963449192871 18.008196710454754 1.0025885063750495 0.1770381954063931 17.861605070015862 1 0.14192925095747277
-2.2212783610742082 0.67381758232853584 1.0054344834064717 0.89823314702207524 0.049806404983880288 17.995960851327876 1.0023266789059546 0.17971364390904815 17.859930029665378 1 0.14197897906802731
-2.0471405474793403 1.0942194194841073 1.0047749715939691 0.91970761548661728 0.078727622110764756 17.978459619983571 1.0020091723213558 0.18442902511307974 17.858959282711464 1 0.14196512641782735
-1.7943336969808925 1.4725716087813978 1.0036943700699319 0.94775595863123041 0.1021747315840234 17.95069141770789 1.0015386638666219 0.19050302099975058 17.858258201504338 1 0.14196873106179853
-1.4725716087813983 1.7943336969808921 1.0024440858028276 0.98040447875302295 0.11826908438763113 17.919043846321003 1.0010198758675399 0.19740182040423668 17.857909224483137 1 0.14196873106179783
-1.0942194194841082 2.0471405474793407 1.0009623692553733 1.0163873162616373 0.12540684825073264 17.881716167107012 1.0004133372622728 0.20477663309096547 17.857651620243658 1 0.14196512641782724
-0.67381758232853728 2.2212783610742073 0.99950814493071838 1.0524902169941974 0.12511766993689791 17.845461271139705 0.99983760532333066 0.21199741028735963 17.857756860905301 1 0.14197897906802753
-0.22751907717189165 2.3100490813347863 0.99801888721016563 1.0877005616751749 0.11451266138515702 17.808006095834276 0.99922792353307555 0.21882686636466905 17.857515316386856 1 0.14192925095747333
-2.6402463467138135 0.26004054076794192 1.0051018818580066 0.90821014080908147 0.013354257460538907 17.989102138253006 1.0022762237956515 0.18145526400102019 17.861394678177476 1 0.1838154274756815
-2.5387867839032614 0.77013273201385346 1.0047496329370205 0.91880256062473098 0.040757792437149998 17.978470045130873 1.0020350229154478 0.18375434632964568 17.859600178155194 1 0.18387983135182451
-2.3397577979464268 1.2506265984300664 1.004222069364991 0.93700785460326541 0.064432068770646209 17.964243939553896 1.001768125041304 0.18767826061747067 17.858594563091529 1 0.1838618905059391
-2.0508148621248745 1.6830602612620866 1.0033155855874603 0.96040066002149649 0.083780968461891953 17.940856870066753 1.0013678628092919 0.19267788018489967 17.857908743777987 1 0.18386655895284232
-1.6830602612620873 2.0508148621248741 1.0022759228165827 0.98758397069839254 0.097226567539641845 17.914425999962546 1.0009298159328159 0.19837946411850355 17.857500900851964 1 0.18386655895284273
-1.2506265984300675 2.3397577979464259 1.0010038261453842 1.0179384418868698 0.10324105401830788 17.882472168644526 1.0004141984581498 0.20458973174726458 17.857371156779582 1 0.18386189050593879
-0.77013273201385501 2.5387867839032605 0.99976486136791998 1.0487298859334093 0.10320698125751908 17.85141597045704 0.99991441179709972 0.21076822399012274 17.857294209617155 1 0.18387983135182512
-0.26004054076794192 2.6402463467138144 0.9984578553921446 1.0794249247005996 0.094156354417294308 17.818698193083886 0.99938829903566206 0.21677104758937757 17.857240123494009 1 0.18381542747568308
-3.0144088671849549 0.29689218693327546 1.0044903608793239 0.92627803920731722 0.010866136711795258 17.973326972628833 1.0020069366553566 0.18508272277449847 17.860943311307921 1 0.23780800652567466
-2.8985709620676907 0.87927209488667046 1.0041890514800513 0.93573857992932008 0.033491865065473997 17.963925534022071 1.0017833069982305 0.18710079651156356 17.859100091500014 1 0.2378913279182697
-2.6713365826538733 1.4278591513012266 1.0037609048508311 0.95126664889698986 0.052865535571594603 17.952284227172893 1.0015611395122408 0.19039833601607012 17.858185443370886 1 0.23786811726150386
-2.3414460976485549 1.9215751522086999 1.0029927636346203 0.97082494240393302 0.068767553909064222 17.932429102332151 1.0012196150162396 0.19453289650129169 17.857563491611213 1 0.23787415698334058
-1.9215751522087008 2.341446097648554 1.002119892396355 0.99349396005677371 0.079825009601766389 17.910311137921784 1.0008557162419465 0.19925390195526285 17.857290928173903 1 0.23787415698334494
-1.4278591513012282 2.671336582653872 1.0010285588859906 1.0191201384715998 0.084685749194535281 17.883036848027988 1.0004210704504719 0.20448348304674085 17.857317336000843 1 0.23786811726150348
-0.87927209488667257 2.8985709620676894 0.99997387109001634 1.0453260218728395 0.084489853808868587 17.856526863613333 0.99999163199789975 0.20974787053244734 17.857180084311086 1 0.23789132791826839
-0.29689218693327546 3.0144088671849558 0.99883540387261671 1.0719645811257197 0.076581980796005658 17.828267799240294 0.9995470643436154 0.2149880208005413 17.857376299948466 1 0.23780800652567877
-3.4383905484524133 0.33865057277848887 1.0039797033373006 0.94116471231052357 0.0087500741936608391 17.960176120042455 1.0017830622643209 0.1880734785073872 17.860585214707079 1 0.30737343052045929
-3.3062598469926341 1.0029431950947028 1.0037191503513661 0.94963457732397616 0.027296020882460158 17.951781496784808 1.001574755654123 0.18985592851344385 17.858725382934736 1 0.30748112572656977
-3.0470645696148946 1.6286899444202667 1.0033699850968214 0.96278434021562953 0.042969982485440671 17.942218825539275 1.0013895851911427 0.19261477080259087 17.85790883603519 1 0.30745112531027252
-2.6707744325951137 2.1918479319182578 1.0027152054057129 0.97899366589684289 0.05590190034806175 17.925222939366545 1.0010943068710365 0.19601046245442794 17.85730534452097 1 0.3074589318179175
-2.1918479319182587 2.6707744325951124 1.0019707759771135 0.99783522322034135 0.064855045041831469 17.906516633436883 1.0007925924145225 0.19990892304257368 17.857227587995819 1 0.30745893181791439
-1.6286899444202683 3.0470645696148941 1.0010309474183416 1.0194701317330808 0.068690793883852255 17.882988989890087 1.0004160060777629 0.20431383977654327 17.857209894487227 1 0.30745112531027008
-1.002943195094705 3.3062598469926332 1.0001193804247939 1.0418125403078167 0.068272895215918963 17.860123910255197 1.0000475518167444 0.20880447557981982 17.857139328968309 1 0.30748112572657182
-0.33865057277848903 3.4383905484524133 0.99912947171361899 1.064846157848665 0.061117176358021469 17.835519937336294 0.99965934717475147 0.21335607024561956 17.857279521267376 1 0.30737343052045796
-3.9188247347093057 0.38596902310156023 1.0035844366092332 0.95325756836805198 0.0070154800132179755 17.949804705737566 1.0015988947140244 0.19050443908981635 17.860114671688684 1 0.39696641721727083
-3.7682318762778721 1.1430809109845073 1.003352086484165 0.96085832473975585 0.022188118595582201 17.942177248257842 1.0014051282460241 0.19208798801580676 17.85831344419687 1 0.3971055033446888
-3.4728201568136887 1.8562610469712901 1.0030642976415585 0.97189207267030986 0.034750917133270103 17.934294564457517 1.0012523593060128 0.19438095061023036 17.857638076755045 1 0.39706675842859879
-3.0439523258908809 2.4981071141522149 1.0024996251565359 0.98521660515814513 0.045138482344848505 17.91963768534913 1.0009975905610378 0.19715170423593803 17.8571159257015 1 0.39707684037149144
-2.4981071141522149 3.0439523258908792 1.001860804380827 1.0008312536137514 0.052223378740966449 17.903820542717913 1.0007517461003592 0.20036326998612497 17.857282762065378 1 0.39707684037148694
-1.8562610469712921 3.4728201568136878 1.0010572057565286 1.0190346318471939 0.055080731020401216 17.883562699828165 1.000421858385353 0.20406139282672875 17.857126992162545 1 0.39706675842859868
-1.1430809109845097 3.7682318762778713 1.0002716754760765 1.0379722428357121 0.054480730859060147 17.864097787994215 1.0001177676007991 0.20786796867368074 17.857305470221991 1 0.3971055033446893
-0.38596902310156039 3.9188247347093066 0.99942286062150587 1.057736323449896 0.047749183639355548 17.842709449414645 0.99976873401804234 0.21178719908008628 17.857136262907911 1 0.39696641721727927
-4.4632279896667244 0.43958785188666843 1.0032457600509246 0.96326250423636661 0.0055127974185831662 17.940866135665797 1.0014380748397247 0.19251727832438914 17.859658057106486 1 0.51231092283563084
-4.2917147666225812 1.3018777469613565 1.0030349342093914 0.96997812158128194 0.017756975394007772 17.933906077885911 1.00125998113202 0.1939060079271705 17.857983124060716 1 0.51249042250914878
-3.9552644418325609 2.1141328897896945 1.0027951995728284 0.97900378223919438 0.027607399838643847 17.927373587786189 1.0011345489923666 0.19576756984347321 17.85745333889642 1 0.5124404196805602
-3.4668182783977159 2.845144232738134 1.0023017457463976 0.98977668906128247 0.035777099283973331 17.914619168209406 1.0009148209289287 0.19799407381890552 17.857049348032103 1 0.51245343108212749
-2.8451442327381344 3.4668182783977151 1.0017466374021311 1.0026875926089607 0.041249688456240378 17.901051512251158 1.0007110043587113 0.20063583047692615 17.857369773740441 1 0.51245343108213048
-2.1141328897896967 3.9552644418325587 1.0010480324420945 1.0180051683117328 0.043216503858067593 17.883235556648387 1.0004127251235331 0.20374237384199143 17.857029421359684 1 0.51244041968056109
-1.3018777469613592 4.2917147666225812 1.0003598381060579 1.034076416048801 0.042488907519413671 17.866442258673814 1.0001608694363524 0.2069731439303254 17.857445506174152 1 0.51249042250914645
-0.43958785188666832 4.4632279896667253 0.99962179610755408 1.0510285422877537 0.035874251483964448 17.847439074522995 0.99983472850416422 0.21034550333603166 17.856893324475195 1 0.5123109228356354
-5.0801176958662682 0.50034594477976824 1.0030246000078602 0.971105660984665 0.0042654832500677543 17.934819833007261 1.0013213131364107 0.19409481796936962 17.859150612561326 1 0.66076589227955118
-4.8848985940236398 1.4818181360004303 1.0028222418225403 0.9769287337266962 0.014043918553938753 17.928282148110799 1.0011582884415557 0.19529286454728698 17.857684159788434 1 0.66099740649610916
-4.5019454370926262 2.4063399695688616 1.0026198487054367 0.98405180067740117 0.02157468934075225 17.922848535204306 1.0010568992900626 0.1967537084687199 17.857317377057687 1 0.66093291409086097
-3.9459881783354653 3.2383888068205366 1.0021790895730498 0.99265238322338445 0.027798550142490469 17.911565376018171 1.0008666818475527 0.19852230001345458 17.857064643585371 1 0.66094969587314756
-3.2383888068205371 3.9459881783354644 1.0017005055190431 1.003238532716026 0.031868525284369474 17.899949003726846 1.0006954550062328 0.2006791438292522 17.857421249074555 1 0.66094969587313834
-2.4063399695688639 4.5019454370926235 1.0010933217748204 1.0159074989712502 0.033025609619771801 17.884294373412153 1.0004266955632841 0.20324547523062556 17.856955640211797 1 0.66093291409085708
-1.4818181360004339 4.8848985940236398 1.0005079838372033 1.0292368055583936 0.032308461860164901 17.870290948854095 1.0002281923240162 0.20592526060703506 17.857589744968379 1 0.66099740649611349
-0.50034594477976813 5.0801176958662673 0.99987995887213166 1.0436479306185125 0.025979433411998456 17.853661866305053 0.99992509559372744 0.20880206661037198 17.856662741765579 1 0.66076589227954152
-5.7791453121591267 0.56919388375287494 1.0028009329896279 0.97766512752506773 0.0031491484993592515 17.928694967601029 1.0012026156900189 0.19541656955954329 17.858626617146861 1 0.85170450807805198
-5.557063930427411 1.6857173094843001 1.0026064413552445 0.98241499498497131 0.010673656064407381 17.92265331868656 1.001059382213896 0.19639059635501557 17.857457187217602 1 0.85200292194027982
-5.1214161611926041 2.7374539699957992 1.0024335663080013 0.98765810318765546 0.01611815939425609 17.918116634804257 1.0009785827356366 0.1974613304321092 17.857247523506484 1 0.85191979344812263
-4.488958809206113 3.6839932876189345 1.0020383985924084 0.9943522904181723 0.020612347463929134 17.908108786372363 1.0008140330617632 0.19883227003476456 17.857128096820386 1 0.85194142458828104
-3.6839932876189354 4.4889588092061139 1.0016202649269375 1.002884227285272 0.0234810023435243 17.897908856021825 1.0006615580527443 0.20056548311268713 17.857388553296531 1 0.85194142458827615
-2.7374539699958023 5.1214161611926015 1.0010695668808112 1.0131844758020021 0.023959455358134762 17.883691848098515 1.0004167298348861 0.20265132464326985 17.856947250397642 1 0.85191979344812407
-1.6857173094843039 5.557063930427411 1.0005490507619492 1.0243006570595892 0.023124517269124338 17.871307571829757 1.0002440382144919 0.20488733170640891 17.85757946002196 1 0.85200292194028016
-0.56919388375287494 5.7791453121591276 0.99997729229282417 1.0365807930244044 0.017122658973590832 17.856087218214288 0.99996359004463153 0.20734821526793534 17.856654892802769 1 0.8517045080780602
-6.5712470900110951 0.64720879130581832 1.0027406485617947 0.98216629187288595 0.0022706490556725139 17.926646311288266 1.001148396459314 0.19632108834057771 17.85808893005029 1 1.0976472323478357
-6.3187267682985144 1.9167652596005582 1.0025323080468289 0.9857994558975508 0.0078295831962199424 17.920647043927286 1.0010213390085341 0.1970654998628332 17.857306714851024 1 1.0980318177842476
-5.8233682020705757 3.1126551527484607 1.0023803744514985 0.98932822198942805 0.011525994842871055 17.916768796806728 1.0009564005189719 0.19778451399334998 17.857230824787624 1 1.0979246846665334
-5.1042249188841859 4.1889291345473882 1.0020112919309774 0.99446303866914287 0.014490106816887671 17.907493203338863 1.0008067038801967 0.19883353600633322 17.857190552363381 1 1.0979525621297659
-4.18892913454739 5.1042249188841859 1.0016456215995131 1.0008914400887876 0.016271144762167854 17.898467325090081 1.0006674491784833 0.20013795778339918 17.857312857416105 1 1.0979525621297648
-3.1126551527484634 5.823368202070573 1.0011444463417682 1.0085234701817303 0.016077209138520187 17.885609833125731 1.0004491891828522 0.20168502923619994 17.856992368464521 1 1.0979246846665267
-1.9167652596005627 6.3187267682985127 1.0007154149219997 1.0169480804605837 0.015253610181394026 17.87544341608848 1.0003091941199656 0.20338105451374922 17.857555071387019 1 1.0980318177842494
-0.6472087913058181 6.5712470900110951 1.0002260891696895 1.0265013187308596 0.010450257952541215 17.86222774017957 1.000058649964124 0.20530488173412997 17.856575434978655 1 1.097647232347837
-7.4688169415931256 0.73561135641982722 1.0025643433675258 0.98604448801540723 0.0015082080564084036 17.92174119934009 1.0010504689727366 0.1971056286873436 17.857598117453815 1 1.412699425738317
-7.1818047457238814 2.1785771631876996 1.0023584772636158 0.9883132953111422 0.0049756181869763123 17.916253483293396 1.0009494774205905 0.19757139136019783 17.857263354679887 1 1.4131943968083855
-6.6187849108388921 3.5378142413064531 1.0022226316239613 0.99036433402428126 0.0072525903054019725 17.912849661083158 1.0008949591730214 0.19798960132120699 17.857258819997575 1 1.4130565138078761
-5.8014134951360727 4.761097012285342 1.0018946488182467 0.993864019594356 0.0088773881218386537 17.904631016968622 1.00076324099971 0.19870491770633583 17.857246579608869 1 1.4130923927999395
-4.7610970122853429 5.8014134951360701 1.0015654590321339 0.9979373594076526 0.0097047718193496134 17.896400362386377 1.0006319708788416 0.19953386944012691 17.85725139914739 1 1.4130923927999353
-3.5378142413064557 6.6187849108388885 1.0010868646110189 1.0028576320894469 0.0090613991145930203 17.88435558505056 1.0004365725990751 0.20053594417087023 17.857178011182622 1 1.413056513807863
-2.178577163187704 7.1818047457238761 1.0006569226779498 1.0085413773323688 0.007912760053618996 17.873867749303621 1.0002794866251414 0.20168630107265645 17.857442249516399 1 1.4131943968083822
-0.73561135641982711 7.4688169415931274 1.0001474149684308 1.015367041227982 0.0044228302675888504 17.860737998784142 1.0000539039611975 0.20306986160561152 17.857052534562122 1 1.4126994257382968
ZONE T="CylinderZone4", I=8, J=20, DATAPACKING=POINT, SOLUTIONTIME=20
0.053248126149810074 0.54063943307152496 0.96509473152861569 0.21273488252168221 0.0043627912874905786 17.329310448403209 1.0055400287481455 0.042438529831439524 18.213078493618468 1 0.009501634483610473
0.15769896780428203 0.51986370485743083 0.96667061510908281 0.123850795561111 -0.014785910935524834 17.364316070471972 1.0059286831740712 0.02487243453256158 18.208231168083568 1 0.0095049635953119611
0.25608900321023359 0.47910882671265759 0.96913465097348617 0.054645590825907454 -0.011104375553264037 17.412473956143309 1.0061538296407209 0.0111183268013255 18.193770380055359 1 0.0095040362119996127
0.34463782010587429 0.41994239884996332 0.97149373319541243 0.011198920574818728 0.0028536687919417016 17.456925623635243 1.0062729181751484 0.0023041411759823442 18.178236811022725 1 0.0095042775294813791
0.41994239884996304 0.34463782010587463 0.97340460889048697 -0.0088481092676290871 0.017037208648221187 17.492271396527613 1.0063309627101897 0.0038274633045506669 18.165001974217866 1 0.0095042775294820608
0.47910882671265737 0.25608900321023376 0.97487069980706609 -0.013423300739992792 0.024943351439935573 17.518964418991043 1.0063509003007605 0.0056472728261198818 18.154429500712109 1 0.0095040362119997446
0.51986370485743061 0.1576989678042823 0.97606396068974977 -0.010225207312933539 0.021893694377485121 17.54065560062509 1.00636510736833 0.0048174504023817157 18.14580472592921 1 0.0095049635953118865
0.54063943307152496 0.053248126149810254 0.97659556642572354 -0.0061346697373122552 0.0097627710172267564 17.54995080557736 1.0063503028911438 0.0022987557627965425 18.141586161263696 1 0.009501634483610787
0.062565672186717408 0.63524243924753476 0.97136327998535787 0.62991990453452995 0.070886000394500742 17.40815891882756 1.0035966136580379 0.12655178933679684 18.130863483755945 1 0.012674730951629305
0.1852936927032427 0.61083130039869804 0.9710205935227828 0.43458197151497374 -0.0033378181317529889 17.426306787460149 1.0049974074463592 0.086702583760810401 18.158732819795816 1 0.012679171829163522
0.3009003655902705 0.56294498907871604 0.97184261226262103 0.248843673664845 -0.023806810862937795 17.45653957040976 1.005889433716912 0.04984939821176454 18.168699607992309 1 0.01267793474369271
0.4049437686356202 0.49342540974738552 0.97306477766273503 0.10900646912343311 -0.0082156653486067967 17.485342044683463 1.0062836266876172 0.02179475861879859 18.166684703412152 1 0.012678256649798721
0.4934254097473853 0.40494376863562059 0.97424895716595028 0.025782288067620712 0.019877306836700834 17.508241656935457 1.0063767834099779 0.00649035653046506 18.159529951610477 1 0.012678256649798518
0.56294498907871604 0.30090036559027067 0.97518711029538652 -0.012141316927633294 0.039204306810862191 17.525194174527645 1.0063821213142192 0.0081821939442423847 18.152636256940117 1 0.012677934743692656
0.61083130039869793 0.18529369270324292 0.97595589943917826 -0.023765301895583187 0.037656314587462839 17.538840824299239 1.0063724044172002 0.0088774601823540106 18.146739945193399 1 0.012679171829163526
0.63524243924753465 0.0625656721867177 0.97629702591287015 -0.024877683158912041 0.016667289315908926 17.545648232129682 1.0064112394925475 0.0059698754801284356 18.144903598998809 1 0.012674730951629383
0.073123849373486552 0.74244183463027602 0.97672225543046998 0.97748530375556675 0.17664999494065645 17.448882531515725 1.0004250597346593 0.19862160182816957 18.03383541925308 1 0.016779839423766665
0.21656265491167431 0.71391123026163072 0.97480363232117617 0.77086933734059437 0.062666050578715105 17.454038784509674 1.0026903249971839 0.15447480362395108 18.0888910238763 1 0.01678571861853688
0.35167836036645628 0.65794393551948882 0.97404529446402588 0.51557258753657187 0.00019697662399992654 17.475653019358933 1.0047136140515278 0.10287235971124001 18.13103513363351 1 0.016784080864202439
0.47327945353281881 0.57669268271809093 0.97418275777416341 0.28044939977934352 -0.0082276127592746523 17.498422308510946 1.0058807142932078 0.055949741216339222 18.151072000184016 1 0.016784507029679742
0.57669268271809071 0.47327945353281897 0.97479055033669881 0.11265235982252066 0.015291736893814535 17.516561356331216 1.00629559301744 0.022665863068486822 18.154028796716744 1 0.016784507029679811
0.6579439355194886 0.35167836036645661 0.97546286890747813 0.016231653164803173 0.038048755599802683 17.530116230381914 1.0063801905288257 0.0082470017867154622 18.150548595373582 1 0.016784080864202331
0.71391123026163061 0.21656265491167465 0.97608029705163912 -0.030715684154927599 0.039296404172060054 17.540927286015478 1.0063638513622977 0.0099437007970573053 18.145660598034901 1 0.016785718618536963
0.74244183463027602 0.073123849373486857 0.97642027133920595 -0.049075819678227446 0.017674553301409313 17.547901254214754 1.0064134246728567 0.010399013984972767 18.14402684738808 1 0.016779839423766544
0.085087827227278853 0.86391462009425102 0.98315220792354852 1.1605639152346761 0.23793514904848481 17.521715684122032 0.99803069084003626 0.23717429515635949 17.943516837960892 1 0.022126624834293028
0.25199501835425281 0.83071605141920879 0.98023460029962284 1.0311455573598731 0.12830548789192137 17.505058240399975 1.0000496413080684 0.20781432687107931 18.00120263178016 1 0.022134377395787996
0.40921734595229753 0.76559180609844413 0.977762800078676 0.79261452624123707 0.039057359790417343 17.508279618248181 1.0027622829461413 0.15849649479541411 18.068269504161055 1 0.022132217781812135
0.55071390138034448 0.67104683042225932 0.97619113145204084 0.50424547206054615 -0.003235100353953873 17.51883314665595 1.0049821429105188 0.10060087727628458 18.119924148519793 1 0.022132779742114677
0.67104683042225899 0.55071390138034471 0.9757493412237157 0.25089788921176487 0.0013702368779326048 17.529757403826483 1.0060641315388268 0.05002886460799149 18.142717258663382 1 0.022132779742114739
0.76559180609844413 0.40921734595229786 0.97597511915275881 0.077601102966125324 0.02127252402320896 17.539277271150265 1.0063776287658166 0.016041722450102745 18.146691203915946 1 0.022132217781812145
0.83071605141920868 0.25199501835425314 0.97637970648745154 -0.02193204018400521 0.027856952908036844 17.546574595672656 1.0063791471610637 0.0070683981118698338 18.143710390599736 1 0.022134377395787982
0.86391462009425068 0.0850878272272792 0.97670300826800482 -0.067681630660911651 0.013477355100713842 17.55328028056276 1.0064304976563891 0.013757925753151231 18.142233487733485 1 0.022126624834292979
0.098644790224829443 1.0015613190324728 0.98751898989356435 1.2223116910756886 0.25069024744581669 17.581152066312708 0.99698793111829143 0.24992759756933705 17.893021846474081 1 0.029067480192123955
0.29214514617771209 0.9630732538246658 0.98485311108405815 1.1809493389288344 0.16959124970278486 17.551039859740929 0.99797443907742556 0.23885489922226108 17.930103930355404 1 0.029077664638662286
0.47441755845992811 0.88757282412092575 0.98184832658051746 1.0191939022012382 0.081208110634347602 17.539247843160368 1.0003560138465135 0.20444842278105532 17.99487354448268 1 0.029074827579827722
0.63845862617285198 0.77796408693367669 0.97883589116377279 0.73917292992729922 0.013803103904190065 17.537350529170791 1.0033261320536668 0.14761506937258187 18.070498905675002 1 0.029075565820299583
0.77796408693367647 0.63845862617285243 0.97699843526757923 0.42431754944297689 -0.0065761668765588433 17.540867954664233 1.0054147160993649 0.084644846590742243 18.121730349093646 1 0.029075565820299458
0.88757282412092564 0.47441755845992845 0.97657101612665653 0.16786552836440458 0.0045675471109016784 17.547821055210552 1.0062534744803557 0.033481008288358163 18.140023032678862 1 0.029074827579827822
0.96307325382466558 0.29214514617771259 0.97673748539633976 0.0028269870924294777 0.015071178572839553 17.553012783348763 1.006379635804419 0.0030570687280434905 18.141060490515581 1 0.029077664638662126
1.0015613190324726 0.098644790224829818 0.97707446637666651 -0.078625826845836314 0.0087005585375333535 17.559853727285372 1.0064246293697041 0.015770571922924994 18.139368524807878 1 0.02906748019212449
0.11400684187378807 1.157535463004074 0.99059159415340081 1.2118756459853295 0.22921864328586972 17.634873920340425 0.99693248390663736 0.24705176621081565 17.869807136512918 1 0.038067205832387624
0.33764120141130044 1.1130536129826627 0.98839479377778661 1.2292115495316385 0.17667376024118528 17.597785095841985 0.99704689920515999 0.24873619241692252 17.887736179194125 1 0.038080543535555261
0.54829907840257808 1.0257954259966178 0.98578703829117664 1.1606588712298271 0.10861236311887837 17.575939568097706 0.99844345334509699 0.23332759700731431 17.931730608921654 1 0.038076828080968718
0.73788642533625648 0.89911721075573847 0.9821777530552751 0.94667606451508368 0.033992951336054643 17.562071073439547 1.0013217831649386 0.18933214761957889 18.009829460400987 1 0.038077794891707463
0.89911721075573814 0.73788642533625692 0.97887096613812286 0.61674897692287733 -0.01013974414869117 17.55551331355251 1.0043292512797173 0.12310028631625974 18.088306414983045 1 0.038077794891707178
1.0257954259966171 0.54829907840257841 0.97744797036299969 0.28659673007250908 -0.013319841583334737 17.558989722079676 1.0059905521447816 0.057210113542097131 18.128773202158932 1 0.038076828080968586
1.1130536129826623 0.337641201411301 0.97729496911701264 0.046222525801398677 -0.00066856521343578454 17.563201011496037 1.0063893570371762 0.009216076599233276 18.137095655688011 1 0.038080543535555567
1.157535463004074 0.11400684187378855 0.97766717680250603 -0.080263857749082457 0.0026141782760777548 17.570947350189176 1.0064499186623128 0.016009735851576497 18.135424622756499 1 0.038067205832387131
0.1314143269357381 1.3342773229639162 0.99254108681665287 1.1882908884514942 0.19894345343714928 17.676506017308117 0.99732328371306112 0.24128901494087224 17.86275881059721 1 0.04972211560390704
0.38919498601988406 1.2830036249529528 0.99067937442254228 1.2244674566100828 0.16150385321398322 17.63654077909613 0.99693837187465029 0.24739350093362572 17.869279306727709 1 0.049739536867283565
0.63201780843581756 1.1824221534909289 0.9887813398145765 1.2219304498611099 0.11593227268923134 17.610454396608411 0.99737465247248003 0.24580642419477403 17.890817906339411 1 0.049734683864326057
0.85055288215010749 1.0364016855989213 0.9856174366409427 1.0986062833623087 0.050554280895771631 17.590268372882637 0.99942938428375139 0.22001654926660258 17.950673025861992 1 0.049735946680292367
1.0364016855989211 0.85055288215010794 0.98139272296094404 0.80457698878459027 -0.0084650203585831894 17.574290293547321 1.0028200050538991 0.16069787864522003 18.042546328907527 1 0.049735946680292742
1.1824221534909287 0.63201780843581812 0.97870150543184986 0.42727758643918035 -0.028695109659015724 17.57241422692444 1.0054701972023341 0.085414712021547962 18.110109376804637 1 0.04973468386432623
1.2830036249529526 0.3891949860198845 0.97800152653902828 0.10920149989867999 -0.016745636823560877 17.575373482956891 1.0063592819628888 0.02202567312426491 18.13131140502658 1 0.04973953686728335
1.3342773229639162 0.13141432693573873 0.97838499876528828 -0.071338541350467438 -0.0038476158273568479 17.58430235968526 1.0064759091210453 0.014242403321295441 18.130569397988531 1 0.049722115603907192
0.15113959170547078 1.5345520881695651 0.99398967167256169 1.1650076211088862 0.17017904654744995 17.709549162726301 0.9977314456364641 0.2357418496683327 17.859647583592743 1 0.06479954091233027
0.44761307729884064 1.4755822181157761 0.99227594442846845 1.2013755254181622 0.13832583951225452 17.66933879475075 0.997185286025702 0.24220364578847497 17.862195974855247 1 0.064822244891339281
0.72688355786570213 1.3599034874600275 0.99081571192646889 1.2282401467690682 0.1066607442756697 17.641518730996779 0.99708254118407136 0.24693300617950431 17.870879702901767 1 0.064815920293926466
0.97822070340124279 1.1919653758975652 0.98863375829867051 1.1859065367327646 0.058005556630196527 17.620857817225918 0.99811282837531323 0.23768924304608899 17.905128266871827 1 0.064817566038357477
1.1919653758975648 0.97822070340124334 0.98439650665716527 0.96556508917177308 -0.0041531240319422113 17.598896953313229 1.0011598189145363 0.19300291230113581 17.990670892966396 1 0.064817566038357768
1.3599034874600271 0.72688355786570269 0.98048297723144706 0.57952061395266707 -0.040948372417081699 17.59021021524984 1.0046597379950513 0.11592332750308607 18.082353216085867 1 0.064815920293926424
1.4755822181157758 0.44761307729884126 0.9789244483892996 0.19126620324963109 -0.03327239697391661 17.590677257017099 1.0062859569742257 0.038706266298058643 18.12315127135675 1 0.064822244891339573
1.5345520881695649 0.15113959170547131 0.9792899122399743 -0.051277997496839166 -0.011015405003301332 17.601412663769032 1.0065243150271785 0.010455508786893483 18.124737770987348 1 0.06479954091232952
0.1734912449656269 1.7614931285506685 0.99510029802871158 1.1480045571134971 0.14481018628610834 17.736719731588106 0.99814692638306846 0.23163506723742278 17.859105577853441 1 0.084286505745425649
0.51380944706270704 1.693802353052015 0.99353323489935907 1.1800791706062363 0.11579383827141924 17.698062219581864 0.99754235534009439 0.23744127777660351 17.859543688415734 1 0.084316037421580281
0.83438053508120114 1.561016186495348 0.9921743923824482 1.2104169668490228 0.088639567841192216 17.668162093661227 0.9972209359531593 0.24306962625564638 17.863565861850248 1 0.084307810847615919
1.1228872975583788 1.368242130912841 0.99086594553562279 1.2187722350582515 0.054991231064174251 17.649433867195246 0.99747932601026257 0.24431055009727468 17.87762879731741 1 0.084309951511662901
1.3682421309128405 1.1228872975583795 0.98746546273514491 1.0852214702518364 -0.00028650201613747162 17.627359782399854 0.99966245304209034 0.21708094209758835 17.941410707048313 1 0.084309951511662776
1.561016186495348 0.83438053508120202 0.98281194441916553 0.73015802453138767 -0.049421679681971614 17.612865499558328 1.0035698818422452 0.14610518273450393 18.045603978543507 1 0.084307810847615808
1.6938023530520148 0.51380944706270781 0.98012609150089147 0.29005244412574477 -0.0491787324072476 17.608993701167311 1.0060987609402134 0.058659807764005242 18.110890608207672 1 0.08431603742158035
1.7614931285506681 0.17349124496562765 0.98034096306055374 -0.018900519141910696 -0.018795232901061828 17.621161695407078 1.0065733159004773 0.0053135698875999169 18.1178444478609 1 0.084286505745425955
0.19881898628085889 2.0186510173958916 0.99598112533334071 1.1326888878452419 0.12186572611147641 17.757895767224284 0.9984548267235307 0.22802138973929542 17.858293279666679 1 0.1094523635621213
0.58881976105927214 1.9410781613830483 0.99459809035410485 1.1624435036060516 0.096617614440427907 17.723050219599848 0.99788127573856999 0.23353789747431467 17.857958058065986 1 0.10949071266351471
0.95619056852230366 1.7889067302993162 0.99324803811816387 1.1873049949621639 0.06935192413537658 17.69220877741607 0.99749876412176042 0.23816378530550353 17.860814228481168 1 0.10948002983882738
1.2868160249379841 1.5679898631700402 0.99236450794608189 1.2155862949946532 0.044281887904005446 17.67448233782029 0.99738654692665929 0.2435970402740672 17.865163293798549 1 0.10948280965200684
1.5679898631700397 1.2868160249379847 0.99021184818518315 1.1590696274927514 0.001296527718135103 17.657512781042673 0.99859511528431022 0.23197707820256369 17.9023549399299 1 0.10948280965200675
1.788906730299316 0.95619056852230466 0.98556153874315533 0.86620697542935909 -0.053916931212220985 17.64027901202444 1.0023276931952325 0.17337501110084566 18.003137741541103 1 0.10948002983882796
1.9410781613830481 0.58881976105927303 0.98164659122505027 0.4005376324195728 -0.063431104831612795 17.630527681200689 1.0057688356791417 0.080872896298348651 18.093729066458405 1 0.10949071266351447
2.0186510173958907 0.19881898628085976 0.98150129160085431 0.025884896716115224 -0.027092443196870663 17.642850782619064 1.0066208279482387 0.0074693873002041116 18.110128647864418 1 0.10945236356212039
0.22751907717189093 2.3100490813347871 0.99670394593723599 1.1194959753667129 0.10077434782505221 17.77566910207857 0.99872933454612933 0.22494747314783933 17.858020143476281 1 0.14192925095747233
0.67381758232853639 2.2212783610742082 0.99549864435915636 1.1476500793672586 0.079799253329342568 17.745159984034572 0.99822231169027986 0.2302889948433714 17.857595321485402 1 0.14197897906802742
1.0942194194841075 2.0471405474793403 0.99424607411987542 1.1676497929045588 0.05238202312748852 17.715261770586327 0.99779590176766619 0.23402287869936164 17.858958799801243 1 0.1419651264178278
1.4725716087813976 1.7943336969808925 0.9933483224382571 1.1955479629024151 0.029335961231667394 17.695389912753857 0.99757739725739847 0.23947181366744724 17.861500861834973 1 0.14196873106179839
1.7943336969808921 1.4725716087813983 0.99234822386619981 1.1926506425244849 -0.0011608150502580477 17.685520956548515 0.99802584284625073 0.23876603863620724 17.876731685548886 1 0.14196873106179789
2.0471405474793407 1.0942194194841086 0.98844928136599364 0.97816322721672178 -0.055579942528362236 17.670281495419434 1.0010991776241887 0.19584059786049612 17.960040929956218 1 0.14196512641782724
2.2212783610742073 0.67381758232853761 0.98355138603955605 0.51646513449609111 -0.074648348256842009 17.655563706097968 1.0052464777451098 0.10409368972477703 18.070314517986453 1 0.14197897906802748
2.3100490813347863 0.22751907717189174 0.9827691160016675 0.083027655223722921 -0.035296829718969927 17.666091526600091 1.0066465341015074 0.017984121581279305 18.101242058174986 1 0.14192925095747325
0.26004054076794086 2.640246346713814 0.99729937695523685 1.107298105517835 0.081854306716339545 17.789843605056706 0.99892897143166437 0.22218289855691883 17.857323376786567 1 0.18381542747568266
0.7701327320138539 2.5387867839032614 0.99622858583942775 1.1334067885503551 0.064400139782899449 17.763422581527859 0.99851748650345939 0.22721547159329283 17.857639383665337 1 0.18387983135182487
1.2506265984300668 2.3397577979464268 0.99519633095605287 1.1516760301367341 0.038826196433783218 17.737302421764838 0.9980833968870001 0.2306872365869842 17.857279579213166 1 0.18386189050593835
1.683060261262086 2.0508148621248745 0.99414718942158464 1.171191710317532 0.014346255640871863 17.7146207553529 0.99785904120449809 0.23450708392136796 17.860799468817937 1 0.18386655895284207
2.0508148621248741 1.6830602612620873 0.99386208731201398 1.1959900743296634 -0.006465771119129219 17.710334088048583 0.99790375399662545 0.23945261770569756 17.863649143888857 1 0.18386655895284287
2.3397577979464259 1.2506265984300677 0.99122062651301923 1.0612944892119207 -0.054346127638572397 17.701532756111849 1.0000657843278082 0.2125300174476365 17.921419671795594 1 0.1838618905059384
2.5387867839032605 0.77013273201385513 0.98571592695222798 0.63103311280564445 -0.082054112315384023 17.682476966695418 1.0045680322434729 0.12697941857376524 18.042246734868026 1 0.18387983135182623
2.6402463467138144 0.26004054076794203 0.98401932395241298 0.15058238341396807 -0.043101562227525911 17.687909526334622 1.0066092284147321 0.031222889403189066 18.09136893483112 1 0.18381542747568194
0.29689218693327424 3.0144088671849554 0.997828162623836 1.0963822687095592 0.065387964093157835 17.802771845558929 0.99912515966391857 0.21976222911421872 17.857043884519236 1 0.23780800652567824
0.87927209488667146 2.8985709620676898 0.99684962864240612 1.1195640141443173 0.050047687533006723 17.779180712750147 0.99878064881133188 0.22427319401232909 17.857893650486389 1 0.23789132791827017
1.4278591513012271 2.6713365826538724 0.99605910088963301 1.1380594763745691 0.027812281307499173 17.757997258758177 0.99838236963279181 0.22786422824083336 17.856438136728904 1 0.23786811726150267
1.921575152208699 2.3414460976485549 0.99490404341952965 1.1496548926232006 0.0011973438797573458 17.73273487900364 0.99811952594205977 0.2301475982245659 17.860024353641805 1 0.23787415698334077
2.341446097648554 1.9215751522087008 0.99479960106907817 1.1817000690234736 -0.015130806785102424 17.729505698751282 0.99804253742644533 0.23659105927947835 17.859396702513774 1 0.23787415698334538
2.671336582653872 1.4278591513012282 0.99353920836020582 1.1158454661509432 -0.053473969718873096 17.729259826031956 0.99929478459956134 0.22350402927941154 17.89087535684558 1 0.23786811726150339
2.8985709620676898 0.87927209488667279 0.98809009629154188 0.73843592653378898 -0.086271575544260362 17.710447447879044 1.0037394967892155 0.14841444251714636 18.010027200406363 1 0.23789132791826723
3.0144088671849558 0.29689218693327557 0.98534923723077894 0.2272729137362679 -0.049904416137424294 17.70993653964695 1.0065024741484965 0.046386910344082578 18.079680287644823 1 0.23780800652568168
0.33865057277848765 3.4383905484524142 0.99826217781873783 1.0863770302956521 0.051184609186276077 17.813488848379446 0.99929196620043004 0.21759347374506252 17.856918752483317 1 0.30737343052046168
1.0029431950947036 3.3062598469926332 0.99736776393643201 1.1062366304805531 0.036770290426471439 17.791944805516312 0.99897845517338302 0.22148266945383405 17.857718164480836 1 0.30748112572656933
1.6286899444202672 3.0470645696148937 0.99677644727964909 1.1248188541130855 0.018168900323781222 17.77603242901073 0.99867710326656356 0.22514208568099206 17.856566658326056 1 0.30745112531027236
2.1918479319182578 2.6707744325951137 0.99572275004240507 1.1321157203031711 -0.0088708966746898817 17.751480027484188 0.99835308618509166 0.22661678083446085 17.85832680730319 1 0.30745893181791828
2.6707744325951124 2.1918479319182587 0.99544106874608651 1.1582857803538096 -0.024136983724183762 17.746116654186142 0.9983338670535189 0.2319007176872025 17.860004166992045 1 0.30745893181791362
3.0470645696148941 1.6286899444202683 0.99545036987276914 1.1452001385182224 -0.050754060799565667 17.755828720982805 0.99887090046718685 0.22939439500402101 17.869544806196163 1 0.30745112531026975
3.3062598469926323 1.0029431950947054 0.99044054830757022 0.83421498871514255 -0.085290485062981369 17.737793981280323 1.0029036710989656 0.16746978177903166 17.977935986903784 1 0.30748112572657177
3.4383905484524133 0.33865057277848909 0.98648858692766273 0.30933003394775216 -0.054862718058330859 17.726026221448812 1.0062533723219398 0.062635978982264945 18.066852389046034 1 0.30737343052045646
0.38596902310155889 3.9188247347093066 0.99867308294046464 1.0767108753268637 0.039251903216678596 17.824073920516085 0.99947435807132878 0.21554187811226205 17.857238218226222 1 0.39696641721727288
1.1430809109845079 3.7682318762778704 0.99788036411173497 1.0935238081838254 0.025353564395647503 17.804271485428174 0.99915705127517951 0.21885579791591944 17.857240197556223 1 0.39710550334468825
1.8562610469712908 3.4728201568136883 0.99738792025452638 1.1112514952470365 0.0095017281544529531 17.792188875195997 0.99897197040919772 0.22237275549072433 17.857457887625575 1 0.3970667584286004
2.4981071141522144 3.0439523258908809 0.9965492137605696 1.1183711172245285 -0.015913854133584194 17.770043639590487 0.99856828847539936 0.22385717363500193 17.856249401405737 1 0.3970768403714891
3.0439523258908792 2.4981071141522153 0.99589848566453876 1.1344619965357612 -0.034422421424015304 17.759301388875585 0.99861671750949399 0.22715398484978636 17.861781680866766 1 0.39707684037148688
3.4728201568136878 1.8562610469712921 0.99660589998369276 1.1556050045090704 -0.052263988058679649 17.772393003668817 0.99864350308474958 0.23151432936432259 17.857188080090697 1 0.3970667584285994
3.7682318762778704 1.1430809109845099 0.99266628465837037 0.91678159318084451 -0.086945798092010293 17.761642260043985 1.0020003508576929 0.18399511444042196 17.945622939507778 1 0.39710550334468919
3.9188247347093066 0.38596902310156045 0.98765297975700628 0.39560305141025931 -0.06137772892833239 17.741042995457647 1.0059185028137154 0.079831329233133019 18.052319808682959 1 0.3969664172172806
0.43958785188666655 4.4632279896667253 0.99897913240737723 1.0676191763906977 0.028757757551070687 17.832009618689451 0.99961301011947012 0.21364262677227519 17.857526644990649 1 0.51231092283563373
1.3018777469613583 4.2917147666225812 0.99829942868501154 1.0818065742766845 0.015327158210582989 17.814156842053947 0.99929214966675883 0.21645965342388629 17.856655500389255 1 0.512490422509148
2.1141328897896949 3.95526444183256 0.99785432458733792 1.0974809540538353 0.00092771839657510772 17.804759346609686 0.99921050376742693 0.21958296619382128 17.858381922912518 1 0.51244041968055853
2.8451442327381327 3.4668182783977159 0.99730112488041722 1.1061689110140065 -0.021305688480896926 17.787381940549935 0.99878899438576163 0.22140891905719803 17.85480856403683 1 0.51245343108212671
3.4668182783977142 2.845144232738134 0.99638057539017444 1.1109345986522345 -0.04334345849286729 17.772770022180609 0.99889052915502785 0.22247941262073642 17.863220864906165 1 0.51245343108213126
3.9552644418325587 2.1141328897896967 0.99753236791972388 1.1511188700037096 -0.052188745237264265 17.790150374846419 0.99871287587102442 0.23060872146916633 17.851792240203711 1 0.51244041968056109
4.2917147666225812 1.3018777469613596 0.99470420831679296 0.98250742952099357 -0.079296461976721327 17.785788637593424 1.0013068752760554 0.19701174205602054 17.918497461158459 1 0.51249042250914667
4.4632279896667253 0.43958785188666855 0.98860919835207983 0.48428200745160993 -0.061377155808376369 17.749190949355199 1.0054070847927414 0.097368302724135922 18.036159028222606 1 0.51231092283563562
0.50034594477976624 5.0801176958662682 0.99931970175665552 1.0577729863324097 0.02023578081581804 17.840911510059236 0.99977118609010018 0.21161751767950865 17.857917389377121 1 0.66076589227954996
1.4818181360004321 4.8848985940236398 0.9987931501767382 1.0702559315523845 0.0077492636704620081 17.825925801342599 0.99945803957963542 0.21411482577691313 17.85608798085519 1 0.66099740649611138
2.4063399695688625 4.5019454370926253 0.9983226463131456 1.0831374866004582 -0.006275990101787126 17.817155213138758 0.9994371003874285 0.21669213019578665 17.859079529362546 1 0.66093291409086075
3.2383888068205349 3.9459881783354653 0.99809665160108951 1.0946603597311655 -0.02415908071901968 17.80615475433801 0.99904619817185103 0.21908989336524359 17.853711202929858 1 0.66094969587314101
3.9459881783354644 3.2383888068205366 0.99699641504660308 1.0923647911650218 -0.051891846913404281 17.787874341908321 0.99912190962951375 0.21881541790023409 17.862943206920864 1 0.66094969587314112
4.5019454370926235 2.4063399695688639 0.99775562431480236 1.1397851585294076 -0.057622230027914084 17.795198803098675 0.99877275320369641 0.22838834430511351 17.851264535670097 1 0.66093291409086108
4.8848985940236398 1.4818181360004339 0.99642439108759584 1.0383309086500554 -0.089571601384386759 17.803120967132305 1.0005523570319133 0.20837989661251966 17.892624709075054 1 0.66099740649611105
5.0801176958662673 0.50034594477976846 0.98900682745610469 0.57091886622281007 -0.076429988036079866 17.744424225311835 1.0047329583398759 0.11493075204845866 18.021166793614974 1 0.66076589227954707
0.56919388375287316 5.7791453121591285 0.9995045595188975 1.0481990183116834 0.012314483369618412 17.845566020894864 0.99984706082382013 0.20967030440593737 17.857951366234253 1 0.85170450807804943
1.6857173094843012 5.5570639304274092 0.99909552489338993 1.0591091964463257 0.00084117949748880629 17.833605421128702 0.999586003185576 0.21186576640286134 17.856212029215957 1 0.85200292194028326
2.7374539699958005 5.1214161611926032 0.99864400215218829 1.0693228458919557 -0.013074250455405854 17.825276187892868 0.99957088143202155 0.2139264587469972 17.859170786713712 1 0.85191979344812185
3.6839932876189336 4.488958809206113 0.99856798738899333 1.0808198704244143 -0.02736816917286105 17.818965489066954 0.99929306660766015 0.21630973545835067 17.854750753746057 1 0.85194142458828492
4.4889588092061139 3.6839932876189354 0.99760326524563447 1.0742434914632852 -0.059129514199114601 17.801602603384829 0.99928476526342891 0.21525090946453324 17.861506872896687 1 0.85194142458827615
5.1214161611926015 2.7374539699958023 0.99798896508104984 1.1180693086451925 -0.063545224290646796 17.804492418068477 0.99906072035391069 0.22407998992924699 17.854741302862578 1 0.85191979344812396
5.557063930427411 1.6857173094843043 0.99803096459487683 1.0677881570807408 -0.082013383209186108 17.825422136170811 1.000193054107116 0.21416595169478336 17.874676944448474 1 0.85200292194028149
5.7791453121591276 0.56919388375287516 0.99025037133529303 0.67220726072628179 -0.07078068890216796 17.754713420304046 1.004053095326344 0.1349115612545681 17.999922997326614 1 0.85170450807805154
0.64720879130581621 6.5712470900110969 0.99985867494368597 1.0354886846287275 0.0068771149769505293 17.854273279824383 0.9999806249326465 0.20710431048645803 17.857806437654617 1 1.0976472323478383
1.9167652596005607 6.3187267682985127 0.99960528022752904 1.0466934714673857 -0.0033757650139196612 17.84591048398137 0.9997656133032079 0.20936432046559447 17.855776944458892 1 1.0980318177842581
3.1126551527484616 5.8233682020705748 0.99912225990749792 1.0546969840353557 -0.01655111023053419 17.836656386754743 0.99973025993448872 0.21099382702612463 17.858597823854215 1 1.0979246846665189
4.1889291345473882 5.1042249188841859 0.99947592164693577 1.068534086274739 -0.029155566343082254 17.841311431076704 0.99963732736960065 0.21382513275626402 17.854410011563633 1 1.0979525621297686
5.1042249188841859 4.18892913454739 0.99846438620182498 1.0602499376082293 -0.064306849838520821 17.821062431568013 0.99951436316166697 0.21249126978388036 17.859445932116401 1 1.0979525621297668
5.823368202070573 3.1126551527484634 0.99844691215559578 1.0970392107237976 -0.065700310031847259 17.818195338414476 0.99937104892582951 0.21987011545840485 17.857010181977788 1 1.0979246846665238
6.3187267682985127 1.9167652596005629 1.0000351496351836 1.0991095979502539 -0.11697015547864573 17.857834631203552 1.0000035885302188 0.22106284537313434 17.856955893346981 1 1.0980318177842501
6.5712470900110942 0.64720879130581832 0.98770032568737465 0.75783897692558821 -0.11372893066737878 17.680292139489367 1.0024258704956877 0.15307946027315783 17.98929571773823 1 1.0976472323478268
0.73561135641982445 7.4688169415931274 0.9998234376160624 1.0223690650319284 0.00072196937395818618 17.853523150103864 0.9999738531175919 0.20447653711141925 17.857937250182388 1 1.4126994257382655
2.1785771631877018 7.1818047457238778 0.9996136485595738 1.0319631858133285 -0.0075719394020016912 17.847498495627171 0.99984620672204338 0.20641406598131298 17.857156542644777 1 1.4131943968083764
3.5378142413064526 6.6187849108388912 0.99923067121453069 1.0375423027074206 -0.018877764043462558 17.838799873536221 0.99974192210200619 0.20756959139280251 17.858031089916608 1 1.4130565138078928
4.7610970122853402 5.8014134951360727 0.99944338699765245 1.0479386419617276 -0.031995894641425833 17.843431070244637 0.99978863423210307 0.20970755976993169 17.857345003547373 1 1.4130923927999053
5.8014134951360683 4.7610970122853429 0.99900557073496665 1.0466268168496298 -0.059711552702396142 17.831129095970979 0.99953719736063751 0.20971428320921756 17.855983268105383 1 1.4130923927999399
6.6187849108388885 3.5378142413064548 0.99805190738168714 1.0529609765926786 -0.070142187051126875 17.815510952749339 0.99961595676713011 0.21109946435413998 17.864213562111036 1 1.4130565138078668
7.1818047457238761 2.1785771631877044 1.0010771033691088 1.0723206614991119 -0.1440954172415935 17.872674637248988 0.9997928983300024 0.21641419360236827 17.845758424304698 1 1.4131943968083807
7.4688169415931283 0.73561135641982789 0.99116934750820818 0.91091721527942271 -0.12761830840051816 17.740687205934435 1.0023297078153099 0.18374875471526811 17.962361431716467 1 1.412699425738307
