# step time dt cfl wall_time total_l2 rho_l2 rhou_l2 rhov_l2 rhow_l2 rhoE_l2 rho_reference_l2 rhou_reference_l2 rhov_reference_l2 rhow_reference_l2 rhoE_reference_l2 rho_normalized_l2 rhou_normalized_l2 rhov_normalized_l2 rhow_normalized_l2 rhoE_normalized_l2 rho_linf rhou_linf rhov_linf rhow_linf rhoE_linf rho_reference_linf rhou_reference_linf rhov_reference_linf rhow_reference_linf rhoE_reference_linf rho_normalized_linf rhou_normalized_linf rhov_normalized_linf rhow_normalized_linf rhoE_normalized_linf consecutive reconstruction_fallbacks riemann_fallbacks residual_checked stop_reason
0 0 0 0.25 0 9.1414354380594549 0.32294700389946573 0.84090057520390116 0.20911582775684046 0 20.419942981480677 nan nan nan nan nan nan nan nan nan nan 10.937483433108353 35.998191873761414 6.5286793910252454 0 695.46619836811146 nan nan nan nan nan nan nan nan nan nan 0 0 0 0 running
20 0.034612350279515466 0.0017544349642591339 0.25 1.990826 5.2388636836955857 0.18343128892149368 0.87216997301622079 0.56590890044003528 0 11.666785465522995 nan nan nan nan nan nan nan nan nan nan 5.9077746942363394 24.568514034084611 16.335994039527325 0 377.4798479325645 nan nan nan nan nan nan nan nan nan nan 0 0 0 0 running
40 0.069643481840729743 0.0017496319241272033 0.25 5.0069590000000002 4.9951406328859695 0.17568425645233302 0.81757221664981272 0.58015992378952086 0 11.123006557894671 nan nan nan nan nan nan nan nan nan nan 3.3386025930134995 19.806038308696785 12.689213219163756 0 210.58647469020534 nan nan nan nan nan nan nan nan nan nan 0 0 0 0 running
60 0.10464130046020809 0.0017509952640955267 0.25 9.4040680000000005 4.3099390073661628 0.15223515136326163 0.71904132152663724 0.47556580912086682 0 9.5974742736776317 nan nan nan nan nan nan nan nan nan nan 2.3554953758986206 11.287346785460242 8.0158620828748202 0 142.77422327420138 nan nan nan nan nan nan nan nan nan nan 0 0 0 0 running
80 0.13962776771084942 0.0017480109698092795 0.25 13.63747 3.9135354714858743 0.13863341446092697 0.60218825833093448 0.41080043323736909 0 8.7194146887773414 nan nan nan nan nan nan nan nan nan nan 1.8690069980684538 8.5997953237778866 6.2212161511187531 0 112.83727833682866 nan nan nan nan nan nan nan nan nan nan 0 0 0 0 running
100 0.17461508195491088 0.0017507175655748597 0.25 17.802979000000001 3.5360066085379063 0.12525969202564438 0.54484372414416993 0.35556976775033583 0 7.8789427681761373 nan nan nan nan nan nan nan nan nan nan 1.3863666151078027 6.9402115111035618 4.6810179836199337 0 91.093898293636116 nan nan nan nan nan nan nan nan nan nan 0 0 0 0 running
120 0.20962033900853735 0.0017493208118671358 0.25 21.966569 3.2680610992647572 0.11597147065332108 0.50663367111417046 0.32085166783890967 0 7.2820356969168127 nan nan nan nan nan nan nan nan nan nan 1.1261551895643356 5.5199565948203393 3.3973548671195588 0 68.378942494602313 nan nan nan nan nan nan nan nan nan nan 0 0 0 0 running
140 0.24461214846772475 0.0017507935764104205 0.25 26.043312 3.0815225994404458 0.10943074383678435 0.47414980795288625 0.29798921484778773 0 6.866827284420876 nan nan nan nan nan nan nan nan nan nan 1.0747848500202708 5.0183626416744112 3.264535201631225 0 64.822134383453104 nan nan nan nan nan nan nan nan nan nan 0 0 0 0 running
160 0.2796599353786246 0.001752948650779884 0.25 30.335401000000001 2.9427236460547137 0.1044821287858118 0.44987972664311482 0.27635925083369911 0 6.5580812411898552 nan nan nan nan nan nan nan nan nan nan 0.88570667206761733 4.1682984480900824 2.8665966067811244 0 52.91511274613692 nan nan nan nan nan nan nan nan nan nan 0 0 0 0 running
180 0.31471209768332076 0.0017525759404181105 0.25 34.384844999999999 2.8097720324559234 0.099734005641859011 0.43023925320047857 0.26153217964982245 0 6.2618401931053134 nan nan nan nan nan nan nan nan nan nan 0.68109668470223927 3.7004573368913452 2.1670678805062638 0 40.897175254556927 nan nan nan nan nan nan nan nan nan nan 0 0 0 0 running
200 0.34978530184265738 0.0017549426129887533 0.25 38.484332999999999 2.6832460050755254 0.095227104885309166 0.41102235546931448 0.24876843831763551 0 5.9798956767376348 nan nan nan nan nan nan nan nan nan nan 0.69282861198348611 3.2662246760316385 2.0883660809782438 0 43.238535283226376 nan nan nan nan nan nan nan nan nan nan 0 0 0 0 running
220 0.38491205877103662 0.0017575179277410898 0.25 41.813628000000001 2.568814846155083 0.091130523029181107 0.39308676539831783 0.23697071473235906 0 5.7249516567508376 nan nan nan nan nan nan nan nan nan nan 0.63019127483384785 3.1610011587357616 1.7415213033706136 0 41.127706918182909 nan nan nan nan nan nan nan nan nan nan 0 0 0 0 running
240 0.4200917115193169 0.0017604741634468222 0.25 43.707267000000002 2.4558098896629383 0.087113298285391841 0.37704347530481386 0.22687788986625831 0 5.4730052973584087 nan nan nan nan nan nan nan nan nan nan 0.53647429000243074 2.4503365544671132 1.5512725071815439 0 31.908820090167179 nan nan nan nan nan nan nan nan nan nan 0 0 0 0 running
260 0.45532642177184451 0.0017628028093339611 0.25 45.656421000000002 2.3568280860658937 0.083577735316791982 0.36196560787086202 0.21764212393647442 0 5.2524109419495666 nan nan nan nan nan nan nan nan nan nan 0.53550591840608508 2.7926163460632778 1.3564764836530858 0 35.239988470767535 nan nan nan nan nan nan nan nan nan nan 0 0 0 0 running
280 0.49060462229534785 0.0017649184437041642 0.25 47.613745000000002 2.2624013084101016 0.080236060724332967 0.3479949844512672 0.2093409895426345 0 5.0419179304042832 nan nan nan nan nan nan nan nan nan nan 0.43231443778953726 2.1559165789317083 1.2412739616012738 0 27.646552615213654 nan nan nan nan nan nan nan nan nan nan 0 0 0 0 running
300 0.52592761664810861 0.0017673153999538281 0.25 49.462643 2.1778479359459761 0.077228231269115863 0.33483059447742064 0.20183534228992278 0 4.8534827627612316 nan nan nan nan nan nan nan nan nan nan 0.44967011867097684 2.4049546288978356 1.0538876303434332 0 29.775142519163886 nan nan nan nan nan nan nan nan nan nan 0 0 0 0 running
320 0.56129993886664831 0.0017697628541983753 0.25 52.902436000000002 2.0953824158154766 0.074319255538543932 0.32258159728571389 0.19488925815222349 0 4.6696438066461967 nan nan nan nan nan nan nan nan nan nan 0.34700913095702712 1.8132743210921234 1.0293787518206683 0 22.968172581318932 nan nan nan nan nan nan nan nan nan nan 0 0 0 0 running
340 0.59671907218077491 0.0017720104294382379 0.25 55.059896000000002 2.019747677476837 0.071642404802382376 0.31107815213502105 0.18828881789048735 0 4.5010608164655119 nan nan nan nan nan nan nan nan nan nan 0.3828327354116367 2.0796255424520402 0.79350231743733324 0 25.457166844886508 nan nan nan nan nan nan nan nan nan nan 0 0 0 0 running
360 0.63218131595576721 0.0017740706905860625 0.25 57.20852 1.9491432036124738 0.069150917433668788 0.29994622596401499 0.18202489999434165 0 4.343721156896879 nan nan nan nan nan nan nan nan nan nan 0.28758390347455892 1.588180769102385 0.82042298411902148 0 19.175007244997467 nan nan nan nan nan nan nan nan nan nan 0 0 0 0 running
380 0.66768192069134713 0.0017758553045490364 0.25 59.433540000000001 1.8798420607138093 0.066720188800901872 0.28930717718868432 0.17607110641500814 0 4.1892576436957167 nan nan nan nan nan nan nan nan nan nan 0.31938739029078389 1.7441995781666964 0.7491220360889187 0 21.290214746882498 nan nan nan nan nan nan nan nan nan nan 0 0 0 0 running
400 0.70321579352102559 0.0017774266204224377 0.25 61.444850000000002 1.8152055871990112 0.064446559952908669 0.27905237791173632 0.17036309201777405 0 4.0452205684193192 nan nan nan nan nan nan nan nan nan nan 0.29008767169956939 1.5634640386403977 0.69575673851442821 0 18.743979210293233 nan nan nan nan nan nan nan nan nan nan 0 0 0 0 running
420 0.73877949113121999 0.0017788471686127321 0.25 63.612456000000002 1.754748319946285 0.062322555817298626 0.26949892999825176 0.16494277193820786 0 3.9104972112920739 nan nan nan nan nan nan nan nan nan nan 0.24199714064865258 1.311414166978516 0.6975161063297024 0 16.147497533230698 nan nan nan nan nan nan nan nan nan nan 0 0 0 0 running
440 0.7743700232837627 0.0017801182990855524 0.25 65.703816000000003 1.7002670606114496 0.060392488928322309 0.26139471632887235 0.15992041854925221 0 3.7890620734277918 nan nan nan nan nan nan nan nan nan nan 0.2563284466445736 1.4292082223529305 0.63624532251883692 0 17.167256272037179 nan nan nan nan nan nan nan nan nan nan 0 0 0 0 running
460 0.80998448261095701 0.0017812481350041004 0.25 68.115450999999993 1.6521341017149853 0.058673274913814633 0.25428203918060982 0.15534128733741936 0 3.6817798177046517 nan nan nan nan nan nan nan nan nan nan 0.24808835466648071 1.1873810642545934 0.58851285467725156 0 14.722908554407933 nan nan nan nan nan nan nan nan nan nan 0 0 0 0 running
480 0.84562012810008547 0.0017822463406614527 0.25 70.386979999999994 1.60428155831869 0.056984176545209576 0.24687974473437535 0.15108129635087589 0 3.5751327568306488 nan nan nan nan nan nan nan nan nan nan 0.21074357934999771 1.0869299620991686 0.58732543132428627 0 13.235204730890414 nan nan nan nan nan nan nan nan nan nan 0 0 0 0 running
500 0.88127457264641329 0.0017831380183167982 0.25 72.647774999999996 1.5507203286814184 0.055127967920100468 0.23820921909383466 0.14683232480437097 0 3.4557669528504493 nan nan nan nan nan nan nan nan nan nan 0.20470720153560479 1.1529021899554777 0.55022705503588176 0 13.747604991823945 nan nan nan nan nan nan nan nan nan nan 0 0 0 0 running
520 0.9169459158253338 0.0017839421935010441 0.25 74.654850999999994 1.4916763443588377 0.053106320454813935 0.22821507500839291 0.14230207929098121 0 3.3242050625818584 nan nan nan nan nan nan nan nan nan nan 0.21134933701568875 0.98201887810973398 0.48530770025332759 0 12.551210358111295 nan nan nan nan nan nan nan nan nan nan 0 0 0 0 running
540 0.95263249902871872 0.00178466801790279 0.25 76.844337999999993 1.4340572926395887 0.051137182729195048 0.21822673560227335 0.13752174077198268 0 3.1958490959508516 nan nan nan nan nan nan nan nan nan nan 0.19797202248599649 0.82520963175299966 0.48005268165083109 0 11.655621729071175 nan nan nan nan nan nan nan nan nan nan 0 0 0 0 running
560 0.98833293185159155 0.0017853338613373734 0.25 79.237690999999998 1.3861440215827043 0.04947914237124227 0.21021124835405594 0.13288729926116077 0 3.0891228939746105 nan nan nan nan nan nan nan nan nan nan 0.16481401349631081 0.92283166228376468 0.47881083384681555 0 11.002864143552893 nan nan nan nan nan nan nan nan nan nan 0 0 0 0 running
580 1.0240462295992383 0.0017859588528343639 0.25 81.794914000000006 1.350321467186042 0.048209940717779981 0.20491692594405456 0.12881147008881486 0 3.0093076918069559 nan nan nan nan nan nan nan nan nan nan 0.1674822720994566 0.8572469790557673 0.45513174513897614 0 10.076491692209924 nan nan nan nan nan nan nan nan nan nan 0 0 0 0 running
600 1.0597716659621748 0.001786549367158723 0.25 84.465919 1.3209803669188238 0.047159269806446295 0.20102886110571944 0.12533476054200821 0 2.9439090079346353 nan nan nan nan nan nan nan nan nan nan 0.17476143986117951 0.6815218150153074 0.4397495892309834 0 10.332133831044864 nan nan nan nan nan nan nan nan nan nan 0 0 0 0 running
620 1.0955085256358299 0.001787102539119745 0.25 86.991887000000006 1.2884879218417256 0.046022284188140188 0.19623579690587817 0.12206619071633568 0 2.8714941981684148 nan nan nan nan nan nan nan nan nan nan 0.16537391171797944 0.68766399184091698 0.42475798056244174 0 9.706459367103438 nan nan nan nan nan nan nan nan nan nan 0 0 0 0 running
640 1.1312560585528237 0.0017876194645496141 0.25 89.628500000000003 1.2447716031604059 0.044536245704300655 0.1888324126846973 0.11843587366371641 0 2.7740968812823374 nan nan nan nan nan nan nan nan nan nan 0.14196969394113548 0.72651467752351973 0.41045129309328321 0 8.5821689530493437 nan nan nan nan nan nan nan nan nan nan 0 0 0 0 running
660 1.1670136225005554 0.0017881086308292086 0.25 92.227773999999997 1.1875037415006444 0.042620905993554149 0.17858477337826573 0.1140240350565605 0 2.6465288845786832 nan nan nan nan nan nan nan nan nan nan 0.13473465166836451 0.66769904135131686 0.39639701704947289 0 8.0082200295911754 nan nan nan nan nan nan nan nan nan nan 0 0 0 0 running
680 1.2027807448113099 0.0017885768840754631 0.25 94.802853999999996 1.1214341676756732 0.040421457573872964 0.16672247174010424 0.10879213922676934 0 2.4993613095707246 nan nan nan nan nan nan nan nan nan nan 0.1421671967468644 0.55192861403639282 0.38190277899867026 0 8.3993582283790307 nan nan nan nan nan nan nan nan nan nan 0 0 0 0 running
700 1.2385570152157648 0.0017890240374838033 0.25 98.565126000000006 1.0559464732721635 0.038228042873615441 0.15528541990108824 0.10312373561665512 0 2.353487905712766 nan nan nan nan nan nan nan nan nan nan 0.14136531236188446 0.55586566290168016 0.36658806272430389 0 8.2996634946001446 nan nan nan nan nan nan nan nan nan nan 0 0 0 0 running
720 1.2743419849232434 0.0017894478819267302 0.25 102.67494000000001 0.99978009707818372 0.036312548040435259 0.14608526674156505 0.097644679295480361 0 2.2283642482479054 nan nan nan nan nan nan nan nan nan nan 0.1291830156732981 0.5210604327859778 0.35051719491111472 0 7.5403919632244056 nan nan nan nan nan nan nan nan nan nan 0 0 0 0 running
740 1.310135204364854 0.0017898509897774325 0.25 107.159657 0.95635321351931335 0.034789653160154685 0.13976797335346591 0.092893255330274066 0 2.1315916076526928 nan nan nan nan nan nan nan nan nan nan 0.10886287363351173 0.5130808561573148 0.34248858874418353 0 6.3200177690998132 nan nan nan nan nan nan nan nan nan nan 0 0 0 0 running
760 1.3459363302581844 0.0017902404736194952 0.25 119.052649 0.92302272759765613 0.033593566989041854 0.13562032675233807 0.089030028611990511 0 2.0572814662906422 nan nan nan nan nan nan nan nan nan nan 0.11047862745488246 0.50491846980377708 0.33818981427534667 0 6.5404843975867548 nan nan nan nan nan nan nan nan nan nan 0 0 0 0 running
780 1.3817451571821446 0.0017906220080419202 0.25 123.715047 0.89405768672528574 0.032559550406080683 0.13222596525475847 0.085783577207921791 0 1.9926848932116841 nan nan nan nan nan nan nan nan nan nan 0.11568328026939602 0.49703125728659486 0.33276811182587518 0 6.8119455285762749 nan nan nan nan nan nan nan nan nan nan 0 0 0 0 running
800 1.4175615366626102 0.0017909956816246273 0.25 128.024451 0.86411142279521991 0.031521939656517672 0.12831492059621857 0.08264801881976562 0 1.9259163295646418 nan nan nan nan nan nan nan nan nan nan 0.1149114862742686 0.48946692806327863 0.32613126184765512 0 6.7306775686594689 nan nan nan nan nan nan nan nan nan nan 0 0 0 0 running
820 1.4533852743216658 0.0017913577163625471 0.25 132.28938500000001 0.8298856208844736 0.030365452960920691 0.12321108292685511 0.079158450660876692 0 1.8496436485857164 nan nan nan nan nan nan nan nan nan nan 0.10639480403385894 0.4818639971730635 0.31838845526578607 0 6.200518418582198 nan nan nan nan nan nan nan nan nan nan 0 0 0 0 running
840 1.4892161029696751 0.0017917053424154632 0.25 136.59706499999999 0.7901431274736157 0.029032098418606198 0.11683873797754753 0.07507102463607089 0 1.7611078891704079 nan nan nan nan nan nan nan nan nan nan 0.091921635953752745 0.47367169511814944 0.30973492591200241 0 5.3312096733843397 nan nan nan nan nan nan nan nan nan nan 0 0 0 0 running
860 1.5250537398873185 0.0017920397135131516 0.25 140.71959100000001 0.74517894988544975 0.027512723450879989 0.1095155139316014 0.070403075275986063 0 1.6609488691739445 nan nan nan nan nan nan nan nan nan nan 0.08600652839385188 0.46447704669421386 0.3004152565718794 0 5.0857614393565038 nan nan nan nan nan nan nan nan nan nan 0 0 0 0 running
880 1.5608979583138605 0.0017923646356300586 0.25 144.95835299999999 0.69637998664562439 0.025839434613248679 0.10172302416934574 0.06537983313316563 0 1.5522356961476533 nan nan nan nan nan nan nan nan nan nan 0.090632353314909958 0.45418131604762968 0.29064527066954898 0 5.3357716050206507 nan nan nan nan nan nan nan nan nan nan 0 0 0 0 running
900 1.5967486044885797 0.0017926830747302092 0.25 149.009615 0.64589962707855075 0.024078367835104354 0.093948077800965549 0.060342249825227554 0 1.4397515219880774 nan nan nan nan nan nan nan nan nan nan 0.093438739192904519 0.44292426379695038 0.28059026394302689 0 5.4774545267579917 nan nan nan nan nan nan nan nan nan nan 0 0 0 0 running
920 1.632605553130825 0.0017929949389949569 0.25 153.22869600000001 0.59628576367358455 0.022317768195316723 0.086612943859955036 0.055646345205784473 0 1.3291678446467476 nan nan nan nan nan nan nan nan nan nan 0.091165572094721259 0.4375636022858414 0.2704075646576567 0 5.323739352097312 nan nan nan nan nan nan nan nan nan nan 0 0 0 0 running
940 1.668468649526317 0.0017932978424465833 0.25 157.353801 0.54999314965862012 0.020649864499092445 0.080064713203626792 0.051569547817206095 0 1.2259551908168445 nan nan nan nan nan nan nan nan nan nan 0.084153342774463513 0.43442568633683043 0.26026186586665528 0 4.8966477872759357 nan nan nan nan nan nan nan nan nan nan 0 0 0 0 running
960 1.7043376633677356 0.0017935786417272383 0.25 161.529157 0.50887231365075503 0.019150332796401843 0.074572959081574533 0.048239932929571266 0 1.1342399240901007 nan nan nan nan nan nan nan nan nan nan 0.073413695539495186 0.43047359185033141 0.25065643172781843 0 4.2573629219582463 nan nan nan nan nan nan nan nan nan nan 0 0 0 0 running
980 1.7402115925638806 0.0017938017435493417 0.25 165.86157499999999 0.47382525063972564 0.017862447022690877 0.070294419048618106 0.045610688436019467 0 1.0560355739540053 nan nan nan nan nan nan nan nan nan nan 0.060067478883156181 0.42547036846500319 0.2468434636474558 0 3.5227802675500062 nan nan nan nan nan nan nan nan nan nan 0 0 0 0 running
1000 1.7760899103292371 0.0017940184616340533 0.25 170.299341 0.44475615559327181 0.016791378305475672 0.067210758591538924 0.0434944627003504 0 0.99113530103063785 nan nan nan nan nan nan nan nan nan nan 0.062723607056419897 0.41940764043270612 0.24246756688603738 0 3.6814326157229948 nan nan nan nan nan nan nan nan nan nan 0 0 0 0 running
1020 1.8119725277920311 0.001794232329193787 0.25 174.491142 0.42079428369213173 0.015909418778031981 0.065094246338219905 0.041642684622335439 0 0.93761114660882749 nan nan nan nan nan nan nan nan nan nan 0.065110001122390543 0.41245540401049957 0.23763522362885986 0 3.8035981210001171 nan nan nan nan nan nan nan nan nan nan 0 0 0 0 running
1040 1.8478594085064588 0.0017944448720185024 0.25 178.68695700000001 0.40062644137432157 0.015167635779720835 0.063553174646431551 0.039828929904374755 0 0.89255381955440083 nan nan nan nan nan nan nan nan nan nan 0.064885890420368755 0.40481802087408192 0.23242736443314993 0 3.7731537091321137 nan nan nan nan nan nan nan nan nan nan 0 0 0 0 running
1060 1.8837505178671674 0.0017946549502423344 0.25 182.75311500000001 0.38278170583008458 0.014508169286581852 0.062145161048267651 0.037902519029039579 0 0.85270162578972319 nan nan nan nan nan nan nan nan nan nan 0.061833165936707304 0.39662576805997263 0.22693830046385177 0 3.579217474136188 nan nan nan nan nan nan nan nan nan nan 0 0 0 0 running
1080 1.9196457804197076 0.0017948600082901415 0.25 186.84109699999999 0.36581206947746092 0.013873692272706767 0.060496974919814032 0.035804955252834766 0 0.814836175402473 nan nan nan nan nan nan nan nan nan nan 0.056441360702317797 0.38794142964998696 0.22127966815151123 0 3.2518190954379724 nan nan nan nan nan nan nan nan nan nan 0 0 0 0 running
1100 1.9555450727675772 0.0017950580960104775 0.25 191.04790600000001 0.34841171168472446 0.013213971872259171 0.058379645554085265 0.033558551215554941 0 0.77604422281726282 nan nan nan nan nan nan nan nan nan nan 0.049276906388846686 0.37884019768565702 0.21554611527738005 0 2.8249446056217522 nan nan nan nan nan nan nan nan nan nan 0 0 0 0 running
1120 1.9914482519876067 0.0017952492286409964 0.25 195.34597299999999 0.32953242186240472 0.012490845480229652 0.05572719762392165 0.031240520524578326 0 0.73397586703789941 nan nan nan nan nan nan nan nan nan nan 0.04093150322766527 0.37121766506464104 0.20977963313720321 0 2.3334731005156257 nan nan nan nan nan nan nan nan nan nan 0 0 0 0 running
1140 2.0273551968065124 0.0017954353323246699 0.25 199.54384999999999 0.30850507928393212 0.011682167663613957 0.052613592302363843 0.02895318264617288 0 0.68712005486545324 nan nan nan nan nan nan nan nan nan nan 0.032374998475957303 0.36818503882829889 0.20396500307188006 0 1.9108575790855982 nan nan nan nan nan nan nan nan nan nan 0 0 0 0 running
1160 2.0632658341490946 0.00179561900452979 0.25 203.68294800000001 0.28513237370401107 0.010784143067007495 0.049208390698551527 0.026797314898350202 0 0.63501692349718275 nan nan nan nan nan nan nan nan nan nan 0.033401688654154493 0.36451262340301444 0.19806005077916661 0 1.9579333950273476 nan nan nan nan nan nan nan nan nan nan 0 0 0 0 running
1180 2.0991801360584534 0.001795801976074949 0.25 207.646916 0.25971511635990419 0.0098112885861584617 0.045727349198103937 0.024852439854753116 0 0.57832068328398256 nan nan nan nan nan nan nan nan nan nan 0.033492027850940659 0.36035747053478484 0.19203861742023937 0 1.9644427511473288 nan nan nan nan nan nan nan nan nan nan 0 0 0 0 running
1200 2.1350980911384121 0.0017959841926462419 0.25 211.64821900000001 0.23300312610741017 0.0087939803559999637 0.042386898485905253 0.023165639326110696 0 0.51869225344127212 nan nan nan nan nan nan nan nan nan nan 0.031783770757616847 0.35581905309934286 0.18591720415169041 0 1.8658607563150091 nan nan nan nan nan nan nan nan nan nan 0 0 0 0 running
1220 2.171019668424524 0.0017961639401452992 0.25 215.63195899999999 0.20608164032650458 0.0077739985598513205 0.039367060736853712 0.021749721615760491 0 0.458546575042583 nan nan nan nan nan nan nan nan nan nan 0.028671738363718086 0.35088940803593999 0.17975217193561349 0 1.6848436296529501 nan nan nan nan nan nan nan nan nan nan 0 0 0 0 running
1240 2.20694479340967 0.0017963388162146119 0.25 219.674848 0.18020927520388488 0.0067985573769195331 0.036787183913367313 0.020589380259781132 0 0.40069124583073007 nan nan nan nan nan nan nan nan nan nan 0.024578976411298165 0.34552572935180409 0.17361241630267726 0 1.4459091673215532 nan nan nan nan nan nan nan nan nan nan 0 0 0 0 running
1260 2.2428733472108009 0.0017965069443405743 0.25 224.32263800000001 0.15662629208536202 0.00591335616642888 0.034696555231546924 0.019651517739228574 0 0.34789937623758921 nan nan nan nan nan nan nan nan nan nan 0.019923426915344045 0.33969568001065176 0.17011869274265243 0 1.1734697690339106 nan nan nan nan nan nan nan nan nan nan 0 0 0 0 running
1280 2.2788051869021442 0.0017966678175121108 0.25 229.10703100000001 0.13634972188924105 0.0051551417314493145 0.033079218884682494 0.018895477514097665 0 0.30245393701783591 nan nan nan nan nan nan nan nan nan nan 0.016757931186343389 0.33341127176214036 0.1670933692362615 0 0.98420399485185051 nan nan nan nan nan nan nan nan nan nan 0 0 0 0 running
1300 2.3147401756713855 0.0017968224325227889 0.25 233.243123 0.11997186510343644 0.0045444109247129924 0.031870319848222618 0.018280752498343489 0 0.26569848929227918 nan nan nan nan nan nan nan nan nan nan 0.017374913123173158 0.32672328642167298 0.16394500258170391 0 1.0165248161550853 nan nan nan nan nan nan nan nan nan nan 0 0 0 0 running
1320 2.3506782076787802 0.0017969727090507352 0.25 237.34578500000001 0.10750924823094675 0.0040801288147451729 0.030978565858243615 0.017771730683926786 0 0.23769526472068425 nan nan nan nan nan nan nan nan nan nan 0.017928759721395182 0.31969027009278933 0.16068560338733345 0 1.0437480447195664 nan nan nan nan nan nan nan nan nan nan 0 0 0 0 running
1340 2.3866192175782266 0.0017971206316356209 0.25 241.381383 0.098395835318069738 0.0037399575391016725 0.030308061082392996 0.017339893541055654 0 0.21719913508741237 nan nan nan nan nan nan nan nan nan nan 0.018140290414175947 0.31234901635607404 0.15732787852305047 0 1.0528137424232447 nan nan nan nan nan nan nan nan nan nan 0 0 0 0 running
1360 2.4225631737372431 0.001797267529557829 0.25 245.332322 0.091683041975876151 0.0034880294541903899 0.029774365303476869 0.016964049144027049 0 0.2020951330133712 nan nan nan nan nan nan nan nan nan nan 0.017584579519936139 0.30470758743771403 0.15389663485970786 0 1.0181152131397855 nan nan nan nan nan nan nan nan nan nan 0 0 0 0 running
1380 2.4585100612870372 0.0017974137953196182 0.25 249.39972800000001 0.086362684439171111 0.0032868752279934712 0.029312785408286419 0.016629410335410776 0 0.19012097751810325 nan nan nan nan nan nan nan nan nan nan 0.016433863654967656 0.29895446157528077 0.15042699679379817 0 0.94953887479474186 nan nan nan nan nan nan nan nan nan nan 0 0 0 0 running
1400 2.4944598651011614 0.0017975591210182039 0.25 253.38016099999999 0.081631305604410329 0.003106917204265459 0.028880247629897375 0.016326242341646178 0 0.17946610389353931 nan nan nan nan nan nan nan nan nan nan 0.014858705995380111 0.29459844616849468 0.14695182602855486 0 0.85686973419554158 nan nan nan nan nan nan nan nan nan nan 0 0 0 0 running
1420 2.5287622819411517 0.0017976964879543255 0.25 257.34796599999999 0.077208486544622021 0.0029382467339689063 0.028472946139425376 0.016060711854506669 0 0.1694947301586501 nan nan nan nan nan nan nan nan nan nan 0.013107130300705871 0.29016608316497094 0.14364635407092591 0 0.75442724539186645 nan nan nan nan nan nan nan nan nan nan 0 0 0 0 running
1440 2.5647177109839103 0.0017978390844890545 0.25 261.17817400000001 0.072456680330118053 0.0027569721558841141 0.028044085452779581 0.015803500647719456 0 0.15876407139284063 nan nan nan nan nan nan nan nan nan nan 0.011148068040434944 0.28531768044922634 0.14017732062555158 0 0.64024716625108191 nan nan nan nan nan nan nan nan nan nan 0 0 0 0 running
1460 2.6006759824293386 0.001797980935904619 0.25 265.38171 0.067562316524844193 0.0025703627050168935 0.027616489025648533 0.015564795713546126 0 0.14768816125496534 nan nan nan nan nan nan nan nan nan nan 0.0095915300150957172 0.28039767832854295 0.13665997291616228 0 0.52617530120361067 nan nan nan nan nan nan nan nan nan nan 0 0 0 0 running
1480 2.6366370939291528 0.0017981233003741247 0.25 269.39908000000003 0.062614092366861232 0.0023817730909349139 0.027199948113929406 0.015341189618077389 0 0.13646157222923308 nan nan nan nan nan nan nan nan nan nan 0.0096257903814914725 0.27557196445317766 0.13303734233174941 0 0.47626580020405224 nan nan nan nan nan nan nan nan nan nan 0 0 0 0 running
1500 2.6726010702249297 0.001798267515405659 0.25 273.43465600000002 0.057749817684280974 0.0021962896287465736 0.026806220136599637 0.015128590863358453 0 0.12539113136574845 nan nan nan nan nan nan nan nan nan nan 0.0096282210613904962 0.27099404931316301 0.12925991282700111 0 0.48053529658965066 nan nan nan nan nan nan nan nan nan nan 0 0 0 0 running
1520 2.7085679574756925 0.0017984142991483581 0.25 277.44543199999998 0.053113902658254449 0.0020191339072602229 0.026445257874808083 0.014922526741847365 0 0.11480123217017728 nan nan nan nan nan nan nan nan nan nan 0.0095806188044167406 0.26676230157986958 0.12530760847597999 0 0.48179768353637159 nan nan nan nan nan nan nan nan nan nan 0 0 0 0 running
1540 2.7445378039602693 0.0017985631207290361 0.25 281.56606599999998 0.048833997285231953 0.0018547877424866109 0.026122723718654869 0.014718951949912443 0 0.10498243651066365 nan nan nan nan nan nan nan nan nan nan 0.0094608846881262254 0.2628918517593124 0.1227397777849949 0 0.47862015420519261 nan nan nan nan nan nan nan nan nan nan 0 0 0 0 running
1560 2.7805106308689926 0.0017987118581193869 0.25 285.75571200000002 0.045009481164579389 0.0017065864140515528 0.025838964424314107 0.014515351481451574 0 0.096166558767502242 nan nan nan nan nan nan nan nan nan nan 0.0092480731446188402 0.25931759152896938 0.12074103316719531 0 0.46963283647471454 nan nan nan nan nan nan nan nan nan nan 0 0 0 0 running
1580 2.8164864005629386 0.0017988568747823288 0.25 290.21780999999999 0.041700814104887934 0.001576398716100619 0.025589465188509089 0.014311964868083447 0 0.088502267683493896 nan nan nan nan nan nan nan nan nan nan 0.0089279611328110242 0.2559153671463591 0.11853565946238552 0 0.45389598721121055 nan nan nan nan nan nan nan nan nan nan 0 0 0 0 running
1600 2.8524649907296404 0.0017989934996348012 0.25 294.45964500000002 0.03891076189613759 0.0014640680702116221 0.025366568740490172 0.014112782785900578 0 0.082008902039640355 nan nan nan nan nan nan nan nan nan nan 0.008497144394184919 0.25251708910405735 0.11620819041861949 0 0.43116667607626097 nan nan nan nan nan nan nan nan nan nan 0 0 0 0 running
1620 2.8884461813215694 0.0017991167831845013 0.25 298.544062 0.036561869580758209 0.0013667125666090236 0.025161850414226229 0.013925704398806716 0 0.076517577547196916 nan nan nan nan nan nan nan nan nan nan 0.0079643376727928095 0.24898560735238198 0.11384136579358388 0 0.40197961260704795 nan nan nan nan nan nan nan nan nan nan 0 0 0 0 running
1640 2.9244296578486324 0.0017992223388142807 0.25 302.62276300000002 0.034491263721541293 0.0012785359088701531 0.024968210152583468 0.013761255206519617 0 0.07165066676864737 nan nan nan nan nan nan nan nan nan nan 0.0073485135802491275 0.24711391036577951 0.11150135071772484 0 0.42560899553174997 nan nan nan nan nan nan nan nan nan nan 0 0 0 0 running
1660 2.9604150306553652 0.0017993070760546461 0.25 306.65297500000003 0.032483553166401717 0.0011918454722241983 0.024780817884579268 0.013629799214506131 0 0.066892639911175111 nan nan nan nan nan nan nan nan nan nan 0.0074568706995548073 0.24568510140437097 0.10923123489169054 0 0.46873343163752346 nan nan nan nan nan nan nan nan nan nan 0 0 0 0 running
1680 2.9964018663941876 0.0017993696813887908 0.25 310.67922499999997 0.030338854159572777 0.0010992513473741523 0.024596686411618031 0.013538053650153791 0 0.061747438213973792 nan nan nan nan nan nan nan nan nan nan 0.0075439182824681428 0.24372308690596522 0.10705307572680248 0 0.47364864869219564 nan nan nan nan nan nan nan nan nan nan 0 0 0 0 running
1700 3.03238972578785 0.0017994107778126699 0.25 314.60478499999999 0.027949493055290545 0.00099622838733119255 0.024413476085877184 0.013486349932471522 0 0.055919396367827293 nan nan nan nan nan nan nan nan nan nan 0.0070076532255065604 0.24125477582097091 0.10497565104224785 0 0.43919031853640228 nan nan nan nan nan nan nan nan nan nan 0 0 0 0 running
1720 3.0683782012460958 0.0017994327740502192 0.25 318.86230699999999 0.025357587512358348 0.00088313615716488654 0.02422857730742994 0.013467924531287418 0 0.04945550872491259 nan nan nan nan nan nan nan nan nan nan 0.0059157708289299116 0.23833424825048299 0.10300343357354759 0 0.36970935002255717 nan nan nan nan nan nan nan nan nan nan 0 0 0 0 running
1740 3.1043669488217778 0.0017994394770884348 0.25 322.84609799999998 0.022777901169575582 0.0007662954299175941 0.02403924392722407 0.013470553408357837 0 0.042827977328480628 nan nan nan nan nan nan nan nan nan nan 0.0044036630656643094 0.23501851819211994 0.10114252647717251 0 0.2738163529647083 nan nan nan nan nan nan nan nan nan nan 0 0 0 0 running
1760 3.1403557108664004 0.0017994355749569727 0.25 326.99377099999998 0.020571831483602566 0.00065807424076597815 0.023843764808925978 0.013479700607412123 0 0.036950517486410199 nan nan nan nan nan nan nan nan nan nan 0.003925896838510079 0.23135327647281068 0.099401208177595624 0 0.1874389534423731 nan nan nan nan nan nan nan nan nan nan 0 0 0 0 running
1780 3.1763443279581383 0.0017994260991124017 0.25 331.02069 0.01914001681175043 0.00057524050203354676 0.023642924357085131 0.013481787510435628 0 0.033024594615284501 nan nan nan nan nan nan nan nan nan nan 0.0035356899579577217 0.22737284211305842 0.097785343073268777 0 0.20989126534599079 nan nan nan nan nan nan nan nan nan nan 0 0 0 0 running
1800 3.2123327406558073 0.0017994159529047349 0.25 334.93376000000001 0.018718554706072432 0.00053289822985717406 0.023440792638772797 0.013466436910375194 0 0.031950301849946371 nan nan nan nan nan nan nan nan nan nan 0.0037374043233373566 0.2231121228724966 0.096291070620603547 0 0.22432592351302266 nan nan nan nan nan nan nan nan nan nan 0 0 0 0 running
1820 3.2483209829920225 0.0017994095563544598 0.25 338.80194599999999 0.019212045468887964 0.00053386858591265157 0.023244271667535142 0.013427256078776654 0 0.033535668603247595 nan nan nan nan nan nan nan nan nan nan 0.0037861535184784412 0.2186236902372074 0.094898123655827449 0 0.23014739032647999 nan nan nan nan nan nan nan nan nan nan 0 0 0 0 running
1840 3.2843091702292893 0.0017994106207375586 0.25 342.902714 0.020266313603436489 0.00056542170272531975 0.023061501161936209 0.013361395672899056 0 0.036646117168023559 nan nan nan nan nan nan nan nan nan nan 0.0036820713781147152 0.21399156949208994 0.093566739559623441 0 0.23290849132479347 nan nan nan nan nan nan nan nan nan nan 0 0 0 0 running
1860 3.3202974833599468 0.0017994220385621482 0.25 346.43998099999999 0.021497787577373643 0.00060990537421893871 0.022899781917712133 0.013268471324359783 0 0.040124182557153332 nan nan nan nan nan nan nan nan nan nan 0.0044992163601977886 0.20933506577228975 0.092890756712663655 0 0.28704159757503417 nan nan nan nan nan nan nan nan nan nan 0 0 0 0 running
1880 3.3562861523631629 0.0017994458595710916 0.25 348.73458399999998 0.022643139981867774 0.00065475213261626539 0.022763838141460699 0.013149441901242277 0 0.043266963050257672 nan nan nan nan nan nan nan nan nan nan 0.0050289727428938225 0.20479980281119661 0.092656471684122749 0 0.32006990419330733 nan nan nan nan nan nan nan nan nan nan 0 0 0 0 running
1900 3.3922754396009012 0.0017994833209816247 0.25 351.30852199999998 0.023581946542740158 0.00069428063579260381 0.022654994011321945 0.01300582965459522 0 0.045800203377983538 nan nan nan nan nan nan nan nan nan nan 0.0052551243359222344 0.20053759194995399 0.092265904013372965 0 0.33393678384120573 nan nan nan nan nan nan nan nan nan nan 0 0 0 0 running
1920 3.4282656241559968 0.0017995349065972259 0.25 353.82373000000001 0.024300029096228651 0.0007276465697643327 0.022571376397237622 0.012839397437368578 0 0.047724317091361539 nan nan nan nan nan nan nan nan nan nan 0.0052242778481335073 0.19668030987778273 0.091665635507060125 0 0.33160643444374788 nan nan nan nan nan nan nan nan nan nan 0 0 0 0 running
1940 3.464256987511301 0.0017996004194039935 0.25 356.52468399999998 0.024841683820592812 0.00075641854850794416 0.022508839054571069 0.012652187012899104 0 0.049175689465395703 nan nan nan nan nan nan nan nan nan nan 0.0050324129708461118 0.19332167241852483 0.090814800010723548 0 0.31725028216156126 nan nan nan nan nan nan nan nan nan nan 0 0 0 0 running
1960 3.5002498007618335 0.0017996790615347953 0.25 359.21296000000001 0.025269077514245463 0.00078272080824772709 0.022462120482087636 0.012446725116734447 0 0.050324456455660749 nan nan nan nan nan nan nan nan nan nan 0.0048302964884012756 0.190485697183637 0.089693367014666001 0 0.30243663241616414 nan nan nan nan nan nan nan nan nan nan 0 0 0 0 running
1980 3.5362443135030204 0.001799769521906834 0.25 361.94197500000001 0.025635110040064784 0.0008081098095612454 0.02242581818619753 0.012226213301862444 0 0.051310268751428467 nan nan nan nan nan nan nan nan nan nan 0.0046458192576283031 0.18812019229710197 0.088306499413932316 0 0.28927540098960458 nan nan nan nan nan nan nan nan nan nan 0 0 0 0 running
2000 3.5722407445756601 0.0017998700741472127 0.25 364.45874900000001 0.025971193008535669 0.00083316665898575733 0.022394979443899701 0.011994589070342154 0 0.052215083007617187 nan nan nan nan nan nan nan nan nan nan 0.0047720159263404671 0.18678519669684318 0.086684088931400435 0 0.27304475402224132 nan nan nan nan nan nan nan nan nan nan 0 0 0 0 running
2020 3.6082392748904804 0.0017999786860113823 0.25 367.05265400000002 0.026287479041187473 0.00085763251662797379 0.022365319682195524 0.011756429838697235 0 0.053066006738134747 nan nan nan nan nan nan nan nan nan nan 0.0052055756003644982 0.18637598800910987 0.084876042403383423 0 0.25926216335712082 nan nan nan nan nan nan nan nan nan nan 0 0 0 0 running
2040 3.644240042547497 0.0018000931383702289 0.25 369.76093300000002 0.026580192130138069 0.00088080433539877994 0.022333208907127769 0.011516727795268708 0 0.053854897761469067 nan nan nan nan nan nan nan nan nan nan 0.005562878094297008 0.18616277680787482 0.082944055843330838 0 0.27998830506374139 nan nan nan nan nan nan nan nan nan nan 0 0 0 0 running
2060 3.6802431403933062 0.0018002111487300885 0.25 372.42064299999998 0.026840276173013475 0.0009019262825312195 0.022295604111608677 0.011280587631806102 0 0.054560453023949636 nan nan nan nan nan nan nan nan nan nan 0.0058210403976101111 0.18598239731785718 0.080953167777882001 0 0.29665624550315539 nan nan nan nan nan nan nan nan nan nan 0 0 0 0 running
2080 3.7162486160328849 0.0018003304919568929 0.25 375.01209299999999 0.02705948990085558 0.00092043015567109436 0.022250014526364135 0.011052905664673266 0 0.055163420005883208 nan nan nan nan nan nan nan nan nan nan 0.0059695569180477914 0.18567219439507798 0.078963223379235545 0 0.30704154568685327 nan nan nan nan nan nan nan nan nan nan 0 0 0 0 running
2100 3.7522564741526474 0.0018004491098140773 0.25 377.68261100000001 0.027232763422159825 0.00093600328513435257 0.022194517486300108 0.010838067021721029 0 0.055652319023288238 nan nan nan nan nan nan nan nan nan nan 0.0060123389341547595 0.18509327765098779 0.07702195552757006 0 0.31122372260352238 nan nan nan nan nan nan nan nan nan nan 0 0 0 0 running
2120 3.7882666808443108 0.0018005652013082078 0.25 380.76971099999997 0.027357627795470799 0.0009485373949032639 0.022127809632005252 0.010639677447995486 0 0.056021929406977804 nan nan nan nan nan nan nan nan nan nan 0.0060869617010306243 0.18414721055214314 0.075161808409154873 0 0.31488032381266434 nan nan nan nan nan nan nan nan nan nan 0 0 0 0 running
2140 3.8242791694856249 0.0018006772886061638 0.25 383.68088399999999 0.027432338894524389 0.00095803015856231325 0.022049241715347015 0.010460347425311725 0 0.056268644339946904 nan nan nan nan nan nan nan nan nan nan 0.0060698273950694492 0.18278418543707992 0.07339955881047841 0 0.31363999540951554 nan nan nan nan nan nan nan nan nan nan 0 0 0 0 running
2160 3.860293847648125 0.0018007842545875799 0.25 387.64162099999999 0.027454222122359789 0.00096449838881040341 0.021958799182952488 0.01030155239230013 0 0.056386438629592403 nan nan nan nan nan nan nan nan nan nan 0.0059766580258859836 0.18100243361079521 0.071737577292926472 0 0.3076144669330082 nan nan nan nan nan nan nan nan nan nan 0 0 0 0 running
2180 3.8963106044408384 0.0018008853507943986 0.25 390.26382000000001 0.027419188472522844 0.00096793638486842117 0.021857022298205669 0.010163598821536718 0 0.056365720228380774 nan nan nan nan nan nan nan nan nan nan 0.0058271486332918121 0.17884047707689546 0.070166735233800431 0 0.2980640674263807 nan nan nan nan nan nan nan nan nan nan 0 0 0 0 running
2200 3.9323293177513672 0.0018009801816844789 0.25 392.84130699999997 0.027322641495562683 0.00096832616567807471 0.021744884291597769 0.010045716983093997 0 0.056195547985162339 nan nan nan nan nan nan nan nan nan nan 0.005641802131008844 0.17636498454447472 0.068670507984010629 0 0.29234216195866392 nan nan nan nan nan nan nan nan nan nan 0 0 0 0 running
2220 3.9683498609755836 0.0018010686705975539 0.25 396.06538599999999 0.0271613517055934 0.00096568491810250501 0.021623655037985183 0.0099462777845246847 0 0.055868163438983258 nan nan nan nan nan nan nan nan nan nan 0.00543927169236047 0.17365705723008537 0.067229281830237339 0 0.28405897316404843 nan nan nan nan nan nan nan nan nan nan 0 0 0 0 running
2240 4.0043721088937065 0.0018011510098163699 0.25 398.80075199999999 0.026935472087788834 0.00096012254833525209 0.021494772021662788 0.0098630962175767813 0 0.055383847432189111 nan nan nan nan nan nan nan nan nan nan 0.0052345240941460425 0.17079928741622721 0.066018855541745247 0 0.27429733618227492 nan nan nan nan nan nan nan nan nan nan 0 0 0 0 running
2260 4.0403959424331637 0.0018012276010951251 0.25 401.82147099999997 0.026649790526746608 0.0009518802163204159 0.021359727810573131 0.0097937544832414243 0 0.054753949634993103 nan nan nan nan nan nan nan nan nan nan 0.0050379584534647748 0.16786535193877808 0.065372005396407307 0 0.26403410975184483 nan nan nan nan nan nan nan nan nan nan 0 0 0 0 running
2280 4.0764212522161012 0.0018012989947893783 0.25 404.776501 0.026313587215704263 0.00094132945017848398 0.021219973872842836 0.0097358717302446548 0 0.054000590461093026 nan nan nan nan nan nan nan nan nan nan 0.0048554211328079022 0.16491322401861538 0.064703195332127719 0 0.25400707549952395 nan nan nan nan nan nan nan nan nan nan 0 0 0 0 running
2300 4.1124479409193633 0.0018013658323048816 0.25 407.56414599999999 0.025939009363433872 0.00092892809378782482 0.021076840360391459 0.0096872697558452216 0 0.053152814897032337 nan nan nan nan nan nan nan nan nan nan 0.0046888999500089845 0.16198230340726036 0.064002044675227007 0 0.24468319659825097 nan nan nan nan nan nan nan nan nan nan 0 0 0 0 running
2320 4.1484759245403762 0.0018014287943237987 0.25 410.19268499999998 0.025538494735105804 0.00091514773113944093 0.020931478630808707 0.0096460242656352269 0 0.052240439216186721 nan nan nan nan nan nan nan nan nan nan 0.0045486755143118174 0.15987306252580133 0.063262770341353955 0 0.23627348996440928 nan nan nan nan nan nan nan nan nan nan 0 0 0 0 running
2340 4.1845051327081064 0.0018014885570259286 0.25 412.59303199999999 0.025122215642585492 0.00090039992487983512 0.020784839768766706 0.0096104298394982489 0 0.051287892801565628 nan nan nan nan nan nan nan nan nan nan 0.0044379106456277073 0.15802635080815294 0.062483780679819259 0 0.2287823170041455 nan nan nan nan nan nan nan nan nan nan 0 0 0 0 running
2360 4.2205355082161651 0.0018015457577387497 0.25 415.60048799999998 0.024696545835631429 0.00088498938891019179 0.020637699742080431 0.0095789283989645875 0 0.050310467647617631 nan nan nan nan nan nan nan nan nan nan 0.0043386735924422215 0.15618747397940189 0.061666822821164931 0 0.22207549854719688 nan nan nan nan nan nan nan nan nan nan 0 0 0 0 running
2380 4.256567005970501 0.0018016009702052998 0.25 418.238292 0.024264108679276385 0.0008691097651547788 0.020490727525480916 0.0095500497372826426 0 0.049314360319350353 nan nan nan nan nan nan nan nan nan nan 0.004247873921867984 0.15436238702005692 0.060815936732269045 0 0.21595177894360668 nan nan nan nan nan nan nan nan nan nan 0 0 0 0 running
2400 4.2925995915376163 0.0018016546887687523 0.25 421.36835500000001 0.02382523706458451 0.00085287765582509859 0.020344572983605383 0.0095223933084418594 0 0.048300150946105208 nan nan nan nan nan nan nan nan nan nan 0.0041623267881931714 0.15254833499409742 0.059936385597504797 0 0.21020493156280057 nan nan nan nan nan nan nan nan nan nan 0 0 0 0 running
2420 4.3286332394609346 0.0018017073204077058 0.25 424.52160300000003 0.023380041759149782 0.00083638344065446821 0.020199938162594376 0.0094946548894451407 0 0.047267814131772966 nan nan nan nan nan nan nan nan nan nan 0.0040794480621130225 0.15073790682401456 0.059033728085377511 0 0.20466832970440571 nan nan nan nan nan nan nan nan nan nan 0 0 0 0 running
2440 4.3646679314889676 0.0018017591833326958 0.25 427.80172599999997 0.022930081177784837 0.00081973227107470434 0.020057598651103667 0.0094656814049987378 0 0.046220826095961072 nan nan nan nan nan nan nan nan nan nan 0.0039976273003750062 0.1489226492180368 0.058113137639087757 0 0.19923861089408534 nan nan nan nan nan nan nan nan nan nan 0 0 0 0 running
2460 4.4007036548323546 0.0018018105107855983 0.25 431.09998200000001 0.022478933083068912 0.00080305754421525406 0.019918361576253714 0.0094345285331534044 0 0.045167641125266472 nan nan nan nan nan nan nan nan nan nan 0.0039162934201429911 0.14709583485949512 0.057178993518160852 0 0.19387949019648409 nan nan nan nan nan nan nan nan nan nan 0 0 0 0 running
2480 4.436740400539346 0.001801861458668773 0.25 434.07122199999998 0.022031585529161044 0.0007865062601994093 0.019782974740325247 0.0094004987712490908 0 0.04412028723639224 nan nan nan nan nan nan nan nan nan nan 0.0038357436316529547 0.14525417015697215 0.056234732254553436 0 0.18861036034780695 nan nan nan nan nan nan nan nan nan nan 0 0 0 0 running
2500 4.4727781620525855 0.0018019121157190434 0.25 437.20515499999999 0.021593150795411353 0.00077021109675356472 0.019652023135114959 0.0093631477103933072 0 0.043091263997283372 nan nan nan nan nan nan nan nan nan nan 0.0037568334829728434 0.14339840932531794 0.055282916100166876 0 0.18410727433093552 nan nan nan nan nan nan nan nan nan nan 0 0 0 0 running
2520 4.5088169339860755 0.0018019625151096455 0.25 440.49149 0.021167670293127046 0.00075426956681708731 0.019525853816609737 0.0093222579944437136 0 0.042090603989853329 nan nan nan nan nan nan nan nan nan nan 0.0036806273415166402 0.14153300472698516 0.054325448377406854 0 0.18021905631262888 nan nan nan nan nan nan nan nan nan nan 0 0 0 0 running
2540 4.5448567111407021 0.0018020126465348213 0.25 443.585621 0.020757617053977741 0.00073874395613686558 0.019404555982949587 0.0092777895037611715 0 0.041124608389548019 nan nan nan nan nan nan nan nan nan nan 0.0036080903251596297 0.13966504682099609 0.053363865087053763 0 0.17641472990095 nan nan nan nan nan nan nan nan nan nan 0 0 0 0 running
2560 4.5808974877596009 0.0018020624680157658 0.25 447.00706200000002 0.020364235757858909 0.0007236813301590558 0.019287998032110436 0.0092298188313680914 0 0.040196646024190916 nan nan nan nan nan nan nan nan nan nan 0.003539873060479537 0.13780281467104308 0.05239960444914768 0 0.17277850296689645 nan nan nan nan nan nan nan nan nan nan 0 0 0 0 running
2580 4.6169392570113725 0.0018021119168323441 0.25 450.35464200000001 0.019988363311926126 0.00070913934780866112 0.019175900167446646 0.0091784814981020774 0 0.039309169299163255 nan nan nan nan nan nan nan nan nan nan 0.0034762092750076912 0.13595426599008148 0.051434231521128013 0 0.16939310029671542 nan nan nan nan nan nan nan nan nan nan 0 0 0 0 running
2600 4.6529820106785325 0.0018021609191232817 0.25 453.44244099999997 0.019631115499829054 0.00069519853955564751 0.019067910491428988 0.0091239275675384715 0 0.038465424904216332 nan nan nan nan nan nan nan nan nan nan 0.0034169179996644816 0.13412575050177988 0.050469603053710274 0 0.16632241275928153 nan nan nan nan nan nan nan nan nan nan 0 0 0 0 running
2620 4.689025739021818 0.0018022093979298546 0.25 456.615387 0.019293924798606664 0.0006819476591616245 0.018963657542849628 0.0090662970598626991 0 0.037669544306793215 nan nan nan nan nan nan nan nan nan nan 0.0033614835532568277 0.13232114545885243 0.049507889884495164 0 0.16359979591681909 nan nan nan nan nan nan nan nan nan nan 0 0 0 0 running
2640 4.7250704307881479 0.0018022572795829597 0.25 459.254954 0.018977790041866553 0.00066944243614099476 0.018862768255210379 0.0090057166672909798 0 0.036924618647309615 nan nan nan nan nan nan nan nan nan nan 0.0033091784817450565 0.13054150616234769 0.048551524506484756 0 0.16122314392724837 nan nan nan nan nan nan nan nan nan nan 0 0 0 0 running
2660 4.7611160733282967 0.0018023044983776779 0.25 462.64084100000002 0.018682041726601289 0.00065765260625789653 0.018764858401215317 0.00894231500019106 0 0.036229490750513418 nan nan nan nan nan nan nan nan nan nan 0.0032591953959280051 0.12878522025911665 0.047606792744094587 0 0.15915653138365113 nan nan nan nan nan nan nan nan nan nan 0 0 0 0 running
2680 4.7971626527909423 0.0018023509996451953 0.25 465.89021300000002 0.018403214968181519 0.00064642031616152999 0.018669514126492412 0.0088762502049534071 0 0.035575766628143379 nan nan nan nan nan nan nan nan nan nan 0.0032107591791978862 0.12704857032475825 0.047066254139239885 0 0.15733713454289561 nan nan nan nan nan nan nan nan nan nan 0 0 0 0 running
2700 4.8332101543631101 0.0018023967414266657 0.25 469.12502899999998 0.018134624633608584 0.00063545082609219353 0.01857628426675963 0.0088077417612970818 0 0.034946596446061483 nan nan nan nan nan nan nan nan nan nan 0.0031632065023738942 0.12532656112479054 0.046506425775618108 0 0.15568543068051571 nan nan nan nan nan nan nan nan nan nan 0 0 0 0 running
2720 4.8692585625312725 0.0018024416949606555 0.25 471.924239 0.017866965533268334 0.00062434485990501035 0.018484695202563725 0.0087370977973942523 0 0.034318095018196881 nan nan nan nan nan nan nan nan nan nan 0.0031160275022708017 0.12361383004507551 0.045930559877365267 0 0.15411659022936008 nan nan nan nan nan nan nan nan nan nan 0 0 0 0 running
2740 4.9053078613418455 0.001802485844223793 0.25 474.44929000000002 0.017589863951583302 0.00061266684250614481 0.018394287840147731 0.0086647304454549393 0 0.033663241520648923 nan nan nan nan nan nan nan nan nan nan 0.0030688689849565076 0.12233603793400692 0.045342004454464922 0 0.15255101439368932 nan nan nan nan nan nan nan nan nan nan 0 0 0 0 running
2760 4.9413580346447699 0.0018025291847760482 0.25 477.09349800000001 0.017293965761115894 0.0006000313370799938 0.018304665904134067 0.008591154210702669 0 0.032957207050867091 nan nan nan nan nan nan nan nan nan nan 0.0030223353407303755 0.12129682995825739 0.044744073032698659 0 0.1509224951967218 nan nan nan nan nan nan nan nan nan nan 0 0 0 0 running
2780 4.9774090663088097 0.0018025717221459923 0.25 479.97292199999998 0.016972999449304874 0.00058618583351678795 0.018215539678922976 0.0085169658783106391 0 0.032182687024740128 nan nan nan nan nan nan nan nan nan nan 0.0029974573430586182 0.12025149362721027 0.044139913664869794 0 0.14918319772206168 nan nan nan nan nan nan nan nan nan nan 0 0 0 0 running
2800 5.0126182439871094 0.0018026125030077193 0.25 482.65641199999999 0.016633720766884061 0.00057143816328495626 0.018128823161934541 0.0084445363339072949 0 0.031354622754029698 nan nan nan nan nan nan nan nan nan nan 0.0029707807776842565 0.1192220025503254 0.043546614163766914 0 0.14735092502728228 nan nan nan nan nan nan nan nan nan nan 0 0 0 0 running
2820 5.0486709257645215 0.0018026534987699606 0.25 485.28375999999997 0.016263376042076661 0.00055523734370082961 0.018040337356375332 0.0083710282443047769 0 0.030440939984227589 nan nan nan nan nan nan nan nan nan nan 0.0029408914623014204 0.11815623411980151 0.042938236242601471 0 0.14532904850476785 nan nan nan nan nan nan nan nan nan nan 0 0 0 0 running
2840 5.084724419578035 0.0018026937481810986 0.25 487.895219 0.01587824209523268 0.00053828582459115502 0.017952235830666189 0.0082987703588264412 0 0.029481362718788096 nan nan nan nan nan nan nan nan nan nan 0.0029084941280078658 0.11707610362643815 0.042331053416808498 0 0.14316607324012912 nan nan nan nan nan nan nan nan nan nan 0 0 0 0 running
2860 5.1207787107763041 0.0018027332777833349 0.25 490.54897299999999 0.015490538228314782 0.00052110977208365164 0.017864653124645174 0.0082282603353191503 0 0.028507230981106638 nan nan nan nan nan nan nan nan nan nan 0.0028738565442117392 0.11597961003986881 0.041726742098487854 0 0.14087950416638431 nan nan nan nan nan nan nan nan nan nan 0 0 0 0 running
2880 5.15683378525297 0.0018027721152589274 0.25 493.13049100000001 0.015114316559116648 0.00050432187003964781 0.017777732446682074 0.008159868174119355 0 0.027555893473674913 nan nan nan nan nan nan nan nan nan nan 0.0028373460180103893 0.11486555614803678 0.041126569539942474 0 0.13849324762108317 nan nan nan nan nan nan nan nan nan nan 0 0 0 0 running
2900 5.1928896294569542 0.0018028102882930118 0.25 495.74177800000001 0.014763182700866535 0.00048852862390078077 0.017691579519930712 0.0080938200060231003 0 0.026664906691746038 nan nan nan nan nan nan nan nan nan nan 0.0027993646335185418 0.11373361303621495 0.040531436740153963 0 0.13603333548302599 nan nan nan nan nan nan nan nan nan nan 0 0 0 0 running
2920 5.2289462303835359 0.0018028478237683116 0.25 498.40735999999998 0.014448089664964334 0.00047423629415081401 0.01760623084773788 0.0080301997883841757 0 0.025865964151107024 nan nan nan nan nan nan nan nan nan nan 0.0027602995701406785 0.11258426432740447 0.039941938453103898 0 0.13352464608569381 nan nan nan nan nan nan nan nan nan nan 0 0 0 0 running
2940 5.2650035755525479 0.001802884747262434 0.25 501.12365899999998 0.014175656597389145 0.00046177402849755466 0.01752164100600585 0.0079689669435688421 0 0.025179766219944905 nan nan nan nan nan nan nan nan nan nan 0.0027204919018252727 0.11141865144156811 0.03935843123798146 0 0.13098884557349399 nan nan nan nan nan nan nan nan nan nan 0 0 0 0 running
2960 5.3010616529792687 0.0018029210827956827 0.25 503.83717300000001 0.013947374501391704 0.00045125154485672685 0.017437688911667443 0.0079099854639806226 0 0.024613040950543827 nan nan nan nan nan nan nan nan nan nan 0.0026802234201110942 0.11023837192135134 0.038781101060970602 0 0.12927761864528003 nan nan nan nan nan nan nan nan nan nan 0 0 0 0 running
2980 5.3371204511423764 0.0018029568527711136 0.25 506.44526400000001 0.013759846012451922 0.00044256129751535123 0.01735419873944449 0.0078530587095427366 0 0.024158481035574754 nan nan nan nan nan nan nan nan nan nan 0.0026397183213415221 0.10904525258220116 0.038210023554389891 0 0.12766732908316747 nan nan nan nan nan nan nan nan nan nan 0 0 0 0 running
3000 5.373179958952182 0.0018029920780471631 0.25 509.24842699999999 0.013605931330546264 0.00043542290473310043 0.017270969047815034 0.00779796409024396 0 0.023797534072849159 nan nan nan nan nan nan nan nan nan nan 0.0025991550492853177 0.10784114290245285 0.037645211320403819 0 0.1260070115022561 nan nan nan nan nan nan nan nan nan nan 0 0 0 0 running
3020 5.4092401657212319 0.0018030267780865617 0.25 512.04280900000003 0.01347644182655694 0.00042945555339692033 0.017187803126866439 0.0077444828772167225 0 0.023505114296405807 nan nan nan nan nan nan nan nan nan nan 0.002558681500184512 0.10662775565349429 0.03708665037668929 0 0.12432685516481203 nan nan nan nan nan nan nan nan nan nan 0 0 0 0 running
3040 5.4453010611383137 0.0018030609711449941 0.25 514.86783800000001 0.01336193106706168 0.00042425785358692444 0.017104534578556208 0.007692422106834065 0 0.023254839355701336 nan nan nan nan nan nan nan nan nan nan 0.002518433502748052 0.10540657008380552 0.036534321949153077 0 0.12265347101755521 nan nan nan nan nan nan nan nan nan nan 0 0 0 0 running
3060 5.4813626352465041 0.0018030946744811152 0.25 517.54816400000004 0.013254194938878904 0.00041947631684787325 0.017021044256933709 0.007641627404684972 0 0.023023510592872044 nan nan nan nan nan nan nan nan nan nan 0.0024785484126861324 0.10417879491304638 0.03598821283780796 0 0.1210084763710217 nan nan nan nan nan nan nan nan nan nan 0 0 0 0 running
3080 5.5174248784254356 0.001803127904564799 0.25 520.39874499999996 0.013147249308521122 0.00041485082748547329 0.016937267081597214 0.0075919872448165764 0 0.022794065766645624 nan nan nan nan nan nan nan nan nan nan 0.0024391723855167746 0.10294539026999387 0.035448317312567194 0 0.11940790281066756 nan nan nan nan nan nan nan nan nan nan 0 0 0 0 running
3100 5.5534877813777079 0.0018031606772901418 0.25 523.77959399999997 0.013037725162037182 0.00041023382908741913 0.016853189453991994 0.0075434303403005831 0 0.022556811812364918 nan nan nan nan nan nan nan nan nan nan 0.0024004618095764818 0.10170713491145832 0.034914634704576106 0 0.11786229391740681 nan nan nan nan nan nan nan nan nan nan 0 0 0 0 running
3120 5.5895513351198973 0.0018031930082200687 0.25 526.62844900000005 0.012924751492858585 0.00040558627515599515 0.016768839577561902 0.0074959183837779754 0 0.022309162519912964 nan nan nan nan nan nan nan nan nan nan 0.002362579593991998 0.10046471860287552 0.034387166301947221 0 0.11637732126403687 nan nan nan nan nan nan nan nan nan nan 0 0 0 0 running
3140 5.6256155309787435 0.0018032249128574201 0.25 529.43219099999999 0.012809468300269578 0.00040095674912870899 0.016684273795530835 0.0074494364756878132 0 0.022054308614731937 nan nan nan nan nan nan nan nan nan nan 0.002325687396984355 0.099218838976721388 0.033865913019437498 0 0.11495472019890106 nan nan nan nan nan nan nan nan nan nan 0 0 0 0 running
3160 5.6616803605929107 0.0018032564069296994 0.25 532.57369000000006 0.012694335221155222 0.00039645113620181017 0.016599562088707168 0.007403983198833299 0 0.021799291990485935 nan nan nan nan nan nan nan nan nan nan 0.0022899352886603941 0.097970285479957453 0.033350874017061771 0 0.11359334403334902 nan nan nan nan nan nan nan nan nan nan 0 0 0 0 running
3180 5.6977458159206904 0.0018032875067001714 0.25 535.43563900000004 0.01258239118941123 0.0003921997514149405 0.016514775318083017 0.0073595617396333968 0 0.0215529131851269 nan nan nan nan nan nan nan nan nan nan 0.0022557796067799174 0.096719998271414323 0.032842046056908207 0 0.11229016199880421 nan nan nan nan nan nan nan nan nan nan 0 0 0 0 running
3200 5.7338118892543646 0.0018033182293225537 0.25 538.176018 0.012476590880844919 0.00038832758568552205 0.016429975896274297 0.0073161728320080442 0 0.021323820222139876 nan nan nan nan nan nan nan nan nan nan 0.0022383245802199414 0.09583276930224631 0.032339424095933857 0 0.11104107793537893 nan nan nan nan nan nan nan nan nan nan 0 0 0 0 running
3220 5.7698785732420745 0.0018033485932311497 0.25 540.84134200000005 0.012379303648686226 0.00038493167764668435 0.016345212547312884 0.0072738097582833675 0 0.021119027916049825 nan nan nan nan nan nan nan nan nan nan 0.0022214988263198343 0.095012610467629266 0.031843001024353869 0 0.10984150864506508 nan nan nan nan nan nan nan nan nan nan 0 0 0 0 running
3240 5.8059458609174905 0.0018033786185210441 0.25 543.38228800000002 0.012292016812642808 0.00038206773914199423 0.016260518995524928 0.0072324552454351232 0 0.02094300656479688 nan nan nan nan nan nan nan nan nan nan 0.0022052220254210053 0.094181043267319783 0.031455823880633796 0 0.10868671058000219 nan nan nan nan nan nan nan nan nan nan 0 0 0 0 running
3260 5.8420137457364545 0.0018034083272580499 0.25 546.13519099999996 0.012215243286721335 0.00037974624699926618 0.016175915735922867 0.0071920798697547991 0 0.020797364564007478 nan nan nan nan nan nan nan nan nan nan 0.0021894125004919829 0.093339627652407331 0.031134124216136417 0 0.10757189244465071 nan nan nan nan nan nan nan nan nan nan 0 0 0 0 running
3280 5.8780822216185795 0.0018034377436620913 0.25 549.08913900000005 0.012148600323695868 0.00037793657694023516 0.016091413744758868 0.0071526415117519762 0 0.02068104775314044 nan nan nan nan nan nan nan nan nan nan 0.0021739873455987602 0.092489833117995218 0.030814222893571115 0 0.10649218513371787 nan nan nan nan nan nan nan nan nan nan 0 0 0 0 running
3300 5.914151282990523 0.0018034668940866373 0.25 551.86879799999997 0.012091005579000535 0.00037657666297470985 0.016007018934298189 0.0071140854701628809 0 0.020590905816263882 nan nan nan nan nan nan nan nan nan nan 0.0021588615112769216 0.091633031956844288 0.030496250766783257 0 0.10544254725186532 nan nan nan nan nan nan nan nan nan nan 0 0 0 0 running
3320 5.9502209248261728 0.0018034958067404674 0.25 554.42668200000003 0.012040929999114108 0.0003755852658391267 0.015922736315422951 0.0070763449549117027 0 0.020522444353305525 nan nan nan nan nan nan nan nan nan nan 0.0021439469188630489 0.090770490329642087 0.030180223669903351 0 0.10441767810189879 nan nan nan nan nan nan nan nan nan nan 0 0 0 0 running
3340 5.9862911426783585 0.0018035245111242921 0.25 557.12678300000005 0.011996654338479164 0.00037487425160370974 0.015838573154213074 0.0070393418344307781 0 0.020470596299495356 nan nan nan nan nan nan nan nan nan nan 0.002129152531666012 0.089903357929163957 0.029866048382525837 0 0.10367381139549572 nan nan nan nan nan nan nan nan nan nan 0 0 0 0 running
3360 6.0223619326960192 0.0018035530371569592 0.25 560.02263200000004 0.011956490435792019 0.00037435900470066368 0.015754540738138836 0.0070029876028470904 0 0.020430388733605226 nan nan nan nan nan nan nan nan nan nan 0.0021143862148750858 0.089032658502340295 0.029553528587881281 0 0.1031974581126749 nan nan nan nan nan nan nan nan nan nan 0 0 0 0 running
3380 6.0584332916207391 0.0018035814140045098 0.25 562.66265099999998 0.011918945597253578 0.00037396597603116748 0.015670654706058128 0.0069671846489510079 0 0.020397435852360046 nan nan nan nan nan nan nan nan nan nan 0.0020995579290403743 0.088159283911251385 0.029242371521412232 0 0.10269397160602264 nan nan nan nan nan nan nan nan nan nan 0 0 0 0 running
3400 6.0945052167572706 0.0018036096686788504 0.25 565.62094200000001 0.011882823977105829 0.00037363715196826785 0.015586934117816328 0.0069318279273222266 0 0.020368239247071016 nan nan nan nan nan nan nan nan nan nan 0.0020845851044334895 0.087283997582138409 0.028932197645453808 0 0.10216283883150655 nan nan nan nan nan nan nan nan nan nan 0 0 0 0 running
3420 6.1305777059144742 0.0018036378245021546 0.25 568.30060600000002 0.011847270069696556 0.00037333175467946429 0.015503399622566463 0.0068968071142622989 0 0.020340312576119721 nan nan nan nan nan nan nan nan nan nan 0.0020694002562000602 0.086407445061634794 0.028622550714642547 0 0.10160413687352209 nan nan nan nan nan nan nan nan nan nan 0 0 0 0 running
3440 6.1666507573151152 0.0018036658995515345 0.25 571.04619400000001 0.011811765793501332 0.00037302579004633036 0.015420071127136243 0.0068620092775297098 0 0.020312167355350259 nan nan nan nan nan nan nan nan nan nan 0.0020539574935865557 0.085530172865118284 0.028312910509077263 0 0.10101851905652434 nan nan nan nan nan nan nan nan nan nan 0 0 0 0 running
3460 6.2027243694754883 0.0018036939052136474 0.25 573.94509200000005 0.011776094673612484 0.00037271011667260056 0.015336965360516864 0.0068273220051388835 0 0.020283202009219448 nan nan nan nan nan nan nan nan nan nan 0.0020382379810073847 0.084652656977755036 0.028002707930431563 0 0.10040727505292231 nan nan nan nan nan nan nan nan nan nan 0 0 0 0 running
3480 6.2387985410584728 0.0018037218449806238 0.25 576.70752600000003 0.011740285998790125 0.00037238764984535142 0.015254093631093613 0.0067926369204066054 0 0.020253533402015023 nan nan nan nan nan nan nan nan nan nan 0.0020222536460848817 0.083775338140526345 0.027691343850254541 0 0.099772445245993255 nan nan nan nan nan nan nan nan nan nan 0 0 0 0 running
3500 6.2748732707060579 0.0018037497136030073 0.25 579.74580200000003 0.011704549625297786 0.00037207018759257153 0.015171460035694945 0.0067578533831525985 0 0.020223802596641458 nan nan nan nan nan nan nan nan nan nan 0.002006048370985114 0.082898658774908165 0.02737821201693778 0 0.099116956225662828 nan nan nan nan nan nan nan nan nan nan 0 0 0 0 running
3520 6.3109485568594925 0.0018037774966861079 0.25 582.96681999999998 0.011669209152767831 0.0003717752042985146 0.015089060203429152 0.0067228821772966282 0 0.020194977391919736 nan nan nan nan nan nan nan nan nan nan 0.0019896960909626671 0.082023095936200038 0.027062725116739728 0 0.098444734825772498 nan nan nan nan nan nan nan nan nan nan 0 0 0 0 running
3540 6.347024397576468 0.0018038051707787847 0.25 585.86367099999995 0.011634638951592636 0.00037152284372295565 0.015006880620891718 0.0066876489608350496 0 0.0201681673399722 nan nan nan nan nan nan nan nan nan nan 0.0019732956028973292 0.081149184872985045 0.026744342529836158 0 0.097760754020804669 nan nan nan nan nan nan nan nan nan nan 0 0 0 0 running
3560 6.3831007903553791 0.0018038327039646899 0.25 588.81110699999999 0.011601208556117907 0.00037133325803451872 0.014924898487715728 0.0066520972558089782 0 0.020144461240123389 nan nan nan nan nan nan nan nan nan nan 0.0019569623325303986 0.080277529621242794 0.026422598196257821 0 0.097070964882534083 nan nan nan nan nan nan nan nan nan nan 0 0 0 0 running
3580 6.4191777319764727 0.001803860056929179 0.25 591.59552399999995 0.0115692368904181 0.00037122439270776385 0.014843082086761945 0.0066161907751772159 0 0.020124794095230408 nan nan nan nan nan nan nan nan nan nan 0.0019408177899497558 0.079408798579697543 0.026097127588684817 0 0.096382168223245565 nan nan nan nan nan nan nan nan nan nan 0 0 0 0 running
3600 6.4552552183688103 0.0018038871844419356 0.25 594.46288500000003 0.011538956550535022 0.00037121023250955649 0.01476139139607007 0.006579914952789789 0 0.020109844295892434 nan nan nan nan nan nan nan nan nan nan 0.0019249775660638013 0.078543705372385225 0.025767691048489878 0 0.095701397128732685 nan nan nan nan nan nan nan nan nan nan 0 0 0 0 running
3620 6.4913332445105265 0.0018039140371677348 0.25 597.32340999999997 0.011510490724102099 0.00037129961389169243 0.014679779151735283 0.0065432775534288784 0 0.020099968235298239 nan nan nan nan nan nan nan nan nan nan 0.0019095389734585244 0.077682975508948759 0.02543419127456405 0 0.095035729474751404 nan nan nan nan nan nan nan nan nan nan 0 0 0 0 running
3640 6.527411804367774 0.0018039405636974416 0.25 600.32676000000004 0.011483840988710059 0.00037149554095927716 0.014598192031918386 0.0065063083100793794 0 0.020095167376918261 nan nan nan nan nan nan nan nan nan nan 0.0018945697671279849 0.076827304289143306 0.02509668499638595 0 0.094391657906535462 nan nan nan nan nan nan nan nan nan nan 0 0 0 0 running
3660 6.5634908908755616 0.0018039667126789492 0.25 603.25723800000003 0.011458886050200314 0.00037179500817722996 0.014516571982245853 0.0064690576182798885 0 0.020095087644619043 nan nan nan nan nan nan nan nan nan nan 0.001880098992991408 0.075977308843623206 0.024755388216748529 0 0.093774452609433415 nan nan nan nan nan nan nan nan nan nan 0 0 0 0 running
3680 6.5995704959611512 0.0018039924349229073 0.25 606.26480400000003 0.011435390257275836 0.0003721892820933317 0.014434857643394949 0.0064315943220942182 0 0.020099047393103441 nan nan nan nan nan nan nan nan nan nan 0.00186611071407905 0.075133479403919415 0.024410673645082339 0 0.093187614351751616 nan nan nan nan nan nan nan nan nan nan 0 0 0 0 running
3700 6.6356506106082422 0.0018040176853649243 0.25 608.97131899999999 0.011413019907544763 0.00037266455904980388 0.014352985835217507 0.00639400270943726 0 0.020106087763218584 nan nan nan nan nan nan nan nan nan nan 0.0018525412792382845 0.074296135166572547 0.024063058995730958 0 0.092632371819544645 nan nan nan nan nan nan nan nan nan nan 0 0 0 0 running
3720 6.6717312249579992 0.0018040424247852882 0.25 611.88295200000005 0.011391364885053476 0.00037320288867894152 0.014270893058151308 0.0063563788906328255 0 0.020115037858466855 nan nan nan nan nan nan nan nan nan nan 0.0018392801298901529 0.073616401532286602 0.023713187240382308 0 0.092107173283513685 nan nan nan nan nan nan nan nan nan nan 0 0 0 0 running
3740 6.7078123284411841 0.0018040666212015379 0.25 614.70697399999995 0.011369964339448686 0.00037378330331945114 0.014188516975757763 0.0063188267216816099 0 0.020124590587980412 nan nan nan nan nan nan nan nan nan nan 0.0018303081521501285 0.073046436466420422 0.023361799870885869 0 0.091607768842646306 nan nan nan nan nan nan nan nan nan nan 0 0 0 0 running
3760 6.7438939099340729 0.0018040902508666262 0.25 617.65964199999996 0.011348332745961772 0.00037438298820770472 0.014105797876035192 0.0062814534741225418 0 0.020133378416856841 nan nan nan nan nan nan nan nan nan nan 0.0018236472179262164 0.072474052579537637 0.023009705113879605 0 0.091127177459420561 nan nan nan nan nan nan nan nan nan nan 0 0 0 0 running
3780 6.7799759579298833 0.0018041132988405235 0.25 620.56587500000001 0.011325984390744104 0.00037497840431613443 0.01402267995767903 0.0062443654869755822 0 0.020140043439942402 nan nan nan nan nan nan nan nan nan nan 0.0018170276193031354 0.071899536550447965 0.022657741706396731 0 0.09065594980460645 nan nan nan nan nan nan nan nan nan nan 0 0 0 0 running
3800 6.8160584607171328 0.0018041357591350561 0.25 623.53377699999999 0.011302455721072137 0.00037554633288484175 0.013939112626120315 0.0062076639710204242 0 0.02014330009718036 nan nan nan nan nan nan nan nan nan nan 0.0018102757313916418 0.071322940347374963 0.022306744596884462 0 0.090182577642494127 nan nan nan nan nan nan nan nan nan nan 0 0 0 0 running
3820 6.8521414065565631 0.0018041576344506149 0.25 626.45403899999997 0.011277323121169766 0.00037606473449630884 0.01385505153776174 0.0061714411593381544 0 0.02014198401634288 nan nan nan nan nan nan nan nan nan nan 0.0018031973622318342 0.070744088950138437 0.022071616648747763 0 0.089694210363735968 nan nan nan nan nan nan nan nan nan nan 0 0 0 0 running
3840 6.8882247838488322 0.0018041789355421136 0.25 629.19412399999999 0.011250216295971805 0.00037651342492607288 0.013770459479588477 0.006135776958325667 0 0.02013508773286796 nan nan nan nan nan nan nan nan nan nan 0.0017955897864624926 0.070162603064391343 0.021842617151762122 0 0.089177442754333508 nan nan nan nan nan nan nan nan nan nan 0 0 0 0 running
3860 6.9243085812861329 0.0018041996802729506 0.25 632.10593300000005 0.011220827049609293 0.00037687455866608418 0.013685307043277466 0.006100736200619971 0 0.020121783044623892 nan nan nan nan nan nan nan nan nan nan 0.0017872544430415083 0.069577938020557784 0.021612024157788467 0 0.088926275345032224 nan nan nan nan nan nan nan nan nan nan 0 0 0 0 running
3880 6.960392787982256 0.0018042198924311682 0.25 634.93963399999996 0.011188913940466649 0.00037713293704930796 0.013599573072368211 0.0060663665735887773 0 0.020101431676072212 nan nan nan nan nan nan nan nan nan nan 0.0017780094598665031 0.068989437006580986 0.021380383397507276 0 0.088750763442257963 nan nan nan nan nan nan nan nan nan nan 0 0 0 0 running
3900 6.9964773935771998 0.0018042396003891347 0.25 638.13327400000003 0.011154303020240015 0.00037727614818568541 0.013513244892987036 0.0060326972592360754 0 0.020073585088001923 nan nan nan nan nan nan nan nan nan nan 0.0017677015956024111 0.068396391644718238 0.021148154829903783 0 0.088534830974310239 nan nan nan nan nan nan nan nan nan nan 0 0 0 0 running
3920 7.0325623883140684 0.0018042588356890087 0.25 640.90444500000001 0.011116886387515469 0.00037729461431392907 0.013426318318327427 0.0059997382897872984 0 0.020037978451122481 nan nan nan nan nan nan nan nan nan nan 0.0017562158009152284 0.067798107193893203 0.020915703202668192 0 0.08826703247585857 nan nan nan nan nan nan nan nan nan nan 0 0 0 0 running
3940 7.0686477630875837 0.0018042776316323655 0.25 643.76630399999999 0.011076618491778375 0.00037718153512035388 0.013338797457070672 0.0059674805831042418 0 0.019994518699911638 nan nan nan nan nan nan nan nan nan nan 0.0017434822003978834 0.067193967117477466 0.020683294514490497 0 0.087937290020325673 nan nan nan nan nan nan nan nan nan nan 0 0 0 0 running
3960 7.1047335094650759 0.0018042960219442784 0.25 647.103342 0.011033511291682997 0.00037693277754003129 0.013250694336855539 0.0059358966185879651 0 0.01994326978517709 nan nan nan nan nan nan nan nan nan nan 0.0017294799896029889 0.066583490114763055 0.02045109871800227 0 0.087537527491007669 nan nan nan nan nan nan nan nan nan nan 0 0 0 0 running
3980 7.1408196196820537 0.0018043140395709414 0.25 650.15016200000002 0.010987628817576952 0.00037654673150202801 0.013162028369728513 0.0059049416928040974 0 0.019884436640807253 nan nan nan nan nan nan nan nan nan nan 0.001714238068547147 0.065966375721505321 0.020219197884301012 0 0.087062164793667712 nan nan nan nan nan nan nan nan nan nan 0 0 0 0 running
4000 7.1769060866155616 0.0018043317156554218 0.25 652.85242500000004 0.010939081513124784 0.00037602414676769097 0.013072825684075952 0.0058745556786021207 0 0.019818348866839471 nan nan nan nan nan nan nan nan nan nan 0.0016978324939940781 0.065342535390968542 0.019987598347628588 0 0.08650843853122081 nan nan nan nan nan nan nan nan nan nan 0 0 0 0 running
4020 7.2129929037391562 0.0018043490787199266 0.25 655.77615800000001 0.010888020557028847 0.00037536795897793042 0.012983118345352963 0.0058446652106956942 0 0.019745444632933169 nan nan nan nan nan nan nan nan nan nan 0.0016803811279613723 0.06471210764329148 0.019756245351277235 0 0.085876531263491762 nan nan nan nan nan nan nan nan nan nan 0 0 0 0 running
4040 7.2490800650638789 0.0018043661540712227 0.25 658.71378600000003 0.010834632181078371 0.00037458310622771174 0.012892943483961668 0.0058151862068270103 0 0.01966625479576941 nan nan nan nan nan nan nan nan nan nan 0.0016620361075611045 0.064075457459400603 0.019599483736845086 0 0.085169509025368628 nan nan nan nan nan nan nan nan nan nan 0 0 0 0 running
4060 7.2851675650697114 0.001804382963432601 0.25 661.500494 0.010779131921135558 0.00037367633428046857 0.01280234234698905 0.0057860266375022989 0 0.019581387005113329 nan nan nan nan nan nan nan nan nan nan 0.0016429748857250681 0.063433161373457836 0.019460208787813259 0 0.084393084296255361 nan nan nan nan nan nan nan nan nan nan 0 0 0 0 running
4080 7.3212553986319246 0.0018043995247874129 0.25 664.16871300000003 0.010721758689126981 0.00037265598663187836 0.012711359289567929 0.0057570894442364184 0 0.01949150944892554 nan nan nan nan nan nan nan nan nan nan 0.0016233905872741761 0.062785980636236222 0.019316421508604017 0 0.083555235966367977 nan nan nan nan nan nan nan nan nan nan 0 0 0 0 running
4100 7.3573435609463145 0.0018044158524095652 0.25 667.02958100000001 0.010662768579536092 0.0003715317762315283 0.012620040721595527 0.0057282755046901149 0 0.019397333965537601 nan nan nan nan nan nan nan nan nan nan 0.0016056074620881544 0.062134825412503099 0.019331090976716762 0 0.083055860700355505 nan nan nan nan nan nan nan nan nan nan 0 0 0 0 running
4120 7.393432047456785 0.0018044319570553751 0.25 669.86635200000001 0.010602428399957049 0.00037031453793115275 0.012528434031467353 0.0056994865482002015 0 0.019299598462924856 nan nan nan nan nan nan nan nan nan nan 0.0015926803671847956 0.061480713272107537 0.019385920688234675 0 0.0826098369790811 nan nan nan nan nan nan nan nan nan nan 0 0 0 0 running
4140 7.429520853788194 0.0018044478462871372 0.25 672.61161700000002 0.010541009031288637 0.00036901596439040335 0.012436586503793765 0.0056706279220866355 0 0.019199048916794661 nan nan nan nan nan nan nan nan nan nan 0.0015792554760946653 0.060824725187487119 0.019435123441769078 0 0.082102012671514166 nan nan nan nan nan nan nan nan nan nan 0 0 0 0 running
4160 7.4656099756867667 0.0018044635248926284 0.25 675.37343799999996 0.010478778810030434 0.0003676483309339462 0.01234454426845148 0.0056416111186077767 0 0.019096421451233175 nan nan nan nan nan nan nan nan nan nan 0.0015655115830003341 0.060167961750804411 0.019478692808456013 0 0.08154185298891721 nan nan nan nan nan nan nan nan nan nan 0 0 0 0 running
4180 7.5 0.0001050700258264925 0.25 678.16663900000003 0.010418962227321076 0.00036629235936858046 0.012256695318327416 0.0056137399797797239 0 0.018997343042970467 nan nan nan nan nan nan nan nan nan nan 0.0015522769093800348 0.059542392014337406 0.019514964703976238 0 0.081206048315731305 nan nan nan nan nan nan nan nan nan nan 0 0 0 0 running
4200 7.5360897261401529 0.0018044935443426546 0.25 680.89279699999997 0.010355883281961945 0.00036482616247978528 0.012164396873373898 0.0055841924646304756 0 0.018892663598452184 nan nan nan nan nan nan nan nan nan nan 0.0015383987291949786 0.058887174258752437 0.019547523125741435 0 0.081679913782338895 nan nan nan nan nan nan nan nan nan nan 0 0 0 0 running
4220 7.5721797555544663 0.0018045086091748488 0.25 683.81718599999999 0.010292712988464724 0.00036332790834790491 0.012072024109090656 0.0055542807274261306 0 0.01878786564929727 nan nan nan nan nan nan nan nan nan nan 0.0015473894998831728 0.058234175072911641 0.019574447668632977 0 0.082075653268624774 nan nan nan nan nan nan nan nan nan nan 0 0 0 0 running
4240 7.6082700840699422 0.0018045234646513841 0.25 687.18838500000004 0.010229654387314735 0.00036180954592459133 0.011979609939967131 0.0055239582874747452 0 0.018683497231420453 nan nan nan nan nan nan nan nan nan nan 0.0015563082991824628 0.057584222761764059 0.019595750864040831 0 0.082393551519057223 nan nan nan nan nan nan nan nan nan nan 0 0 0 0 running
4260 7.6443607074810682 0.0018045381089871067 0.25 690.06316400000003 0.010166884359559026 0.00036028235750070934 0.011887182443450333 0.005493191633555842 0 0.01858003293213609 nan nan nan nan nan nan nan nan nan nan 0.001563926649851527 0.056942963462226742 0.019611455046238464 0 0.082636410563556459 nan nan nan nan nan nan nan nan nan nan 0 0 0 0 running
4280 7.6804516215457177 0.0018045525403637855 0.25 692.55328099999997 0.010104551792470084 0.00035875677122759601 0.011794764609458186 0.0054619602442156105 0 0.01847786909550804 nan nan nan nan nan nan nan nan nan nan 0.0015703234815188094 0.056310372105541948 0.019621594138208923 0 0.082809356552866809 nan nan nan nan nan nan nan nan nan nan 0 0 0 0 running
4300 7.7165428219878036 0.0018045667572349699 0.25 695.27085099999999 0.010042776673147282 0.00035724219976318697 0.011702374293951432 0.0054302561641176228 0 0.018377321579071081 nan nan nan nan nan nan nan nan nan nan 0.0015756077154405745 0.055682264175690652 0.019626215063815951 0 0.08291951607976461 nan nan nan nan nan nan nan nan nan nan 0 0 0 0 running
4320 7.7526343045052934 0.0018045807585601037 0.25 698.10592399999996 0.0099816499471670136 0.00035574690431391546 0.011610024362699933 0.0053980831753095999 0 0.018278625626915193 nan nan nan nan nan nan nan nan nan nan 0.0015799119268302131 0.055171583246013511 0.01962537867244768 0 0.082975591249662764 nan nan nan nan nan nan nan nan nan nan 0 0 0 0 running
4340 7.7887260647821748 0.0018045945439710586 0.25 700.85347000000002 0.0099212339763984948 0.0003542778833532044 0.01151772301445431 0.0053654556150863333 0 0.018181937406625135 nan nan nan nan nan nan nan nan nan nan 0.0015833849927546773 0.054695415424559649 0.019643224266454973 0 0.082987366749994657 nan nan nan nan nan nan nan nan nan nan 0 0 0 0 running
4360 7.8248180985030951 0.00180460811387447 0.25 703.78092200000003 0.0098615634529605894 0.00035284078633151665 0.011425474258502724 0.0053323969062942303 0 0.018087336820697963 nan nan nan nan nan nan nan nan nan nan 0.0015861842491292077 0.054219002380320229 0.019664390905656744 0 0.0829651840976358 nan nan nan nan nan nan nan nan nan nan 0 0 0 0 running
4380 7.860910401369388 0.0018046214694937316 0.25 706.72465099999999 0.0098026466932013626 0.00035143985427069427 0.011333278521303846 0.0052989378757486308 0 0.017994831378342995 nan nan nan nan nan nan nan nan nan nan 0.0015884676714971457 0.053742655751697198 0.019679378759090742 0 0.082919417621866165 nan nan nan nan nan nan nan nan nan nan 0 0 0 0 running
4400 7.8970029691153751 0.0018046346128592723 0.25 709.43407500000001 0.009744467292251608 0.00035007789062862756 0.011241133351848492 0.0052651149392978266 0 0.017904361065428788 nan nan nan nan nan nan nan nan nan nan 0.0015903865508096471 0.053266579099276373 0.019688361772401679 0 0.082859983790610436 nan nan nan nan nan nan nan nan nan nan 0 0 0 0 running
4420 7.9330957975240572 0.001804647546759404 0.25 712.31488400000001 0.0096869861648689517 0.00034875626622701074 0.011149034192942655 0.0052309682393958824 0 0.017815804267604842 nan nan nan nan nan nan nan nan nan nan 0.0015920790586689548 0.052790883259463364 0.019691541991152715 0 0.082795910313459578 nan nan nan nan nan nan nan nan nan nan 0 0 0 0 running
4440 7.9691888824414967 0.001804660274663066 0.25 715.12073199999998 0.0096301440118691448 0.00034747496147987181 0.011056975183703714 0.0051965398157723013 0 0.017728984836360304 nan nan nan nan nan nan nan nan nan nan 0.0015936650005165531 0.05231560361330783 0.019689143005661321 0 0.082734985002773265 nan nan nan nan nan nan nan nan nan nan 0 0 0 0 running
4460 8.0052822197894358 0.0018046728006235085 0.25 717.98376299999995 0.0095738642558870976 0.00034623264823275814 0.010964949960327947 0.0051618718867778328 0 0.017643680395429337 nan nan nan nan nan nan nan nan nan nan 0.0015952419530188278 0.05184071815451919 0.019681402932509993 0 0.082683497514560125 nan nan nan nan nan nan nan nan nan nan 0 0 0 0 running
4480 8.0413758055758784 0.0018046851291707562 0.25 720.70627500000001 0.00951805644716033 0.0003450268108442417 0.010872952423525001 0.0051270053086115057 0 0.017559631867373575 nan nan nan nan nan nan nan nan nan nan 0.0015968828786818157 0.051366165370835153 0.01966856732568804 0 0.082646080168048461 nan nan nan nan nan nan nan nan nan nan 0 0 0 0 running
4500 8.0774696359034444 0.0018046972652004693 0.25 723.43438900000001 0.0094626201118837225 0.00034385390485797325 0.010780977445740541 0.0050919782600268226 0 0.017476554125888017 nan nan nan nan nan nan nan nan nan nan 0.0015986352125582637 0.050891861158001324 0.019650882381469267 0 0.082625647458329177 nan nan nan nan nan nan nan nan nan nan 0 0 0 0 running
4520 8.1135637069755582 0.0018047092138659779 0.25 726.13600699999995 0.0094074489651873715 0.00034270954769480234 0.010689021514440664 0.0050568251947345523 0 0.017394147531358529 nan nan nan nan nan nan nan nan nan nan 0.0016005213287778042 0.050417714224373245 0.019628588753147845 0 0.08262342804838578 nan nan nan nan nan nan nan nan nan nan 0 0 0 0 running
4540 8.1496580151005098 0.001804720980478334 0.25 728.91493100000002 0.0093524345659831681 0.0003415887039776252 0.010597083138959098 0.0050215760885686947 0 0.017312107937654579 nan nan nan nan nan nan nan nan nan nan 0.0016025402233084962 0.049943639635118178 0.01960191623032017 0 0.082639078244666875 nan nan nan nan nan nan nan nan nan nan 0 0 0 0 running
4560 8.1857525566936733 0.0018047325704177788 0.25 731.591275 0.0092974711069639653 0.00034048593000526986 0.010505163348751493 0.0049862559729557925 0 0.017230139542204183 nan nan nan nan nan nan nan nan nan nan 0.0016046702020912351 0.049469569303587306 0.019571079442290643 0 0.082670862838913228 nan nan nan nan nan nan nan nan nan nan 0 0 0 0 running
4580 8.221847328278109 0.001804743989059912 0.25 734.24676099999999 0.0092424589131511071 0.00033939558006203187 0.010413265898753819 0.0049508847356091873 0 0.017147964255363631 nan nan nan nan nan nan nan nan nan nan 0.0016068723325885492 0.048995460047598714 0.019536274728266481 0 0.082715887057283957 nan nan nan nan nan nan nan nan nan nan 0 0 0 0 running
4600 8.2579423264838034 0.0018047552417182922 0.25 736.99957800000004 0.0091873076920614347 0.00033831201056373555 0.010321397385776948 0.00491547717623374 0 0.017065330300388749 nan nan nan nan nan nan nan nan nan nan 0.0016090943921622525 0.048521298950846448 0.019497678184327853 0 0.082770361769536505 nan nan nan nan nan nan nan nan nan nan 0 0 0 0 running
4620 8.294037548045976 0.0018047663336021235 0.25 739.84648500000003 0.0091319390045385487 0.00033722976103374078 0.010229567234870425 0.0048800432804773624 0 0.016982018660020037 nan nan nan nan nan nan nan nan nan nan 0.0016112750537355669 0.048047106217529369 0.019455444854318507 0 0.082829884570519527 nan nan nan nan nan nan nan nan nan nan 0 0 0 0 running
4640 8.3301329898026637 0.0018047772697864814 0.25 742.65180399999997 0.0090762879338488842 0.00033614370613640815 0.010137787570309389 0.0048445886650118012 0 0.016897847334663631 nan nan nan nan nan nan nan nan nan nan 0.0016133480654413612 0.047572935530333281 0.019409708915424886 0 0.082889720439412881 nan nan nan nan nan nan nan nan nan nan 0 0 0 0 running
4660 8.3662286486918305 0.0018047880551936995 0.25 745.27620899999999 0.0090203038753132302 0.00033504917367020996 0.010046072978049455 0.0048091151486783302 0 0.016812673233981397 nan nan nan nan nan nan nan nan nan nan 0.0016152461988748201 0.047098872089809611 0.019360584868369477 0 0.08294506693226214 nan nan nan nan nan nan nan nan nan nan 0 0 0 0 running
4680 8.4023245217481914 0.0018047986945851308 0.25 747.92310599999996 0.0089639504897269032 0.00033394202668421489 0.0099544401844994836 0.0047736214211274164 0 0.016726391833720905 nan nan nan nan nan nan nan nan nan nan 0.00161690479687851 0.046625028810622762 0.019308169451662222 0 0.082991292553039331 nan nan nan nan nan nan nan nan nan nan 0 0 0 0 running
4700 8.4384206061000118 0.0018048091925618878 0.25 750.56783399999995 0.0089072049866522236 0.00033281871221316976 0.0098629076863070188 0.004738103738164098 0 0.01663893506249103 nan nan nan nan nan nan nan nan nan nan 0.0016182647754489077 0.046151541270747477 0.019252544112339707 0 0.083024138581735046 nan nan nan nan nan nan nan nan nan nan 0 0 0 0 running
4720 8.4745168989659394 0.0018048195535721261 0.25 753.28484800000001 0.0088500567868613905 0.00033167627782080834 0.009771495339133237 0.0047025566274753426 0 0.016550267565896719 nan nan nan nan nan nan nan nan nan nan 0.0016192749791519578 0.045678562093151631 0.019193777868226482 0 0.083039877634634718 nan nan nan nan nan nan nan nan nan nan 0 0 0 0 running
4740 8.5106133976520972 0.0018048297819222834 0.25 755.92730600000004 0.0087925057865344408 0.0003305123614761546 0.0096802239393045213 0.0046669735729724529 0 0.016460381944663736 nan nan nan nan nan nan nan nan nan nan 0.0016198938372764815 0.045206255636935748 0.019131930349779662 0 0.083035425415173794 nan nan nan nan nan nan nan nan nan nan 0 0 0 0 running
4760 8.5467100995493475 0.0018048398817899444 0.25 758.54687300000001 0.0087345604650006011 0.00032932516311946514 0.0095891148241467362 0.0046313476364718224 0 0.016369293615796931 nan nan nan nan nan nan nan nan nan nan 0.0016200903050432591 0.044734793148655111 0.019067054852044144 0 0.083008404656629828 nan nan nan nan nan nan nan nan nan nan 0 0 0 0 running
4780 8.5828070021308651 0.0018048498572363003 0.25 761.06794200000002 0.0086762357581197571 0.00032811339398560818 0.0094981894733422029 0.0045956720127814064 0 0.016277035102637578 nan nan nan nan nan nan nan nan nan nan 0.0016198441477382475 0.044264347582536001 0.018999201239289609 0 0.08295716510149781 nan nan nan nan nan nan nan nan nan nan 0 0 0 0 running
4800 8.6189041029499247 0.0018048597122168255 0.25 763.765083 0.0086175510693906159 0.00032687621701501753 0.0094074691585002874 0.0045599405091807507 0 0.016183650721982509 nan nan nan nan nan nan nan nan nan nan 0.0016191456430513229 0.043795088118605205 0.018928418557528599 0 0.082880764578165247 nan nan nan nan nan nan nan nan nan nan 0 0 0 0 running
4820 8.6550013996378823 0.0018048694505898113 0.25 766.34778500000004 0.0085585286986201697 0.00032561319283325326 0.0093169746806714727 0.0045241479190341162 0 0.01608919239367235 nan nan nan nan nan nan nan nan nan nan 0.0016179947820010587 0.04332717827606019 0.018854757283773432 0 0.082778916456657678 nan nan nan nan nan nan nan nan nan nan 0 0 0 0 running
4840 8.6910988899022819 0.0018048790761224958 0.25 768.78539699999999 0.0084991922723423284 0.00032432421258994686 0.0092267261316675789 0.0044882902949977274 0 0.015993715495011704 nan nan nan nan nan nan nan nan nan nan 0.0016164000652187926 0.042860774007089007 0.01877827114024043 0 0.082651910062575593 nan nan nan nan nan nan nan nan nan nan 0 0 0 0 running
4860 8.7271965715251021 0.0018048885924939367 0.25 771.24159899999995 0.0084395655126592185 0.00032300943491992134 0.0091367427206945646 0.0044523651343575544 0 0.015897275624567851 nan nan nan nan nan nan nan nan nan nan 0.0016143770420808667 0.04239602195714412 0.018699018436343948 0 0.082500513880376256 nan nan nan nan nan nan nan nan nan nan 0 0 0 0 running
4880 8.7632944423609569 0.0018048980032937471 0.25 773.76231900000005 0.0083796712910258805 0.00032166922606066597 0.0090470426565009837 0.0044163714768647184 0 0.015799926132327634 nan nan nan nan nan nan nan nan nan nan 0.0016119467149496025 0.041933058287462632 0.018617062932728703 0 0.082325869693984616 nan nan nan nan nan nan nan nan nan nan 0 0 0 0 running
4900 8.7993925003352729 0.0018049073120166735 0.25 776.62174700000003 0.0083195309476260058 0.00032030410451406785 0.0089576430818159442 0.0043803099230515629 0 0.0157017163590474 nan nan nan nan nan nan nan nan nan nan 0.001609133915299904 0.041472008122754526 0.01853247425077232 0 0.082129384779526096 nan nan nan nan nan nan nan nan nan nan 0 0 0 0 running
4920 8.8354907434423033 0.0018049165220539144 0.25 779.40174000000002 0.0082591638416024595 0.0003189146911144434 0.0088685600524689382 0.004344182585759619 0 0.015602690488800124 nan nan nan nan nan nan nan nan nan nan 0.0016059657423338203 0.041013260526078454 0.018445327872659123 0 0.081912628189729095 nan nan nan nan nan nan nan nan nan nan 0 0 0 0 running
4940 8.8715891697429363 0.0018049256366822494 0.25 781.96386800000005 0.0081985870954889763 0.00031750166511973032 0.008779808553366018 0.0043079929881311447 0 0.01550288691452956 nan nan nan nan nan nan nan nan nan nan 0.0016024701377477524 0.040560868798310605 0.018355704792094786 0 0.081677236041367673 nan nan nan nan nan nan nan nan nan nan 0 0 0 0 running
4960 8.9076877773622964 0.0018049346590519456 0.25 784.67658800000004 0.0081378155466159518 0.00031606572908729843 0.0086914025434409528 0.0042717459208402898 0 0.015402338147965405 nan nan nan nan nan nan nan nan nan nan 0.0015986746538203256 0.040110414051062165 0.01826369088400524 0 0.081424829616517203 nan nan nan nan nan nan nan nan nan nan 0 0 0 0 running
4980 8.9437865644870698 0.0018049435921741973 0.25 787.41810899999996 0.0080768617275975094 0.00031460757551174775 0.0086033550233838314 0.0042354472729181731 0 0.015301070800666988 nan nan nan nan nan nan nan nan nan nan 0.0015946054505776297 0.039661977551524237 0.018169376068341167 0 0.081156948630816753 nan nan nan nan nan nan nan nan nan nan 0 0 0 0 running
5000 8.9798855293625941 0.0018049524389086974 0.25 790.18647999999996 0.0080157358303958037 0.00031312785583324765 0.0085156781127959484 0.0041991038584906206 0 0.015199105517240612 nan nan nan nan nan nan nan nan nan nan 0.0015902865321456572 0.039215631514857102 0.018072853345169199 0 0.080875000370615013 nan nan nan nan nan nan nan nan nan nan 0 0 0 0 running
5020 9.0159846702897095 0.0018049612019520492 0.25 792.90355399999999 0.0079544461444956572 0.00031162717476288751 0.0084283831331025735 0.0041627232299291644 0 0.015096458157627521 nan nan nan nan nan nan nan nan nan nan 0.0015857392343349153 0.038771440936450581 0.017974217766175939 0 0.080580225513681325 nan nan nan nan nan nan nan nan nan nan 0 0 0 0 running
5040 9.0520839856213851 0.0018049698838280186 0.25 795.433581 0.0078929992305559558 0.00031010607544663818 0.0083414806978631632 0.0041263135018315246 0 0.014993140269521086 nan nan nan nan nan nan nan nan nan nan 0.0015809819504989109 0.038329465269235349 0.017873565402715001 0 0.080273679752539351 nan nan nan nan nan nan nan nan nan nan 0 0 0 0 running
5060 9.0881834737591909 0.0018049784868807549 0.25 798.11792100000002 0.0078314002186461243 0.00030856503505603388 0.0082549807972014805 0.0040898831900031797 0 0.014889159884699943 nan nan nan nan nan nan nan nan nan nan 0.0015760300632646218 0.037889759547160388 0.017770992363688967 0 0.079956229058615463 nan nan nan nan nan nan nan nan nan nan 0 0 0 0 running
5080 9.1242831331496639 0.0018049870132717455 0.25 801.21458399999995 0.0077696531372436744 0.00030700446603178254 0.0081688928764517346 0.0040534410691785289 0 0.014784522389816717 nan nan nan nan nan nan nan nan nan nan 0.0015708960426831786 0.037452375196251948 0.01766659391021164 0 0.07962855596318176 nan nan nan nan nan nan nan nan nan nan 0 0 0 0 running
5100 9.1603829622806554 0.0018049954649808398 0.25 804.350728 0.0077077612605025705 0.0003054247221825941 0.0080832259069349311 0.0040169960519185607 0 0.014679231439006854 nan nan nan nan nan nan nan nan nan nan 0.0015655896706163741 0.037017360583314403 0.01756046369370912 0 0.079291174190069091 nan nan nan nan nan nan nan nan nan nan 0 0 0 0 running
5120 9.1964829596777431 0.0018050038438114358 0.25 807.41562599999997 0.0076457274601744261 0.00030382610865564897 0.0079979884476550842 0.0039805570894054752 0 0.014573289872955428 nan nan nan nan nan nan nan nan nan nan 0.00156011835397038 0.036584761409227541 0.0174526931317774 0 0.078944449157778748 nan nan nan nan nan nan nan nan nan nan 0 0 0 0 running
5140 9.2325831239008114 0.0018050121513998804 0.25 810.19949799999995 0.0075835545496698463 0.00030220889468788529 0.007913188697526068 0.0039441330934389465 0 0.014466700612152312 nan nan nan nan nan nan nan nan nan nan 0.0015544874928872243 0.036154621051336606 0.017343370925088107 0 0.078588622112370568 nan nan nan nan nan nan nan nan nan nan 0 0 0 0 running
5160 9.2686834535408291 0.0018050203892290327 0.25 812.89166699999998 0.0075212456018288847 0.00030057332788932089 0.0078288345389349034 0.0039077328768490627 0 0.01435946747671675 nan nan nan nan nan nan nan nan nan nan 0.0015487008742280373 0.035726980945209388 0.017232582710364191 0 0.07822383592088003 nan nan nan nan nan nan nan nan nan nan 0 0 0 0 running
5180 9.3047839472169649 0.0018050285586457776 0.25 815.61294799999996 0.0074588042392023206 0.0002989196491225479 0.0077449335723510249 0.0038713651122451059 0 0.014251595930443804 nan nan nan nan nan nan nan nan nan nan 0.0015427610662107349 0.035301880965651906 0.017120410840103996 0 0.077850160925265047 nan nan nan nan nan nan nan nan nan nan 0 0 0 0 running
5200 9.3408846035740787 0.0018050366608819519 0.25 818.15503899999999 0.0073962348706579041 0.00029724810680930745 0.0076614931457583031 0.0038350382996146111 0 0.014143093681746778 nan nan nan nan nan nan nan nan nan nan 0.0015367728001771663 0.034879359202335827 0.017006934280163068 0 0.077467618844014707 nan nan nan nan nan nan nan nan nan nan 0 0 0 0 running
5220 9.3769854212806578 0.0018050446970778583 0.25 820.59834499999999 0.007333542869509972 0.00029555896977077304 0.0075785203763985565 0.0037987607441300358 0 0.014033971130918694 nan nan nan nan nan nan nan nan nan nan 0.0015307816956401932 0.034459453193923614 0.01689222859167892 0 0.077076204500364287 nan nan nan nan nan nan nan nan nan nan 0 0 0 0 running
5240 9.4130863990272662 0.0018050526683072872 0.25 823.18485499999997 0.0072707347284693986 0.00029385253871740331 0.007496022167267336 0.003762540547059334 0 0.013924241754720987 nan nan nan nan nan nan nan nan nan nan 0.0015246286189179448 0.034042200507811864 0.016776365991300661 0 0.07667590513316469 nan nan nan nan nan nan nan nan nan nan 0 0 0 0 running
5260 9.4491875355254571 0.0018050605756028731 0.25 825.733564 0.0072078181413897276 0.00029212915515907219 0.007414005222721628 0.003726385593750289 0 0.013813922300258789 nan nan nan nan nan nan nan nan nan nan 0.0015183144916427749 0.033627638948092196 0.016659415476105499 0 0.076266715804282917 nan nan nan nan nan nan nan nan nan nan 0 0 0 0 running
5280 9.4852888295072368 0.0018050684199806884 0.25 828.39257699999996 0.00714480204378667 0.00029038920808106014 0.0073324760610772675 0.0036903035451422896 0 0.013703032871987136 nan nan nan nan nan nan nan nan nan nan 0.0015118404058183099 0.033215806609866873 0.016541442993625956 0 0.075848650810519544 nan nan nan nan nan nan nan nan nan nan 0 0 0 0 running
5300 9.5213902797249581 0.0018050762024630163 0.25 831.00589500000001 0.0070816966136309223 0.00028863313833965381 0.0072514410258993096 0.0036543018292392068 0 0.013591596916394111 nan nan nan nan nan nan nan nan nan nan 0.0015052077562250632 0.032806741846933128 0.016422511637929148 0 0.075421751487779923 nan nan nan nan nan nan nan nan nan nan 0 0 0 0 running
5320 9.5574918849516557 0.0018050839240981932 0.25 833.48219099999994 0.0070185133090637604 0.00028686144433697636 0.0071709062964523699 0.0036183876294644691 0 0.013479641304935263 nan nan nan nan nan nan nan nan nan nan 0.0014984183331485101 0.032400483178209677 0.016302681848016733 0 0.074986091005778896 nan nan nan nan nan nan nan nan nan nan 0 0 0 0 running
5340 9.5935936439817535 0.0018050915859764993 0.25 836.04309899999998 0.0069552646239858813 0.00028507467263205424 0.0070908778997848271 0.0035825678776978936 0 0.013367195681645473 nan nan nan nan nan nan nan nan nan nan 0.0014914743795882979 0.031997069201032215 0.016182011625604852 0 0.074541776675797394 nan nan nan nan nan nan nan nan nan nan 0 0 0 0 running
5360 9.6296955556320256 0.0018050991892411773 0.25 838.59120800000005 0.0068919641856725602 0.00028327342601664726 0.0070113617148654297 0.0035468492415033298 0 0.013254292708796103 nan nan nan nan nan nan nan nan nan nan 0.0014843786168212691 0.031596538620312718 0.016060556729728448 0 0.074088951413041601 nan nan nan nan nan nan nan nan nan nan 0 0 0 0 running
5380 9.6657976187427188 0.0018051067350939912 0.25 841.338573 0.0068286266369528958 0.0002814583588570593 0.0069323634829299447 0.003511238110227514 0 0.013140967749772765 nan nan nan nan nan nan nan nan nan nan 0.0014771342444842572 0.031198930172345173 0.015938370835453186 0 0.073627793643857464 nan nan nan nan nan nan nan nan nan nan 0 0 0 0 running
5400 9.7018998321787357 0.0018051142247950021 0.25 843.96256600000004 0.0067652675478634952 0.00027963017361110092 0.0068538888139375127 0.0034757405828898685 0 0.013027258631942318 nan nan nan nan nan nan nan nan nan nan 0.0014697449226673265 0.030804282504374076 0.015815505694738913 0 0.073158516058439066 nan nan nan nan nan nan nan nan nan nan 0 0 0 0 running
5420 9.7380021948307416 0.0018051216596565902 0.25 846.51623900000004 0.0067019033382019156 0.00027778961698334925 0.0067759431902024809 0.0034403624603338975 0 0.012913205439641239 nan nan nan nan nan nan nan nan nan nan 0.0014622147420712273 0.030412633992901422 0.015692011283420383 0 0.072681363775583249 nan nan nan nan nan nan nan nan nan nan 0 0 0 0 running
5440 9.7741047056160912 0.0018051290410319519 0.25 849.10193400000003 0.0066385511699163088 0.00027593747502298343 0.0066985319708719139 0.0034051092281573922 0 0.012798850232243055 nan nan nan nan nan nan nan nan nan nan 0.0014545481873528276 0.030024022500549759 0.015567935934719352 0 0.072196612094218571 nan nan nan nan nan nan nan nan nan nan 0 0 0 0 running
5460 9.8102073634795133 0.0018051363702987061 0.25 851.866131 0.0065752288791264876 0.00027407456864350416 0.0066216603879550862 0.0033699860586356573 0 0.012684236865752135 nan nan nan nan nan nan nan nan nan nan 0.0014467500968917968 0.029638485098585438 0.015443326459813 0 0.071704563925694798 nan nan nan nan nan nan nan nan nan nan 0 0 0 0 running
5480 9.8463101673933462 0.0018051436488384631 0.25 854.57168899999999 0.006511954891223767 0.00027220174859440621 0.0065453335427865401 0.0033349978075778784 0 0.012569410772659632 nan nan nan nan nan nan nan nan nan nan 0.0014388256207394368 0.029256057771331872 0.015318228256551669 0 0.071205546957025856 nan nan nan nan nan nan nan nan nan nan 0 0 0 0 running
5500 9.8824131163573963 0.0018051508780114482 0.25 857.325468 0.0064487481364435828 0.00027031989033866617 0.0064695563981254653 0.0033001490174486003 0 0.012454418744663161 nan nan nan nan nan nan nan nan nan nan 0.0014307801772193152 0.028876775129490401 0.015192685407312998 0 0.070699910563874604 nan nan nan nan nan nan nan nan nan nan 0 0 0 0 running
5520 9.9185162093982093 0.0018051580591303305 0.25 860.00272900000004 0.0063856279627216451 0.00026842988885005496 0.0063943337664162441 0.0032654439259696072 0 0.012339308709820503 nan nan nan nan nan nan nan nan nan nan 0.0014226194080607657 0.028501442634485688 0.015066740766916307 0 0.070188022498365754 nan nan nan nan nan nan nan nan nan nan 0 0 0 0 running
5540 9.9546194455678538 0.0018051651934341084 0.25 862.90787899999998 0.0063226140448176911 0.00026653265335802327 0.0063196702955938249 0.0032308864794336582 0 0.012224129500922568 nan nan nan nan nan nan nan nan nan nan 0.0014143491317406276 0.028133397194157778 0.014940436041661998 0 0.069670265379371848 nan nan nan nan nan nan nan nan nan nan 0 0 0 0 running
5560 9.9907228239421606 0.0018051722820594414 0.25 865.62643800000001 0.0062597262853046178 0.0002646291020118187 0.0062455704514867913 0.0031964803515096298 0 0.012108930603937083 nan nan nan nan nan nan nan nan nan nan 0.0014059752947575832 0.027768867729044053 0.014813811860245569 0 0.069147033043372469 nan nan nan nan nan nan nan nan nan nan 0 0 0 0 running
5580 10.025272474329256 0.0018051790237557631 0.25 868.33677 0.006199681774388368 0.00026280241468058238 0.0061751915038688312 0.0031636998884782492 0 0.011998717361261724 nan nan nan nan nan nan nan nan nan nan 0.0013978704603414271 0.027423339286469197 0.014692374920442839 0 0.068641563113807022 nan nan nan nan nan nan nan nan nan nan 0 0 0 0 running
5600 10.061376128397747 0.001805186025765772 0.25 871.17100500000004 0.0061370988404028728 0.00026088916846418134 0.0061022067848360865 0.003129599589124921 0 0.011883624299556052 nan nan nan nan nan nan nan nan nan nan 0.0013893114649322635 0.027065750101062956 0.014565239285790928 0 0.068108777709368518 nan nan nan nan nan nan nan nan nan nan 0 0 0 0 running
5620 10.097479922052289 0.0018051929846188805 0.25 873.81339600000001 0.0060747011711694068 0.00025897232117981695 0.0060297976322845189 0.003095660122231583 0 0.011768658965796345 nan nan nan nan nan nan nan nan nan nan 0.0013806667798318684 0.026711733448440272 0.014437898577950989 0 0.06757170993023888 nan nan nan nan nan nan nan nan nan nan 0 0 0 0 running
5640 10.133583854435361 0.0018051999008190137 0.25 875.95611299999996 0.0060125084381188318 0.00025705277304731113 0.0059579675853910991 0.0030618843481645701 0 0.011653870556772682 nan nan nan nan nan nan nan nan nan nan 0.0013719423566724565 0.026361307011202633 0.014310389703594693 0 0.067030762679763101 nan nan nan nan nan nan nan nan nan nan 0 0 0 0 running
5660 10.169687924697449 0.0018052067746712236 0.25 878.00286900000003 0.0059505399331493862 0.00025513140642684467 0.0058867198958581285 0.0030282750005060097 0 0.011539307381056307 nan nan nan nan nan nan nan nan nan nan 0.0013631440227926672 0.026014479341093182 0.014182748728677974 0 0.066486333585187782 nan nan nan nan nan nan nan nan nan nan 0 0 0 0 running
5680 10.205792131992981 0.0018052136062757355 0.25 880.15427099999999 0.0058888144244720131 0.00025320908041296004 0.0058160575090280379 0.0029948347222629886 0 0.011425016491408282 nan nan nan nan nan nan nan nan nan nan 0.0013542774503438326 0.025671261052339796 0.014055010908977796 0 0.065938811931866292 nan nan nan nan nan nan nan nan nan nan 0 0 0 0 running
5700 10.24189647547624 0.0018052203955272442 0.25 882.61812599999996 0.0058273500191336975 0.00025128662580111967 0.0057459830471280025 0.0029615660985366252 0 0.011311043334957971 nan nan nan nan nan nan nan nan nan nan 0.0013453481442109172 0.025331660977365448 0.013927210714601707 0 0.065388575428830698 nan nan nan nan nan nan nan nan nan nan 0 0 0 0 running
5720 10.278000954297282 0.0018052271421193978 0.25 884.95194000000004 0.005766164027889059 0.00024936484030389143 0.0056764987955843348 0.0029284716879412155 0 0.011197431408840396 nan nan nan nan nan nan nan nan nan nan 0.0013363614191845008 0.024995686074753738 0.013799381842636408 0 0.064835988774685188 nan nan nan nan nan nan nan nan nan nan 0 0 0 0 running
5740 10.314105567597995 0.0018052338455542243 0.25 887.06470000000002 0.0057052728375533331 0.00024744448411760189 0.0056076066927736356 0.0028955540511530643 0 0.011084221934710189 nan nan nan nan nan nan nan nan nan nan 0.00132732238431299 0.024663341365332041 0.013671557223067669 0 0.064281402860374925 nan nan nan nan nan nan nan nan nan nan 0 0 0 0 running
5760 10.350210314508416 0.00180524050515598 0.25 889.40419499999996 0.0056446917943187092 0.00024552627590628109 0.0055393083234828461 0.0028628157757874216 0 0.010971453561100315 nan nan nan nan nan nan nan nan nan nan 0.0013182359349392381 0.024334629839973546 0.013543769019788434 0 0.063725154505306858 nan nan nan nan nan nan nan nan nan nan 0 0 0 0 running
5780 10.386315194143368 0.0018052471200887472 0.25 891.55247799999995 0.0055844351013041643 0.00024361088926350014 0.0054716049162386073 0.0028302594969122218 0 0.010859162102057146 nan nan nan nan nan nan nan nan nan nan 0.0013091067519704624 0.02400955234521401 0.013416048627629804 0 0.063167566605237521 nan nan nan nan nan nan nan nan nan nan 0 0 0 0 running
5800 10.422420205599428 0.001805253689376965 0.25 893.93357800000001 0.0055245157332462604 0.00024169894970594013 0.0054044973446391734 0.0027978879126489063 0 0.010747380319509477 nan nan nan nan nan nan nan nan nan nan 0.0012999393104566326 0.023688109593546336 0.0132884266672934 0 0.062608948338297915 nan nan nan nan nan nan nan nan nan nan 0 0 0 0 running
5820 10.458525347952415 0.0018052602119280651 0.25 896.14216699999997 0.0054649453703576349 0.00023979103221969552 0.0053379861321524082 0.0027657037944696342 0 0.010636137754844968 nan nan nan nan nan nan nan nan nan nan 0.0012907378899025546 0.023370297426683919 0.013160932976073762 0 0.06204959569644318 nan nan nan nan nan nan nan nan nan nan 0 0 0 0 running
5840 10.494630620255272 0.0018052666865563151 0.25 898.29199100000005 0.0054057343545523906 0.00023788765948598256 0.0052720714607465266 0.0027337099920553107 0 0.010525460617641537 nan nan nan nan nan nan nan nan nan nan 0.0012815065590556785 0.023056107672539416 0.013033596593503085 0 0.061489793711375244 nan nan nan nan nan nan nan nan nan nan 0 0 0 0 running
5860 10.530736021536454 0.0018052731120070254 0.25 900.46359900000004 0.0053468916660242179 0.00023598930065902031 0.0052067531831534253 0.0027019094325111126 0 0.010415371726405151 nan nan nan nan nan nan nan nan nan nan 0.0012722492096862714 0.022745531031426385 0.012906445756305195 0 0.060929815364903002 nan nan nan nan nan nan nan nan nan nan 0 0 0 0 running
5880 10.566841550798829 0.0018052794869802993 0.25 902.76198299999999 0.0052884249273731209 0.00023409637089507828 0.0051420308370418999 0.0026703051149379775 0 0.01030589052025525 nan nan nan nan nan nan nan nan nan nan 0.0012629695692068232 0.022438555479370948 0.012779507885874102 0 0.060369921519025649 nan nan nan nan nan nan nan nan nan nan 0 0 0 0 running
5900 10.602947207018977 0.0018052858101536417 0.25 904.85373100000004 0.0052303404231880627 0.00023220923139074051 0.0050779036632828557 0.0026389000987609478 0 0.010197033109694718 nan nan nan nan nan nan nan nan nan nan 0.0012536712047933052 0.022135166159442873 0.01265280957123807 0 0.059810360837110652 nan nan nan nan nan nan nan nan nan nan 0 0 0 0 running
5920 10.639052989146981 0.0018052920802028262 0.25 906.87391400000001 0.0051726431456205792 0.00023032819015568747 0.0050143706253623996 0.0026076974883380392 0 0.010088812394197623 nan nan nan nan nan nan nan nan nan nan 0.0012443575207729818 0.021835345305575682 0.012526376548369158 0 0.059251369486625426 nan nan nan nan nan nan nan nan nan nan 0 0 0 0 running
5940 10.67515889610659 0.0018052982958205533 0.25 909.07707900000003 0.0051153368586846692 0.00022845350339315021 0.0049514304307719768 0.0025767004133850032 0 0.00998123822753289 nan nan nan nan nan nan nan nan nan nan 0.0012350317495696816 0.021539072217874523 0.012400233676887817 0 0.058693170578322164 nan nan nan nan nan nan nan nan nan nan 0 0 0 0 running
5960 10.711264926795725 0.0018053044557325513 0.25 911.16912600000001 0.0050584241807317366 0.00022658537749874452 0.0048890815537423939 0.0025459120062469157 0 0.0098743176293385002 nan nan nan nan nan nan nan nan nan nan 0.00122569690979904 0.021246323310584649 0.012274404912701939 0 0.058135975048373228 nan nan nan nan nan nan nan nan nan nan 0 0 0 0 running
5980 10.747371080087289 0.0018053105587109584 0.25 913.12396699999999 0.0050019066817266139 0.0002247239716243885 0.004827322258279078 0.0025153353767434438 0 0.0097680550345148245 nan nan nan nan nan nan nan nan nan nan 0.001216355710844913 0.02095707229485181 0.012148913278490546 0 0.057579985387064311 nan nan nan nan nan nan nan nan nan nan 0 0 0 0 running
6000 10.783477354830225 0.0018053166035849149 0.25 915.25393399999996 0.0049457849949838375 0.00022286940089853361 0.0047661506215897842 0.002484973585704557 0 0.009662452579125522 nan nan nan nan nan nan nan nan nan nan 0.0012070108113218514 0.020671290280251234 0.012023780862720724 0 0.057025376968330023 nan nan nan nan nan nan nan nan nan nan 0 0 0 0 running
6020 10.819583749850711 0.0018053225892484513 0.25 917.25769600000001 0.0048900589377980129 0.00022102174008144915 0.0047055645569380978 0.0024548296180112845 0 0.0095575104087374692 nan nan nan nan nan nan nan nan nan nan 0.0011976646542160574 0.020388945963488055 0.011899028778729965 0 0.056472305923578339 nan nan nan nan nan nan nan nan nan nan 0 0 0 0 running
6040 10.855690263953543 0.0018053285146658099 0.25 919.41487199999995 0.0048347276399382366 0.00021918102771663084 0.0046455618378660381 0.0024249063558102243 0 0.0094532270053731774 nan nan nan nan nan nan nan nan nan nan 0.0011883194136360908 0.020112520635338259 0.011774677131272452 0 0.055920910256397047 nan nan nan nan nan nan nan nan nan nan 0 0 0 0 running
6060 10.891796895923573 0.001805334378874455 0.25 921.40344800000003 0.0047797896768257296 0.00021734727071873847 0.0045861401182520703 0.0023952065534481154 0 0.0093495995272224498 nan nan nan nan nan nan nan nan nan nan 0.0011791193141862666 0.019874108489224895 0.0116507449904159 0 0.055371309295875457 nan nan nan nan nan nan nan nan nan nan 0 0 0 0 running
6080 10.927903644527168 0.0018053401809860754 0.25 923.45605 0.0047252432022738813 0.00021552044929896646 0.0045272969521241322 0.0023657328148600039 0 0.0092466241458758185 nan nan nan nan nan nan nan nan nan nan 0.001170017958136732 0.019647428294698142 0.01152725037199253 0 0.054823603311559777 nan nan nan nan nan nan nan nan nan nan 0 0 0 0 running
6100 10.96401050851372 0.0018053459201859124 0.25 925.52466500000003 0.0046710860796497153 0.00021370052214404086 0.0044690298119238383 0.0023364875734868157 0 0.0091442963788035524 nan nan nan nan nan nan nan nan nan nan 0.0011609299184710264 0.019422263256695188 0.011404210225557321 0 0.054277873428966956 nan nan nan nan nan nan nan nan nan nan 0 0 0 0 running
6120 11.000117486617068 0.001805351595730814 0.25 927.59976900000004 0.0046173160067799184 0.00021188743172635864 0.0044113361031733935 0.002307473075424055 0 0.0090426114059843736 nan nan nan nan nan nan nan nan nan nan 0.001151855999877105 0.019198638197696086 0.01128164043039959 0 0.053734181965424968 nan nan nan nan nan nan nan nan nan nan 0 0 0 0 running
6140 11.036224577556922 0.0018053572069463672 0.25 929.56183399999998 0.004563930635100545 0.00021008110968751372 0.0043542131813267175 0.002278691366254085 0 0.0089415643690753891 nan nan nan nan nan nan nan nan nan nan 0.0011427967638883707 0.01897657498736139 0.011159555799987481 0 0.053192573296082374 nan nan nan nan nan nan nan nan nan nan 0 0 0 0 running
6160 11.072331780040189 0.001805362753223653 0.25 931.61341000000004 0.0045109276798409844 0.00020828148220415564 0.004297658361115445 0.0022501442826297017 0 0.0088411506494591556 nan nan nan nan nan nan nan nan nan nan 0.0011337525467549625 0.018756092688715156 0.011037970094129813 0 0.052653075061805645 nan nan nan nan nan nan nan nan nan nan 0 0 0 0 running
6180 11.108439092762268 0.0018053682340150848 0.25 933.822857 0.004458305012172095 0.0002064884750558098 0.0042416689251442751 0.0022218334489134115 0 0.0087413660987409846 nan nan nan nan nan nan nan nan nan nan 0.0011247234662224437 0.018537207767859921 0.01091689603252336 0 0.052115698789885034 nan nan nan nan nan nan nan nan nan nan 0 0 0 0 running
6200 11.144546514408187 0.0018053736488292576 0.25 936.19660099999999 0.0044060607394637592 0.00020470201842906423 0.0041862421305358458 0.0021937602777338779 0 0.0086422072383873332 nan nan nan nan nan nan nan nan nan nan 0.0011157096405025602 0.018319937661324483 0.010796345344908096 0 0.051580448578683297 nan nan nan nan nan nan nan nan nan nan 0 0 0 0 running
6220 11.180654043653714 0.001805378997228689 0.25 938.57862799999998 0.0043541932680279125 0.00020292205125346335 0.0041313752129998361 0.0021659259739096599 0 0.0085436714147237146 nan nan nan nan nan nan nan nan nan nan 0.0011067109810796449 0.018104294544806949 0.010676328852938477 0 0.051047317180394347 nan nan nan nan nan nan nan nan nan nan 0 0 0 0 running
6240 11.216761679166442 0.0018053842788300256 0.25 941.08950400000003 0.0043027013515429154 0.0002011485250907218 0.0040770653886247751 0.0021383315417681514 0 0.0084457569174146447 nan nan nan nan nan nan nan nan nan nan 0.0010977271695232216 0.017890284158776013 0.01055685648364723 0 0.050516288332368924 nan nan nan nan nan nan nan nan nan nan 0 0 0 0 running
6260 11.252869419606844 0.001805389493300889 0.25 943.37333699999999 0.0042515841223168946 0.00019938140737472282 0.0040233098551056721 0.0021109777959926542 0 0.0083484630534436961 nan nan nan nan nan nan nan nan nan nan 0.001088758033162357 0.017677915177082639 0.010437937290207996 0 0.049987347075078528 nan nan nan nan nan nan nan nan nan nan 0 0 0 0 running
6280 11.288977263629219 0.001805394640354364 0.25 945.42625499999997 0.0042008411027314122 0.00019762068392069511 0.00397010579039744 0.0020838653754486998 0 0.008251790171067962 nan nan nan nan nan nan nan nan nan nan 0.0010798034413794788 0.01746719523334957 0.010319579526272136 0 0.049460479674445577 nan nan nan nan nan nan nan nan nan nan 0 0 0 0 running
6300 11.32508520988258 0.0018053997197448961 0.25 947.61505899999997 0.0041504722053340151 0.00019586636083265442 0.0039174503500875903 0.0020569947588783824 0 0.0081557396550828339 nan nan nan nan nan nan nan nan nan nan 0.0010708633470981332 0.017258131195590651 0.010201790728372179 0 0.048935676424173097 nan nan nan nan nan nan nan nan nan nan 0 0 0 0 running
6320 11.361193257011443 0.001805404731267473 0.25 949.63001299999996 0.0041004777147236006 0.00019411846558709125 0.0038653406636798078 0.0020303662818519758 0 0.0080603138761008841 nan nan nan nan nan nan nan nan nan nan 0.0010619378227554044 0.017050729408572357 0.010084577803037216 0 0.048412934081385799 nan nan nan nan nan nan nan nan nan nan 0 0 0 0 running
6340 11.397301403656687 0.0018054096747614802 0.25 951.60425399999997 0.004050858255205193 0.00019237704736800484 0.0038137738298553514 0.002003980154285928 0 0.0079655161042084949 nan nan nan nan nan nan nan nan nan nan 0.0010530270899435645 0.016844995900098979 0.0099679471158158738 0 0.047892257885240826 nan nan nan nan nan nan nan nan nan nan 0 0 0 0 running
6360 11.433409648456468 0.0018054145501135764 0.25 953.63421500000004 0.0040016147581983085 0.00019064217690169857 0.0037627469186215451 0.001977836477385253 0 0.0078713504191254939 nan nan nan nan nan nan nan nan nan nan 0.0010441315419075226 0.016640936548395862 0.0098519045796321494 0 0.047373663103360879 nan nan nan nan nan nan nan nan nan nan 0 0 0 0 running
6380 11.469517990047162 0.0018054193572550094 0.25 955.64602000000002 0.0039527484135549618 0.0001889139455582458 0.0037122569606661058 0.0019519352609051964 0 0.007777821585810577 nan nan nan nan nan nan nan nan nan nan 0.0010352517580409226 0.016438557205518189 0.009736455740540861 0 0.046857176047520703 nan nan nan nan nan nan nan nan nan nan 0 0 0 0 running
6400 11.505626427064191 0.0018054240961579648 0.25 957.69104000000004 0.0039042606148087331 0.00018719246384934829 0.0036623009463308482 0.001926276439404222 0 0.0076849349106359851 nan nan nan nan nan nan nan nan nan nan 0.0010263885093540204 0.01623786377268711 0.009621605859259582 0 0.046342834493211228 nan nan nan nan nan nan nan nan nan nan 0 0 0 0 running
6420 11.541734958142852 0.0018054287668352602 0.25 959.77531199999999 0.0038561529033737966 0.00018547785952903207 0.0036128758235585393 0.0019008598867034595 0 0.0075926960962021421 nan nan nan nan nan nan nan nan nan nan 0.0010175427662058867 0.016038862259923781 0.0095073599856570386 0 0.045830688211899472 nan nan nan nan nan nan nan nan nan nan 0 0 0 0 running
6440 11.577843581919142 0.0018054333693420402 0.25 961.76152500000001 0.0038084269119245989 0.00018377027527870633 0.0035639784958706594 0.0018756854282074454 0 0.007501111094942098 nan nan nan nan nan nan nan nan nan nan 0.00100871581526224 0.01584155913895386 0.0093937230189077119 0 0.045320806276577218 nan nan nan nan nan nan nan nan nan nan 0 0 0 0 running
6460 11.613952297030615 0.0018054379037770389 0.25 963.75327000000004 0.0037610843093100962 0.00018206986617237336 0.0035156058190063126 0.0018507528510852502 0 0.0074101859681180576 nan nan nan nan nan nan nan nan nan nan 0.00099990897066126738 0.015645960550935405 0.0092806997937614748 0 0.044813258959961973 nan nan nan nan nan nan nan nan nan nan 0 0 0 0 running
6480 11.650061102117261 0.0018054423702827842 0.25 965.91850799999997 0.0037141267513952558 0.00018037679712144762 0.0034677546043536947 0.0018260619124876773 0 0.0073199267574173979 nan nan nan nan nan nan nan nan nan nan 0.00099112361555042661 0.015452072374006641 0.009168295126029815 0 0.044308120347885491 nan nan nan nan nan nan nan nan nan nan 0 0 0 0 running
6500 11.686169995822368 0.0018054467690453229 0.25 967.96625500000005 0.0036675558341332007 0.00017869124008715182 0.0034204216188961183 0.0018016123459230844 0 0.0072303393645903021 nan nan nan nan nan nan nan nan nan nan 0.00098236123638489881 0.015259900286993059 0.0090565138443503921 0 0.043805470471043557 nan nan nan nan nan nan nan nan nan nan 0 0 0 0 running
6520 11.722278976793412 0.0018054511002936085 0.25 969.958124 0.0036213730533844984 0.00017701337140400296 0.0033736035873345904 0.0017774038658758715 0 0.0071414294478300139 nan nan nan nan nan nan nan nan nan nan 0.00097362340013459892 0.015069449673482706 0.008945360818301629 0 0.04330539385680101 nan nan nan nan nan nan nan nan nan nan 0 0 0 0 running
6540 11.758388043682872 0.0018054553642978437 0.25 972.01817600000004 0.0035755797713667007 0.00017534336922220143 0.0033272971950326501 0.0017534361706003695 0 0.0070532023352135381 nan nan nan nan nan nan nan nan nan nan 0.00096491173001228558 0.014880725521500437 0.008834840980851676 0 0.04280797799078636 nan nan nan nan nan nan nan nan nan nan 0 0 0 0 running
6560 11.794497195149061 0.0018054595613679796 0.25 973.95719499999996 0.0035301771902928208 0.00017368141113954284 0.0032814990917026856 0.0017297089432553319 0 0.0069656629565691824 nan nan nan nan nan nan nan nan nan nan 0.00095622788020244265 0.014693732320044823 0.0087249593461237382 0 0.04231331171444741 nan nan nan nan nan nan nan nan nan nan 0 0 0 0 running
6580 11.830606429856909 0.0018054636918542681 0.25 975.85844099999997 0.0034851663334639293 0.00017202767207902985 0.0032362058957469833 0.0017062218516954583 0 0.0068788157943588295 nan nan nan nan nan nan nan nan nan nan 0.00094757350922874961 0.01450847395046866 0.0086157210233721356 0 0.041821483534695766 nan nan nan nan nan nan nan nan nan nan 0 0 0 0 running
6600 11.866715746478775 0.0018054677561481047 0.25 977.94923700000004 0.0034405480338852404 0.00017038232246523958 0.0031914141991376196 0.0016829745471939512 0 0.006792664853692505 nan nan nan nan nan nan nan nan nan nan 0.00093895025233034501 0.014324953573062319 0.0085071312271067442 0 0.041332579871586374 nan nan nan nan nan nan nan nan nan nan 0 0 0 0 running
6620 11.902825143695274 0.0018054717546802115 0.25 979.95140700000002 0.0033963229276279313 0.00016874552668635592 0.0031471205691358676 0.0016599666624539273 0 0.0067072136460487562 nan nan nan nan nan nan nan nan nan nan 0.00093035969413607367 0.014143173514542844 0.0083991952829076677 0 0.040846683325901814 nan nan nan nan nan nan nan nan nan nan 0 0 0 0 running
6640 11.93893462019601 0.0018054756879167825 0.25 981.91434300000003 0.0033524914554119087 0.00016711744187588985 0.0031033215620905434 0.0016371978087809773 0 0.006622465188346166 nan nan nan nan nan nan nan nan nan nan 0.00092180334392802377 0.01396313516808372 0.0082919186284985593 0 0.040363871122547759 nan nan nan nan nan nan nan nan nan nan 0 0 0 0 running
6660 11.975044174680253 0.0018054795563562502 0.25 983.92177000000004 0.0033090538788435623 0.00016549821730934782 0.0030600137251659441 0.001614667572965337 0 0.0065384220448152343 nan nan nan nan nan nan nan nan nan nan 0.00091328261550099876 0.013784838916409688 0.0081853068107635256 0 0.039884213859277873 nan nan nan nan nan nan nan nan nan nan 0 0 0 0 running
6680 12.011153805857569 0.0018054833605276879 0.25 985.990183 0.00326601028490618 0.00016388799371057242 0.0030171935981323037 0.001592375515227724 0 0.00645508633876999 nan nan nan nan nan nan nan nan nan nan 0.00090479881311691934 0.013608284085888208 0.0080793654800292245 0 0.039407774665126863 nan nan nan nan nan nan nan nan nan nan 0 0 0 0 running
6700 12.047263512448414 0.001805487100989893 0.25 987.91577199999995 0.0032233605991540061 0.00016228690294876425 0.0029748577207004056 0.0015703211670374203 0 0.0063724597837857781 nan nan nan nan nan nan nan nan nan nan 0.00089635312541316847 0.013433468942442305 0.0079741003827373692 0 0.038934608886289974 nan nan nan nan nan nan nan nan nan nan 0 0 0 0 running
6720 12.083373293184723 0.0018054907783301021 0.25 989.88125300000002 0.0031811046022121457 0.0001606950680257198 0.0029330026373146716 0.0015485040291107869 0 0.0062905437243152146 nan nan nan nan nan nan nan nan nan nan 0.00088794662549240844 0.0132603907190482 0.0078695173547156713 0 0.038464764180439107 nan nan nan nan nan nan nan nan nan nan 0 0 0 0 running
6740 12.119483146810456 0.0018054943931621133 0.25 991.88049799999999 0.0031392419488056249 0.00015911260329843412 0.0028916249016342627 0.0015269235695385835 0 0.0062093391827321267 nan nan nan nan nan nan nan nan nan nan 0.00087958027376749959 0.013089045656012615 0.0077656223168141129 0 0.037998280787783632 nan nan nan nan nan nan nan nan nan nan 0 0 0 0 running
6760 12.155593072082116 0.0018054979461241659 0.25 993.90308100000004 0.0030977721877117246 0.00015753961487847487 0.0028507210804806916 0.0015055792221375483 0 0.0061288469088170289 nan nan nan nan nan nan nan nan nan nan 0.00087125492251916015 0.012919429048788523 0.0076624212727464253 0 0.037535191916103341 nan nan nan nan nan nan nan nan nan nan 0 0 0 0 running
6780 12.1917030677692 0.0018055014378769226 0.25 995.89908000000003 0.0030566947812192204 0.00015597620115332739 0.0028102877572380148 0.0014844703852965712 0 0.0060490674280448747 nan nan nan nan nan nan nan nan nan nan 0.00086297132334495208 0.012751535311131726 0.0075599203080092912 0 0.037075524316340661 nan nan nan nan nan nan nan nan nan nan 0 0 0 0 running
6800 12.227813132654653 0.001805504869101682 0.25 997.90514299999995 0.003016009123060809 0.00015442245338546853 0.0027703215347094417 0.0014635964216398788 0 0.0059700010859888991 nan nan nan nan nan nan nan nan nan nan 0.00085473013834161393 0.012585358059503463 0.0074581255897769863 0 0.036619299108427435 nan nan nan nan nan nan nan nan nan nan 0 0 0 0 running
6820 12.263923265535229 0.0018055082404989046 0.25 999.90847099999996 0.0029757145543209754 0.00015287845635386649 0.0027308190374434578 0.0014429566585161203 0 0.0058916480875856499 nan nan nan nan nan nan nan nan nan nan 0.00084653195396866554 0.012420890212798869 0.0073570433679447083 0 0.036166532782043681 nan nan nan nan nan nan nan nan nan nan 0 0 0 0 running
6840 12.300033465221894 0.0018055115527864131 0.25 1002.3073450000001 0.0029358103770469142 0.00015134428900426261 0.0026917769134888608 0.0014225503890324138 0 0.0058140085306731043 nan nan nan nan nan nan nan nan nan nan 0.00083837729491442747 0.012258124093427488 0.0072566799779902828 0 0.035717238193229056 nan nan nan nan nan nan nan nan nan nan 0 0 0 0 running
6860 12.336143730540124 0.0018055148066969972 0.25 1004.571189 0.0028962958657592023 0.00014982002509050896 0.002653191835246059 0.0014023768733705212 0 0.0057370824345280491 nan nan nan nan nan nan nan nan nan nan 0.00083026663541432844 0.012097051514715632 0.0071570418457876563 0 0.035271425386760313 nan nan nan nan nan nan nan nan nan nan 0 0 0 0 running
6880 12.372254060330185 0.0018055180029766856 0.25 1006.6656379999999 0.0028571702758292262 0.00014830573373352795 0.0026150605006321857 0.0013824353403185375 0 0.0056608697602597924 nan nan nan nan nan nan nan nan nan nan 0.00082220040704869546 0.011937663849153356 0.0070581354929947302 0 0.03482910218180011 nan nan nan nan nan nan nan nan nan nan 0 0 0 0 running
6900 12.408364453447414 0.0018055211423845252 0.25 1008.702276 0.0028184328488738055 0.00014680147990932268 0.0025773796338848633 0.0013627249892886487 0 0.0055853704237010795 nan nan nan nan nan nan nan nan nan nan 0.00081417900360758466 0.011779952080502098 0.0069599675418642142 0 0.034390274560268275 nan nan nan nan nan nan nan nan nan nan 0 0 0 0 running
6920 12.44447490876245 0.0018055242256924582 0.25 1010.700928 0.0027800828173677851 0.00014530732491469154 0.0025401459842666774 0.0013432449924198689 0 0.0055105843072578943 nan nan nan nan nan nan nan nan nan nan 0.00080620278483761743 0.011623906848886666 0.0068625447186593047 0 0.03395494697730974 nan nan nan nan nan nan nan nan nan nan 0 0 0 0 running
6940 12.480585425161514 0.0018055272536837005 0.25 1012.782908 0.0027421194064972503 0.00014382332672147535 0.0025033563260781692 0.0013239944964357746 0 0.005436511264241722 nan nan nan nan nan nan nan nan nan nan 0.00079827208035257446 0.011469518497337067 0.0067658738554359698 0 0.033523122684903393 nan nan nan nan nan nan nan nan nan nan 0 0 0 0 running
6960 12.516249766398051 0.0018055301907349758 0.25 1014.73144 0.0027050038456478093 0.00014236768996776409 0.0024674539603707561 0.0013052062950630232 0 0.0053640533131652374 nan nan nan nan nan nan nan nan nan nan 0.00079048435081616186 0.011318654607659373 0.006671142459193034 0 0.033100075636780704 nan nan nan nan nan nan nan nan nan nan 0 0 0 0 running
6980 12.552360400965602 0.0018055331111328351 0.25 1016.849102 0.0026678065587364156 0.00014090403999932692 0.0024315373051988515 0.0012864093414269456 0 0.0052913970334319887 nan nan nan nan nan nan nan nan nan nan 0.00078264499651067854 0.011167529950338168 0.0065759869310668215 0 0.032675221438342283 nan nan nan nan nan nan nan nan nan nan 0 0 0 0 running
7000 12.588471093383951 0.0018055359785952073 0.25 1019.11885 0.0026309935112424593 0.00013945070224628771 0.0023960551436136438 0.0012678392083666477 0 0.0052194531584384852 nan nan nan nan nan nan nan nan nan nan 0.00077485201103152934 0.011018032066582516 0.0064816044128381007 0 0.032253876913521926 nan nan nan nan nan nan nan nan nan nan 0 0 0 0 running
7020 12.624581842602831 0.0018055387939265696 0.25 1021.036042 0.0025945638841015587 0.000138007723423933 0.0023610043411944953 0.0012494949611394288 0 0.0051482213874933644 nan nan nan nan nan nan nan nan nan nan 0.00076710565192286695 0.010870150624032094 0.0063880021646653407 0 0.031836044257265092 nan nan nan nan nan nan nan nan nan nan 0 0 0 0 running
7040 12.660692647588087 0.0018055415579327088 0.25 1023.000869 0.0025585168370732209 0.00013657514751881119 0.0023263817814320334 0.0012313756499531434 0 0.0050777013571831498 nan nan nan nan nan nan nan nan nan nan 0.00075940616894787372 0.010723875239483595 0.0062951875527971811 0 0.031421726201163486 nan nan nan nan nan nan nan nan nan nan 0 0 0 0 running
7060 12.696803507321684 0.0018055442714212313 0.25 1025.0149530000001 0.0025228515006698619 0.00013515301568328597 0.0022921843649081107 0.0012134803114879026 0 0.0050078926211945289 nan nan nan nan nan nan nan nan nan nan 0.0007517538041301175 0.010579195502568462 0.0062031680462076508 0 0.031010926045891785 nan nan nan nan nan nan nan nan nan nan 0 0 0 0 running
7080 12.732914420801764 0.0018055469352009261 0.25 1027.34428 0.0024875669708217607 0.00013374136614031386 0.0022584090077097563 0.0011958079707500287 0 0.004938794637316459 nan nan nan nan nan nan nan nan nan nan 0.00074414878642020676 0.010436100968166667 0.0061119512112502638 0 0.030603647331618227 nan nan nan nan nan nan nan nan nan nan 0 0 0 0 running
7100 12.769025387042626 0.0018055495500782905 0.25 1029.3414049999999 0.0024526623048133755 0.00013234023409288136 0.0022250526399272392 0.0011783576420274751 0 0.0048704067578315075 nan nan nan nan nan nan nan nan nan nan 0.00073659132537320926 0.010294581141753818 0.0060215447024632492 0 0.030199893445281123 nan nan nan nan nan nan nan nan nan nan 0 0 0 0 running
7120 12.805136405074652 0.0018055521168549808 0.25 1031.3741680000001 0.0024181365186545364 0.00013094965163973772 0.0021921122041677894 0.0011611283292723863 0 0.0048027282236546131 nan nan nan nan nan nan nan nan nan nan 0.00072908160840884362 0.010154625483260883 0.0059319562481206789 0 0.029799667461378902 nan nan nan nan nan nan nan nan nan nan 0 0 0 0 running
7140 12.841247473944199 0.0018055546363272669 0.25 1033.353721 0.0023839885852394056 0.00012956964769291938 0.0021595846540743515 0.0011441190260721113 0 0.0047357581605506436 nan nan nan nan nan nan nan nan nan nan 0.00072161980240800783 0.010016223433272289 0.005843193632281184 0 0.029402972270030699 nan nan nan nan nan nan nan nan nan nan 0 0 0 0 running
7160 12.877358592713477 0.0018055571092851915 0.25 1035.3353729999999 0.0023502174329737414 0.00012820024789046331 0.0021274669528116383 0.001127328715511577 0 0.0046694955765678395 nan nan nan nan nan nan nan nan nan nan 0.00071420605721042585 0.0098793644470655754 0.0057552646750223214 0 0.029009810816576043 nan nan nan nan nan nan nan nan nan nan 0 0 0 0 running
7180 12.913469760460444 0.0018055595365118135 0.25 1037.288141 0.0023168219446432631 0.00012684147451570926 0.0020957560715861856 0.0011107563701133407 0 0.0046039393600380866 nan nan nan nan nan nan nan nan nan nan 0.00070684050723876513 0.0097440380160500537 0.0056681772127070516 0 0.028620186209805776 nan nan nan nan nan nan nan nan nan nan 0 0 0 0 running
7200 12.949580976278616 0.0018055619187822265 0.25 1039.398942 0.0022838009566845739 0.0001254933464317162 0.0020644489882271776 0.0010944009517912814 0 0.0045390882785526837 nan nan nan nan nan nan nan nan nan nan 0.00069952326941977172 0.0096102336650852344 0.0055819390778216512 0 0.028234101571544618 nan nan nan nan nan nan nan nan nan nan 0 0 0 0 running
7220 12.985692239276938 0.0018055642568620678 0.25 1041.3280460000001 0.0022511532620118897 0.00012415587923512926 0.0020335426912239428 0.0010782614113797114 0 0.0044749409844917869 nan nan nan nan nan nan nan nan nan nan 0.00069225476034012745 0.009477948936481774 0.0054965580998364598 0 0.027851565012700349 nan nan nan nan nan nan nan nan nan nan 0 0 0 0 running
7240 13.021803548579532 0.0018055665515063204 0.25 1043.365886 0.0022188776024591895 0.00012282908461365706 0.0020030341629791435 0.0010623366878546709 0 0.0044114960039678816 nan nan nan nan nan nan nan nan nan nan 0.00068503472980055435 0.0093471651580387637 0.0054120421117596924 0 0.027472572037817937 nan nan nan nan nan nan nan nan nan nan 0 0 0 0 running
7260 13.057914903325521 0.0018055688034587201 0.25 1045.314022 0.0021869726776891072 0.00012151297104781553 0.0019729203932598114 0.001046625707664364 0 0.0043487517533858005 nan nan nan nan nan nan nan nan nan nan 0.00067786319149321095 0.0092178711753767711 0.0053283988474208937 0 0.027097123012600272 nan nan nan nan nan nan nan nan nan nan 0 0 0 0 running
7280 13.09402630266878 0.0018055710134519799 0.25 1047.2767019999999 0.0021554371455526286 0.00012020754362012314 0.0019431983737985257 0.0010311273834346314 0 0.0042867065432328289 nan nan nan nan nan nan nan nan nan nan 0.00067074015057030922 0.0090900563187090062 0.0052456359067572927 0 0.026725218084563518 nan nan nan nan nan nan nan nan nan nan 0 0 0 0 running
7300 13.130137745777724 0.001805573182208412 0.25 1049.2167030000001 0.0021242696243005108 0.00011891280405852518 0.0019138650969835694 0.0010158406125781614 0 0.0042253585846700643 nan nan nan nan nan nan nan nan nan nan 0.00066366558766539629 0.0089637099872513833 0.005163760733316103 0 0.026356856871232071 nan nan nan nan nan nan nan nan nan nan 0 0 0 0 running
7320 13.166249231835108 0.001805575310440104 0.25 1051.1092149999999 0.0020934686950073523 0.00011762875080600476 0.0018849175548575649 0.001000764275758825 0 0.0041647059965401459 nan nan nan nan nan nan nan nan nan nan 0.00065663946090649405 0.0088388216485682097 0.0050827805936806379 0 0.025992038548008023 nan nan nan nan nan nan nan nan nan nan 0 0 0 0 running
7340 13.202360760037827 0.0018055773988484341 0.25 1053.1271039999999 0.0020630329038822809 0.00011635537910463694 0.0018563527381462136 0.00098589723521498021 0 0.0041047468120982457 nan nan nan nan nan nan nan nan nan nan 0.00064966170870434103 0.0087153808379356722 0.0050027025585776142 0 0.025630761978168166 nan nan nan nan nan nan nan nan nan nan 0 0 0 0 running
7360 13.238472329596675 0.0018055794481234332 0.25 1055.0427979999999 0.002032960762485621 0.00011509268106143171 0.0018281676291964084 0.00097123833294108402 0 0.0040454789832578397 nan nan nan nan nan nan nan nan nan nan 0.00064273225226019193 0.0085933771542374936 0.0049235334841008453 0 0.025273025818896188 nan nan nan nan nan nan nan nan nan nan 0 0 0 0 running
7380 13.274583939736132 0.0018055814589435766 0.25 1056.9718580000001 0.0020032507393612335 0.00011384064549057615 0.0018003592041932819 0.00095678638862627216 0 0.0039869003591269945 nan nan nan nan nan nan nan nan nan nan 0.00063585099704327463 0.0084728002489994278 0.0048452799928877591 0 0.024918828548249936 nan nan nan nan nan nan nan nan nan nan 0 0 0 0 running
7400 13.31069558969412 0.0018055834319761588 0.25 1058.916682 0.0019739012904807819 0.00011259925863247076 0.0017729244596354657 0.00094254019636502706 0 0.0039290087513807305 nan nan nan nan nan nan nan nan nan nan 0.0006290178344093289 0.0083536398182292894 0.0047679484529194278 0 0.024568168509955988 nan nan nan nan nan nan nan nan nan nan 0 0 0 0 running
7420 13.3468072787218 0.0018055853678779765 0.25 1060.9818620000001 0.0019449108735095867 0.00011136850532562467 0.001745860376396989 0.00092849852313590996 0 0.0038718019866932829 nan nan nan nan nan nan nan nan nan nan 0.00062223264526706235 0.0082358856049601532 0.0046915449531453107 0 0.024221044083464018 nan nan nan nan nan nan nan nan nan nan 0 0 0 0 running
7440 13.38291900608337 0.0018055872672960703 0.25 1062.9843350000001 0.0019162778928658488 0.00011014836664501685 0.001719163926154068 0.00091466010682315804 0 0.0038152777663957968 nan nan nan nan nan nan nan nan nan nan 0.00061549529621923726 0.0081195273561288986 0.0046160752802802919 0 0.023877453341445747 nan nan nan nan nan nan nan nan nan nan 0 0 0 0 running
7460 13.419030771055867 0.0018055891308683359 0.25 1065.072136 0.0018880006964492912 0.0001089388193708005 0.0016928320667788017 0.0009010236570111545 0 0.003759433660246021 nan nan nan nan nan nan nan nan nan nan 0.00060880563610626881 0.0080045547803954224 0.0045415448930945339 0 0.023537393741048424 nan nan nan nan nan nan nan nan nan nan 0 0 0 0 running
7480 13.455142572928999 0.001805590959223997 0.25 1067.0835689999999 0.0018600776398942809 0.00010773983937788251 0.0016668617529750514 0.00088758785185668731 0 0.003704267263695965 nan nan nan nan nan nan nan nan nan nan 0.00060216349909653077 0.0078909575531246855 0.0044679588924835872 0 0.023200862256827149 nan nan nan nan nan nan nan nan nan nan 0 0 0 0 running
7500 13.491254411004961 0.0018055927529840169 0.25 1069.108502 0.0018325070520607385 0.00010655140017467324 0.0016412499303761919 0.00087435133638071472 0 0.0036497761143653609 nan nan nan nan nan nan nan nan nan nan 0.00059556871228283459 0.007778725344283045 0.0043953219929833004 0 0.022867855811124431 nan nan nan nan nan nan nan nan nan nan 0 0 0 0 running
7520 13.527366284598292 0.0018055945127614795 0.25 1071.0067790000001 0.0018052872353363566 0.00010537347301432206 0.0016159935321929735 0.000861312719950069 0 0.0035959576949526981 nan nan nan nan nan nan nan nan nan nan 0.00058902110448788569 0.0076678478573623324 0.0043236384968613649 0 0.022538371781702274 nan nan nan nan nan nan nan nan nan nan 0 0 0 0 running
7540 13.563478193035715 0.0018055962391619724 0.25 1072.9288100000001 0.0017784164662332943 0.00010420602698045224 0.0015910894860553389 0.00084847057397041323 0 0.0035428094322528859 nan nan nan nan nan nan nan nan nan nan 0.00058252051147539285 0.0075583148498720946 0.0042529122722160251 0 0.022212408262660497 nan nan nan nan nan nan nan nan nan nan 0 0 0 0 running
7560 13.599590135655985 0.0018055979327839392 0.25 1074.82221 0.0017518929940212517 0.00010304902909730667 0.0015665347055733106 0.00083582342972901493 0 0.0034903286980822019 nan nan nan nan nan nan nan nan nan nan 0.00057606677512694882 0.0074501161205226905 0.0041831467353745811 0 0.021889963920653142 nan nan nan nan nan nan nan nan nan nan 0 0 0 0 running
7580 13.635702111809755 0.0018055995942189667 0.25 1076.761575 0.0017257150447646482 0.00010190244453515963 0.0015423260921613201 0.0008233697756275095 0 0.0034385128192947769 nan nan nan nan nan nan nan nan nan nan 0.00056965973759615096 0.0073432414684765183 0.0041143448351289597 0 0.021571037518080469 nan nan nan nan nan nan nan nan nan nan 0 0 0 0 running
7600 13.671814120859441 0.0018056012240520588 0.25 1078.7948080000001 0.0016998808219022357 0.00010076623674686063 0.0015184605341505468 0.0008111080552237655 0 0.0033873590801486242 nan nan nan nan nan nan nan nan nan nan 0.00056329923399223158 0.0072376806426721965 0.0040465090370537006 0 0.021255627339944221 nan nan nan nan nan nan nan nan nan nan 0 0 0 0 running
7620 13.707926162179085 0.0018056028228618463 0.25 1080.8196539999999 0.0016743885057071692 9.9640367586663068e-05 0.0014949349058999062 0.00079903666652571162 0 0.0033368647215669604 nan nan nan nan nan nan nan nan nan nan 0.0005569850871248172 0.0071334233015534765 0.0039796413065342805 0 0.020943730760722722 nan nan nan nan nan nan nan nan nan nan 0 0 0 0 running
7640 13.744038235154241 0.0018056043912205242 0.25 1082.7075890000001 0.0016492362515750192 9.8524797403964847e-05 0.0014717460668556845 0.00078715396184971399 0 0.0032870269373526172 nan nan nan nan nan nan nan nan nan nan 0.00055071710675180796 0.0070304589965840296 0.0039137430910805085 0 0.020635344112460909 nan nan nan nan nan nan nan nan nan nan 0 0 0 0 running
7660 13.780150339181837 0.0018056059296936414 0.25 1084.624579 0.0016244221875813154 9.7419485119145738e-05 0.0014488908606219285 0.00077545824710388263 0 0.0032378428687100109 nan nan nan nan nan nan nan nan nan nan 0.00054449509335791069 0.0069287771810985742 0.0038549098792441698 0 0.02033046285645675 nan nan nan nan nan nan nan nan nan nan 0 0 0 0 running
7680 13.816262473670035 0.0018056074388391329 0.25 1086.5143250000001 0.0015999444124526684 9.6324388297445827e-05 0.0014263661141270016 0.00076394778062843262 0 0.0031893095998749986 nan nan nan nan nan nan nan nan nan nan 0.00053831884467936408 0.0068283672343905193 0.0037998226745896016 0 0.020029081933695285 nan nan nan nan nan nan nan nan nan nan 0 0 0 0 running
7700 13.852374638038066 0.0018056089192064733 0.25 1088.4729159999999 0.0015758009943916522 9.5239463233481942e-05 0.0014041686369241431 0.00075262077233927388 0 0.0031414241557601906 nan nan nan nan nan nan nan nan nan nan 0.0005321881622075697 0.0067292184869272697 0.0037456496718865557 0 0.019731196116163613 nan nan nan nan nan nan nan nan nan nan 0 0 0 0 running
7720 13.888486831716076 0.0018056103713390479 0.25 1090.3899899999999 0.001551989969933408 9.416466503310007e-05 0.00138229522056166 0.00074147538341404467 0 0.0030941834995248897 nan nan nan nan nan nan nan nan nan nan 0.00052610285580073635 0.006631320236105822 0.0036923828118866847 0 0.019436800229307199 nan nan nan nan nan nan nan nan nan nan 0 0 0 0 running
7740 13.924599054145052 0.0018056117957769065 0.25 1092.377107 0.0015285093425102666 9.3099947691376706e-05 0.0013607426380122364 0.00073050972622168734 0 0.0030475845293341281 nan nan nan nan nan nan nan nan nan nan 0.00052006274578203504 0.0065346617492567181 0.0036400135533867523 0 0.019145889212669822 nan nan nan nan nan nan nan nan nan nan 0 0 0 0 running
7760 13.960711304776728 0.0018056131930550231 0.25 1094.382693 0.0015053570817018113 9.2045264197595988e-05 0.0013395076431961749 0.00071972186437455662 0 0.0030016240767704416 nan nan nan nan nan nan nan nan nan nan 0.00051406766295297723 0.0064392322558690738 0.0035885328701347231 0 0.018858458041115883 nan nan nan nan nan nan nan nan nan nan 0 0 0 0 running
7780 13.996823583073443 0.0018056145636998634 0.25 1096.29528 0.0014825311214398252 9.1000566601675872e-05 0.0013185869706521518 0.00070910981292090797 0 0.0029562989025320092 nan nan nan nan nan nan nan nan nan nan 0.00050811744734985398 0.0063450209334291532 0.0035379312498132797 0 0.018574501567070755 nan nan nan nan nan nan nan nan nan nan 0 0 0 0 running
7800 14.032935888507987 0.0018056159082286798 0.25 1098.1944639999999 0.0014600293369992914 8.9965805648913275e-05 0.0012979773005073975 0.00069867153871052139 0 0.002911605654389051 nan nan nan nan nan nan nan nan nan nan 0.00050221194649696654 0.0062520168888305534 0.0034881986962414522 0 0.018294014338764486 nan nan nan nan nan nan nan nan nan nan 0 0 0 0 running
7820 14.069048220563394 0.0018056172271506928 0.25 1100.05996 0.0014378495802311005 8.894093158484911e-05 0.0012776753608589461 0.00068840495962767202 0 0.0028675409101452352 nan nan nan nan nan nan nan nan nan nan 0.00049635101789624603 0.0061602091627023349 0.0034393247373725603 0 0.018016990700603447 nan nan nan nan nan nan nan nan nan nan 0 0 0 0 running
7840 14.105160578732809 0.0018056185209677079 0.25 1101.9565950000001 0.0014159896755099085 8.7925894349466551e-05 0.0012576778299348299 0.00067830794596664557 0 0.002824101210896142 nan nan nan nan nan nan nan nan nan nan 0.0004905345245531656 0.006069586693203957 0.0033912984319207605 0 0.017743424387251929 nan nan nan nan nan nan nan nan nan nan 0 0 0 0 running
7860 14.141272962519333 0.0018056197901738992 0.25 1103.8279910000001 0.0013944474071859122 8.6920643360143901e-05 0.0012379813641390201 0.00066837832269345655 0 0.0027812830166298068 nan nan nan nan nan nan nan nan nan nan 0.00048476232300981303 0.005980138242370708 0.0033441083765137626 0 0.017473307673979224 nan nan nan nan nan nan nan nan nan nan 0 0 0 0 running
7880 14.177385371435875 0.0018056210352555505 0.25 1105.7200720000001 0.0013732205158157871 8.5925127530333734e-05 0.0012185825998732368 0.0006586138711617654 0 0.0027390826956748267 nan nan nan nan nan nan nan nan nan nan 0.00047903426778045377 0.0058918524195269778 0.0032977427222365945 0 0.017206631636744532 nan nan nan nan nan nan nan nan nan nan 0 0 0 0 running
7900 14.213497805004973 0.0018056222566910614 0.25 1107.5958370000001 0.0013523066945465712 8.4939295281520665e-05 0.0011994781538114615 0.00064901233098966702 0 0.0026974965151871566 nan nan nan nan nan nan nan nan nan nan 0.00047335022509525926 0.005804717757769997 0.0032521891952670941 0 0.016943387022661648 nan nan nan nan nan nan nan nan nan nan 0 0 0 0 running
7920 14.249610262758667 0.0018056234549510507 0.25 1109.4736640000001 0.0013317035860948257 8.3963094555228118e-05 0.0011806646233327213 0.00063957140198920323 0 0.0026565206330480427 nan nan nan nan nan nan nan nan nan nan 0.00046771008468737829 0.0057187227801693327 0.0032074351160614198 0 0.016683564984732866 nan nan nan nan nan nan nan nan nan nan 0 0 0 0 running
7940 14.28572274423831 0.0018056246304984113 0.25 1111.626669 0.001311408780296725 8.2996472820872993e-05 0.001162138587120777 0.00063028874603299635 0 0.0026161510911346638 nan nan nan nan nan nan nan nan nan nan 0.00046211376304244878 0.0056338560176034808 0.0031634674142370619 0 0.016427157246034364 nan nan nan nan nan nan nan nan nan nan 0 0 0 0 running
7960 14.321835248994452 0.0018056257837883211 0.25 1113.8411289999999 0.0012914198125936389 8.2039377094437699e-05 0.0011438966047013343 0.00062116198880104621 0 0.0025763838114350101 nan nan nan nan nan nan nan nan nan nan 0.00045656119755754787 0.0055501059744547422 0.003120272640498834 0 0.016174155662514959 nan nan nan nan nan nan nan nan nan nan 0 0 0 0 running
7980 14.35794777658665 0.0018056269152683187 0.25 1115.7633249999999 0.0012717341658613724 8.109175400176524e-05 0.0011259352188338284 0.00061218872137533897 0 0.0025372145993074703 nan nan nan nan nan nan nan nan nan nan 0.00045105233565317926 0.0054674610639819203 0.003077836979163885 0 0.015924551455746741 nan nan nan nan nan nan nan nan nan nan 0 0 0 0 running
8000 14.394060326583338 0.0018056280253784247 0.25 1117.581698 0.0012523492598305534 8.0153549550322054e-05 0.0011082509589712694 0.00060336650277554519 0 0.002498639114948941 nan nan nan nan nan nan nan nan nan nan 0.00044558712432996028 0.0053859095447115479 0.0030361462639862578 0 0.015678334484479244 nan nan nan nan nan nan nan nan nan nan 0 0 0 0 running
8020 14.430172898561674 0.0018056291145513914 0.25 1119.460525 0.0012332624521150359 7.9224709176268625e-05 0.0010908403373636241 0.00059469286183564383 0 0.0024606528773685327 nan nan nan nan nan nan nan nan nan nan 0.00044016550453718217 0.005305439482849816 0.0029951860003542873 0 0.015435492845108499 nan nan nan nan nan nan nan nan nan nan 0 0 0 0 running
8040 14.466285492107396 0.0018056301832128346 0.25 1121.4383350000001 0.0012144710402690411 7.8305178185398379e-05 0.0010736998576034561 0.00058616529868579413 0 0.0024232512654962339 nan nan nan nan nan nan nan nan nan nan 0.0004347873760595089 0.0052260387599121546 0.0029549414018523504 0 0.015196010755173944 nan nan nan nan nan nan nan nan nan nan 0 0 0 0 running
8060 14.502398106814681 0.001805631231781056 0.25 1123.3332620000001 0.0011959722505391088 7.7394900294131656e-05 0.0010568260020304542 0.00057778128711968673 0 0.0023864294951649019 nan nan nan nan nan nan nan nan nan nan 0.00042945259527732427 0.0051476951330491393 0.0029153974324716047 0 0.014959868504586287 nan nan nan nan nan nan nan nan nan nan 0 0 0 0 running
8080 14.538510742285997 0.0018056322606677178 0.25 1125.2663460000001 0.0011777632484126083 7.6493818808939096e-05 0.0010402152432976615 0.00056953827851940564 0 0.0023501826395311196 nan nan nan nan nan nan nan nan nan nan 0.00042416113548171541 0.0050703962319589334 0.0028765387909539799 0 0.01472705208635532 nan nan nan nan nan nan nan nan nan nan 0 0 0 0 running
8100 14.574623398131971 0.0018056332702780064 0.25 1127.1611109999999 0.0011598411322195198 7.5601876438419395e-05 0.0010238640460997388 0.00056143370614797762 0 0.0023145056113402481 nan nan nan nan nan nan nan nan nan nan 0.0004189129903334754 0.0049941295973127582 0.0028383499525806936 0 0.014497547397528926 nan nan nan nan nan nan nan nan nan nan 0 0 0 0 running
8120 14.610736073971283 0.0018056342610102804 0.25 1128.9831489999999 0.0011422029288994219 7.471901497781711e-05 0.001007768866482491 0.00055346498860165067 0 0.0022793931518879326 nan nan nan nan nan nan nan nan nan nan 0.00041370817011859851 0.0049188827139716226 0.0028008151938629811 0 0.014271340037749145 nan nan nan nan nan nan nan nan nan nan 0 0 0 0 running
8140 14.646848769430481 0.001805635233256068 0.25 1130.9410989999999 0.0011248455919964878 7.3845175210309635e-05 0.00099192615350295684 0.00054562953229946964 0 0.0022448398247419113 nan nan nan nan nan nan nan nan nan nan 0.0004085466997554299 0.0048446430217770273 0.0027639186142425134 0 0.014048415189989104 nan nan nan nan nan nan nan nan nan nan 0 0 0 0 running
8160 14.682961484143881 0.0018056361873993517 0.25 1132.7862009999999 0.0011077660012036425 7.2980296829454065e-05 0.00097633235121833198 0.00053792473377526284 0 0.0022108400132405609 nan nan nan nan nan nan nan nan nan nan 0.00040342861349484949 0.0047713979077204337 0.0027276441576992239 0 0.013828757286966503 nan nan nan nan nan nan nan nan nan nan 0 0 0 0 running
8180 14.719074217753407 0.0018056371238167942 0.25 1134.6706790000001 0.0010909609630521168 7.2124318379547528e-05 0.00096098390082189136 0.0005303479822972929 0 0.0021773879207092678 nan nan nan nan nan nan nan nan nan nan 0.00039835394844067729 0.0046991346895172816 0.0026919756355747271 0 0.013612349604916991 nan nan nan nan nan nan nan nan nan nan 0 0 0 0 running
8200 14.755186969908454 0.0018056380428804785 0.25 1136.5876860000001 0.0010744272119208474 7.1277177206334095e-05 0.00094587724280996769 0.00052289666284202261 0 0.0021444775713708023 nan nan nan nan nan nan nan nan nan nan 0.00039332273883063706 0.0046278406009073641 0.0026568967518435646 0 0.013399173911260286 nan nan nan nan nan nan nan nan nan nan 0 0 0 0 running
8220 14.791299740265828 0.0018056389449595922 0.25 1138.437445 0.0010581614053328944 7.0438809288726506e-05 0.00093100880084240345 0.00051556815924126091 0 0.0021121028049687789 nan nan nan nan nan nan nan nan nan nan 0.00038833501216500865 0.0045575027855432153 0.0026223911304189117 0 0.013189210238286968 nan nan nan nan nan nan nan nan nan nan 0 0 0 0 running
8240 14.827412528489674 0.0018056398304186383 0.25 1140.3426870000001 0.0010421601077181782 6.9609148783152374e-05 0.00091637499919321273 0.00050835985677773806 0 0.0020802572278139225 nan nan nan nan nan nan nan nan nan nan 0.00038339079144755761 0.004488108336469834 0.0025884423437302429 0 0.01298243703500233 nan nan nan nan nan nan nan nan nan nan 0 0 0 0 running
8260 14.863525334251355 0.0018056406996150387 0.25 1142.18551 0.0010264198508041979 6.8788129355400407e-05 0.00090197233040403358 0.00050126914347774871 0 0.0020489343339567877 nan nan nan nan nan nan nan nan nan nan 0.0003784900755495757 0.0044196441858194982 0.0025550339358376387 0 0.012778829920967112 nan nan nan nan nan nan nan nan nan nan 0 0 0 0 running
8280 14.899638157229303 0.0018056415528988814 0.25 1144.066429 0.001010937104424799 6.797568350368983e-05 0.00088779725670580609 0.00049429341522139484 0 0.0020181274743238113 nan nan nan nan nan nan nan nan nan nan 0.00037363283561925309 0.0043520970896885041 0.0025221494579478832 0 0.012578361544440003 nan nan nan nan nan nan nan nan nan nan 0 0 0 0 running
8300 14.935750997108888 0.0018056423906140917 0.25 1145.925371 0.00099570827915920301 6.71717425701813e-05 0.00087384625097292664 0.00048743007945429347 0 0.001987829844386771 nan nan nan nan nan nan nan nan nan nan 0.00036881904602742432 0.0042854538003402522 0.0024897725121650741 0 0.012381003664279081 nan nan nan nan nan nan nan nan nan nan 0 0 0 0 running
8320 14.971863853582308 0.0018056432130992926 0.25 1147.8035990000001 0.00098072972941265946 6.6376236788190932e-05 0.00086011579890240446 0.00048067655862177642 0 0.0019580344901019963 nan nan nan nan nan nan nan nan nan nan 0.0003640486997958936 0.0042197011516256159 0.0024578867850862346 0 0.012186728193811117 nan nan nan nan nan nan nan nan nan nan 0 0 0 0 running
8340 15.00722257577547 0.0018056440039729649 0.25 1149.6500309999999 0.00096630291607951503 6.5605448401411521e-05 0.0008468824060203498 0.00047416800897768417 0 0.0019293411940074891 nan nan nan nan nan nan nan nan nan nan 0.00035942007397771203 0.0041561719626055718 0.0024271272780973744 0 0.011999469311338495 nan nan nan nan nan nan nan nan nan nan 0 0 0 0 running
8360 15.043335464208759 0.0018056447972938441 0.25 1151.5294980000001 0.0009518087515406915 6.4826427241942094e-05 0.00083357815617380931 0.00046762430182900502 0 0.0019005188769825733 nan nan nan nan nan nan nan nan nan nan 0.00035473573548822079 0.0040921433999443826 0.0023961660761896465 0 0.011811210626856035 nan nan nan nan nan nan nan nan nan nan 0 0 0 0 running
8380 15.079448368358278 0.0018056455763618838 0.25 1153.364975 0.00093755369956433543 6.4055627285744909e-05 0.00082048409202486322 0.0004611828553689788 0 0.0018721772894399564 nan nan nan nan nan nan nan nan nan nan 0.0003500948562493722 0.0040289664071696402 0.0023656481988918346 0 0.011625947000011818 nan nan nan nan nan nan nan nan nan nan 0 0 0 0 running
8400 15.115561287942317 0.0018056463414942128 0.25 1155.2100989999999 0.00092353391564593205 6.3292974697155035e-05 0.00080759677572141088 0.00045484118592446825 0 0.0018443089246454149 nan nan nan nan nan nan nan nan nan nan 0.00034549740522349381 0.003966627695629308 0.002335557865199797 0 0.011443644817151991 nan nan nan nan nan nan nan nan nan nan 0 0 0 0 running
8420 15.151674222685431 0.0018056470930025935 0.25 1157.236643 0.00090974551904165341 6.253839485246163e-05 0.00079491279526702719 0.00044859683918192723 0 0.001816906167100508 nan nan nan nan nan nan nan nan nan nan 0.00034094332008116623 0.0039051138441916844 0.002305879480683789 0 0.011264267559090518 nan nan nan nan nan nan nan nan nan nan 0 0 0 0 running
8440 15.187787172318375 0.001805647831193462 0.25 1159.505629 0.00089618459888571398 6.1791812468543877e-05 0.00078242876688613863 0.00044244739258332105 0 0.0017899613062457105 nan nan nan nan nan nan nan nan nan nan 0.00033643251217213566 0.003844411344631136 0.002276597667204905 0 0.011087776212257263 nan nan nan nan nan nan nan nan nan nan 0 0 0 0 running
8460 15.223900136577967 0.0018056485563679476 0.25 1161.5839490000001 0.00088284722006787318 6.1053151740403567e-05 0.00077014133728915929 0.00043639045866569412 0 0.0017634665493721259 nan nan nan nan nan nan nan nan nan nan 0.00033196487702674693 0.0037845066771816783 0.0022476972939338563 0 0.010914130044898008 nan nan nan nan nan nan nan nan nan nan 0 0 0 0 running
8480 15.260013115206991 0.0018056492688218635 0.25 1163.432362 0.00086972942900067729 6.0322336485814055e-05 0.00075804718573330631 0.00043042368886439135 0 0.0017374140342291174 nan nan nan nan nan nan nan nan nan nan 0.00032754030553505675 0.0037253863904567392 0.0022191635067853356 0 0.010743287425159016 nan nan nan nan nan nan nan nan nan nan 0 0 0 0 running
8500 15.296126107954107 0.0018056499688458411 0.25 1165.399938 0.00085682725878709733 5.9599290273894991e-05 0.00074614302578302958 0.00042454477702654907 0 0.0017117958403316466 nan nan nan nan nan nan nan nan nan nan 0.00032315869276761111 0.0036670371680136743 0.0021909817545220393 0 0.010575206482584195 nan nan nan nan nan nan nan nan nan nan 0 0 0 0 running
8520 15.332239114573717 0.0018056506567255045 0.25 1167.2163 0.00084413673382295249 5.8883936538388553e-05 0.00073442560700006634 0.00041875146240254771 0 0.0016866039990117614 nan nan nan nan nan nan nan nan nan nan 0.00031881994331367514 0.0036094458764860259 0.0021631378110604548 0 0.01040984553730985 nan nan nan nan nan nan nan nan nan nan 0 0 0 0 running
8540 15.368352134825887 0.0018056513327408736 0.25 1169.0922370000001 0.00083165387419137772 5.8176198678046732e-05 0.00072289171669708799 0.00041304153256660524 0 0.001661830502939689 nan nan nan nan nan nan nan nan nan nan 0.00031452397342229821 0.003552599595622704 0.0021356177937054124 0 0.010247163317907707 nan nan nan nan nan nan nan nan nan nan 0 0 0 0 running
8560 15.404465168476211 0.0018056519971656967 0.25 1170.9108510000001 0.00081937470021724301 5.7476000153945822e-05 0.00071153818170713139 0.00040741282640054674 0 0.0016374673160231368 nan nan nan nan nan nan nan nan nan nan 0.00031027071015954366 0.0034964856322518734 0.0021084081783230508 0 0.010087118980978371 nan nan nan nan nan nan nan nan nan nan 0 0 0 0 running
8580 15.440578215295707 0.001805652650268537 0.25 1172.768558 0.00080729523669967969 5.6783264573332564e-05 0.00070036187002095961 0.00040186323701842244 0 0.0016135063825743526 nan nan nan nan nan nan nan nan nan nan 0.00030606008794120676 0.0034410915187971722 0.0020814958122157183 0 0.0099296719558053768 nan nan nan nan nan nan nan nan nan nan 0 0 0 0 running
8600 15.476691275060718 0.0018056532923146633 0.25 1174.644577 0.00079541151673239547 5.6097915760078135e-05 0.00068935969225113409 0.00039639071445846796 0 0.0015899396355807196 nan nan nan nan nan nan nan nan nan nan 0.00030189204301184214 0.003386404999518082 0.0020548679263184566 0 0.0097747816513424415 nan nan nan nan nan nan nan nan nan nan 0 0 0 0 running
8620 15.512804347552887 0.001805653923566153 0.25 1176.68715 0.00078371958512198341 5.5419877808536809e-05 0.00067852860300684679 0.00039099326802057873 0 0.0015667590040994565 nan nan nan nan nan nan nan nan nan nan 0.00029776650706730967 0.0033324140104942714 0.0020285121480586709 0 0.009622407106904686 nan nan nan nan nan nan nan nan nan nan 0 0 0 0 running
8640 15.548917432559019 0.0018056545442802702 0.25 1178.7546239999999 0.00077221550239291203 5.4749075143424557e-05 0.00066786560196539085 0.00038566896822163588 0 0.0015439564223490546 nan nan nan nan nan nan nan nan nan nan 0.00029368340154911632 0.0032791066619278016 0.0020024165157283306 0 0.0094725066878849611 nan nan nan nan nan nan nan nan nan nan 0 0 0 0 running
8660 15.585030529871013 0.0018056551547082486 0.25 1180.922902 0.00076089536069577721 5.408543279449086e-05 0.00065736773547426565 0.00038041594817435294 0 0.0015215238684730718 nan nan nan nan nan nan nan nan nan nan 0.0002896426339397129 0.0032264712299246451 0.001976569494158103 0 0.0093250379138703141 nan nan nan nan nan nan nan nan nan nan 0 0 0 0 running
8680 15.621143639285737 0.0018056557550954902 0.25 1183.0941459999999 0.0007497552636459645 5.3428875982751306e-05 0.00064703209837340715 0.00037523240721018482 0 0.0014994533124739575 nan nan nan nan nan nan nan nan nan nan 0.00028564409667802826 0.0031744961621654444 0.0019509599908287647 0 0.0091799574607945057 nan nan nan nan nan nan nan nan nan nan 0 0 0 0 running
8700 15.657256760604906 0.0018056563456824435 0.25 1185.2326989999999 0.00073879129878755821 5.2779329403376406e-05 0.00063685575240854375 0.00037011661154686678 0 0.0014777366824607078 nan nan nan nan nan nan nan nan nan nan 0.000281687668452546 0.003123170056053658 0.0019255773723715407 0 0.0090399215426366156 nan nan nan nan nan nan nan nan nan nan 0 0 0 0 running
8720 15.693369893634999 0.0018056569267052062 0.25 1187.2940599999999 0.00072799962087782475 5.213671915919719e-05 0.00062683596932718293 0.00036506689247953964 0 0.0014563659684569605 nan nan nan nan nan nan nan nan nan nan 0.00027777319102195719 0.0030724815167744082 0.0019004114715608243 0 0.008914331678712837 nan nan nan nan nan nan nan nan nan nan 0 0 0 0 running
8740 15.72948303818718 0.0018056574983955718 0.25 1189.455299 0.00071737643524116118 5.1500972069440368e-05 0.00061696999794930586 0.0003600816468564987 0 0.0014353332812625881 nan nan nan nan nan nan nan nan nan nan 0.0002739005353059043 0.0030224196316293883 0.0018754526140215327 0 0.0087909416810942852 nan nan nan nan nan nan nan nan nan nan 0 0 0 0 running
8760 15.765596194077188 0.0018056580609808227 0.25 1191.5529280000001 0.00070691799889622652 5.0872015868006863e-05 0.00060725513633770936 0.00035515933882751457 0 0.0014146308236617157 nan nan nan nan nan nan nan nan nan nan 0.0002700696119102286 0.002972974049142318 0.0018506916244641555 0 0.0086696954486808597 nan nan nan nan nan nan nan nan nan nan 0 0 0 0 running
8780 15.801709361125271 0.0018056586146835579 0.25 1193.7136849999999 0.00069662062139704364 5.0249779209641329e-05 0.00059768873472966499 0.0003502985018472476 0 0.0013942508907826541 nan nan nan nan nan nan nan nan nan nan 0.00026628033712700061 0.0029241348096213471 0.0018261198143648366 0 0.0085505362512651416 nan nan nan nan nan nan nan nan nan nan 0 0 0 0 running
8800 15.837822539156067 0.0018056591597216806 0.25 1195.7860370000001 0.00068648066383000242 4.9634191615577761e-05 0.00058826819571358528 0.00034549774106649647 0 0.0013741858669462815 nan nan nan nan nan nan nan nan nan nan 0.00026253260352343544 0.0028758921874152505 0.0018017289713893646 0 0.008433408739901161 nan nan nan nan nan nan nan nan nan nan 0 0 0 0 running
8820 15.873935727998536 0.001805659696308469 0.25 1198.0777330000001 0.00067649453824524214 4.9025183408637662e-05 0.00057899097433607833 0.00034075573507362278 0 0.0013544282237984264 nan nan nan nan nan nan nan nan nan nan 0.0002588262635040417 0.0028282365945102878 0.0017775113554514283 0 0.008318260096765619 nan nan nan nan nan nan nan nan nan nan 0 0 0 0 running
8840 15.910048927485851 0.0018056602246527983 0.25 1200.188596 0.00066665870849442544 4.8422685663609499e-05 0.00056985457818746422 0.00033607123626777587 0 0.0013349705223122479 nan nan nan nan nan nan nan nan nan nan 0.00025516112813239733 0.0027811585621558598 0.001753459702183408 0 0.0082050401802400974 nan nan nan nan nan nan nan nan nan nan 0 0 0 0 running
8860 15.946162137455321 0.0018056607449592472 0.25 1202.305867 0.0006569696927933087 4.7826630190362499e-05 0.00056085656762013382 0.00033144307005330615 0 0.0013158054193384021 nan nan nan nan nan nan nan nan nan nan 0.00025153697793861562 0.0027346487868195922 0.0017295672306958997 0 0.0080937008834082516 nan nan nan nan nan nan nan nan nan nan 0 0 0 0 running
8880 15.982275357748291 0.0018056612574275722 0.25 1204.351107 0.00064742406772837484 4.7236949556093693e-05 0.00055199455616442342 0.00032687013348847168 0 0.0012969256778105989 nan nan nan nan nan nan nan nan nan nan 0.00024795357904838777 0.0026886982076740106 0.0017058276518490427 0 0.0079841951394796773 nan nan nan nan nan nan nan nan nan nan 0 0 0 0 running
8900 16.018388588210048 0.0018056617622521677 0.25 1206.4964239999999 0.00063801847325130313 4.6653577143312019e-05 0.00054326621103721769 0.00032235139376433989 0 0.0012783241794133463 nan nan nan nan nan nan nan nan nan nan 0.00024441069851310893 0.0026432980837907674 0.001682235173651215 0 0.0078764759894846131 nan nan nan nan nan nan nan nan nan nan 0 0 0 0 running
8920 16.054501828689723 0.0018056622596227337 0.25 1208.59304 0.00062874961797325802 4.6076447231521901e-05 0.00053466925360632408 0.00031788588663450394 0 0.0012599939380190533 nan nan nan nan nan nan nan nan nan nan 0.0002409081147115022 0.0025984400492508192 0.0016587845022405126 0 0.0077704959740429007 nan nan nan nan nan nan nan nan nan nan 0 0 0 0 running
8940 16.090615079040195 0.0018056627497256886 0.25 1210.6941159999999 0.00061961430086117234 4.5505495390707479e-05 0.00052620146106464513 0.00031347271431031838 0 0.001241928153640136 nan nan nan nan nan nan nan nan nan nan 0.00023744562166799765 0.0025541161391505231 0.0016354708380921983 0 0.0076662069253543609 nan nan nan nan nan nan nan nan nan nan 0 0 0 0 running
8960 16.126728339118046 0.0018056632327447079 0.25 1212.7699270000001 0.0006106093865620259 4.4940657987050703e-05 0.00051786066136308136 0.00030911104623217547 0 0.0012241201528272463 nan nan nan nan nan nan nan nan nan nan 0.00023451852215095048 0.0025103187892363439 0.0016122898679289492 0 0.0075635601204980234 nan nan nan nan nan nan nan nan nan nan 0 0 0 0 running
8980 16.162841608783474 0.0018056637088599227 0.25 1214.9329760000001 0.00060173180273166271 4.4381872187231449e-05 0.00050964473589269678 0.00030480011800935195 0 0.0012065633811586477 nan nan nan nan nan nan nan nan nan nan 0.00023170885782658468 0.0024670408221812339 0.0015892377535559729 0 0.0074625066127730552 nan nan nan nan nan nan nan nan nan nan 0 0 0 0 running
9000 16.198954887900264 0.0018056641782468075 0.25 1217.2291379999999 0.00059297855960462119 4.3829076250913796e-05 0.00050155161954358748 0.00030053922875504627 0 0.0011892514526967686 nan nan nan nan nan nan nan nan nan nan 0.00022893747908020456 0.0024242754370367254 0.0015663111190316987 0 0.0073629975437985561 nan nan nan nan nan nan nan nan nan nan 0 0 0 0 running
9020 16.235068176335666 0.0018056646410757587 0.25 1219.2708259999999 0.00058434675659887938 4.3282209634882299e-05 0.00049357930015807327 0.00029632773881010872 0 0.0011721781672315973 nan nan nan nan nan nan nan nan nan nan 0.00022620371157777708 0.002382016184375735 0.0015435070354300445 0 0.0072649846077061132 nan nan nan nan nan nan nan nan nan nan 0 0 0 0 running
9040 16.271181473960265 0.0018056650975124123 0.25 1221.3522519999999 0.00057583358580433612 4.2741213039687714e-05 0.00048572581760783506 0.00029216506773850534 0 0.0011553375198234711 nan nan nan nan nan nan nan nan nan nan 0.00022350688032185539 0.0023402569289505785 0.0015208230046460879 0 0.0071684206384498572 nan nan nan nan nan nan nan nan nan nan 0 0 0 0 running
9060 16.307294780647904 0.0018056655477181821 0.25 1223.401237 0.00056743633211050538 4.2206028397192125e-05 0.00047798926255624954 0.00028805069296875056 0 0.0011387237019238731 nan nan nan nan nan nan nan nan nan nan 0.00022084631640761909 0.0022989918213725336 0.0014982569444631612 0 0.0070732600516642489 nan nan nan nan nan nan nan nan nan nan 0 0 0 0 running
9080 16.343408096275635 0.0018056659918505738 0.25 1225.684354 0.00055915237118265269 4.1676598823123126e-05 0.00047036777513165793 0.00028398414915027436 0 0.0011223310969832123 nan nan nan nan nan nan nan nan nan nan 0.00021822135875054771 0.0022582152954466628 0.0014758071764123652 0 0.0069794589465016713 nan nan nan nan nan nan nan nan nan nan 0 0 0 0 running
9100 16.379521420723588 0.0018056664300632006 0.25 1227.762256 0.00055097916710562767 4.1152868567738615e-05 0.00046285954369188528 0.00027996502773423328 0 0.0011061542751306494 nan nan nan nan nan nan nan nan nan nan 0.00021563135114482934 0.0022179220882638552 0.0014534724155075235 0 0.0068869748968329331 nan nan nan nan nan nan nan nan nan nan 0 0 0 0 running
9120 16.415634753874983 0.0018056668625056598 0.25 1229.836595 0.00054291427092536323 4.0634782976869956e-05 0.00045546280370519008 0.00027599297597706687 0 0.0010901879901818979 nan nan nan nan nan nan nan nan nan nan 0.00021307563777117622 0.0021781072661011961 0.0014312517603511771 0 0.0067957666402742051 nan nan nan nan nan nan nan nan nan nan 0 0 0 0 running
9140 16.451748095615923 0.001805667289323515 0.25 1231.9244229999999 0.00053495532043373027 4.0122288464426892e-05 0.00044817583666303907 0.00027206769481814537 0 0.0010744271800070388 nan nan nan nan nan nan nan nan nan nan 0.00021055356050075913 0.0021433634215174135 0.0014091446818521162 0 0.0067057938884779282 nan nan nan nan nan nan nan nan nan nan 0 0 0 0 running
9160 16.487861445835406 0.0018056677106584047 0.25 1234.2780680000001 0.00052710004088467907 3.9615332492491635e-05 0.00044099696901775181 0.00026818893584331543 0 0.001058866969426777 nan nan nan nan nan nan nan nan nan nan 0.00020806445959398179 0.0021158629612371494 0.0013871510103810939 0 0.0066170173641432409 nan nan nan nan nan nan nan nan nan nan 0 0 0 0 running
9180 16.523974804425233 0.0018056681266478876 0.25 1236.5177040000001 0.00051934624332378545 3.9113863473702468e-05 0.00043392456155161838 0.0002643564980105636 0 0.0010435026711986077 nan nan nan nan nan nan nan nan nan nan 0.00020560767798655233 0.0020888059631669429 0.0013652709221154255 0 0.0065293990700423191 nan nan nan nan nan nan nan nan nan nan 0 0 0 0 running
9200 16.560088171279912 0.0018056685374250514 0.25 1238.5952480000001 0.00051169177873306945 3.8617829419120563e-05 0.00042695694755704567 0.00026057022417467476 0 0.0010283296983809951 nan nan nan nan nan nan nan nan nan nan 0.00020318262129581655 0.0020621795793776456 0.0013435049177646084 0 0.0064429060236394723 nan nan nan nan nan nan nan nan nan nan 0 0 0 0 running
9220 16.596201546296545 0.001805668943118572 0.25 1240.9040170000001 0.00050413465732269058 3.8127181301452349e-05 0.00042009267560862357 0.00025682999461418846 0 0.0010133437617027123 nan nan nan nan nan nan nan nan nan nan 0.00020078859748878797 0.0020359706830106548 0.0013218538465828949 0 0.0063574998410403961 nan nan nan nan nan nan nan nan nan nan 0 0 0 0 running
9240 16.632314929374765 0.0018056693438534509 0.25 1243.214154 0.00049667299162628573 3.7641871216973788e-05 0.00041333024248981252 0.0002531357283403876 0 0.0009985408385575433 nan nan nan nan nan nan nan nan nan nan 0.0001984248834520641 0.0020101664443074605 0.0013003188615238906 0 0.0062731413338814514 nan nan nan nan nan nan nan nan nan nan 0 0 0 0 running
9260 16.668428320416712 0.0018056697397517685 0.25 1245.4412600000001 0.00048930494883749444 3.7161851798385324e-05 0.00040666818259980301 0.00024948738503133722 0 0.00098391701658545822 nan nan nan nan nan nan nan nan nan nan 0.00019609080895433006 0.0019847546853983154 0.0012789013807248126 0 0.0061897959012880196 nan nan nan nan nan nan nan nan nan nan 0 0 0 0 running
9280 16.704541719326897 0.0018056701309327214 0.25 1247.563993 0.0004820287756678448 3.6687076488670422e-05 0.00040010506823820029 0.00024588496102871915 0 0.00096946855626571624 nan nan nan nan nan nan nan nan nan nan 0.00019378575135231557 0.0019597238278636613 0.0012576030745977691 0 0.0061074331258838387 nan nan nan nan nan nan nan nan nan nan 0 0 0 0 running
9300 16.740655126012182 0.0018056705175120236 0.25 1249.6852490000001 0.00047484280081487676 3.6217499541311984e-05 0.00039363950764768619 0.00024232848571089849 0 0.00095519189861907258 nan nan nan nan nan nan nan nan nan nan 0.00019150912716603408 0.0019350628218982036 0.0012364258559866513 0 0.0060260261551291269 nan nan nan nan nan nan nan nan nan nan 0 0 0 0 running
9320 16.776768540381731 0.0018056708996012406 0.25 1251.7332369999999 0.0004677454370142761 3.5753076033980078e-05 0.0003872701436440732 0.00023881801753176618 0 0.0009410836716979979 nan nan nan nan nan nan nan nan nan nan 0.00018926037751981761 0.0019107610419154654 0.0012153718728941082 0 0.0059455506687814547 nan nan nan nan nan nan nan nan nan nan 0 0 0 0 running
9340 16.812881962346871 0.0018056712773075023 0.25 1253.8919209999999 0.00046073518180100143 3.5293761878249226e-05 0.00038099565222884745 0.00023535364015345392 0 0.00092714069383655257 nan nan nan nan nan nan nan nan nan nan 0.00018703894886906713 0.0018868081572924822 0.0011944435016236947 0 0.0058659835362796214 nan nan nan nan nan nan nan nan nan nan 0 0 0 0 running
9360 16.848995391821024 0.0018056716507336365 0.25 1256.1588280000001 0.00045381061624402691 3.4839513812300869e-05 0.0003748147412175755 0.00023193545917704478 0 0.00091335997169712606 nan nan nan nan nan nan nan nan nan nan 0.00018484427477322152 0.0018631940112162184 0.0011736433369184196 0 0.0057873015504639018 nan nan nan nan nan nan nan nan nan nan 0 0 0 0 running
9380 16.885108828719641 0.0018056720199784821 0.25 1258.2109379999999 0.00044697040165349441 3.4390289372815316e-05 0.00036872614892262173 0.00022856359972855012 0 0.00089973869303709752 nan nan nan nan nan nan nan nan nan nan 0.00018267576507791095 0.0018399085432735992 0.0011529741766141035 0 0.0057094806629665509 nan nan nan nan nan nan nan nan nan nan 0 0 0 0 running
9400 16.921222272960094 0.0018056723851371625 0.25 1260.3419120000001 0.00044021327506544482 3.3946046849850805e-05 0.00036272864287279904 0.00022523820473371737 0 0.0008862742162505248 nan nan nan nan nan nan nan nan nan nan 0.00018053280584201525 0.0018169417748868976 0.001132439000754734 0 0.0056324959391350661 nan nan nan nan nan nan nan nan nan nan 0 0 0 0 running
9420 16.957335724461629 0.001805672746301179 0.25 1262.4653350000001 0.00043353804463350389 3.35067452275731e-05 0.0003568210185066784 0.00022195943323923128 0 0.00087296405968140549 nan nan nan nan nan nan nan nan nan nan 0.00017841476882424212 0.0017942838520088808 0.0011120409472608216 0 0.0055563221510524004 nan nan nan nan nan nan nan nan nan nan 0 0 0 0 running
9440 16.993449183145273 0.0018056731035584262 0.25 1264.6453959999999 0.00042694358599673404 3.3072344122927519e-05 0.00035100209780502802 0.00021872745805172149 0 0.00085980589356183753 nan nan nan nan nan nan nan nan nan nan 0.00017632102629672186 0.0017719251210327348 0.0010917832878100219 0 0.0054809347208673431 nan nan nan nan nan nan nan nan nan nan 0 0 0 0 running
9460 17.029562648933798 0.001805673456993228 0.25 1266.756097 0.00042042884010622301 3.2642803729771705e-05 0.00034527072784900097 0.00021554246245857959 0 0.00084679753583598294 nan nan nan nan nan nan nan nan nan nan 0.00017425096554118946 0.0017498562068500936 0.0010716694064583962 0 0.0054063106412166918 nan nan nan nan nan nan nan nan nan nan 0 0 0 0 running
9480 17.065676121751594 0.0018056738066863224 0.25 1268.968756 0.00041399281231073481 3.2218084776710712e-05 0.00033962577937770997 0.00021240463639226432 0 0.00083393695124945168 nan nan nan nan nan nan nan nan nan nan 0.00017220399880157888 0.0017280680685542371 0.0010517027824733804 0 0.0053324290895339164 nan nan nan nan nan nan nan nan nan nan 0 0 0 0 running
9500 17.101789601524651 0.0018056741527146423 0.25 1271.0535130000001 0.0004076345836448225 3.179814880308295e-05 0.000334066149522187 0.00020931417198538798 0 0.00082122227916601672 nan nan nan nan nan nan nan nan nan nan 0.000170179566885309 0.0017065520218802676 0.0010318869768249585 0 0.0052592716162320908 nan nan nan nan nan nan nan nan nan nan 0 0 0 0 running
9520 17.13790308818044 0.0018056744951511113 0.25 1273.161936 0.00040135331482097204 3.1382957800564879e-05 0.00032859075294268197 0.00020627125942510526 0 0.00080865184793231114 nan nan nan nan nan nan nan nan nan nan 0.0001681771345974914 0.0016852997179558427 0.0010122256225224033 0 0.0051868217783438194 nan nan nan nan nan nan nan nan nan nan 0 0 0 0 running
9540 17.174016581647866 0.0018056748340648031 0.25 1275.2743949999999 0.00039514819371619218 3.0972473870332935e-05 0.00032319852031669952 0.000203276088712366 0 0.00079622404451956642 nan nan nan nan nan nan nan nan nan nan 0.00016619618314578366 0.0016643031042435988 0.00099272241379696146 0 0.0051150646205776716 nan nan nan nan nan nan nan nan nan nan 0 0 0 0 running
9560 17.210130081857155 0.0018056751695214835 0.25 1277.401705 0.0003890184593687462 3.0566659540355786e-05 0.00031788840247583782 0.00020032884607219377 0 0.00078393737312074314 nan nan nan nan nan nan nan nan nan nan 0.0001642362151106358 0.001643554452716813 0.00097338108884841728 0 0.005043986964155105 nan nan nan nan nan nan nan nan nan nan 0 0 0 0 running
9580 17.246243588739834 0.0018056755015841465 0.25 1279.4481499999999 0.00038296340095147092 3.016547761557936e-05 0.00031265936200293155 0.00019742971085702941 0 0.00077179045661671596 nan nan nan nan nan nan nan nan nan nan 0.00016229674912715542 0.0016230463227564426 0.0009542054168444245 0 0.0049735769837842315 nan nan nan nan nan nan nan nan nan nan 0 0 0 0 running
9600 17.282357102228659 0.0018056758303131781 0.25 1281.490591 0.00037698230831187298 2.9768889515155835e-05 0.00030751025148845521 0.00019457885186558471 0 0.00075978196395673459 nan nan nan nan nan nan nan nan nan nan 0.00016037702026849843 0.0016027706864009898 0.00093519920739599995 0 0.0049038053257963697 nan nan nan nan nan nan nan nan nan nan 0 0 0 0 running
9620 17.318470622257582 0.0018056761557661482 0.25 1283.5434809999999 0.0003710745960461464 2.9376860070548572e-05 0.00030244021534526523 0.00019177642178257572 0 0.00074791075633168301 nan nan nan nan nan nan nan nan nan nan 0.00015847639681870751 0.0015827199669935562 0.00091636625318758792 0 0.0048346512829275812 nan nan nan nan nan nan nan nan nan nan 0 0 0 0 running
9640 17.35458414876166 0.0018056764779974632 0.25 1285.615094 0.00036523971294153383 2.8989353353936676e-05 0.00029744827182458456 0.00018902255506619489 0 0.00073617583239672169 nan nan nan nan nan nan nan nan nan nan 0.00015659454207472834 0.0015628875287537845 0.00089771030005399806 0 0.0047661128070213676 nan nan nan nan nan nan nan nan nan nan 0 0 0 0 running
9660 17.390697681676983 0.0018056767970581285 0.25 1287.6464169999999 0.0003594771608226393 2.8606333906761267e-05 0.00029253345201707729 0.00018631736579437238 0 0.0007245763190170941 nan nan nan nan nan nan nan nan nan nan 0.00015473111398750516 0.0015432668811772923 0.00087923506895508916 0 0.004698187565057509 nan nan nan nan nan nan nan nan nan nan 0 0 0 0 running
9680 17.426811220940646 0.0018056771129957504 0.25 1289.687355 0.00035378648971765356 2.822776670264655e-05 0.00028769479881274367 0.00018366094562338077 0 0.00071311146008846223 nan nan nan nan nan nan nan nan nan nan 0.00015288575758576339 0.0015238516709675477 0.00086094425426390007 0 0.0046308724280547213 nan nan nan nan nan nan nan nan nan nan 0 0 0 0 running
9700 17.462924766490669 0.001805677425854704 0.25 1291.7244519999999 0.00034816729173815152 2.7853617081579156e-05 0.00028293136579703312 0.00018105336253241639 0 0.00070178060201233781 nan nan nan nan nan nan nan nan nan nan 0.00015105810511178985 0.0015046357045574114 0.00084284151848360218 0 0.0045641634627737633 nan nan nan nan nan nan nan nan nan nan 0 0 0 0 running
9720 17.499038318265907 0.001805677735676358 0.25 1293.832864 0.00034261919441557658 2.7483850666324756e-05 0.00027824221620050726 0.00017849465989233206 0 0.00069058317773907252 nan nan nan nan nan nan nan nan nan nan 0.00014924777936614619 0.0014856129760209861 0.00082493048496285566 0 0.0044980561225646445 nan nan nan nan nan nan nan nan nan nan 0 0 0 0 running
9740 17.53430788005284 0.0018056780353625638 0.25 1295.8782160000001 0.00033726905835149319 2.7126923927944149e-05 0.0002737334657302685 0.00017604295290402148 0 0.00067977576234876937 nan nan nan nan nan nan nan nan nan nan 0.00014749611900927162 0.0014672157786631166 0.00081273358557101176 0 0.0044340696840443321 nan nan nan nan nan nan nan nan nan nan 0 0 0 0 running
9760 17.570421443956249 0.0018056783392914398 0.25 1297.953287 0.00033186051466770891 2.6765721036990997e-05 0.00026918842452321808 0.0001735808937752781 0 0.00066884068923312107 nan nan nan nan nan nan nan nan nan nan 0.00014571891010783933 0.0014485581324969032 0.00080240394374275249 0 0.0043691365510842989 nan nan nan nan nan nan nan nan nan nan 0 0 0 0 running
9780 17.606535013907411 0.0018056786402900122 0.25 1300.0424860000001 0.00032652211914624988 2.6408799883294385e-05 0.00026471492763606506 0.00017116768292149213 0 0.0006580377482769765 nan nan nan nan nan nan nan nan nan nan 0.00014395787567045293 0.001430077029675905 0.00079223704683149148 0 0.004304789207239609 nan nan nan nan nan nan nan nan nan nan 0 0 0 0 running
9800 17.642648589848051 0.0018056789383890863 0.25 1302.3586190000001 0.00032125359578945924 2.6056126594602384e-05 0.00026031207118866272 0.00016880324672522467 0 0.00064736661312865356 nan nan nan nan nan nan nan nan nan nan 0.00014221262308006244 0.0014117672164431347 0.00078222980196788485 0 0.0042410216778553684 nan nan nan nan nan nan nan nan nan nan 0 0 0 0 running
9820 17.678762171720468 0.001805679233616768 0.25 1304.4501640000001 0.0003160547151820649 2.5707667566507352e-05 0.0002559789641368948 0.00016648747205025879 0 0.00063682707412773159 nan nan nan nan nan nan nan nan nan nan 0.00014048275584266356 0.0013936235517997353 0.00077237908865175858 0 0.0041778275214053012 nan nan nan nan nan nan nan nan nan nan 0 0 0 0 running
9840 17.714875759467521 0.0018056795259983878 0.25 1306.6356310000001 0.00031092523815270012 2.5363388416745223e-05 0.00025171471354995734 0.00016422020719285846 0 0.00062641890429774335 nan nan nan nan nan nan nan nan nan nan 0.00013876789141170631 0.0013756410849784769 0.00076268176982736708 0 0.0041152009509628704 nan nan nan nan nan nan nan nan nan nan 0 0 0 0 running
9860 17.750989353032523 0.0018056798155566209 0.25 1308.729057 0.00030586493088555563 2.5023255150127779e-05 0.00024751843475803926 0.00016200126271039396 0 0.00061614189255802788 nan nan nan nan nan nan nan nan nan nan 0.00013706767535931474 0.0013578151131096415 0.00075313469387129888 0 0.0040531376620945667 nan nan nan nan nan nan nan nan nan nan 0 0 0 0 running
9880 17.787102952359231 0.0018056801023118105 0.25 1310.953679 0.00030087356966175386 2.4687233661802932e-05 0.00024338924933842634 0.00015983040876357306 0 0.0006059958571146385 nan nan nan nan nan nan nan nan nan nan 0.00013538175718347256 0.0013401410318685863 0.00074373468436054221 0 0.0039916331903007817 nan nan nan nan nan nan nan nan nan nan 0 0 0 0 running
9900 17.823216557391778 0.001805680386282315 0.25 1313.020581 0.00029595093986496749 2.4355289756281011e-05 0.00023932628569950262 0.00015770737295923095 0 0.00059598064346357222 nan nan nan nan nan nan nan nan nan nan 0.00013370977795629235 0.0013226142593963635 0.00073447853548376236 0 0.003930682075286929 nan nan nan nan nan nan nan nan nan nan 0 0 0 0 running
9920 17.859330168074639 0.0018056806674847101 0.25 1314.9871860000001 0.00029109683590090244 2.4027389192527248e-05 0.00023532867948144017 0.00015563183805767305 0 0.00058609612481442608 nan nan nan nan nan nan nan nan nan nan 0.00013205137438698777 0.0013052302518798903 0.00072536301433299803 0 0.0038702781190666797 nan nan nan nan nan nan nan nan nan nan 0 0 0 0 running
9940 17.895443784352619 0.0018056809459337994 0.25 1316.899664 0.00028631106188713445 2.3703497739725012e-05 0.00023139557360423853 0.00015360343979570326 0 0.00057634220458759457 nan nan nan nan nan nan nan nan nan nan 0.00013040619326643021 0.0012879845781321531 0.00071638486680771375 0 0.0038104153283993018 nan nan nan nan nan nan nan nan nan nan 0 0 0 0 running
9960 17.931557406170782 0.0018056812216425168 0.25 1318.807898 0.00028159343271008349 2.3383581243498132e-05 0.00022752611796880457 0.00015162176513211257 0 0.0005667188199060787 nan nan nan nan nan nan nan nan nan nan 0.00012877390820459356 0.0012708730085594904 0.00070754082280120477 0 0.0037510890056490255 nan nan nan nan nan nan nan nan nan nan 0 0 0 0 running
9980 17.967671033474442 0.0018056814946218033 0.25 1320.821915 0.00027694377443584871 2.3067605681421065e-05 0.00022371946886312564 0.00014968635126360227 0 0.00055722594345470689 nan nan nan nan nan nan nan nan nan nan 0.00012715423157438899 0.0012538915802908631 0.00069882759784092191 0 0.0036922965158318801 nan nan nan nan nan nan nan nan nan nan 0 0 0 0 running
10000 18.003784666209118 0.0018056817648805683 0.25 1322.789053 0.00027236192335659468 2.2755537198967386e-05 0.00021997478825131996 0.00014779668562208963 0 0.00054786358179040925 nan nan nan nan nan nan nan nan nan nan 0.00012554691801491824 0.0012370366174982907 0.0006902418902890279 0 0.0036340374903573516 nan nan nan nan nan nan nan nan nan nan 0 0 0 0 running
10020 18.039898304320459 0.0018056820324257416 0.25 1324.7274199999999 0.00026784772313754337 2.2447342113674484e-05 0.00021629124310629019 0.000145952206917818 0 0.000538631768681737 nan nan nan nan nan nan nan nan nan nan 0.00012395175937907066 0.0012203047062546192 0.00068178037594886546 0 0.0035763134643334773 nan nan nan nan nan nan nan nan nan nan 0 0 0 0 running
10040 18.076011947754264 0.0018056822972623752 0.25 1326.9291229999999 0.00026340102025726897 2.2142986889135949e-05 0.00021266800494654012 0.00014415230698628122 0 0.00052953055394100727 nan nan nan nan nan nan nan nan nan nan 0.00012236857380543142 0.0012036926373921713 0.0006734397023562314 0 0.0035191271288376128 nan nan nan nan nan nan nan nan nan nan 0 0 0 0 running
10060 18.112125596456387 0.001805682559393769 0.25 1328.972035 0.00025902165852788864 2.1842438085383228e-05 0.00020910424966256248 0.00014239633298856634 0 0.00052055998977605167 nan nan nan nan nan nan nan nan nan nan 0.00012079719291557822 0.0011871973388459973 0.00066521648553682792 0 0.0034624814605440559 nan nan nan nan nan nan nan nan nan nan 0 0 0 0 running
10080 18.148239250372754 0.0018056828188215783 0.25 1330.9004910000001 0.00025470947365159379 2.154566229766408e-05 0.00020559915765321475 0.00014068358944051653 0 0.00051172011716360685 nan nan nan nan nan nan nan nan nan nan 0.0001192374507362759 0.0011708158168392208 0.00065710731083350551 0 0.0034063789745497584 nan nan nan nan nan nan nan nan nan nan 0 0 0 0 running
10100 18.184352909449288 0.0018056830755459208 0.25 1332.8499469999999 0.00025046428871307899 2.1252626095037447e-05 0.00020215191421974306 0.00013901333970136774 0 0.00050301095460156058 nan nan nan nan nan nan nan nan nan nan 0.00011775169221825421 0.0011545451187633012 0.00064910873801674626 0 0.0033508212550969144 nan nan nan nan nan nan nan nan nan nan 0 0 0 0 running
10120 18.22046657363191 0.0018056833295654806 0.25 1334.9159950000001 0.0002462859111494525 2.0963295974233361e-05 0.00019876171015557084 0.0001373848068738956 0 0.00049443249063115978 nan nan nan nan nan nan nan nan nan nan 0.00011643931506699623 0.0011383823221520718 0.00064121730988857869 0 0.0032958088135384978 nan nan nan nan nan nan nan nan nan nan 0 0 0 0 running
10140 18.256580242866505 0.0018056835808775459 0.25 1336.813304 0.00024217413123017994 2.0677638330299618e-05 0.00019542774242286992 0.00013579717436633469 0 0.00048598468019492454 nan nan nan nan nan nan nan nan nan nan 0.00011513883109204315 0.0011223245463417462 0.00063342956246906917 0 0.0032413412299978957 nan nan nan nan nan nan nan nan nan nan 0 0 0 0 running
10160 18.292693917098873 0.0018056838294780062 0.25 1338.6924630000001 0.00023812872156719653 2.0395619448103882e-05 0.00019214921481856666 0.00013424958651394092 0 0.00047766744357231362 nan nan nan nan nan nan nan nan nan nan 0.00011384998170363425 0.0011063689782046075 0.00062585414718467278 0 0.003187417467022299 nan nan nan nan nan nan nan nan nan nan 0 0 0 0 running
10180 18.328807596274729 0.0018056840753613444 0.25 1340.578577 0.00023414944554719222 2.0117205892623325e-05 0.000188925345977439 0.00013274114919853633 0 0.00046948068462304005 nan nan nan nan nan nan nan nan nan nan 0.00011257250020080267 0.0010905129019956328 0.00062380668565496485 0 0.0031340361645822833 nan nan nan nan nan nan nan nan nan nan 0 0 0 0 running
10200 18.364921280339672 0.001805684318520703 0.25 1342.4292049999999 0.00023023605962475021 1.9842363446985511e-05 0.00018575536291715061 0.00013127092743743862 0 0.00046142430053880759 nan nan nan nan nan nan nan nan nan nan 0.00011130610181531164 0.0010747538651743422 0.00062167063317147137 0 0.0030811968094461087 nan nan nan nan nan nan nan nan nan nan 0 0 0 0 running
10220 18.40103496923912 0.0018056845589480544 0.25 1344.31863 0.00022638828493559649 1.9571057795752663e-05 0.00018263848330086883 0.00012983795340960915 0 0.00045349811658828513 nan nan nan nan nan nan nan nan nan nan 0.00011005054546053827 0.0010590896166807568 0.00061944051215122439 0 0.0030288997236898093 nan nan nan nan nan nan nan nan nan nan 0 0 0 0 running
10240 18.437148662918357 0.0018056847966344193 0.25 1346.3320289999999 0.00022260582350722608 1.9303255300209736e-05 0.00017957394160111607 0.00012844123119348477 0 0.00044570191525144598 nan nan nan nan nan nan nan nan nan nan 0.00010880559029446957 0.001043517740994023 0.00061711106348409216 0 0.0029771422506420769 nan nan nan nan nan nan nan nan nan nan 0 0 0 0 running
10260 18.473262361322448 0.0018056850315700593 0.25 1348.209998 0.00021888834837696433 1.9038922164269421e-05 0.00017656098183981659 0.00012707973910494434 0 0.00043803541445821317 nan nan nan nan nan nan nan nan nan nan 0.00010757098135644183 0.001028035771419856 0.00061762374233171875 0 0.0029259202497839039 nan nan nan nan nan nan nan nan nan nan 0 0 0 0 running
10280 18.509376064396271 0.0018056852637446017 0.25 1350.069123 0.00021523550364750194 1.8778024443900153e-05 0.00017359885785834652 0.00012575243216093247 0 0.00043049826748297264 nan nan nan nan nan nan nan nan nan nan 0.00010634645213944416 0.0010126413482573204 0.00061799362049666854 0 0.0028752300437844807 nan nan nan nan nan nan nan nan nan nan 0 0 0 0 running
10300 18.545489772084508 0.0018056854931470764 0.25 1352.0122899999999 0.00021164690617065076 1.8520528087806376e-05 0.00017068683351920678 0.00012445824430587437 0 0.00042309006698914111 nan nan nan nan nan nan nan nan nan nan 0.00010513173242468477 0.00099733233898890387 0.00061800187324707575 0 0.0028250697748203046 nan nan nan nan nan nan nan nan nan nan 0 0 0 0 running
10320 18.581603484331588 0.0018056857197659018 0.25 1353.865362 0.00020812214807166575 1.8266398996117942e-05 0.00016782418293770251 0.00012319609054704193 0 0.00041581035118519363 nan nan nan nan nan nan nan nan nan nan 0.00010392655778637683 0.00098210689883237307 0.00061764735082765754 0 0.002775439948889416 nan nan nan nan nan nan nan nan nan nan 0 0 0 0 running
10340 18.617717201081707 0.0018056859435888564 0.25 1355.8219509999999 0.00020466079913550797 1.8015603081041956e-05 0.0001650101907653006 0.00012196486920889154 0 0.00040865860957773438 nan nan nan nan nan nan nan nan nan nan 0.00010273067755930954 0.00096696346919885028 0.00061692928108168506 0 0.0027263431894213198 nan nan nan nan nan nan nan nan nan nan 0 0 0 0 running
10360 18.653830922278814 0.0018056861646030878 0.25 1357.6804709999999 0.00020126240847016799 1.7768106320292824e-05 0.00016224415253587732 0.00012076346449152622 0 0.00040163428679057436 nan nan nan nan nan nan nan nan nan nan 0.00010154385937566346 0.00095190073023773865 0.00061584722877262702 0 0.0026777834451121377 nan nan nan nan nan nan nan nan nan nan 0 0 0 0 running
10380 18.689944647866593 0.0018056863827951401 0.25 1359.552608 0.00019792650564422819 1.7523874831218502e-05 0.00015952537511091771 0.00011959074976464199 0 0.00039473678478199245 nan nan nan nan nan nan nan nan nan nan 0.00010036588970721572 0.0009369175299055732 0.00061440106969632238 0 0.0026297649647557958 nan nan nan nan nan nan nan nan nan nan 0 0 0 0 running
10400 18.726058377788458 0.0018056865981510126 0.25 1361.5047629999999 0.00019465260408423488 1.7282875222605451e-05 0.00015685317783309716 0.00011844559316009684 0 0.00038796546969095192 nan nan nan nan nan nan nan nan nan nan 9.9196571159421154e-05 0.00092201281359412419 0.00061259098362017369 0 0.0025822913422058197 nan nan nan nan nan nan nan nan nan nan 0 0 0 0 running
10420 18.762172111987539 0.0018056868106562463 0.25 1363.7504690000001 0.00019144017663538988 1.7045073244079442e-05 0.00015422689004648818 0.00011732685355824985 0 0.00038131961325082634 nan nan nan nan nan nan nan nan nan nan 9.8035717708583325e-05 0.00090718557000713136 0.00061041746294380442 0 0.0025353648464329775 nan nan nan nan nan nan nan nan nan nan 0 0 0 0 running
10440 18.798285850406661 0.0018056870202959984 0.25 1365.712749 0.00018828868076924252 1.6810435239582873e-05 0.00015164585435209992 0.00011623339397439397 0 0.00037479845087617345 nan nan nan nan nan nan nan nan nan nan 9.6883149880350183e-05 0.00089243480671722091 0.00060788133815410021 0 0.0024889861571093259 nan nan nan nan nan nan nan nan nan nan 0 0 0 0 running
10460 18.834399592988355 0.0018056872270551091 0.25 1367.6420270000001 0.00018519751150600827 1.6578926249436203e-05 0.00014910936313066814 0.00011516408265507895 0 0.0003684010890829271 nan nan nan nan nan nan nan nan nan nan 9.5738647536508514e-05 0.00087775400320641486 0.00060498380408938103 0 0.0024431507348287133 nan nan nan nan nan nan nan nan nan nan 0 0 0 0 running
10480 18.870513339674847 0.0018056874309181588 0.25 1369.6322909999999 0.0001821660274214892 1.635051207331937e-05 0.00014661680777132094 0.00011411779394502889 0 0.00036212651003708835 nan nan nan nan nan nan nan nan nan nan 9.4601895300694405e-05 0.0008631450362850358 0.00060172642221481055 0 0.0023978597030911673 nan nan nan nan nan nan nan nan nan nan 0 0 0 0 running
10500 18.906627090408062 0.0018056876318695337 0.25 1371.504089 0.00017919362950198541 1.612515984339486e-05 0.00014416761782705466 0.00011309341129359971 0 0.00035597379367384343 nan nan nan nan nan nan nan nan nan nan 9.3472821620671498e-05 0.00084861110464066764 0.00059811072806611662 0 0.002353116499783205 nan nan nan nan nan nan nan nan nan nan 0 0 0 0 running
10520 18.942740845129588 0.0018056878298934895 0.25 1373.3996199999999 0.00017627964418207983 1.5902835432176568e-05 0.0001417611977765947 0.00011208983796025733 0 0.00034994184605589672 nan nan nan nan nan nan nan nan nan nan 9.2351299523479868e-05 0.00083415087495164637 0.00059413853866642041 0 0.0023089120762665259 nan nan nan nan nan nan nan nan nan nan 0 0 0 0 running
10540 18.978854603780704 0.0018056880249742162 0.25 1375.404648 0.00017342336813584101 1.5683505495029331e-05 0.00013939696035780361 0.00011110599934376962 0 0.00034402949740699811 nan nan nan nan nan nan nan nan nan nan 9.1237161033291825e-05 0.0008197631491658362 0.00058981237278942259 0 0.0022652372800445238 nan nan nan nan nan nan nan nan nan nan 0 0 0 0 running
10560 19.014968366302401 0.0018056882170958857 0.25 1377.301197 0.00017062406689319519 1.5467136767670708e-05 0.00013707433237127953 0.00011014084441429775 0 0.00033823549561326548 nan nan nan nan nan nan nan nan nan nan 9.0130229345813939e-05 0.0008054470767507255 0.00058513539436772974 0 0.0022220859913891552 nan nan nan nan nan nan nan nan nan nan 0 0 0 0 running
10580 19.051082132635326 0.0018056884062426681 0.25 1379.214851 0.00016788097783669353 1.5253696093479766e-05 0.00013479275496686355 0.00010919334782733312 0 0.0003325585126729006 nan nan nan nan nan nan nan nan nan nan 8.9030332489331565e-05 0.00079120215674772631 0.0005801113148796122 0 0.0021794552180950891 nan nan nan nan nan nan nan nan nan nan 0 0 0 0 running
10600 19.087195902719802 0.001805688592398768 0.25 1381.0960769999999 0.00016519331128843381 1.5043150410404494e-05 0.00013255168385455158 0.0001082625120142188 0 0.00032699714631417051 nan nan nan nan nan nan nan nan nan nan 8.7937312523711508e-05 0.0007770281861533921 0.00057474427857080257 0 0.0021373445091150706 nan nan nan nan nan nan nan nan nan nan 0 0 0 0 running
10620 19.123309676495868 0.0018056887755484715 0.25 1382.9688980000001 0.00016256024985325225 1.4835466704473546e-05 0.00013035058946366486 0.00010734736928126308 0 0.00032154991715795339 nan nan nan nan nan nan nan nan nan nan 8.6851029654083645e-05 0.00076292518032047493 0.00056903875734913394 0 0.002095754994760014 nan nan nan nan nan nan nan nan nan nan 0 0 0 0 running
10640 19.159423453903223 0.0018056889556762365 0.25 1384.8817779999999 0.00015998094360569352 1.4630611918732294e-05 0.00012818895111952976 0.00010644698378443562 0 0.00031621525774983537 nan nan nan nan nan nan nan nan nan nan 8.5771361929110057e-05 0.00074889328989704088 0.00056299947301383232 0 0.0020546883594628439 nan nan nan nan nan nan nan nan nan nan 0 0 0 0 running
10660 19.195537234881254 0.0018056891327668031 0.25 1386.767167 0.00015745451112391068 1.442855288929898e-05 0.00012606627265388543 0.00010556045168412551 0 0.00031099150819157247 nan nan nan nan nan nan nan nan nan nan 8.469820199000222e-05 0.00073493273339004205 0.00055663135293439691 0 0.0020141459850715991 nan nan nan nan nan nan nan nan nan nan 0 0 0 0 running
10680 19.231651019369092 0.0018056893068052991 0.25 1388.8049590000001 0.00015498004798596132 1.4229256453458367e-05 0.00012398207309511272 0.0001046869038191037 0 0.0003058769398781869 nan nan nan nan nan nan nan nan nan nan 8.3631452431842668e-05 0.00072104375521501226 0.00054993951638460212 0 0.0019741283892936879 nan nan nan nan nan nan nan nan nan nan 0 0 0 0 running
10700 19.267764807305515 0.0018056894777773269 0.25 1390.6826140000001 0.00015255661937295528 1.403268937108993e-05 0.00012193588363659383 0.0001038255099302811 0 0.00030086973588418366 nan nan nan nan nan nan nan nan nan nan 8.2571021369132191e-05 0.00070722661109977065 0.00054292928303741083 0 0.0019346349961165098 nan nan nan nan nan nan nan nan nan nan 0 0 0 0 running
10720 19.303878598629051 0.0018056896456690153 0.25 1392.5980569999999 0.00015018326163377137 1.3838818349672729e-05 0.0001199272501037734 0.00010297548017641036 0 0.00029596799260470476 nan nan nan nan nan nan nan nan nan nan 8.1516819130322826e-05 0.00069348157667980994 0.0005356061952912234 0 0.00189566418515188 nan nan nan nan nan nan nan nan nan nan 0 0 0 0 running
10740 19.339992393277967 0.0018056898104670484 0.25 1394.5085919999999 0.00014785898460432573 1.3647610072990373e-05 0.00011795573279454914 0.00010213606530542333 0 0.00029116972480880291 nan nan nan nan nan nan nan nan nan nan 8.0468756705587285e-05 0.00067980897060572389 0.00052797603877463876 0 0.0018572135266244245 nan nan nan nan nan nan nan nan nan nan 0 0 0 0 running
10760 19.376106191190239 0.0018056899721586714 0.25 1396.431902 0.00014558276960370683 1.345903119058224e-05 0.00011602089924222626 0.00010130655646559669 0 0.00028647286269898041 nan nan nan nan nan nan nan nan nan nan 7.9426745742211535e-05 0.00066620918208027454 0.00052004485584588992 0 0.0018192800816070505 nan nan nan nan nan nan nan nan nan nan 0 0 0 0 running
10780 19.412219992303619 0.0018056901307317167 0.25 1398.3309099999999 0.00014335356506143193 1.3273048224732907e-05 0.00011412233907166238 0.00010048628454314249 0 0.00028187523412577775 nan nan nan nan nan nan nan nan nan nan 7.8390699664060426e-05 0.00065268269586171886 0.00051181895580722594 0 0.0017818606837178459 nan nan nan nan nan nan nan nan nan nan 0 0 0 0 running
10800 19.448333796555616 0.0018056902861747076 0.25 1400.2105059999999 0.00014117032977959654 1.3089628142632031e-05 0.00011225966623529128 9.9674621023645535e-05 0 0.0002773746725027746 nan nan nan nan nan nan nan nan nan nan 7.7360535390508245e-05 0.00063923011162064086 0.00050330492365122386 0 0.0017449521699479872 nan nan nan nan nan nan nan nan nan nan 0 0 0 0 running
10820 19.484447603883506 0.0018056904384766567 0.25 1402.106196 0.00013903201219109043 1.2908738171890029e-05 0.00011043250172142614 9.8870983737659211e-05 0 0.00027296896835835006 nan nan nan nan nan nan nan nan nan nan 7.6336175365204761e-05 0.00062585215638927445 0.00049450962689198056 0 0.0017085515389281304 nan nan nan nan nan nan nan nan nan nan 0 0 0 0 running
10840 19.520561414224371 0.0018056905876264997 0.25 1403.982884 0.00013693754556902166 1.2730345733987993e-05 0.00010864047913158397 9.8074839443581727e-05 0 0.00026865585307602754 nan nan nan nan nan nan nan nan nan nan 7.5317549703662889e-05 0.00061254968837728789 0.00049288919583546746 0 0.0016726560225093674 nan nan nan nan nan nan nan nan nan nan 0 0 0 0 running
10860 19.556675227515033 0.0018056907336136136 0.25 1405.868635 0.0001348858483361267 1.2554418419895481e-05 0.00010688324427906406 9.7285704635912066e-05 0 0.00026443299860417775 nan nan nan nan nan nan nan nan nan nan 7.4304597910607173e-05 0.00059932368975433234 0.00049130016138676947 0 0.0016372630370221231 nan nan nan nan nan nan nan nan nan nan 0 0 0 0 running
10880 19.592789043692157 0.0018056908764292434 0.25 1407.744504 0.00013287582698478172 1.2380923964683032e-05 0.00010516045488527081 9.6503144610273132e-05 0 0.00026029802441601555 nan nan nan nan nan nan nan nan nan nan 7.3297269533839637e-05 0.00058617525046965411 0.00048936804405525945 0 0.0016023700444426827 nan nan nan nan nan nan nan nan nan nan 0 0 0 0 running
10900 19.628902862692225 0.0018056910160666798 0.25 1409.654182 0.00013090638053627116 1.2209830233228991e-05 0.00010347178029593172 9.572677159452502e-05 0 0.00025624850878335067 nan nan nan nan nan nan nan nan nan nan 7.2295523813020734e-05 0.00057310555224731382 0.00048709489272899032 0 0.0015679744233704235 nan nan nan nan nan nan nan nan nan nan 0 0 0 0 running
10920 19.665016684451615 0.0018056911525199805 0.25 1411.5066280000001 0.00012897640509142676 1.2041105230298457e-05 0.00010181690137515087 9.49562436795064e-05 0 0.00025228199998615229 nan nan nan nan nan nan nan nan nan nan 7.129932896854374e-05 0.00056011585719520016 0.00048448307843680454 0 0.0015340734020374159 nan nan nan nan nan nan nan nan nan nan 0 0 0 0 running
10940 19.701130508906584 0.0018056912857832095 0.25 1413.371449 0.00012708479761723888 1.1874717129733197e-05 0.00010019551028822758 9.419126500541672e-05 0 0.00024839602519952428 nan nan nan nan nan nan nan nan nan nan 7.030866159518645e-05 0.00054720750159932031 0.00048153529222655497 0 0.0015006640536869495 nan nan nan nan nan nan nan nan nan nan 0 0 0 0 running
10960 19.737244335993278 0.0018056914158506186 0.25 1415.2308169999999 0.00012523045819048842 1.1710634299890843e-05 9.8607309638732528e-05 9.3431586109774897e-05 0 0.00024458809566312793 nan nan nan nan nan nan nan nan nan nan 6.9323506227292331e-05 0.00053438189017766726 0.00047825454605210805 0 0.0014677432975359582 nan nan nan nan nan nan nan nan nan nan 0 0 0 0 running
10980 19.773358165647711 0.0018056915427167226 0.25 1417.118557 0.00012341229089488114 1.1548825308954272e-05 9.7052011026140848e-05 9.2677003781499128e-05 0 0.0002408557088371851 nan nan nan nan nan nan nan nan nan nan 6.8343854843638807e-05 0.00052164048912204525 0.00047464417095284778 0 0.0014353078805147534 nan nan nan nan nan nan nan nan nan nan 0 0 0 0 running
11000 19.809471997805804 0.0018056916663766103 0.25 1419.0086759999999 0.00012162920429727597 1.1389258912023159e-05 9.5529333528836981e-05 9.1927360708311733e-05 0 0.000237196349592732 nan nan nan nan nan nan nan nan nan nan 6.7369706099412729e-05 0.00050898481846105813 0.00047070780987756053 0 0.001403354351760611 nan nan nan nan nan nan nan nan nan nan 0 0 0 0 running
11020 19.845585832403412 0.0018056917868270366 0.25 1420.945641 0.00011988012192706294 1.1231904676834498e-05 9.4039023974485359e-05 9.1182545005601137e-05 0 0.00023360750831211648 nan nan nan nan nan nan nan nan nan nan 6.6401063987919784e-05 0.00049641639912826468 0.00046644940049215622 0 0.0013718779394026933 nan nan nan nan nan nan nan nan nan nan 0 0 0 0 running
11040 19.881699669376314 0.0018056919040671171 0.25 1422.9161369999999 0.00011816389785199073 1.107673040409458e-05 9.2580828673913978e-05 9.0442486540334374e-05 0 0.00023008647637765746 nan nan nan nan nan nan nan nan nan nan 6.5437916757837833e-05 0.00048393589395313418 0.00046374575773498608 0 0.0013408532839046076 nan nan nan nan nan nan nan nan nan nan 0 0 0 0 running
11060 19.917813508660316 0.0018056920180977059 0.25 1424.840146 0.00011647940141047931 1.0923702357104031e-05 9.115444824699676e-05 8.9707153218385137e-05 0 0.00022663058204437021 nan nan nan nan nan nan nan nan nan nan 6.4480242469938664e-05 0.00047154481655761575 0.00046671721242037357 0 0.0013102746967775681 nan nan nan nan nan nan nan nan nan nan 0 0 0 0 running
11080 19.953927350191243 0.0018056921289203237 0.25 1426.8661959999999 0.00011482563992375199 1.0772791363820431e-05 8.97596327784839e-05 8.897655491938793e-05 0 0.00022323746523349568 nan nan nan nan nan nan nan nan nan nan 6.3528044653621274e-05 0.00045924525079329374 0.00046936168997799461 0 0.0012801478656851092 nan nan nan nan nan nan nan nan nan nan 0 0 0 0 running
11100 19.990041193904954 0.0018056922365367743 0.25 1428.7368100000001 0.00011320164409088405 1.0623968811738708e-05 8.8396127411314692e-05 8.8250747122268786e-05 0 0.00021990480372681065 nan nan nan nan nan nan nan nan nan nan 6.258135119530106e-05 0.00044703936215088544 0.00047167659675671162 0 0.001250478520963369 nan nan nan nan nan nan nan nan nan nan 0 0 0 0 running
11106 20 0.00093034483306908555 0.25 1429.2984959999999 0.00011275891631029668 1.0583292864009247e-05 8.8025598545036598e-05 8.8051452440859247e-05 0 0.00021899610880871882 nan nan nan nan nan nan nan nan nan nan 6.2321263772507907e-05 0.00044369021819653815 0.00047225667791123572 0 0.0012423779861272955 nan nan nan nan nan nan nan nan nan nan 0 0 0 1 physical_time_reached
