# step time dt cfl wall_time total_l2 rho_l2 rhou_l2 rhov_l2 rhow_l2 rhoE_l2 rho_reference_l2 rhou_reference_l2 rhov_reference_l2 rhow_reference_l2 rhoE_reference_l2 rho_normalized_l2 rhou_normalized_l2 rhov_normalized_l2 rhow_normalized_l2 rhoE_normalized_l2 rho_linf rhou_linf rhov_linf rhow_linf rhoE_linf rho_reference_linf rhou_reference_linf rhov_reference_linf rhow_reference_linf rhoE_reference_linf rho_normalized_linf rhou_normalized_linf rhov_normalized_linf rhow_normalized_linf rhoE_normalized_linf consecutive reconstruction_fallbacks riemann_fallbacks residual_checked stop_reason
0 0 0 0.25 0 9.1515278664102269 0.32294700389946573 1.2746411684877561 0.25885617275545797 0 20.41950783085894 nan nan nan nan nan nan nan nan nan nan 10.937483433108353 49.354657488261566 8.3131625374191422 0 695.84950661293146 nan nan nan nan nan nan nan nan nan nan 0 0 0 0 running
20 0.028307056993498825 0.0014223001675167238 0.25 1.9764839999999999 4.8485186502835722 0.1714710269887218 0.89792995792966124 0.51537015293197741 0 10.790707974630807 nan nan nan nan nan nan nan nan nan nan 4.9715980891244964 27.752280990329865 14.984762630846165 0 317.19158075300459 nan nan nan nan nan nan nan nan nan nan 0 0 0 0 running
40 0.056750783234686616 0.0014285601990232084 0.25 4.8756089999999999 4.8065089196485022 0.17100092021389937 0.76806865577160166 0.55249992416034621 0 10.704588410229189 nan nan nan nan nan nan nan nan nan nan 3.7193459029864595 20.422596000226505 13.264403053044814 0 230.36862147660366 nan nan nan nan nan nan nan nan nan nan 0 0 0 0 running
60 0.085467003489898288 0.0014388794123570507 0.25 9.0114680000000007 4.0811368369987431 0.14396358099395296 0.63987384173400896 0.46067162643681414 0 9.0904349190865759 nan nan nan nan nan nan nan nan nan nan 3.0299697501835001 14.09681734719064 9.614808018464867 0 187.35673042609369 nan nan nan nan nan nan nan nan nan nan 0 0 0 0 running
80 0.11429442666557721 0.0014433158825695423 0.25 12.809861 3.6590481702647977 0.12932307021974568 0.59253858374659563 0.41416248753791135 0 8.1488533282780189 nan nan nan nan nan nan nan nan nan nan 2.2622120915542876 10.801451079233241 7.4041955451070143 0 138.62863188377719 nan nan nan nan nan nan nan nan nan nan 0 0 0 0 running
100 0.14319321937108065 0.0014457117530020476 0.25 16.629693 3.3851533097954101 0.12005485859043118 0.53222173531349604 0.37307057100226204 0 7.5405211927647864 nan nan nan nan nan nan nan nan nan nan 1.7242120900738724 8.115659646610963 5.7221775038222615 0 104.70104677958371 nan nan nan nan nan nan nan nan nan nan 0 0 0 0 running
120 0.17211709393355179 0.0014467312751284434 0.25 20.723436 3.1686339754666495 0.11231415280566895 0.49468964781579849 0.33746513605884554 0 7.0590361465129305 nan nan nan nan nan nan nan nan nan nan 1.2468714302017099 6.1899881067693912 4.272269513650059 0 75.213487253541103 nan nan nan nan nan nan nan nan nan nan 0 0 0 0 running
140 0.20106447686475779 0.0014475549657131737 0.25 24.647766000000001 3.0114564205271837 0.10692220631134963 0.4672504500441565 0.30944993316332725 0 6.7096076085914476 nan nan nan nan nan nan nan nan nan nan 1.1980324179552815 5.6617682256656572 3.7242447704123056 0 72.274918083471931 nan nan nan nan nan nan nan nan nan nan 0 0 0 0 running
160 0.23001539435694646 0.0014476364958395471 0.25 28.504854999999999 2.8783719052457823 0.10226076168583625 0.44352465470672348 0.28843859953984108 0 6.4136382744993803 nan nan nan nan nan nan nan nan nan nan 1.038970160326584 4.8282315474989908 3.3959009557140871 0 62.453041139646238 nan nan nan nan nan nan nan nan nan nan 0 0 0 0 running
180 0.25897559072009868 0.0014484679530784271 0.25 32.457808 2.7692738321196346 0.098389893937209996 0.42405252862942489 0.27141331883866737 0 6.1709984182791553 nan nan nan nan nan nan nan nan nan nan 0.7935842976100641 4.1441395764028988 2.5581788137682797 0 47.425369167936452 nan nan nan nan nan nan nan nan nan nan 0 0 0 0 running
200 0.28794729338287378 0.0014486118028176152 0.25 36.392536999999997 2.6650541279628759 0.09469764227498538 0.40761703312395997 0.25648506288258971 0 5.9389951715953355 nan nan nan nan nan nan nan nan nan nan 0.81482559363088336 3.7222074931870175 2.5533525387100795 0 48.787214678258657 nan nan nan nan nan nan nan nan nan nan 0 0 0 0 running
220 0.31692287579779249 0.001449013413969584 0.25 40.216701 2.5671519034163577 0.091201237437436661 0.39295385952642498 0.24407370545807547 0 5.720930177947313 nan nan nan nan nan nan nan nan nan nan 0.59201702535796741 3.3268045356647447 2.0610214473304747 0 35.826456305135018 nan nan nan nan nan nan nan nan nan nan 0 0 0 0 running
240 0.34591251892379021 0.0014499994979640096 0.25 44.169455999999997 2.4745334861012021 0.087899287948994209 0.37903739919570534 0.23327865276118684 0 5.5145956610195617 nan nan nan nan nan nan nan nan nan nan 0.64374484297178469 2.9156252084141991 1.9952010876580664 0 38.390451204676097 nan nan nan nan nan nan nan nan nan nan 0 0 0 0 running
260 0.37492730218354409 0.0014514655003794233 0.25 48.116675000000001 2.3899703349141586 0.084866733560660101 0.36606655131697347 0.22367280809300374 0 5.326213889932502 nan nan nan nan nan nan nan nan nan nan 0.50452024972024023 2.6705947836506625 1.6105430362925051 0 31.217371440303051 nan nan nan nan nan nan nan nan nan nan 0 0 0 0 running
280 0.40397441039565096 0.0014531204686791391 0.25 52.270594000000003 2.3075400909127954 0.08192934069951166 0.35426530954068297 0.2152121169283758 0 5.1424871194943167 nan nan nan nan nan nan nan nan nan nan 0.5153601402651613 2.515866090984475 1.6170433169795526 0 33.513071885541173 nan nan nan nan nan nan nan nan nan nan 0 0 0 0 running
300 0.43304802730326164 0.0014542314659155352 0.25 56.535539 2.231702354391214 0.079216063164476769 0.343191128260808 0.20759129756823572 0 4.9734623262843929 nan nan nan nan nan nan nan nan nan nan 0.4554471474449952 2.1918763648108595 1.2493582935579084 0 27.764017766280134 nan nan nan nan nan nan nan nan nan nan 0 0 0 0 running
320 0.46214629958832271 0.0014555538372840017 0.25 60.705893000000003 2.1609432444772212 0.076692561950501836 0.33267712678720013 0.2006426498255037 0 4.8157621656996081 nan nan nan nan nan nan nan nan nan nan 0.4565344255734346 2.3116712693596106 1.298342907700476 0 29.914704913929064 nan nan nan nan nan nan nan nan nan nan 0 0 0 0 running
340 0.49127217048142374 0.0014569712663123806 0.25 64.830770999999999 2.0935449963365453 0.074297631820480797 0.32272109278217814 0.19429546852080692 0 4.665536784499781 nan nan nan nan nan nan nan nan nan nan 0.39530537965909929 1.8120108533568187 1.1593968614212604 0 23.450807898117581 nan nan nan nan nan nan nan nan nan nan 0 0 0 0 running
360 0.52042675807922067 0.0014584154771301937 0.25 68.966650999999999 2.0311285683415528 0.072074066168166168 0.31321808084479907 0.18846330421573798 0 4.5264332151759401 nan nan nan nan nan nan nan nan nan nan 0.40063003012489173 2.0775058662823769 0.99801809377354456 0 26.428389299433601 nan nan nan nan nan nan nan nan nan nan 0 0 0 0 running
380 0.54961004584698026 0.001459833459735426 0.25 73.242875999999995 1.9707802715532321 0.069934646391110536 0.30419173462892618 0.18306368933096495 0 4.3919174187572434 nan nan nan nan nan nan nan nan nan nan 0.349268660211972 1.8256610076632758 1.00703272111424 0 22.986292043490977 nan nan nan nan nan nan nan nan nan nan 0 0 0 0 running
400 0.57882096588498144 0.0014611758765675866 0.25 77.266772000000003 1.9131561260189525 0.067893941324903867 0.29560660123444998 0.1779601744472751 0 4.2634691436631638 nan nan nan nan nan nan nan nan nan nan 0.32920961028598961 1.7233110487275163 0.87713486765257465 0 21.840687203070036 nan nan nan nan nan nan nan nan nan nan 0 0 0 0 running
420 0.60805769198048798 0.0014624170069644441 0.25 81.348727999999994 1.859641098509349 0.065993880124534735 0.28733233904214722 0.17308443397259757 0 4.1442070157954651 nan nan nan nan nan nan nan nan nan nan 0.33217334136259052 1.7726596028516295 0.78141926685430996 0 22.0134722564428 nan nan nan nan nan nan nan nan nan nan 0 0 0 0 running
440 0.63731812015560341 0.0014635514309348568 0.25 84.923285000000007 1.807743941550453 0.064161470548311395 0.27929876885002441 0.1684321212253117 0 4.0285477426756806 nan nan nan nan nan nan nan nan nan nan 0.26634011411747505 1.4263268903365049 0.78657018686236169 0 17.603382363648358 nan nan nan nan nan nan nan nan nan nan 0 0 0 0 running
460 0.66660013930378681 0.0014645822920445869 0.25 86.803245000000004 1.757062320436203 0.062377974727128915 0.27151741093069032 0.16396675781372885 0 3.9155896332028668 nan nan nan nan nan nan nan nan nan nan 0.2811494810018304 1.5054984412193022 0.71450249708728519 0 18.723607495271551 nan nan nan nan nan nan nan nan nan nan 0 0 0 0 running
480 0.6959017607608905 0.0014655182014818133 0.25 88.730869999999996 1.7090626426727704 0.060685109475249216 0.26397955518898375 0.1596583720659473 0 3.8086240164996101 nan nan nan nan nan nan nan nan nan nan 0.2744957583112892 1.493116479488503 0.59604546473905873 0 18.26995930339918 nan nan nan nan nan nan nan nan nan nan 0 0 0 0 running
500 0.7252212040075261 0.001466370551557137 0.25 90.673998999999995 1.6637846471255799 0.059087367002024632 0.25684115831170379 0.15553465710874073 0 3.7077280149641356 nan nan nan nan nan nan nan nan nan nan 0.2343234278982613 1.2083053588545802 0.60806132498574827 0 14.679332731225287 nan nan nan nan nan nan nan nan nan nan 0 0 0 0 running
520 0.75455691259682689 0.001467150021735829 0.25 92.519296999999995 1.6217185679115775 0.057597311771543695 0.25045434695484953 0.15165320259466528 0 3.6139745493648379 nan nan nan nan nan nan nan nan nan nan 0.22841724152001003 1.2362762379457124 0.59576887808916956 0 15.264236483311976 nan nan nan nan nan nan nan nan nan nan 0 0 0 0 running
540 0.78390752787374518 0.0014678658390925923 0.25 95.881452999999993 1.5839013711042225 0.056244426755396676 0.24490051075894581 0.14805866726692749 0 3.5296822381434398 nan nan nan nan nan nan nan nan nan nan 0.23118857544763469 1.2723752272201967 0.53746447335123004 0 15.446290430803639 nan nan nan nan nan nan nan nan nan nan 0 0 0 0 running
560 0.81327186355187642 0.0014685260897445329 0.25 98.013326000000006 1.5490130620350828 0.054992857663164245 0.23973957266449195 0.14474237195396825 0 3.4519208711154343 nan nan nan nan nan nan nan nan nan nan 0.22087735797051603 1.1043529295795962 0.48257705702547576 0 13.277972729655156 nan nan nan nan nan nan nan nan nan nan 0 0 0 0 running
580 0.84264888280211325 0.0014691376708243656 0.25 100.05014300000001 1.5134832749857001 0.053734976996148549 0.23429534643509242 0.14160627195978193 0 3.3727324271182466 nan nan nan nan nan nan nan nan nan nan 0.19703381309505111 0.93273913807180908 0.5083046231616446 0 11.610277040338691 nan nan nan nan nan nan nan nan nan nan 0 0 0 0 running
600 0.87203767300467949 0.0014697061437434662 0.25 102.407625 1.4743593721939885 0.052374689440777125 0.22802943355954386 0.13847803084126367 0 3.2855381745145014 nan nan nan nan nan nan nan nan nan nan 0.19014704269799707 1.0496519019135275 0.49627140440380679 0 12.742258670727086 nan nan nan nan nan nan nan nan nan nan 0 0 0 0 running
620 0.90143741737789573 0.0014702356050138405 0.25 104.426478 1.4312846725207873 0.050896032194766648 0.22080052597563196 0.13519542658249056 0 3.1895545123467604 nan nan nan nan nan nan nan nan nan nan 0.18537745213589155 1.0137919312600969 0.46254006484646859 0 12.154643662861483 nan nan nan nan nan nan nan nan nan nan 0 0 0 0 running
640 0.93084736849461813 0.0014707290865422031 0.25 106.495969 1.386747245313684 0.049375257076094588 0.21305214645738466 0.13171282737845658 0 3.0903336729078301 nan nan nan nan nan nan nan nan nan nan 0.18828464173331599 0.85292158507255922 0.40118171669351405 0 11.181596311242004 nan nan nan nan nan nan nan nan nan nan 0 0 0 0 running
660 0.96026683796660484 0.0014711896578467095 0.25 108.622862 1.3449997906835454 0.047944491793573005 0.20573715544067936 0.12815012025129532 0 2.997344371264556 nan nan nan nan nan nan nan nan nan nan 0.17548382317824296 0.76481258342516045 0.42028676002071746 0 10.335647734310056 nan nan nan nan nan nan nan nan nan nan 0 0 0 0 running
680 0.98969520715566484 0.0014716212257480919 0.25 110.86351000000001 1.3098204092451147 0.046721041027083757 0.1998164831656804 0.12473432254270828 0 2.9189860206132634 nan nan nan nan nan nan nan nan nan nan 0.15200550446408964 0.84614184532897307 0.42498795664881617 0 10.206978330034739 nan nan nan nan nan nan nan nan nan nan 0 0 0 0 running
700 1.0191319419717915 0.0014720281599027349 0.25 113.293511 1.2821929367609204 0.045737356014280313 0.19561545891782722 0.121661531484198 0 2.8574350025244808 nan nan nan nan nan nan nan nan nan nan 0.14865285263538192 0.82668378486351379 0.40297983000853355 0 9.8588753783512786 nan nan nan nan nan nan nan nan nan nan 0 0 0 0 running
720 1.0485765908496132 0.0014724141931131394 0.25 115.490471 1.2595489682692831 0.044916779508774415 0.19256350365412697 0.11896980938255208 0 2.8069673994857092 nan nan nan nan nan nan nan nan nan nan 0.1563291119312783 0.72168911862456864 0.37119677704735987 0 9.3058064013582538 nan nan nan nan nan nan nan nan nan nan 0 0 0 0 running
740 1.0780287631241703 0.0014727817071461338 0.25 117.547839 1.2369897797643203 0.04410777519099289 0.18950706802560113 0.11650327852013166 0 2.7566804562076124 nan nan nan nan nan nan nan nan nan nan 0.15614863202255097 0.60669235690216261 0.33229951844744771 0 9.2249725111799492 nan nan nan nan nan nan nan nan nan nan 0 0 0 0 running
760 1.1074881027108221 0.0014731319357030519 0.25 119.664962 1.2094526228618809 0.043149918811933981 0.1852886318196745 0.11397757561779101 0 2.6953095470499533 nan nan nan nan nan nan nan nan nan nan 0.14577104116664713 0.65387288287576795 0.35045218928365862 0 8.5530103361025862 nan nan nan nan nan nan nan nan nan nan 0 0 0 0 running
780 1.1369542726077138 0.0014734657011291361 0.25 121.99451999999999 1.1736394246457718 0.041936365587163786 0.17920959801056219 0.1110985709501378 0 2.6155171313087133 nan nan nan nan nan nan nan nan nan nan 0.12805881159129953 0.68106762832340928 0.34801828412318742 0 8.1086071884977073 nan nan nan nan nan nan nan nan nan nan 0 0 0 0 running
800 1.1664269533630289 0.001473783982520471 0.25 124.625663 1.129130317296035 0.040451031903338305 0.17123566371100943 0.10767718735192784 0 2.5163712071156366 nan nan nan nan nan nan nan nan nan nan 0.12107739163596833 0.64753379028621805 0.33415724773745609 0 7.633551758720591 nan nan nan nan nan nan nan nan nan nan 0 0 0 0 running
820 1.1959058478090827 0.0014740879953460931 0.25 127.197104 1.0784992328326299 0.038772059979024581 0.16197292201728611 0.10370210168311338 0 2.4036036175100768 nan nan nan nan nan nan nan nan nan nan 0.1273156511029814 0.56415969869918936 0.31273517213719426 0 7.5606171176384551 nan nan nan nan nan nan nan nan nan nan 0 0 0 0 running
840 1.2253906837793509 0.0014743789851080174 0.25 129.73259300000001 1.0264065429081191 0.03704199012854005 0.15246606871105034 0.09935119627116519 0 2.2875889677303451 nan nan nan nan nan nan nan nan nan nan 0.13016777017695086 0.50609207155194436 0.27312644491667598 0 7.6847032675486169 nan nan nan nan nan nan nan nan nan nan 0 0 0 0 running
860 1.2548812129574867 0.0014746580922197423 0.25 132.255425 0.97790349069153026 0.035414867408724571 0.14385952761881288 0.094937343359546192 0 2.1795672299447304 nan nan nan nan nan nan nan nan nan nan 0.12575359849995504 0.49109667805459917 0.27814293739008272 0 7.3806090870564605 nan nan nan nan nan nan nan nan nan nan 0 0 0 0 running
880 1.284377209133214 0.001474926408484348 0.25 134.903201 0.93658157394716512 0.034001164599673728 0.13699938265157496 0.090801635315876261 0 2.0875237426840592 nan nan nan nan nan nan nan nan nan nan 0.11528299436209173 0.47449854495558441 0.2846753821491067 0 6.728855170974521 nan nan nan nan nan nan nan nan nan nan 0 0 0 0 running
900 1.3138784684625575 0.0014751850897687805 0.25 137.33857599999999 0.9034204772753448 0.032834797382122395 0.13213272009803032 0.0871897716449819 0 2.0136294490007156 nan nan nan nan nan nan nan nan nan nan 0.10041486092100033 0.46756203937149216 0.27286107182391917 0 5.8301511256179008 nan nan nan nan nan nan nan nan nan nan 0 0 0 0 running
920 1.3433848110450783 0.0014754353552483628 0.25 140.93947299999999 0.87686601584495427 0.031875222261172925 0.12887355408899778 0.084163925147499222 0 1.9544211571933656 nan nan nan nan nan nan nan nan nan nan 0.099954703956646698 0.43242342573749226 0.2684561265795658 0 5.9436363720790597 nan nan nan nan nan nan nan nan nan nan 0 0 0 0 running
940 1.3728960805851718 0.0014756783134821823 0.25 144.85382999999999 0.85391012112480857 0.031037132525803899 0.12644796038522568 0.081592123091449309 0 1.9032085566131074 nan nan nan nan nan nan nan nan nan nan 0.10416865363443328 0.40038948670803642 0.24926284512455901 0 6.1654504783582382 nan nan nan nan nan nan nan nan nan nan 0 0 0 0 running
960 1.4024121397995215 0.0014759147428987937 0.25 148.71511899999999 0.83139389385444917 0.030226725210619587 0.12403882665042876 0.079215318854551769 0 1.852971851247966 nan nan nan nan nan nan nan nan nan nan 0.10636856831701016 0.41367380626407302 0.22083139445077696 0 6.2639927033028817 nan nan nan nan nan nan nan nan nan nan 0 0 0 0 running
980 1.4319328624537273 0.0014761449901310607 0.25 159.66817800000001 0.80688688002531983 0.029367281978333871 0.12103461674967096 0.076750017470400611 0 1.798313044189118 nan nan nan nan nan nan nan nan nan nan 0.10357743858950476 0.40589507429474952 0.22269163876908998 0 6.0684945286378245 nan nan nan nan nan nan nan nan nan nan 0 0 0 0 running
1000 1.4614581253322927 0.0014763690565486292 0.25 165.79737800000001 0.77899329021113217 0.028409633519004107 0.11711906153812635 0.073976418196163157 0 1.7361325521596664 nan nan nan nan nan nan nan nan nan nan 0.096468660978527451 0.37999008948585777 0.22900414829217983 0 5.6241516633476145 nan nan nan nan nan nan nan nan nan nan 0 0 0 0 running
1020 1.4909878035264839 0.001476586819201834 0.25 170.10978800000001 0.74727700298168254 0.027332165685224646 0.11224481829035132 0.07078576592047732 0 1.6654603041668092 nan nan nan nan nan nan nan nan nan nan 0.085976901192574326 0.36207968337303115 0.22331167761268311 0 4.9880625824314908 nan nan nan nan nan nan nan nan nan nan 0 0 0 0 running
1040 1.5205217704401761 0.0014767982586710508 0.25 174.37473600000001 0.7120443080885448 0.026136561668818253 0.10655625858139468 0.067187844352799758 0 1.5869731947575434 nan nan nan nan nan nan nan nan nan nan 0.077945362996656206 0.3547977912653823 0.22061913417496906 0 4.62925096904846 nan nan nan nan nan nan nan nan nan nan 0 0 0 0 running
1060 1.5500599013720102 0.0014770035806765465 0.25 178.65567899999999 0.67412098583894253 0.024842834030202716 0.10030718489312251 0.063291991639845405 0 1.5025015619934527 nan nan nan nan nan nan nan nan nan nan 0.081709676233895065 0.34777129295243936 0.21197343126104759 0 4.8337791378282908 nan nan nan nan nan nan nan nan nan nan 0 0 0 0 running
1080 1.5796020780180562 0.0014772031950743879 0.25 182.827483 0.63465906738585731 0.023484457932755078 0.093796073383087736 0.059274681740293614 0 1.4146016923620361 nan nan nan nan nan nan nan nan nan nan 0.084821630979195942 0.34310844981774968 0.19569736811779215 0 4.9991739108779703 nan nan nan nan nan nan nan nan nan nan 0 0 0 0 running
1100 1.6091481913988626 0.0014773975964871293 0.25 187.03737799999999 0.59496390584367786 0.022103276669908543 0.087324980397020649 0.055341911306960534 0 1.3261724292473547 nan nan nan nan nan nan nan nan nan nan 0.086094370905733686 0.33992611387948168 0.19178339029541258 0 5.0550855327963484 nan nan nan nan nan nan nan nan nan nan 0 0 0 0 running
1120 1.6386981420998745 0.0014775872299697334 0.25 191.171966 0.55633106412440825 0.020743953272284028 0.081176994303737177 0.051690657659901787 0 1.2400924660919916 nan nan nan nan nan nan nan nan nan nan 0.084146887141980792 0.33614417394547236 0.18759304412125891 0 4.9236969876838543 nan nan nan nan nan nan nan nan nan nan 0 0 0 0 running
1140 1.6682518383205678 0.0014777724117755614 0.25 195.25566000000001 0.5198951751358849 0.019448214293452112 0.075602651877427277 0.048473005349758548 0 1.1588836608521673 nan nan nan nan nan nan nan nan nan nan 0.079391402429698957 0.33199514023449284 0.1831635161909394 0 4.6304465295855062 nan nan nan nan nan nan nan nan nan nan 0 0 0 0 running
1160 1.6978091931689141 0.0014779533286730627 0.25 199.48236299999999 0.4865099403605791 0.018249719443330276 0.070804077915939831 0.045768374910055552 0 1.0844439111807844 nan nan nan nan nan nan nan nan nan nan 0.072324553321201343 0.32766869988389985 0.178557626186756 0 4.2053893979009738 nan nan nan nan nan nan nan nan nan nan 0 0 0 0 running
1180 1.7273701225833837 0.0014781300918383542 0.25 203.60128900000001 0.45668049295325813 0.017170500181586845 0.0669108799889922 0.043571343281250147 0 1.01789734714628 nan nan nan nan nan nan nan nan nan nan 0.063486547207913038 0.32329094177060957 0.17384779093398678 0 3.6805812793276287 nan nan nan nan nan nan nan nan nan nan 0 0 0 0 running
1200 1.7569345444999949 0.0014783027992474411 0.25 207.90141499999999 0.43055669836706173 0.016219541129471347 0.063952772628872667 0.041800461528079792 0 0.95958066014191512 nan nan nan nan nan nan nan nan nan nan 0.056838592715824296 0.31892907873015042 0.16910039316965803 0 3.3524510409491484 nan nan nan nan nan nan nan nan nan nan 0 0 0 0 running
1220 1.7865023790018231 0.0014784715686042718 0.25 212.33151899999999 0.40797886080604218 0.0153935107392415 0.061843646327765234 0.040325683109747594 0 0.90914575115364149 nan nan nan nan nan nan nan nan nan nan 0.058876867998898033 0.31460991685857947 0.16436712240641271 0 3.4583897007879254 nan nan nan nan nan nan nan nan nan nan 0 0 0 0 running
1240 1.8160735486922188 0.0014786365294389002 0.25 216.64960400000001 0.38855072630711818 0.014679005522746386 0.060393075363916165 0.039003636658885364 0 0.86572181105784696 nan nan nan nan nan nan nan nan nan nan 0.060661459937182652 0.31033655361312307 0.16026484183642556 0 3.546773920283568 nan nan nan nan nan nan nan nan nan nan 0 0 0 0 running
1260 1.8456479786024116 0.0014787977899377816 0.25 220.78075100000001 0.37171472706860503 0.01405546931320599 0.059346520360015559 0.037708250636037541 0 0.82808074107296525 nan nan nan nan nan nan nan nan nan nan 0.060918469160103961 0.30609475242906303 0.15841762223719671 0 3.5446395478358044 nan nan nan nan nan nan nan nan nan nan 0 0 0 0 running
1280 1.8752255954236079 0.0014789554073305084 0.25 224.86476400000001 0.35681539439100807 0.013498108842262158 0.058438820826076085 0.03634941094361277 0 0.79477515938424104 nan nan nan nan nan nan nan nan nan nan 0.059403546557933062 0.30185184313790869 0.15632832131863578 0 3.4401535069433464 nan nan nan nan nan nan nan nan nan nan 0 0 0 0 running
1300 1.9048063264117281 0.0014791093862272398 0.25 228.94583600000001 0.34315063906310433 0.012980481593126179 0.057441073804092989 0.034879171243574758 0 0.76424948740466236 nan nan nan nan nan nan nan nan nan nan 0.056349842667838823 0.29755742455070533 0.15402816103482472 0 3.2478274978095363 nan nan nan nan nan nan nan nan nan nan 0 0 0 0 running
1320 1.934390098632695 0.001479259712088657 0.25 233.09592000000001 0.33001891163703845 0.012476755143705298 0.056189420420690861 0.033288814639525315 0 0.7349430893778397 nan nan nan nan nan nan nan nan nan nan 0.052026780131717923 0.29315281732980525 0.15155852600633413 0 2.9840651198684869 nan nan nan nan nan nan nan nan nan nan 0 0 0 0 running
1340 1.9639768391558652 0.0014794064081832651 0.25 237.34209100000001 0.3167693856133853 0.011963748609250348 0.054594809641275367 0.031600607794603518 0 0.70540193888014457 nan nan nan nan nan nan nan nan nan nan 0.046722169759111351 0.28858825635548235 0.14896299618960995 0 2.6660853564537574 nan nan nan nan nan nan nan nan nan nan 0 0 0 0 running
1360 1.9935664764307608 0.0014795495926464605 0.25 241.65775500000001 0.3028544422733544 0.011422750816462299 0.052638643906104933 0.029857501071565255 0 0.67439698218838107 nan nan nan nan nan nan nan nan nan nan 0.040726337582454947 0.28383994292392101 0.14627828759365527 0 2.3109945728961963 nan nan nan nan nan nan nan nan nan nan 0 0 0 0 running
1380 2.0231589425865177 0.001479689511368134 0.25 245.74814799999999 0.28787737861487472 0.010840982634347397 0.050360166703776757 0.028112744464651174 0 0.64103270267172363 nan nan nan nan nan nan nan nan nan nan 0.034318565659377256 0.28084793378800355 0.14352805603102137 0 1.9350157555197998 nan nan nan nan nan nan nan nan nan nan 0 0 0 0 running
1400 2.0527541759890662 0.0014798265314189566 0.25 249.81505200000001 0.27162622675157888 0.010212513251226704 0.047840185007637683 0.026420707789590742 0 0.60482477029956894 nan nan nan nan nan nan nan nan nan nan 0.029868213399035559 0.27838869177126996 0.14072197234252334 0 1.7875338669522514 nan nan nan nan nan nan nan nan nan nan 0 0 0 0 running
1420 2.0823521232288846 0.0014799610936397257 0.25 253.855591 0.25408720945535535 0.009538492806955453 0.045184232970776575 0.024829528652179078 0 0.56573177990702717 nan nan nan nan nan nan nan nan nan nan 0.0294592795374196 0.27587944204483861 0.13785984809703433 0 1.7608910578829304 nan nan nan nan nan nan nan nan nan nan 0 0 0 0 running
1440 2.1119527398326925 0.0014800936373633423 0.25 257.83487500000001 0.23543659744802864 0.0088266961099336058 0.042506959952435419 0.023375994404627429 0 0.52413811897867646 nan nan nan nan nan nan nan nan nan nan 0.028421382030265979 0.27331787176047562 0.13493844429342008 0 1.6965248107411686 nan nan nan nan nan nan nan nan nan nan 0 0 0 0 running
1460 2.1415559893782588 0.0014802245193080025 0.25 261.88150000000002 0.21601433471517176 0.0080904931294180464 0.039918501373434202 0.022082855035990456 0 0.48079555810622115 nan nan nan nan nan nan nan nan nan nan 0.02685149171904827 0.27069149825572641 0.13195788978801096 0 1.6003502287518947 nan nan nan nan nan nan nan nan nan nan 0 0 0 0 running
1480 2.1711618410820903 0.0014803539451728094 0.25 266.18814600000002 0.19628416132696358 0.0073473920240789839 0.037513310638045548 0.020958635357292581 0 0.43673431614486785 nan nan nan nan nan nan nan nan nan nan 0.024853572165412938 0.26797067667123192 0.12892539630923688 0 1.4786912235008651 nan nan nan nan nan nan nan nan nan nan 0 0 0 0 running
1500 2.2007702663373983 0.0014804819332782306 0.25 271.32658900000001 0.17678502857998307 0.0066173014235238331 0.035362142618933688 0.01999957033764373 0 0.39315452309200927 nan nan nan nan nan nan nan nan nan nan 0.022533791803083583 0.26510818785630225 0.1258555424340615 0 1.3379890537869037 nan nan nan nan nan nan nan nan nan nan 0 0 0 0 running
1520 2.2303812349129255 0.001480608315485707 0.25 275.50279399999999 0.15807901176719574 0.0059206705700468971 0.033507498300377254 0.01919287764005579 0 0.35130997206457304 nan nan nan nan nan nan nan nan nan nan 0.019996198598084547 0.26204692074513602 0.12276795757286529 0 1.184540097938809 nan nan nan nan nan nan nan nan nan nan 0 0 0 0 running
1540 2.2599947115534547 0.0014807327735850276 0.25 279.59659399999998 0.14069922982209568 0.0052766144021422099 0.031962822697558194 0.018520443179837739 0 0.3123922131755727 nan nan nan nan nan nan nan nan nan nan 0.01733899519182755 0.25873251338180236 0.11968409769459963 0 1.0242710177471426 nan nan nan nan nan nan nan nan nan nan 0 0 0 0 running
1560 2.2896106535946426 0.0014808549009435353 0.25 283.52902399999999 0.12509960291054978 0.0047010848313555524 0.030715363656421857 0.017962112784067535 0 0.27741914494692099 nan nan nan nan nan nan nan nan nan nan 0.014651544712374606 0.25512546272330439 0.1175899798404697 0 0.86255934856098881 nan nan nan nan nan nan nan nan nan nan 0 0 0 0 running
1580 2.3192290099568544 0.0014809742758537441 0.25 287.51475399999998 0.11160645056655671 0.004205113507651439 0.029732235652078349 0.017498135969034979 0 0.24712775129768924 nan nan nan nan nan nan nan nan nan nan 0.013597688632126764 0.25120801242197255 0.11588068162155979 0 0.79861280650027389 nan nan nan nan nan nan nan nan nan nan 0 0 0 0 running
1600 2.3488497216093203 0.0014810905332595008 0.25 291.58563800000002 0.10037517655156468 0.0037932929850391507 0.028968351231117469 0.017110633477490752 0 0.22187733574222523 nan nan nan nan nan nan nan nan nan nan 0.013852702669908262 0.24698413037315958 0.11413243137437336 0 0.80966729368149426 nan nan nan nan nan nan nan nan nan nan 0 0 0 0 running
1620 2.3784727233573077 0.0014812034245757656 0.25 295.55082499999997 0.091362904120584329 0.003462936463755555 0.028374442070887376 0.016784210185638714 0 0.20158643467106999 nan nan nan nan nan nan nan nan nan nan 0.014174727131181619 0.24247423309838984 0.11236976195860103 0 0.82453849589418737 nan nan nan nan nan nan nan nan nan nan 0 0 0 0 running
1640 2.4080979466449213 0.0014813128596955314 0.25 299.52568300000001 0.084334283005867913 0.0032045222336093836 0.027903651454080653 0.016505962024706836 0 0.18574182873276424 nan nan nan nan nan nan nan nan nan nan 0.014338550417466039 0.23770834959574547 0.11061157101660662 0 0.83031713283339437 nan nan nan nan nan nan nan nan nan nan 0 0 0 0 running
1660 2.4377253229908291 0.0014814189292076244 0.25 303.41477300000003 0.078911398853282758 0.003003707187005167 0.027515853196593526 0.016265171463323631 0 0.17350603478892687 nan nan nan nan nan nan nan nan nan nan 0.014133803211916346 0.2327213923022087 0.10887145603696279 0 0.81553594659685835 nan nan nan nan nan nan nan nan nan nan 0 0 0 0 running
1680 2.4673547876658395 0.0014815219075954157 0.25 307.462469 0.074656473772155854 0.0028443810680125669 0.027179667023412062 0.016052945025806498 0 0.16390065141206056 nan nan nan nan nan nan nan nan nan nan 0.01359225016619961 0.22855918233615172 0.10715732391331798 0 0.78185132426196047 nan nan nan nan nan nan nan nan nan nan 0 0 0 0 running
1700 2.4969862832528444 0.0014816222395100411 0.25 311.60727200000002 0.07115597977861042 0.0027116187354474402 0.026872695979819665 0.015861936987867753 0 0.15599606270952079 nan nan nan nan nan nan nan nan nan nan 0.012789290722920538 0.22557800478919685 0.10547019383547931 0 0.7335775109262419 nan nan nan nan nan nan nan nan nan nan 0 0 0 0 running
1720 2.5251885025071523 0.0014817158024835815 0.25 315.61269199999998 0.068220111383230933 0.0025990775777099463 0.026594556401194742 0.015694390184228496 0 0.14936391287059966 nan nan nan nan nan nan nan nan nan nan 0.011847842960849397 0.22270119001913566 0.10388298832458574 0 0.67782473021194733 nan nan nan nan nan nan nan nan nan nan 0 0 0 0 running
1740 2.554823838253141 0.0014818127510620733 0.25 319.640512 0.065326278351410569 0.0024874329803738159 0.026309616665627814 0.015528728899164781 0 0.14282187697647014 nan nan nan nan nan nan nan nan nan nan 0.010735731827704348 0.21966989017100524 0.10221875442889851 0 0.61254446910275795 nan nan nan nan nan nan nan nan nan nan 0 0 0 0 running
1760 2.5844611046736876 0.0014819090269869259 0.25 323.69273199999998 0.062489799631037221 0.0023777589336490797 0.026029606758128911 0.01537006734422545 0 0.13640176741501736 nan nan nan nan nan nan nan nan nan nan 0.0095556331481173873 0.21666663303596262 0.10053312514900618 0 0.54377968087632877 nan nan nan nan nan nan nan nan nan nan 0 0 0 0 running
1780 2.6141002960099553 0.0014820053565573444 0.25 327.84860500000002 0.059643468617971908 0.0022677847124806107 0.025755462937122664 0.015215515298491831 0 0.12994890580342991 nan nan nan nan nan nan nan nan nan nan 0.0083603912238205957 0.21373530556460105 0.098794002108417614 0 0.4743889717850413 nan nan nan nan nan nan nan nan nan nan 0 0 0 0 running
1800 2.643741420357121 0.0014821023913421934 0.25 332.404537 0.056772236853749609 0.0021570680089045527 0.025490227608603068 0.015062719719612925 0 0.12342667546201747 nan nan nan nan nan nan nan nan nan nan 0.007673726121696034 0.21092626622146243 0.096966603163005927 0 0.40668894126988864 nan nan nan nan nan nan nan nan nan nan 0 0 0 0 running
1820 2.6733844974571701 0.0014822006404470989 0.25 336.59820999999999 0.05389472861323423 0.002046320442959547 0.025237709341352187 0.014909598895604687 0 0.1168750757094479 nan nan nan nan nan nan nan nan nan nan 0.0076558646428518395 0.20829145025838547 0.095018861683518391 0 0.38050488127058085 nan nan nan nan nan nan nan nan nan nan 0 0 0 0 running
1840 2.7030295551664705 0.0014823004065141062 0.25 340.69694700000002 0.051050604635258394 0.0019369445883654387 0.025001359948660606 0.014754189037794086 0 0.11038258612817275 nan nan nan nan nan nan nan nan nan nan 0.007602013016974607 0.20587575350842449 0.092927159724197753 0 0.37698003622663634 nan nan nan nan nan nan nan nan nan nan 0 0 0 0 running
1860 2.7326766247363685 0.0014824017315811845 0.25 344.82455499999998 0.048292752868608416 0.0018307486830918631 0.024783438573350379 0.014594684507512761 0 0.10406908577483 nan nan nan nan nan nan nan nan nan nan 0.0075097184730557043 0.20370714937427917 0.090681173181277899 0 0.37146649582196589 nan nan nan nan nan nan nan nan nan nan 0 0 0 0 running
1880 2.7623257351695725 0.0014825043589827564 0.25 348.84352699999999 0.045681420792507504 0.0017297419507961967 0.024584535418842954 0.014429716575885867 0 0.09807320183757437 nan nan nan nan nan nan nan nan nan nan 0.0073756172812311505 0.20178849283072073 0.088286800705156376 0 0.3644326121504235 nan nan nan nan nan nan nan nan nan nan 0 0 0 0 running
1900 2.7919769070318705 0.0014826077167218921 0.25 352.87782700000002 0.043276672552465346 0.0016358882140516254 0.024403504787570213 0.014258848218559538 0 0.092535560771958278 nan nan nan nan nan nan nan nan nan nan 0.0071959158485002117 0.2000934394298888 0.085766681515787077 0 0.3553027248331988 nan nan nan nan nan nan nan nan nan nan 0 0 0 0 running
1920 2.8216301461940443 0.0014827109263428893 0.25 356.83388200000002 0.041126589711356576 0.001550727843463809 0.024237789597937584 0.014083172437809054 0 0.087571519109125043 nan nan nan nan nan nan nan nan nan nan 0.0069672121113024676 0.19856765543195737 0.08374179588260787 0 0.34320433153723112 nan nan nan nan nan nan nan nan nan nan 0 0 0 0 running
1940 2.8512854380360868 0.0014828128389819768 0.25 361.02656200000001 0.039251694534213483 0.0014748752097576234 0.024084032516049854 0.013905818618576505 0 0.083233947091705132 nan nan nan nan nan nan nan nan nan nan 0.006721138106500435 0.19713501203278214 0.081922988464659521 0 0.327963663666335 nan nan nan nan nan nan nan nan nan nan 0 0 0 0 running
1960 2.8809427426511678 0.0014829120976077861 0.25 365.04591900000003 0.037630521806699423 0.001407541424762367 0.023938777190529018 0.013732133157661251 0 0.079477437992945196 nan nan nan nan nan nan nan nan nan nan 0.006408718167132621 0.19615178511472531 0.08006820346725943 0 0.33570442601109318 nan nan nan nan nan nan nan nan nan nan 0 0 0 0 running
1980 2.9106019915406325 0.0014830072219634092 0.25 368.95164699999998 0.036194053396077855 0.0013463276558429156 0.023799029229167174 0.01356934165519672 0 0.076142721798131016 nan nan nan nan nan nan nan nan nan nan 0.0064780291993183914 0.19606562535840258 0.078231734933129515 0 0.40922901517974725 nan nan nan nan nan nan nan nan nan nan 0 0 0 0 running
2000 2.9402630861959769 0.0014830967103151805 0.25 373.139477 0.03483473191364219 0.0012874844547547208 0.02366250041085587 0.013425627674871271 0 0.072975843380514285 nan nan nan nan nan nan nan nan nan nan 0.0073805885209725641 0.19578263030275236 0.076466239689161955 0 0.46798618958923488 nan nan nan nan nan nan nan nan nan nan 0 0 0 0 running
2020 2.9699258988234978 0.0014831791500742645 0.25 377.06677000000002 0.033429316985648543 0.0012266359018915699 0.023527488993211873 0.013308752120123207 0 0.069680886286545257 nan nan nan nan nan nan nan nan nan nan 0.0080010956005582834 0.1952377585029435 0.074818601035082088 0 0.50607222183808087 nan nan nan nan nan nan nan nan nan nan 0 0 0 0 running
2040 2.9995902752936234 0.0014832533280662655 0.25 381.01293600000002 0.031868616166291545 0.0011597585548440957 0.023392503227434216 0.013224525722117336 0 0.065989401831249364 nan nan nan nan nan nan nan nan nan nan 0.0082244543415876947 0.19438069429811083 0.073326819284403599 0 0.51894886426887776 nan nan nan nan nan nan nan nan nan nan 0 0 0 0 running
2060 3.0292560402068149 0.00148331833083757 0.25 385.03851300000002 0.030085490020464917 0.0010841308383785515 0.023255848713099513 0.013175551620180555 0 0.061725833727217752 nan nan nan nan nan nan nan nan nan nan 0.0080332077298117532 0.19317435684660289 0.072018136365663135 0 0.50560252304833098 nan nan nan nan nan nan nan nan nan nan 0 0 0 0 running
2080 3.0589230037801318 0.0014833736259612471 0.25 388.91540300000003 0.028075337577644074 0.00099904812373777631 0.023115416702425357 0.013160608637434897 0 0.056855964456733396 nan nan nan nan nan nan nan nan nan nan 0.0074450179300800112 0.19160401903528193 0.070908330161561103 0 0.4672349225739641 nan nan nan nan nan nan nan nan nan nan 0 0 0 0 running
2100 3.0885909700922922 0.0014834191168311315 0.25 391.300769 0.025907042086857797 0.00090623830591854404 0.022968822763579283 0.013174846897072314 0 0.051516108846437321 nan nan nan nan nan nan nan nan nan nan 0.0065083992899241938 0.18967296652454355 0.070001920292542902 0 0.40698560697308334 nan nan nan nan nan nan nan nan nan nan 0 0 0 0 running
2120 3.1182597460983281 0.0014834551657835198 0.25 393.77121299999999 0.023723945644030492 0.00081001471618345441 0.022813892590742041 0.01321069896068559 0 0.046026900814549299 nan nan nan nan nan nan nan nan nan nan 0.0052954274627077247 0.18739880040839912 0.069292945339640269 0 0.32946577232383234 nan nan nan nan nan nan nan nan nan nan 0 0 0 0 running
2140 3.1479291507516569 0.0014834825832886977 0.25 396.21889099999999 0.021732040105261835 0.00071720071790461692 0.022649342604203076 0.013259196415441042 0 0.040891251495007684 nan nan nan nan nan nan nan nan nan nan 0.0038927414975664654 0.18480920892164937 0.068765996761932388 0 0.24018679669348059 nan nan nan nan nan nan nan nan nan nan 0 0 0 0 running
2160 3.1775990235583094 0.0014835025840677523 0.25 398.91598299999998 0.020166448818417983 0.00063666470844108032 0.022475419287214027 0.013311311292972798 0 0.036751700196098261 nan nan nan nan nan nan nan nan nan nan 0.0031629184009380751 0.18193854131024892 0.068397303128797937 0 0.19723567285131133 nan nan nan nan nan nan nan nan nan nan 0 0 0 0 running
2180 3.2072692319400127 0.0014835167140996293 0.25 401.564931 0.019225886142773929 0.0005778466171301106 0.022294270391585522 0.013359015696425435 0 0.034239477076776978 nan nan nan nan nan nan nan nan nan nan 0.0032775100929542944 0.17882599168963625 0.068155799462500499 0 0.21655624732338452 nan nan nan nan nan nan nan nan nan nan 0 0 0 0 running
2200 3.2369396768859273 0.001483526755227213 0.25 404.425139 0.018989316484819413 0.00054750386340762412 0.022109909172646536 0.013395904252157999 0 0.033680448452582418 nan nan nan nan nan nan nan nan nan nan 0.0033805227482424094 0.1755155133913841 0.068004248890702515 0 0.22962991900372032 nan nan nan nan nan nan nan nan nan nan 0 0 0 0 running
2220 3.2666102965504376 0.0014835346169737992 0.25 406.96828900000003 0.019373689767920085 0.00054582359210986111 0.021927760062826152 0.013417378218032275 0 0.034864719317753763 nan nan nan nan nan nan nan nan nan nan 0.0034246695510349312 0.17205695018362363 0.067900545750832569 0 0.23403672688749425 nan nan nan nan nan nan nan nan nan nan 0 0 0 0 running
2240 3.2962810676049106 0.0014835422217446272 0.25 409.44068399999998 0.020178412149978488 0.00056590802676783724 0.021753894340701647 0.013420494797985232 0 0.037177677885635585 nan nan nan nan nan nan nan nan nan nan 0.0033571761378594633 0.16850745892285329 0.067799354348275429 0 0.23047835565494837 nan nan nan nan nan nan nan nan nan nan 0 0 0 0 running
2260 3.3259520043148307 0.0014835513938984731 0.25 412.122117 0.021176744373851929 0.0005978209557077691 0.021594142054880354 0.013403628182292215 0 0.039949354211886494 nan nan nan nan nan nan nan nan nan nan 0.0039385693991134119 0.16493219315951455 0.067654176145314188 0 0.25321365191829193 nan nan nan nan nan nan nan nan nan nan 0 0 0 0 running
2280 3.3556231555258478 0.0014835637620739628 0.25 414.75176299999998 0.022183886503514452 0.00063294389236335992 0.02145328407432711 0.013366081637539216 0 0.042677018969441073 nan nan nan nan nan nan nan nan nan nan 0.0046306188765865564 0.16140341215301202 0.067419819136104606 0 0.29675440161065941 nan nan nan nan nan nan nan nan nan nan 0 0 0 0 running
2300 3.3852945998886668 0.001483580680642618 0.25 417.366534 0.023080787087575372 0.00066572628156172711 0.021334487642045048 0.013307752295138715 0 0.045065661399014502 nan nan nan nan nan nan nan nan nan nan 0.0051096293937864523 0.15799759427127852 0.067055127236286205 0 0.32636466359161787 nan nan nan nan nan nan nan nan nan nan 0 0 0 0 running
2320 3.414966439754453 0.0014836031747139224 0.25 420.025533 0.023810036359937007 0.00069352535889675136 0.021239069343535935 0.013228901493088408 0 0.046989427306478357 nan nan nan nan nan nan nan nan nan nan 0.0053810037485968465 0.15479064402492787 0.067028984689424476 0 0.34284173951379965 nan nan nan nan nan nan nan nan nan nan 0 0 0 0 running
2340 3.4446387942392152 0.0014836319108800747 0.25 422.88153999999997 0.024361446597573593 0.0007158330651587969 0.021166578656128657 0.013130039216669286 0 0.048440334462280715 nan nan nan nan nan nan nan nan nan nan 0.0054647329907435704 0.15242825259554685 0.066820249314782795 0 0.34747294936088263 nan nan nan nan nan nan nan nan nan nan 0 0 0 0 running
2360 3.4743117919722106 0.0014836671933694629 0.25 426.08222699999999 0.024756061913502599 0.00073348175297873201 0.021115122921796646 0.013011900363271166 0 0.049483502753722257 nan nan nan nan nan nan nan nan nan nan 0.0053857412887923228 0.15057769494195666 0.066402110540585479 0 0.34185171945853515 nan nan nan nan nan nan nan nan nan nan 0 0 0 0 running
2380 3.5039855640152564 0.001483708983302951 0.25 429.62535300000002 0.025031754618837384 0.00074797626539869339 0.021081817659767237 0.012875476079970706 0 0.050221144031864333 nan nan nan nan nan nan nan nan nan nan 0.0051713698275128728 0.14894687776232152 0.065768284417700815 0 0.32771921974443591 nan nan nan nan nan nan nan nan nan nan 0 0 0 0 running
2400 3.5336602373764912 0.0014837569371637647 0.25 432.54155200000002 0.025231481879972397 0.00076097182697356779 0.021063248449858966 0.012722063008648511 0 0.050764633247162544 nan nan nan nan nan nan nan nan nan nan 0.0049447455590976297 0.14758415244660175 0.064922823512754274 0 0.31072422522101273 nan nan nan nan nan nan nan nan nan nan 0 0 0 0 running
2420 3.563335929451434 0.0014838104594471779 0.25 435.14943799999998 0.02539467376826423 0.00077390290418699061 0.021055861128472044 0.012553302054884818 0 0.051214389315260338 nan nan nan nan nan nan nan nan nan nan 0.0047128219684030581 0.14652147917020414 0.063879994186672312 0 0.29391776051805746 nan nan nan nan nan nan nan nan nan nan 0 0 0 0 running
2440 3.5930127436168191 0.0014838687639221403 0.25 438.29097100000001 0.025551941988098077 0.00078776850534982383 0.021056238887486693 0.01237119086334239 0 0.051647619094528197 nan nan nan nan nan nan nan nan nan nan 0.004487438319202619 0.14576964683656465 0.062663337803440702 0 0.2793063353240185 nan nan nan nan nan nan nan nan nan nan 0 0 0 0 running
2460 3.62269074650977 0.0014839262458291782 0.25 441.08549900000003 0.025722938496762555 0.00080306628487983431 0.021061263434798569 0.01217806555601215 0 0.05211353769345084 nan nan nan nan nan nan nan nan nan nan 0.0042643588298209023 0.14531572786935601 0.061303980000461437 0 0.26382929246454795 nan nan nan nan nan nan nan nan nan nan 0 0 0 0 running
2480 3.6523698252225936 0.0014839796653379868 0.25 443.874933 0.025916760630498453 0.00081984436611556963 0.021068182206321163 0.011976555704204897 0 0.052634723093158288 nan nan nan nan nan nan nan nan nan nan 0.004090516918613174 0.14512325567457141 0.059838357152364643 0 0.25136516680367943 nan nan nan nan nan nan nan nan nan nan 0 0 0 0 running
2500 3.6820500135063461 0.0014840368423423617 0.25 447.02467799999999 0.026133976900152862 0.0008378216637840789 0.021074614075242713 0.011769515063289349 0 0.053212413539538851 nan nan nan nan nan nan nan nan nan nan 0.0040579887392925285 0.14513514467190838 0.058305567174337894 0 0.23675993960926708 nan nan nan nan nan nan nan nan nan nan 0 0 0 0 running
2520 3.7117313756022701 0.0014840967393938706 0.25 449.799869 0.026369268913017694 0.0008565245743346031 0.021078523833778836 0.011559940608892431 0 0.053833276760721756 nan nan nan nan nan nan nan nan nan nan 0.0043397741453580219 0.14527894181884499 0.056744662545169772 0 0.22512908715071994 nan nan nan nan nan nan nan nan nan nan 0 0 0 0 running
2540 3.7414139552655854 0.0014841583510710886 0.25 452.506618 0.026613896019126261 0.00087540265972003799 0.02107818766646789 0.011350881573905533 0 0.054475668595805327 nan nan nan nan nan nan nan nan nan nan 0.0045713147421059253 0.14547362717044324 0.055192139678841817 0 0.21488999697669922 nan nan nan nan nan nan nan nan nan nan 0 0 0 0 running
2560 3.7710977768324554 0.0014842207429570584 0.25 455.00654400000002 0.026857546805084311 0.00089390655590314576 0.02107216196219406 0.011145341508520062 0 0.055114293843823381 nan nan nan nan nan nan nan nan nan nan 0.0047403383168713176 0.14563701585821487 0.053679849759771303 0 0.22590187686589938 nan nan nan nan nan nan nan nan nan nan 0 0 0 0 running
2580 3.8007828469575737 0.0014842830802428864 0.25 457.655507 0.027089496932071966 0.00091152899145585707 0.021059259753789094 0.010946176539266253 0 0.055723084380309332 nan nan nan nan nan nan nan nan nan nan 0.0048452530592652532 0.14569279970733104 0.052233487621483242 0 0.23284355390681047 nan nan nan nan nan nan nan nan nan nan 0 0 0 0 running
2600 3.8304691568174549 0.0014843446463073176 0.25 460.470279 0.027299234736408357 0.0009278197150348488 0.021038534403812231 0.010755994157893441 0 0.056276717178234438 nan nan nan nan nan nan nan nan nan nan 0.004888295041646562 0.14557641051610817 0.051101560459917129 0 0.24099621194136833 nan nan nan nan nan nan nan nan nan nan 0 0 0 0 running
2620 3.860156684587869 0.0014844048521995292 0.25 463.424868 0.027476811199524706 0.00094238750385908503 0.021009268448487411 0.010577059396677385 0 0.056751424017752648 nan nan nan nan nan nan nan nan nan nan 0.0048748768019989397 0.14523914271795299 0.050334737684330624 0 0.24670934337252259 nan nan nan nan nan nan nan nan nan nan 0 0 0 0 running
2640 3.889845398026905 0.0014844632383505974 0.25 466.668882 0.027613144416487229 0.00095489987603405481 0.02097096553541726 0.010411217395104908 0 0.057125668888161445 nan nan nan nan nan nan nan nan nan nan 0.0048856406344111591 0.14465027920666079 0.049610410711578158 0 0.24896639333374787 nan nan nan nan nan nan nan nan nan nan 0 0 0 0 running
2660 3.9195352570240796 0.0014845194700396636 0.25 469.915503 0.027700410161132939 0.00096508642151614662 0.0209233438342919 0.010259841578151492 0 0.057381020880228527 nan nan nan nan nan nan nan nan nan nan 0.0048743988620913448 0.14379726040521551 0.048934298510606489 0 0.24808848181142124 nan nan nan nan nan nan nan nan nan nan 0 0 0 0 running
2680 3.9492262160070255 0.0014845733281756335 0.25 473.25252399999999 0.027732530838308952 0.00097274686088695377 0.020866329315893033 0.010123814051586834 0 0.057503258924716742 nan nan nan nan nan nan nan nan nan nan 0.0048208974340179234 0.14268417588868076 0.04830727122465156 0 0.24452451185969659 nan nan nan nan nan nan nan nan nan nan 0 0 0 0 running
2700 3.9789182261278051 0.0014846246968724512 0.25 476.28655500000002 0.027705675683118793 0.00097776130555624389 0.020800046807179645 0.010003539620485146 0 0.057483506817179099 nan nan nan nan nan nan nan nan nan nan 0.0047332593003643342 0.1413290128095864 0.047726184207576072 0 0.24457439325554481 nan nan nan nan nan nan nan nan nan nan 0 0 0 0 running
2720 4.0086112371788269 0.0014846735491294051 0.25 479.39209199999999 0.027618631347969807 0.00098009833783282378 0.020724806253444 0.0098989885371851168 0 0.057319070357267361 nan nan nan nan nan nan nan nan nan nan 0.0046200323795083098 0.13976015982034173 0.04718490358480186 0 0.24262191637709987 nan nan nan nan nan nan nan nan nan nan 0 0 0 0 running
2740 4.0383051992123358 0.0014847199317117421 0.25 482.612256 0.027472904004531555 0.00097981655050912993 0.02064108186336407 0.0098097578096708153 0 0.057013652952287525 nan nan nan nan nan nan nan nan nan nan 0.0044895124731638703 0.13801513922621378 0.046675392927587475 0 0.23860224522128412 nan nan nan nan nan nan nan nan nan nan 0 0 0 0 running
2760 4.0680000638569496 0.0014847639500944428 0.25 485.83840099999998 0.027272467233742843 0.00097705677880553657 0.020549483218789449 0.0097351385291239555 0 0.056576748955629572 nan nan nan nan nan nan nan nan nan nan 0.0043813961715524208 0.13707023588428352 0.046188748461998615 0 0.23300049056132205 nan nan nan nan nan nan nan nan nan nan 0 0 0 0 running
2780 4.0976957853395399 0.0014848057541079513 0.25 489.029157 0.027023157691304291 0.00097202481849378093 0.02045071986718551 0.0096741780426197535 0 0.056022216681521284 nan nan nan nan nan nan nan nan nan nan 0.0042852575342328114 0.1361506387072336 0.045716096406479029 0 0.22629175737561791 nan nan nan nan nan nan nan nan nan nan 0 0 0 0 running
2800 4.1273923212314223 0.0014848455247249426 0.25 492.49444 0.026731817833371301 0.00096496717215196982 0.020345563609891495 0.0096257302575581977 0 0.055366258859922947 nan nan nan nan nan nan nan nan nan nan 0.0041781776023784301 0.13506062622139631 0.045249296819213643 0 0.22011251960150297 nan nan nan nan nan nan nan nan nan nan 0 0 0 0 running
2820 4.1570896329448219 0.0014848834622602841 0.25 495.62850800000001 0.026405362837107805 0.00095614448031780444 0.020234814555907692 0.0095884931818661541 0 0.054625221271118525 nan nan nan nan nan nan nan nan nan nan 0.00406590638603882 0.13383792209063164 0.044781429406355565 0 0.21536012110820557 nan nan nan nan nan nan nan nan nan nan 0 0 0 0 running
2840 4.1867876860094704 0.0014849197761245703 0.25 498.81156099999998 0.026049980912282611 0.00094580810323097425 0.020119277045241669 0.0095610379090729242 0 0.05381369918488587 nan nan nan nan nan nan nan nan nan nan 0.003953064111256066 0.13251800169803116 0.044307064127896999 0 0.20977566021172478 nan nan nan nan nan nan nan nan nan nan 0 0 0 0 running
2860 4.2164864501610504 0.0014849546761732772 0.25 501.64588099999997 0.025670647493198365 0.00093418450558829271 0.019999749371365779 0.0095418359813164901 0 0.052943379228171529 nan nan nan nan nan nan nan nan nan nan 0.0038430836448675176 0.13113223152143799 0.043822340927483418 0 0.20372759794327949 nan nan nan nan nan nan nan nan nan nan 0 0 0 0 running
2880 4.2461858992731569 0.0014849883656240898 0.25 504.55282 0.025271048358653469 0.00092146985086875312 0.019877027328455886 0.009529291772035639 0 0.052022847883869093 nan nan nan nan nan nan nan nan nan nan 0.0037382615488412152 0.12970679611071792 0.043324897023961542 0 0.19751802219615269 nan nan nan nan nan nan nan nan nan nan 0 0 0 0 running
2900 4.2758860111634638 0.0014850210354686727 0.25 508.173652 0.02485388970150651 0.00090783422911863395 0.019751917186145398 0.0095217838113597891 0 0.051058323552649845 nan nan nan nan nan nan nan nan nan nan 0.0036398907190081098 0.1282623140378438 0.042813686878207795 0 0.19137841428748015 nan nan nan nan nan nan nan nan nan nan 0 0 0 0 running
2920 4.3055867673029242 0.0014850528602762326 0.25 511.50529899999998 0.024421462694552129 0.00089343220796566942 0.019625250310684808 0.0095177149280854714 0 0.050055006067200127 nan nan nan nan nan nan nan nan nan nan 0.003548445949630552 0.12681399594373199 0.042288739213733835 0 0.18547218236254931 nan nan nan nan nan nan nan nan nan nan 0 0 0 0 running
2940 4.3352881524546056 0.0014850839952692163 0.25 514.38302399999998 0.02397626343153415 0.00087841482662296539 0.019497890623875209 0.0095155672861152677 0 0.049018574729655179 nan nan nan nan nan nan nan nan nan nan 0.0034637947963290228 0.12537218217624085 0.041750890560922321 0 0.17990192996473495 nan nan nan nan nan nan nan nan nan nan 0 0 0 0 running
2960 4.3649901542662635 0.0014851145745414767 0.25 516.97954400000003 0.023521466880039112 0.0008629382401191025 0.019370727907264115 0.0095139559312226035 0 0.047956354129761763 nan nan nan nan nan nan nan nan nan nan 0.0033854091791796215 0.12394310640636644 0.041201526286389067 0 0.17471952806140745 nan nan nan nan nan nan nan nan nan nan 0 0 0 0 running
2980 4.3946927628380674 0.0014851447102844776 0.25 519.50875499999995 0.023061112913092589 0.00084716585931191891 0.019244654151397606 0.0095116738827501178 0 0.046877801788268079 nan nan nan nan nan nan nan nan nan nan 0.0033125577537212458 0.12252975587008898 0.040642350316007742 0 0.16993735242248986 nan nan nan nan nan nan nan nan nan nan 0 0 0 0 running
3000 4.4243959702842526 0.0014851744928853611 0.25 522.28700600000002 0.022599960828876817 0.00083126339062474376 0.019120525386147152 0.0095077229859416006 0 0.045794201173178457 nan nan nan nan nan nan nan nan nan nan 0.0032444646365727969 0.12113272994798722 0.04007519615934451 0 0.16553943086871267 nan nan nan nan nan nan nan nan nan nan 0 0 0 0 running
3020 4.4540997703046816 0.0014852039917592097 0.25 524.98538599999995 0.022143073158742203 0.00081538875795497971 0.018999116015786736 0.0095013271598125768 0 0.044717691784810762 nan nan nan nan nan nan nan nan nan nan 0.0031804260366473103 0.11975103000378766 0.039501882938765089 0 0.16149163475056391 nan nan nan nan nan nan nan nan nan nan 0 0 0 0 running
3040 4.483804157779498 0.0014852332567769587 0.25 527.66010100000005 0.021695267685491626 0.00079968061527966466 0.018881075156812116 0.0094919275722572093 0 0.043659959030272429 nan nan nan nan nan nan nan nan nan nan 0.0031198821594366488 0.11838274049269221 0.039223001521891149 0 0.15775039299918261 nan nan nan nan nan nan nan nan nan nan 0 0 0 0 running
3060 4.5135091283974189 0.0014852623201524464 0.25 530.32705899999996 0.021260606144912732 0.00078424948617671921 0.01876689411805291 0.0094791619502218438 0 0.042630986323004473 nan nan nan nan nan nan nan nan nan nan 0.0030624468631386681 0.11702558237534079 0.038942644129210745 0 0.15426968020582171 nan nan nan nan nan nan nan nan nan nan 0 0 0 0 running
3080 4.5432146783254099 0.0014852911986571163 0.25 533.02292299999999 0.020842062458758283 0.00076917443709597375 0.018656891196941743 0.0094628322948029087 0 0.04163822071348796 nan nan nan nan nan nan nan nan nan nan 0.0030079015866996683 0.11567733471674771 0.038645023519657047 0 0.15100622643465489 nan nan nan nan nan nan nan nan nan nan 0 0 0 0 running
3100 4.5729208039249745 0.001485319896037861 0.25 535.59243200000003 0.020441443333486829 0.0007545060569356327 0.018551215457047177 0.0094428663404973606 0 0.040686342041679403 nan nan nan nan nan nan nan nan nan nan 0.0029561627938802792 0.11433612992955618 0.03833179386030771 0 0.14792302760571352 nan nan nan nan nan nan nan nan nan nan 0 0 0 0 running
3120 4.6026275015179285 0.0014853484055226756 0.25 538.19276400000001 0.020059545358011386 0.00074027417661662852 0.018449866574184008 0.0094192782729045996 0 0.039777611972143453 nan nan nan nan nan nan nan nan nan nan 0.002907233376410634 0.11300063390334433 0.038004419292612876 0 0.14499131751057345 nan nan nan nan nan nan nan nan nan nan 0 0 0 0 running
3140 4.6323347672022628 0.0014853767123105812 0.25 540.72115599999995 0.019696456586820895 0.00072649706532183019 0.018352724559811972 0.0093921335646141267 0 0.038912588460969844 nan nan nan nan nan nan nan nan nan nan 0.0028611483038532004 0.1116701256335161 0.037664202165247906 0 0.14219121075382962 nan nan nan nan nan nan nan nan nan nan 0 0 0 0 running
3160 4.6620425967168533 0.0014854047959565663 0.25 543.48999800000001 0.019351872397746273 0.00071318836498248544 0.018259582006192144 0.0093615215535232249 0 0.038090888254428884 nan nan nan nan nan nan nan nan nan nan 0.0028179235102519518 0.11034449296993652 0.037312317558473911 0 0.1395112541086915 nan nan nan nan nan nan nan nan nan nan 0 0 0 0 running
3180 4.6917509853520896 0.0014854326325781395 0.25 546.19320500000003 0.019025305292239097 0.00070035889010222185 0.018170172512502657 0.0093275378255676424 0 0.037311694865257157 nan nan nan nan nan nan nan nan nan nan 0.0027775148870143318 0.10902416236410126 0.036949846280325174 0 0.13694714041843542 nan nan nan nan nan nan nan nan nan nan 0 0 0 0 running
3200 4.7214599279022655 0.0014854601968266607 0.25 548.742929 0.018716119049197611 0.0006880122910245133 0.01808419153611894 0.009290276838008614 0 0.036573829074410737 nan nan nan nan nan nan nan nan nan nan 0.0027397916828295066 0.10810047539208202 0.03657780154195038 0 0.13449984748644966 nan nan nan nan nan nan nan nan nan nan 0 0 0 0 running
3220 4.7511694186545306 0.001485487463583076 0.25 551.53025500000001 0.018423388116883956 0.00067613578980653096 0.018001309040567581 0.0092498337513287482 0 0.035875373688913782 nan nan nan nan nan nan nan nan nan nan 0.0027045259685347101 0.10739486985494601 0.03619714733216195 0 0.13217346416293058 nan nan nan nan nan nan nan nan nan nan 0 0 0 0 running
3240 4.7808794514086612 0.0014855144093535344 0.25 554.41543100000001 0.018145649614303684 0.00066468905773178083 0.017921176004073305 0.0092063132871095955 0 0.035213015127542623 nan nan nan nan nan nan nan nan nan nan 0.0026713974442996724 0.10668185205402035 0.035808808737201547 0 0.12997295500050091 nan nan nan nan nan nan nan nan nan nan 0 0 0 0 running
3260 4.8105900195214701 0.0014855410133548666 0.25 557.189437 0.017880656021713317 0.00065359521152472697 0.017843428349255584 0.0091598427131375521 0 0.034581374442742993 nan nan nan nan nan nan nan nan nan nan 0.0026420386619072644 0.10595982757424889 0.035413675890444155 0 0.12790208909151626 nan nan nan nan nan nan nan nan nan nan 0 0 0 0 running
3280 4.8403011159696918 0.0014855672582927901 0.25 559.93880300000001 0.017625241066206505 0.00064273760994540299 0.017767691926653971 0.0091105857991387058 0 0.033972619144986019 nan nan nan nan nan nan nan nan nan nan 0.0026157177148828925 0.10522724481812104 0.035012603891791561 0 0.12596172363784272 nan nan nan nan nan nan nan nan nan nan 0 0 0 0 running
3300 4.8700127334253276 0.0014855931308465353 0.25 562.79543200000001 0.017375380465388026 0.00063196475106881711 0.017693591034448685 0.0090587547872305243 0 0.033376573373383477 nan nan nan nan nan nan nan nan nan nan 0.0025910632474231976 0.10448272287836405 0.034606411014016708 0 0.12469658428990001 nan nan nan nan nan nan nan nan nan nan 0 0 0 0 running
3320 4.8997248643377871 0.0014856186218824517 0.25 566.16762800000004 0.017126474623358121 0.00062110354308346927 0.017620761119226315 0.0090046179666465435 0 0.032781405222554544 nan nan nan nan nan nan nan nan nan nan 0.002567950641608252 0.10372516650045577 0.034195877021510349 0 0.12378492755476636 nan nan nan nan nan nan nan nan nan nan 0 0 0 0 running
3340 4.9294375010177038 0.0014856437264260556 0.25 568.94624499999998 0.016873821421215462 0.00060997920680949029 0.017548864434600228 0.0089485012745945114 0 0.032174817080089402 nan nan nan nan nan nan nan nan nan nan 0.0025461814847048125 0.10295385185802162 0.033781742709403609 0 0.12285640191266514 nan nan nan nan nan nan nan nan nan nan 0 0 0 0 running
3360 4.9591506357179709 0.0014856684434272039 0.25 571.86640399999999 0.016613200249357828 0.00059843859357717067 0.017477606069502234 0.0088907832959041616 0 0.031545542352931617 nan nan nan nan nan nan nan nan nan nan 0.0025254913503940379 0.10216847274454495 0.033364711024859835 0 0.12189096708182 nan nan nan nan nan nan nan nan nan nan 0 0 0 0 running
3380 4.9888642607082376 0.0014856927753567773 0.25 574.95809199999997 0.016341464705736022 0.00058637308293165119 0.017406747240508016 0.008831884002160657 0 0.030884890897154533 nan nan nan nan nan nan nan nan nan nan 0.0025055645533950677 0.10136914352781158 0.032945449508039099 0 0.1208744231569707 nan nan nan nan nan nan nan nan nan nan 0 0 0 0 running
3400 5.017828514842555 0.0014857161278388571 0.25 577.74542299999996 0.016064377402369708 0.00057406323976330435 0.017337893846146233 0.008773758733396874 0 0.030206127734178235 nan nan nan nan nan nan nan nan nan nan 0.0024865440666194671 0.10057703187968603 0.032535228516076584 0 0.11982629195180838 nan nan nan nan nan nan nan nan nan nan 0 0 0 0 running
3420 5.047543085703337 0.0014857397176523464 0.25 580.51621799999998 0.01576788630228549 0.00056090024646619373 0.017267372147896649 0.0087138390592196094 0 0.029474114932913385 nan nan nan nan nan nan nan nan nan nan 0.0024670963387683487 0.099751914241109088 0.032113401398935482 0 0.11868926363300972 nan nan nan nan nan nan nan nan nan nan 0 0 0 0 running
3440 5.0772581245374102 0.0014857629449828149 0.25 583.19860900000003 0.015461276525481578 0.00054730260683805122 0.017196913217969647 0.0086540581374391478 0 0.028711134989251659 nan nan nan nan nan nan nan nan nan nan 0.0024473749833687219 0.098915156740673554 0.031691149897996714 0 0.11749115871155612 nan nan nan nan nan nan nan nan nan nan 0 0 0 0 running
3460 5.1069736242050103 0.0014857858204149275 0.25 585.87654299999997 0.015148681192811235 0.0005334507622283761 0.017126508531928028 0.0085948174773232949 0 0.027927405137762738 nan nan nan nan nan nan nan nan nan nan 0.0024270722387597088 0.098067908256223191 0.031269026790615752 0 0.11623713873765458 nan nan nan nan nan nan nan nan nan nan 0 0 0 0 running
3480 5.1366895777837369 0.001485808354979109 0.25 588.57706800000005 0.014835719738382663 0.00051958430474257603 0.017056177729767023 0.0085364676679618393 0 0.02713739954258498 nan nan nan nan nan nan nan nan nan nan 0.0024059331183867716 0.097211341793275119 0.030847557644355973 0 0.11493507197256247 nan nan nan nan nan nan nan nan nan nan 0 0 0 0 running
3500 5.1664059785715137 0.0014858305595986934 0.25 591.55232599999999 0.014528933517201163 0.00050598032550887349 0.016985950239317156 0.008479296339684814 0 0.026358538610812696 nan nan nan nan nan nan nan nan nan nan 0.002383768563508859 0.096346569145350142 0.030427238810999443 0 0.11359457323942826 nan nan nan nan nan nan nan nan nan nan 0 0 0 0 running
3520 5.1961228200795144 0.0014858524446377584 0.25 594.24168099999997 0.014235094542941553 0.0004929265569365085 0.016915848336664992 0.0084235215200329661 0 0.025609470257980313 nan nan nan nan nan nan nan nan nan nan 0.0023604631161824874 0.095474575282023896 0.030106977199854536 0 0.11222615550059922 nan nan nan nan nan nan nan nan nan nan 0 0 0 0 running
3540 5.2258400960172997 0.0014858740195712666 0.25 596.91810699999996 0.013960472638374109 0.00048069231891350673 0.016845873942258519 0.0083692905417975996 0 0.024908119625475764 nan nan nan nan nan nan nan nan nan nan 0.0023359769558118915 0.094596176460455692 0.029875445984406338 0 0.11084053914493713 nan nan nan nan nan nan nan nan nan nan 0 0 0 0 running
3560 5.255557800272757 0.0014858952927905855 0.25 599.570243 0.01371015863942456 0.00046950092046125819 0.016776000627243201 0.0083166840237724488 0 0.024269742237611209 nan nan nan nan nan nan nan nan nan nan 0.0023103426625860068 0.093712002719900642 0.029636692921605392 0 0.10944813504599379 nan nan nan nan nan nan nan nan nan nan 0 0 0 0 running
3580 5.285275926889617 0.0014859162715478401 0.25 602.50980100000004 0.013487540089202037 0.00045950739689430556 0.016706171337542083 0.0082657239329773681 0 0.02370525655515781 nan nan nan nan nan nan nan nan nan nan 0.0022836574905140128 0.092822502566752813 0.029391108124627856 0 0.10805869259527343 nan nan nan nan nan nan nan nan nan nan 0 0 0 0 running
3600 5.3149944700452689 0.0014859369620325432 0.25 605.23900700000002 0.013294006770464465 0.00045078500481337679 0.016636301419705502 0.0082163844154952634 0 0.023220128663612564 nan nan nan nan nan nan nan nan nan nan 0.0022560722276606104 0.091927965673218801 0.029139093024310052 0 0.10668108640927439 nan nan nan nan nan nan nan nan nan nan 0 0 0 0 running
3620 5.3447134240313501 0.001485957369564504 0.25 608.27959399999997 0.013128925958129815 0.0004433225951308546 0.016566285808806081 0.0081686039742815183 0 0.022814009572173482 nan nan nan nan nan nan nan nan nan nan 0.0022277778789410174 0.091028558245459995 0.028881075916132388 0 0.10532320615648423 nan nan nan nan nan nan nan nan nan nan 0 0 0 0 running
3640 5.3744327832392242 0.0014859774988790556 0.25 610.97745499999996 0.012989878539591163 0.0004370330141318962 0.016496008802059016 0.008122297652870071 0 0.022481185443650138 nan nan nan nan nan nan nan nan nan nan 0.0021989914315328485 0.090124365353211291 0.028617521756356436 0 0.1039919125118432 nan nan nan nan nan nan nan nan nan nan 0 0 0 0 running
3660 5.4041525421518628 0.001485997354474721 0.25 613.72964200000001 0.012873099810324255 0.0004317705564499839 0.016425354698492284 0.0080773681207903132 0 0.022211729223304347 nan nan nan nan nan nan nan nan nan nan 0.0021699418705248275 0.089215434987418005 0.028348936126130434 0 0.10269302700855949 nan nan nan nan nan nan nan nan nan nan 0 0 0 0 running
3680 5.4338726953430418 0.0014860169409899532 0.25 616.55278799999996 0.012774036918147913 0.00042735389423984152 0.01635421775676478 0.0080337148731083694 0 0.021993100088028156 nan nan nan nan nan nan nan nan nan nan 0.0021408574277043679 0.088301819519085667 0.028075863805308042 0 0.10143133235771387 nan nan nan nan nan nan nan nan nan nan 0 0 0 0 running
3700 5.4635932374840861 0.0014860362635747415 0.25 619.33586500000001 0.012687925334033671 0.00042359027404360026 0.016282510232943376 0.007991241123774865 0 0.021811871618583917 nan nan nan nan nan nan nan nan nan nan 0.0021119547960189444 0.08738361099995276 0.027798882792507505 0 0.10021057055748718 nan nan nan nan nan nan nan nan nan nan 0 0 0 0 running
3720 5.4933141633576836 0.0014860553282246775 0.25 622.36379099999999 0.012610299652003495 0.0004202972037021576 0.016210167738179331 0.0079498582994053085 0 0.021655296159291473 nan nan nan nan nan nan nan nan nan nan 0.0020834307679206687 0.086682770538713635 0.027518594860103687 0 0.099033436147393794 nan nan nan nan nan nan nan nan nan nan 0 0 0 0 running
3740 5.5230354678777624 0.0014860741420493501 0.25 625.60607800000002 0.012537381019713771 0.00041731900422098427 0.016137151635933305 0.0079094883139468053 0 0.021512503125079276 nan nan nan nan nan nan nan nan nan nan 0.0020629810734702492 0.086134791766162677 0.027235613850358824 0 0.097901570087962478 nan nan nan nan nan nan nan nan nan nan 0 0 0 0 running
3760 5.5527571461138088 0.0014860927134532627 0.25 628.46290599999998 0.012466314706925923 0.0004145369996672496 0.016063448626541115 0.0078700639960973904 0 0.02137523992511664 nan nan nan nan nan nan nan nan nan nan 0.0020486098272156639 0.085570236163943533 0.026950552914435256 0 0.097071761628348255 nan nan nan nan nan nan nan nan nan nan 0 0 0 0 running
3780 5.5824791933177913 0.0014861110522152059 0.25 631.49381900000003 0.012395258748916144 0.00041187335888365889 0.015989067999164601 0.0078315281409297097 0 0.02123815973890086 nan nan nan nan nan nan nan nan nan nan 0.0020348311913313544 0.084990425009667664 0.026879500637660814 0 0.096719259763387577 nan nan nan nan nan nan nan nan nan nan 0 0 0 0 running
3800 5.6122016049515233 0.0014861291694605293 0.25 634.37230499999998 0.012323344147822211 0.00040928947806596509 0.015914037235371686 0.0077938316851345049 0 0.021098723743071788 nan nan nan nan nan nan nan nan nan nan 0.0020216259658768498 0.084396586878408966 0.026912017382093017 0 0.096381412021140075 nan nan nan nan nan nan nan nan nan nan 0 0 0 0 running
3820 5.6419243767123923 0.001486147077529261 0.25 637.13210000000004 0.01225053816322667 0.00040678027300332077 0.015838396725611475 0.007756931463798346 0 0.020956816544526406 nan nan nan nan nan nan nan nan nan nan 0.0020089599439683248 0.083789867627427225 0.026934135827632426 0 0.09605435955980017 nan nan nan nan nan nan nan nan nan nan 0 0 0 0 running
3840 5.6716475045554056 0.0014861647897508989 0.25 640.13975100000005 0.012177446128608575 0.00040436590755234481 0.015762194323310264 0.0077207879197700576 0 0.020814180822236739 nan nan nan nan nan nan nan nan nan nan 0.0019967862326919494 0.083171343460032354 0.026945657968685706 0 0.095733241333274474 nan nan nan nan nan nan nan nan nan nan 0 0 0 0 running
3860 5.701370984709949 0.0014861823201432515 0.25 643.12665400000003 0.012105085999830213 0.0004020824199625927 0.015685480341986382 0.0076853630529925606 0 0.020673770005222556 nan nan nan nan nan nan nan nan nan nan 0.0019850481185916813 0.082542034599064021 0.026946430612567122 0 0.095412718247002204 nan nan nan nan nan nan nan nan nan nan 0 0 0 0 running
3880 5.7310948136898823 0.0014861996830576477 0.25 646.07297500000004 0.012034665263840567 0.00039997250673570885 0.015608303432856159 0.007650618758648654 0 0.020539103159948665 nan nan nan nan nan nan nan nan nan nan 0.0019736822894112493 0.081902917735597117 0.026936348412204814 0 0.095087447377123102 nan nan nan nan nan nan nan nan nan nan 0 0 0 0 running
3900 5.7608189882962231 0.0014862168927956216 0.25 649.01976000000002 0.011967383369068101 0.00039807744486983503 0.015530707592229194 0.0076165156402587843 0 0.020413688276386819 nan nan nan nan nan nan nan nan nan nan 0.0019626221701639635 0.081254936031335406 0.026915355545136285 0 0.094752482261680052 nan nan nan nan nan nan nan nan nan nan 0 0 0 0 running
3920 5.7905435056120691 0.0014862339632229532 0.25 651.91233099999999 0.011904275420767387 0.00039643081417051087 0.015452730368179755 0.0075830122903601813 0 0.020300560530428474 nan nan nan nan nan nan nan nan nan nan 0.001951801110978979 0.080599005985852776 0.026883445717435065 0 0.09440358468608151 nan nan nan nan nan nan nan nan nan nan 0 0 0 0 running
3940 5.8202683629900127 0.001486250907405504 0.25 654.81671200000005 0.011846105329051601 0.00039505435610862543 0.015374402187567303 0.0075500649748929749 0 0.020201961925527513 nan nan nan nan nan nan nan nan nan nan 0.0019411551736219779 0.07993602088636452 0.026840660421924158 0 0.094037441456599771 nan nan nan nan nan nan nan nan nan nan 0 0 0 0 running
3960 5.8499935580326792 0.0014862677372880792 0.25 657.61359500000003 0.011793309631880211 0.00039395600152870359 0.015295746615231278 0.0075176276292692346 0 0.02011916920119072 nan nan nan nan nan nan nan nan nan nan 0.0019306253086179281 0.079266850884181964 0.026787085595122401 0 0.093651786233667017 nan nan nan nan nan nan nan nan nan nan 0 0 0 0 running
3980 5.8797190885674491 0.0014862844634327328 0.25 660.47809299999994 0.011745987441259305 0.00039312984611380183 0.015216781294684774 0.0074856520619891809 0 0.020052459550184108 nan nan nan nan nan nan nan nan nan nan 0.0019201587880474102 0.078592339990518637 0.026722846981801853 0 0.093245431683362023 nan nan nan nan nan nan nan nan nan nan 0 0 0 0 running
4000 5.9094449526166759 0.0014863010948271492 0.25 663.42250000000001 0.011703927851385311 0.00039255767328812575 0.015137519296820466 0.0074540882667934348 0 0.020001190261445614 nan nan nan nan nan nan nan nan nan nan 0.0019097098469441076 0.077913300461817658 0.026648104620132125 0 0.092818221278510998 nan nan nan nan nan nan nan nan nan nan 0 0 0 0 running
4020 5.9391711483648342 0.0014863176387675293 0.25 666.19144400000005 0.011666663920256918 0.00039221153133837922 0.015057970613508928 0.0074228847625162613 0 0.019963960229897108 nan nan nan nan nan nan nan nan nan nan 0.0018992395786880945 0.077230505179645345 0.026563046904747905 0 0.092370913200522264 nan nan nan nan nan nan nan nan nan nan 0 0 0 0 running
4040 5.9688976741241149 0.001486334100814256 0.25 669.16601400000002 0.011633541909563127 0.00039205686248010947 0.014978143596467146 0.0073919889030916288 0 0.019938818738445139 nan nan nan nan nan nan nan nan nan nan 0.001888715214579062 0.076544678728446558 0.026467884676017184 0 0.091905011139538376 nan nan nan nan nan nan nan nan nan nan 0 0 0 0 running
4060 5.9986245282998238 0.0014863504848132004 0.25 672.04495999999995 0.011603795516541265 0.00039205573814272531 0.014898046160836925 0.0073613471294768466 0 0.019923489485419471 nan nan nan nan nan nan nan nan nan nan 0.001878108985776672 0.075856487958499974 0.026362845728383263 0 0.091422558456395339 nan nan nan nan nan nan nan nan nan nan 0 0 0 0 running
4080 6.0283517093568211 0.0014863667929711916 0.25 674.91348300000004 0.01157661684380553 0.00039216985550202381 0.014817686666063911 0.0073309051592386505 0 0.019915583896999982 nan nan nan nan nan nan nan nan nan nan 0.0018673968089677473 0.075166532882977533 0.026248170045320211 0 0.090925913185166685 nan nan nan nan nan nan nan nan nan nan 0 0 0 0 running
4100 6.0580792157878784 0.0014863830259712052 0.25 677.72751800000003 0.011551218292037757 0.0003923630651751789 0.014737074433126348 0.0073006081312514326 0 0.019912785577186932 nan nan nan nan nan nan nan nan nan nan 0.0018581344055871862 0.07447533879551177 0.026124105963058045 0 0.090417521651634289 nan nan nan nan nan nan nan nan nan nan 0 0 0 0 running
4120 6.0878070460846505 0.0014863991831114642 0.25 680.94438600000001 0.011526881970359672 0.000392603309717769 0.014656219909886914 0.0072704007364220889 0 0.019912995593809598 nan nan nan nan nan nan nan nan nan nan 0.0018529109507176011 0.073783350489811245 0.025990907354220667 0 0.089899707985583666 nan nan nan nan nan nan nan nan nan nan 0 0 0 0 running
4140 6.1175351987115185 0.0014864152624534199 0.25 683.60724800000003 0.011502995280041405 0.00039286394219936646 0.014575134534808359 0.0072402273723149524 0 0.019914434987606654 nan nan nan nan nan nan nan nan nan nan 0.0018474219512809587 0.073090929399988069 0.025848831817217911 0 0.089374495377299648 nan nan nan nan nan nan nan nan nan nan 0 0 0 0 running
4160 6.1472636720823894 0.0014864312609652703 0.25 686.30944999999997 0.011479072886203505 0.00039312445820857754 0.014493830372918281 0.0072100323580104979 0 0.019915705845179921 nan nan nan nan nan nan nan nan nan nan 0.0018416965229636761 0.072398354346713115 0.025698139767399299 0 0.088915681368156363 nan nan nan nan nan nan nan nan nan nan 0 0 0 0 running
4180 6.1769924645401986 0.0014864471746498164 0.25 689.62318400000004 0.011454766321562029 0.00039337071341524212 0.014412319608139851 0.0071797602384833627 0 0.019915815406869649 nan nan nan nan nan nan nan nan nan nan 0.0018357562722096654 0.0717058263620865 0.025539094255531178 0 0.088800088553865716 nan nan nan nan nan nan nan nan nan nan 0 0 0 0 running
4200 6.2067215743387489 0.0014864629986489537 0.25 692.82837700000005 0.011429863051794106 0.00039359471744663805 0.014330613974294044 0.0071493561975031761 0 0.019914169307134796 nan nan nan nan nan nan nan nan nan nan 0.0018296148717089067 0.071013477781643866 0.025371961296340496 0 0.088676465163802454 nan nan nan nan nan nan nan nan nan nan 0 0 0 0 running
4220 6.2364509996263529 0.0014864787273218335 0.25 695.61802399999999 0.011404277068100245 0.00039379409829592011 0.014248724195728509 0.0071187665868097339 0 0.019910540537984276 nan nan nan nan nan nan nan nan nan nan 0.0018232785836359011 0.070321385450535623 0.025197010471702995 0 0.088547240713489586 nan nan nan nan nan nan nan nan nan nan 0 0 0 0 running
4240 6.2661807384307799 0.001486494354298519 0.25 698.43986800000005 0.011378033076798726 0.00039397132773465025 0.014166659492906136 0.0070879395530905158 0 0.019905020516953503 nan nan nan nan nan nan nan nan nan nan 0.0018167476676976824 0.069629587522052103 0.025014515581478682 0 0.088413991184823321 nan nan nan nan nan nan nan nan nan nan 0 0 0 0 running
4260 6.2959107886450623 0.0014865098725145077 0.25 701.33219499999996 0.011351246271111667 0.00039413278899815257 0.014084427188647705 0.0070568257539733196 0 0.019897958184886939 nan nan nan nan nan nan nan nan nan nan 0.0018100185340410579 0.068938102963801748 0.024824755143147421 0 0.088277414299434975 nan nan nan nan nan nan nan nan nan nan 0 0 0 0 running
4280 6.3256411480138555 0.0014865252742334765 0.25 704.180387 0.011324099486363169 0.00039428775865538309 0.014002032432290135 0.0070253791256411208 0 0.0198898923816779 nan nan nan nan nan nan nan nan nan nan 0.0018030864315823347 0.068246952573351283 0.024673581494150516 0 0.088137375519796113 nan nan nan nan nan nan nan nan nan nan 0 0 0 0 running
4300 6.3553718141202058 0.0014865405510665715 0.25 706.85204399999998 0.011296819360556189 0.00039444736538512523 0.0139194780429943 0.0069935576674631005 0 0.019881482131963758 nan nan nan nan nan nan nan nan nan nan 0.0017959484095202427 0.067763783498150112 0.024793177602216401 0 0.087993021495843871 nan nan nan nan nan nan nan nan nan nan 0 0 0 0 running
4320 6.3851027843727328 0.0014865556939970298 0.25 709.713075 0.011269652929204389 0.00039462357994292613 0.013836764463141357 0.006961324204989754 0 0.01987343886845834 nan nan nan nan nan nan nan nan nan nan 0.0017886062603696407 0.06734330307776884 0.024906782292799273 0 0.087842952153080855 nan nan nan nan nan nan nan nan nan nan 0 0 0 0 running
4340 6.4148340559934605 0.0014865706934188529 0.25 712.57021299999997 0.011242845877523168 0.00039482828238823872 0.013753889788967877 0.006928647094485714 0 0.01986646402531474 nan nan nan nan nan nan nan nan nan nan 0.0017810691494264397 0.066914981950724733 0.025014351497854845 0 0.087685437698990704 nan nan nan nan nan nan nan nan nan nan 0 0 0 0 running
4360 6.4445656260066153 0.0014865855391974409 0.25 715.22493099999997 0.011216623461221625 0.00039507244472669932 0.013670849885692227 0.0068955008346900312 0 0.019861194796869916 nan nan nan nan nan nan nan nan nan nan 0.0017733556578647947 0.066479020106180467 0.025115849023362044 0 0.087518662916172191 nan nan nan nan nan nan nan nan nan nan 0 0 0 0 running
4380 6.4742974912289464 0.0014866002207583563 0.25 718.12870499999997 0.011191174853281862 0.00039536545725020374 0.013587638535509832 0.0068618665581274847 0 0.019858160174236555 nan nan nan nan nan nan nan nan nan nan 0.0017654950132714453 0.066035642079627171 0.025211246397401715 0 0.087340978628289212 nan nan nan nan nan nan nan nan nan nan 0 0 0 0 running
4400 6.5040296482621258 0.0014866147272077424 0.25 720.82953099999997 0.011166641416421893 0.00039571461771916312 0.013504247614931623 0.0068277323807087089 0 0.019857748599680241 nan nan nan nan nan nan nan nan nan nan 0.0017575273481666986 0.065585114182806548 0.02530052251411247 0 0.08715113929887211 nan nan nan nan nan nan nan nan nan nan 0 0 0 0 running
4420 6.5337620934879199 0.0014866290474848495 0.25 723.53587300000004 0.0111431091130294 0.00039612479143819008 0.013420667283187068 0.0067930935955774138 0 0.019860187757161807 nan nan nan nan nan nan nan nan nan nan 0.0017495029079566127 0.065127758949568154 0.025383663099736737 0 0.086948506567610037 nan nan nan nan nan nan nan nan nan nan 0 0 0 0 running
4440 6.5634948230667129 0.0014866431705439283 0.25 726.60820200000001 0.011120605000687752 0.00039659823970081189 0.013336886178497263 0.0067579527058044056 0 0.019865536238188816 nan nan nan nan nan nan nan nan nan nan 0.0017433529934195446 0.064663965373390087 0.025460660049468675 0 0.086733200996198898 nan nan nan nan nan nan nan nan nan nan 0 0 0 0 running
4460 6.5932278329399319 0.0014866570855599566 0.25 729.91521899999998 0.011099097483023167 0.00039713460416637713 0.013252891610558388 0.006722319295279707 0 0.019873686020603496 nan nan nan nan nan nan nan nan nan nan 0.0017428201186966974 0.064194193828262691 0.025531510706557656 0 0.08650618829408975 nan nan nan nan nan nan nan nan nan nan 0 0 0 0 running
4480 6.6229611188367761 0.0014866707821504727 0.25 732.87264400000004 0.011078499805075987 0.0003977310264272944 0.013168669754755407 0.0066862097435384394 0 0.019884374162682676 nan nan nan nan nan nan nan nan nan nan 0.0017420436809125195 0.063718974951882446 0.025596217180030339 0 0.086269291360093536 nan nan nan nan nan nan nan nan nan nan 0 0 0 0 running
4500 6.6526946762854617 0.0014866842506043314 0.25 735.39668800000004 0.011058676103866391 0.00039838237588133297 0.013084205847351628 0.0066496467981247464 0 0.019897201615755762 nan nan nan nan nan nan nan nan nan nan 0.0017410637499979953 0.063238902298231245 0.02565478577389501 0 0.086274767499388033 nan nan nan nan nan nan nan nan nan nan 0 0 0 0 running
4520 6.6824285006290349 0.0014866974821074372 0.25 738.07122000000004 0.011039449290586511 0.00039908155596320052 0.012999484387957028 0.0066126590157303588 0 0.019911656975193866 nan nan nan nan nan nan nan nan nan nan 0.0017399302713399512 0.062754618991390537 0.025707226591161134 0 0.086922499846666723 nan nan nan nan nan nan nan nan nan nan 0 0 0 0 running
4540 6.7121625870455741 0.0014867104689554854 0.25 740.79794400000003 0.011020609963949355 0.00039981985777016608 0.012914489350573044 0.006575280096499019 0 0.019927142806618083 nan nan nan nan nan nan nan nan nan nan 0.0017387000493189753 0.062266799123434254 0.025753553287180021 0 0.087557239790015298 nan nan nan nan nan nan nan nan nan nan 0 0 0 0 running
4560 6.7418969305724294 0.0014867232047442826 0.25 743.53311699999995 0.011001925673892542 0.00040058733258080631 0.012829204416221179 0.0065375481257801109 0 0.019943002557493067 nan nan nan nan nan nan nan nan nan nan 0.0017374329487396256 0.061776125052725499 0.025793783470788194 0 0.088177127176358477 nan nan nan nan nan nan nan nan nan nan 0 0 0 0 running
4580 6.7716315261339544 0.0014867356845292771 0.25 746.52588600000001 0.010983149913162715 0.00040137315905163184 0.012743613208543272 0.0064995047462522671 0 0.019958546292420932 nan nan nan nan nan nan nan nan nan nan 0.0017361875922938252 0.06128326211502097 0.025827938871451368 0 0.088780676574696862 nan nan nan nan nan nan nan nan nan nan 0 0 0 0 running
4600 6.8013663685720589 0.0014867479049474358 0.25 749.43594199999995 0.010964030368726391 0.00040216598451526761 0.012657699553686794 0.0064611942852576031 0 0.019973073938916446 nan nan nan nan nan nan nan nan nan nan 0.0017350168774551422 0.060788832391908763 0.025856046116139932 0 0.089366906880045088 nan nan nan nan nan nan nan nan nan nan 0 0 0 0 running
4620 6.831101452678725 0.0014867598642962876 0.25 752.17828599999996 0.010944316111975796 0.00040295422806186038 0.012571447750568201 0.0064226628467633591 0 0.019985895203765362 nan nan nan nan nan nan nan nan nan nan 0.001733963580077269 0.060293389331389689 0.025878137666351737 0 0.089935437238101545 nan nan nan nan nan nan nan nan nan nan 0 0 0 0 running
4640 6.8608367732296553 0.0014867715625672495 0.25 755.09425599999997 0.010923763541524087 0.00040372633582594505 0.012484842858012409 0.0063839573939851691 0 0.019996345701250855 nan nan nan nan nan nan nan nan nan nan 0.0017330564133921644 0.059797395038805372 0.025894252754879468 0 0.090486541241153781 nan nan nan nan nan nan nan nan nan nan 0 0 0 0 running
4660 6.8905723250180886 0.001486783001432303 0.25 757.99615100000005 0.010902141034694056 0.00040447098831834912 0.0123978709912723 0.0063451248325541356 0 0.020003799255753449 nan nan nan nan nan nan nan nan nan nan 0.0017432547256207298 0.059301201784954988 0.025904438443950149 0 0.091021154242818397 nan nan nan nan nan nan nan nan nan nan 0 0 0 0 running
4680 6.9203081028878684 0.0014867941841848222 0.25 760.79745300000002 0.010879232374940182 0.00040517726030510283 0.012310519627978675 0.006306211111262095 0 0.020007676642649214 nan nan nan nan nan nan nan nan nan nan 0.0017576091994336018 0.058805039033512529 0.025908750668865048 0 0.091540829222988507 nan nan nan nan nan nan nan nan nan nan 0 0 0 0 running
4700 6.9500441017648527 0.0014868051156373718 0.25 763.62484800000004 0.010854839073331849 0.00040583473786989332 0.012222777913420328 0.0062672603480129312 0 0.020007451174865486 nan nan nan nan nan nan nan nan nan nan 0.001771659494836153 0.058309006922147862 0.02590725496186979 0 0.092047641185754592 nan nan nan nan nan nan nan nan nan nan 0 0 0 0 running
4720 6.9797803166858943 0.0014868158019814102 0.25 766.26468699999998 0.01082878178909611 0.00040643360064884342 0.012134636966850956 0.0062283139950881838 0 0.02000265175842654 nan nan nan nan nan nan nan nan nan nan 0.0017854397955110179 0.057813076702340239 0.025900026914200545 0 0.092544044257570582 nan nan nan nan nan nan nan nan nan nan 0 0 0 0 running
4740 7.0095167428246565 0.0014868262506150952 0.25 768.90160600000002 0.010800901053443248 0.00040696467695433905 0.012046090180616371 0.0061894100513374684 0 0.019992864030946876 nan nan nan nan nan nan nan nan nan nan 0.00179898744634166 0.057317098180880259 0.025887152245641396 0 0.093032689043437949 nan nan nan nan nan nan nan nan nan nan 0 0 0 0 running
4760 7.0392533755137103 0.0014868364699460962 0.25 771.76527099999998 0.01077105751839213 0.00040741948040467108 0.011957133509157709 0.0061505823348041366 0 0.019977730223339141 nan nan nan nan nan nan nan nan nan nan 0.0018123398271382984 0.056820813750766863 0.025868726418676463 0 0.09351621139544497 nan nan nan nan nan nan nan nan nan nan 0 0 0 0 running
4780 7.0689902102624886 0.0014868464691768575 0.25 774.45641999999998 0.010739131995191595 0.00040779023796858337 0.011867765749993684 0.0061118598235627231 0 0.019956948483496998 nan nan nan nan nan nan nan nan nan nan 0.0018255309915647389 0.05632387816092186 0.025844853784014334 0 0.093997005956608648 nan nan nan nan nan nan nan nan nan nan 0 0 0 0 running
4800 7.0987272427708428 0.0014868562580802203 0.25 777.10513900000001 0.010705025164184515 0.00040806990597030859 0.011777988775489162 0.0060732660796557906 0 0.019930271380769343 nan nan nan nan nan nan nan nan nan nan 0.0018385882930555542 0.055825882963553126 0.025815646174910355 0 0.094476999420057731 nan nan nan nan nan nan nan nan nan nan 0 0 0 0 running
4820 7.1284644689380663 0.0014868658467733142 0.25 779.86112400000002 0.010668657575035153 0.00040825219633193791 0.011687807767522524 0.0060348187737027416 0 0.019897505229776166 nan nan nan nan nan nan nan nan nan nan 0.0018515292275454454 0.055326383870686918 0.02578122108985732 0 0.094957438990196458 nan nan nan nan nan nan nan nan nan nan 0 0 0 0 running
4840 7.1582018848674593 0.0014868752454972459 0.25 782.63528099999996 0.010629969642149985 0.00040833160301858548 0.011597231406809192 0.0059965293205876897 0 0.019858509462479263 nan nan nan nan nan nan nan nan nan nan 0.0018643587103737147 0.054824929769060421 0.025741699560659779 0 0.095438710605403668 nan nan nan nan nan nan nan nan nan nan 0 0 0 0 running
4860 7.1879394868665942 0.0014868844644093304 0.25 785.43885 0.010588921737249001 0.0004083034325628389 0.011506272015050016 0.0059584026414040226 0 0.01981319631895535 nan nan nan nan nan nan nan nan nan nan 0.0018770669820854236 0.054321091559632072 0.025697203670685211 0 0.095920199932476469 nan nan nan nan nan nan nan nan nan nan 0 0 0 0 running
4880 7.2176772714436153 0.0014868935133936917 0.25 788.08218499999998 0.010545494422869877 0.00040816384045820397 0.011414945649405895 0.0059204370663054132 0 0.019761530966963748 nan nan nan nan nan nan nan nan nan nan 0.0018896283028965732 0.053814489221072341 0.025649264282984932 0 0.096400206748661066 nan nan nan nan nan nan nan nan nan nan 0 0 0 0 running
4900 7.2474152352999903 0.0014869024018949793 0.25 790.72522200000003 0.01049968877349782 0.00040790987212210595 0.011323272137508618 0.0058826243917765707 0 0.019703531906818193 nan nan nan nan nan nan nan nan nan nan 0.0019020005422621111 0.053304815668107387 0.025596958719656643 0 0.09687591972637416 nan nan nan nan nan nan nan nan nan nan 0 0 0 0 running
4920 7.2771533753202142 0.0014869111387787871 0.25 793.391434 0.010451526479952315 0.00040753949688342818 0.011231275042826115 0.0058449500977085043 0 0.019639270852857309 nan nan nan nan nan nan nan nan nan nan 0.0019141257124525857 0.052791856280351004 0.025539946400451409 0 0.097343454748488586 nan nan nan nan nan nan nan nan nan nan 0 0 0 0 running
4940 7.3068916885590065 0.0014869197322211133 0.25 796.06480499999998 0.010401050096742382 0.00040705164910077147 0.01113898155912571 0.0058073937225346503 0 0.019568873051522676 nan nan nan nan nan nan nan nan nan nan 0.001925931447077589 0.052275503196464422 0.025478328190556735 0 0.097797956641458211 nan nan nan nan nan nan nan nan nan nan 0 0 0 0 running
4960 7.3366301722266316 0.0014869281896279949 0.25 798.77307299999995 0.010348322853560509 0.00040644625481767746 0.011046422322953721 0.0057699294000537445 0 0.019492516498156504 nan nan nan nan nan nan nan nan nan nan 0.0019373333487378019 0.051755763869076633 0.025412194745074519 0 0.098233759089829148 nan nan nan nan nan nan nan nan nan nan 0 0 0 0 running
4980 7.3663688236729215 0.0014869365175852239 0.25 801.35666800000001 0.010293428171197451 0.00040572424900520409 0.010953631143847706 0.0057325265433591484 0 0.019410430433300239 nan nan nan nan nan nan nan nan nan nan 0.0019482380878700356 0.051232763778064815 0.025341625298413981 0 0.09864459466138302 nan nan nan nan nan nan nan nan nan nan 0 0 0 0 running
5000 7.3961076403705999 0.0014869447218370051 0.25 803.85747200000003 0.010236468770258151 0.00040488757867621186 0.010860644651865274 0.005695150660824916 0 0.019322892826060013 nan nan nan nan nan nan nan nan nan nan 0.0019585470853167863 0.050706743506637293 0.02526668707863166 0 0.099023843585415078 nan nan nan nan nan nan nan nan nan nan 0 0 0 0 running
5020 7.4258466198984623 0.0014869528072914333 0.25 806.67809299999999 0.010177565338904805 0.00040393918964944038 0.010767501866926901 0.0056577642820508497 0 0.019230226757475405 nan nan nan nan nan nan nan nan nan nan 0.0019681605778114342 0.050178050693551232 0.025187435393420561 0 0.09936480772382586 nan nan nan nan nan nan nan nan nan nan 0 0 0 0 running
5040 7.4555857599249373 0.0014869607780499572 0.25 809.24481700000001 0.010116854761185399 0.00040288299567627057 0.010674243698829671 0.0056203279665584353 0 0.019132795707703289 nan nan nan nan nan nan nan nan nan nan 0.0019769818453296839 0.049647127627218207 0.025103914399192205 0 0.099660994850717291 nan nan nan nan nan nan nan nan nan nan 0 0 0 0 running
5060 7.4853250581924282 0.0014869686374573421 0.25 811.72378000000003 0.010054487947123113 0.00040172382973786933 0.01058091238875737 0.0055828013661381928 0 0.019030997853148084 nan nan nan nan nan nan nan nan nan nan 0.0019849213730364634 0.049114495421962452 0.025016158570681075 0 0.099906397985785558 nan nan nan nan nan nan nan nan nan nan 0 0 0 0 running
5080 7.5148697460194853 0.0014869763377571834 0.25 814.164177 0.0099910500620395398 0.00040047590962998095 0.01048816234753862 0.0055453914334448583 0 0.018925963916753542 nan nan nan nan nan nan nan nan nan nan 0.0019918582911293559 0.048584233783961393 0.024924810588005324 0 0.10009470719325511 nan nan nan nan nan nan nan nan nan nan 0 0 0 0 running
5100 7.5446093532204372 0.0014869839825087023 0.25 816.67078200000003 0.0099258750031508657 0.00039912920236125538 0.010394813565085191 0.0055075662054360061 0 0.01881675408274654 nan nan nan nan nan nan nan nan nan nan 0.0019978204003804345 0.048049970835132169 0.024828687469505603 0 0.10022413488855572 nan nan nan nan nan nan nan nan nan nan 0 0 0 0 running
5120 7.574349112210303 0.0014869915221203357 0.25 819.50220300000001 0.0098595534134166656 0.00039769875134234103 0.010301520000468311 0.0054695351287962629 0 0.018704509467454014 nan nan nan nan nan nan nan nan nan nan 0.0020027119021457374 0.047515843205518854 0.024728396821433969 0 0.10029010782813298 nan nan nan nan nan nan nan nan nan nan 0 0 0 0 running
5140 7.6040890208984031 0.0014869989576851588 0.25 822.33280000000002 0.009792265480725388 0.00039619225266166477 0.010208323115889305 0.005431264699679755 0 0.018589697438300967 nan nan nan nan nan nan nan nan nan nan 0.0020065051427410885 0.046982497174161905 0.024623958578172914 0 0.10029076835187692 nan nan nan nan nan nan nan nan nan nan 0 0 0 0 running
5160 7.6338290772122157 0.0014870062899585998 0.25 824.88238200000001 0.0097241915433901888 0.00039461785063110559 0.010115262684523799 0.0053927254474217239 0 0.018472784188813558 nan nan nan nan nan nan nan nan nan nan 0.0020091927946716548 0.046450563478625632 0.024515396610459345 0 0.10022561864193358 nan nan nan nan nan nan nan nan nan nan 0 0 0 0 running
5180 7.6635692790915924 0.0014870135194495775 0.25 827.70656599999995 0.0096555093026805348 0.00039298401028671666 0.010022376274292961 0.005353892642339513 0 0.01835422759010041 nan nan nan nan nan nan nan nan nan nan 0.002010788109445466 0.045920641590243436 0.024402741825421428 0 0.10009553605368883 nan nan nan nan nan nan nan nan nan nan 0 0 0 0 running
5200 7.693309624484745 0.0014870206465065594 0.25 830.47958600000004 0.009586391178258151 0.00039129938302529633 0.0099296988003793087 0.0053147468578588122 0 0.01823447041941164 nan nan nan nan nan nan nan nan nan nan 0.0020113243075851328 0.045393286489416686 0.024286035040362197 0 0.099902730681397434 nan nan nan nan nan nan nan nan nan nan 0 0 0 0 running
5220 7.7230501113458656 0.0014870276713962384 0.25 833.30262300000004 0.0095170018359611828 0.00038957266772836775 0.0098372621601555566 0.0052752743691632771 0 0.018113934039501806 nan nan nan nan nan nan nan nan nan nan 0.002010853166055343 0.044868998221137678 0.024165329497162175 0 0.099650649307309117 nan nan nan nan nan nan nan nan nan nan 0 0 0 0 running
5240 7.7527907376342498 0.001487034594373101 0.25 836.02435600000001 0.009447495917433742 0.00038781247012960611 0.0097450949622188681 0.0052354673863221823 0 0.017993012601055479 nan nan nan nan nan nan nan nan nan nan 0.0020094429005511338 0.044348214575593951 0.024040692904698048 0 0.099343832352896302 nan nan nan nan nan nan nan nan nan nan 0 0 0 0 running
5260 7.7825315013146827 0.0014870414157386997 0.25 838.52268500000002 0.009378015906090123 0.00038602715962783146 0.0096532223411032684 0.0051953241156116985 0 0.017872067604879822 nan nan nan nan nan nan nan nan nan nan 0.0020071754712686629 0.043831305896733869 0.023912208921470307 0 0.098987732518558691 nan nan nan nan nan nan nan nan nan nan 0 0 0 0 running
5280 7.8122724003589195 0.0014870481358899557 0.25 841.19843600000002 0.009308690256697786 0.0003842247307031163 0.0095616658736050429 0.0051548486555155794 0 0.017751423151180962 nan nan nan nan nan nan nan nan nan nan 0.0020041434638257694 0.04331857322970873 0.023779978039390737 0 0.098588505292691114 nan nan nan nan nan nan nan nan nan nan 0 0 0 0 running
5300 7.8420134327479838 0.0014870547553563183 0.25 844.26700800000003 0.0092396318212787446 0.00038241267272446034 0.0094704435999034779 0.0051140507334636841 0 0.017631361961807729 nan nan nan nan nan nan nan nan nan nan 0.0020004466871585969 0.042810249409629852 0.023644117816927379 0 0.098152780902546477 nan nan nan nan nan nan nan nan nan nan 0 0 0 0 running
5320 7.8717545964751228 0.0014870612748260194 0.25 847.43624199999999 0.0091709364715858565 0.00038059784664642022 0.0093795701232939153 0.005072945302343995 0 0.017512121926542324 nan nan nan nan nan nan nan nan nan nan 0.0019961886697939801 0.04230650150340888 0.023504762481378349 0 0.097687429807690893 nan nan nan nan nan nan nan nan nan nan 0 0 0 0 running
5340 7.9014958895491691 0.0014870676951620457 0.25 850.47865300000001 0.0091026820722300804 0.00037878637660068829 0.0092890567968268029 0.0050315520133061391 0 0.017393893571714097 nan nan nan nan nan nan nan nan nan nan 0.001991473204457167 0.041807435367317007 0.023362061933079763 0 0.097199331761777336 nan nan nan nan nan nan nan nan nan nan 0 0 0 0 running
5360 7.9312373099981102 0.0014870740174086996 0.25 853.35894800000005 0.0090349278257383578 0.00037698355916918102 0.0091989119835454956 0.0049898945881621916 0 0.017276818509078432 nan nan nan nan nan nan nan nan nan nan 0.0019864010821765976 0.041313101649930753 0.023216180209174746 0 0.096695157849903859 nan nan nan nan nan nan nan nan nan nan 0 0 0 0 running
5380 7.9609788558727139 0.0014870802427898776 0.25 855.99533399999996 0.0089677140399055163 0.00037519379384355015 0.0091091413807558204 0.0049480001159504204 0 0.017160988994886349 nan nan nan nan nan nan nan nan nan nan 0.0019810671387585077 0.040823502854356632 0.023067293487096685 0 0.096181173676319995 nan nan nan nan nan nan nan nan nan nan 0 0 0 0 running
5400 7.9907205252500493 0.0014870863727004216 0.25 858.72405400000002 0.0089010623503701959 0.00037342053743698187 0.0090197483918149166 0.0049058983023214028 0 0.017046448683633243 nan nan nan nan nan nan nan nan nan nan 0.001975557713523729 0.040338601081583311 0.022915587720541804 0 0.095663070318194557 nan nan nan nan nan nan nan nan nan nan 0 0 0 0 running
5420 8.0204623162367401 0.0014870924086916465 0.25 861.32305899999994 0.0088349764270242489 0.00037166628444382287 0.0089307345359881888 0.0048636206969584093 0 0.016933194644461046 nan nan nan nan nan nan nan nan nan nan 0.0019699485938115824 0.039875961433808248 0.022761256021146717 0 0.095145827903872729 nan nan nan nan nan nan nan nan nan nan 0 0 0 0 running
5440 8.0502042269719283 0.0014870983524526628 0.25 863.69270600000004 0.0087694431927701228 0.00036993257548204668 0.0088420998804382978 0.0048211999274589334 0 0.016821180707950661 nan nan nan nan nan nan nan nan nan nan 0.0019643034913270907 0.039461410851433641 0.022604495893261307 0 0.094633614829238058 nan nan nan nan nan nan nan nan nan nan 0 0 0 0 running
5460 8.079946255629789 0.0014871042057888451 0.25 866.31840699999998 0.0087044343737559642 0.00036822002673368568 0.0087538434795764071 0.0047786689603785369 0 0.016710321665043628 nan nan nan nan nan nan nan nan nan nan 0.0019586730747640779 0.039049044678789925 0.022445506410036301 0 0.094129724172896043 nan nan nan nan nan nan nan nan nan nan 0 0 0 0 running
5480 8.109688400421625 0.0014871099705986467 0.25 868.89166899999998 0.0086399086244083184 0.00036652839141467511 0.0086659638063031324 0.0047360604181663534 0 0.016600498942870218 nan nan nan nan nan nan nan nan nan nan 0.0019530945463350491 0.038638833909307599 0.022284485457251261 0 0.093636546429306425 nan nan nan nan nan nan nan nan nan nan 0 0 0 0 running
5500 8.1394306595974761 0.0014871156488498482 0.25 871.56617700000004 0.0085758138722175151 0.00036485663857971172 0.0085784591651991895 0.0046934059633653435 0 0.016491566823741546 nan nan nan nan nan nan nan nan nan nan 0.0019475917343832472 0.038230715827935823 0.022121627149431746 0 0.093155576672480964 nan nan nan nan nan nan nan nan nan nan 0 0 0 0 running
5520 8.1691730314472562 0.0014871212425562779 0.25 874.09627399999999 0.0085120899030310584 0.00036320305054489605 0.0084913280728995903 0.0046507357672017947 0 0.016383359256042351 nan nan nan nan nan nan nan nan nan nan 0.0019421756617348518 0.03782460493246579 0.021957119474343142 0 0.09268745338399452 nan nan nan nan nan nan nan nan nan nan 0 0 0 0 running
5540 8.1989155143014454 0.0014871267537558911 0.25 876.62554999999998 0.0084486710646286909 0.00036156533392527241 0.0084045695956221703 0.0046080780718347654 0 0.016275696934294179 nan nan nan nan nan nan nan nan nan nan 0.0019368455241429716 0.037420403318558483 0.021791142239820181 0 0.092232024537834328 nan nan nan nan nan nan nan nan nan nan 0 0 0 0 running
5560 8.2286581065313573 0.0014871321844909086 0.25 879.11822299999994 0.0083854889692483569 0.00035994073921600525 0.0083181836353737534 0.0045654588514197026 0 0.016168394336339514 nan nan nan nan nan nan nan nan nan nan 0.0019315900051444235 0.037018010167845214 0.021623865371500909 0 0.091788435997768231 nan nan nan nan nan nan nan nan nan nan 0 0 0 0 running
5580 8.2584008065490426 0.0014871375367904972 0.25 881.62436600000001 0.0083224750831564446 0.000358326183932596 0.008232171158657443 0.004522901573018271 0 0.016061266427964672 nan nan nan nan nan nan nan nan nan nan 0.0019263888464205459 0.036617330053003085 0.021455447593264575 0 0.091355236812709406 nan nan nan nan nan nan nan nan nan nan 0 0 0 0 running
5600 8.28814361280687 0.0014871428126563035 0.25 884.41626099999996 0.0082595631027416929 0.00035671837446846856 0.0081465343639446908 0.0044804270545704709 0 0.01595413477779092 nan nan nan nan nan nan nan nan nan nan 0.0019212145900138478 0.036218279856547589 0.021286035504444648 0 0.090930495821318569 nan nan nan nan nan nan nan nan nan nan 0 0 0 0 running
5620 8.3178865237968438 0.0014871480140509882 0.25 887.09653800000001 0.0081966910337704819 0.00035511392249582148 0.0080612767870576005 0.004438053413890925 0 0.01584683287207302 nan nan nan nan nan nan nan nan nan nan 0.0019160344096121051 0.035820794181300096 0.021115763052263606 0 0.090511924045952027 nan nan nan nan nan nan nan nan nan nan 0 0 0 0 running
5640 8.3476295380497287 0.0014871531428897679 0.25 889.65490799999998 0.0081338029117647998 0.00035350945207069892 0.0079764033456399611 0.0043957961000612158 0 0.015739210476349016 nan nan nan nan nan nan nan nan nan nan 0.0019108119524096912 0.035424829207841832 0.020944751382948518 0 0.09009699764816273 nan nan nan nan nan nan nan nan nan nan 0 0 0 0 running
5660 8.3773726541340565 0.001487158201034843 0.25 892.22197300000005 0.0080708501255842315 0.00035190169466380272 0.0078919203265624942 0.0043536679966345426 0 0.015631136954162281 nan nan nan nan nan nan nan nan nan nan 0.0019055091203722396 0.035030365026738154 0.020773109042869303 0 0.089683076717657031 nan nan nan nan nan nan nan nan nan nan 0 0 0 0 running
5680 8.4071158706550158 0.0014871631902924566 0.25 895.05991300000005 0.0080077923292739064 0.00035028757004948777 0.0078078353219821206 0.0043116795847639774 0 0.015522503512813158 nan nan nan nan nan nan nan nan nan nan 0.0019000877290830109 0.034637406534355299 0.020600932490018972 0 0.089267515789174176 nan nan nan nan nan nan nan nan nan nan 0 0 0 0 running
5700 8.4368591862533169 0.0014871681124122434 0.25 897.79346499999997 0.0079445979509794908 0.00034866425187557611 0.0077241571209793981 0.0042698391540615692 0 0.015413224407043053 nan nan nan nan nan nan nan nan nan nan 0.0018945109936272519 0.034245983034045066 0.020428306869349065 0 0.08884776274402495 nan nan nan nan nan nan nan nan nan nan 0 0 0 0 running
5720 8.4666025996040872 0.0014871729690884466 0.25 900.54861300000005 0.0078812443257178129 0.00034702921752262746 0.0076408955652685897 0.0042281530485385856 0 0.015303237176796103 nan nan nan nan nan nan nan nan nan nan 0.0018887448029956677 0.033856146723369833 0.020255306999194495 0 0.088421443554616119 nan nan nan nan nan nan nan nan nan nan 0 0 0 0 running
5740 8.4963461094157697 0.0014871777619625969 0.25 903.25412500000004 0.0078177174901963124 0.00034538028248159861 0.0075580613785554687 0.0041866259350955195 0 0.01519250202305905 nan nan nan nan nan nan nan nan nan nan 0.0018827587570712512 0.03346797027517414 0.020081998514489083 0 0.087986431167071402 nan nan nan nan nan nan nan nan nan nan 0 0 0 0 running
5760 8.526089714429121 0.0014871824926271577 0.25 906.14340400000003 0.007754011698012821 0.00034371562022688908 0.0074756659773989277 0.0041452610840593844 0 0.015081000476637926 nan nan nan nan nan nan nan nan nan nan 0.0018765269525322648 0.033081543734607657 0.019908439111596905 0 0.087540897640423582 nan nan nan nan nan nan nan nan nan nan 0 0 0 0 running
5780 8.5558334134162735 0.0014871871626296372 0.25 908.89097900000002 0.0076901287103391096 0.00034203376884712344 0.0073937212731212893 0.0041040606509716009 0 0.014968733504121777 nan nan nan nan nan nan nan nan nan nan 0.0018700285156141305 0.032696970958042297 0.019734679841990916 0 0.087083349424348158 nan nan nan nan nan nan nan nan nan nan 0 0 0 0 running
5800 8.5855772051798809 0.0014871917734767641 0.25 911.62838599999998 0.0076260769234144585 0.0003403336260805044 0.0073122394726734298 0.0040630259507538824 0 0.014855719210119335 nan nan nan nan nan nan nan nan nan nan 0.0018632478899865135 0.032314365811327489 0.019560766405151982 0 0.086612646352983838 nan nan nan nan nan nan nan nan nan nan 0 0 0 0 running
5820 8.6153210885523102 0.0014871963266383306 0.25 914.46581500000002 0.0075618703914513115 0.00033861443456966811 0.0072312328855870757 0.0040221577166339832 0 0.014741990286496828 nan nan nan nan nan nan nan nan nan nan 0.0018561748971500647 0.031933848328192391 0.019386740397361754 0 0.086128005524336582 nan nan nan nan nan nan nan nan nan nan 0 0 0 0 running
5840 8.6450650623949912 0.0014872008235503888 0.25 917.095506 0.0074975277989030361 0.00033687575922590148 0.0071507137428754109 0.0039814563376791611 0 0.014627591346427209 nan nan nan nan nan nan nan nan nan nan 0.0018488045937656572 0.031555541005970703 0.019212640478656218 0 0.085628991710694644 nan nan nan nan nan nan nan nan nan nan 0 0 0 0 running
5860 8.6748091255977329 0.0014872052656175296 0.25 919.23336400000005 0.0074330714314403204 0.00033511745855866409 0.007070694034622369 0.0039409220695743909 0 0.014512576267628625 nan nan nan nan nan nan nan nan nan nan 0.0018411369558504198 0.031266433581725185 0.019038503427209232 0 0.085115496297420296 nan nan nan nan nan nan nan nan nan nan 0 0 0 0 running
5880 8.7045532770781193 0.0014872096542140575 0.25 921.28251499999999 0.0073685261731155421 0.00033333965174234579 0.00699118536171601 0.0039005552179475701 0 0.01439700561665133 nan nan nan nan nan nan nan nan nan nan 0.0018331764231948877 0.03098427590065227 0.01886436506027668 0 0.08458770698240263 nan nan nan nan nan nan nan nan nan nan 0 0 0 0 running
5900 8.7342975157808933 0.0014872139906839806 0.25 923.43603800000005 0.0073039185839563949 0.00033154268309874575 0.0069121988175019633 0.0038603562880755718 0 0.014280944285692087 nan nan nan nan nan nan nan nan nan nan 0.0018249313386032584 0.030701192899579632 0.018690261007362461 0 0.084046070532011852 nan nan nan nan nan nan nan nan nan nan 0 0 0 0 running
5920 8.7640418406773595 0.0014872182763397727 0.25 925.87291400000004 0.0072392760576840097 0.00032972708536024023 0.006833744889723577 0.0038203261033967783 0 0.014164459343435829 nan nan nan nan nan nan nan nan nan nan 0.0018164133172476893 0.030417306382267039 0.01851622732226639 0 0.083491250948027881 nan nan nan nan nan nan nan nan nan nan 0 0 0 0 running
5940 8.7937862507647253 0.0014872225124599842 0.25 928.20072100000004 0.0071746260813623647 0.00032789354300567797 0.0067558333851138056 0.0037804658928579532 0 0.014047618152797293 nan nan nan nan nan nan nan nan nan nan 0.0018076365796716454 0.030132750015652007 0.018342300939355335 0 0.082924085266586664 nan nan nan nan nan nan nan nan nan nan 0 0 0 0 running
5960 8.8235307450653746 0.001487226700285837 0.25 930.36217799999997 0.0071099956052228597 0.00032604285671165232 0.0066784733767856798 0.0037407773481312888 0 0.013930486774492195 nan nan nan nan nan nan nan nan nan nan 0.0017986172787618493 0.029847666074099433 0.018168519977309103 0 0.082345539001384527 nan nan nan nan nan nan nan nan nan nan 0 0 0 0 running
5980 8.8532753226260912 0.0014872308410169644 0.25 932.70319600000005 0.0070454105244293552 0.0003241759097852801 0.006601673172840692 0.0037012626532153246 0 0.013813128659327092 nan nan nan nan nan nan nan nan nan nan 0.0017893728475001647 0.029562202242451957 0.017994923900559574 0 0.081756663001630883 nan nan nan nan nan nan nan nan nan nan 0 0 0 0 running
6000 8.8830199825171672 0.0014872349358065564 0.25 934.89328399999999 0.0069808952698872185 0.00032229363725467673 0.0065254403038217295 0.0036619244893903204 0 0.013695603620589941 nan nan nan nan nan nan nan nan nan nan 0.0017799468339060043 0.029276508595455494 0.017821553552875527 0 0.081158553201632358 nan nan nan nan nan nan nan nan nan nan 0 0 0 0 running
6020 8.9127647238314331 0.0014872389857561587 0.25 937.266392 0.0069164725019527614 0.00032039699811567353 0.0064497815264345192 0.0036227660190751936 0 0.013577967069750906 nan nan nan nan nan nan nan nan nan nan 0.0017704210765041584 0.028990734847900636 0.01764845108025553 0 0.080552314419883669 nan nan nan nan nan nan nan nan nan nan 0 0 0 0 running
6040 8.9425095456831514 0.0014872429919104107 0.25 939.46398199999999 0.006852162899659813 0.00031848695109588021 0.0063747028411502774 0.0035837908522887924 0 0.013460269495572341 nan nan nan nan nan nan nan nan nan nan 0.0017607200632909215 0.028705027944172526 0.017475659762239134 0 0.079939029034273607 nan nan nan nan nan nan nan nan nan nan 0 0 0 0 running
6060 8.9722544472068346 0.0014872469552520281 0.25 941.64294800000005 0.0067879850363723737 0.00031656443415383368 0.0063002095209896223 0.0035450029995929464 0 0.01334255616265541 nan nan nan nan nan nan nan nan nan nan 0.0017508609050618795 0.028419530031686065 0.017303223771783255 0 0.07931973103942927 nan nan nan nan nan nan nan nan nan nan 0 0 0 0 running
6080 9.001999427555976 0.0014872508766972854 0.25 943.77421000000004 0.0067239553320725207 0.00031463034779988529 0.006226306148870017 0.003506406815295438 0 0.013224867003829147 nan nan nan nan nan nan nan nan nan nan 0.0017408596635413998 0.028134376839674007 0.017131187883474321 0 0.078695385701339604 nan nan nan nan nan nan nan nan nan nan 0 0 0 0 running
6100 9.0317444859016494 0.0014872547570922824 0.25 946.04377999999997 0.0066600880724335251 0.00031268554222209447 0.0061529966610802764 0.0034680069344983308 0 0.013107236680763351 nan nan nan nan nan nan nan nan nan nan 0.0017307311249664115 0.027849696464457882 0.016959597149373354 0 0.078066874751359192 nan nan nan nan nan nan nan nan nan nan 0 0 0 0 running
6120 9.0614896214310914 0.0014872585972102071 0.25 948.13044000000002 0.0065963954848003844 0.00031073080808644986 0.0060802843947011806 0.0034298082072159891 0 0.012989694787239905 nan nan nan nan nan nan nan nan nan nan 0.0017204886532236896 0.027565608544438715 0.016788496560097212 0 0.077434986842345732 nan nan nan nan nan nan nan nan nan nan 0 0 0 0 running
6140 9.091234833346217 0.0014872623977497839 0.25 950.18072600000005 0.006532887861131079 0.00030876687079856247 0.0060081721369182137 0.0033918156324139149 0 0.012872266169518812 nan nan nan nan nan nan nan nan nan nan 0.0017101441158547948 0.027282223794624413 0.01661793070671758 0 0.076800412810163005 nan nan nan nan nan nan nan nan nan nan 0 0 0 0 running
6160 9.1209801208621375 0.0014872661593350565 0.25 952.38788999999997 0.0064695737173626052 0.00030679438793975198 0.0059366621733185927 0.0033540342947636771 0 0.012754971337283002 nan nan nan nan nan nan nan nan nan nan 0.0016997078739916238 0.026999643859406501 0.016447943456764452 0 0.07616374515190806 nan nan nan nan nan nan nan nan nan nan 0 0 0 0 running
6180 9.1507254832056724 0.0014872698825165924 0.25 954.44495300000005 0.0064064599854539283 0.00030481394951993997 0.0058657563376978052 0.0033164693048574642 0 0.0126378269539896 nan nan nan nan nan nan nan nan nan nan 0.0016891888261054422 0.026717961436277627 0.016278577654984014 0 0.075525481047908918 nan nan nan nan nan nan nan nan nan nan 0 0 0 0 running
6200 9.1804709196138923 0.0014872735677741379 0.25 956.40643899999998 0.0063435522210228811 0.00030282608062890461 0.0057954560572642515 0.003279125745251766 0 0.012520846365332447 nan nan nan nan nan nan nan nan nan nan 0.0016785944950449549 0.026437260618108804 0.016109874856821711 0 0.074886028206761088 nan nan nan nan nan nan nan nan nan nan 0 0 0 0 running
6220 9.2102164293327622 0.0014872772155207208 0.25 958.53474900000003 0.0062808548236257178 0.00030083124605723681 0.005725762395382381 0.0032420086230209449 0 0.012404040157085544 nan nan nan nan nan nan nan nan nan nan 0.001667931147357915 0.026157617402861471 0.015941875100353727 0 0.074245712823662921 nan nan nan nan nan nan nan nan nan nan 0 0 0 0 running
6240 9.2399620116158552 0.0014872808261081278 0.25 960.54912000000002 0.006218371295588874 0.00029882985771620928 0.0056566760955877289 0.0032051228292024644 0 0.012287416806004715 nan nan nan nan nan nan nan nan nan nan 0.0016572039355895185 0.025879100319866816 0.015774616719353998 0 0.073604788956701014 nan nan nan nan nan nan nan nan nan nan 0 0 0 0 running
6260 9.2697076657231996 0.0014872843998336405 0.25 962.71017600000005 0.0061561044607158274 0.00029682228184082777 0.0055881976164593242 0.0031684731026910425 0 0.0121709832300497 nan nan nan nan nan nan nan nan nan nan 0.0016464170696126046 0.025601771132207362 0.015608136199088657 0 0.07296344872904939 nan nan nan nan nan nan nan nan nan nan 0 0 0 0 running
6280 9.2994533909202524 0.0014872879369478848 0.25 964.69927099999995 0.0060940564620544646 0.00029480883903044221 0.0055203271328934144 0.0031320640061983092 0 0.012054744790699063 nan nan nan nan nan nan nan nan nan nan 0.0016355739342934772 0.025325685599165332 0.015442468071362719 0 0.072321833018308565 nan nan nan nan nan nan nan nan nan nan 0 0 0 0 running
6300 9.32919918647708 0.0014872914376635711 0.25 966.822857 0.0060322292439071931 0.00029278982282930134 0.0054530646038107328 0.0030958999065324754 0 0.011938706486478844 nan nan nan nan nan nan nan nan nan nan 0.0016246772551876953 0.025050894157782212 0.015277644851767705 0 0.071680041325735716 nan nan nan nan nan nan nan nan nan nan 0 0 0 0 running
6320 9.3589450516676784 0.0014872949021649423 0.25 968.87747899999999 0.0059706246222053947 0.00029076550391847564 0.0053864097806987747 0.0030599849568614455 0 0.011822873130349146 nan nan nan nan nan nan nan nan nan nan 0.0016137292570222728 0.024777442609257953 0.015113697011829179 0 0.071038141326476054 nan nan nan nan nan nan nan nan nan nan 0 0 0 0 running
6340 9.3886909857695304 0.0014872983306176532 0.25 970.94358299999999 0.0059092444410368148 0.00028873613788069319 0.0053203622279947623 0.0030243230858212422 0 0.011707249736714406 nan nan nan nan nan nan nan nan nan nan 0.0016027317988485668 0.024505372770091852 0.01495065298134864 0 0.07039617769798677 nan nan nan nan nan nan nan nan nan nan 0 0 0 0 running
6360 9.4184369880633145 0.0014873017231788414 0.25 972.91164500000002 0.0058480907061577315 0.00028670197241442594 0.0052549213403836025 0.0029889179903659427 0 0.011591841849745177 nan nan nan nan nan nan nan nan nan nan 0.0015916864935691111 0.024234723062580489 0.014788539177175391 0 0.069754179955921369 nan nan nan nan nan nan nan nan nan nan 0 0 0 0 running
6380 9.4481830578328569 0.0014873050800071203 0.25 974.99242600000002 0.0057871656938716228 0.00028466325376449975 0.0051900863580890619 0.0029537731327777344 0 0.011476655808607208 nan nan nan nan nan nan nan nan nan nan 0.0015805948104688217 0.023965529038092556 0.014627380051900785 0 0.06911216920054121 nan nan nan nan nan nan nan nan nan nan 0 0 0 0 running
6400 9.4779291943652577 0.0014873084012722298 0.25 977.215149 0.0057264720384199693 0.00028262023241957108 0.0051258563793962954 0.0029188917387733917 0 0.011361698958931214 nan nan nan nan nan nan nan nan nan nan 0.0015694581605440738 0.023697823830279179 0.014467198158474758 0 0.068470163757616151 nan nan nan nan nan nan nan nan nan nan 0 0 0 0 running
6420 9.5076753969512016 0.0014873116871641 0.25 979.62333100000001 0.0056660127968039889 0.00028057316790465383 0.0050622303718250447 0.0028842767983298665 0 0.011246979806969194 nan nan nan nan nan nan nan nan nan nan 0.0015582779653751933 0.023431638540578795 0.014308014230522231 0 0.067828183745674439 nan nan nan nan nan nan nan nan nan nan 0 0 0 0 running
6440 9.5374216648854695 0.0014873149379010645 0.25 981.97895800000003 0.0056057914938107958 0.00027852233269611205 0.0049992071819359857 0.0028499310675170276 0 0.011132508124096645 nan nan nan nan nan nan nan nan nan nan 0.0015470557108793193 0.023167002560998389 0.014149847269534069 0 0.067186254652009031 nan nan nan nan nan nan nan nan nan nan 0 0 0 0 running
6460 9.5671679974675605 0.0014873181537370099 0.25 984.46364600000004 0.0055458121492392501 0.00027646801526418866 0.0049367855440242961 0.0028158570709683538 0 0.011018295006849949 nan nan nan nan nan nan nan nan nan nan 0.0015357929878206111 0.022903943841870548 0.013992714635287253 0 0.066544410032785883 nan nan nan nan nan nan nan nan nan nan 0 0 0 0 running
6480 9.5969143940024821 0.0014873213349676257 0.25 986.74615700000004 0.0054860792919900481 0.00027441052243593235 0.0048749640881746567 0.002782057105312419 0 0.010904352904091773 nan nan nan nan nan nan nan nan nan nan 0.0015244915210340659 0.022642489112448282 0.01383663214023868 0 0.06590269345851904 nan nan nan nan nan nan nan nan nan nan 0 0 0 0 running
6500 9.6266608538016474 0.001487324481935123 0.25 988.83307000000002 0.0054265979609392353 0.00027235018097549461 0.0048137413475687219 0.0027485332424243562 0 0.010790695611556628 nan nan nan nan nan nan nan nan nan nan 0.0015131531894392869 0.022382664063199199 0.01368161414351802 0 0.065261159845194247 nan nan nan nan nan nan nan nan nan nan 0 0 0 0 running
6520 9.6564073761838198 0.0014873275950312338 0.25 991.008017 0.0053673736962628858 0.00027028733855769422 0.0047531157652968038 0.0027152873328995771 0 0.010677338242875471 nan nan nan nan nan nan nan nan nan nan 0.0015017800387418789 0.02212449349737226 0.013527673643067308 0 0.064619876288099704 nan nan nan nan nan nan nan nan nan nan 0 0 0 0 running
6540 9.6861539604761369 0.0014873306746988465 0.25 993.04959199999996 0.0053084125246154364 0.00026822236417481198 0.0046930857002805771 0.0026823210099143919 0 0.010564297185824545 nan nan nan nan nan nan nan nan nan nan 0.0014903742884392057 0.021868001458497585 0.013374822365359754 0 0.063978922516132936 nan nan nan nan nan nan nan nan nan nan 0 0 0 0 running
6560 9.7159006060151274 0.0014873337214322412 0.25 995.01757499999997 0.0052497209344579887 0.00026615564814704771 0.0046336494340882923 0.0026496356920238276 0 0.010451590034100953 nan nan nan nan nan nan nan nan nan nan 0.0014789383345269469 0.021613211338386146 0.013223070852023618 0 0.063338391044494638 nan nan nan nan nan nan nan nan nan nan 0 0 0 0 running
6580 9.7456473121477494 0.0014873367357757497 0.25 997.06173999999999 0.0051913058470819153 0.00026408760162453115 0.0045748051757581619 0.0026172325871907202 0 0.010339235509301735 nan nan nan nan nan nan nan nan nan nan 0.0014674747488420681 0.021360145970218822 0.013072428540695947 0 0.062698387110594334 nan nan nan nan nan nan nan nan nan nan 0 0 0 0 running
6600 9.7753940782323383 0.001487339718320933 0.25 999.06364599999995 0.0051331745886472342 0.00026201865577564693 0.0045165510659273805 0.0025851126971775779 0 0.010227253386098124 nan nan nan nan nan nan nan nan nan nan 0.0014559862757063113 0.021108827707876147 0.012922903843162779 0 0.062059028438113215 nan nan nan nan nan nan nan nan nan nan 0 0 0 0 running
6620 9.8051409036395238 0.0014873426697024083 0.25 1001.127876 0.0050753348553661658 0.00025994926071128312 0.0044588851811174441 0.002553276821503382 0 0.010115664400656735 nan nan nan nan nan nan nan nan nan nan 0.0014444758262465995 0.020859278491411407 0.012774504218959279 0 0.061420444844574491 nan nan nan nan nan nan nan nan nan nan 0 0 0 0 running
6640 9.834887787753031 0.0014873455905924547 0.25 1003.210456 0.0050177946769675696 0.00025787988413380927 0.0044018055368429693 0.0025217255621022873 0 0.010004490155507076 nan nan nan nan nan nan nan nan nan nan 0.0014329464705388206 0.020611519898014491 0.012627236244955386 0 0.060782777705308315 nan nan nan nan nan nan nan nan nan nan 0 0 0 0 running
6660 9.8646347299703745 0.001487348481694534 0.25 1005.181853 0.0049605623778011939 0.00025581100976139974 0.0043453100898356795 0.002490459328428694 0 0.0098937530191622811 nan nan nan nan nan nan nan nan nan nan 0.0014214014274448739 0.020365573177193806 0.012481105681265403 0 0.060146179272648037 nan nan nan nan nan nan nan nan nan nan 0 0 0 0 running
6680 9.8943817297033991 0.0014873513437359438 0.25 1007.170063 0.0049036465360692864 0.00025374313556212556 0.0042893967393307798 0.0024594783432914055 0 0.0097834760216487324 nan nan nan nan nan nan nan nan nan nan 0.0014098440521565225 0.020121459267760836 0.012336117533603795 0 0.059510811836479743 nan nan nan nan nan nan nan nan nan nan 0 0 0 0 running
6700 9.9241287863786738 0.0014873541774598161 0.25 1009.3144610000001 0.0048470559408628263 0.00025167677181322682 0.0042340633273828558 0.0024287826491651279 0 0.0096736827451919163 nan nan nan nan nan nan nan nan nan nan 0.0013982778211346636 0.019879198795567658 0.012192276112294953 0 0.058876846720491857 nan nan nan nan nan nan nan nan nan nan 0 0 0 0 running
6720 9.9538758994377261 0.0014873569836166588 0.25 1011.346682 0.0047907995476416535 0.00024961243901796811 0.0041793076382001873 0.0023983721150951857 0 0.0095643972116135102 nan nan nan nan nan nan nan nan nan nan 0.0013867063144982761 0.019638812050681825 0.012049585087672393 0 0.058244463106114218 nan nan nan nan nan nan nan nan nan nan 0 0 0 0 running
6740 9.983623068337085 0.0014873597629556806 0.25 1013.340453 0.0047348864319616737 0.0002475506657054636 0.0041251273965410258 0.0023682464441997482 0 0.0094556437659011061 nan nan nan nan nan nan nan nan nan nan 0.0013751331958259672 0.019400318943978298 0.011908047542035808 0 0.057613846682610534 nan nan nan nan nan nan nan nan nan nan 0 0 0 0 running
6760 10.011898895202201 0.0014873623806327086 0.25 1015.451153 0.0046820655313292939 0.00024559373426816402 0.0040741584148104816 0.0023398745523312554 0 0.0093527852646352952 nan nan nan nan nan nan nan nan nan nan 0.0013641344227042496 0.019175395707136795 0.01177458254277822 0 0.057016234689324222 nan nan nan nan nan nan nan nan nan nan 0 0 0 0 running
6780 10.041646171512458 0.0014873651097730835 0.25 1017.394919 0.0046268483336680865 0.00024353849365374715 0.0040210938202424685 0.0023103030746514015 0 0.0092451403833586389 nan nan nan nan nan nan nan nan nan nan 0.001352568910235441 0.01894065175738489 0.011635301763938134 0 0.056389617048398469 nan nan nan nan nan nan nan nan nan nan 0 0 0 0 running
6800 10.071393502145074 0.0014873678142164478 0.25 1019.345373 0.0045720014212733409 0.00024148739610564278 0.0039685975868907191 0.0022810147005732995 0 0.0091381001278845169 nan nan nan nan nan nan nan nan nan nan 0.0013410128550703782 0.018707857296457749 0.011497180576225192 0 0.055765337318123373 nan nan nan nan nan nan nan nan nan nan 0 0 0 0 running
6820 10.101140886613129 0.0014873704946251607 0.25 1021.375173 0.0045175338805717455 0.00023944097936338187 0.0039166671772816446 0.0022520085649176415 0 0.0090316889602062682 nan nan nan nan nan nan nan nan nan nan 0.0013294700123129 0.018477029973036841 0.011360220171746942 0 0.055143591078885779 nan nan nan nan nan nan nan nan nan nan 0 0 0 0 running
6840 10.130888324442521 0.0014873731516214126 0.25 1023.371587 0.0044634546786917924 0.00023739977763925308 0.0038652999779940451 0.0022232836815320781 0 0.0089259310685668811 nan nan nan nan nan nan nan nan nan nan 0.0013179440946161358 0.018248186713785863 0.01122442135529096 0 0.054524572732961504 nan nan nan nan nan nan nan nan nan nan 0 0 0 0 running
6860 10.16063581517114 0.0014873757857814707 0.25 1025.3868399999999 0.0044097725236928809 0.00023536431554706705 0.0038144932815801064 0.0021948389556031111 0 0.0088208500245893391 nan nan nan nan nan nan nan nan nan nan 0.0013064387479400363 0.018021343376784859 0.011089784567775696 0 0.05390847214458052 nan nan nan nan nan nan nan nan nan nan 0 0 0 0 running
6880 10.190383358347871 0.0014873783976309322 0.25 1027.4309310000001 0.0043564959401426349 0.0002333351109223221 0.0037642443011659883 0.0021666731959850273 0 0.0087164689646293449 nan nan nan nan nan nan nan nan nan nan 0.0012949575242417188 0.017796514720001388 0.010956309910681637 0 0.053295473515444211 nan nan nan nan nan nan nan nan nan nan 0 0 0 0 running
6900 10.220130953531543 0.0014873809876410756 0.25 1029.5132530000001 0.0043036331701799156 0.00023131267057547336 0.0037145501587053874 0.0021387851246471891 0 0.0086128103470844569 nan nan nan nan nan nan nan nan nan nan 0.0012835038588373537 0.017573714365976534 0.010823997165292906 0 0.052685754341184499 nan nan nan nan nan nan nan nan nan nan 0 0 0 0 running
6920 10.249878600289813 0.0014873835562263361 0.25 1031.446044 0.0042511921250559925 0.00022929748815374203 0.0036654078808758903 0.0021111733878161989 0 0.0085098958322653052 nan nan nan nan nan nan nan nan nan nan 0.0012720810519232517 0.017352954724602104 0.010692845807116927 0 0.052079484203514131 nan nan nan nan nan nan nan nan nan nan 0 0 0 0 running
6940 10.279626298198028 0.0014873861037429264 0.25 1033.413765 0.0041991803386731731 0.00022729004214889684 0.0036168143954105601 0.0020838365671729973 0 0.0084077461671187657 nan nan nan nan nan nan nan nan nan nan 0.0012606922541081311 0.017134246933152446 0.010562855017065833 0 0.051476823799485538 nan nan nan nan nan nan nan nan nan nan 0 0 0 0 running
6960 10.309374046838032 0.0014873886304885714 0.25 1035.4159070000001 0.0041476049455101112 0.00022529079505311645 0.0035687665278153662 0.0020567731905199076 0 0.0083063811308214854 nan nan nan nan nan nan nan nan nan nan 0.0012493404569377253 0.016917600815001207 0.010434023689853496 0 0.050877924236436126 nan nan nan nan nan nan nan nan nan nan 0 0 0 0 running
6980 10.339121845797017 0.0014873911367033175 0.25 1037.454256 0.0040964726245171466 0.00022330019085639818 0.0035212609995523472 0.0020299817421794053 0 0.0082058193948749171 nan nan nan nan nan nan nan nan nan nan 0.0012380284943397657 0.016703024850906075 0.010306350439857804 0 0.050282926557888352 nan nan nan nan nan nan nan nan nan nan 0 0 0 0 running
7000 10.368869694666403 0.0014873936225713285 0.25 1039.4949959999999 0.0040457894828740603 0.00022131865034453048 0.0034742944256937486 0.0020034606772488146 0 0.0081060782325359099 nan nan nan nan nan nan nan nan nan nan 0.0012267589715505012 0.016490527945878981 0.010179833610622751 0 0.049691962859724846 nan nan nan nan nan nan nan nan nan nan 0 0 0 0 running
7020 10.398617593040706 0.0014873960882235671 0.25 1041.4701600000001 0.0039955611363692318 0.00021934657488167789 0.0034278633124447625 0.0019772084296517749 0 0.0080071737204408019 nan nan nan nan nan nan nan nan nan nan 0.0012155344310464666 0.016280114310366269 0.010054471283618489 0 0.049105152681230231 nan nan nan nan nan nan nan nan nan nan 0 0 0 0 running
7040 10.428365540516545 0.0014873985337412533 0.25 1043.538622 0.0039457926382864021 0.00021738434344346281 0.0033819640583989809 0.0019512234213204713 0 0.0079091205602639155 nan nan nan nan nan nan nan nan nan nan 0.0012043572180259199 0.016071788189263195 0.0099302612648503805 0 0.048522606978727512 nan nan nan nan nan nan nan nan nan nan 0 0 0 0 running
7060 10.458113536691675 0.0014874009591599674 0.25 1046.0240249999999 0.0038964884548979956 0.00021543231174399183 0.0033365929546484712 0.0019255040718219121 0 0.0078119320170628023 nan nan nan nan nan nan nan nan nan nan 0.0011932295189022168 0.015865552952021779 0.0098072010884867767 0 0.047944427981948104 nan nan nan nan nan nan nan nan nan nan 0 0 0 0 running
7080 10.48786158116412 0.0014874033644742518 0.25 1048.247666 0.0038476524484086444 0.00021349081156240641 0.0032917461859408525 0.0019000488071504839 0 0.0077156198759330734 nan nan nan nan nan nan nan nan nan nan 0.0011821533829224073 0.01566141085225068 0.0096852880205268201 0 0.047370709654511629 nan nan nan nan nan nan nan nan nan nan 0 0 0 0 running
7100 10.517609673531421 0.0014874057496425744 0.25 1050.4131580000001 0.0037992878632883346 0.00021156015029032965 0.0032474198326829526 0.0018748560668975912 0 0.0076201944071115435 nan nan nan nan nan nan nan nan nan nan 0.0011711307353522438 0.015459363100043231 0.0095645190627106687 0 0.046801538453867038 nan nan nan nan nan nan nan nan nan nan 0 0 0 0 running
7120 10.547357813389935 0.0014874081145925119 0.25 1052.4420299999999 0.0037513973177125048 0.00020964061059067774 0.0032036098737922426 0.0018499243108421818 0 0.0075256643435506719 nan nan nan nan nan nan nan nan nan nan 0.0011601633907763198 0.015259409935266931 0.0094448909570311636 0 0.046236994111423527 nan nan nan nan nan nan nan nan nan nan 0 0 0 0 running
7140 10.577106000334311 0.0014874104592260183 0.25 1054.400496 0.0037039828001529085 0.00020773245020278515 0.0031603121902424331 0.0018252520243478238 0 0.0074320368712819844 nan nan nan nan nan nan nan nan nan nan 0.0011492530655550504 0.015061550697532896 0.0093264001907082499 0 0.045677150376995226 nan nan nan nan nan nan nan nan nan nan 0 0 0 0 running
7160 10.606854233956996 0.001487412783424637 0.25 1056.502776 0.0036570456710103274 0.00020583590186964374 0.0031175225693108122 0.0018008377225402431 0 0.0073393176322933571 nan nan nan nan nan nan nan nan nan nan 0.0011384013885997746 0.014865783888417495 0.0092090430015519687 0 0.045122075672605594 nan nan nan nan nan nan nan nan nan nan 0 0 0 0 running
7180 10.636602513847919 0.0014874150870545608 0.25 1058.46325 0.0036105866687837591 0.0002039511733687425 0.0030752367095858691 0.0017766799531990967 0 0.0072475107386462323 nan nan nan nan nan nan nan nan nan nan 0.0011276099098377346 0.014672107222363371 0.0090928153837011427 0 0.044571833613803583 nan nan nan nan nan nan nan nan nan nan 0 0 0 0 running
7200 10.666350839594195 0.0014874173699714246 0.25 1060.702421 0.003564605921144993 0.00020207844765081519 0.0030334502266398228 0.0017527772982743463 0 0.0071566187988083901 nan nan nan nan nan nan nan nan nan nan 0.0011168801058272504 0.014480517663247393 0.008977713093147096 0 0.044026483360168331 nan nan nan nan nan nan nan nan nan nan 0 0 0 0 running
7220 10.696099210779993 0.0014874196320247477 0.25 1062.740716 0.0035191029604539907 0.00020021788304770065 0.0029921586592528767 0.0017291283739998161 0 0.0070666429550936619 nan nan nan nan nan nan nan nan nan nan 0.0011062133823103448 0.014291011445083577 0.0088637316533418959 0 0.043486079774180786 nan nan nan nan nan nan nan nan nan nan 0 0 0 0 running
7240 10.725847626986447 0.0014874218730619633 0.25 1064.6670959999999 0.0034740767434195395 0.00019836961356963141 0.0029513574762351888 0.0017057318296590349 0 0.0069775829314321653 nan nan nan nan nan nan nan nan nan nan 0.0010956924123871892 0.014103584075917771 0.0087508663599835963 0 0.042950673377923881 nan nan nan nan nan nan nan nan nan nan 0 0 0 0 running
7260 10.755596087791636 0.0014874240929319848 0.25 1066.657506 0.0034295256752779851 0.00019653374932573973 0.0029110420838997604 0.0016825863450868662 0 0.0068894370923481352 nan nan nan nan nan nan nan nan nan nan 0.001085245087814074 0.013918230325464742 0.0086391122854112875 0 0.042420310117085552 nan nan nan nan nan nan nan nan nan nan 0 0 0 0 running
7280 10.785344592770665 0.0014874262914882695 0.25 1068.675886 0.0033854476375320816 0.00019471037700243547 0.0028712078338914873 0.0016596906268293286 0 0.0068022025108975077 nan nan nan nan nan nan nan nan nan nan 0.0010748660126269904 0.013734944197947432 0.0085284642818726115 0 0.041895030946309142 nan nan nan nan nan nan nan nan nan nan 0 0 0 0 running
7300 10.81509314149579 0.0014874284685913741 0.25 1071.065337 0.003341840019571567 0.00019289956045808666 0.0028318500314287458 0.0016370434031949006 0 0.006715875046274954 nan nan nan nan nan nan nan nan nan nan 0.0010645562001576903 0.013553718893143557 0.0084189169838215731 0 0.041374871272684279 nan nan nan nan nan nan nan nan nan nan 0 0 0 0 running
7320 10.844841733536558 0.0014874306241110084 0.25 1073.038687 0.0032986997537804148 0.00019110134143177275 0.0027929639438467207 0.0016146434183327172 0 0.0066304494301114179 nan nan nan nan nan nan nan nan nan nan 0.0010543165643494556 0.013374546758819394 0.0083104648090208191 0 0.040859860297127709 nan nan nan nan nan nan nan nan nan nan 0 0 0 0 running
7340 10.87459036846003 0.0014874327579275819 0.25 1075.0607 0.0032560233539126048 0.00018931574038052497 0.002754544809333469 0.0015924894254945453 0 0.0065459193609169759 nan nan nan nan nan nan nan nan nan nan 0.0010441479093383776 0.013197419238673128 0.0082031019585717992 0 0.04035002030063755 nan nan nan nan nan nan nan nan nan nan 0 0 0 0 running
7360 10.904339045830985 0.0014874348699333028 0.25 1077.0153319999999 0.0032138069563739727 0.00018754275745429998 0.0027165878457637181 0.0015705801797060879 0 0.0064622776057422938 nan nan nan nan nan nan nan nan nan nan 0.0010340509189646629 0.013022326820209266 0.0080968224158141332 0 0.039845365930727371 nan nan nan nan nan nan nan nan nan nan 0 0 0 0 running
7380 10.934087765212189 0.0014874369600328423 0.25 1078.9984549999999 0.0031720463641022362 0.0001857823736205735 0.0026790882595083719 0.0015489144300440166 0 0.006379516108286647 nan nan nan nan nan nan nan nan nan nan 0.0010240261470625955 0.012849258987171788 0.0079916199446300133 0 0.039345903542602208 nan nan nan nan nan nan nan nan nan nan 0 0 0 0 running
7400 10.963836526164625 0.0014874390281436314 0.25 1080.964412 0.0031307370925292427 0.00018403455194176708 0.0026420412541048243 0.001527490911777838 0 0.0062976261021458063 nan nan nan nan nan nan nan nan nan nan 0.0010140740092149381 0.012678204180648916 0.0078874880869625255 0 0.038851630640885669 nan nan nan nan nan nan nan nan nan nan 0 0 0 0 running
7420 10.99358532824777 0.0014874410741958269 0.25 1083.0803490000001 0.003089874417168432 0.00018229923901091536 0.0026054420386720191 0.0015063083385897494 0 0.0062165982280529761 nan nan nan nan nan nan nan nan nan nan 0.0010041947767768511 0.012509149773008217 0.007784420160372299 0 0.038362535475632231 nan nan nan nan nan nan nan nan nan nan 0 0 0 0 running
7440 11.023334171019826 0.0014874430981320053 0.25 1085.0445400000001 0.0030494534221982735 0.00018057636653790457 0.0025692858359456054 0.0014853653951238113 0 0.0061364226535343663 nan nan nan nan nan nan nan nan nan nan 0.00099438857361386357 0.012342082057641037 0.0076824092557574554 0 0.03787859682354229 nan nan nan nan nan nan nan nan nan nan 0 0 0 0 running
7460 11.053083054037977 0.0014874450999066541 0.25 1087.1230660000001 0.0030094690493868634 0.00017886585307791533 0.0025335678898304303 0.0014646607300698828 0 0.0060570891933420801 nan nan nan nan nan nan nan nan nan nan 0.00098465537615838317 0.012176986257491458 0.0075814482358299486 0 0.037399783990942931 nan nan nan nan nan nan nan nan nan nan 0 0 0 0 running
7480 11.082831976858612 0.0014874470794854989 0.25 1089.0244090000001 0.0029699161466561147 0.00017716760588634391 0.0024982834723683424 0.0014441929499847675 0 0.0059785874289144175 nan nan nan nan nan nan nan nan nan nan 0.00097499501686890144 0.012013846553351257 0.0074815297348979383 0 0.036926057046536231 nan nan nan nan nan nan nan nan nan nan 0 0 0 0 running
7500 11.112580939037549 0.0014874490368447159 0.25 1091.0008560000001 0.0029307895154925476 0.00017548152287516665 0.0024634278900257231 0.0014239606140344179 0 0.005900906824891982 nan nan nan nan nan nan nan nan nan nan 0.00096540719135099207 0.011852646133004515 0.0073826461602063426 0 0.03645736730022802 nan nan nan nan nan nan nan nan nan nan 0 0 0 0 running
7520 11.142329940130235 0.0014874509719701122 0.25 1092.9340460000001 0.0028920839565059315 0.00017380749464500071 0.0024289964892376128 0.00140396222977876 0 0.0058240368409571593 nan nan nan nan nan nan nan nan nan nan 0.00095589146892663401 0.011693367260426878 0.0072847896954876673 0 0.035993658011933445 nan nan nan nan nan nan nan nan nan nan 0 0 0 0 running
7540 11.172078979691914 0.0014874528848562662 0.25 1094.8737160000001 0.0028537943123005875 0.00017214540655962642 0.0023949846611464559 0.0013841962501106493 0 0.0057479670369313318 nan nan nan nan nan nan nan nan nan nan 0.00094644730646364916 0.011535991364120802 0.0071879523069228214 0 0.035534865319884687 nan nan nan nan nan nan nan nan nan nan 0 0 0 0 running
7560 11.201828057277822 0.0014874547755057128 0.25 1096.871406 0.0028159155070070149 0.00017049514082393777 0.0023613878454985956 0.0013646610714315366 0 0.0056726871695184401 nan nan nan nan nan nan nan nan nan nan 0.0009370740650585796 0.011380499141811572 0.0070921257520003113 0 0.035080919357830781 nan nan nan nan nan nan nan nan nan nan 0 0 0 0 running
7580 11.231577172443314 0.0014874566439281836 0.25 1098.8050410000001 0.0027784425817612077 0.00016885657852964292 0.0023282015337052525 0.00134535503306222 0 0.0055981872789389025 nan nan nan nan nan nan nan nan nan nan 0.00092777102894803232 0.011226870678960313 0.0069973015912634801 0 0.034631745522120561 nan nan nan nan nan nan nan nan nan nan 0 0 0 0 running
7600 11.261326324744006 0.001487458490139912 0.25 1100.725017 0.0027413707255737945 0.00016722960162638797 0.0022954212710389337 0.0013262764178867273 0 0.0055244577640999656 nan nan nan nan nan nan nan nan nan nan 0.00091853742610775724 0.011075085577275767 0.0069034712031536497 0 0.034187265850556328 nan nan nan nan nan nan nan nan nan nan 0 0 0 0 running
7620 11.291075513735914 0.0014874603141630514 0.25 1102.727466 0.0027046953012202514 0.00016561409478312895 0.0022630426580191915 0.001307423454180869 0 0.0054514894453962671 nan nan nan nan nan nan nan nan nan nan 0.0009093724497826472 0.01092512308959088 0.0068106258017681907 0 0.033747400463365829 nan nan nan nan nan nan nan nan nan nan 0 0 0 0 running
7640 11.320824738975544 0.0014874621160251933 0.25 1104.8814640000001 0.0026684118656714276 0.00016400994709769509 0.0022310613510159575 0.0012887943185381358 0 0.0053792736139780086 nan nan nan nan nan nan nan nan nan nan 0.00090027528019040459 0.010776962256597713 0.0067187564576113596 0 0.033312069014050441 nan nan nan nan nan nan nan nan nan nan 0 0 0 0 running
7660 11.350574000020014 0.0014874638957589972 0.25 1106.9217779999999 0.0026325161850884941 0.00016241705362892778 0.0021994730621547318 0.0012703871397667392 0 0.0053078020675629816 nan nan nan nan nan nan nan nan nan nan 0.0008912451057195292 0.010630582041592045 0.006627854120884364 0 0.032881192108080527 nan nan nan nan nan nan nan nan nan nan 0 0 0 0 running
7680 11.380323296427138 0.0014874656534019342 0.25 1108.9488309999999 0.0025970042441976421 0.0001608353167177137 0.0021682735585750344 0.0012522000036429518 0 0.0052370671323614029 nan nan nan nan nan nan nan nan nan nan 0.00088228114288466108 0.010485961459440168 0.0065379096469171923 0 0.032454692635994591 nan nan nan nan nan nan nan nan nan nan 0 0 0 0 running
7700 11.410072627755534 0.0014874673889961343 0.25 1111.017294 0.0025618722502524444 0.00015926464707670317 0.0021374586611542824 0.0012342309583302741 0 0.0051670616716480971 nan nan nan nan nan nan nan nan nan nan 0.00087338265443806518 0.010343079695714654 0.0064489138234274865 0 0.03203249698486936 nan nan nan nan nan nan nan nan nan nan 0 0 0 0 running
7720 11.439821993564715 0.0014874691025883364 0.25 1112.9911669999999 0.002527116631819096 0.00015770496463560739 0.00210702424277981 0.0012164780203241352 0 0.0050977790815824086 nan nan nan nan nan nan nan nan nan nan 0.00086454896511131696 0.01020191621334695 0.0063608573990888359 0 0.031614536090966747 nan nan nan nan nan nan nan nan nan nan 0 0 0 0 running
7740 11.469571393415162 0.0014874707942299202 0.25 1114.907483 0.0024927340327831112 0.000156156199129213 0.0020769662262728958 0.0011989391807278166 0 0.0050292132752833936 nan nan nan nan nan nan nan nan nan nan 0.00085577947454196224 0.010062450844241851 0.0062737311125864925 0 0.031200746304482101 nan nan nan nan nan nan nan nan nan nan 0 0 0 0 running
7760 11.499320826868455 0.0014874724639770041 0.25 1116.838103 0.0024587213020714027 0.00015461829043110831 0.002047280582077037 0.0011816124116917994 0 0.0049613586563912945 nan nan nan nan nan nan nan nan nan nan 0.00084707366711433973 0.0099246638638322837 0.0061875257218943578 0 0.030791070048630065 nan nan nan nan nan nan nan nan nan nan 0 0 0 0 running
7780 11.529070293487331 0.0014874741118906091 0.25 1118.74539 0.0024250754797137714 0.00015309118863624411 0.0020179633257967661 0.0011644956728523352 0 0.0048942100836758401 nan nan nan nan nan nan nan nan nan nan 0.00083843111852857644 0.0097885360475913792 0.0061022320329453305 0 0.030385456261336985 nan nan nan nan nan nan nan nan nan nan 0 0 0 0 running
7800 11.558819792835813 0.0014874757380368532 0.25 1120.665745 0.0023917937798347134 0.00015157485390382454 0.0019890105157014835 0.0011475869175993888 0 0.0048277628281563102 nan nan nan nan nan nan nan nan nan nan 0.00082985149906164568 0.0096540487092872558 0.0060178409273162654 0 0.029983860616885939 nan nan nan nan nan nan nan nan nan nan 0 0 0 0 running
7820 11.588569324479286 0.0014874773424871689 0.25 1122.847174 0.0023588735713071639 0.00015006925608022711 0.001960418250256521 0.0011308840990637799 0 0.0047620125245511962 nan nan nan nan nan nan nan nan nan nan 0.00082133457365540785 0.009521183720828566 0.0059343433881725999 0 0.029586245534983333 nan nan nan nan nan nan nan nan nan nan 0 0 0 0 running
7840 11.618318887984634 0.0014874789253185331 0.25 1124.7458919999999 0.0023263123567837892 0.000148574374122936 0.0019321826657901062 0.0011143851756681912 0 0.004696955118824315 nan nan nan nan nan nan nan nan nan nan 0.00081288019890604635 0.0093899235149144476 0.0058517305241813714 0 0.029192579986428283 nan nan nan nan nan nan nan nan nan nan 0 0 0 0 running
7860 11.648068482920337 0.0014874804866136823 0.25 1126.6799980000001 0.0022941077507794053 0.00014709019535491262 0.0019042999343392986 0.001098088116174526 0 0.0046325868134933848 nan nan nan nan nan nan nan nan nan nan 0.00080448831740495552 0.0092602510718016399 0.00576999359100308 0 0.02880283912077139 nan nan nan nan nan nan nan nan nan nan 0 0 0 0 running
7880 11.67781810885659 0.0014874820264613123 0.25 1128.5964690000001 0.0022622574574464151 0.00014561671457474242 0.0018767662617368273 0.0010819909041364464 0 0.0045689040122843926 nan nan nan nan nan nan nan nan nan nan 0.00079615894966739154 0.0091321498921393476 0.0056891240099582567 0 0.028417003734971833 nan nan nan nan nan nan nan nan nan nan 0 0 0 0 running
7900 11.707567765365431 0.0014874835449562519 0.25 1130.47693 0.0022307592487264909 0.00014415393305947655 0.0018495778859767525 0.0010660915417166851 0 0.004505903265812892 nan nan nan nan nan nan nan nan nan nan 0.00078789218414912487 0.0090056039579153261 0.0056091133836204676 0 0.028035059614660941 nan nan nan nan nan nan nan nan nan nan 0 0 0 0 running
7920 11.737317452020859 0.0014874850421995893 0.25 1132.494942 0.0021996109433917756 0.00014270185749029718 0.0018227310758996654 0.0010503880528354814 0 0.0044435812195483988 nan nan nan nan nan nan nan nan nan nan 0.00077968816580525901 0.0088805976840683615 0.005529953508521512 0 0.027656996779371452 nan nan nan nan nan nan nan nan nan nan 0 0 0 0 running
7940 11.767067168398949 0.0014874865182987608 0.25 1134.3802989999999 0.0021688103874416406 0.00014126049883230528 0.0017962221301813179 0.0010348784856591161 0 0.004381934565213204 nan nan nan nan nan nan nan nan nan nan 0.0007715470836425764 0.008757115863481232 0.0054516363844275655 0 0.02728280866047228 nan nan nan nan nan nan nan nan nan nan 0 0 0 0 running
7960 11.796816914078011 0.0014874879733675873 0.25 1136.466224 0.0021383554363138954 0.00013982987120316525 0.0017700473766642235 0.0010195609144259914 0 0.0043209599967280639 nan nan nan nan nan nan nan nan nan nan 0.00076346915779873514 0.0086351436075581354 0.0053741542207766235 0 0.02691249124867191 nan nan nan nan nan nan nan nan nan nan 0 0 0 0 running
7980 11.826566688638689 0.0014874894075262636 0.25 1138.3600510000001 0.0021082439391482723 0.00013840999075645952 0.0017442031719898951 0.0010044334406666879 0 0.004260654171289519 nan nan nan nan nan nan nan nan nan nan 0.00075545462655646212 0.0085146662851988842 0.0052974994400316246 0 0.026546042236500637 nan nan nan nan nan nan nan nan nan nan 0 0 0 0 running
8000 11.856316491664098 0.0014874908209012924 0.25 1140.3065349999999 0.0020784737254198197 0.00013700087460981504 0.0017186859015366329 0.00098949419384166521 0 0.0042010136763490444 nan nan nan nan nan nan nan nan nan nan 0.00074750373372967083 0.0083956694622996306 0.0052216646783342664 0 0.026183460186494881 nan nan nan nan nan nan nan nan nan nan 0 0 0 0 running
8020 11.886066322739941 0.0014874922136253841 0.25 1142.1978200000001 0.0020490425940063498 0.00013560253983697712 0.0016934919796277939 0.0009747413314789542 0 0.0041420350026398958 nan nan nan nan nan nan nan nan nan nan 0.0007396167168137735 0.0082781388439199192 0.0051466427836704904 0 0.025824743749347456 nan nan nan nan nan nan nan nan nan nan 0 0 0 0 running
8040 11.915816181454657 0.0014874935858372959 0.25 1144.0743050000001 0.0020199483048000668 0.00013421500254874878 0.0016686178499751121 0.0009601730388678042 0 0.0040837145235177695 nan nan nan nan nan nan nan nan nan nan 0.00073179379617840934 0.0081620602209213147 0.0050724268119228828 0 0.025469890951854521 nan nan nan nan nan nan nan nan nan nan 0 0 0 0 running
8060 11.945566067399504 0.0014874949376816398 0.25 1145.9792110000001 0.0019911885727953412 0.00013283827707204535 0.0016440599863252821 0.00094578752837840387 0 0.0040260484804366496 nan nan nan nan nan nan nan nan nan nan 0.00072403516559074732 0.0080474194222895264 0.0049990100210302365 0 0.025118898571892298 nan nan nan nan nan nan nan nan nan nan 0 0 0 0 running
8080 11.975315980168704 0.0014874962693086614 0.25 1147.849244 0.0019627610646531291 0.00013147237524390728 0.0016198148932724248 0.00093158303849390656 0 0.003969032974549651 nan nan nan nan nan nan nan nan nan nan 0.00071634098419318115 0.0079342022746528938 0.004926385863676639 0 0.024771761611571685 nan nan nan nan nan nan nan nan nan nan 0 0 0 0 running
8100 12.005065919359529 0.0014874975808739854 0.25 1149.7648979999999 0.0019346633974825827 0.00013011730582362653 0.0015958791071818861 0.00091755783262119069 0 0.0039126639637943987 nan nan nan nan nan nan nan nan nan nan 0.00070871137013162055 0.0078223945692645902 0.0048545479789059553 0 0.024428472877539197 nan nan nan nan nan nan nan nan nan nan 0 0 0 0 running
8120 12.034815884572433 0.0014874988725383459 0.25 1151.633045 0.0019068931397333824 0.00012877307402815741 0.0015722491972060323 0.00090371019774431957 0 0.0038569372651878118 nan nan nan nan nan nan nan nan nan nan 0.00070114639576895899 0.0077119820370796033 0.0047834901829328248 0 0.024089022667208398 nan nan nan nan nan nan nan nan nan nan 0 0 0 0 running
8140 12.064565875411125 0.001487500144467297 0.25 1153.608845 0.0018794478138763316 0.00012743968118738197 0.0015489217663272716 0.00089003844300914413 0 0.0038018485615348928 nan nan nan nan nan nan nan nan nan nan 0.0006936460845778647 0.0076029503319070312 0.0047132064595087134 0 0.023753398565766193 nan nan nan nan nan nan nan nan nan nan 0 0 0 0 running
8160 12.094315891482674 0.0014875013968309286 0.25 1155.834085 0.0018523249006912284 0.00012611712451919029 0.0015258934524121652 0.00087654089826650608 0 0.0037473934121010953 nan nan nan nan nan nan nan nan nan nan 0.00068621040955019197 0.0074952850214150078 0.0046436909501106505 0 0.023421585342627955 nan nan nan nan nan nan nan nan nan nan 0 0 0 0 running
8180 12.124065932397597 0.0014875026298035751 0.25 1157.9630999999999 0.0018255218447361503 0.00012480539701080517 0.0015031609292275815 0.00086321591264856075 0 0.0036935672661961021 nan nan nan nan nan nan nan nan nan nan 0.00067883929307813173 0.0073889715854984573 0.0045749379443839559 0 0.023093564945720547 nan nan nan nan nan nan nan nan nan nan 0 0 0 0 running
8200 12.153815997769939 0.0014875038435635266 0.25 1159.8043170000001 0.0017990360608361492 0.00012350448740354732 0.0014807209073979994 0.00085006185321381052 0 0.0036403654792672366 nan nan nan nan nan nan nan nan nan nan 0.00067153260810717819 0.0072839954211994596 0.0045069418706840574 0 0.022769316578394896 nan nan nan nan nan nan nan nan nan nan 0 0 0 0 running
8220 12.183566087217351 0.0014875050382927599 0.25 1161.65356 0.0017728649411449752 0.00012221438026249892 0.0014585701352694076 0.0008370771036859887 0 0.0035877833304070626 nan nan nan nan nan nan nan nan nan nan 0.00066429018041003207 0.0071803418535833071 0.0044396972874259887 0 0.022448816851163258 nan nan nan nan nan nan nan nan nan nan 0 0 0 0 running
8240 12.213316200361163 0.0014875062141766794 0.25 1163.523396 0.0017470058626068842 0.00012093505612341614 0.0014367053996663353 0.00082426006332702282 0 0.0035358160408437925 nan nan nan nan nan nan nan nan nan nan 0.00065711179176330958 0.0070779961512884484 0.0043731988748410347 0 0.022132039991466505 nan nan nan nan nan nan nan nan nan nan 0 0 0 0 running
8260 12.243066336826439 0.0014875073714038752 0.25 1165.5150120000001 0.0017214561943925391 0.00011966649169903418 0.0014151235265143674 0.0008116091459512741 0 0.0034844587923722739 nan nan nan nan nan nan nan nan nan nan 0.00064999718382505178 0.0069769435460012939 0.0043074414277061504 0 0.021818958099566941 nan nan nan nan nan nan nan nan nan nan 0 0 0 0 running
8280 12.272816496242056 0.0014875085101658989 0.25 1167.4208550000001 0.0016962133052150807 0.00011840866013347731 0.0013938213813306207 0.00079912277908284054 0 0.0034337067454931641 nan nan nan nan nan nan nan nan nan nan 0.00064294606252621178 0.0068771692546702665 0.0042424198486781103 0 0.021509541438569153 nan nan nan nan nan nan nan nan nan nan 0 0 0 0 running
8300 12.302566678240744 0.0014875096306570599 0.25 1169.3369709999999 0.0016712745701445474 0.00011716153128908286 0.0013727958695610529 0.00078679940327488996 0 0.0033835550563228014 nan nan nan nan nan nan nan nan nan nan 0.00063595810275257625 0.0067786585035375952 0.0041781291426141454 0 0.021203758740870361 nan nan nan nan nan nan nan nan nan nan 0 0 0 0 running
8320 12.332316882459146 0.0014875107330742433 0.25 1171.227603 0.0016466373768473158 0.00011592507205267005 0.0013520439367618116 0.00077463747158344938 0 0.0033339988920974544 nan nan nan nan nan nan nan nan nan nan 0.00062903295313365692 0.0066813965529793099 0.0041145644116175918 0 0.020901577524061653 nan nan nan nan nan nan nan nan nan nan 0 0 0 0 running
8340 12.362067108537877 0.0014875118176167427 0.25 1173.0610770000001 0.0016222991311336059 0.00011469924665364072 0.0013315625688510835 0.00076263544916509119 0 0.0032850334449001906 nan nan nan nan nan nan nan nan nan nan 0.00062217025542485316 0.0065853691645164436 0.0040517208509310843 0 0.020602964711529836 nan nan nan nan nan nan nan nan nan nan 0 0 0 0 running
8360 12.391817356121559 0.0014875128844861075 0.25 1175.0171829999999 0.0015982572617074563 0.0001134840169782998 0.0013113487924447187 0.00075079181300823821 0 0.0032366539433444429 nan nan nan nan nan nan nan nan nan nan 0.00061536967776823492 0.0064905634519586419 0.0039895937566797202 0 0.020307887410086604 nan nan nan nan nan nan nan nan nan nan 0 0 0 0 running
8380 12.421567624858852 0.0014875139338860126 0.25 1176.8785519999999 0.0015745092227528626 0.00011227934283684547 0.0012913996720468575 0.00073910505179502573 0 0.0031888556601529622 nan nan nan nan nan nan nan nan nan nan 0.00060863074208483692 0.0063969626084468068 0.0039281785178262854 0 0.020016309515697599 nan nan nan nan nan nan nan nan nan nan 0 0 0 0 running
8400 12.451317914402535 0.0014875149660221185 0.25 1178.810716 0.0015510524977682648 0.00011108518228583349 0.0012717123125800234 0.0007275736658750655 0 0.0031416339206215408 nan nan nan nan nan nan nan nan nan nan 0.0006019530362023906 0.0063045522225782134 0.0038674705999061651 0 0.019728196550810762 nan nan nan nan nan nan nan nan nan nan 0 0 0 0 running
8420 12.481068224409499 0.0014875159811019608 0.25 1180.685258 0.0015278846009070858 0.00010990149186576211 0.0012522838578580744 0.00071619616730260308 0 0.0030949841065536772 nan nan nan nan nan nan nan nan nan nan 0.00059533614397755397 0.0062133180494921333 0.0038074655452725193 0 0.019443514283401925 nan nan nan nan nan nan nan nan nan nan 0 0 0 0 running
8440 12.510412617719279 0.0014875169658265862 0.25 1182.617956 0.0015053133791524487 0.00010874416606225854 0.0012333713818153916 0.00070512322448966339 0 0.003049526656126871 nan nan nan nan nan nan nan nan nan nan 0.00058886870530999724 0.0061244672811304988 0.0037489635162085886 0 0.019166044263614873 nan nan nan nan nan nan nan nan nan nan 0 0 0 0 running
8460 12.540162967372432 0.0014875179476489507 0.25 1184.481693 0.0014827119619053998 0.0001075811399230311 0.0012144488827471509 0.00069404703354048207 0 0.0030039994564992041 nan nan nan nan nan nan nan nan nan nan 0.00058237137438266195 0.0060355279829810678 0.0036903416740179259 0 0.018888076902354868 nan nan nan nan nan nan nan nan nan nan 0 0 0 0 running
8480 12.569913336489197 0.0014875189130447578 0.25 1186.3812740000001 0.0014603921371501734 0.00010642844716384097 0.0011957769839870099 0.0006831203570832363 0 0.002959030743197838 nan nan nan nan nan nan nan nan nan nan 0.00057593361442651037 0.0059477234918171619 0.0036324098316457974 0 0.018613440981166345 nan nan nan nan nan nan nan nan nan nan 0 0 0 0 running
8500 12.599663724743285 0.0014875198622277762 0.25 1188.239953 0.0014383515402616529 0.00010528604017350308 0.0011773529772961359 0.0006723417553708283 0 0.0029146161235138199 nan nan nan nan nan nan nan nan nan nan 0.00056955501188418745 0.0058610403163699889 0.0035751638319775616 0 0.018342104386041381 nan nan nan nan nan nan nan nan nan nan 0 0 0 0 running
8520 12.629414131812698 0.0014875207954130026 0.25 1190.1120960000001 0.00141658783344743 0.00010415387061523606 0.0011591741894345967 0.00066170980119998246 0 0.0028707512532674799 nan nan nan nan nan nan nan nan nan nan 0.00056323515623704634 0.0057754651655648331 0.0035185995922432712 0 0.018074035671124283 nan nan nan nan nan nan nan nan nan nan 0 0 0 0 running
8540 12.659164557379752 0.0014875217128165036 0.25 1191.9796679999999 0.0013950987034469892 0.00010303188949733322 0.0011412379812310541 0.00065122308008987639 0 0.002827431831485577 nan nan nan nan nan nan nan nan nan nan 0.00055697364032272767 0.0056909849492641695 0.0034627131026128623 0 0.01780920406961306 nan nan nan nan nan nan nan nan nan nan 0 0 0 0 running
8560 12.688915001131084 0.0014875226146552412 0.25 1193.8488689999999 0.0013738818589062772 0.00010192004721577141 0.0011235417466164508 0.00064088019043416012 0 0.0027846535943010049 nan nan nan nan nan nan nan nan nan nan 0.00055077006039039311 0.0056075867772451436 0.0034075004243682748 0 0.017547579487859941 nan nan nan nan nan nan nan nan nan nan 0 0 0 0 running
8580 12.718665462757683 0.0014875235011468945 0.25 1195.731125 0.0013529350275877021 0.00010081829357610422 0.0011060829116547671 0.00063067974364790246 0 0.0027424123084515595 nan nan nan nan nan nan nan nan nan nan 0.00054462401592914045 0.0055252579572315627 0.0033529576876026065 0 0.017289132482055526 nan nan nan nan nan nan nan nan nan nan 0 0 0 0 running
8600 12.748415941954898 0.0014875243725096527 0.25 1197.581966 0.0013322559534754347 9.9726577793454019e-05 0.0010888589335525159 0.00062062036426389498 0 0.0027007037645434447 nan nan nan nan nan nan nan nan nan nan 0.00053853510928209003 0.0054439859916945539 0.0032990810885205079 0 0.017033834223207374 nan nan nan nan nan nan nan nan nan nan 0 0 0 0 running
8620 12.778166438422446 0.0014875252289620027 0.25 1199.4720609999999 0.0013118423939566587 9.8644848480130678e-05 0.0010718672996871343 0.00061070069000366948 0 0.0026595237705026196 nan nan nan nan nan nan nan nan nan nan 0.00053250294516601904 0.0053637585740800055 0.003245866886282298 0 0.016781656453213653 nan nan nan nan nan nan nan nan nan nan 0 0 0 0 running
8640 12.807916951864414 0.0014875260707225037 0.25 1201.6434589999999 0.0012916921169735301 9.7573053615892564e-05 0.001055105526620554 0.00060091937181814138 0 0.0026188681449691815 nan nan nan nan nan nan nan nan nan nan 0.00052652713005441054 0.0052845635844268723 0.0031933113994842459 0 0.016532571432907633 nan nan nan nan nan nan nan nan nan nan 0 0 0 0 running
8660 12.837667481989259 0.0014875268980095455 0.25 1203.8898360000001 0.0012718028985356921 9.6511140517500059e-05 0.0010385711591797823 0.00059127507385169694 0 0.0025787327115729896 nan nan nan nan nan nan nan nan nan nan 0.00052060727147157371 0.0052063890843756086 0.0031414110022408345 0 0.016286551883627581 nan nan nan nan nan nan nan nan nan nan 0 0 0 0 running
8680 12.8674180285098 0.0014875277110411088 0.25 1205.8176000000001 0.0012521725203719469 9.5459055799376115e-05 0.0010222617695333526 0.00058176647338118522 0 0.0025391132935612027 nan nan nan nan nan nan nan nan nan nan 0.00051474297731263219 0.0051292233122663157 0.0030901621200353033 0 0.01604357093023441 nan nan nan nan nan nan nan nan nan nan 0 0 0 0 running
8700 12.89716859114321 0.0014875285100345167 0.25 1207.7175070000001 0.0012327987678767997 9.4416745333896515e-05 0.0010061749563191327 0.00057239226068571468 0 0.0025000057091488052 nan nan nan nan nan nan nan nan nan nan 0.00050893385508218869 0.0050530546777924042 0.0030395612251430818 0 0.015803602038099124 nan nan nan nan nan nan nan nan nan nan 0 0 0 0 running
8720 12.926919169611002 0.0014875292952061785 0.25 1209.6390160000001 0.0012136794284374093 9.3384154214438107e-05 0.00099030834380159491 0.00056315113887766947 0 0.002461405767804277 nan nan nan nan nan nan nan nan nan nan 0.0005031795112403481 0.0049778717569258979 0.0029896048318980408 0 0.015566618957442917 nan nan nan nan nan nan nan nan nan nan 0 0 0 0 running
8740 12.956669763639002 0.0014875300667713518 0.25 1211.511301 0.0011948122900773412 9.2361226721709636e-05 0.00097465958108693162 0.00055404182367037205 0 0.0024233092673072538 nan nan nan nan nan nan nan nan nan nan 0.0004974795505497398 0.0049036632867394923 0.0029402894917068836 0 0.015332595667404726 nan nan nan nan nan nan nan nan nan nan 0 0 0 0 running
8760 12.986420372957326 0.0014875308249438978 0.25 1213.3602559999999 0.0011761951404566479 9.1347906296210528e-05 0.00095922634137519686 0.00054506304310016724 0 0.0023857119916793827 nan nan nan nan nan nan nan nan nan nan 0.0004918335755403902 0.0048304181605746382 0.0028916117877597824 0 0.015101506326790314 nan nan nan nan nan nan nan nan nan nan 0 0 0 0 running
8780 13.016170997300359 0.0014875315699360502 0.25 1215.19012 0.0011578257662285107 9.0344135517283499e-05 0.00094400632126292127 0.00053621353719044394 0 0.0023486097099859275 nan nan nan nan nan nan nan nan nan nan 0.00048624118604692623 0.0047581254231922176 0.0028435683297949842 0 0.014873325230404223 nan nan nan nan nan nan nan nan nan nan 0 0 0 0 running
8800 13.0459216364067 0.0014875323019582056 0.25 1217.088714 0.0011397019527554166 8.9349856091802863e-05 0.00092899724009800776 0.0005274920575725451 0 0.002311998176010762 nan nan nan nan nan nan nan nan nan nan 0.00048070197889163446 0.0046867742667475133 0.0027961557484264348 0 0.014648026773428972 nan nan nan nan nan nan nan nan nan nan 0 0 0 0 running
8820 13.075672290019144 0.0014875330212187211 0.25 1218.9752559999999 0.0011218214840860794 8.8365008849872344e-05 0.00091419683937349664 0.00051889736706351559 0 0.0022758731285663731 nan nan nan nan nan nan nan nan nan nan 0.00047521554765120322 0.0046163540265731244 0.0027493706896686652 0 0.01442558542198305 nan nan nan nan nan nan nan nan nan nan 0 0 0 0 running
8840 13.105422957884622 0.0014875337279237385 0.25 1221.113188 0.0011041821432511627 8.7389533750573632e-05 0.00089960288217013653 0.0005104282391948698 0 0.0022402302925788949 nan nan nan nan nan nan nan nan nan nan 0.00046978148259460561 0.0045468541776645232 0.0027032098091691542 0 0.014205975694379987 nan nan nan nan nan nan nan nan nan nan 0 0 0 0 running
8860 13.135173639754173 0.0014875344222770289 0.25 1223.205649 0.0010867817127840444 8.6423369895363968e-05 0.00088521315264039439 0.00050208345771112807 0 0.0022050653807155758 nan nan nan nan nan nan nan nan nan nan 0.00046439937070752446 0.0044782643314542573 0.0026576697665210919 0 0.01398917214718368 nan nan nan nan nan nan nan nan nan nan 0 0 0 0 running
8880 13.164924335382876 0.0014875351044798591 0.25 1225.50416 0.0010696179754108993 8.5466455548932369e-05 0.00087102545552058966 0.00049386181603663156 0 0.0021703740954228624 nan nan nan nan nan nan nan nan nan nan 0.00045906879584506344 0.0044105742328143897 0.0026127472196376075 0 0.013775149369708022 nan nan nan nan nan nan nan nan nan nan 0 0 0 0 running
8900 13.194675044529809 0.0014875357747308894 0.25 1227.6194700000001 0.0010526887149811517 8.4518728169627127e-05 0.00085703761569272234 0.00048576211670567387 0 0.002136152131542435 nan nan nan nan nan nan nan nan nan nan 0.0004537893389919001 0.004343773757511233 0.0025684388189931712 0 0.013563881986334899 nan nan nan nan nan nan nan nan nan nan 0 0 0 0 running
8920 13.224425766958008 0.0014875364332260946 0.25 1229.7630569999999 0.0010359917174324366 8.3580124443022845e-05 0.00084324747776006565 0.00047778317077579798 0 0.0021023951790079451 nan nan nan nan nan nan nan nan nan nan 0.00044856057861233922 0.0042778529099105622 0.0025247412021606572 0 0.013355344662781104 nan nan nan nan nan nan nan nan nan nan 0 0 0 0 running
8940 13.254176502434387 0.0014875370801587051 0.25 1231.8594900000001 0.0010195247718698154 8.2650580323641467e-05 0.0008296529056532933 0.00046992379722256863 0 0.0020690989258124251 nan nan nan nan nan nan nan nan nan nan 0.00044338209105534987 0.0042128018207101652 0.0024816509883390974 0 0.013149512116912876 nan nan nan nan nan nan nan nan nan nan 0 0 0 0 running
8960 13.283927250729699 0.0014875377157191833 0.25 1233.9787369999999 0.0010032856717072317 8.1730031079605827e-05 0.0008162517822594543 0.0004621828223165528 0 0.0020362590611213136 nan nan nan nan nan nan nan nan nan nan 0.00043825345105030777 0.0041486107451440277 0.0024391647730978823 0 0.012946359135449679 nan nan nan nan nan nan nan nan nan nan 0 0 0 0 running
8980 13.313678011618466 0.0014875383400952155 0.25 1236.0611289999999 0.00098727221578776285 8.0818411341401531e-05 0.00080304200905753935 0.00045455907899496172 0 0.0020038712783292069 nan nan nan nan nan nan nan nan nan nan 0.00043317423221209128 0.0040852700610627245 0.0023972791233104695 0 0.012745860590461315 nan nan nan nan nan nan nan nan nan nan 0 0 0 0 running
9000 13.343428784878958 0.0014875389534717283 0.25 1238.1673020000001 0.00097148220947461568 7.9915655152108952e-05 0.00079002150577572752 0.00044705140622505507 0 0.0019719312780353345 nan nan nan nan nan nan nan nan nan nan 0.00042814400757498761 0.0040227702670371877 0.0023564624317821987 0 0.012547991458176066 nan nan nan nan nan nan nan nan nan nan 0 0 0 0 running
9020 13.3731795702931 0.0014875395560309266 0.25 1240.324161 0.00095591346574269459 7.9021696020565836e-05 0.0007771882100477825 0.00043965864837511645 0 0.0019404347710167357 nan nan nan nan nan nan nan nan nan nan 0.00042316235014050463 0.0039611019806175618 0.0023185590586275863 0 0.01235272683840479 nan nan nan nan nan nan nan nan nan nan 0 0 0 0 running
9040 13.402930367646432 0.0014875401479523432 0.25 1242.577685 0.00094056380613603081 7.8136466973216103e-05 0.00076454007707575872 0.00043237965458219871 0 0.0019093774808672064 nan nan nan nan nan nan nan nan nan nan 0.00041822883338724082 0.003900255936353657 0.0022812176506325789 0 0.012160041972072842 nan nan nan nan nan nan nan nan nan nan 0 0 0 0 running
9060 13.432681176728064 0.0014875407294129073 0.25 1244.724661 0.00092543106167348478 7.7259900606941887e-05 0.00075207507929542889 0.00042521327813333296 0 0.0018787551465027717 nan nan nan nan nan nan nan nan nan nan 0.00041334303178058862 0.0038402229838197105 0.0022444332444432552 0 0.011969912258062194 nan nan nan nan nan nan nan nan nan nan 0 0 0 0 running
9080 13.46243199733061 0.0014875413005870216 0.25 1246.802594 0.00091051307365765967 7.6391929141340927e-05 0.00073979120603543714 0.00041815837585969121 0 0.0018485635244266496 nan nan nan nan nan nan nan nan nan nan 0.00040850452122226377 0.003780994085427699 0.0022082008613734786 0 0.011782313266899375 nan nan nan nan nan nan nan nan nan nan 0 0 0 0 running
9100 13.492182829250151 0.0014875418616466483 0.25 1248.8940849999999 0.00089580769434396566 7.5532484468003036e-05 0.00072768646317898471 0.00041121380754316635 0 0.0018187983906445657 nan nan nan nan nan nan nan nan nan nan 0.00040371287949317325 0.0037225603139683962 0.0021725155042195601 0 0.011597220752596006 nan nan nan nan nan nan nan nan nan nan 0 0 0 0 running
9120 13.521933672286183 0.0014875424127613996 0.25 1250.9362839999999 0.00088131278752291448 7.4681498199492293e-05 0.00071575887281256326 0.00040437843534561123 0 0.0017894555423651219 nan nan nan nan nan nan nan nan nan nan 0.00039896768657238235 0.0036649128502961766 0.0021373721545083824 0 0.011414610659390211 nan nan nan nan nan nan nan nan nan nan 0 0 0 0 running
9140 13.551684526241567 0.0014875429540986264 0.25 1253.047217 0.00086702622896763447 7.3838901715904818e-05 0.00070400647287614836 0.00039765112325568583 0 0.0017605307993626665 nan nan nan nan nan nan nan nan nan nan 0.00039426852497442821 0.0036080429803604375 0.0021027657698248063 0 0.011234459127094741 nan nan nan nan nan nan nan nan nan nan 0 0 0 0 running
9160 13.581435390922495 0.0014875434858235121 0.25 1255.0913210000001 0.00085294590681366965 7.3004626208925447e-05 0.00069242731680320153 0.00039103073656365393 0 0.0017320200051703404 nan nan nan nan nan nan nan nan nan nan 0.0003896149799855475 0.0035519420924078355 0.0020686912814985173 0 0.011056742491724373 nan nan nan nan nan nan nan nan nan nan 0 0 0 0 running
9180 13.611186266138436 0.0014875440080991532 0.25 1257.1841179999999 0.00083906972174741987 7.2178602724040639e-05 0.00068101947315348736 0.00038451614136039957 0 0.001703919027798658 nan nan nan nan nan nan nan nan nan nan 0.00038500663985588379 0.0034966016737515565 0.0020351435925261788 0 0.010881437282496046 nan nan nan nan nan nan nan nan nan nan 0 0 0 0 running
9200 13.640937151702097 0.0014875445210866492 0.25 1259.4182760000001 0.00082539558722819742 7.1360762201819341e-05 0.00066978102525243322 0.00037810620405110188 0 0.0016762237605304209 nan nan nan nan nan nan nan nan nan nan 0.00038044309593934789 0.0034420133076254206 0.002002117575694371 0 0.010708520216795105 nan nan nan nan nan nan nan nan nan nan 0 0 0 0 running
9220 13.670688047429389 0.0014875450249451612 0.25 1261.5343130000001 0.00081192142949425121 7.0551035514941868e-05 0.00065871007081007564 0.00037179979091874133 0 0.0016489301221804021 nan nan nan nan nan nan nan nan nan nan 0.00037592394278815333 0.0033881686696620311 0.0019696080720727699 0 0.010537968191325211 nan nan nan nan nan nan nan nan nan nan 0 0 0 0 running
9240 13.700438953139388 0.0014875455198319826 0.25 1263.607579 0.00079864518760845878 6.9749353506780637e-05 0.00064780472155097672 0.00036559576770176601 0 0.0016220340574448354 nan nan nan nan nan nan nan nan nan nan 0.00037144877819256239 0.0033350595245273257 0.001937609889608451 0 0.010369758271979921 nan nan nan nan nan nan nan nan nan nan 0 0 0 0 running
9260 13.7301898686543 0.0014875460059025846 0.25 1265.7418419999999 0.00078556481338743086 6.8955647027067225e-05 0.00063706310284266569 0.00035949299920032214 0 0.0015955315369580311 nan nan nan nan nan nan nan nan nan nan 0.00036701720322987463 0.0032826777223697798 0.0019061178020033883 0 0.010203867681544097 nan nan nan nan nan nan nan nan nan nan 0 0 0 0 running
9280 13.759940793799412 0.0014875464833106603 0.25 1267.808542 0.00077267827128929718 6.8169846967483362e-05 0.00062648335332190477 0.00035349034892044785 0 0.0015694185572396404 nan nan nan nan nan nan nan nan nan nan 0.0003626288222368379 0.0032310151952126588 0.0018751265477818346 0 0.010040273786420644 nan nan nan nan nan nan nan nan nan nan 0 0 0 0 running
9300 13.789691728403072 0.0014875469522081465 0.25 1270.102944 0.00075998353832405319 6.7391884297194382e-05 0.00061606362452973514 0.00034758667875355254 0 0.0015436911406861711 nan nan nan nan nan nan nan nan nan nan 0.0003582832428166427 0.0031800639537333808 0.0018446308296583168 0 0.0098789540839705186 nan nan nan nan nan nan nan nan nan nan 0 0 0 0 running
9320 13.819442672296647 0.0014875474127452391 0.25 1272.175954 0.00074747860387579311 6.6621690097725165e-05 0.00060580208055093507 0.00034178084867084467 0 0.0015183453353407592 nan nan nan nan nan nan nan nan nan nan 0.00035398007583173352 0.0031298160838490619 0.0018146253139806473 0 0.0097198861894372615 nan nan nan nan nan nan nan nan nan nan 0 0 0 0 running
9340 13.849193625314491 0.0014875478650704015 0.25 1274.260712 0.00073516146960291517 6.5859195600942582e-05 0.00059569689766465631 0.00033607171647198917 0 0.0014933772148384553 nan nan nan nan nan nan nan nan nan nan 0.00034971893540347576 0.0030802637436196153 0.0017851046304405379 0 0.0095630478246978186 nan nan nan nan nan nan nan nan nan nan 0 0 0 0 running
9360 13.878944587293915 0.0014875483093303554 0.25 1276.381406 0.00072303014924983292 6.5104332223532544e-05 0.00058574626400088241 0.00033045813755471653 0 0.001468782878127255 nan nan nan nan nan nan nan nan nan nan 0.00034549943891654111 0.0030313991603887064 0.0017560633719268864 0 0.0094084168080263292 nan nan nan nan nan nan nan nan nan nan 0 0 0 0 running
9380 13.908695558075138 0.0014875487456700656 0.25 1278.842292 0.00071108266855363241 6.4357031606701462e-05 0.00057594837921031198 0.0003249389647360026 0 0.0014445584494062046 nan nan nan nan nan nan nan nan nan nan 0.00034132120708910141 0.0029832146281329724 0.0017274960946581717 0 0.0092559710472574792 nan nan nan nan nan nan nan nan nan nan 0 0 0 0 running
9400 13.938446537501259 0.0014875491742327143 0.25 1280.9293479999999 0.00069931706509605959 6.3617225654228536e-05 0.00056630145415040821 0.00031951304809301731 0 0.001420700077918747 nan nan nan nan nan nan nan nan nan nan 0.00033718386402742384 0.0029357025051978246 0.0016993973183369905 0 0.0091056885340951507 nan nan nan nan nan nan nan nan nan nan 0 0 0 0 running
9420 13.968197525418221 0.0014875495951596762 0.25 1283.093576 0.00068773138822373345 6.2884846572964945e-05 0.00055680371058067538 0.00031417923485237023 0 0.0013972039379000416 nan nan nan nan nan nan nan nan nan nan 0.00033308703735704381 0.0028888552122736857 0.0016717615266210357 0 0.0089575473439210077 nan nan nan nan nan nan nan nan nan nan 0 0 0 0 running
9440 13.997948521674786 0.0014875500085904827 0.25 1285.43435 0.00067632369896013375 6.2159826914813993e-05 0.00054745338087843507 0.00030893636931984521 0 0.0013740662284874598 nan nan nan nan nan nan nan nan nan nan 0.00032925819710713511 0.0028426652308101118 0.0016445831676707269 0 0.0088115256361472449 nan nan nan nan nan nan nan nan nan nan 0 0 0 0 running
9460 14.027699526122477 0.0014875504146627807 0.25 1287.7067870000001 0.00066509206989676768 6.1442099616119999e-05 0.00053824870775363832 0.00030378329285922972 0 0.0013512831735701214 nan nan nan nan nan nan nan nan nan nan 0.00032605319951550804 0.0027971251016631546 0.0016178566549416148 0 0.0086676016594157551 nan nan nan nan nan nan nan nan nan nan 0 0 0 0 running
9480 14.057450538615548 0.0014875508135122964 0.25 1289.9012130000001 0.00065403458515616913 6.073159804294098e-05 0.00052918794400127935 0.00029871884389545662 0 0.0013288510217953789 nan nan nan nan nan nan nan nan nan nan 0.00032287337657760373 0.0027522274241911695 0.0015915763680809654 0 0.0085257537600213398 nan nan nan nan nan nan nan nan nan nan 0 0 0 0 running
9500 14.087201559010957 0.0014875512052727963 0.25 1292.043985 0.00064314934029284098 6.0028256030893015e-05 0.00052026935225184788 0.0002937418579735811 0 0.0013067660464119593 nan nan nan nan nan nan nan nan nan nan 0.00031971849292466992 0.0027079648556164061 0.0015657366540261486 0 0.0083859603925894154 nan nan nan nan nan nan nan nan nan nan 0 0 0 0 running
9520 14.116952587168308 0.0014875515900760444 0.25 1294.1211599999999 0.00063243444222373644 5.93320079279757e-05 0.00051149120474370255 0.00028885116786210937 0 0.0012850245451679156 nan nan nan nan nan nan nan nan nan nan 0.00031658831262534881 0.0026643301106681859 0.001540331828281092 0 0.0082482001325500966 nan nan nan nan nan nan nan nan nan nan 0 0 0 0 running
9540 14.146703622949824 0.0014875519680517693 0.25 1296.2360000000001 0.00062188800909894352 5.8642788634440675e-05 0.00050285178310267354 0.00028404560369962785 0 0.001263622840049906 nan nan nan nan nan nan nan nan nan nan 0.00031348259947286405 0.0026213159614185619 0.0015153561763649546 0 0.0081124516926335127 nan nan nan nan nan nan nan nan nan nan 0 0 0 0 running
9560 14.176454666220286 0.0014875523393276312 0.25 1298.4524060000001 0.00061150817017030458 5.7960533641123404e-05 0.00049434937814460097 0.00027932399317743623 0 0.0012425572770012113 nan nan nan nan nan nan nan nan nan nan 0.00031040111731955866 0.0025789152374014104 0.0014908039553849432 0 0.0079786939373401901 nan nan nan nan nan nan nan nan nan nan 0 0 0 0 running
9580 14.206205716847036 0.0014875527040291924 0.25 1300.619704 0.00060129306559811259 5.7285179064639674e-05 0.00048598228968422695 0.00027468516177581002 0 0.0012218242254738959 nan nan nan nan nan nan nan nan nan nan 0.00030734363040163526 0.0025371208257650626 0.0014666693958294793 0 0.0078469059014744675 nan nan nan nan nan nan nan nan nan nan 0 0 0 0 running
9600 14.235956774699876 0.0014875530622799004 0.25 1302.7136720000001 0.00059124084620985624 5.6616661680419435e-05 0.00047774882635785406 0.00027012793303664453 0 0.0012014200778503507 nan nan nan nan nan nan nan nan nan nan 0.00030430990374072375 0.0024959256715540602 0.0014429467034885383 0 0.0077170668058210278 nan nan nan nan nan nan nan nan nan nan 0 0 0 0 running
9620 14.265707839651068 0.0014875534142010617 0.25 1304.8394370000001 0.00058134967322540489 5.5954918950775203e-05 0.00046964730546768431 0.0002656511288725179 0 0.001181341248766561 nan nan nan nan nan nan nan nan nan nan 0.00030129970350536994 0.0024553227780694034 0.0014196300615459357 0 0.007589156073403042 nan nan nan nan nan nan nan nan nan nan 0 0 0 0 running
9640 14.295458911575279 0.0014875537599118389 0.25 1306.9569899999999 0.00057161771784131597 5.5299889047352901e-05 0.0004616760528177151 0.00026125356992669012 0 0.0011615841740817306 nan nan nan nan nan nan nan nan nan nan 0.00029831279741479588 0.002415305206952564 0.0013967136328404809 0 0.0074631533430825001 nan nan nan nan nan nan nan nan nan nan 0 0 0 0 running
9660 14.325209990349535 0.0014875540995292406 0.25 1309.159433 0.00056204316083825799 5.4651510870790647e-05 0.00045383340259096854 0.00025693407594954055 0 0.0011421453098855237 nan nan nan nan nan nan nan nan nan nan 0.00029534895514332637 0.0023758660784047331 0.001374191562168621 0 0.0073390384819513634 nan nan nan nan nan nan nan nan nan nan 0 0 0 0 running
9680 14.354961075853172 0.0014875544331681265 0.25 1311.374427 0.00055262419204658137 5.4009724062608005e-05 0.00044611769721823686 0.00025269146621888873 0 0.001123021131150795 nan nan nan nan nan nan nan nan nan nan 0.00029240794873200415 0.0023369985711020301 0.0013520579789196088 0 0.007216791593506796 nan nan nan nan nan nan nan nan nan nan 0 0 0 0 running
9700 14.384712167967812 0.0014875547609412075 0.25 1313.4676830000001 0.00054335900975759381 5.3374469011306125e-05 0.00043852728726784013 0.00024852455998911657 0 0.0011042081302387024 nan nan nan nan nan nan nan nan nan nan 0.00028948955296245749 0.0022986959219905706 0.0013303069996271799 0 0.0070963930233964457 nan nan nan nan nan nan nan nan nan nan 0 0 0 0 running
9720 14.414463266577302 0.0014875550829590678 0.25 1315.545312 0.00053424582009418107 5.2745686853512079e-05 0.00043106053135746376 0.0002444321769531418 0 0.0010857028152927673 nan nan nan nan nan nan nan nan nan nan 0.00028659354575280571 0.0022609514256944161 0.0013089327306894248 0 0.0069778233600980132 nan nan nan nan nan nan nan nan nan nan 0 0 0 0 running
9740 14.444214371567682 0.0014875553993301776 0.25 1317.654503 0.00052528283627287155 5.21233194665275e-05 0.00042371579606877548 0.00024041313773642202 0 0.0010675017083582041 nan nan nan nan nan nan nan nan nan nan 0.00028371970849466743 0.0022237584338366066 0.0012879292712665523 0 0.006861063432664816 nan nan nan nan nan nan nan nan nan nan 0 0 0 0 running
9760 14.473965482827131 0.0014875557101609142 0.25 1319.758519 0.00051646827785337092 5.1507309457742282e-05 0.00041649145589508547 0.00023646626440227629 0 0.0010496013434550199 nan nan nan nan nan nan nan nan nan nan 0.00028086782639374919 0.0021871103539808125 0.0012672907162044255 0 0.0067460943037612239 nan nan nan nan nan nan nan nan nan nan 0 0 0 0 running
9780 14.503716600245944 0.0014875560155555923 0.25 1321.8507219999999 0.00050780036990922335 5.0897600144315168e-05 0.00040938589319046827 0.00023259038096314988 0 0.0010319982644555799 nan nan nan nan nan nan nan nan nan nan 0.00027803768874420931 0.0021510006482164685 0.0012470111589546469 0 0.0066328972573705906 nan nan nan nan nan nan nan nan nan nan 0 0 0 0 running
9800 14.533467723716477 0.0014875563156164894 0.25 1323.9034019999999 0.0004992773421997475 5.0294135530355496e-05 0.0004023974981484509 0.00022878431391612649 0 0.0010146890229480498 nan nan nan nan nan nan nan nan nan nan 0.00027522908918306555 0.0021154228316258433 0.0012270846946628865 0 0.0065214537841483955 nan nan nan nan nan nan nan nan nan nan 0 0 0 0 running
9820 14.563218853133113 0.0014875566104438807 0.25 1325.9390840000001 0.00049089742833012475 4.9696860277681509e-05 0.00039552466880720706 0.0002250468927569129 0 0.00099767017606501498 nan nan nan nan nan nan nan nan nan nan 0.00027244182588262444 0.0020803704704157131 0.0012075054232468254 0 0.0064117455623981471 nan nan nan nan nan nan nan nan nan nan 0 0 0 0 running
9840 14.592969988392214 0.0014875569001360734 0.25 1328.011843 0.00048265886489772404 4.9105719672763222e-05 0.0003887658110669713 0.0002213769505154023 0 0.00098093828426826018 nan nan nan nan nan nan nan nan nan nan 0.00026967570171981814 0.0020458371797590982 0.0011882674524334607 0 0.0063037544337984936 nan nan nan nan nan nan nan nan nan nan 0 0 0 0 running
9860 14.62272112939209 0.0014875571847894392 0.25 1330.098113 0.00047455989067381248 4.8520659589414746e-05 0.00038211933873786349 0.00021777332427811276 0 0.00096448990921113858 nan nan nan nan nan nan nan nan nan nan 0.00026693052435469711 0.0020118166215914082 0.0011693649008792341 0 0.0061974623796167989 nan nan nan nan nan nan nan nan nan nan 0 0 0 0 running
9880 14.652472276032961 0.0014875574644984551 0.25 1332.144481 0.00046659874580632526 4.7941626449161751e-05 0.00037558367360649851 0.00021423485570587603 0 0.00094832161164581572 nan nan nan nan nan nan nan nan nan nan 0.00026420610631266994 0.001978302502115557 0.0011507919012749574 0 0.0060928514916160342 nan nan nan nan nan nan nan nan nan nan 0 0 0 0 running
9900 14.682223428216922 0.0014875577393557355 0.25 1334.205115 0.00045877367109192177 4.7368567179126966e-05 0.00036915724553489515 0.00021076039154540376 0 0.00093242994948891883 nan nan nan nan nan nan nan nan nan nan 0.0002615022649568588 0.0019452885693384669 0.0011325426033698656 0 0.0059899039425804559 nan nan nan nan nan nan nan nan nan nan 0 0 0 0 running
9920 14.711974585847893 0.0014875580094520734 0.25 1336.308074 0.00045108290731665632 4.6801429170287695e-05 0.00036283849257887345 0.00020734878412559339 0 0.00091681147605087441 nan nan nan nan nan nan nan nan nan nan 0.00025881882247039134 0.0019127686105875237 0.0011146111770754166 0 0.0058886019574892964 nan nan nan nan nan nan nan nan nan nan 0 0 0 0 running
9940 14.741725748831582 0.0014875582748764692 0.25 1338.4089100000001 0.00044352469467822162 4.6240160233708366e-05 0.00035662586113732823 0.00020399889185459421 0 0.00090146273845276943 nan nan nan nan nan nan nan nan nan nan 0.00025615560575223406 0.0018807364498893472 0.0010969918153751405 0 0.0057889277808731276 nan nan nan nan nan nan nan nan nan nan 0 0 0 0 running
9960 14.77147691707548 0.0014875585357161714 0.25 1340.454921 0.00043609727229848593 4.5684708559458616e-05 0.00035051780612320687 0.00020070957968573128 0 0.00088638027626278292 nan nan nan nan nan nan nan nan nan nan 0.00025351244629487346 0.0018491859456696864 0.0010796787374203849 0 0.0056908636496166079 nan nan nan nan nan nan nan nan nan nan 0 0 0 0 running
9980 14.801228090488792 0.0014875587920567075 0.25 1342.542999 0.00042879887785619917 4.5135022676423701e-05 0.00034451279116081524 0.00019747971959320466 0 0.00087156062041469635 nan nan nan nan nan nan nan nan nan nan 0.00025088918002275085 0.0018181109884778061 0.0010626661913020084 0 0.0055943917631375902 nan nan nan nan nan nan nan nan nan nan 0 0 0 0 running
10000 14.830979268982407 0.0014875590439819156 0.25 1344.745279 0.00042162774732008753 4.4591051414828721e-05 0.00033860928880952157 0.00019430819101398121 0 0.00085700029236958971 nan nan nan nan nan nan nan nan nan nan 0.00024828564711101841 0.0017875054988641011 0.001045948457025196 0 0.0054994942575525892 nan nan nan nan nan nan nan nan nan nan 0 0 0 0 running
10020 14.860730452468898 0.0014875592915739777 0.25 1346.944463 0.00041458211482688762 4.4052743871420832e-05 0.00033280578080602653 0.00019119388129912833 0 0.00084269580362366704 nan nan nan nan nan nan nan nan nan nan 0.00024570169174301104 0.0017573634256198463 0.0010295198492651981 0 0.0054061531828092022 nan nan nan nan nan nan nan nan nan nan 0 0 0 0 running
10040 14.890481640862451 0.0014875595349134441 0.25 1349.0583369999999 0.00040766021263968696 4.352004938008691e-05 0.00032710075832971639 0.00018813568613710173 0 0.0008286436554098361 nan nan nan nan nan nan nan nan nan nan 0.00024313716192769785 0.0017276787442630486 0.0010133747201544617 0 0.0053143504808995344 nan nan nan nan nan nan nan nan nan nan 0 0 0 0 running
10060 14.920232834078833 0.0014875597740792639 0.25 1351.151746 0.00040086027128780191 4.2992917485027538e-05 0.00032149272228769758 0.00018513250998197035 0 0.00081484033883614116 nan nan nan nan nan nan nan nan nan nan 0.00024059190922540163 0.0016984454558808745 0.00099750746202467494 0 0.0052240679708973649 nan nan nan nan nan nan nan nan nan nan 0 0 0 0 running
10080 14.949984032035397 0.0014875600091488112 0.25 1353.234146 0.0003941805205319654 4.2471297993931594e-05 0.00031598018594953311 0.00018218326646391104 0 0.00080128233612678911 nan nan nan nan nan nan nan nan nan nan 0.00023806584397559338 0.0016696575880646661 0.00098191251185150968 0 0.0051352869589743541 nan nan nan nan nan nan nan nan nan nan 0 0 0 0 running
10100 14.97973523465101 0.0014875602401979056 0.25 1355.409169 0.00038761918651186115 4.1955140770737834e-05 0.00031056167013732204 0.00017928687877740522 0 0.00078796611542836389 nan nan nan nan nan nan nan nan nan nan 0.00023555880946285468 0.0016413092061198387 0.00096658436157629228 0 0.0050479871172294504 nan nan nan nan nan nan nan nan nan nan 0 0 0 0 running
10114 15 0.00092648118820370939 0.25 1356.8703290000001 0.00038321688459200574 4.1606666749986712e-05 0.00030692397532488896 0.00017734374661603107 0 0.00077903251368022155 nan nan nan nan nan nan nan nan nan nan 0.00023386195977984081 0.0016222485616586846 0.00095629368656594297 0 0.0049893622739690408 nan nan nan nan nan nan nan nan nan nan 0 0 0 1 physical_time_reached
