TITLE="WCNS step 10114 time 15"
VARIABLES="X","Y","rho","u","v","p","T","mach","entropy_proxy","viscosity","jacobian"
ZONE T="CylinderZone1", I=8, J=20, DATAPACKING=POINT, SOLUTIONTIME=15
0.54063943307152496 -0.053248126149810254 0.97473930844455714 -0.0040445736184145332 -0.0044880906385920162 17.5183761748279 1.0064527574250102 0.0012044502125996824 18.15724590926969 1 0.0095016344836105354
0.51986370485743094 -0.15769896780428191 0.97374356173056353 -0.0052550469998454046 -0.011949014298593847 17.499754973821268 1.0064110470293055 0.0026023759409505693 18.163917848199684 1 0.0095049635953118466
0.47910882671265759 -0.25608900321023359 0.97216101653583142 -0.0042743562054974723 -0.011017242561989618 17.470934159332732 1.0063891631614168 0.0023559556357001343 18.175344205278723 1 0.0095040362119999024
0.41994239884996287 -0.34463782010587446 0.9700223868938509 0.0046939226514712117 -0.0023760838814671117 17.43130666361829 1.006320251285914 0.0010489012707890425 18.190116605924359 1 0.009504277529481445
0.34463782010587457 -0.41994239884996293 0.96772044142755431 0.027382415222859981 0.010600871508709869 17.388048172203142 1.0062107349710119 0.0058544118392426384 18.205430534329079 1 0.0095042775294816393
0.25608900321023376 -0.47910882671265775 0.96546000469762405 0.066821363467681624 0.020596566884034214 17.344974494962553 1.0060681602202424 0.013942486138935978 18.219886335218966 1 0.0095040362119999354
0.15769896780428194 -0.51986370485743072 0.96383010218795617 0.12209367920507326 0.01962373806020333 17.311773921780976 1.0058404861971264 0.024660221988717743 18.228078554777248 1 0.0095049635953118571
0.053248126149810324 -0.54063943307152484 0.96365953721842335 0.18500152684726479 0.00017263661657714036 17.305838535690437 1.0056736010446168 0.036895803463864597 18.226344467064553 1 0.0095016344836112033
0.63524243924753465 -0.062565672186717616 0.97454946982881385 -0.014107232286845536 -0.0066145241062820813 17.515145381937224 1.0064631614084996 0.0031061678776123057 18.158848323366112 1 0.012674730951629094
0.61083130039869804 -0.18529369270324247 0.97387480357175105 -0.0081590249413305317 -0.015897829365441818 17.502678110651949 1.0064435074887259 0.0035623944645976793 18.163524503941279 1 0.012679171829163567
0.56294498907871615 -0.3009003655902705 0.97284894477117867 0.0096782793133928895 -0.010273038191629204 17.483677183359053 1.0064110430470339 0.0028137905492294857 18.1705972380337 1 0.012677934743692634
0.49342540974738552 -0.40494376863562048 0.97144713796826365 0.051133472316128414 0.008998651855394859 17.457362440712103 1.006346364550855 0.010351054629785647 18.179912400039473 1 0.012678256649798689
0.40494376863562059 -0.49342540974738563 0.96999590789968138 0.12673855695220193 0.032281450171921057 17.428175200164333 1.0061669355822507 0.026076745529996906 18.187543880783593 1 0.012678256649798686
0.30090036559027061 -0.56294498907871593 0.96870783846060726 0.23922094693684712 0.042079880352538818 17.398598335556585 1.0057950055516987 0.048438603377925431 18.190486847475253 1 0.01267793474369258
0.18529369270324253 -0.61083130039869815 0.96812583851350376 0.37818796131060273 0.021199784587293245 17.376666078951335 1.0051310074400934 0.075562728547254321 18.182848482036299 1 0.012679171829163591
0.062565672186717672 -0.63524243924753443 0.96891424906303425 0.51866871358620159 -0.041109608000484917 17.376475605051322 1.0043021183726737 0.10383594913501588 18.161939100359998 1 0.012674730951629087
0.74244183463027602 -0.073123849373486829 0.97482250762978595 -0.023929512399097148 -0.0047790310522918492 17.520318396626408 1.0064784322232598 0.0048646803788472345 18.157089198224398 1 0.016779839423766651
0.71391123026163072 -0.21656265491167406 0.97428079283956637 -0.001911052395914314 -0.0099961686583477597 17.51034216136372 1.0064646323809072 0.0020288936115769674 18.160877763309916 1 0.016785718618536918
0.65794393551948882 -0.35167836036645628 0.97349331962906016 0.047322011612614727 -0.00015064213326390752 17.495211627579526 1.0064083957795928 0.0094342692819320163 18.165737505115061 1 0.016784080864202421
0.57669268271809082 -0.47327945353281897 0.97249778069828474 0.13618609595311382 0.02129184145642999 17.474824154624738 1.006264663064949 0.027482145248686512 18.170578228556753 1 0.016784507029679745
0.47327945353281897 -0.57669268271809071 0.97162771347748911 0.27293473838190191 0.039366701271063537 17.452003669232909 1.0058504825344501 0.054991201951427246 18.1696032678501 1 0.016784507029679763
0.35167836036645633 -0.6579439355194886 0.97116892603439609 0.45164530504593453 0.03101833698730895 17.429192231091868 1.0050102899153703 0.090315868089683601 18.157856123528486 1 0.0167840808642024
0.21656265491167412 -0.71391123026163084 0.97163042421103074 0.6454708169846376 -0.021229965525992288 17.414708685256311 1.0036981768418578 0.12892579603013898 18.130703955634001 1 0.016785718618537001
0.073123849373486871 -0.74244183463027591 0.97349218474672672 0.81364349359896482 -0.11968176287764078 17.422466590223827 1.002224921072429 0.164297047696814 18.090233948181062 1 0.016779839423766259
0.86391462009425091 -0.085087827227279131 0.97539843811042048 -0.026338541152622304 -8.8227964996043442e-06 17.531345466669752 1.0065172413017631 0.0052506265100120469 18.153500007635316 1 0.022126624834293
0.8307160514192089 -0.25199501835425253 0.97498333710145557 0.017790063203613583 0.0033815182501797862 17.523766472217538 1.0065104541432353 0.0036099856440314757 18.156468733975309 1 0.022134377395788017
0.76559180609844413 -0.40921734595229764 0.97446011753632822 0.10778998520969149 0.017598091366353309 17.512328685700812 1.0063935790858596 0.021773923143507019 18.15825886221306 1 0.022132217781812118
0.67104683042225921 -0.55071390138034471 0.97396656623028877 0.25141249561380707 0.03557114863208044 17.497826457991565 1.0060697303045469 0.050629862105422391 18.15609457983334 1 0.022132779742114708
0.55071390138034471 -0.67104683042225888 0.97390364911450289 0.44626176040252979 0.038680558130799639 17.482160708118659 1.0052339361405285 0.089353465526460396 18.141480149494697 1 0.022132779742114615
0.4092173459522977 -0.76559180609844413 0.97459149992380578 0.66892504274803122 0.0048308800637932459 17.468769072705872 1.003754975407801 0.13353801615921024 18.109674178315753 1 0.022132217781812312
0.25199501835425264 -0.8307160514192089 0.97633344819725509 0.87464782859827805 -0.073986013775345541 17.466477562770184 1.0018326671983402 0.17539364846949682 18.062085553695425 1 0.022134377395787989
0.0850878272272792 -0.86391462009425091 0.97920977827172229 1.0188481449328763 -0.18584447105364105 17.487398868408608 1.0000863526152182 0.2071228713390072 18.009397242753288 1 0.022126624834292848
1.0015613190324726 -0.098644790224829706 0.97611949912291485 -0.020621526112016238 0.0049015823266393968 17.545079304816973 1.0065616360652785 0.0042253714651938447 18.148935276146805 1 0.029067480192123869
0.96307325382466602 -0.29214514617771187 0.97580271756652193 0.049971275720155396 0.016453727444674517 17.538900409254492 1.0065338046307408 0.010487871702157234 18.150789888888387 1 0.029077664638662116
0.88757282412092553 -0.47441755845992811 0.97552039884605679 0.1867294439994929 0.033049235638708291 17.529587221734712 1.0062904727998438 0.037807589174191497 18.14850236257606 1 0.029074827579827885
0.77796408693367658 -0.63845862617285221 0.97557188218417834 0.38719022186327062 0.043397486659488713 17.518822792041025 1.0056194661146121 0.0777049145509109 18.136017874081521 1 0.029075565820299569
0.63845862617285243 -0.77796408693367647 0.97641446578882429 0.62991466990328615 0.027625929867309853 17.508960648292053 1.0041860599402272 0.12584091995677293 18.103914074877917 1 0.029075565820299583
0.47441755845992822 -0.88757282412092553 0.97822128666151398 0.86931795670385925 -0.029302873295131353 17.504872647534317 1.0020972561049224 0.17378020165969996 18.052901093411545 1 0.029074827579827833
0.29214514617771187 -0.96307325382466602 0.98086081395513558 1.051282663122755 -0.12099223611948308 17.514680797418894 0.99996055471408485 0.21164862690130504 17.995001551541762 1 0.029077664638662095
0.09864479022482979 -1.0015613190324726 0.98408273339022889 1.1456658831411664 -0.22534976006351354 17.54711806828178 0.99853251911151419 0.23369522321501462 17.945747043223474 1 0.029067480192124025
1.157535463004074 -0.11400684187378834 0.97706385915099114 -0.0063923085899504151 0.010259952454075193 17.563194532150121 1.0066270321538675 0.002409698837275054 18.143095331929796 1 0.038067205832386528
1.1130536129826623 -0.33764120141130016 0.97682493308890406 0.094909102908401863 0.030176385385699989 17.557741406210972 1.0065606276045058 0.019853166545148734 18.143673313064227 1 0.038080543535555511
1.0257954259966173 -0.54829907840257808 0.97682311117699705 0.28242195226577654 0.047390346818050405 17.549681865462752 1.0061004619803635 0.057100175400955001 18.135392166594155 1 0.038076828080968794
0.89911721075573836 -0.73788642533625692 0.97753842297996796 0.53528352934964807 0.046721441916498435 17.54220404312629 1.0049358698179827 0.10719949762172173 18.10909665870674 1 0.038077794891707407
0.73788642533625715 -0.89911721075573836 0.97937368722798501 0.80499777735406131 0.011442783546039751 17.538816855697331 1.0028590268358055 0.16078613821918541 18.058118091141587 1 0.038077794891707317
0.54829907840257819 -1.0257954259966173 0.98206708164448253 1.0273504803555265 -0.060386280025289382 17.544486477692931 1.0004319053931401 0.20578029833795702 17.994635147987477 1 0.038076828080968794
0.33764120141130022 -1.1130536129826623 0.98505657631754628 1.1572218722203655 -0.14893534939578162 17.564667640726281 0.99854303853209414 0.23352349076192788 17.93883733611084 1 0.03808054353555565
0.1140068418737885 -1.157535463004074 0.98810804029864441 1.1946423350038582 -0.23196554251537804 17.604324385519352 0.99770685425275163 0.24367045161202336 17.901653880621353 1 0.038067205832386493
1.334277322963916 -0.13141432693573851 0.97810060157171985 0.016153480900017281 0.015209493533322394 17.582929393344383 1.006689949280722 0.0044226340770719096 18.13653405559468 1 0.049722115603906596
1.2830036249529528 -0.38919498601988362 0.97796865375216424 0.1519045484743507 0.042252065292647398 17.577911396138539 1.0065384338933054 0.031431664148263941 18.134782960867863 1 0.049739536867283697
1.1824221534909289 -0.63201780843581779 0.97834166182543481 0.39113038132412026 0.058016438039921112 17.570902065207516 1.0057534632398129 0.078855432399713862 18.117876332962787 1 0.049734683864326085
1.0364016855989213 -0.85055288215010771 0.97983964094957765 0.68530003343925783 0.044787098790476598 17.566717791215819 1.003976726555055 0.13708010174761898 18.074804836116112 1 0.049735946680292201
0.85055288215010805 -1.0364016855989211 0.98254432193563812 0.95593478041537927 -0.0060718917905451487 17.569802825811244 1.0013888790973544 0.19105818035815098 18.008348118602395 1 0.049735946680292638
0.63201780843581779 -1.1824221534909292 0.98561446905022321 1.1348043158871226 -0.081427987776775915 17.583449184993416 0.99904494530083676 0.22765313673444346 17.943789758116147 1 0.04973468386432614
0.38919498601988367 -1.2830036249529528 0.98839540691540773 1.2061966467318415 -0.15581852771308952 17.610140101667845 0.99774628428295098 0.24351845646217563 17.900279207216432 1 0.049739536867283315
0.13141432693573871 -1.3342773229639164 0.99099047293963372 1.2019014993236332 -0.21642623705773403 17.652525784947876 0.997528704772499 0.2445487573417795 17.877615127124791 1 0.049722115603907463
1.5345520881695645 -0.1511395917054712 0.97925585085779898 0.04624999255123477 0.020004086694881084 17.604791798991677 1.0067525650615647 0.010044289947287864 18.129100154160255 1 0.064799540912329326
1.4755822181157761 -0.4476130772988402 0.97924132642387895 0.22000739177797951 0.053176639198238063 17.599736160686692 1.0064783801120225 0.045122610605138225 18.12427029674415 1 0.064822244891339476
1.3599034874600275 -0.72688355786570236 0.98011483326202731 0.50839697995744193 0.065343573189038967 17.593886801144524 1.0052471673596601 0.10224790290244348 18.095644124439151 1 0.064815920293926452
1.1919653758975648 -0.9782207034012429 0.98244622819373462 0.82604781603071042 0.039222218301926806 17.593540261982749 1.0028419117066572 0.16516117210172218 18.035198793354411 1 0.064817566038357519
0.97822070340124334 -1.1919653758975648 0.98569608440850076 1.070357690106289 -0.020842622864266427 17.602448964379985 1.0000416523476827 0.21410766102315423 17.961096653033088 1 0.064817566038357574
0.72688355786570258 -1.3599034874600273 0.98859697845469496 1.1912829991123921 -0.089782718521112845 17.620773664145318 0.99814519531784518 0.23915419672911231 17.905975360095432 1 0.064815920293926521
0.44761307729884031 -1.4755822181157761 0.99088824312924817 1.2132864358474695 -0.1465564439188109 17.6497572054936 0.9974751535478269 0.24473032312739459 17.877393097186236 1 0.064822244891339365
0.15113959170547131 -1.5345520881695649 0.99304073343124821 1.1860370137923617 -0.19017745102140957 17.691485458668382 0.99766620973961806 0.24051831104007471 17.865304031216507 1 0.064799540912328979
1.7614931285506679 -0.1734912449656274 0.98047649966914296 0.083788844649966193 0.024482324012348299 17.627490556163234 1.006795645215367 0.01739945019893456 18.120844196383398 1 0.084286505745425802
1.6938023530520152 -0.51380944706270648 0.98063939297981428 0.29807324644726141 0.06248715658816411 17.622245816983831 1.0063289031358302 0.060718687852954638 18.111240005859166 1 0.084316037421580198
1.561016186495348 -0.83438053508120125 0.98213799438305416 0.62849346791568095 0.069416712383744486 17.618057075243154 1.0045545542627015 0.12617606124542227 18.068266827525409 1 0.084307810847616238
1.3682421309128405 -1.1228872975583792 0.98519943697266699 0.94772344609512904 0.032184254397389978 17.621626523480106 1.0016358589335741 0.18949902038397726 17.993356120884535 1 0.084309951511662928
1.1228872975583792 -1.3682421309128403 0.98851765712685391 1.1449584424164934 -0.029556158452910167 17.634397565118054 0.99899708971737078 0.22918292622893702 17.921832912199939 1 0.084309951511662762
0.83438053508120158 -1.561016186495348 0.99089219272693108 1.2095512042400907 -0.086328986441788616 17.654356390657526 0.99773109939664306 0.2428012140084212 17.88195181342811 1 0.084307810847616335
0.5138094470627067 -1.693802353052015 0.99270401577713363 1.2008977760954307 -0.12836880648259003 17.683718642931119 0.99756647220101535 0.24184228771543859 17.865941442806864 1 0.084316037421580267
0.17349124496562757 -1.7614931285506681 0.9945182875753803 1.1668304210755456 -0.16209999128674851 17.723595146986366 0.99799203250758073 0.23584417230270002 17.860513385043742 1 0.084286505745425247
2.0186510173958916 -0.19881898628085956 0.98171516760828781 0.12796885183309478 0.028785371666916967 17.649922484786785 1.0068049172678868 0.026144475442452998 18.111862023794377 1 0.10945236356212069
1.9410781613830483 -0.58881976105927158 0.98212016972718641 0.38395912812217037 0.070130278762475198 17.644763713605087 1.0060955852205931 0.07782541362657884 18.096115715173255 1 0.10949071266351425
1.7889067302993162 -0.95619056852230389 0.98437625057649847 0.74475619075941724 0.070213247870950915 17.64348790356015 1.00371714674906 0.14933443034994062 18.036774096344669 1 0.10948002983882825
1.56798986317004 -1.2868160249379847 0.98791499147742823 1.0428499534506888 0.024998560152021339 17.650653344887282 1.0005279753796106 0.20857485306282983 17.953675832652962 1 0.10948280965200667
1.2868160249379852 -1.5679898631700397 0.99084556641705335 1.1826077486792737 -0.03173440323030717 17.664444809206344 0.99834822075064322 0.23680234463473895 17.893349035245038 1 0.10948280965200635
0.95619056852230411 -1.788906730299316 0.99258693109468898 1.2035040826213323 -0.075322128929306273 17.683492454278372 0.99767138310182668 0.24145305406889686 17.868663386307876 1 0.10948002983882807
0.58881976105927158 -1.9410781613830483 0.99405333354423331 1.1812176596185235 -0.10793124442485209 17.711997383875055 0.99780546876022169 0.23748841162376738 17.8605150615616 1 0.10949071266351469
0.1988189862808597 -2.0186510173958907 0.99562151561940915 1.1477968906464542 -0.13618760115338882 17.748897054018101 0.99830931572147841 0.23136527977853069 17.858270127793002 1 0.1094523635621196
2.3100490813347867 -0.22751907717189154 0.98298147869020192 0.17876665937226704 0.032854500252378786 17.672251182046413 1.0067799715498091 0.036229521432013974 18.102076952748469 1 0.14192925095746844
2.2212783610742082 -0.67381758232853584 0.98372879402225155 0.47519132769074951 0.076091660878148726 17.667253168162393 1.0057306265553128 0.095974393756256743 18.077713343124586 1 0.14197897906802839
2.0471405474793403 -1.0942194194841077 0.98672192642935408 0.8510249745980456 0.06916579739118113 17.668903503325886 1.0027734953880152 0.1705298862191513 18.002669488250966 1 0.14196512641782863
1.7943336969808923 -1.472571608781398 0.99035011909266679 1.1091690098766525 0.020225631671381535 17.678167750129759 0.9996236420600626 0.22191244329809909 17.919793026377391 1 0.1419687310617965
1.4725716087813985 -1.7943336969808916 0.99259849957125035 1.1926761092028642 -0.027505886786647241 17.690597179956434 0.99806058689339683 0.23883035601855973 17.875550835500626 1 0.14196873106179847
1.0942194194841077 -2.0471405474793403 0.99385811095572518 1.186991391025779 -0.060655277946426736 17.70891644147261 0.99782786772425769 0.23796661254768037 17.862319276764318 1 0.14196512641782791
0.67381758232853606 -2.2212783610742077 0.99512531091670486 1.1621899745508684 -0.088476858321292928 17.736718772600689 0.99812178357915093 0.23332981585161999 17.858476160991643 1 0.14197897906802809
0.22751907717189168 -2.3100490813347867 0.99649528707828883 1.1319386731971088 -0.11317684004315232 17.77029267992086 0.99863632264896107 0.22767180697921222 17.857852524401011 1 0.14192925095747067
2.6402463467138135 -0.2600405407679417 0.98415248087491303 0.23500996596372098 0.036746291963585372 17.691548439159604 1.0066800935828064 0.047414986046702585 18.091663343425822 1 0.18381542747568522
2.538786783903261 -0.77013273201385324 0.98538744090202479 0.56849976340884223 0.079803506117528067 17.688822969896695 1.005263558424871 0.11451375490345522 18.057145757426689 1 0.1838798313518239
2.3397577979464268 -1.2506265984300671 0.98909927337241432 0.94208602708556022 0.065647452980479526 17.694924334809663 1.0018365075979729 0.18870090715431881 17.968543442025844 1 0.18386189050593857
2.0508148621248736 -1.6830602612620871 0.99241664060716794 1.1475648773769818 0.017580316923752413 17.704394627239147 0.99902204125882976 0.22965222891297274 17.894082216442413 1 0.18386655895284371
1.6830602612620873 -2.0508148621248736 0.9939021477698311 1.1848350452947503 -0.01935772425264435 17.71353914922318 0.99804411685292715 0.23723074465156149 17.865873753259709 1 0.18386655895284229
1.2506265984300668 -2.3397577979464268 0.99487480115846594 1.1676922450208671 -0.04582928374465102 17.731318601250699 0.9980691434393848 0.23394421474691496 17.85933279636965 1 0.18386189050593901
0.77013273201385335 -2.538786783903261 0.99599458913491401 1.1449836847245201 -0.071253093022525207 17.757486545142438 0.99841832106915995 0.22962138659102244 17.857543782240541 1 0.18387983135182395
0.26004054076794209 -2.640246346713814 0.99718878756774709 1.1177682775995288 -0.092833247842114386 17.787181363345432 0.99889024797923598 0.22444790741963802 17.857423240215411 1 0.18381542747568455
3.0144088671849549 -0.29689218693327513 0.98532837775091231 0.2968098038737576 0.040819293084652153 17.710238014728795 1.0065409158736267 0.059725693693559859 18.080523915811504 1 0.23780800652567285
2.8985709620676903 -0.87927209488667057 0.98713444785754312 0.66076295194760037 0.082984174097995064 17.70926839141579 1.0046443329220396 0.13288248028892083 18.033241101237422 1 0.23789132791827045
2.6713365826538724 -1.4278591513012273 0.99126046734718254 1.0152495010291449 0.063215520174562265 17.717719174855251 1.0009400207390784 0.20334758401918263 17.936797823701358 1 0.23786811726150328
2.341446097648554 -1.9215751522087003 0.99396889310612935 1.1638314603709903 0.019140487512885839 17.72599791599167 0.99867902218291882 0.23295168130585275 17.876758926406392 1 0.23787415698334277
1.9215751522087006 -2.341446097648554 0.9948519065542859 1.1688520049526681 -0.0088559749061820868 17.732808871026844 0.99817599904739951 0.23399060757191553 17.861409273902236 1 0.23787415698334194
1.4278591513012273 -2.6713365826538729 0.9957502730008615 1.1498638670311838 -0.03243342154301522 17.751870722352066 0.99834746357258575 0.23025456851975981 17.858028786005409 1 0.23786811726150439
0.87927209488667091 -2.8985709620676903 0.99673792822317842 1.1297769564380422 -0.056142602755131082 17.775978644713877 0.9987126754848088 0.22637997070915153 17.857478731719965 1 0.23789132791827056
0.2968921869332754 -3.0144088671849549 0.99778116934293537 1.105283971645191 -0.074895149432717023 17.802042378733876 0.99913127526051493 0.22166001172032454 17.857489594794387 1 0.23780800652567294
3.4383905484524133 -0.33865057277848876 0.98631136405308628 0.36257178505426496 0.043818656262625946 17.723153768107252 1.0062710885613289 0.072814053270402773 18.068468948235566 1 0.30737343052045513
3.3062598469926332 -1.0029431950947025 0.98888910425786569 0.7485663392160582 0.082323104742063377 17.729124519832801 1.0039861575858684 0.15031659503455652 18.008629439789402 1 0.30748112572656999
3.0470645696148946 -1.6286899444202676 0.99328693365353726 1.0689717647984498 0.058882094346075407 17.741488635949437 1.0002380268003521 0.21409296859496399 17.909581839303645 1 0.30745112531027269
2.6707744325951124 -2.1918479319182587 0.99515229474748323 1.1626964319255986 0.022622237734832448 17.745783509810334 0.99860481731824491 0.23274571557709187 17.866924849622588 1 0.30745893181791489
2.1918479319182587 -2.6707744325951124 0.99563854956910169 1.1500898260891537 0.0018241137621199295 17.750487742404005 0.99838170484189381 0.23020459932699719 17.859442840324238 1 0.30745893181791722
1.6286899444202674 -3.0470645696148946 0.99651033200221473 1.1339872932602852 -0.02075225509948387 17.770147747875832 0.99861310101113776 0.22699289523002045 17.85732942720896 1 0.3074511253102713
1.002943195094703 -3.3062598469926332 0.99734246341891974 1.1158592729000643 -0.042501887562418683 17.791011348080055 0.99895138428703645 0.22345086871454892 17.857415444952405 1 0.30748112572656955
0.33865057277848915 -3.4383905484524142 0.9982582296717748 1.0940091842063773 -0.058994125403782995 17.813726055880451 0.99930922523328514 0.21919545031319129 17.857255414351577 1 0.30737343052045796
3.9188247347093057 -0.38596902310156006 0.98722618345026036 0.43216583787129442 0.049882733229653475 17.734279739405512 1.0059697372361978 0.086748486263817023 18.056360763169756 1 0.39696641721727632
3.7682318762778721 -1.1430809109845068 0.99058021042478184 0.83038265773696696 0.086612086071704467 17.744982048951066 1.003168631105545 0.16671356683066718 17.981671433554222 1 0.39710550334468958
3.4728201568136883 -1.8562610469712908 0.99477222832724888 1.1056597360589653 0.059511312474745517 17.75729365103977 0.99963430330222425 0.22149253389605317 17.888077320370151 1 0.39706675842860051
3.0439523258908796 -2.4981071141522153 0.99593822811249599 1.1523673475142664 0.02972760665201013 17.760655106030899 0.99865298550952963 0.23070557913766862 17.862145269135823 1 0.39707684037148927
2.4981071141522158 -3.0439523258908792 0.9963552840433777 1.1325910920305133 0.01142564536816487 17.767153917557486 0.99860023253452501 0.22668845537277077 17.858210793493484 1 0.39707684037148855
1.8562610469712912 -3.4728201568136883 0.99721544697391229 1.1195595737081465 -0.011057271091588557 17.787618937127547 0.99888811635455121 0.22404742699011981 17.857194172421885 1 0.39706675842859918
1.143080910984507 -3.7682318762778713 0.99790890311015557 1.1025623865873118 -0.030601175942275981 17.805225269770194 0.99918200042786354 0.22068767286206151 17.857481811319186 1 0.39710550334468914
0.38596902310156067 -3.9188247347093066 0.99871159602728088 1.0833322122262208 -0.045422463369305145 17.82514548771368 0.99949590074727701 0.216911487497424 17.857347654278648 1 0.39696641721727466
4.4632279896667244 -0.43958785188666799 0.98809312060801813 0.50671236686223675 0.050286408837279389 17.741091964217961 1.0054731970362281 0.1015627384576024 18.04111277415365 1 0.51231092283562618
4.2917147666225821 -1.3018777469613565 0.99229677998498045 0.90164753077033999 0.081825409246906483 17.763623812154222 1.0024852972367828 0.18084596859194343 17.956982212946837 1 0.51249042250914989
3.9552644418325604 -2.1141328897896954 0.99615128681897558 1.1247216768422768 0.058254537060752579 17.776654899180691 0.99933884187609567 0.22532035885762658 17.87288335624163 1 0.51244041968055842
3.4668182783977151 -2.8451442327381349 0.99655532736335217 1.134886323552418 0.037788618286182046 17.774901806310659 0.99883516024746544 0.22723544052320194 17.860977733550389 1 0.51245343108212971
2.8451442327381349 -3.4668182783977151 0.99699460720491762 1.1163905414115598 0.020180309691466364 17.782423186206433 0.99881753640366744 0.22344673178739435 17.857514379233248 1 0.51245343108212948
2.1141328897896949 -3.9552644418325595 0.99777325756779778 1.1060210320015387 -0.0020067789306921486 17.801726283686193 0.99912145697705768 0.22130180333397273 17.857370751661882 1 0.51244041968056153
1.3018777469613567 -4.2917147666225812 0.99834299097652301 1.0901297450366199 -0.019575287218468438 17.815948116825563 0.99934902383895108 0.2181321080520095 17.857360113291815 1 0.51249042250914389
0.43958785188666838 -4.4632279896667235 0.99904623466322695 1.0735682904854669 -0.033393823303825489 17.833418489380151 0.99962484187482836 0.21485781246354421 17.857258227611453 1 0.51231092283563739
5.0801176958662673 -0.50034594477976801 0.98818430734651685 0.58075499878473269 0.065216202048645672 17.7324032365057 1.0048880282893056 0.11659643831810913 18.029947602152792 1 0.66076589227953997
4.8848985940236398 -1.4818181360004303 0.99373405060054587 0.96724518137024362 0.096318046399900409 17.773623556737661 1.0015988860650602 0.19425057275166088 17.930720370766949 1 0.66099740649611116
4.5019454370926253 -2.4063399695688625 0.99692223402658731 1.1338081878759623 0.064284840341676627 17.785761148540224 0.99907755015532151 0.22723065685256494 17.862681757181271 1 0.66093291409085941
3.9459881783354644 -3.2383888068205366 0.99712525038424349 1.1167771999119978 0.04698293116476579 17.788715605078561 0.99904006286948455 0.22366038588517112 17.860556732508378 1 0.66094969587313901
3.2383888068205375 -3.9459881783354649 0.99778353865644309 1.1019641217633407 0.026158687464899483 17.800686835999585 0.99905282372745785 0.22055939066450128 17.856070468991742 1 0.66094969587314356
2.4063399695688625 -4.5019454370926235 0.99836588277032423 1.092007719636962 0.0050206106619268744 17.816845213409209 0.9993764291392665 0.21847197907618093 17.857686030334879 1 0.66093291409086452
1.4818181360004306 -4.8848985940236398 0.99885443352060377 1.077423443060699 -0.010775705573784376 17.828382190535592 0.99953443475933601 0.21554564652753216 17.857014583726791 1 0.66099740649611283
0.50034594477976835 -5.0801176958662673 0.99943512368566378 1.0630652574570845 -0.023756712339131521 17.843355822286338 0.99979268419958078 0.21268818270903556 17.857476398281687 1 0.66076589227954219
5.7791453121591276 -0.56919388375287494 0.98953134664014653 0.67412895569627651 0.06247425472409239 17.743044610919959 1.0041223055097219 0.13512529997294728 18.006394691724381 1 0.85170450807805498
5.557063930427411 -1.6857173094842999 0.99535202455444982 1.012212687539803 0.092592112271443511 17.793656970177441 1.0010978675849977 0.20317625918166363 17.910092468636648 1 0.85200292194027927
5.1214161611926015 -2.7374539699958005 0.99757884063576019 1.1250515898389586 0.070472292793643074 17.798951418547666 0.99916040495712932 0.22554602179258806 17.859458925178082 1 0.85191979344812696
4.4889588092061139 -3.6839932876189345 0.99757722623118239 1.0958997453683794 0.057105515427923061 17.800518648978382 0.99924999997875674 0.21955966491283882 17.861071950364856 1 0.85194142458827982
3.6839932876189363 -4.4889588092061139 0.99828138646435693 1.0867134666345986 0.032201160650406901 17.813517337300972 0.99927433623568895 0.2175170262043559 17.856466275113469 1 0.85194142458827848
2.7374539699958009 -5.1214161611926015 0.99871653349772405 1.0778733127837457 0.01213335385210151 17.82626334351157 0.99955363979656042 0.21563645136396514 17.858343925110415 1 0.85191979344812163
1.6857173094843003 -5.557063930427411 0.99914919276409631 1.065051157382241 -0.0024759854165860725 17.83580906975299 0.99965582125774799 0.2130474733306511 17.857075550512423 1 0.85200292194028504
0.5691938837528755 -5.7791453121591276 0.99962368826732684 1.0528849594993359 -0.014744733136691076 17.848185923901166 0.99987467525467577 0.21061083727406252 17.857593246375689 1 0.85170450807805098
6.5712470900110951 -0.64720879130581765 0.98657835660383841 0.75433291831274574 0.10213084920001665 17.665078474078737 1.0027023062914984 0.15203778913033272 18.002439239869229 1 1.0976472323478137
6.3187267682985127 -1.9167652596005587 0.99695817239066442 1.0579714360462233 0.1327800697964448 17.811307748371874 1.0004765099260997 0.21320343363738262 17.887436073759261 1 1.0980318177842625
5.8233682020705739 -3.1126551527484616 0.99865254798298819 1.1141935787632768 0.077923871712233389 17.821464731295805 0.99934859818317423 0.22345582225814342 17.855138170451252 1 1.0979246846665249
5.1042249188841859 -4.18892913454739 0.99841715607461157 1.0761321314679109 0.0629386049674142 17.820580987223963 0.99953464156650229 0.21564439612239189 17.860146207677712 1 1.0979525621297659
4.18892913454739 -5.1042249188841851 0.99929441214563897 1.0726745082050526 0.035077916936901488 17.836873550697618 0.99957020237882455 0.21469572325567504 17.854508155182305 1 1.0979525621297657
3.1126551527484616 -5.8233682020705739 0.99933874543068091 1.0622252140194008 0.015758204029645295 17.841230184396409 0.99976999174663017 0.21249285780015584 17.857759933238725 1 1.0979246846665227
1.9167652596005587 -6.3187267682985144 0.99970022888575849 1.0509269179655505 0.0025639019789314879 17.84855665154091 0.9998188882531498 0.21020504514896729 17.856050021443096 1 1.0980318177842565
0.64720879130581854 -6.5712470900110951 1.0000420841095419 1.0395689685321805 -0.0087129444075033039 17.858369651836099 1.0000266142173513 0.20791832927933407 17.857317529950848 1 1.0976472323478084
7.4688169415931256 -0.73561135641982656 0.99031039137834376 0.9041194686099836 0.11871540966604158 17.725400020013481 1.0023346303487359 0.18216350660454392 17.968679993488809 1 1.4126994257383436
7.1818047457238787 -2.1785771631876996 0.99848789276796202 1.0578629446087049 0.16316956027071194 17.831949147547945 1.0001014117858871 0.21406374174389897 17.869767109375719 1 1.4131943968083589
6.6187849108388894 -3.5378142413064535 0.99832804986374801 1.0699196282848968 0.089656335986582333 17.819520417870294 0.99956436412192695 0.21478069499524205 17.861314951995094 1 1.4130565138078763
5.8014134951360701 -4.7610970122853438 0.99872653342018713 1.0546711224060086 0.063322393158637691 17.827267498125963 0.99959993595261887 0.21135635191175048 17.859099539558191 1 1.4130923927999368
4.7610970122853438 -5.8014134951360701 0.99938089361840277 1.0535568976783412 0.037743370306084642 17.841196450765111 0.99972593689534905 0.21087544916803938 17.856671785353718 1 1.4130923927999373
3.5378142413064548 -6.6187849108388894 0.99935675732330342 1.0443482319761515 0.019973433304906363 17.842729551087611 0.99983599098503706 0.20892497599877102 17.858810050113465 1 1.4130565138078699
2.1785771631876996 -7.1818047457238769 0.99968621099803279 1.0360523688178953 0.0077695676420228982 17.849702780516687 0.99989711137020088 0.20722696105249444 17.857547190831781 1 1.4131943968083756
0.73561135641982722 -7.4688169415931274 0.99991478487467655 1.0264862821742267 -0.00147170435802909 17.856329268807698 1.0000396565021163 0.20529339676039732 17.858459767738381 1 1.4126994257382866
ZONE T="CylinderZone2", I=8, J=20, DATAPACKING=POINT, SOLUTIONTIME=15
-0.053248126149810185 -0.54063943307152518 0.96586246349452676 0.24311509543428539 -0.040949758707198532 17.342149425146527 1.0054851528955169 0.049173266484725774 18.206292688301104 1 0.0095016344836108928
-0.15769896780428186 -0.51986370485743083 0.97130001336455851 0.28006258851561833 -0.097772983067525979 17.442515325477721 1.0056427918825033 0.059161088720859616 18.16830285211568 1 0.0095049635953117929
-0.25608900321023348 -0.47910882671265759 0.97980296478724549 0.28388266314285249 -0.15810286954048847 17.60204103288244 1.0060331844522614 0.064792803542536262 18.11209886457188 1 0.0095040362119997081
-0.34463782010587446 -0.41994239884996309 0.99072017374384824 0.25292204400892332 -0.20384938989747065 17.811119024226787 1.0067652711001378 0.06475029942469912 18.045120926980836 1 0.0095042775294817607
-0.41994239884996309 -0.34463782010587446 1.0025203705002301 0.19515911865903526 -0.21906994426123064 18.038890212200101 1.0076382291489883 0.05845552735644826 17.975431609987996 1 0.0095042775294818249
-0.47910882671265781 -0.25608900321023365 1.0134596788319898 0.12710249544919147 -0.1951553238858332 18.25271813558361 1.0085770907940821 0.046380760734651458 17.914243900258299 1 0.0095040362119997134
-0.51986370485743072 -0.15769896780428197 1.021773976871017 0.068026124690724735 -0.13386888833505223 18.415116617294007 1.0092706927589254 0.029894021762266194 17.868072286820279 1 0.0095049635953116992
-0.54063943307152507 -0.053248126149810511 1.026237747368409 0.034117485692753351 -0.045573142470395754 18.503716559443092 1.0097154669002595 0.01133089601843397 17.844804251944829 1 0.009501634483611231
-0.062565672186717505 -0.63524243924753465 0.97175204701698559 0.62896759212071529 -0.14219275190001146 17.412948369256501 1.0034711124531983 0.12874480934982988 18.125694775364217 1 0.012674730951629024
-0.1852936927032425 -0.61083130039869793 0.97706805946511532 0.68026816259050094 -0.2610176010964313 17.50112456686961 1.0030652063751342 0.14550225162711589 18.078867135809272 1 0.0126791718291636
-0.30090036559027045 -0.56294498907871604 0.98460464376458212 0.65983093164501538 -0.3701834306637834 17.640569459043224 1.0033183317989758 0.15106547682807001 18.027934393861287 1 0.012677934743692717
-0.40494376863562048 -0.49342540974738552 0.99368426391704501 0.57593769049951382 -0.43784269267811554 17.820776497661495 1.0043064170921459 0.14438366774240019 17.979551173747339 1 0.01267825664979858
-0.49342540974738552 -0.40494376863562059 1.0030696124088769 0.45229325397250081 -0.44294731244236607 18.015738380691648 1.0057939506618101 0.12624782528988568 17.938600710325407 1 0.012678256649798533
-0.56294498907871593 -0.3009003655902705 1.0115076457557166 0.32074804879636687 -0.37864510765752696 18.197100075359003 1.0074442911233175 0.098880090325958153 17.907928251618092 1 0.012677934743692729
-0.61083130039869815 -0.1852936927032427 1.0177885173711416 0.21276763373410934 -0.2530274375693094 18.334578258116224 1.008791476663963 0.065830229297773407 17.887529331045108 1 0.012679171829163548
-0.63524243924753454 -0.062565672186717811 1.0211327974073225 0.15227648667433072 -0.085696052341977261 18.409035430921946 1.0095709252123422 0.034780737835106726 17.877875891449619 1 0.012674730951629234
-0.073123849373486705 -0.74244183463027602 0.97712538736008114 0.91867554147679842 -0.24823716404697219 17.467146110261602 1.0010590184178951 0.19022391237764391 18.042284931025215 1 0.016779839423766891
-0.21656265491167406 -0.71391123026163072 0.98258357928293805 0.94058292728437964 -0.37536543785330601 17.558732362120193 1.0007179358300808 0.20247070607597289 17.995994689652086 1 0.016785718618536814
-0.35167836036645622 -0.65794393551948882 0.98958592083008923 0.8823373096288788 -0.47393318401525419 17.695148643078721 1.0013565291379156 0.20017720706878145 17.956401362770229 1 0.016784080864202414
-0.47327945353281875 -0.57669268271809082 0.99751449909758505 0.76565262810071555 -0.51784309079569812 17.862852627479299 1.0028122368022077 0.18460654557274406 17.925195932694898 1 0.01678450702967994
-0.57669268271809082 -0.47327945353281897 1.0054188187683994 0.62097626930826921 -0.49579710522299325 18.038537942128883 1.0047137619028039 0.15855142596543242 17.902575770755089 1 0.016784507029679815
-0.65794393551948871 -0.35167836036645628 1.0123395786963554 0.47993815950759916 -0.40827934946386574 18.197136686168776 1.0066184063076951 0.12560608540043025 17.887364387775474 1 0.016784080864202338
-0.71391123026163084 -0.21656265491167431 1.0174083219052528 0.36962015824535532 -0.26660532970591277 18.315440103945253 1.0081150533713963 0.090780075923747025 17.878206900444532 1 0.016785718618536911
-0.74244183463027591 -0.073123849373487051 1.0200765119004926 0.30899191117165797 -0.089536720620598365 18.378386198897328 1.0089337555024573 0.064055111468266646 17.873990660564704 1 0.01677983942376644
-0.085087827227279006 -0.86391462009425102 0.98325283723897017 1.0782160163359207 -0.30593043572280637 17.542356262284997 0.99910410877563083 0.22425606657090166 17.96208036432537 1 0.022126624834292636
-0.25199501835425242 -0.8307160514192089 0.98834075907319896 1.0552511156360553 -0.40593018501925282 17.63450627378386 0.99918205459348097 0.22621942395588979 17.926434413218001 1 0.022134377395788149
-0.40921734595229753 -0.76559180609844413 0.9942881773464024 0.96884035903572807 -0.47038382727025263 17.759503199141875 1.000245402450773 0.21537205106268736 17.902497721848029 1 0.022132217781812104
-0.55071390138034471 -0.67104683042225921 1.0005860540307887 0.84521567335106917 -0.48473519293544004 17.90236213551708 1.0019450845750186 0.19468073807463449 17.887684006446094 1 0.022132779742114646
-0.6710468304222591 -0.55071390138034459 1.0066395989481931 0.7100260086075465 -0.44621426037156814 18.045995009073266 1.0039101586079431 0.16739235497604343 17.879576102531001 1 0.022132779742114802
-0.76559180609844413 -0.40921734595229764 1.0118111445131932 0.58655616819252843 -0.35820318550614061 18.171781557817081 1.0057408160422412 0.13706369617619468 17.875502761719851 1 0.022132217781812069
-0.83071605141920868 -0.2519950183542527 1.0155563786180426 0.49317174365077687 -0.23050708350317139 18.264608032337634 1.007150435235151 0.10848924067086185 17.874121382695339 1 0.022134377395788055
-0.86391462009425091 -0.08508782722727945 1.0175076022953657 0.4423172000081329 -0.07730584539424086 18.313185457519591 1.0078926017111134 0.089452076176694192 17.873564245321347 1 0.022126624834292778
-0.09864479022482954 -1.0015613190324728 0.98788568785797282 1.1551524543690679 -0.31998799283660628 17.60820282084256 0.99815127301231488 0.23995254706826216 17.911240321699506 1 0.0290674801921239
-0.29214514617771176 -0.96307325382466602 0.99223971801602451 1.1006402666801964 -0.38761820236366074 17.696476621096068 0.99875329695183057 0.23352572164893404 17.890544415635595 1 0.029077664638662144
-0.47441755845992806 -0.88757282412092575 0.9971566784851903 1.0050485947781411 -0.42375096129185053 17.807523580207977 1.0000648252726625 0.21813852818649421 17.878651743313029 1 0.029074827579827916
-0.6384586261728521 -0.77796408693367658 1.0022513303816407 0.8901814702874461 -0.42009266800523015 17.928351402795389 1.0017324468047444 0.19669521930829215 17.871995976153467 1 0.029075565820299517
-0.77796408693367647 -0.63845862617285221 1.0071305230113701 0.77396336613881767 -0.37715011222877354 18.047144533745495 1.0034847219214742 0.17189384845256739 17.868513922234914 1 0.02907556582029951
-0.88757282412092553 -0.47441755845992811 1.0112617148477168 0.67208420540274938 -0.29802194268422333 18.148999419469078 1.0050256540862326 0.14667125182914226 17.866673241516249 1 0.02907482757982794
-0.96307325382466602 -0.29214514617771214 1.0142565000193668 0.59648818568662632 -0.19016404147361515 18.223817073538942 1.0061890212398874 0.12482781536980975 17.866209734059751 1 0.02907766463866205
-1.0015613190324726 -0.098644790224830081 1.015800144756474 0.5553368988237648 -0.063882726836774775 18.262354887052421 1.0067845312626285 0.11142249850241807 17.865912370482725 1 0.029067480192124261
-0.11400684187378825 -1.157535463004074 0.99142755337720356 1.166018263725108 -0.29767661902848075 17.666199255149749 0.99786126971544697 0.24094098268071459 17.880421248448467 1 0.038067205832387228
-0.33764120141130016 -1.1130536129826627 0.99507994798268262 1.0978373127893315 -0.33909652598936474 17.746898497376293 0.99874016838400415 0.22994769731661491 17.869866196883404 1 0.038080543535555379
-0.54829907840257786 -1.0257954259966178 0.99911376609565039 1.0078814536178033 -0.35734936346882756 17.842717460498342 1.0000784801890938 0.21386293311426161 17.864878977073001 1 0.038076828080968787
-0.7378864253362567 -0.89911721075573847 1.0031721141653864 0.91025205218008554 -0.34613147664479621 17.942071006289197 1.0015788528245571 0.19461457570710916 17.862693207978481 1 0.038077794891707373
-0.89911721075573836 -0.73788642533625692 1.0070177572807795 0.81575361364212229 -0.30646058071423365 18.037782290521434 1.003076460071852 0.17401643971059397 17.862044235712851 1 0.038077794891707359
-1.0257954259966175 -0.54829907840257808 1.0102220605806052 0.73478506539052557 -0.24017988799570333 18.118163560580019 1.0043506253843799 0.15427337016077738 17.862020708426282 1 0.038076828080968746
-1.1130536129826623 -0.33764120141130033 1.0125413628010114 0.67517393386218005 -0.15269864274827549 18.177170756086824 1.005313559191523 0.1380788238131043 17.862753462929295 1 0.038080543535555539
-1.157535463004074 -0.11400684187378886 1.013716085259146 0.64247421892284162 -0.051580193653718784 18.206975152386796 1.005795036976757 0.12853638481373286 17.863021734211994 1 0.038067205832386306
-0.13141432693573835 -1.3342773229639162 0.99376079448207855 1.1566139307280394 -0.26182881411730946 17.711284328564492 0.99805901667647445 0.23740640632503029 17.867156947264341 1 0.049722115603906783
-0.38919498601988362 -1.2830036249529531 0.99675939847154271 1.0899912218026759 -0.28892388332079966 17.782054987736803 0.99903254465306168 0.22563592261629634 17.863044240663179 1 0.049739536867283503
-0.63201780843581745 -1.1824221534909289 1.0000864561461664 1.0114975508317405 -0.2993249105017402 17.863266152614031 1.0002564251745045 0.21094429968559614 17.861104232099606 1 0.049734683864326154
-0.85055288215010749 -1.0364016855989213 1.0034084540057218 0.93014140497901554 -0.28658707144169593 17.945456847972725 1.0015319069852089 0.19450925256366924 17.860172980479692 1 0.04973594668029236
-1.0364016855989211 -0.85055288215010771 1.0065648913435037 0.8529242610613389 -0.25186893823439238 18.024133706212325 1.0027684207572285 0.17762141854691543 17.85977201990433 1 0.049735946680292534
-1.1824221534909292 -0.63201780843581779 1.0091681578271254 0.78760828846251474 -0.19643988376553242 18.089267875149567 1.003796039423156 0.16203994980283884 17.859612662684047 1 0.049734683864326272
-1.2830036249529528 -0.38919498601988389 1.0110609594675095 0.73969601252812178 -0.12462558350994471 18.137260750152091 1.0045750371679483 0.14968221810804347 17.860080791299985 1 0.04973953686728326
-1.3342773229639164 -0.13141432693573901 1.0119998757973514 0.71314529325045095 -0.04232373739846497 18.160996520814269 1.0049564514921603 0.14252724255536292 17.860229383237787 1 0.049722115603907137
-0.15113959170547103 -1.5345520881695649 0.99539515239515419 1.1373347379784879 -0.22316564008437453 17.745414606973746 0.99834042244442955 0.23199709302534058 17.860450983287251 1 0.06479954091232995
-0.44761307729884026 -1.4755822181157761 0.99793638189933687 1.0774540884148716 -0.24175563783046253 17.807332369163944 0.9992727289111859 0.22092899723190892 17.858906613791234 1 0.064822244891339337
-0.72688355786570213 -1.3599034874600275 1.0007379220334147 1.0108435932521371 -0.24771162415187525 17.876729046210741 1.0003586388498991 0.20811318954270638 17.858277101182392 1 0.064815920293926022
-0.97822070340124267 -1.1919653758975652 1.0034700856500511 0.94381020229250101 -0.23504269829273872 17.944890112005421 1.0014387669168121 0.19438761444235969 17.858073281759953 1 0.064817566038357963
-1.1919653758975648 -0.97822070340124312 1.0060455700058673 0.88112712150338723 -0.2053480979928177 18.009493396371138 1.0024711197983547 0.18072466225837641 17.858162977547298 1 0.064817566038357657
-1.3599034874600273 -0.72688355786570236 1.0081293919020273 0.82872906994517614 -0.15953598508767763 18.061937437626796 1.0033121775478091 0.16851021473864969 17.85835887833699 1 0.06481592029392623
-1.4755822181157761 -0.44761307729884053 1.0096474045475907 0.79041337752118557 -0.10106658468437968 18.100740326079126 1.0039558885850917 0.15905543650022916 17.859064737172115 1 0.064822244891339378
-1.5345520881695649 -0.15113959170547175 1.0103783624023022 0.76890196332255689 -0.034542693958661233 18.119396258139091 1.0042635780242941 0.15360838402908222 17.859367370809831 1 0.064799540912329548
-0.17349124496562723 -1.7614931285506685 0.99652659846566738 1.1218801982441502 -0.1884198662538395 17.771937631849994 0.99869738335650171 0.22766687604610583 17.858719969444682 1 0.08428650574542472
-0.51380944706270659 -1.693802353052015 0.9986710752715463 1.0700344635578871 -0.20245295614553369 17.825130768615569 0.99953562960369535 0.2178542570084685 17.85834729452759 1 0.084316037421580475
-0.83438053508120114 -1.561016186495348 1.0010388825024956 1.013557219281791 -0.20644148374476887 17.884005341807914 1.0004649325710262 0.2068254446687964 17.858026598370405 1 0.084307810847616349
-1.1228872975583788 -1.368242130912841 1.0033110008487764 0.95771672248591766 -0.19481799283196966 17.940699280411451 1.0013636427711317 0.19533301058591893 17.857866126944192 1 0.084309951511662803
-1.3682421309128407 -1.1228872975583792 1.0054541221590167 0.90598046459501869 -0.16956574095032317 17.994319552382464 1.0022156870824566 0.18413853039244649 17.857812801938529 1 0.084309951511662776
-1.561016186495348 -0.83438053508120125 1.0071637302155583 0.86318581635455149 -0.13137944860871437 18.037183366163507 1.0028977783210167 0.17437288471656009 17.857827010861168 1 0.084307810847616252
-1.693802353052015 -0.51380944706270704 1.0084199251640893 0.83200213989482497 -0.083146576448945561 18.069171009094728 1.0034248136026238 0.16694366216119966 17.858305273742655 1 0.084316037421580309
-1.7614931285506685 -0.17349124496562809 1.0090050604964647 0.81426137455660441 -0.028595605830222089 18.084080320332507 1.0036703843398915 0.16265443849720637 17.85853154122842 1 0.084286505745425039
-0.19881898628085926 -2.0186510173958916 0.99737074936690051 1.1075926233533704 -0.15787404556777287 17.791756193285355 0.99896487480154184 0.22387341299392638 17.857454020899233 1 0.10945236356212067
-0.58881976105927136 -1.9410781613830483 0.99921805892533133 1.0626832681281573 -0.16839419533514838 17.837904855343997 0.9997043807624254 0.21522032038426603 17.85745066147933 1 0.10949071266351444
-0.95619056852230366 -1.7889067302993162 1.001246052605175 1.0146656658396229 -0.1709430378161437 17.88848465159051 1.0005084532667028 0.20574060115177284 17.857325256888554 1 0.10948002983882762
-1.2868160249379843 -1.5679898631700402 1.0031446959504768 0.96812496804748371 -0.16043033538780802 17.935997810540172 1.0012671954349375 0.19614128332359218 17.857330172088034 1 0.10948280965200681
-1.5679898631700402 -1.2868160249379847 1.0049300330702857 0.92547260787210484 -0.13913230607850402 17.980746654472416 1.0019820071562155 0.18698928567542092 17.857372832311967 1 0.10948280965200667
-1.788906730299316 -0.95619056852230389 1.0063263391724668 0.89062235371607812 -0.10753351050919904 18.015811318233261 1.002543005667027 0.17919043326131132 17.85745025263882 1 0.109480029838828
-1.9410781613830483 -0.58881976105927203 1.007361292267545 0.86536609972791545 -0.068005006165350129 18.042221422655334 1.002981161135972 0.17334861850465552 17.857910646255181 1 0.10949071266351421
-2.0186510173958911 -0.19881898628086028 1.0078231705198353 0.85079058764752724 -0.023560655271333164 18.054049075188292 1.0031787090403905 0.16995344869213444 17.858153196541853 1 0.1094523635621211
-0.22751907717189115 -2.3100490813347867 0.99801621151456033 1.0964766916355038 -0.13150559821543778 17.80790114875553 0.99922471375892263 0.22095258261262932 17.857477103930954 1 0.14192925095747105
-0.67381758232853595 -2.2212783610742082 0.99959941562649368 1.0576999706278374 -0.1398196988733548 17.847565752533512 0.99986421106520373 0.21339478545745605 17.857579804496037 1 0.14197897906802823
-1.0942194194841073 -2.0471405474793403 1.0013335463643032 1.0167287082307019 -0.14185811426789785 17.890777603988862 1.0005492659296806 0.20525910040173365 17.857429520189449 1 0.14196512641782807
-1.4725716087813978 -1.7943336969808925 1.0029238957787123 0.9776323165523455 -0.13274779574138804 17.930543290604977 1.0011830682666953 0.19720412776878957 17.857402113398411 1 0.14196873106179828
-1.7943336969808921 -1.4725716087813978 1.0044255759250289 0.94205885217380103 -0.11492578123100966 17.968089702539061 1.0017795707294015 0.18963995715095999 17.857351170516317 1 0.14196873106179805
-2.0471405474793403 -1.0942194194841075 1.0055811215975303 0.9133173261399915 -0.088710434220015164 17.997004052311926 1.00223861031149 0.18331801203037812 17.857319062909916 1 0.14196512641782685
-2.2212783610742077 -0.67381758232853639 1.0064507636972917 0.89263720977720684 -0.056091585290371802 18.019088813688455 1.0026014276090847 0.17864734507089305 17.857607723585499 1 0.14197897906802837
-2.3100490813347867 -0.22751907717189232 1.0068208505079785 0.88055435476044808 -0.019588816895356548 18.028537682738389 1.0027584437271198 0.17591198818557371 17.857778042729755 1 0.14192925095746875
-0.26004054076794125 -2.640246346713814 0.99852187779812107 1.0864444487708413 -0.10851273342823277 17.820187233754289 0.99940773079221845 0.218434707546453 17.857129333366228 1 0.18381542747568394
-0.77013273201385346 -2.538786783903261 0.99988906689153456 1.0529006231752716 -0.11514374216789133 17.854546125498771 0.99996551125478628 0.21183923104667862 17.857319419098854 1 0.18387983135182406
-1.2506265984300668 -2.3397577979464268 1.0013845403620028 1.0178377330313531 -0.11688677417358473 17.891862198274396 1.0005589677700517 0.20484821419383481 17.857238920859608 1 0.18386189050593846
-1.6830602612620869 -2.0508148621248745 1.0027260699656864 0.9849321399807921 -0.10908380519428845 17.925450574354826 1.0010961728943204 0.19808234076517778 17.857261236122667 1 0.18386655895284354
-2.0508148621248736 -1.6830602612620871 1.0039964245973028 0.95523761447014333 -0.094293454608631214 17.957237655933287 1.0016024788871813 0.19182242212256387 17.857246666403519 1 0.18386655895284348
-2.3397577979464268 -1.2506265984300668 1.0049546100502253 0.9315522367730904 -0.072704840319099823 17.981205191322957 1.0019830543397428 0.18669200657938045 17.85721680719081 1 0.18386189050593857
-2.538786783903261 -0.7701327320138539 1.0056878971285848 0.91470197854343815 -0.045970463130770231 17.999784070660272 1.0022870015346745 0.18296218718390064 17.857422833177182 1 0.18387983135182354
-2.640246346713814 -0.26004054076794281 1.0059826795050599 0.90476239747742193 -0.016209388604282733 18.007296148121007 1.002411476633188 0.18076369473777815 17.857547022613005 1 0.18381542747568469
-0.29689218693327468 -3.0144088671849549 0.99894957524150063 1.0777975150970638 -0.088718141280982349 17.831038074534376 0.99958812323259372 0.21633310304647932 17.857293396712645 1 0.23780800652567211
-0.87927209488667046 -2.8985709620676903 1.0001237019771581 1.0488564231519011 -0.094216489515649288 17.860514813676076 1.0000651184773981 0.21060905317208903 17.857422139370055 1 0.2378913279182705
-1.4278591513012271 -2.6713365826538729 1.0014102026173661 1.0188252530442574 -0.09601289003326309 17.892612346063693 1.0005752764479308 0.20460901970528464 17.857346937050046 1 0.23786811726150187
-1.9215751522086999 -2.3414460976485549 1.002540646960725 0.99102037790970898 -0.089543690670820505 17.920875868877996 1.0010257944552892 0.19890950929180598 17.857326782271322 1 0.23787415698334194
-2.3414460976485545 -1.9215751522087006 1.0036207922765947 0.9660606531068775 -0.077413871526144304 17.947873060203126 1.0014548303949378 0.19369064037613776 17.857287018705652 1 0.23787415698334327
-2.6713365826538729 -1.4278591513012273 1.004420179955849 0.94637044018608629 -0.059692749153313449 17.967822845592096 1.0017700742880558 0.18948260394018987 17.857220263517515 1 0.23786811726150528
-2.8985709620676903 -0.87927209488667157 1.0050469331224237 0.93256198775100185 -0.037765790609541661 17.983604272542198 1.0020246866186837 0.18647659135102981 17.857302585375354 1 0.23789132791826884
-3.0144088671849554 -0.29689218693327624 1.0052832430310088 0.9243976719932312 -0.013467702012963207 17.989569166723836 1.0021214212577998 0.1847033415747783 17.857347162077808 1 0.23780800652567791
-0.33865057277848803 -3.4383905484524142 0.99928083118665456 1.0699507534332797 -0.071444157645843345 17.839208315025708 0.99971462816950463 0.21449728423827089 17.857184991384553 1 0.3073734305204589
-1.0029431950947028 -3.3062598469926332 1.0002913880647435 1.0449694034250341 -0.076086680546611191 17.864602784237064 1.0001263299852208 0.20953391846076327 17.857317586824241 1 0.30748112572657138
-1.6286899444202667 -3.047064569614895 1.001411002601551 1.0191849514677884 -0.07803810777361421 17.892584711178941 1.0005729317583525 0.20437510984828194 17.857299385013118 1 0.30745112531027202
-2.1918479319182573 -2.6707744325951133 1.0023722603265734 0.99563701250294534 -0.072777551319547357 17.91663610862312 1.0009570902298024 0.19956319474441869 17.857300950398326 1 0.30745893181791573
-2.6707744325951133 -2.1918479319182587 1.0033003380804721 0.97463052414228113 -0.062954571235108545 17.93983098703216 1.0013258204768121 0.19520296641904228 17.857267533320858 1 0.30745893181791745
-3.0470645696148946 -1.6286899444202674 1.003970427752479 0.95824642714781783 -0.048554673707451 17.956571228500401 1.0015912420701683 0.19174266194654183 17.857231283779331 1 0.30745112531026958
-3.3062598469926332 -1.0029431950947039 1.0045098187131654 0.94698067614164083 -0.030741260197796594 17.970086022925202 1.0018068489469549 0.18932493875103865 17.857238350863216 1 0.30748112572657088
-3.4383905484524142 -0.33865057277849003 1.0046990237038387 0.9403755923921997 -0.011118080389717819 17.974799973731344 1.0018809352032345 0.18791162108193682 17.857213614655517 1 0.30737343052045568
-0.38596902310155962 -3.9188247347093066 0.99960912040507077 1.0623222649563322 -0.056687209891111583 17.847490181330038 0.99985027016782568 0.21278266039443339 17.857261472114015 1 0.39696641721727638
-1.1430809109845068 -3.7682318762778713 1.0004670686098134 1.0408939590371407 -0.060646887549917407 17.869063187647811 1.0002003752529482 0.2085109575839508 17.857385223241881 1 0.39710550334468697
-1.8562610469712906 -3.4728201568136887 1.0014382391874397 1.0188779147834541 -0.062804991617992995 17.893304276166447 1.0005859564743596 0.20410256527811907 17.857337564630932 1 0.39706675842860167
-2.4981071141522144 -3.0439523258908805 1.0022483694309599 0.99899521451275397 -0.058670556561519399 17.913601361693896 1.0009112569225316 0.20005218711386522 17.857366158245426 1 0.39707684037148783
-3.0439523258908801 -2.4981071141522153 1.0030497490074028 0.98130461995861773 -0.050872314482278323 17.933579886504891 1.0012269815906432 0.1964040215740781 17.857289060189693 1 0.39707684037148883
-3.4728201568136892 -1.8562610469712908 1.003613072376683 0.96760183884774864 -0.039289960830874694 17.947673765043987 1.00145141334315 0.19353943889225389 17.857281031831082 1 0.39706675842859929
-3.7682318762778713 -1.1430809109845077 1.0040827898502702 0.95836798444549154 -0.024911296515129126 17.959378349468551 1.0016357183637701 0.19158171608001218 17.857224856211449 1 0.39710550334468825
-3.9188247347093066 -0.38596902310156161 1.0042342330850371 0.95310080362213334 -0.0091684691221384229 17.963069770066085 1.001690514942281 0.19046805357833588 17.857124484083492 1 0.39696641721727144
-0.43958785188666738 -4.4632279896667235 0.99982705179210574 1.0552745637968877 -0.043584131600065357 17.852825094230628 0.99993114052012078 0.21124211688579819 17.857148651270265 1 0.51231092283562596
-1.3018777469613565 -4.2917147666225812 1.0005634378215102 1.0369010526361537 -0.047160834175366192 17.871439934366993 1.0002370638756222 0.20756999656741804 17.8573522365174 1 0.512490422509151
-2.1141328897896954 -3.95526444183256 1.0014261686617423 1.0180641895454356 -0.049551258834004921 17.892928941680641 1.0005770280750799 0.20379508194833862 17.857264315673294 1 0.51244041968055964
-2.845144232738134 -3.4668182783977159 1.0021202633451873 1.0012749649841035 -0.046435949335505183 17.910415180431912 1.0008611598144408 0.20038396964358476 17.857385408455663 1 0.51245343108212693
-3.4668182783977146 -2.8451442327381349 1.002822456104236 0.98643241503339929 -0.040389111546079576 17.927872673212331 1.0011352084596059 0.19733980624088279 17.85727095531557 1 0.51245343108213126
-3.95526444183256 -2.1141328897896954 1.0033003215534135 0.97499994405387747 -0.031238021396630532 17.939869498746987 1.0013279865331282 0.19497063029384995 17.857306279616527 1 0.5124404196805632
-4.2917147666225812 -1.3018777469613578 1.003711098012033 0.96745821464344772 -0.019833895153154053 17.950078030607465 1.0014877494566192 0.19338849674423264 17.857231310196831 1 0.51249042250914545
-4.4632279896667253 -0.43958785188666955 1.0038323865903049 0.96337777796168889 -0.0074657084499460498 17.952954931488375 1.0015272355544995 0.19253437438482671 17.857072266032201 1 0.51231092283563595
-0.50034594477976713 -5.080117695866269 1.0001204829829076 1.0471986190380134 -0.032640432109163085 17.860082219696856 1.0000441149490218 0.20953681508956851 17.857070084820425 1 0.66076589227954885
-1.4818181360004303 -4.8848985940236398 1.0007280875389823 1.0317839312044053 -0.035731901859955506 17.87564463089387 1.0003077866385439 0.20644872423301494 17.857439489839422 1 0.66099740649611016
-2.4063399695688616 -4.5019454370926262 1.0014828409906746 1.0160536296970715 -0.038190863825915349 17.894293522657168 1.000596710393479 0.20329358022887617 17.857211364799337 1 0.66093291409086352
-3.2383888068205366 -3.9459881783354653 1.0020664928115113 1.002158466400257 -0.036001095931880486 17.909117194983683 1.0008423283831331 0.20047656443794076 17.857432692683947 1 0.66094969587314589
-3.9459881783354658 -3.2383888068205366 1.0026837300915714 0.98989072992956173 -0.031511906036623662 17.924419103515536 1.0010808379681215 0.19797147595430006 17.857289307955405 1 0.66094969587313557
-4.5019454370926253 -2.4063399695688616 1.0030929360617906 0.98041089692781791 -0.024450527418339769 17.934713652412317 1.0012471699958372 0.19602094948881785 17.857341588092453 1 0.66093291409086141
-4.8848985940236398 -1.4818181360004314 1.0034589216481566 0.97419194775317619 -0.015557423856548144 17.943810629727007 1.0013896658104557 0.19472797596538957 17.857277158352218 1 0.66099740649610961
-5.0801176958662673 -0.50034594477977001 1.0035549167966162 0.97113102767798587 -0.006026377110560254 17.946012612073627 1.0014167519830113 0.19409250327352781 17.857076878453874 1 0.6607658922795413
-0.56919388375287439 -5.7791453121591294 1.0002245858882357 1.0395007281226678 -0.02258552098993348 17.862609733702971 1.000081539830292 0.20794073436006022 17.856994880843132 1 0.85170450807805653
-1.6857173094842997 -5.557063930427411 1.0007604461805242 1.0265394718411824 -0.025531285550592211 17.876470146018619 1.0003216363524199 0.20533836436991404 17.857455767370563 1 0.85200292194027627
-2.7374539699957996 -5.1214161611926032 1.0014562965434042 1.0134196776201816 -0.028048540994648267 17.893547880828997 1.0005815368349642 0.20270261989412133 17.857129892772146 1 0.85191979344812274
-3.6839932876189336 -4.488958809206113 1.0019727070599909 1.0020353025984439 -0.026693111994720436 17.906736414068984 1.0008029470897271 0.20039771706265566 17.857398580840712 1 0.85194142458828215
-4.488958809206113 -3.6839932876189354 1.002521024887405 0.99217920957462968 -0.023555059787077077 17.920338910712534 1.0010153932213586 0.19839105845397959 17.857281038752635 1 0.85194142458828415
-5.1214161611926023 -2.7374539699958 1.0028756944182209 0.9845676808141991 -0.018337857653952586 17.929264588420853 1.001159786282324 0.1968335785211478 17.857330149161097 1 0.85191979344811974
-5.5570639304274101 -1.6857173094843014 1.0031989062235938 0.979519023231188 -0.011677765878184003 17.937322849061307 1.0012870550947259 0.19579176932741535 17.857298364279792 1 0.85200292194027583
-5.7791453121591285 -0.56919388375287694 1.0032751007276923 0.97734347952795098 -0.0046899431595349827 17.939025994977481 1.0013060763986215 0.19534342124540724 17.857095099563587 1 0.85170450807805842
-0.64720879130581721 -6.5712470900110969 1.0005418327323903 1.0280426826534572 -0.014859888087541139 17.870274098533809 1.0001934109325323 0.20561013192844538 17.856727127861735 1 1.0976472323478057
-1.916765259600558 -6.3187267682985127 1.0009438405088509 1.0182552836674919 -0.016942855979574373 17.881071219220487 1.0003957731635174 0.20363895264005988 17.857470320381211 1 1.0980318177842594
-3.1126551527484607 -5.8233682020705748 1.0015518747094458 1.0085759549760513 -0.019266368277903376 17.895923008453277 1.0006188523245532 0.20168959281557328 17.857114165232737 1 1.0979246846665216
-4.1889291345473882 -5.1042249188841859 1.0019992252145657 1.0000400616066871 -0.018697140291614203 17.907357358036293 1.0008111640770017 0.19996188155883621 17.857356153910978 1 1.0979525621297588
-5.1042249188841851 -4.18892913454739 1.0024920108585036 0.99262155836434152 -0.016851129240806492 17.919635294190474 1.0010050599363729 0.19845321299786803 17.857303427119525 1 1.0979525621297797
-5.8233682020705748 -3.1126551527484616 1.002808290804176 0.98684958157928859 -0.0132582298722249 17.92758478869985 1.0011332737408056 0.19727597552427614 17.857337343160143 1 1.0979246846665212
-6.3187267682985127 -1.9167652596005602 1.0031080279962639 0.98273716543287992 -0.0084615132854647737 17.935093255253506 1.0012532979523798 0.19643166318018629 17.857343412934224 1 1.0980318177842621
-6.5712470900110969 -0.64720879130581987 1.0031662177432272 0.98126150881786223 -0.0035103756516918763 17.936382550144771 1.0012671917992157 0.19612933006477756 17.857176862758841 1 1.097647232347811
-0.73561135641982534 -7.4688169415931274 1.000425086260299 1.0163871010412695 -0.0070898216845823852 17.867895693394264 1.0001769962746394 0.20326437783237031 17.857267559252819 1 1.4126994257383538
-2.1785771631876996 -7.1818047457238778 1.0008765722277384 1.0089622736105088 -0.0092942844857650496 17.87944413612302 1.000371972277444 0.20176349435028113 17.857525519522497 1 1.4131943968083585
-3.5378142413064531 -6.6187849108388894 1.0014730723442207 1.0025514175549304 -0.011346517578409451 17.89411828908219 1.0005966718455812 0.20046332808223793 17.857280350324739 1 1.413056513807875
-4.761097012285342 -5.8014134951360727 1.0019057890479248 0.99702105054911927 -0.011426170175289144 17.905008532570154 1.0007732141343246 0.19934025286060256 17.857345113283014 1 1.4130923927999499
-5.8014134951360719 -4.7610970122853411 1.0023463168770632 0.99218915281327269 -0.010649741083842534 17.916045067642347 1.000949976904761 0.19835506711172779 17.857358922532253 1 1.4130923927999124
-6.6187849108388912 -3.5378142413064544 1.0026238569829609 0.98848013979973781 -0.0085123110048050364 17.923009949743118 1.0010619128355303 0.19759846977111467 17.857378254923407 1 1.4130565138078846
-7.1818047457238778 -2.1785771631877013 1.0028823155284925 0.98555596492258879 -0.0054898188707108424 17.929507546773802 1.0011667431089608 0.19699936051636993 17.857407076960328 1 1.4131943968083778
-7.4688169415931256 -0.73561135641982944 1.0029308064765128 0.98459876472125851 -0.0022262543438377048 17.930634524697481 1.001181263790812 0.19680405176984134 17.857320709617554 1 1.4126994257382621
ZONE T="CylinderZone3", I=8, J=20, DATAPACKING=POINT, SOLUTIONTIME=15
-0.54063943307152507 0.053248126149810282 1.0259628165268546 0.033616789730897503 0.050589770521583581 18.496900544056547 1.0096140061684267 0.012090130103263489 17.844923553986622 1 0.009501634483610643
-0.51986370485743083 0.15769896780428189 1.021433480310336 0.068055881379310401 0.13610538220310733 18.40849141068032 1.009243908469178 0.030294675501061512 17.86998033851944 1 0.0095049635953120357
-0.47910882671265781 0.25608900321023348 1.0130337537290153 0.12690283734509605 0.19585981803242936 18.243607747219997 1.0084975243963459 0.04647858734182185 17.915842815008169 1 0.0095040362119996179
-0.41994239884996332 0.34463782010587446 1.002181557607942 0.19421088912306306 0.21842303637575708 18.032553555816811 1.0076248064969853 0.058234031502654091 17.977622702333306 1 0.00950427752948153
-0.34463782010587457 0.41994239884996293 0.99049047223913644 0.25121292929317163 0.20266448513264826 17.806210242763239 1.006721215891907 0.064338256844236344 18.046005012568671 1 0.0095042775294818978
-0.25608900321023381 0.47910882671265737 0.97973360014646182 0.28181228842998746 0.15697527709943279 17.601198819023221 1.0060562714979504 0.064321997848519843 18.113027443582922 1 0.0095040362119999285
-0.15769896780428228 0.51986370485743061 0.97128783512169525 0.27764006680818887 0.097043767467296121 17.442085970194491 1.0056306462205731 0.058657366859730602 18.168174542232162 1 0.0095049635953119282
-0.053248126149810317 0.54063943307152496 0.96600813240240968 0.24162103623132639 0.040135811029369112 17.346236135463904 1.0055704398104539 0.048850498455943796 18.206738668358302 1 0.0095016344836106343
-0.63524243924753465 0.062565672186717672 1.0209448059390862 0.15023603246962636 0.094391413788986814 18.404921902417222 1.0095311905711881 0.035317638418925365 17.878488906009007 1 0.012674730951629111
-0.61083130039869815 0.18529369270324247 1.0175493305793726 0.21154390347151431 0.25832751491462808 18.32938941884888 1.0087430412708904 0.066488395201831266 17.888352161292747 1 0.012679171829163489
-0.56294498907871604 0.30090036559027039 1.0111793057852831 0.31948365163996412 0.38109670638992521 18.190073901055325 1.0073823025803645 0.099094339956389499 17.909151951253378 1 0.012677934743692767
-0.49342540974738552 0.40494376863562037 1.0027830373834112 0.4501257070767119 0.44297941084963155 18.010306759139151 1.0057780595078911 0.12594484596576858 17.940367674323642 1 0.012678256649798625
-0.40494376863562059 0.49342540974738552 0.9934573242448238 0.57264726570874136 0.43636375907144603 17.816616862679094 1.0043013614248903 0.14368273517019617 17.98110340211441 1 0.012678256649798532
-0.30090036559027067 0.56294498907871604 0.98449663544283506 0.65568950686955985 0.36816927759410834 17.639285201678067 1.0033553540858082 0.15014477202275181 18.029390756910278 1 0.012677934743692587
-0.18529369270324283 0.61083130039869793 0.97699656253357359 0.67546736724328427 0.25950975202250626 17.500467033147647 1.0031009221568874 0.1444967607771373 18.080040077739298 1 0.012679171829163529
-0.062565672186717644 0.63524243924753465 0.97179467846066137 0.62493904072752093 0.13997294862852433 17.414687818913624 1.00352732778314 0.12785923713836669 18.126392109822479 1 0.012674730951629364
-0.74244183463027602 0.073123849373486843 1.0199237607533362 0.30508972176893279 0.098402885965042097 18.375659566614583 1.0089351520586904 0.063828769678640943 17.875086130106428 1 0.016779839423766721
-0.71391123026163084 0.21656265491167412 1.017197562621458 0.36627500733343504 0.27280724021791136 18.310935155972739 1.0080759189091977 0.09097476160935164 17.878994446156987 1 0.016785718618536838
-0.65794393551948882 0.35167836036645611 1.0120516828966402 0.47687619004411907 0.41190364326793483 18.191401898690017 1.0065874327043614 0.12561479552603083 17.888849107524265 1 0.016784080864202446
-0.57669268271809093 0.47327945353281875 1.0051473312278039 0.61760626240556393 0.49711728091453772 18.033524375443861 1.0047058103661535 0.15819216682425807 17.904368088298202 1 0.016784507029679884
-0.47327945353281897 0.57669268271809071 0.99728879154768824 0.7615873038947828 0.5173620142480394 17.859106926853638 1.0028288649427222 0.18387903309016954 17.927115816649945 1 0.016784507029679731
-0.35167836036645644 0.6579439355194886 0.98944201939757626 0.87756926459752171 0.47220195370451168 17.693379283049318 1.0014020219273612 0.19916948522258118 17.958261754529637 1 0.016784080864202373
-0.21656265491167453 0.71391123026163061 0.9824808261204071 0.93493751964236449 0.37386932151827879 17.558004650438704 1.0007811178046673 0.20130524956159343 17.997883767730322 1 0.016785718618537022
-0.073123849373486857 0.74244183463027602 0.9770909427673431 0.91327923043194381 0.24489573993949607 17.467807225039301 1.0011321984000017 0.18900177509921887 18.043858296243886 1 0.016779839423766409
-0.86391462009425091 0.085087827227279228 1.0173811251488565 0.43698290496087366 0.083910271667183178 18.311809720261294 1.0079421741797019 0.088641947798098461 17.875332144995948 1 0.022126624834292997
-0.8307160514192089 0.25199501835425253 1.0153797014325765 0.4879581213966131 0.23549397801989877 18.261113026369372 1.0071329247119916 0.1079780397192219 17.875054579725127 1 0.022134377395787923
-0.76559180609844424 0.40921734595229742 1.0115819198463933 0.58180510087722559 0.36146947824014719 18.167888333535572 1.0057531927402272 0.1365977519314267 17.877342885389687 1 0.022132217781812132
-0.67104683042225921 0.55071390138034471 1.0064030782268139 0.70559047571948408 0.44795181436890769 18.041958679762182 1.0039214971202932 0.16682808005732422 17.881458735048781 1 0.022132779742114753
-0.55071390138034471 0.67104683042225899 1.0003850679032011 0.84071113263597863 0.48511236370741279 17.899509462580848 1.0019866959301651 0.19393413313453392 17.889864382300328 1 0.022132779742114823
-0.40921734595229781 0.76559180609844413 0.99412343489703126 0.96418878734834401 0.46934371401630742 17.757455199564721 1.0002957934782992 0.21443912824900843 17.904586320779664 1 0.022132217781812194
-0.25199501835425303 0.83071605141920868 0.98822069068261098 1.0498475765276671 0.40509447272904459 17.633795445023893 0.99926317389349073 0.22514130511019881 17.928761044057751 1 0.022134377395787844
-0.085087827227279159 0.86391462009425068 0.98315968714549551 1.0726861205892189 0.30236527925888573 17.542077877394444 0.99918291294984773 0.22298842945153713 17.964177886355959 1 0.022126624834293226
-1.0015613190324726 0.098644790224829804 1.0156953573875462 0.54892400936538566 0.068298886648685109 18.26193584931935 1.0068652958230691 0.11025352056405702 17.868082892671527 1 0.029067480192123876
-0.96307325382466602 0.29214514617771187 1.0140947779745062 0.58987642121451678 0.19357221949699052 18.221061665400043 1.0061973243005071 0.12378214860606515 17.867496801153791 1 0.029077664638662112
-0.88757282412092575 0.47441755845992795 1.0110738531494645 0.665994194140347 0.30034296666621513 18.146502679151062 1.0050741059063939 0.14574766021958385 17.868862456215794 1 0.029074827579827881
-0.77796408693367669 0.6384586261728521 1.0069190881713486 0.76862021976201933 0.37857208170063705 18.043961324821495 1.0035184008262501 0.17105789448434736 17.870614406456777 1 0.029075565820299448
-0.63845862617285243 0.77796408693367647 1.0020833128636419 0.88519524908753233 0.42071926915262159 17.926398522983295 1.0017912715843735 0.19584256501344036 17.874244110524931 1 0.029075565820299444
-0.47441755845992833 0.88757282412092564 0.99699160035941425 1.0004851013131792 0.42307661377453587 17.805545501992793 1.0001193056183921 0.21723936091368778 17.8808098330042 1 0.029074827579827905
-0.29214514617771253 0.96307325382466558 0.99212906922146638 1.0955911515913239 0.38742030556570206 17.695983446898726 0.99883684766707337 0.23254995420787522 17.892839198065349 1 0.02907766463866206
-0.098644790224829748 1.0015613190324726 0.98776178321636432 1.1500849164191935 0.31661189340680279 17.607445879238362 0.9982335669898148 0.23878495578401918 17.913615792198659 1 0.029067480192124639
-1.157535463004074 0.11400684187378846 1.0136236512916126 0.63529870426387258 0.05405334253862288 18.207316879901867 1.0059056365730412 0.12714393512904587 17.865637631115717 1 0.038067205832387027
-1.1130536129826625 0.33764120141130016 1.0123893538969404 0.66764509826387097 0.1546097315771256 18.174947204973318 1.0053415106412757 0.13669803393939561 17.864322922700175 1 0.038080543535555428
-1.0257954259966175 0.54829907840257786 1.0100707198949741 0.72789607719373073 0.24143534769224606 18.116822333674715 1.0044267491687124 0.15304008933839078 17.864445095315602 1 0.038076828080968739
-0.89911721075573847 0.7378864253362567 1.0068309982647605 0.80993819606826212 0.30728516549541435 18.035315255851295 1.0031253060364453 0.17298393633234291 17.864239345299143 1 0.038077794891707567
-0.73788642533625692 0.89911721075573836 1.0030363096177586 0.90505278189402016 0.3466366834537527 17.940941872311161 1.0016514199486186 0.19367281100404934 17.864954836368959 1 0.038077794891707158
-0.5482990784025783 1.0257954259966171 0.99895564500754697 1.0035222806226844 0.35675439211634902 17.840878745671937 1.0001337033289621 0.21299568251889919 17.86699657003108 1 0.038076828080968503
-0.33764120141130088 1.1130536129826623 0.99498361643622724 1.0932247543677411 0.33932758269976143 17.746679514770914 0.99882453877729749 0.22906990816334608 17.872067869009495 1 0.038080543535555837
-0.11400684187378846 1.157535463004074 0.99129383293190187 1.1616519754980996 0.29461636513361966 17.665153719507117 0.99793681185534766 0.23993361255020632 17.882739693541868 1 0.038067205832386673
-1.334277322963916 0.1314143269357386 1.011918831746099 0.70545163411598721 0.043573158287872338 18.161909632893895 1.0050874699240808 0.1410009918206552 17.863130088922862 1 0.049722115603906394
-1.2830036249529533 0.38919498601988362 1.0109129877326988 0.73168709211018168 0.12559638819057384 18.135394998558994 1.0046187270032061 0.1481359630662665 17.861903244296929 1 0.0497395368672836
-1.1824221534909292 0.63201780843581734 1.0090462489760292 0.78045442932855236 0.19699466793822545 18.088751056113995 1.0038886315675046 0.16067436230893473 17.862123207443876 1 0.049734683864326314
-1.0364016855989213 0.8505528821501076 1.0063995513387296 0.84712869516646516 0.2522486526224233 18.022193566964209 1.002825207286614 0.17652823174371679 17.861957086027406 1 0.049735946680292145
-0.85055288215010794 1.0364016855989213 1.0033043975978027 0.92509890895558666 0.28693573765348751 17.94497798026752 1.0016090512909444 0.19355960501482458 17.862289655517735 1 0.049735946680292666
-0.63201780843581801 1.1824221534909287 0.99994312298338095 1.007541616806531 0.29868546030346721 17.861626254137544 1.0003079637082932 0.21014405693755941 17.863048633636637 1 0.049734683864326008
-0.38919498601988445 1.2830036249529526 0.99668398263429991 1.0858722825620768 0.28937937176309891 17.782101921557363 0.99911077523677216 0.22485399693915009 17.864983715768414 1 0.049739536867283288
-0.13141432693573854 1.3342773229639162 0.99363037161648282 1.1529882622853274 0.25899580538007505 17.710113830883969 0.99812405277922911 0.23656587826712555 17.869259331142864 1 0.049722115603907727
-1.5345520881695647 0.15113959170547128 1.0103039126985354 0.76088279791118441 0.03489577387655618 18.120757737788225 1.0044130478860462 0.1520014894879187 17.862551967259673 1 0.064799540912330117
-1.4755822181157761 0.44761307729884026 1.009501409279993 0.78224767832973652 0.10138908765277041 18.099094702032662 1.0040097942672486 0.15744285083718304 17.861056779023968 1 0.064822244891339129
-1.3599034874600275 0.72688355786570202 1.0080320681054959 0.82173196303258877 0.15961903151944232 18.062013640321354 1.0034132789952137 0.1671332439725767 17.860848151149167 1 0.064815920293926119
-1.1919653758975652 0.97822070340124267 1.0059003003169962 0.87576293400731187 0.2054527962051271 18.007907914600697 1.0025276280711988 0.17968098832237239 17.860201250491269 1 0.064817566038357727
-0.97822070340124334 1.1919653758975648 1.0033940636079972 0.9393056650402043 0.23532185029804947 17.944885021904085 1.0015143567345413 0.1935204053886726 17.859962465420494 1 0.064817566038358018
-0.72688355786570247 1.3599034874600271 1.0006109728799868 1.007581590077171 0.24708014342451837 17.875229109549565 1.0004016108245772 0.20744514349005264 17.859950519477426 1 0.064815920293926479
-0.44761307729884114 1.4755822181157758 0.99788150862683656 1.0740401689196326 0.24238758735891153 17.807599822747576 0.99934268788408975 0.22028267462621187 17.860549757734553 1 0.064822244891339267
-0.15113959170547131 1.5345520881695649 0.99527517740677396 1.1345430017173861 0.22049435905367726 17.744186106024614 0.99839164428604765 0.23134022523483438 17.86222855423992 1 0.064799540912330006
-1.7614931285506681 0.17349124496562754 1.0089376692895344 0.80608842901541178 0.028407394165023407 18.085795804234284 1.0038326398111084 0.16100951459775317 17.861895795366589 1 0.084286505745425372
-1.693802353052015 0.51380944706270648 1.0082757280394326 0.82397176417014795 0.083130396800208284 18.067670818063291 1.003484995826168 0.16534307134451259 17.860397967531298 1 0.084316037421580114
-1.5610161864953485 0.8343805350812008 1.0070890657888061 0.85669396420983468 0.13122848551001798 18.037683568682983 1.0029999461751478 0.17307787921264248 17.860175860702867 1 0.084307810847616224
-1.368242130912841 1.1228872975583788 1.0053287539405396 0.90135629220331592 0.16955556134796382 17.992991322615293 1.0022666804795273 0.18322552781403609 17.859612205419193 1 0.08430995151166315
-1.1228872975583795 1.3682421309128405 1.003262348327421 0.95400664523368983 0.19510932917329735 17.941054445309479 1.0014320277757092 0.19461145153245074 17.859432094792194 1 0.084309951511662887
-0.83438053508120191 1.561016186495348 1.0009308562384673 1.0111685492810725 0.20586538194485821 17.882632999234357 1.0004961288367065 0.20633122423643749 17.859354379023298 1 0.084307810847615849
-0.5138094470627077 1.6938023530520148 0.99863836226259828 1.0674646478023606 0.203258658182326 17.825582680615767 0.99959371358301297 0.21737293217781636 17.859619070339868 1 0.084316037421580295
-0.17349124496562765 1.7614931285506681 0.99642127374476885 1.1199991928451882 0.18588646552659471 17.770693651379233 0.99873303556286364 0.22720801892832948 17.860112593819714 1 0.084286505745425275
-2.0186510173958916 0.19881898628085964 1.0077614731314348 0.8426138819478175 0.02298635754112641 18.056041693672885 1.0033508530904376 0.16830372630820714 17.861655023696496 1 0.10945236356212013
-1.9410781613830483 0.58881976105927158 1.0072194737008893 0.857698332321155 0.067791636288926607 18.04079182970905 1.0030428995627709 0.17181344362457254 17.860015680143157 1 0.10949071266351454
-1.7889067302993165 0.95619056852230322 1.0062716761678066 0.88487929937454224 0.10725954489289495 18.016587021001907 1.0026406347371042 0.17803634265156607 17.859577291315755 1 0.10948002983882785
-1.5679898631700402 1.2868160249379843 1.0048230782869636 0.92176635587749245 0.1390892234445481 17.979567591820313 1.0020229489507551 0.18625194059288994 17.85886281134912 1 0.10948280965200671
-1.2868160249379847 1.56798986317004 1.0031199430137716 0.9653328665472386 0.16077426574055093 17.936598274362197 1.0013254240425116 0.19559634018050273 17.858544931161216 1 0.10948280965200657
-0.95619056852230455 1.788906730299316 1.0011557707698406 1.0132042720249048 0.17045068748663683 17.887192935446507 1.0005264241319425 0.20543426321294181 17.858290131903004 1 0.10948002983882793
-0.58881976105927269 1.9410781613830481 0.99920600723503317 1.060985325975518 0.16937116184020393 17.838513163078925 0.99975053076590092 0.21491063300350954 17.858361183644138 1 0.10949071266351479
-0.1988189862808597 2.0186510173958907 0.99728126098001579 1.10661838204879 0.15547157118639088 17.79052090481018 0.99898514952388429 0.22361075641650288 17.858457403231668 1 0.10945236356212001
-2.3100490813347867 0.22751907717189163 1.0067663965559475 0.87251874214390535 0.018786763678728592 18.030754121080026 1.002935967239829 0.17428852945391224 17.861325916045502 1 0.14192925095747277
-2.2212783610742082 0.67381758232853584 1.0063129875836128 0.88554279563138893 0.05582100196289233 18.017689019582534 1.0026607988575462 0.1772244602959954 17.859643185668123 1 0.14197897906802731
-2.0471405474793403 1.0942194194841073 1.0055457560174812 0.90850719710923633 0.088416783488456094 17.9979638050281 1.0023273093103335 0.18234782539069391 17.859150691512063 1 0.14196512641782735
-1.7943336969808925 1.4725716087813978 1.0043359529641758 0.93935907180258982 0.11491080395624231 17.967002569865713 1.0018083489699119 0.18910138274219493 17.858501569712178 1 0.14196873106179853
-1.4725716087813983 1.7943336969808921 1.0029205991951289 0.97576738829193932 0.13315999791070102 17.931324167365034 1.0012299608943089 0.19684127244993785 17.858261984270044 1 0.14196873106179783
-1.0942194194841082 2.0471405474793407 1.0012592499894963 1.0161273931853356 0.14144621901848217 17.889542838638423 1.0005544497257084 0.20512812228861727 17.858052059063041 1 0.14196512641782724
-0.67381758232853728 2.2212783610742073 0.99960621815227846 1.056774191895228 0.14094504571320293 17.848310843265555 0.99989914830172655 0.21323713004263367 17.858155172116614 1 0.14197897906802753
-0.22751907717189165 2.3100490813347863 0.99794187641024501 1.0962927496232626 0.12921806477911035 17.806687808538783 0.99923105723584771 0.22086129765399085 17.8581225318398 1 0.14192925095747333
-2.6402463467138135 0.26004054076794192 1.0059361401732416 0.89700640110080798 0.015252401525464549 18.009685286153967 1.0025908551074547 0.17919522865803583 17.861073100307102 1 0.1838154274756815
-2.5387867839032614 0.77013273201385346 1.0055559440241235 0.90834921259639101 0.045707657453648159 17.998377238948574 1.0023401783926698 0.18168722952294841 17.859307610065077 1 0.18387983135182451
-2.3397577979464268 1.2506265984300664 1.004936637623838 0.92777317509343582 0.072437157411547964 17.982263022294347 1.002059921475569 0.18592793866756135 17.858714477174363 1 0.1838618905059391
-2.0508148621248745 1.6830602612620866 1.0039217933561715 0.95352084626620703 0.094329917842984237 17.956185686704522 1.0016182575658352 0.19148021460192075 17.858058976802162 1 0.18386655895284232
-1.6830602612620873 2.0508148621248741 1.0027399893331173 0.98389304724453597 0.10955646445011102 17.926347456936547 1.0011323645286876 0.19788275617362039 17.857807654897982 1 0.18386655895284273
-1.2506265984300675 2.3397577979464259 1.0013226441024552 1.0179275367024712 0.11654037291245765 17.890654717216449 1.0005532872018099 0.2048587445858063 17.857579062095475 1 0.18386189050593879
-0.77013273201385501 2.5387867839032605 0.99991093224920402 1.0525529812059764 0.11638183772218667 17.85540812073134 0.99999192073643151 0.21179438797792571 17.857634836181372 1 0.18387983135182512
-0.26004054076794192 2.6402463467138144 0.99845984533503485 1.086841973765666 0.10631302823999722 17.818998787147077 0.99940316647569982 0.21847105990018348 17.857491541340597 1 0.18381542747568308
-3.0144088671849549 0.29689218693327546 1.0052471287339004 0.91705702057902305 0.012424489933394471 17.992104310174142 1.0022986502582323 0.18321778029118185 17.860761960458266 1 0.23780800652567466
-2.8985709620676907 0.87927209488667046 1.0049224674507835 0.92709773479667512 0.03756984508791196 17.982162763191862 1.0020684642766735 0.18538010597886381 17.858967456026708 1 0.2378913279182697
-2.6713365826538733 1.4278591513012266 1.0044184733385282 0.94365152323702806 0.059489004292281031 17.968935261034094 1.0018337976310101 0.18893180699878509 17.85836831195887 1 0.23786811726150386
-2.3414460976485549 1.9215751522086999 1.0035585014346762 0.96522256795641359 0.077512480978719434 17.946824107302863 1.0014584575897361 0.19352490688224203 17.857795050297526 1 0.23787415698334058
-1.9215751522087008 2.341446097648554 1.0025680349446953 0.99063184599802168 0.090059417820783527 17.921857200883689 1.0010532624304176 0.19883873719217732 17.857621647911582 1 0.23787415698334494
-1.4278591513012282 2.671336582653872 1.0013565310212655 1.0193833454198153 0.095709104182859245 17.891403388673485 1.0005612962708001 0.20471585753542412 17.8574802737783 1 0.23786811726150348
-0.87927209488667257 2.8985709620676894 1.0001569064962792 1.0488505612198011 0.095528743345273573 17.861480796696398 1.0000860035681238 0.21062932856678876 17.85755792001569 1 0.23789132791826839
-0.29689218693327546 3.0144088671849558 0.99889620375075239 1.0785277030175742 0.086576459178184503 17.829865663312138 0.99957580411469282 0.21644531064602085 17.857454958555529 1 0.23780800652567877
-3.4383905484524133 0.33865057277848887 1.0046749260768681 0.93358863040722984 0.010021601107444062 17.977439686977007 1.0020521019061976 0.18653718478870654 17.860435790326985 1 0.30737343052045929
-3.3062598469926341 1.0029431950947028 1.0043947074777586 0.94250688485502343 0.03063912967107809 17.968602742981133 1.0018389633607416 0.18842777632163743 17.858629419256388 1 0.30748112572656977
-3.0470645696148946 1.6286899444202667 1.0039825532497184 0.95653335093271941 0.04842659069845167 17.957693765124603 1.0016417581462533 0.19139463596295686 17.858045655668864 1 0.30745112531027252
-2.6707744325951137 2.1918479319182578 1.0032476461996933 0.97447878791855602 0.063108234076177008 17.938774539546991 1.001319441873904 0.19517530639096847 17.857528926253 1 0.3074589318179175
-2.1918479319182587 2.6707744325951124 1.0024088127433892 0.9956711898497933 0.073306525566454214 17.917671265472283 1.0009784202325351 0.1995756189044946 17.857421010478074 1 0.30745893181791439
-1.6286899444202683 3.0470645696148941 1.0013618644115598 1.0199630297220144 0.07775776085828022 17.8913646611032 1.0005538013500261 0.20452791393051251 17.857308464131318 1 0.30745112531027008
-1.002943195094705 3.3062598469926332 1.0003320403850195 1.0450731825897408 0.077435132033488077 17.865658420208803 1.0001447820168732 0.2095724392785579 17.857356759925121 1 0.30748112572657182
-0.33865057277848903 3.4383905484524133 0.99923224223513296 1.0707837028086762 0.06934190091412494 17.838043169249577 0.99969794228099318 0.21463773445786063 17.85723426389308 1 0.30737343052045796
-3.9188247347093057 0.38596902310156023 1.0042257571126154 0.94699798350755993 0.0080495537327037528 17.965816690224255 1.0018521497427482 0.18923127739667922 17.860066243094103 1 0.39696641721727083
-3.7682318762778721 1.1430809109845073 1.00397725349944 0.95495490769992253 0.024926559906183421 17.957824827094271 1.0016543559630227 0.19089819299287331 17.858307967027049 1 0.3971055033446888
-3.4728201568136887 1.8562610469712901 1.0036371834213555 0.96675990091689701 0.03924426785444423 17.948802018483544 1.001490308028828 0.19336718643996756 17.857802971696078 1 0.39706675842859879
-3.0439523258908809 2.4981071141522149 1.0030032716708723 0.98160278414283209 0.051064231725371764 17.932502139299 1.0012132034899235 0.19646687888074893 17.857374302664034 1 0.39707684037149144
-2.4981071141522149 3.0439523258908792 1.0022907109827208 0.99922779786437066 0.059184425338986546 17.914681647447949 1.0009293313855305 0.20010284353613508 17.857386865213972 1 0.39707684037148694
-1.8562610469712921 3.4728201568136878 1.0013891874560439 1.0196716861768833 0.062530670599412946 17.892030402492722 1.0005637308977737 0.20425987666416778 17.857290781789111 1 0.39706675842859868
-1.1430809109845097 3.7682318762778713 1.0005123371610973 1.0409384204256777 0.06199787074923109 17.870201027272973 1.0002188072065339 0.20853380079018261 17.85739110785163 1 0.3971055033446893
-0.38596902310156039 3.9188247347093066 0.99956114035966814 1.0630902165352343 0.054608227483970401 17.846289450128705 0.99983099362228267 0.21291635977991644 17.857260050060962 1 0.39696641721727927
-4.4632279896667244 0.43958785188666843 1.003840791444542 0.95810210907351623 0.0063443270802259451 17.955755648065971 1.0016750901137241 0.19146432982700362 17.859648675729574 1 0.51231092283563084
-4.2917147666225812 1.3018777469613565 1.0036166677630176 0.96510910883490819 0.019977411463012972 17.948485944779097 1.0014931438780614 0.19291919542539068 17.85799955562717 1 0.51249042250914878
-3.9552644418325609 2.1141328897896945 1.0033330747635969 0.97482108244661747 0.031267983579484002 17.940981568242606 1.0013573677888898 0.19493223207345867 17.857597068295359 1 0.5124404196805602
-3.4668182783977159 2.845144232738134 1.0027807122052086 0.98691798742732362 0.040593906155174053 17.926809971172318 1.0011175375701409 0.19744020503703691 17.857253096318516 1 0.51245343108212749
-2.8451442327381344 3.4668182783977151 1.0021649417837508 1.0015251716270097 0.046899988388228231 17.911515486883307 1.0008780235528028 0.20043656516420846 17.857367835377332 1 0.51245343108213048
-2.1141328897896967 3.9552644418325587 1.001375920067102 1.0187237562038123 0.049283991604014914 17.891620166125588 1.0005540458552618 0.20392655421630521 17.857212566953162 1 0.51244041968056109
-1.3018777469613592 4.2917147666225812 1.0006116201356023 1.036800158489525 0.048482737310255326 17.872655412651525 1.0002569247757793 0.20755996030411816 17.857362850697729 1 0.51249042250914645
-0.43958785188666832 4.4632279896667253 0.99977806355482635 1.0559113887831899 0.041550910040411497 17.851590913882735 0.99991100681628398 0.21135512515634328 17.857139077547906 1 0.5123109228356354
-5.0801176958662682 0.50034594477976824 1.0035859630626751 0.9667960474235926 0.004930384474023366 17.948931625311562 1.0015486534793512 0.19321217224899467 17.859207924348922 1 0.66076589227955118
-4.8848985940236398 1.4818181360004303 1.0033728475396244 0.97286916224025288 0.015841066641104459 17.942128927292515 1.0013817110272727 0.1944653233154939 17.85774803703973 1 0.66099740649610916
-4.5019454370926262 2.4063399695688616 1.0031330702792793 0.98061444130123609 0.024541591738329434 17.935851716069525 1.0012706437439902 0.19605977664734467 17.857474453764254 1 0.66093291409086097
-3.9459881783354653 3.2383888068205366 1.0026438901350903 0.9903506123266187 0.031691943766140956 17.923360949024559 1.0010615154204014 0.19806641555366797 17.857228446362434 1 0.66094969587314756
-3.2383888068205371 3.9459881783354644 1.0021117904305097 1.0023350148375234 0.036399887843687327 17.910237329374709 1.0008596834841594 0.20051297550401664 17.857419461599619 1 0.66094969587313834
-2.4063399695688639 4.5019454370926235 1.0014274742829197 1.0165312420221377 0.037928731712394172 17.892873085994303 1.0005726001029072 0.20338949636406548 17.857175977206104 1 0.66093291409085708
-1.4818181360004339 4.8848985940236398 1.0007786973293307 1.0315824331854568 0.036991803469696632 17.876939000206519 1.0003296289440655 0.20641507646784671 17.857468180882186 1 0.66099740649611349
-0.50034594477976813 5.0801176958662673 1.0000641731378526 1.0477645693018742 0.030654663673462215 17.858662436985238 1.0000209209348487 0.20964038862076648 17.857058095563509 1 0.66076589227954152
-5.7791453121591267 0.56919388375287494 1.0033276468230388 0.9740916365309702 0.0036666981747772217 17.941954722176856 1.0014171009465676 0.19468181436852008 17.858700958668919 1 0.85170450807805198
-5.557063930427411 1.6857173094843001 1.003124065741577 0.97906112643531762 0.012094012843367811 17.935676109276962 1.0012698282904096 0.19570294879121006 17.857524029086239 1 0.85200292194027982
-5.1214161611926041 2.7374539699957992 1.0029196025748615 0.98485491814246251 0.01845782456953771 17.930407394451663 1.0011797660064097 0.19688946601589519 17.8573737900659 1 0.85191979344812263
-4.488958809206113 3.6839932876189345 1.0024845569851473 0.99248039215568096 0.023675604814977543 17.919366730221569 1.000997500500924 0.19845359430406512 17.857221681480674 1 0.85194142458828104
-3.6839932876189354 4.4889588092061139 1.0020153453234706 1.0021320380174874 0.027009544297527912 17.907809565724261 1.0008203360378745 0.20041700283304498 17.85740489310459 1 0.85194142458827615
-2.7374539699958023 5.1214161611926015 1.0013996833104077 1.0136957793278865 0.027808682206385268 17.892114287625059 1.0005579348066704 0.2027588736463149 17.857112471597485 1 0.85191979344812407
-1.6857173094843039 5.557063930427411 1.0008137689211491 1.0263509267082842 0.026653437345823268 17.877834112934597 1.000344659872652 0.20530401323718453 17.857486188132725 1 0.85200292194028016
-0.56919388375287494 5.7791453121591276 1.0001639997962806 1.0401051600651958 0.020768315436548338 17.861072906454268 1.0000560727131922 0.20805666386661892 17.856972816114652 1 0.8517045080780602
-6.5712470900110951 0.64720879130581832 1.0032532244654413 0.97909919330995521 0.0026707879554401571 17.939585188382921 1.0013591234895198 0.19568763042156387 17.858196890056064 1 1.0976472323478357
-6.3187267682985144 1.9167652596005582 1.003037459548916 0.9829276132611785 0.0089556075961612167 17.933379070210638 1.0012280372092044 0.19647308086096604 17.857395404081704 1 1.0980318177842476
-5.8233682020705757 3.1126551527484607 1.0028576451935851 0.98693414711008265 0.01335557496526784 17.928830564215538 1.0011535688519408 0.19729114011307908 17.857347806594635 1 1.0979246846665334
-5.1042249188841859 4.1889291345473882 1.0024555902685137 0.99278918131756833 0.016876360945225266 17.918686200999353 1.0009884088009582 0.19848845246709779 17.857265886300674 1 1.0979525621297659
-4.18892913454739 5.1042249188841859 1.0020402721664001 1.000087437727728 0.01896462599521619 17.908407283971034 1.0008288436105774 0.19997059175822837 17.857378999955628 1 1.0979525621297648
-3.1126551527484634 5.823368202070573 1.0014905847047308 1.0087113927599869 0.019017572523354138 17.894373477139524 1.0005934443779481 0.20171828431062777 17.857097847572117 1 1.0979246846665267
-1.9167652596005627 6.3187267682985127 1.0009999798520381 1.0183714761087295 0.017857659311786959 17.882500802888064 1.0004196444164124 0.20366287850418552 17.857495813560295 1 1.0980318177842494
-0.6472087913058181 6.5712470900110951 1.0004529301156067 1.0288752277317119 0.013259430579720337 17.868052010120227 1.000157909872524 0.20577588618243442 17.856727994683524 1 1.097647232347837
-7.4688169415931256 0.73561135641982722 1.0030426146961371 0.98348105220187654 0.0017976263784144437 17.933853412984828 1.001249374006943 0.19657378015525948 17.857739244241678 1 1.412699425738317
-7.1818047457238814 2.1785771631876996 1.0028298395685307 0.98591124874317737 0.0058151006207613713 17.92816887189284 1.0011443777918918 0.19707294876613837 17.857381917715351 1 1.4131943968083855
-6.6187849108388921 3.5378142413064531 1.0026710306289353 0.98832010464250009 0.0085833137738714274 17.924196151929014 1.001081065260881 0.19756471374945919 17.857383831626972 1 1.4130565138078761
-5.8014134951360727 4.761097012285342 1.0023145054065348 0.9923121519612198 0.010595815209268524 17.915236039406849 1.0009365441046003 0.1983808695993737 17.857345973490329 1 1.4130923927999395
-4.7610970122853429 5.8014134951360701 1.0019408458239076 0.99700721679469329 0.011626446930762899 17.905905601009806 1.0007883367338803 0.19933644415431323 17.857365024401236 1 1.4130923927999353
-3.5378142413064557 6.6187849108388885 1.001418380559326 1.0026293435424436 0.011095314936388032 17.892725295754566 1.0005734216149349 0.20048067480572879 17.857255501860504 1 1.413056513807863
-2.178577163187704 7.1818047457238761 1.0009237142154519 1.009215955708622 0.0097658271340174737 17.880673028187587 1.0003936107220222 0.20181292690234368 17.85757534794902 1 1.4131943968083822
-0.73561135641982711 7.4688169415931274 1.0003346755026974 1.0168149241192701 0.0061152591355640561 17.86559346244346 1.0001385109815841 0.20335257968571049 17.857225975927491 1 1.4126994257382968
ZONE T="CylinderZone4", I=8, J=20, DATAPACKING=POINT, SOLUTIONTIME=15
0.053248126149810074 0.54063943307152496 0.96371065278660484 0.18440297340498779 8.9397078368500503e-05 17.30565846435487 1.005609796029983 0.03677758588636347 18.224801421248873 1 0.009501634483610473
0.15769896780428203 0.51986370485743083 0.96390353507723281 0.12129354286965709 -0.019477937074490685 17.31298062311706 1.0058339642806953 0.024498147579074245 18.227404887406159 1 0.0095049635953119611
0.25608900321023359 0.47910882671265759 0.96552742145907156 0.06655285892132945 -0.020576220958221425 17.345571530691146 1.0060325404588277 0.013890378742314821 18.218732396544453 1 0.0095040362119996127
0.34463782010587429 0.41994239884996332 0.96774692205091062 0.027240860047073538 -0.010563315391334181 17.388286228033142 1.0061969772821775 0.0058254291852204692 18.204982353422551 1 0.0095042775294813791
0.41994239884996304 0.34463782010587463 0.97008080271582742 0.0048143170482500275 0.002104660179871955 17.431921612902105 1.0062951524851489 0.0010475598022368006 18.18922478101522 1 0.0095042775294820608
0.47910882671265737 0.25608900321023376 0.97212111934457857 -0.0041969603501324634 0.010909072901553298 17.469660641516136 1.0063571045052304 0.0023303159569219079 18.17506359064955 1 0.0095040362119997446
0.51986370485743061 0.1576989678042823 0.97380443749888246 -0.0051501286589067706 0.011446222385642401 17.500409305069113 1.0063857611557321 0.0025023205517052611 18.163007291466755 1 0.0095049635953118865
0.54063943307152496 0.053248126149810254 0.97458542675470716 -0.0034122547673384861 0.0052448405153390784 17.514407362107821 1.0063836215040602 0.0012474532365661789 18.157145278381794 1 0.009501634483610787
0.062565672186717408 0.63524243924753476 0.96894798078388178 0.51599934784014612 0.041169425771824968 17.377171167420126 1.0043073556547664 0.10330557416380745 18.16178090149112 1 0.012674730951629305
0.1852936927032427 0.61083130039869804 0.96816493919497093 0.3761688364631221 -0.021090091702923267 17.377311240834207 1.0051277308889359 0.075159464761707748 18.182495470727513 1 0.012679171829163522
0.3009003655902705 0.56294498907871604 0.96875224497271883 0.23804046784456875 -0.042040545299248409 17.399042003898725 1.0057745478742428 0.048205891015794762 18.189783326085909 1 0.01267793474369271
0.4049437686356202 0.49342540974738552 0.97000886027259658 0.12616834535179086 -0.032292321436052839 17.428189488186653 1.0061543252643284 0.025967286222170795 18.187218794479527 1 0.012678256649798721
0.4934254097473853 0.40494376863562059 0.97149064380802364 0.051055021422947058 -0.0093805744286272561 17.457664945650656 1.0063187351883807 0.010349281651183484 18.179087615667736 1 0.012678256649798518
0.56294498907871604 0.30090036559027067 0.97281528719588473 0.0098183473301766515 0.010029881785508333 17.482800778797831 1.0063954128445498 0.0027981893606233823 18.170566497972349 1 0.012677934743692656
0.61083130039869793 0.18529369270324292 0.97393850172776053 -0.0079812744096447175 0.015445060740040983 17.503206062675876 1.0064080398671205 0.0034659840753616645 18.162409241758173 1 0.012679171829163526
0.63524243924753465 0.0625656721867177 0.97444360572493804 -0.012409089924131344 0.0076219281477423167 17.513094767617705 1.0064546580112208 0.0029032339276131272 18.15948398567722 1 0.012674730951629383
0.073123849373486552 0.74244183463027602 0.97349843194756414 0.80925831409262461 0.11913408483652065 17.423351809768302 1.0022694113280379 0.1634107636256022 18.090990562478957 1 0.016779839423766665
0.21656265491167431 0.71391123026163072 0.97163658711578971 0.64211363159208834 0.021008819598423309 17.415041992491382 1.0037110206448179 0.12825368932829595 18.130889964303066 1 0.01678571861853688
0.35167836036645628 0.65794393551948882 0.97119265507319219 0.44932074774468111 -0.031098900501404542 17.429531607978429 1.0050053034458917 0.089854543657150149 18.157588571374166 1 0.016784080864202439
0.47327945353281881 0.57669268271809093 0.97163314419224689 0.27163324423733032 -0.039502420618019299 17.451976692931421 1.0058433057929166 0.054738415744240709 18.169433006094188 1 0.016784507029679742
0.57669268271809071 0.47327945353281897 0.97252908991885545 0.13563747387873248 -0.021692599489994146 17.474925146777256 1.0062380830870117 0.027386947340064451 18.169864275147944 1 0.016784507029679811
0.6579439355194886 0.35167836036645661 0.97347099474977894 0.047449975486826668 -0.00011034307515290439 17.4946829168798 1.0064010613512959 0.0094597926912361845 18.165771755793585 1 0.016784080864202331
0.71391123026163061 0.21656265491167465 0.97433465810284192 -0.0016373731016704786 0.009652876895674338 17.510604354078836 1.0064240603966912 0.0019518929222161691 18.159744079210913 1 0.016785718618536963
0.74244183463027602 0.073123849373486857 0.97475408144145548 -0.021161911773036706 0.0058385764193025049 17.51920499735499 1.006485120190763 0.0043763470674644941 18.157719682789047 1 0.016779839423766544
0.085087827227278853 0.86391462009425102 0.97917267911408701 1.0136162520739433 0.18479068664671064 17.48804939401882 1.0001614484557644 0.20604796944145415 18.011022512146557 1 0.022126624834293028
0.25199501835425281 0.83071605141920879 0.97629588505198484 0.87026707476734433 0.073373107210341904 17.466427714052092 1.0018683535700004 0.17450799034902398 18.063006928253571 1 0.022134377395787996
0.40921734595229753 0.76559180609844413 0.97458725717016825 0.66547047155843264 -0.0051126226878616208 17.468946241314946 1.003769525287318 0.13284787087959757 18.109968221952737 1 0.022132217781812135
0.55071390138034448 0.67104683042225932 0.97389603026089056 0.44406148822993069 -0.038943259930414885 17.482101617412859 1.0052384023777337 0.088920571009552529 18.141617520703829 1 0.022132779742114677
0.67104683042225899 0.55071390138034471 0.97398565710448526 0.25020289288206116 -0.035909414509464194 17.497738194347427 1.0060449357764711 0.050401221169873021 18.155504777230622 1 0.022132779742114739
0.76559180609844413 0.40921734595229786 0.97444646816555869 0.10773423394160407 -0.017809377337204068 17.512159925994823 1.0063979775784557 0.02176973642962338 18.158439963115029 1 0.022132217781812145
0.83071605141920868 0.25199501835425314 0.97502321950974513 0.018045793352091402 -0.0036289875075476491 17.523678794745678 1.0064642480648596 0.0036695724927281667 18.155338161981572 1 0.022134377395787982
0.86391462009425068 0.0850878272272792 0.97535330717535251 -0.022806072874460452 0.00094984377958734023 17.531030130261875 1.0065457091659056 0.0045503006550147119 18.154349452536504 1 0.022126624834292979
0.098644790224829443 1.0015613190324728 0.98401307917966596 1.140449917197556 0.22409530949770259 17.54739829664161 0.99861914883654301 0.23261234831680078 17.947812118441906 1 0.029067480192123955
0.29214514617771209 0.9630732538246658 0.98078917010852718 1.0464250356195623 0.12007773160243801 17.514374282917846 1.0000160979543817 0.21065670238158954 17.996526902726668 1 0.029077664638662286
0.47441755845992811 0.88757282412092575 0.97818754255298557 0.86500779074615375 0.028785588969917904 17.504866914169053 1.0021314967884871 0.17291313996151711 18.053767054545059 1 0.029074827579827722
0.63845862617285198 0.77796408693367669 0.97639236961107512 0.62680695431489475 -0.028043682308445457 17.508901970099174 1.0042054196725074 0.12522376403384511 18.104426982544698 1 0.029075565820299583
0.77796408693367647 0.63845862617285243 0.97557609104670762 0.38524047713772397 -0.043725474234789299 17.518584608044637 1.0056014554048023 0.077326530936953672 18.135661760143627 1 0.029075565820299458
0.88757282412092564 0.47441755845992845 0.9755172717093108 0.18636830686139319 -0.033235988698729138 17.529675811708614 1.0062987841303379 0.037743055118852009 18.148675528908687 1 0.029074827579827822
0.96307325382466558 0.29214514617771259 0.97582661068406551 0.050112407839017617 -0.016678119316124337 17.538513594901058 1.0064869614377243 0.010528883870854924 18.149767405289921 1 0.029077664638662126
1.0015613190324726 0.098644790224829818 0.97610757089018008 -0.016487676594628551 -0.0040158637936499727 17.545362430812236 1.0065901795967558 0.0033828111846083662 18.14953864951584 1 0.02906748019212449
0.11400684187378807 1.157535463004074 0.9880196997659445 1.1899682387934349 0.23076786739605745 17.604283238740521 0.99779372877093298 0.24269544786710914 17.903852938250399 1 0.038067205832387624
0.33764120141130044 1.1130536129826627 0.984959720955079 1.1524982053235522 0.14791831380092382 17.56410165583771 0.9986090504641828 0.23255214646131828 17.940728868551368 1 0.038080543535555261
0.54829907840257808 1.0257954259966178 0.98200536514344738 1.022624574695544 0.059696035122468974 17.544274769853214 1.0004827070684503 0.20482366701480087 17.996001291920507 1 0.038076828080968718
0.73788642533625648 0.89911721075573847 0.97933332624629632 0.80114185601199084 -0.012015894924224526 17.538735454480396 1.0028957027108241 0.16001488180916654 18.059076197105895 1 0.038077794891707463
0.89911721075573814 0.73788642533625692 0.97752572818271644 0.53255674370975925 -0.04705901669642195 17.541820177379122 1.0049269298745636 0.10666393392289264 18.109029629062807 1 0.038077794891707178
1.0257954259966171 0.54829907840257841 0.976825319970832 0.28161704362064688 -0.04757392494022665 17.54998299660598 1.0061154504078806 0.05694756309118594 18.135645936097625 1 0.038076828080968586
1.1130536129826623 0.337641201411301 0.97683236334457779 0.094841276438343419 -0.030390211813726906 17.557043366242137 1.0065129538758546 0.019853717423975039 18.142758773002111 1 0.038080543535555567
1.157535463004074 0.11400684187378855 0.97707388520298222 -0.0018086342014839664 -0.0094485137925249332 17.563983262226007 1.0066619081133614 0.0019176352151908098 18.143649452552548 1 0.038067205832387131
0.1314143269357381 1.3342773229639162 0.99089818616574643 1.1979927693491617 0.21538123391428848 17.652275998917819 0.99760749257274417 0.24373173217869945 17.879693197484031 1 0.04972211560390704
0.38919498601988406 1.2830036249529528 0.98828829282729813 1.2020420771311078 0.1548511337665896 17.609401865844234 0.99781259234083519 0.24266059582031768 17.902244884916552 1 0.049739536867283565
0.63201780843581756 1.1824221534909289 0.98553262639722694 1.1301611585241957 0.080665587555582383 17.583046887106914 0.99910505067490452 0.22670872230114339 17.945465378575342 1 0.049734683864326057
0.85055288215010749 1.0364016855989213 0.98248650155845407 0.95163769174440471 0.0053646370159035192 17.569682285042859 1.0014409412881262 0.19019358284819354 18.009708311057434 1 0.049735946680292367
1.0364016855989211 0.85055288215010794 0.97980700772558893 0.68186685710213946 -0.045171626650719131 17.566195891163179 1.0039803360357509 0.13640110065229977 18.075110614914397 1 0.049735946680292742
1.1824221534909287 0.63201780843581812 0.97834820535423861 0.38979062704800066 -0.058220398953392101 17.571355411599658 1.0057726856609039 0.078596397835098419 18.118174137662635 1 0.04973468386432623
1.2830036249529526 0.3891949860198845 0.97795954634740678 0.15153600896177266 -0.042465399157244517 17.576951174717628 1.0064928231655823 0.031373049023914849 18.134028743270243 1 0.04973953686728335
1.3342773229639162 0.13141432693573873 0.97813767136108565 0.021073532690064647 -0.014448425285628881 17.584141035702547 1.0067211659371325 0.0050931018024004118 18.136821505691803 1 0.049722115603907192
0.15113959170547078 1.5345520881695651 0.99295452823934027 1.1829871755967294 0.18929014211257872 17.69113046658066 0.99773280337336323 0.23987921058240294 17.867116958846843 1 0.06479954091233027
0.44761307729884064 1.4755822181157761 0.99078194285168719 1.2099426386647854 0.14572317145198369 17.648902936787035 0.99753388780170082 0.24403836959668893 17.87921301187755 1 0.064822244891339281
0.72688355786570213 1.3599034874600275 0.9885053871976448 1.1871314966442812 0.089058555196973754 17.620214327809407 0.99820599269857591 0.23830733721850117 17.907729682040685 1 0.064815920293926466
0.97822070340124279 1.1919653758975652 0.98562442640503223 1.0659977709583544 0.02005659352251115 17.602273608202026 1.0001043953566631 0.21322615731009342 17.962745892065858 1 0.064817566038357477
1.1919653758975648 0.97822070340124334 0.98239264980614693 0.82207072077299159 -0.039662079529841229 17.592875728802536 1.0028587245305165 0.16437061122969943 18.035894603139141 1 0.064817566038357768
1.3599034874600271 0.72688355786570269 0.980121337680396 0.50647548905949769 -0.065585952807087969 17.594455564570797 1.0052729929413753 0.10187263723277898 18.09606097874542 1 0.064815920293926424
1.4755822181157758 0.44761307729884126 0.97921627220498875 0.21926297173517301 -0.053389631424161935 17.598530869906849 1.0064352029762289 0.044989365531767841 18.123678261301993 1 0.064822244891339573
1.5345520881695649 0.15113959170547131 0.97931393987636228 0.051402693057236749 -0.019293275411852506 17.606371590915156 1.0067831855581797 0.010943778874279986 18.129221393591621 1 0.06479954091232952
0.1734912449656269 1.7614931285506685 0.99444451994757421 1.1646910984868188 0.16135707035154176 17.72320721102497 0.99804421751132022 0.23539334796562714 17.861977282449985 1 0.084286505745425649
0.51380944706270704 1.693802353052015 0.99260675184650538 1.1984720054946987 0.12768809208726278 17.682811625715402 0.99761305084057905 0.24133918603650203 17.867475918103047 1 0.084316037421580281
0.83438053508120114 1.561016186495348 0.9908011402468675 1.2061703028860882 0.085715592488638054 17.653693947823303 0.99778534750978698 0.24211066889604657 17.883581424236155 1 0.084307810847615919
1.1228872975583788 1.368242130912841 0.98843968478608468 1.1409140266724136 0.028755194583125223 17.634178914445286 0.99906350722858095 0.2283622221178806 17.9235899552048 1 0.084309951511662901
1.3682421309128405 1.1228872975583795 0.98512614221894312 0.94345112445179657 -0.032674474801132669 17.62082340438619 1.0016647283170681 0.18864639494941327 17.994410225372025 1 0.084309951511662776
1.561016186495348 0.83438053508120202 0.9821421194647405 0.62600869305185547 -0.069708583548982142 17.618708898843671 1.0045875008712974 0.12568761403368744 18.068829060315213 1 0.084307810847615808
1.6938023530520148 0.51380944706270781 0.98059853962907662 0.2968842468003508 -0.06269955729334363 17.620829360005057 1.0062899374617584 0.060496606963900322 18.110840529687287 1 0.08431603742158035
1.7614931285506681 0.17349124496562765 0.98055737163608792 0.08907868535018304 -0.023818749823891303 17.629395568124743 1.0068214051824249 0.018379053321153867 18.120709997571815 1 0.084286505745425955
0.19881898628085889 2.0186510173958916 0.99556301678249626 1.1465619788104002 0.13558103579487166 17.748522708315935 0.99834691914177298 0.23110117008594061 17.859362543094257 1 0.1094523635621213
0.58881976105927214 1.9410781613830483 0.99396931084107443 1.1797251837004528 0.10739806631933919 17.71107701682962 0.99783796247795498 0.23717726557425989 17.861700614396614 1 0.10949071266351471
0.95619056852230366 1.7889067302993162 0.99250384603817032 1.2010295479399518 0.074857726465792473 17.682777552376038 0.99771456386826374 0.24094752275686701 17.870035113429786 1 0.10948002983882738
1.2868160249379841 1.5679898631700402 0.99076993147105064 1.1791851974053267 0.030982338203416213 17.664212058525294 0.99841127875599733 0.23610605733403409 17.895025631154908 1 0.10948280965200684
1.5679898631700397 1.2868160249379847 0.98782629473558181 1.0385789829040126 -0.025511032150723707 17.64972639005601 1.0005652634141995 0.20771975089957695 17.95498976623427 1 0.10948280965200675
1.788906730299316 0.95619056852230466 0.98437581959160314 0.74179164351532345 -0.070557685327394912 17.64420183400297 1.0037582008778601 0.1487486959333793 18.03751499701028 1 0.10948002983882796
1.9410781613830481 0.58881976105927303 0.98206375987292827 0.38227870325061492 -0.070336563012919587 17.643161575794078 1.0060620171231469 0.077504550124563323 18.095927699483056 1 0.10949071266351447
2.0186510173958907 0.19881898628085976 0.9818165913891066 0.13330115209063204 -0.028164585512887572 17.652121255070849 1.0068263236840196 0.027156278755691432 18.111498676406654 1 0.10945236356212039
0.22751907717189093 2.3100490813347871 0.99645284860775263 1.1315089330160617 0.11269790978845155 17.76996915970944 0.99866067248786072 0.22757393293429862 17.858592180654146 1 0.14192925095747233
0.67381758232853639 2.2212783610742082 0.99505631063416211 1.161565817401754 0.088077337555672056 17.73581823802563 0.99814031594634656 0.23319700201503221 17.859303087297224 1 0.14197897906802742
1.0942194194841075 2.0471405474793403 0.99378698174093261 1.1854405132089552 0.060345118046709272 17.708185498590009 0.9978580974534641 0.23764973967987429 17.863371820173047 1 0.1419651264178278
1.4725716087813976 1.7943336969808925 0.9925328096452356 1.1900779017883965 0.026845539167421089 17.690388476013723 0.99811486732101418 0.23830085047745789 17.876996260991266 1 0.14196873106179839
1.7943336969808921 1.4725716087813983 0.99025230024008759 1.1051990059004106 -0.020725436811322762 17.677137262611637 0.99966411127857768 0.22111580165414191 17.921226566504558 1 0.14196873106179789
2.0471405474793407 1.0942194194841086 0.98671672744845762 0.84772956936023991 -0.069558183356177875 17.669672381752989 1.0028224158033434 0.16987613580997965 18.003585694464821 1 0.14196512641782724
2.2212783610742073 0.67381758232853761 0.98365648069719658 0.47299542675833678 -0.076286830426768606 17.665484494888698 1.0057038713028208 0.095549461162252741 18.077763991342128 1 0.14197897906802748
2.3100490813347863 0.22751907717189174 0.98310341383746569 0.18405009499891495 -0.032270570123937088 17.674724521119273 1.0067959872848979 0.037245209801454647 18.101466784350745 1 0.14192925095747325
0.26004054076794086 2.640246346713814 0.99716036950559528 1.1179506494171889 0.092460271178629302 17.78692305055867 0.99890420863143614 0.22447654402397907 17.85787638696668 1 0.18381542747568266
0.7701327320138539 2.5387867839032614 0.99594008294191505 1.1450719657880131 0.070971342318511099 17.756629604071104 0.99842477856782674 0.22963478452323385 17.858050201913734 1 0.18387983135182487
1.2506265984300668 2.3397577979464268 0.99481685153212185 1.1669746542666177 0.045663218611591117 17.730602276031437 0.99808695930334435 0.23379727951908266 17.860067725063523 1 0.18386189050593835
1.683060261262086 2.0508148621248745 0.99385165610484871 1.1831361383636871 0.018815845765406469 17.71339223691119 0.99808654352642923 0.23688389120690195 17.866996301519873 1 0.18386655895284207
2.0508148621248741 1.6830602612620873 0.992317454461773 1.144159345060753 -0.018022614056014141 17.703306564852852 0.9990604943281548 0.22896783962927444 17.895486412859352 1 0.18386655895284287
2.3397577979464259 1.2506265984300677 0.98909078737905065 0.93865165827694652 -0.066069228938583857 17.695744751572391 1.0018915530167696 0.18801706284449543 17.969592383213875 1 0.1838618905059384
2.5387867839032605 0.77013273201385513 0.98529901419244192 0.56580011453668322 -0.079969194485070685 17.686913558893629 1.005245254471387 0.11398615216779018 18.057465164715882 1 0.18387983135182623
2.6402463467138144 0.26004054076794203 0.98429487883334765 0.24015229366432506 -0.036173549322315007 17.694277561566114 1.0066897265339516 0.048410618952971787 18.090789479110672 1 0.18381542747568194
0.29689218693327424 3.0144088671849554 0.99776445752360698 1.1058238144589223 0.074603150748735372 17.80187025956327 0.99913834970354642 0.2217630547904125 17.857735676592171 1 0.23780800652567824
0.87927209488667146 2.8985709620676898 0.99669584863064964 1.1303494063060053 0.05596055497330775 17.775180921803273 0.9987100196490164 0.22649289005978016 17.857732810041664 1 0.23789132791827017
1.4278591513012271 2.6713365826538724 0.99570438653610793 1.1497956667911253 0.032392310997428495 17.751182925710367 0.9983547890638691 0.23023984602884251 17.858489010044551 1 0.23786811726150267
1.921575152208699 2.3414460976485549 0.99481810914074043 1.168004999551165 0.0084345057588232162 17.732740668826676 0.99820607132247241 0.2338169100835584 17.862190119027261 1 0.23787415698334077
2.341446097648554 1.9215751522087008 0.9938744183394741 1.1611737958881936 -0.019489534727442009 17.724876027767586 0.99871074070441412 0.23241734007688306 17.878006427751767 1 0.23787415698334538
2.671336582653872 1.4278591513012282 0.9912523873083211 1.0119069642974023 -0.063649697108650566 17.718611122282152 1.0009985695918855 0.2026801889458438 17.937905503253287 1 0.23786811726150339
2.8985709620676898 0.87927209488667279 0.98702881154437194 0.65760973468942241 -0.08310217201791649 17.707214683233687 1.0046353354798228 0.1322617655053587 18.03385156636368 1 0.23789132791826723
3.0144088671849558 0.29689218693327557 0.98548993965422416 0.30173070117672307 -0.040228026391598865 17.713222023654406 1.0065454677552317 0.06068184338534139 18.079419964267892 1 0.23780800652568168
0.33865057277848765 3.4383905484524142 0.9982491291245803 1.0946709191722672 0.058751967612114132 17.813628485037853 0.99931286189419521 0.21932465014303781 17.857385518415708 1 0.30737343052046168
1.0029431950947036 3.3062598469926332 0.99730956584422159 1.1166703712091408 0.042397345505508617 17.790276981235813 0.99894310053469648 0.22361318846368297 17.857502979163161 1 0.30748112572656933
1.6286899444202672 3.0470645696148937 0.9964747466377768 1.1343345598791352 0.020811441457529858 17.769512779282984 0.99861307870246407 0.22706260465271164 17.857584108606556 1 0.30745112531027236
2.1918479319182578 2.6707744325951137 0.99562076171425096 1.1499362451966 -0.0021368636695111823 17.750508516393722 0.99840071048440537 0.23017177530124627 17.859910453843565 1 0.30745893181791828
2.6707744325951124 2.1918479319182587 0.99506829508230532 1.160872501262284 -0.022843051652691525 17.744690708031644 0.99862761532203004 0.23237895656730514 17.867936049019594 1 0.30745893181791362
3.0470645696148941 1.6286899444202683 0.993283110211719 1.0659349735747279 -0.059290790307028239 17.742450840960384 1.0002961248711466 0.21348492791736987 17.910649681137009 1 0.30745112531026975
3.3062598469926323 1.0029431950947054 0.98876675877962339 0.74506595823767496 -0.082359632773229108 17.726950323745005 1.0039872480207974 0.14962283626378728 18.009540289135085 1 0.30748112572657177
3.4383905484524133 0.33865057277848909 0.98649210876228299 0.36719236650376397 -0.043146367078501176 17.726363231871993 1.0062689109416394 0.073713030678996483 18.067105578055745 1 0.30737343052045646
0.38596902310155889 3.9188247347093066 0.99870889562153031 1.0839074516373111 0.04521815657867248 17.825152094489052 0.9994989737387282 0.2170244223646578 17.857421871245492 1 0.39696641721727288
1.1430809109845079 3.7682318762778704 0.99788200314463305 1.1033807847747594 0.030563914855511291 17.804553093029053 0.9991712136453903 0.22085234206237289 17.857481579302448 1 0.39710550334468825
1.8562610469712908 3.4728201568136883 0.99718748548418301 1.1200643779017903 0.011200401429037447 17.787046597392433 0.99888398410721924 0.22414918728535618 17.857320586243702 1 0.3970667584286004
2.4981071141522144 3.0439523258908809 0.99634988115418366 1.1329003488927694 -0.011656104224986565 17.767247572925502 0.99861091154117732 0.22674960434916852 17.858440504881337 1 0.3970768403714891
3.0439523258908792 2.4981071141522153 0.99586554610923328 1.1513449004278313 -0.02980599923683554 17.759585521501968 0.99866572554862809 0.23049995519491193 17.862894594292847 1 0.39707684037148688
3.4728201568136878 1.8562610469712921 0.99477898176335122 1.1031503033163561 -0.059900766684727505 17.758379023674635 0.99968861677495113 0.22098948959685114 17.889000660648058 1 0.3970667584285994
3.7682318762778704 1.1430809109845099 0.99043885786030772 0.82667941358792207 -0.08654219300816865 17.742632417278351 1.0031789508592506 0.16597578893486639 17.98288289727423 1 0.39710550334468919
3.9188247347093066 0.38596902310156045 0.98742426476822953 0.43644725816885677 -0.049087300819199674 17.737751829577586 1.0059648490010895 0.087578992991131796 18.054824071331986 1 0.3969664172172806
0.43958785188666655 4.4632279896667253 0.99904679635304972 1.0739932914999031 0.033212699817785775 17.83350088339218 0.99962889832702195 0.21494122846397201 17.857326675970278 1 0.51231092283563373
1.3018777469613583 4.2917147666225812 0.99831921723211359 1.0908386197603632 0.019585265153287987 17.815318944538504 0.99933752913908802 0.21827519747158911 17.857324811843522 1 0.512490422509148
2.1141328897896949 3.95526444183256 0.99775138411270459 1.1064944745946441 0.0022050607898485442 17.801243332005644 0.99911625422230033 0.22139718527135094 17.85743435367749 1 0.51244041968055853
2.8451442327381327 3.4668182783977159 0.99699835217923083 1.1169141934951201 -0.020364095655738504 17.782577320944004 0.99882244212820226 0.22355162551541569 17.857575255918878 1 0.51245343108212671
3.4668182783977142 2.845144232738134 0.99649457980239675 1.1345247688827675 -0.037721363386488939 17.773905327313237 0.99884005136888609 0.22716212370176417 17.861500720861063 1 0.51245343108213126
3.9552644418325587 2.1141328897896967 0.99617135555694847 1.122845704663159 -0.058579230849624617 17.777844257179666 0.99938556935751621 0.22494365968567637 17.873575030087217 1 0.51244041968056109
4.2917147666225812 1.3018777469613596 0.99213983507368209 0.89797336836014319 -0.081638880909187056 17.761132382794393 1.0025032532964226 0.18011007306716689 17.958440050436902 1 0.51249042250914667
4.4632279896667253 0.43958785188666855 0.98830634043450183 0.51059734628655307 -0.049324874012985076 17.744727828370532 1.0054622910773809 0.10231579353147656 18.039360110676618 1 0.51231092283563562
0.50034594477976624 5.0801176958662682 0.99944179764122665 1.0632878765716023 0.023619307287776 17.843588987668522 0.99979907245496213 0.21273140826875012 17.857542801029091 1 0.66076589227954996
1.4818181360004321 4.8848985940236398 0.99883288761175293 1.0779385362000011 0.010854995079671895 17.827809246674111 0.99952387345472204 0.21564998243712316 17.856979977957621 1 0.66099740649611138
2.4063399695688625 4.5019454370926253 0.99834928996103367 1.0923131656404903 -0.0047680779205552769 17.816481339475391 0.99937262838755336 0.21853327586793422 17.857736833954039 1 0.66093291409086075
3.2383888068205349 3.9459881783354653 0.99779228502301276 1.1024898502242029 -0.02632318890386388 17.800876697240952 0.99905472206573431 0.22066513015463279 17.856041789190026 1 0.66094969587314101
3.9459881783354644 3.2383888068205366 0.99707321819868688 1.1168776789698229 -0.046784929733424782 17.787765180875976 0.99903881770780911 0.22367895131095386 17.860907286243243 1 0.66094969587314112
4.5019454370926235 2.4063399695688639 0.99696215030199364 1.1326795066467557 -0.064647726884977025 17.787151116192558 0.9991156245534244 0.22700497937723366 17.863076407907773 1 0.66093291409086108
4.8848985940236398 1.4818181360004339 0.99355570989599251 0.96378790076615428 -0.096005104567971733 17.770823410472804 1.001620845236687 0.19355475047242396 17.932400852239066 1 0.66099740649611105
5.0801176958662673 0.50034594477976846 0.98841812374447269 0.58428320785428089 -0.064123852802941139 17.73643337423756 1.0048786480622993 0.11727256315823265 18.028073156573399 1 0.66076589227954707
0.56919388375287316 5.7791453121591285 0.9996356693173315 1.0530370492107486 0.014682425187216646 17.848555816025254 0.99988341284849369 0.21064015966941821 17.857663684995003 1 0.85170450807804943
1.6857173094843012 5.5570639304274092 0.99912839144885102 1.0654629822388939 0.002587504962592167 17.835242695203789 0.99964488891017333 0.21313107068033632 17.857028970867066 1 0.85200292194028326
2.7374539699958005 5.1214161611926032 0.99870466261645807 1.0780073784122559 -0.011875264700857169 17.826031198362216 0.99955250377926164 0.2156628164394849 17.858408535960244 1 0.85191979344812185
3.6839932876189336 4.488958809206113 0.99829257660339032 1.0871222029106959 -0.032374550864457383 17.813709258404913 0.9992739010557069 0.2175998445216917 17.856378435221409 1 0.85194142458828492
4.4889588092061139 3.6839932876189354 0.99752902197105975 1.0961695272791174 -0.056822419146982328 17.799609227584991 0.99924723365217483 0.21961093297633122 17.861367742757217 1 0.85194142458827615
5.1214161611926015 2.7374539699958023 0.99763662054507596 1.1245583047395586 -0.070805612526135653 17.800465796475073 0.99918754286054767 0.22544863582947081 17.859530237286364 1 0.85191979344812396
5.557063930427411 1.6857173094843043 0.99516383627702676 1.0093185041454447 -0.092224325021255424 17.790685919770429 1.0011199906363117 0.20259121085528911 17.911842952615689 1 0.85200292194028149
5.7791453121591276 0.56919388375287516 0.98977623879734911 0.67717270716446465 -0.061401863509175585 17.747140582908408 1.0041056075473616 0.13571185162612567 18.004313083944187 1 0.85170450807805154
0.64720879130581621 6.5712470900110969 1.0000651249679187 1.0394105219646343 0.0088108401992841381 17.859052913457386 1.0000418344052977 0.20788522456054911 17.857424742352183 1 1.0976472323478383
1.9167652596005607 6.3187267682985127 0.99968578402091479 1.0510728581326674 -0.0023419362295372067 17.848164699012827 0.99981137880071935 0.21023492164739219 17.856019110492774 1 1.0980318177842581
3.1126551527484616 5.8233682020705748 0.99933551041300173 1.0622111471836337 -0.015488901160315177 17.841219461977118 0.99977262731605732 0.21248897212532686 17.857830132904176 1 1.0979246846665189
4.1889291345473882 5.1042249188841859 0.99930641916476526 1.0729485919256669 -0.035240881829869945 17.837060464358501 0.99956866662011212 0.21475175516695993 17.854394911712735 1 1.0979525621297686
5.1042249188841859 4.18892913454739 0.9983795151477608 1.0764210563453047 -0.062611883880743277 17.819884287203045 0.99953324751666339 0.21569844119427156 17.860390640182867 1 1.0979525621297668
5.823368202070573 3.1126551527484634 0.99872721909053241 1.1143286397259602 -0.078506964998372591 17.823120834849661 0.99936674060677344 0.22348891689815822 17.854928310586359 1 1.0979246846665238
6.3187267682985127 1.9167652596005629 0.99674034334500838 1.0556391172272193 -0.13226467632061029 17.807694161138762 1.0004921328098546 0.21272622159952576 17.889278974145849 1 1.0980318177842501
6.5712470900110942 0.64720879130581832 0.98687316341062292 0.75697974408456337 -0.10121091448628515 17.670193923449148 1.0026930464382857 0.1525379229822395 18.000121682001637 1 1.0976472323478268
0.73561135641982445 7.4688169415931274 0.99996289286416418 1.0257530854985204 0.0018855584661587879 17.857557014672743 1.0000603011392672 0.20514477845929982 17.858484755894999 1 1.4126994257382655
2.1785771631877018 7.1818047457238778 0.99966893789209976 1.0358592219316689 -0.0076394866616614878 17.849198101196752 0.99988611701722752 0.20718927634243156 17.85747425943784 1 1.4131943968083764
3.5378142413064526 6.6187849108388912 0.99935187713041806 1.0440937462305029 -0.019765337056619973 17.842721007423997 0.99984039478656928 0.2088728320450268 17.858923594156416 1 1.4130565138078928
4.7610970122853402 5.8014134951360727 0.99939219565110249 1.0536773668160884 -0.037816615959773842 17.841326163668857 0.9997218994287318 0.21090048170488457 17.856518894154235 1 1.4130923927999053
5.8014134951360683 4.7610970122853429 0.99868165502963024 1.0546270017612811 -0.063131092285064971 17.826489226367311 0.9996012148565433 0.21134511657182536 17.859443403125372 1 1.4130923927999399
6.6187849108388885 3.5378142413064548 0.99841451088109034 1.0704853603996554 -0.090322369505032959 17.821176308712793 0.99957068067200938 0.21490395296664713 17.860809099138887 1 1.4130565138078668
7.1818047457238761 2.1785771631877044 0.99828052786678878 1.0565092037576469 -0.16253945516934468 17.828484139336211 1.0001147802433432 0.21377554907134561 17.871490681733679 1 1.4131943968083807
7.4688169415931283 0.73561135641982789 0.99061277388492086 0.90584761290521909 -0.11840261698015453 17.730283448281586 1.0023047332224222 0.18250041286830226 17.965949936359721 1 1.412699425738307
