TITLE="WCNS step 12114 time 8"
VARIABLES="X","Y","rho","u","v","p","T","mach","entropy_proxy","jacobian"
ZONE T="CylinderZone1", I=12, J=32, DATAPACKING=POINT, SOLUTIONTIME=8
0.52558950866491683 -0.034448944338808608 0.028976831449409532 -0.11374342454322728 -0.22940833409094818 0.0059091090682567163 7.1373855189000004 0.47922442434979412 0.84071878936045985 0.0037555925766887075
0.51659659468064756 -0.10275745369003549 0.029305454265633579 0.0077794294759549291 -0.14857520977819075 0.0055265478291349852 6.6004495976140527 0.28955036132491541 0.77397350153475963 0.0037558630491548411
0.49876447148121666 -0.16930772401403965 0.021935849098021362 0.44815589900917929 0.5466533939312046 0.0021347061241788778 3.4060552629400975 1.9150820244821438 0.44845809343772752 0.0037557903348240359
0.47239837975688048 -0.23296110024170449 0.026068793099951981 0.61494490642323718 0.81788871767923876 0.00058598367087465812 0.78674253849506193 5.7682968230562155 0.096675453667258146 0.0037558094721364373
0.43794942078132948 -0.2926284474552146 0.048644929933156028 0.69978620737037001 0.69502270108482889 0.0016412972636022077 1.180912465993109 4.5379885718068023 0.11306667747453553 0.0037558085195950356
0.39600702579369118 -0.34728884080083267 0.088547120767012807 0.74952853846864753 0.60804033721170669 0.0034521486680890909 1.3645300062716503 4.1311532532535935 0.10281234592861378 0.0037558085632903452
0.34728884080083278 -0.39600702579369118 0.13669658481338626 0.79778229012523227 0.49566016702754712 0.0067016852784362408 1.7159096170385586 3.5850108175464488 0.10867341097504231 0.0037558085632901669
0.29262844745521455 -0.43794942078132948 0.22312267924042636 0.82281080450145838 0.39567155572052976 0.012263303337420515 1.9236754319091045 3.2913652586953916 0.10014891949569696 0.00375580851959522
0.23296110024170449 -0.47239837975688037 0.31285511903508878 0.836172592466919 0.28546540821795713 0.020579839085167372 2.3023256561756029 2.9115335060245395 0.10470354909987836 0.0037558094721364334
0.16930772401403962 -0.49876447148121655 0.45953030312879495 0.83289441045930268 0.18430870989967782 0.033148769442753308 2.5247669661215344 2.6842960307752168 0.098452691444307142 0.00375579033482412
0.10275745369003556 -0.51659659468064756 0.60966057331414025 0.81264920931271356 0.073008751984934811 0.051201437814167416 2.9394230167486763 2.3795109173368783 0.10236672343955588 0.0037558630491547596
0.034448944338808719 -0.52558950866491672 0.85012386839226539 0.77771814527591432 -0.034566136314698535 0.077533171247044133 3.1920771686053482 2.1786329948001164 0.097322320194330986 0.003755592576688547
0.58213804693815918 -0.038155330054848148 0.03709711230961734 -0.060124939973402333 -0.09373402915502474 0.0074767675773033089 7.054103369158466 0.20964223927727696 0.75272741479636263 0.0044987895583587329
0.57217757912672307 -0.11381319910933096 0.037098790017947726 0.49352710001547073 0.30635391153385039 0.0056533690077935125 5.3335409313386011 1.2576178815943591 0.56911979362423393 0.0044991135548203397
0.55242688547523389 -0.18752365898519846 0.0460298091736333 0.68815736388427662 0.67698449688407369 0.0016463143914785257 1.251819303085822 4.3139639672589976 0.12253437231392683 0.0044990264509971187
0.52322404773064968 -0.25802554592795462 0.06244106002331111 0.69691807716094512 0.67176078312631571 0.0023118403892688276 1.2958526570300084 4.2515971271745219 0.11227924218910844 0.0044990493754063828
0.48506870146428183 -0.32411254424168695 0.10895150605032641 0.77749773849284409 0.567120678695342 0.0045407798761008854 1.4586975550601513 3.9840338893436469 0.10115885755547385 0.004499048234366
0.4386136952294088 -0.38465388706246989 0.15948910660522572 0.81864309526151569 0.46821364880853844 0.008174900639902092 1.7939878665362441 3.520537278758153 0.10682159231214139 0.0044990482867079146
0.38465388706247 -0.43861369522940885 0.25026177234478603 0.84139948191644087 0.36951223589173443 0.01428440906295322 1.9977254695803615 3.2508727386682188 0.099336752118408894 0.0044990482867079381
0.32411254424168706 -0.48506870146428194 0.3465006114810118 0.85267402106264933 0.26753175505870402 0.023134825270851585 2.3368469110746748 2.9229854727575995 0.10201889524277273 0.0044990482343659792
0.25802554592795462 -0.52322404773064968 0.49290316552117286 0.84785768078146639 0.1701714500380877 0.036773273101626675 2.6111915021627898 2.6757741983773475 0.099007030936374557 0.0044990493754064114
0.18752365898519849 -0.55242688547523389 0.66561119665081925 0.82764478991719337 0.072029650245894111 0.056319559999300779 2.9614655039049751 2.4137882100788821 0.099575016435319505 0.0044990264509970467
0.11381319910933102 -0.57217757912672296 0.90759382987802562 0.792016443587512 -0.019722515128604113 0.084913247901208869 3.2745525317243116 2.1890860380162871 0.097258441084842051 0.0044991135548203961
0.038155330054848238 -0.58213804693815896 1.178630966434226 0.74226942340574675 -0.10326248550183061 0.12274921713253155 3.6450956384593858 1.9626350206709722 0.097519113542983066 0.0044987895583587989
0.64328160297155379 -0.042162889040988617 0.061481574325523355 0.22982858382439383 0.067841620961949109 0.012339855157386509 7.0247864468432866 0.4520629231126595 0.6124449958482594 0.0053749747213132568
0.63227495990160221 -0.12576731163243934 0.051414267719965677 0.69201540970847941 0.57168690720372206 0.0032570954753005353 2.2172510972258412 3.014062668403592 0.20764112476783275 0.0053753618193910632
0.61044979671435595 -0.20721978331697014 0.061175150680605105 0.71702072202315204 0.68129156859264572 0.0020956161506885933 1.1989601068512568 4.5164638739367247 0.10473857719964473 0.0053752577512096531
0.57817970481010705 -0.28512667685123388 0.097981120695300156 0.78124987020162984 0.57384905639001826 0.0043086233030634373 1.5390905347670132 3.9068067265214173 0.11136254884048404 0.0053752851403815307
0.53601679785485867 -0.35815497389252354 0.16570872664610539 0.82446086422391907 0.48123330365690076 0.0079937810708199872 1.6883983290802478 3.6734005453295775 0.099007642098323398 0.0053752837771118694
0.48468249487638099 -0.42505514003119349 0.23207760408002201 0.85179454433768464 0.37493630580917681 0.013507397486544434 2.0370725275451242 3.2603077366567028 0.10439631160803034 0.0053752838396478536
0.42505514003119355 -0.48468249487638088 0.34761075063957819 0.86287806471051365 0.28063887752928907 0.022227578226500681 2.2380356064210734 3.0326338594032629 0.097580191940422764 0.0053752838396478719
0.35815497389252365 -0.53601679785485856 0.4651296502082588 0.86038547305690727 0.17588307184174906 0.034637086700852353 2.6063658438180961 2.7197893474419019 0.10114344031368969 0.005375283777111846
0.28512667685123405 -0.57817970481010705 0.65672806653888771 0.84156953631614384 0.084570517896107089 0.053176890521019683 2.8340362793987541 2.5121130300662924 0.095803887203921981 0.0053752851403814916
0.20721978331697022 -0.61044979671435584 0.85373894597378319 0.80645030794895312 -0.0086054904590222962 0.078507257523162441 3.21849439265704 2.2477394201695549 0.097961330606523275 0.0053752577512096826
0.12576731163243943 -0.63227495990160232 1.1385840778688143 0.7600187045378568 -0.086265810897798306 0.11331300143579837 3.4832342408028651 2.0491920424729972 0.094486245994702719 0.0053753618193910753
0.042162889040988721 -0.64328160297155401 1.4251490689206689 0.7022555806771027 -0.15342057674506926 0.15595915565616655 3.8301750751846542 1.8364548151033198 0.094974379430801309 0.0053749747213132082
0.70939354805017341 -0.046496093335589024 0.088956516235191865 0.36847526818812759 0.18642732481551552 0.015773752110671353 6.2061931678051874 0.82881327728765342 0.46675194716976248 0.0064090998985405897
0.69725571985262103 -0.13869278868777674 0.068778506195826095 0.75485161524636379 0.59162798092742919 0.0030018529812381005 1.5275826714419101 3.8798966691542458 0.12733728434231895 0.0064095614728514032
0.67318752036012086 -0.2285163707999186 0.085047719902770089 0.76434125543469944 0.61135563685584848 0.0034828632642714455 1.4333154875892864 4.0876697657863792 0.10975104897238316 0.0064094373823382752
0.63760093606156054 -0.31442998525203647 0.14538819524968619 0.82519068958795883 0.50123230984484912 0.0068161075677022048 1.640874379161205 3.7686058160821414 0.1013901187764352 0.0064094700410850672
0.5911048229706104 -0.39496361548003067 0.21279559448380309 0.85311776476654766 0.40375689971670947 0.011652784306296913 1.9166160431052621 3.408786121750802 0.10169088389149009 0.0064094684155272851
0.53449474247341433 -0.46873930874255942 0.3062876739317052 0.87003097393344719 0.30157964735147419 0.019122343160819261 2.1851418352253602 3.1146093008071327 0.10022124190508047 0.0064094684900952636
0.46873930874255937 -0.53449474247341433 0.43107510279384875 0.87085848112268405 0.20397187002966011 0.030048431080195032 2.4397026872585905 2.8631643555933604 0.097599520607626666 0.0064094684900952506
0.39496361548003078 -0.59110482297061018 0.58257637250814154 0.85445655629874706 0.10687462946811861 0.04611923645427695 2.7707496396497944 2.5866178294006001 0.098262564584135167 0.0064094684155273545
0.31442998525203658 -0.63760093606156032 0.78569057814598819 0.8239707032232727 0.016967280949212772 0.068239827484127963 3.0398658528637479 2.3634511121216177 0.095650172359127261 0.0064094700410850533
0.2285163707999186 -0.67318752036012086 1.0258865462600617 0.77925934289858312 -0.065239732734745301 0.09854926628492397 3.3621888588996116 2.1323459246770877 0.095085507122502189 0.0064094373823382648
0.13869278868777679 -0.69725571985262114 1.3207935962133439 0.72683035812291152 -0.13239021477266361 0.13659818733692644 3.6197454056798501 1.9415632893041435 0.092528601849928879 0.0064095614728513738
0.046496093335589177 -0.70939354805017352 1.6288053618613798 0.66843983838493248 -0.18670638698119918 0.18221983106427075 3.9155654996293889 1.7536707121023127 0.092040458455307228 0.0064090998985405845
0.78087760483207302 -0.051181404310397423 0.1260228409203395 0.45160301990145235 0.24070801058145908 0.01921798352586521 5.3373612099435528 1.1075479670582487 0.34920370660461136 0.0076281951361490382
0.76751667388363209 -0.15266856166886369 0.10558441875096274 0.73409862717370911 0.53681602179016041 0.0042074757658374946 1.3947290082277202 3.8503198501290878 0.097944906590100855 0.0076287445079746292
0.74102317387368444 -0.2515434722878781 0.10907783204384454 0.82029566495394601 0.54927272626618828 0.0050315652330032426 1.6144873772187933 3.8847462064887823 0.11191080272979032 0.0076285968138110694
0.70185060628042939 -0.34611441624449141 0.188352881906825 0.84590828762186654 0.44042906243078545 0.009577687776292601 1.7797395421968505 3.5743933572186544 0.099151547766757414 0.0076286356846818285
0.6506691802239658 -0.43476324657811616 0.26024033424014126 0.87195843457343469 0.33806534362816476 0.015460062187103387 2.0792402436664599 3.2428161483828708 0.10178570410364045 0.0076286337499217221
0.58835462409429162 -0.5159731572236449 0.37739951367553354 0.87793347523414311 0.24205717646498476 0.024838030300102995 2.3034768940723889 3.0001938689045855 0.097184114492939913 0.0076286338386732403
0.5159731572236449 -0.58835462409429151 0.50515742356799165 0.86787756573471286 0.14082390999183886 0.037955305399121009 2.6297459476765384 2.7109086830474589 0.098735892183382107 0.0076286338386731857
0.43476324657811627 -0.65066918022396569 0.69972102265330471 0.841373329356771 0.051162934493077801 0.057181958527802154 2.8602378398906878 2.4920636991982086 0.094267965702953371 0.0076286337499216006
0.34611441624449152 -0.70185060628042928 0.90541588345592539 0.80185384270463633 -0.035206661809980416 0.082505574002682325 3.1893576640414283 2.2471487280295519 0.094819123753877257 0.0076286356846819291
0.2515434722878781 -0.74102317387368444 1.1758926153500022 0.75352051275125387 -0.10641102428401568 0.11592612212488293 3.4504972793619619 2.0483875019208919 0.092398853024755825 0.0076285968138110312
0.15266856166886375 -0.76751667388363209 1.4767516354223507 0.69947331934876711 -0.16472435892297699 0.15635282097476966 3.7056662725645362 1.8665031335713218 0.090588960597941637 0.0076287445079746465
0.051181404310397589 -0.78087760483207291 1.8232036756193111 0.64334320182896998 -0.2120035124380778 0.20548208701754916 3.9446350038637039 1.7052785048147172 0.088634889021092109 0.0076281951361489905
0.85817029933563249 -0.056247433382235673 0.16317294049191472 0.45732279913393747 0.22609026301129195 0.023070530950466513 4.9485446543987308 1.1466629029670927 0.2919780432498143 0.0090644524153283054
0.84348687898848107 -0.16777997531979935 0.12988620572090712 0.7415367715417942 0.49420215015535895 0.0058258902881781552 1.5698831045160448 3.5561279275149609 0.1014785047713245 0.0090651052243719676
0.81437100385863304 -0.27644170555465569 0.13623657533371392 0.8587824252913715 0.49509259636120778 0.0066833679618571711 1.716997640648555 3.7824990163127414 0.10888903959159218 0.0090649297219505109
0.7713210638306075 -0.38037345462966349 0.22580557841592411 0.85722677762982158 0.38957007165743546 0.012294433959333254 1.9056446308413857 3.4104645835802732 0.098737017596430138 0.0090649759115342
0.71507360654983998 -0.47779690843651279 0.30696990630473686 0.88394651727334006 0.28450765308416043 0.019275867142911421 2.1977898661500643 3.1318982016100025 0.10071167104539443 0.0090649736124922085
0.64659104160514613 -0.56704512466968349 0.44041900639234299 0.87846216071669403 0.19058104952036059 0.030352288099455033 2.4120895486806733 2.8938999609497058 0.095670702271453023 0.0090649737179540387
0.56704512466968371 -0.64659104160514613 0.58177153950605454 0.85821950037408268 0.090547323270083982 0.045710621528954644 2.7500000312538262 2.6019914040166543 0.097580640912662456 0.009064973717954089
0.47779690843651279 -0.71507360654983987 0.79733747090661977 0.82516951863553334 0.0054982228620062993 0.067294784602159013 2.9539781391568618 2.4005965805710945 0.092402211056212477 0.0090649736124921963
0.38037345462966365 -0.77132106383060739 1.0224767023088754 0.78119096445502068 -0.073217988197181699 0.095103907313144359 3.255464642792496 2.1743023855202233 0.092189948111234793 0.0090649759115342746
0.27644170555465569 -0.81437100385863315 1.3032335136613498 0.7321758215303853 -0.13808925471404057 0.13054068378533246 3.5058367359097309 1.9896622592162247 0.090097916419272117 0.0090649297219504987
0.16777997531979941 -0.84348687898848107 1.6423298974708209 0.68001750364340352 -0.19139463598917689 0.1743735490571795 3.7161073545310463 1.8323160827047622 0.087063485223983092 0.009065105224372004
0.056247433382235826 -0.85817029933563249 2.0365054761874739 0.62837619943969902 -0.23410482917711065 0.22611389954453592 3.8860619665598581 1.700819011094671 0.08353864846429003 0.0090644524153282412
0.94174362872637962 -0.061725116868924602 0.20387522030016689 0.4586858214165207 0.16068760848688118 0.028181966128284407 4.838100540106292 1.1048024588639236 0.26113258500044784 0.010755486020047438
0.9256302563916039 -0.18411930931146553 0.1471619928697582 0.7603508187147886 0.45292371734405867 0.0086836893820844505 2.0652691780346153 3.0792030116835369 0.12699609166344775 0.010756260614939771
0.89367891768930341 -0.30336311466604632 0.16786335673982866 0.87787913427953046 0.44786630084893786 0.0082889664560374821 1.728273706003933 3.7482676928538372 0.10082358075832848 0.010756052371379853
0.84643653844379441 -0.41741630735932733 0.25511546790261774 0.86793026085887559 0.34358585757401339 0.014996347125069517 2.0573905343270531 3.2539359093625859 0.1015205535349052 0.010756107177936212
0.78471139534896805 -0.52432739130402606 0.356211952936409 0.88868399189723946 0.24115549243587522 0.023091128664205211 2.2688444217877164 3.0566369475070214 0.097961015243057073 0.010756104449992471
0.70955962271661943 -0.62226708821249599 0.49119929307518706 0.87411862719821609 0.14490070340529196 0.035635958347368935 2.5392107814986549 2.7802091633738542 0.096411228387578388 0.010756104575129308
0.62226708821249599 -0.70955962271661965 0.66531364335029686 0.84664936283806047 0.050650647513353166 0.053248071546144173 2.8012089046640503 2.5338250503084203 0.094203466132706387 0.010756104575129068
0.52432739130402606 -0.78471139534896817 0.8785867291076338 0.80941902724505821 -0.032379884652417215 0.076503933042598338 3.0476645787530527 2.3201018719051314 0.091703364128636278 0.010756104449992613
0.41741630735932744 -0.84643653844379441 1.1342972156752082 0.76437922162826244 -0.10453824262020842 0.10673819223159151 3.2935254292566674 2.1255550404171748 0.089475107874899262 0.010756107177936163
0.30336311466604632 -0.89367891768930341 1.4454194449085906 0.71587752015172235 -0.16630592782185563 0.14474073286790176 3.5048135424442353 1.9628631677403707 0.086417026203365679 0.010756052371379887
0.18411930931146553 -0.9256302563916039 1.8312002065103277 0.66815137989250584 -0.21499104221190465 0.19069771972759597 3.6448336777648964 1.8382274645210985 0.081755191451378856 0.010756260614939624
0.061725116868924783 -0.94174362872637962 2.26519411216516 0.62218568573806343 -0.25442274011004679 0.24359269794047703 3.7638030105798803 1.7324143098921108 0.077538370834455347 0.010755486020047769
1.0321079436246354 -0.067647904905641709 0.24188136729009552 0.50266612489857143 0.094133868851248609 0.03388922973415686 4.9037387738122282 1.1547042548206319 0.24718283960820009 0.012745348818360785
1.0144484245389631 -0.20178634175847204 0.17322385487007921 0.77578820110704694 0.39808483019521018 0.011902729950463434 2.4049548379974808 2.8113468151531973 0.13854657745519136 0.012746266720357519
0.97943121871121142 -0.33247209845526721 0.19217328456901556 0.88891365830404612 0.407356172618906 0.0098886501511753627 1.8009930761287429 3.6430667419164138 0.099532931210869979 0.012746019949843663
0.9276557318295432 -0.4574691810834613 0.28773836686818055 0.87665109088623183 0.30364860023106716 0.017704760583671059 2.1535766207296025 3.1609722879729825 0.10127288317320231 0.012746084896112016
0.86000779818151263 -0.57463883918889846 0.40306588159631745 0.8880503225140578 0.202838104221639 0.026883348817408469 2.3344005299813846 2.9810065345608261 0.095930545510579709 0.012746081663473845
0.77764489266738823 -0.68197626743582818 0.54495399039229231 0.86681777496462253 0.10590165710814968 0.04080870155967016 2.6209635643776825 2.6970224237055938 0.095466061278849768 0.01274608181176182
0.68197626743582807 -0.77764489266738812 0.74251523102449912 0.83542000585920861 0.017422172753047832 0.060161505605646558 2.8358377121357186 2.4810105236647417 0.091270658331164004 0.012746081811761897
0.57463883918889858 -0.86000779818151274 0.95936723237874133 0.79524787573814582 -0.063360026979077291 0.0849351084222012 3.0986349036203018 2.2660076722824716 0.090013658263342622 0.012746081663473791
0.45746918108346141 -0.92765573182954297 1.2492102788425545 0.75091133164302593 -0.1308500273393895 0.11730315754351033 3.2865647835463672 2.1022437441768358 0.085905295057236833 0.01274608489611196
0.33247209845526732 -0.97943121871121142 1.6033086847057711 0.70605938222337761 -0.18838330559530761 0.15715431728082041 3.4306563367931115 1.9726740309524617 0.081152576594651513 0.012746019949843772
0.2017863417584721 -1.0144484245389631 2.0322445985487927 0.66340082633900621 -0.23526309807189263 0.20536448492838083 3.5368562278561675 1.8713755300257404 0.076095499329579333 0.012746266720357585
0.067647904905641876 -1.0321079436246354 2.5455855693779199 0.6199246648005966 -0.27966507552979436 0.26665879796898445 3.6663697466438756 1.7758927351788711 0.072086366676325203 0.012745348818360392
1.1298150646231575 -0.074051965712207804 0.27672187432204559 0.55830677676955665 0.061532962574791177 0.038127200261548783 4.8223582288700735 1.2788952375419693 0.23034247483999454 0.015085622032438356
1.110483762291617 -0.22088895852625334 0.19896789003493076 0.80268952731753962 0.35109179065447871 0.014386682889927515 2.5307294585443998 2.7536441458699819 0.13793182382359315 0.015086708477602772
1.0721515636978696 -0.36394641444426984 0.21618297522339433 0.89515611821914975 0.37290145750559434 0.011599850151433369 1.878014466458207 3.5380796438084494 0.09901529680440474 0.015086416395624035
1.0154746187925974 -0.5007766635084514 0.32070504556864038 0.88193310762018629 0.26844554334780713 0.02028903756412645 2.2142349295926032 3.097662894158185 0.099704173223579509 0.015086493267184666
0.94142262161702928 -0.62903848501848225 0.44791468638230136 0.88302052322859481 0.16816674413188848 0.03058510581601202 2.3899165063690719 2.9072725246739122 0.094153520612872438 0.015086489440976729
0.85126262237393235 -0.74653728364742988 0.60172459711222848 0.85806865350383588 0.07252807278110257 0.045754302797703407 2.6613513954958861 2.6392881644263393 0.09316978026632651 0.015086489616492919
0.74653728364743011 -0.85126262237393235 0.81022460384125849 0.8243303784442807 -0.012224136082960965 0.06636472277581279 2.8668165391285862 2.4345522776982711 0.089102458375258736 0.015086489616493013
0.62903848501848225 -0.94142262161702917 1.0505688340049559 0.78385050589154026 -0.089531763397254563 0.092835671733258102 3.0928468483561402 2.2430486315350846 0.086640423420050294 0.015086489440976559
0.50077666350845162 -1.0154746187925972 1.3781571230701049 0.74285305001462909 -0.15404877865443523 0.12738274592223017 3.2350419469144969 2.1089970963064939 0.0813003431677672 0.015086493267184663
0.36394641444426984 -1.0721515636978696 1.7748089425285347 0.70209007758685549 -0.20976800870657417 0.1700094277004813 3.3526594444340891 2.0009460080100481 0.076148394962426966 0.015086416395624061
0.22088895852625343 -1.110483762291617 2.2646395899947231 0.66128817708051957 -0.26002239710239355 0.22495002501026343 3.4766021497773218 1.9054654754805185 0.071628740113879333 0.015086708477602743
0.074051965712207984 -1.1298150646231575 2.8557122520830776 0.62354447382952893 -0.30594357551003259 0.29196354961932403 3.578345198621899 1.8358477850471404 0.06719367775953379 0.015085622032438293
1.2354616520461781 -0.08097640645868584 0.30872928979489972 0.60982227398905886 0.053472247221723807 0.041182344404416205 4.6687570641266047 1.4165628020913805 0.21345291930287053 0.017836695028521796
1.2143227210276792 -0.24154381204912379 0.22457173447994858 0.82373681093058382 0.3179743038504344 0.016374325726236767 2.5519747671734079 2.7636411805009691 0.13251538258321444 0.017837979602072392
1.1724061606240623 -0.39797826434149702 0.23947045581558757 0.89729734147045093 0.34230538734043181 0.013237217258024517 1.9346962946380164 3.4522588938105216 0.097913816671981554 0.017837634254882658
1.1104294759628843 -0.547603217001434 0.35348894019492394 0.88343111851296252 0.23672893310955087 0.022790280420640158 2.2565340048273312 3.0442459199627607 0.097729011600515669 0.01783772514504146
1.029453035098767 -0.68785852679418213 0.49091468808967842 0.87632141720557122 0.13665666319818728 0.034010329752059004 2.424782898017114 2.8478327773981391 0.092087865347016906 0.017837720621071355
0.9308623673858063 -0.81634438648306851 0.65608136455857147 0.84940230489797119 0.044104918487159785 0.050236819055986211 2.6799856848336243 2.5977770757833007 0.090631955278726362 0.01783772082859568
0.81634438648306884 -0.9308623673858063 0.8770016810542548 0.81482545484684021 -0.038172048304528722 0.072128318728241159 2.8785476782533763 2.4039416080557983 0.086677267748016998 0.017837720828595704
0.68785852679418213 -1.0294530350987665 1.1521172287943529 0.77640859913041582 -0.11229761149252014 0.10067004216520201 3.0582404151260718 2.2429540247852455 0.082566696908873471 0.017837720621071279
0.54760321700143422 -1.1104294759628839 1.5134318783139316 0.73854703058891247 -0.17430395597484358 0.1370781750426032 3.1701037821210556 2.130991707469458 0.076739733274094946 0.01783772514504153
0.39797826434149702 -1.1724061606240623 1.9558585687453047 0.70016346327830759 -0.23069027621624441 0.18336021731380209 3.2812227334638884 2.0348420212460536 0.071685726195647073 0.017837634254882759
0.24154381204912381 -1.2143227210276797 2.5372456292146635 0.66448117494235381 -0.28437926704852801 0.24438643237006469 3.3711852827464717 1.9682628859051157 0.066369656999829607 0.017837979602072347
0.080976406458686048 -1.2354616520461781 3.1438002931374234 0.63924744704943859 -0.32351441687349153 0.30307100681976706 3.3740963923972052 1.9501877233894214 0.06096877393597374 0.017836695028521921
1.3496928495276665 -0.088463512078033477 0.33800984957617575 0.64912457817249591 0.04904200334775121 0.043495512134305234 4.5038418998801397 1.5337071104573976 0.19858358683849645 0.021069261828179701
1.3265994058784254 -0.26387703368244381 0.24835086669360176 0.83640950230938604 0.29215122682927325 0.018036359406180785 2.5418577633902051 2.7785021017569069 0.12678180451553925 0.021070779206619764
1.2808072262831649 -0.4347754677448078 0.26160548677521883 0.89799393991135756 0.31439904552394704 0.014748241670662299 1.9731560843435478 3.3866562842899084 0.096390594256407114 0.021070371271722062
1.2131001566334658 -0.59823479356165199 0.38340343282732409 0.88363560417708487 0.20764397401976414 0.025004160771515613 2.2825711799852235 3.0040174024043989 0.095696022416896717 0.021070478634019157
1.1246366069688629 -0.75145815619863654 0.52791891720304251 0.87137657449830319 0.1081038213874356 0.036895539074842026 2.4461026573885434 2.807082819728286 0.090235981329438678 0.021070473290164298
1.0169302131508478 -0.89182386143950076 0.70505630670272534 0.84291318888909561 0.018736869277093594 0.054315081558252098 2.6962780624175258 2.5673068731899789 0.088594571841537115 0.021070473535298156
0.89182386143950088 -1.0169302131508475 0.9474933615668969 0.80872087432022843 -0.061433601807448897 0.077827477786328106 2.874913777908457 2.3916944468398689 0.083931756109721409 0.021070473535298045
0.75145815619863665 -1.1246366069688629 1.2564405625292501 0.7726855705834591 -0.13243705907253045 0.10796380277704518 3.0074905299143042 2.2602578586237563 0.078429499791353302 0.021070473290164329
0.59823479356165199 -1.2131001566334654 1.6609825813364536 0.7368193436092777 -0.19506616340644378 0.14694607673192514 3.0964278240949095 2.1657595074844789 0.072218237670639257 0.021070478634019417
0.43477546774480769 -1.2808072262831649 2.2061307813435427 0.70232580114155208 -0.25738790749989332 0.20069808147526583 3.1840509654372631 2.0959646363330435 0.066291747129133258 0.021070371271721965
0.26387703368244392 -1.3265994058784256 2.8604193955228117 0.67806652727126548 -0.30700648194175884 0.26216996693242961 3.2079033051269605 2.0779012831722867 0.060197899757460469 0.021070779206619681
0.088463512078033699 -1.3496928495276665 3.0708447077559433 0.69253373619002567 -0.31939694635277782 0.26823215927327626 3.0571801761714572 2.1808619557474853 0.05576347746985065 0.021069261828180308
1.4732062236587791 -0.096559003484148628 0.36430535842336692 0.67773117672424399 0.044882897639294025 0.045277788713898925 4.3499843377863296 1.628298037760276 0.18613730673716247 0.024866071266901445
1.4479994479677905 -0.2880250039389608 0.26940745001942717 0.84507611484759071 0.26846944381119042 0.019454614612254256 2.5274412814526035 2.7887149782070382 0.12202510507059779 0.024867862086186465
1.398016724862865 -0.47456273121692799 0.28114226830367384 0.90034461959193945 0.28708471904374538 0.016034852476914982 1.9962129475788386 3.3442717219048479 0.094747632406978921 0.02486738063893314
1.3241136317046387 -0.65298058102084122 0.40940315627055379 0.88502806058904193 0.18041724976006643 0.02688205260746284 2.2981548282105426 2.9790574654341273 0.093853563212970004 0.024867507348571169
1.2275545871942906 -0.82022575204306825 0.5594396310637374 0.86856334965002713 0.081618150903518663 0.039326512346432876 2.460369008993347 2.7808682712850441 0.088681067551829112 0.024867501041720547
1.1099917433546187 -0.97343663303829731 0.75351685798252521 0.83903055180103747 -0.0042715949580064156 0.057929509082857218 2.6907597279081901 2.5575017997464311 0.086093365638482064 0.024867501331029166
0.97343663303829742 -1.1099917433546183 1.0206002627999664 0.80598960049050217 -0.082016896479861753 0.082500283931574867 2.8292271125177741 2.4082552867021052 0.080178420607035283 0.024867501331029277
0.82022575204306847 -1.2275545871942906 1.3665121343374631 0.77174737563650542 -0.15208589926886812 0.11439229648493651 2.9298900991367494 2.297697579571119 0.073881871716678149 0.024867501041720644
0.65298058102084133 -1.3241136317046385 1.8379771272323635 0.73816712905697057 -0.22060025809125339 0.15858273746442522 3.0198394327966875 2.2167087190557218 0.067636288340087267 0.024867507348570905
0.47456273121692788 -1.3980167248628652 2.444337355166994 0.71279609124248955 -0.28384224922695594 0.21474322334010063 3.0748672203859861 2.1876781850844966 0.061446035138891859 0.024867380638933241
0.28802500393896097 -1.4479994479677907 2.9207347069228189 0.70523170883627928 -0.31752834458637857 0.25292022186049884 3.0308154091466575 2.2212874228001933 0.056402012199227344 0.02486786208618668
0.096559003484148864 -1.4732062236587791 2.2975356479883557 0.78040783193495877 -0.24331414631530604 0.16686214174338221 2.5419300718862252 2.5636211165902481 0.052070368564360321 0.024866071266900731
1.6067560237624181 -0.10531231677214718 0.38667754191776327 0.70185017070758426 0.037854950452657271 0.04657519568054707 4.2157396548380639 1.7116237556291016 0.17614331254169041 0.029323973742269291
1.5792641913015586 -0.31413518531286699 0.28882614131897971 0.85243510662343547 0.24318985095628465 0.020880761479788429 2.5303341577168688 2.7863358399729301 0.11881061256884808 0.029326085613387048
1.5247504103093534 -0.51758302048318972 0.29783793769027495 0.90361552659788691 0.26155248606600184 0.017135157705613344 2.0136135903778865 3.3146415786256833 0.093393377884143439 0.029325517853950364
1.4441478183573935 -0.71217489113603527 0.43174594796421067 0.88603991732243848 0.15585128024707257 0.028453672603720337 2.3066308897039063 2.9617666819368194 0.09221864817762486 0.029325667279650001
1.3388354568399206 -0.89458125194936033 0.58854447463541659 0.86585814755221269 0.058045172849211436 0.041403990371219897 2.4622432524922768 2.7651898888573978 0.086966340860659255 0.029325659842129089
1.2106152494606006 -1.0616810795170515 0.80437554131208044 0.83750400510372613 -0.024803880383807139 0.061090349037560346 2.6581641338439672 2.5695459200340771 0.082857191278758582 0.029325660183304406
1.0616810795170517 -1.2106152494606002 1.0970424390699143 0.80630094327584778 -0.10203771897076327 0.086556393949617699 2.7614918777494748 2.4453743266966099 0.076030238856730895 0.029325660183304299
0.89458125194936033 -1.3388354568399206 1.4890956359749061 0.77338691355869782 -0.17411692288997341 0.12185208617001847 2.8640356659534474 2.342146694061626 0.069781667274948195 0.029325659842129426
0.71217489113603538 -1.4441478183573933 2.0382616976167962 0.74461986861762097 -0.24651315632302198 0.17174494405474508 2.9491173987117634 2.2837146505534838 0.063375301735990625 0.029325667279649525
0.51758302048318972 -1.5247504103093537 2.6581115716488521 0.72958727791182121 -0.29950930488747873 0.22390283872380987 2.9481829997821318 2.296620153445676 0.05697142878487519 0.029325517853950565
0.3141351853128671 -1.5792641913015584 2.6181618324600646 0.76993824155698076 -0.28259675064813944 0.20003351134553957 2.6740795022298145 2.5077401119242921 0.051988546567779487 0.029326085613386666
0.10531231677214749 -1.6067560237624181 1.670003605435552 0.8983064631562101 -0.12102091788385837 0.069693187364995246 1.4606325083730773 3.7499880815972619 0.033992722963365772 0.029323973742269666
1.7511577878077367 -0.11477690510584314 0.40107385435511 0.72381357591843032 0.028324582908636205 0.04694639798468804 4.0968113724870738 1.7893941691779844 0.16868955161522972 0.034556314759695041
1.7211952198739888 -0.34236702277731368 0.306350203784099 0.85949336209950022 0.21757425976478711 0.022236544654917569 2.5404881488144415 2.7812582056436144 0.11650963990296416 0.034558803456613219
1.6617821971651594 -0.56409904413105139 0.31184119553948503 0.90551229148324586 0.23913269585169766 0.018029014350274222 2.0235155284782147 3.2919288351219302 0.092143584516278618 0.034558134390613428
1.5739357198364805 -0.77617920110464844 0.45217019242988959 0.88577753614214394 0.13355343901620845 0.029797639135556511 2.3064708512493399 2.9491839447597106 0.090523045080891748 0.034558310478668634
1.4591587659639766 -0.97497871674981496 0.62109704642283248 0.86387584309250098 0.036746392181586415 0.043470252027185748 2.4496313870881483 2.7622533505753304 0.084677671772303925 0.034558301714054836
1.3194152010505893 -1.157096076236223 0.86077381356160287 0.8376218482796719 -0.043391737207380487 0.064104219324831666 2.6065473166716524 2.5975693464885943 0.079075500719420794 0.034558302116106755
1.157096076236223 -1.3194152010505893 1.1799496635512003 0.80727275230745998 -0.12096864593587857 0.090565778432489835 2.6863876822088359 2.4901641018820051 0.071838168449633075 0.034558302116106797
0.97497871674981484 -1.4591587659639766 1.641648809071784 0.7768879657315354 -0.19804093200739378 0.13058721078654442 2.7841231007791754 2.4024553055263809 0.065239149031603008 0.034558301714054551
0.77617920110464866 -1.5739357198364803 2.2599506541418459 0.75830149531569979 -0.26840972478046099 0.18211061357355393 2.8203586908693064 2.3949241616750627 0.058156293353930397 0.034558310478668912
0.5640990441310515 -1.6617821971651592 2.6880722762785134 0.76249459058157121 -0.30201321464939601 0.20953140581663704 2.7282001531567071 2.4826388309662044 0.052484589934075856 0.034558134390613504
0.34236702277731379 -1.7211952198739886 1.9852970436852977 0.84642157060938339 -0.2013169377007068 0.11968786555967396 2.1100496288401858 2.994742984757782 0.045824151052285482 0.034558803456613225
0.11477690510584343 -1.7511577878077367 1.1406722416724433 0.97155640918346065 -0.030436037518625201 0.037788726630118799 1.1594964638733851 4.5135297758526347 0.031429468398520628 0.034556314759695568
1.9072933225911521 -0.125010565135943 0.41130241874460671 0.74942908020848142 0.021849775744262039 0.046849590969957146 3.9866910756861103 1.8774948564213729 0.16250997918618701 0.04069573397874518
1.8746592526372017 -0.37289291745437875 0.32213209914455704 0.86646573276333072 0.19542463677488589 0.023309755650720517 2.5326300889615077 2.7906789026779162 0.11383874971370282 0.040698664827952619
1.809948886571692 -0.61439485787178605 0.3249643792291057 0.9069034235025516 0.21822966770892646 0.018834520938689023 2.0285553565037269 3.2746181106094538 0.090862465328738734 0.040697876892893392
1.7142699016231702 -0.84538436096859981 0.47303966183323676 0.88591432301271555 0.11329339421895161 0.031127591491966727 2.3031170300739636 2.942566174232581 0.088774644240701361 0.040698084265487058
1.5892592833724661 -1.0619091032644157 0.65505091450232245 0.86341893730221997 0.018264863743912362 0.045468610064545355 2.4294315378338616 2.7703611755648589 0.082210369127296068 0.040698073943715801
1.4370559981573423 -1.2602642863865516 0.91710404352393382 0.83802536814543194 -0.059763629136535948 0.066786084026670758 2.5487979853231146 2.6312434461509278 0.0753876018079562 0.04069807441719768
1.2602642863865519 -1.4370559981573423 1.2832617764508394 0.80814220106982482 -0.14183931999173635 0.095901781727741553 2.6156489802185088 2.5366249830807446 0.067637152243423537 0.040698074417198138
1.0619091032644161 -1.5892592833724661 1.8439867218839199 0.78428755307040066 -0.22327275289049922 0.14170167352383337 2.6895847509307473 2.4861331988864617 0.060160865297317664 0.040698073943716037
0.84538436096860015 -1.7142699016231697 2.4670805209142155 0.77728443858305551 -0.27986552873178866 0.18816297546063734 2.6694321804010497 2.5281949171862053 0.053146848646691315 0.040698084265487357
0.61439485787178605 -1.809948886571692 2.379880437039485 0.82207069815121336 -0.2613817594154314 0.16129549321604708 2.3721117114706223 2.8004260937160366 0.047912081429279663 0.040697876892892934
0.37289291745437891 -1.8746592526372017 1.5610002468557962 0.92784354376406231 -0.1009934002526675 0.057981628734514942 1.3000363117513705 4.092838437863243 0.03108323775277241 0.040698664827952986
0.1250105651359433 -1.9072933225911521 1.0395206561391561 0.99303668234430253 -0.0069789004541527264 0.030575245640314413 1.0294490926766946 4.8937703201862952 0.028960335039208255 0.040695733978744243
2.0761160885959495 -0.13607578994226763 0.42432645974625793 0.77386934835368593 0.024776278574279373 0.046526736419889539 3.8376955656986 1.976172529177433 0.15449784669952218 0.047897438395239002
2.0405934362250413 -0.40589927940332254 0.34102676632483053 0.87187996125657685 0.17526011022011895 0.024488161107108091 2.513250344189919 2.8048547955336023 0.11042116376770882 0.047900887901014398
1.9701552762963828 -0.66877759916095803 0.33703449484682824 0.908829637832124 0.19918680588297266 0.019529700182949146 2.028099545099006 3.2665981195448404 0.08952647454723929 0.047899960529338904
1.8660073313320009 -0.9202129803872563 0.49426116342575105 0.88717061514989248 0.095207213149607978 0.032369429586396541 2.2921688333255021 2.9467301373821293 0.086815238840291423 0.047900204599542744
1.7299314835735555 -1.1559032623878904 0.69048296565271439 0.8648035053368317 0.002215174998152518 0.047351609271732528 2.4002131916377811 2.7910265061998256 0.079528096332698722 0.047900192451183196
1.5642560285035478 -1.3718157190921381 0.9811338433586605 0.84009573884321442 -0.076347093567198057 0.069960698805472288 2.4957088904649192 2.6698562362614147 0.071851291626090122 0.047900193008453926
1.3718157190921385 -1.5642560285035474 1.413455176948613 0.81292331015320851 -0.16428818944767268 0.103234789696468 2.5563015329299223 2.59361836809749 0.063596207874246469 0.04790019300845396
1.1559032623878904 -1.7299314835735555 2.0290035632523198 0.80030693121676577 -0.24212668167740889 0.14990297511980055 2.5858033069413109 2.5998425140368302 0.055669115203317757 0.047900192451182273
0.92021298038725641 -1.8660073313320009 2.4798051052690853 0.80684823446017573 -0.27796954005088437 0.17663360389658411 2.4930088726397508 2.7024311712630738 0.049532330307741491 0.047900204599542466
0.66877759916095803 -1.9701552762963828 1.9038715390301497 0.87724808107156826 -0.18704421848697178 0.10508824493719826 1.9318995496892581 3.2266672540930994 0.042663987232199191 0.047899960529339307
0.40589927940332271 -2.0405934362250413 1.1417308226105982 0.97557092340765261 -0.03060847969171383 0.037022424544794444 1.1349302585497723 4.58097494220769 0.030752161079786663 0.047900887901013919
0.13607578994226796 -2.0761160885959495 1.0104748082200767 0.99826741962849552 -0.0013930105439884186 0.029049111119823792 1.0061793523692917 4.9759914304566495 0.028628405550502056 0.047897438395239772
2.2586570224137819 -0.14804015065528497 0.43168744017339084 0.78366716099232803 0.029140689359056227 0.045376707774310243 3.6790154695863153 2.0442588819775267 0.14709428677310413 0.056343029906404822
2.220011067752075 -0.44158766595610693 0.36134556071766433 0.87369080641444385 0.15226705783555425 0.025854177482092639 2.5042405644077408 2.8021224517036081 0.10750753712053099 0.056347087651735475
2.1433796859894287 -0.72757936277035673 0.34810497809246987 0.91187869431088153 0.18137583594097267 0.020052258471465217 2.0161419397278637 3.2739484890586459 0.087855502363848495 0.056345996759785077
2.0300746118869242 -1.0011220093543116 0.51676521676017029 0.8901373598719392 0.078937475485350322 0.033357344361084888 2.2592601311770024 2.9726577814444703 0.084058354675683802 0.056346283866052248
1.8820343983320182 -1.2575351807947552 0.73126588970134443 0.86829434362922053 -0.012529209216689544 0.048981470935495014 2.3443613398027305 2.8357628535710653 0.075914787493018845 0.056346269575612951
1.7017920544231369 -1.4924315766371796 1.0535696429326085 0.84268722215299718 -0.093638798651485916 0.07324054670669751 2.4330799100215472 2.7178346587705096 0.06808054589821963 0.056346270231146883
1.4924315766371798 -1.7017920544231369 1.5590528386891802 0.82065253603263721 -0.18534524129115207 0.1114062930288419 2.5010186666739136 2.6599532808478994 0.059828009717886356 0.056346270231146779
1.2575351807947552 -1.8820343983320182 2.2055814723037273 0.8157883455776298 -0.25304294308300979 0.15692765633779465 2.4902584805842065 2.7062801257906286 0.051852194559720982 0.05634626957561422
1.0011220093543118 -2.0300746118869242 2.2774741665843523 0.84802925968025544 -0.24998359054135999 0.14440316830840369 2.219173749416361 2.9674215400636208 0.045618592209916431 0.056346283866052366
0.72757936277035673 -2.1433796859894287 1.5290965078703749 0.93646911132134325 -0.10204792222342482 0.057893339801906217 1.3251399636962069 4.091626161931698 0.031946239938334835 0.056345996759784946
0.44158766595610704 -2.220011067752075 1.045161720948607 0.99261039819227703 -0.0086998278548016238 0.03089071998882828 1.0344573254043119 4.8798808147250128 0.029038296632969349 0.056347087651735184
0.14804015065528536 -2.258657022413781 1.003569063269995 0.99955781634464902 -0.00028897070035402721 0.02871061051557024 1.0012976722396734 4.9945496943353049 0.028567764473124931 0.056343029906405447
2.4560308322833482 -0.16097670908737136 0.42997879907245329 0.79182112775206037 0.021744687450013383 0.04433440582336861 3.6087923533134778 2.0848741305418006 0.14451570072053993 0.066244981082734328
2.4140077826346955 -0.48017601255156445 0.37406794437204594 0.87597933497460434 0.12946427547386935 0.026823930620291408 2.509804929409277 2.794704967865091 0.10626536219892095 0.066249751952585492
2.3306799314107853 -0.79115922876479161 0.3588757825502179 0.9163523924430711 0.16434114693322699 0.020379092508811144 1.9875072984494264 3.3018129879684284 0.085558473455616874 0.066248469342886834
2.2074736399338666 -1.08860552861806 0.53717859734210072 0.89498606253700719 0.063441187569941632 0.033769374723232611 2.2002516852184466 3.0243946602246181 0.080604045232839844 0.066248806906366475
2.0464968624503617 -1.3674254860582009 0.76953936841648285 0.87318462066582558 -0.028761436947341557 0.049715787585394335 2.261161202489494 2.9049976489595242 0.071741614209575186 0.066248790104468991
1.8505039562542065 -1.6228484143099164 1.1430697189761574 0.84933745363364488 -0.11645233183338995 0.077107996670603363 2.3609932411112933 2.7896336491836418 0.063943677839967544 0.06624879087520831
1.6228484143099171 -1.8505039562542056 1.7323371903233971 0.83423683962979533 -0.20577221264498008 0.11941316068044848 2.4126138044884367 2.7659260581530907 0.055330780051775615 0.066248790875208477
1.3674254860582014 -2.0464968624503617 2.3065550054926423 0.83391896346174221 -0.25247773774909676 0.15395912676937804 2.3361981042754123 2.8502535886354998 0.047781094854310362 0.066248790104468547
1.0886055286180609 -2.2074736399338666 1.9168572906399526 0.88878259851171726 -0.19178153656829405 0.10431407881226791 1.9046763535305671 3.2941034198234673 0.041948577069561399 0.0662488069063671
0.7911592287647915 -2.3306799314107849 1.1817087645267712 0.97238785000403793 -0.040308586054138971 0.039323677185725971 1.1646936549534865 4.5089611316655951 0.031127158919641577 0.06624846934288553
0.4801760125515645 -2.4140077826346955 1.0152306997624183 0.99758096539657037 -0.0024846198746732899 0.029290569707194656 1.0097901284006936 4.9636819330353044 0.028677228716269664 0.06624975195258638
0.16097670908737183 -2.4560308322833486 1.0016106970273155 0.99987775997070083 -2.8761794473624097e-05 0.028623782103895348 1.000221319073294 4.9988356610479245 0.028559360696255455 0.066244981082733412
2.6694428051907808 -0.17496446389358572 0.4199241165678978 0.80886621205222242 0.0069396136134809439 0.042586859990924618 3.549546309202305 2.1467242299213982 0.1434949032562271 0.077851868842984034
2.6237682452209938 -0.52189996358445234 0.38024023485473435 0.88458981109250534 0.11121046412739324 0.027127386333217988 2.496996460731991 2.8210335245275342 0.1050332140106104 0.07785747562447809
2.533199784109748 -0.85990545526783824 0.36947797397431886 0.92059683980779539 0.14808937416795487 0.020545889571516623 1.9462760567530288 3.3418337920969781 0.082813468491071435 0.077855968286706004
2.3992877240434947 -1.183197766845107 0.55678357858360639 0.90015563491453476 0.047973180666993874 0.034014681510830529 2.1381985701708937 3.0823324387835718 0.077215666361915153 0.077856364995218058
2.2243231858106274 -1.4862452365872605 0.81135301268260873 0.88009269251333222 -0.046124959922369313 0.050893654739654223 2.195441301336492 2.9739463543752405 0.068197718338691385 0.077856345249433676
2.0112998611696451 -1.7638626382663782 1.2441273331367724 0.85956364790277306 -0.13861580619481131 0.081422233187867163 2.2905839962389209 2.8764036508625401 0.059969750996172098 0.07785634615521389
1.763862638266378 -2.0112998611696447 1.8765775426119011 0.84996994499379386 -0.21817325296093634 0.1225227506347511 2.2851687022322493 2.9024844601321633 0.050757896697681132 0.077856346155214431
1.4862452365872609 -2.2243231858106274 2.2558717580901435 0.86133201969827489 -0.24352279283611669 0.13733881321532915 2.1308207969813435 3.0659564433719875 0.04396966128559255 0.077856345249432968
1.1831977668451075 -2.3992877240434947 1.5992193764584077 0.92863333571839679 -0.12610031965976295 0.068795623625004798 1.5056388509156728 3.8187518416590494 0.035652464116495947 0.077856364995217489
0.85990545526783801 -2.5331997841097471 1.0684978666174607 0.98947182839082304 -0.014806437147334636 0.032341747604674821 1.0593948760533485 4.8072103069524532 0.029476801741787625 0.077855968286707225
0.52189996358445245 -2.6237682452209934 1.0056332133059447 0.99919423239780214 -0.00067137052375351952 0.028810788852918764 1.0027290223167205 4.989169148449057 0.028585098809673696 0.077857475624477451
0.17496446389358605 -2.6694428051907808 1.0012017049117878 0.99994342097219702 0.00011025138146429295 0.028602491364072724 0.9998856292137257 5.0000030679287448 0.028554440205490361 0.077851868842985103
2.9001961671000456 -0.19008883298648763 0.41279276294579687 0.83810620753459453 0.0031535716441126083 0.040855503511324075 3.4640690189966934 2.2515358562735539 0.14100212657260827 0.091454494286316163
2.8505733830865516 -0.56701431139638403 0.38606884669080754 0.89554035746683958 0.096699621606617492 0.027023886455064421 2.4499154309804174 2.8773771976914051 0.10242763517890742 0.091461080709653864
2.7521759560039309 -0.93423784940691734 0.37984766438414358 0.92445674301057024 0.13324747628738554 0.020598507056977283 1.8979917841588012 3.3898032007482719 0.079869782198700515 0.091459310003110375
2.606688200065717 -1.2854763629521813 0.57755334005759795 0.90573511369928295 0.033941043292257209 0.034410479085584082 2.085290973477429 3.1382865455533446 0.074209888577560293 0.091459776026301051
2.4165992863138723 -1.6147200195259532 0.86013372428346568 0.88492861144909485 -0.063397949112753246 0.052879683986157291 2.1517455778207109 3.0240881894631952 0.065297489592664931 0.091459752830443747
2.1851616887652971 -1.9163353688806692 1.3675511663516315 0.86895487627201728 -0.15951276156837049 0.086662741836199528 2.2179762159513712 2.9660980186329828 0.05591282134275221 0.091459753894487975
1.9163353688806692 -2.1851616887652963 2.0040090835994393 0.86738638574564075 -0.22636723090888206 0.1237982865147003 2.1621359198917554 3.0482375884949269 0.046779445937209937 0.091459753894487003
1.6147200195259537 -2.4165992863138723 2.0047364285209457 0.89731216807667369 -0.21174420769439467 0.10866329919958277 1.8971149592846095 3.3468315371291926 0.041039559617156295 0.091459752830444233
1.2854763629521817 -2.606688200065717 1.3388421792363721 0.96362178607047144 -0.068616705050490903 0.045614306808347473 1.192448789981454 4.4233876181152469 0.030316561275603109 0.091459776026300676
0.93423784940691734 -2.7521759560039309 1.027708086462412 0.99606994122324288 -0.0053447100481758044 0.029914297158857954 1.0187721720265734 4.9343227587423408 0.028791289750753953 0.091459310003111111
0.56701431139638414 -2.8505733830865516 1.0023519579920168 0.99975503446534919 -0.00018541631109721577 0.028659348262271404 1.000723528419964 4.9969678583940338 0.02856524607666314 0.091461080709653433
0.19008883298648813 -2.9001961671000456 1.0008470380875376 1.0000074312110083 5.9823040973888026e-05 0.028592464468783822 0.99988931102108014 5.0003139098413136 0.028558592430824412 0.09145449428631508
3.1497000412595511 -0.20644217515092872 0.40524598269130507 0.86158104958997339 0.0087596896063377311 0.038653185884178778 3.3383711678850072 2.3578777085866145 0.13689232185517133 0.10739303863211165
3.0958082091732413 -0.61579455219600632 0.39311529877658902 0.90459658123654663 0.083856549765714425 0.026783302282993811 2.3845817800334026 2.9415544544333576 0.09897743598768409 0.10740077292687608
2.9889456515098192 -1.0146103309161756 0.39283874162789612 0.92780131474549499 0.11734970217525371 0.02086146637348571 1.8586540606341322 3.4298256182365332 0.07716934187652072 0.10739869362440292
2.8309415840333916 -1.3960658935278816 0.59306108340032671 0.91277516950268289 0.023663218051943859 0.034335914693037796 2.0263629609570537 3.2071634442497263 0.071352537755070014 0.10739924086537507
2.6244993211688628 -1.753634381638735 0.93496047370862967 0.89202633736297998 -0.08269311743273243 0.055901946752995015 2.0926747058387258 3.0963850217480733 0.061420928969205341 0.10739921362698129
2.3731511472704532 -2.0811976992804455 1.51932536574989 0.88401208248871832 -0.17654317600723446 0.091775647738432331 2.1141934044313611 3.099902556936371 0.051099465130418381 0.10739921487646675
2.081197699280446 -2.3731511472704532 2.0698699556622744 0.8851846469164163 -0.22107531819169512 0.11944343879854075 2.0197019344616041 3.2099570552644372 0.043136212825182998 0.10739921487646438
1.7536343816387354 -2.6244993211688619 1.7168928302887827 0.92910348528941045 -0.15773748994210135 0.080833892289416009 1.6478525492278857 3.6706695271752716 0.037927396290626948 0.10739921362698211
1.396065893527882 -2.8309415840333916 1.1273637781275954 0.98403982343791174 -0.029114007373620507 0.035597626795829777 1.1051596305567708 4.6823100438506282 0.030097563394783717 0.10739924086537506
1.0146103309161756 -2.9889456515098192 1.0106317115543879 0.9985184145536975 -0.0017641134411898955 0.029054699761961039 1.0062166850384173 4.9771531348618296 0.02862768975746811 0.10739869362440212
0.61579455219600654 -3.0958082091732413 1.0011804319476214 0.9998897286249151 4.9179706947411084e-05 0.028606078170124671 1.0000322648631668 4.9993679952209966 0.02855887050591055 0.10740077292687654
0.20644217515092941 -3.1497000412595511 1.0006959100207402 1.0000477552864036 -2.2845513065237203e-05 0.028590143489207954 0.99995913948027215 5.0003409344053527 0.02856231209777093 0.10739303863211175
3.4194780531832998 -0.2241243540441164 0.39214639316388428 0.87780503925995534 0.012077533296049901 0.036096841277578368 3.2217290925160715 2.4454831084254987 0.13385718419674944 0.12606543058435316
3.3609702795378817 -0.66853856840984227 0.39693556640783417 0.91417720229733967 0.07321121823513134 0.026299646992348592 2.3189850486075376 3.0112002752049034 0.095883062932933388 0.12607450963837627
3.2449547333428934 -1.101513704052115 0.40659085861092797 0.93410174245595723 0.10257997026767007 0.021158434091668184 1.8213522924654377 3.4815310710381402 0.07458695349542542 0.12607206880827421
3.0734173062953074 -1.5156416868849822 0.61249554944203222 0.92201959758572616 0.013844315329668566 0.034455875525909264 1.9689214774411787 3.2858286328265871 0.068441446159237945 0.12607271119785066
2.8492928570247482 -1.9038366202399832 1.0260975314144929 0.90162735541700434 -0.10029859818738845 0.05948958428563135 2.0291788880229333 3.1842529757032159 0.057382152348514674 0.12607267922353099
2.5764162169972717 -2.2594563811794459 1.6452906151230504 0.89702337331033233 -0.18418905789671758 0.094241299383480942 2.0047798514261754 3.233761708729578 0.046935516004602801 0.12607268069025687
2.2594563811794459 -2.5764162169972717 2.0309760890458111 0.90807658561866544 -0.2079071943405448 0.10741862532662447 1.8511551675769329 3.4234622489881139 0.039837571473422581 0.12607268069025918
1.9038366202399841 -2.8492928570247473 1.4785743893979453 0.95594472514153217 -0.10083374050259719 0.056983630597813383 1.3488851714994305 4.1382619064251713 0.032958668991672477 0.12607267922352894
1.5156416868849822 -3.0734173062953074 1.0519312415942939 0.99346553236241253 -0.011422543625653512 0.031261571344969846 1.0401392720881895 4.8708613266142127 0.029122490270822966 0.12607271119785232
1.101513704052115 -3.244954733342893 1.0042979792063633 0.99943928192031395 -0.0005469555347951962 0.028750141034276925 1.0019485809704127 4.9923355374322744 0.028578034429121362 0.12607206880827365
0.66853856840984238 -3.3609702795378817 1.0008851920905115 0.99994355248071531 9.3571275212308335e-05 0.028593791447033102 0.99989759814431378 4.9999737915058269 0.028558393652630878 0.12607450963837497
0.22412435404411707 -3.4194780531832993 1.0007385041520409 1.0000423247164856 -5.167938053756512e-05 0.02859398888486861 1.0000510680477419 5.0000839569862192 0.028564451570950802 0.12606543058435579
3.7111776348539331 -0.2432433480250861 0.37525097483534492 0.89480647503230959 0.01018872219407786 0.033552651675791537 3.1294863602368936 2.5292440824008344 0.13233547711254812 0.14793713009407114
3.6476788383590004 -0.72556844773727103 0.39610884611233166 0.92776636367676391 0.064880369407736158 0.025377244469389673 2.2423219380436965 3.1054104135401572 0.092790626175661653 0.14794778431696079
3.5217665518527634 -1.1954786547490068 0.42100398535011641 0.94450714360694432 0.089596931188536982 0.02131461175415475 1.7719818257477131 3.563616039409935 0.071561055322434383 0.14794492001547108
3.3355960741078485 -1.6449339470342603 0.6461939557940285 0.93189097795647979 0.00072374953589455181 0.035243210230418154 1.9088887255940932 3.3724454670411737 0.064948243824173982 0.14794567385631577
3.0923526227329989 -2.0662439634239069 1.1354558003687447 0.91154808792507225 -0.11830475687583873 0.063052880975827078 1.943581450821094 3.2966692790840946 0.052779662453774939 0.14794563633461161
2.7961981606210671 -2.4521999727283164 1.7728030887900232 0.91195236865061768 -0.18995118702517597 0.095234707005475205 1.880194570253908 3.3967458967578215 0.042723866601642943 0.14794563805581443
2.4521999727283164 -2.7961981606210671 1.8351462032860451 0.93461815145591332 -0.18036895958602414 0.087687064129990971 1.6723720626802563 3.6802575186316648 0.037479741964318268 0.14794563805581734
2.0662439634239069 -3.0923526227329989 1.2340526563560774 0.97815870503177305 -0.053796942246076992 0.04125520831951647 1.1700734828627182 4.5282312256112229 0.030733471357569701 0.14794563633461175
1.6449339470342605 -3.3355960741078485 1.0218696000896068 0.99737676880950377 -0.0044609660152810909 0.029616735289597827 1.0144011857780866 4.9514080942377907 0.028733168027580552 0.14794567385631541
1.1954786547490064 -3.5217665518527634 1.0018427940860963 0.99980900986758892 -0.00016475352560418164 0.028640174298956638 1.0005622691727196 4.9976403024748448 0.0285664482319677 0.14794492001547083
0.72556844773727125 -3.6476788383590009 1.0005795271869355 1.0000149192187329 4.6374812035185499e-05 0.028584968645985403 0.99989443554370605 5.0003385348056586 0.028561792690867938 0.14794778431696079
0.24324334802508674 -3.7111776348539318 1.0008116330067767 1.0000044469450813 -1.4239631828258956e-05 0.028596265121214021 1.0000575984301896 4.9998782420971963 0.028563803197826164 0.14793713009406834
4.026580084964924 -0.26391590953758065 0.35675340128242872 0.91588931753786784 0.0074104382835523371 0.030869443107297639 3.0285079377823227 2.6315574429695756 0.13068129317852911 0.17355256816650699
3.9576847060467979 -0.78723245001792996 0.39259236752821003 0.94277116946705275 0.059265832859097152 0.024067070493586758 2.1456032670468104 3.2244676195653508 0.089105525757217988 0.17356506717702377
3.8210714918107276 -1.2970789913165846 0.43451041580128075 0.95434557464390368 0.076667368754307783 0.021337011604195072 1.7187054169488223 3.651504572997442 0.068538299545362946 0.17356170691932879
3.619078913752527 -1.7847322127633996 0.69350273324247846 0.94230503085255357 -0.020112303699959592 0.036600060435897135 1.8471478950263904 3.4674449843623125 0.061096221857206763 0.17356259128834842
3.3551628920817809 -2.2418481712285794 1.2707642290272043 0.92683629842376947 -0.13697546003031649 0.066949625238297936 1.8439587984469687 3.4497622704799649 0.047869310993010991 0.17356254726973017
3.0338391031006213 -2.6606054859263009 1.855879699422692 0.92861619410705654 -0.18656136770445747 0.092507440230896951 1.744596056344639 3.5855106798141172 0.038923054471773848 0.17356254928896059
2.6606054859263009 -3.0338391031006218 1.572785387371191 0.95923787225447421 -0.13399433056877591 0.067137627680592907 1.4940480660666207 3.961962709813807 0.035614654829445404 0.17356254928895568
2.2418481712285803 -3.3551628920817804 1.1007908542685194 0.99033813756201483 -0.024316077365009819 0.03403311880426995 1.0820939802259983 4.7615888054440818 0.02975192099356793 0.17356254726973158
1.7847322127633998 -3.619078913752527 1.0089111229086678 0.9989399591036966 -0.0016103522915984852 0.028972406465233375 1.0050778529322715 4.9820731823339814 0.02861478554679266 0.1735625912883485
1.2970789913165846 -3.8210714918107271 1.0009213492233695 0.99989021562324731 5.3706470230603611e-05 0.02859761412883554 0.99999514869882966 4.9994632096542997 0.028560767124692125 0.17356170691933087
0.7872324500179303 -3.957684706046797 1.0004478388562004 1.0000545421410625 -2.17239798318539e-05 0.028583548644501137 0.99997637322605937 5.0003317804486036 0.028565637117338324 0.17356506717702097
0.26391590953758154 -4.0265800849649231 1.0007189447819438 0.99998192063211999 1.6070625202993675e-05 0.028591162588769363 0.99997176506779228 4.9999801887158695 0.028562409741994806 0.17355256816651199
4.3676114466359879 -0.28626827807293614 0.33864298666425696 0.94163869386434973 0.0068039745233061163 0.028265005013049686 2.9212923738859131 2.7547242040947655 0.12870936473246045 0.20354852289680758
4.292880970839243 -0.85390713392244788 0.38754251813663115 0.95816239705058803 0.055073021071881008 0.022535885465020385 2.0352760110952453 3.3636722740357499 0.084962547779080341 0.20356318217355654
4.144697294948342 -1.4069351484697283 0.45164836220349847 0.96127292789868224 0.062690505466690458 0.021487632863033151 1.6651608028487777 3.7325894665004227 0.065383469087282389 0.20355924114579113
3.9255969473961612 -1.9358901790508665 0.76235465890523146 0.95235934958306823 -0.04028846435817026 0.038374369417165516 1.7617822787512869 3.5907320488353394 0.056107558359196646 0.20356027836471288
3.6393285476929367 -2.431721591938286 1.3946816913718636 0.94242259583559873 -0.14381475884843586 0.068341359429103382 1.7150490985081621 3.6397886529215904 0.042896165652974667 0.20356022673813851
3.2907902275261871 -2.885945574187045 1.8212439464492898 0.94887281228938902 -0.17468052078533031 0.084266813549938063 1.6194087985214249 3.7908530532780342 0.036403337504768006 0.20356022910635929
2.885945574187045 -3.2907902275261867 1.3510520509522326 0.97607155192210771 -0.084424674652796086 0.050636226849349153 1.3117688075799272 4.277022161414008 0.033229241137101108 0.20356022910635738
2.431721591938286 -3.6393285476929358 1.0430518756998306 0.99596340388051252 -0.010035441015368676 0.030766974631444323 1.0323974636842437 4.9013076758418785 0.029003908186948094 0.20356022673813884
1.9358901790508674 -3.9255969473961603 1.0035704930225919 0.99959567311628228 -0.00053796390604178047 0.028720944106162521 1.0016566346293663 4.9938443107836088 0.028577989650415768 0.20356027836471244
1.4069351484697286 -4.144697294948342 1.0006135175137776 0.99993983104952422 8.5029963671282369e-05 0.028586015995375288 0.99989710439625379 4.9999564140689943 0.028561480829371523 0.20355924114579221
0.85390713392244821 -4.2928809708392421 1.0005299008005046 1.0000439392440239 -3.7873624818533943e-05 0.028588417332071663 1.0000646704966083 5.000058021662527 0.028567222174823412 0.20356318217355715
0.28626827807293703 -4.3676114466359888 1.0004913378985423 0.99999040017293772 2.0138919584269053e-05 0.028583243677428167 0.99992222796753427 5.0001464387952632 0.028563593620354086 0.20354852289680392
4.7363542690278031 -0.31043695106676755 0.31978056954831535 0.96704263801650836 0.0085902186961118124 0.025735487580763067 2.8167504537501111 2.8811016057588947 0.12698122147521781 0.23866975931087317
4.6553145491738297 -0.92599965645340465 0.37875600347313126 0.97495965442876709 0.05240124385890594 0.020783383713322261 1.9205462686477501 3.522659293035967 0.080911997031875182 0.23868694796940237
4.4946202212828545 -1.5257179760879136 0.47160956417121275 0.96827954563855911 0.048450597811933442 0.021568954114768786 1.6007168865341164 3.8313913000097601 0.06177509771345497 0.23868232693784622
4.257021964397266 -2.0993309102573088 0.85687787629204704 0.96151678360142923 -0.056260898464732534 0.040425828981626 1.6512318172873321 3.7477018506487623 0.050184827131640991 0.23868354312348175
3.9465848814313729 -2.6370237105077119 1.5249198246228108 0.95677506749376662 -0.14679683847156072 0.069554248565999399 1.5964109443208543 3.8305399716644986 0.038528122703901158 0.23868348258900959
3.5686206369441393 -3.1295963039502306 1.6665879435020443 0.97010075486927305 -0.15080531520577567 0.071242727584772084 1.4961679475459873 4.0131167045597955 0.034848252786595563 0.23868348536585823
3.1295963039502306 -3.5686206369441402 1.1735113244256046 0.98967721940478803 -0.04421091555785972 0.038583393783658201 1.1507505320949707 4.6174892307656625 0.030840273903652612 0.23868348536586365
2.6370237105077123 -3.946584881431372 1.0179063333042111 0.99838128546813154 -0.0039277785039156148 0.029426692363075969 1.0118163115038095 4.9627106949201272 0.028704534339558635 0.23868348258900879
2.0993309102573101 -4.257021964397266 1.0013661258271955 0.99985136981068234 -0.00014433685153348588 0.028623410059836544 1.000452606891379 4.9981259333402885 0.028568755214822376 0.23868354312348145
1.5257179760879138 -4.4946202212828554 1.0002829749862159 1.0000212595649238 3.667450148119016e-05 0.02857663171687971 0.9998991625830288 5.0003584165167076 0.028565314499186967 0.23868232693784586
0.92599965645340487 -4.6553145491738288 1.0005872756563814 1.000002597238886 -8.814309740385803e-06 0.028589114442383538 1.0000317101479714 4.9999337100586478 0.028565625429132935 0.2386869479694029
0.31043695106676833 -4.736354269027804 1.0004083867434463 1.0000093061905542 9.2844142709394382e-06 0.028582349349500141 0.99997385011210305 5.0001119051389926 0.028566015640682962 0.23866975931087719
5.135060324679749 -0.33656951743703034 0.30843525773087516 0.98567607878793606 0.011219839446200829 0.024074445119251737 2.7318717856159811 2.9819626434250495 0.12494723850306737 0.27978731602780388
5.0471986854297954 -1.0039502592986977 0.37354758863159221 0.9924757842787012 0.052608166638958904 0.019052269573886345 1.7851257903303581 3.7193306002084268 0.075624480735003857 0.27980746591462008
4.8729771173874621 -1.6541528358409503 0.50254278215801929 0.9798945104639587 0.033168656486860168 0.022031156032843242 1.534377743968711 3.9575994931382414 0.057729132406872552 0.2798020487808312
4.6153778516136432 -2.276052476929455 0.99309306987956536 0.97288804280076091 -0.076984196899829466 0.044032906244644898 1.5518703771865936 3.9170631542954184 0.04446224821135792 0.27980347448853543
4.2788081911742237 -2.8590082290967325 1.5873383575532043 0.97358348351205271 -0.14230867956086826 0.067575420325801119 1.4900035002944252 4.0303260737453419 0.035387626950099539 0.27980340352531136
3.8690269362740644 -3.3930455577973317 1.4569404863817144 0.98791222248187338 -0.10888115491244008 0.056323020534227539 1.3530447777673631 4.2722245586214749 0.033255800083252782 0.27980340678054444
3.3930455577973322 -3.8690269362740644 1.0796512609183688 0.9957441092182503 -0.020082493586734303 0.032784258361833622 1.0627959999570964 4.8303778422204449 0.029448858737146425 0.27980340678053922
2.8590082290967334 -4.2788081911742237 1.0069496619140137 0.9993707060562701 -0.0013981067073296971 0.028883399506255222 1.0039419246936596 4.9870388192506017 0.028604702989152783 0.27980340352531008
2.2760524769294559 -4.6153778516136432 1.0006344807604133 0.99988976316530598 5.4947894380000528e-05 0.028588688129110192 0.99996962197625761 4.9995247591539176 0.028563312888432824 0.27980347448853832
1.6541528358409503 -4.8729771173874621 1.000246586444105 1.0000596710981813 -1.7547870254055633e-05 0.028578992712594599 1.0000181529643319 5.0002529691200381 0.028569129562120873 0.27980204878083126
1.0039502592986977 -5.0471986854297954 1.0003999601520832 0.99998346172197627 1.5379643314020167e-05 0.028581270817001896 0.99994453956876228 5.0000559611141151 0.028565274577444875 0.2798074659146188
0.33656951743703134 -5.1350603246797499 1.0004401340776847 1.0000131977049158 -4.4125356605734751e-06 0.028584552278430167 1.0000191861665808 5.0000180205744131 0.028566948126753061 0.27978731602780244
5.5661643602306281 -0.36482555885355744 0.3126267652216162 0.99198218659576931 0.011343025096150339 0.024049963958298191 2.6925037498148932 3.0229022915789812 0.12248356266129791 0.32791986951511437
5.4709264673719797 -1.0882349572205299 0.38200899359074286 1.0055922969385362 0.052409358773875064 0.017890254861338491 1.6391208845636713 3.9325611293954363 0.068819815643999763 0.32794348584036098
5.282078465302753 -1.7930240306975433 0.56122091128720519 0.98977104989958398 0.017928674171322372 0.023280311059797172 1.4518541092201527 4.1078492703446869 0.052263849715350794 0.32793713678268849
5.0028529525116783 -2.467134050638339 1.1386521944310242 0.98692270147019956 -0.087320845395507468 0.046698408737847287 1.4354201503257946 4.134822840015886 0.038936289260942551 0.32793880775867484
4.6380272386502446 -3.0990307229539278 1.5745202761248438 0.9921496153092364 -0.13131569674906196 0.062454932970080874 1.3883102585536782 4.2469280990868059 0.033079518987163208 0.32793872458744455
4.1938435928314188 -3.6779021203861317 1.2635214099936198 0.99617958152054065 -0.062844524868662974 0.043296639532801683 1.1993325717019234 4.5572233082898004 0.031206031495211672 0.32793872840269206
3.6779021203861326 -4.1938435928314171 1.0317284265576465 0.99853154353842699 -0.0076156734710749107 0.030117756928841503 1.0217044178123096 4.939486333217701 0.028829098947962636 0.32793872840268934
3.0990307229539282 -4.6380272386502446 1.0023700319488467 0.99980997604912392 -0.00043175934588627105 0.028672222096836897 1.0011550029869205 4.9961658831261735 0.028577356226209352 0.32793872458744877
2.4671340506383399 -5.0028529525116783 1.0001960379525847 0.99996098672371381 6.8558396291249087e-05 0.028573759099195854 0.99988555189953565 5.0000910763802331 0.028565918785894682 0.32793880775867434
1.7930240306975436 -5.282078465302753 1.0003828118090248 1.0000307813004261 -1.9716128404598964e-05 0.028583795517632186 1.0000500111069828 5.0000288779078845 0.028568483451520077 0.32793713678268943
1.0882349572205303 -5.4709264673719797 1.0002439373231435 0.99999857658991609 1.4941764733787105e-05 0.028577026669074929 0.99995200674579854 5.0001128681517981 0.028567270120360345 0.32794348584035976
0.36482555885355855 -5.5661643602306281 1.0003695495920915 1.000003130841264 -4.210201100151724e-06 0.028582111559417003 1.0000043523228901 5.0000047708053099 0.028567330603598843 0.32791986951511276
6.032298964492802 -0.39537762424278045 0.32798506891150564 0.98432044729870927 0.0051965242011800666 0.024839600018288915 2.6506877359004659 3.0229661113022606 0.11829023523151867 0.38425908421808985
5.9290854398300326 -1.1793684448969948 0.40410703798147779 1.0123449818629489 0.04609372157444723 0.017457548615414403 1.5120107879001827 4.1206981440169921 0.062070933971532488 0.38428675801389045
5.7244224917740869 -1.9431795943660115 0.66698225736202676 0.99493088627505788 -0.0034431868552535238 0.025393396789167116 1.3325225324548036 4.3095134172677003 0.044767290008471489 0.38427931813813843
5.4218134305497836 -2.6737424940707188 1.2755512658596124 1.0023087465619431 -0.091020113340338132 0.048373623999418747 1.3273295111749848 4.367827909354526 0.034405790397483142 0.38428127620095148
5.0264356383180981 -3.3585569184004083 1.4656514822606748 1.0072562072962992 -0.10405580521328336 0.054028399406309532 1.29020711957221 4.4574388400975034 0.031635820707312037 0.38428117874026008
4.5450541387235504 -3.9859055026883699 1.1163980160732816 1.0000042650652883 -0.028550341777535682 0.034530780999819204 1.0825685072144557 4.8075198910663559 0.029597819862087097 0.38428118321098459
3.9859055026883699 -4.5450541387235504 1.0110573039579405 0.99951739232410597 -0.0025181646609630549 0.029079180270318923 1.0066405775442755 4.9810915230179571 0.028634927014543302 0.38428118321098925
3.3585569184004092 -5.0264356383180973 1.0007294138488316 0.99988674288173096 -4.0804432045530121e-05 0.028596382124875756 1.0001438545355876 4.9990741591171215 0.028567205628198332 0.38428117874025447
2.6737424940707197 -5.4218134305497818 1.0000317862920856 1.000043275543854 1.5411823871124275e-05 0.028571728669790311 0.9999787167712596 5.0002695868972111 0.028570457253248714 0.3842812762009522
1.943179594366012 -5.7244224917740887 1.0002683750882249 0.99999397125497558 5.5335452993377219e-06 0.028578364944334429 0.99997440377679281 5.0000338451125543 0.028567630791632725 0.38427931813813831
1.1793684448969952 -5.9290854398300308 1.0002439909010863 1.0000099273827181 2.794132585694567e-06 0.02857832706506808 0.99999745594094924 5.0000559945164316 0.028568567930001738 0.38428675801389184
0.39537762424278161 -6.032298964492802 1.0002567185635058 0.99999804871586884 1.201472001426735e-06 0.028578539924657326 0.99999217975102128 5.0000097916423654 0.028568271789533362 0.38425908421807758
6.5363106446734456 -0.42841228347857147 0.36403029391559899 0.97262807270720353 0.0010961604763457054 0.025861041372502853 2.4864316575031977 3.0841025963072082 0.10642740481876013 0.45019239168177327
6.4244734058531314 -1.2779072399672333 0.47480262502031179 1.0125362684152077 0.032136991130051605 0.018196123486929845 1.3413243478653598 4.3735321767793467 0.051625054077055636 0.45022481390114472
6.2027104239746613 -2.1055364699144539 0.85526361962715824 1.0096187243088282 -0.029274071381986792 0.029971296654868123 1.2265170150346523 4.56008665006049 0.037304870264251729 0.45021609745019608
5.8748177184410642 -2.8971394866168727 1.3348564231386042 1.0184431054358609 -0.082897332406167645 0.047139102081285369 1.2359895360309556 4.5955056774957077 0.031461029349677705 0.4502183914882954
5.4464052529377502 -3.639171643464461 1.2692303238052953 1.0109123111388754 -0.060633651573273877 0.042409229328165703 1.1694670361077215 4.6824083118982065 0.030374124247273492 0.45021827730475972
4.924803283527857 -4.3189365645233773 1.0407901883556321 1.0001488682362689 -0.0098786551548020324 0.03053059537106163 1.026691881624286 4.9355524507119428 0.02886867213910185 0.45021828254259577
4.3189365645233764 -4.9248032835278561 1.0031926607402295 0.99987889478797498 -0.00069406655266046548 0.028712408042049636 1.001736076965708 4.9950616502654137 0.028584561382270755 0.45021828254259516
3.6391716434644614 -5.4464052529377511 1.0000550413482725 0.99993975404517998 5.911669159274181e-05 0.028570648709191033 0.99991766694934492 4.9999046092605273 0.028568447260760032 0.450218277304754
2.8971394866168736 -5.8748177184410624 1.0001580919972111 1.0000376018751509 -6.7967892226079485e-06 0.028576866502280123 1.0000322294313575 5.0001074321911734 0.028570542818502194 0.45021839148829912
2.1055364699144539 -6.2027104239746622 1.0001075409323805 0.99999704731964711 1.3211340358001365e-05 0.028573289764363564 0.99995760432372638 5.0000912266429509 0.028568988401943159 0.45021609745019542
1.2779072399672338 -6.4244734058531296 1.000198269189001 1.0000050842651307 -1.4663327605506765e-06 0.028577106632635099 1.0000004618056362 5.0000242641719073 0.028569176175839855 0.45022481390114349
0.42841228347857269 -6.5363106446734465 1.000184597633093 0.99999966498391912 1.1094212592777394e-06 0.028576681935048448 0.99999926917249793 5.0000001493522674 0.028569298307683132 0.45019239168178338
7.0812771903039726 -0.46413126547390604 0.49996917222974047 0.96913956649944977 0.0056978020339589468 0.027012303623017968 1.8909778408757381 3.5238759734628577 0.071292050331516366 0.52737871972030281
6.9601154935400249 -1.3844530778350681 0.66119395364787503 1.0182289313860502 0.025144296241803105 0.021646396076692651 1.1458420902133781 4.7575726345879925 0.038630041781067034 0.52741670078986735
6.7198629672147172 -2.2810861031993168 1.0357281039147639 1.0320410737080539 -0.031620016627398176 0.034062050372165982 1.1510470337350254 4.8119842049061825 0.032428489638004404 0.5274064898870956
6.3646321248045155 -3.1386892207192463 1.310829606227522 1.0246993739846979 -0.063726259787078562 0.043776400880411868 1.1688582725913617 4.7481427891927881 0.029969211338232701 0.52740917724231162
5.9005006621295086 -3.9425884954636161 1.1084725689602135 1.005857821816361 -0.024341061170225029 0.033747740038496579 1.0655842401298725 4.87348723431574 0.02921660605396573 0.52740904348179318
5.335409997197619 -4.6790289879585627 1.0118679325032514 1.0001242075276657 -0.0027664849081408395 0.029111964161110344 1.0069681149420096 4.9833081745199186 0.028635062944829599 0.52740904961767943
4.6790289879585627 -5.3354099971976172 1.0006461879617639 0.99991143661316173 -8.2147348339691996e-05 0.028595865423886833 1.0002089657863771 4.9990349109513765 0.02857001584358479 0.5274090496176721
3.942588495463617 -5.9005006621295095 0.99986966958883461 1.0000282756442562 2.8748032303281289e-05 0.02856709541375017 0.99997866605630026 5.0001947148684653 0.028572308654883222 0.52740904348179896
3.1386892207192476 -6.3646321248045137 1.0000924548135828 1.0000046027771123 5.4687397966258919e-06 0.028573592490973701 0.99998328286017724 5.0000648048866694 0.028569894428626626 0.52740917724231229
2.2810861031993168 -6.7198629672147172 1.0000778285932086 1.0000063294159278 5.5778179294149516e-06 0.02857327097471098 0.99998665550437138 5.0000650063019627 0.028570157920977335 0.52740648988709504
1.3844530778350688 -6.960115493540024 1.0001079225121496 0.99999994475648812 -2.7692083082464652e-07 0.028574410464318717 0.99999644306694879 5.0000086134989372 0.028570093672352876 0.52741670078986902
0.46413126547390715 -7.0812771903039708 1.0001158769440148 1.0000005145983615 -2.726211109849799e-07 0.028574834766632664 1.0000033384453342 4.9999942242557154 0.028570199780803354 0.5273787197203178
7.6705265845998625 -0.50275269769643771 0.78145948311237068 0.97864211755894737 0.013305742802241474 0.027532964714519752 1.2331461640886854 4.4068347497004376 0.038885163209098329 0.61760732476797198
7.5392827438227146 -1.4996566090091359 0.87982213476114857 1.0150809085501309 0.018385012369207535 0.026381660813386436 1.0494827204413266 4.9551207127508867 0.031560893879040666 0.61765180397402564
7.2790382511033966 -2.4709005347664665 1.0776786687152744 1.0282070958700225 -0.018175658918598216 0.033235782354724637 1.0794055918114418 4.949098666494117 0.029930977814737917 0.61763984609989342
6.894247831642315 -3.3998667841006434 1.1474670315892397 1.0149825544376989 -0.030291319698965674 0.035480516633191288 1.0822254990024798 4.8804854466955057 0.029265343900456701 0.61764299323158678
6.3914949203352176 -4.2706603701377039 1.027788879847195 1.0014518237031451 -0.0063519475361020648 0.029853565513899255 1.0166239510575554 4.9662506281924044 0.028729675950852733 0.61764283658612273
5.7793817588840133 -5.0683817731909588 1.0023528540174607 1.0000212977700766 -0.00054152942599673725 0.02867679956806745 1.0013319958134856 4.9967804814209202 0.028582604310662525 0.61764284377178069
5.0683817731909597 -5.7793817588840124 0.99984199252292427 0.99997346153283406 3.6661915933301982e-05 0.028565997999177823 0.99996793132559025 4.9999474798716728 0.02857231829533366 0.61764284377180645
4.2706603701377057 -6.3914949203352158 0.99992760554915416 1.0000246964820585 1.0758358320137389e-05 0.028569633716532483 1.000009574166846 5.0000995442236773 0.028572529564224517 0.61764283658611696
3.3998667841006442 -6.8942478316423141 0.99995523091814442 1.0000005994415866 1.071939286740356e-05 0.028569393908603264 0.99997355364324625 5.0000691120985552 0.028571184640554529 0.61764299323157579
2.4709005347664679 -7.2790382511033966 1.0000158672342272 1.0000039634994717 3.4321033997943808e-06 0.028571772200039675 0.99999615877227876 5.0000294180222733 0.028571137515122021 0.61763984609990541
1.4996566090091359 -7.5392827438227155 1.0000236748703402 0.99999980164002966 1.8295785553065769e-06 0.028572052524229362 0.99999816246534823 5.0000035994110155 0.028571105535638793 0.61765180397400699
0.50275269769643904 -7.6705265845998625 1.0000363150570937 1.0000002978141089 7.8879980497640622e-07 0.028572471342638461 1.000000180872826 5.0000010342504124 0.028571018750640408 0.61760732476795721
ZONE T="CylinderZone2", I=12, J=32, DATAPACKING=POINT, SOLUTIONTIME=8
-0.034448944338808574 -0.52558950866491683 1.1016221763657359 0.72230992297264396 -0.13500017791221539 0.11401739785394105 3.6224841931193121 1.9303951193707038 0.09956928470277486 0.0037555925766889187
-0.10275745369003547 -0.51659659468064756 1.4507285862181349 0.65696053251239939 -0.20209325474562537 0.16286194662217637 3.9291761256441755 1.7337722444134622 0.096738418935152309 0.0037558630491547908
-0.16930772401403951 -0.49876447148121655 1.7788210269637217 0.58193704661407908 -0.25648589228080182 0.22038568822020935 4.3362985722793441 1.5269864331848306 0.098400709958135518 0.0037557903348240059
-0.23296110024170452 -0.47239837975688026 2.190166431751146 0.50393023363828615 -0.29548870894642232 0.28873739254433617 4.6141738736730442 1.3597693476928621 0.09634630522123025 0.0037558094721363701
-0.2926284474552146 -0.4379494207813297 2.5804856806762326 0.41916824239913508 -0.31930578118657171 0.3674024839115313 4.9832041385158607 1.1802415905893733 0.097445110688732725 0.0037558085195951835
-0.34728884080083267 -0.39600702579369118 3.0584532024815547 0.33575651981930515 -0.32364763717213907 0.45948227625053301 5.2581741773065689 1.0168629305574748 0.096065221455561234 0.0037558085632903434
-0.39600702579369107 -0.34728884080083283 3.4853555408319137 0.25541865486396231 -0.30659316300212008 0.55705586558496722 5.5939645314448718 0.84359419888250586 0.096995777740823311 0.0037558085632902194
-0.43794942078132959 -0.29262844745521455 3.938985528506592 0.18730270369346186 -0.27153400977451841 0.65546643714450603 5.8241709977882739 0.68342896316820922 0.096163955630294853 0.0037558085195951519
-0.47239837975688037 -0.23296110024170458 4.2800398444404637 0.12904156778043213 -0.2245888173661772 0.74227399751937662 6.0699411290515153 0.52566939257605272 0.096947655351845213 0.0037558094721364082
-0.49876447148121622 -0.16930772401403979 4.5911149989269946 0.081725748882577887 -0.16960219134250099 0.81451111447019164 6.2093606853716796 0.37776170722245372 0.096429868659060211 0.0037557903348241924
-0.51659659468064756 -0.10275745369003575 4.7788049971309521 0.049001744486830687 -0.1052197743174694 0.86483794970165295 6.3340789644632247 0.2305952188622353 0.096802752373517084 0.0037558630491547249
-0.52558950866491694 -0.034448944338808782 4.8764614932670067 0.032170880976517879 -0.035731853498937219 0.89118337974858519 6.3963220670017309 0.095054675824478213 0.096966196249098122 0.0037555925766886867
-0.038155330054848134 -0.58213804693815918 1.5077880395400043 0.68254767077991019 -0.16968164721249204 0.17069702461939995 3.9623579035643375 1.7666395467519969 0.096061538857414114 0.0044987895583587225
-0.11381319910933101 -0.57217757912672307 1.8497269436251971 0.6166098908233375 -0.21900999679875258 0.22664879777146568 4.2885832100595511 1.5798752354419006 0.095808214803462494 0.0044991135548203545
-0.18752365898519835 -0.55242688547523389 2.2342520491446338 0.54678729970341655 -0.25606675515591498 0.29268054941063659 4.5848986565676073 1.4098782820846099 0.094974896886670004 0.0044990264509971326
-0.2580255459279544 -0.52322404773064979 2.6328481027080461 0.47370521937704946 -0.28236900122323944 0.36623280424598231 4.8685482925853094 1.2496808068388769 0.09444111737377911 0.0044990493754064323
-0.32411254424168684 -0.48506870146428183 3.0389513766605689 0.40018182483881709 -0.29501537381384935 0.44632738049013981 5.1404107418880454 1.0964210718655898 0.094154325819552104 0.0044990482343659254
-0.38465388706247 -0.4386136952294088 3.4388083484077834 0.33064891825767312 -0.29095546457845256 0.52931840487852844 5.387373262533254 0.94877709238819186 0.093917350822419324 0.0044990482867078904
-0.43861369522940874 -0.38465388706247011 3.820234788172499 0.26691659585143657 -0.27087419886523351 0.61455826921257761 5.6304234143733423 0.80132667862223683 0.094110263543809289 0.0044990482867079389
-0.48506870146428177 -0.32411254424168706 4.1646537185853711 0.20958139127207243 -0.23911989985732271 0.69592253155453865 5.8485747494429168 0.65739489712347254 0.094438796159390936 0.00449904823436598
-0.52322404773064968 -0.25802554592795451 4.4325861452364848 0.16114134943847974 -0.19860179683750132 0.76460739380970799 6.0373916892385555 0.52043293642411703 0.095086406490291722 0.0044990493754064635
-0.55242688547523378 -0.18752365898519863 4.6451030680254783 0.12305571769654669 -0.14985434941498182 0.82109339171863527 6.1867881635672193 0.3897855494731336 0.095631079934037994 0.004499026450997006
-0.57217757912672307 -0.1138131991093312 4.7813882481664685 0.097166125952846003 -0.092875239190965297 0.86028764060077334 6.2973483487316999 0.26781503956239716 0.096220602042383169 0.004499113554820377
-0.58213804693815918 -0.038155330054848377 4.8462207401126545 0.083241832949975461 -0.031539094211455246 0.88059937962933532 6.3597966141692677 0.17648928975020187 0.096652681290926051 0.004498789558358778
-0.042162889040988631 -0.64328160297155379 1.7747139153858902 0.64122272393955049 -0.20245070004591731 0.20736088389637061 4.0894652742564075 1.6625678824476755 0.092885332270611312 0.0053749747213132672
-0.12576731163243932 -0.63227495990160221 2.1289152322351343 0.57559196739520768 -0.24009534114156858 0.26713360195669478 4.3917559126093435 1.4879860082493424 0.092748480445546108 0.0053753618193910441
-0.20721978331697002 -0.61044979671435606 2.5488869764357931 0.50932781692716655 -0.26555201682038826 0.33785107703316236 4.6391965563772848 1.3334025985079743 0.091166335460948295 0.0053752577512096141
-0.28512667685123372 -0.57817970481010705 2.9513180953071423 0.44351990079055831 -0.28005863806286663 0.41248910005691564 4.8917527763968769 1.1858145789115937 0.090654642176544523 0.0053752851403815081
-0.35815497389252349 -0.53601679785485856 3.3432329486728323 0.38281536657479415 -0.28464076509078218 0.48729936319321204 5.1014924642105628 1.0560316807202828 0.089942002010564417 0.0053752837771118764
-0.4250551400311936 -0.48468249487638099 3.7075908707548977 0.32601100226271973 -0.27929032102723655 0.56210797671139101 5.306351172485483 0.93179094286075592 0.089761731706977849 0.0053752838396479395
-0.48468249487638088 -0.42505514003119371 4.0484100483585168 0.27563417262635753 -0.26021588266334533 0.63729867647050842 5.5096824151894666 0.80744826949405168 0.089979738103518378 0.0053752838396479378
-0.53601679785485856 -0.3581549738925236 4.329161040962255 0.23125351419956713 -0.23019038257652491 0.70721970732006834 5.7176643455532359 0.68228486393281917 0.090905281521874243 0.005375283777111755
-0.57817970481010705 -0.28512667685123388 4.51447510983441 0.19260451558289876 -0.19150094796434169 0.76217034666809336 5.9089842021959296 0.55866423460360093 0.092385088637784177 0.0053752851403815281
-0.61044979671435584 -0.20721978331697027 4.6365209229692059 0.16283648733914063 -0.14366764891783981 0.8044634359507008 6.0727042315416808 0.4406035055828405 0.093937110254136702 0.0053752577512096722
-0.63227495990160221 -0.12576731163243959 4.7118282642661553 0.14382177255169418 -0.088648924558646605 0.83370608964797055 6.1928643130237377 0.33945059336447442 0.09518044688539673 0.0053753618193910493
-0.64328160297155401 -0.042162889040988853 4.7397094569510356 0.13394309433146387 -0.029798814942741551 0.84684525493504359 6.2534600824454438 0.27435964579342137 0.095885215784145397 0.0053749747213132212
-0.04649609333558901 -0.70939354805017363 1.9960126618141101 0.60903805947826239 -0.22736589497167592 0.23677145765182306 4.1517777755640317 1.5952520710257352 0.089970625356866424 0.0064090998985407302
-0.13869278868777671 -0.69725571985262103 2.3907768072483386 0.54805827548508623 -0.25735082120650826 0.30049593783296746 4.3991382972944129 1.4433805158002486 0.088691899808554617 0.0064095614728513469
-0.22851637079991843 -0.67318752036012086 2.8248530891011092 0.4897016323187563 -0.27404128146139156 0.37199664611047317 4.6090476883040115 1.3069383041822906 0.086925022371291932 0.0064094373823382744
-0.31442998525203641 -0.63760093606156043 3.2632047337687631 0.43344940745781035 -0.28157104333345162 0.44960031485333918 4.8222567344337417 1.1768770086279441 0.08584688782142233 0.0064094700410850733
-0.39496361548003062 -0.5911048229706104 3.6837609226680819 0.38012963295325664 -0.28454210336888047 0.52803672760032205 5.0169611531447336 1.0599540326059302 0.085085610579680754 0.0064094684155273649
-0.46873930874255954 -0.53449474247341433 3.9964903707569532 0.33554703593002455 -0.28071024571606618 0.59228647242876054 5.1870577907067723 0.96043758008461844 0.085149388687636163 0.0064094684900952437
-0.53449474247341433 -0.46873930874255959 4.230902265655212 0.30234824587924736 -0.26555129166860547 0.64654768979887467 5.3485445179773876 0.8699984319918912 0.085821158698925121 0.0064094684900951751
-0.59110482297061018 -0.39496361548003073 4.3550285073770807 0.27940621978759633 -0.23278239739855183 0.68035320802995969 5.4677856219702656 0.77762659140583612 0.086725544234334873 0.006409468415527384
-0.63760093606156043 -0.31442998525203647 4.3164323419522699 0.26537424216084143 -0.18975024701776008 0.68422377575341853 5.5480615074934185 0.69251412545596236 0.088312717355586171 0.0064094700410850308
-0.67318752036012086 -0.22851637079991868 4.1160875333900773 0.26897439557472297 -0.13407993150165748 0.65224834640699292 5.5462115212451977 0.6380797202613322 0.089977628813608254 0.0064094373823382813
-0.69725571985262103 -0.13869278868777701 3.9106025032422238 0.28361271354231787 -0.07964139252754196 0.61630403814332446 5.5159380924954009 0.62714424254894663 0.091338498874922569 0.006409561472851372
-0.70939354805017363 -0.046496093335589281 3.800893128206257 0.29107507010455475 -0.02620971124020046 0.59657425716269885 5.4934717379182718 0.62345498384673592 0.092007787472953018 0.0064090998985406357
-0.051181404310397409 -0.78087760483207314 2.2234842909739667 0.58815220875229102 -0.24773744516156065 0.26263691403953437 4.1341834610631514 1.5693892149242961 0.085804106875391209 0.0076281951361487702
-0.15266856166886369 -0.76751667388363232 2.6455943782402866 0.53536100612755744 -0.27278756990922509 0.32557418987821907 4.3071971755874134 1.4475745664304405 0.083390659003838213 0.0076287445079747628
-0.25154347228787788 -0.74102317387368444 3.1215267829115745 0.48412724707619809 -0.2899103188384603 0.39926057705853624 4.4766939879530332 1.3335102805965766 0.081122726436023543 0.0076285968138110252
-0.34611441624449124 -0.70185060628042939 3.6354128685239706 0.43335352932389315 -0.2987539589180308 0.48443933104573866 4.6639479976267886 1.2186292890355266 0.079517764013343914 0.0076286356846818016
-0.43476324657811616 -0.6506691802239658 4.0112945412366141 0.39453445442006851 -0.29582403696276666 0.5533158077675906 4.827881137207239 1.1221375328824728 0.079136111082475036 0.0076286337499216596
-0.51597315722364501 -0.58835462409429151 4.0853112573884234 0.37385213100585851 -0.28697668015562922 0.57422776545380083 4.9195692820994568 1.0624323931297348 0.080051408351709347 0.0076286338386732065
-0.58835462409429151 -0.51597315722364501 3.685247656610585 0.40348587693452065 -0.25052536667144676 0.50108674126201214 4.7589843505344209 1.0885479863215999 0.080697403518292091 0.0076286338386731718
-0.65066918022396569 -0.43476324657811627 3.1544587077411843 0.48678544180641387 -0.17405771840154891 0.37152589587352941 4.1222306413247161 1.2731152461674269 0.074386530760009811 0.007628633749921677
-0.70185060628042939 -0.34611441624449146 2.6739768684973941 0.56812876312891136 -0.111326943555143 0.27297332290166126 3.572980157019666 1.5313814121105722 0.068881009279645342 0.0076286356846819595
-0.74102317387368444 -0.25154347228787816 2.3310284284820035 0.6298661408558146 -0.06625350881661711 0.20705886653129996 3.1089540703985712 1.7959758282712983 0.063318006658784204 0.0076285968138110208
-0.76751667388363198 -0.152668561668864 2.1604734164158876 0.66376947996949898 -0.037140047130688511 0.17428942853836207 2.8235154138215837 1.9782035512293576 0.059279229247413058 0.0076287445079745971
-0.78087760483207291 -0.051181404310397735 2.0821204075785666 0.67990434468889493 -0.011701315382099547 0.15938925144560379 2.6792993212116185 2.0771674636869251 0.057088792053135495 0.0076281951361491743
-0.056247433382235687 -0.85817029933563249 2.4774924213971024 0.57958960424758454 -0.26565248706668887 0.28442725015423137 4.0181570925951355 1.5903193416652366 0.07986452886563547 0.0090644524153284424
-0.1677799753197993 -0.84348687898848107 2.9853328720692476 0.53115298276503586 -0.29301392595744302 0.35474894651936068 4.1590715833515048 1.4872510996835724 0.076724001668921529 0.0090651052243719051
-0.27644170555465547 -0.81437100385863315 3.546983906461894 0.48495428530818419 -0.3144013591801092 0.43540043827385538 4.2963305516365198 1.3941617542852656 0.073975167415667689 0.0090649297219505005
-0.38037345462966338 -0.7713210638306075 3.9561061442325247 0.45423566677103111 -0.31747160914247208 0.49482939926299269 4.3777968346900424 1.3243263628766675 0.072157318368716736 0.0090649759115343197
-0.47779690843651268 -0.71507360654983998 3.8587353717783506 0.47432786229333057 -0.30276491110354598 0.47310561039128302 4.2912236136526278 1.3582245806757849 0.071438956734805784 0.0090649736124922328
-0.56704512466968349 -0.64659104160514613 2.8630726444759191 0.58517333310538189 -0.19700358476443688 0.28532838385393944 3.4880335445250137 1.6530192338509613 0.06543041306432465 0.0090649737179540057
-0.64659104160514591 -0.56704512466968382 1.8288524138623237 0.75167672466400703 -0.099654177030406188 0.13634233550573771 2.6092765613517153 2.3470619545442957 0.058557240875418921 0.0090649737179541324
-0.71507360654983987 -0.47779690843651279 1.3527266637998021 0.87085787799367065 -0.044758750105606357 0.072854568745358728 1.8850148900241435 3.1756508597488518 0.04772684443694953 0.0090649736124922154
-0.7713210638306075 -0.3803734546296636 1.1893916701707385 0.92859688171738985 -0.020236192041746235 0.049356223494240216 1.4523960977686459 3.8535215083104979 0.038715696123871275 0.0090649759115341965
-0.81437100385863304 -0.2764417055546558 1.136471689020726 0.94993789268978002 -0.010449822573760021 0.041971415985243732 1.2925967026933494 4.1779185584571241 0.035089045233579932 0.0090649297219504085
-0.84348687898848107 -0.16777997531979966 1.1115558541323904 0.95927910638200087 -0.0052878824880479144 0.0387966995630947 1.2216070638524157 4.3396611478579663 0.033457306532859984 0.0090651052243720023
-0.85817029933563249 -0.056247433382236006 1.1004883632837295 0.9634314584481396 -0.0016380997898495268 0.037465118567086446 1.191542947851667 4.4130272030712314 0.032764796497214053 0.0090644524153282776
-0.06172511686892463 -0.94174362872637973 2.7887577442352067 0.57634499819550289 -0.29026611571114269 0.31016496155837248 3.8926915274450997 1.6353659748589748 0.073793418602534189 0.010755486020047543
-0.18411930931146547 -0.92563025639160368 3.3738715628678047 0.53339034364951377 -0.32086863287040845 0.38682587156917897 4.0128692626101321 1.5536637109888856 0.070491304667776658 0.010756260614939669
-0.3033631146660461 -0.89367891768930363 3.7631237397419528 0.5077445206133302 -0.32981427515545397 0.43532082890829521 4.0488248724843716 1.5044960403904997 0.068083449062423293 0.010756052371379814
-0.41741630735932705 -0.84643653844379452 3.3751350552801553 0.56075164281475454 -0.29291484357894443 0.36219905627670446 3.7559880563795112 1.632183440142025 0.065968968950775517 0.010756107177936318
-0.52432739130402584 -0.78471139534896805 2.0191242117034482 0.74378770586900356 -0.15313504690234866 0.14090257477245502 2.4424401843354082 2.4295279585723777 0.052685448091642793 0.010756104449992447
-0.62226708821249599 -0.70955962271661943 1.2483603142633324 0.91550432654961345 -0.044404067465639623 0.055201862935107461 1.5476823306650662 3.6838312366270562 0.040464837343526419 0.010756104575129228
-0.70955962271661943 -0.6222670882124961 1.0781436536363331 0.97517807856885985 -0.01173829087613841 0.035063164387470536 1.1382627427492182 4.5705044290244468 0.031557589651978052 0.010756104575129119
-0.78471139534896805 -0.52432739130402606 1.0310278273654343 0.99120179291275112 -0.0036872459212160683 0.030675133474558164 1.0413197801066163 4.8567195832862851 0.029390563939247161 0.010756104449992551
-0.8464365384437943 -0.41741630735932733 1.0165343538810108 0.99583446352677918 -0.0014526720538452715 0.029535526699625947 1.0169291666816263 4.9375586404806278 0.028865151122888559 0.010756107177936245
-0.8936789176893033 -0.30336311466604649 1.0117055186455315 0.99728968900035797 -0.00068863079350249816 0.02919608546527001 1.010039948752691 4.9616047073231195 0.028724260699527736 0.010756052371379842
-0.92563025639160368 -0.18411930931146583 1.0096753782420311 0.99789788621648878 -0.00035027418971888229 0.029060626659586253 1.0073751959590773 4.9711916555240387 0.028671505852063933 0.010756260614939726
-0.94174362872637973 -0.061725116868924956 1.0087177127205711 0.99816135584358012 -0.00021233110104524572 0.029001528961402061 1.0062810435237621 4.975206603069191 0.028651237770340142 0.010755486020047422
-0.067647904905641737 -1.0321079436246354 3.1429048155944712 0.57993974569827123 -0.31847537596698033 0.33918008457162291 3.7771754615570261 1.7021695303675195 0.068260053507492355 0.012745348818360553
-0.20178634175847202 -1.0144484245389631 3.5556363809448568 0.55699507421637584 -0.33594271515016977 0.3846027726625651 3.7858474789821464 1.6715157911212843 0.065122060452919101 0.012746266720357608
-0.33247209845526698 -0.97943121871121164 3.0626341937694805 0.6240642712861012 -0.28785114144536544 0.29591551184219356 3.3817433778450017 1.8685955775346557 0.061749657566836411 0.012746019949843776
-0.45746918108346102 -0.9276557318295432 1.779696843328312 0.82166449456607138 -0.12611329642751515 0.093749232536285351 1.8436977890960384 3.0610880388149586 0.041829558327567198 0.012746084896111776
-0.57463883918889846 -0.86000779818151263 1.1084359320545631 0.96893600638135591 -0.019465770695060385 0.037137203579635736 1.1726452439209729 4.4747564128367783 0.032152471670351443 0.012746081663473916
-0.68197626743582807 -0.77764489266738823 1.022023895907425 0.99481961881042236 -0.0030778850647078556 0.029884508416449494 1.0234181389102592 4.9168829424593339 0.028986824835493415 0.01274608181176185
-0.77764489266738812 -0.68197626743582829 1.006867757975491 0.99885961991153893 -0.00064101997833707991 0.028889621464126852 1.0042398737744413 4.9837450754654977 0.028614123266530806 0.012746081811761784
-0.86000779818151263 -0.57463883918889858 1.0034829747181186 0.9996872582848304 -0.00022512422229532708 0.028700852943679717 1.0010432436587808 4.9958311602401153 0.028561485491406788 0.012746081663473909
-0.9276557318295432 -0.4574691810834613 1.0025659818577106 0.99988889318478769 -0.00016680532059923722 0.028656129922205047 1.0003975442691342 4.9984510787876717 0.028553502431240194 0.012746084896111943
-0.97943121871121142 -0.33247209845526748 1.0023595139661361 0.99992226049764799 -7.7380234419534017e-05 0.028645155298554971 1.0002204003869528 4.999060447741928 0.028550798402642293 0.012746019949843819
-1.0144484245389631 -0.20178634175847235 1.0022639028579157 0.99993174356571368 -1.0976569476709917e-05 0.028639992350625396 1.0001355215480001 4.999319969176315 0.028549464897387102 0.012746266720357469
-1.0321079436246354 -0.067647904905642112 1.002249968211935 0.99993907428050255 6.9244883450738173e-05 0.028639274158985855 1.0001243465185292 4.9993845623804249 0.028549304670509618 0.012745348818360968
-0.074051965712207818 -1.1298150646231575 3.3486561443185789 0.60060906542527004 -0.33292077246950169 0.34227022090407816 3.577392602497949 1.8153427305496692 0.063030440013547476 0.015085622032438678
-0.22088895852625329 -1.110483762291617 2.9589280975842285 0.665147206077354 -0.29304014445080262 0.27021713602920289 3.1962925218622562 2.0327515895186061 0.059173152877222961 0.015086708477602578
-0.36394641444426967 -1.07215156369787 1.7560536490710048 0.85076496104922783 -0.12192139992553423 0.080972545794114947 1.6138681761238132 3.3826727497074178 0.036811617605424986 0.015086416395624126
-0.50077666350845129 -1.0154746187925974 1.0808150340224094 0.9804013278521142 -0.013675123068934069 0.033834374283082704 1.095657500479436 4.6835885004426761 0.030346333155657192 0.015086493267184696
-0.62903848501848203 -0.94142262161702928 1.009893312585306 0.99821409034203956 -0.0011182928756608436 0.029053051834448056 1.0068952833531812 4.9739546271594621 0.028655372875048015 0.01508648944097667
-0.74653728364742999 -0.85126262237393235 1.002891342147854 0.99984668304938173 -0.0001671466298808704 0.028671650527933142 1.0006146481122895 4.9976978056414136 0.028555992521148044 0.015086489616493082
-0.85126262237393213 -0.74653728364743022 1.0021023798864763 1.0000046182389961 -6.3885820723511846e-05 0.028630873515481117 0.99997823784965367 5.0000775052740769 0.028546815449900825 0.015086489616493112
-0.94142262161702928 -0.62903848501848214 1.0019479738076829 0.99999503313443816 3.1831116510018952e-05 0.028624146351352298 0.99989734739646285 5.0002318155594114 0.028546265704021131 0.015086489440976677
-1.0154746187925974 -0.50077666350845151 1.0018144737415007 1.0000097581611798 7.527105819423695e-05 0.028620756410540821 0.99991215895505503 5.000268421555095 0.028548210134250827 0.015086493267184548
-1.0721515636978696 -0.36394641444427006 1.0017844556467528 1.0000207506776297 4.1845605988306047e-05 0.028620200743373517 0.99992270723920185 5.0002970022403703 0.028548853470426617 0.015086416395624077
-1.110483762291617 -0.22088895852625368 1.0017857651996214 1.0000256461555397 1.4139519152423316e-05 0.028620789002282078 0.99994195248184559 5.0002733574732545 0.028549388014380325 0.015086708477602569
-1.1298150646231575 -0.074051965712208234 1.0017453991795422 1.0000220541534341 -1.3392348191238347e-05 0.028620118029016598 0.99995880268418114 5.0002132673193378 0.028550329274355638 0.01508562203243856
-0.080976406458685812 -1.2354616520461783 3.0048587928293871 0.68533326515785986 -0.30603422873906683 0.26896497183286111 3.1328507105476473 2.1202395046670399 0.057642396557045963 0.017836695028521827
-0.24154381204912373 -1.2143227210276795 1.8144117747032744 0.85182381038197863 -0.13852273637095794 0.086714920710788887 1.672730668962682 3.3363730050295137 0.037658553426064278 0.017837979602072482
-0.3979782643414968 -1.1724061606240623 1.0824618916029027 0.98177394439941612 -0.014094493302471702 0.033609094643525232 1.0867064424222073 4.7094493941368141 0.030080091397569141 0.017837634254882523
-0.54760321700143388 -1.1104294759628843 1.0080073762546946 0.99873821636546756 -0.00084228895172573399 0.028933161745696351 1.0046163191709769 4.9822063687295124 0.02861190014477032 0.017837725145041609
-0.68785852679418202 -1.029453035098767 1.002143357223648 0.99999960560187084 -1.9626063827916841e-05 0.028635053050421345 1.0000833198986216 4.9997897396841582 0.028549348310007827 0.017837720621071473
-0.81634438648306862 -0.9308623673858063 1.0016954080040614 1.0000055870684366 2.4160344229713757e-05 0.02861747665361597 0.99991641552476462 5.0002369096178549 0.028549688963976225 0.017837720828595579
-0.93086236738580619 -0.81634438648306873 1.0017289486877428 0.99999771051807196 2.2473939601948042e-05 0.028621651190320823 1.0000287921356854 4.9999165725934294 0.028552515133300739 0.01783772082859535
-1.0294530350987667 -0.68785852679418213 1.0017493428078401 1.00001157758287 -2.4677121356743327e-05 0.02862238752386909 1.0000341597128273 4.9999724887142607 0.0285524358694264 0.017837720621071574
-1.1104294759628843 -0.54760321700143422 1.0017748465915353 1.0000032326929744 -3.3025890619050659e-05 0.028622143095775238 1.0000001604181867 5.0000157625053649 0.028551174385569693 0.017837725145041394
-1.1724061606240623 -0.3979782643414973 1.0017901505567055 0.99999675259731757 -1.1389460575399261e-05 0.028622414532176461 0.99999436709551393 4.9999978429463185 0.02855083451349082 0.017837634254882644
-1.2143227210276792 -0.24154381204912423 1.0017958995439882 0.99999397281786584 8.6991347129529231e-06 0.028622454732461246 0.999990032934299 4.9999947793393087 0.028550645231390628 0.017837979602072486
-1.2354616520461783 -0.080976406458686284 1.0018271224139208 0.99999293610981266 3.1422155372108779e-05 0.028624167419719307 1.0000187020475562 4.9999179262451117 0.028551107824780344 0.017836695028521771
-0.088463512078033393 -1.3496928495276668 1.9877189984345269 0.83060765621475274 -0.17920715451461725 0.11316501903800595 1.9926235374656791 3.0097697849115828 0.043252898557345272 0.021069261828180218
-0.26387703368244375 -1.3265994058784254 1.1042859934369202 0.97656704155255736 -0.020613258514956559 0.035461367157286532 1.123936966122081 4.6067836445223422 0.03086322365017748 0.021070779206619612
-0.43477546774480746 -1.2808072262831649 1.0091489885106657 0.99848189015389999 -0.0010752844750051905 0.028994193586032054 1.0055965828567583 4.9785004854431971 0.028626854411332295 0.021070371271722142
-0.59823479356165166 -1.2131001566334656 1.0019908347845004 0.99998724106100312 4.5162171130364332e-06 0.028629320593148256 1.0000353146121714 4.999847919650807 0.028549716047550907 0.021070478634019119
-0.75145815619863643 -1.1246366069688629 1.0016126837552537 0.99999258788416301 -3.3216058443091129e-06 0.028617357750970063 0.99999484478491329 4.999975824800881 0.028552871512319083 0.021070473290164211
-0.89182386143950099 -1.0169302131508478 1.0017453106906282 1.0000122049973388 -1.0805972543386352e-05 0.028621168542956082 0.99999559494336931 5.0000720354513959 0.028551380757578414 0.021070473535298163
-1.0169302131508475 -0.8918238614395011 1.001688645170052 1.0000063821054836 1.2136108183897476e-06 0.028617934232875217 0.99993915466921635 5.0001840291311517 0.028550415315869576 0.021070473535298194
-1.1246366069688629 -0.75145815619863676 1.0016955773017662 1.0000020593683738 2.0796346050825767e-05 0.028618604278893792 0.99995564660656089 5.0001211826841345 0.028550807162622666 0.02107047329016425
-1.2131001566334658 -0.59823479356165199 1.0016973537643246 1.0000063322277579 2.0941596794709461e-05 0.028619115339533957 0.99997173004589512 5.0001023364268899 0.028551246124430052 0.021070478634019198
-1.2808072262831649 -0.43477546774480808 1.0016851725641891 1.0000090098725618 1.1847724248219728e-05 0.028618683666750928 0.9999688072796441 5.0001230314020262 0.028551301553877952 0.021070371271721965
-1.3265994058784256 -0.26387703368244431 1.0016806467626429 1.0000099045589053 7.4409216879371003e-06 0.02861868040367618 0.9999732113307479 5.0001164939753941 0.028551478899636759 0.021070779206619931
-1.3496928495276668 -0.088463512078033935 1.0016497119405057 1.0000074749178069 6.8444882590297784e-06 0.028618117195758502 0.99998441456497522 5.0000763364008316 0.028552151489890456 0.021069261828179503
-0.096559003484148587 -1.4732062236587793 1.2137862798835115 0.95042908953985383 -0.046859897829678553 0.045238459842464745 1.3044686029623713 4.1658164154120687 0.034491231186830715 0.024866071266900797
-0.2880250039389608 -1.4479994479677905 1.0166311000942014 0.99669999842815749 -0.0022656909275308055 0.029430674581599623 1.0132226027444644 4.9508885396419577 0.028758846912122056 0.024867862086186465
-0.4745627312169276 -1.3980167248628652 1.0022170153893433 0.99990367506993838 -4.8703418388597243e-05 0.028642958780392243 1.0002859070056906 4.9988038331927722 0.028554292073186351 0.024867380638933175
-0.65298058102084089 -1.3241136317046385 1.0014115253631548 1.0000226832017831 9.6765016001400979e-06 0.028609810013265891 0.99993192014036203 5.0002836258041405 0.028553368762707605 0.024867507348571332
-0.82022575204306825 -1.2275545871942906 1.0016833746293872 1.000004743647847 8.1934533051883817e-06 0.028619313311652034 0.99999260267331691 5.0000422092745307 0.028552001463851968 0.024867501041720433
-0.97343663303829742 -1.1099917433546187 1.0015865500471983 0.99999946120004957 2.6668939020422826e-06 0.028616661140206865 0.99999659420601339 5.0000058178806048 0.028553219465925948 0.024867501331029274
-1.1099917433546183 -0.97343663303829764 1.0016309244902983 1.0000054062615413 -3.0747745879666213e-06 0.02861840426565249 1.0000132022181623 4.9999940232947617 0.028553187676571438 0.024867501331029562
-1.2275545871942906 -0.82022575204306847 1.0016022549810581 1.0000056017997134 -8.000910039666457e-06 0.028616995104399828 0.99999258449695905 5.0000465454835892 0.028552925891677423 0.024867501041720166
-1.3241136317046385 -0.65298058102084133 1.0015999310613313 1.0000029944619861 -6.2986738656447631e-06 0.028616620527325536 0.99998181543162856 5.0000604319466282 0.028552644900254852 0.02486750734857112
-1.398016724862865 -0.47456273121692821 1.0016034459220868 1.0000020946925319 6.3765433886131499e-07 0.02861665687923564 0.99997957654158076 5.000061530359206 0.028552540893743747 0.024867380638933314
-1.4479994479677905 -0.28802500393896135 1.0016077288203009 1.0000014865211662 8.6554653080793927e-06 0.028616787871449383 0.99997987797369325 5.0000577360532859 0.028552500663960225 0.024867862086186368
-1.4732062236587793 -0.096559003484149142 1.0016208271841589 1.0000004078326497 1.8705484415898227e-05 0.028617829290215318 1.0000031917425798 4.9999940580578368 0.028553016985349098 0.024866071266901411
-0.10531231677214724 -1.6067560237624186 1.0472047378160398 0.99045352133720088 -0.0082622218220524575 0.031183162847232139 1.0422132932447807 4.8511076309890493 0.029233170863251667 0.029323973742269509
-0.31413518531286699 -1.5792641913015584 1.0037568902216187 0.99954694014684675 -0.00021660395461923625 0.028717561392236749 1.0013526755917441 4.994358083823732 0.028567195236852694 0.029326085613386909
-0.51758302048318938 -1.5247504103093537 1.0015473931401322 1.0000039277233608 7.9748083875860043e-05 0.028611940170587716 0.99987071183274434 5.0003429049100232 0.028550071576551164 0.029325517853950236
-0.71217489113603483 -1.4441478183573937 1.0016165978955478 0.99999561907869228 -3.3506334922761644e-05 0.028619413211452151 1.000062761986789 4.999821198666365 0.028554766118545065 0.02932566727964998
-0.89458125194936045 -1.3388354568399206 1.0014556572503046 1.000009214937613 7.0982984772235859e-06 0.028611902505720758 0.99996098618335172 5.0001436104688164 0.02855369541840452 0.029325659842129093
-1.0616810795170517 -1.2106152494606004 1.0015380128089539 1.0000065327416814 2.4853530689679126e-06 0.028614740758510396 0.99997794659990169 5.0000877958566061 0.028553240503020438 0.029325660183304406
-1.2106152494606002 -1.0616810795170517 1.0015307644354579 1.0000012329891756 2.608102917268135e-06 0.028614543889224325 0.99997830384168818 5.0000604036685834 0.028553333362794888 0.02932566018330442
-1.3388354568399206 -0.89458125194936033 1.0015435632203897 1.0000028552669114 6.2820118927866443e-06 0.028615161114525327 0.99998709465078339 5.0000465375710865 0.02855343841940083 0.0293256598421292
-1.4441478183573935 -0.71217489113603527 1.0015397422375907 1.0000037404958564 6.2926880795645013e-06 0.028615030041078342 0.99998632919224062 5.0000528774363637 0.028553460136348591 0.029325667279649612
-1.5247504103093532 -0.51758302048318994 1.0015341166491394 1.0000043433306951 4.5980922041592585e-06 0.028614749213834265 0.99998213218894583 5.0000663843870186 0.028553404448953792 0.029325517853950385
-1.5792641913015579 -0.31413518531286766 1.0015307103922302 1.0000045314322734 6.2793139593658984e-06 0.028614657306735975 0.99998232134700971 5.0000668520391205 0.028553448694757309 0.029326085613386947
-1.6067560237624186 -0.10531231677214783 1.0015135588839112 1.0000025921925579 1.1438713279126636e-05 0.028614514917367051 0.99999447053569357 5.000026782404265 0.028553991201333694 0.029323973742268868
-0.11477690510584318 -1.7511577878077367 1.0099700901677882 0.99823655176013559 -0.0012379442435290916 0.029037701848256596 1.0062867935495869 4.9755709053599997 0.028637184937156935 0.034556314759694874
-0.34236702277731357 -1.7211952198739886 1.0016437616683924 0.99994623954587003 6.7201681732877652e-05 0.02861919645531805 1.0000280670745731 4.9996610439433447 0.028553465730929886 0.034558803456613441
-0.56409904413105094 -1.6617821971651594 1.0013222839464531 1.0000227441991716 -4.0903573261172532e-05 0.028609231191507684 1.0000008056338225 5.0001117084097606 0.028556353763692879 0.034558134390613483
-0.77617920110464811 -1.5739357198364807 1.0014524745512177 1.0000004322891827 2.3497347671536809e-05 0.028611380304219208 0.99994591359828067 5.0001373817346533 0.028553301321433779 0.034558310478668419
-0.97497871674981473 -1.4591587659639766 1.0015159304114447 1.0000028984160156 -1.2252966180872673e-05 0.0286155307246382 1.0000276020506551 4.9999454859177304 0.028554910197004978 0.03455830171405503
-1.1570960762362232 -1.3194152010505891 1.0014180386243008 1.0000039977168791 4.5774272854092645e-06 0.028611626229374069 0.99998889409508862 5.0000477511017447 0.028554921382548875 0.034558302116106915
-1.3194152010505893 -1.1570960762362232 1.0014579196774753 1.0000038524516626 -8.6862580408260841e-07 0.028612958270186967 0.99999562509996709 5.0000301969487388 0.028554658722512394 0.034558302116106256
-1.4591587659639766 -0.97497871674981496 1.0014511654101881 1.0000022158459072 -2.6329099265253781e-06 0.02861264813028969 0.99999153038342281 5.0000322508301656 0.028554618832825149 0.034558301714055134
-1.5739357198364807 -0.77617920110464833 1.001447381324909 1.0000019673533738 -7.0713385480726905e-07 0.028612408204626308 0.99998692370606157 5.0000425252483174 0.028554530448325052 0.034558310478668766
-1.661782197165159 -0.56409904413105161 1.0014472917208086 1.0000019655201637 2.0774862123917358e-06 0.028612315627321194 0.9999837776565661 5.0000503814037733 0.028554441635143115 0.034558134390613129
-1.7211952198739882 -0.34236702277731429 1.0014496546625351 1.0000019878688249 6.7080986667786895e-06 0.028612379311739516 0.99998364390170924 5.0000508276456692 0.028554410865845873 0.03455880345661376
-1.7511577878077369 -0.11477690510584379 1.0014504141997425 1.0000011038664869 1.4018157863323342e-05 0.028612884370525466 1.0000005369325227 5.000004174851906 0.028554884581439496 0.03455631475969468
-0.12501056513594294 -1.9072933225911521 1.003051807994209 0.9996779791632181 -0.00018974140231001619 0.028684695676605847 1.0009097632043704 4.9961178577715817 0.028562586694242539 0.040695733978746186
-0.37289291745437875 -1.8746592526372021 1.0012733328219443 1.0000139075499446 6.0757335750964792e-05 0.028604565678656647 0.99988660925814754 5.0003530492464678 0.02855365109743491 0.040698664827952667
-0.61439485787178549 -1.809948886571692 1.0015078045888515 0.99999648989423584 -1.3721432737928971e-05 0.028616544594282794 1.000071147876465 4.9998045877262838 0.028556246286760338 0.040697876892892948
-0.84538436096859926 -1.7142699016231702 1.0012347703052513 1.0000129675584966 4.3053811783567512e-06 0.028605594162376482 0.99996107238750342 5.0001621583338469 0.028556217457531983 0.040698084265487114
-1.0619091032644157 -1.5892592833724661 1.0013920136426586 0.9999993427316114 6.8445074680169511e-07 0.028610570865633716 0.99997799622680783 5.0000517213243043 0.028554907029083466 0.040698073943716689
-1.2602642863865519 -1.4370559981573423 1.001398226155775 1.0000036330155511 -3.8233593702053042e-06 0.028611505267709079 1.0000044509333308 5.0000070351381405 0.028555591595369023 0.040698074417197472
-1.4370559981573423 -1.2602642863865523 1.0013612792727975 1.0000012884532496 3.7130143662088882e-06 0.028609995466395151 0.9999885765443014 5.0000349985818708 0.028555559725801486 0.040698074417197777
-1.5892592833724661 -1.0619091032644159 1.0013841171051359 1.0000018397500041 1.5142243651319434e-06 0.028610848071371771 0.99999557046659271 5.0000202700068739 0.028555498941570379 0.04069807394371619
-1.7142699016231699 -0.84538436096859981 1.0013800076066863 1.0000019117571517 1.7451491987950706e-06 0.028610653442474591 0.99999287165981887 5.0000273771336072 0.028555468750094661 0.040698084265487079
-1.809948886571692 -0.61439485787178649 1.0013753452402903 1.0000022544166687 2.3133264870439233e-06 0.028610387265995463 0.9999882242080711 5.0000407092633505 0.028555389219944605 0.040697876892893281
-1.8746592526372017 -0.37289291745437941 1.0013737819320347 1.0000023921223498 5.2874661601112907e-06 0.028610304390211363 0.99998688868020102 5.0000447367423062 0.028555368914798408 0.04069866482795273
-1.9072933225911521 -0.12501056513594364 1.0013627101987947 1.0000010084481707 1.1484431821738807e-05 0.028610313718592101 0.99999827125045693 5.0000093618148505 0.028555820244444575 0.040695733978745423
-0.13607578994226752 -2.0761160885959504 1.0015232167461898 0.99992020476308585 7.4564577935398079e-05 0.028615321993663161 1.0000130321238299 4.9995684576854105 0.028554411068887616 0.047897438395239023
-0.40589927940332254 -2.0405934362250413 1.0011232875762597 1.0000339821943225 -4.6823241843075821e-05 0.028602799598191755 0.99997472569378709 5.0002331029233842 0.028557879315589146 0.047900887901014044
-0.66877759916095758 -1.9701552762963828 1.0013210052031014 0.99999195788923489 2.3723397918959613e-05 0.028607739020968994 0.99994992562216567 5.000084977853068 0.028554915403732461 0.047899960529339008
-0.92021298038725563 -1.8660073313320009 1.0013366047683716 1.0000094723075963 -7.896790563309517e-06 0.028610780416934205 1.0000406544281493 4.9999457251201447 0.028557328330000707 0.04790020459954266
-1.1559032623878904 -1.7299314835735555 1.0012285044778175 1.0000026016293497 9.339899634957865e-06 0.028605752249560495 0.99997285654556711 5.000080865919343 0.028556625465834966 0.047900192451182856
-1.3718157190921385 -1.5642560285035478 1.0013155437251144 1.0000008403139011 -4.0870134702804983e-06 0.028609038083706823 1.0000007871119347 5.0000022311913863 0.02855643012392578 0.047900193008453953
-1.5642560285035474 -1.371815719092139 1.0012997984649963 1.0000022540602915 -9.8309491238125242e-07 0.02860855253416416 0.99999953977176181 5.0000124182379055 0.028556574121201019 0.047900193008454106
-1.7299314835735555 -1.1559032623878909 1.0012911906834168 1.0000006545915285 -5.8141359688761012e-08 0.028608158793113601 0.99999437328354623 5.0000173371777983 0.028556524779879265 0.047900192451182474
-1.8660073313320005 -0.92021298038725607 1.0012958454578902 1.0000008753372522 -2.723633153820731e-07 0.028608275484645278 0.9999938034772492 5.0000198654393193 0.028556455407193742 0.047900204599542938
-1.9701552762963828 -0.66877759916095847 1.0012933945298064 1.0000011118015337 1.3976643802172129e-06 0.028608088880011977 0.99998972849854229 5.0000312353530028 0.028556366999154877 0.047899960529338897
-2.0405934362250413 -0.40589927940332327 1.0012942558126294 1.0000013897955711 4.9817742033926769e-06 0.028608070201418506 0.99998821543209004 5.0000364081214475 0.028556313965715629 0.047900887901013788
-2.07611608859595 -0.13607578994226838 1.0012894945929856 1.0000006891733317 1.149870614621135e-05 0.028608284317915345 1.0000004548902914 5.0000023063315346 0.028556717799347178 0.047897438395240355
-0.14804015065528486 -2.258657022413781 1.0012516741620876 0.99998398528597288 8.5305645879970842e-05 0.028604877923701276 0.99991915330412162 5.0001220677427476 0.02855482752487017 0.056343029906403497
-0.44158766595610699 -2.220011067752075 1.0012581071550408 1.0000113360250347 -3.7161232787772307e-05 0.028609615822882833 1.0000783470196815 4.9998608226769612 0.028559300244799045 0.056347087651735676
-0.72757936277035618 -2.1433796859894287 1.0010880174880163 1.0000061325337297 1.0797747670460481e-05 0.028600326515759628 0.99992349274791137 5.0002219405994666 0.02855681860713926 0.056345996759785022
-1.0011220093543112 -2.0300746118869242 1.001275513534003 0.99999933255889006 -9.0512538892693514e-06 0.02860813060232607 1.0000090449532733 4.9999740481450319 0.028557122601762738 0.056346283866052484
-1.2575351807947552 -1.8820343983320182 1.001200942881624 1.0000055873517286 2.9104691274370155e-06 0.028605738566305564 0.99999990599487809 5.0000281691543913 0.02855771238254106 0.05634626957561318
-1.4924315766371796 -1.7017920544231369 1.0012029824020721 0.99999995785417217 2.6749291880034301e-06 0.028605556482909779 0.99999150366363254 5.0000210276245651 0.028557449161718353 0.056346270231146439
-1.7017920544231369 -1.4924315766371801 1.0012270979790963 1.0000006224131102 -1.5146795604820679e-06 0.028606535766644198 1.0000016507706764 4.9999989825075879 0.028557463800764581 0.056346270231147001
-1.8820343983320182 -1.2575351807947557 1.0012209137579811 1.000000853324553 4.6394831288996745e-07 0.028606286810879972 0.99999912463445606 5.000006452400914 0.028557462216656334 0.056346269575614095
-2.0300746118869242 -1.0011220093543114 1.0012196515887981 1.0000006577873681 3.7104811922541959e-07 0.02860618458977195 0.99999681188450629 5.0000112566106649 0.028557410570466762 0.056346283866052463
-2.1433796859894287 -0.72757936277035684 1.0012177599665926 1.0000010328710118 9.9017764630111076e-07 0.028606019651568317 0.99999293538420697 5.0000228233692541 0.028557321448858829 0.056345996759784737
-2.2200110677520755 -0.44158766595610793 1.0012168833975732 1.0000012911769558 4.0548512837028564e-06 0.028605924127588132 0.99999047160586174 5.0000302744726541 0.028557261090239795 0.056347087651735198
-2.2586570224137819 -0.14804015065528578 1.0012077725868211 1.0000004137650329 1.0180036421352871e-05 0.028605928529442524 0.99999972521844627 5.0000027533990066 0.028557629297643466 0.056343029906405197
-0.16097670908737138 -2.4560308322833491 1.0009177040001007 1.0000412589325989 -5.3802490832876471e-08 0.02859493484678554 0.99990510166928259 5.0004435645262282 0.028558236902149495 0.066244981082736548
-0.48017601255156434 -2.4140077826346955 1.0012382920854812 0.99998862785788112 1.3515362933371465e-05 0.028607608905132802 1.0000279838847872 4.9998731796584668 0.028558088090714327 0.066249751952585076
-0.79115922876479106 -2.3306799314107853 1.0010734474663316 1.0000147433622306 -1.0833298008425913e-06 0.028602122306368109 1.0000008313072337 5.0000716358770712 0.02855919358238921 0.066248469342886571
-1.0886055286180596 -2.2074736399338666 1.0011172413392764 0.99999690606432023 3.6880659404672035e-06 0.028602621872803841 0.99997455158390824 5.0000481497737352 0.028557943333121501 0.066248806906366739
-1.3674254860582011 -2.0464968624503617 1.0011624753002912 1.0000027787835775 -6.1059913902581189e-06 0.02860494847256469 1.0000107077349372 4.9999871221748009 0.028558459763467207 0.06624879010446913
-1.6228484143099164 -1.8505039562542061 1.0011238841071155 1.000001236318149 2.5511185767506563e-06 0.028603412543338837 0.99999555884408686 5.0000172819079491 0.028558467474462858 0.066248790875207936
-1.8505039562542056 -1.6228484143099169 1.0011396235007639 1.0000000452115199 -5.7782038414041989e-07 0.028603997184093583 1.0000002765703022 4.9999995319932413 0.028558422611880806 0.066248790875208741
-2.0464968624503617 -1.3674254860582014 1.0011399312534779 1.0000000366480619 -8.0281837265551065e-07 0.028604002923816235 1.0000001698294729 4.9999997560287275 0.028558416051962104 0.06624879010446863
-2.2074736399338666 -1.08860552861806 1.001138588490857 1.0000001923169086 -2.7919273733446422e-07 0.028603897209619145 0.99999781527629494 5.000006420764449 0.028558364131046645 0.066248806906366198
-2.3306799314107849 -0.79115922876479206 1.0011374491753324 1.000000486881631 5.3166925437358895e-07 0.028603761139704833 0.99999419625878305 5.0000169411925679 0.028558273777557652 0.066248469342885988
-2.4140077826346946 -0.48017601255156533 1.0011380916689128 1.0000008855745981 3.4834934555782908e-06 0.028603708405238085 0.99999171089117345 5.0000251481830142 0.028558195468294283 0.066249751952586172
-2.4560308322833491 -0.16097670908737227 1.0011310915241165 1.0000004117441077 9.4856793562059355e-06 0.028603755028443336 1.0000003330376901 5.0000012237115747 0.02855852157805833 0.066244981082733453
-0.1749644638935855 -2.6694428051907817 1.0009355674764504 1.000037346240044 -5.973706680547802e-05 0.028599350472629882 1.000041659033907 5.0000825892611376 0.028561933211885656 0.077851868842983604
-0.52189996358445234 -2.6237682452209938 1.0010249792930179 0.99999104710068387 2.5293169715639169e-05 0.028598504229259129 0.99992274685710325 5.0001483767820831 0.028557516621935983 0.077857475624477784
-0.85990545526783746 -2.533199784109748 1.001093059707072 1.0000088515526873 -9.8977871241204521e-06 0.028603756136130747 1.0000383620684585 4.9999483521080439 0.02856004162077258 0.077855968286706323
-1.1831977668451066 -2.3992877240434947 1.0010028119433798 1.0000015225325303 9.2897479045795275e-06 0.028599411022530757 0.99997659625789503 5.000066120710188 0.028559307521952879 0.077856364995217003
-1.48624523658726 -2.2243231858106274 1.0010735140905034 0.99999957763498426 -3.1863392142532786e-06 0.028602184792482572 1.0000029494231832 4.9999905120222268 0.028559253313743847 0.077856345249433939
-1.7638626382663782 -2.0112998611696451 1.0010606701072968 1.000000958301118 -5.3799075742435049e-07 0.028601803634231385 1.0000024534315781 4.9999986552932292 0.028559385718364048 0.077856346155215042
-2.0112998611696447 -1.7638626382663785 1.0010572059349345 0.99999995747722048 4.3211143656343e-07 0.02860163818743304 1.0000001294314502 4.9999994611684402 0.028559358878438263 0.077856346155213696
-2.2243231858106269 -1.4862452365872609 1.001062356530815 1.0000000480503548 -4.3320903953715384e-07 0.028601829686197219 1.0000016796447631 4.9999960385058762 0.028559344374704313 0.077856345249433717
-2.3992877240434947 -1.183197766845107 1.0010605197765381 1.0000001012156108 -3.2900994558766396e-07 0.028601715963865178 0.99999953839134936 5.0000016574609178 0.028559304182327255 0.077856364995217767
-2.5331997841097471 -0.85990545526783846 1.0010592707521593 1.0000004519278143 1.893653241430387e-07 0.028601578503630421 0.99999598007615953 5.0000123068440487 0.028559216812627054 0.07785596828670649
-2.6237682452209938 -0.52189996358445345 1.0010596217145185 1.0000008044767457 2.7852005723017695e-06 0.028601505640434285 0.99999308197424075 5.00002131493161 0.028559130039744259 0.077857475624477493
-2.6694428051907813 -0.17496446389358661 1.0010512722122571 1.0000003226025329 8.4533350142570281e-06 0.028601459521981225 0.9999998101996882 5.0000020850527616 0.028559417475383139 0.077851868842984381
-0.1900888329864874 -2.9001961671000456 1.0010679069634092 1.0000052058082527 -2.2751787296262031e-05 0.028604087630602043 1.0000750788733841 4.999838340103743 0.028561377261229877 0.091454494286315649
-0.56701431139638403 -2.8505733830865516 1.0008502375416317 1.0000085039467588 8.9284239023943078e-06 0.028593898767315634 0.99993627244132843 5.0002018451601753 0.028559897211888841 0.091461080709653628
-0.93423784940691657 -2.7521759560039318 1.0010278088765705 0.99999848188233675 -5.7920392393214578e-06 0.028601001595893284 1.000007238483005 4.9999743107742187 0.028559897387442947 0.091459310003110583
-1.2854763629521804 -2.606688200065717 1.0009605316723258 1.0000046525908552 1.8786282657310672e-06 0.028598934216693992 1.0000021627777114 5.000017853362877 0.028560520241981347 0.091459776026301565
-1.614720019525953 -2.4165992863138723 1.0009662917399913 0.99999898397745612 2.0010082119415443e-06 0.028598852318045324 0.99999354457258816 5.0000110558880042 0.028560208361857919 0.091459752830442623
-1.9163353688806692 -2.1851616887652967 1.0009866518928223 1.0000003083869744 -1.6487171821923255e-06 0.028599739895574312 1.0000042392127855 4.9999909413005872 0.028560281434261345 0.091459753894488321
-2.1851616887652963 -1.9163353688806697 1.0009782440193011 0.99999987572059679 -1.6895625889043125e-08 0.028599408728753717 1.0000010593938797 4.9999967274811716 0.028560286576199204 0.091459753894487142
-2.4165992863138728 -1.6147200195259537 1.0009798631164637 0.99999978730691963 -4.5309121628885015e-07 0.028599458755156161 1.0000011910900413 4.9999959561737546 0.028560271858818893 0.09145975283044401
-2.606688200065717 -1.2854763629521813 1.0009801621191801 0.9999999877140654 -5.3932927177167841e-07 0.028599433120285987 0.9999999960378585 4.9999999458368585 0.028560234315353344 0.091459776026300801
-2.7521759560039309 -0.93423784940691768 1.0009793501644302 1.0000002806113251 -9.4111722878548582e-08 0.028599318771975874 0.99999680892305698 5.0000093781307831 0.028560152557347417 0.091459310003110916
-2.8505733830865516 -0.56701431139638514 1.0009806957845482 1.0000006963716601 2.2151282855356659e-06 0.028599276654843117 0.9999939919701617 5.0000184993837449 0.028560056747137904 0.091461080709653558
-2.9001961671000456 -0.19008883298648868 1.0009733597633703 1.0000004423603743 7.56925777936964e-06 0.028599231286584897 0.99999973446871149 5.0000028731342026 0.028560304479881969 0.091454494286315219
-0.20644217515092875 -3.1497000412595511 1.0009725783069134 0.99998379232262868 2.0226010202080821e-05 0.028598943514638403 0.99999045293386368 4.9999428274457749 0.028560048315044943 0.10739303863211268
-0.61579455219600632 -3.0958082091732413 1.000843150827547 1.0000159323226199 -3.5481852103034895e-06 0.028595864123465282 1.0000120822498564 5.000049453172827 0.028562143366303246 0.10740077292687611
-1.0146103309161749 -2.9889456515098196 1.0008775796424889 0.99999533586020395 4.2229302218496834e-06 0.028595725538189318 0.99997283697513739 5.0000445853349129 0.0285606294626401 0.10739869362440241
-1.3960658935278807 -2.8309415840333916 1.0009225612024613 1.0000030314985371 -4.7386456556461175e-06 0.028598164829252856 1.0000131945917625 4.9999821686563068 0.028561268698224462 0.10739924086537481
-1.753634381638735 -2.6244993211688628 1.0008856001682667 0.99999994327366426 2.6061157365401294e-06 0.028596624087426553 0.99999624516019869 5.0000091008711527 0.02856120648350581 0.10739921362698231
-2.0811976992804455 -2.3731511472704532 1.0009013490633374 0.99999973494257188 -4.5395970924938691e-07 0.028597231235455562 1.0000017415510887 4.9999943182029476 0.028561183704863546 0.1073992148764652
-2.3731511472704532 -2.081197699280446 1.0009011582039811 1.0000000016866755 -3.2457197737603347e-07 0.028597234033413289 1.0000020300792882 4.9999949306035925 0.028561194124061089 0.10739921487646546
-2.6244993211688623 -1.7536343816387354 1.0009000776994386 0.99999993113284913 -2.1605462846074705e-07 0.028597182559349614 1.0000013096422469 4.9999963789226394 0.028561185880647037 0.1073992136269821
-2.8309415840333916 -1.3960658935278816 1.0009002880194748 1.0000000577783363 -5.0085149066965709e-07 0.028597162282297892 1.0000003904526609 4.9999993101213382 0.028561157226904253 0.10739924086537361
-2.9889456515098192 -1.0146103309161763 1.0009000669577739 1.0000003349356636 -2.9498736488802764e-07 0.028597079097395808 0.99999770246224973 5.0000074158951797 0.028561082978050632 0.10739869362440302
-3.0958082091732404 -0.61579455219600754 1.0009017279642372 1.0000006854340306 1.6693633955318034e-06 0.028597045921215695 0.99999488283583604 5.0000162175058405 0.028560983487364116 0.10740077292687676
-3.1497000412595515 -0.20644217515092997 1.0008944114297864 1.0000004735523522 6.6140131936724514e-06 0.02859696336834977 0.99999930602639031 5.0000041001673212 0.02856119333114273 0.1073930386321111
-0.22412435404411651 -3.4194780531832998 1.0007632281553853 0.99999022099665746 2.2019149134665518e-05 0.028591026379610526 0.99992275303150047 5.0001442302774937 0.02856050426857976 0.12606543058435399
-0.66853856840984216 -3.3609702795378817 1.0008630068271613 1.0000087905710049 -8.7457992174210205e-06 0.028597103154964144 1.0000355718410736 4.9999550223947846 0.028562587608239057 0.12607450963837519
-1.1015137040521141 -3.2449547333428934 1.0007683117760813 0.99999988584664967 8.0447733350320991e-06 0.028592822297078997 0.99998048256055194 5.0000482210627775 0.028562095145253475 0.12607206880827382
-1.5156416868849814 -3.0734173062953074 1.000833293695705 0.99999950784569158 -2.9171816152799636e-06 0.028595328587464358 1.0000032031396888 4.9999895287841474 0.028562002284179024 0.12607271119785191
-1.9038366202399832 -2.8492928570247482 1.0008206130963055 1.0000006741240792 -1.5378335607405833e-07 0.028594946287041977 1.0000025038387921 4.9999971083914634 0.028562127064693889 0.12607267922353071
-2.2594563811794459 -2.5764162169972717 1.0008170885834855 0.99999966591060396 4.5171673133261769e-07 0.028594773516843867 0.99999998346287988 4.9999983682567688 0.028562095311591495 0.1260726806902577
-2.5764162169972717 -2.2594563811794472 1.0008205960375951 0.99999998497603193 -3.1235225553203303e-07 0.028594915932284772 1.0000014593381572 4.9999962738995114 0.028562097426341953 0.12607268069025923
-2.8492928570247473 -1.9038366202399839 1.0008195131586386 1.0000000024945375 -2.2899753929548037e-07 0.028594868842683845 1.0000008945455183 4.9999977734709695 0.028562093656279344 0.12607267922352874
-3.0734173062953078 -1.5156416868849822 1.0008198457397726 1.0000001220307377 -4.54838081937767e-07 0.028594860940585311 1.0000002858896424 4.9999998927906173 0.028562072475237898 0.12607271119785307
-3.244954733342893 -1.1015137040521159 1.0008202316361372 1.0000003280073173 -4.1300499431532317e-07 0.028594812182089497 0.99999819516069777 5.0000061495033039 0.028562008354525329 0.12607206880827326
-3.3609702795378817 -0.66853856840984338 1.0008227643985348 1.0000006636279142 1.2021982189941888e-06 0.028594812423159463 0.99999567291553371 5.0000141332570784 0.028561907401534727 0.12607450963837455
-3.4194780531832998 -0.22412435404411776 1.0008164079565143 1.0000005725707162 5.7087019524280807e-06 0.028594731196840188 0.99999918354277373 5.0000049014409864 0.02856208023389872 0.12606543058435779
-0.24324334802508615 -3.7111776348539327 1.0006215886590422 1.0000085967124639 9.5513325564739449e-06 0.028587763061084719 0.99995014840968299 5.0001676158578956 0.028562903843473545 0.14793713009407136
-0.72556844773727081 -3.6476788383590004 1.0007787546254368 0.99999811746645495 -5.103208381032689e-06 0.028593738638791191 1.0000020950440855 4.9999853471657154 0.028562593237139507 0.1479477843169611
-1.1954786547490059 -3.5217665518527634 1.0007319332485514 1.0000038823991639 1.2726249045087839e-06 0.028592482453159727 1.0000049479338842 5.000007039523485 0.028563209261647925 0.14794492001547074
-1.644933947034259 -3.3355960741078485 1.0007302414186439 0.99999838496500826 1.7599335545204177e-06 0.028592156498565603 0.99999523845164651 5.0000038260874042 0.028562951244381504 0.14794567385631588
-2.0662439634239069 -3.0923526227329989 1.0007465450924378 1.0000003912995148 -1.147960637920539e-06 0.028592857793922948 1.000003474044723 4.9999932687687476 0.028563000342443582 0.14794563633461183
-2.4521999727283164 -2.7961981606210671 1.000738683296583 0.99999996813074599 3.3201932364495821e-07 0.028592541547092985 1.0000002695959256 4.9999991640247998 0.028562998569879913 0.14794563805581434
-2.7961981606210671 -2.4521999727283168 1.0007399605314944 1.0000001083442915 -2.0906245194255847e-08 0.028592589593614368 1.000000673689903 4.9999988548578216 0.028562995530127457 0.14794563805581615
-3.0923526227329989 -2.0662439634239078 1.0007397929490145 1.0000001705615544 -1.082283267759566e-07 0.028592583320267585 1.000000621743788 4.9999992958092419 0.028562995959639251 0.14794563633461219
-3.3355960741078485 -1.6449339470342603 1.0007399535359109 1.0000002250822391 -3.5369859329107861e-07 0.028592577206001335 1.0000002474344447 5.0000005041858229 0.028562983434869703 0.1479456738563166
-3.5217665518527634 -1.1954786547490073 1.0007407869520173 1.0000003693316466 -4.5694737744438984e-07 0.028592557452796534 0.9999987237846647 5.0000050345617737 0.028562930400017495 0.14794492001547097
-3.6476788383590009 -0.72556844773727236 1.000743869722359 1.0000006253497342 8.0479284396489788e-07 0.028592582043392451 0.99999650334083445 5.00001186578704 0.028562831782598209 0.14794778431696107
-3.7111776348539327 -0.24324334802508732 1.0007382702495189 1.0000005737705784 4.8147112855622774e-06 0.028592495890106831 0.99999908552275352 5.0000051524672902 0.028562969464866188 0.14793713009407014
-0.26391590953758082 -4.0265800849649231 1.0006291402258387 1.0000159782655424 -3.0397369567309273e-06 0.028589919319337558 1.0000180235551295 5.0000348297125496 0.028564756421707232 0.17355256816651596
-0.78723245001792996 -3.9576847060467979 1.000630720189245 0.99999468316997275 5.3426738304353112e-06 0.028588766529630355 0.99997612235147215 5.0000331081546276 0.02856354150522129 0.17356506717701933
-1.2970789913165837 -3.821071491810728 1.0006836709908618 1.0000026039389744 -4.2812208263844764e-06 0.028591281800103455 1.000011183310501 4.9999850589865966 0.028563938391857953 0.17356170691933032
-1.7847322127633982 -3.619078913752527 1.0006521746476293 0.99999956480588836 1.8658832139767478e-06 0.028590000020084581 0.99999782641638124 5.0000032553641365 0.028563916491726571 0.17356259128835055
-2.2418481712285794 -3.3551628920817804 1.0006620686531873 0.99999992768292723 -2.6248196076977827e-07 0.028590369753603313 1.0000008710896879 4.9999974580526212 0.028563890489205001 0.17356254726973061
-2.6606054859263009 -3.0338391031006213 1.0006608044453305 1.0000001871842537 3.6198878609252799e-08 0.028590321920590515 1.0000004614139155 4.9999997797471174 0.028563893222009275 0.17356254928895892
-3.0338391031006213 -2.6606054859263017 1.0006598789288499 1.0000002089775124 8.9492862271502496e-08 0.02859028407100345 1.0000000624585395 5.0000008861016587 0.028563892393856882 0.17356254928895784
-3.3551628920817804 -2.2418481712285807 1.0006599684887403 1.0000002547250006 -1.5935330113520867e-08 0.028590290387029732 1.0000001938728338 5.0000007863033167 0.028563895124963497 0.17356254726973275
-3.6190789137525279 -1.7847322127633996 1.0006603368424347 1.0000002756829609 -2.4880404423677589e-07 0.028590299621248982 1.00000014874654 5.0000010039089986 0.028563889630111521 0.17356259128834892
-3.8210714918107271 -1.2970789913165852 1.0006614402568963 1.0000003502355939 -4.4526601234871886e-07 0.028590302391791538 0.9999991429661671 5.0000038911256235 0.028563848302334525 0.17356170691932735
-3.9576847060467975 -0.78723245001793152 1.0006651401544164 1.0000005561274599 4.8174200908904276e-07 0.028590356556553814 0.99999734003769569 5.0000094279210519 0.028563754558518735 0.1735650671770235
-4.0265800849649231 -0.26391590953758215 1.0006606887599743 1.000000564639413 3.9670133673862371e-06 0.028590283091062395 0.99999921888676591 5.0000047733821891 0.0285638590515081 0.17355256816650563
-0.28626827807293626 -4.3676114466359888 1.0006350231055687 1.0000081966000904 -9.5884725663638417e-06 0.028590342620104934 1.0000269504274413 4.9999736053317427 0.028564944235773253 0.20354852289680067
-0.85390713392244788 -4.292880970839243 1.0005470785184989 0.99999944138198826 6.2841187574023947e-06 0.028586754038733137 0.99998931762487298 5.0000239105059689 0.028564873525020237 0.20356318217355893
-1.4069351484697272 -4.1446972949483429 1.000589175344117 0.99999938762961993 -1.643604702714176e-06 0.028588313363918465 1.0000017902817959 4.9999924598195689 0.028564749083654705 0.20355924114578908
-1.9358901790508654 -3.9255969473961612 1.0005843539539296 1.0000004823545168 -1.0365901947316944e-07 0.028588180030957443 1.0000019449366109 4.9999975467962834 0.028564808557799568 0.20356027836471188
-2.431721591938286 -3.6393285476929362 1.0005802932534122 0.99999999098575199 3.0767135399962851e-07 0.028587998749129224 0.99999966210575642 5.0000007970252636 0.028564789719482515 0.20356022673814067
-2.885945574187045 -3.2907902275261871 1.0005815667747773 1.0000002800883363 8.7053705001478624e-08 0.028588046999515712 1.0000000771069961 5.0000012050346179 0.028564787031207621 0.20356022910636135
-3.2907902275261871 -2.8859455741870468 1.0005809930297516 1.0000003159032687 1.2731771850714672e-07 0.028588025046455627 0.99999988260796646 5.0000018703570355 0.028564788027137557 0.2035602291063556
-3.6393285476929358 -2.4317215919382869 1.0005809125698888 1.0000003112159896 7.8899135348149782e-08 0.02858802631547212 1.0000000074108975 5.0000015349131655 0.028564792510901164 0.2035602267381369
-3.9255969473961612 -1.9358901790508665 1.000581274334275 1.0000002964799999 -1.4043397125258078e-07 0.02858804062501745 1.0000001463998038 5.0000011137609217 0.028564792350000829 0.20356027836471219
-4.144697294948342 -1.4069351484697292 1.0005824518889819 1.0000003224326002 -3.8839810107518487e-07 0.028588057454893605 0.99999955823316822 5.0000027139416288 0.028564762102338482 0.20355924114579282
-4.2928809708392413 -0.85390713392244966 1.000586441271393 1.0000004614455944 2.373647514477066e-07 0.028588130896553519 0.99999814014224064 5.0000069542415897 0.028564676039312592 0.20356318217355512
-4.3676114466359888 -0.28626827807293792 1.0005831020580636 1.0000004949138295 3.1683441891078971e-06 0.028588071414792793 0.99999939675500304 5.0000039800686134 0.028564750065309976 0.20354852289680891
-0.3104369510667675 -4.736354269027804 1.0005135444012367 0.99999732226509552 -2.1341257235725132e-06 0.028585898931342505 0.9999929207748931 5.0000043068066562 0.02856535940963268 0.23866975931087187
-0.92599965645340476 -4.6553145491738297 1.0005100829209332 1.0000027770551962 -4.3951446590084198e-07 0.028586203126300259 1.0000070218614787 4.9999963280269206 0.028565801746814414 0.23868694796940351
-1.5257179760879129 -4.4946202212828563 1.0004967732004089 0.99999886711445574 1.0574466993265267e-06 0.028585553154770505 0.99999758735875277 5.000000364542724 0.028565684248154453 0.23868232693784525
-2.0993309102573079 -4.2570219643972669 1.0005060904210712 1.0000003317584771 -3.5591518928481985e-07 0.02858592823690484 1.0000013961076859 4.9999981658864359 0.028565686639972089 0.23868354312348333
-2.6370237105077119 -3.9465848814313729 1.0005023614735136 1.0000002481952877 1.7049489747502697e-07 0.028585776450062585 0.99999981331610988 5.0000017050468664 0.028565684012977117 0.23868348258900821
-3.1295963039502306 -3.5686206369441393 1.0005023315727875 1.0000003068501935 1.8574798832855321e-07 0.028585773487008876 0.99999973954700727 5.0000021827443115 0.028565682247194163 0.23868348536585465
-3.5686206369441389 -3.129596303950231 1.0005024451201143 1.0000003324798787 1.2978703358891415e-07 0.028585778924372324 0.9999998162688819 5.0000021190878972 0.028565683142036096 0.23868348536586309
-3.946584881431372 -2.6370237105077128 1.0005023491927427 1.0000003074508661 1.1887158208648573e-07 0.02858577946764939 0.99999993115322117 5.0000017067318252 0.028565687519328441 0.23868348258901231
-4.2570219643972669 -2.0993309102573088 1.0005026183446262 1.0000002796298499 -4.8135150183103822e-08 0.028585793018919056 1.0000001361927373 5.000001055027802 0.028565690302564256 0.23868354312348175
-4.4946202212828545 -1.5257179760879149 1.0005036644007572 1.0000002770963103 -3.0518696959798198e-07 0.028585814542233783 0.99999984359984717 5.0000017738427713 0.028565669997938095 0.23868232693784339
-4.6553145491738288 -0.92599965645340665 1.0005077495370844 1.000000374481433 6.5844578751904844e-08 0.0285859017329399 0.99999881066334284 5.0000048431130333 0.028565593837227357 0.23868694796940385
-4.736354269027804 -0.31043695106676927 1.0005056317408259 1.0000004340299011 2.4357258426637873e-06 0.028585863921917015 0.9999996046698082 5.0000031558509885 0.02856564070473816 0.23866975931087375
-0.33656951743703056 -5.1350603246797499 1.0003962484795168 0.999996576425766 4.2282243199469475e-06 0.028582357567868887 0.99998627077985336 5.000017202820251 0.028566509101966356 0.27978731602780826
-1.0039502592986975 -5.0471986854297954 1.0004374565300904 1.0000009748872332 -1.9039817541698159e-06 0.028584085526949105 1.0000055334362032 4.9999910382591004 0.028566588699320116 0.27980746591461692
-1.6541528358409496 -4.8729771173874639 1.0004231877811751 1.0000000070266872 4.7317397266210501e-07 0.028583517673577578 0.9999999297674953 5.0000002080757193 0.028566591595719781 0.27980204878083192
-2.2760524769294541 -4.6153778516136432 1.0004242326379653 1.0000001633413267 2.309836211168965e-07 0.028583546129114835 0.9999998808753231 5.0000011118789844 0.02856657826489778 0.27980347448853449
-2.8590082290967325 -4.2788081911742237 1.0004244592416411 1.0000003506545359 9.0700924815513754e-08 0.028583553448664388 0.9999999104433579 5.0000019745248494 0.028566576521337143 0.27980340352531236
-3.3930455577973317 -3.8690269362740644 1.0004240296068321 1.0000003186950712 2.0172696329242919e-07 0.028583537052309087 0.99999976626682874 5.0000021751691239 0.028566577309903043 0.27980340678054411
-3.8690269362740635 -3.3930455577973331 1.0004243249320619 1.0000003133389204 1.3507883461192915e-07 0.028583548878618352 0.99999988481218993 5.000001852024738 0.02856657732319727 0.279803406780539
-4.2788081911742237 -2.8590082290967334 1.0004242432142627 1.0000002891537951 1.3517165703219394e-07 0.028583548565150121 0.99999995552859078 5.0000015543080307 0.028566580276686234 0.27980340352530969
-4.6153778516136432 -2.276052476929455 1.0004243286109848 1.0000002649559563 2.3129439415323021e-08 0.028583555700646406 1.0000001198045352 5.0000010226288429 0.028566583994105166 0.27980347448853859
-4.8729771173874621 -1.6541528358409512 1.0004250881605219 1.0000002535173318 -2.0553558479259985e-07 0.028583574120852835 1.0000000050109288 5.0000012524198896 0.028566572039436935 0.27980204878083081
-5.0471986854297954 -1.0039502592986997 1.0004289398327539 1.0000003113593616 -3.3246781470103471e-08 0.028583663960161536 0.99999929801773624 5.0000033091143905 0.02856650785028669 0.27980746591461836
-5.135060324679749 -0.33656951743703228 1.0004279593872358 1.0000003763477026 1.7811940229646825e-06 0.028583648589059905 0.99999974028473715 5.0000025283954219 0.028566531682690365 0.27978731602780638
-0.36482555885355755 -5.566164360230629 1.0003408714875175 1.0000006112975295 1.2861707035673511e-06 0.028581183382795756 1.0000005456681511 5.0000016896815795 0.028567549445134614 0.32791986951511626
-1.0882349572205299 -5.4709264673719789 1.0003464331293472 0.99999939768439561 1.4188561760720636e-07 0.028581327273606311 1.0000000203836268 4.9999969348234456 0.028567470907996637 0.32794348584035721
-1.7930240306975425 -5.2820784653027539 1.0003480758094681 1.0000004373349174 -1.3960914802110266e-07 0.028581393806932271 1.0000007061311864 5.000000418707284 0.028567471733692382 0.32793713678269015
-2.4671340506383372 -5.0028529525116783 1.0003454051653697 1.0000002609052578 3.7374277455743192e-07 0.028581287038792567 0.99999964026044208 5.0000022012364607 0.028567471791307256 0.32793880775867401
-3.0990307229539273 -4.6380272386502446 1.000346159100783 1.0000003310179755 1.4186739230583387e-07 0.028581314726691027 0.99999985532729774 5.0000020141322921 0.028567469322991743 0.32793872458744683
-3.6779021203861317 -4.1938435928314188 1.0003460986588917 1.0000002961008247 1.9091587102254849e-07 0.028581313503418075 0.99999987294852843 5.0000017954934677 0.028567470516815571 0.32793872840269123
-4.1938435928314179 -3.6779021203861335 1.0003463964573698 1.0000002816323155 1.3192156804980345e-07 0.028581324266873844 0.99999995184371071 5.0000015259128325 0.02856746936888974 0.32793872840268917
-4.6380272386502428 -3.0990307229539282 1.0003463328481499 1.0000002718404084 1.3470632678700942e-07 0.028581322684977237 0.99999996008369241 5.0000014563533366 0.028567470330895298 0.32793872458744988
-5.0028529525116783 -2.4671340506383395 1.0003462768523466 1.0000002611431 7.2227795908004378e-08 0.028581323682992144 1.0000000509785405 5.000001175629583 0.028567473567173207 0.32793880775867407
-5.282078465302753 -1.7930240306975447 1.0003466944758497 1.0000002508361026 -1.0680001397411867e-07 0.028581334963306435 1.0000000281739221 5.0000011811061702 0.02856746814517698 0.32793713678268926
-5.4709264673719789 -1.0882349572205321 1.0003500751173355 1.0000002836174025 -7.2389030351039521e-08 0.02858141938627784 0.99999960248536013 5.0000024092346544 0.028567417367281852 0.32794348584035909
-5.5661643602306272 -0.36482555885355944 1.00035012957234 1.0000003462684814 1.2173825862501431e-06 0.028581427188221868 0.99999982102190177 5.000002176152023 0.02856742298827104 0.32791986951511293
-0.39537762424278056 -6.032298964492802 1.0002768406691047 1.000000973126058 -1.2463670413514636e-06 0.028579466059201714 1.0000044691096075 4.9999936902471855 0.028568392995929615 0.38425908421808197
-1.1793684448969948 -5.9290854398300308 1.0002664261776659 0.99999983180328489 7.0382507784204123e-07 0.028579026005315939 0.99999948309000997 5.0000004486533731 0.028568369531448749 0.38428675801389778
-1.9431795943660104 -5.7244224917740869 1.0002684320982222 1.0000003651029092 7.012700819486335e-08 0.028579097091867827 0.99999996507042488 5.0000019101989803 0.028568360384625201 0.38427931813813082
-2.6737424940707171 -5.4218134305497836 1.0002678392949824 1.0000003197821494 3.3730178536982676e-07 0.028579076735576327 0.99999984543548526 5.0000019826829369 0.02856836373920173 0.38428127620095343
-3.3585569184004078 -5.0264356383180981 1.0002682180020217 1.0000003037766305 1.8379695356904455e-07 0.028579089659990401 0.99999991906324837 5.00000171858564 0.028568361516170218 0.38428117874026069
-3.9859055026883699 -4.5450541387235504 1.0002682499961637 1.0000002772281569 1.9964263011098211e-07 0.028579090794554843 0.99999992677679528 5.0000015665594075 0.02856836137102358 0.38428118321098259
-4.5450541387235504 -3.9859055026883716 1.0002685171036536 1.0000002724260841 1.4431866912933156e-07 0.028579099649889795 0.99999996959455051 5.0000014355045694 0.028568359542746471 0.38428118321098842
-5.0264356383180964 -3.3585569184004092 1.0002685085221303 1.000000273041036 1.3540411259835585e-07 0.028579098687659905 0.99999994450476426 5.0000015013038102 0.028568358924010107 0.38428117874025258
-5.4218134305497836 -2.6737424940707197 1.0002684064284044 1.0000002719010717 1.0197561814421577e-07 0.028579096651566698 0.9999999753269494 5.0000014185484796 0.028568360970896427 0.38428127620095148
-5.7244224917740869 -1.9431795943660133 1.0002685296800691 1.0000002645059904 -2.0707004528802328e-08 0.028579100600233557 0.99999999027461384 5.0000013442038753 0.028568359989865524 0.38427931813813559
-5.9290854398300308 -1.1793684448969972 1.0002712074974647 1.0000002765514637 -6.405011283549308e-08 0.028579170930080351 0.99999977406051832 5.0000019449667343 0.028568323220921652 0.38428675801389622
-6.032298964492802 -0.39537762424278283 1.0002720456250149 1.0000003244766844 7.552130694136539e-07 0.028579197346590483 0.999999860487499 5.0000019685266999 0.028568316115038215 0.38425908421807781
-0.42841228347857158 -6.5363106446734456 1.0001935400020989 0.99999993499808804 -6.5551681671042943e-07 0.028576998722517993 1.0000014139563482 4.9999961374650752 0.028569257411095471 0.45019239168178737
-1.2779072399672335 -6.4244734058531323 1.0001896754613755 1.0000003643401811 5.6611086272415577e-07 0.028576844956550659 0.99999989698141789 5.0000020766087268 0.028569258226639783 0.45022481390113928
-2.1055364699144521 -6.2027104239746613 1.0001894863390028 1.0000003286139958 2.5318484044219787e-07 0.028576835253734591 0.99999974653371682 5.0000022740966257 0.028569256089284588 0.45021609745019842
-2.8971394866168714 -5.874817718441065 1.0001898514976826 1.0000002976429203 3.7094812348188106e-07 0.028576849319013137 0.99999987363574772 5.0000018014861505 0.02856925554836234 0.45021839148829995
-3.6391716434644605 -5.4464052529377502 1.0001902910795157 1.0000002948354003 2.2631506854661557e-07 0.028576864423978322 0.99999996271080083 5.0000015647606082 0.028569253070714944 0.45021827730475567
-4.3189365645233773 -4.924803283527857 1.0001903284794731 1.0000002796643404 2.2479517467697143e-07 0.028576863889193355 0.9999999066040498 5.0000016291722362 0.028569251040472726 0.45021828254259982
-4.9248032835278561 -4.3189365645233764 1.000190546057627 1.0000002808983148 1.7454933157815501e-07 0.028576870651666739 0.999999925708844 5.0000015875800523 0.028569249100337958 0.45021828254259416
-5.4464052529377502 -3.6391716434644614 1.0001906470290467 1.0000002827610786 1.4489004191367751e-07 0.02857687322407218 0.99999991477370687 5.000001624231702 0.028569247634278143 0.45021827730475983
-5.8748177184410642 -2.8971394866168727 1.0001906144156538 1.0000002834367301 1.1796259108715556e-07 0.028576872513640598 0.99999992252051506 5.0000016082429148 0.028569248228223647 0.45021839148829335
-6.2027104239746613 -2.1055364699144556 1.0001905685260164 1.0000002782742774 4.174162681691872e-08 0.028576871839331018 0.99999994480506682 5.0000015267192186 0.028569249389189651 0.45021609745019414
-6.4244734058531296 -1.2779072399672355 1.0001924169998233 1.0000002798847445 -2.7753199384179226e-08 0.028576922417511148 0.999999866582716 5.0000017303275115 0.028569226034685747 0.45022481390114644
-6.5363106446734456 -0.42841228347857391 1.0001936808414364 1.000000310542223 4.027479567062129e-07 0.028576959261052786 0.99999989226025421 5.0000018194214402 0.028569212328273457 0.45019239168177178
-0.46413126547390582 -7.0812771903039726 1.0001110747572717 1.0000000005404501 2.7336645689325948e-07 0.028574587330732901 0.99999948082011125 5.0000012980131157 0.02857014444143605 0.52737871972030237
-1.3844530778350683 -6.960115493540024 1.0001107287723792 1.0000004427610614 7.7852543353232196e-07 0.02857458332309654 0.99999968651477533 5.0000029948808642 0.028570154271663338 0.52741670078986391
-2.2810861031993155 -6.7198629672147172 1.0001116578284375 1.0000003184660164 3.640117810053966e-07 0.028574614396842918 0.99999984502243178 5.0000019771349526 0.028570148184123727 0.5274064898871007
-3.1386892207192454 -6.3646321248045155 1.0001119729000827 1.0000002853596277 4.3467506748565859e-07 0.028574622007007996 0.99999979631206704 5.0000019333791172 0.028570143192206701 0.52740917724230685
-3.9425884954636161 -5.9005006621295086 1.0001124964639037 1.0000002931923946 3.0367327311997463e-07 0.028574639712786572 0.99999989243978815 5.000001732223283 0.028570139955944193 0.52740904348179296
-4.6790289879585627 -5.335409997197619 1.0001127364629074 1.0000002865983089 2.5583433433109732e-07 0.02857464603739332 0.99999987380414712 5.000001745841911 0.028570136681108232 0.52740904961768409
-5.3354099971976172 -4.6790289879585627 1.0001129512978919 1.0000002843613562 2.0562620192367901e-07 0.028574652539756371 0.99999988655045657 5.0000017027913009 0.028570134590403227 0.52740904961767121
-5.9005006621295086 -3.9425884954636161 1.0001131409695261 1.0000002820446494 1.5891529100311924e-07 0.028574658358335892 0.99999990052754562 5.0000016562649856 0.028570132822398002 0.52740904348180107
-6.3646321248045155 -3.1386892207192467 1.0001132209862456 1.0000002803902355 1.2387880225587647e-07 0.028574660873267668 0.99999990853253984 5.0000016279803958 0.028570132136769944 0.52740917724231628
-6.7198629672147154 -2.2810861031993186 1.0001131529530951 1.0000002768218159 7.5648665403968059e-08 0.028574659358574717 0.99999992354973155 5.0000015725952789 0.028570133343211603 0.52740648988709438
-6.9601154935400222 -1.3844530778350708 1.0001141548388597 1.0000002750846571 1.5089593041502828e-08 0.028574687602845157 0.9999999102150301 5.0000015972462375 0.028570121513937011 0.5274167007898598
-7.0812771903039717 -0.46413126547390843 1.0001153507632778 1.0000002897200619 1.649450590773263e-07 0.028574721874549118 0.99999991379994324 5.0000016614610461 0.028570107950847419 0.52737871972032524
-0.50275269769643738 -7.6705265845998625 1.0000378727734858 1.0000002091152569 5.4030809752571331e-07 0.028572497064603245 0.99999952344981691 5.0000022343135972 0.028570982165858572 0.61760732476795777
-1.4996566090091354 -7.5392827438227155 1.0000388612209556 1.000000215474466 6.5589421988752921e-07 0.028572535620679712 0.99999988445146415 5.0000013636052829 0.02857098118410064 0.6176518039740394
-2.4709005347664661 -7.2790382511033975 1.0000392615388007 1.000000253422288 5.008633529908227e-07 0.028572541291591941 0.99999968262351713 5.0000020579141147 0.028570970842868037 0.61763984609988287
-3.3998667841006411 -6.8942478316423159 1.0000401942871946 1.0000002242043788 3.6335578126587929e-07 0.028572571822110721 0.99999981843811647 5.0000015722875464 0.028570964063837381 0.61764299323157779
-4.2706603701377022 -6.3914949203352176 1.000040573628606 1.0000002199860005 2.9175749090766506e-07 0.028572583353817065 0.99999984270551101 5.0000014905270218 0.028570960422095719 0.61764283658613905
-5.0683817731909588 -5.7793817588840133 1.0000409457674186 1.0000002162599575 2.1834940326638863e-07 0.028572595312068742 0.99999988910366533 5.0000013559012775 0.028570957494963904 0.61764284377178502
-5.7793817588840124 -5.0683817731909624 1.0000411596781245 1.000000211677017 1.7162920291028148e-07 0.028572601897897471 0.99999990569630559 5.0000012915049128 0.028570955524478518 0.61764284377180567
-6.3914949203352176 -4.2706603701377048 1.0000413312350127 1.0000002087485733 1.3021257077431224e-07 0.028572607282761446 0.99999992260897341 5.000001234580977 0.028570954047152854 0.6176428365861123
-6.894247831642315 -3.3998667841006447 1.0000414483742066 1.000000206894728 9.6751595018593966e-08 0.028572610904885075 0.99999993224371608 5.0000012012248671 0.02857095298377068 0.61764299323157723
-7.2790382511033949 -2.4709005347664692 1.0000414478543942 1.0000002052253048 6.646903150706258e-08 0.02857261108832345 0.99999993918358399 5.0000011755280633 0.0285709531879897 0.61763984609990541
-7.5392827438227172 -1.4996566090091386 1.0000417664166585 1.0000002049296697 3.3000945223689594e-08 0.028572620288975375 0.99999994264401149 5.0000011653988077 0.028570949646358094 0.6176518039740414
-7.6705265845998643 -0.50275269769644049 1.0000423904669284 1.0000002096440539 3.8026026510587842e-08 0.028572638131502119 0.9999999430821942 5.0000011878752746 0.028570942527294828 0.61760732476796842
ZONE T="CylinderZone3", I=12, J=32, DATAPACKING=POINT, SOLUTIONTIME=8
-0.52558950866491683 0.034448944338808678 4.8757675560758607 0.032105124270829531 0.035751634786734515 0.89129674759806521 6.3980462100007101 0.094984033877564267 0.096997855192061208 0.0037555925766890054
-0.51659659468064756 0.1027574536900356 4.7705345958811325 0.04899113741261444 0.10515296778751845 0.86464897288691911 6.3436735256503436 0.23029165826132642 0.097016579866571404 0.0037558630491548173
-0.49876447148121655 0.16930772401403962 4.6001291642542315 0.081674205202673697 0.1695115369184341 0.81464485583566515 6.1982107254083116 0.37789238010117132 0.09618122029230855 0.0037557903348239968
-0.47239837975688026 0.23296110024170444 4.2896531018216848 0.12895421791058109 0.22447545250517065 0.74217599717000116 6.0555385848083194 0.52600600931187802 0.096630864002453257 0.0037558094721363228
-0.43794942078132948 0.29262844745521455 3.9435842185603516 0.18721677596855679 0.27139203206314977 0.65537851054096385 5.8165989550209076 0.68353021867102826 0.095994119417147986 0.0037558085195953475
-0.39600702579369129 0.34728884080083255 3.4860736608463836 0.25533482811332386 0.30642620814973465 0.55695157703814313 5.5917651410213791 0.84337541322095044 0.096949652034114167 0.0037558085632903404
-0.34728884080083289 0.3960070257936909 3.0567785227796218 0.33578163928703353 0.32360937074270091 0.45949695971834514 5.261223033763585 1.01654979141074 0.096141983897998121 0.0037558085632900845
-0.29262844745521482 0.43794942078132926 2.5777962285294689 0.41919460062605807 0.31932587956787684 0.36732730574669886 4.9873824568726537 1.1798213087632183 0.09756750421578847 0.0037558085195953305
-0.23296110024170449 0.47239837975688032 2.188614598523849 0.50403480830235003 0.29548873101399531 0.28879482940608459 4.6183640670944666 1.3593622716057654 0.09646114326686972 0.0037558094721363089
-0.16930772401403946 0.49876447148121644 1.7781036098317939 0.58198982476285033 0.25656517924516448 0.22035690462766541 4.33748157935233 1.5269709046339115 0.098443438372210021 0.0037557903348242132
-0.10275745369003558 0.51659659468064767 1.4519255347206945 0.65691856002935523 0.20200996760240464 0.16298033995573255 3.9287909441755553 1.7336942699868578 0.096697030839278483 0.00375586304915477
-0.034448944338808574 0.52558950866491672 1.1013986155596369 0.72210208523431674 0.13525554365771364 0.11395597865024623 3.6212677156135062 1.9303059517862058 0.099543929019782346 0.0037555925766887422
-0.58213804693815918 0.038155330054848231 4.8464204773188806 0.083147445483980023 0.031468399047209751 0.88065261696852559 6.3599189764084887 0.1762629462708995 0.096652947482217436 0.0044987895583586471
-0.57217757912672318 0.11381319910933108 4.7802310502814462 0.097173555371533091 0.092793361785091732 0.86013750937934985 6.2977735761788143 0.26770401018419365 0.096236416505519243 0.004499113554820377
-0.55242688547523389 0.18752365898519843 4.6458074727762009 0.12299094495506989 0.14974884933980992 0.82114798923156607 6.1862614327377763 0.38955560622799823 0.095617138429377635 0.0044990264509971196
-0.52322404773064979 0.25802554592795446 4.4336909949511139 0.16110954124091062 0.19855741394193499 0.7645742369885713 6.0356254634838882 0.5203981470175858 0.095049113244776676 0.004499049375406421
-0.48506870146428199 0.32411254424168684 4.1654655204339042 0.20962473836924583 0.23910702871265535 0.69589691324353498 5.847219672885597 0.65751013642496714 0.094409554563839634 0.0044990482343659523
-0.43861369522940891 0.38465388706246995 3.8201669108408436 0.26697178602937494 0.2708277763923741 0.61448623907643196 5.6298635234850911 0.80137848791811195 0.094101573989087015 0.0044990482867078531
-0.38465388706247011 0.43861369522940857 3.4386986765714354 0.33072644051640032 0.29093147344258385 0.52930704491541103 5.3874294594927079 0.94886338383217517 0.093919528635396696 0.0044990482867080153
-0.32411254424168717 0.48506870146428183 3.0367252171175187 0.40017660963838492 0.29499933459196853 0.44623921632290214 5.1431629265543037 1.0960974385891196 0.094232353939442168 0.004499048234365941
-0.25802554592795462 0.52322404773064968 2.6339700620549538 0.47379894042176346 0.28235740497382533 0.36626667233466687 4.8669245345093755 1.2500582620488256 0.09439353152439578 0.0044990493754064531
-0.18752365898519835 0.55242688547523389 2.2319484592820431 0.54666942182004086 0.256143343942974 0.29261431050777331 4.5885920055041503 1.4091374341662763 0.095090632387192453 0.0044990264509970441
-0.11381319910933103 0.57217757912672296 1.8528737217809987 0.6166804987205613 0.21901519634624475 0.22676853796610977 4.2835616518997801 1.5809659407889824 0.095630989449258977 0.0044991135548203545
-0.038155330054848127 0.58213804693815918 1.5023794937942807 0.68208664945787922 0.16993152272135006 0.17061256357392959 3.9746547017237419 1.7629339572118525 0.096498264451577082 0.0044987895583587989
-0.64328160297155379 0.042162889040988721 4.7402209533943607 0.1338644738398258 0.029884000992579471 0.84689726657706998 6.2531693333147187 0.27424963713026052 0.095876619122592405 0.0053749747213131856
-0.63227495990160221 0.12576731163243943 4.7129171858955443 0.1438322289369609 0.08876116765117352 0.83363304392047988 6.190890982283781 0.33964097579439495 0.095141323626912036 0.0053753618193910519
-0.61044979671435606 0.20721978331697014 4.6341552958724526 0.1628723197020224 0.14374689296826249 0.80445191760922441 6.0757172103561574 0.44065510101116639 0.094002904904886178 0.0053752577512096037
-0.57817970481010705 0.28512667685123383 4.5113759366391042 0.19268156683367671 0.19157866894159492 0.76215397715300326 5.9129164908529903 0.55870346821267514 0.092471966639378955 0.0053752851403814812
-0.53601679785485856 0.35815497389252343 4.3274925534271365 0.23137474117352438 0.23026612665663243 0.70721951692720619 5.7198672812770264 0.68244480384186268 0.090954329432983289 0.0053752837771118269
-0.48468249487638121 0.42505514003119343 4.048014903385373 0.27573927959837757 0.26024940578015288 0.63724902114597815 5.5097909095907323 0.80765214771948834 0.089985023244890924 0.0053752838396479595
-0.42505514003119377 0.4846824948763806 3.708329151538631 0.32607563986946547 0.2793132475587044 0.56213040582351981 5.3055064367431317 0.9320040549608366 0.0897402947846173 0.0053752838396478762
-0.35815497389252382 0.53601679785485856 3.3423651043141795 0.38281577082032836 0.28463754736468772 0.48725203610147477 5.102321473956728 1.0559423550254954 0.089965960048199053 0.0053752837771118243
-0.28512667685123405 0.57817970481010705 2.9527910300322211 0.44356965508996943 0.28006707880231557 0.41250283545640382 4.889475441671566 1.186196018912431 0.090594355579519684 0.005375285140381509
-0.20721978331696997 0.61044979671435595 2.546787815828425 0.50923099787910064 0.2656227348987294 0.33781071685943964 4.6424656989931066 1.3328097048300354 0.09126064929654068 0.0053752577512097086
-0.1257673116324394 0.63227495990160221 2.1298685372204997 0.57566673929032053 0.24013243098475409 0.26716672916995343 4.3903345899829622 1.4884255960140929 0.092701861738361244 0.0053753618193910224
-0.042162889040988617 0.64328160297155401 1.7725125717048738 0.64104323073350233 0.20251601212874351 0.20737552310108204 4.0948331858055074 1.661103480382411 0.093053441708916149 0.0053749747213132975
-0.70939354805017363 0.046496093335589128 3.8011060254621434 0.29099561905385984 0.0263142649237483 0.59665423298968034 5.4939004575783352 0.62328190341445078 0.092012906401620367 0.006409099898540791
-0.69725571985262103 0.13869278868777682 3.9107842679875198 0.28359448490217204 0.079797599419600879 0.6163467229414985 5.516063736053928 0.62718973107499365 0.091338881260180568 0.0064095614728513477
-0.67318752036012086 0.22851637079991854 4.1152135580056379 0.2690269268776736 0.13421953762655817 0.65219525553046098 5.5469378679165606 0.63827001078228496 0.089997056698136235 0.0064094373823382848
-0.63760093606156043 0.31442998525203641 4.3145797758665667 0.26548316829661417 0.18981933839536128 0.68409920829204329 5.5494332029432858 0.69270189286640849 0.088349721127330222 0.0064094700410851262
-0.5911048229706104 0.39496361548003062 4.3537936554147292 0.2795102408402903 0.23282016488742543 0.68028979615601837 5.468826665845592 0.77777513801212605 0.086751896527722028 0.0064094684155273189
-0.53449474247341455 0.46873930874255937 4.230493794358039 0.3024006639301286 0.26556309385895827 0.64649491874773946 5.348624352660023 0.87009392630439086 0.085825754208108243 0.0064094684900951821
-0.46873930874255981 0.53449474247341411 3.9968700926650111 0.33557729515072998 0.28073328481187387 0.59229968425478285 5.186680689240811 0.96055590350774778 0.085139962590480581 0.0064094684900951561
-0.39496361548003095 0.59110482297061029 3.6839216012453 0.3801572743245471 0.28456423063785818 0.52803503586760059 5.0167262597569531 1.0600578457656789 0.085080142490283839 0.006409468415527403
-0.31442998525203658 0.63760093606156032 3.2633192495831227 0.43347522904088581 0.28160810398920266 0.44958665545627419 4.8219410118595878 1.1770108126691103 0.085840062314644583 0.0064094700410851253
-0.22851637079991838 0.67318752036012097 2.8237504942536105 0.48971475404079423 0.27410294997285606 0.37199616982195371 4.6108414877721815 1.3067808462838932 0.086972433200037919 0.0064094373823382345
-0.13869278868777679 0.69725571985262114 2.3898702072537716 0.54811865607328492 0.25737242398800658 0.3004732121040643 4.4004742937999826 1.4433135493323712 0.088732295803939737 0.0064095614728513755
-0.046496093335589003 0.70939354805017352 1.9958550249261071 0.60913561088157619 0.22733102926019597 0.23683899678549616 4.1532900813009652 1.5951559228789771 0.090006241002117182 0.0064090998985407675
-0.78087760483207314 0.05118140431039752 2.0820572983588832 0.67983257574209044 0.011758651567951542 0.15941575725329143 2.679826103907951 2.07674714286965 0.057100708698006548 0.0076281951361487381
-0.76751667388363232 0.15266856166886386 2.1602130526186576 0.66373277440130662 0.037219091345678836 0.17429653991117583 2.8239709426138506 1.9779481065534541 0.059291651252056828 0.0076287445079747593
-0.74102317387368444 0.25154347228787799 2.3310772060821843 0.62985444086985565 0.066330413884423442 0.20706080809293426 3.1089181674000441 1.7959760295530707 0.063316745479358755 0.0076285968138110009
-0.70185060628042939 0.34611441624449124 2.6739943848758045 0.56814771048269919 0.11138781735108456 0.27293084297509906 3.5724007305596275 1.5315857598599973 0.068869658461314834 0.0076286356846818268
-0.6506691802239658 0.43476324657811605 3.1541963690249641 0.48686238147012595 0.17406776753312841 0.37142080400307126 4.1214073587944196 1.2734291621536988 0.07437414862601574 0.0076286337499217186
-0.58835462409429162 0.5159731572236449 3.6847599529853343 0.40356704993246995 0.25048847686679798 0.50098684496922996 4.7586653619602899 1.0886979456511261 0.080696266364777114 0.007628633838673203
-0.51597315722364512 0.5883546240942914 4.0853015899334668 0.37389174286937937 0.28697921155117345 0.57420912515874067 4.9194212267848956 1.0625226907146084 0.080049074961409672 0.0076286338386732482
-0.43476324657811644 0.65066918022396558 4.0113521275821684 0.39455681088335376 0.29585471856821782 0.55330549410329111 4.8277218397281745 1.1222386346067792 0.07913304554800081 0.0076286337499216058
-0.34611441624449152 0.70185060628042917 3.6352484265371756 0.43338518355045036 0.29879541349561622 0.48443902049974036 4.6641559833478174 1.2187169291222206 0.079522748908596216 0.0076286356846818337
-0.25154347228787788 0.74102317387368455 3.121227017542739 0.48417506626490492 0.28997805057817821 0.39926177172308602 4.4771373299707342 1.3336234302625298 0.081133876949493311 0.007628596813811052
-0.15266856166886381 0.76751667388363209 2.6447839827800639 0.53539598771758179 0.27277377281785276 0.32556842876627057 4.3084407153777358 1.4474256390011957 0.083424957687939602 0.0076287445079746066
-0.051181404310397402 0.78087760483207291 2.2230947379911656 0.58827737100077737 0.2477315186836701 0.26265896280375955 4.1352550259429828 1.5694638268061647 0.08583236240426774 0.0076281951361490902
-0.85817029933563249 0.056247433382235826 1.1004239363042798 0.96341377261539907 0.0016693085447002493 0.037466766821314029 1.1916651338624247 4.412720194199415 0.032768923725241358 0.0090644524153284285
-0.84348687898848107 0.16777997531979943 1.1115165134704501 0.95926373828562783 0.0053054472965883169 0.038799091279706571 1.221725612619126 4.3393815165053899 0.033461027051752718 0.0090651052243718687
-0.81437100385863315 0.27644170555465564 1.1364918382642069 0.94993051772285897 0.010456959688281435 0.04197591924299994 1.2927124705072361 4.1776993941467149 0.035091939020151584 0.0090649297219505456
-0.7713210638306075 0.38037345462966338 1.1894504074682617 0.92859928672786984 0.020236116842298778 0.049361762246168339 1.4524873554578124 3.8534104193477594 0.03871736392722256 0.0090649759115342
-0.71507360654983998 0.47779690843651257 1.3526957598549711 0.87089435246357028 0.044748950692900663 0.072845198332263092 1.8848155029410769 3.175949657000114 0.047722232240776069 0.0090649736124921582
-0.64659104160514613 0.56704512466968349 1.8285455157946533 0.75175840808463823 0.099629695664149198 0.13628974220734039 2.6087078123114082 2.347558508426578 0.058548407220727447 0.0090649737179541671
-0.5670451246696836 0.6465910416051458 2.862465238937498 0.58526300580429946 0.19696334732901313 0.28521387474318027 3.4873735651640425 1.6533688228635051 0.065423585057352143 0.0090649737179539919
-0.47779690843651323 0.71507360654983954 3.8583868394042864 0.47437225643166225 0.30273546778458366 0.47302477793123421 4.2908780014057175 1.3583313713651903 0.071435784075885952 0.0090649736124921981
-0.38037345462966365 0.77132106383060728 3.956236021607304 0.4543043697703868 0.31748663018601292 0.49483796869654395 4.3777289300997291 1.3244917694500695 0.072155251605099516 0.0090649759115344394
-0.27644170555465547 0.81437100385863315 3.5470801614680916 0.48498209965440647 0.31450098703603269 0.4354023439403783 4.296232768395134 1.3943646663305898 0.073972680805919358 0.0090649297219504502
-0.16777997531979941 0.84348687898848085 2.9855294327867683 0.5311913846008417 0.29300471821767621 0.35478999008581158 4.1592789216958614 1.4872855637310725 0.076725805842813993 0.0090651052243718635
-0.056247433382235694 0.8581702993356326 2.4773483427007954 0.57965251262353312 0.26571801407124129 0.28440840308672588 4.0181245107716004 1.5905365403048448 0.079865739143085854 0.0090644524153284667
-0.94174362872637973 0.061725116868924783 1.0086381908346063 0.9981556093441194 0.0002412080309745868 0.029000305388672432 1.0063179212875013 4.9750868314768297 0.028653191335677029 0.010755486020047327
-0.92563025639160368 0.18411930931146561 1.0096406585474473 0.99788979211774798 0.00036049679615488656 0.02906162452828619 1.0074444296641625 4.9709805346525089 0.028673870761090594 0.010756260614939797
-0.89367891768930352 0.30336311466604632 1.0116931347847864 0.9972825555889604 0.0006906363103939356 0.029197569335419921 1.0101036475631788 4.9614127800283612 0.028726212863962458 0.010756052371379778
-0.84643653844379463 0.41741630735932717 1.0165247066607539 0.99582917546069027 0.0014522887811692744 0.02953662118049686 1.0169765018519203 4.9374175083526097 0.028866604295311557 0.010756107177936328
-0.78471139534896828 0.52432739130402584 1.0310078103895866 0.99120068108572168 0.0036855299202124907 0.030675079939110977 1.041338179901504 4.8566711965876035 0.029391311510679405 0.010756104449992488
-0.70955962271661965 0.62226708821249577 1.0780927569707259 0.97518897523508064 0.011731712619502978 0.035059467420291479 1.1381964589601123 4.5706882046548776 0.031556347866588647 0.010756104575129254
-0.62226708821249632 0.70955962271661921 1.2481857712776554 0.91556038042094268 0.044373074599433557 0.055179413784930263 1.5472692646196404 3.6845419489181221 0.040456300248711684 0.010756104575129244
-0.5243273913040265 0.78471139534896783 2.0186953156659313 0.74389157850250964 0.1530739809452599 0.14082580289330129 2.4416280445152547 2.4302181413821149 0.052672405254402567 0.01075610444999257
-0.41741630735932744 0.84643653844379441 3.3748473921181552 0.56086448135572253 0.29291860990240676 0.36215533119046855 3.7558547411318473 1.6324749485122125 0.065968876516128414 0.010756107177936172
-0.3033631146660461 0.89367891768930341 3.7626590624839413 0.50766848215472016 0.32989992318280315 0.43522996019849203 4.0484796357838713 1.5045176925946284 0.068081006528061414 0.010756052371379856
-0.18411930931146553 0.92563025639160346 3.3745600961026252 0.53344194152357649 0.32083598036348271 0.38688697524034471 4.0126842413487021 1.5537678835778208 0.07048230132206687 0.010756260614939771
-0.06172511686892463 0.94174362872637996 2.7886437828411013 0.57634278566251851 0.29035381132469212 0.31012285637389264 3.8923221490008948 1.6355385448731867 0.073787622461782665 0.010755486020047444
-1.0321079436246352 0.067647904905641848 1.0021681924749806 0.99993428237991566 -4.1204670588955439e-05 0.028637864085291204 1.0001567096751984 4.9992797111004554 0.028551160344369247 0.012745348818360888
-1.0144484245389629 0.20178634175847215 1.0022261902871408 0.99992457957273184 1.9604735247914605e-05 0.02864071215931387 1.0001982927929751 4.9991272752986129 0.028551686474991279 0.012746266720357488
-0.97943121871121142 0.33247209845526721 1.0023436597586157 0.99991625261546058 7.8383935991093454e-05 0.028646278665781059 1.0002754469312474 4.9988928583529857 0.028552550324967316 0.012746019949843706
-0.92765573182954342 0.45746918108346113 1.0025520955507923 0.99988453855918491 0.00016567215648125215 0.028656876894348027 1.0004374782062277 4.9983295482111956 0.028554800434891028 0.012746084896111863
-0.86000779818151274 0.57463883918889846 1.0034667563934057 0.99968438501387802 0.0002232071038291573 0.028701166178558685 1.0010703481592103 4.9957491665982285 0.0285624434811768 0.01274608166347398
-0.77764489266738845 0.68197626743582795 1.0068471223747111 0.99885835175886017 0.0006383365528736584 0.028889473828465736 1.0042553238310021 4.9837004029921346 0.02861479807366956 0.012746081811761803
-0.68197626743582862 0.77764489266738801 1.0219906167542039 0.99482241709055086 0.0030727535353151053 0.029883243741224013 1.0234081533549875 4.9169206817977962 0.028986919561861176 0.012746081811761916
-0.5746388391888988 0.86000779818151252 1.1083608304333921 0.96895400825122591 0.019450558314279557 0.037130614041958894 1.1725166159005174 4.4750835493492165 0.032149816187025497 0.012746081663473652
-0.4574691810834613 0.9276557318295432 1.7793732208988515 0.82171267313766816 0.12607505363611293 0.093716958877239326 1.8433982925646415 3.061490705693791 0.041825805821963047 0.012746084896112005
-0.33247209845526698 0.97943121871121164 3.06179638822347 0.62398717419903926 0.28776941347181573 0.29575438243204316 3.3808268289840253 1.868565393305839 0.061739677936457536 0.012746019949843911
-0.20178634175847204 1.0144484245389631 3.557010338920775 0.55715345956649454 0.33586178128656757 0.38474649543866946 3.7857993210729206 1.6717675789333029 0.065111169211178252 0.012746266720357358
-0.067647904905641737 1.0321079436246354 3.1424646395163505 0.57989873679145132 0.31853547909478869 0.3391118728884821 3.7769448188260784 1.7022034642165709 0.068259709572981955 0.012745348818361138
-1.1298150646231577 0.074051965712207971 1.0016633373001256 1.0000175033449876 4.0326719884464187e-05 0.028618655108606495 0.99998960772938827 5.0001134994846721 0.028552144411852543 0.015085622032438486
-1.110483762291617 0.22088895852625351 1.0017462488206024 1.0000189862983562 -6.3906641811141106e-06 0.028621342074021248 1.0000007214526414 5.0000931252894105 0.028551516431797722 0.015086708477602738
-1.07215156369787 0.36394641444426984 1.0017669200334944 1.0000153390271906 -4.1747654832224176e-05 0.028621134078303349 0.99997281967492735 5.0001446500937154 0.028550484138029148 0.015086416395624087
-1.0154746187925976 0.50077666350845129 1.0017990084103545 1.0000060068562675 -7.7142833651239526e-05 0.028621310082193836 0.99994693886619279 5.000162705430192 0.02854937941687272 0.015086493267184621
-0.94142262161702939 0.62903848501848203 1.0019300334460508 0.99999264967738433 -3.4411268843488371e-05 0.028624269079837408 0.99991953858371074 5.000164412909494 0.028547103705544634 0.015086489440976594
-0.85126262237393246 0.74653728364742977 1.0020823063071911 1.0000032045711558 6.0817720538886176e-05 0.028630682972567673 0.99999161413660442 5.0000369943207348 0.028547426048692887 0.01508648961649287
-0.74653728364743044 0.85126262237393191 1.0028701510112423 0.99984609719385631 0.00016378915865742198 0.028671234692955443 1.0006212790180884 4.9976783151248796 0.028556423117833865 0.015086489616492909
-0.62903848501848258 0.94142262161702894 1.0098683491321263 0.99821490438941218 0.0011141864948849319 0.029052262082400124 1.0068928021006618 4.9739647891293277 0.028655585596676223 0.015086489440976842
-0.50077666350845162 1.0154746187925974 1.0807624158868203 0.98041253005751117 0.013665056178124664 0.033830505123620992 1.0955855428271766 4.6837951423487141 0.030344931081367505 0.015086493267184701
-0.36394641444426956 1.0721515636978698 1.7559031946194825 0.85083734317040649 0.12185880876656552 0.080925329986957215 1.6130653188809834 3.3837615886785053 0.036794565808015336 0.015086416395623916
-0.22088895852625337 1.110483762291617 2.959286022644442 0.66538881144285889 0.29301897614769806 0.27025516386133297 3.1963556928191594 2.0333260031588543 0.059171459411963646 0.015086708477602765
-0.074051965712207832 1.1298150646231577 3.347804531383328 0.60052922867653291 0.33294185134237186 0.34216774409137196 3.5772312625448222 1.8152260948456498 0.063034010031517304 0.015085622032438151
-1.2354616520461783 0.080976406458685965 1.0017444823896053 0.99998857831770083 -5.642114958988606e-06 0.028622644273993136 1.0000479824379243 4.9998229386205386 0.028552885943145274 0.017836695028522025
-1.2143227210276797 0.24154381204912398 1.0017547685381452 0.99998779282071981 -2.0428306651667146e-06 0.028622850734333259 1.0000449272688412 4.999826648457983 0.02855268143953155 0.017837979602072378
-1.1724061606240623 0.39797826434149702 1.0017703182206934 0.99999194247243173 1.0657130992045605e-05 0.028623135167861007 1.0000393419489424 4.9998613588287419 0.028552344690790293 0.017837634254882603
-1.1104294759628843 0.54760321700143388 1.0017567213725913 1.0000001534722904 3.0410460102254831e-05 0.02862246068753475 1.000029350073518 4.9999273934539765 0.028552214424799306 0.017837725145041505
-1.0294530350987665 0.68785852679418191 1.0017294675842949 1.0000098004756248 2.1486285749301354e-05 0.02862230492918573 1.0000511154769456 4.9999212158467978 0.02855314658626671 0.017837720621071324
-0.9308623673858063 0.8163443864830684 1.0017082936309822 0.99999678442911377 -2.5902779668146309e-05 0.028621311170671057 1.0000375321688768 4.9998900937041171 0.028553000175873727 0.017837720828595516
-0.81634438648306884 0.93086236738580574 1.0016750744161795 1.0000050934737557 -2.7669773587279923e-05 0.02861700078122071 0.99992008573138846 5.0002252653075034 0.028550025574162106 0.017837720828595471
-0.68785852679418269 1.0294530350987663 1.0021231351411208 0.99999950699322215 1.602585052018491e-05 0.028634474115269974 1.0000832810183224 4.9997893435291365 0.028549577640341394 0.017837720621071293
-0.54760321700143433 1.1104294759628839 1.0079847961728654 0.99873903093861771 0.00083820031414890393 0.02893235790457499 1.0046109122238238 4.9822238225015951 0.028612002526016957 0.01783772514504162
-0.39797826434149675 1.1724061606240623 1.082416194394882 0.98178281295214342 0.014079126586370956 0.033605392102038938 1.0866325988286425 4.7096508865170383 0.030078555327935182 0.017837634254882651
-0.24154381204912381 1.2143227210276795 1.8141983410624754 0.85186509751143291 0.13848065198139076 0.086696901728807493 1.6725798324385068 3.3366548833199148 0.037656929542997028 0.017837979602072312
-0.080976406458685826 1.2354616520461783 3.0042367457593699 0.68529873799938779 0.30595785243282625 0.26890137202180459 3.1327584366016206 2.1200937020366402 0.057645472435527256 0.017836695028522073
-1.3496928495276668 0.08846351207803356 1.0015666280592832 1.0000033514163931 1.7698972438970367e-05 0.02861653326689963 1.0000120163994888 4.9999867143968846 0.028553887001701115 0.021069261828179711
-1.3265994058784256 0.26387703368244397 1.0016379203136403 1.0000042306035337 -1.7658361086664999e-06 0.028618912600191532 1.0000239803575743 4.9999612003165872 0.028553415651154122 0.021070779206619684
-1.2808072262831649 0.43477546774480763 1.0016634960082336 1.0000048122644187 -1.3407049886957974e-05 0.028619205280684484 1.0000086733300881 5.0000023758433949 0.028552686971687162 0.021070371271722097
-1.2131001566334656 0.59823479356165166 1.0016776933443019 1.0000038415135424 -2.4199129641900578e-05 0.028619243572840902 0.99999583763072242 5.0000296123877934 0.028552158605292643 0.021070478634019157
-1.1246366069688629 0.75145815619863632 1.0016748294766133 1.0000007611958692 -2.4423423779699073e-05 0.028618367406401866 0.99996808214685906 5.0000836014348335 0.028551398775235617 0.021070473290164204
-1.016930213150848 0.89182386143950043 1.0016676938145324 1.0000058116409807 -4.9356111027739624e-06 0.028617480830364254 0.99994422720264431 5.0001684942625753 0.028550799016930094 0.021070473535298284
-0.89182386143950132 1.0169302131508471 1.00172482592117 1.0000120797010186 7.1091905145111909e-06 0.028620595733374044 0.99999603053591968 5.0000703198014769 0.02855162673762825 0.02107047353529836
-0.75145815619863698 1.1246366069688625 1.0015929839226538 0.99999268503226046 -2.4818042080863015e-07 0.028616732042752255 0.99999264822743683 4.9999818019202209 0.028553033429026157 0.0210704732901641
-0.59823479356165199 1.2131001566334649 1.0019717939718757 0.99998749771790307 -8.1054057425598738e-06 0.028628660002923068 1.0000312434668177 4.9998593802539952 0.028549816835497517 0.021070478634019289
-0.43477546774480741 1.2808072262831649 1.0091276321812899 0.99848273860389192 0.0010711859276131151 0.028993352407751957 1.0055886895163368 4.9785242331823429 0.028626872037836908 0.021070371271722191
-0.26387703368244392 1.3265994058784256 1.1042410679394208 0.97657497988516873 0.020604508287407845 0.035458438361497618 1.1238898618921687 4.6069167438490473 0.030862432406373999 0.021070779206619733
-0.088463512078033407 1.3496928495276668 1.9875629183019843 0.830634258112669 0.1791703683348044 0.1131389226997886 1.9923204713915132 3.0100633296398778 0.043247678444909884 0.021069261828180228
-1.4732062236587793 0.096559003484148781 1.0015373190697638 0.99999650831286224 4.5564728080421991e-06 0.028616184388049599 1.0000290887358303 4.9999098189775539 0.0285547087205738 0.024866071266900984
-1.4479994479677905 0.28802500393896102 1.0015635577524773 0.99999631365453101 -4.0258366304412573e-06 0.028616860220892795 1.0000265074753036 4.9999152985471271 0.028554335786678278 0.024867862086186566
-1.3980167248628652 0.47456273121692777 1.0015800772818257 0.99999846652617586 -2.948747941985843e-06 0.028616985753219949 1.0000144002698301 4.999956329782532 0.028553801699966189 0.024867380638932974
-1.3241136317046385 0.652980581020841 1.0015789667330546 1.0000010262319856 2.5245681056780183e-06 0.028616571894731005 1.0000010468720666 5.0000025113555129 0.02855343307917118 0.024867507348571329
-1.2275545871942908 0.82022575204306802 1.0015808674313604 1.0000047416730313 4.0492199493613997e-06 0.028616621545286318 1.0000008841983707 5.0000214952616453 0.028553406759954218 0.024867501041720631
-1.1099917433546191 0.97343663303829708 1.001610019945141 1.0000051898371383 -8.1023243747914369e-07 0.028617856684936029 1.0000149389181285 4.9999885994770858 0.028553475635933859 0.024867501331029069
-0.97343663303829786 1.1099917433546178 1.0015666512374293 0.99999957343426404 -6.3837688772818412e-06 0.028616034598868318 0.9999945671768331 5.0000114467411123 0.028553388500244387 0.024867501331029478
-0.82022575204306891 1.2275545871942903 1.0016646903305089 1.0000050235721554 -1.1745499795994837e-05 0.028618663651893778 0.99998855547979026 5.0000537272559322 0.028552098940481579 0.024867501041720762
-0.65298058102084133 1.3241136317046382 1.0013941333333856 1.0000230194995599 -1.3064797526660505e-05 0.028609168877610395 0.99992687826720905 5.0002979138509325 0.028553423152279007 0.024867507348571009
-0.47456273121692749 1.3980167248628652 1.0022002064305646 0.99990406868005322 4.5403509880136639e-05 0.028642312919238747 1.0002801283441682 4.9988202393234351 0.028554318678372981 0.024867380638933272
-0.28802500393896091 1.4479994479677907 1.0166125729775022 0.99670078887314406 0.0022621790421441129 0.029429907136711845 1.0132146464414877 4.9509118648485675 0.028758830725932952 0.024867862086186382
-0.096559003484148559 1.4732062236587793 1.2137513383484129 0.95043286805820726 0.046852750785314201 0.045235857033137997 1.3044311008897258 4.1658912790864466 0.034490636760219927 0.024866071266901678
-1.6067560237624186 0.10531231677214742 1.00142971067312 0.9999989392742501 1.0470316707634454e-05 0.028612808397412193 1.0000185556497476 4.9999483055762068 0.028555635243461695 0.029323973742269784
-1.5792641913015584 0.31413518531286727 1.0014851917787111 0.99999987537903989 -2.6580982084691227e-06 0.028614568629099585 1.0000246725389086 4.9999376940751157 0.028555177118002033 0.029326085613386801
-1.5247504103093537 0.5175830204831896 1.0015093856131079 1.0000012848518196 -7.6054057414362834e-06 0.028614897103246623 1.0000119938397687 4.9999764373959392 0.028554539158723382 0.029325517853950669
-1.4441478183573937 0.71217489113603483 1.0015179848035707 1.0000022744625459 -1.0498231944421347e-05 0.028614829138175847 1.0000010324079809 5.000008788924883 0.028554128095166213 0.029325667279649886
-1.3388354568399206 0.89458125194936022 1.0015221659358298 1.0000023831028575 -1.0428701619853966e-05 0.028614683537327188 0.99999176934163159 5.0000324899685946 0.028553815914184929 0.029325659842128867
-1.2106152494606011 1.0616810795170513 1.0015105140390741 1.0000012839473802 -6.5123963785251247e-06 0.028613939813283189 0.99997741248720207 5.0000628870144821 0.028553538847187046 0.029325660183304555
-1.0616810795170517 1.2106152494605997 1.0015192316363699 1.0000068260831358 -6.0854834622281415e-06 0.028614095672838229 0.99997415511993115 5.0000987417623373 0.028553346419522594 0.029325660183303855
-0.89458125194936089 1.3388354568399201 1.0014386005047458 1.0000096043949807 -1.0434561715946042e-05 0.028611270616903359 0.99995593342377864 5.0001581907472721 0.028553745669231929 0.029325659842129457
-0.71217489113603538 1.4441478183573933 1.0016008992552066 0.99999603308441665 3.0373721976070666e-05 0.028618800653857194 1.0000570312709058 4.999837593575549 0.028554781509500853 0.029325667279650122
-0.51758302048318927 1.5247504103093537 1.0015324150409755 1.000004332875033 -8.2683601172439067e-05 0.028611343574214434 0.99986481615698941 5.0003596741688332 0.028550074019650408 0.029325517853950243
-0.31413518531286705 1.5792641913015584 1.0037421872784495 0.99954740019537247 0.00021366103406233314 0.028716957879122693 1.0013462993254385 4.9943762805999672 0.028567180711429753 0.029326085613386895
-0.10531231677214721 1.6067560237624186 1.047187707959323 0.99045499628780898 0.008258814255318098 0.031182257132285368 1.0421999706284577 4.8511457216157945 0.029232987333567193 0.029323973742269388
-1.7511577878077367 0.11477690510584342 1.0013663290852588 0.99999770137013533 6.4902855600323724e-06 0.028611117893491838 1.0000227650251532 4.9999315928561012 0.028556478404718342 0.034556314759695547
-1.7211952198739886 0.34236702277731385 1.0014029958931363 0.99999784905268529 -4.0900007162008394e-06 0.028612135226101454 1.0000217055103489 4.9999349798899271 0.028556029902074783 0.034558803456613184
-1.6617821971651594 0.56409904413105139 1.0014214802177253 0.99999945019689995 -5.691173820169549e-06 0.028612295241172519 1.0000088396006657 4.9999751495829319 0.028555451676421369 0.03455813439061324
-1.5739357198364807 0.77617920110464811 1.0014252384865063 1.0000009480315755 -3.7895340224722593e-06 0.028612077413191574 0.99999747351871549 5.0000110537753919 0.028555084249595439 0.034558310478668829
-1.4591587659639762 0.97497871674981473 1.0014302391947763 1.0000020653460602 -1.5625268445572988e-06 0.028612096491406627 0.99999314674892159 5.0000274573479881 0.028554903661486351 0.034558301714055169
-1.3194152010505895 1.1570960762362228 1.0014387841675907 1.0000041125758219 -2.9225380433304153e-06 0.028612328433738819 0.99999272042966747 5.0000387593609297 0.028554794027563647 0.034558302116106228
-1.1570960762362237 1.3194152010505888 1.0014009169781208 1.0000044096180718 -7.9302335942049333e-06 0.028610996396956339 0.99998397830313634 5.0000621005080941 0.02855497629829561 0.03455830211610661
-0.9749787167498154 1.4591587659639762 1.0015008838787758 1.0000033440185088 9.2094468143000496e-06 0.028614941071363195 1.0000220195127767 4.9999616696081173 0.028554922394204568 0.034558301714055065
-0.77617920110464866 1.5739357198364803 1.0014386517234912 1.0000008612460214 -2.6248885176400887e-05 0.028610818982573505 0.99994009778772719 5.000154067701053 0.028553292898436108 0.034558310478668509
-0.56409904413105094 1.6617821971651594 1.0013097129808599 1.0000231283340333 3.8339329344126312e-05 0.028608711223614768 0.99999518509460361 5.0001276802905972 0.028556336664927233 0.034558134390613775
-0.34236702277731368 1.7211952198739886 1.0016317224701441 0.99994658673958692 -6.9781848042932605e-05 0.028618685837814704 1.0000222444989557 4.9996773358835425 0.028553436759918813 0.034558803456613357
-0.11477690510584312 1.7511577878077369 1.0099556665272604 0.99823747457752043 0.0012347904270329352 0.029037037852942264 1.0062781540446182 4.9755968446504601 0.028637102661968932 0.034556314759695304
-1.9072933225911521 0.12501056513594325 1.001278533555898 0.99999786771082388 7.5591521335638261e-06 0.028608489619815457 1.0000185783274387 4.999942890985043 0.028557360391470912 0.040695733978744104
-1.8746592526372021 0.37289291745437902 1.0013262247762229 0.99999876955703559 -3.6350331076315015e-06 0.028609911240782798 1.0000206402203617 4.9999422454900504 0.028556875211090182 0.040698664827953465
-1.809948886571692 0.61439485787178594 1.0013488850769496 1.0000002555853416 -6.4350682930098413e-06 0.028610217476061267 1.0000087137740619 4.999979491092339 0.028556276143136012 0.040697876892893024
-1.7142699016231704 0.84538436096859937 1.0013580407126796 1.0000012930840538 -6.4069044022344571e-06 0.028610222659391966 0.9999997516460607 5.0000070837691046 0.02855591578250043 0.040698084265486878
-1.5892592833724661 1.0619091032644157 1.0013642203893616 1.0000019516457068 -5.6251920324901261e-06 0.028610255565067081 0.99999473051946464 5.0000229294471925 0.028555701909453685 0.04069807394371619
-1.4370559981573425 1.2602642863865514 1.0013437774556326 1.0000016924653139 -7.2592301858493839e-06 0.028609373005490372 0.9999842977795983 5.0000477158984866 0.028555637181384191 0.040698074417197437
-1.260264286386553 1.4370559981573419 1.0013831849010697 1.0000041066888776 8.3153508453763606e-07 0.028610919934333307 0.99999901310837069 5.0000229980475872 0.028555607881506441 0.040698074417198478
-1.0619091032644166 1.5892592833724657 1.0013791202834583 0.99999979875735989 -3.3386548706053841e-06 0.028610043576066242 0.999972441827648 5.0000678880161038 0.028554895483506395 0.040698073943715989
-0.84538436096860015 1.7142699016231697 1.0012233403420239 1.0000133771139517 -6.5712641394216493e-06 0.028605114824368134 0.99995573160910478 5.0001775591703703 0.028556195337106145 0.040698084265487336
-0.61439485787178538 1.809948886571692 1.0014976769201129 0.99999683753463164 1.1519491346657948e-05 0.028616110098928255 1.0000660765236209 4.9998190027647755 0.02855621698761019 0.040697876892893038
-0.37289291745437886 1.8746592526372021 1.0012635084748842 1.0000142030414074 -6.2696772499415616e-05 0.028604146094978227 0.9998817531981613 5.0003666698179865 0.028553624489387818 0.040698664827952265
-0.12501056513594294 1.9072933225911521 1.0030419855430179 0.9996782758110252 0.00018747348667675349 0.028684267928030843 1.0009046389793752 4.9961321272318608 0.028562552346756899 0.040695733978745957
-2.0761160885959504 0.13607578994226782 1.0012054244276185 0.99999781488815842 6.0384032146656303e-06 0.028606407503874238 1.0000188144714441 4.9999420364803067 0.028558201232946182 0.047897438395239231
-2.0405934362250413 0.40589927940332288 1.0012461514059066 0.99999827359277671 -4.2444559539385315e-06 0.028607540046190295 1.0000177270629953 4.9999470483776296 0.028557705517272061 0.047900887901014037
-1.9701552762963828 0.66877759916095791 1.001266755128758 0.99999958939692934 -5.9025625149449061e-06 0.028607792177035928 1.0000059624573627 4.9999830383615791 0.028557134494142669 0.047899960529338856
-1.8660073313320009 0.92021298038725563 1.0012745877931253 1.0000005927089122 -4.3993304546638342e-06 0.028607775070803046 0.99999754176105993 5.0000091065657148 0.028556804667676402 0.047900204599542688
-1.7299314835735555 1.1559032623878902 1.0012728374352022 1.0000009576452089 -3.8227736898155672e-06 0.028607558403307233 0.99999171616736848 5.0000254953530945 0.028556658275234674 0.047900192451182912
-1.5642560285035483 1.3718157190921381 1.0012843630520558 1.0000027387602368 -2.1991782486330753e-06 0.028607968159484624 0.99999452850012838 5.0000273700169862 0.028556607101534619 0.047900193008454113
-1.3718157190921387 1.5642560285035467 1.0013028576134908 1.0000013233332419 1.5351333547474822e-06 0.028608520944849617 0.99999538041771341 5.0000181630435563 0.02855642044630425 0.047900193008453752
-1.1559032623878913 1.7299314835735553 1.0012180445021308 1.0000030303956731 -1.1536891938203786e-05 0.028605308642552923 0.99996779615586529 5.0000956614704313 0.028556600288568618 0.047900192451182239
-0.92021298038725641 1.8660073313320009 1.0013276318330684 1.0000098309673404 6.1226338082509042e-06 0.02861039206569042 1.000036041558916 4.9999590499433557 0.028557298964713033 0.047900204599542945
-0.66877759916095747 1.9701552762963828 1.0013131675127891 0.99999224657015306 -2.547237407747115e-05 0.028607395844988524 0.99994575723449797 5.0000968432126403 0.028554885773662598 0.047899960529339362
-0.40589927940332271 2.0405934362250413 1.0011159199455393 1.0000342130280231 4.5407081596871045e-05 0.028602478881923105 0.99997087236890692 5.0002438908148168 0.028557853337262074 0.047900887901013718
-0.13607578994226752 2.0761160885959495 1.0015160721444423 0.99992037621462804 -7.6478621004850633e-05 0.028615004787943557 1.0000090806092936 4.9995791934963023 0.028554379717119174 0.04789743839523973
-2.258657022413781 0.1480401506552852 1.0011240659814722 0.99999780908717606 5.8047191874591494e-06 0.028604005886422746 1.0000161208653842 4.9999487412927053 0.028559052621556051 0.056343029906405072
-2.220011067752075 0.44158766595610727 1.0011686573042153 0.99999866211747546 -4.1652834328642165e-06 0.028605272268803179 1.0000158525206615 4.9999536772137789 0.02855853615158592 0.056347087651735059
-2.1433796859894287 0.72757936277035651 1.0011915017990938 0.99999993706697465 -5.7447419695400821e-06 0.028605623046952154 1.0000052974751972 4.9999864391432949 0.028557974069117503 0.056345996759785313
-2.0300746118869242 1.0011220093543109 1.001199694126891 1.0000006449379162 -4.9092778370934783e-06 0.028605648425535205 0.99999800210661793 5.0000082168544395 0.028557672259348865 0.056346283866052393
-1.8820343983320185 1.2575351807947548 1.0012045889630174 1.0000012799599578 -3.9935078713261189e-06 0.028605710589933591 0.99999528630563606 5.0000181814927549 0.028557538855531372 0.05634626957561293
-1.7017920544231375 1.4924315766371794 1.0012140528325166 1.0000011293013102 -1.213886628784309e-06 0.028606014707752207 0.99999646517317942 5.0000144809711378 0.028557464545971047 0.056346270231147133
-1.4924315766371807 1.7017920544231362 1.0011928274017894 1.0000004081286946 -4.7295785617611777e-06 0.028605125059710572 0.99998656465706093 5.0000356267693409 0.028557423976324266 0.05634627023114612
-1.2575351807947559 1.8820343983320176 1.0011929069867174 1.0000059570299658 -4.621477404308128e-06 0.02860538659531095 0.99999562800747188 5.0000407126459239 0.028557681897720764 0.056346269575613839
-1.0011220093543118 2.0300746118869237 1.0012688796769829 0.99999961999726239 7.7760790746403629e-06 0.028607836447840412 1.0000053881034117 4.9999846272989634 0.02855709385468683 0.056346283866053136
-0.72757936277035606 2.1433796859894287 1.0010824561547642 1.0000063582619587 -1.2123235179884197e-05 0.02860007848798193 0.99992037605715212 5.0002308620486744 0.028556793054157804 0.056345996759784502
-0.4415876659561071 2.220011067752075 1.0012529144590285 1.0000115019453109 3.6264067565681169e-05 0.028609385202617767 1.0000754720153917 4.9998688388454511 0.028559277388534286 0.056347087651736162
-0.14804015065528484 2.2586570224137814 1.0012466637672632 0.9999841019495842 -8.6763999265599678e-05 0.028604656796151044 0.99991642722812235 5.0001294676339212 0.028554806832833027 0.056343029906403559
-2.4560308322833491 0.16097670908737174 1.0010480719697694 0.99999807594502599 4.9230296392289113e-06 0.028601796206811195 1.0000147787225158 4.9999534308205078 0.02855988148881666 0.066244981082735091
-2.4140077826346955 0.48017601255156472 1.0010902652860521 0.99999871651003425 -4.3497248707754907e-06 0.028602955058431901 1.00001314636905 4.9999607144015474 0.028559353374888092 0.066249751952585534
-2.3306799314107853 0.79115922876479139 1.0011121678218942 0.99999975947619124 -5.3828274890572819e-06 0.028603294857792512 1.000003147643139 4.999990925726471 0.028558817891414817 0.066248469342886113
-2.2074736399338666 1.0886055286180596 1.0011204669857328 1.0000003763384693 -3.9755680848328413e-06 0.028603358198301308 0.999997072178341 5.000009198665281 0.028558549684592316 0.066248806906366281
-2.0464968624503617 1.3674254860582009 1.0011260097932291 1.0000005192261916 -2.265809195071141e-06 0.028603478831453612 0.99999575303277011 5.0000132109616429 0.028558448764975045 0.066248790104469144
-1.8505039562542063 1.6228484143099164 1.0011291681704244 1.000000524105966 -1.6347875518719324e-06 0.028603559197444412 0.9999954078684119 5.0000140982714809 0.02855840286890524 0.066248790875208158
-1.6228484143099176 1.8505039562542052 1.0011162599524022 1.0000016203523898 -4.0933189613370496e-06 0.028603076149077991 0.99999141379277767 5.0000295648553417 0.028558436093623758 0.066248790875207964
-1.367425486058202 2.0464968624503603 1.0011567474632603 1.0000030713522641 4.8691971759964313e-06 0.028604690243669181 1.0000074014465077 4.9999968506106596 0.028558430697326245 0.066248790104469726
-1.0886055286180609 2.2074736399338657 1.0011127771817803 0.99999712136083529 -4.5129991365317775e-06 0.028602419360704307 0.99997193062087031 5.0000557789386617 0.028557919419880968 0.066248806906366781
-0.79115922876479094 2.3306799314107853 1.0010698238864004 1.0000149071890285 1.5612613704045387e-07 0.028601958100729068 0.99999870996228224 5.0000777584511056 0.028559174348776504 0.066248469342885932
-0.4801760125515645 2.4140077826346955 1.0012349582889113 0.99998872552814511 -1.3974108746785603e-05 0.028607459536044415 1.0000260921927224 4.9998783970195255 0.028558072104777354 0.066249751952585187
-0.16097670908737133 2.4560308322833491 1.0009146848969013 1.0000413299916029 -1.041959891437533e-06 0.028594799433160074 0.99990338258151157 5.0004482183552756 0.028558222259872704 0.066244981082736104
-2.6694428051907817 0.17496446389358594 1.0009693409870664 0.99999825164419109 4.3660113516753288e-06 0.028599477059818527 1.0000123430850678 4.999960398256019 0.028560710452952505 0.077851868842984631
-2.6237682452209934 0.52189996358445279 1.0010128018877746 0.99999905909079434 -4.2982424713499654e-06 0.028600675023408056 1.0000108119242697 4.9999682632945657 0.02856017070942754 0.077857475624477313
-2.533199784109748 0.85990545526783779 1.0010355911832598 1.0000000267907412 -4.9820797248169775e-06 0.028601074917093152 1.0000020277581569 4.9999950619883933 0.028559659758230362 0.077855968286706517
-2.3992877240434947 1.1831977668451066 1.0010447235215689 1.0000004098366611 -3.5143943041959431e-06 0.028601205673897734 0.99999747664414107 5.0000083549788004 0.028559425562703918 0.077856364995218239
-2.2243231858106269 1.4862452365872605 1.0010510984974912 1.0000005274576402 -2.1018103298759236e-06 0.028601380470306238 0.99999721982853473 5.0000095851065138 0.028559345478265989 0.077856345249434411
-2.0112998611696455 1.7638626382663776 1.001049366081133 1.0000003690359414 -2.1088025879164513e-06 0.028601294280617747 0.99999593694719457 5.0000120002179846 0.028559328609802124 0.077856346155213405
-1.7638626382663787 2.0112998611696442 1.0010554106564833 1.0000012558719689 -5.1460126746356732e-07 0.028601562470392753 0.99999927551495915 5.0000080879368136 0.02855935497828363 0.077856346155213876
-1.4862452365872618 2.2243231858106265 1.0010698290202216 0.99999978666410516 2.3771298869641711e-06 0.028602013744083526 1.0000006502700742 4.9999973050210595 0.028559229703851993 0.077856345249433148
-1.1831977668451075 2.3992877240434947 1.0010001516023095 1.0000016659948707 -9.7284263883403009e-06 0.028599287727639085 0.99997494286913891 5.0000709716801541 0.028559290661769647 0.077856364995217989
-0.85990545526783724 2.533199784109748 1.0010910070851671 1.0000089499143667 9.2923616573717749e-06 0.028603661966291133 1.000037120179633 4.9999519484520567 0.028560029577324588 0.077855968286707461
-0.52189996358445256 2.6237682452209938 1.001023092707876 0.99999111489404779 -2.5388178096996987e-05 0.028598419453828721 0.99992166726096621 5.0001514150553668 0.028557507317383012 0.077857475624476757
-0.17496446389358544 2.6694428051907813 1.0009340027098479 1.0000373718742821 5.8854272968356099e-05 0.028599280090718788 1.0000407613372613 5.0000849613547054 0.0285619254333997 0.077851868842986144
-2.9001961671000456 0.1900888329864879 1.000892991456656 0.99999862874204704 3.6708227918135737e-06 0.028597240583723014 1.0000104186131435 4.9999670948107733 0.028561526928252121 0.09145449428631286
-2.8505733830865516 0.56701431139638436 1.000935549297743 0.99999933184367029 -4.2446363980468732e-06 0.028598396336462654 1.00000831364381 4.9999758726578118 0.028560981050242136 0.09146108070965446
-2.7521759560039318 0.93423784940691712 1.0009578630881681 1.0000000892693066 -4.4834253416253285e-06 0.028598810203823481 1.0000004925170582 4.9999992124649371 0.028560502995782923 0.09145931000311075
-2.606688200065717 1.2854763629521804 1.0009670456146167 1.0000003530591433 -2.7851351435372229e-06 0.028598978087443109 0.99999718910731583 5.0000087899245607 0.028560303847161673 0.091459776026300427
-2.4165992863138732 1.614720019525953 1.000971341723383 1.0000002150716194 -1.510755512499886e-06 0.02859909870738479 0.99999711478077624 5.0000082857894688 0.028560252692665454 0.09145975283044247
-2.1851616887652976 1.9163353688806684 1.0009728601202184 1.000000195572035 -1.1447439924532384e-06 0.028599160606050271 0.99999776221175174 5.000006569705004 0.028560253854032172 0.091459753894488474
-1.9163353688806701 2.1851616887652958 1.0009834399558044 1.0000005133303138 1.0263631782323931e-06 0.028599585888705141 1.0000020630631168 4.9999974063621959 0.028560255940442415 0.091459753894488974
-1.6147200195259548 2.4165992863138723 1.0009642649253732 0.99999911333937253 -2.4594039138359616e-06 0.028598755006550548 0.9999921668003463 5.0000151471692469 0.028560192144289228 0.09145975283044451
-1.2854763629521815 2.6066882000657166 1.0009592470417985 1.0000047321522634 -2.0256943547343348e-06 0.028598873234105943 1.0000013138347836 5.0000203735327498 0.028560510657586181 0.091459776026300427
-0.93423784940691634 2.7521759560039314 1.0010268847422821 0.99999853213056689 5.4310626992000182e-06 0.028600958991608916 1.0000066720556871 4.9999759780557733 0.028559891756887269 0.091459310003110028
-0.56701431139638425 2.8505733830865512 1.000849461088468 1.000008531452512 -8.7959278395048103e-06 0.028593863953634981 0.99993583074139603 5.0002030870526371 0.028559893458814774 0.091461080709653877
-0.19008883298648743 2.900196167100046 1.00106725927537 1.0000052091757803 2.2060473195862104e-05 0.028604059187312986 1.0000747314657092 4.9998392252894384 0.028561374731185276 0.091454494286313914
-3.1497000412595506 0.20644217515092916 1.0008161597707015 0.99999890762536292 3.0767368000009158e-06 0.028594982798710502 1.0000082304101465 4.9999739596350663 0.028562341464655795 0.10739303863211616
-3.0958082091732413 0.61579455219600665 1.0008589598018973 0.9999996549691752 -4.0716293785306591e-06 0.02859614578805791 1.0000061364524306 4.9999829311926023 0.028561793083585786 0.10740077292687505
-2.9889456515098192 1.0146103309161756 1.0008812879568578 1.0000003103326018 -3.9241603805512045e-06 0.028596595703906932 0.99999956101001175 5.0000026465376299 0.028561350410038128 0.10739869362440245
-2.8309415840333916 1.3960658935278809 1.0008900447744209 1.0000004227614445 -2.2356555811679058e-06 0.028596782293000483 0.99999733679421188 5.0000087692107487 0.028561186929712629 0.10739924086537495
-2.6244993211688628 1.753634381638735 1.0008941775809466 1.0000002757368998 -1.1862731629144615e-06 0.028596916782732632 0.99999791062620524 5.0000065994925773 0.02856115614603072 0.10739921362698239
-2.3731511472704541 2.0811976992804451 1.0008978994903828 1.0000002221389785 -3.8433440269131646e-07 0.028597074157965568 0.99999969525527488 5.0000018699178677 0.028561164634414066 0.10739921487646432
-2.0811976992804468 2.3731511472704523 1.0008997460848863 0.99999985400555025 1.7309599792692758e-07 0.028597149019009779 1.0000004681025125 4.9999980971325781 0.028561165630418477 0.10739921487646489
-1.7536343816387361 2.6244993211688619 1.0008847687164948 1.0000000061486845 -2.8109345903064836e-06 0.028596581922548475 0.99999560140768951 5.0000110246407417 0.028561197587589345 0.10739921362698153
-1.396065893527882 2.8309415840333911 1.0009221879639221 1.000003061254878 4.7841113179020468e-06 0.028598146320131197 1.0000129202689463 4.9999830032338197 0.028561265123456366 0.10739924086537639
-1.0146103309161749 2.9889456515098196 1.0008773849384016 0.99999534997305783 -4.4348951235168543e-06 0.028595716729840417 0.99997272348130262 5.0000449396495812 0.028560628443494919 0.1073986936244026
-0.61579455219600654 3.0958082091732413 1.0008430020572201 1.0000159340797015 3.8240211594378791e-06 0.028595858219598636 1.0000120244353861 5.0000496064991307 0.028562143413265972 0.107400772926875
-0.20644217515092869 3.1497000412595515 1.0009725287970235 0.99998378204483629 -2.0806479102609047e-05 0.02859894208238125 0.99999045231488259 4.9999427776635637 0.028560048862419054 0.10739303863211695
-3.4194780531832993 0.22412435404411679 1.0007408955286221 0.9999992425689731 2.4862922531270138e-06 0.028592781745632085 1.0000064597259102 4.9999800609964771 0.028563150121853235 0.12606543058435324
-3.3609702795378817 0.66853856840984272 1.000783070267425 0.99999991876639538 -3.8239618891147461e-06 0.028593922970245867 1.0000042293226727 4.9999890179567048 0.02856260492958352 0.12607450963837555
-3.244954733342893 1.1015137040521148 1.0008045366015392 1.0000004096940749 -3.326315119201685e-06 0.028594379344494977 0.99999874041250147 5.0000051948314956 0.028562203095830851 0.12607206880827271
-3.0734173062953078 1.5156416868849816 1.0008124573679045 1.0000004445582547 -1.6669154207485881e-06 0.028594566654463714 0.99999737661304089 5.0000087786418836 0.028562073722220877 0.12607271119785329
-2.8492928570247482 1.9038366202399841 1.000815917391193 1.0000002503916696 -6.6453068782860668e-07 0.028594692416428109 0.99999831749989265 5.0000054555765292 0.02856206109794384 0.12607267922353055
-2.5764162169972722 2.2594563811794459 1.0008189913683916 1.0000001139313464 -3.7630323142664423e-08 0.028594828781337695 1.0000000149095327 5.0000005297433505 0.028562074488540683 0.12607268069025754
-2.2594563811794472 2.5764162169972709 1.0008165888643545 0.99999971669542354 -4.9642208744029153e-07 0.028594743019481145 0.99999941623749822 5.0000000402446645 0.02856208481499363 0.12607268069025704
-1.9038366202399848 2.8492928570247464 1.000820504701293 1.0000006892922257 1.0060497942323234e-07 0.028594938902519337 1.0000023538988103 4.9999975590809136 0.028562124019481144 0.12607267922352988
-1.5156416868849825 3.0734173062953074 1.0008334108990238 0.99999950491204248 3.0609782777803421e-06 0.028595333632183313 1.0000032624517263 4.999989365838772 0.028562002640334472 0.12607271119785282
-1.1015137040521144 3.2449547333428934 1.0007684736166376 0.99999987749995145 -8.1832036715205713e-06 0.028592830313229269 0.99998060119724452 5.0000478827341439 0.028562096686249473 0.1260720688082744
-0.66853856840984249 3.3609702795378817 1.0008631687017233 1.00000877780415 9.0763353690166125e-06 0.028597111481893516 1.0000357012915435 4.9999546349646549 0.028562589457720045 0.12607450963837641
-0.22412435404411635 3.4194780531832998 1.0007634240348597 0.99999021154274925 -2.2539682629104903e-05 0.028591035942733972 0.99992289177056071 5.0001438361797028 0.028560505995283383 0.12606543058435377
-3.7111776348539327 0.24324334802508671 1.0006661858405628 0.99999946683854957 1.9595608080930635e-06 0.028590601057550548 1.0000048468882501 4.9999852143926899 0.028563957043297443 0.14793713009407147
-3.6476788383590004 0.72556844773727158 1.0007078977252846 1.0000001188918355 -3.4920179546926979e-06 0.028591732929552853 1.0000027518044992 4.99999371235225 0.028563420949287294 0.14794778431696029
-3.5217665518527634 1.1954786547490064 1.000728369674289 1.0000005073092142 -2.7143980290321218e-06 0.028592193827083615 0.9999984143719739 5.0000064980017296 0.028563063327979032 0.14794492001547166
-3.335596074107849 1.6449339470342592 1.0007351876571331 1.0000004810470648 -1.1741062082062432e-06 0.028592369600869232 0.99999774897162486 5.0000080301823626 0.028562966482205823 0.14794567385631632
-3.0923526227329994 2.0662439634239069 1.0007380277717814 1.0000003262280834 -3.6719912960299643e-07 0.028592482823755098 0.99999887083640338 5.0000044514135054 0.028562966101090714 0.14794563633461078
-2.796198160621068 2.4521999727283155 1.0007394703560426 1.0000001660748363 -8.1947570660974539e-08 0.028592554704751548 0.9999999432955925 5.0000009694956979 0.028562980264100632 0.14794563805581593
-2.4521999727283177 2.7961981606210666 1.0007387922718749 0.99999997403676877 -2.4626160567501388e-07 0.028592541638367875 1.0000001638933178 4.9999994578112128 0.028562994306552108 0.14794563805581443
-2.0662439634239087 3.0923526227329985 1.0007467514537436 1.0000003797145036 1.1562562994029976e-06 0.028592866677437049 1.0000035785276704 4.9999929496377522 0.028563000970819388 0.14794563633461119
-1.6449339470342605 3.3355960741078481 1.0007305228968626 0.99999836595012026 -1.5897166800400419e-06 0.028592169894581597 0.99999542569853916 5.0000032628915667 0.028562953379138115 0.14794567385631716
-1.1954786547490057 3.5217665518527643 1.0007321955340274 1.0000038651647412 -1.3988761589949962e-06 0.028592495197869053 1.0000051315774734 5.0000064942451514 0.028563211512578034 0.1479449200154703
-0.72556844773727125 3.6476788383590009 1.0007789588982161 0.99999810417610635 5.4428615989651736e-06 0.028593748868800437 1.0000022487015088 4.9999848965814202 0.0285625952939767 0.14794778431696023
-0.2432433480250861 3.7111776348539327 1.0006218240980818 1.0000085941173205 -1.0057526703720576e-05 0.028587774209048428 0.99995030306494137 5.0001672162363322 0.028562905572839005 0.14793713009407106
-4.0265800849649231 0.26391590953758143 1.0005927776302856 0.99999966606216029 1.4823101863854913e-06 0.028588468574783026 1.0000036192852395 4.999989279491234 0.028564760193489632 0.17355256816650999
-3.9576847060467979 0.78723245001793063 1.0006334439235396 1.0000002423447085 -3.0875468436506914e-06 0.028589574939261144 1.0000016768319313 4.999997017032257 0.028564240348194853 0.1735650671770233
-3.821071491810728 1.2970789913165846 1.0006522802158675 1.0000005061828117 -2.110341309902147e-06 0.028590018473024326 0.99999836634907557 5.0000066124200231 0.028563930708961117 0.1735617069193284
-3.6190789137525279 1.7847322127633982 1.0006577671420078 1.0000004578419912 -7.494129842709712e-07 0.02859017049800076 0.99999820041521426 5.0000067855419026 0.028563863319075313 0.17356259128834708
-3.3551628920817804 2.2418481712285794 1.0006594696562277 1.0000003358582206 -1.5506386724319614e-07 0.028590246581090859 0.99999916017927371 5.0000037762054559 0.028563871294331744 0.17356254726973067
-3.0338391031006218 2.6606054859263 1.0006599792581095 1.0000002212773855 -5.5906499850828675e-08 0.028590279881244823 0.99999981565060991 5.0000015646210265 0.028563884198500804 0.17356254928895953
-2.6606054859263022 3.0338391031006204 1.0006611168818453 1.0000001713939908 9.1822441056345702e-08 0.028590334274747459 1.0000005812934945 4.9999994010970745 0.028563893078831597 0.17356254928895892
-2.2418481712285825 3.35516289208178 1.0006623048833092 0.99999990742461198 2.6832838870634707e-07 0.028590381364380052 1.0000010411239311 4.9999969316761383 0.028563892648765504 0.17356254726973114
-1.7847322127633998 3.619078913752527 1.0006524223519613 0.99999954418134951 -1.7126426495223552e-06 0.028590012168098065 0.99999800377734493 5.0000027088363641 0.028563918729543548 0.17356259128834828
-1.2970789913165834 3.821071491810728 1.0006838687512474 1.0000025893251268 4.1379629287898822e-06 0.028591291490520854 1.0000113246158779 4.999984632656358 0.028563940170068424 0.17356170691933101
-0.78723245001793007 3.9576847060467975 1.0006308483224557 0.99999467821431587 -5.0175387418864044e-06 0.028588773063486561 0.999976222842893 5.0000328321314313 0.028563542912628147 0.17356506717701994
-0.26391590953758076 4.026580084964924 1.0006293021613413 1.0000159824965793 2.5215018173041188e-06 0.028589926928008491 1.0000181278545548 5.0000345901146783 0.028564757551845291 0.17355256816651407
-4.3676114466359888 0.28626827807293687 1.0005201609670977 0.9999997876039407 1.0702272814328452e-06 0.02858636495764694 1.0000026101364825 4.9999924100559756 0.028565560628278194 0.20354852289680256
-4.292880970839243 0.85390713392244855 1.0005594448555868 1.000000296308144 -2.6309281703807472e-06 0.028587440156828323 1.000000959040463 4.9999990813183324 0.028565064843830718 0.2035631821735587
-4.144697294948342 1.4069351484697283 1.0005763139011716 1.0000004694133142 -1.5483278522169919e-06 0.028587855267870835 0.99999862021307129 5.0000057939055225 0.028564805399480826 0.20355924114578877
-3.9255969473961612 1.9358901790508654 1.0005803441907224 1.000000410942999 -4.2679968174363007e-07 0.028587974841831929 0.99999877492792755 5.0000051147601523 0.02856476379575848 0.20356027836471152
-3.6393285476929362 2.4317215919382855 1.0005811213162688 1.0000003419931376 -6.3886950201159379e-08 0.028588018155260412 0.99999951334421899 5.0000029239664592 0.028564776014256575 0.20356022673814372
-3.2907902275261876 2.8859455741870446 1.0005812648059182 1.0000003070109222 -4.8762412716813982e-08 0.02858803308257904 0.99999989209063889 5.0000018021885744 0.02856478519452034 0.20356022910635665
-2.8859455741870472 3.2907902275261853 1.0005818285826673 1.0000002603407743 2.5093364706076377e-08 0.028588059281443454 1.0000002450688315 5.0000006863921982 0.028564788839345386 0.20356022910635824
-2.4317215919382882 3.6393285476929349 1.0005804245362138 0.9999999746887519 -3.3501625078177138e-07 0.02858800612282985 0.99999978882896756 5.0000003987321424 0.028564791840149269 0.20356022673813964
-1.9358901790508674 3.9255969473961603 1.0005844904743577 1.0000004692204523 2.2771084945579632e-07 0.028588186954045761 1.0000020506622125 4.9999972168127922 0.028564810018864278 0.20356027836471277
-1.4069351484697274 4.1446972949483429 1.000589259675243 0.99999938274291111 1.4788360497083206e-06 0.028588317631407099 1.0000018552743233 4.9999922729039863 0.028564749977155 0.20355924114579235
-0.8539071339224481 4.2928809708392413 1.0005470968691925 0.99999944708318667 -5.9752342055647019e-06 0.028586755363517947 0.99998934562652408 5.0000238689974372 0.028564874115332949 0.2035631821735564
-0.28626827807293626 4.3676114466359897 1.0006350745569961 1.0000082056795079 9.0541613017391419e-06 0.028590345101597098 1.000026985804386 4.999973562263806 0.028564944658776698 0.20354852289680594
-4.736354269027804 0.31043695106676827 1.0004484984429596 0.99999989747860807 7.2337342162781655e-07 0.028584294924546366 1.000001822042685 4.9999949296547825 0.02856635656275431 0.23866975931087531
-4.6553145491738297 0.92599965645340532 1.0004857099576778 1.0000003150203103 -2.1404530148967298e-06 0.028585320054061107 1.0000004906398192 5.000000345873973 0.028565893532782324 0.23868694796940165
-4.4946202212828554 1.5257179760879134 1.0005001198827796 1.0000003977846887 -1.0534843220150556e-06 0.028585688109350596 0.99999896340656569 5.0000045777732982 0.028565685334912001 0.23868232693784724
-4.2570219643972669 2.0993309102573083 1.0005027256198351 1.000000340381785 -2.0566732768665131e-07 0.028585771664010721 0.99999928192518506 5.0000034944580944 0.028565664674686003 0.23868354312348181
-3.9465848814313729 2.6370237105077114 1.0005028034867944 1.0000003111672147 -2.1631618056085772e-08 0.028585788127795945 0.99999978004030987 5.000002103096012 0.028565678014403937 0.23868348258900865
-3.5686206369441402 3.1295963039502297 1.0005026318228107 1.0000003194393856 -6.5386125199315764e-08 0.028585786795849083 0.99999990502329539 5.0000018319992439 0.028565683545122414 0.23868348536585957
-3.1295963039502328 3.5686206369441384 1.0005024544132934 1.0000002927172538 -1.1291304379582066e-07 0.028585780496888702 0.99999986199080448 5.0000018059698768 0.028565684341981208 0.23868348536585765
-2.6370237105077141 3.9465848814313711 1.0005023802108768 1.0000002413674871 -2.3103586203785949e-07 0.028585778535060318 0.99999986752643655 5.0000015353820402 0.028565685347541725 0.23868348258900976
-2.0993309102573101 4.2570219643972651 1.0005061274532459 1.0000003289425143 4.6169719410183332e-07 0.028585930291411581 1.0000014309655532 4.9999980646623365 0.028565687212783845 0.23868354312348297
-1.5257179760879123 4.4946202212828554 1.000496765239911 0.99999887180619895 -1.2327772654150206e-06 0.028585553025010525 0.99999759077593453 5.0000003794594967 0.02856568443668249 0.23868232693784383
-0.9259996564534051 4.6553145491738288 1.0005100223508563 1.0000027878879754 7.3770547092015369e-07 0.02858620073834128 1.0000069988651452 4.9999964396818912 0.028565801781650621 0.23868694796940346
-0.3104369510667675 4.736354269027804 1.0005135367483289 0.99999732810348863 1.5855005312402025e-06 0.028585898626169729 0.99999291774825383 5.0000043435602812 0.028565359410573379 0.23866975931087758
-5.1350603246797499 0.33656951743703117 1.0003774977016364 0.9999999866941871 4.4492946183746953e-07 0.028582247487926746 1.0000011628805954 4.9999970236329689 0.028567148701979225 0.27978731602780588
-5.0471986854297954 1.0039502592986984 1.0004119110920873 1.0000003168917151 -1.6474994543782117e-06 0.028583202824521148 1.0000001866330219 5.0000011152431743 0.028566727734664316 0.2798074659146188
-4.872977117387463 1.6541528358409501 1.0004235597475399 1.0000003390412124 -6.5473091318185857e-07 0.028583510700112617 0.99999931399070141 5.0000034075922946 0.028566569756551512 0.27980204878082993
-4.6153778516136441 2.2760524769294541 1.0004249191613153 1.0000002887806232 -8.2254317846496949e-08 0.028583559672731598 0.99999966846889665 5.0000022700917865 0.028566564355855025 0.27980347448853893
-4.2788081911742246 2.8590082290967325 1.0004246420053662 1.000000283124848 -3.0324246274093218e-08 0.028583560495179131 0.99999997428055709 5.0000014772833197 0.028566576257460154 0.27980340352530619
-3.8690269362740652 3.3930455577973304 1.0004243423790886 1.0000003042021226 -1.0833899319466359e-07 0.028583551262683211 0.99999995077944259 5.0000016414225286 0.028566579008379923 0.27980340678054383
-3.3930455577973335 3.8690269362740635 1.0004240550849381 1.0000003123995178 -1.6338915040774961e-07 0.028583539552269461 0.9999998282610526 5.0000019887056633 0.028566578789860717 0.27980340678054261
-2.8590082290967347 4.2788081911742237 1.0004244222974088 1.0000003526054755 -1.6564581833564999e-07 0.028583552484953499 0.99999991365634211 5.0000019762471313 0.028566577035090114 0.27980340352531036
-2.2760524769294559 4.6153778516136432 1.0004242149546183 1.0000001672759031 -1.2549954452311182e-07 0.028583545445757738 0.99999987464381312 5.0000011471305541 0.028566578288860243 0.27980347448853843
-1.654152835840949 4.8729771173874621 1.0004231422957646 1.0000000145208303 -6.5063523477460653e-07 0.028583515740238891 0.99999990759543067 5.0000003009771037 0.028566591481864825 0.27980204878083043
-1.003950259298698 5.0471986854297954 1.0004373834926925 1.0000009814837987 2.1937289866348598e-06 0.028584082466092918 1.0000054993589436 4.9999911564373321 0.028566588560061255 0.27980746591461908
-0.33656951743703056 5.1350603246797499 1.0003962556748336 0.99999657115324514 -4.7882224131100517e-06 0.028582357750198274 0.99998626996648632 5.0000171785035414 0.02856650899654551 0.2797873160278066
-5.566164360230629 0.36482555885355822 1.0003072057196485 1.000000077377142 2.3481247108554764e-07 0.028580224458420157 1.0000006490695146 4.9999987615731776 0.028567936976463145 0.32791986951511948
-5.4709264673719789 1.0882349572205308 1.0003378691926248 1.0000003187388684 -1.1780866229495239e-06 0.028581081896272037 0.9999999961220305 5.0000016007531896 0.028567568041603139 0.32794348584035776
-5.282078465302753 1.7930240306975436 1.0003465179014674 1.000000300504887 -3.6363081777231996e-07 0.028581316933947363 0.99999957387816407 5.0000025651904654 0.028567457184111009 0.3279371367826871
-5.0028529525116801 2.4671340506383381 1.0003469240270639 1.0000002640738241 -3.9340997677200516e-08 0.028581336906613235 0.99999986669446039 5.0000016509935445 0.028567460909948873 0.32793880775867357
-4.6380272386502446 3.0990307229539273 1.0003465507983118 1.0000002657307228 -6.1486476808956002e-08 0.028581330802401075 1.0000000262204536 5.0000012604629234 0.028567469730603881 0.32793872458745127
-4.1938435928314197 3.6779021203861317 1.0003462894587833 1.0000002774925323 -1.3777226206940103e-07 0.028581321599119698 0.99999996546617953 5.000001471157737 0.028567470980297483 0.32793872840268695
-3.6779021203861357 4.1938435928314162 1.000346119694927 1.0000002955474381 -1.6846149213292258e-07 0.028581315028888849 0.99999990529277771 5.0000017118658535 0.02856747120051371 0.3279387284026935
-3.09903072295393 4.6380272386502428 1.0003461087145318 1.0000003370825188 -2.1108955424448806e-07 0.028581312747441991 0.99999983644636048 5.0000020916574428 0.02856746935917491 0.32793872458744705
-2.4671340506383399 5.0028529525116783 1.0003453688260644 1.0000002645329611 -2.6136598234273679e-07 0.028581285460071632 0.99999962135103238 5.000002266648365 0.028567471666218484 0.32793880775867879
-1.7930240306975416 5.2820784653027539 1.0003480520926098 1.0000004400401505 -4.3396921009041639e-08 0.028581392749303176 1.0000006928356706 5.0000004654721701 0.028567471624791351 0.32793713678269065
-1.0882349572205303 5.4709264673719797 1.0003463997554327 0.99999939549053429 1.3946821733378441e-07 0.028581325854376109 1.0000000040901289 4.999996964587857 0.028567470823763888 0.32794348584035649
-0.36482555885355755 5.5661643602306281 1.000340910815205 1.0000005979096884 -1.8500123116308603e-06 0.028581184894597988 1.0000005592488905 5.0000015887949729 0.028567549383857724 0.32791986951511659
-6.032298964492802 0.39537762424278144 1.0002375026623869 1.0000001496137185 9.0208032583547169e-08 0.028578222403816855 1.0000002803485488 5.0000000445577353 0.02856872274582253 0.3842590842180762
-5.9290854398300308 1.1793684448969957 1.0002633626040254 1.0000003149551333 -7.631000684695618e-07 0.028578950432127385 0.99999990149027929 5.0000018184119712 0.028568416483754952 0.38428675801389472
-5.7244224917740869 1.9431795943660115 1.0002690361195374 1.0000002853005969 -1.8266641059316088e-07 0.02857910821015314 0.99999975024691168 5.0000020482465342 0.02856834734696671 0.38427931813813782
-5.4218134305497845 2.673742494070718 1.0002688619775721 1.0000002669463641 -5.0182079217448096e-08 0.028579108413705739 0.99999993146445187 5.0000015034312026 0.028568354513498272 0.38428127620095048
-5.0264356383180981 3.3585569184004074 1.0002685610141278 1.0000002701290174 -1.0123471403286488e-07 0.028579101609291238 0.99999999425650488 5.0000013623643049 0.028568359745652687 0.38428117874026019
-4.5450541387235521 3.9859055026883699 1.0002683838171214 1.0000002712648146 -1.6347172200325316e-07 0.028579095258166189 0.99999994917623269 5.0000014807440483 0.028568360482130874 0.38428118321098309
-3.9859055026883725 4.5450541387235486 1.0002683250968794 1.0000002792602229 -1.7783958932358652e-07 0.028579093944118658 0.99999996190139362 5.0000014889081896 0.028568361516504288 0.38428118321098487
-3.3585569184004109 5.0264356383180955 1.000268138690521 1.0000003085389255 -2.3968258855106164e-07 0.028579086400669456 0.99999988430782893 5.0000018292857646 0.028568361429341594 0.38428117874025491
-2.6737424940707197 5.4218134305497818 1.0002678223921899 1.0000003183229838 -2.2729297642493712e-07 0.028579075993331704 0.9999998363621434 5.0000019980703199 0.02856836367309349 0.38428127620095032
-1.94317959436601 5.7244224917740878 1.0002684698920319 1.000000362553384 -2.6349804918448903e-07 0.028579098584020229 0.99999997949807728 5.00000186138237 0.02856836036503262 0.38427931813813743
-1.1793684448969952 5.9290854398300308 1.0002664107257337 0.99999982687787248 -4.1919146403904785e-07 0.028579025380502714 0.9999994766751803 5.000000440062589 0.028568369524715 0.38428675801389389
-0.39537762424278033 6.032298964492802 1.0002768645540898 1.000000965172277 6.9584051198715312e-07 0.02857946701540447 1.0000044786889597 4.9999936265274529 0.028568392996728382 0.38425908421807869
-6.5363106446734465 0.42841228347857269 1.0001683179292951 1.0000002035338957 5.337245392942867e-09 0.028576239540433191 1.0000000649189422 5.0000008527325486 0.028569507049434104 0.45019239168178649
-6.4244734058531323 1.2779072399672342 1.000188184629095 1.0000003066422671 -4.2811682992893106e-07 0.028576801951020806 0.99999988262270367 5.0000018240155999 0.028569274849997564 0.450224813901141
-6.2027104239746613 2.1055364699144539 1.000191188430875 1.0000002820974934 -9.6328100112534792e-08 0.028576886928742246 0.99999985304717798 5.0000017752301398 0.028569239685002367 0.45021609745020003
-5.874817718441065 2.8971394866168714 1.0001908177879113 1.0000002788365046 -8.4418650281438897e-08 0.028576878446858116 0.99999992681006766 5.0000015745178823 0.02856924602713919 0.45021839148829484
-5.4464052529377502 3.6391716434644601 1.0001906199943762 1.0000002824584275 -1.3705934963943354e-07 0.028576872997898611 0.99999993388865649 5.0000015749310487 0.028569248489263115 0.45021827730475406
-4.9248032835278579 4.3189365645233755 1.0001904620627293 1.0000002807101254 -1.8932692656727539e-07 0.028576867600280879 0.99999990290957297 5.0000016436373205 0.028569249408665485 0.45021828254260388
-4.3189365645233773 4.9248032835278552 1.0001904347427042 1.0000002818505693 -2.0268542072682566e-07 0.028576868097425028 0.99999994762112598 5.0000015375606273 0.028569250998186732 0.45021828254258872
-3.6391716434644628 5.4464052529377494 1.0001901530820363 1.0000002955263261 -2.7185981619249683e-07 0.028576858861259068 0.99999990602388056 5.0000017099326497 0.02856925302790591 0.45021827730475583
-2.8971394866168736 5.8748177184410624 1.0001899291115277 1.000000293021452 -2.7600348003833841e-07 0.028576852422710075 0.99999990464541555 5.0000017008544493 0.028569255547506042 0.45021839148830289
-2.105536469914453 6.2027104239746631 1.0001895346353422 1.0000003280617329 -4.4322338169954344e-07 0.028576837202108279 0.9999997664266983 5.0000022216031548 0.028569256105800783 0.45021609745019714
-1.2779072399672338 6.4244734058531296 1.0001895947159334 1.0000003647318016 -2.6084715797639173e-07 0.028576841737594307 0.99999986506942984 5.0000021583462102 0.028569258237497851 0.45022481390113861
-0.42841228347857141 6.5363106446734456 1.0001935516453857 0.99999993761387962 1.1462475598002066e-07 0.028576999207073142 1.0000014192714466 4.9999961372552661 0.028569257429913387 0.45019239168178798
-7.0812771903039717 0.46413126547390704 1.0000998369218439 1.000000226860905 -2.9052766437930526e-08 0.028574280087394707 0.99999996508453171 5.0000012189536704 0.028570286690389083 0.52737871972030803
-6.960115493540024 1.3844530778350694 1.0001125166910052 1.0000002865417794 -1.9412843881067501e-07 0.028574640538580443 0.99999990111449832 5.0000016772832856 0.02857013997265145 0.52741670078986946
-6.7198629672147172 2.2810861031993168 1.0001135317181946 1.0000002753119008 -7.4877012592513397e-08 0.028574669647405265 0.99999990489584767 5.0000016116804309 0.028570128482210813 0.5274064898870906
-6.3646321248045155 3.1386892207192454 1.0001132550978988 1.0000002787922617 -1.1345101136628479e-07 0.028574662030761904 0.99999991493246299 5.0000016039907065 0.028570131929830975 0.52740917724231118
-5.9005006621295095 3.9425884954636152 1.0001131136074748 1.0000002825057848 -1.6006838875256175e-07 0.028574657624697724 0.9999999022120678 5.0000016543593544 0.028570133183184639 0.52740904348179662
-5.3354099971976208 4.6790289879585609 1.000112928098511 1.0000002843052735 -2.1033491536411016e-07 0.028574651627966571 0.99999987783817568 5.0000017242916028 0.028570134606585994 0.52740904961767376
-4.6790289879585654 5.3354099971976154 1.0001128049084427 1.0000002877373773 -2.4257791942811768e-07 0.028574648745358814 0.99999990013444251 5.0000016857114682 0.028570136651257339 0.52740904961768398
-3.9425884954636183 5.9005006621295069 1.0001123511502696 1.0000002913429527 -3.3601024712093322e-07 0.028574633900281116 0.99999983432224548 5.0000018682700533 0.028570139955983308 0.5274090434817984
-3.1386892207192472 6.3646321248045137 1.0001121764905001 1.0000002832717525 -3.627686294154962e-07 0.028574630158412651 0.9999998780116891 5.0000017186904335 0.028570143199994756 0.52740917724231362
-2.281086103199315 6.7198629672147181 1.0001115243341565 1.0000003239991186 -5.2217396377421548e-07 0.02857460906307762 0.99999979184083787 5.0000021377548807 0.028570148190127764 0.5274064898870966
-1.3844530778350685 6.960115493540024 1.0001106695899065 1.0000004414497525 -4.7826240778347863e-07 0.028574580954742763 0.9999996628074711 5.0000030475916919 0.02857015427060787 0.52741670078986591
-0.46413126547390582 7.0812771903039717 1.0001111971685674 1.0000000025988849 -8.3794327925088643e-07 0.028574592237564107 0.99999953014248666 5.0000011850008308 0.028570144451816222 0.52737871972031958
-7.6705265845998607 0.50275269769643849 1.000036556824685 1.0000001774374601 -2.3950086095732776e-08 0.028572471745835316 0.99999995322540292 5.0000010014842706 0.028571009483605671 0.61760732476796432
-7.5392827438227155 1.499656609009137 1.000041511015979 1.0000002063830167 -6.1142251229802834e-08 0.028572612902528008 0.99999993951914856 5.0000011804777102 0.028570952475772373 0.6176518039740192
-7.2790382511033975 2.4709005347664674 1.0000415334006425 1.0000002045836458 -6.2229346054803302e-08 0.028572613542821205 0.9999999395447472 5.0000011714168577 0.028570952220693915 0.61763984609989764
-6.8942478316423168 3.3998667841006411 1.0000414386279288 1.0000002069045548 -9.6705344918402972e-08 0.028572610637262744 0.99999993262319586 5.0000012003253014 0.028570953105992343 0.61764299323159644
-6.3914949203352203 4.2706603701377022 1.0000413271691773 1.0000002088779714 -1.3076982915829255e-07 0.028572607145626521 0.99999992187511644 5.0000012370626106 0.028570954072649861 0.61764283658609886
-5.779381758884016 5.0683817731909588 1.0000411611059088 1.0000002116585154 -1.7145000246429187e-07 0.028572601943086567 0.99999990585013343 5.000001291027834 0.028570955512556936 0.61764284377178924
-5.0683817731909624 5.7793817588840097 1.0000409553184562 1.0000002164073847 -2.1647509720657436e-07 0.028572595695625973 0.99999989297697334 5.0000013469551376 0.028570957496479591 0.61764284377180068
-4.2706603701377066 6.3914949203352158 1.0000405221285771 1.0000002189145021 -3.0160217860597305e-07 0.028572581296175983 0.99999982218892536 5.0000015364610313 0.028570960424455318 0.61764283658613706
-3.3998667841006447 6.8942478316423141 1.0000403497298138 1.0000002255180027 -3.3082250778550287e-07 0.028572578039176472 0.99999988059031875 5.0000014234750338 0.028570964063199325 0.61764299323157212
-2.4709005347664648 7.2790382511033966 1.000038948541877 1.0000002576980398 -5.9290791204391609e-07 0.028572528770436537 0.99999955738478075 5.0000023923902273 0.028570970841584907 0.61763984609990363
-1.4996566090091354 7.5392827438227155 1.0000393246243771 1.0000001969314538 -4.1963984403947256e-07 0.028572554153852708 1.0000000697018656 5.0000008077634712 0.028570981181137343 0.61765180397403696
-0.50275269769643749 7.6705265845998643 1.0000377856341705 1.0000002149507119 -1.0358871729026796e-06 0.028572493583676455 0.99999948875796418 5.0000023502225464 0.028570982170502426 0.61760732476795643
ZONE T="CylinderZone4", I=12, J=32, DATAPACKING=POINT, SOLUTIONTIME=8
0.034448944338808359 0.52558950866491694 0.84963254706405922 0.77756815456924877 0.033326181139325263 0.077635245275071929 3.1981279332437573 2.1760009131109599 0.097529350601807341 0.0037555925766888732
0.10275745369003536 0.51659659468064756 0.61055355462693039 0.81271659316957801 -0.073605044584760262 0.051121450588591175 2.9305386155762534 2.3834676058636513 0.10199758731294241 0.0037558630491547865
0.16930772401403929 0.49876447148121666 0.45769260849851384 0.83208834255384923 -0.18358110521248128 0.033195227210354242 2.5384568803659957 2.6740853330983376 0.099145312779761227 0.0037557903348239938
0.23296110024170452 0.47239837975688026 0.31371355974945775 0.83513632426910911 -0.28574709931912279 0.020524603485212903 2.2898631535012366 2.9165067128067892 0.10402271115958785 0.0037558094721363601
0.29262844745521444 0.43794942078132965 0.22171020509103201 0.82309973278176085 -0.39537181582935182 0.012231663565139014 1.9309360349564579 3.285641248735284 0.10078260275594196 0.0037558085195953583
0.34728884080083233 0.3960070257936914 0.13485592709755728 0.79917892294595461 -0.49619513776193314 0.0066198624676196485 1.7180941995559957 3.5883332807745476 0.1094034234421009 0.0037558085632901153
0.39600702579369107 0.34728884080083283 0.088483991264732317 0.74941075345378694 -0.61131089638350922 0.003419505271572153 1.3525913859444629 4.1578251615945545 0.10194189247825215 0.0037558085632903495
0.43794942078132926 0.29262844745521482 0.04863236312487542 0.69767599324746699 -0.69556212743870449 0.0016102689524364901 1.1588869973489726 4.5757291541419987 0.11096931290028132 0.0037558085195951575
0.47239837975688032 0.23296110024170455 0.025007669294703352 0.6283715058906395 -0.83680827623839049 0.0005078564085297775 0.71078092365608025 6.2062430852522006 0.088805207330214589 0.0037558094721364338
0.49876447148121622 0.16930772401403973 0.018879105152355611 0.49489456314138569 -0.65941984475633009 0.0011605166535964683 2.1514834789679087 2.8104589928790222 0.30079970740837303 0.0037557903348242527
0.51659659468064767 0.10275745369003603 0.019928645706678291 -0.011019631315108252 0.071827408108305041 0.0028140288340434182 4.9421827522642729 0.16343783567963407 0.67617582925590813 0.0037558630491547262
0.52558950866491672 0.034448944338808234 0.02870263453147185 -0.099447406550035464 -0.02306282940858442 0.0056141668975034581 6.8459165652443232 0.195084644330413 0.80945899505086105 0.0037555925766888181
0.038155330054847905 0.58213804693815907 1.1925068755715111 0.74257868908581504 0.10252002478171759 0.12295127783749732 3.6086120825983006 1.9730693621609057 0.096092125173732293 0.0044987895583587546
0.11381319910933078 0.57217757912672307 0.89200479311508107 0.79139317093738681 0.020890999205440467 0.084659730862803234 3.3218325730311897 2.1718243459636279 0.099348844487795088 0.0044991135548203276
0.18752365898519813 0.55242688547523389 0.68096680282212496 0.82782557853594818 -0.073997177803996728 0.056565375622442945 2.9073196174767766 2.4371967539659387 0.096866667425206721 0.0044990264509971985
0.25802554592795446 0.52322404773064968 0.48213974981264801 0.84780170106080699 -0.16797412470995418 0.036607077396101355 2.6574197792417111 2.6509118749651139 0.10165364223921028 0.0044990493754064166
0.32411254424168678 0.48506870146428205 0.35067931627004179 0.85229538784152625 -0.26968207299363373 0.023183607473307426 2.3138697466952931 2.9383996040044345 0.10053257429188885 0.0044990482343659046
0.38465388706246961 0.43861369522940913 0.25011309505545032 0.84241348297161933 -0.36756776334923463 0.014280883934661511 1.9984197031931039 3.2508355749286242 0.099394896734934221 0.0044990482867079502
0.43861369522940874 0.38465388706247011 0.15923864653672906 0.81865373019309828 -0.46769281421271253 0.0082039374219005576 1.8031917232926507 3.5106129847267908 0.10743714780426182 0.0044990482867079407
0.48506870146428183 0.32411254424168717 0.11008357885723963 0.77899356606767078 -0.56414781526056013 0.0045494650806073697 1.4464580394832123 3.9986183420968309 0.099896156637379205 0.0044990482343659662
0.52322404773064968 0.25802554592795462 0.064352114333328186 0.69061599143932395 -0.67044793878335329 0.0024188226178463328 1.3155557111414466 4.1959140410230846 0.11262014241830644 0.0044990493754064505
0.55242688547523378 0.18752365898519865 0.039988622273786627 0.71431004502682205 -0.72236789156712289 0.0011475135369439918 1.0043600271010718 5.0684661382676843 0.10400322327222775 0.0044990264509970172
0.57217757912672296 0.11381319910933144 0.033240536203816215 0.49347519151204733 -0.4078566379628043 0.003613521348689979 3.8047896187696404 1.6410620105356788 0.42422415743957587 0.0044991135548203606
0.58213804693815929 0.038155330054847753 0.039571032679334789 -0.014386117809362331 -0.24900637553110888 0.0070677470510335265 6.2513189516577601 0.49879057564562629 0.65005882763957301 0.0044987895583589047
0.042162889040988347 0.64328160297155401 1.4292771122387289 0.7024817896197999 0.15320331008338686 0.15603143597816418 3.820882743246262 1.8391333720268308 0.09463441254410293 0.0053749747213132438
0.12576731163243918 0.63227495990160221 1.1307936330532011 0.75946382344323371 0.086981272086069913 0.11328812538088645 3.5064615401474089 2.0411380333375475 0.095377886394673442 0.0053753618193910727
0.20721978331696972 0.61044979671435606 0.86220624722794859 0.80716464611144845 0.0073488518104327495 0.078585200538937125 3.1900511331271053 2.2597027416249724 0.096713062185556739 0.0053752577512096436
0.28512667685123383 0.57817970481010705 0.64775168249228188 0.84116084557085113 -0.082718104986566898 0.053120456193852847 2.8702603406113205 2.4944695880421599 0.097564051430314103 0.0053752851403815029
0.35815497389252332 0.53601679785485878 0.47019188131687867 0.86013628802298059 -0.17778054721871456 0.034672741278652823 2.5809589482335453 2.7335727281765991 0.099724760638668836 0.0053752837771118087
0.42505514003119316 0.48468249487638121 0.34724024849452134 0.86322499001943231 -0.27816264526126211 0.022212352370226156 2.2388888831513243 3.0306102900834926 0.097659044923201432 0.0053752838396479959
0.48468249487638088 0.42505514003119371 0.22932531589760372 0.85355956838430191 -0.37598651365868047 0.013428841080058512 2.0495314067970898 3.2575029530620245 0.10553724033109627 0.0053752838396478935
0.53601679785485845 0.35815497389252382 0.16385134122635545 0.82896269997228433 -0.47647979060742629 0.007889735977992517 1.6853127772491256 3.6825889147976483 0.099273302398058538 0.0053752837771117801
0.57817970481010705 0.28512667685123394 0.10526515701152271 0.75451052581028655 -0.57509950562026169 0.0047459702484095216 1.5780051370727473 3.7760977051027593 0.11094979694969619 0.0053752851403815567
0.61044979671435584 0.20721978331697039 0.061613749489460488 0.75581055616780857 -0.66556139452300422 0.0019884662654582742 1.129558252731615 4.7378587427115493 0.098394207848307602 0.0053752577512096323
0.6322749599016021 0.1257673116324399 0.061758412653079749 0.56584011663627165 -0.55059315078062565 0.0041479826239165319 2.3507630045370931 2.5746834891013477 0.20457961333232241 0.0053753618193910927
0.64328160297155423 0.042162889040988187 0.071668703424480951 0.14404698324751219 -0.27766509202794487 0.012130744724963777 5.9241488214286244 0.64258672690620988 0.48576486232259325 0.0053749747213133322
0.046496093335588719 0.70939354805017352 1.6269399016960988 0.66843589323379826 0.18679539277761847 0.1821680122325374 3.9189403460816958 1.7529663446478725 0.092162024151208458 0.0064090998985408577
0.1386927886877766 0.69725571985262103 1.3219503334911649 0.72689625006234693 0.13216305716038973 0.13675275921843119 3.620670494443778 1.9413787125099424 0.09251984648447456 0.0064095614728512888
0.22851637079991813 0.67318752036012119 1.0240653384492253 0.77933192288281949 0.065614816154511355 0.098353094280795486 3.3614635384556664 2.1328587856051509 0.095132584215494365 0.0064094373823382544
0.31442998525203647 0.63760093606156043 0.7919336520745579 0.82377399389230721 -0.017698986657068067 0.068543487165790756 3.0293220170468045 2.3670398871072327 0.095017123393575612 0.0064094700410851487
0.39496361548003045 0.5911048229706104 0.57935127754717297 0.85461051844703684 -0.10601808259228417 0.045894230405146612 2.772580513302449 2.5859044910961781 0.09854607582663423 0.0064094684155273311
0.46873930874255898 0.53449474247341466 0.43651698362260627 0.86992294604280129 -0.20508381365320455 0.030271873577286126 2.4272035541287633 2.8684204543057974 0.096613473699004235 0.0064094684900951725
0.53449474247341433 0.46873930874255959 0.29707753243079771 0.87185770959383835 -0.30309123833259027 0.01886883803610134 2.2230201158686134 3.0954097565065415 0.10321134213116828 0.0064094684900952116
0.59110482297061029 0.39496361548003101 0.21507327323024406 0.85930570820848085 -0.40336292624647757 0.011494040258214369 1.8704853586437382 3.4704137733725244 0.098821556790366805 0.0064094684155273814
0.63760093606156032 0.31442998525203658 0.14547854404074648 0.79863667247616998 -0.50063867313124488 0.007282187364981001 1.7519872719776743 3.5606015515499227 0.1082289199380803 0.0064094700410850438
0.67318752036012086 0.22851637079991879 0.08982501005396136 0.79699569281589333 -0.59335752130307273 0.0034859890971010296 1.3583034190190459 4.2627585997467321 0.10175829935556087 0.0064094373823382639
0.69725571985262103 0.13869278868777735 0.082520165408491386 0.60389910380418155 -0.52659466974015146 0.0056447105966706945 2.3941405073159472 2.5891748080474177 0.18554854574370874 0.0064095614728513607
0.70939354805017385 0.046496093335588538 0.10481452176976923 0.21034913538246144 -0.17699205265011736 0.018139708482074458 6.0572694077338518 0.55848914142539785 0.4266190687369768 0.006409099898540876
0.051181404310397118 0.78087760483207302 1.821836157891279 0.64324665666180969 0.21208125704605277 0.20540208762658754 3.946059050480883 1.704801245199224 0.088693503244480817 0.007628195136148941
0.1526685616688635 0.76751667388363209 1.4800978248314769 0.69981211822828859 0.16441276561008347 0.15652161177695767 3.7012799522445206 1.8682804861176101 0.090399852705823 0.0076287445079746977
0.2515434722878776 0.74102317387368466 1.1687541569521585 0.75307801793408191 0.10729623372321982 0.11560886996789088 3.4620714891452042 2.0441173889414443 0.09293487522085972 0.0076285968138110919
0.3461144162444913 0.70185060628042939 0.91999980406767035 0.80233088608948699 0.033342789797144952 0.082827859248979771 3.1510605304870958 2.2618814338136253 0.093083693617803651 0.0076286356846818077
0.43476324657811594 0.65066918022396592 0.6825041975649796 0.84123807811716833 -0.048530672195261464 0.056816384365441633 2.9136428138986719 2.4682676811570121 0.096989816028859394 0.0076286337499216145
0.51597315722364445 0.58835462409429196 0.52079023123209778 0.8674355527047457 -0.14468718407924133 0.038236925908834929 2.5697340793625552 2.7429762605299106 0.095313629691877122 0.0076286338386732499
0.58835462409429151 0.5159731572236449 0.36304572158903536 0.87927225516774921 -0.24047943421060619 0.024453902696521739 2.357517366486019 2.9684518907172248 0.10101882844090568 0.0076286338386731935
0.65066918022396558 0.43476324657811649 0.26653767407336393 0.87581225884183911 -0.34201681463511518 0.015384608516098854 2.0202070846717586 3.3075296543724835 0.09795450278430605 0.0076286337499216015
0.70185060628042917 0.34611441624449152 0.18344345810276538 0.82918142458471444 -0.44057365619239203 0.0098349827013021838 1.8764604513141177 3.427264786237076 0.10565023811057057 0.0076286356846819187
0.74102317387368444 0.25154347228787827 0.11784595492990121 0.83048962767164558 -0.53389096027431515 0.0050945418985462801 1.5130681945504363 4.0131736259324091 0.10168680134789275 0.0076285968138110356
0.76751667388363209 0.15266856166886436 0.10644764065925962 0.66105577678123584 -0.4657295626814828 0.0080786386038955195 2.6562575655659848 2.4807909600973841 0.18592925299935012 0.0076287445079745728
0.78087760483207336 0.051181404310396902 0.13832458794933239 0.31482458178249367 -0.081951565616502492 0.023774521379320374 6.0156206480257435 0.66318602229389745 0.37918630478519666 0.0076281951361493244
0.056247433382235368 0.85817029933563294 2.0369088273730478 0.62830479591071542 0.23407983091057655 0.2260999595826744 3.8850529148347919 1.7008479985644567 0.083510341240866037 0.0090644524153286141
0.1677799753197991 0.84348687898848107 1.6443460234836311 0.68025684459876756 0.19136620154829548 0.17441142307348284 3.7123572009462285 1.8338192302082355 0.086932952195678898 0.0090651052243718253
0.27644170555465519 0.81437100385863315 1.2993541080813726 0.73178662676791806 0.13854232708031958 0.13034861212535881 3.5111301770594676 1.9873658853563576 0.09034162083279812 0.0090649297219505334
0.38037345462966349 0.7713210638306075 1.0314896960797633 0.78181083182043265 0.071885392969793613 0.09524317057851181 3.2317443202753551 2.1836413138451949 0.09119751250685286 0.0090649759115342971
0.47779690843651257 0.71507360654984031 0.78083046309213033 0.82458182885570575 -0.0033550520863920383 0.067033189522734099 3.0047004333407341 2.3785197901765116 0.094778632086936501 0.009064973612492153
0.56704512466968304 0.64659104160514647 0.59795214744088476 0.85858813380293664 -0.094389263744505528 0.045903640907485277 2.6868829503192173 2.6347485749483597 0.094300529572718089 0.0090649737179540613
0.64659104160514591 0.5670451246696836 0.42734855170294361 0.87892726868547622 -0.18735427754446718 0.030077500338780497 2.4633580868611418 2.8629143564902759 0.098888686715830995 0.0090649737179541758
0.71507360654983954 0.47779690843651323 0.3165914223063156 0.88318502578614444 -0.28945962470822428 0.019330370282489857 2.1370223938607324 3.1788697753693538 0.096725586482135278 0.0090649736124922171
0.77132106383060728 0.38037345462966365 0.21856405126452899 0.85387620518967122 -0.38826045758609101 0.012296003751853421 1.9690343785750035 3.342318714180585 0.10336030021752099 0.0090649759115342728
0.81437100385863304 0.27644170555465597 0.1427614947701244 0.85639082986285731 -0.48585335701794319 0.006602930245912712 1.6188017555788787 3.8693483970312776 0.10075838276850652 0.0090649297219504172
0.84348687898848085 0.16777997531980005 0.13354915646824947 0.72692149189319932 -0.41848360619450864 0.010286165949994991 2.6957550117907676 2.5543195958598437 0.17232802777142589 0.0090651052243720231
0.85817029933563271 0.056247433382235111 0.17904040080430481 0.43152245128667038 -0.045651643925406403 0.02934532346230799 5.7366176320113933 0.90586243824830637 0.32614253534525478 0.0090644524153283487
0.061725116868924221 0.94174362872637973 2.2664977330800626 0.62225185165538188 0.2543033363108223 0.24365526473802868 3.7626043619456819 1.732731640158705 0.077495840902718591 0.010755486020047495
0.18411930931146525 0.9256302563916039 1.831002611959341 0.66829322165301996 0.21512334874894756 0.19062978451853566 3.6439284179745526 1.838915615954354 0.081738414171706242 0.010756260614939794
0.30336311466604576 0.89367891768930374 1.4451642311182704 0.7157962840310379 0.16626309780878309 0.14471815340742986 3.5048856419541781 1.9626057615742201 0.086424908185084276 0.01075605237137987
0.41741630735932717 0.84643653844379452 1.1359793251259471 0.76466800907890764 0.10419570002477227 0.10670985156746389 3.2877753303334352 2.1280742143885272 0.089265967752486131 0.010756107177936267
0.52432739130402584 0.78471139534896828 0.87340938755401676 0.80904306390821723 0.033103755180507635 0.07643710341854644 3.0630522810347474 2.3132772430293671 0.09238452356240498 0.010756104449992464
0.62226708821249543 0.70955962271661988 0.67189012642589607 0.84709828775693774 -0.052376074574187942 0.053256682953959966 2.7742391621915732 2.5477711680981434 0.092930131260517884 0.010756104575129202
0.70955962271661943 0.6222670882124961 0.4879514841819631 0.87390743113866487 -0.14282567466068963 0.035623004628936507 2.555182638262921 2.7698003138798968 0.097275449582486961 0.010756104575129226
0.78471139534896783 0.5243273913040265 0.36171418755090651 0.88664756970653158 -0.24305829906585813 0.023195499456215497 2.2444308463740508 3.0683301901867326 0.096314565004268937 0.01075610444999257
0.84643653844379441 0.41741630735932733 0.25252344747451022 0.87289903640285904 -0.34209216380039259 0.014819476834679433 2.0539941690701879 3.2708440830215522 0.10176782167181195 0.010756107177936109
0.89367891768930341 0.30336311466604671 0.16629344506747051 0.87074278505149394 -0.44832277147484623 0.008092879049028643 1.7033188909040702 3.7520922481598777 0.099741952825514846 0.010756052371379818
0.92563025639160346 0.18411930931146631 0.15411160589539608 0.77880124296961051 -0.4049252155286121 0.010981401446781114 2.4939656426162626 2.7791367078986986 0.15055260829289491 0.010756260614939761
0.94174362872637996 0.061725116868923971 0.21260871737228815 0.5343147117322774 -0.062764024574738148 0.032296415879104243 5.3166895908404186 1.1666008127246015 0.28218948981278852 0.010755486020047835
0.067647904905641265 1.0321079436246356 2.5466604573736831 0.62004137211854238 0.27957673088208518 0.26671669888046684 3.6656180151268569 1.776257802954831 0.072059417041168194 0.012745348818361004
0.20178634175847174 1.0144484245389631 2.0306511856412115 0.66338754484868223 0.23546735016199194 0.20523778253679659 3.5374477074137851 1.871367354644188 0.076132107661320253 0.012746266720357337
0.3324720984552666 0.97943121871121186 1.6049541422038396 0.70615729452395426 0.18818619497520156 0.15718879388379525 3.4278909505598754 1.9735879221197239 0.081053897421251991 0.012746019949843644
0.45746918108346124 0.9276557318295432 1.2479041761097269 0.75085109975144004 0.13101495074688579 0.11723174560006809 3.2880017314001324 2.1016988276664512 0.085978823564460169 0.012746084896112111
0.57463883918889824 0.86000779818151307 0.95971012459680016 0.79521303465633986 0.063300284832798273 0.084937012213090454 3.097597230797561 2.2662750470639441 0.089970653067696804 0.012746081663473867
0.68197626743582751 0.77764489266738868 0.74240389521434913 0.83545347222940347 -0.017596238278406437 0.060111866140687871 2.8339227828206255 2.4819588231005016 0.091214497934816022 0.012746081811761834
0.77764489266738812 0.68197626743582829 0.54494500089467535 0.86665890645149568 -0.10513046371336025 0.04093199524167198 2.628925542199481 2.6921615008021162 0.095756700455134389 0.012746081811761819
0.86000779818151252 0.5746388391888988 0.40361019939226722 0.88649084123359179 -0.20266280927286529 0.026998698283417114 2.3412551029303894 2.9715440296289768 0.096160306753090258 0.0127460816634739
0.9276557318295432 0.4574691810834613 0.28638967405743165 0.88534263652760326 -0.30166178326499293 0.017470481957662293 2.1350869925218041 3.2005484202575079 0.10059226538175506 0.012746084896111967
0.97943121871121142 0.3324720984552676 0.1902214218541789 0.88234939441344606 -0.41148472394673857 0.0096786088462959413 1.7808262915960105 3.6478028057461822 0.098821114038954064 0.012746019949843757
1.0144484245389627 0.20178634175847288 0.17228928399040364 0.80676655858996382 -0.39382687703428354 0.011457862871655027 2.3276270630206599 2.942207189739217 0.13438229312159267 0.012746266720357445
1.0321079436246356 0.067647904905640988 0.24521330990196125 0.58765014142472893 -0.090131157099630488 0.034529319873517754 4.9284689920800657 1.3390039619651648 0.24707361457195248 0.012745348818361245
0.074051965712207374 1.1298150646231577 2.8561786433219987 0.62362178437741678 0.30591922858545167 0.29196088188423469 3.5777281925453988 1.8361612074892202 0.067177703368319505 0.015085622032438521
0.22088895852625301 1.110483762291617 2.2635620257786413 0.66123316781114383 0.26014296241495044 0.2248984277727317 3.4774593645283871 1.9052116697684518 0.071660042287900877 0.015086708477602682
0.36394641444426912 1.07215156369787 1.7765485134762986 0.7022110949761583 0.20958899628505867 0.17006431105596101 3.3504578318702598 2.0017801502021251 0.076068575560176127 0.015086416395624009
0.50077666350845129 1.0154746187925972 1.3770221346343257 0.74268130073510474 0.15421880578332889 0.12738786529029442 3.2378384982437831 2.1077148292575232 0.081397444477464748 0.015086493267184706
0.62903848501848181 0.9414226216170295 1.0515111236720855 0.78393374832356211 0.089323150435373797 0.092817430636386519 3.089468095685751 2.2444428416282474 0.086514743053216103 0.015086489440976368
0.74653728364742933 0.8512626223739328 0.80991530964246627 0.82420671684393176 0.012330583339813215 0.066344071661459642 2.867018906858898 2.4341059116301951 0.089122358236386687 0.015086489616493014
0.85126262237393213 0.74653728364743022 0.60102565718501288 0.85802594755687378 -0.072346810639150091 0.045881967695046377 2.6718807232829715 2.6339057760319378 0.093581891281429602 0.01508648961649315
0.94142262161702894 0.62903848501848258 0.44611016019873762 0.88270982868358394 -0.16743777339116897 0.030649867091905682 2.4046646832840031 2.8969203840649089 0.094887637853855969 0.015086489440976672
1.0154746187925974 0.50077666350845151 0.32150274855044469 0.88836363919620109 -0.26650815981431958 0.020248403339718824 2.2043174415683402 3.1234663656938069 0.099159017976641575 0.0150864932671846
1.0721515636978696 0.36394641444427023 0.2158679465052003 0.89240410159762606 -0.37537195697894393 0.011467337096361038 1.8592700048647899 3.5500590416736841 0.098084222764127857 0.01508641639562391
1.1104837622916168 0.22088895852625423 0.19300286400995212 0.82127278137827442 -0.37301197703017097 0.012699982916512328 2.3030715315483601 2.9718640904683906 0.12706147181175917 0.015086708477602654
1.1298150646231579 0.074051965712207055 0.27696794526806018 0.60751276415240907 -0.095308762566365585 0.036948430559925208 4.6691145684039279 1.4229444964747311 0.22294343232059394 0.015085622032438949
0.08097640645868534 1.2354616520461781 3.1436304057160775 0.63926950879748756 0.3235191148469273 0.30302124313487327 3.3737246844407474 1.9503545129608075 0.06096337507782678 0.017836695028522066
0.2415438120491234 1.2143227210276795 2.5367653869389746 0.66442354676197846 0.28439103741270033 0.24439764727629709 3.3719782245849368 1.9678998013129287 0.066390294660274018 0.017837979602072309
0.3979782643414963 1.1724061606240628 1.956689757221248 0.7002030546172674 0.2305919926237178 0.18338568296228375 3.2802844054431248 2.0351519570640644 0.071653047587301011 0.017837634254882963
0.54760321700143388 1.1104294759628841 1.5132247155897585 0.73845929571844882 0.17436113448432791 0.13713057739839757 3.17174980981319 2.1302358343769443 0.076783783524749516 0.017837725145041498
0.6878585267941818 1.029453035098767 1.1518772067121028 0.77646401872094961 0.11217741768140224 0.10061387711294752 3.0571710896917335 2.2434539319099289 0.082544706236552079 0.017837720621071043
0.81634438648306773 0.93086236738580674 0.87725830793928405 0.81478871415252951 0.038144701953105542 0.072119035713947788 2.8773352437692825 2.4043360833916587 0.08663062058021033 0.017837720828595676
0.93086236738580597 0.81634438648306873 0.65543077556759899 0.84929528824761358 -0.044150229378937415 0.050323719702387366 2.6872863670440403 2.5939271213952173 0.090914922558408412 0.017837720828595454
1.0294530350987663 0.68785852679418269 0.48888064306562956 0.87648318886896304 -0.13598542431061089 0.034019547479333882 2.435531407120358 2.8417233873884054 0.092649814399654626 0.017837720621071348
1.1104294759628839 0.54760321700143422 0.35580277596941617 0.88670767458686506 -0.23555072603747937 0.022928606913311018 2.2554664980679351 3.0544949754550945 0.097428183154032871 0.01783772514504155
1.1724061606240623 0.39797826434149741 0.2405890825565378 0.89753584561178423 -0.34256260182651144 0.013244233728704372 1.9267215913934799 3.4605289535016892 0.097328617370527087 0.017837634254882516
1.2143227210276792 0.24154381204912473 0.21691977079638083 0.83109645535466015 -0.34082102587360324 0.014643489454334519 2.3627266822150284 2.9219165922796835 0.12440154874300702 0.017837979602072583
1.2354616520461787 0.08097640645868498 0.30677281786399663 0.62281222234951483 -0.080512182435781163 0.039628614850985115 4.521266023428983 1.4767123774055368 0.20723603135538618 0.017836695028522042
0.088463512078032866 1.3496928495276668 3.0703147115083169 0.6924788394978455 0.31939021732066214 0.26818517013266258 3.0571722532383578 2.1807141696555266 0.0557671830907292 0.021069261828179781
0.26387703368244331 1.3265994058784256 2.8601497557351663 0.67802747894374116 0.30697871798419707 0.26219747530120047 3.2085423525293839 2.0775630846915081 0.060212162243368998 0.021070779206619889
0.43477546774480696 1.2808072262831653 2.2060767488989477 0.70232068168384476 0.25734577590191438 0.20067858733398286 3.1838196711783207 2.0959866760931543 0.066287581006369584 0.021070371271722083
0.59823479356165188 1.2131001566334654 1.6611556303520085 0.73682651722282655 0.19510093694577899 0.14698597654340362 3.0969459330534259 2.165623327518245 0.072227311668961361 0.021070478634018994
0.7514581561986361 1.1246366069688629 1.2558942441781478 0.77268244377504336 0.1324164324726807 0.10793117256731601 3.0078894408339663 2.2600890441931614 0.078453549482873169 0.021070473290164416
0.89182386143949999 1.0169302131508484 0.94771902522954665 0.80870056369801568 0.061483911418388895 0.077790315818461631 2.8728568049080407 2.3925020267059947 0.083863714821887217 0.02107047353529827
1.0169302131508475 0.89182386143950088 0.70564117465374598 0.84298653130554635 -0.018926885312012507 0.054411412985026886 2.6988213285594007 2.5663330058610012 0.088648731206265194 0.02107047353529844
1.1246366069688625 0.7514581561986371 0.5262814998757821 0.8712897549768841 -0.10752662723727255 0.036868309148710768 2.4519022978140539 2.8032595123117696 0.090562389988734115 0.021070473290164021
1.2131001566334649 0.59823479356165199 0.38521348757591756 0.8850703076950841 -0.20704820538028831 0.025157371476600094 2.2857662806466919 3.0060868710496238 0.095649605678834529 0.02107047863401942
1.2808072262831649 0.43477546774480813 0.26280586729581173 0.89918091045804716 -0.313380029927322 0.014814804259223534 1.9730082659902073 3.3895757754325877 0.096207036717455591 0.021070371271722035
1.3265994058784256 0.26387703368244486 0.24143472203582186 0.8386182213281379 -0.30855319207999915 0.016718516769807297 2.4236285542997651 2.8699247940970496 0.12225823599174999 0.021070779206619764
1.3496928495276668 0.088463512078032519 0.33458409272954703 0.64523015674511119 -0.06434191954269898 0.042193323457349878 4.4137373878134589 1.5432278471003449 0.19540529595998524 0.021069261828180877
0.096559003484147948 1.4732062236587791 2.2973613482805901 0.78040199246166542 0.24330858504137826 0.16685397379545028 2.5419984892866885 2.5635639427686496 0.052073350294196089 0.024866071266901414
0.28802500393896041 1.4479994479677907 2.9203614908748015 0.70522240609367604 0.3175423001499445 0.2528979421248943 3.0309357224041205 2.2212354289052905 0.056407134398155062 0.024867862086186285
0.47456273121692699 1.3980167248628654 2.4440722915527284 0.71278169663694835 0.28383865071873815 0.21471479602765009 3.0747936053310969 2.1876624440091232 0.061447229484619691 0.024867380638933071
0.652980581020841 1.3241136317046385 1.838021655511952 0.73820254107152949 0.22067383833189852 0.15858466982131492 3.0198030699152669 2.2168803159866139 0.067634818484296963 0.024867507348571731
0.82022575204306802 1.227554587194291 1.3664300961186038 0.77176968279007219 0.1520885210437618 0.1143987844962481 2.9302321900802819 2.2976288613840965 0.073892272561454558 0.024867501041720273
0.97343663303829675 1.1099917433546196 1.0206169658662669 0.80592776238959962 0.082164632776702634 0.082447458645060825 2.8273692737227178 2.408907959454786 0.08012524616042084 0.024867501331029336
1.1099917433546183 0.97343663303829775 0.75459368515670799 0.83928671525747445 0.0041062092045447227 0.058027666059247578 2.6914727089288504 2.557941220083122 0.086067000952543493 0.024867501331029444
1.2275545871942903 0.82022575204306902 0.55843486963419198 0.86843547814602007 -0.081257951588259714 0.039307861658700427 2.4636268818656668 2.7785162851982874 0.088862367348741977 0.024867501041720527
1.3241136317046382 0.65298058102084122 0.40994744732504995 0.88562159351055392 -0.18008837402507519 0.026961526736585618 2.3018887931650909 2.9783407364030654 0.093956108351593112 0.024867507348571131
1.3980167248628652 0.47456273121692838 0.28217699882219371 0.90121859061665044 -0.28631737585912187 0.016129254631386609 2.0006021534668585 3.3427224183966144 0.094816527079061047 0.024867380638933057
1.4479994479677905 0.28802500393896197 0.26451779767433009 0.84584409265965488 -0.27851748159725881 0.018625453837312109 2.4644499891846285 2.836306917454301 0.11985882235468616 0.024867862086186521
1.4732062236587795 0.096559003484147601 0.36104166237819557 0.67147940657002803 -0.051493890227505848 0.044416997828502697 4.305860193851438 1.6227291100938719 0.18491364213678915 0.024866071266901511
0.10531231677214656 1.6067560237624188 1.6700610316910638 0.89831624652290865 0.12102921412963523 0.069691293250859654 1.4605425879166025 3.7501482133796222 0.033990162758351157 0.029323973742269648
0.3141351853128666 1.5792641913015584 2.6182607723238944 0.76997126721906539 0.28261866406204317 0.20003605484717954 2.6740124537118173 2.5078894358021198 0.051986457218605842 0.029326085613386944
0.51758302048318883 1.5247504103093537 2.6580323300092914 0.72958411968223602 0.29952516155614545 0.22388744089328791 2.9480681384203549 2.2966739213328609 0.056969888518675772 0.029325517853950375
0.71217489113603505 1.4441478183573935 2.0382994742184337 0.74462515425155917 0.24655869906188838 0.17174154151520327 2.9490043159582688 2.2838147237712056 0.063372401826524483 0.029325667279649605
0.89458125194935989 1.338835456839921 1.4892217117477089 0.77344730148454155 0.17412723433581923 0.12186177586739333 2.8640209293282797 2.3423334696536395 0.069778945118288832 0.029325659842128971
1.0616810795170506 1.2106152494606011 1.0971624496737291 0.80621770082085065 0.10208389363162329 0.086542589144611215 2.7607494384847722 2.445472054533786 0.076006472019599564 0.02932566018330459
1.2106152494606002 1.0616810795170517 0.8050496647907498 0.83765989663208995 0.024703930674170722 0.061158280276952311 2.6588916200464232 2.5696631289834899 0.082852100246720961 0.029325660183304129
1.3388354568399201 0.89458125194936089 0.58811211259681995 0.8658763672816836 -0.057972762972168752 0.041406859998224924 2.4642241969963683 2.7641207085583295 0.087061896677415748 0.02932565984212936
1.4441478183573937 0.71217489113603538 0.43193115267822524 0.88602698991505169 -0.15566300762459626 0.028496527714854163 2.3091144567427362 2.9600243397309889 0.092302104917325864 0.029325667279649671
1.5247504103093537 0.51758302048319027 0.29881207462299203 0.90371195174727059 -0.26111516790458517 0.017236809506462211 2.0189556692124175 3.3101519053279622 0.093518919862607325 0.029325517853950496
1.5792641913015577 0.31413518531286838 0.28516332702954494 0.85316026819093216 -0.25073699094248142 0.020287930913244625 2.4900732804968255 2.817629899837641 0.11751860162256902 0.02932608561338686
1.606756023762419 0.10531231677214613 0.38425540108086914 0.69725635948312414 -0.042345183650246136 0.046022745231525296 4.1919933379509535 1.7058923484728112 0.17559192808798813 0.029323973742269714
0.11477690510584242 1.7511577878077371 1.1406267532892764 0.97156739286292737 0.030424732575202961 0.037784529875648766 1.1594139278583431 4.5137397618425794 0.031427732489371939 0.034556314759695589
0.34236702277731312 1.7211952198739886 1.9852413251748318 0.84646954485641601 0.20129088643006196 0.11966576218358649 2.1097191655702563 2.9951174369257108 0.045817488711683931 0.03455880345661326
0.56409904413105039 1.6617821971651596 2.6879658206093722 0.76250934554858796 0.30202999711034562 0.20952351582383011 2.7282054667007989 2.4826966481464523 0.052485523598123265 0.034558134390613608
0.77617920110464822 1.5739357198364807 2.2600074719220946 0.7582792750837537 0.26842225848438056 0.18212481738737671 2.8205077554043299 2.3948109641086388 0.058158782223637517 0.034558310478668641
0.97497871674981407 1.4591587659639764 1.6416873857166234 0.77688996247556596 0.19806030871726144 0.13058130755007624 2.7839318247744087 2.4025579790423985 0.06523405378157815 0.03455830171405528
1.1570960762362219 1.31941520105059 1.1800600686836884 0.80717144160119414 0.12094448158084439 0.090576142198120338 2.6864437308884508 2.4898215579628529 0.071836978706339427 0.034558302116106505
1.3194152010505891 1.1570960762362232 0.86082559146169124 0.83760145419663079 0.043409080589812105 0.064134625412872417 2.6076268054124396 2.5969713447552651 0.079106346097885527 0.034558302116106603
1.4591587659639762 0.9749787167498154 0.62084577459539125 0.86390342518856178 -0.036694857888924279 0.043462842095066227 2.4502050814674226 2.7620109865830056 0.084711212977285122 0.034558301714054697
1.5739357198364803 0.77617920110464855 0.4529814595208384 0.88556957644138568 -0.13369408568199329 0.029851579832101276 2.3065078516140787 2.9485523752168135 0.090459612438745465 0.034558310478668641
1.6617821971651592 0.56409904413105205 0.31293202855195168 0.90533214855119903 -0.23829026109643714 0.01809947171798286 2.0243421946673315 3.2898897383803138 0.092052561400161464 0.034558134390613532
1.7211952198739882 0.34236702277731507 0.30507816526054155 0.85765838049625731 -0.2229807485847623 0.021887665174354337 2.5110557474322608 2.7961415868638926 0.11535166306039428 0.034558803456613489
1.7511577878077371 0.11477690510584203 0.40103646104567287 0.71877113787484836 -0.037562809755780378 0.046585400791163897 4.0656877474877344 1.7847848144217024 0.16741425454268033 0.03455631475969622
0.12501056513594222 1.9072933225911521 1.0395087331622639 0.99303776264775145 0.0069753270221768636 0.030574450469555575 1.0294341270700671 4.8938110920242064 0.028960046894136764 0.040695733978745603
0.3728929174543783 1.8746592526372017 1.5610422492819185 0.9278475548930103 0.1009837636422144 0.057975438057416749 1.2998625314597265 4.093124931921067 0.031078748253905112 0.040698664827952293
0.61439485787178483 1.8099488865716928 2.3798517979523295 0.82206376342958354 0.2613967343357842 0.16129764787080558 2.3721719454863028 2.8003838160496897 0.047913528674442922 0.040697876892893503
0.84538436096859959 1.7142699016231702 2.467098485529275 0.77725427266361147 0.27986600790768473 0.1881802551661414 2.6696578845525947 2.5280016859653629 0.053151187472919255 0.040698084265487551
1.0619091032644152 1.5892592833724668 1.8440450502090575 0.78424317301491175 0.22329980375997355 0.14169079892963821 2.6892932776990035 2.4861603656024927 0.060153584503353369 0.040698073943715468
1.2602642863865507 1.437055998157343 1.2832779910965471 0.80805445349374527 0.14181106001122523 0.095907197233381994 2.6157636325983722 2.5362870995099409 0.067639775135741514 0.040698074417197853
1.4370559981573421 1.2602642863865523 0.91677087654195799 0.83801411324450437 0.059765545168440029 0.066780109796020518 2.5494961720525104 2.630848406906392 0.075419213129167731 0.040698074417198117
1.5892592833724657 1.0619091032644166 0.65506346307688335 0.86345460224481341 -0.018239508154421546 0.045449570992220578 2.4283677425335046 2.7710806041717837 0.082173741326865599 0.040698073943716023
1.7142699016231697 0.84538436096859992 0.47376909169678605 0.8858029591247667 -0.11346660168307997 0.031156705229198084 2.3017218746057244 2.9431662565490448 0.088666203130208163 0.040698084265487426
1.809948886571692 0.61439485787178671 0.32564385250943323 0.90686752977224572 -0.21761354151575843 0.018837068036163404 2.0245964279350908 3.2771896707754991 0.090609402961049038 0.040697876892892386
1.8746592526372017 0.37289291745438041 0.32680924985969773 0.86010210587365821 -0.19386027286445912 0.023687426373445647 2.5368312633476044 2.7677992842067547 0.11337199821339344 0.040698664827952626
1.9072933225911526 0.12501056513594166 0.41401645508202223 0.73717113216790819 -0.032050171325748236 0.046695254241197214 3.947509517206405 1.8568927077334976 0.16049004574835429 0.040695733978747303
0.13607578994226679 2.0761160885959504 1.0104665060205393 0.9982677894972849 0.0013907438510088923 0.029048704151295939 1.0061735229858624 4.9760076728349292 0.028628333775420678 0.047897438395240674
0.40589927940332193 2.0405934362250413 1.1417145695426214 0.97557316989522247 0.030600183495017641 0.03702015992956377 1.1348769917911874 4.5810917653763976 0.030750892861473339 0.047900887901013711
0.66877759916095669 1.9701552762963837 1.9037995317664029 0.87725775380254667 0.18701906048792527 0.10507591272671249 1.9317459008616067 3.2268107349397512 0.042661239470072804 0.047899960529339147
0.92021298038725607 1.8660073313320009 2.479851832602098 0.80684972489750728 0.27796404292388605 0.17663689731200138 2.4930083798214717 2.7024302306675172 0.04953194718318335 0.047900204599542084
1.15590326238789 1.7299314835735562 2.0292225993280315 0.80026220111152413 0.2421404528464583 0.14990575310646129 2.5855721077244054 2.5998380213649064 0.055661734320708575 0.047900192451182634
1.3718157190921372 1.5642560285035485 1.4134851314788202 0.81290913643899887 0.16428009795819912 0.10323765090813647 2.5563182077404871 2.5935614501747546 0.06359608361525694 0.047900193008454467
1.5642560285035474 1.371815719092139 0.98097299675066219 0.84020235458086945 0.076235988760582782 0.069950321698885071 2.4957478595084504 2.6701396444464462 0.071857125863001414 0.047900193008454252
1.7299314835735553 1.1559032623878913 0.69043890865817092 0.8648722294193063 -0.0024163187917401858 0.047314817643092734 2.3985012938772057 2.7922459705506331 0.079473403109679305 0.047900192451181975
1.8660073313320009 0.9202129803872563 0.49345173868599818 0.88706627954267059 -0.095280627347265903 0.032301259181316246 2.2910934981461795 2.9471047917971682 0.086831418441632446 0.047900204599543118
1.9701552762963823 0.66877759916095869 0.33704668115184999 0.9090709134193079 -0.1996035387579003 0.01950625702589763 2.0255918048277795 3.2697612137075924 0.089414482088533406 0.047899960529339057
2.0405934362250404 0.40589927940332432 0.34442073849406818 0.86512090881514603 -0.16736593272234576 0.025153430330708697 2.5560889988639715 2.7557354241707674 0.11185932900166319 0.047900887901014023
2.0761160885959504 0.13607578994226613 0.42021280892321555 0.755687613383351 -0.02059061591482372 0.046274950441572683 3.8542929424147174 1.9253119400613432 0.15577184409829717 0.047897438395240514
0.14804015065528392 2.2586570224137814 1.0035637809041387 0.99955789932415229 0.00028745973497966247 0.028710373578328986 1.0012946793229736 4.9945575712534334 0.028567739230519078 0.056343029906403719
0.44158766595610638 2.220011067752075 1.0451482348321957 0.99261129794435332 0.0086956175608314899 0.030889895222471733 1.0344430537344773 4.8799187188924122 0.029038045888433214 0.056347087651735989
0.72757936277035518 2.1433796859894287 1.5289299896146775 0.93647231106128626 0.10200576447159435 0.05788105266458151 1.325003011833124 4.091831594631647 0.031944329864548204 0.056345996759784307
1.0011220093543112 2.0300746118869237 2.2773647407588093 0.84803112510456724 0.24994682330897716 0.14439135665855363 2.2190988502042543 2.9674427322498573 0.045617929273991352 0.056346283866052699
1.2575351807947543 1.8820343983320187 2.2057712196139216 0.81576448962171333 0.25305889161387413 0.1569372890480798 2.4901971074973011 2.7062562523300895 0.051849132451523457 0.056346269575613839
1.4924315766371787 1.701792054423138 1.5590524190595458 0.82065411104585462 0.18534448941045631 0.11140376776508888 2.5009626488462597 2.6599874037995579 0.059826676130950836 0.056346270231146724
1.7017920544231369 1.4924315766371801 1.053656347763323 0.84273197059574412 0.093528569126846914 0.07324505204407579 2.4330293499183857 2.7179664637062357 0.06807689023102971 0.056346270231146529
1.8820343983320176 1.2575351807947559 0.73118050915680777 0.86849404007745135 0.012410225969697382 0.048964770799464361 2.3438356940724909 2.8367273675193534 0.075901311038493915 0.056346269575613825
2.0300746118869237 1.0011220093543116 0.51553529887294469 0.89030370949268489 -0.078832148204495842 0.033265696421868975 2.2584280379665511 2.9737257237929078 0.084107524390062971 0.056346283866052477
2.1433796859894287 0.72757936277035729 0.34726791765187942 0.9120667078630893 -0.18266383611518677 0.019985721395211813 2.0142956274903723 3.276986291356712 0.087859616031066193 0.056345996759784391
2.220011067752075 0.44158766595610904 0.35755805080018382 0.87433856179858449 -0.14571389512928881 0.02607550793184395 2.552432464067127 2.7740953087517504 0.11003924232516375 0.05634708765173612
2.2586570224137819 0.14804015065528336 0.42232898429432691 0.7810922266416771 -0.0087413629170464135 0.045414271460572399 3.7636524097386248 2.01323633784282 0.15180326359528193 0.056343029906405509
0.1609767090873703 2.4560308322833491 1.0016074183300943 0.99987776677341356 2.774733623767138e-05 0.028623638071223693 1.0002195601799282 4.9988400901569241 0.028559347869287339 0.066244981082737117
0.48017601255156384 2.4140077826346955 1.0152269685436124 0.9975807458300705 0.0024835522707331893 0.029290405466963414 1.0097881774476245 4.9636856223307451 0.028677215469101795 0.066249751952585104
0.79115922876478995 2.3306799314107853 1.1816907565695318 0.97238494951377619 0.040302381950186685 0.039322765087787509 1.1646843888453984 4.5089644510779792 0.031127101015309938 0.066248469342886654
1.0886055286180596 2.2074736399338657 1.9168246860506339 0.88877601844348508 0.19176437219052606 0.10431058365166782 1.9046449320703673 3.2940941725325796 0.041948170450282034 0.06624880690636685
1.3674254860582002 2.0464968624503617 2.3064796559405103 0.8339377131773037 0.25248183284430298 0.15394821072247772 2.3361087775997018 2.8503706679214096 0.047779892247706186 0.066248790104468144
1.6228484143099153 1.8505039562542072 1.7324016390704799 0.83421663914148159 0.20574917246009608 0.11941373442452911 2.41253564195901 2.7658899673519781 0.055328164127689393 0.066248790875208505
1.8505039562542061 1.6228484143099173 1.1433773028750667 0.84923729223008237 0.11637055176071145 0.077145351927421557 2.3615015864137541 2.7889743702603811 0.063950562827806479 0.066248790875208075
2.0464968624503603 1.3674254860582022 0.76961543465962523 0.87344340522586927 0.029089302481451806 0.049717061936695929 2.2609956708011119 2.9060001205777155 0.071733526099412345 0.066248790104470018
2.2074736399338657 1.0886055286180605 0.53734118859098812 0.89502122089551084 -0.063312536800980743 0.033781535614517869 2.2003780286416013 3.0243954123281918 0.080598916431324344 0.066248806906366212
2.3306799314107853 0.79115922876479228 0.35772348242945384 0.91580641966775689 -0.16559948971789351 0.020294842695560519 1.9856663833488486 3.3022279322192674 0.085589257642152361 0.066248469342885488
2.4140077826346946 0.48017601255156656 0.3706858589414857 0.88397470093768971 -0.13029916191037544 0.026538673766664991 2.5057702052756112 2.822322870210177 0.10648067354138978 0.066249751952585603
2.4560308322833491 0.16097670908736969 0.42972356630804132 0.81119944239721797 -0.0097172755376197552 0.044658887064236097 3.6373640362034378 2.1268429423727393 0.14569446601301739 0.066244981082736382
0.17496446389358453 2.6694428051907821 1.0011999521319046 0.9999434342789858 -0.00011075023475602897 0.028602414436686086 0.99988469046107087 5.0000054818953501 0.028554433392703679 0.077851868842985367
0.52189996358445156 2.6237682452209938 1.0056310289647687 0.99919420972427342 0.00067089211398635982 0.028810694501588373 1.0027279165490617 4.9891717845571542 0.028585092123168968 0.077857475624476952
0.85990545526783646 2.533199784109748 1.0684921596773851 0.98947141683273676 0.014804483275891022 0.032341432454496957 1.0593902112056988 4.8072187497536341 0.029476734921414942 0.077855968286707627
1.1831977668451066 2.3992877240434947 1.5991859638940908 0.92863404641015124 0.12608796632271918 0.068791049158591008 1.5055701915653232 3.818835011579818 0.035651136257796139 0.0778563649952176
1.4862452365872596 2.2243231858106269 2.2557364640816022 0.86136865250862416 0.2434986664288866 0.1373178930537193 2.1306240016661406 3.066196301840431 0.043966655162402078 0.077856345249433523
1.7638626382663765 2.011299861169646 1.8765634000169089 0.84999050118222375 0.2181531015087208 0.12251420718462099 2.2850265793821545 2.9026240099684197 0.050754892885299011 0.07785634615521371
2.0112998611696447 1.7638626382663785 1.2441438978204837 0.85952126612296853 0.13864597838113413 0.081436752071022453 2.2909619413554867 2.8760440301956178 0.059979326540741534 0.077856346155213613
2.2243231858106265 1.4862452365872616 0.81162407896295696 0.87992875199464082 0.046393459143729887 0.050902249298711649 2.195078694375693 2.9736870451814323 0.068177344478840399 0.077856345249433148
2.3992877240434947 1.1831977668451075 0.55793388012763712 0.90025441999384181 -0.047995804046065758 0.034102603075948403 2.1393056577329959 3.0818761173693425 0.077191894896944918 0.077856364995217919
2.5331997841097471 0.85990545526783879 0.36853520612269114 0.91992605727248278 -0.14842792725397799 0.020504352789386955 1.9473101482519266 3.3387664494375215 0.082942188488271104 0.077855968286707863
2.6237682452209929 0.52189996358445456 0.38155922620969424 0.88913096506574596 -0.11454144011693829 0.026810308900296415 2.4592795719842928 2.8582874869247714 0.10330350920483319 0.077857475624476299
2.6694428051907813 0.1749644638935838 0.42752011948982965 0.82572748004245211 -0.018937000159613287 0.042754603466801502 3.5002121573689138 2.2073628925180353 0.14048944663427737 0.077851868842990085
0.19008883298648635 2.9001961671000474 1.0008464545003062 1.0000074097202796 -6.013036346695061e-05 0.028592438497490175 0.99988898582370311 5.0003146156085565 0.028558589803547405 0.091454494286314317
0.56701431139638325 2.8505733830865516 1.0023511636994309 0.99975499049789274 0.00018521771554396506 0.028659315815292703 1.0007231884423329 4.9969684872669324 0.028565245426511666 0.091461080709653461
0.93423784940691545 2.7521759560039318 1.0277024593272575 0.99606991021526714 0.0053435135577142891 0.029914128453640824 1.0187720047467463 4.9343229784419531 0.028791348081308989 0.091459310003110764
1.2854763629521808 2.606688200065717 1.3386834591882444 0.96362031040367058 0.068593686166716877 0.045611078004543108 1.1925057544533602 4.4232677427927616 0.030319447330188459 0.091459776026300454
1.6147200195259528 2.4165992863138732 2.0046339720495441 0.89730382856535473 0.21169704110836954 0.10865150102151123 1.897005929641022 3.3468589280614824 0.041038039969369819 0.091459752830444635
1.9163353688806677 2.1851616887652976 2.0039573325051578 0.86741499096026276 0.22636070548431886 0.12378805937941222 2.1620131344257807 3.0484126616002292 0.046777272570970543 0.091459753894487988
2.1851616887652958 1.9163353688806692 1.3675986998704337 0.8689616707766844 0.1595443594825369 0.086667444382105593 2.2180194749076572 2.9661106852776293 0.055913134488776065 0.091459753894487628
2.4165992863138719 1.6147200195259548 0.86006809422801733 0.88456190417113145 0.063361554091147437 0.052865829676843466 2.1513459796421537 3.0231132885790504 0.065287355943472763 0.091459752830445148
2.606688200065717 1.2854763629521813 0.57736675310438035 0.90599453936621366 -0.034356809426617736 0.034404564906199857 2.0856063567413679 3.139001027886871 0.07423070566912876 0.091459776026299927
2.7521759560039309 0.93423784940691812 0.38070917008648353 0.92473777839679894 -0.13183966225967325 0.020691291633048798 1.9022268526591497 3.3863119046661203 0.079975493582585266 0.091459310003110111
2.8505733830865512 0.56701431139638636 0.38965892992782186 0.892929701411046 -0.096293528516851537 0.027138849935780945 2.4376696484933604 2.8761437141366812 0.10153901652223293 0.091461080709654335
2.9001961671000469 0.19008883298648557 0.41776372288348773 0.83439142110751985 -0.016957371250540056 0.040895116928395495 3.4261689385169709 2.2543695850794792 0.13879328014582074 0.091454494286314317
0.20644217515092739 3.1497000412595524 1.0006958659760676 1.0000477400712389 2.2693644372294354e-05 0.028590141878698676 0.9999591271638909 5.0003408891049972 0.028562312248829377 0.10739303863211518
0.61579455219600554 3.0958082091732413 1.0011802976729884 0.99988969297356245 -4.9248927320170285e-05 0.028606075277467096 1.0000322978601708 4.9993677345047276 0.028558872980321722 0.1074007729268754
1.0146103309161736 2.9889456515098201 1.0106308269369653 0.99851830600014069 0.0017639176077612554 0.02905468369562136 1.0062170093852645 4.9771517898748865 0.028627709008668119 0.10739869362440273
1.3960658935278814 2.830941584033392 1.1273334715974053 0.98403750819284164 0.029108637345904523 0.035597020034514142 1.1051705030341632 4.6822752498289351 0.030098183142576097 0.10739924086537564
1.7536343816387345 2.6244993211688636 1.7168263301484199 0.9290830221361579 0.15771868785477455 0.080828335298370552 1.6478030903751912 3.6706337753748866 0.037926845545655764 0.10739921362698036
2.0811976992804433 2.373151147270455 2.0698675771651227 0.88518569042559536 0.22107961534137999 0.11944191636513574 2.0196785120386651 3.2099828936164427 0.043135732402807533 0.10739921487646657
2.3731511472704532 2.0811976992804455 1.5193857372373913 0.88402850686994783 0.17654524121370599 0.091773626653258028 2.1140628418119718 3.1000550568959913 0.051095497351437778 0.10739921487646648
2.6244993211688614 1.7536343816387365 0.93474058381631986 0.89178388106515616 0.082569443870454048 0.055887013087674804 2.0926078206825323 3.0955606149501995 0.061424744771345997 0.10739921362698085
2.8309415840333916 1.3960658935278818 0.59327562855001681 0.9126935540228327 -0.023623472514364259 0.034356020038605863 2.026816275970198 3.2065146116457472 0.071358175275399657 0.10739924086537599
2.9889456515098187 1.0146103309161767 0.39350631639087208 0.92925961685495373 -0.11687885558453635 0.020895025422162844 1.8584857689479148 3.4350713341747503 0.077109966220023807 0.10739869362440177
3.0958082091732395 0.61579455219600887 0.39514812777283731 0.90092358479361689 -0.082689323555857869 0.027091733697480306 2.3996334836635707 2.9201631046842467 0.099396913318206326 0.1074007729268755
3.1497000412595524 0.20644217515092658 0.40371704760169752 0.84874399479738682 -0.0092852607395554152 0.03861123628209262 3.3473772694872248 2.3196388544422719 0.13746931967515133 0.10739303863211797
0.22412435404411504 3.4194780531833002 1.0007386985988076 1.0000423162642682 5.1597890889514633e-05 0.028593998392505864 1.0000512062562543 5.0000835691957715 0.028564453298532983 0.12606543058435721
0.66853856840984116 3.3609702795378826 1.0008853850434254 0.99994354642133476 -9.3558614585581348e-05 0.028593801127075519 0.99989774388360741 4.999973396817853 0.028558395612916506 0.1260745096383756
1.1015137040521126 3.2449547333428934 1.0042977787270584 0.99943931736393765 0.00054694311855699022 0.028750136403393117 1.0019486195934413 4.9923356182219507 0.028578037812659579 0.12607206880827282
1.5156416868849818 3.073417306295307 1.0519263191723114 0.99346553354680334 0.011421609103894182 0.031261400597530367 1.0401384581947237 4.8708631854379743 0.029122521993522343 0.12607271119785413
1.9038366202399828 2.8492928570247491 1.4785470415470847 0.95593666513355413 0.10083603118939605 0.056981847574546128 1.3488679135407231 4.1382549062698963 0.032958491153290921 0.12607267922352833
2.2594563811794446 2.5764162169972731 2.0310343550131789 0.90808003411975546 0.20792615269268314 0.10742281423104469 1.8511742476618513 3.4234725088921687 0.039837524934161331 0.12607268069025651
2.5764162169972717 2.2594563811794464 1.6452672008045939 0.89703601527560461 0.18418193348183429 0.094235686809843358 2.0046889850166592 3.2338736673022694 0.046933655826319282 0.12607268069025837
2.8492928570247464 1.9038366202399852 1.0258337047752362 0.90164013383977148 0.10028941509876352 0.059470990027389439 2.0290663477634698 3.1843822955510253 0.057384872172875939 0.1260726792235291
3.073417306295307 1.5156416868849822 0.61348673637831941 0.92201640451287459 -0.013335809547279545 0.034526855401408131 1.9697898358933392 3.2850662207615415 0.068427358804851235 0.12607271119785246
3.2449547333428925 1.1015137040521161 0.40621898946093726 0.93491868887322505 -0.10384989284172712 0.021097584350321802 1.8177767919257672 3.488481768914319 0.074467782545755729 0.12607206880827321
3.3609702795378813 0.66853856840984516 0.39523334996045079 0.91319128105612879 -0.07345086391667667 0.026291355470216566 2.3282383447097703 3.0020529608429434 0.096431286389583704 0.12607450963837799
3.4194780531832998 0.22412435404411402 0.38841109227088905 0.87230117031611021 -0.0043675739312816963 0.036060258216023038 3.2494155325204144 2.4195760494515777 0.13552535657472861 0.12606543058435474
0.24324334802508463 3.7111776348539327 1.0008118862517636 1.0000044399728838 1.4151873457372178e-05 0.028596277031625657 1.0000577619023021 4.9998777985842446 0.028563804975833058 0.14793713009406861
0.72556844773727003 3.6476788383590013 1.0005797323324874 1.0000149487565277 -4.6324915140746459e-05 0.028584978665180609 0.9998945810073121 5.0003383187688604 0.028561794503635506 0.14794778431696098
1.1954786547490037 3.5217665518527648 1.0018427372091387 0.99980905549516519 0.00016476444248790295 0.028640173652113212 1.0005623033791042 4.9976404451300347 0.028566449857287166 0.14794492001547252
1.6449339470342594 3.3355960741078481 1.021864084651867 0.99737722948293628 0.0044599236888660616 0.029616529897480467 1.0143996260231833 4.9514141647095062 0.028733185881017177 0.14794567385631446
2.066243963423906 3.0923526227330003 1.2339437574167202 0.97816303392332582 0.053787985504778597 0.041253265584109834 1.1701216406671042 4.528155747935088 0.030735821225050718 0.14794563633461277
2.4521999727283141 2.7961981606210689 1.8351175699347637 0.93462248725106023 0.18036490176585407 0.087686652335403778 1.6723903028228801 3.6802509361014866 0.037480384666581802 0.14794563805581859
2.7961981606210666 2.4521999727283168 1.7727976249719857 0.9119700972775403 0.18995368189566272 0.095230356612258829 1.8801144761024917 3.3968833923089514 0.042722099281719113 0.1479456380558134
3.0923526227329985 2.0662439634239087 1.1352807273597989 0.91176121428760759 0.11843158817676787 0.063037614204089251 1.9434105077645827 3.2976308803167105 0.052778275594037076 0.14794563633461089
3.3355960741078481 1.6449339470342603 0.64610101206348192 0.93208346035995537 -0.00046735951325929366 0.035239158760421156 1.9089438528713218 3.3730927476989701 0.064953856633869864 0.14794567385631821
3.5217665518527639 1.1954786547490077 0.42066414372268351 0.94374544548389594 -0.090670398740064828 0.021267490106170069 1.7694927510169485 3.5636549297252293 0.071483621357673763 0.14794492001546933
3.6476788383590004 0.72556844773727425 0.39462192274909536 0.92841465719468153 -0.065165102214044979 0.025288760390371933 2.2429230656079504 3.107219773616865 0.092955234308345749 0.14794778431696096
3.7111776348539327 0.24324334802508343 0.37361745948354563 0.89834403104636251 -0.0051102027562809271 0.033553045798538621 3.1432058965666796 2.5335722981489823 0.13314777744881384 0.14793713009407419
0.26391590953757921 4.0265800849649231 1.0007191009305205 0.99998192706468736 -1.6166384333103971e-05 0.028591169951333879 0.99997186654041303 4.9999799671991854 0.028562410857669047 0.17355256816651504
0.78723245001792885 3.9576847060467988 1.0004480338044841 1.000054563336406 2.1762149375586261e-05 0.02858355766114808 0.99997649381099818 5.0003315849412688 0.028565638335473705 0.17356506717701928
1.2970789913165826 3.8210714918107289 1.0009215044123128 0.99989023265907073 -5.3701387516325885e-05 0.028597620983045184 0.99999523332998863 4.9994630832760585 0.028560767770540584 0.17356170691933037
1.7847322127633987 3.619078913752527 1.0089091201574854 0.99894015166512318 0.0016098898948830958 0.028972320879671672 1.0050768790350408 4.9820765527466992 0.028614780540585739 0.17356259128834847
2.2418481712285785 3.3551628920817822 1.1007505552983365 0.99033929533244769 0.024306758195357294 0.034031331300653493 1.0820767598363519 4.7616311577471935 0.029751883203716138 0.17356254726973039
2.6606054859262991 3.0338391031006231 1.5726683283303227 0.95923445443930255 0.13397164417561802 0.067130549647134372 1.4940017503013383 3.9619974375604428 0.035614611079886782 0.17356254928895942
3.0338391031006213 2.6606054859263013 1.8558984230590325 0.9286390771653007 0.18658174112564951 0.092505481162635281 1.7445415099481614 3.5856668528157321 0.038921680437704699 0.1735625492889597
3.35516289208178 2.2418481712285825 1.2709365371311556 0.92698908561547977 0.13706549017917224 0.066957437317386626 1.843923937322739 3.4503998918586909 0.047865809973018557 0.1735625472697318
3.619078913752527 1.7847322127633996 0.69300163823924632 0.9424961593003498 0.019813815551347796 0.036564828280250664 1.8467041314781869 3.4685413853925531 0.06109920682851621 0.17356259128834786
3.821071491810728 1.2970789913165859 0.43395675893387714 0.95327947797927914 -0.07638395337256948 0.021297441635208008 1.7177067555683376 3.6484252859431043 0.068533418771101168 0.17356170691932871
3.9576847060467966 0.78723245001793341 0.3925177487999526 0.94362043526282746 -0.058635463017047015 0.024047180239785575 2.1442375792611923 3.2282542515076909 0.089055580606085316 0.17356506717702216
4.0265800849649249 0.26391590953757799 0.35758465298517006 0.92131618523657011 -0.008299780665806826 0.030892209491239869 3.0236961290859861 2.6492763021852186 0.13035225590206093 0.17355256816651396
0.28626827807293448 4.3676114466359888 1.0004914131975593 0.99999040876243206 -2.0250706784103826e-05 0.02858324713536672 0.99992227367975917 5.0001463674628992 0.028563594066259353 0.20354852289680422
0.85390713392244666 4.292880970839243 1.0005300309473297 1.0000439383004469 3.7879731209511581e-05 0.028588423064177831 1.0000647409277514 5.000057840877445 0.028567222700329784 0.20356318217355709
1.4069351484697259 4.1446972949483447 1.0006136844944533 0.99993983319835644 -8.5009457641327854e-05 0.028586023173243848 0.99989718860648058 4.9999562142596066 0.028561481328271403 0.20355924114579044
1.935890179050866 3.9255969473961603 1.00357016420848 0.9995957020091889 0.00053786722556332586 0.028720929924166767 1.001656468212488 4.9938448697114985 0.028577988647787579 0.20356027836471219
2.4317215919382851 3.6393285476929371 1.0430419288967923 0.9959633439784269 0.010032846292039446 0.030766499370602975 1.0323913612687754 4.9013217381240803 0.029003847382748943 0.20356022673813801
2.8859455741870437 3.2907902275261893 1.3509599045813949 0.97606469698423493 0.08440486560663743 0.050630591039226611 1.3117122710248266 4.2770770666809996 0.033228715517415318 0.20356022910635849
3.2907902275261862 2.8859455741870468 1.8212167926914793 0.94889278750296169 0.17468946546048322 0.084262832211545888 1.6193564303411785 3.7909979004012073 0.036402377396356961 0.20356022910635818
3.6393285476929349 2.4317215919382882 1.3949251387338764 0.94244513512614114 0.14378169192866103 0.068353662208393853 1.715058470406047 3.6398447347806417 0.042893405328843913 0.2035602267381395
3.9255969473961612 1.9358901790508669 0.76244206512857182 0.95229459710556963 0.039985820367901638 0.038367690790014647 1.7612737251140975 3.5909586549739729 0.056088790218952446 0.20356027836471222
4.144697294948342 1.4069351484697297 0.45120563985541057 0.96090811421445754 -0.061973905009063655 0.021474480845219874 1.6657744549247826 3.7303118791187799 0.065433228050868167 0.20355924114579302
4.2928809708392413 0.85390713392245166 0.38795130366905645 0.9587586586091108 -0.054335987256840378 0.022545835620691807 2.0340291124893612 3.3666428728574207 0.084874696522831333 0.20356318217355526
4.3676114466359905 0.2862682780729332 0.33994007685794148 0.94352991945571596 -0.010214463525289522 0.028264382283902784 2.9100816474355455 2.765658424149624 0.12801951656392649 0.20354852289681324
0.31043695106676544 4.7363542690278049 1.0004084393214214 1.0000093020506138 -9.4135223380010953e-06 0.028582351492466431 0.99997387253016645 5.0001118283971779 0.028566015680562419 0.23866975931088244
0.92599965645340354 4.6553145491738288 1.0005873699050951 1.0000025790369536 8.8011807048612639e-06 0.028589118306420715 1.0000317511135082 4.9999335166406178 0.028565625523024721 0.23868694796940185
1.5257179760879107 4.4946202212828563 1.0002830784997865 1.0000212463928881 -3.6672229706592828e-05 0.028576635957209662 0.9998992074787354 5.0003582383941652 0.028565314599351826 0.23868232693784588
2.0993309102573074 4.2570219643972669 1.0013661066257589 0.99985135035858685 0.0001443109580828347 0.028623409134083157 1.0004525937181341 4.998125868989006 0.028568755057774526 0.238683543123484
2.637023710507711 3.9465848814313738 1.0179043724803432 0.99838134427158187 0.0039273507748403052 0.029426603639197638 1.0118152098854305 4.96271368043557 0.028704525205173345 0.23868348258900804
3.1295963039502279 3.5686206369441411 1.1734893005951361 0.98967887805735799 0.044209249857487427 0.038582195043004121 1.1507363760321847 4.6175250091147468 0.030840126036880428 0.23868348536586009
3.5686206369441393 3.1295963039502319 1.6664982179389249 0.97010928185625933 0.15079808023571506 0.071235634498033995 1.4960995325169588 4.0132383613823706 0.034847409742591921 0.2386834853658549
3.9465848814313711 2.6370237105077141 1.5249356490759336 0.95673273982862139 0.14672332866660903 0.069554058247596709 1.5963900100117512 3.8303554136516387 0.038527457547901794 0.23868348258900879
4.2570219643972651 2.0993309102573092 0.85733487589515123 0.96132416649962216 0.056196314366471586 0.040440526560173086 1.6509516501749448 3.7472568906524955 0.050165611952518729 0.23868354312348505
4.4946202212828554 1.5257179760879152 0.47157141708292333 0.96848758090526998 -0.048282347423961168 0.021580608410454623 1.6017113552826072 3.830989411189996 0.061815476471499244 0.23868232693784219
4.6553145491738279 0.92599965645340876 0.37902785908833314 0.97513292441947186 -0.052365156459888595 0.020791647657505501 1.9199318725401948 3.5238402489041238 0.080862901681046553 0.23868694796940376
4.7363542690278058 0.31043695106676428 0.32033332076380816 0.96622664030961714 -0.01041419732114713 0.025743120011553731 2.81272393800525 2.8807839014287699 0.12671213808050769 0.23866975931088108
0.33656951743702845 5.1350603246797517 1.0004402044442706 1.0000131794447291 4.2713665478353449e-06 0.028584554970850495 1.0000192100228547 5.0000178696315363 0.028566948004531245 0.27978731602780427
1.0039502592986962 5.0471986854297954 1.0004000511435307 0.99998343836164327 -1.5401851821321704e-05 0.028581274458818612 0.99994457603135933 5.0000557531483549 0.028565274579804154 0.27980746591461841
1.6541528358409474 4.872977117387463 1.000246679844546 1.0000596541263695 1.7538305428071263e-05 0.028578996364017457 1.0000181873535123 5.0002527982851763 0.028569129477487434 0.27980204878083043
2.2760524769294537 4.6153778516136441 1.0006345213098851 0.99988975833220062 -5.4961040907787253e-05 0.028588689650855138 0.99996963468102928 4.9995247032317627 0.028563312788337087 0.27980347448853821
2.8590082290967311 4.2788081911742255 1.006949102414155 0.99937077242946903 0.0013979965406861509 0.0288833750867802 1.0039416337392715 4.9870398723470197 0.028604701056716159 0.27980340352530653
3.3930455577973286 3.869026936274067 1.079645677969082 0.99574577448722368 0.020081324041651961 0.032783936272173832 1.0627910542586883 4.8303970419072559 0.029448782610262167 0.27980340678054455
3.8690269362740635 3.3930455577973322 1.4569149322585631 0.9879117131395222 0.10887378136861958 0.056321355735395158 1.3530285159488677 4.2722445837934737 0.033255633709436072 0.27980340678054805
4.2788081911742228 2.8590082290967347 1.5873890449929968 0.97353567215186954 0.14229801569954409 0.067578704025702444 1.490028324097914 4.0300924015684236 0.035387764514737075 0.27980340352530891
4.6153778516136432 2.2760524769294559 0.99358264099113491 0.97270507452154797 0.077071129636125751 0.044056100103949794 1.551922747434519 3.9162925321127648 0.044454983857108082 0.27980347448853371
4.8729771173874621 1.6541528358409523 0.50264277897708032 0.98007152014369936 -0.033454497932543806 0.022042315218415681 1.5348495275313252 3.9577443677114417 0.057742287111519998 0.27980204878083009
5.0471986854297937 1.003950259298702 0.37350269302341876 0.9925331674803759 -0.053138497595354696 0.019043419019359284 1.7845110019917831 3.7202912972652373 0.075602070733477522 0.27980746591461825
5.1350603246797508 0.33656951743702695 0.3081539847466902 0.98430784348255618 -0.010634444900098619 0.024056123131488878 2.7322843461046356 2.9775793794858325 0.12501172124433291 0.27978731602781842
0.36482555885355511 5.5661643602306281 1.0003696200374095 1.0000031135270835 4.0699423569218824e-06 0.028582114302932865 1.00000437789087 5.0000046203119615 0.028567330529328111 0.32791986951511642
1.0882349572205281 5.4709264673719797 1.0002440161192017 0.99999856726093661 -1.4958195027541568e-05 0.02857702983862315 0.9999520388798685 5.0001127411661681 0.028567270138211358 0.32794348584035882
1.7930240306975405 5.2820784653027557 1.000382868908839 1.000030787407866 1.9710210033767863e-05 0.028583797622030668 1.0000500276519251 5.00002886708321 0.028568483271908019 0.32793713678268899
2.4671340506383381 5.0028529525116783 1.0001960467951467 0.99996101048931008 -6.8563753673448372e-05 0.02857375948454214 0.9998855565441952 5.0000911836036623 0.028565918817570275 0.32793880775867629
3.099030722953926 4.6380272386502464 1.0023699226159917 0.9998100177731718 0.0004317341076790654 0.028672217662021458 1.0011549573357048 4.9961662054805247 0.028577356169945979 0.32793872458745066
3.6779021203861304 4.1938435928314215 1.0317276290785977 0.99853181759037102 0.0076155044437354324 0.03011772780232182 1.0217042194650765 4.9394881618892734 0.028829102264698609 0.3279387284026874
4.1938435928314179 3.6779021203861335 1.263556111303537 0.99618170288805552 0.062845069832763556 0.043298873943394191 1.1993615264583157 4.5571781208370137 0.031206442065189147 0.32793872840268817
4.6380272386502419 3.09903072295393 1.5745790579463343 0.99213503357304134 0.13133687309836992 0.062459552744753649 1.3883611195804271 4.2468007575976738 0.033080236871610873 0.32793872458745266
5.0028529525116783 2.4671340506383399 1.1387881404047089 0.98687331853934901 0.087383490433002906 0.046706338678360063 1.4354925152589615 4.1345363850964771 0.038936392774779477 0.32793880775867806
5.282078465302753 1.7930240306975453 0.56112768636297516 0.98988139295036714 -0.018192538253248968 0.023274688314850883 1.4517446028010603 4.1084819957147767 0.052263380483301487 0.32793713678268821
5.4709264673719789 1.0882349572205345 0.38188194217009258 1.0055883178102227 -0.053086829445035684 0.01787427166024182 1.6382013349280014 3.9337877902070209 0.068790360048187157 0.32794348584035721
5.5661643602306299 0.36482555885355356 0.31234484980278904 0.99156315792247951 -0.010153764767989362 0.024045888710696382 2.6944772885391566 3.0204794925115284 0.12261758088300971 0.32791986951512836
0.395377624242778 6.032298964492802 1.0002567644898148 0.99999804855412144 -1.3252270482561056e-06 0.028578541761232347 0.99999219810048567 5.0000097449602992 0.028568271789070534 0.38425908421809846
1.1793684448969934 5.9290854398300317 1.0002440442041549 1.000009940058955 -2.800983832136483e-06 0.02857832918271281 0.99999747675050321 5.0000560058731933 0.028568567915534065 0.38428675801388806
1.9431795943660084 5.7244224917740887 1.0002683773368246 0.99999399859520521 -5.537442518661548e-06 0.02857836498766923 0.99997440304516505 5.0000339836446885 0.028567630745043343 0.3842793181381377
2.673742494070718 5.4218134305497836 1.0000317644144292 1.0000433027053885 -1.5409343852395888e-05 0.028571727846162302 0.99997870982169068 5.0002697400813672 0.028570457304706042 0.38428127620094987
3.3585569184004065 5.0264356383181008 1.0007293826459172 0.99988675904193758 4.0805192573508639e-05 0.028596380826803214 1.0001438403208198 4.999074275437728 0.028567205578472692 0.38428117874025897
3.9859055026883676 4.545054138723553 1.0110570276033628 0.99951740930293631 0.0025181098880492771 0.02907916884899912 1.006640457317169 4.9810919043995465 0.028634926725299499 0.38428118321098304
4.5450541387235504 3.9859055026883716 1.1164146532875765 1.0000049762633154 0.028550979959142464 0.034531587284326849 1.0825776516962704 4.8075030903857146 0.029597893442333531 0.38428118321099075
5.0264356383180955 3.3585569184004109 1.4656667826480312 1.0072551726895824 0.10406215661913794 0.054029486381627065 1.2902196077227164 4.4574156110135013 0.031635994813457628 0.38428117874025275
5.4218134305497836 2.6737424940707197 1.2754801458027352 1.0023284138705053 0.091036578807424662 0.04837031787105163 1.3273128000231353 4.3679468733999185 0.034406124583207416 0.38428127620094982
5.7244224917740869 1.9431795943660135 0.6668569582009114 0.99494000371371827 0.0034685476705617201 0.025385372145364841 1.3323517333412929 4.3098295102228592 0.044764915860071121 0.38427931813813682
5.9290854398300299 1.1793684448969997 0.40394678575272913 1.012270709847586 -0.0462713821927703 0.017439840830663307 1.5110763346991811 4.1217032179015156 0.062042415439876104 0.38428675801389289
6.0322989644928038 0.3953776242427765 0.3277894903437501 0.98423398478016455 -0.0050859025722566524 0.024828187538833653 2.6510507155991663 3.0224918675665364 0.1183346640413053 0.38425908421808896
0.42841228347856891 6.5363106446734474 1.0001846796298302 0.9999996744908034 -1.2334308816284947e-06 0.028576685220281332 0.99999930215288069 5.0000001144364141 0.02856929831304748 0.45019239168178121
1.2779072399672318 6.4244734058531296 1.0001983800713319 1.000005097944116 1.4490403006956572e-06 0.028577111057684054 1.0000005057912416 5.0000242226021969 0.028569176165596271 0.45022481390114089
2.1055364699144499 6.2027104239746622 1.0001075875882488 0.99999706289208379 -1.3222100110025573e-05 0.02857329167329236 0.99995762448017533 5.0000912541133182 0.02856898844470988 0.45021609745019814
2.8971394866168718 5.8748177184410642 1.0001581808327589 1.0000375919776747 6.8042510446001272e-06 0.028576869990286052 1.0000322626678966 5.0001072996143909 0.028570542752986129 0.45021839148829151
3.6391716434644592 5.446405252937752 1.0000551288143251 0.99993970853200664 -5.9100722518260682e-05 0.028570652316228344 0.99991770573466132 4.999904284711155 0.028568447369434841 0.45021827730475256
4.3189365645233719 4.9248032835278588 1.0031926658983528 0.99987883659590193 0.00069405620754409072 0.028712407382208031 1.0017360487941163 4.9950614297589606 0.028584560519604372 0.45021828254260848
4.9248032835278561 4.3189365645233764 1.0407868291826861 1.0001485723271697 0.0098775275002146567 0.030530427694367021 1.026689556605709 4.9355565241079731 0.028868644033596666 0.45021828254259566
5.4464052529377494 3.6391716434644628 1.2691948830462421 1.0109088677020999 0.060624608214238949 0.042407057995711463 1.1694398142548506 4.6824444136250314 0.030373756478195128 0.45021827730474956
5.8748177184410642 2.8971394866168731 1.3348142646162766 1.0184607781146442 0.082895049715345628 0.047136184879524499 1.2359520817046148 4.5956536957892569 0.031460473430538004 0.45021839148830045
6.2027104239746613 2.1055364699144565 0.85527144840463043 1.0096142834771293 0.029308795708204514 0.029969403642941424 1.2264283209173839 4.560236042680379 0.037302036027558563 0.4502160974501932
6.4244734058531279 1.2779072399672389 0.47454876601343449 1.0124791695108846 -0.032065581132364719 0.018179697473884444 1.3408303982316863 4.374081486492261 0.051617083735863871 0.45022481390114771
6.5363106446734474 0.42841228347856725 0.36404985705931203 0.97257469613272385 -0.0014468425228033326 0.025845528469129048 2.484806621739863 3.084943063321846 0.10635556177421931 0.45019239168178327
0.46413126547390288 7.0812771903039753 1.0001159167975662 1.0000005185263188 1.337102362844176e-07 0.028574836348476077 1.0000033539543713 4.9999942051229098 0.028570199768501375 0.52737871972032091
1.3844530778350663 6.960115493540024 1.0001078896851852 0.99999994483257459 2.4529520002096307e-07 0.028574409165670105 0.99999643044245723 5.000008645440726 0.028570093686775985 0.52741670078986791
2.2810861031993133 6.7198629672147172 1.0000777980785334 1.0000063189665405 -5.5668936984484284e-06 0.028573269769099591 0.99998664382314961 5.0000649832581976 0.028570157935935037 0.52740648988709449
3.1386892207192454 6.3646321248045137 1.0000925687269804 1.0000045506285546 -5.4361367708995893e-06 0.028573596991163387 0.99998332645128762 5.0000644351598114 0.028569894372363763 0.52740917724231795
3.9425884954636135 5.9005006621295095 0.99986988622974216 1.0000282372045448 -2.8747980998319281e-05 0.028567104195405774 0.99997875678976589 5.0001942958205374 0.028572308771108185 0.52740904348178508
4.6790289879585583 5.3354099971976225 1.0006463544051472 0.99991142558010038 8.2099701081860603e-05 0.028595871819287126 1.0002090231101712 4.9990347125203876 0.028570015580096746 0.52740904961767776
5.3354099971976172 4.6790289879585627 1.011867288033854 1.0001241912015262 0.0027661850230228753 0.029111932667461763 1.0069676669410017 4.9833091975789188 0.028635057500254572 0.52740904961767165
5.900500662129506 3.9425884954636183 1.1084589663720843 1.0058566781200857 0.024337467582799709 0.033747014059210205 1.0655743935123685 4.8735037922207036 0.029216479487741621 0.52740904348180195
6.3646321248045137 3.1386892207192472 1.310821199003674 1.0247038990313275 0.063720845939827839 0.043775616800264393 1.1688448337241828 4.7481894181307203 0.02996894365376844 0.52740917724232017
6.7198629672147172 2.2810861031993195 1.0357409565949824 1.0320355391900016 0.031636875209112902 0.034061375244922448 1.1510099361454251 4.8120383758814027 0.032427283526672991 0.52740648988709249
6.9601154935400222 1.3844530778350743 0.66108611867817701 1.0182299715301431 -0.025124176192166191 0.021642605068116966 1.1458282895107552 4.7576038232211149 0.038632096861362465 0.52741670078986325
7.0812771903039735 0.46413126547390093 0.50004806632874199 0.96909384096956674 -0.0056788539918020287 0.027008658416327373 1.890424355629698 3.524225117198668 0.07126668521683048 0.52737871972033334
0.50275269769643449 7.6705265845998625 1.0000359722804162 1.0000002973439639 -8.2866480953382191e-07 0.028572457615761365 1.0000000432138194 5.0000013760474085 0.028571018734832761 0.61760732476794111
1.4996566090091326 7.539282743822719 1.0000234237922694 0.99999979934858185 -1.7774559656441283e-06 0.028572042507602896 0.99999806296336236 5.0000038367089141 0.028571105562115347 0.61765180397403696
2.4709005347664634 7.2790382511033993 1.0000155970876679 1.0000039565615153 -3.3367530778732989e-06 0.02857176136193797 0.99999604958594412 5.0000296562993221 0.028571137482841315 0.61763984609989564
3.3998667841006429 6.8942478316423159 0.99995511971878481 1.0000005856800125 -1.066569552567943e-05 0.028569389479647326 0.99997350982424082 5.0000691528388304 0.028571184659456437 0.61764299323158889
4.2706603701377004 6.3914949203352212 0.99992754330174771 1.0000247213116296 -1.0747262811916607e-05 0.028569631241621679 1.0000095497912043 5.0000997293100786 0.028572529579235305 0.61764283658613661
5.0683817731909562 5.7793817588840168 0.99984199925980455 0.99997348535994846 -3.6705368082843795e-05 0.028565998258814201 0.99996793367657066 4.999947593139547 0.028572318285501292 0.61764284377176548
5.7793817588840124 5.0683817731909606 1.0023527704100637 1.0000213198049506 0.00054149188213508097 0.02867679547536478 1.0013319364273761 4.9967807395927109 0.028582603569153858 0.61764284377181078
6.391494920335214 4.2706603701377066 1.0277906609912562 1.001451806815232 0.0063522100452025948 0.029853625714929593 1.0166242393286578 4.966249848596493 0.028729664182125369 0.61764283658614372
6.8942478316423168 3.3998667841006442 1.1474675954888245 1.0149832045878613 0.030288399161343647 0.035480454361221304 1.0822230677482401 4.8804936335035514 0.029265272402193593 0.61764299323156835
7.2790382511033966 2.4709005347664688 1.0776607023450819 1.0282064258342754 0.018175446698128019 0.033234760289838038 1.079390392899106 4.9491302683690357 0.029930755957698198 0.61763984609989098
7.5392827438227155 1.4996566090091419 0.87985292453259589 1.0150859788335793 -0.018360994522341665 0.026383884427467551 1.0495344485863238 4.9550212208718696 0.031562007683663407 0.61765180397402963
7.670526584599866 0.50275269769643249 0.78143725747359249 0.97865551782107085 -0.013250449867441066 0.02753811512880321 1.2334119204996428 4.4064169127255575 0.038893985865008147 0.61760732476800706
