# step time dt cfl wall_time total_l2 rho_l2 rhou_l2 rhov_l2 rhow_l2 rhoE_l2 rho_reference_l2 rhou_reference_l2 rhov_reference_l2 rhow_reference_l2 rhoE_reference_l2 rho_normalized_l2 rhou_normalized_l2 rhov_normalized_l2 rhow_normalized_l2 rhoE_normalized_l2 rho_linf rhou_linf rhov_linf rhow_linf rhoE_linf rho_reference_linf rhou_reference_linf rhov_reference_linf rhow_reference_linf rhoE_reference_linf rho_normalized_linf rhou_normalized_linf rhov_normalized_linf rhow_normalized_linf rhoE_normalized_linf consecutive reconstruction_fallbacks riemann_fallbacks robustness_level0_faces robustness_level1_faces robustness_level2_faces robustness_level3_faces troubled_cells local_recomputations step_retries proposed_dt accepted_dt minimum_rho minimum_p minimum_T minimum_e residual_checked stop_reason
0 0 0 0.02 0 0.28961930949219394 0.39128518208797353 0.4012032507067419 0.22407835868836404 0 0.23477109963095905 nan nan nan nan nan nan nan nan nan nan 17.390894327540533 20.861304888164621 14.996463870778285 0 10.434535407671799 nan nan nan nan nan nan nan nan nan nan 0 0 0 0 0 0 0 0 0 0 0 0 nan nan nan nan 0 running
10 0.0065068264147239534 0.00064141739351928435 0.02 0.112743 0.25639685762835612 0.37385519983940019 0.32964458198010549 0.1706743175576311 0 0.22612775030702917 nan nan nan nan nan nan nan nan nan nan 16.597332864930177 19.596993973320512 11.167626454356521 0 9.9679226642940044 nan nan nan nan nan nan nan nan nan nan 0 0 0 9360 0 0 0 0 0 0 0.00064141739351928435 0.00064141739351928435 0.88937207795498097 0.028007412246578961 0.99842310696506398 0.071315936287087073 0 running
20 0.012907347775131476 0.00064040300116367246 0.02 0.21240100000000001 0.2377004049696807 0.3594934174183097 0.29312215372736322 0.14040168775609521 0 0.21826283356569898 nan nan nan nan nan nan nan nan nan nan 15.783184522974789 17.758725215153731 9.1323096147000626 0 9.5792418937295754 nan nan nan nan nan nan nan nan nan nan 0 0 0 9360 0 0 0 0 0 0 0.00064040300116367246 0.00064040300116367246 0.78573385566450271 0.02738110914192499 0.99704004280360548 0.071217145989735733 0 running
30 0.019331935087219206 0.00064443615842634373 0.02 0.310946 0.22497958589433845 0.34727402044750083 0.27008964486708553 0.12220170479845367 0 0.21118274585792296 nan nan nan nan nan nan nan nan nan nan 15.331463390256872 16.268278843679443 7.9056894395656636 0 9.2947984185713146 nan nan nan nan nan nan nan nan nan nan 0 0 0 9360 0 0 0 0 0 0 0.00064443615842634373 0.00064443615842634373 0.68700229126814882 0.026698735806050637 0.99596055857258214 0.071140039973152644 0 running
40 0.02580367094751141 0.0006494616255530867 0.02 0.40747899999999998 0.21454816745304942 0.3359741803933573 0.251228751572042 0.11106496838923856 0 0.20451067961495589 nan nan nan nan nan nan nan nan nan nan 14.917543284588175 14.513140120278848 7.158751610713181 0 9.0200302176101506 nan nan nan nan nan nan nan nan nan nan 0 0 0 9360 0 0 0 0 0 0 0.0006494616255530867 0.0006494616255530867 0.5930461012152759 0.025971829913316164 0.99531535987322051 0.071093954351721014 0 running
50 0.032326505131404407 0.00065458301814576064 0.02 0.50355099999999997 0.20333126198680437 0.32365319668400677 0.22854899526260156 0.10426279909488902 0 0.19713255507731389 nan nan nan nan nan nan nan nan nan nan 14.470353061567732 12.491895923475585 6.7115317053973857 0 8.7510656832423397 nan nan nan nan nan nan nan nan nan nan 0 0 0 9360 0 0 0 0 0 0 0.00065458301814576064 0.00065458301814576064 0.50414122632206959 0.025130128065131103 0.9952252902153611 0.071087520804724261 0 running
60 0.038900001679015375 0.00065960221637691629 0.02 0.59992800000000002 0.19294699917397959 0.31004069249317134 0.21054351750345951 0.10034083358608445 0 0.18873429948499906 nan nan nan nan nan nan nan nan nan nan 13.936875973886513 11.092819354680957 6.4470070042318159 0 8.4289865844631677 nan nan nan nan nan nan nan nan nan nan 0 0 0 9360 0 0 0 0 0 0 0.00065960221637691629 0.00065960221637691629 0.42114706982366634 0.02287511811550616 0.99579009931826701 0.071127864312117289 0 running
70 0.045523382224509357 0.00066456356511839746 0.02 0.69725800000000004 0.1856121702397607 0.29871258837287779 0.20083775754559732 0.097887093604519387 0 0.18196837720565945 nan nan nan nan nan nan nan nan nan nan 13.379496766173558 10.37316931578477 6.2695893269518557 0 8.0920405639333648 nan nan nan nan nan nan nan nan nan nan 0 0 0 9360 0 0 0 0 0 0 0.00066456356511839746 0.00066456356511839746 0.34383542737288048 0.017509742299197315 0.99463741695673236 0.071045529857635015 0 running
80 0.052195891601938063 0.00066943931208046984 0.02 0.79303999999999997 0.17964534021995543 0.28873910194366836 0.19403457752876976 0.09627249004301823 0 0.17627865073976015 nan nan nan nan nan nan nan nan nan nan 12.871781418787496 9.6744480177143455 6.1425721514502714 0 7.7935377203507414 nan nan nan nan nan nan nan nan nan nan 0 0 0 9360 0 0 0 0 0 0 0.00066943931208046984 0.00066943931208046984 0.27141630973469394 0.012827932984188658 0.99159218545248606 0.070828013321387773 0 running
90 0.058910217645888399 0.0006726337431306002 0.02 0.89005699999999999 0.17363927520825395 0.27871079379890651 0.18697869508028223 0.095091236142087809 0 0.17049899498022489 nan nan nan nan nan nan nan nan nan nan 12.394366748698662 8.6148846075731171 6.0383828908881991 0 7.5020835208539385 nan nan nan nan nan nan nan nan nan nan 0 0 0 9360 0 0 0 0 0 0 0.0006726337431306002 0.0006726337431306002 0.2053752063487588 0.0088693758546291111 0.9885716604524335 0.070612261535441936 0 running
100 0.065651839042395063 0.00067548829343613219 0.02 0.98653100000000005 0.16785730935356122 0.26916211383109212 0.17987970980462681 0.094095677958578552 0 0.16498918566131143 nan nan nan nan nan nan nan nan nan nan 11.959936117193742 7.5541373604060649 5.9431404489246411 0 7.2275163782127301 nan nan nan nan nan nan nan nan nan nan 0 0 0 9360 0 0 0 0 0 0 0.00067548829343613219 0.00067548829343613219 0.14747158883495243 0.0054503675830416057 0.98575661214466803 0.070411186656103533 0 running
110 0.072425188790827169 0.00067895677336232609 0.02 1.081529 0.16293961860175993 0.26084383148062262 0.17424163442744259 0.093168147468462179 0 0.16020811857796677 nan nan nan nan nan nan nan nan nan nan 11.568109676089522 8.2078154944824551 5.8498872033283567 0 6.9713261678478649 nan nan nan nan nan nan nan nan nan nan 0 0 0 9360 0 0 0 0 0 0 0.00067895677336232609 0.00067895677336232609 0.098179416072176756 0.0026047545676992183 0.92856580734975191 0.06632612916643929 0 running
120 0.07923775697517868 0.00068328542282346445 0.02 1.179038 0.15887348788972647 0.25377413777117902 0.17003811271450395 0.092254631256384598 0 0.15613691429629362 nan nan nan nan nan nan nan nan nan nan 11.214911318336823 8.6810759544641112 5.7559833741364894 0 6.7332239318712359 nan nan nan nan nan nan nan nan nan nan 0 0 0 9360 0 0 0 0 0 0 0.00068328542282346445 0.00068328542282346445 0.057260551891690298 0.00027294032353298296 0.16683054670332317 0.011916467634247585 0 running
130 0.086099368707349022 0.00068868485679067883 0.02 1.414482 0.15513176071294144 0.24748043259544752 0.16590105096839547 0.091347870991816807 0 0.15236521632151145 nan nan nan nan nan nan nan nan nan nan 10.895623105309337 8.2348269180887215 5.6616086393888772 0 6.5125476497971242 nan nan nan nan nan nan nan nan nan nan 0 3 0 9324 0 0 36 12 6 0 0.00068868485679067883 0.00068868485679067883 0.048255703818814097 -0.00015949011125579861 -0.11567737330311979 -0.0082626695303753047 0 running
140 0.093021376299979003 0.00069525980505855578 0.02 1.683227 0.1517582309462743 0.24193584967939713 0.16195015392876436 0.090518570974047918 0 0.14899122085172528 nan nan nan nan nan nan nan nan nan nan 10.606177896082617 7.6467018853285351 5.5691922376442298 0 6.3089943743570638 nan nan nan nan nan nan nan nan nan nan 0 3 0 9262 0 0 98 30 9 0 0.00069525980505855578 0.00069525980505855578 0.045964664067537783 -0.00017561018374426943 -0.13042266912374559 -0.009315904947246316 0 running
150 0.10000671211864166 0.00070052990855680539 0.02 1.94493 0.14894602904711818 0.23724454085393348 0.1587837544870502 0.089787818722443152 0 0.14616939693243927 nan nan nan nan nan nan nan nan nan nan 10.344232514104011 7.0860631086737422 5.4837749757876351 0 6.1233880522221931 nan nan nan nan nan nan nan nan nan nan 0 3 0 9270 18 0 72 26 7 0 0.00070052990855680539 0.00070052990855680539 0.043695950797030855 -0.0001368474776541537 -0.10961205069262275 -0.0078294322005966668 0 running
160 0.10703443606055794 0.00070460406048202071 0.02 2.2026059999999998 0.14664845387122791 0.23334650204976087 0.1563113677326278 0.089173953735348491 0 0.14385067739851071 nan nan nan nan nan nan nan nan nan nan 10.109815052472136 6.7521390812312152 5.4136732373184584 0 5.9583172479250814 nan nan nan nan nan nan nan nan nan nan 0 3 0 9288 0 0 72 24 6 0 0.00070460406048202071 0.00070460406048202071 0.041477458581110162 -0.00012091867762202519 -0.10203376210751726 -0.0072881258725176097 0 running
170 0.11410280857976049 0.0007086630311428627 0.02 2.4710920000000001 0.14480046246277634 0.23016316156003688 0.15441184284563342 0.088640365601468749 0 0.14198822867727873 nan nan nan nan nan nan nan nan nan nan 9.9030236816696799 6.2514339427989993 5.3671219457936505 0 5.8169593883369934 nan nan nan nan nan nan nan nan nan nan 0 3 0 9216 10 0 134 44 9 0 0.0007086630311428627 0.0007086630311428627 0.039284790063640884 -0.0001236584252654299 -0.10844079012502059 -0.007745770731393895 0 running
180 0.12121173738086048 0.00071271659275372041 0.02 2.7253539999999998 0.14306705559490468 0.22720844113045902 0.15268114772854582 0.087929028487054334 0 0.14026471166926216 nan nan nan nan nan nan nan nan nan nan 9.7199870218907201 6.6076338694851318 5.3318707278011033 0 5.7062731827620823 nan nan nan nan nan nan nan nan nan nan 0 3 0 9252 54 0 54 24 6 0 0.00071271659275372041 0.00071271659275372041 0.037213390671866922 -9.6619181474810024e-05 -0.090871569225023208 -0.0064908263800690872 0 running
190 0.12836111619829418 0.00071674799288574389 0.02 3.032308 0.14117012740255358 0.22395747852836342 0.1510400229405702 0.086751945894186194 0 0.13838021361151273 nan nan nan nan nan nan nan nan nan nan 9.5347351639501667 6.8845170196287988 5.2384225700127347 0 5.6188766196771436 nan nan nan nan nan nan nan nan nan nan 0 3 0 9252 0 0 108 36 6 0 0.00071674799288574389 0.00071674799288574389 0.035227230292535217 -8.3846542631746038e-05 -0.083305544010818466 -0.0059503960070552931 0 running
200 0.13554222594861834 0.00071840717126379352 0.02 3.3831060000000002 0.13900889930984772 0.21998951647342163 0.14979267731497198 0.08507994463481254 0 0.13618201027381327 nan nan nan nan nan nan nan nan nan nan 9.2628779025236021 7.0708890251423897 5.0455925960440267 0 5.498169329600783 nan nan nan nan nan nan nan nan nan nan 0 3 0 9226 26 0 108 38 7 0 0.00071840717126379352 0.00071840717126379352 0.03332686180884422 -8.258157128839051e-05 -0.085896682489364787 -0.0061354773271468715 0 running
210 0.14272782296135336 0.00071870997249062903 0.02 3.740974 0.13649528863376983 0.21505695030026664 0.14887765317391571 0.083085019586285794 0 0.13355766967644753 nan nan nan nan nan nan nan nan nan nan 8.7750542958544671 7.2087933254696583 4.8525611923805831 0 5.3101915235954378 nan nan nan nan nan nan nan nan nan nan 0 3 0 9239 31 0 90 33 7 0 0.00071870997249062903 0.00071870997249062903 0.03089115562250996 -7.5630036561471332e-05 -0.085142332944448992 -0.0060815952167388547 0 running
220 0.14991735984214535 0.0007191766246663992 0.02 4.1306659999999997 0.13389323954341639 0.2097757938535173 0.148245751860312 0.080993257816657158 0 0.13074556793213035 nan nan nan nan nan nan nan nan nan nan 8.0523659483712535 7.2798343753792221 4.7217951896883186 0 5.0455567806809887 nan nan nan nan nan nan nan nan nan nan 0 3 0 9239 18 0 103 35 9 0 0.0007191766246663992 0.0007191766246663992 0.028360578678503154 -6.5080568561480523e-05 -0.080316411137738908 -0.0057368865158956119 0 running
230 0.15711243311363024 0.00071980351284845184 0.02 4.5068130000000002 0.13146713809102487 0.20494568405291433 0.14762494240115412 0.078935822241008383 0 0.12802859417137208 nan nan nan nan nan nan nan nan nan nan 7.4382431537446605 7.1873705393690059 4.5986045344403017 0 4.7596736532770763 nan nan nan nan nan nan nan nan nan nan 0 3 0 9252 4 0 104 34 6 0 0.00071980351284845184 0.00071980351284845184 0.026791014371227159 -5.2698340100465466e-05 -0.067256181459652106 -0.004804012966475894 0 running
240 0.16431480405705126 0.00072062465402930489 0.02 4.8375089999999998 0.12940336682376638 0.20097225164345869 0.14703884882126794 0.077012631870692003 0 0.12563814017110844 nan nan nan nan nan nan nan nan nan nan 7.0493389362366798 6.9206576983404569 4.4798676833833664 0 4.5099700860022853 nan nan nan nan nan nan nan nan nan nan 0 15 0 9203 50 0 107 37 9 0 0.00072062465402930489 0.00072062465402930489 0.024519348393325584 -4.7387954340329099e-05 -0.067643657309092303 -0.0048316898128937013 0 running
250 0.17152667083914272 0.00072168509643877853 0.02 5.1956699999999998 0.12755796482129417 0.19756125943245634 0.14630894324012061 0.075267381455948162 0 0.12350398833615957 nan nan nan nan nan nan nan nan nan nan 6.7117035432907777 6.5814154658272983 4.3623298037610798 0 4.3421389559834456 nan nan nan nan nan nan nan nan nan nan 0 12 0 9234 27 0 99 34 6 0 0.00072168509643877853 0.00072168509643877853 0.023051393173745393 -2.9828272055101157e-05 -0.041982685701959808 -0.0029987632675918538 0 running
260 0.17875059874859384 0.00072301311654687902 0.02 5.5339939999999999 0.12579641929317936 0.19447699269241608 0.14535437908486221 0.073578587996528985 0 0.12149358303026589 nan nan nan nan nan nan nan nan nan nan 6.4351812367508696 6.1301482135683747 4.242301260637702 0 4.2018174406804736 nan nan nan nan nan nan nan nan nan nan 0 15 0 9242 5 0 113 37 9 0 0.00072301311654687902 0.00072301311654687902 0.021556711681397393 -4.2194153351554623e-05 -0.063121517877572073 -0.004508679853158358 0 running
270 0.18598932734642545 0.00072461757201478991 0.02 5.875489 0.12413894576719131 0.19170078251130171 0.14431054681900848 0.071909962689336096 0 0.11961029474221681 nan nan nan nan nan nan nan nan nan nan 6.1849985708208743 6.0374189062130537 4.115461654954311 0 4.0632796371524513 nan nan nan nan nan nan nan nan nan nan 0 15 0 9252 18 0 90 32 6 0 0.00072461757201478991 0.00072461757201478991 0.019928985599995432 -3.4985437149392942e-05 -0.054525620229230611 -0.0038946871633428453 0 running
280 0.19324558853299592 0.00072649014085124559 0.02 6.2346750000000002 0.12261600052524564 0.1892235819367393 0.14328978053070768 0.070306774454293952 0 0.11786793552260069 nan nan nan nan nan nan nan nan nan nan 5.9244918875701975 6.0297264711850183 3.9766094720247462 0 3.9235368071354282 nan nan nan nan nan nan nan nan nan nan 0 18 0 9224 18 0 118 41 9 0 0.00072649014085124559 0.00072649014085124559 0.018509357713139343 -3.0298626250974466e-05 -0.054544575701806174 -0.0038960411256711018 0 running
290 0.20052194693526143 0.00072860762912413163 0.02 6.5988709999999999 0.12124211033634051 0.18702132514890976 0.14238356238877325 0.068784916372909219 0 0.11626188960552296 nan nan nan nan nan nan nan nan nan nan 5.8539680917998442 6.2726796836921501 3.8190573047297196 0 3.783899607572307 nan nan nan nan nan nan nan nan nan nan 0 21 0 9206 0 0 154 51 9 0 0.00072860762912413163 0.00072860762912413163 0.017203085986356531 -3.6086356093245609e-05 -0.051658643579847514 -0.0036899031167421234 0 running
300 0.20782066934053117 0.00073093551329627467 0.02 6.9433049999999996 0.11999716867001041 0.1850570126026875 0.14158666015137969 0.067298651977542978 0 0.11478071980888883 nan nan nan nan nan nan nan nan nan nan 5.9923405511543715 6.3954294156374765 3.6337601544355906 0 3.8174154940700213 nan nan nan nan nan nan nan nan nan nan 0 27 0 9224 36 0 100 37 9 0 0.00073093551329627467 0.00073093551329627467 0.0161641381764287 -2.7010364564742853e-05 -0.049510037634129561 -0.0035364312633145174 0 running
310 0.21514211458597474 0.00073305320063603015 0.02 7.2557010000000002 0.11874922193499081 0.18315101922166524 0.14066626558308076 0.065856824997447688 0 0.11330698582637992 nan nan nan nan nan nan nan nan nan nan 5.9781603355292141 6.3439136705213492 3.4091442645627801 0 3.7715592806677125 nan nan nan nan nan nan nan nan nan nan 0 27 0 9224 20 0 116 39 7 0 0.00073305320063603015 0.00073305320063603015 0.015187830769491957 -3.1198946838879852e-05 -0.045364007255532482 -0.0032402862359591929 0 running
320 0.22248415827978291 0.00073516988542746565 0.02 7.5673250000000003 0.11756895190672156 0.18136512660027609 0.13977320234431401 0.064539097211266869 0 0.11188002481703765 nan nan nan nan nan nan nan nan nan nan 5.8418605408356141 6.1570953110215516 3.1333072564786644 0 3.6409524113763538 nan nan nan nan nan nan nan nan nan nan 0 27 0 9234 31 0 95 34 6 0 0.00073516988542746565 0.00073516988542746565 0.014032954941872433 -2.4708182115358575e-05 -0.03862779828272879 -0.0027591284516794846 0 running
330 0.22984818917750199 0.00073743216841564026 0.02 7.8835259999999998 0.11657171987620735 0.17985996302505219 0.13904616815511228 0.063432827970797606 0 0.11062396906692086 nan nan nan nan nan nan nan nan nan nan 5.6616274403557014 5.9225618723488793 3.245450615529613 0 3.4822413472409477 nan nan nan nan nan nan nan nan nan nan 0 27 0 9216 9 0 135 46 6 0 0.00073743216841564026 0.00073743216841564026 0.013293946868609408 -2.5677929210110578e-05 -0.03795250243044667 -0.0027108930336084054 0 running
340 0.23723554467943711 0.00073981947537326426 0.02 8.2317110000000007 0.11571578852734479 0.17859833870012856 0.13837244410461044 0.062561124685443337 0 0.10951038478924698 nan nan nan nan nan nan nan nan nan nan 5.6960485052028664 5.6315648764690192 3.4287054579159113 0 3.6028975596096808 nan nan nan nan nan nan nan nan nan nan 0 27 0 9206 42 0 112 39 7 0 0.00073981947537326426 0.00073981947537326426 0.012424075423321381 -1.9955632519363937e-05 -0.037518373370727442 -0.0026798838150242921 0 running
350 0.24464738131147512 0.00074231451760314155 0.02 8.6048869999999997 0.11501798764000626 0.17759138160035401 0.13780711006126123 0.061928574956232454 0 0.10854050214327521 nan nan nan nan nan nan nan nan nan nan 5.8717182609032808 5.2549674170901373 3.5988429102225599 0 3.7503287662324434 nan nan nan nan nan nan nan nan nan nan 0 27 0 9225 27 0 108 37 6 0 0.00074231451760314155 0.00074231451760314155 0.011757184533478685 -1.403521770631799e-05 -0.026312497043411789 -0.0018794640765137888 0 running
360 0.25208466983923961 0.00074489787105882252 0.02 8.9238999999999997 0.11445673035877311 0.17679121563879102 0.13732695198184899 0.061537871715349989 0 0.10770784697125382 nan nan nan nan nan nan nan nan nan nan 6.0086498699531523 5.2263796318195572 3.7285491820703975 0 3.8670492392297313 nan nan nan nan nan nan nan nan nan nan 0 27 0 9197 67 0 96 38 9 0 0.00074489787105882252 0.00074489787105882252 0.01105624995026064 -1.663076964806449e-05 -0.037270046272411664 -0.0026621461651258655 0 running
370 0.25954818957885861 0.00074755072860811713 0.02 9.2399900000000006 0.11398192847497647 0.17611005391128187 0.13692388634424477 0.06129800603871887 0 0.10695350770219822 nan nan nan nan nan nan nan nan nan nan 6.3157522125702972 5.3355797008310288 3.7639564027908254 0 3.8851883061376187 nan nan nan nan nan nan nan nan nan nan 0 27 0 9221 58 0 81 33 7 0 0.00074755072860811713 0.00074755072860811713 0.010462036948105704 -1.4456182831375228e-05 -0.027860833701530311 -0.001990059552210452 0 running
380 0.26703854852156761 0.00075025932766296433 0.02 9.6108860000000007 0.11353309577239971 0.1754594207906971 0.13654562694278471 0.061121144185650844 0 0.10621821091675505 nan nan nan nan nan nan nan nan nan nan 6.5453193874834819 5.3859163566465771 3.8440813851439213 0 3.8189691515386706 nan nan nan nan nan nan nan nan nan nan 0 27 0 9216 40 0 104 38 6 0 0.00075025932766296433 0.00075025932766296433 0.0099115772911948993 -7.2299834365716751e-06 -0.021335758414158964 -0.0015239827454775485 0 running
390 0.27454051882976355 0.0007484311875669762 0.02 9.8951519999999995 0.11308754092882758 0.17480641890445009 0.13613698597143811 0.06100718522977009 0 0.10550601820465581 nan nan nan nan nan nan nan nan nan nan 6.7048476306333367 5.4842774865148511 3.9697934444516099 0 3.8868080622568266 nan nan nan nan nan nan nan nan nan nan 0 27 0 9221 99 4 36 23 7 0 0.0007484311875669762 0.0007484311875669762 0.009300124959542716 -7.92087197183655e-06 -0.021555126137298309 -0.0015396518685754743 0 running
400 0.2819976067396992 0.00074351393707787754 0.02 10.25577 0.11270961038589368 0.17422037578455365 0.1357821576968149 0.061034503508165604 0 0.1048929790829571 nan nan nan nan nan nan nan nan nan nan 6.7926181609124026 5.4645195157237989 4.0822331456568017 0 3.9483237279667249 nan nan nan nan nan nan nan nan nan nan 0 27 0 9216 65 9 70 29 6 0 0.00074351393707787754 0.00074351393707787754 0.0088490420059999832 -7.5508780168598281e-06 -0.011969726397811548 -0.00085498045788924451 0 running
410 0.28940670931489226 0.00073881203081051791 0.02 10.578836000000001 0.11244668330221146 0.17377350102891198 0.13553996085430339 0.061220781527074407 0 0.10442695145086851 nan nan nan nan nan nan nan nan nan nan 6.8121911752086053 5.3575526897683492 4.1720886390511467 0 3.9930759007602248 nan nan nan nan nan nan nan nan nan nan 0 27 0 9216 77 4 63 30 6 0 0.00073881203081051791 0.00073881203081051791 0.0082925144860232607 -5.9934480851869799e-06 -0.018889270307114091 -0.0013492335947898398 0 running
420 0.2967699590595273 0.00073432130261886868 0.02 10.937582000000001 0.11228953288290069 0.17344466501662822 0.13545670246270727 0.061475340084214812 0 0.10408606281356565 nan nan nan nan nan nan nan nan nan nan 6.7750924280125382 5.2147135285527746 4.2272513926007118 0 4.0175632322119927 nan nan nan nan nan nan nan nan nan nan 0 29 0 9203 54 0 103 39 7 0 0.00073432130261886868 0.00073432130261886868 0.0078547300251633166 -8.7237437493271176e-06 -0.019451415564140939 -0.0013893868274770093 0 running
430 0.30408943139956085 0.00073003501483846268 0.02 11.271222 0.11214453889567216 0.17310250730644744 0.13544609343138433 0.061679913298663555 0 0.10376634355359157 nan nan nan nan nan nan nan nan nan nan 6.6974651925852635 5.0400522815066058 4.2251596067860913 0 4.0006891750198621 nan nan nan nan nan nan nan nan nan nan 0 31 0 9208 57 0 95 34 7 0 0.00073003501483846268 0.00073003501483846268 0.0074479336548641303 -7.6929782333860751e-06 -0.01609591316184401 -0.0011497080842027426 0 running
440 0.31136714310865415 0.00072594895587350342 0.02 11.603005 0.1119591872335797 0.17266169337114262 0.13545855024171385 0.061784844942307002 0 0.10342075117739409 nan nan nan nan nan nan nan nan nan nan 6.5945177157835921 4.8181450214973314 4.1669005116949318 0 3.9590808280126257 nan nan nan nan nan nan nan nan nan nan 0 31 0 9234 76 4 46 24 6 0 0.00072594895587350342 0.00072594895587350342 0.0070406997290545252 -4.3130596834941436e-06 -0.021440637233819823 -0.0015314740897469478 0 running
450 0.31860510661143449 0.00072206628584250954 0.02 11.916762 0.11173662698072744 0.17212849570593983 0.13550800073316577 0.061772388564326146 0 0.10304806528761061 nan nan nan nan nan nan nan nan nan nan 6.4791712074288021 4.537517959326637 4.0252056099062541 0 3.8292891813407035 nan nan nan nan nan nan nan nan nan nan 0 31 0 9195 54 0 111 39 9 0 0.00072206628584250954 0.00072206628584250954 0.006697891244315227 -6.797188371659295e-06 -0.018800193143454484 -0.001342870940236007 0 running
460 0.3258054105725684 0.00071839786137930606 0.02 12.285372000000001 0.11150904676637065 0.1715472661376401 0.13563068672036388 0.061676279870088495 0 0.10268021404133267 nan nan nan nan nan nan nan nan nan nan 6.3957996529305587 4.6742516066355426 3.9242255009034341 0 3.6901848475468686 nan nan nan nan nan nan nan nan nan nan 0 26 0 9198 67 0 95 37 7 0 0.00071839786137930606 0.00071839786137930606 0.006393655309150266 -5.8526702294219014e-06 -0.020613686273617326 -0.0014724061639558332 0 running
470 0.33297027611677898 0.00071495813257471631 0.02 12.611725 0.111401306514298 0.17108662972194491 0.13593492078581088 0.061668095897239282 0 0.10246640354386019 nan nan nan nan nan nan nan nan nan nan 6.3052334694540466 4.7745339044173356 3.9078655485201361 0 3.6399423438961995 nan nan nan nan nan nan nan nan nan nan 0 27 0 9221 77 10 52 24 6 0 0.00071495813257471631 0.00071495813257471631 0.0061482538198210073 -3.0541223195078982e-06 -0.0088628949588638109 -0.00063306392630153071 0 running
480 0.34010206161598533 0.00071175917109904049 0.02 12.935504999999999 0.11150619359667381 0.17089335963652755 0.13645864856001874 0.061909948851665612 0 0.10251736999451552 nan nan nan nan nan nan nan nan nan nan 6.2038177006926869 4.8100547687103523 3.8865325581722816 0 3.5934498721601416 nan nan nan nan nan nan nan nan nan nan 0 28 0 9203 76 0 81 33 7 0 0.00071175917109904049 0.00071175917109904049 0.0058698801075553423 -5.1722927128093606e-06 -0.011376294474890164 -0.00081259246335010579 0 running
490 0.34720319489788759 0.00070880235097840782 0.02 13.256038 0.11180474776653898 0.1709560685049874 0.13717827469248589 0.062381582923150956 0 0.10279197352619514 nan nan nan nan nan nan nan nan nan nan 6.0891061396755646 4.7804508781881587 3.8666372436498295 0 3.5371974859543158 nan nan nan nan nan nan nan nan nan nan 0 28 0 9206 62 0 92 34 9 0 0.00070880235097840782 0.00070880235097840782 0.0055995139554469329 -5.0952747866955792e-06 -0.017415813333329675 -0.0012439866679798313 0 running
500 0.35427602313630163 0.0007060713824340192 0.02 13.584101 0.11223681101809672 0.1712061580358317 0.13804013413740243 0.062966561118083367 0 0.10321866951506509 nan nan nan nan nan nan nan nan nan nan 5.9661979644442384 4.772371050602791 3.846745661358379 0 3.4794540312738924 nan nan nan nan nan nan nan nan nan nan 0 31 0 9212 68 0 80 31 7 0 0.0007060713824340192 0.0007060713824340192 0.0053860963038270589 -4.527462393335429e-06 -0.015871810518363619 -0.0011337007525086707 0 running
510 0.36132264337663594 0.00070353578585139311 0.02 13.921818999999999 0.11274654323536028 0.1715743159733058 0.13896267609974436 0.063622211293041672 0 0.1037437132422401 nan nan nan nan nan nan nan nan nan nan 5.8465976766531096 4.7251754924308553 3.8198686989542701 0 3.4259223196780457 nan nan nan nan nan nan nan nan nan nan 0 31 0 9212 58 0 90 33 7 0 0.00070353578585139311 0.00070353578585139311 0.0051762225655875337 -4.3975132631920979e-06 -0.014912747490874583 -0.0010651962504728398 0 running
520 0.36834485011772955 0.00070116892106950057 0.02 14.264519 0.11327303607423272 0.17197885833428744 0.13987624989357766 0.064297356864105731 0 0.10429602297981687 nan nan nan nan nan nan nan nan nan nan 5.760376824668251 4.6401250559471316 3.7785928660944088 0 3.3751639878487634 nan nan nan nan nan nan nan nan nan nan 0 30 0 9217 59 0 84 30 7 0 0.00070116892106950057 0.00070116892106950057 0.0050073889032349458 -4.8695723012692753e-06 -0.0093419640060968326 -0.0006672831439971617 0 running
530 0.37534428504374817 0.0006989663995943141 0.02 14.619033 0.11380645391667131 0.17240227683401751 0.14078246984773779 0.064960147660934928 0 0.10486884717266737 nan nan nan nan nan nan nan nan nan nan 5.6525010834337452 4.5332563326584445 3.7078460219968226 0 3.3682639420291047 nan nan nan nan nan nan nan nan nan nan 0 28 0 9226 49 0 85 30 6 0 0.0006989663995943141 0.0006989663995943141 0.0048147225224662174 -3.4029473881556906e-06 -0.010695495136226659 -0.00076396393910851262 0 running
540 0.38232266484277977 0.00069694228545372433 0.02 14.9472 0.11431884281943702 0.17278843938073807 0.14169354231366371 0.065544040266483042 0 0.10542800001136507 nan nan nan nan nan nan nan nan nan nan 5.5403246707964726 4.4042580281655512 3.574623788188882 0 3.3026168593227068 nan nan nan nan nan nan nan nan nan nan 0 28 0 9208 74 0 78 32 7 0 0.00069694228545372433 0.00069694228545372433 0.0046462715579180811 -3.6356133638615332e-06 -0.011781908224170775 -0.00084156487404359623 0 running
550 0.3892816341257237 0.00069497237487298647 0.02 15.275180000000001 0.11482229701626913 0.17315406785518025 0.14262459363708632 0.066060477855379496 0 0.10598446490424987 nan nan nan nan nan nan nan nan nan nan 5.4648924224746906 4.2452002059718401 3.4504342321326549 0 3.2912441713500513 nan nan nan nan nan nan nan nan nan nan 0 33 0 9222 74 0 64 26 7 0 0.00069497237487298647 0.00069497237487298647 0.0044946832938677151 -5.0623037907288051e-06 -0.0089450863479704646 -0.0006389347398153474 0 running
560 0.39621674615254748 0.00069234902115857899 0.02 15.637988 0.11537695844791848 0.17358910162760602 0.14360198480301078 0.066614631832502602 0 0.10661612113578407 nan nan nan nan nan nan nan nan nan nan 5.4085778432105398 4.3639793137492555 3.4538513061871718 0 3.3215935409080375 nan nan nan nan nan nan nan nan nan nan 0 29 0 9200 78 0 82 32 9 0 0.00069234902115857899 0.00069234902115857899 0.0043517687991135017 -5.7512749085532323e-06 -0.0087326414692191108 -0.00062376010560280049 0 running
570 0.40312689550998709 0.00068996035958362111 0.02 16.030013 0.11600389346846067 0.17412373452548596 0.14462833988495569 0.067251912507487438 0 0.10735578764237605 nan nan nan nan nan nan nan nan nan nan 5.3709032322707539 4.538530207640358 3.4666943704961213 0 3.3747259729949448 nan nan nan nan nan nan nan nan nan nan 0 25 0 9243 26 0 91 30 6 0 0.00068996035958362111 0.00068996035958362111 0.0042236995396994631 -7.6503407573098859e-06 -0.012070792861220602 -0.00086219949099751306 0 running
580 0.40967063489797739 0.000687928110476079 0.02 16.411764999999999 0.11661776723639077 0.17467206182396822 0.14556914304408497 0.067919777126883546 0 0.10809587162613613 nan nan nan nan nan nan nan nan nan nan 5.3398388013720837 4.5960726269016465 3.4860278366181081 0 3.458805082337963 nan nan nan nan nan nan nan nan nan nan 0 25 0 9272 13 0 75 22 7 0 0.000687928110476079 0.000687928110476079 0.0041218691112580516 -7.8032317644985396e-06 -0.012965640502450694 -0.00092611717972429118 0 running
590 0.41653938797131196 0.00068605647549759268 0.02 16.794338 0.11716482777499893 0.17514150114330837 0.14633821799348987 0.068675608938598309 0 0.1087760341545732 nan nan nan nan nan nan nan nan nan nan 5.2739565058506912 4.5474576899283319 3.5138088058185448 0 3.4694019240292402 nan nan nan nan nan nan nan nan nan nan 0 25 0 9251 31 0 78 27 6 0 0.00068605647549759268 0.00068605647549759268 0.0039883685045508386 -9.0342524152194043e-06 -0.01590121369033436 -0.0011358009790802272 0 running
600 0.42339102622618874 0.00068447923870382254 0.02 17.097998 0.1175940674528833 0.175478801000752 0.14686680338731273 0.069461847297421719 0 0.10933529957304226 nan nan nan nan nan nan nan nan nan nan 5.4979179789119579 4.7382280226719775 3.537371888515926 0 3.7377412880555703 nan nan nan nan nan nan nan nan nan nan 0 25 0 9265 25 0 70 21 6 0 0.00068447923870382254 0.00068447923870382254 0.0038916568915255485 -1.0627264070745681e-05 -0.01980732071239253 -0.0014148086238075352 0 running
610 0.43022797737113821 0.00068287253620224477 0.02 17.408328999999998 0.11804450759586887 0.17586532366716234 0.14737019913222715 0.070322140968443983 0 0.10991240920179104 nan nan nan nan nan nan nan nan nan nan 5.7440686423439216 4.9320552826544315 3.5474928139725419 0 3.9446009675165472 nan nan nan nan nan nan nan nan nan nan 0 25 0 9287 9 10 54 18 6 0 0.00068287253620224477 0.00068287253620224477 0.0037838209445164974 -2.6013525226974831e-06 -0.0068853502264573947 -0.00049181073098050602 0 running
620 0.43704277653719981 0.00068031745875661359 0.02 17.756989999999998 0.11856454064139788 0.17637144609866168 0.14793491666262115 0.07124122339689444 0 0.11054778609059725 nan nan nan nan nan nan nan nan nan nan 5.867108629915224 5.0086097527109592 3.5375150431848303 0 4.0684774458286181 nan nan nan nan nan nan nan nan nan nan 0 23 0 9238 28 0 94 30 6 0 0.00068031745875661359 0.00068031745875661359 0.0036911960931274011 -1.1447633024030954e-05 -0.023035545949247321 -0.0016453961409691935 0 running
630 0.44383123550366538 0.00067762368468627927 0.02 18.064841000000001 0.11914793477137503 0.17700941172376666 0.14856336337125939 0.072176175048397212 0 0.11121306929415956 nan nan nan nan nan nan nan nan nan nan 5.9387896624893193 5.0114524378912897 3.4904680409207183 0 4.1285871499518203 nan nan nan nan nan nan nan nan nan nan 0 24 0 9238 42 8 72 29 5 0 0.00067762368468627927 0.00067762368468627927 0.0035949834811717569 -1.2211483423123223e-05 -0.025997819704230565 -0.0018569871236913983 0 running
640 0.45059218310726701 0.00067483332396778631 0.02 18.369402999999998 0.11975573582237277 0.17773634710604874 0.14918508875080838 0.073112642812102835 0 0.11187190435775701 nan nan nan nan nan nan nan nan nan nan 6.0543375269992747 4.9698715020272104 3.3907151232231758 0 4.1360514053701074 nan nan nan nan nan nan nan nan nan nan 0 23 0 9308 26 0 26 8 4 0 0.00067483332396778631 0.00067483332396778631 0.0035090623604237315 -1.2113614146772725e-06 -0.0035216827080346885 -0.00025154876512521079 0 running
650 0.45732495446030802 0.0006720011459851133 0.02 18.705162999999999 0.12029050023676244 0.17840594656237196 0.14969054872858925 0.073970780650826198 0 0.1124339970759646 nan nan nan nan nan nan nan nan nan nan 6.3425479398030928 4.8424870343674939 3.4879250467953762 0 4.1194621214184002 nan nan nan nan nan nan nan nan nan nan 0 22 0 9194 10 0 156 47 9 0 0.0006720011459851133 0.0006720011459851133 0.0034198396031039227 -1.5546973659200099e-05 -0.037474506641730229 -0.002676750477235468 0 running
660 0.46402938166193625 0.00066917071474469276 0.02 19.045888000000001 0.12070897320617914 0.178960476704592 0.15002947675044859 0.07470114084433617 0 0.11285975590376233 nan nan nan nan nan nan nan nan nan nan 6.583423731708181 4.9777158857435904 3.6982602475015884 0 4.2858754994514525 nan nan nan nan nan nan nan nan nan nan 0 24 0 9290 31 0 39 12 6 0 0.00066917071474469276 0.00066917071474469276 0.0033444683979162618 -1.4875983921497356e-06 -0.004642067524278125 -0.00033157625208423661 0 running
670 0.47070569081073871 0.00066637996882120288 0.02 19.331047999999999 0.12101739786658579 0.17940480413289339 0.15018659198576784 0.075332717408225669 0 0.11317658088857724 nan nan nan nan nan nan nan nan nan nan 6.7923345466357743 5.0893412238405684 3.8814713049831853 0 4.4313306100400034 nan nan nan nan nan nan nan nan nan nan 0 22 0 9254 36 0 70 22 6 0 0.00066637996882120288 0.00066637996882120288 0.003288644229424138 -1.0474591811831383e-05 -0.026192324314894253 -0.0018708803101820449 0 running
680 0.47735450412834457 0.00066367039896851154 0.02 19.636641000000001 0.12136911265860621 0.17992978321786651 0.15033845202485574 0.076040700260337227 0 0.11355061600690017 nan nan nan nan nan nan nan nan nan nan 6.87264580836794 5.1149275844267965 4.0061818233529101 0 4.5124027463035272 nan nan nan nan nan nan nan nan nan nan 0 23 0 9241 18 0 101 29 9 0 0.00066367039896851154 0.00066367039896851154 0.0032533670170971818 -1.8658228831816556e-05 -0.048987431698618668 -0.0034991022678814692 0 running
690 0.48395434429888545 0.00065625823184655102 0.02 19.95797 0.12181916470933492 0.18060751422887336 0.1505535524307893 0.076894924140011534 0 0.11402310620413346 nan nan nan nan nan nan nan nan nan nan 6.6196247179789971 4.8882787133705818 4.030944492867464 0 4.432359640850942 nan nan nan nan nan nan nan nan nan nan 0 27 0 9254 31 0 75 24 6 0 0.00065625823184655102 0.00065625823184655102 0.0032352230135087737 -1.8459519937102233e-05 -0.049855273254385941 -0.0035610909505017232 0 running
700 0.49046942804458443 0.00064751827937534006 0.02 20.326356000000001 0.12239200992202008 0.18144561213138341 0.15092839761235194 0.077828461174279551 0 0.11462922719550335 nan nan nan nan nan nan nan nan nan nan 6.5517439101745421 4.7002833915748212 4.0274193774677904 0 4.3607712106307481 nan nan nan nan nan nan nan nan nan nan 0 26 0 9272 10 0 78 20 6 0 0.00064751827937534006 0.00064751827937534006 0.0032295572941866504 -1.7036663600564907e-05 -0.046996496499479158 -0.0033568926106499284 0 running
710 0.49689188226031228 0.00063789664218448939 0.02 20.668534999999999 0.12299835249743984 0.18231060850464637 0.15137475617288257 0.078765308876867349 0 0.11527152694061062 nan nan nan nan nan nan nan nan nan nan 6.7721069477749296 4.5492038364305767 3.9911784753005022 0 4.2863888912164363 nan nan nan nan nan nan nan nan nan nan 0 26 0 9272 9 0 79 22 6 0 0.00063789664218448939 0.00063789664218448939 0.003231467844807327 -1.5256196869189995e-05 -0.042698681616094837 -0.0030499058329412103 0 running
720 0.50315021162929219 0.00062797386825983381 0.02 21.011921999999998 0.12343610571578861 0.18294457135699205 0.15163765328434961 0.079556212584926955 0 0.11571722399003728 nan nan nan nan nan nan nan nan nan nan 6.9195850126944416 4.5032404604336236 4.0118473896345748 0 4.2666247991391728 nan nan nan nan nan nan nan nan nan nan 0 26 0 9263 18 0 79 23 6 0 0.00062797386825983381 0.00062797386825983381 0.0032213342697643738 -1.8847975304031592e-05 -0.054243056668162946 -0.0038745040518167019 0 running
730 0.5093743193910486 0.00061770040681949985 0.02 21.271553999999998 0.12361213903261829 0.18321806257339188 0.15159718727961838 0.080133584894426776 0 0.11587858951862261 nan nan nan nan nan nan nan nan nan nan 6.9931774732864218 4.4973199101802583 4.1359151510892369 0 4.3311086499183489 nan nan nan nan nan nan nan nan nan nan 0 26 0 9272 9 0 79 22 6 0 0.00061770040681949985 0.00061770040681949985 0.0030974451427034804 -2.0796917961599792e-05 -0.061917457271744983 -0.0044226755240799054 0 running
740 0.51549550269210076 0.00060756684741907006 0.02 21.572082000000002 0.12366905759577883 0.18331337129418065 0.15145587598796864 0.080554749039664031 0 0.1159242725824751 nan nan nan nan nan nan nan nan nan nan 7.0371899434244654 4.4732214759773603 4.2250683831779217 0 4.373291325170519 nan nan nan nan nan nan nan nan nan nan 0 21 0 9290 9 0 61 16 6 0 0.00060756684741907006 0.00060756684741907006 0.0029802711239717903 -2.8698099843443145e-06 -0.012103496979529366 -0.00086453549945060559 0 running
750 0.52151463236837037 0.00059744427571261499 0.02 21.873194000000002 0.12367557424427757 0.18329713717115845 0.15127279348600037 0.08094714003545625 0 0.1159504217290248 nan nan nan nan nan nan nan nan nan nan 6.9767042299109274 4.3860207073851161 4.2729580202990443 0 4.3656933055876825 nan nan nan nan nan nan nan nan nan nan 0 21 0 9254 36 0 70 22 6 0 0.00059744427571261499 0.00059744427571261499 0.0028601905778335743 -1.8813601083435962e-05 -0.059748047898939449 -0.0042677177115730443 0 running
760 0.52743545112471457 0.00058785225860075142 0.02 22.222234 0.12370787417195793 0.18328951732680748 0.15110515287004711 0.081409336712182548 0 0.11602972106763419 nan nan nan nan nan nan nan nan nan nan 6.8243841736847095 4.2358994492935 4.2831471020590497 0 4.3108044860100518 nan nan nan nan nan nan nan nan nan nan 0 21 0 9236 36 0 88 28 6 0 0.00058785225860075142 0.00058785225860075142 0.0027639546975569726 -1.1314743190788538e-05 -0.037197302101843736 -0.002656950152936956 0 running
770 0.53326540978045911 0.00057911961214192559 0.02 22.539366999999999 0.12390754183807126 0.18357549009962412 0.15108682133913939 0.082009056410904321 0 0.11624423056942568 nan nan nan nan nan nan nan nan nan nan 6.7000685566742195 4.0893358501996611 4.2751486252778363 0 4.2523603534800305 nan nan nan nan nan nan nan nan nan nan 0 21 0 9241 27 0 92 27 9 0 0.00057911961214192559 0.00057911961214192559 0.0026735852652813828 -1.0142145369181757e-05 -0.034218993721116184 -0.0024442138398032341 0 running
780 0.53900971335491699 0.00057070446638798423 0.02 22.865159999999999 0.12414457311675327 0.18395464493962219 0.15112992046990942 0.082570040036172548 0 0.116455997715986 nan nan nan nan nan nan nan nan nan nan 6.5869773828742524 4.1903126763395058 4.248526057636032 0 4.1847965461833709 nan nan nan nan nan nan nan nan nan nan 0 21 0 9250 40 0 70 22 7 0 0.00057070446638798423 0.00057070446638798423 0.0026052205033564729 -1.6575340138259839e-05 -0.060686700073211641 -0.0043347642955204185 0 running
790 0.54467412746468746 0.00056301457260645143 0.02 23.150801999999999 0.12444146082440309 0.18442688923285827 0.15129672669885483 0.083086575965995321 0 0.11670916747585502 nan nan nan nan nan nan nan nan nan nan 6.4542146586009475 4.4603137269441424 4.2005856380865279 0 4.0961317394212617 nan nan nan nan nan nan nan nan nan nan 0 19 0 9254 36 0 70 22 6 0 0.00056301457260645143 0.00056301457260645143 0.0025304652142946445 -1.679587034827713e-05 -0.068864596663797226 -0.0049188997668932737 0 running
800 0.5502670758068442 0.00055627591700057254 0.02 23.480512999999998 0.1248150219078433 0.18502586271474861 0.15159649075697465 0.083575093346221499 0 0.11701746176652819 nan nan nan nan nan nan nan nan nan nan 6.3570096674306056 4.7106876545280141 4.1349831894768094 0 3.9998684327527796 nan nan nan nan nan nan nan nan nan nan 0 19 0 9232 71 0 57 22 7 0 0.00055627591700057254 0.00055627591700057254 0.0024528510917088027 -1.2225593655051586e-05 -0.056258916755721845 -0.0040184940582229378 0 running
810 0.55579645860218418 0.00055037018182009815 0.02 23.783391000000002 0.12509668971957227 0.18549951608120774 0.15180620486739779 0.08394939939390246 0 0.11723145027155962 nan nan nan nan nan nan nan nan nan nan 6.3761354070283893 4.8819553898004004 4.0322231425678758 0 3.8702368359947839 nan nan nan nan nan nan nan nan nan nan 0 19 0 9223 67 0 70 25 7 0 0.00055037018182009815 0.00055037018182009815 0.0023711119498241759 -1.2806376019584492e-05 -0.066671860187063073 -0.004762275732675467 0 running
820 0.56127378387238314 0.00054577079892887423 0.02 24.102965000000001 0.12515911300978061 0.18566618064620513 0.15177256484877472 0.084110951642183227 0 0.11722851011719246 nan nan nan nan nan nan nan nan nan nan 6.3886915942955689 4.9407379042345463 3.8797894464698728 0 3.7759169465258773 nan nan nan nan nan nan nan nan nan nan 0 19 0 9241 71 0 48 19 7 0 0.00054577079892887423 0.00054577079892887423 0.0022870265761942821 -8.9302691675480197e-06 -0.0538449935209937 -0.0038460709698460221 0 running
830 0.56671170183578934 0.00054223898091454133 0.02 24.493918000000001 0.12500727488159244 0.18553758995761385 0.15151000076801543 0.08403730544086048 0 0.11701430485562815 nan nan nan nan nan nan nan nan nan nan 6.4017480632288857 4.8741023156924603 3.8466496812391977 0 3.7602976468553111 nan nan nan nan nan nan nan nan nan nan 0 19 0 9223 63 0 74 25 7 0 0.00054223898091454133 0.00054223898091454133 0.0021967669003561743 -9.8257310661022085e-06 -0.070247867696713873 -0.0050177048407773544 0 running
840 0.57211932521789999 0.00053982570222374786 0.02 24.847408999999999 0.12475441620475816 0.18525545485037567 0.15117856979454786 0.083801238833198746 0 0.11670959971667616 nan nan nan nan nan nan nan nan nan nan 6.3900483564565222 4.6818206692160853 3.874461163163188 0 3.6855370324707937 nan nan nan nan nan nan nan nan nan nan 0 19 0 9232 63 0 65 22 7 0 0.00053982570222374786 0.00053982570222374786 0.0021070562412055802 -6.8524505367050636e-06 -0.057060451598620311 -0.0040757465470618471 0 running
850 0.57747010241496877 0.00053078027149572056 0.02 25.15372 0.12453147312490863 0.1849951486659073 0.15092978663225029 0.083526358367492087 0 0.1164507661133526 nan nan nan nan nan nan nan nan nan nan 6.3517664731850303 4.4518685825369877 3.8898572410161698 0 3.6879657559873031 nan nan nan nan nan nan nan nan nan nan 0 18 0 9241 40 0 79 25 7 0 0.00053078027149572056 0.00053078027149572056 0.0020204323601070899 -5.9826446929148862e-06 -0.061223384887523741 -0.0043730989251546141 0 running
860 0.58272439096651929 0.00052233139627960289 0.02 25.495301999999999 0.12449114856167867 0.18495108342980812 0.15094240880867513 0.083367490306937214 0 0.11640265405963662 nan nan nan nan nan nan nan nan nan nan 6.2802054152601787 4.7685969810756461 3.8936055663090867 0 3.6751343266328997 nan nan nan nan nan nan nan nan nan nan 0 18 0 9232 45 0 83 26 9 0 0.00052233139627960289 0.00052233139627960289 0.0019345247148736134 -4.8833738580821355e-06 -0.070164559547971697 -0.0050117542587180593 0 running
870 0.58790408242845604 0.00051492708192622881 0.02 25.854009999999999 0.12470225062066308 0.18521623265266252 0.15129612840854753 0.083397893945442905 0 0.1166296554281846 nan nan nan nan nan nan nan nan nan nan 6.1590580025401849 5.0891796726862202 3.8853482213347617 0 3.951738575757664 nan nan nan nan nan nan nan nan nan nan 0 20 0 9232 58 0 70 24 7 0 0.00051492708192622881 0.00051492708192622881 0.0016061848574065688 -6.0046436680387379e-06 -0.1188160007053993 -0.0084868572022033986 0 running
880 0.59304353106417629 0.00051276406189316082 0.02 26.16789 0.12513828518010728 0.18577628369847743 0.15194171554220909 0.083605800821085957 0 0.11708505306582664 nan nan nan nan nan nan nan nan nan nan 6.0410992643488672 5.3646251179718076 3.865613380497622 0 4.1994837142238808 nan nan nan nan nan nan nan nan nan nan 0 20 0 9236 76 0 48 20 6 0 0.00051276406189316082 0.00051276406189316082 0.00068612926195316896 -4.6943645921803695e-06 -0.18977106721780376 -0.013555076244154843 0 running
890 0.59814433768091835 0.00050949632951875551 0.02 26.475504000000001 0.12574605091592195 0.18658180951546796 0.15280105546763792 0.083943342144984209 0 0.11769846099328471 nan nan nan nan nan nan nan nan nan nan 6.2914772786794479 5.5676442113167122 3.8423561968814219 0 4.3915218281808217 nan nan nan nan nan nan nan nan nan nan 0 26 0 9236 89 0 35 18 6 0 0.00050949632951875551 0.00050949632951875551 0.00018257866021427981 -2.9640033854523827e-06 -0.35274715006047763 -0.025196225030922507 0 running
900 0.60244367795568265 0.00039235351141692152 0.02 26.798266000000002 0.12631884781748498 0.18736271610528216 0.15357693578224424 0.084293891983858657 0 0.1182629855588218 nan nan nan nan nan nan nan nan nan nan 6.4408284577130805 5.6750644565551722 3.8237212751613257 0 4.5042342639605284 nan nan nan nan nan nan nan nan nan nan 0 24 0 9245 27 0 88 27 6 0 0.00039235351141692152 0.00039235351141692152 -2.9327251182495321e-05 -2.3394575100354623e-05 -131.50601292230729 -9.3932866472252829 0 running
910 0.60600878521921808 0.00035183017605976586 0.02 27.118791999999999 0.12676806092330684 0.18798564672934992 0.1541560795224601 0.084598754722483335 0 0.11870575731907143 nan nan nan nan nan nan nan nan nan nan 6.5130904274208508 5.7121061770637089 3.8077466962657485 0 4.5577140711999631 nan nan nan nan nan nan nan nan nan nan 0 24 0 9232 71 0 57 22 7 0 0.00035183017605976586 0.00035183017605976586 -4.3158582411842999e-05 -1.1915641205104553e-05 -19.85586665290386 -1.4182761909905772 0 running
920 0.60938973136616126 0.00034510812048200486 0.02 27.420895000000002 0.12715365240892665 0.18852860054029352 0.15463540463042527 0.084873554805118878 0 0.11908650096671855 nan nan nan nan nan nan nan nan nan nan 6.5349758372896991 5.7007153257170735 3.7907343996372536 0 4.572334258411038 nan nan nan nan nan nan nan nan nan nan 0 24 0 9254 0 0 106 30 6 0 0.00034510812048200486 0.00034510812048200486 -5.845243468964546e-05 -1.8629656823539171e-06 -0.017136949850684046 -0.0012240678477698271 0 running
930 0.61224421509020366 0.00039312820570132448 0.02 27.720196000000001 0.1274292962136076 0.18892085483255056 0.15497336220079108 0.085068807356181914 0 0.11935909391409753 nan nan nan nan nan nan nan nan nan nan 6.5185009004422856 5.6566837567942869 3.7738276559072235 0 4.5577397707298113 nan nan nan nan nan nan nan nan nan nan 0 24 0 9254 0 0 106 30 6 0 0.00039312820570132448 0.00039312820570132448 -4.8431652472219541e-05 -1.6527816089989541e-06 -0.015871516533330136 -0.0011336797535776856 0 running
940 0.61602675221725867 0.00044321959721841449 0.02 28.051323 0.12768110368890198 0.18927726818085033 0.15528045027528348 0.085240005357441834 0 0.11961839404976007 nan nan nan nan nan nan nan nan nan nan 6.4499412064833948 5.5532349903655716 3.7459851643487418 0 4.5029055615610849 nan nan nan nan nan nan nan nan nan nan 0 26 0 9223 22 0 115 35 7 0 0.00044321959721841449 0.00044321959721841449 -1.4317770372234163e-05 -0.00017213051147898194 -250.06326291821603 -17.86166165587413 0 running
950 0.61993142457479689 0.00044406470194713208 0.02 28.43451 0.12781803549801735 0.18948825404978806 0.15545075750965126 0.085308750109508599 0 0.11974527846413877 nan nan nan nan nan nan nan nan nan nan 6.3255323447398997 5.3958161955943051 3.7089398423643596 0 4.4062729101267522 nan nan nan nan nan nan nan nan nan nan 0 31 0 9254 36 0 70 22 6 0 0.00044406470194713208 0.00044406470194713208 2.9894529361909066e-05 -5.4698874527288839e-05 -41.771955816844304 -2.9837111329248551 0 running
960 0.62341095452113748 0.0001818715915125945 0.02 28.777336999999999 0.12787352865754512 0.18959167165585541 0.15553617795538063 0.085291954395244632 0 0.11977885688997898 nan nan nan nan nan nan nan nan nan nan 6.170052441720502 5.2144196844440787 3.6681135624771697 0 4.287429773567097 nan nan nan nan nan nan nan nan nan nan 0 31 0 9272 49 0 39 42 12 1 0.000363743183025189 0.0001818715915125945 -3.5144528073221545e-05 -0.00062030368257407788 -22123.302450481307 -1580.2358909885379 0 running
970 0.62745526094752047 0.00045242754872140245 0.02 29.074297999999999 0.1278736124234191 0.18962576659726701 0.15557050091751343 0.085197990219405897 0 0.1197476267836687 nan nan nan nan nan nan nan nan nan nan 5.9394621619930454 4.9580884645534322 3.6110506730680321 0 4.1122138974141613 nan nan nan nan nan nan nan nan nan nan 0 23 0 9210 53 0 97 32 7 0 0.00045242754872140245 0.00045242754872140245 -1.516336624423543e-05 -0.0020554645842872283 -137315.73163572417 -9808.2665557646324 0 running
980 0.63111644553551394 0.00049440107924464459 0.02 29.367902999999998 0.12783389877603513 0.1896074030074405 0.15555687292519346 0.085070597653966115 0 0.11967294517439704 nan nan nan nan nan nan nan nan nan nan 5.828692519598194 4.6857068792418559 3.5496330450366251 0 3.9214529541870706 nan nan nan nan nan nan nan nan nan nan 0 24 0 9272 0 0 88 24 6 0 0.00049440107924464459 0.00049440107924464459 9.5308054540190238e-05 -2.1301917296993179e-06 -0.028927055506370199 -0.0020662182526365687 0 running
990 0.63556613684849639 0.00037959745129873126 0.02 29.718048 0.12776847751634979 0.18956201085880042 0.15552369193968069 0.084894494750690677 0 0.11956366203773718 nan nan nan nan nan nan nan nan nan nan 6.1571935684165755 4.9188130541067796 3.46035245924798 0 4.0199528397703137 nan nan nan nan nan nan nan nan nan nan 0 26 0 9232 45 0 83 26 7 0 0.00037959745129873126 0.00037959745129873126 -3.5653410822950114e-05 -1.7545051065646038e-05 -51.194398333510044 -3.6567427419687224 0 running
1000 0.63961254533996326 0.00045533052926394083 0.02 30.075831999999998 0.12778517417978683 0.18961737875477414 0.15561489912146034 0.084755622277884399 0 0.11954493313673789 nan nan nan nan nan nan nan nan nan nan 6.4363478987780534 5.1381684108875669 3.5156268908392456 0 4.2345144249432698 nan nan nan nan nan nan nan nan nan nan 0 28 0 9236 63 0 61 22 6 0 0.00045533052926394083 0.00045533052926394083 -1.1677322582690598e-06 -0.00025182166591482957 -1483.9208871057201 -105.99434919089093 0 running
1010 0.64318178951518234 0.00023337013866665457 0.02 30.434056999999999 0.12789473581492788 0.18978744117115492 0.15584164514869867 0.08467092889813127 0 0.1196254983539507 nan nan nan nan nan nan nan nan nan nan 6.6547200850776882 5.3057305243306594 3.6659436804645806 0 4.4016569162944164 nan nan nan nan nan nan nan nan nan nan 0 24 0 9259 57 0 44 17 7 0 0.00023337013866665457 0.00023337013866665457 -3.6483198065989191e-05 -1.3137208029330609e-06 -0.022975713249301102 -0.0016411223766828085 0 running
1020 0.64739740984917438 0.00049370668658069432 0.02 30.782869000000002 0.12813906615967871 0.19011444628072413 0.15627396971841795 0.084648431686161499 0 0.11986529146615582 nan nan nan nan nan nan nan nan nan nan 6.8659741690300304 5.4605301418953918 3.8146571769281463 0 4.5621738619188248 nan nan nan nan nan nan nan nan nan nan 0 28 0 9232 54 0 74 24 7 0 0.00049370668658069432 0.00049370668658069432 -4.8616723223916949e-06 -0.014704143233781686 -4571559.735550344 -326539.98145550617 0 running
1030 0.65233649294454921 0.00050643692301593211 0.02 31.104989 0.12846741248967392 0.1905101058170843 0.15685804014820906 0.084668968334094458 0 0.12021647550409394 nan nan nan nan nan nan nan nan nan nan 7.0221309803953389 5.558072997495322 3.9411297964434251 0 4.6839120967854182 nan nan nan nan nan nan nan nan nan nan 0 28 0 9241 23 0 96 27 9 0 0.00050643692301593211 0.00050643692301593211 -1.2405554172257922e-05 -5.9546792459045063e-05 -246.56765857241797 -17.611975630910642 0 running
1040 0.65717578595557258 0.00050049985538341087 0.02 31.43411 0.12879792446721394 0.19088403725243511 0.15743491793145711 0.084740845303205414 0 0.12058626294373379 nan nan nan nan nan nan nan nan nan nan 7.0992539906431693 5.5835019860308179 4.0257432955263601 0 4.7458845597192578 nan nan nan nan nan nan nan nan nan nan 0 28 0 9219 18 0 123 35 9 0 0.00050049985538341087 0.00050049985538341087 -2.2536438924047928e-05 -0.0059829360022091629 -3101431.2699768227 -221530.80523224111 0 running
1050 0.66217597919617943 0.00052776809616152185 0.02 31.813480999999999 0.12911094632816456 0.19123787358349992 0.15796359929385362 0.084845617660037453 0 0.12093378551112098 nan nan nan nan nan nan nan nan nan nan 7.1072636473944364 5.5416122062080717 4.0766750693898937 0 4.7538953308105754 nan nan nan nan nan nan nan nan nan nan 0 28 0 9223 27 0 110 33 9 0 0.00052776809616152185 0.00052776809616152185 -7.9361961681572051e-06 -0.00061922400526897062 -74213.401537770013 -5300.957258294713 0 running
1060 0.66743740321433287 0.00055154629721725567 0.02 32.09778 0.12934229232784655 0.19151905744351644 0.15834688458016785 0.084923174065787102 0 0.12116894077858663 nan nan nan nan nan nan nan nan nan nan 7.0477808542262839 5.4330424119226333 4.0881727695956265 0 4.7054967510843895 nan nan nan nan nan nan nan nan nan nan 0 31 0 9192 98 0 70 28 7 0 0.00055154629721725567 0.00055154629721725567 3.5204058599084932e-05 -4.2661186958828434e-05 -42.41390343616002 -3.0295645343529616 0 running
1070 0.67287393674271023 0.00055448767115590938 0.02 32.467559999999999 0.12949000670828326 0.19173288278085601 0.15858776159771817 0.084947719329643623 0 0.12128733527955887 nan nan nan nan nan nan nan nan nan nan 6.9319076323329138 5.2716828401394302 4.0638929453971793 0 4.610515970001674 nan nan nan nan nan nan nan nan nan nan 0 34 0 9232 62 0 66 24 7 0 0.00055448767115590938 0.00055448767115590938 2.4053240176037046e-05 -1.4443142395859464e-05 -7.9776744235544728 -0.56983388799838985 0 running
1080 0.67843813376155859 0.00055805071984819227 0.02 32.818609000000002 0.12952862266888865 0.19183893443989292 0.15867119436665122 0.084875099558671285 0 0.12126752755222305 nan nan nan nan nan nan nan nan nan nan 6.7663861487357 5.0674334081868722 4.0085298870951247 0 4.4778423291912866 nan nan nan nan nan nan nan nan nan nan 0 28 0 9223 27 9 101 32 9 0 0.00055805071984819227 0.00055805071984819227 2.3138925609555454e-05 -7.2788582669472394e-06 -6.1780656023074698 -0.44129040063074243 0 running
1090 0.68402745788269981 0.0005610785403661712 0.02 33.196823999999999 0.12938659164399799 0.19171697046311273 0.15850481765816909 0.084672361609102562 0 0.1210614211108863 nan nan nan nan nan nan nan nan nan nan 6.5498888259490009 4.8231854459236079 3.9217857616128189 0 4.3102131689714058 nan nan nan nan nan nan nan nan nan nan 0 28 0 9223 58 0 79 27 7 0 0.0005610785403661712 0.0005610785403661712 2.2715311906340757e-05 -7.2264037735203018e-06 -8.4772598558976977 -0.60551856177486829 0 running
1100 0.68901116942772833 0.00045355669881127678 0.02 33.524377999999999 0.12908437894166444 0.19136330741784197 0.15810623423027534 0.084402010802905464 0 0.12071739012183863 nan nan nan nan nan nan nan nan nan nan 6.3046867194425893 4.5656128772703308 3.8130374171338608 0 4.1263855527839866 nan nan nan nan nan nan nan nan nan nan 0 22 0 9236 63 0 61 22 6 0 0.00045355669881127678 0.00045355669881127678 -4.1073795386667639e-06 -0.00065864312264105756 -32323.870237098748 -2308.8478765162095 0 running
1110 0.69330793078366915 0.00041725046945120028 0.02 33.848931999999998 0.12871160205603538 0.1908934424221122 0.15759316298715956 0.084132060223429908 0 0.12032982831224968 nan nan nan nan nan nan nan nan nan nan 6.0483945868375226 4.3328660541132793 3.6917204169627529 0 3.9376921606306454 nan nan nan nan nan nan nan nan nan nan 0 22 0 9236 85 0 39 18 6 0 0.00041725046945120028 0.00041725046945120028 1.2558343037730421e-05 -4.6314657974505444e-05 -129.07857529659799 -9.2198982452058367 0 running
1120 0.69740170469004725 0.00040423343046991036 0.02 34.165612000000003 0.12831014308801611 0.19036527228175174 0.15703134511834063 0.083872617777856012 0 0.11993776654100513 nan nan nan nan nan nan nan nan nan nan 5.8098560724239361 4.1454703524360017 3.5539286804902011 0 3.7339218672522527 nan nan nan nan nan nan nan nan nan nan 0 22 0 9223 76 0 61 23 7 0 0.00040423343046991036 0.00040423343046991036 2.5180392226561999e-05 -1.554062977143807e-05 -21.601015446148718 -1.5429296763539642 0 running
1130 0.70117143462058928 0.0004107334139474489 0.02 34.560116999999998 0.12795892949067383 0.18988156797052214 0.15653822751752261 0.083664069783568898 0 0.11961828906975136 nan nan nan nan nan nan nan nan nan nan 6.0410632945393932 4.1953573483551665 3.4140497451605238 0 3.6209672077602644 nan nan nan nan nan nan nan nan nan nan 0 20 0 9228 40 0 92 28 9 0 0.0004107334139474489 0.0004107334139474489 8.0991523803322925e-05 -1.401066421515503e-05 -5.3582688264700167 -0.38273348800909879 0 running
1140 0.70603540460176861 0.00056843910767479108 0.02 34.886612 0.12763771841586402 0.18939074762973993 0.15609610611894159 0.083491565962852343 0 0.11937857677095966 nan nan nan nan nan nan nan nan nan nan 6.3009640919996581 4.3643221863249373 3.4989744674146439 0 3.8034611306667498 nan nan nan nan nan nan nan nan nan nan 0 19 0 9246 49 0 65 20 9 0 0.00056843910767479108 0.00056843910767479108 0.00029830833898848746 -1.7602307674636116e-06 -0.14925812045830922 -0.010661294329707064 0 running
1150 0.71171436863812199 0.00056793757356549178 0.02 35.248207000000001 0.12751827480569891 0.18910438304350399 0.15596451716327958 0.083454938580093257 0 0.11939190497459361 nan nan nan nan nan nan nan nan nan nan 6.533166080678054 4.5076699327279384 3.6804903901295121 0 3.9775270417756152 nan nan nan nan nan nan nan nan nan nan 0 19 0 9241 67 0 52 19 7 0 0.00056793757356549178 0.00056793757356549178 0.00033326539451830248 -4.4988096854020598e-06 -0.25035407322345815 -0.017882433820556213 0 running
1160 0.71740009901699553 0.00056932635153399461 0.02 35.546405 0.1276697946293712 0.18912695546873232 0.1562521780889693 0.083585211721955002 0 0.11969814636203106 nan nan nan nan nan nan nan nan nan nan 6.6800894055450808 4.6963642000961974 3.8156663340454795 0 4.0992947753700868 nan nan nan nan nan nan nan nan nan nan 0 19 0 9290 0 0 70 18 6 0 0.00056932635153399461 0.00056932635153399461 0.00031239117509887152 -9.131322037517424e-07 -0.099749317278922764 -0.0071249512417314326 0 running
1170 0.72309594026465795 0.00056967955949680676 0.02 35.889344000000001 0.12804768749295806 0.18941576076537431 0.15692348302987225 0.083811696770663621 0 0.12022204828292285 nan nan nan nan nan nan nan nan nan nan 6.7627807291003652 4.9294915917752018 3.903287615253439 0 4.1711810824363411 nan nan nan nan nan nan nan nan nan nan 0 24 0 9233 53 0 74 23 9 0 0.00056967955949680676 0.00056967955949680676 0.00027296066732193864 -1.9558601075290479e-06 -0.072723651269346393 -0.0051945465247235341 0 running
1180 0.72879796180307932 0.00057059898602210475 0.02 36.208404999999999 0.12849575955644454 0.18980331332218586 0.15772529085950915 0.084057841970851949 0 0.12077878620993296 nan nan nan nan nan nan nan nan nan nan 6.736930623986269 5.1393059702339681 3.9359325380935886 0 4.1734401393537421 nan nan nan nan nan nan nan nan nan nan 0 24 0 9277 13 9 61 18 7 0 0.00057059898602210475 0.00057059898602210475 0.00022159100553059794 -4.9735538144896222e-07 -0.022800411125018502 -0.0016286007963636879 0 running
1190 0.7344971402086522 0.00056905776790347636 0.02 36.551532000000002 0.12882784686807308 0.19005479269566994 0.15836899705348365 0.084239018150876352 0 0.12118289899971191 nan nan nan nan nan nan nan nan nan nan 6.7018411357306089 5.2864031819697654 3.9514841869352662 0 4.1537467882741144 nan nan nan nan nan nan nan nan nan nan 0 33 0 9245 67 2 46 17 7 0 0.00056905776790347636 0.00056905776790347636 0.00015102671891303063 -4.6506256661949689e-06 -0.69904003385559843 -0.049931431042404203 0 running
1200 0.74017777804144202 0.00056731401196522869 0.02 36.881265999999997 0.12901338193276773 0.19014593476983468 0.15878992884615209 0.084352777587621719 0 0.12139668236588651 nan nan nan nan nan nan nan nan nan nan 6.6159571806670812 5.3443285440877926 3.9410760578423596 0 4.1959692814020908 nan nan nan nan nan nan nan nan nan nan 0 36 0 9245 62 7 46 18 7 0 0.00056731401196522869 0.00056731401196522869 7.1571924207399762e-05 -3.789948238735085e-06 -0.73267249283004265 -0.052333749543115211 0 running
1210 0.74584350104872543 0.00056603221691537266 0.02 37.244678 0.12913378980267007 0.19018412425633882 0.15910674883359788 0.084430308325088577 0 0.12150820028534387 nan nan nan nan nan nan nan nan nan nan 6.518257503456045 5.3007041435071116 3.9130960185314807 0 4.2007584209340623 nan nan nan nan nan nan nan nan nan nan 0 33 0 9254 40 2 64 22 6 0 0.00056603221691537266 0.00056603221691537266 6.1238795227355702e-06 -2.6189512211847614e-06 -2.4358296846097391 -0.17398783479868116 0 running
1220 0.75149861656323846 0.00056516239675228513 0.02 37.586643000000002 0.12920089418191741 0.19017990637944598 0.15934732590836245 0.084449699240562684 0 0.12154273536733035 nan nan nan nan nan nan nan nan nan nan 6.4179367069443458 5.1582189935778846 3.8741544547719231 0 4.1255490143291214 nan nan nan nan nan nan nan nan nan nan 0 36 0 9282 17 0 61 17 6 0 0.00056516239675228513 0.00056516239675228513 1.7682036818488604e-06 -2.4461525523989265e-06 -38.188695389859397 -2.7277639592985556 0 running
1230 0.75661779309558441 0.0002504393533014432 0.02 37.971179999999997 0.1291810234091178 0.19009178352156528 0.15945612662156625 0.084380762274080034 0 0.12148015691304398 nan nan nan nan nan nan nan nan nan nan 6.3244434405379142 4.9518182478815493 3.8328034403908067 0 3.9921836248523479 nan nan nan nan nan nan nan nan nan nan 0 36 0 9272 75 0 13 35 11 1 0.0005008787066028864 0.0002504393533014432 -4.6481159205231434e-07 -5.9096995064692487e-06 -91.809916874912389 -6.5578512122747936 0 running
1240 0.76209067476060366 0.0005497974777508444 0.02 38.321100999999999 0.12906594558821596 0.1898966767716104 0.15944320971119699 0.084217641023874523 0 0.12130373251209216 nan nan nan nan nan nan nan nan nan nan 6.2114884551564558 4.6557967074573661 3.7821312352089858 0 3.7900029318669706 nan nan nan nan nan nan nan nan nan nan 0 33 0 9254 58 0 48 18 7 0 0.0005497974777508444 0.0005497974777508444 4.1088712524221113e-08 -7.2927429901857712e-06 -6212.0711189610774 -443.7193661085646 0 running
1250 0.76639741789333737 0.0005425868339410698 0.02 38.824354 0.1289573173273976 0.18972070701802862 0.15941518702109816 0.084065125971203469 0 0.12114394137739171 nan nan nan nan nan nan nan nan nan nan 6.1186139330111891 4.3764052325836627 3.7391873369725013 0 3.721091840445593 nan nan nan nan nan nan nan nan nan nan 0 38 0 9299 13 0 48 13 6 0 0.0005425868339410698 0.0005425868339410698 8.5621098255177583e-06 -1.0214223956384516e-06 -2.4441447586875227 -0.17458176866200706 0 running
1260 0.77097032299180879 0.00053469227396658826 0.02 39.157347000000001 0.12888729453478659 0.1895836869801715 0.15946130266575226 0.083925435202415841 0 0.12102195408980529 nan nan nan nan nan nan nan nan nan nan 6.0074381230286891 4.0568159059280759 3.6867094796826816 0 3.6412647448305573 nan nan nan nan nan nan nan nan nan nan 0 32 0 9290 18 0 52 14 6 0 0.00053469227396658826 0.00053469227396658826 1.5465299487679815e-05 -2.3205763092247744e-06 -4.0682477347819344 -0.29058912421980504 0 running
1270 0.7745610451271292 0.0002649752544599926 0.02 39.655560000000001 0.12889746080890171 0.18955027189921828 0.15960300978565603 0.083850574753181986 0 0.12099351973872408 nan nan nan nan nan nan nan nan nan nan 5.9028577227338843 4.1637123946499797 3.6369387024168081 0 3.5689849980095008 nan nan nan nan nan nan nan nan nan nan 0 32 0 9259 44 0 57 46 16 1 0.00052995050891998521 0.0002649752544599926 1.2274616904612908e-05 -2.2589032653009736e-06 -4.6878525377984444 -0.3348466101962837 0 running
1280 0.77852108357593253 0.00052660589392047538 0.02 40.211616999999997 0.12899980234624822 0.18961946577321517 0.15990347781839137 0.083818200272350499 0 0.12105614528566226 nan nan nan nan nan nan nan nan nan nan 5.7635451540418465 4.3251224655018952 3.5705059369231433 0 3.4756288918291816 nan nan nan nan nan nan nan nan nan nan 0 30 0 9272 31 0 57 18 6 0 0.00052660589392047538 0.00052660589392047538 1.9115686271077522e-05 -1.9719873536391754e-06 -2.7894384925290709 -0.19924560681958681 0 running
1290 0.78324517114812908 0.00052366636718773367 0.02 40.584017000000003 0.12925399536864884 0.18985334255933123 0.16046088041978568 0.08386603853498506 0 0.12127439279665915 nan nan nan nan nan nan nan nan nan nan 5.5717172735056 4.5287179333339784 3.4741267714150186 0 3.5393646659559259 nan nan nan nan nan nan nan nan nan nan 0 30 0 9290 9 0 61 16 6 0 0.00052366636718773367 0.00052366636718773367 2.6880857710430742e-05 -1.7477406027538283e-06 -1.9850883477324017 -0.14179202498773552 0 running
1300 0.78820953549096651 0.00052184045253607814 0.02 40.929600999999998 0.12962813627742326 0.19021149237957008 0.16118519993177594 0.084024768075788583 0 0.12163891816886234 nan nan nan nan nan nan nan nan nan nan 5.6904224099961898 4.7349382738686501 3.3567103906794888 0 3.7303366205548363 nan nan nan nan nan nan nan nan nan nan 0 27 0 9277 44 0 39 13 7 0 0.00052184045253607814 0.00052184045253607814 2.9110523372417647e-05 -2.2483251648976291e-06 -2.4631820216040206 -0.17594157315747835 0 running
1310 0.79316148834272071 0.00052075144416190166 0.02 41.292647000000002 0.13003039237121627 0.19058389424240979 0.16190853563102758 0.084277068080223491 0 0.12206676796769016 nan nan nan nan nan nan nan nan nan nan 5.9113545703132475 4.9123203859029267 3.2237005800394898 0 3.9036303776872652 nan nan nan nan nan nan nan nan nan nan 0 26 0 9259 31 0 70 21 7 0 0.00052075144416190166 0.00052075144416190166 4.2462289846289698e-05 -2.0968595260674794e-06 -1.5915663729549225 -0.11368331247395211 0 running
1320 0.79810635675276542 0.00052023388042148164 0.02 41.602369000000003 0.13039473474860139 0.19089206172644407 0.1625278083530397 0.084592672304927993 0 0.12248651486954273 nan nan nan nan nan nan nan nan nan nan 6.0925112496477176 5.0485748260995065 3.2405383146970852 0 4.048062010163922 nan nan nan nan nan nan nan nan nan nan 0 26 0 9290 0 0 70 18 6 0 0.00052023388042148164 0.00052023388042148164 6.8670895787394597e-05 -2.2168924702992376e-06 -1.0587945590452523 -0.075628182868796343 0 running
1330 0.80265700530409956 0.0005199629917552837 0.02 41.979188999999998 0.13065942276416473 0.19107637447595222 0.16295719593270658 0.084908993111121753 0 0.12281961604342469 nan nan nan nan nan nan nan nan nan nan 6.2051878668123566 5.1194701068939725 3.3455654924739937 0 4.1437825685381346 nan nan nan nan nan nan nan nan nan nan 0 26 0 9272 36 0 52 16 6 0 0.0005199629917552837 0.0005199629917552837 0.00011349977557719385 -1.6363960871449276e-06 -0.48159391794984802 -0.03439956560416603 0 running
1340 0.80783127298154944 0.00051603015197728493 0.02 42.295499 0.13085884505852846 0.19114963989492789 0.16328901105879245 0.085231219188672255 0 0.12310296487637194 nan nan nan nan nan nan nan nan nan nan 6.2914771265485054 5.1564783440250306 3.4442566306900835 0 4.2168837155299386 nan nan nan nan nan nan nan nan nan nan 0 26 0 9259 53 0 48 17 7 0 0.00051603015197728493 0.00051603015197728493 0.00013246088082181337 -2.1362655450387785e-06 -0.54221466825346432 -0.038729619201853235 0 running
1350 0.81274822841117977 0.00051451024671754139 0.02 42.617100999999998 0.13096925913244661 0.19112833984392924 0.16349801743803752 0.085468107913112226 0 0.1232813559326674 nan nan nan nan nan nan nan nan nan nan 6.3294407324955628 5.1458188960137363 3.5144093430638694 0 4.247254353427536 nan nan nan nan nan nan nan nan nan nan 0 29 0 9308 39 0 13 6 4 0 0.00051451024671754139 0.00051451024671754139 0.00019168352729585032 -1.9884561623667449e-07 -0.027109700156172804 -0.0019364071560568402 0 running
1360 0.81787360035843604 0.00051026713767660602 0.02 42.944392999999998 0.13101716873471045 0.19103101180418583 0.1636440738891313 0.085622152785065742 0 0.12338601654477038 nan nan nan nan nan nan nan nan nan nan 6.3168100217252352 5.08110526795579 3.557232119921208 0 4.2331056435120491 nan nan nan nan nan nan nan nan nan nan 0 32 0 9290 44 0 26 10 4 0 0.00051026713767660602 0.00051026713767660602 0.000216558757271096 -1.9885011537805514e-06 -0.29236274621514169 -0.020883053323130292 0 running
1370 0.82299860460919394 0.00051156581090228256 0.02 43.250430999999999 0.13102198269291226 0.19090690331601912 0.1637497670326869 0.085692070637944484 0 0.12341489714260372 nan nan nan nan nan nan nan nan nan nan 6.2565671822656999 4.9697085920737543 3.5703141233335876 0 4.1784182579651974 nan nan nan nan nan nan nan nan nan nan 0 32 0 9259 53 0 48 17 7 0 0.00051156581090228256 0.00051156581090228256 0.00020408700887498548 -1.401768663261693e-06 -0.15709226589633388 -0.011220876147299644 0 running
1380 0.82808773964298055 0.00050825372726037168 0.02 43.519492 0.13099691391964841 0.19077006734665941 0.16382823826033285 0.085701732370423819 0 0.1233825761772455 nan nan nan nan nan nan nan nan nan nan 6.1736952552218982 4.8420610255099152 3.565912506764644 0 4.1077923355012249 nan nan nan nan nan nan nan nan nan nan 0 32 0 9290 57 0 13 8 4 0 0.00050825372726037168 0.00050825372726037168 0.00018386846194190206 -1.4317064080667654e-06 -0.1251852769810354 -0.0089418055080863219 0 running
1390 0.83290089287624558 0.0005055065293846073 0.02 43.834496999999999 0.13092825297028871 0.19059148396912451 0.163853229500486 0.085650331441112462 0 0.1232966474564299 nan nan nan nan nan nan nan nan nan nan 6.075925596057643 4.7104731109393931 3.5458898609361054 0 4.0291493214212615 nan nan nan nan nan nan nan nan nan nan 0 32 0 9259 57 0 44 17 7 0 0.0005055065293846073 0.0005055065293846073 0.00015968115545384005 -1.8989967844798731e-06 -0.15534312187288871 -0.011095937288350219 0 running
1400 0.83796262959097279 0.00050394509577814529 0.02 44.133178000000001 0.13080334863796847 0.19035348665189772 0.16381173592535575 0.085547867012628925 0 0.12312760785748458 nan nan nan nan nan nan nan nan nan nan 5.9406520144616586 4.5470228200754583 3.4999807782524162 0 3.9207878664083755 nan nan nan nan nan nan nan nan nan nan 0 35 0 9321 39 0 0 3 2 0 0.00050394509577814529 0.00050394509577814529 0.0001340416071893823 -1.5214974585985525e-07 -0.03972826953610463 -0.0028377335412893231 0 running
1410 0.84299579752650233 0.0005025317919463663 0.02 44.415022 0.1306860682156846 0.19014338788133314 0.16378379710403376 0.085436799691598522 0 0.12294370759833168 nan nan nan nan nan nan nan nan nan nan 5.7665416809187553 4.5713988080516952 3.4673137599459753 0 3.7798676895041292 nan nan nan nan nan nan nan nan nan nan 0 38 0 9259 62 0 39 15 7 0 0.0005025317919463663 0.0005025317919463663 0.00010615000428918909 -1.9949973492053466e-06 -0.1106425466331814 -0.0079030390535714291 0 running
1420 0.84793682245468716 0.00048694370007930181 0.02 44.678379 0.13058808591831081 0.18997330386813763 0.16378811838459123 0.085315821618300217 0 0.12276419508184942 nan nan nan nan nan nan nan nan nan nan 5.8113103782141291 4.6058707387800784 3.469381788374768 0 3.607669470681186 nan nan nan nan nan nan nan nan nan nan 0 42 0 9303 31 0 26 9 6 0 0.00048694370007930181 0.00048694370007930181 8.3475894160189585e-05 -2.2010462594505491e-06 -0.095912075349207718 -0.0068508625321766848 0 running
1430 0.8527460440584298 0.00047748283313740606 0.02 44.963655000000003 0.1305033827449063 0.18982957117389274 0.16382844334601598 0.085157397429813236 0 0.12259223980764689 nan nan nan nan nan nan nan nan nan nan 5.858532509006543 4.6034545548947197 3.4695820953153222 0 3.5450226667618976 nan nan nan nan nan nan nan nan nan nan 0 44 0 9258 51 0 51 18 6 0 0.00047748283313740606 0.00047748283313740606 6.9804626912805412e-05 -1.8103390358347422e-06 -0.099003482783458163 -0.0070716773491419993 0 running
1440 0.85747378940442465 0.00046982199220937156 0.02 45.243265999999998 0.13043358276410183 0.18970956156507718 0.16392113413959164 0.084939330806048555 0 0.12243386655168516 nan nan nan nan nan nan nan nan nan nan 5.8956520935498382 4.5734727062955738 3.4654845342538261 0 3.5430174184809058 nan nan nan nan nan nan nan nan nan nan 0 43 0 9308 13 0 39 10 6 0 0.00046982199220937156 0.00046982199220937156 7.3328303748507114e-05 -2.1664518656438337e-06 -0.076345944182667921 -0.005453281733091106 0 running
1450 0.86215977653779086 0.00046931984776074994 0.02 45.493353999999997 0.13037374591901688 0.18959895035576876 0.16405728353544261 0.084671814301552795 0 0.12228940154660711 nan nan nan nan nan nan nan nan nan nan 5.9125322610103304 4.5177858630776049 3.4548874989152938 0 3.5186417606559246 nan nan nan nan nan nan nan nan nan nan 0 43 0 9297 26 0 37 11 4 0 0.00046931984776074994 0.00046931984776074994 6.9378966201444548e-05 -1.7448119141961686e-06 -0.056117192488622243 -0.0040083708962765632 0 running
1460 0.8668704269685038 0.00047138117170809207 0.02 45.770378999999998 0.13029609950345647 0.18944878271509985 0.1641825036876649 0.084383009549208701 0 0.12213983641346551 nan nan nan nan nan nan nan nan nan nan 5.8965256914475894 4.4218256770563178 3.4343042586187029 0 3.4642184274788423 nan nan nan nan nan nan nan nan nan nan 0 42 0 9297 38 0 25 9 4 0 0.00047138117170809207 0.00047138117170809207 6.4421260702020951e-05 -1.7667224140984271e-06 -0.054843748272225039 -0.0039174105950092967 0 running
1470 0.87170271903779273 0.00048262002325124279 0.02 46.039842 0.13017880654868588 0.18922424060801296 0.16424703442721683 0.084104019718981779 0 0.12196811340467444 nan nan nan nan nan nan nan nan nan nan 5.8327381065700088 4.2771288411346191 3.3987540946931336 0 3.3733701934009139 nan nan nan nan nan nan nan nan nan nan 0 42 0 9308 52 0 0 4 2 0 0.00048262002325124279 0.00048262002325124279 6.9297535803987439e-05 -5.4951364295567787e-07 -0.048839499739638075 -0.0034885356993716995 0 running
1480 0.87634449370491529 0.00045130952371396602 0.02 46.327292 0.13004261699720271 0.18896595478068551 0.16424376075824496 0.083886232070173233 0 0.1217964130518101 nan nan nan nan nan nan nan nan nan nan 5.7314794417914428 4.0957391974061501 3.3517090507029752 0 3.2523180782102257 nan nan nan nan nan nan nan nan nan nan 0 42 0 9308 39 0 13 6 4 0 0.00045130952371396602 0.00045130952371396602 6.1760398305139378e-05 -8.7415680226775467e-07 -0.071822167661688238 -0.0051301548383942503 0 running
1490 0.8807689504791294 0.00043658396224333535 0.02 46.621220999999998 0.1299360766994293 0.18875724828729676 0.16422466860348345 0.083758404055818136 0 0.12166515249366207 nan nan nan nan nan nan nan nan nan nan 5.6200065547012805 3.9923784242105365 3.3014149767614525 0 3.3205906018071958 nan nan nan nan nan nan nan nan nan nan 0 44 0 9299 39 0 22 9 4 0 0.00043658396224333535 0.00043658396224333535 4.9067659859338688e-05 -9.0950894442265258e-07 -0.071041291267258111 -0.0050743779530189222 0 running
1500 0.88508979108269981 0.00042862702970313459 0.02 46.920870999999998 0.12986804504909527 0.18860224525957464 0.16421859566146171 0.083706163229428671 0 0.12158647039782852 nan nan nan nan nan nan nan nan nan nan 5.5342791043589035 4.0899346994360997 3.2448451867102892 0 3.430523469245343 nan nan nan nan nan nan nan nan nan nan 0 44 0 9233 92 0 35 18 5 0 0.00042862702970313459 0.00042862702970313459 3.8768723662864976e-05 -3.4885922091155285e-06 -0.10035592945646277 -0.0071682806830300387 0 running
1510 0.88935120514434229 0.00042407495912577661 0.02 47.223919000000002 0.12987229079785376 0.18854541225085331 0.16428447404234583 0.083730288078874698 0 0.12159168372641975 nan nan nan nan nan nan nan nan nan nan 5.6486388187772008 4.1684557785823841 3.1819156275620428 0 3.5242190002293765 nan nan nan nan nan nan nan nan nan nan 0 40 0 9264 9 0 87 25 6 0 0.00042407495912577661 0.00042407495912577661 2.7895640118426753e-05 -2.9476838883803197e-06 -0.25605833721433041 -0.018289881248905848 0 running
1520 0.89358238036258952 0.00042176452080357928 0.02 47.523536999999997 0.12997052520059099 0.1886143139191046 0.16446204340731288 0.083831592510568376 0 0.12169974554141805 nan nan nan nan nan nan nan nan nan nan 5.7448598633093457 4.2284084016915342 3.1766336308213359 0 3.6012400868953414 nan nan nan nan nan nan nan nan nan nan 0 40 0 9231 59 0 70 24 7 0 0.00042176452080357928 0.00042176452080357928 1.9660057213836758e-05 -2.5384443716559841e-06 -0.31465250960417629 -0.022475179281170904 0 running
1530 0.89779771807609177 0.00042100183054325738 0.02 47.830416 0.13016677286784092 0.18881298706712824 0.16476532511326625 0.084001759200746373 0 0.1219126400355123 nan nan nan nan nan nan nan nan nan nan 5.8247206182361015 4.2704254428522077 3.2448162459544165 0 3.6617498458369657 nan nan nan nan nan nan nan nan nan nan 0 40 0 9264 35 0 61 19 6 0 0.00042100183054325738 0.00042100183054325738 1.3176398326517526e-05 -1.9346928745517933e-06 -0.48332849858858268 -0.034523464221349318 0 running
1540 0.90201557581332859 0.0004216330630709638 0.02 48.131349999999998 0.13044729683132683 0.189122471330509 0.16518092358035275 0.084224214527202551 0 0.12221587975079054 nan nan nan nan nan nan nan nan nan nan 5.8904049587842184 4.2957945335100494 3.3040637589902242 0 3.7068695423852973 nan nan nan nan nan nan nan nan nan nan 0 38 0 9238 83 0 39 18 6 0 0.0004216330630709638 0.0004216330630709638 9.7047960942213156e-06 -1.1961221327253834e-06 -0.5354137895240334 -0.038243842149238136 0 running
1550 0.90623188224595941 0.0004221740699466472 0.02 48.465975 0.13077275629947802 0.18949122366342885 0.16565561735792486 0.084472715454474698 0 0.1225692534319348 nan nan nan nan nan nan nan nan nan nan 5.9429756714917996 4.3867958052739713 3.3555442266634969 0 3.7377788727414609 nan nan nan nan nan nan nan nan nan nan 0 38 0 9282 43 0 35 13 6 0 0.0004221740699466472 0.0004221740699466472 9.3792576656868177e-06 -1.2706013745801719e-06 -0.85672875462120435 -0.061194911108982543 0 running
1560 0.91003041622969882 0.00021126655314164045 0.02 48.797013 0.13104830122939365 0.18980131180555976 0.16605100688358318 0.084692638318505903 0 0.12287379069613313 nan nan nan nan nan nan nan nan nan nan 5.9779330687043259 4.5040354136577836 3.3955868124561137 0 3.7538637531666592 nan nan nan nan nan nan nan nan nan nan 0 38 0 9237 84 0 39 31 10 1 0.0004225331062832809 0.00021126655314164045 1.0119997706794144e-05 -1.4450899384399471e-06 -0.71075665318141179 -0.050768332423703051 0 running
1570 0.91362973656556001 0.00021238778542258835 0.02 49.151032999999998 0.13124948854498311 0.19001903014730709 0.16633123636396502 0.084877125425642116 0 0.12310443853732356 nan nan nan nan nan nan nan nan nan nan 5.9975584569057823 4.6071414627082099 3.4274651455498297 0 3.7584753983335006 nan nan nan nan nan nan nan nan nan nan 0 38 0 9286 61 0 13 19 8 1 0.0004247755708451767 0.00021238778542258835 1.2042511677781674e-05 -1.1379288029593826e-06 -0.68421101769541814 -0.048872215601272979 0 running
1580 0.91788355154703405 0.00042675093141128381 0.02 49.429544 0.13139301596601557 0.19015629408149154 0.16652102004934213 0.085047726405947988 0 0.12328358025027922 nan nan nan nan nan nan nan nan nan nan 6.0026386122773125 4.7110595873427066 3.4570084616716752 0 3.7510536693376761 nan nan nan nan nan nan nan nan nan nan 0 40 0 9282 65 0 13 9 4 0 0.00042675093141128381 0.00042675093141128381 1.7599819732665233e-05 -5.7678604720359085e-07 -0.25931010159908885 -0.018522150133776685 0 running
1590 0.92215872233169061 0.00042907977458994233 0.02 49.732030000000002 0.13146026876506761 0.1901933830307348 0.16660631461738315 0.085165478930073132 0 0.12338827131647517 nan nan nan nan nan nan nan nan nan nan 5.9929559316387877 4.787967814222279 3.4786226366773829 0 3.7345464494182838 nan nan nan nan nan nan nan nan nan nan 0 31 0 9261 73 0 26 13 7 0 0.00042907977458994233 0.00042907977458994233 2.5011025479427299e-05 -1.1911539930718921e-06 -0.29205857964679077 -0.020861327139653718 0 running
1600 0.92646167656062872 0.00043154455994987511 0.02 50.046174999999998 0.13149164827201695 0.19017867601001662 0.16665657323273686 0.085237899858196325 0 0.12346022049073836 nan nan nan nan nan nan nan nan nan nan 5.9712828401327265 4.8312193655295435 3.4924529702827827 0 3.7911984645401251 nan nan nan nan nan nan nan nan nan nan 0 28 0 9274 47 0 39 14 6 0 0.00043154455994987511 0.00043154455994987511 3.1053188652627349e-05 -1.1340693120373901e-06 -0.19446775097001726 -0.01389055365538144 0 running
1610 0.93079180079862234 0.0004344577874418812 0.02 50.342343 0.13151698595383696 0.19014699895162557 0.16672053538686327 0.08527549338691881 0 0.12353161566795155 nan nan nan nan nan nan nan nan nan nan 5.9341283684894863 4.8241642657257984 3.4969918597054477 0 3.8117817535751062 nan nan nan nan nan nan nan nan nan nan 0 25 0 9282 34 0 44 15 6 0 0.0004344577874418812 0.0004344577874418812 3.7794026887591455e-05 -7.0305547524660681e-07 -0.23426232264016456 -0.016733023063393096 0 running
1620 0.93515356281283546 0.00043747605188647278 0.02 50.645955999999998 0.13156356986674619 0.19012980376020303 0.16684078767305047 0.085291049142877759 0 0.12363296812444896 nan nan nan nan nan nan nan nan nan nan 5.8825527081769415 4.7878518683248839 3.4918953996290516 0 3.8064273528275869 nan nan nan nan nan nan nan nan nan nan 0 25 0 9261 60 0 39 15 7 0 0.00043747605188647278 0.00043747605188647278 4.7354488598728087e-05 -1.2574933201039449e-06 -0.1512998184544723 -0.010807129901015546 0 running
1630 0.93954725115865778 0.00044084323574365795 0.02 50.959617000000001 0.13164983181837822 0.19014701454340047 0.16703749372800969 0.085304503405109117 0 0.12379063509466724 nan nan nan nan nan nan nan nan nan nan 5.8151461396719117 4.7197535775748225 3.4758318428254387 0 3.7743126190556309 nan nan nan nan nan nan nan nan nan nan 0 24 0 9299 35 0 26 9 4 0 0.00044084323574365795 0.00044084323574365795 5.6901804178118204e-05 -7.0107687072645103e-07 -0.18006355271073246 -0.012861682350060509 0 running
1640 0.94396993203954227 0.0004436125500417704 0.02 51.285341000000003 0.13178259672167827 0.19021000781050026 0.16730357717721342 0.085342278636710858 0 0.12401461794108812 nan nan nan nan nan nan nan nan nan nan 5.7318932316200115 4.6235342644254063 3.4479603677233905 0 3.7186884494934311 nan nan nan nan nan nan nan nan nan nan 0 24 0 9261 64 0 35 15 7 0 0.0004436125500417704 0.0004436125500417704 6.6092097344851449e-05 -1.4109403858546425e-06 -0.10706247473009563 -0.0076473196316524513 0 running
1650 0.94842085836871992 0.00044637909601914256 0.02 51.584114 0.13195274405538271 0.19031978878445197 0.16760238130312935 0.085432505006290321 0 0.12428491535837682 nan nan nan nan nan nan nan nan nan nan 5.6360490522458502 4.5058047427914643 3.4099973332866638 0 3.6448531046554491 nan nan nan nan nan nan nan nan nan nan 0 24 0 9303 31 0 26 9 6 0 0.00044637909601914256 0.00044637909601914256 7.9358260715052813e-05 -1.2771339820324617e-06 -0.0653901062025007 -0.0046707218765386343 0 running
1660 0.9529032559384818 0.0004497410773467935 0.02 51.864305000000002 0.13212400121836268 0.19043156547673853 0.16788245091416504 0.085566655375523798 0 0.12455283024776058 nan nan nan nan nan nan nan nan nan nan 5.5312398218492289 4.3727113799032313 3.3646408672547214 0 3.5577623242448451 nan nan nan nan nan nan nan nan nan nan 0 24 0 9261 47 0 52 17 7 0 0.0004497410773467935 0.0004497410773467935 8.7549405621941564e-05 -1.3055746921765417e-06 -0.094535132589285573 -0.0067525094777926868 0 running
1670 0.95741695044764963 0.00045273598261352582 0.02 52.155036000000003 0.13226834098176635 0.19052592988339959 0.16810031834410943 0.085689198813522369 0 0.12479617122218004 nan nan nan nan nan nan nan nan nan nan 5.4170785735604561 4.2268577455831879 3.3118417708687238 0 3.4601361344621688 nan nan nan nan nan nan nan nan nan nan 0 24 0 9308 26 0 26 8 6 0 0.00045273598261352582 0.00045273598261352582 9.9223676304674286e-05 -1.1642588115502553e-06 -0.038484037215270911 -0.0027488598039930802 0 running
1680 0.96196452827400347 0.0004563704745658804 0.02 52.443942999999997 0.13230963058768652 0.19048642390341886 0.16820412335730223 0.085717957853301288 0 0.12491564604483511 nan nan nan nan nan nan nan nan nan nan 5.2891212481334486 4.0745640661528446 3.2484689680631114 0 3.3560714143654478 nan nan nan nan nan nan nan nan nan nan 0 21 0 9291 22 0 47 14 6 0 0.0004563704745658804 0.0004563704745658804 0.00010458052104269043 -1.1091172158255062e-06 -0.16065973060349409 -0.011475695055222987 0 running
1690 0.96651522408650159 0.00045327805790949159 0.02 52.746284000000003 0.13224244457062306 0.19031636281431169 0.16819010271237819 0.085623533995266038 0 0.12490277239102443 nan nan nan nan nan nan nan nan nan nan 5.1441022296232255 3.9181848880144092 3.1716768681643606 0 3.2473527682058747 nan nan nan nan nan nan nan nan nan nan 0 21 0 9308 26 0 26 8 6 0 0.00045327805790949159 0.00045327805790949159 0.00011444959283363852 -9.2808744701165078e-07 -0.030195353523624541 -0.0021568109682503856 0 running
1700 0.97106331507801757 0.00044924513315365192 0.02 53.064684 0.13209349856802952 0.1900620837160242 0.16808862247378323 0.08541855602375896 0 0.12477881003966582 nan nan nan nan nan nan nan nan nan nan 4.9814806174709698 3.7585604341427206 3.08039018051111 0 3.1345737319925195 nan nan nan nan nan nan nan nan nan nan 0 25 0 9312 9 0 39 10 6 0 0.00044924513315365192 0.00044924513315365192 0.00011932062977472695 -1.1429663360274127e-06 -0.11791764400912043 -0.0084226888666871572 0 running
1710 0.97570888186008131 0.00045232864681588075 0.02 53.376927000000002 0.13188191880643851 0.18975129236739402 0.16792312434763257 0.085115099963955332 0 0.12456281007066035 nan nan nan nan nan nan nan nan nan nan 4.9012562107955064 3.6001157698635704 2.9723611614206722 0 3.014485905693304 nan nan nan nan nan nan nan nan nan nan 0 25 0 9321 26 0 13 5 4 0 0.00045232864681588075 0.00045232864681588075 0.00012670701470637381 -6.3585148222841217e-07 -0.17563985629422199 -0.012545704034261862 0 running
1720 0.97982194976023185 0.00044417273323335197 0.02 53.708781000000002 0.13166370432057661 0.18945357278764494 0.16774674255873595 0.08479068266468201 0 0.12432043045802248 nan nan nan nan nan nan nan nan nan nan 4.9686370089841425 3.666063519650542 2.8652507688537878 0 2.9039163612659826 nan nan nan nan nan nan nan nan nan nan 0 26 0 9281 13 5 61 18 7 0 0.00044417273323335197 0.00044417273323335197 0.00013854223444746794 -9.2693169155815664e-07 -0.14585778462361609 -0.010418413198401116 0 running
1730 0.98407016199836095 0.00042033734600665455 0.02 54.013451000000003 0.13140144685531543 0.18912088610708178 0.16751635877930918 0.084418392717748023 0 0.12400321015480802 nan nan nan nan nan nan nan nan nan nan 5.0041573663685401 3.7907624180631156 2.8699058889778026 0 2.7889774707523673 nan nan nan nan nan nan nan nan nan nan 0 15 0 9290 48 0 22 10 4 0 0.00042033734600665455 0.00042033734600665455 0.00015390350995797553 -6.6674208942039506e-07 -0.15162729629393965 -0.010830521175287914 0 running
1740 0.98827352003654001 0.00042043154226674244 0.02 54.326694000000003 0.13112090356698058 0.1887859076328835 0.16725326972808549 0.084040991275656951 0 0.12363977269068691 nan nan nan nan nan nan nan nan nan nan 4.9828791820587375 3.8736378766382673 2.86039314767724 0 2.7465663423091211 nan nan nan nan nan nan nan nan nan nan 0 12 0 9295 39 0 26 9 7 0 0.00042043154226674244 0.00042043154226674244 0.0001736012354600566 -7.3491524175957146e-07 -0.054235250486408482 -0.0038739464674050809 0 running
1750 0.99248204630377723 0.0004212878055543041 0.02 54.606237999999998 0.13087360734818951 0.18850126290620559 0.16703007681036905 0.083690534797745117 0 0.12330298946252517 nan nan nan nan nan nan nan nan nan nan 4.9223976422045963 3.9235732960637351 2.8391482633887515 0 2.8219418473376221 nan nan nan nan nan nan nan nan nan nan 0 11 0 9308 39 0 13 6 4 0 0.0004212878055543041 0.0004212878055543041 0.00019607477421983426 -4.0504364822602908e-07 -0.028129045616433614 -0.0020092175461523445 0 running
1760 0.9966958659972347 0.0004213556679224438 0.02 54.902853 0.13071704367089101 0.18832552479715231 0.16692518588294769 0.083403134114647393 0 0.12307771438389163 nan nan nan nan nan nan nan nan nan nan 4.8477763722355585 3.9434392774970206 2.8119838200865797 0 2.8942754213997173 nan nan nan nan nan nan nan nan nan nan 0 11 0 9295 13 0 52 13 7 0 0.0004213556679224438 0.0004213556679224438 0.00021441190880379935 -7.4462132981876323e-07 -0.051741777810967046 -0.0036958412761140744 0 running
1770 1.0008431478915767 0.00042176518281681735 0.02 55.168349999999997 0.13064711326301154 0.18825405045436167 0.16693534542258304 0.083179166700320606 0 0.12295352855042688 nan nan nan nan nan nan nan nan nan nan 4.9159662466713385 3.9875126205764069 2.7819507855647707 0 2.9649123637289065 nan nan nan nan nan nan nan nan nan nan 0 14 0 9308 39 0 13 6 4 0 0.00042176518281681735 0.00042176518281681735 0.00023146581738508129 -3.2669753075170719e-07 -0.022402781228648458 -0.001600198660878697 0 running
1780 1.0050586737893366 0.00042168089425288107 0.02 55.475892999999999 0.13066934079631451 0.1882992190513755 0.16706721294297561 0.08301854737843703 0 0.1229319095109144 nan nan nan nan nan nan nan nan nan nan 4.9875934317621766 4.0708708543946459 2.7493338293140028 0 3.0389331385114424 nan nan nan nan nan nan nan nan nan nan 0 14 0 9295 39 0 26 9 7 0 0.00042168089425288107 0.00042168089425288107 0.00023926623218525157 -7.1925716004371692e-07 -0.050059534628935705 -0.0035756810486992537 0 running
1790 1.0092725144051105 0.00042145339745649823 0.02 55.749459000000002 0.13078104581101993 0.1884678636418336 0.16731257729737953 0.082924433500169897 0 0.12299721093662236 nan nan nan nan nan nan nan nan nan nan 5.0434212451666607 4.1575452871583645 2.7153955344664871 0 3.1172312467944998 nan nan nan nan nan nan nan nan nan nan 0 15 0 9308 52 0 0 4 2 0 0.00042145339745649823 0.00042145339745649823 0.00024640185801012908 -1.7721051047887323e-07 -0.012814651711886253 -0.00091533226610115829 0 running
1800 1.0134819625269054 0.0004206076120638835 0.02 56.025044000000001 0.13099260572465041 0.18877504891253397 0.16768274242536063 0.08291027035473629 0 0.12315713395152424 nan nan nan nan nan nan nan nan nan nan 5.08254913651139 4.2471533103261567 2.7270824724121034 0 3.1997021627315849 nan nan nan nan nan nan nan nan nan nan 0 15 0 9277 70 0 13 9 5 0 0.0004206076120638835 0.0004206076120638835 0.00024633834770788345 -8.9638899454756709e-07 -0.033409236128534352 -0.0023863740117006059 0 running
1810 1.0176850534452284 0.00041979034852647631 0.02 56.316828000000001 0.13132486283003145 0.18924089250639042 0.1682014127677518 0.083002899130474442 0 0.12344142768489978 nan nan nan nan nan nan nan nan nan nan 5.1156286604127841 4.3355733979394362 2.7589612601772795 0 3.2831619952319846 nan nan nan nan nan nan nan nan nan nan 0 13 0 9268 66 0 26 12 7 0 0.00041979034852647631 0.00041979034852647631 0.00024629814969158898 -1.0754286641618397e-06 -0.046416316584278063 -0.0033154511880918096 0 running
1820 1.0218830104791903 0.00041980184008394243 0.02 56.621884999999999 0.13177914325270321 0.18985706793316276 0.16886230321382251 0.083221719425681739 0 0.12386555092946938 nan nan nan nan nan nan nan nan nan nan 5.2938293068517837 4.4158292455964343 2.7821222698094994 0 3.3618562909343268 nan nan nan nan nan nan nan nan nan nan 0 12 0 9277 57 0 26 11 7 0 0.00041980184008394243 0.00041980184008394243 0.00025115576877500018 -9.61620872168972e-07 -0.03392041431705406 -0.0024228867394905647 0 running
1830 1.0260774596421414 0.00041913794316600399 0.02 56.943362 0.13230901915675208 0.19056086304837494 0.16958968589863715 0.083556278582893828 0 0.12438901467391277 nan nan nan nan nan nan nan nan nan nan 5.4490181196206526 4.4792268360675545 2.8630878614744231 0 3.4713850395648387 nan nan nan nan nan nan nan nan nan nan 0 9 0 9259 75 0 26 13 7 0 0.00041913794316600399 0.00041913794316600399 0.00024929009852648509 -8.9288331131028699e-07 -0.036701491377953144 -0.0026215351011930929 0 running
1840 1.0302704695165497 0.0004193572522039915 0.02 57.265304 0.13282946262524886 0.19124872125712516 0.17025589968859131 0.08396310134213314 0 0.12492150959028391 nan nan nan nan nan nan nan nan nan nan 5.5732732032437911 4.5128680465144813 2.950643124807526 0 3.5633990508285511 nan nan nan nan nan nan nan nan nan nan 0 8 0 9259 62 0 39 15 7 0 0.0004193572522039915 0.0004193572522039915 0.00025455555162320149 -7.5697427935131326e-07 -0.032907785601735622 -0.0023505561168914511 0 running
1850 1.0344618256459646 0.00041930638574012304 0.02 57.553336999999999 0.13328354062725845 0.19185305365607941 0.17079103909391821 0.084387750287582747 0 0.12539555566346072 nan nan nan nan nan nan nan nan nan nan 5.6618716994479348 4.5178554811471665 3.0194752856322582 0 3.6276411391221948 nan nan nan nan nan nan nan nan nan nan 0 8 0 9268 66 0 26 12 7 0 0.00041930638574012304 0.00041930638574012304 0.00025597653067756454 -7.6300794098031733e-07 -0.030360364725190346 -0.0021685974826603873 0 running
1860 1.0386500453056799 0.00041887433881913748 0.02 57.868600999999998 0.13360801589425386 0.1922996515670527 0.17111204475725644 0.084780524875323546 0 0.12573497645461026 nan nan nan nan nan nan nan nan nan nan 5.7126859171893631 4.5046542015197684 3.0676663106840691 0 3.6616291430698027 nan nan nan nan nan nan nan nan nan nan 0 8 0 9259 62 0 39 15 7 0 0.00041887433881913748 0.00041887433881913748 0.00025785905665300096 -6.8393372335932828e-07 -0.031994060161408461 -0.0022852900139420304 0 running
1870 1.0428358120463064 0.00041829432076958341 0.02 58.151556999999997 0.13377162169218429 0.1925494239432719 0.17118461425113446 0.085107818591976303 0 0.12590250294614494 nan nan nan nan nan nan nan nan nan nan 5.7258951121454666 4.4885058494345689 3.0948179798916553 0 3.6650130132132275 nan nan nan nan nan nan nan nan nan nan 0 8 0 9268 40 0 52 16 7 0 0.00041829432076958341 0.00041829432076958341 0.00026054750492755173 -6.0127439188376721e-07 -0.035748821675228977 -0.0025534872652123778 0 running
1880 1.0470193371303895 0.00041813265654549569 0.02 58.473996999999997 0.1337858413694811 0.19261051552477707 0.17104171038062754 0.085352974233394815 0 0.12591286337607607 nan nan nan nan nan nan nan nan nan nan 5.7038873251654651 4.437490091063351 3.1020458330850413 0 3.6394735273024774 nan nan nan nan nan nan nan nan nan nan 0 8 0 9268 40 0 52 16 7 0 0.00041813265654549569 0.00041813265654549569 0.00026427483597800047 -6.0637101166626819e-07 -0.034461839145449154 -0.0024615599415596175 0 running
1890 1.0512041305328119 0.00041829906800014578 0.02 58.758195000000001 0.13369598520744339 0.19253486226408351 0.17076646822680086 0.085515549274560371 0 0.12581459882505774 nan nan nan nan nan nan nan nan nan nan 5.6508181000230397 4.3554042085048579 3.0918145845718703 0 3.588358246765285 nan nan nan nan nan nan nan nan nan nan 0 8 0 9268 53 0 39 14 7 0 0.00041829906800014578 0.00041829906800014578 0.00027096756586729058 -5.9556416223526655e-07 -0.032646252574423738 -0.0023318751863494499 0 running
1900 1.0553889378316836 0.00041863071372492971 0.02 59.057875000000003 0.13354139882944782 0.19236350447757897 0.17043475315192894 0.085599762451507605 0 0.12564825401898444 nan nan nan nan nan nan nan nan nan nan 5.5719114750996006 4.2472064833014738 3.0674847761355326 0 3.5161852582032562 nan nan nan nan nan nan nan nan nan nan 0 8 0 9303 57 0 0 5 2 0 0.00041863071372492971 0.00041863071372492971 0.0002762881780614314 -3.9807864464537482e-07 -0.0067305159256702421 -0.00048075113805546102 0 running
1910 1.059573447723354 0.00041853323321414511 0.02 59.350242000000001 0.13334846213124474 0.19213446519159136 0.1700766709271713 0.085610624774769231 0 0.12545180740581449 nan nan nan nan nan nan nan nan nan nan 5.4732805089762806 4.1189347872545854 3.0328567046943946 0 3.4282824107317826 nan nan nan nan nan nan nan nan nan nan 0 8 0 9272 36 0 52 16 6 0 0.00041853323321414511 0.00041853323321414511 0.00028043614402334561 -3.0658452405841328e-07 -0.016803190290162751 -0.0012002278791359922 0 running
1920 1.0637606172919527 0.00041903377637921523 0.02 59.622297000000003 0.13312221353633363 0.19184222603027809 0.16971483666139414 0.085556369363689586 0 0.12522444199961116 nan nan nan nan nan nan nan nan nan nan 5.3622674968791646 3.9780691661548881 2.9918120434239994 0 3.3306006296236745 nan nan nan nan nan nan nan nan nan nan 0 8 0 9290 70 0 0 6 2 0 0.00041903377637921523 0.00041903377637921523 0.00029063039050964567 -2.2788230340711057e-07 -0.0038175784572051907 -0.00027268417580256189 0 running
1930 1.0679526750957276 0.00041938250384742341 0.02 59.863686000000001 0.13287070600659145 0.19149977152939632 0.1693527378031931 0.08544726868424711 0 0.12497749617672904 nan nan nan nan nan nan nan nan nan nan 5.2465094408472854 3.8326407234585518 2.9478393157736384 0 3.229043783435694 nan nan nan nan nan nan nan nan nan nan 0 8 0 9277 31 0 52 15 7 0 0.00041938250384742341 0.00041938250384742341 0.00029616374488636033 -5.3980547268109639e-07 -0.027472048178112662 -0.0019622891576512999 0 running
1940 1.0721525300846908 0.00042038134744536013 0.02 60.15625 0.13259859769875268 0.19111403345404435 0.1689965844885086 0.085286101888544602 0 0.12471488295780848 nan nan nan nan nan nan nan nan nan nan 5.1317263986174115 3.6890279554249465 2.9034268855257461 0 3.1282736986139885 nan nan nan nan nan nan nan nan nan nan 0 8 0 9308 0 0 52 12 6 0 0.00042038134744536013 0.00042038134744536013 0.00030778319229558338 -3.0617383289339643e-07 -0.015902712755498184 -0.0011359080551634701 0 running
1950 1.0763622815204286 0.00042159155461923657 0.02 60.510922000000001 0.13232347889219631 0.19071178269845376 0.16865221207290559 0.085106135654005904 0 0.12445846016885712 nan nan nan nan nan nan nan nan nan nan 5.0212090089921189 3.8041724352862922 2.8771916193510241 0 3.0314479131055516 nan nan nan nan nan nan nan nan nan nan 0 8 0 9295 39 0 26 9 7 0 0.00042159155461923657 0.00042159155461923657 0.00031953295201838603 -5.3242698954836928e-07 -0.026847012671390263 -0.0019176437642668476 0 running
1960 1.0805837539571272 0.00042263785945337724 0.02 60.848596000000001 0.13206258732647547 0.19031709955944684 0.16833813499557909 0.084922539580542744 0 0.12422749715540327 nan nan nan nan nan nan nan nan nan nan 4.9232135530182983 3.9076327290235526 2.8882799510381125 0 2.9407451294340081 nan nan nan nan nan nan nan nan nan nan 0 8 0 9295 39 0 26 9 7 0 0.00042263785945337724 0.00042263785945337724 0.00032561495707219429 -5.1578561718144253e-07 -0.025580832753032225 -0.0018272023414314981 0 running
1970 1.0848195459774961 0.00042427907402298003 0.02 61.144832000000001 0.13183252022633618 0.18995329722718399 0.16807466548049277 0.084747581730970856 0 0.12403856671628646 nan nan nan nan nan nan nan nan nan nan 4.9185231686000739 3.9709396412435067 2.8979609833592388 0 2.8577236666024044 nan nan nan nan nan nan nan nan nan nan 0 7 0 9295 0 0 65 15 9 0 0.00042427907402298003 0.00042427907402298003 0.00033693357834334211 -5.3425096492778336e-07 -0.026631174112591735 -0.0019022267243363898 0 running
1980 1.0890715288317099 0.00042605757974033839 0.02 61.410007 0.1316381620095414 0.1896293387414216 0.16786771509558587 0.084586277855031103 0 0.12389242996229104 nan nan nan nan nan nan nan nan nan nan 4.9113925900952191 3.9953794900543538 2.9058645162057304 0 2.7833318282967765 nan nan nan nan nan nan nan nan nan nan 0 6 0 9321 39 0 0 3 2 0 0.00042605757974033839 0.00042605757974033839 0.0003476542041848469 -4.7366985468297307e-08 -0.002260711174912184 -0.00016147936980707769 0 running
1990 1.0933409873962836 0.00042764793065895997 0.02 61.726393999999999 0.13148169897737155 0.18935148171784086 0.1677233107674786 0.084437062456815273 0 0.12378398810023294 nan nan nan nan nan nan nan nan nan nan 4.9022044890186702 3.9925286529323616 2.912117073053766 0 2.7802084585610833 nan nan nan nan nan nan nan nan nan nan 0 6 0 9308 13 0 39 10 7 0 0.00042764793065895997 0.00042764793065895997 0.00035178710510115163 -5.1240517567321595e-07 -0.024204252563264476 -0.0017288751849157003 0 running
2000 1.0976285615219379 0.0004296306111021794 0.02 62.017336999999998 0.13137506984767311 0.18913805895968128 0.16766443021457003 0.084297630173909885 0 0.12371898774341539 nan nan nan nan nan nan nan nan nan nan 4.891857615917873 3.9706732243511444 2.9171897848105348 0 2.8325944999360377 nan nan nan nan nan nan nan nan nan nan 0 6 0 9308 26 0 26 8 4 0 0.0004296306111021794 0.0004296306111021794 0.00035867253903171199 -2.2252711528820615e-07 -0.010515737611978876 -0.00075112411593440014 0 running
2010 1.101934976309948 0.00043152494119385752 0.02 62.303108000000002 0.13133248376832807 0.18900916981468183 0.1677141686468063 0.084170415465963891 0 0.12370909014762492 nan nan nan nan nan nan nan nan nan nan 4.8813083048311832 3.9278880810464836 2.9216394929280147 0 2.8913040901388869 nan nan nan nan nan nan nan nan nan nan 0 6 0 9308 26 0 26 8 4 0 0.00043152494119385752 0.00043152494119385752 0.0003612756047438386 -2.144353180271417e-07 -0.010131160346782532 -0.00072365431124851514 0 running
2020 1.1062607379050202 0.00043344521427246839 0.02 62.582270000000001 0.13137163897982523 0.18899125552126006 0.16789116781053948 0.084070617716105064 0 0.12377208888021264 nan nan nan nan nan nan nan nan nan nan 4.8711572223097974 3.9388151961658329 2.9258783355620568 0 2.9541217424723913 nan nan nan nan nan nan nan nan nan nan 0 6 0 9295 13 0 52 13 7 0 0.00043344521427246839 0.00043344521427246839 0.00035978299633770202 -4.3799153704986847e-07 -0.021316600198603652 -0.0015226143015078671 0 running
2030 1.1106061765677466 0.00043543668062553627 0.02 62.845385999999998 0.13149844362555368 0.18908942949707003 0.1682020013062899 0.084003640550633488 0 0.12391878857939989 nan nan nan nan nan nan nan nan nan nan 4.8613553772954559 3.9998493744655139 2.9300164953364631 0 3.0143786208793482 nan nan nan nan nan nan nan nan nan nan 0 6 0 9334 26 0 0 2 1 0 0.00043543668062553627 0.00043543668062553627 0.00036384759516165698 -2.7650011380497824e-08 -0.0013298986964803891 -9.4992764134608766e-05 0 running
2040 1.1149748922079901 0.0004385923598649265 0.02 63.147393000000001 0.13170783451081283 0.18929388939611988 0.16863887825753276 0.083966272155244548 0 0.12414985169270351 nan nan nan nan nan nan nan nan nan nan 4.8510496206074549 4.0469419794657311 2.9337718057563635 0 3.0647626199728872 nan nan nan nan nan nan nan nan nan nan 0 6 0 9308 52 0 0 4 2 0 0.0004385923598649265 0.0004385923598649265 0.00036310293528969966 -1.2445517260971716e-07 -0.0059588193416003328 -0.00042562995342084093 0 running
2050 1.1193860166472507 0.00044293174295977479 0.02 63.379542999999998 0.13198336423551518 0.18958278542092638 0.16917860095839909 0.083947698231322268 0 0.12444996820444727 nan nan nan nan nan nan nan nan nan nan 4.8385894767024871 4.0740123776145216 2.9364614594363685 0 3.0991774377384731 nan nan nan nan nan nan nan nan nan nan 0 0 0 9308 52 0 0 4 2 0 0.00044293174295977479 0.00044293174295977479 0.00036083516730640283 -1.4247970701319888e-07 -0.0069447862223396316 -0.000496056159262291 0 running
2060 1.1238431033008178 0.00044753726215059249 0.02 63.642612 0.13226247788211157 0.18987718549802032 0.16972666273560016 0.083921166728045157 0 0.12475402773686355 nan nan nan nan nan nan nan nan nan nan 4.8218491894556745 4.0649658221259255 2.9370809143519052 0 3.1067324993697922 nan nan nan nan nan nan nan nan nan nan 0 0 0 9308 39 0 13 6 4 0 0.00044753726215059249 0.00044753726215059249 0.00035800604348803106 -3.0742778073262335e-07 -0.015546324088493092 -0.0011104517217790861 0 running
2070 1.1283471438401005 0.00045226158391949286 0.02 63.915184000000004 0.13247743474167009 0.1901014083079294 0.17017705253409607 0.083858748647715392 0 0.12498115539574745 nan nan nan nan nan nan nan nan nan nan 4.7985628273113043 4.0175077408096946 2.9344769051674007 0 3.084553330483137 nan nan nan nan nan nan nan nan nan nan 0 0 0 9308 52 0 0 4 2 0 0.00045226158391949286 0.00045226158391949286 0.00035225941736650204 -1.2008192633570533e-07 -0.0060845836470953766 -0.00043461311810854295 0 running
2080 1.1328981017655977 0.00045708221306341146 0.02 64.210340000000002 0.13258209652925615 0.1902051048151315 0.17045560548443314 0.083740751812731523 0 0.12507778678687753 nan nan nan nan nan nan nan nan nan nan 4.7638420099241783 3.932083916742382 2.9258040072782272 0 3.0321602213870316 nan nan nan nan nan nan nan nan nan nan 0 3 0 9308 39 0 13 6 4 0 0.00045708221306341146 0.00045708221306341146 0.00034325164380256794 -2.2260072251598438e-07 -0.011401203590511758 -0.00081437168589638378 0 running
2090 1.1374832759296254 0.00045980835900496131 0.02 64.473483999999999 0.13255411075179629 0.1901527260360561 0.17053335325609251 0.083552451992185792 0 0.12502905806403655 nan nan nan nan nan nan nan nan nan nan 4.7927749143327567 4.0354701201328043 2.8991457323079541 0 3.1341934841166781 nan nan nan nan nan nan nan nan nan nan 0 4 0 9308 0 0 52 12 6 0 0.00045980835900496131 0.00045980835900496131 0.00033107995799874947 -3.2478571612565279e-07 -0.016962673043589643 -0.0012116195043927976 0 running
2100 1.1420932915879995 0.00046374341819568351 0.02 64.731012000000007 0.13241924821526002 0.18997407853201037 0.1704348045170532 0.083325336702233063 0 0.12487194099588644 nan nan nan nan nan nan nan nan nan nan 4.9567093234452706 4.1745051024622581 2.863430843791924 0 3.2606340991295641 nan nan nan nan nan nan nan nan nan nan 0 4 0 9334 0 0 26 6 6 0 0.00046374341819568351 0.00046374341819568351 0.00031945786255001827 -2.7887317503990852e-07 -0.013790898198952541 -0.00098506415810808881 0 running
2110 1.1467645750070052 0.0004710767558315825 0.02 64.954562999999993 0.13221620065283277 0.18970426239427415 0.17023345165807893 0.083059069381010139 0 0.12465823011310605 nan nan nan nan nan nan nan nan nan nan 5.1096549345487272 4.3008317743821189 2.8152995239909084 0 3.3779862934844371 nan nan nan nan nan nan nan nan nan nan 0 5 0 9308 39 0 13 6 4 0 0.0004710767558315825 0.0004710767558315825 0.00031977928228238704 -2.4474477592017166e-07 -0.01224248668315637 -0.000874463335434445 0 running
2120 1.1515328060263248 0.00048028315178290739 0.02 65.216151999999994 0.13197811403287396 0.18939277752297476 0.16999272128296414 0.082747563056965345 0 0.12440580476589673 nan nan nan nan nan nan nan nan nan nan 5.2421650811994027 4.4044388104338461 2.7519222034585553 0 3.4765402805490719 nan nan nan nan nan nan nan nan nan nan 0 8 0 9334 0 0 26 6 6 0 0.00048028315178290739 0.00048028315178290739 0.00031487862856242633 -2.2898831634979988e-07 -0.011604123462885993 -0.00082886596250984692 0 running
2130 1.1563675855961222 0.00048268594215196062 0.02 65.469852000000003 0.13173243621352393 0.18908551698868994 0.16975115300024668 0.08241306828019089 0 0.12412281518964208 nan nan nan nan nan nan nan nan nan nan 5.339072799034323 4.4702926771115568 2.8193324440966951 0 3.5437461828622343 nan nan nan nan nan nan nan nan nan nan 0 8 0 9360 0 0 0 0 0 0 0.00048268594215196062 0.00048268594215196062 0.0003121396415247661 1.3528893036468186e-07 0.0067715712008540718 0.00048368365771454515 0 running
2140 1.1611856234344644 0.00048082335643147707 0.02 65.744636999999997 0.13155014129872278 0.18886168012156057 0.16959703114266519 0.082116529263224186 0 0.12390394186460268 nan nan nan nan nan nan nan nan nan nan 5.3807506028732544 4.4800524074367445 2.8671389900619606 0 3.567134898191421 nan nan nan nan nan nan nan nan nan nan 0 8 0 9334 26 0 0 2 2 0 0.00048082335643147707 0.00048082335643147707 0.00030331760429079611 -8.742682739335502e-08 -0.0044548722658351103 -0.00031820516218133234 0 running
2150 1.1660353000851365 0.00048933696267336815 0.02 65.995251999999994 0.13146695607274406 0.18876509294788243 0.16956548618005909 0.08189930951195655 0 0.12379657255968893 nan nan nan nan nan nan nan nan nan nan 5.3604247026183556 4.4274105073339491 2.885193943226918 0 3.5432638692797997 nan nan nan nan nan nan nan nan nan nan 0 7 0 9308 26 0 26 8 6 0 0.00048933696267336815 0.00048933696267336815 0.00030028462053774906 -1.092607144598267e-06 -0.12707826228426294 -0.009077018744173904 0 running
2160 1.170991010516871 0.00050074267562037257 0.02 66.295321999999999 0.13148366983636231 0.18879710344527606 0.1696460049915639 0.081782823133521615 0 0.12380320565144824 nan nan nan nan nan nan nan nan nan nan 5.2855769210198336 4.3195414348986247 2.8754693051243354 0 3.4765109990599088 nan nan nan nan nan nan nan nan nan nan 0 6 0 9334 0 0 26 6 6 0 0.00050074267562037257 0.00050074267562037257 0.00030688203713601092 -1.0307165920678001e-06 -0.11704010854647851 -0.0083600077621465534 0 running
2170 1.1760578445777754 0.0005103361310641114 0.02 66.584654 0.13159593673240791 0.18895741003331804 0.16982598257146783 0.081779865929059892 0 0.12391020615010105 nan nan nan nan nan nan nan nan nan nan 5.169679764925462 4.1698284425115055 2.8421795584416034 0 3.3753314949605979 nan nan nan nan nan nan nan nan nan nan 0 6 0 9334 13 0 13 4 4 0 0.0005103361310641114 0.0005103361310641114 0.00031178641516597737 -5.3623501798307355e-07 -0.059966816267763776 -0.0042833440236484241 0 running
2180 1.1811975064833649 0.00051683393900333057 0.02 66.877154000000004 0.13181061787700443 0.18924994797819311 0.17012088198186109 0.081890562400032632 0 0.1241268440723427 nan nan nan nan nan nan nan nan nan nan 5.0365352846872318 3.9925726575778406 2.7909385050448794 0 3.2498177471164889 nan nan nan nan nan nan nan nan nan nan 0 6 0 9347 0 0 13 3 3 0 0.00051683393900333057 0.00051683393900333057 0.00032241849241066881 -4.1348001933933552e-07 -0.044682115622756792 -0.0031915796907095039 0 running
2190 1.1864077161558055 0.0005247086605144742 0.02 67.144434000000004 0.13209221262379364 0.18962300357512291 0.17048868250015753 0.082081741660219601 0 0.12442297424423644 nan nan nan nan nan nan nan nan nan nan 5.1853818581323043 3.7983641918785089 2.7269085754847477 0 3.1083790150954296 nan nan nan nan nan nan nan nan nan nan 0 6 0 9334 0 0 26 6 6 0 0.0005247086605144742 0.0005247086605144742 0.00033108015108327331 -1.0796855845449611e-06 -0.11357910287413546 -0.0081127930710038956 0 running
2200 1.191692917127092 0.00053003344990933685 0.02 67.460785999999999 0.13235524204570451 0.18996780109129993 0.17081618383574684 0.082290202603086754 0 0.12470741328708851 nan nan nan nan nan nan nan nan nan nan 5.2950226729625447 3.7516059502961947 2.7983771767051477 0 3.147122868989396 nan nan nan nan nan nan nan nan nan nan 0 9 0 9334 0 0 26 6 6 0 0.00053003344990933685 0.00053003344990933685 0.00034663870730678836 -9.352083793933176e-07 -0.093947862729656481 -0.0067105616306320356 0 running
2210 1.1970296881844689 0.00053653511196233381 0.02 67.730439000000004 0.13250731835496163 0.19016161840204576 0.17099180581556547 0.082448419315651264 0 0.12487420258449297 nan nan nan nan nan nan nan nan nan nan 5.3615085141764949 3.7824714165375872 2.851051800554576 0 3.1849083076878255 nan nan nan nan nan nan nan nan nan nan 0 13 0 9347 0 0 13 3 3 0 0.00053653511196233381 0.00053653511196233381 0.00035850829237186094 -3.0306503963858394e-07 -0.029434124107627586 -0.0021024374384789085 0 running
2220 1.202385866035512 0.00052781569845534201 0.02 67.993555999999998 0.13248727608033056 0.19012939886828376 0.17093724904342902 0.082502657962705381 0 0.1248558033111288 nan nan nan nan nan nan nan nan nan nan 5.3747827352766091 3.7669984285230251 2.8767062941297197 0 3.1859448880252277 nan nan nan nan nan nan nan nan nan nan 0 6 0 9334 0 0 26 6 3 0 0.00052781569845534201 0.00052781569845534201 0.00037435310713669151 -1.643120292964782e-07 -0.0073961433621813301 -0.00052829595499930893 0 running
2230 1.2076180956848119 0.00051757241816589243 0.02 68.240292999999994 0.13228651149059489 0.18986287918143221 0.17064794790091528 0.082431721062188684 0 0.12463940773537616 nan nan nan nan nan nan nan nan nan nan 5.3315648667482218 3.7026999001850052 2.8749726372020525 0 3.1505381061037809 nan nan nan nan nan nan nan nan nan nan 0 6 0 9360 0 0 0 0 0 0 0.00051757241816589243 0.00051757241816589243 0.00038636025045857584 7.6126050478544216e-09 0.00032830201660321434 2.3450144067845867e-05 0 running
2240 1.212804695970892 0.00051653826521307002 0.02 68.528091000000003 0.1319548011453151 0.18942639281649842 0.17019859960980083 0.082254886752318304 0 0.12427614303338314 nan nan nan nan nan nan nan nan nan nan 5.2450050337263026 3.6005027323259609 2.8516818177390491 0 3.0869406765655589 nan nan nan nan nan nan nan nan nan nan 0 6 0 9334 0 0 26 6 6 0 0.00051653826521307002 0.00051653826521307002 0.0004001114572581571 -2.5567149779057851e-07 -0.010726118258286815 -0.00076615130497226171 0 running
2250 1.218005915505584 0.00052146663910997875 0.02 68.793533999999994 0.13156917428179812 0.18891605174827394 0.16970164669441926 0.082011323596255362 0 0.12384852606715634 nan nan nan nan nan nan nan nan nan nan 5.1319351090970695 3.6509895914374626 2.8135765518575169 0 3.0046050209643038 nan nan nan nan nan nan nan nan nan nan 0 6 0 9334 13 0 13 4 4 0 0.00052146663910997875 0.00052146663910997875 0.00040839012248997542 -1.8232602102957737e-07 -0.0075055932546589212 -0.00053611380447024818 0 running
2260 1.2232545167708133 0.00052703519665233127 0.02 69.060129000000003 0.13121963436962597 0.18844296397223484 0.16928548778306304 0.08175097979447464 0 0.12345611559799063 nan nan nan nan nan nan nan nan nan nan 5.0059548199446411 3.7634470668060653 2.7665086338132983 0 2.9113729914271298 nan nan nan nan nan nan nan nan nan nan 0 6 0 9308 39 0 13 6 4 0 0.00052703519665233127 0.00052703519665233127 0.00041572081419740325 -2.2340214983346257e-07 -0.0089786270464191804 -0.00064133050399278529 0 running
2270 1.2285523969357259 0.00053247255716752943 0.02 69.321427 0.13099244029830606 0.18811390101433476 0.16906661861309102 0.0815308072674506 0 0.12319684760069523 nan nan nan nan nan nan nan nan nan nan 4.8772141508852815 3.8843918651570992 2.7153682020421175 0 2.9554791621346217 nan nan nan nan nan nan nan nan nan nan 0 6 0 9308 26 0 26 8 6 0 0.00053247255716752943 0.00053247255716752943 0.00042071712941680006 -2.965822941417006e-07 -0.011707014874375202 -0.00083621534905255006 0 running
2280 1.233917053987819 0.00053860157252651295 0.02 69.585025999999999 0.13093927308109832 0.18799679297958274 0.16910223292821419 0.081403768494034509 0 0.12312811741469017 nan nan nan nan nan nan nan nan nan nan 4.7523584210764511 4.014630326728847 2.6638269977007258 0 3.0708652013788411 nan nan nan nan nan nan nan nan nan nan 0 6 0 9334 0 0 26 6 6 0 0.00053860157252651295 0.00053860157252651295 0.00042094999815792757 -3.1129449476492006e-07 -0.012256198575047832 -0.0008754427562848693 0 running
2290 1.2393072814317041 0.00053868755280880919 0.02 69.862801000000005 0.13106991864442721 0.18810937487057686 0.16938951274461861 0.081397471644527986 0 0.12326039726977837 nan nan nan nan nan nan nan nan nan nan 4.64806773180129 4.1461172332565024 2.6151053915088061 0 3.1863174019076919 nan nan nan nan nan nan nan nan nan nan 0 6 0 9308 0 0 52 12 6 0 0.00053868755280880919 0.00053868755280880919 0.0004215933287686255 -3.1404438264959538e-07 -0.012133953369898276 -0.0008667109559078246 0 running
2300 1.2446982278943683 0.00053931160191137935 0.02 70.107553999999993 0.13131203981035933 0.18836724623996334 0.16980919557704349 0.081486667531556367 0 0.12351841826966112 nan nan nan nan nan nan nan nan nan nan 4.7734089703286458 4.2519373716640274 2.5711719625021163 0 3.2828315567071473 nan nan nan nan nan nan nan nan nan nan 0 6 0 9334 13 0 13 4 4 0 0.00053931160191137935 0.00053931160191137935 0.00042095301697771904 -2.8382531718374593e-07 -0.010716541412043919 -0.00076546724452561832 0 running
2310 1.2500913144793271 0.00053884429293396866 0.02 70.365149000000002 0.13156059203625478 0.18863813185386324 0.17020954484648246 0.081615953217946485 0 0.12379074730694972 nan nan nan nan nan nan nan nan nan nan 4.8458458611418633 4.3016737541282799 2.5327773332589976 0 3.339920525693314 nan nan nan nan nan nan nan nan nan nan 0 6 0 9334 0 0 26 6 6 0 0.00053884429293396866 0.00053884429293396866 0.00041738815260098993 -3.3044474351210515e-07 -0.012245972821306383 -0.00087471234530256598 0 running
2320 1.2555077413160525 0.00054565294846395287 0.02 70.610232999999994 0.13173250220285709 0.18881871655124166 0.17047627981458566 0.081732238147809971 0 0.12398561300005488 nan nan nan nan nan nan nan nan nan nan 4.8590469526409388 4.288531739125478 2.5324012752139691 0 3.3506893662171411 nan nan nan nan nan nan nan nan nan nan 0 6 0 9360 0 0 0 0 0 0 0.00054565294846395287 0.00054565294846395287 0.00042419657602586671 2.2197940503579367e-07 0.0076036390404313654 0.00054311707488995987 0 running
2330 1.2610021378932388 0.00055389895537733599 0.02 70.909817000000004 0.13176648749814063 0.18883917249088525 0.17052171032420613 0.081798143932701101 0 0.12402908138101568 nan nan nan nan nan nan nan nan nan nan 4.8189359209342921 4.2179509822100076 2.5487955371155921 0 3.3164880135467278 nan nan nan nan nan nan nan nan nan nan 0 6 0 9334 0 0 26 6 6 0 0.00055389895537733599 0.00055389895537733599 0.00043165327628153232 -1.0923242380118933e-06 -0.088432385185764809 -0.0063165989485095336 0 running
2340 1.2665796719688101 0.00056123029122413369 0.02 71.171221000000003 0.13162439566850803 0.18865767698091138 0.17029008953202909 0.081793872102079501 0 0.12387185509787141 nan nan nan nan nan nan nan nan nan nan 4.7332127971569555 4.0978935136947143 2.5403818976105113 0 3.2417235529019504 nan nan nan nan nan nan nan nan nan nan 0 6 0 9322 13 0 25 7 4 0 0.00056123029122413369 0.00056123029122413369 0.00045163001260219062 -6.8478419041095066e-07 -0.052228177581171591 -0.0037305841168796526 0 running
2350 1.2722228686616699 0.00056695569840327267 0.02 71.381646000000003 0.13132956425283762 0.18828294631403839 0.16983633815584112 0.08171807114519361 0 0.1235499067244885 nan nan nan nan nan nan nan nan nan nan 4.6111871606658896 3.9387506119379072 2.5098257943470692 0 3.1336580639853677 nan nan nan nan nan nan nan nan nan nan 0 6 0 9305 5 0 50 13 6 0 0.00056695569840327267 0.00056695569840327267 0.00047215345957429144 -1.2292781641570596e-06 -0.090826880592777104 -0.0064876343349052797 0 running
2360 1.2779224202711512 0.00057292710358333081 0.02 71.655257000000006 0.13098562223224838 0.18784169234778259 0.16932257468243045 0.081603134448690828 0 0.12317653560978671 nan nan nan nan nan nan nan nan nan nan 4.4623442143331609 3.7517840588232358 2.4607500950045345 0 3.0008395214569745 nan nan nan nan nan nan nan nan nan nan 0 6 0 9360 0 0 0 0 0 0 0.00057292710358333081 0.00057292710358333081 0.00050652608853302497 8.6189043987071318e-08 0.0025515363026192696 0.00018225259323665947 0 running
2370 1.2836826815115496 0.00057781769330837003 0.02 71.885696999999993 0.13066603537402272 0.18742889402052992 0.16885472435225646 0.081481657456278986 0 0.12283035150226049 nan nan nan nan nan nan nan nan nan nan 4.2948592966252654 3.5473152211115222 2.3968983824559 0 2.8514325076385196 nan nan nan nan nan nan nan nan nan nan 0 6 0 9308 0 0 52 12 6 0 0.00057781769330837003 0.00057781769330837003 0.00053109270685063699 -4.6092898378638147e-07 -0.013094744142702617 -0.00093533886832345065 0 running
2380 1.2894699491827319 0.00057903718086508541 0.02 72.169379000000006 0.13040488884509582 0.18708222228471658 0.16848918701542451 0.081364507586422191 0 0.12255051220872661 nan nan nan nan nan nan nan nan nan nan 4.1171601579364978 3.3902381146760208 2.3850774860234245 0 2.6939284835879942 nan nan nan nan nan nan nan nan nan nan 0 6 0 9334 0 0 26 6 6 0 0.00057903718086508541 0.00057903718086508541 0.00055866026171349874 -4.5852182343486523e-07 -0.012515500606083464 -0.00089396432994982703 0 running
2390 1.2952756779597736 0.00058162059103429836 0.02 72.423967000000005 0.13019696898739455 0.18679150703637759 0.16822614262243024 0.081240402480955265 0 0.12233212378485042 nan nan nan nan nan nan nan nan nan nan 4.0526022370633727 3.4685653148165376 2.3753596649801896 0 2.583304132190384 nan nan nan nan nan nan nan nan nan nan 0 6 0 9308 26 0 26 8 4 0 0.00058162059103429836 0.00058162059103429836 0.00057661791371718728 -2.7833435312452421e-07 -0.0074288832837029715 -0.00053063452082475245 0 running
2400 1.3010919538222014 0.00058282020425790297 0.02 72.646071000000006 0.13002401620907952 0.1865420916784698 0.16803768747678957 0.081097034966926038 0 0.12214695450539169 nan nan nan nan nan nan nan nan nan nan 4.031712150810951 3.5557454218225253 2.3671178979530287 0 2.6631685708615995 nan nan nan nan nan nan nan nan nan nan 0 6 0 9308 26 0 26 8 6 0 0.00058282020425790297 0.00058282020425790297 0.00059565817115043887 -2.3662785516636788e-07 -0.0060388633311482236 -0.00043134738125172681 0 running
2410 1.3069243977296359 0.00058405137421628961 0.02 72.921757999999997 0.12989139748135486 0.18635895814105752 0.16792191855858257 0.080947298444867546 0 0.12197941859575531 nan nan nan nan nan nan nan nan nan nan 4.1685022036203989 3.6544080277509368 2.3597587893529868 0 2.7526596744779654 nan nan nan nan nan nan nan nan nan nan 0 6 0 9334 13 0 13 4 4 0 0.00058405137421628961 0.00058405137421628961 0.00061172016119368107 -2.5657862304517827e-07 -0.0064771858448040556 -0.00046265613226019974 0 running
2420 1.3127780335675607 0.00058709197226030599 0.02 73.207566 0.12985274293073687 0.18632715142917225 0.16793303710006949 0.080848357858088207 0 0.12187249466334746 nan nan nan nan nan nan nan nan nan nan 4.4202305841977907 3.7583636455445735 2.3526153014879787 0 2.8459957730647081 nan nan nan nan nan nan nan nan nan nan 0 6 0 9305 0 5 50 14 6 0 0.00058709197226030599 0.00058709197226030599 0.00062746924306987713 -1.3895115551749035e-06 -0.074918585965593879 -0.0053513275746210291 0 running
2430 1.3186803459641343 0.0005921983468098025 0.02 73.408270000000002 0.12999164303235541 0.18654761908501172 0.16817676222288364 0.080867796536542816 0 0.12192661004277092 nan nan nan nan nan nan nan nan nan nan 4.7104635112730957 3.846049544039051 2.3557708461132183 0 2.9271743935897772 nan nan nan nan nan nan nan nan nan nan 0 6 0 9360 0 0 0 0 0 0 0.0005921983468098025 0.0005921983468098025 0.0006613170084046829 5.0459474391826248e-07 0.020314828983209444 0.0014510592146184458 0 running
2440 1.3246277270332814 0.0005965630808776565 0.02 73.699725999999998 0.13029778139560991 0.18699056685188245 0.16862896540767969 0.081012952465549404 0 0.12216079833503311 nan nan nan nan nan nan nan nan nan nan 4.9985290141664862 3.8884672228875532 2.5103254705245588 0 2.9988644066225554 nan nan nan nan nan nan nan nan nan nan 0 6 0 9360 0 0 0 0 0 0 0.0005965630808776565 0.0005965630808776565 0.00069354215132749991 4.1024453948531282e-07 0.017519116763039029 0.0012513654843954328 0 running
2450 1.330614044054917 0.00060006713578529623 0.02 73.972744000000006 0.13065360430362946 0.18748067025977591 0.16912369021713997 0.081226109470228722 0 0.12248394349570638 nan nan nan nan nan nan nan nan nan nan 5.2135215482552084 3.9635258704420462 2.6417498633472181 0 3.1379464953424918 nan nan nan nan nan nan nan nan nan nan 0 12 0 9360 0 0 0 0 0 0 0.00060006713578529623 0.00060006713578529623 0.00072893671948819376 4.6151872086482364e-07 0.010050007757963405 0.00071785769775531449 0 running
2460 1.3366325713230496 0.00060317536461154979 0.02 74.237322000000006 0.13091994751519545 0.18783548329410091 0.16947663548191036 0.081417555246641127 0 0.12274708235217247 nan nan nan nan nan nan nan nan nan nan 5.3349214732936385 4.0385432217815911 2.7400077671780112 0 3.2245142891401106 nan nan nan nan nan nan nan nan nan nan 0 6 0 9303 0 5 52 14 6 0 0.00060317536461154979 0.00060317536461154979 0.00076250000245135839 -5.9374950314968261e-07 -0.012575171207655266 -0.00089822651578088427 0 running
2470 1.3426710108507769 0.0006051450439845163 0.02 74.517510999999999 0.13100651482728501 0.18794941528443293 0.16957392499143881 0.081513768860732985 0 0.12283623805422773 nan nan nan nan nan nan nan nan nan nan 5.381486394592117 4.0456428896444478 2.8056244437097622 0 3.2629249374993972 nan nan nan nan nan nan nan nan nan nan 0 6 0 9334 0 0 26 6 6 0 0.0006051450439845163 0.0006051450439845163 0.00080343447987769824 -4.8163472123200267e-07 -0.0098763993332580194 -0.00070545709597755136 0 running
2480 1.3487254758569049 0.00060531318581567969 0.02 74.785279000000003 0.130876543009976 0.18778787486410659 0.16937646895055306 0.081467339564597632 0 0.12269370788814733 nan nan nan nan nan nan nan nan nan nan 5.373494761495536 4.0020794743658481 2.8411058645058431 0 3.2590538132823492 nan nan nan nan nan nan nan nan nan nan 0 6 0 9334 0 0 26 6 6 0 0.00060531318581567969 0.00060531318581567969 0.00083220692419199121 -4.4637972443726377e-07 -0.0089562307234414655 -0.00063973076663554522 0 running
2490 1.354774562669304 0.00060424499954924078 0.02 75.033052999999995 0.13054811075968523 0.18737660228659569 0.16892519215393345 0.081260687371188245 0 0.12233166055386001 nan nan nan nan nan nan nan nan nan nan 5.3167562508343433 3.9129057332659682 2.846843215789197 0 3.214788604017528 nan nan nan nan nan nan nan nan nan nan 0 6 0 9360 0 0 0 0 0 0 0.00060424499954924078 0.00060424499954924078 0.00085176258998513263 1.8739136298578579e-07 0.0036902489454989523 0.00026358921067108501 0 running
2500 1.3608341755601066 0.00060828589210873136 0.02 75.293137000000002 0.1300816985722579 0.18678440886108313 0.16831883480999613 0.08090941545503702 0 0.12182061591768438 nan nan nan nan nan nan nan nan nan nan 5.21112695879604 3.7786931328281037 2.8233977398941512 0 3.1319478099278615 nan nan nan nan nan nan nan nan nan nan 0 6 0 9305 0 5 50 14 6 0 0.00060828589210873136 0.00060828589210873136 0.00086729325474117574 -1.5152492776984192e-06 -0.061066562110976788 -0.0043618972982465767 0 running
2510 1.3669282624445529 0.00061050473337840693 0.02 75.535557999999995 0.12957571557150033 0.18612788076984441 0.16769699070828556 0.080469750028646966 0 0.12127687729806781 nan nan nan nan nan nan nan nan nan nan 5.0643621336429021 3.607788445559565 2.7746262123985561 0 3.0176233865731947 nan nan nan nan nan nan nan nan nan nan 0 6 0 9360 0 0 0 0 0 0 0.00061050473337840693 0.00061050473337840693 0.0009044993237439569 5.971922702186805e-07 0.015359294596804162 0.0010970924723586292 0 running
2520 1.3730366034153088 0.00061106939726675291 0.02 75.771333999999996 0.1291262567458388 0.18552431271030462 0.16718132441161773 0.080022439508970311 0 0.12081181333934665 nan nan nan nan nan nan nan nan nan nan 4.8892210988605402 3.4138267909070148 2.7065093317413176 0 2.8820707497410321 nan nan nan nan nan nan nan nan nan nan 0 6 0 9317 18 0 25 8 4 0 0.00061106939726675291 0.00061106939726675291 0.0009328208682858266 -9.411898578491529e-07 -0.033792154493778884 -0.0024137253235326649 0 running
2530 1.3791518778579308 0.00061182564175834935 0.02 76.014521000000002 0.1287698495213063 0.18502638329131826 0.16679829117537509 0.07962963819986961 0 0.12046185701692536 nan nan nan nan nan nan nan nan nan nan 4.6983045102525312 3.2578331805974061 2.6253363048861251 0 2.7355077698661772 nan nan nan nan nan nan nan nan nan nan 0 9 0 9324 0 0 36 12 6 0 0.00061182564175834935 0.00061182564175834935 0.00097457679999962135 -1.6428976707645501e-06 -0.057274163581243924 -0.0040910116886939372 0 running
2540 1.38525703660595 0.00060984098573747705 0.02 76.282670999999993 0.12849843930346824 0.18465824447697979 0.16648886433442026 0.079341641858975256 0 0.12019542080949934 nan nan nan nan nan nan nan nan nan nan 4.5019917139064596 3.2572846971772491 2.5368652956560789 0 2.5865599044699454 nan nan nan nan nan nan nan nan nan nan 0 6 0 9308 13 0 39 10 6 0 0.00060984098573747705 0.00060984098573747705 0.00099789073925004397 -6.3583603194155066e-07 -0.011431387571480187 -0.00081652768453926246 0 running
2550 1.3913612885031563 0.00061135002099737049 0.02 76.534927999999994 0.12824967602042328 0.1843308278254967 0.16618177291284508 0.079110940108161457 0 0.11994632306424075 nan nan nan nan nan nan nan nan nan nan 4.3073957045408884 3.2120486005988642 2.4454880527825327 0 2.4411226428749657 nan nan nan nan nan nan nan nan nan nan 0 6 0 9334 13 0 13 4 4 0 0.00061135002099737049 0.00061135002099737049 0.001022803607214993 -3.7945916317198492e-07 -0.0067016959698703539 -0.00047869256978186694 0 running
2560 1.3974706979250118 0.00061134532577397107 0.02 76.807708000000005 0.12797955738624292 0.18398297882624531 0.16583403068387886 0.078891439829526372 0 0.11966333621822985 nan nan nan nan nan nan nan nan nan nan 4.2203440891847741 3.1194623759285824 2.3547827650319544 0 2.3734298885250014 nan nan nan nan nan nan nan nan nan nan 0 6 0 9329 13 5 13 6 4 0 0.00061134532577397107 0.00061134532577397107 0.0010317650253372592 -7.5165791387499218e-07 -0.025455876558289695 -0.0018182768989404654 0 running
2570 1.4036062009577635 0.00061535050323919659 0.02 77.078997999999999 0.12762580578219204 0.18354077325937701 0.16535956553831799 0.078644335444986252 0 0.11927195247213049 nan nan nan nan nan nan nan nan nan nan 4.30555404052234 3.0971063381454065 2.26759022941157 0 2.3352526525233768 nan nan nan nan nan nan nan nan nan nan 0 6 0 9334 13 0 13 4 4 0 0.00061535050323919659 0.00061535050323919659 0.0010530963305937897 -9.1830079724892677e-07 -0.03052002645537219 -0.0021800018919711315 0 running
2580 1.4097694672643823 0.00061691042365504304 0.02 77.299456000000006 0.12721830231275774 0.18303912395680705 0.16481732943606917 0.078360907724839682 0 0.1188022616616667 nan nan nan nan nan nan nan nan nan nan 4.3642462585690796 3.2975018010414425 2.206941692325914 0 2.4855713838899405 nan nan nan nan nan nan nan nan nan nan 0 6 0 9322 0 0 38 9 6 0 0.00061691042365504304 0.00061691042365504304 0.001076777231383835 -1.4975491565635387e-06 -0.046715579772268867 -0.0033368271301137211 0 running
2590 1.4159520512368362 0.00061924901938564445 0.02 77.576127999999997 0.12686922174085327 0.18261219736535991 0.16437849214654685 0.078085153611329797 0 0.11838159740502945 nan nan nan nan nan nan nan nan nan nan 4.3917011628620282 3.514353627493636 2.2248161877726469 0 2.6518504628997235 nan nan nan nan nan nan nan nan nan nan 0 6 0 9329 5 0 26 7 6 0 0.00061924901938564445 0.00061924901938564445 0.0011017902256974595 -6.482374757025253e-07 -0.011144060038129211 -0.00079600428927823787 0 running
2600 1.4221565192393204 0.00062052323756350597 0.02 77.864373999999998 0.12667361202811539 0.18237065143170436 0.16416787502979344 0.077886998306276045 0 0.11812912308429091 nan nan nan nan nan nan nan nan nan nan 4.6178960362836712 3.7164860064658631 2.2312505420527646 0 2.8181671202598944 nan nan nan nan nan nan nan nan nan nan 0 6 0 9347 13 0 0 1 1 0 0.00062052323756350597 0.00062052323756350597 0.001134551277383395 -2.206175984623831e-08 -0.00037290496906934194 -2.6636069247361602e-05 0 running
2610 1.4283627925388078 0.00062017380283479573 0.02 78.136801000000006 0.126654484270524 0.18233519531911663 0.16420066687935417 0.077807291668061149 0 0.11808825020618381 nan nan nan nan nan nan nan nan nan nan 4.8229367837736383 3.8840748629535868 2.3615384783982774 0 2.9704660172224044 nan nan nan nan nan nan nan nan nan nan 0 6 0 9321 0 0 39 9 6 0 0.00062017380283479573 0.00062017380283479573 0.0011379415459169882 -6.6376322313006064e-07 -0.011281702508385515 -0.00080583589430692579 0 running
2620 1.434558430377497 0.00061918170668330834 0.02 78.430100999999993 0.12675434370796612 0.18243608867405664 0.16437888619531418 0.077833614794599756 0 0.11820280019818313 nan nan nan nan nan nan nan nan nan nan 4.9785694631241775 4.0065393885192746 2.4821173920516832 0 3.09613716819281 nan nan nan nan nan nan nan nan nan nan 0 6 0 9329 13 5 13 6 4 0 0.00061918170668330834 0.00061918170668330834 0.0011476660866714947 -3.233894390145333e-07 -0.0054983267152853904 -0.00039273762293504517 0 running
2630 1.4407501338693236 0.00062062437560578374 0.02 78.705134999999999 0.12687481184053412 0.18254543427174758 0.16456900955083212 0.077914445120095085 0 0.11836230042323269 nan nan nan nan nan nan nan nan nan nan 5.0790779647733775 4.0772510289182708 2.5791173869556143 0 3.184037839124005 nan nan nan nan nan nan nan nan nan nan 0 6 0 9310 12 0 38 10 6 0 0.00062062437560578374 0.00062062437560578374 0.0011445481724441863 -1.4597410925188712e-06 -0.042675375358670359 -0.0030482411002662759 0 running
2640 1.4469742689978016 0.00062319184696910839 0.02 78.994381000000004 0.12694512719956172 0.1825799389865905 0.1646788105747751 0.078000992565494295 0 0.11847627182137548 nan nan nan nan nan nan nan nan nan nan 5.1206916028909664 4.0916370371467385 2.6463615506400942 0 3.2263861467355319 nan nan nan nan nan nan nan nan nan nan 0 6 0 9360 0 0 0 0 0 0 0.00062319184696910839 0.00062319184696910839 0.0011631595387576574 6.0259312410146354e-07 0.017337028431907417 0.001238359175015157 0 running
2650 1.4532131970623285 0.00062508098982915665 0.02 79.229894000000002 0.12695810007784783 0.18253781776727943 0.16470534258444228 0.078069968715603275 0 0.11852835555482001 nan nan nan nan nan nan nan nan nan nan 5.0991519546071213 4.0458752694793905 2.6799294765411315 0 3.2188636675704552 nan nan nan nan nan nan nan nan nan nan 0 6 0 9317 0 5 38 11 6 0 0.00062508098982915665 0.00062508098982915665 0.0011654183048862069 -1.723189944459642e-06 -0.051751073189379986 -0.0036965052317156997 0 running
2660 1.4594803123193187 0.00062766680881100431 0.02 79.444734999999994 0.12696509124243485 0.18249465724281694 0.16473022412174523 0.078119673227180733 0 0.11856492721080661 nan nan nan nan nan nan nan nan nan nan 5.0151454413914269 3.941441939782786 2.6800084754412947 0 3.1632595646805384 nan nan nan nan nan nan nan nan nan nan 0 6 0 9303 26 0 31 11 4 0 0.00062766680881100431 0.00062766680881100431 0.0011777210822302288 -1.0933575011721691e-06 -0.031179796504133318 -0.0022271283240752546 0 running
2670 1.4657505000460584 0.00062704960694395405 0.02 79.724609999999998 0.12700249838847999 0.1824933500546366 0.16481959305153127 0.078146575152599929 0 0.11862531225949145 nan nan nan nan nan nan nan nan nan nan 4.8816167545787907 3.7910532717503731 2.6515823147019209 0 3.0696662855988635 nan nan nan nan nan nan nan nan nan nan 0 6 0 9334 13 0 13 4 4 0 0.00062704960694395405 0.00062704960694395405 0.0011754139061251297 -4.9369091235686154e-07 -0.0086215322216778335 -0.00061582373077004424 0 running
2680 1.4720191250127588 0.00062534876165380661 0.02 80.004530000000003 0.12704876829008654 0.18249913872012397 0.1649473237336393 0.078137626205351543 0 0.11869247554354989 nan nan nan nan nan nan nan nan nan nan 4.716757029650382 3.612140959182534 2.6024655461057176 0 2.9511534440991363 nan nan nan nan nan nan nan nan nan nan 0 6 0 9290 0 0 70 24 6 0 0.00062534876165380661 0.00062534876165380661 0.0011641460054590015 -1.4696735195137211e-06 -0.044185671631789082 -0.0031561194056029425 0 running
2690 1.4782773859487168 0.00062701930709075076 0.02 80.289534000000003 0.12705037646313541 0.18244056746521359 0.16502812518745619 0.078078223203185054 0 0.11871789712861283 nan nan nan nan nan nan nan nan nan nan 4.536895475127646 3.4205583594200695 2.5394455270799781 0 2.8195743927781467 nan nan nan nan nan nan nan nan nan nan 0 6 0 9334 0 0 26 6 6 0 0.00062701930709075076 0.00062701930709075076 0.0011769194340734092 -1.5574981772757676e-06 -0.044544338444648043 -0.0031817384636913452 0 running
2700 1.4845622716133722 0.00063024655131516995 0.02 80.541950999999997 0.12697113189049378 0.18227201839970086 0.16500226396950998 0.077960871242119645 0 0.11866595306308683 nan nan nan nan nan nan nan nan nan nan 4.3504537787874895 3.2251140802602243 2.4668044146212096 0 2.6818785866335704 nan nan nan nan nan nan nan nan nan nan 0 6 0 9317 0 5 38 11 6 0 0.00063024655131516995 0.00063024655131516995 0.0011653069112808555 -1.7044041457226449e-06 -0.048715425386532785 -0.0034796732455691071 0 running
2710 1.4908839159719065 0.00063378479861699315 0.02 80.814967999999993 0.12680670766387489 0.18198925231630217 0.16486236209927729 0.077786440866855086 0 0.11852969570712847 nan nan nan nan nan nan nan nan nan nan 4.1616999060268132 3.2661486202923995 2.3871484560414098 0 2.5423072659054551 nan nan nan nan nan nan nan nan nan nan 0 6 0 9329 0 5 26 8 6 0 0.00063378479861699315 0.00063378479861699315 0.0011719663047777087 -1.2061530483672455e-06 -0.034469115853442693 -0.0024620797064168476 0 running
2720 1.4972254563012524 0.00063473346379678305 0.02 81.075847999999993 0.12659219369462613 0.18163168522986628 0.16466765294640409 0.077565424176462908 0 0.11834702145848648 nan nan nan nan nan nan nan nan nan nan 3.9739282648885794 3.3505584467155152 2.3026150000787511 0 2.5322043972530226 nan nan nan nan nan nan nan nan nan nan 0 6 0 9299 30 0 31 12 4 0 0.00063473346379678305 0.00063473346379678305 0.0011480827875008856 -1.2100540939468694e-06 -0.036889232818841301 -0.0026349452041278345 0 running
2730 1.5031703539857755 0.00063396497982239357 0.02 81.350539999999995 0.12639891840707834 0.18129010459429729 0.16451908290252462 0.077337091353164925 0 0.11819380910407043 nan nan nan nan nan nan nan nan nan nan 4.0227832958230607 3.4323607186757359 2.2210810997740809 0 2.6170089402929775 nan nan nan nan nan nan nan nan nan nan 0 6 0 9329 13 0 18 7 4 0 0.00063396497982239357 0.00063396497982239357 0.001145321825217573 -1.0177113277135168e-06 -0.029482582994623262 -0.002105898787553683 0 running
2740 1.5095184624673663 0.0006364402697764959 0.02 81.642422999999994 0.12624452322729135 0.1809767690785912 0.16444999746058617 0.077105226238440086 0 0.11809652704562047 nan nan nan nan nan nan nan nan nan nan 4.1212594952102712 3.5193626123138166 2.1340545547928138 0 2.7081603353715638 nan nan nan nan nan nan nan nan nan nan 0 6 0 9324 0 0 36 12 6 0 0.0006364402697764959 0.0006364402697764959 0.0011240957477803009 -1.6773202743451673e-06 -0.052225274987492909 -0.0037303767887595278 0 running
2750 1.5159064996866671 0.00064027718247420249 0.02 81.917652000000004 0.12613721299008313 0.1807229527487417 0.16443587900544177 0.076917149438811006 0 0.11805418532275508 nan nan nan nan nan nan nan nan nan nan 4.2142070005094361 3.5951745898183316 2.1704928565417312 0 2.7910882890347937 nan nan nan nan nan nan nan nan nan nan 0 6 0 9316 26 0 18 8 4 0 0.00064027718247420249 0.00064027718247420249 0.0011071270278720856 -1.4525446970152334e-06 -0.045919811423599431 -0.0032799865337201778 0 running
2760 1.5223132251234259 0.00064194067338869943 0.02 82.176222999999993 0.12604569681350747 0.18050744627398818 0.16440587478520269 0.076785750179981252 0 0.11802248587055887 nan nan nan nan nan nan nan nan nan nan 4.2852589200932396 3.6442223572382515 2.2419847933735735 0 2.853311597486385 nan nan nan nan nan nan nan nan nan nan 0 6 0 9311 13 5 31 12 6 0 0.00064194067338869943 0.00064194067338869943 0.0010984118860886106 -1.4865698470457007e-06 -0.04397367130356189 -0.0031409765249992973 0 running
2770 1.52873592275298 0.00064319605057588491 0.02 82.430561999999995 0.12598360396017086 0.18035056650874939 0.16439109803553198 0.076695635502362497 0 0.11801000752266699 nan nan nan nan nan nan nan nan nan nan 4.3203294828742713 3.6543634956150362 2.2958314094300749 0 2.8849024359235544 nan nan nan nan nan nan nan nan nan nan 0 6 0 9290 0 5 65 23 6 0 0.00064319605057588491 0.00064319605057588491 0.0010723141111165276 -1.8314286768494108e-06 -0.059777263916921106 -0.004269804570002509 0 running
2780 1.5351714798073985 0.00064483243599726793 0.02 82.659257999999994 0.12593465126839551 0.18023038612141756 0.16438589046142199 0.076610411643184356 0 0.11799497325756689 nan nan nan nan nan nan nan nan nan nan 4.3121021688312879 3.6207513188622906 2.3269044247174753 0 2.8812868658012212 nan nan nan nan nan nan nan nan nan nan 0 6 0 9329 0 5 26 8 6 0 0.00064483243599726793 0.00064483243599726793 0.001070447604716529 -1.4236077141648036e-06 -0.042885518038184404 -0.0030632512916759845 0 running
2790 1.5416309926007352 0.00064660859916065806 0.02 82.898652999999996 0.12585514210528417 0.18009037063072028 0.1643348807092275 0.076498225180566079 0 0.11792841432116152 nan nan nan nan nan nan nan nan nan nan 4.2606515397113114 3.5456528846271143 2.3333701889748437 0 2.8432123611759597 nan nan nan nan nan nan nan nan nan nan 0 6 0 9329 13 0 18 7 4 0 0.00064660859916065806 0.00064660859916065806 0.001047229803966589 -8.3659845582658374e-07 -0.027960382536963414 -0.0019971701833203241 0 running
2800 1.548107438382279 0.00064819874021348036 0.02 83.145084999999995 0.12571487348846333 0.17989306858685283 0.16418982330040469 0.076351965542008432 0 0.11777822480391445 nan nan nan nan nan nan nan nan nan nan 4.1719989430965807 3.4360310181380456 2.3161313155944203 0 2.7753476677743483 nan nan nan nan nan nan nan nan nan nan 0 6 0 9360 0 0 0 0 0 0 0.00064819874021348036 0.00064819874021348036 0.0010359066670543517 1.1881676087446485e-07 0.0024714153404401234 0.00017652966736067806 0 running
2810 1.5546005397534794 0.00065019317839040984 0.02 83.415679999999995 0.12553246365775286 0.17966270562366826 0.16397065929584201 0.076189719568190109 0 0.11756725262638311 nan nan nan nan nan nan nan nan nan nan 4.0548506704625229 3.3003712784633059 2.278230384543658 0 2.6836171027567119 nan nan nan nan nan nan nan nan nan nan 0 6 0 9342 0 5 13 5 3 0 0.00065019317839040984 0.00065019317839040984 0.0010233895253309959 -1.2715772630673796e-06 -0.03952365215147078 -0.0028231180138000452 0 running
2820 1.561109740084184 0.00065085954474059481 0.02 83.667250999999993 0.12533551075834953 0.17943515309885555 0.16370979751557108 0.07603478730736557 0 0.11732770531381928 nan nan nan nan nan nan nan nan nan nan 3.9188359395157768 3.1474624785847456 2.2236388404328906 0 2.5745461325097496 nan nan nan nan nan nan nan nan nan nan 0 6 0 9329 13 5 13 6 4 0 0.00065085954474059481 0.00065085954474059481 0.0010011739245719146 -6.9067222962662985e-07 -0.024145183387337378 -0.0017246559580593103 0 running
2830 1.5676338375154268 0.00065346778046313772 0.02 83.879580000000004 0.12512551957796056 0.17921365695734684 0.16340623262085796 0.075896169492484594 0 0.11705818213723246 nan nan nan nan nan nan nan nan nan nan 3.7825190760688816 3.0160532806194027 2.1564699024347789 0 2.4540220885635677 nan nan nan nan nan nan nan nan nan nan 0 6 0 9325 4 0 31 10 3 0 0.00065346778046313772 0.00065346778046313772 0.00099877885084250504 -1.1688917359538306e-06 -0.036766875430427767 -0.0026262053906604974 0 running
2840 1.57417371307391 0.00065381643808322659 0.02 84.132776000000007 0.12489891256478053 0.17898382102445801 0.16306265414548721 0.07576496696217562 0 0.11676353975046286 nan nan nan nan nan nan nan nan nan nan 3.9038220384270641 3.0441084181106142 2.0800116879520889 0 2.3458298488232732 nan nan nan nan nan nan nan nan nan nan 0 6 0 9347 0 0 13 3 3 0 0.00065381643808322659 0.00065381643808322659 0.0010055924503781153 -6.2751364099276534e-07 -0.019766013850100916 -0.0014118581336407332 0 running
2850 1.5807228247958878 0.00065573296375470117 0.02 84.408508999999995 0.12465182150096393 0.1787264576635044 0.16268560405781393 0.075621237312414741 0 0.11645625379635088 nan nan nan nan nan nan nan nan nan nan 3.9848226797864283 3.0546425475171013 1.9973198598612627 0 2.3667388711519046 nan nan nan nan nan nan nan nan nan nan 0 6 0 9317 13 0 30 10 4 0 0.00065573296375470117 0.00065573296375470117 0.00097817835455889148 -9.0682635065114104e-07 -0.032446968481113038 -0.002317640608240799 0 running
2860 1.5872896991427508 0.00065745323491833588 0.02 84.661423999999997 0.12436542141282907 0.1784177563312849 0.16225407760764185 0.075442067979412691 0 0.11611633442520512 nan nan nan nan nan nan nan nan nan nan 4.0306153807604117 3.0434862991702256 1.9885918139897254 0 2.3701748947437067 nan nan nan nan nan nan nan nan nan nan 0 7 0 9329 13 0 18 7 4 0 0.00065745323491833588 0.00065745323491833588 0.00096883653576389141 -1.2477148470111958e-06 -0.045074703510073567 -0.0032196216826903094 0 running
2870 1.5938616445779183 0.00065762626303541639 0.02 84.909336999999994 0.12402243958001766 0.17802454397963416 0.16176729745281898 0.075202832390764945 0 0.11571933638315018 nan nan nan nan nan nan nan nan nan nan 4.0556091633628615 3.0080837117583448 2.0126231379354378 0 2.3538557133012863 nan nan nan nan nan nan nan nan nan nan 0 7 0 9294 13 5 48 18 6 0 0.00065762626303541639 0.00065762626303541639 0.00096063671323289642 -1.4477044793314607e-06 -0.044280594598792709 -0.0031628996175389313 0 running
2880 1.6004354884295957 0.00065657705541501501 0.02 85.158846999999994 0.12364939877605023 0.17758995568209249 0.16124335827925471 0.074943393142070228 0 0.1152898259362329 nan nan nan nan nan nan nan nan nan nan 4.0712333815222079 2.9472239815476229 2.0288503089663732 0 2.3164417836074342 nan nan nan nan nan nan nan nan nan nan 0 7 0 9294 13 10 43 17 6 0 0.00065657705541501501 0.00065657705541501501 0.00095527249350291796 -1.3968243282446755e-06 -0.041998809411939793 -0.0029999149611630691 0 running
2890 1.6069955236392137 0.00065630463868285066 0.02 85.386578 0.12325679380188791 0.1771266101100438 0.16069174718992874 0.074677921298729397 0 0.11484215488259912 nan nan nan nan nan nan nan nan nan nan 4.0784395578638035 2.8609767382098532 2.0384043544810257 0 2.2577744822392178 nan nan nan nan nan nan nan nan nan nan 0 10 0 9316 26 5 13 7 4 0 0.00065630463868285066 0.00065630463868285066 0.00096004164453040541 -1.4047161366639336e-06 -0.041520065615763782 -0.0029657189756858208 0 running
2900 1.6135618247666914 0.00065701598074559091 0.02 85.637642999999997 0.12285070794138842 0.17663927581082631 0.16012490285941899 0.074405812839913918 0 0.11438460975770184 nan nan nan nan nan nan nan nan nan nan 4.073171946898551 2.7525595293602247 2.0407847882694323 0 2.180113910612091 nan nan nan nan nan nan nan nan nan nan 0 10 0 9329 13 0 18 7 4 0 0.00065701598074559091 0.00065701598074559091 0.00094925558282409723 -1.2251935078062737e-06 -0.045174106430186163 -0.0032267218912772769 0 running
2910 1.6201312527069271 0.00065643629290391254 0.02 85.883448999999999 0.12241822326309749 0.17610855318522095 0.15952782385958761 0.074119527162134394 0 0.11390370291330368 nan nan nan nan nan nan nan nan nan nan 4.0521401789509683 2.6284029000482798 2.0354781909394202 0 2.1154210204082085 nan nan nan nan nan nan nan nan nan nan 0 10 0 9342 0 0 18 6 3 0 0.00065643629290391254 0.00065643629290391254 0.00094862249888254236 -1.5765012878729813e-06 -0.058165967054644836 -0.004154711936861258 0 running
2920 1.6266885940378366 0.00065561163003713114 0.02 86.145353 0.12195382825474577 0.17553188397673819 0.15889486961102348 0.073810144761378135 0 0.11338748510800176 nan nan nan nan nan nan nan nan nan nan 4.0153421100247346 2.502586139891894 2.0228960235808282 0 2.0752302085389149 nan nan nan nan nan nan nan nan nan nan 0 11 0 9325 0 0 35 12 3 0 0.00065561163003713114 0.00065561163003713114 0.00095415443554699758 -1.5450439235792452e-06 -0.056674826687964329 -0.0040482019105573374 0 running
2930 1.6332486009093539 0.00065621186316385189 0.02 86.411218000000005 0.12146519531349091 0.17492604421051811 0.1582394794514235 0.073474179093659608 0 0.11283465588655678 nan nan nan nan nan nan nan nan nan nan 3.9647171875586018 2.4451036359876381 2.0041273343622543 0 2.0282438333050146 nan nan nan nan nan nan nan nan nan nan 0 10 0 9342 0 10 8 4 3 0 0.00065621186316385189 0.00065621186316385189 0.00096384159275913085 -9.583280683519034e-07 -0.034799787235665659 -0.0024856990908862834 0 running
2940 1.6398100722463782 0.00065594449270515119 0.02 86.696651000000003 0.12096550090517477 0.17431223785977343 0.15757535840327239 0.073122076840252917 0 0.11225717830573402 nan nan nan nan nan nan nan nan nan nan 3.9033289738928048 2.4993286090731557 1.9804150018987201 0 1.9769529022548817 nan nan nan nan nan nan nan nan nan nan 0 11 0 9342 0 0 18 6 3 0 0.00065594449270515119 0.00065594449270515119 0.00098842184487332382 -8.4171953350503624e-07 -0.023556909649781996 -0.001682636405332418 0 running
2950 1.6463654904350711 0.00065503786854188123 0.02 86.994658999999999 0.1204830415713302 0.17372574366426885 0.15693922407723401 0.072772496205805212 0 0.11168897108355402 nan nan nan nan nan nan nan nan nan nan 3.8348111839046055 2.5453006994915848 1.988524154550618 0 1.9239259655499694 nan nan nan nan nan nan nan nan nan nan 0 14 0 9334 26 0 0 2 2 0 0.00065503786854188123 0.00065503786854188123 0.001000092327767539 -1.130377139985268e-07 -0.0021112087623881199 -0.00015080062604408398 0 running
2960 1.6529232929022311 0.00065633465096520921 0.02 87.225103000000004 0.12006580901061709 0.1732239268632409 0.15639592094370269 0.072457411166251276 0 0.11118769315083551 nan nan nan nan nan nan nan nan nan nan 3.7624502983290231 2.5835161196544716 2.0006320420808654 0 1.9221700067286589 nan nan nan nan nan nan nan nan nan nan 0 16 0 9329 13 0 18 7 3 0 0.00065633465096520921 0.00065633465096520921 0.001043845277174307 -9.7644887015382152e-07 -0.027296733606587818 -0.0019497666882434465 0 running
2970 1.6594849226860453 0.00065628551631001768 0.02 87.470466999999999 0.11973044899407699 0.17282476457602503 0.15596650044130064 0.072193136985249942 0 0.11077501768530931 nan nan nan nan nan nan nan nan nan nan 3.6898664635719651 2.6145817577093315 1.9987196735496231 0 1.9184232472688048 nan nan nan nan nan nan nan nan nan nan 0 16 0 9329 18 0 13 5 4 0 0.00065628551631001768 0.00065628551631001768 0.0011203040991624345 -5.0084931061495839e-07 -0.0090821820975062178 -0.00064872729336395464 0 running
2980 1.6660560847826815 0.00065775793481951056 0.02 87.689690999999996 0.11945165748967526 0.17249509984229836 0.15561427677379605 0.071970724622722304 0 0.1104234783775518 nan nan nan nan nan nan nan nan nan nan 3.6206281130056972 2.6373430378568812 1.9770067340064115 0 1.8898848472608716 nan nan nan nan nan nan nan nan nan nan 0 16 0 9316 26 0 18 8 4 0 0.00065775793481951056 0.00065775793481951056 0.0011971403733903963 -9.7247486350610768e-07 -0.026861312529934279 -0.0019186651827353561 0 running
2990 1.6726405119928052 0.0006590828386388956 0.02 87.968681000000004 0.11925712872217879 0.17226487497192125 0.15539167869173914 0.071782215574405783 0 0.11016744676533441 nan nan nan nan nan nan nan nan nan nan 3.5572180224486187 2.6489596131089526 1.93452379350079 0 1.8366298017845653 nan nan nan nan nan nan nan nan nan nan 0 16 0 9302 5 5 48 18 6 0 0.0006590828386388956 0.0006590828386388956 0.0012562750125839825 -1.6888534006114123e-06 -0.04628314320551942 -0.0033059388038847201 0 running
3000 1.6792368532364055 0.00066015653169281539 0.02 88.221149999999994 0.1191611958611776 0.17215531628333269 0.15532335229051103 0.071620854196273037 0 0.11002095049648193 nan nan nan nan nan nan nan nan nan nan 3.5000261049100727 2.646647900404449 1.8747373542010326 0 1.78011342227326 nan nan nan nan nan nan nan nan nan nan 0 16 0 9334 13 0 13 4 4 0 0.00066015653169281539 0.00066015653169281539 0.001306175498321172 -4.7629292627311684e-07 -0.0081746451381226048 -0.00058390322476811122 0 running
3010 1.685845150020882 0.00066136869360541102 0.02 88.465176 0.11916885868978536 0.17218134054957573 0.15540698760363542 0.071495382346584396 0 0.10998522119248755 nan nan nan nan nan nan nan nan nan nan 3.4473683865867732 2.6300451460653638 1.8053376223879223 0 1.8730092944466401 nan nan nan nan nan nan nan nan nan nan 0 16 0 9326 8 0 26 7 3 0 0.00066136869360541102 0.00066136869360541102 0.0013310032568888636 -8.967346445680651e-07 -0.023580492657926892 -0.0016843209059159746 0 running
3020 1.6924615690534524 0.00066167781049773387 0.02 88.723681999999997 0.11928267675895958 0.1723531473723898 0.15562973651927536 0.07142868410084223 0 0.11006137225796561 nan nan nan nan nan nan nan nan nan nan 3.5761495819097897 2.602033335220034 1.7894140577938038 0 1.9751225505298025 nan nan nan nan nan nan nan nan nan nan 0 16 0 9316 26 0 18 8 4 0 0.00066167781049773387 0.00066167781049773387 0.0013713717642609804 -8.0720200246560039e-07 -0.02060132109522592 -0.0014715229369269432 0 running
3030 1.6990698617104036 0.0006608925394129292 0.02 88.950349000000003 0.11947923334240634 0.17264400141955769 0.15594183884022908 0.071436004266695316 0 0.11022488361448332 nan nan nan nan nan nan nan nan nan nan 3.7446332088412966 2.6820629226482038 1.7950315368526732 0 2.0815973110723784 nan nan nan nan nan nan nan nan nan nan 0 16 0 9303 39 0 18 9 5 0 0.0006608925394129292 0.0006608925394129292 0.0013911005759877876 -1.2042318309599466e-06 -0.03029839449902387 -0.002164171037929537 0 running
3040 1.7056808186988204 0.00066129574721801435 0.02 89.225206999999997 0.11970125060517836 0.17298254962014994 0.1562538074498982 0.071508747982120063 0 0.11040937971282462 nan nan nan nan nan nan nan nan nan nan 3.9076257987274299 2.7895215598621688 1.8947404324757859 0 2.1873314061688389 nan nan nan nan nan nan nan nan nan nan 0 14 0 9324 0 10 26 10 6 0 0.00066129574721801435 0.00066129574721801435 0.0014121588867381072 -1.3152141702549646e-06 -0.032597249744786498 -0.0023283749842288089 0 running
3050 1.7122919187361609 0.00066149213730555805 0.02 89.455731999999998 0.11990742944993985 0.1733115701427197 0.15651510104368185 0.07162533648532074 0 0.11056623426606016 nan nan nan nan nan nan nan nan nan nan 4.060347337092872 2.8867965213191233 1.99100446865963 0 2.2863654432343883 nan nan nan nan nan nan nan nan nan nan 0 14 0 9285 39 10 26 13 7 0 0.00066149213730555805 0.00066149213730555805 0.0014299563215327555 -1.3963234808522099e-06 -0.034176793404321171 -0.0024411995314575505 0 running
3060 1.7189020319583701 0.00066130608352813305 0.02 89.693078999999997 0.1200979745701039 0.17361333302901977 0.15674828136435198 0.07176144153059838 0 0.11070817437088265 nan nan nan nan nan nan nan nan nan nan 4.1941508533545973 2.9670044031568525 2.0776614883100137 0 2.3706846302744728 nan nan nan nan nan nan nan nan nan nan 0 13 0 9311 0 5 44 14 6 0 0.00066130608352813305 0.00066130608352813305 0.0014130327582442877 -1.6453761182231431e-06 -0.039882747254534466 -0.0028487676640459613 0 running
3070 1.7255184900714737 0.00066111642653073847 0.02 89.943989000000002 0.12027642977848986 0.17387949537403094 0.15697713785044656 0.07189162561682097 0 0.11085031009530423 nan nan nan nan nan nan nan nan nan nan 4.2986956404958825 3.0219517662037396 2.1490074249313897 0 2.4327445275243011 nan nan nan nan nan nan nan nan nan nan 0 13 0 9285 39 5 31 14 7 0 0.00066111642653073847 0.00066111642653073847 0.0014012050177910449 -1.5597247030024911e-06 -0.037370822037856646 -0.0026693444340938218 0 running
3080 1.7321319918609697 0.00066151951775503715 0.02 90.210745000000003 0.12044433444072548 0.17411188267415029 0.15720821421498279 0.072007980183993292 0 0.11099400424873096 nan nan nan nan nan nan nan nan nan nan 4.3660661037999873 3.0457084622970334 2.2012194810704591 0 2.4677211603577502 nan nan nan nan nan nan nan nan nan nan 0 14 0 9342 0 0 18 6 3 0 0.00066151951775503715 0.00066151951775503715 0.0013956973143392747 -1.0386437423762389e-06 -0.024481801708388692 -0.0017487001238740763 0 running
3090 1.7387423396289126 0.00066050068560467563 0.02 90.448195999999996 0.12058468007437752 0.1742914343630052 0.15741354352330778 0.072110228672594687 0 0.11111666160890513 nan nan nan nan nan nan nan nan nan nan 4.3927312016413769 3.0361611292344288 2.2330265506084057 0 2.4744894906970787 nan nan nan nan nan nan nan nan nan nan 0 14 0 9321 39 0 0 3 3 0 0.00066050068560467563 0.00066050068560467563 0.0013739947292901275 -3.8963932025605489e-07 -0.0058550607905899898 -0.00041821862834084847 0 running
3100 1.7453474820751684 0.0006594356383194459 0.02 90.719111999999996 0.12067976893791153 0.17439528948252142 0.1575674142111686 0.072191786468876931 0 0.11119879543450208 nan nan nan nan nan nan nan nan nan nan 4.3783082097093811 2.9939764121676227 2.2446814617004671 0 2.4543299309489859 nan nan nan nan nan nan nan nan nan nan 0 14 0 9316 13 0 31 10 4 0 0.0006594356383194459 0.0006594356383194459 0.0013496369214485739 -1.2712467570162932e-06 -0.029218039263552757 -0.0020870028067429816 0 running
3110 1.7519394040141048 0.00065937104980621044 0.02 91.021838000000002 0.12071941441624602 0.17441332765114995 0.15765221274645982 0.072241176797062948 0 0.11123339612625258 nan nan nan nan nan nan nan nan nan nan 4.3250096038304839 2.9221468523967764 2.2374273251440764 0 2.4100955775600172 nan nan nan nan nan nan nan nan nan nan 0 14 0 9303 39 10 8 7 5 0 0.00065937104980621044 0.00065937104980621044 0.0013420625022557437 -5.7547718295483648e-07 -0.013119329250364175 -0.00093709494744398738 0 running
3120 1.7585334533141945 0.0006590508231061181 0.02 91.280344999999997 0.12068184216883644 0.17430807096658368 0.15764365886721141 0.072238146996537619 0 0.111208625923051 nan nan nan nan nan nan nan nan nan nan 4.236958808335733 2.8252432576835749 2.2132475445042257 0 2.3455517562387578 nan nan nan nan nan nan nan nan nan nan 0 14 0 9285 39 10 26 13 7 0 0.0006590508231061181 0.0006590508231061181 0.0013282069641732616 -1.3741540311801647e-06 -0.031216581919489807 -0.00222975585374635 0 running
3130 1.7651226741632482 0.00065880197208776508 0.02 91.513520999999997 0.1205476253861248 0.17404457522285971 0.15752257564525055 0.072164510370698445 0 0.11111281371518499 nan nan nan nan nan nan nan nan nan nan 4.1195806008825127 2.7088736370804356 2.1746043168865579 0 2.2651715143613154 nan nan nan nan nan nan nan nan nan nan 0 14 0 9277 47 10 26 14 7 0 0.00065880197208776508 0.00065880197208776508 0.0013246728558947078 -1.5156688323910562e-06 -0.034337832537895137 -0.0024527023267249788 0 running
3140 1.7717128670885787 0.00065938121523165336 0.02 91.748320000000007 0.1203168690759541 0.17362108143578175 0.15729460773720974 0.072012946551117438 0 0.11094596391078977 nan nan nan nan nan nan nan nan nan nan 3.9786383995055306 2.5982144185890546 2.1241216214837317 0 2.173382016687043 nan nan nan nan nan nan nan nan nan nan 0 14 0 9321 8 10 21 8 3 0 0.00065938121523165336 0.00065938121523165336 0.00132165709298852 -7.9626444739588202e-07 -0.017983958456176143 -0.0012845684625117115 0 running
3150 1.7783086479613093 0.0006590818032906657 0.02 92.035653999999994 0.12000952899257347 0.17306469672963806 0.15699139891668271 0.071788695185430643 0 0.11072547087608794 nan nan nan nan nan nan nan nan nan nan 3.8209551322380424 2.6705793740388071 2.0646526769160238 0 2.074577886280411 nan nan nan nan nan nan nan nan nan nan 0 13 0 9303 8 5 44 15 6 0 0.0006590818032906657 0.0006590818032906657 0.0013093649942713228 -1.877088602230802e-06 -0.042486293296330177 -0.0030347352386562894 0 running
3160 1.7849092035428917 0.00065987904922352992 0.02 92.285669999999996 0.11966239412643832 0.17243094786394186 0.15666088810235745 0.071512594216907796 0 0.11048224321784193 nan nan nan nan nan nan nan nan nan nan 3.6550372704991227 2.744871727301808 1.9995954302309671 0 2.1251914386101398 nan nan nan nan nan nan nan nan nan nan 0 14 0 9303 8 10 39 14 6 0 0.00065987904922352992 0.00065987904922352992 0.0012998392344623611 -1.8008805272239424e-06 -0.040776471076322769 -0.0029126050799553843 0 running
3170 1.7915147123757225 0.00066075930802720099 0.02 92.526694000000006 0.11930395876101392 0.17176706520284932 0.15632969880596373 0.071215025037508331 0 0.11023925649237838 nan nan nan nan nan nan nan nan nan nan 3.7056009997747488 2.8169912681067197 1.9326044269530729 0 2.2036186722301299 nan nan nan nan nan nan nan nan nan nan 0 14 0 9326 34 0 0 3 2 0 0.00066075930802720099 0.00066075930802720099 0.0013019911948123704 -3.3148261991550182e-07 -0.0047078636680669417 -0.00033627597664554262 0 running
3180 1.7981293226696893 0.00066117894583092975 0.02 92.810238999999996 0.1189733345663934 0.17113378682767369 0.15604213545762799 0.070926323679890171 0 0.11003093776903818 nan nan nan nan nan nan nan nan nan nan 3.7767999958685281 2.8803418608096498 1.9292974281066329 0 2.2757759036846115 nan nan nan nan nan nan nan nan nan nan 0 14 0 9324 0 10 26 10 6 0 0.00066117894583092975 0.00066117894583092975 0.0013166084033172671 -1.5749667808734322e-06 -0.035451024686894171 -0.0025322160517374332 0 running
3190 1.8047504712218174 0.00066229200053176754 0.02 93.053571000000005 0.11871017139229652 0.1705936653474367 0.15584854973019327 0.070668084726736927 0 0.10988892870220847 nan nan nan nan nan nan nan nan nan nan 3.8272013384759029 2.9266248622836524 1.9911436016904629 0 2.3343757338899391 nan nan nan nan nan nan nan nan nan nan 0 14 0 9303 8 10 39 14 6 0 0.00066229200053176754 0.00066229200053176754 0.0012918363443337963 -1.5263395036446862e-06 -0.03447896537579688 -0.0024627832437286042 0 running
3200 1.811385757221718 0.00066452867030431136 0.02 93.304298000000003 0.11850715648264064 0.17014680785862066 0.15572879737090778 0.070445879073089426 0 0.10979851663186263 nan nan nan nan nan nan nan nan nan nan 3.8500446666775074 2.9480065424944826 2.0386106369226469 0 2.3726715174098665 nan nan nan nan nan nan nan nan nan nan 0 16 0 9287 73 0 0 6 3 0 0.00066452867030431136 0.00066452867030431136 0.0012899988960348176 -5.3165347544126259e-07 -0.0051721036439645622 -0.00036943597495895508 0 running
3210 1.8180358351184305 0.00066581148580492926 0.02 93.568759999999997 0.11831754205745341 0.16974271457266957 0.15560389410604994 0.070250603744927226 0 0.10970367110809892 nan nan nan nan nan nan nan nan nan nan 3.8427112128965919 2.9397304114360043 2.0691149360431842 0 2.3865122896615407 nan nan nan nan nan nan nan nan nan nan 0 14 0 9347 0 0 13 3 3 0 0.00066581148580492926 0.00066581148580492926 0.0012682615817904146 -4.6912540384875371e-07 -0.0067114936923983225 -0.00047939240710603224 0 running
3220 1.824703655988186 0.00066737506537443167 0.02 93.803229999999999 0.11811859254396904 0.1693535791159905 0.15544349213329162 0.070065893797634504 0 0.10957858387107743 nan nan nan nan nan nan nan nan nan nan 3.8077468747258361 2.9018844131690797 2.082775709579586 0 2.3756518348731692 nan nan nan nan nan nan nan nan nan nan 0 14 0 9305 55 0 0 5 3 0 0.00066737506537443167 0.00066737506537443167 0.0012694528737473153 -6.9424070917450936e-07 -0.0051183832866629119 -0.00036559880657621447 0 running
3230 1.8313928534818298 0.00067058955057348131 0.02 94.052985000000007 0.11791407841450394 0.16897684748815933 0.15526576208503159 0.069876256714860016 0 0.10943183415416925 nan nan nan nan nan nan nan nan nan nan 3.7509709437525198 2.8386379071841605 2.0815411532916586 0 2.3430802267067419 nan nan nan nan nan nan nan nan nan nan 0 14 0 9313 29 0 18 8 4 0 0.00067058955057348131 0.00067058955057348131 0.0012739844462754152 -1.1147447345855214e-06 -0.026077203818884721 -0.0018626574176012537 0 running
3240 1.838103940141252 0.00067201154842607563 0.02 94.290349000000006 0.11769096946715847 0.16858853196607113 0.15505708861523712 0.069672753801783407 0 0.10925536603739758 nan nan nan nan nan nan nan nan nan nan 3.67860722381725 2.7559926951461455 2.0678766996478135 0 2.293280840240643 nan nan nan nan nan nan nan nan nan nan 0 13 0 9277 47 5 31 15 7 0 0.00067201154842607563 0.00067201154842607563 0.0012505840457159904 -2.0786643936724319e-06 -0.049701718397272686 -0.0035501227464106249 0 running
3250 1.8448472365741186 0.00067557980365517902 0.02 94.518828999999997 0.11743646503822237 0.16816627253755148 0.15480111878342509 0.069450847657480219 0 0.1090408857596612 nan nan nan nan nan nan nan nan nan nan 3.5954317971772882 2.6596628160097358 2.0439122635691418 0 2.2306213391265315 nan nan nan nan nan nan nan nan nan nan 0 13 0 9360 0 0 0 0 0 0 0.00067557980365517902 0.00067557980365517902 0.0012518646284860248 6.2432306930561969e-07 0.0090740424506426422 0.0006481458900159426 0 running
3260 1.8516209330317248 0.00067843625191393679 0.02 94.756335000000007 0.11714421502306049 0.16770166887153362 0.15448933949299487 0.069204853506560637 0 0.1087828941456391 nan nan nan nan nan nan nan nan nan nan 3.5047782407312655 2.5544789435263127 2.0112979803622979 0 2.1588258032388059 nan nan nan nan nan nan nan nan nan nan 0 13 0 9326 34 0 0 3 2 0 0.00067843625191393679 0.00067843625191393679 0.0012257009051205988 -4.2833817767706773e-07 -0.004833677277870943 -0.00034526266306960252 0 running
3270 1.8584113244833829 0.00067875910584227247 0.02 94.995812000000001 0.11681040556801039 0.16719597699672845 0.15411447238937978 0.068927565687985484 0 0.10847386602032943 nan nan nan nan nan nan nan nan nan nan 3.4089851173742773 2.4443603575192134 1.9713889420220063 0 2.0809551703280293 nan nan nan nan nan nan nan nan nan nan 0 15 0 9290 39 0 31 12 7 0 0.00067875910584227247 0.00067875910584227247 0.0012436965540849445 -2.1714144525608425e-06 -0.056300598893114652 -0.0040214713537541384 0 running
3280 1.864858228917581 0.00067860861750449549 0.02 95.270865000000001 0.11645252180213995 0.16668145367743847 0.15369333423267223 0.0686318620485733 0 0.10812617025750543 nan nan nan nan nan nan nan nan nan nan 3.3148104056273544 2.3389060102850059 1.9278762146145079 0 2.0036892934487693 nan nan nan nan nan nan nan nan nan nan 0 15 0 9334 26 0 0 2 2 0 0.00067860861750449549 0.00067860861750449549 0.0013278859615325604 -2.7976099574210719e-07 -0.0041668279204108523 -0.00029763056605787658 0 running
3290 1.8716323613955603 0.00067667395622505891 0.02 95.524252000000004 0.11603421826565777 0.166108596775808 0.15318029895735838 0.068290388878567213 0 0.10770260868675348 nan nan nan nan nan nan nan nan nan nan 3.2135394760560585 2.3361117016772921 1.877393092891535 0 1.9209187615277137 nan nan nan nan nan nan nan nan nan nan 0 15 0 9307 5 1 47 15 6 0 0.00067667395622505891 0.00067667395622505891 0.0012781878523027475 -2.187291275477414e-06 -0.059893539453501544 -0.004278109965481309 0 running
3300 1.8783991903651343 0.00067606573066274027 0.02 95.747985 0.11558148054368192 0.16551160915767102 0.15260616861689688 0.067927576919621632 0 0.1072310684982952 nan nan nan nan nan nan nan nan nan nan 3.1112340695127076 2.3290049717435521 1.8235189778707075 0 1.8926479195561836 nan nan nan nan nan nan nan nan nan nan 0 15 0 9304 22 3 31 12 4 0 0.00067606573066274027 0.00067606573066274027 0.0012459289085073753 -1.7341417058312504e-06 -0.048714625068555069 -0.0034796160799992096 0 running
3310 1.885155543374355 0.00067504133753904536 0.02 95.996643000000006 0.11511142815282056 0.16490748356363513 0.15199709344304932 0.067553803780201122 0 0.10673375052583078 nan nan nan nan nan nan nan nan nan nan 3.0098563515427932 2.3176764028137105 1.7681577556652623 0 1.8919956281693071 nan nan nan nan nan nan nan nan nan nan 0 15 0 9292 55 0 13 8 5 0 0.00067504133753904536 0.00067504133753904536 0.0012167951016721717 -1.2880102812739926e-06 -0.037048439572974663 -0.0026463171151493671 0 running
3320 1.891894833390108 0.00067291841428466636 0.02 96.227445000000003 0.11464778673903189 0.1643212819153313 0.15139211789365464 0.067176657586900126 0 0.10623942133511946 nan nan nan nan nan nan nan nan nan nan 2.9385476664138008 2.3018495382014414 1.7136375188485307 0 1.8874691984701952 nan nan nan nan nan nan nan nan nan nan 0 15 0 9300 42 10 8 8 4 0 0.00067291841428466636 0.00067291841428466636 0.0011881375389936038 -1.5885263571800003e-06 -0.030281742155180758 -0.00216298158479663 0 running
3330 1.8986050965309114 0.0006697316125303651 0.02 96.508926000000002 0.11421433042078789 0.16377902305704106 0.15082953295822712 0.06680624052794544 0 0.10577512083638173 nan nan nan nan nan nan nan nan nan nan 2.9276915849148994 2.2811221788259197 1.6624033945112235 0 1.8785123747366925 nan nan nan nan nan nan nan nan nan nan 0 15 0 9287 60 0 13 9 5 0 0.0006697316125303651 0.0006697316125303651 0.0011602110002696892 -1.5693964158160209e-06 -0.014752385069484246 -0.0010537417917900077 0 running
3340 1.905286578178083 0.0006670972681079915 0.02 96.757452000000001 0.11382629976841949 0.16329751382732249 0.15033268939570696 0.066454519837056997 0 0.10535622366498329 nan nan nan nan nan nan nan nan nan nan 2.913064751330773 2.2549488802222486 1.635753585556815 0 1.8643777796114618 nan nan nan nan nan nan nan nan nan nan 0 15 0 9292 68 0 0 6 2 0 0.0006670972681079915 0.0006670972681079915 0.0011333045869832002 -1.6170826316247441e-06 -0.010325107774657248 -0.00073750769896847857 0 running
3350 1.9119450003865774 0.00066493948691765759 0.02 97.012958999999995 0.11348704346751289 0.16287851543477685 0.14990751191016558 0.066128303288213411 0 0.10498533117476255 nan nan nan nan nan nan nan nan nan nan 2.8935795795718207 2.2226154285873361 1.6324312777689953 0 1.844159053043448 nan nan nan nan nan nan nan nan nan nan 0 15 0 9287 55 5 13 10 5 0 0.00066493948691765759 0.00066493948691765759 0.0010977102821725115 -1.9892107438758059e-06 -0.063399034005025612 -0.004528502433711684 0 running
3360 1.9185882580449232 0.00066377449724500689 0.02 97.260608000000005 0.11318526093148761 0.16250489656606323 0.14953982087564222 0.065823643227447395 0 0.10465068092202896 nan nan nan nan nan nan nan nan nan nan 2.8679623566170949 2.1837531415406355 1.6229857807412467 0 1.817303004939421 nan nan nan nan nan nan nan nan nan nan 0 15 0 9316 26 0 18 8 4 0 0.00066377449724500689 0.00066377449724500689 0.0010742967784528848 -1.5497202273244324e-06 -0.050460560439268061 -0.003604325749467523 0 running
3370 1.9252191296835215 0.00066279009772940325 0.02 97.486922000000007 0.11289837779181311 0.1621428015007528 0.14919909799993133 0.065531784042542326 0 0.10433189779645892 nan nan nan nan nan nan nan nan nan nan 2.8361731686607072 2.1612604657321208 1.6070782339784322 0 1.7844548696012486 nan nan nan nan nan nan nan nan nan nan 0 15 0 9310 50 0 0 4 2 0 0.00066279009772940325 0.00066279009772940325 0.0010538937409924516 -2.0068116822305118e-06 -0.012558919376482265 -0.00089706567069587314 0 running
3380 1.9318405471395002 0.00066202106127208663 0.02 97.763728 0.11261669561246102 0.16177501586011714 0.14886806844164047 0.065255719846168986 0 0.10402612230887341 nan nan nan nan nan nan nan nan nan nan 2.7998471318131504 2.189196751503717 1.5864029426932169 0 1.7477816029451221 nan nan nan nan nan nan nan nan nan nan 0 15 0 9302 58 0 0 4 2 0 0.00066202106127208663 0.00066202106127208663 0.0010317266567693585 -2.174176260316511e-06 -0.013539098171175714 -0.00096707844181932571 0 running
3390 1.938454850175644 0.00066067935230571559 0.02 98.003290000000007 0.11232380612935687 0.161374643196146 0.14852514315397217 0.064993208215766332 0 0.10371873691458758 nan nan nan nan nan nan nan nan nan nan 2.7760718835471048 2.2041559214059365 1.5638872700358357 0 1.7100116718449243 nan nan nan nan nan nan nan nan nan nan 0 15 0 9360 0 0 0 0 0 0 0.00066067935230571559 0.00066067935230571559 0.0010243651219765701 2.7608999961254567e-07 0.0041569884256364778 0.000296927745001822 0 running
3400 1.9450603651920904 0.00066053267608483907 0.02 98.295569 0.11201314804566771 0.16093144049001959 0.14816010516369393 0.064744818915144373 0 0.10340449602816583 nan nan nan nan nan nan nan nan nan nan 2.8107035851839068 2.1995198304036725 1.5415172322570956 0 1.6724043345824415 nan nan nan nan nan nan nan nan nan nan 0 15 0 9300 42 5 13 9 4 0 0.00066053267608483907 0.00066053267608483907 0.00098221652822081708 -2.3395588029962233e-06 -0.066471677262175316 -0.0047479769523112456 0 running
3410 1.9516643967237286 0.00066042086256918654 0.02 98.539053999999993 0.11169856742333484 0.16046503644549423 0.14779827793022429 0.064504793806248212 0 0.10309521093409811 nan nan nan nan nan nan nan nan nan nan 2.8357027803533192 2.181152469299322 1.5188778755978738 0 1.6335604519400428 nan nan nan nan nan nan nan nan nan nan 0 15 0 9325 5 9 21 8 3 0 0.00066042086256918654 0.00066042086256918654 0.0009633166373868335 -1.3939848273792925e-06 -0.050586156149393512 -0.0036132968716288127 0 running
3420 1.9579404304963479 0.00033051775576114481 0.02 98.762628000000007 0.1114173744668889 0.1600308119614578 0.14749438444604257 0.064277615909766828 0 0.10282553446625387 nan nan nan nan nan nan nan nan nan nan 2.8524853569538076 2.1577781126579652 1.4951032264119501 0 1.592540714671971 nan nan nan nan nan nan nan nan nan nan 0 15 0 9305 55 0 0 16 6 1 0.00066103551152228962 0.00033051775576114481 0.00094283990469257368 -2.3542708927600307e-06 -0.058240912465805504 -0.0041600651805212439 0 running
3430 1.964552156085102 0.0006616672191425251 0.02 99.031636000000006 0.11115018495763876 0.15960177569385914 0.1472301282500475 0.064036786056061001 0 0.10257519506702606 nan nan nan nan nan nan nan nan nan nan 2.8642655799625656 2.1295877501456246 1.4655335014586102 0 1.5419905861041658 nan nan nan nan nan nan nan nan nan nan 0 15 0 9279 81 0 0 7 3 0 0.0006616672191425251 0.0006616672191425251 0.0009300696621163361 -2.2509685747068916e-06 -0.013682385547303904 -0.00097731325441071694 0 running
3440 1.9711660711527856 0.00066140469656371305 0.02 99.247856999999996 0.11091503762038513 0.1592118417779225 0.1470190703957252 0.06379899499367489 0 0.10235916406024846 nan nan nan nan nan nan nan nan nan nan 2.8709318198465121 2.0966196006908238 1.4307717955539438 0 1.4833565204385395 nan nan nan nan nan nan nan nan nan nan 0 15 0 9311 31 7 11 7 4 0 0.00066140469656371305 0.00066140469656371305 0.0009144280035384175 -1.4529751805699393e-06 -0.02821282205863317 -0.0020152015777443449 0 running
3450 1.9777835482859785 0.00066211601493508987 0.02 99.482628000000005 0.1107005850274969 0.15885256261060426 0.1468327262550847 0.063573276247753621 0 0.10216432854387368 nan nan nan nan nan nan nan nan nan nan 2.873316661795327 2.056554097387691 1.392399574879394 0 1.4194709104990315 nan nan nan nan nan nan nan nan nan nan 0 13 0 9295 45 9 11 8 4 0 0.00066211601493508987 0.00066211601493508987 0.00090559919694770661 -2.3557183665220621e-06 -0.01422273406721034 -0.0010159095773019274 0 running
3460 1.9844077933895372 0.00066262751028569526 0.02 99.719413000000003 0.11048889642695363 0.15850763821151848 0.14663238492132913 0.063368628767726864 0 0.10196896771674202 nan nan nan nan nan nan nan nan nan nan 2.8722767530684177 2.0111280142591577 1.3578830904435608 0 1.3943170507236959 nan nan nan nan nan nan nan nan nan nan 0 15 0 9324 5 7 24 8 3 0 0.00066262751028569526 0.00066262751028569526 0.00089545557128103644 -1.6693184877105724e-06 -0.032404116835483616 -0.0023145797764068947 0 running
3470 1.9910430601425892 0.00066422722144488888 0.02 99.999162999999996 0.1102785665499353 0.15817808609032252 0.14641132758834938 0.063192265501800321 0 0.1017691751804646 nan nan nan nan nan nan nan nan nan nan 2.8686217532824383 1.9700855447038452 1.3513087350578679 0 1.3830347765857733 nan nan nan nan nan nan nan nan nan nan 0 15 0 9282 55 7 16 11 5 0 0.00066422722144488888 0.00066422722144488888 0.00089059723866821358 -2.2965431825946316e-06 -0.018532006483175802 -0.0013237147501958756 0 running
3480 1.9976914285972183 0.00066541965361243912 0.02 100.249571 0.11009962386877128 0.15790221009168751 0.14621945952375326 0.063048792316104288 0 0.10159354001336585 nan nan nan nan nan nan nan nan nan nan 2.8629607539861173 1.9543202276362237 1.3556055095707094 0 1.3696027266012161 nan nan nan nan nan nan nan nan nan nan 0 15 0 9314 33 4 9 5 4 0 0.00066541965361243912 0.00066541965361243912 0.00088261814981178261 -1.3032514756206034e-06 -0.023351259564976402 -0.0016679471135450799 0 running
3490 2.0040012122104591 0.00066730083513168506 0.02 100.542115 0.10996987340939388 0.15770083136612181 0.14608473555996734 0.06294417030455525 0 0.10146228134568107 nan nan nan nan nan nan nan nan nan nan 2.8561552921909072 1.9392616826790787 1.3556434863075775 0 1.3633586597836183 nan nan nan nan nan nan nan nan nan nan 0 15 0 9314 33 4 9 5 4 0 0.00066730083513168506 0.00066730083513168506 0.00088289925963939443 -1.2957843054987003e-06 -0.025455672065873871 -0.0018182622923393194 0 running
3500 2.0106867941882878 0.000669482097677495 0.02 100.843603 0.10986963937176948 0.15754305139143193 0.14598770098752928 0.062862463126804158 0 0.10135470944508188 nan nan nan nan nan nan nan nan nan nan 2.8477945053691887 1.92458958756401 1.3514713602235244 0 1.3707026262755848 nan nan nan nan nan nan nan nan nan nan 0 15 0 9295 52 2 11 7 4 0 0.000669482097677495 0.000669482097677495 0.00087521712837283978 -2.148850503718574e-06 -0.029524790088852067 -0.0021089135800017806 0 running
3510 2.0173940951217308 0.0006722449420275867 0.02 101.124623 0.10980280335902243 0.15743687646634386 0.14593228818799173 0.062806257338367616 0 0.10127215490639858 nan nan nan nan nan nan nan nan nan nan 2.8385276226433351 1.9105859620968431 1.3431619148294458 0 1.3770944740190936 nan nan nan nan nan nan nan nan nan nan 0 15 0 9311 16 11 22 8 4 0 0.0006722449420275867 0.0006722449420275867 0.0008747433970740442 -2.215868898010689e-06 -0.023956130271858549 -0.0017111521640822789 0 running
3520 2.024125122985323 0.0006738247516346451 0.02 101.41845600000001 0.10977411932702016 0.15739095424526375 0.14592704423557301 0.062773216744686056 0 0.10121608030383998 nan nan nan nan nan nan nan nan nan nan 2.8285364414667349 1.9084546345427094 1.3334299041241393 0 1.3824411331834332 nan nan nan nan nan nan nan nan nan nan 0 15 0 9334 0 0 26 6 3 0 0.0006738247516346451 0.0006738247516346451 0.00087595793633513152 -1.67131877620609e-06 -0.031864636477757814 -0.0022760454651000808 0 running
3530 2.0308779843799218 0.00067625255821422432 0.02 101.640091 0.10978601414430479 0.15740899372853479 0.14597711976924077 0.062761301660583788 0 0.10118771031890923 nan nan nan nan nan nan nan nan nan nan 2.8178262749861158 1.9604786085277497 1.336027005078964 0 1.3985626243127312 nan nan nan nan nan nan nan nan nan nan 0 15 0 9311 31 7 11 7 4 0 0.00067625255821422432 0.00067625255821422432 0.00089424492700504584 -1.9712782530666851e-06 -0.01161012913017225 -0.0008292949387450324 0 running
3540 2.0376437050243013 0.0006771498633014151 0.02 101.86269299999999 0.10983344222703385 0.15748126791203634 0.14607680497825279 0.062766966467850849 0 0.10118522808089404 nan nan nan nan nan nan nan nan nan nan 2.8062240160223242 2.0086461973018368 1.3383015369264006 0 1.4321216641625896 nan nan nan nan nan nan nan nan nan nan 0 15 0 9313 47 0 0 4 2 0 0.0006771498633014151 0.0006771498633014151 0.0009040066204420834 -5.0851292987125192e-07 -0.0030023862018482418 -0.00021445615750130149 0 running
3550 2.0444195405005527 0.00067808384383898025 0.02 102.13943500000001 0.10990716650390428 0.15758864302045694 0.14621509165047547 0.062784850882695281 0 0.10120748642682743 nan nan nan nan nan nan nan nan nan nan 2.7934486682093587 2.0448717463130111 1.3402032148357708 0 1.458766335381767 nan nan nan nan nan nan nan nan nan nan 0 15 0 9279 81 0 0 7 3 0 0.00067808384383898025 0.00067808384383898025 0.0009082208331152691 -1.1928998900768982e-06 -0.007036205753070581 -0.00050258612574996758 0 running
3560 2.0512030597835293 0.00067833018356836374 0.02 102.455212 0.109995442180862 0.15770962261558083 0.14637612317860577 0.062810493438421988 0 0.10124985883689633 nan nan nan nan nan nan nan nan nan nan 2.7792767746027378 2.0643741995212141 1.3413944979062791 0 1.4759322790896934 nan nan nan nan nan nan nan nan nan nan 0 15 0 9303 39 0 18 9 5 0 0.00067833018356836374 0.00067833018356836374 0.00091531443728025527 -1.879839481649242e-06 -0.034133723115770044 -0.0024381230822720793 0 running
3570 2.0579930656786112 0.00067903271444536776 0.02 102.723204 0.11008752721707783 0.1578273479041678 0.14654435299433005 0.062840567578242454 0 0.10130479835283503 nan nan nan nan nan nan nan nan nan nan 2.7634755676167364 2.0675182645067212 1.341041867776771 0 1.4837578535013669 nan nan nan nan nan nan nan nan nan nan 0 15 0 9324 5 7 24 8 3 0 0.00067903271444536776 0.00067903271444536776 0.00091533921094436043 -1.7245753042785177e-06 -0.030762425483058194 -0.002197316108252698 0 running
3580 2.0647890566591971 0.00067959138093967261 0.02 102.971289 0.11017092652482365 0.15792641535389068 0.1467001767905102 0.062871490480726169 0 0.1013589976495716 nan nan nan nan nan nan nan nan nan nan 2.7466728934439608 2.0576456538671897 1.3377178995323686 0 1.4840140161436053 nan nan nan nan nan nan nan nan nan nan 0 15 0 9298 44 7 11 8 5 0 0.00067959138093967261 0.00067959138093967261 0.00093147549677828547 -1.1877803621209053e-06 -0.020668583045057788 -0.0014763273619200063 0 running
3590 2.0715912316066025 0.00068065230790931199 0.02 103.208855 0.11023002768229406 0.15798924097892045 0.14681922006388823 0.062896813307896177 0 0.10139429098644753 nan nan nan nan nan nan nan nan nan nan 2.7297228335569645 2.0390658788850926 1.329615956746256 0 1.4790822671263517 nan nan nan nan nan nan nan nan nan nan 0 15 0 9266 94 0 0 8 3 0 0.00068065230790931199 0.00068065230790931199 0.00093826418800338496 -1.2979070720106619e-06 -0.0078183924102864111 -0.00055845660132437325 0 running
3600 2.078394973498324 0.0006806009215298977 0.02 103.49743100000001 0.11025089732523773 0.15800069073089781 0.14688110755771314 0.062906369880133067 0 0.10139434108855948 nan nan nan nan nan nan nan nan nan nan 2.713902312703258 2.0160106372283693 1.3152334390406124 0 1.471352862185292 nan nan nan nan nan nan nan nan nan nan 0 15 0 9298 44 2 16 9 5 0 0.0006806009215298977 0.0006806009215298977 0.00094719658001940791 -8.6730784525437788e-07 -0.01280403641883922 -0.00091457403088271254 0 running
3610 2.0852045211301782 0.00068112586817995618 0.02 103.74581000000001 0.11022626387364197 0.1579542109894348 0.14687694352807504 0.062890080404895063 0 0.1013489749081378 nan nan nan nan nan nan nan nan nan nan 2.7005008679225657 1.99193541372005 1.2942138818626225 0 1.4628052513513461 nan nan nan nan nan nan nan nan nan nan 0 14 0 9334 26 0 0 2 2 0 0.00068112586817995618 0.00068112586817995618 0.00095698466774564266 -1.9162685012570619e-07 -0.0023384023722170786 -0.00016702874104900073 0 running
3620 2.0920063502393251 0.00067694151936561477 0.02 103.99655 0.11015759734737346 0.15785300663327939 0.14680967661480193 0.062845055327250404 0 0.1012587153618703 nan nan nan nan nan nan nan nan nan nan 2.6903310965382152 1.9988796755239935 1.2678100724229631 0 1.4547804764766479 nan nan nan nan nan nan nan nan nan nan 0 16 0 9324 18 7 11 6 3 0 0.00067694151936561477 0.00067694151936561477 0.00096648176360173224 -6.0591698455725999e-07 -0.0097904675176582242 -0.00069931910914251393 0 running
3630 2.0987178273070914 0.00066637615479511552 0.02 104.223685 0.11006079150603423 0.15771748162561069 0.14670041293592864 0.062780897951773953 0 0.10114164731279494 nan nan nan nan nan nan nan nan nan nan 2.6834605648907592 2.0099005324336359 1.2619063464306426 0 1.4480349305848994 nan nan nan nan nan nan nan nan nan nan 0 16 0 9316 26 5 13 7 4 0 0.00066637615479511552 0.00066637615479511552 0.00097810816343583268 -1.1985387908983525e-06 -0.018995827269412457 -0.0013568448063906165 0 running
3640 2.1053589344468304 0.00066235014726220235 0.02 104.48809799999999 0.10995863711716634 0.15757677331880929 0.14657864263473699 0.062714322718816773 0 0.10102319111488267 nan nan nan nan nan nan nan nan nan nan 2.6791427831245658 2.0104295977722124 1.2676613232365304 0 1.4525578934195269 nan nan nan nan nan nan nan nan nan nan 0 12 0 9311 31 7 11 7 4 0 0.00066235014726220235 0.00066235014726220235 0.00096403335995983211 -9.3919914150248133e-07 -0.014566455262400751 -0.0010404610912700216 0 running
3650 2.1119612530286975 0.00065813875652407543 0.02 104.72647499999999 0.10986374629626509 0.15744830695682299 0.14645766678467081 0.062659767618078635 0 0.10091654844335125 nan nan nan nan nan nan nan nan nan nan 2.6763458043660959 2.0023249094371272 1.2745747356821604 0 1.4556895175319242 nan nan nan nan nan nan nan nan nan nan 0 12 0 9300 60 0 0 5 2 0 0.00065813875652407543 0.00065813875652407543 0.00091606474622248015 -1.6011082330444346e-07 -0.0019333498084434767 -0.00013809641503462468 0 running
3660 2.1185104990768915 0.00065186574850557887 0.02 104.962565 0.1097783370750265 0.15733746315546013 0.14633735403791701 0.062623740768870048 0 0.10082155051321923 nan nan nan nan nan nan nan nan nan nan 2.673996201272951 1.987555645126889 1.281909007632537 0 1.454738131813808 nan nan nan nan nan nan nan nan nan nan 0 12 0 9295 52 0 13 7 5 0 0.00065186574850557887 0.00065186574850557887 0.00086589540087793121 -4.2970622867351251e-07 -0.0051790119555385639 -0.0003699294257861905 0 running
3670 2.124978461264325 0.00064244583325594618 0.02 105.16519 0.1097053472761309 0.15724781318064784 0.14622397654442568 0.062604913335426463 0 0.10074033385186626 nan nan nan nan nan nan nan nan nan nan 2.6710895857129948 1.9679444841804787 1.2889590299126374 0 1.4505389246693567 nan nan nan nan nan nan nan nan nan nan 0 12 0 9316 26 10 8 6 4 0 0.00064244583325594618 0.00064244583325594618 0.00083409370821993815 -7.8858992515386929e-07 -0.011559152839210166 -0.00082565377510103921 0 running
3680 2.1313481487834562 0.00063248155252772535 0.02 105.381108 0.10965371735840145 0.15718751057582497 0.14613767605627095 0.062596778431278338 0 0.10068365377981528 nan nan nan nan nan nan nan nan nan nan 2.7074941026556889 1.9449809821200423 1.3135660199304544 0 1.443806632211075 nan nan nan nan nan nan nan nan nan nan 0 12 0 9360 0 0 0 0 0 0 0.00063248155252772535 0.00063248155252772535 0.00080270912128530632 4.571536362657501e-08 0.00051338614274551908 3.6670438806254455e-05 0 running
3690 2.1376082403142993 0.00062042684411854989 0.02 105.651709 0.10961950559352059 0.15714926566331036 0.14607778978966546 0.062590236758411633 0 0.10064804979240302 nan nan nan nan nan nan nan nan nan nan 2.7770134928837269 1.9340953570428696 1.3568090038220806 0 1.4382169780328928 nan nan nan nan nan nan nan nan nan nan 0 12 0 9316 31 5 8 5 4 0 0.00062042684411854989 0.00062042684411854989 0.00076619707508735282 -1.3372154583874554e-06 -0.019039813941169329 -0.0013599867115194244 0 running
3700 2.1437690713613935 0.00061600201447241691 0.02 105.864013 0.10958659945611858 0.15711084993393734 0.14602317149262939 0.062576056292950211 0 0.10061692353113537 nan nan nan nan nan nan nan nan nan nan 2.8372280590681749 1.9230220920874661 1.3949901422257054 0 1.4681261846979088 nan nan nan nan nan nan nan nan nan nan 0 15 0 9311 26 12 11 8 4 0 0.00061600201447241691 0.00061600201447241691 0.00073715163455723512 -1.3641987661537621e-06 -0.018511890778970929 -0.0013222779141797249 0 running
3710 2.1499168329584153 0.00061343399294322984 0.02 106.056382 0.10953903786415213 0.15704922302054722 0.14595250274548319 0.062547089211431733 0 0.10057471950331309 nan nan nan nan nan nan nan nan nan nan 2.8876684850257863 1.9097251314372523 1.4279998914120573 0 1.4962699144246581 nan nan nan nan nan nan nan nan nan nan 0 15 0 9329 18 5 8 4 3 0 0.00061343399294322984 0.00061343399294322984 0.00072695094620020757 -1.2931172521131806e-06 -0.018008762121049994 -0.0012863401528617144 0 running
3720 2.1560383576404685 0.00060990222942872976 0.02 106.24391799999999 0.1094685493200951 0.15694908886438746 0.14585672447791867 0.062499907613080982 0 0.10051555814299563 nan nan nan nan nan nan nan nan nan nan 2.9276931278210538 1.8944378769873922 1.4555113121277037 0 1.5175165856799526 nan nan nan nan nan nan nan nan nan nan 0 15 0 9331 29 0 0 2 1 0 0.00060990222942872976 0.00060990222942872976 0.00071885301328562172 -5.7859644475785613e-07 -0.003260050543417466 -0.00023286075334710653 0 running
3730 2.1621166959190345 0.00060480559123977159 0.02 106.441182 0.1093719237307583 0.15680371736871757 0.14573253355799753 0.062434802464958375 0 0.10043707894056927 nan nan nan nan nan nan nan nan nan nan 2.9574232124960806 1.877508531412571 1.4775483512932381 0 1.5320674628315012 nan nan nan nan nan nan nan nan nan nan 0 15 0 9342 0 10 8 4 3 0 0.00060480559123977159 0.00060480559123977159 0.00072427329143101235 -1.3908549010247826e-06 -0.019070957459348784 -0.0013622112485345915 0 running
3740 2.168149506469724 0.00060111876201949946 0.02 106.654476 0.10924900157634831 0.1566142542172668 0.14557914661476246 0.062353027132719632 0 0.10033697813576971 nan nan nan nan nan nan nan nan nan nan 2.9775637825000221 1.8715449754509244 1.4944085540383392 0 1.5404711330821503 nan nan nan nan nan nan nan nan nan nan 0 15 0 9302 58 0 0 4 2 0 0.00060111876201949946 0.00060111876201949946 0.00070938680334200468 -1.1548216235203464e-06 -0.0064528702262157287 -0.00046091930235919986 0 running
3750 2.1741284886827597 0.00059501561807301449 0.02 106.87674800000001 0.10909800471841823 0.15638083406549413 0.14539231818630596 0.062254870149751174 0 0.10021134097361437 nan nan nan nan nan nan nan nan nan nan 2.9890924021993373 1.8805244601036002 1.5064813713352398 0 1.5434296291791694 nan nan nan nan nan nan nan nan nan nan 0 15 0 9334 26 0 0 2 2 0 0.00059501561807301449 0.00059501561807301449 0.00069920015145021356 -1.3526137736859925e-07 -0.0013096277239252002 -9.3544837521995086e-05 0 running
3760 2.1800454967256462 0.00058854839987946129 0.02 107.109247 0.10892347949415922 0.15611289365026601 0.14517773091187583 0.062139925991256992 0 0.10006219269431106 nan nan nan nan nan nan nan nan nan nan 2.9930118144847979 1.8823466589330207 1.5142295088742315 0 1.5416204501710831 nan nan nan nan nan nan nan nan nan nan 0 15 0 9334 26 0 0 2 2 0 0.00058854839987946129 0.00058854839987946129 0.00069127715506782936 -1.2621450625280998e-07 -0.0011904016371344698 -8.5028688456522815e-05 0 running
3770 2.1858973066117926 0.00058218463416631692 0.02 107.33766199999999 0.10873309683826836 0.15582440645237461 0.14494551530808605 0.06200857961560486 0 0.099894543094680488 nan nan nan nan nan nan nan nan nan nan 2.9903036693599852 1.8792799320606099 1.5180846454033117 0 1.5357604348236391 nan nan nan nan nan nan nan nan nan nan 0 15 0 9316 0 36 8 8 5 0 0.00058218463416631692 0.00058218463416631692 0.00067577386434297031 -1.1668805138489131e-06 -0.01571131666401876 -0.0011222369057576486 0 running
3780 2.1916825677579568 0.00057576330765768651 0.02 107.551913 0.10853506084881467 0.15552872006109955 0.1447065223503726 0.061862882397082715 0 0.099715197308241216 nan nan nan nan nan nan nan nan nan nan 2.9818716990943006 1.8730217499171953 1.5185092073417419 0 1.5265122443821837 nan nan nan nan nan nan nan nan nan nan 0 15 0 9334 26 0 0 2 2 0 0.00057576330765768651 0.00057576330765768651 0.00069041083247851822 -3.0644804602918817e-07 -0.0027545060461075395 -0.00019675043207255724 0 running
3790 2.1974078944296851 0.00056997718658414001 0.02 107.77211200000001 0.1083387495641483 0.1552387673696379 0.14447365674832327 0.061706620610668249 0 0.099533933257710511 nan nan nan nan nan nan nan nan nan nan 2.9684567218185878 1.8645584726813409 1.5159335176688158 0 1.5144447834482078 nan nan nan nan nan nan nan nan nan nan 0 15 0 9334 0 26 0 4 4 0 0.00056997718658414001 0.00056997718658414001 0.00069387343938185069 -6.0341579220576222e-07 -0.005302515350469347 -0.00037875109686198911 0 running
3800 2.2030865970994644 0.00056701730738919641 0.02 108.013446 0.10815181668763654 0.15496549399696477 0.14425597363798692 0.061545348125670814 0 0.099358729502262585 nan nan nan nan nan nan nan nan nan nan 2.9506106064461459 1.8544699490973671 1.5107261903742946 0 1.5000121883846966 nan nan nan nan nan nan nan nan nan nan 0 15 0 9314 33 4 9 5 4 0 0.00056701730738919641 0.00056701730738919641 0.00074033172984034527 -9.1790733563312088e-07 -0.012300328288556676 -0.00087859487868168613 0 running
3810 2.2087511983764387 0.00056642741252571486 0.02 108.25211 0.10797952871619985 0.15471553389366907 0.14405983171245529 0.061383753045103323 0 0.09919574804363801 nan nan nan nan nan nan nan nan nan nan 2.9286477154275241 1.8431013910053569 1.5031587922661975 0 1.483510356095727 nan nan nan nan nan nan nan nan nan nan 0 15 0 9318 16 26 0 5 4 0 0.00056642741252571486 0.00056642741252571486 0.00078572274610118082 -6.0858377553974623e-07 -0.0052702336183403807 -0.00037644525885034274 0 running
3820 2.2144153261692803 0.00056676037989673541 0.02 108.499483 0.10782517300625991 0.15449131913434663 0.14388999523471815 0.061225607557086378 0 0.099049816920059458 nan nan nan nan nan nan nan nan nan nan 2.902810962627667 1.8307003247061098 1.493450580999264 0 1.465194211203122 nan nan nan nan nan nan nan nan nan nan 0 15 0 9314 33 4 9 5 4 0 0.00056676037989673541 0.00056676037989673541 0.00084654277526849311 -4.8411320588215622e-07 -0.0064811190327002709 -0.00046293707425308324 0 running
3830 2.2200803045052862 0.00056671080341316141 0.02 108.72975599999999 0.10768820166324108 0.15428868308390564 0.14374641969222712 0.061073857624018575 0 0.098922681424108913 nan nan nan nan nan nan nan nan nan nan 2.8733461862644178 1.8174358885934032 1.481803341809663 0 1.4614008322796521 nan nan nan nan nan nan nan nan nan nan 0 15 0 9334 26 0 0 2 2 0 0.00056671080341316141 0.00056671080341316141 0.00088548087839245937 -9.0226221545995609e-08 -0.00077551774808973185 -5.5394124922038492e-05 0 running
3840 2.2257430854576152 0.00056686673021042562 0.02 108.943946 0.10756440450330239 0.15409750943125414 0.14362425117154301 0.060930563605557313 0 0.098812975170052955 nan nan nan nan nan nan nan nan nan nan 2.8405246847067973 1.8288942695201529 1.4684125154317189 0 1.5033486785825301 nan nan nan nan nan nan nan nan nan nan 0 15 0 9311 26 12 11 8 4 0 0.00056686673021042562 0.00056686673021042562 0.0009250194786361495 -5.1648312115867492e-07 -0.0069096275060930371 -0.00049354482238488269 0 running
3850 2.231135044200971 0.00056793984689255668 0.02 109.154698 0.10745300761736416 0.1539150882349879 0.14351999443502914 0.060803204238522673 0 0.098721180074998097 nan nan nan nan nan nan nan nan nan nan 2.8063897612492239 1.8647809400311988 1.4542014372573226 0 1.5419663687934784 nan nan nan nan nan nan nan nan nan nan 0 15 0 9334 0 26 0 4 4 0 0.00056793984689255668 0.00056793984689255668 0.00096065701404439842 -6.6244525495917624e-07 -0.005629013447836873 -0.00040207238955572119 0 running
3860 2.2368307497455504 0.00057113799658347589 0.02 109.36050400000001 0.10734036614038187 0.1537220384767832 0.14341521112760788 0.060684034749279525 0 0.098634836878612325 nan nan nan nan nan nan nan nan nan nan 2.8146910982770126 1.8995832366838332 1.4458307392846792 0 1.580186065530111 nan nan nan nan nan nan nan nan nan nan 0 15 0 9334 0 26 0 4 4 0 0.00057113799658347589 0.00057113799658347589 0.0010242511602177001 -7.4885212634767645e-07 -0.0063800470352522037 -0.00045571764585631311 0 running
3870 2.2425461626175363 0.00057231607403238072 0.02 109.588937 0.10722059971342122 0.15350990900089226 0.14330181181119961 0.060571967766706036 0 0.098547553523986378 nan nan nan nan nan nan nan nan nan nan 2.8583918497169196 1.9299633149636701 1.4799916579953853 0 1.614669049408652 nan nan nan nan nan nan nan nan nan nan 0 15 0 9334 0 26 0 4 4 0 0.00057231607403238072 0.00057231607403238072 0.0010648124170677526 -7.7182631269372116e-07 -0.0065500583609701549 -0.00046786131199184552 0 running
3880 2.2482756197774147 0.00057417373018176215 0.02 109.78530499999999 0.10708398696184311 0.1532663200551356 0.14316851586524015 0.060457230458152454 0 0.098448137642374867 nan nan nan nan nan nan nan nan nan nan 2.8951120177657876 1.9545940039620899 1.5104610710954156 0 1.6441893092695206 nan nan nan nan nan nan nan nan nan nan 0 15 0 9321 39 0 0 3 2 0 0.00057417373018176215 0.00057417373018176215 0.0011198491840051449 -8.5838857441684883e-08 -0.0010959927380825055 -7.8285195659976895e-05 0 running
3890 2.2540288030209261 0.00057635504914009691 0.02 110.026978 0.10692886602484222 0.15299403027901193 0.14300928349096381 0.060340086302370893 0 0.098331874111102141 nan nan nan nan nan nan nan nan nan nan 2.9234917654564589 1.9723681008902192 1.5364036670731989 0 1.6677323780611042 nan nan nan nan nan nan nan nan nan nan 0 15 0 9334 0 26 0 4 4 0 0.00057635504914009691 0.00057635504914009691 0.0011606891972333027 -8.3167006800204788e-07 -0.0070268651626591745 -0.00050191894071987707 0 running
3900 2.2597959839686128 0.00057779201046891603 0.02 110.247917 0.10675170286680416 0.15269002157058251 0.14282052640172371 0.060214141223755797 0 0.098193391186002885 nan nan nan nan nan nan nan nan nan nan 2.9423195573034127 1.9823073541994036 1.5570503993647971 0 1.6843830358441498 nan nan nan nan nan nan nan nan nan nan 0 15 0 9347 13 0 0 1 1 0 0.00057779201046891603 0.00057779201046891603 0.0012123678418192096 -3.9790642803599884e-08 -0.00033540866627034324 -2.3957761901748172e-05 0 running
3910 2.2655837043440976 0.0005795976899509327 0.02 110.49622599999999 0.1065505067161438 0.15235267662069704 0.14260132951157961 0.060073646351614204 0 0.098029241399673325 nan nan nan nan nan nan nan nan nan nan 2.9507510479141255 1.9837024223694364 1.5719034471110858 0 1.6935113743005701 nan nan nan nan nan nan nan nan nan nan 0 15 0 9334 0 26 0 4 4 0 0.0005795976899509327 0.0005795976899509327 0.0012521708207527112 -8.9616736688134782e-07 -0.0075076886591281472 -0.00053626347621820803 0 running
3920 2.2713508766547688 0.00057273131043730991 0.02 110.715157 0.10632451924195679 0.15198291724134499 0.14235083806007359 0.059915909409910158 0 0.097836764716311142 nan nan nan nan nan nan nan nan nan nan 2.9482673037744962 1.9761588751682635 1.5806088583580049 0 1.6947179771606558 nan nan nan nan nan nan nan nan nan nan 0 10 0 9321 39 0 0 3 2 0 0.00057273131043730991 0.00057273131043730991 0.0012995520340411877 -1.8408375303032711e-07 -0.0022700245514003241 -0.00016214461098550435 0 running
3930 2.2770481645055791 0.00056848502200074441 0.02 110.940989 0.10607772488712419 0.15158812345177775 0.14207435033421467 0.059741021449869709 0 0.097618383246946161 nan nan nan nan nan nan nan nan nan nan 2.9350174356459044 1.9598416428163787 1.5832049999728088 0 1.6881149789440157 nan nan nan nan nan nan nan nan nan nan 0 10 0 9308 52 0 0 4 2 0 0.00056848502200074441 0.00056848502200074441 0.0013425365082929042 -1.6573268450271319e-07 -0.0020250727134899014 -0.00014464805111628665 0 running
3940 2.282720237562498 0.00056625834503887598 0.02 111.13627200000001 0.10581802684081448 0.15117767483362818 0.14178531911016012 0.059548589595841507 0 0.097383126958886179 nan nan nan nan nan nan nan nan nan nan 2.9113790547375102 1.9349771446218988 1.5800226397867387 0 1.6740500043674582 nan nan nan nan nan nan nan nan nan nan 0 10 0 9334 26 0 0 2 2 0 0.00056625834503887598 0.00056625834503887598 0.0013823985399803913 -1.5921482024120605e-07 -0.0019261450823890248 -0.00013758179174447766 0 running
3950 2.2883742200215034 0.00056511807247460767 0.02 111.344656 0.10555256668132179 0.15075975079443921 0.14149480633700615 0.059340204718290067 0 0.097139997370380621 nan nan nan nan nan nan nan nan nan nan 2.877979548398792 1.9020809236031186 1.5714406847663209 0 1.6529860022723453 nan nan nan nan nan nan nan nan nan nan 0 9 0 9360 0 0 0 0 0 0 0.00056511807247460767 0.00056511807247460767 0.0014131600387985454 1.2217191432007527e-07 0.0010008049006398328 7.1486064406893027e-05 0 running
3960 2.2940233725190242 0.00056499652832695229 0.02 111.564285 0.10528298263145043 0.15033667407283721 0.14120408898506143 0.059117812496365815 0 0.09689120748103186 nan nan nan nan nan nan nan nan nan nan 2.8355577545033062 1.8618326769542013 1.55790980205914 0 1.6255401361500805 nan nan nan nan nan nan nan nan nan nan 0 9 0 9334 26 0 0 2 2 0 0.00056499652832695229 0.00056499652832695229 0.0014446125220666194 -8.3571414152654164e-08 -0.00099362753311074345 -7.0973395297131074e-05 0 running
3970 2.2996786492798309 0.00056657612108034481 0.02 111.778069 0.10501015989408638 0.14990974247713437 0.14091306746238666 0.058883901055254699 0 0.096638145316448557 nan nan nan nan nan nan nan nan nan nan 2.7850529467655849 1.8150668619090808 1.5399303219182219 0 1.5924327214259653 nan nan nan nan nan nan nan nan nan nan 0 9 0 9347 0 0 13 3 3 0 0.00056657612108034481 0.00056657612108034481 0.0015074826240670154 -9.4237426993479235e-07 -0.0074090707598305668 -0.00052921934054665787 0 running
3980 2.3053655825089967 0.00057089656696987057 0.02 112.055442 0.10473270698652584 0.14947682003942764 0.1406182447109855 0.058640884146007891 0 0.096380162873403757 nan nan nan nan nan nan nan nan nan nan 2.7273676137013272 1.7625764188147897 1.5179761283873545 0 1.5543410382835301 nan nan nan nan nan nan nan nan nan nan 0 9 0 9347 0 0 13 3 3 0 0.00057089656696987057 0.00057089656696987057 0.0016429756398035245 -9.7945887956342442e-07 -0.0073999910400712292 -0.00052857078913459189 0 running
3990 2.3111117689012284 0.0005782115677619436 0.02 112.35933 0.10444722846239453 0.14903353850800816 0.14031293433492065 0.058391024512829376 0 0.09611394686426443 nan nan nan nan nan nan nan nan nan nan 2.6634313507924032 1.7051655176281777 1.4924666748870914 0 1.5119313438868223 nan nan nan nan nan nan nan nan nan nan 0 9 0 9329 5 5 21 6 3 0 0.0005782115677619436 0.0005782115677619436 0.0018410174685666444 -9.1355460101810362e-07 -0.014842935242139751 -0.0010602096612722296 0 running
4000 2.316941033209051 0.00058675047802089753 0.02 112.67987100000001 0.10415575580728836 0.14858254818993913 0.13999932183875416 0.058137154189937222 0 0.095841509272894018 nan nan nan nan nan nan nan nan nan nan 2.5943164933483454 1.6625030433990498 1.4638551631086756 0 1.4659348019427498 nan nan nan nan nan nan nan nan nan nan 0 9 0 9347 0 0 13 3 3 0 0.00058675047802089753 0.00058675047802089753 0.0020626649141529787 -4.9631731131836985e-07 -0.0034928553224252332 -0.00024948966615093279 0 running
4010 2.3228536869072252 0.00059485259555822317 0.02 112.940737 0.10387007367304653 0.14813928407633031 0.13969491308481372 0.057883464236100204 0 0.095574836457235551 nan nan nan nan nan nan nan nan nan nan 2.5215777681238212 1.6584212820495559 1.4327535944129939 0 1.4173808822075533 nan nan nan nan nan nan nan nan nan nan 0 9 0 9347 0 0 13 3 3 0 0.00059485259555822317 0.00059485259555822317 0.002061309969673459 -6.9127791731612974e-07 -0.0047283096199699478 -0.00033773640178301359 0 running
4020 2.3288434771929643 0.000602225227820019 0.02 113.195368 0.10360327847474197 0.14772224039121309 0.13941872448492695 0.057633682962046684 0 0.095326355739646443 nan nan nan nan nan nan nan nan nan nan 2.4471161613810741 1.6535631463356935 1.3998842597066541 0 1.3675198953590595 nan nan nan nan nan nan nan nan nan nan 0 9 0 9360 0 0 0 0 0 0 0.000602225227820019 0.000602225227820019 0.0020220856631055274 2.105511514166602e-07 0.0023633033825471617 0.0001688073846458846 0 running
4030 2.3349039603843731 0.0006090751978445316 0.02 113.456963 0.10336317620620301 0.14734410571126977 0.13918116766845329 0.057389669112313663 0 0.095102439164009206 nan nan nan nan nan nan nan nan nan nan 2.3730235738563739 1.6481268397553703 1.3660262975884749 0 1.3177290315007273 nan nan nan nan nan nan nan nan nan nan 0 9 0 9347 0 0 13 3 3 0 0.0006090751978445316 0.0006090751978445316 0.001984233697890637 -1.0025037096067847e-06 -0.0065440136987978239 -0.00046742955040765164 0 running
4040 2.3410295313117113 0.00061532465235251195 0.02 113.730463 0.10315017471626602 0.14700742513527085 0.13898158144470582 0.057150997527230858 0 0.094902545676340017 nan nan nan nan nan nan nan nan nan nan 2.3013635158926284 1.6423273278706936 1.3319538057262057 0 1.2693651099409564 nan nan nan nan nan nan nan nan nan nan 0 9 0 9342 5 5 8 3 3 0 0.00061532465235251195 0.00061532465235251195 0.0019366945546958456 -1.6848494382793243e-06 -0.030448647740828724 -0.002174903412355501 0 running
4050 2.3472160734220724 0.00062126966374706223 0.02 113.90639400000001 0.10296396067341608 0.14671362221281303 0.13881910035814393 0.056915552795684998 0 0.094725267329773155 nan nan nan nan nan nan nan nan nan nan 2.233878304078174 1.6518879714733674 1.29835563597736 0 1.2235603647938205 nan nan nan nan nan nan nan nan nan nan 0 9 0 9342 0 10 8 4 3 0 0.00062126966374706223 0.00062126966374706223 0.0019114126153081216 -9.6972817702238226e-07 -0.017756755337976625 -0.0012683396683374683 0 running
4060 2.3534602725595786 0.00062685899058323696 0.02 114.101759 0.10281284503522711 0.14647691765928036 0.13870711744544706 0.056680557076580276 0 0.09457572697943166 nan nan nan nan nan nan nan nan nan nan 2.1717487921404484 1.6825821520334445 1.2657708372772265 0 1.2061669843292506 nan nan nan nan nan nan nan nan nan nan 0 9 0 9342 0 10 8 4 3 0 0.00062685899058323696 0.00062685899058323696 0.0018859462199559804 -1.3745926028728425e-06 -0.025510134138860104 -0.0018221524404138721 0 running
4070 2.3597595269926703 0.00063235119225886081 0.02 114.269338 0.10269537390621543 0.14629584274877805 0.13864442063336727 0.056442763169381224 0 0.094451916953309303 nan nan nan nan nan nan nan nan nan nan 2.1154877505313809 1.7122747086486101 1.234555483361425 0 1.2112904120599994 nan nan nan nan nan nan nan nan nan nan 0 9 0 9329 0 5 26 8 3 0 0.00063235119225886081 0.00063235119225886081 0.0018624726806430213 -2.7032154741616836e-06 -0.050799425129339368 -0.0036285303702124575 0 running
4080 2.366110114272542 0.00063727820803573005 0.02 114.444675 0.10259323066041985 0.14614275484473097 0.13860341207939944 0.056199777097418122 0 0.094338906646473986 nan nan nan nan nan nan nan nan nan nan 2.0650124179634997 1.7393258463407446 1.2048997214838502 0 1.2142006864395372 nan nan nan nan nan nan nan nan nan nan 0 9 0 9342 0 10 8 4 3 0 0.00063727820803573005 0.00063727820803573005 0.0018546290289505913 -1.2956277957262838e-06 -0.024450697198566164 -0.0017464783731701212 0 running
4090 2.3725083778156941 0.00064177262343070374 0.02 114.66693100000001 0.10249101498563455 0.14599353461501613 0.13856098058399408 0.055951809859347459 0 0.094224085284004569 nan nan nan nan nan nan nan nan nan nan 2.0415558610993978 1.7621745646793177 1.1768597951997908 0 1.2181857363871194 nan nan nan nan nan nan nan nan nan nan 0 9 0 9342 5 5 8 3 3 0 0.00064177262343070374 0.00064177262343070374 0.0018449450333760213 -1.0959697982620105e-06 -0.020791374379581444 -0.0014850981715380993 0 running
4100 2.3789490318887254 0.00064574077358622915 0.02 114.863494 0.10237753992294239 0.14582964260637662 0.13850174176232344 0.055698727853698095 0 0.094098023278638185 nan nan nan nan nan nan nan nan nan nan 2.0387818048263417 1.7801547514663143 1.1554759155537262 0 1.2302952484799019 nan nan nan nan nan nan nan nan nan nan 0 9 0 9342 5 5 8 3 3 0 0.00064574077358622915 0.00064574077358622915 0.0018365577599135064 -1.421119122733006e-06 -0.027082823273405845 -0.0019344873787143163 0 running
4110 2.3854256646999947 0.00064906127516081908 0.02 115.051817 0.10225018377738601 0.14564604659251504 0.13842035011482787 0.055445749785613077 0 0.093959060389707319 nan nan nan nan nan nan nan nan nan nan 2.0317317069133676 1.7932977869797482 1.1532026006598226 0 1.2378572722637331 nan nan nan nan nan nan nan nan nan nan 0 9 0 9334 26 0 0 2 2 0 0.00064906127516081908 0.00064906127516081908 0.0018449717010826968 -3.7595232931612869e-07 -0.003761547147144858 -0.00026868193936545532 0 running
4120 2.3919312342465195 0.00065176626382777356 0.02 115.238561 0.10210835097409919 0.14544245742990006 0.13831143107886737 0.055200999726396929 0 0.093807600609560809 nan nan nan nan nan nan nan nan nan nan 2.0212092527784398 1.8014379282899715 1.1482805007889998 0 1.2409480999609264 nan nan nan nan nan nan nan nan nan nan 0 9 0 9347 0 0 13 3 3 0 0.00065176626382777356 0.00065176626382777356 0.0018509828896378694 -1.7111244311761998e-06 -0.010532395349210714 -0.00075231395430935897 0 running
4130 2.3984600790052171 0.00065374822988389664 0.02 115.44465700000001 0.10195031955480247 0.14521869050074435 0.13816996890272337 0.054966253561090757 0 0.093641021346197673 nan nan nan nan nan nan nan nan nan nan 2.0124151631551301 1.8041075075675121 1.1411263681290351 0 1.2397645349334654 nan nan nan nan nan nan nan nan nan nan 0 9 0 9321 39 0 0 3 3 0 0.00065374822988389664 0.00065374822988389664 0.0018441085617745044 -4.9408308074698469e-07 -0.0048344991166479724 -0.00034532136583945232 0 running
4140 2.4050092817955324 0.00065578248519589815 0.02 115.68628 0.1017762344148827 0.14497676519631267 0.13799464073900819 0.054742323192607127 0 0.09345856937898854 nan nan nan nan nan nan nan nan nan nan 2.001369868760726 1.8012829504153856 1.1324515855506654 0 1.2345813006081734 nan nan nan nan nan nan nan nan nan nan 0 9 0 9321 26 0 13 5 4 0 0.00065578248519589815 0.00065578248519589815 0.0018420492219445451 -1.8922051950790228e-06 -0.011741393827998695 -0.00083867098859967805 0 running
4150 2.4115759913471209 0.00065737097593697273 0.02 115.88231 0.10158947468634519 0.14472105862789841 0.13779072343189519 0.054529610750684902 0 0.093263927176331182 nan nan nan nan nan nan nan nan nan nan 1.9839881710083442 1.7937805369876454 1.123278340141094 0 1.2257577907711241 nan nan nan nan nan nan nan nan nan nan 0 9 0 9342 5 5 8 3 3 0 0.00065737097593697273 0.00065737097593697273 0.0018420683313888719 -1.3771812698916937e-06 -0.026166968713356459 -0.0018690691957845762 0 running
4160 2.4181593653934201 0.00065902540985859177 0.02 116.12093900000001 0.1013962470933719 0.14445814629691819 0.13756925503706285 0.05432821294496052 0 0.093064407473068933 nan nan nan nan nan nan nan nan nan nan 1.9677359191286117 1.7828515312160582 1.1147792422513452 0 1.2137580766075358 nan nan nan nan nan nan nan nan nan nan 0 9 0 9342 0 5 13 5 3 0 0.00065902540985859177 0.00065902540985859177 0.0018414980918994863 -1.8235991673244511e-06 -0.034659808266828698 -0.0024757005931016576 0 running
4170 2.424757780227504 0.00066044248374332861 0.02 116.330196 0.10120348617378397 0.14419521929376702 0.13734300576468808 0.054137851489558644 0 0.092867963286992608 nan nan nan nan nan nan nan nan nan nan 1.9546061619087305 1.7694787676582178 1.1078985551444309 0 1.1991607134441391 nan nan nan nan nan nan nan nan nan nan 0 9 0 9360 0 0 0 0 0 0 0.00066044248374332861 0.00066044248374332861 0.0018497527045503079 6.8888424224061699e-08 0.00065129026207964749 4.6520733054806617e-05 0 running
4180 2.4313696379122889 0.00066179479714149501 0.02 116.559015 0.101016079413929 0.14393750825453822 0.13712131387640775 0.053957628340814544 0 0.092679851332007346 nan nan nan nan nan nan nan nan nan nan 1.940821113867798 1.7542328244081773 1.1029145753898302 0 1.1826319175653868 nan nan nan nan nan nan nan nan nan nan 0 9 0 9329 0 0 31 9 3 0 0.00066179479714149501 0.00066179479714149501 0.0018317598721044118 -3.3784724017571827e-06 -0.064553512574116623 -0.004610965188733821 0 running
4190 2.4379929803299656 0.00066294881545351093 0.02 116.744219 0.10083708682089999 0.14368905245654454 0.13690982384927325 0.053786583519844514 0 0.092502703547478929 nan nan nan nan nan nan nan nan nan nan 1.9250527444617584 1.7372343261065781 1.0992235372780388 0 1.1648729713348502 nan nan nan nan nan nan nan nan nan nan 0 9 0 9347 0 0 13 3 3 0 0.00066294881545351093 0.00066294881545351093 0.0018451611932275623 -2.5883664043076578e-06 -0.016495554793895535 -0.0011782539150937048 0 running
4200 2.4446279626381906 0.00066410393247629343 0.02 116.95564400000001 0.10066784581867627 0.14345223734587087 0.13671101496049287 0.053623287185553641 0 0.092337278329044134 nan nan nan nan nan nan nan nan nan nan 1.9055564031568193 1.7182100897207362 1.0954733147110893 0 1.1482706027864817 nan nan nan nan nan nan nan nan nan nan 0 9 0 9334 26 0 0 2 2 0 0.00066410393247629343 0.00066410393247629343 0.001827784730321797 -1.9408613259209309e-07 -0.0018301661206606974 -0.00013072615161378734 0 running
4210 2.4512756694524791 0.00066539183829049256 0.02 117.15798100000001 0.10050857761432087 0.14322727777321231 0.13652584671902968 0.053466071558590046 0 0.092184001549556471 nan nan nan nan nan nan nan nan nan nan 1.8803547908626372 1.6966911287050948 1.089965741208923 0 1.1436818786717522 nan nan nan nan nan nan nan nan nan nan 0 9 0 9342 5 5 8 3 3 0 0.00066539183829049256 0.00066539183829049256 0.0018115573663580456 -2.0607288867762782e-06 -0.039814091621078122 -0.0028438636902224732 0 running
4220 2.457939085551347 0.00066718567143887319 0.02 117.35306199999999 0.10035990443010974 0.14301294203096276 0.13635671805461269 0.053314021953914055 0 0.092045157407789388 nan nan nan nan nan nan nan nan nan nan 1.8476039359832699 1.6725425989013489 1.0811446631755253 0 1.1387597324875522 nan nan nan nan nan nan nan nan nan nan 0 9 0 9342 0 10 8 4 3 0 0.00066718567143887319 0.00066718567143887319 0.0018010968989343706 -1.718386684734351e-06 -0.033392725254141421 -0.0023851946635284377 0 running
4230 2.4646226838274838 0.00066928490511207234 0.02 117.547437 0.10022260360032104 0.14280687489127741 0.13620646555842936 0.053168396382838774 0 0.091923708650598845 nan nan nan nan nan nan nan nan nan nan 1.8061795351218644 1.6466048708393506 1.0680188472757579 0 1.1335333228933586 nan nan nan nan nan nan nan nan nan nan 0 9 0 9334 26 0 0 2 2 0 0.00066928490511207234 0.00066928490511207234 0.0017992876317916306 -2.0132873142803676e-07 -0.0019080156409701935 -0.0001362868316417653 0 running
4240 2.4713303129128592 0.00067202704099802806 0.02 117.709782 0.10009814494820558 0.14260873512280753 0.13607817550762163 0.053032373383313791 0 0.091821780100815445 nan nan nan nan nan nan nan nan nan nan 1.7919032216695374 1.6205112111052999 1.0504220161813005 0 1.1281003063623958 nan nan nan nan nan nan nan nan nan nan 0 9 0 9360 0 0 0 0 0 0 0.00067202704099802806 0.00067202704099802806 0.0017974104951868017 1.8763243347843373e-07 0.0017758477431557389 0.00012684626750219386 0 running
4250 2.4780671853240057 0.00067508714257344567 0.02 117.89889100000001 0.099988189290280458 0.14242191481313998 0.13597388882733297 0.052908730508718131 0 0.091738519509698913 nan nan nan nan nan nan nan nan nan nan 1.8318535398870499 1.5955769010497154 1.0289970412434397 0 1.122295914161886 nan nan nan nan nan nan nan nan nan nan 0 9 0 9360 0 0 0 0 0 0 0.00067508714257344567 0.00067508714257344567 0.0017921387972750905 1.3282735963592026e-07 0.0012606147048833641 9.0043907586739017e-05 0 running
4260 2.4848358689229535 0.00067834280419187072 0.02 118.101478 0.099892814006074096 0.14224981953379764 0.13589230879552389 0.052799017184552884 0 0.091670085019213532 nan nan nan nan nan nan nan nan nan nan 1.8683092219777369 1.5720379083811764 1.0050037484038321 0 1.1157992813866602 nan nan nan nan nan nan nan nan nan nan 0 9 0 9342 5 0 13 4 3 0 0.00067834280419187072 0.00067834280419187072 0.001779553738895587 -1.1955529471151941e-06 -0.023513958691026002 -0.0016795684797037505 0 running
4270 2.4916338137978831 0.00068027588829011598 0.02 118.31322900000001 0.099811174360554866 0.14209461649666735 0.13583025999374815 0.052704841784148387 0 0.091612295688783582 nan nan nan nan nan nan nan nan nan nan 1.9006632277723248 1.5494317271468838 0.98002748700180797 0 1.1084827092168803 nan nan nan nan nan nan nan nan nan nan 0 12 0 9321 39 0 0 3 3 0 0.00068027588829011598 0.00068027588829011598 0.0018626259584232172 -3.1659352493999114e-07 -0.0030363439025243855 -0.0002168817075521584 0 running
4280 2.4984377917525293 0.00068049420345689187 0.02 118.504813 0.099742022009672332 0.14195746489777636 0.13578432373894642 0.052626515676944638 0 0.091561455903385935 nan nan nan nan nan nan nan nan nan nan 1.9282430119633407 1.5634835647066476 0.95554811949001728 0 1.1028700719768711 nan nan nan nan nan nan nan nan nan nan 0 12 0 9360 0 0 0 0 0 0 0.00068049420345689187 0.00068049420345689187 0.0020620288135497237 1.6608935665199384e-07 0.0015872845330190761 0.00011337746676392589 0 running
4290 2.5047646189419503 0.00068072203385278682 0.02 118.702315 0.099686330095922232 0.14184559196414465 0.13575076974180308 0.052566980530283164 0 0.091515524107902244 nan nan nan nan nan nan nan nan nan nan 1.9492092102319323 1.5779956425077426 0.93402263801439922 0 1.1157599380410768 nan nan nan nan nan nan nan nan nan nan 0 12 0 9334 26 0 0 2 2 0 0.00068072203385278682 0.00068072203385278682 0.0022185126426246147 -1.501018031280568e-07 -0.0014425254827567025 -0.00010303753459141067 0 running
4300 2.511572899825258 0.00068088943257985492 0.02 118.868529 0.099628218199687063 0.1417360478944904 0.13571140251125527 0.052514038710967048 0 0.091457602210882991 nan nan nan nan nan nan nan nan nan nan 1.9665666164871298 1.5889290796094573 0.9126965797766271 0 1.1271812292271419 nan nan nan nan nan nan nan nan nan nan 0 9 0 9344 16 0 0 1 1 0 0.00068088943257985492 0.00068088943257985492 0.0023448708932816359 -5.5155873242458676e-07 -0.0021595815331376883 -0.00015425582395841553 0 running
4310 2.5183820163784132 0.00068090140045172563 0.02 119.058762 0.099562321936421797 0.14162772977173904 0.13565213200472889 0.052468531744339887 0 0.091380622484893134 nan nan nan nan nan nan nan nan nan nan 1.9786950189298822 1.5951976666566678 0.89364897457229242 0 1.1361112907415112 nan nan nan nan nan nan nan nan nan nan 0 9 0 9318 42 0 0 4 2 0 0.00068090140045172563 0.00068090140045172563 0.002444678496698697 -1.3633544995558103e-06 -0.0055086154799993767 -0.00039347253470110589 0 running
4320 2.525189780294923 0.000680649974133364 0.02 119.249628 0.099484518099402161 0.14151424728880746 0.13556739907625215 0.052425137345079795 0 0.091283348994673413 nan nan nan nan nan nan nan nan nan nan 1.986085917587358 1.5972425306307139 0.88131044189551155 0 1.1427314849118653 nan nan nan nan nan nan nan nan nan nan 0 9 0 9328 32 0 0 2 2 0 0.000680649974133364 0.000680649974133364 0.0025437571233109528 -1.7228347367531646e-06 -0.00713875466401921 -0.00050991104796831773 0 running
4330 2.5319940555980893 0.00068022484863701689 0.02 119.42735500000001 0.099395691050515822 0.14139412298057977 0.13546128913534564 0.052378101179651755 0 0.091170130230273871 nan nan nan nan nan nan nan nan nan nan 1.9893709649442877 1.5956605137751454 0.88989635373658538 0 1.1472719397732878 nan nan nan nan nan nan nan nan nan nan 0 9 0 9344 16 0 0 1 1 0 0.00068022484863701689 0.00068022484863701689 0.0026193920647345987 -6.2105616680796492e-07 -0.0026403840348042493 -0.00018859885982800136 0 running
4340 2.5387936405909239 0.00067974151225303999 0.02 119.648798 0.099294931272339348 0.1412634311887235 0.13533490258201555 0.052323097268944442 0 0.091042943306896093 nan nan nan nan nan nan nan nan nan nan 1.9891212127759181 1.5909998790665603 0.89728906282777632 0 1.1499313731860543 nan nan nan nan nan nan nan nan nan nan 0 9 0 9328 32 0 0 2 2 0 0.00067974151225303999 0.00067974151225303999 0.0026815837065028926 -1.8904223231398783e-06 -0.0081994826269179803 -0.00058567733111251116 0 running
4350 2.545588456623983 0.00067927342317964973 0.02 119.829176 0.099182608256165733 0.14112044225547285 0.1351901722758812 0.052258425614192354 0 0.090904587081419699 nan nan nan nan nan nan nan nan nan nan 1.9857421798509522 1.5836503646496614 0.90347688895648814 0 1.1508337517593241 nan nan nan nan nan nan nan nan nan nan 0 9 0 9344 16 0 0 1 1 0 0.00067927342317964973 0.00067927342317964973 0.002719304629240906 -7.9169020445260508e-07 -0.0035025350414064002 -0.00025018107465031759 0 running
4360 2.5523788626287787 0.00067886122847814233 0.02 120.030235 0.099062403091862122 0.14096843721630772 0.13503336442856848 0.052184610149863135 0 0.090760427472952071 nan nan nan nan nan nan nan nan nan nan 1.979453996352746 1.5738329352444083 0.90840696724615722 0 1.150018031811546 nan nan nan nan nan nan nan nan nan nan 0 9 0 9328 32 0 0 2 2 0 0.00067886122847814233 0.00067886122847814233 0.0027541769210278036 -2.458518963620315e-06 -0.010997080944603372 -0.00078550578258673612 0 running
4370 2.5591660645592902 0.00067864043561315936 0.02 120.245886 0.098941910660700946 0.14081677848841601 0.13487593125119554 0.052104323604711629 0 0.0906187947001795 nan nan nan nan nan nan nan nan nan nan 1.9703385265551066 1.5616410095922388 0.91199243949480202 0 1.1474590782897878 nan nan nan nan nan nan nan nan nan nan 0 9 0 9312 48 0 0 3 3 0 0.00067864043561315936 0.00067864043561315936 0.002779536037228374 -3.003391437069943e-06 -0.013538910687158328 -0.00096706505010378432 0 running
4380 2.5659525160005585 0.00067868228409815982 0.02 120.473781 0.098829439230127186 0.14067611591646625 0.13472888878657727 0.05202228149300625 0 0.090489388648396105 nan nan nan nan nan nan nan nan nan nan 1.9583968312860205 1.5470920637093895 0.91414523056769803 0 1.1430947284314055 nan nan nan nan nan nan nan nan nan nan 0 9 0 9328 32 0 0 2 2 0 0.00067868228409815982 0.00067868228409815982 0.0027937538160384364 -1.386190265927761e-06 -0.0062924910659514022 -0.00044946364804250994 0 running
4390 2.5727410206062578 0.00067904461295272998 0.02 120.71885 0.098732543450834112 0.14055544328391859 0.13460413619957776 0.051941295783066881 0 0.090380149120018918 nan nan nan nan nan nan nan nan nan nan 1.9435989474466693 1.5702482459162477 0.91478587155496793 0 1.1368522460450809 nan nan nan nan nan nan nan nan nan nan 0 9 0 9324 16 4 16 6 4 0 0.00067904461295272998 0.00067904461295272998 0.0028040496380053476 -3.6644308379438903e-06 -0.0291676336531561 -0.0020834024059965621 0 running
4400 2.57953475595468 0.00067971203759634267 0.02 120.95052200000001 0.098655636571251246 0.14045941931086331 0.13450915787326839 0.051862839009646805 0 0.090295941444412317 nan nan nan nan nan nan nan nan nan nan 1.9259191501055768 1.5992094992777883 0.91385719559609035 0 1.1286713502710166 nan nan nan nan nan nan nan nan nan nan 0 9 0 9340 0 11 9 4 3 0 0.00067971203759634267 0.00067971203759634267 0.0028163653086152175 -2.4786330534300177e-06 -0.022225053628996069 -0.0015875038323186941 0 running
4410 2.5863374295883323 0.00068077647957136625 0.02 121.251312 0.098596923514712942 0.14038492702425895 0.13444108606526259 0.051787679456402509 0 0.090235633379158048 nan nan nan nan nan nan nan nan nan nan 1.9053568563867573 1.6242897792566255 0.91133477823834252 0 1.1185211859765438 nan nan nan nan nan nan nan nan nan nan 0 9 0 9324 20 0 16 5 4 0 0.00068077647957136625 0.00068077647957136625 0.0028295405261515999 -3.2596953496163281e-06 -0.01480088521979802 -0.0010572060882446492 0 running
4420 2.5931510776441367 0.00068127556655123991 0.02 121.46937699999999 0.098548745811371977 0.14032155705767749 0.13438815399067464 0.051715400702742095 0 0.090191343969443782 nan nan nan nan nan nan nan nan nan nan 1.881954484381835 1.643222633187277 0.90723596062470335 0 1.1064139843196088 nan nan nan nan nan nan nan nan nan nan 0 9 0 9328 16 0 16 4 4 0 0.00068127556655123991 0.00068127556655123991 0.0028451204152849202 -2.8474551662983204e-06 -0.012842011253672238 -0.00091728651908793487 0 running
4430 2.5999404636777093 0.00067713271754667626 0.02 121.651723 0.098501556382181985 0.14025645933122494 0.13433598152170498 0.051645403509711196 0 0.090152676218449426 nan nan nan nan nan nan nan nan nan nan 1.8559496240401718 1.6546842185552069 0.90166024992550375 0 1.0924885789745826 nan nan nan nan nan nan nan nan nan nan 0 9 0 9344 16 0 0 1 1 0 0.00067713271754667626 0.00067713271754667626 0.0028729740237073836 -2.0947893287839854e-07 -0.00092992052845488856 -6.6422894959765512e-05 0 running
4440 2.606691673372842 0.00067356178606066766 0.02 121.861666 0.09844693160813453 0.14017842805896832 0.13427250849589742 0.051575709013101614 0 0.090110153280389307 nan nan nan nan nan nan nan nan nan nan 1.827592660450942 1.6590871657452058 0.89476228713919714 0 1.0769140296975326 nan nan nan nan nan nan nan nan nan nan 0 9 0 9328 32 0 0 2 2 0 0.00067356178606066766 0.00067356178606066766 0.0028924392015968921 -1.4001221086152452e-06 -0.0061483959151834681 -0.00043917113726250472 0 running
4450 2.613409529838016 0.00067034463846897996 0.02 122.057391 0.098377638727500022 0.14007885896129305 0.13418785352978246 0.051501625431077225 0 0.090055065505064175 nan nan nan nan nan nan nan nan nan nan 1.7971242089225825 1.6580165878603395 0.88672682221068744 0 1.059863244572139 nan nan nan nan nan nan nan nan nan nan 0 9 0 9312 48 0 0 3 3 0 0.00067034463846897996 0.00067034463846897996 0.0029377282684884122 -1.51287241773948e-06 -0.0064642230625246442 -0.00046173021923926421 0 running
4460 2.6200957166266488 0.0006672035364021227 0.02 122.25115700000001 0.09828635568195887 0.13995041371665271 0.13407157552935781 0.051416928171358164 0 0.089977955073659577 nan nan nan nan nan nan nan nan nan nan 1.785330936807155 1.6531942145099516 0.87777492787334488 0 1.0415514003291129 nan nan nan nan nan nan nan nan nan nan 0 9 0 9360 0 0 0 0 0 0 0.0006672035364021227 0.0006672035364021227 0.0029745986920423949 6.9846320794056382e-06 0.029167639348626536 0.0020834028128158791 0 running
4470 2.626750311791302 0.0006640398225314279 0.02 122.421651 0.098165063280707621 0.13978534268057372 0.13391144577267911 0.051316139429461317 0 0.089868430170600783 nan nan nan nan nan nan nan nan nan nan 1.7951482014840425 1.6458130039764698 0.8681521745941454 0 1.0228330714769456 nan nan nan nan nan nan nan nan nan nan 0 9 0 9344 0 0 16 3 3 0 0.0006640398225314279 0.0006640398225314279 0.002990316891861878 -3.4524706714323527e-06 -0.014384560628091512 -0.0010274686173770726 0 running
4480 2.6333734530199675 0.00066088372728437456 0.02 122.569188 0.098006832153526333 0.1395767135396182 0.13369624074521824 0.051196664003386204 0 0.089717632530332686 nan nan nan nan nan nan nan nan nan nan 1.8047563493460359 1.6364359084749149 0.85811246041634615 0 1.0209458060474179 nan nan nan nan nan nan nan nan nan nan 0 10 0 9360 0 0 0 0 0 0 0.00066088372728437456 0.00066088372728437456 0.0030284699590346813 7.2746301982160013e-06 0.029723883581539007 0.0021231345437801481 0 running
4490 2.6399642225705651 0.00065759608571857025 0.02 122.701251 0.097809499717079279 0.1393222250470566 0.1334221589526432 0.051059181475750497 0 0.089522602005895485 nan nan nan nan nan nan nan nan nan nan 1.8140619147708175 1.625233181478106 0.84790544926563216 0 1.017270851667623 nan nan nan nan nan nan nan nan nan nan 0 10 0 9344 0 0 16 3 3 0 0.00065759608571857025 0.00065759608571857025 0.0030501305494520787 -3.1541057903081142e-06 -0.012931676332415508 -0.00092369116757635907 0 running
4500 2.6465221406276185 0.00065432634271409213 0.02 122.867026 0.097578528877948406 0.13902768442700436 0.13309778179341594 0.050906679000101693 0 0.089289640875306386 nan nan nan nan nan nan nan nan nan nan 1.8229198301741176 1.6122258342149545 0.8377620639228387 0 1.0124373120031391 nan nan nan nan nan nan nan nan nan nan 0 10 0 9328 32 0 0 2 2 0 0.00065432634271409213 0.00065432634271409213 0.0030678924829257857 -2.6783019027379333e-07 -0.0011023929892778324 -7.8742356460125766e-05 0 running
4510 2.6530480270809549 0.00065119423838784799 0.02 123.04732199999999 0.097326258363254578 0.1387066248316618 0.13274287630348533 0.050743491310084321 0 0.089033150809709749 nan nan nan nan nan nan nan nan nan nan 1.831162916086075 1.5974151242402039 0.84368115853840564 0 1.0070328001846627 nan nan nan nan nan nan nan nan nan nan 0 10 0 9344 0 0 16 3 3 0 0.00065119423838784799 0.00065119423838784799 0.0030739828971609235 -3.1356724577883541e-06 -0.013062752075121095 -0.00093305372063664344 0 running
4520 2.6595435166897627 0.00064823601444716867 0.02 123.226733 0.097068109495573415 0.1383763990553819 0.13238187883808078 0.050574613480968797 0 0.088771100118445995 nan nan nan nan nan nan nan nan nan nan 1.8386145235710187 1.5808731034771637 0.85209732841915953 0 1.0037318120520839 nan nan nan nan nan nan nan nan nan nan 0 10 0 9360 0 0 0 0 0 0 0.00064823601444716867 0.00064823601444716867 0.0031009236845097603 7.5741915583321643e-06 0.031599592372069794 0.0022571137432452338 0 running
4530 2.6660105466353401 0.00064549459708592859 0.02 123.35204400000001 0.09681882179936821 0.13805382458694718 0.13203772576175546 0.050405466162301599 0 0.088520566800207687 nan nan nan nan nan nan nan nan nan nan 1.8450894568942253 1.5628528758683335 0.86017082502517628 0 1.0037614006661244 nan nan nan nan nan nan nan nan nan nan 0 10 0 9360 0 0 0 0 0 0 0.00064549459708592859 0.00064549459708592859 0.0031371684919332607 2.31525737774893e-06 0.0097985753029998027 0.0006998982366675237 0 running
4540 2.6724519004364802 0.00064307742276905255 0.02 123.50805 0.096589958279905824 0.13775212536155737 0.13172794222086517 0.050241601803985965 0 0.088294863085966888 nan nan nan nan nan nan nan nan nan nan 1.8503939803064169 1.5438564025112638 0.86781502087855578 0 1.009300419411868 nan nan nan nan nan nan nan nan nan nan 0 10 0 9360 0 0 0 0 0 0 0.00064307742276905255 0.00064307742276905255 0.0031540703891509534 1.0235122077963119e-06 0.0043908416873842089 0.00031363154943001047 0 running
4550 2.678871018933167 0.00064100350582846387 0.02 123.644487 0.096388546680312367 0.13747945426808628 0.13146276909034804 0.050087802655313506 0 0.088101712118001205 nan nan nan nan nan nan nan nan nan nan 1.8543320164836627 1.5245571513541312 0.87493072611318001 0 1.0141898326989998 nan nan nan nan nan nan nan nan nan nan 0 8 0 9360 0 0 0 0 0 0 0.00064100350582846387 0.00064100350582846387 0.0030981212681950704 5.5805162038395627e-06 0.023925983380163492 0.0017089988146732156 0 running
4560 2.6852707884079297 0.0006391695995935007 0.02 123.77928300000001 0.096217107960427928 0.13723954369345823 0.13124526109134149 0.049946797885094076 0 0.087942968964242654 nan nan nan nan nan nan nan nan nan nan 1.8567055397295142 1.5054941197092941 0.88140696820619135 0 1.0182600155327834 nan nan nan nan nan nan nan nan nan nan 0 8 0 9360 0 0 0 0 0 0 0.0006391695995935007 0.0006391695995935007 0.0029914328250649435 1.7887357982099974e-06 0.007647347775395893 0.00054623912739072244 0 running
4570 2.6916534074744156 0.00063756561352614372 0.02 123.908311 0.09607435618151268 0.13703213891004337 0.13107293154736788 0.049818333221097182 0 0.08781584580729232 nan nan nan nan nan nan nan nan nan nan 1.8573194242408873 1.4870027384476252 0.8871243718385311 0 1.0213382552707373 nan nan nan nan nan nan nan nan nan nan 0 8 0 9360 0 0 0 0 0 0 0.00063756561352614372 0.00063756561352614372 0.0028874388322954704 7.9638110654780388e-06 0.03391397597755462 0.0024224268580972622 0 running
4580 2.6980214826689783 0.000636212522509263 0.02 124.04894 0.095958436273295838 0.13685729104028543 0.13094179253647667 0.049701844873670464 0 0.087716377790486855 nan nan nan nan nan nan nan nan nan nan 1.8559867220065378 1.4691523256713106 0.89196652934269016 0 1.0232538859783316 nan nan nan nan nan nan nan nan nan nan 0 8 0 9360 0 0 0 0 0 0 0.000636212522509263 0.000636212522509263 0.0028069664187352528 5.2181346838316836e-06 0.022155424727154885 0.0015825303393247874 0 running
4590 2.7043769285600243 0.00063502171464925139 0.02 124.16749 0.095865948843083207 0.13671242861209143 0.13084602091584521 0.049595807491405089 0 0.087639530411069172 nan nan nan nan nan nan nan nan nan nan 1.8525358440058413 1.4518228803034843 0.89580792132323572 0 1.0238499339076712 nan nan nan nan nan nan nan nan nan nan 0 7 0 9360 0 0 0 0 0 0 0.00063502171464925139 0.00063502171464925139 0.0027339803892000225 3.3766934662837747e-06 0.01430213138547687 0.0010215808143269531 0 running
4600 2.7107213274600634 0.00063398741392339624 0.02 124.28140399999999 0.095791751878415765 0.13659181338108606 0.13077808986852971 0.049497321891049766 0 0.087579001438124304 nan nan nan nan nan nan nan nan nan nan 1.8468171692213651 1.4348363640405788 0.89853246887314997 0 1.0229730491733044 nan nan nan nan nan nan nan nan nan nan 0 7 0 9360 0 0 0 0 0 0 0.00063398741392339624 0.00063398741392339624 0.002668242425442707 2.1731940484610852e-06 0.0091830303789498732 0.00065593074204610706 0 running
4610 2.7170562647295498 0.00063311506891538724 0.02 124.412159 0.095729776008540809 0.13648860843497598 0.13072780964005015 0.049405395618470842 0 0.087528032716427284 nan nan nan nan nan nan nan nan nan nan 1.8387095247862923 1.4180168631553176 0.90003848791514529 0 1.0204891032181131 nan nan nan nan nan nan nan nan nan nan 0 7 0 9360 0 0 0 0 0 0 0.00063311506891538724 0.00063311506891538724 0.002609228301939096 1.431456577885917e-06 0.0060305631777473308 0.00043075451315103706 0 running
4620 2.7233834462314661 0.00063242220559280916 0.02 124.537773 0.095670876234036015 0.13639199917851491 0.13068049292876227 0.049317873678952968 0 0.087476633798470552 nan nan nan nan nan nan nan nan nan nan 1.8281250110949543 1.4012224642179079 0.90024145471055772 0 1.016289082151804 nan nan nan nan nan nan nan nan nan nan 0 7 0 9360 0 0 0 0 0 0 0.00063242220559280916 0.00063242220559280916 0.0025563041029334596 9.2754333002285895e-07 0.0038950066892512072 0.00027821476381168799 0 running
4630 2.7297048214397943 0.00063194210794029356 0.02 124.668207 0.095605787545692281 0.13629086284403188 0.13062144450171645 0.04923228274079644 0 0.087414840495220386 nan nan nan nan nan nan nan nan nan nan 1.8150123841351284 1.3843389100405696 0.89907724015821433 0 1.0102905688020163 nan nan nan nan nan nan nan nan nan nan 0 6 0 9360 0 0 0 0 0 0 0.00063194210794029356 0.00063194210794029356 0.0024875227056211468 1.9170295568297908e-07 0.0008040984804745892 5.7435605808826601e-05 0 running
4640 2.7360233744051925 0.00063185338636510509 0.02 124.800708 0.095531645894149017 0.13618112777644689 0.1305470670841285 0.049146011442383002 0 0.087340197554148249 nan nan nan nan nan nan nan nan nan nan 1.7993567734587175 1.3672542126361424 0.89650352841897685 0 1.0024393973003667 nan nan nan nan nan nan nan nan nan nan 0 6 0 9360 0 0 0 0 0 0 0.00063185338636510509 0.00063185338636510509 0.0024080262224587456 1.7075204706215592e-07 0.00072152066063674953 5.1537190099896102e-05 0 running
4650 2.7423435967693797 0.00063222104337959991 0.02 124.965735 0.095450413929852693 0.13606452496663449 0.13046169744125902 0.049056666548932308 0 0.087255610767201924 nan nan nan nan nan nan nan nan nan nan 1.7811764596646418 1.3498328104628476 0.8924989941963446 0 0.99270917263139946 nan nan nan nan nan nan nan nan nan nan 0 6 0 9344 16 0 0 1 1 0 0.00063222104337959991 0.00063222104337959991 0.0023372381590417053 -1.6247964078792972e-07 -0.00068601611532613245 -4.9001151146460142e-05 0 running
4660 2.7486695466131499 0.00063295319440001064 0.02 125.124836 0.095362278064894654 0.13594016015993884 0.13036665331121036 0.048962524838908193 0 0.087162492565068375 nan nan nan nan nan nan nan nan nan nan 1.7605249277566997 1.3319167211836178 0.88706297208394225 0 0.98110336727776737 nan nan nan nan nan nan nan nan nan nan 0 6 0 9360 0 0 0 0 0 0 0.00063295319440001064 0.00063295319440001064 0.0022783317044666553 1.2511274085358345e-07 0.00052415210137061899 3.743943585171637e-05 0 running
4670 2.7550047145760326 0.00063402833052557395 0.02 125.270903 0.095265538978681577 0.1358050155234794 0.13026004104328784 0.048862061574011621 0 0.087059939060968108 nan nan nan nan nan nan nan nan nan nan 1.7374892354390896 1.313331402508835 0.88021485437577263 0 0.9676559039373176 nan nan nan nan nan nan nan nan nan nan 0 6 0 9360 0 0 0 0 0 0 0.00063402833052557395 0.00063402833052557395 0.0022185767870884785 1.7263703273699691e-07 0.00071822865712120577 5.1302046991394701e-05 0 running
4680 2.7613524096021504 0.00063542190219477261 0.02 125.432436 0.095158723052197233 0.13565675310279415 0.13013997544408618 0.048754260613132781 0 0.086946920967397062 nan nan nan nan nan nan nan nan nan nan 1.7121866685584566 1.2938926961273867 0.87199276518181179 0 0.95243095622787921 nan nan nan nan nan nan nan nan nan nan 0 6 0 9344 16 0 0 1 1 0 0.00063542190219477261 0.00063542190219477261 0.0021573185161387958 -6.6076862816413771e-08 -0.00027324025924325128 -1.9517161395124556e-05 0 running
4690 2.7677156604471271 0.00063710295476002913 0.02 125.59572199999999 0.095041461887008363 0.1354941364654608 0.13000615922591272 0.048639163981723334 0 0.086823767840741986 nan nan nan nan nan nan nan nan nan nan 1.6847650754231696 1.2969229191221276 0.86245297564930046 0 0.93552537673007219 nan nan nan nan nan nan nan nan nan nan 0 6 0 9312 48 0 0 3 3 0 0.00063710295476002913 0.00063710295476002913 0.0021007014144806 -6.6363131713507982e-07 -0.0027306405912014067 -0.00019504575672031935 0 running
4700 2.7740970281756874 0.00063901151163762808 0.02 125.79568999999999 0.09491443956961651 0.13531696595526263 0.12985981138020297 0.048517859700397896 0 0.086692096508994565 nan nan nan nan nan nan nan nan nan nan 1.6554080911468541 1.3154908619217243 0.85167069106588 0 0.92090450527340573 nan nan nan nan nan nan nan nan nan nan 0 6 0 9312 48 0 0 3 3 0 0.00063901151163762808 0.00063901151163762808 0.0020432373405139411 -7.0728303960682063e-07 -0.0028966553325299126 -0.0002069039525420185 0 running
4710 2.7804983710285041 0.00064106837024639589 0.02 125.976777 0.09477937166140564 0.13512626785204543 0.12970345726525126 0.04839269549215789 0 0.086554597772019043 nan nan nan nan nan nan nan nan nan nan 1.6243442493532609 1.3314017458569474 0.83974195728061596 0 0.93335541050134152 nan nan nan nan nan nan nan nan nan nan 0 9 0 9328 32 0 0 2 2 0 0.00064106837024639589 0.00064106837024639589 0.0020055820311370037 -3.8855920430624905e-07 -0.0015891478752920476 -0.00011351056264070723 0 running
4720 2.7869206960996071 0.00064319046928461461 0.02 126.14284499999999 0.09463768241844954 0.13492269226725009 0.12953956806299927 0.048265040686340764 0 0.08641358650484858 nan nan nan nan nan nan nan nan nan nan 1.5918553110856646 1.3446264443132652 0.82678566011015686 0 0.94409812654611724 nan nan nan nan nan nan nan nan nan nan 0 7 0 9344 16 0 0 1 1 0 0.00064319046928461461 0.00064319046928461461 0.0020274459876394304 -4.8636885665448427e-08 -0.00019953991612860875 -1.4252851167091924e-05 0 running
4730 2.7933643626838123 0.00064532721304107058 0.02 126.301413 0.09449255643308356 0.13471008912324872 0.12937187807619097 0.048139298012605719 0 0.086272435601393083 nan nan nan nan nan nan nan nan nan nan 1.5745157542070625 1.355154094323145 0.81294319019476147 0 0.95309393560066746 nan nan nan nan nan nan nan nan nan nan 0 7 0 9340 0 7 13 5 3 0 0.00064532721304107058 0.00064532721304107058 0.0020537655194230514 -1.6713219972344821e-06 -0.028397049775966857 -0.0020283607004249302 0 running
4740 2.7998292524514672 0.00064743755242636827 0.02 126.445481 0.094345616004358118 0.13449070616324704 0.12920280170991361 0.048016067385676715 0 0.086132569653081997 nan nan nan nan nan nan nan nan nan nan 1.5855227681882564 1.3629713398500956 0.79837452700104294 0 0.96030873821986917 nan nan nan nan nan nan nan nan nan nan 0 7 0 9360 0 0 0 0 0 0 0.00064743755242636827 0.00064743755242636827 0.0020861055623011323 1.5723230409415975e-06 0.0064907034458995296 0.00046362167519661021 0 running
4750 2.8063151762361249 0.00064952330428955508 0.02 126.619579 0.094200685502690243 0.13427075767157287 0.12903654821166985 0.047898730137152762 0 0.085997036327138357 nan nan nan nan nan nan nan nan nan nan 1.5937621273928082 1.3790103810615044 0.78324979533586547 0 0.96570510577726376 nan nan nan nan nan nan nan nan nan nan 0 10 0 9328 32 0 0 2 2 0 0.00064952330428955508 0.00064952330428955508 0.0020652178696801472 -5.991378794794471e-07 -0.0024739618613896773 -0.00017671156171440966 0 running
4760 2.8128214265457951 0.00065152257723543802 0.02 126.80436899999999 0.094059913899189052 0.13405410744678672 0.12887618720616689 0.047786686211700194 0 0.085867306248450403 nan nan nan nan nan nan nan nan nan nan 1.5991404963368083 1.3948342839581835 0.76774063971752327 0 0.96923931328390156 nan nan nan nan nan nan nan nan nan nan 0 7 0 9360 0 0 0 0 0 0 0.00065152257723543802 0.00065152257723543802 0.0020976595675285476 3.2220605246987408e-06 0.013337629714346594 0.00095268783774490916 0 running
4770 2.8193475629025087 0.00065349169537679789 0.02 126.978067 0.093927017423550058 0.13384758527726151 0.12872559579633835 0.047682074208636675 0 0.085746065285267598 nan nan nan nan nan nan nan nan nan nan 1.6015378242543603 1.4080875168366411 0.75200977733497343 0 0.97086639859713697 nan nan nan nan nan nan nan nan nan nan 0 10 0 9340 0 7 13 5 3 0 0.00065349169537679789 0.00065349169537679789 0.0021368694243721381 -1.1008059233744494e-06 -0.017933734717455182 -0.0012809810525992839 0 running
4780 2.8258929733922473 0.00065539903085178334 0.02 127.144001 0.093802170350843331 0.1336538389418527 0.12858444585581102 0.047582594134629605 0 0.085631910921814464 nan nan nan nan nan nan nan nan nan nan 1.6008283081983776 1.4186407742999112 0.74892331434036574 0 0.97054996194910881 nan nan nan nan nan nan nan nan nan nan 0 7 0 9360 0 0 0 0 0 0 0.00065539903085178334 0.00065539903085178334 0.0021692863515756374 1.1829403532660068e-06 0.0049383979011747335 0.00035274270759919952 0 running
4790 2.8324572799164516 0.00065724986199149548 0.02 127.34808099999999 0.093683470721140791 0.13347360575011619 0.12844859579293208 0.047485944021264881 0 0.085520777353167307 nan nan nan nan nan nan nan nan nan nan 1.6032069206490749 1.4263686405545104 0.75617747072999775 0 0.96827592889659697 nan nan nan nan nan nan nan nan nan nan 0 10 0 9340 0 7 13 5 3 0 0.00065724986199149548 0.00065724986199149548 0.0022803992903727434 -1.6184838571707547e-06 -0.023963595781532725 -0.0017116854147738545 0 running
4800 2.8390395369746271 0.0006590224525852464 0.02 127.521016 0.093566118512002264 0.13330286529872429 0.12831062514770289 0.047388206415708171 0 0.085405972490618862 nan nan nan nan nan nan nan nan nan nan 1.6079105772049362 1.431200278879921 0.76291443060866015 0 0.9640661978638605 nan nan nan nan nan nan nan nan nan nan 0 10 0 9347 0 0 13 3 3 0 0.0006590224525852464 0.0006590224525852464 0.0023633324550208575 -1.2688237127651129e-06 -0.018697920681279283 -0.0013355657643586369 0 running
4810 2.8456394850636899 0.00066079045085568262 0.02 127.73025199999999 0.093445460892703461 0.1331363073981163 0.12816383725177294 0.047286637642111273 0 0.085281880731183854 nan nan nan nan nan nan nan nan nan nan 1.6109549945852155 1.433218808489082 0.76904917871300293 0 0.95798628228188609 nan nan nan nan nan nan nan nan nan nan 0 5 0 9360 0 0 0 0 0 0 0.00066079045085568262 0.00066079045085568262 0.0024612973993523462 3.3145129096294462e-06 0.047131995335443051 0.0033665710989432816 0 running
4820 2.8522570584086262 0.00066254679145773352 0.02 127.947299 0.093318999259491831 0.13297013560682419 0.12800534804501806 0.047179381162155212 0 0.085146098065019007 nan nan nan nan nan nan nan nan nan nan 1.6122488882315218 1.4327199332986924 0.7745049036909788 0 0.95014559537091237 nan nan nan nan nan nan nan nan nan nan 0 7 0 9360 0 0 0 0 0 0 0.00066254679145773352 0.00066254679145773352 0.002558376445984618 2.0057975716566976e-06 0.027440416379710876 0.0019600297434773577 0 running
4830 2.8588920964572999 0.00066428044489107098 0.02 128.11014800000001 0.093186326099794187 0.13280183809780105 0.1278363468213676 0.047064358364585418 0 0.084999666239510871 nan nan nan nan nan nan nan nan nan nan 1.6117293658577214 1.4302299637362816 0.77921402819095542 0 0.94069202790881112 nan nan nan nan nan nan nan nan nan nan 0 7 0 9347 0 0 13 3 3 0 0.00066428044489107098 0.00066428044489107098 0.0026657641173743604 -1.2287201585681887e-06 -0.01609145042610188 -0.0011493893173636824 0 running
4840 2.8655442556145485 0.00066597473067804309 0.02 128.28202200000001 0.093047128229713269 0.13262649313321728 0.12765969528871124 0.046939472875842658 0 0.084845399186400328 nan nan nan nan nan nan nan nan nan nan 1.6093609994624667 1.426329045271286 0.78311930170762079 0 0.92980314360439698 nan nan nan nan nan nan nan nan nan nan 0 7 0 9360 0 0 0 0 0 0 0.00066597473067804309 0.00066597473067804309 0.002735715548904121 2.6656845019184727e-07 0.00340228677514478 0.00024302048419549873 0 running
4850 2.8722131450573722 0.00066762847877041153 0.02 128.504839 0.092901260583807113 0.13243869853317905 0.12747881088914734 0.04680323796370281 0 0.084686609989666664 nan nan nan nan nan nan nan nan nan nan 1.6051339370947026 1.4215267445472959 0.78617477237171274 0 0.91767607111309935 nan nan nan nan nan nan nan nan nan nan 0 7 0 9334 13 0 13 4 4 0 0.00066762847877041153 0.00066762847877041153 0.0028469531811123861 -2.0781476799477599e-06 -0.025472135055786826 -0.0018194382201914866 0 running
4860 2.8788981081039449 0.00066918814767420753 0.02 128.741007 0.092750126214072276 0.13223818225844813 0.12729654966122611 0.046657247526049377 0 0.084526223234290362 nan nan nan nan nan nan nan nan nan nan 1.5990614613095286 1.4161379631625577 0.78834622323778536 0 0.90451860363549019 nan nan nan nan nan nan nan nan nan nan 0 7 0 9347 0 0 13 3 3 0 0.00066918814767420753 0.00066918814767420753 0.0029487822107387308 -2.133700819618739e-06 -0.025254230025871068 -0.0018038735751810704 0 running
4870 2.885598043804408 0.00067063450237916727 0.02 128.980851 0.092592626296612759 0.1320211696230198 0.12711074602846531 0.046504955538734426 0 0.084365457080004522 nan nan nan nan nan nan nan nan nan nan 1.5911774446043991 1.4102217370959371 0.78961140913729455 0 0.89054145254821582 nan nan nan nan nan nan nan nan nan nan 0 7 0 9347 0 0 13 3 3 0 0.00067063450237916727 0.00067063450237916727 0.0030442871948351807 -1.9585515929662617e-06 -0.022459870341306361 -0.0016042764546442814 0 running
4880 2.8923117204267723 0.00067194481271766525 0.02 129.186511 0.092428231242715 0.13178729323550697 0.12691902632357926 0.046349954205416766 0 0.084203571760186363 nan nan nan nan nan nan nan nan nan nan 1.5815332201098005 1.403642948366981 0.78996004340750847 0 0.8804943612125038 nan nan nan nan nan nan nan nan nan nan 0 7 0 9347 0 0 13 3 3 0 0.00067194481271766525 0.00067194481271766525 0.003108836068259466 -1.2792975980789424e-06 -0.014350176302659301 -0.0010250125941293215 0 running
4890 2.8990376237110125 0.00067309388940345761 0.02 129.40188000000001 0.092257808232134975 0.13153898589541485 0.12672078289688116 0.046196074555311592 0 0.084040329403652442 nan nan nan nan nan nan nan nan nan nan 1.5701951751882053 1.3962009483652771 0.78939328224340022 0 0.87976309158636967 nan nan nan nan nan nan nan nan nan nan 0 7 0 9347 0 0 13 3 3 0 0.00067309388940345761 0.00067309388940345761 0.0031163507858952611 -1.6422730917037273e-06 -0.018377588616874142 -0.0013126849025912545 0 running
4900 2.9057740615107002 0.00067406692422188714 0.02 129.57814999999999 0.092083978611603015 0.1312803631026499 0.12651941585861259 0.046045226357132971 0 0.083877508241858495 nan nan nan nan nan nan nan nan nan nan 1.5572429066096847 1.3877273916795461 0.78792304854913553 0 0.87848279512006666 nan nan nan nan nan nan nan nan nan nan 0 7 0 9347 0 0 13 3 3 0 0.00067406692422188714 0.00067406692422188714 0.0031699070491486513 -1.4349737262917686e-06 -0.015790034374808547 -0.0011278595993914271 0 running
4910 2.9125192668802775 0.00067486503710393285 0.02 129.77093199999999 0.091911813128144518 0.13101908711094695 0.12632232640065405 0.045898588753458085 0 0.083719144634285675 nan nan nan nan nan nan nan nan nan nan 1.5427704883358206 1.3781748696210316 0.7855706624286567 0 0.8766542760355196 nan nan nan nan nan nan nan nan nan nan 0 7 0 9347 0 0 13 3 3 0 0.00067486503710393285 0.00067486503710393285 0.0032432036206865122 -1.6507951466782768e-06 -0.017760161563202953 -0.0012685829701396059 0 running
4920 2.9192715217045153 0.00067549961338721069 0.02 129.964247 0.091747165450147675 0.13076452952303072 0.12613773609974108 0.045757193541752395 0 0.083569733935911106 nan nan nan nan nan nan nan nan nan nan 1.5268866529267622 1.3675855361460278 0.78236623813179262 0 0.87426370630321015 nan nan nan nan nan nan nan nan nan nan 0 7 0 9360 0 0 0 0 0 0 0.00067549961338721069 0.00067549961338721069 0.0033185867068153416 2.0731688463223453e-07 0.0021838466623970696 0.00015598904747877274 0 running
4930 2.9260294489905667 0.00067601703940112115 0.02 130.15603999999999 0.091594607083037988 0.13052470019573612 0.12597161085479339 0.045621874981629118 0 0.083432371739648334 nan nan nan nan nan nan nan nan nan nan 1.5097001696045322 1.3560561763286347 0.77834821352308703 0 0.87128523598316021 nan nan nan nan nan nan nan nan nan nan 0 7 0 9360 0 0 0 0 0 0 0.00067601703940112115 0.00067601703940112115 0.0033822704959361551 2.1142605650375368e-07 0.0021856407908152436 0.0001561171995087776 0 running
4940 2.9327921314184109 0.00067646747432665861 0.02 130.35314600000001 0.091456493071955719 0.13030466161643806 0.12582636962832502 0.045493315929199786 0 0.083308035014944035 nan nan nan nan nan nan nan nan nan nan 1.4913519751479769 1.3437074235367561 0.7735634139487555 0 0.8676943132444197 nan nan nan nan nan nan nan nan nan nan 0 7 0 9347 0 0 13 3 3 0 0.00067646747432665861 0.00067646747432665861 0.0034338353276183895 -2.2106489685459748e-06 -0.022509875108881524 -0.0016078482237605639 0 running
4950 2.9395591432313712 0.00067689471909689394 0.02 130.51289299999999 0.091332786392259335 0.13010605996150779 0.12570082004089228 0.045371856589616781 0 0.08319555867245175 nan nan nan nan nan nan nan nan nan nan 1.4720128479799186 1.3306629054007031 0.76806758101937511 0 0.86345333496997512 nan nan nan nan nan nan nan nan nan nan 0 7 0 9347 0 0 13 3 3 0 0.00067689471909689394 0.00067689471909689394 0.0034867283498090052 -2.4943634322621695e-06 -0.025019581238986722 -0.0017871129475287779 0 running
4960 2.9463304285114695 0.00067732205923831906 0.02 130.71138199999999 0.091221353470907818 0.1299272959168368 0.12559084039888557 0.0452572974774638 0 0.083092070945417179 nan nan nan nan nan nan nan nan nan nan 1.451888940019225 1.3170365810019187 0.76193165251881734 0 0.85848531043855736 nan nan nan nan nan nan nan nan nan nan 0 10 0 9347 0 0 13 3 3 0 0.00067732205923831906 0.00067732205923831906 0.0035220935369416483 -2.1002988836700885e-06 -0.020859181363319199 -0.0014899415275244814 0 running
4970 2.9531061624671069 0.00067778680002206898 0.02 130.902838 0.091118496459194315 0.12976420545215614 0.12549020910109704 0.045148946289851978 0 0.082993572262981097 nan nan nan nan nan nan nan nan nan nan 1.4312191607063132 1.3029257539804853 0.7552238811621157 0 0.85270957471228881 nan nan nan nan nan nan nan nan nan nan 0 10 0 9347 0 0 13 3 3 0 0.00067778680002206898 0.00067778680002206898 0.0035515234741130531 -2.6166856650723653e-06 -0.025776999592219463 -0.0018412142585310951 0 running
4980 2.9598868185734828 0.00067830789394397034 0.02 131.07630499999999 0.091018352137431355 0.12960968973622611 0.12538935286303732 0.045045802699573201 0 0.082894006437656986 nan nan nan nan nan nan nan nan nan nan 1.410259848575742 1.2884080834996172 0.74801946288672072 0 0.84610219547277488 nan nan nan nan nan nan nan nan nan nan 0 10 0 9347 0 0 13 3 3 0 0.00067830789394397034 0.00067830789394397034 0.0035757098351818398 -2.4438215811460603e-06 -0.023915022636611317 -0.0017082159044186623 0 running
4990 2.9666732639095912 0.00067893841185392696 0.02 131.217037 0.090912663253272685 0.12945356337234326 0.12527489078751136 0.044946734213662666 0 0.082784838291325852 nan nan nan nan nan nan nan nan nan nan 1.3892590077037998 1.2735428292819089 0.74039455727284764 0 0.83871356885769732 nan nan nan nan nan nan nan nan nan nan 0 10 0 9360 0 0 0 0 0 0 0.00067893841185392696 0.00067893841185392696 0.0035960237935545947 5.4126022549158535e-07 0.0052664266167030812 0.00037617333016167707 0 running
5000 2.9734667482700887 0.00067970046541124306 0.02 131.390368 0.090795961599687086 0.1292884695984261 0.12513837466672209 0.044850666249311139 0 0.0826609325238961 nan nan nan nan nan nan nan nan nan nan 1.3795413887811299 1.258377177571306 0.73241825629349044 0 0.83066079467439913 nan nan nan nan nan nan nan nan nan nan 0 10 0 9360 0 0 0 0 0 0 0.00067970046541124306 0.00067970046541124306 0.0036116181795018227 9.1773840532483724e-07 0.0088912774699075464 0.00063509124852108095 0 running
5010 2.9802685791476322 0.00068060208506820431 0.02 131.55947399999999 0.090670648835588438 0.12911573620190187 0.12498475532056821 0.044756784051120047 0 0.082526363576938044 nan nan nan nan nan nan nan nan nan nan 1.399700048788642 1.2429575864262477 0.72414917048410921 0 0.82214601820175703 nan nan nan nan nan nan nan nan nan nan 0 9 0 9360 0 0 0 0 0 0 0.00068060208506820431 0.00068060208506820431 0.0036436811787157052 6.282490117821489e-06 0.060347528531323087 0.0043105377567885144 0 running
5020 2.9870804069018573 0.00068168600626678595 0.02 131.66596799999999 0.09054208400687562 0.12893998131816176 0.12482374979208506 0.044665040724301025 0 0.082388662594753789 nan nan nan nan nan nan nan nan nan nan 1.4176449524236197 1.2273392760367905 0.71563461413273988 0 0.81346821438714789 nan nan nan nan nan nan nan nan nan nan 0 7 0 9360 0 0 0 0 0 0 0.00068168600626678595 0.00068168600626678595 0.0037318605121959758 1.2848778663516328e-05 0.052465136146885423 0.0037475097287342253 0 running
5030 2.9939040713736307 0.00068294836247809708 0.02 131.77022700000001 0.090412457184751535 0.12876193883979883 0.12465946877583267 0.044576359388463334 0 0.082251992105579416 nan nan nan nan nan nan nan nan nan nan 1.4330401879824408 1.211586082957016 0.70691333174057247 0 0.81281398599004917 nan nan nan nan nan nan nan nan nan nan 0 3 0 9360 0 0 0 0 0 0 0.00068294836247809708 0.00068294836247809708 0.003650188036600395 1.0695425571577431e-05 0.042657366296014167 0.0030469547386466184 0 running
5040 3.000684345267036 0.00068434526703615094 0.02 131.90484799999999 0.090282071554645668 0.12858032586606274 0.12449309966881153 0.044490824844688977 0 0.08211818714912357 nan nan nan nan nan nan nan nan nan nan 1.4454958771512936 1.1958862809829705 0.69809392309118001 0 0.82085786651990933 nan nan nan nan nan nan nan nan nan nan 0 3 0 9360 0 0 0 0 0 0 0.00068434526703615094 0.00068434526703615094 0.0033872176621801021 1.2159585121603032e-05 0.046862692167978531 0.0033473351583897921 0 running
5050 3.0075360523119419 0.00068585837149095716 0.02 132.052424 0.090147822256728308 0.12838995811770026 0.12432089650876198 0.044407157935858366 0 0.081984675141187166 nan nan nan nan nan nan nan nan nan nan 1.4550176884819745 1.1844932354156972 0.68906124987747797 0 0.82729233585771311 nan nan nan nan nan nan nan nan nan nan 0 3 0 9360 0 0 0 0 0 0 0.00068585837149095716 0.00068585837149095716 0.0031446959830883411 1.6917524364370298e-05 0.065399556695688837 0.0046713969117670702 0 running
5060 3.0144032502211933 0.00068743009297464333 0.02 132.16795500000001 0.090010259655461791 0.12819221834078354 0.12414389403540453 0.044323994906851634 0 0.081851490043314323 nan nan nan nan nan nan nan nan nan nan 1.4614351897692506 1.1873221376389449 0.67992204082722996 0 0.83200410026735083 nan nan nan nan nan nan nan nan nan nan 0 3 0 9360 0 0 0 0 0 0 0.00068743009297464333 0.00068743009297464333 0.002917161323268649 1.4128990426833482e-05 0.091911192780569237 0.0065650852055436359 0 running
5070 3.0212863063819428 0.00068902326175430506 0.02 132.299803 0.089870882102939378 0.12799078122016877 0.12396469018963778 0.044238439638476422 0 0.081718744587720174 nan nan nan nan nan nan nan nan nan nan 1.4648738766470666 1.187296156227698 0.67071054870952729 0 0.83503265223639711 nan nan nan nan nan nan nan nan nan nan 0 6 0 9360 0 0 0 0 0 0 0.00068902326175430506 0.00068902326175430506 0.0027433341441961126 1.1495825270737938e-05 0.094580977289564661 0.0067557840992446523 0 running
5080 3.0281853215249623 0.00069062034416937038 0.02 132.407341 0.089733163969866789 0.12779190460997791 0.12378857177083739 0.044148957950044962 0 0.081588551324500769 nan nan nan nan nan nan nan nan nan nan 1.4656145674510823 1.1846657348933562 0.66146033268751392 0 0.83648530252150066 nan nan nan nan nan nan nan nan nan nan 0 6 0 9360 0 0 0 0 0 0 0.00069062034416937038 0.00069062034416937038 0.002707690695721974 1.0529135585594407e-05 0.087763047333056399 0.0062687891018370261 0 running
5090 3.0351003099853768 0.00069221714101891829 0.02 132.529574 0.089600681691390599 0.12760132307175123 0.12362106749633453 0.044054709843391798 0 0.08146365668093547 nan nan nan nan nan nan nan nan nan nan 1.4640226702670769 1.1797583378378131 0.65457975471294017 0 0.83650597327249798 nan nan nan nan nan nan nan nan nan nan 0 6 0 9360 0 0 0 0 0 0 0.00069221714101891829 0.00069221714101891829 0.0026718249342275336 9.9061427484111578e-06 0.08345317648579785 0.005960941183850669 0 running
5100 3.0420235528731161 0.00069068783234690824 0.02 132.640264 0.089475993510399907 0.12742267844501076 0.12346608107377484 0.043956188476859087 0 0.081346225543266107 nan nan nan nan nan nan nan nan nan nan 1.4604689438874825 1.1729109715251085 0.65744868673444312 0 0.8352402546425246 nan nan nan nan nan nan nan nan nan nan 0 6 0 9360 0 0 0 0 0 0 0.00069068783234690824 0.00069068783234690824 0.0026388685789905772 9.6262972562804313e-06 0.081774952461006981 0.0058410680390961851 0 running
5110 3.048895700251566 0.00068439572486509489 0.02 132.754964 0.089360404788493275 0.1272573316800911 0.12332541864518873 0.043855383664956789 0 0.081237477146133205 nan nan nan nan nan nan nan nan nan nan 1.4553127157700023 1.1644811079639794 0.65994270175459624 0 0.83283310053584203 nan nan nan nan nan nan nan nan nan nan 0 6 0 9360 0 0 0 0 0 0 0.00068439572486509489 0.00068439572486509489 0.0026113554384384857 9.7362834368897013e-06 0.083206724900132326 0.005943337499141688 0 running
5120 3.0557055634039432 0.00067820732230010491 0.02 132.860974 0.089252262063308219 0.12710211565239554 0.12319669901497808 0.043753926602076679 0 0.081136002320087774 nan nan nan nan nan nan nan nan nan nan 1.4488175819137297 1.1547193947956682 0.66209585737086663 0 0.82939802909734683 nan nan nan nan nan nan nan nan nan nan 0 6 0 9360 0 0 0 0 0 0 0.00067820732230010491 0.00067820732230010491 0.0025897381681760688 1.0224534415939969e-05 0.087757407700112103 0.006268386270912008 0 running
5130 3.0624539267662665 0.0006720913460405933 0.02 132.99960400000001 0.089148307662853227 0.12695180898570974 0.12307500092000177 0.043653193394235859 0 0.081038786059741449 nan nan nan nan nan nan nan nan nan nan 1.4411484282747677 1.1437845879448156 0.66428416544111268 0 0.82500890733514565 nan nan nan nan nan nan nan nan nan nan 0 6 0 9360 0 0 0 0 0 0 0.0006720913460405933 0.0006720913460405933 0.002574608474970784 1.1077856184626974e-05 0.095291174145104726 0.0068065124461225033 0 running
5140 3.0691417620952071 0.00066610321685634617 0.02 133.128557 0.089043295970356207 0.12679898367598752 0.12295315608583392 0.043551499924301622 0 0.080940402691949992 nan nan nan nan nan nan nan nan nan nan 1.4324027085555462 1.1317788750780775 0.66595720523821855 0 0.81971463198850891 nan nan nan nan nan nan nan nan nan nan 0 6 0 9360 0 0 0 0 0 0 0.00066610321685634617 0.00066610321685634617 0.0025665524841978651 1.2285419363680138e-05 0.10567750891616361 0.0075483935019814291 0 running
5150 3.0757708534274157 0.00066033431028833208 0.02 133.24559500000001 0.088932763621552002 0.12663710897202671 0.12282505374846089 0.043447533061307463 0 0.080836519597367262 nan nan nan nan nan nan nan nan nan nan 1.4226373414673146 1.1321238113273511 0.66711033291236044 0 0.81355211948648654 nan nan nan nan nan nan nan nan nan nan 0 3 0 9360 0 0 0 0 0 0 0.00066033431028833208 0.00066033431028833208 0.0025509606204348599 1.3636691909382941e-05 0.11657320354188135 0.0083266574046401177 0 running
5160 3.0823197922407419 0.00065039025729705729 0.02 133.37540300000001 0.088812720411245508 0.12646131980625042 0.12268488644937364 0.043339174375466048 0 0.080722770817463999 nan nan nan nan nan nan nan nan nan nan 1.4119313530790334 1.1380094933177862 0.6677441250073386 0 0.80658306840368432 nan nan nan nan nan nan nan nan nan nan 0 3 0 9360 0 0 0 0 0 0 0.00065039025729705729 0.00065039025729705729 0.0024002006112259851 1.0964501926194814e-05 0.089464234247346841 0.0063903024529860684 0 running
5170 3.0887666564985081 0.00064000166629663274 0.02 133.508748 0.088681860898673096 0.12627012246496022 0.12253032712132793 0.043226703953137255 0 0.08059770118204472 nan nan nan nan nan nan nan nan nan nan 1.4003753053313581 1.1431946677823082 0.66787201152835118 0 0.79888563481447927 nan nan nan nan nan nan nan nan nan nan 0 3 0 9360 0 0 0 0 0 0 0.00064000166629663274 0.00064000166629663274 0.0023109293844849315 6.8166515006868448e-06 0.053207329731867016 0.0038005235562888831 0 running
5180 3.0951163517661597 0.00063133730734750383 0.02 133.65991500000001 0.088541039700369223 0.12606480646351295 0.12236228988637712 0.043110962389552664 0 0.080462152985348326 nan nan nan nan nan nan nan nan nan nan 1.3880213364298495 1.1477130430581948 0.66751679858632329 0 0.790516869148991 nan nan nan nan nan nan nan nan nan nan 0 3 0 9360 0 0 0 0 0 0 0.00063133730734750383 0.00063133730734750383 0.002231020691584245 1.5193435087653553e-06 0.011365840196771551 0.00081184572919798786 0 running
5190 3.1014075976867912 0.00062820649120876786 0.02 133.81537599999999 0.088392470775525658 0.12584849354283678 0.12218380085531735 0.0429928561212937 0 0.080318330741439348 nan nan nan nan nan nan nan nan nan nan 1.3748480588259648 1.1516790499551672 0.66669834100090419 0 0.7814839749921334 nan nan nan nan nan nan nan nan nan nan 0 3 0 9334 26 0 0 2 2 0 0.00062820649120876786 0.00062820649120876786 0.0021874636740509528 -4.9355696948166761e-07 -0.0035895487690374458 -0.00025639634091624021 0 running
5200 3.1076831427950369 0.00062698699692352925 0.02 134.00854200000001 0.088239386288396685 0.12562582689786808 0.12199937313891324 0.042873417672935316 0 0.080169327611908967 nan nan nan nan nan nan nan nan nan nan 1.3608044918695084 1.1552491726745493 0.66542779828101173 0 0.77177197266591624 nan nan nan nan nan nan nan nan nan nan 0 3 0 9347 13 0 0 1 1 0 0.00062698699692352925 0.00062698699692352925 0.0021763605990150941 -1.0623176256892295e-08 -7.5778211783573716e-05 -5.4127294188272755e-06 0 running
5210 3.113942511959928 0.00062517160923249669 0.02 134.189965 0.0880863051714489 0.12540344455467153 0.12181512020807396 0.042754410670933142 0 0.080019364809308768 nan nan nan nan nan nan nan nan nan nan 1.3459238458423273 1.1585645455360922 0.66372090942466189 0 0.76142337561004969 nan nan nan nan nan nan nan nan nan nan 0 3 0 9347 13 0 0 1 1 0 0.00062517160923249669 0.00062517160923249669 0.0021620152278304127 -1.3365915052729324e-07 -0.00093458257657020954 -6.6755898396925735e-05 0 running
5220 3.1201834744937673 0.00062328250785683586 0.02 134.360615 0.08793715692658105 0.12518727640757715 0.12163629448817176 0.042637319419572821 0 0.079871988351384191 nan nan nan nan nan nan nan nan nan nan 1.3302478378218658 1.16172755198714 0.66161007172126896 0 0.75294222703516001 nan nan nan nan nan nan nan nan nan nan 0 3 0 9347 13 0 0 1 1 0 0.00062328250785683586 0.00062328250785683586 0.002149250896679852 -2.9180433686569467e-08 -0.00020042786414128211 -1.4316276025206987e-05 0 running
5230 3.1264052137960801 0.00062130485145628703 0.02 134.53041300000001 0.08779454519798803 0.12498146805238802 0.1214662526432962 0.04252314992073658 0 0.079729383954043123 nan nan nan nan nan nan nan nan nan nan 1.3138216028180332 1.1647635573994477 0.65912407589982358 0 0.75309767650528059 nan nan nan nan nan nan nan nan nan nan 0 3 0 9360 0 0 0 0 0 0 0.00062130485145628703 0.00062130485145628703 0.0021345144553727518 4.7735780883857705e-08 0.00032256486039770687 2.3040347195591229e-05 0 running
5240 3.1326065676062549 0.0006192039846519106 0.02 134.70312100000001 0.087659616994291326 0.1247881366071166 0.12130626472957962 0.042412474344767401 0 0.079592307275040353 nan nan nan nan nan nan nan nan nan nan 1.2967018467550973 1.1676189494773852 0.65626896740115459 0 0.75363858433206432 nan nan nan nan nan nan nan nan nan nan 0 3 0 9360 0 0 0 0 0 0 0.0006192039846519106 0.0006192039846519106 0.0021192158265452348 8.4338744367994082e-08 0.00056146962725680204 4.0104973417829483e-05 0 running
5250 3.1387873733201017 0.00061775484367423983 0.02 134.85874000000001 0.087532292691434366 0.1246076152983556 0.1211559010604962 0.042305437053681755 0 0.079460374795667255 nan nan nan nan nan nan nan nan nan nan 1.2967730405055908 1.1701953986612796 0.65307162880214698 0 0.75426519696306216 nan nan nan nan nan nan nan nan nan nan 0 3 0 9347 13 0 0 1 1 0 0.00061775484367423983 0.00061775484367423983 0.0021033103528654952 -1.5984734635498402e-07 -0.001050185169291273 -7.501322645714852e-05 0 running
5260 3.1449583427699852 0.00061685907638504053 0.02 135.039751 0.087411635234786733 0.12443889668943109 0.12101366633357219 0.042201683677451862 0 0.079332473288744071 nan nan nan nan nan nan nan nan nan nan 1.2993551407215822 1.1724104040403209 0.64955416719478754 0 0.75493981813001254 nan nan nan nan nan nan nan nan nan nan 0 3 0 9360 0 0 0 0 0 0 0.00061685907638504053 0.00061685907638504053 0.0020968919402453733 2.6928161089550393e-07 0.0017514464400953085 0.00012510331728175149 0 running
5270 3.151125379204228 0.0006165243178628256 0.02 135.258613 0.087296597127571832 0.12428064290278092 0.12087800189516032 0.042100753684971175 0 0.07920755233518055 nan nan nan nan nan nan nan nan nan nan 1.3014306939091007 1.174203241572898 0.64574130095893878 0 0.75561531889468259 nan nan nan nan nan nan nan nan nan nan 0 3 0 9334 0 26 0 4 4 0 0.0006165243178628256 0.0006165243178628256 0.0020481849552494418 -7.2625727636967796e-07 -0.0046459049260918171 -0.00033185035221407541 0 running
5280 3.1572936309716586 0.00061669368334148352 0.02 135.463705 0.087186208908592147 0.12413142560290057 0.12074756146818057 0.0420021731735917 0 0.07908481614847758 nan nan nan nan nan nan nan nan nan nan 1.302987692052274 1.1755506460373386 0.64165910603604548 0 0.75623786494176026 nan nan nan nan nan nan nan nan nan nan 0 3 0 9334 0 26 0 4 4 0 0.00061669368334148352 0.00061669368334148352 0.0020253345207580384 -6.2448666878611014e-07 -0.003947969374086817 -0.00028199781273251153 0 running
5290 3.1634640475716784 0.00061710191480619792 0.02 135.64228700000001 0.087079657192373122 0.12398983429489741 0.12062126048537691 0.041905658492533492 0 0.078963800443342308 nan nan nan nan nan nan nan nan nan nan 1.3040220100136413 1.1764613927723433 0.63733813330042999 0 0.75674347498569949 nan nan nan nan nan nan nan nan nan nan 0 3 0 9334 0 26 0 4 4 0 0.00061710191480619792 0.00061710191480619792 0.0020124714578013399 -6.7642321324255088e-07 -0.0042371611837769439 -0.00030265437058933018 0 running
5300 3.1696402061298765 0.00061751177610009072 0.02 135.81472299999999 0.086976187728191684 0.12385435999135194 0.12049813846684035 0.041811066159035147 0 0.078844258145103777 nan nan nan nan nan nan nan nan nan nan 1.3045400522448922 1.1769613913771706 0.63280960224088689 0 0.75705377651066941 nan nan nan nan nan nan nan nan nan nan 0 3 0 9334 0 26 0 4 4 0 0.00061751177610009072 0.00061751177610009072 0.0020145331641443563 -5.6670862893532636e-07 -0.0035287561184669711 -0.00025205400872805017 0 running
5310 3.1758220780571715 0.00061852135950504913 0.02 136.010943 0.086875202794235079 0.12372357242514666 0.12037744583697182 0.041718449213968743 0 0.078726256471429321 nan nan nan nan nan nan nan nan nan nan 1.3045572852752949 1.1770530992869763 0.63199641078560065 0 0.75707408973654788 nan nan nan nan nan nan nan nan nan nan 0 3 0 9334 0 26 0 4 4 0 0.00061852135950504913 0.00061852135950504913 0.0020087461257091458 -5.4227360242065778e-07 -0.003351878444905807 -0.00023941988917462758 0 running
5320 3.1820123758069165 0.00061892925897691733 0.02 136.21984800000001 0.086776340133528071 0.12359618512344192 0.12025883331488148 0.041627915152179402 0 0.078610296702195159 nan nan nan nan nan nan nan nan nan nan 1.3040969008115688 1.1767085573671294 0.63310744336277436 0 0.75670184036934651 nan nan nan nan nan nan nan nan nan nan 0 3 0 9334 0 26 0 4 4 0 0.00061892925897691733 0.00061892925897691733 0.0019903949854514604 -6.5083289803643374e-07 -0.0039820202619161912 -0.00028443001900860628 0 running
5330 3.1882047436599756 0.00061942034086058149 0.02 136.383859 0.086679997193262762 0.12347168005044175 0.12014313696444173 0.041539831605453756 0 0.078497916043519841 nan nan nan nan nan nan nan nan nan nan 1.3031876889158935 1.1758663558762108 0.63412415379056464 0 0.75584807310567514 nan nan nan nan nan nan nan nan nan nan 0 3 0 9360 0 0 0 0 0 0 0.00061942034086058149 0.00061942034086058149 0.0020075443182195705 2.2308206431235346e-07 0.0013565722582294429 9.6898018547267054e-05 0 running
5340 3.1943940904094559 0.00061842100353398004 0.02 136.58424299999999 0.086587277264852144 0.12335029696799407 0.12003240866605067 0.041454585145055421 0 0.07839148805123633 nan nan nan nan nan nan nan nan nan nan 1.3018607276857015 1.1744416620350941 0.63506416081690098 0 0.75446104091915522 nan nan nan nan nan nan nan nan nan nan 0 3 0 9334 0 26 0 4 4 0 0.00061842100353398004 0.00061842100353398004 0.0019792852955738179 -6.5619200667419564e-07 -0.0039430667245846642 -0.00028164762348198804 0 running
5350 3.200575405477279 0.0006175143650100196 0.02 136.808109 0.08649960551655618 0.12323278209567688 0.11992926210385466 0.041372501836278601 0 0.078293539788354544 nan nan nan nan nan nan nan nan nan nan 1.3001455353584159 1.1723468018598742 0.6359407229231322 0 0.75252674405434516 nan nan nan nan nan nan nan nan nan nan 0 3 0 9334 0 26 0 4 4 0 0.0006175143650100196 0.0006175143650100196 0.0019845912972866306 -5.809684901249278e-07 -0.0034626838410900121 -0.00024733456033899871 0 running
5360 3.2067469867762406 0.00061670413022191228 0.02 136.986816 0.086417983447581351 0.12311974707168534 0.11983554056648438 0.041293771208172063 0 0.078205721486871174 nan nan nan nan nan nan nan nan nan nan 1.2980662118107551 1.1695086520722684 0.6367615227405401 0 0.75003670111773368 nan nan nan nan nan nan nan nan nan nan 0 3 0 9360 0 0 0 0 0 0 0.00061670413022191228 0.00061670413022191228 0.0020188707782113811 3.3222810123210979e-07 0.0019693799697309789 0.00014066999798644924 0 running
5370 3.2129038817314384 0.00061462322849649322 0.02 137.18989500000001 0.086342075162497312 0.1230107041438693 0.11975066253342811 0.041218601729441806 0 0.078127729245996952 nan nan nan nan nan nan nan nan nan nan 1.2956423041764555 1.1658816325705232 0.63752723689692248 0 0.74696223875156642 nan nan nan nan nan nan nan nan nan nan 0 3 0 9347 0 0 13 3 3 0 0.00061462322849649322 0.00061462322849649322 0.0020113082915826815 -7.1449413046528726e-07 -0.0041564813577814348 -0.00029689152586928077 0 running
5380 3.2190499221367124 0.00061420361311946494 0.02 137.34445700000001 0.086269108650787796 0.1229025144319035 0.11966990398942726 0.04114737907039976 0 0.078056228182772081 nan nan nan nan nan nan nan nan nan nan 1.2928840473360959 1.1614423778644589 0.63823337987153828 0 0.74326192881952025 nan nan nan nan nan nan nan nan nan nan 0 3 0 9360 0 0 0 0 0 0 0.00061420361311946494 0.00061420361311946494 0.002118960103210952 1.2201862944136164e-07 0.00069110338111372802 4.9364527274529198e-05 0 running
5390 3.2251900156316005 0.00061432625478569753 0.02 137.53287599999999 0.086194119917843232 0.12278942047471762 0.11958488810876126 0.041080755107507798 0 0.077985356685423432 nan nan nan nan nan nan nan nan nan nan 1.2897956722806461 1.1561883275091589 0.63887028122034772 0 0.73892297444345112 nan nan nan nan nan nan nan nan nan nan 0 3 0 9360 0 0 0 0 0 0 0.00061432625478569753 0.00061432625478569753 0.0022355164269941301 3.7977588502290094e-07 0.0021016207400239512 0.00015011576730306316 0 running
5400 3.231341598310447 0.00061609078785689617 0.02 137.71178800000001 0.086112113445360641 0.12266543994807726 0.11948743311656505 0.041019046009110501 0 0.077909315516148755 nan nan nan nan nan nan nan nan nan nan 1.2863708085137073 1.1501220076689656 0.63942547795198346 0 0.73397421680531072 nan nan nan nan nan nan nan nan nan nan 0 3 0 9360 0 0 0 0 0 0 0.00061609078785689617 0.00061609078785689617 0.0023938313929933708 4.9551130895768277e-07 0.0026901467992472799 0.00019215334300625646 0 running
5410 3.2375166249833409 0.00061880994125356435 0.02 137.84633099999999 0.086021416983773288 0.12252852567117413 0.11937511890863141 0.040961758039943306 0 0.077826066713901618 nan nan nan nan nan nan nan nan nan nan 1.2826031239448641 1.1432627522336862 0.63988302894538673 0 0.72848905178986956 nan nan nan nan nan nan nan nan nan nan 0 3 0 9347 0 0 13 3 3 0 0.00061880994125356435 0.00061880994125356435 0.0025573729986736893 -1.0579702445421417e-06 -0.0056465371024177645 -0.00040332407916996354 0 running
5420 3.2437251277447379 0.00062261988586293318 0.02 137.987887 0.085923673773599885 0.12238081463942219 0.11925122574239674 0.040907252211193124 0 0.077737163939889414 nan nan nan nan nan nan nan nan nan nan 1.2784878355691012 1.135644846415639 0.64022540607759337 0 0.72255795353884344 nan nan nan nan nan nan nan nan nan nan 0 3 0 9360 0 0 0 0 0 0 0.00062261988586293318 0.00062261988586293318 0.0027953343801035849 6.3114101922848154e-07 0.0033217865624854321 0.0002372704689994743 0 running
5430 3.2499756668579121 0.00062714728590819663 0.02 138.14411799999999 0.085821200825908647 0.12222567332823488 0.1191200281238642 0.040853349909045378 0 0.077644703853149089 nan nan nan nan nan nan nan nan nan nan 1.2740241530016627 1.127316367170327 0.64043490838455863 0 0.71625992031552599 nan nan nan nan nan nan nan nan nan nan 0 3 0 9360 0 0 0 0 0 0 0.00062714728590819663 0.00062714728590819663 0.0030296587254717241 3.5458417590346339e-07 0.0018455307058930358 0.00013182362198868456 0 running
5440 3.2562747794088662 0.00063224493265551034 0.02 138.27765199999999 0.085715297532044293 0.12206550525410327 0.11898389158014695 0.040798029994388856 0 0.077549518858053931 nan nan nan nan nan nan nan nan nan nan 1.2692179719765262 1.1183374718265 0.64049491559995886 0 0.70964158110441078 nan nan nan nan nan nan nan nan nan nan 0 3 0 9360 0 0 0 0 0 0 0.00063224493265551034 0.00063224493265551034 0.0032861690479433141 1.2685924354952081e-06 0.0065363242141392918 0.00046688030150289088 0 running
5450 3.2626270404159046 0.00063769825475424463 0.02 138.38719499999999 0.085606807808751934 0.12190216627608594 0.1188443174298717 0.04073971837689519 0 0.077451876248542953 nan nan nan nan nan nan nan nan nan nan 1.2640835724613346 1.1087766886505555 0.64039102216645105 0 0.70270689334593184 nan nan nan nan nan nan nan nan nan nan 0 3 0 9360 0 0 0 0 0 0 0.00063769825475424463 0.00063769825475424463 0.0035450428662968537 1.7922481884313774e-06 0.0091678175190117294 0.00065484410919223524 0 running
5460 3.2690343007343849 0.00064317292932721589 0.02 138.505729 0.085496950214227596 0.12173785418586827 0.11870326486966234 0.040677537152992535 0 0.077352506218871367 nan nan nan nan nan nan nan nan nan nan 1.2586452183960004 1.0987077631980575 0.6401120090921717 0 0.69542114240112518 nan nan nan nan nan nan nan nan nan nan 0 3 0 9360 0 0 0 0 0 0 0.00064317292932721589 0.00064317292932721589 0.0038016259089978643 3.130846689125554e-06 0.015909799132957089 0.001136414224982498 0 running
5470 3.2754617264955952 0.00064240648217144349 0.02 138.63208 0.08538769185442445 0.12157564630585735 0.11856355679972239 0.040611668552929268 0 0.077253007726494474 nan nan nan nan nan nan nan nan nan nan 1.2529679187081753 1.0882612996789875 0.63965360188081988 0 0.69070992425799471 nan nan nan nan nan nan nan nan nan nan 0 3 0 9360 0 0 0 0 0 0 0.00064240648217144349 0.00064240648217144349 0.0040406108376000692 5.2031454184090623e-06 0.026273210705554918 0.0018766579095210497 0 running
5480 3.281887292867399 0.00064289220763570339 0.02 138.754515 0.085280563919203994 0.12141780721953244 0.11842727299561845 0.040542786397764506 0 0.077154730793478565 nan nan nan nan nan nan nan nan nan nan 1.2471151322899345 1.0775430005351634 0.63901815953639041 0 0.69037557325392052 nan nan nan nan nan nan nan nan nan nan 0 3 0 9360 0 0 0 0 0 0 0.00064289220763570339 0.00064289220763570339 0.0042483515479165507 7.9641777815109266e-06 0.039927854818859167 0.0028519896329296992 0 running
5490 3.2883247209878803 0.00064458495603795434 0.02 138.878029 0.085176364674147839 0.121265428491883 0.1182954671829098 0.04047143916297001 0 0.077058460951749064 nan nan nan nan nan nan nan nan nan nan 1.2411218531460051 1.0665839685865059 0.63820946016244617 0 0.68958739650366374 nan nan nan nan nan nan nan nan nan nan 0 3 0 9360 0 0 0 0 0 0 0.00064458495603795434 0.00064458495603795434 0.0044177302074166072 1.143807117675692e-05 0.056892196969822006 0.0040637283592778514 0 running
5500 3.2947835278659818 0.00064701834513100718 0.02 139.02193500000001 0.085076012355865427 0.12111969146737747 0.11816931886242529 0.040398350535690762 0 0.076965219965319631 nan nan nan nan nan nan nan nan nan nan 1.2350272373764506 1.0554291711039099 0.63723415704221065 0 0.68835811514237888 nan nan nan nan nan nan nan nan nan nan 0 3 0 9360 0 0 0 0 0 0 0.00064701834513100718 0.00064701834513100718 0.0045468657483926402 1.5537022799980146e-05 0.0768815785272602 0.0054915413291738071 0 running
5510 3.3012687294348599 0.00064976711269789462 0.02 139.12975900000001 0.084980655388499637 0.12098199128908538 0.11805037227310852 0.040324352828258671 0 0.076876348184502993 nan nan nan nan nan nan nan nan nan nan 1.2288741159883543 1.0477473882498809 0.63610209799167849 0 0.68672787495114074 nan nan nan nan nan nan nan nan nan nan 0 3 0 9360 0 0 0 0 0 0 0.00064976711269789462 0.00064976711269789462 0.0046389107667043532 2.0137651155306687e-05 0.099320983678388514 0.007094355984518113 0 running
5520 3.3077814186575432 0.00065246574230545524 0.02 139.253951 0.084891599066307888 0.12085382872022644 0.11794047992407 0.040250353103231121 0 0.076793374155465097 nan nan nan nan nan nan nan nan nan nan 1.2227074310447543 1.0460469064981812 0.6348264163706463 0 0.68476055337648534 nan nan nan nan nan nan nan nan nan nan 0 3 0 9360 0 0 0 0 0 0 0.00065246574230545524 0.00065246574230545524 0.004698086653157814 2.5221942860661685e-05 0.12394974449959698 0.0088535531878903995 0 running
5530 3.3143194320297189 0.00065482846032554503 0.02 139.37845999999999 0.084810111716581732 0.12073653624415059 0.11784153572630296 0.040177310404492642 0 0.076717796168736418 nan nan nan nan nan nan nan nan nan nan 1.216572341654909 1.0440085194774351 0.63342334271981926 0 0.68253380247438522 nan nan nan nan nan nan nan nan nan nan 0 3 0 9360 0 0 0 0 0 0 0.00065482846032554503 0.00065482846032554503 0.004729537218325649 3.0800802321885582e-05 0.15065253805373516 0.010760895586628365 0 running
5540 3.3208773304227392 0.00065614108665573549 0.02 139.50735900000001 0.084737204729075907 0.1206310634035923 0.11775513996111783 0.040106102559575148 0 0.076650788768436756 nan nan nan nan nan nan nan nan nan nan 1.2105355936208895 1.0416350514623411 0.63191189152293337 0 0.68314816447573889 nan nan nan nan nan nan nan nan nan nan 0 3 0 9360 0 0 0 0 0 0 0.00065614108665573549 0.00065614108665573549 0.0047416344547139598 3.6920068577314311e-05 0.17950448628859461 0.012821749034151357 0 running
5550 3.3274384212511841 0.00065611803633904139 0.02 139.60292799999999 0.084673341996687204 0.12053766889551175 0.11768211721815404 0.040037435135264657 0 0.076592869619292001 nan nan nan nan nan nan nan nan nan nan 1.2046329689805839 1.038976266291892 0.63031527279552346 0 0.68354613897927918 nan nan nan nan nan nan nan nan nan nan 0 3 0 9360 0 0 0 0 0 0 0.00065611803633904139 0.00065611803633904139 0.0047391845315976179 4.3786046670553697e-05 0.21133185686017616 0.015095132648807465 0 running
5560 3.3340004960029881 0.0006563115492896329 0.02 139.744462 0.084617704495365584 0.12045499641034783 0.11762146204671864 0.039971347558539531 0 0.076543167235586199 nan nan nan nan nan nan nan nan nan nan 1.1988822238916095 1.0360828930927797 0.62865374627423654 0 0.68328892325741286 nan nan nan nan nan nan nan nan nan nan 0 3 0 9360 0 0 0 0 0 0 0.0006563115492896329 0.0006563115492896329 0.0047252894384407964 5.1499187868134572e-05 0.24642084662821021 0.017601489063456158 0 running
5570 3.3405656671965174 0.00065671958349342887 0.02 139.85233299999999 0.084568020889417186 0.12037999173228311 0.11756998718015746 0.039907218677698787 0 0.076499152859151973 nan nan nan nan nan nan nan nan nan nan 1.1932980304596397 1.0329415271144704 0.62694553557267207 0 0.6823608230084286 nan nan nan nan nan nan nan nan nan nan 0 0 0 9360 0 0 0 0 0 0 0.00065671958349342887 0.00065671958349342887 0.0047020783025378977 5.8963284465464786e-05 0.27942107166938612 0.01995864799745746 0 running
5580 3.3471364377904607 0.00065742748959486826 0.02 139.97379100000001 0.084520736013626016 0.12030818208501318 0.11752252242499454 0.039843894199823343 0 0.076456760477308636 nan nan nan nan nan nan nan nan nan nan 1.1878860477364563 1.0294444349212963 0.62521420348664236 0 0.68075575598408689 nan nan nan nan nan nan nan nan nan nan 0 0 0 9360 0 0 0 0 0 0 0.00065742748959486826 0.00065742748959486826 0.0046710509738077492 6.7045374046074258e-05 0.31448774194103996 0.022463410162363025 0 running
5590 3.3537168404415376 0.00065863330535757456 0.02 140.09343000000001 0.084471554044313904 0.12023427631995433 0.11747273715798347 0.03977995225940071 0 0.076411042618035455 nan nan nan nan nan nan nan nan nan nan 1.1826412303786658 1.0253928487151227 0.62347902282445 0 0.67847502811167004 nan nan nan nan nan nan nan nan nan nan 0 0 0 9360 0 0 0 0 0 0 0.00065863330535757456 0.00065863330535757456 0.0046339047664037403 7.5739518473491571e-05 0.35156422294881334 0.025111730237142985 0 running
5600 3.3603130234311536 0.00066054014103492716 0.02 140.20911000000001 0.08441641745629927 0.12015314311919523 0.11741465633361764 0.039714237962516587 0 0.076357433563957633 nan nan nan nan nan nan nan nan nan nan 1.1775468651566747 1.0205273089191931 0.62173674549069302 0 0.67552412944804352 nan nan nan nan nan nan nan nan nan nan 0 0 0 9360 0 0 0 0 0 0 0.00066054014103492716 0.00066054014103492716 0.0045926709008419515 8.4972891523610292e-05 0.39027616023310369 0.027876868617511787 0 running
5610 3.3669314261849657 0.00066258264731863217 0.02 140.34237999999999 0.084352332107306957 0.12006050864044593 0.11734397579127655 0.039646456107156773 0 0.076292881636126741 nan nan nan nan nan nan nan nan nan nan 1.1725756615614005 1.0145731132254656 0.6199931967595127 0 0.67191046437941715 nan nan nan nan nan nan nan nan nan nan 0 0 0 9360 0 0 0 0 0 0 0.00066258264731863217 0.00066258264731863217 0.0045499024904196248 9.483558868414834e-05 0.43096163730598885 0.030782974125786192 0 running
5620 3.3735592098286173 0.000662922326667211 0.02 140.46191099999999 0.084277775883840417 0.11995356644929379 0.11725857767089551 0.039577388304111324 0 0.076216243238257222 nan nan nan nan nan nan nan nan nan nan 1.1677038231918626 1.0073049551537538 0.61825534492906398 0 0.66765460103656038 nan nan nan nan nan nan nan nan nan nan 0 0 0 9360 0 0 0 0 0 0 0.000662922326667211 0.000662922326667211 0.0045088858499294044 0.00010536007762402022 0.47366547672233772 0.033833248373031651 0 running
5630 3.3801898537245925 0.00066316949591906788 0.02 140.572441 0.084191680553291126 0.11983018066402767 0.1171574188074435 0.039506772282317332 0 0.076126718937400611 nan nan nan nan nan nan nan nan nan nan 1.1616205709839686 0.99855836697740785 0.61586609815242888 0 0.6627775557039205 nan nan nan nan nan nan nan nan nan nan 0 0 0 9360 0 0 0 0 0 0 0.00066316949591906788 0.00066316949591906788 0.0044726840552110955 0.0001166214031872295 0.51858077696763183 0.037041484108225692 0 running
5640 3.3868226603593135 0.00066336879201044226 0.02 140.67899399999999 0.084093396019257513 0.11968991846432819 0.1170399833002032 0.039432898575709127 0 0.076023078780504849 nan nan nan nan nan nan nan nan nan nan 1.1520804250264502 0.9882335891967069 0.61168552230828999 0 0.6572970412187954 nan nan nan nan nan nan nan nan nan nan 0 0 0 9360 0 0 0 0 0 0 0.00066336879201044226 0.00066336879201044226 0.0044441660674601202 0.00012879159327881007 0.56630077752627661 0.040450055580299155 0 running
5650 3.393457494368449 0.00066358558162221064 0.02 140.81412700000001 0.083984823047135532 0.11953786456204926 0.11690740015164104 0.039356606643048797 0 0.075905656907551439 nan nan nan nan nan nan nan nan nan nan 1.1427953539021125 0.9762944195091714 0.60765736181615004 0 0.65144609656999886 nan nan nan nan nan nan nan nan nan nan 0 0 0 9360 0 0 0 0 0 0 0.00066358558162221064 0.00066358558162221064 0.0044262802282212374 0.00013147580841412206 0.56620086043143825 0.040442918644946028 0 running
5660 3.4000949587237499 0.00066389799852612462 0.02 140.93787699999999 0.083868419570826053 0.11937858057785676 0.1167630589987196 0.039277059649252967 0 0.075776078971713123 nan nan nan nan nan nan nan nan nan nan 1.1336682604904746 0.96275813172055758 0.60375181074577711 0 0.65205776853729003 nan nan nan nan nan nan nan nan nan nan 0 0 0 9360 0 0 0 0 0 0 0.00066389799852612462 0.00066389799852612462 0.0044197987488766299 0.00012963154597743045 0.55966714882140001 0.039976224958021972 0 running
5670 3.406736380074733 0.00066436837504317905 0.02 141.070336 0.083748179925552446 0.11921774135391795 0.11661276229794902 0.039194577390868277 0 0.075638397147726008 nan nan nan nan nan nan nan nan nan nan 1.1246046099884905 0.94768730201633766 0.59993762112024962 0 0.65255133889437555 nan nan nan nan nan nan nan nan nan nan 0 0 0 9360 0 0 0 0 0 0 0.00066436837504317905 0.00066436837504317905 0.0044224916944845894 0.0001279053687988557 0.55345185461600654 0.039532275371453714 0 running
5680 3.413383482409603 0.00066501550036468743 0.02 141.184988 0.083628578088033922 0.1190608270876313 0.11646315198373644 0.039110263892223357 0 0.0754979225319138 nan nan nan nan nan nan nan nan nan nan 1.1155121565580028 0.94317113288087517 0.596181368695611 0 0.65295067763514647 nan nan nan nan nan nan nan nan nan nan 0 0 0 9360 0 0 0 0 0 0 0.00066501550036468743 0.00066501550036468743 0.0044329310223655376 0.00012628686728247197 0.54751325686994268 0.039108089817715574 0 running
5690 3.4200379180867935 0.00066581277681409189 0.02 141.29608899999999 0.083513833087815834 0.11891247515341165 0.11632053724233125 0.03902566107066642 0 0.075360170061113632 nan nan nan nan nan nan nan nan nan nan 1.10630071499829 0.94272391161852731 0.59244662343539689 0 0.65327379050441192 nan nan nan nan nan nan nan nan nan nan 0 0 0 9360 0 0 0 0 0 0 0.00066581277681409189 0.00066581277681409189 0.0044509116424242927 0.00012476439386592401 0.54180544738396486 0.038700389139715262 0 running
5700 3.4267009141251967 0.00066670848928050577 0.02 141.401025 0.083407203313415959 0.11877618657033683 0.11618958058053105 0.038942433306097993 0 0.075229605737079722 nan nan nan nan nan nan nan nan nan nan 1.096881851610676 0.9422104790106649 0.58869291212252461 0 0.65352686431507789 nan nan nan nan nan nan nan nan nan nan 0 0 0 9360 0 0 0 0 0 0 0.00066670848928050577 0.00066670848928050577 0.0044769345686450834 0.00012332578949215235 0.53628114833115936 0.03830579634981255 0 running
5710 3.4333731591006083 0.00066765024502222071 0.02 141.527253 0.083310813338661457 0.11865355070284284 0.11607333196886334 0.038862188249546639 0 0.075109952279689363 nan nan nan nan nan nan nan nan nan nan 1.0871686428674163 0.94162431786008649 0.58487456043736863 0 0.65370021375011078 nan nan nan nan nan nan nan nan nan nan 0 0 0 9360 0 0 0 0 0 0 0.00066765024502222071 0.00066765024502222071 0.0045119171450052125 0.00012195929887264739 0.53089542405440515 0.037921101758209654 0 running
5720 3.4400548897747787 0.00066860005819546341 0.02 141.67003299999999 0.083225506622981782 0.11854498425054846 0.11597267769599545 0.038786117546446418 0 0.075003243836457706 nan nan nan nan nan nan nan nan nan nan 1.0770759763194926 0.94379858636694924 0.58093979380239702 0 0.65376698403206857 nan nan nan nan nan nan nan nan nan nan 0 0 0 9360 0 0 0 0 0 0 0.00066860005819546341 0.00066860005819546341 0.0045567749238289434 0.00012065452583264847 0.52560964841657531 0.037543546355108884 0 running
5730 3.4467460611587764 0.00066953755335382359 0.02 141.829634 0.083150805336404551 0.11844914481989739 0.11588659794135414 0.038714866498656561 0 0.074910197980437424 nan nan nan nan nan nan nan nan nan nan 1.0665220869669794 0.95791565445537841 0.57683076514808107 0 0.6536883846185777 nan nan nan nan nan nan nan nan nan nan 0 0 0 9360 0 0 0 0 0 0 0.00066953755335382359 0.00066953755335382359 0.0046119512449015881 0.00011940314781839279 0.52039453765420596 0.037171038443117768 0 running
5740 3.4534465029064769 0.00067045562177451439 0.02 141.978748 0.083085287140837474 0.11836363432490629 0.1158126774173865 0.038648571912589136 0 0.074830384232013186 nan nan nan nan nan nan nan nan nan nan 1.0554319785539121 0.97084019219693307 0.5724853347677672 0 0.6534215378710414 nan nan nan nan nan nan nan nan nan nan 0 0 0 9360 0 0 0 0 0 0 0.00067045562177451439 0.00067045562177451439 0.004677139892105389 0.0001181992323058687 0.51523157147400711 0.036802255144142773 0 running
5750 3.460156012593353 0.00067135313618202754 0.02 142.14381900000001 0.083026772710769969 0.11828528243917949 0.11574732776155811 0.038587044800847459 0 0.074762376779424697 nan nan nan nan nan nan nan nan nan nan 1.048388776843868 0.98257068218932775 0.56784072191586388 0 0.65292603817126738 nan nan nan nan nan nan nan nan nan nan 0 0 0 9360 0 0 0 0 0 0 0.00067135313618202754 0.00067135313618202754 0.0047512622173833848 0.00011703919476658828 0.51011293063448815 0.036436637940933971 0 running
5760 3.4668743799833974 0.00067222898928808936 0.02 142.292644 0.082972805774834082 0.11821090769794745 0.11568657160759321 0.038529877809628972 0 0.074703945395309057 nan nan nan nan nan nan nan nan nan nan 1.0524733341567774 0.99313014666607702 0.56283854626759311 0 0.65217020484465515 nan nan nan nan nan nan nan nan nan nan 0 0 0 9360 0 0 0 0 0 0 0.00067222898928808936 0.00067222898928808936 0.0048327459941425229 0.00011592151857407679 0.50504040595522159 0.036074314749175232 0 running
5770 3.473601374096134 0.00067308039446089889 0.02 142.44346100000001 0.082921427845619886 0.11813855707676424 0.11562751345766095 0.038476145728434254 0 0.074652271586901978 nan nan nan nan nan nan nan nan nan nan 1.050246373656341 1.0025624899164209 0.55743005349631058 0 0.65113837788066709 nan nan nan nan nan nan nan nan nan nan 0 0 0 9360 0 0 0 0 0 0 0.00067308039446089889 0.00067308039446089889 0.0049201835653649353 0.00011484639943992352 0.50002392105571258 0.035715994398831975 0 running
5780 3.4803367344988207 0.00067390465276996473 0.02 142.611987 0.08287125574161551 0.11806740440991201 0.11556849916152474 0.038424395563151539 0 0.074604296015890484 nan nan nan nan nan nan nan nan nan nan 1.0430360696012571 1.0109269097977804 0.55158027765612871 0 0.64984618826053508 nan nan nan nan nan nan nan nan nan nan 0 1 0 9360 0 0 0 0 0 0 0.00067390465276996473 0.00067390465276996473 0.0050128670423132968 0.00011381552722629811 0.49508055858336703 0.035362897079005917 0 running
5790 3.4870801866133543 0.00067470183126254338 0.02 142.785259 0.082820630355434438 0.11799614027072212 0.11550750178435462 0.038373136276107958 0 0.074556786327216171 nan nan nan nan nan nan nan nan nan nan 1.0321760701452121 1.0182820661763932 0.54527036253303329 0 0.64831484443233833 nan nan nan nan nan nan nan nan nan nan 0 1 0 9360 0 0 0 0 0 0 0.00067470183126254338 0.00067470183126254338 0.0051106960481701446 0.00011283212744091253 0.4902346396344982 0.035016760010864116 0 running
5800 3.4938314821110579 0.00067547676303237529 0.02 142.938875 0.082767288270639047 0.11792239209828592 0.11544143610420554 0.038321205984005575 0 0.074506304983695676 nan nan nan nan nan nan nan nan nan nan 1.0188146459211285 1.0246374436288541 0.53849783863700962 0 0.64658606799582297 nan nan nan nan nan nan nan nan nan nan 0 1 0 9360 0 0 0 0 0 0 0.00067547676303237529 0.00067547676303237529 0.0052137747211179319 0.0001119011482373977 0.48551840946213587 0.034679886426768274 0 running
5810 3.5 8.5791382380406844e-05 0.02 143.10206199999999 0.082713707290588759 0.11784992425367427 0.11537309993498078 0.038272469960814272 0 0.074454335512854589 nan nan nan nan nan nan nan nan nan nan 1.0052836164617727 1.0294476376351129 0.53192310939050014 0 0.64486685496233109 nan nan nan nan nan nan nan nan nan nan 0 1 0 9360 0 0 0 0 0 0 8.5791382380406844e-05 8.5791382380406844e-05 0.0053172934324244399 0.0001111032313547401 0.48136224937172556 0.034383017848568384 0 running
5820 3.5067659123560415 0.0006769346300874525 0.02 143.278752 0.08264597634809133 0.11776029663406114 0.11528405023614612 0.03821690702529227 0 0.074386526655532109 nan nan nan nan nan nan nan nan nan nan 0.98980971044092714 1.0332517069856153 0.52431036745864024 0 0.64283910119586474 nan nan nan nan nan nan nan nan nan nan 0 1 0 9360 0 0 0 0 0 0 0.0006769346300874525 0.0006769346300874525 0.0054255612332538344 0.00011029215929147689 0.47701089561873034 0.034072206865883421 0 running
5830 3.5135395078755733 0.00067771052613822011 0.02 143.431208 0.082564708598551861 0.11765476713266977 0.11517407443206858 0.038158510436622398 0 0.074302570350901528 nan nan nan nan nan nan nan nan nan nan 0.98218919898980861 1.0349183478951058 0.51630086293815891 0 0.64063932843603011 nan nan nan nan nan nan nan nan nan nan 0 1 0 9360 0 0 0 0 0 0 0.00067771052613822011 0.00067771052613822011 0.0055437031513532438 0.00010955662117749749 0.47292209564126986 0.033780149724327885 0 running
5840 3.5203195157099407 0.00067792200750712596 0.02 143.59965800000001 0.082468129852551614 0.1175308997101913 0.11504070039286921 0.038097041841852752 0 0.074200420997577579 nan nan nan nan nan nan nan nan nan nan 0.97718802485135159 1.0341189306989031 0.50793215695364147 0 0.6382199989721955 nan nan nan nan nan nan nan nan nan nan 0 1 0 9360 0 0 0 0 0 0 0.00067792200750712596 0.00067792200750712596 0.0056669049428632367 0.00010890369122897694 0.46913919388705833 0.03350994245588463 0 running
5850 3.5270942265823275 0.00067705225029570824 0.02 143.77411599999999 0.082359797342444238 0.11739258701054119 0.1148898795513006 0.038032835073707034 0 0.07408428064953311 nan nan nan nan nan nan nan nan nan nan 0.97201170670746873 1.031384284951645 0.49925539478194869 0 0.63553143843714821 nan nan nan nan nan nan nan nan nan nan 0 1 0 9360 0 0 0 0 0 0 0.00067705225029570824 0.00067705225029570824 0.005795408951436795 0.00010833755629037279 0.46569504589876592 0.033263931885032572 0 running
5860 3.5338584376810962 0.00067585763400968999 0.02 143.92785000000001 0.082246027244666162 0.11724699096347309 0.11473181640254086 0.037966620677481661 0 0.073961707098801968 nan nan nan nan nan nan nan nan nan nan 0.96668002729767899 1.0278048835154079 0.49031056381985838 0 0.63253989581385661 nan nan nan nan nan nan nan nan nan nan 0 1 0 9360 0 0 0 0 0 0 0.00067585763400968999 0.00067585763400968999 0.0059298452470489581 0.00010785495752529647 0.46259091815306191 0.033042208474391037 0 running
5870 3.5406090476814382 0.00067436829182984572 0.02 144.085646 0.082131418234925826 0.1170992198547323 0.11457385662498148 0.037899155196732433 0 0.073838387233652228 nan nan nan nan nan nan nan nan nan nan 0.96120865822458201 1.0242401300883157 0.48355486747832011 0 0.62924777884912586 nan nan nan nan nan nan nan nan nan nan 0 1 0 9360 0 0 0 0 0 0 0.00067436829182984572 0.00067436829182984572 0.0060567409915528855 0.00010744494764653443 0.45979640453129944 0.032842600358340114 0 running
5880 3.5473433714780533 0.0006726344738969362 0.02 144.23524499999999 0.082017204275995875 0.11694880756967807 0.11441950091534055 0.037829553662135348 0 0.073716945638642603 nan nan nan nan nan nan nan nan nan nan 0.95560996680711829 1.0210325291055122 0.48566408478580581 0 0.62570531701880139 nan nan nan nan nan nan nan nan nan nan 0 1 0 9360 0 0 0 0 0 0 0.0006726344738969362 0.0006726344738969362 0.0059582807285365764 0.00010708993361053032 0.45725431395807925 0.032661022460061244 0 running
5890 3.5540593058595515 0.00067071960749158163 0.02 144.34465800000001 0.081904153723519113 0.11679532670652562 0.11427151198951563 0.037756346233597242 0 0.073598801023276844 nan nan nan nan nan nan nan nan nan nan 0.94989315388517559 1.0181866243368403 0.48713562797671761 0 0.62199983649853074 nan nan nan nan nan nan nan nan nan nan 0 1 0 9360 0 0 0 0 0 0 0.00067071960749158163 0.00067071960749158163 0.0058626056898452815 0.0001067671044132922 0.45488660977696127 0.032491900732659972 0 running
5900 3.5607554124200029 0.00066869133402760702 0.02 144.48773499999999 0.08179374033498045 0.11664091060987257 0.11413189213240529 0.037680080655426218 0 0.073485375974464029 nan nan nan nan nan nan nan nan nan nan 0.94406469689820449 1.0155907097875154 0.48800402394794906 0 0.61821317379959728 nan nan nan nan nan nan nan nan nan nan 0 1 0 9360 0 0 0 0 0 0 0.00066869133402760702 0.00066869133402760702 0.0057705154182447465 0.00010645007225867917 0.45260128649011971 0.032328663354856083 0 running
5910 3.567430918709241 0.00066661465671751744 0.02 144.65390500000001 0.081686687419707416 0.11648624683248747 0.11400127675567216 0.037602101337371463 0 0.073377923655527505 nan nan nan nan nan nan nan nan nan nan 0.93812924023234867 1.0131328557356243 0.48832147363440637 0 0.61437133330634586 nan nan nan nan nan nan nan nan nan nan 0 1 0 9360 0 0 0 0 0 0 0.00066661465671751744 0.00066661465671751744 0.0056824644042496571 0.00010611176457743229 0.45030273652101943 0.032164481214032717 0 running
5920 3.5740856672160231 0.00066454767373809107 0.02 144.80975000000001 0.081585221287932094 0.11633683664222955 0.11388085398419266 0.037524207052178467 0 0.073277329946032158 nan nan nan nan nan nan nan nan nan nan 0.93324129159641345 1.0107296745476995 0.4881410490413467 0 0.61200908232215245 nan nan nan nan nan nan nan nan nan nan 0 1 0 9360 0 0 0 0 0 0 0.00066454767373809107 0.00066454767373809107 0.0055985099261777601 0.0001057260630193686 0.44789942423966145 0.031992816050897328 0 running
5930 3.5807200327723767 0.00066253955633387477 0.02 144.95719199999999 0.081490259596878209 0.11619499542499023 0.11377137615236382 0.037446661541166971 0 0.073183718078805846 nan nan nan nan nan nan nan nan nan nan 0.93141672859249347 1.0083079411158455 0.48751408981187705 0 0.60966091923768451 nan nan nan nan nan nan nan nan nan nan 0 1 0 9360 0 0 0 0 0 0 0.00066253955633387477 0.00066253955633387477 0.0055183371725716955 0.00010526819724957015 0.44530368234975853 0.031807405915708499 0 running
5940 3.5873348343500844 0.00066063101071574433 0.02 145.11440300000001 0.081402074659831847 0.11606188486842077 0.11367284242992323 0.03736959323884214 0 0.07309668987361162 nan nan nan nan nan nan nan nan nan nan 0.92947333481335592 1.0057813095353849 0.4864845273444911 0 0.60686950090962855 nan nan nan nan nan nan nan nan nan nan 0 1 0 9360 0 0 0 0 0 0 0.00066063101071574433 0.00066063101071574433 0.0054413648089343134 0.00010471474460015115 0.44243108160325911 0.03160222014788476 0 running
5950 3.5939312577764846 0.00065885562592567053 0.02 145.257699 0.081320161638728974 0.11593760814741591 0.11358366128017458 0.037293842158488841 0 0.073015311332963365 nan nan nan nan nan nan nan nan nan nan 0.92723974197225267 1.0029830583881501 0.48508217527128705 0 0.60363293387526573 nan nan nan nan nan nan nan nan nan nan 0 1 0 9360 0 0 0 0 0 0 0.00065885562592567053 0.00065885562592567053 0.0053668831647487392 0.00010404409681828289 0.4392015083121103 0.031371536341130567 0 running
5960 3.6005107903760449 0.00065724082485577658 0.02 145.37529000000001 0.081243341855077936 0.11582106205794504 0.11350109206816079 0.037220626636009176 0 0.072938409736109752 nan nan nan nan nan nan nan nan nan nan 0.92452343363035427 0.99971876339597598 0.48331737185420831 0 0.59995835222574923 nan nan nan nan nan nan nan nan nan nan 0 1 0 9360 0 0 0 0 0 0 0.00065724082485577658 0.00065724082485577658 0.0052941819445682372 0.00010323833975550455 0.43554585695517822 0.0311104183867883 0 running
5970 3.607075161103412 0.00065580808852124808 0.02 145.50628699999999 0.081169934624824039 0.11571015232679895 0.11342179568908675 0.037150922248375011 0 0.072864650704290712 nan nan nan nan nan nan nan nan nan nan 0.9211539537708181 0.99581071797639598 0.48117909222574839 0 0.595864119945125 nan nan nan nan nan nan nan nan nan nan 0 0 0 9360 0 0 0 0 0 0 0.00065580808852124808 0.00065580808852124808 0.0052225850210820008 0.0001022853695013051 0.43141306703581866 0.030815219106522369 0 running
5980 3.6136262798990879 0.00065457269778540343 0.02 145.63513399999999 0.081098789783278308 0.11560332772037553 0.11334351765067713 0.037085390217619932 0 0.072793268785752346 nan nan nan nan nan nan nan nan nan nan 0.91704252208696913 0.99116105398563004 0.47863805169278617 0 0.59138284430573751 nan nan nan nan nan nan nan nan nan nan 0 0 0 9360 0 0 0 0 0 0 0.00065457269778540343 0.00065457269778540343 0.0051513230027263783 0.00010118065560026261 0.42677483318265774 0.030483916688089651 0 running
5990 3.6201661742434652 0.00065354351013237777 0.02 145.76302799999999 0.081029767521597226 0.11550044828857944 0.11326579838448712 0.037024441137109163 0 0.07272422046998582 nan nan nan nan nan nan nan nan nan nan 0.91219565272769321 0.9857675499315468 0.47565525421492261 0 0.58656641197695703 nan nan nan nan nan nan nan nan nan nan 0 0 0 9360 0 0 0 0 0 0 0.00065354351013237777 0.00065354351013237777 0.0050795165469623262 9.9930235392720033e-05 0.42163503802957314 0.030116788462481697 0 running
6000 3.6266969254766215 0.00065272314054710186 0.02 145.876441 0.080963885807967942 0.11540318201392824 0.11319015009784936 0.036968197927545333 0 0.072658116336061673 nan nan nan nan nan nan nan nan nan nan 0.90671260310567026 0.97972246521203243 0.47219488016250954 0 0.58228920428779873 nan nan nan nan nan nan nan nan nan nan 0 0 0 9360 0 0 0 0 0 0 0.00065272314054710186 0.00065272314054710186 0.0050065556884613541 9.8554753838107543e-05 0.4160453645896931 0.029717526073497289 0 running
6010 3.6332206097280975 0.00065210861845058131 0.02 145.988066 0.080903530370952312 0.1153153495546816 0.11312030304065776 0.0369166012689955 0 0.072596404044796586 nan nan nan nan nan nan nan nan nan nan 0.90807276398184888 0.97326367732237518 0.46823885179461788 0 0.57857422277782389 nan nan nan nan nan nan nan nan nan nan 0 0 0 9360 0 0 0 0 0 0 0.00065210861845058131 0.00065210861845058131 0.0049323884848436793 9.7090950467133472e-05 0.41011596882950591 0.029293997804465319 0 running
6020 3.6397392461345719 0.00065169210505322897 0.02 146.12240299999999 0.080851570152776955 0.11524153075706701 0.11306082293407457 0.036869436510519542 0 0.072540792237758556 nan nan nan nan nan nan nan nan nan nan 0.92251986712052525 0.96672249435872126 0.46379958224711171 0 0.57478555367409856 nan nan nan nan nan nan nan nan nan nan 0 0 0 9360 0 0 0 0 0 0 0.00065169210505322897 0.00065169210505322897 0.0048573920680468992 9.5585811959799147e-05 0.40400335589362296 0.028857382594298406 0 running
6030 3.6462547510764547 0.00065146138831541475 0.02 146.25874400000001 0.080809843839678333 0.11518467811807503 0.11301474750338919 0.036826304560386901 0 0.072492305612197508 nan nan nan nan nan nan nan nan nan nan 0.93396201162588555 0.96032050269890235 0.45892770990784859 0 0.57102417242047288 nan nan nan nan nan nan nan nan nan nan 0 0 0 9360 0 0 0 0 0 0 0.00065146138831541475 0.00065146138831541475 0.0047821899936483642 9.4084045645570469e-05 0.39787169491588031 0.028419406809711511 0 running
6040 3.6527688963472995 0.00065140021904011472 0.02 146.37042400000001 0.080777357226333543 0.11514322674154095 0.11298083927831035 0.036786517385002909 0 0.072450166546054823 nan nan nan nan nan nan nan nan nan nan 0.96945024393039381 0.95396452198785431 0.45451597778202002 0 0.56722854066117523 nan nan nan nan nan nan nan nan nan nan 0 0 0 9360 0 0 0 0 0 0 0.00065140021904011472 0.00065140021904011472 0.0047075891303390103 9.2616914045137697e-05 0.3918513093546892 0.027989379269172401 0 running
6050 3.6592832698489421 0.00065148829695461789 0.02 146.49848299999999 0.080750424827811765 0.11511111691858242 0.11295376275750506 0.036749217798945785 0 0.072412214309491657 nan nan nan nan nan nan nan nan nan nan 1.0258742815384521 0.94740589715079548 0.45257114877152649 0 0.56324684172748962 nan nan nan nan nan nan nan nan nan nan 0 1 0 9360 0 0 0 0 0 0 0.00065148829695461789 0.00065148829695461789 0.0046345725792981112 9.119999909805962e-05 0.38601876681120456 0.027572769087055055 0 running
6060 3.6657992291554726 0.00065170086011396406 0.02 146.61460199999999 0.080724002192735025 0.11507993155500264 0.11292592828309439 0.03671369930818523 0 0.072375900739603469 nan nan nan nan nan nan nan nan nan nan 1.0749004530083264 0.94040741036617903 0.45020865833353563 0 0.55894014610853326 nan nan nan nan nan nan nan nan nan nan 0 1 0 9360 0 0 0 0 0 0 0.00065170086011396406 0.00065170086011396406 0.0045643266815241675 8.9841283110261142e-05 0.38041327642422368 0.027172376916133681 0 running
6070 3.6723178855003695 0.00065201363102101073 0.02 146.754965 0.080693841643074582 0.11504267098235886 0.11289090277463729 0.036679454439303323 0 0.072338965582839074 nan nan nan nan nan nan nan nan nan nan 1.1140853800860908 0.93279444507161235 0.44770829321271632 0 0.55720591912175366 nan nan nan nan nan nan nan nan nan nan 0 1 0 9360 0 0 0 0 0 0 0.00065201363102101073 0.00065201363102101073 0.0044983071917494375 8.8552873822594891e-05 0.37507131449582265 0.026790808206559314 0 running
6080 3.6788401056432027 0.00065240205325477955 0.02 146.85363100000001 0.080658342719668666 0.11499700937026931 0.11284649056036773 0.036646091384785369 0 0.072299810800157877 nan nan nan nan nan nan nan nan nan nan 1.1427060924927854 0.92447466179833759 0.44538555724748763 0 0.557341042958022 nan nan nan nan nan nan nan nan nan nan 0 1 0 9360 0 0 0 0 0 0 0.00065240205325477955 0.00065240205325477955 0.004438348837918024 8.7361807233831882e-05 0.3700663557097324 0.026433311150032553 0 running
6090 3.6853665170047409 0.00065284305746453829 0.02 146.973162 0.080617928089145072 0.11494410192737983 0.11279356817068892 0.036613406908536275 0 0.072257695042915987 nan nan nan nan nan nan nan nan nan nan 1.161429376934989 0.91539959150308181 0.44352908528663715 0 0.5572422745176584 nan nan nan nan nan nan nan nan nan nan 0 1 0 9360 0 0 0 0 0 0 0.00065284305746453829 0.00065284305746453829 0.0043867611601040093 8.631613671093335e-05 0.36554917992343799 0.026110655736385151 0 running
6100 3.6918975353618912 0.00065331735479266112 0.02 147.09431599999999 0.080573742101746976 0.11488672918154573 0.11273328029684937 0.036581323933502531 0 0.072212833292597547 nan nan nan nan nan nan nan nan nan nan 1.1717372298117303 0.9055425775796242 0.44235111249207826 0 0.55688980577784719 nan nan nan nan nan nan nan nan nan nan 0 1 0 9360 0 0 0 0 0 0 0.00065331735479266112 0.00065331735479266112 0.0043462674406602123 8.5479382065873472e-05 0.36177818504702364 0.025841298959214016 0 running
6110 3.6984334125763185 0.00065381109165574085 0.02 147.21339399999999 0.080527427210844549 0.11482744433841244 0.11266865457826543 0.036549344132172736 0 0.072165853502398569 nan nan nan nan nan nan nan nan nan nan 1.1754714170225338 0.89488094481470848 0.44197141262962081 0 0.55626774210651098 nan nan nan nan nan nan nan nan nan nan 0 1 0 9360 0 0 0 0 0 0 0.00065381109165574085 0.00065381109165574085 0.0043195975269665577 8.4909390799915699e-05 0.35908685233265136 0.02564906090798446 0 running
6120 3.7049742945715889 0.00065431631362041149 0.02 147.326584 0.08047977242634724 0.11476811523995988 0.11260072703113697 0.036516955714183418 0 0.072116827375296011 nan nan nan nan nan nan nan nan nan nan 1.174646338249107 0.88339400652571376 0.44240992739020157 0 0.55536498293180181 nan nan nan nan nan nan nan nan nan nan 0 1 0 9360 0 0 0 0 0 0 0.00065431631362041149 0.00065431631362041149 0.0043088795970490602 8.4640766549234897e-05 0.35775614806332107 0.025554010602931936 0 running
6130 3.7115202772061973 0.00065483025008723794 0.02 147.47105999999999 0.080430693935500522 0.11470889102874721 0.11252947166205338 0.036483852485797878 0 0.072065244528409594 nan nan nan nan nan nan nan nan nan nan 1.1704844206179152 0.87107402236987719 0.44363262760086331 0 0.55417575180091383 nan nan nan nan nan nan nan nan nan nan 0 1 0 9360 0 0 0 0 0 0 0.00065483025008723794 0.00065483025008723794 0.004314715503191402 8.4683508496876512e-05 0.35790168875723893 0.025564406366794187 0 running
6140 3.7180714506565513 0.00065535389545980896 0.02 147.59260399999999 0.080378930868483425 0.11464728193248816 0.11245337608721345 0.036449892587567423 0 0.072010463963491367 nan nan nan nan nan nan nan nan nan nan 1.1631655537702126 0.85793438596349547 0.44549395861405028 0 0.5526995214258803 nan nan nan nan nan nan nan nan nan nan 0 1 0 9360 0 0 0 0 0 0 0.00065535389545980896 0.00065535389545980896 0.0043374964146974115 8.5043243325072499e-05 0.35959243562009247 0.025685173999982661 0 running
6150 3.7246279281055124 0.00065589037372893377 0.02 147.69832600000001 0.080321796026817022 0.11457756154134686 0.11236912103672916 0.036415023975726754 0 0.071951814726155583 nan nan nan nan nan nan nan nan nan nan 1.1505880123933929 0.84401055148016191 0.44786431255406578 0 0.55094032595347098 nan nan nan nan nan nan nan nan nan nan 0 1 0 9360 0 0 0 0 0 0 0.00065589037372893377 0.00065589037372893377 0.004373759664724728 8.5722132844619193e-05 0.36294724658801664 0.025924803355087393 0 running
6160 3.7311898585547829 0.00065644345000850132 0.02 147.830051 0.080256986933144439 0.11449471269055959 0.11227382335234901 0.036379513780273438 0 0.071888803653957306 nan nan nan nan nan nan nan nan nan nan 1.1308194797739808 0.83877828009363675 0.45061027966130984 0 0.54890564489721627 nan nan nan nan nan nan nan nan nan nan 0 1 0 9360 0 0 0 0 0 0 0.00065644345000850132 0.00065644345000850132 0.0044130717398104197 8.6632310311893904e-05 0.36744797282576358 0.02624628380098017 0 running
6170 3.7377574273998913 0.0006570165589000268 0.02 147.95666 0.08018534853130331 0.11440015304668553 0.11216864128171648 0.036344075568779888 0 0.071821721382825929 nan nan nan nan nan nan nan nan nan nan 1.1062169653975897 0.85223856871860626 0.45360357070751567 0 0.54660506187921243 nan nan nan nan nan nan nan nan nan nan 0 1 0 9360 0 0 0 0 0 0 0.0006570165589000268 0.0006570165589000268 0.0044423806748220629 8.7394815283975744e-05 0.37127326565890922 0.026519519003636208 0 running
6180 3.7443308501488488 0.00065761231360145635 0.02 148.07817700000001 0.080108680701429139 0.11429753211555076 0.11205597024856213 0.03630903677352415 0 0.071750896518054011 nan nan nan nan nan nan nan nan nan nan 1.0807081240451097 0.86499774907276428 0.45673641072559779 0 0.54404890667469585 nan nan nan nan nan nan nan nan nan nan 0 1 0 9360 0 0 0 0 0 0 0.00065761231360145635 0.00065761231360145635 0.0044524854493701782 8.8012400517865886e-05 0.37438272555459123 0.026741623282133715 0 running
6190 3.7509103626567533 0.0006582322509283416 0.02 148.18701300000001 0.080027337071118795 0.1141879328580699 0.11193633329503101 0.036273832741619196 0 0.07167604711317449 nan nan nan nan nan nan nan nan nan nan 1.056129514709971 0.87696765679886635 0.45993951851121517 0 0.54172537227316964 nan nan nan nan nan nan nan nan nan nan 0 4 0 9360 0 0 0 0 0 0 0.0006582322509283416 0.0006582322509283416 0.0044371917261098789 8.8596512916500034e-05 0.37696547979051265 0.026926105727751452 0 running
6200 3.7574962098739788 0.00065887677498094105 0.02 148.31369000000001 0.079940842543208476 0.11407082181257049 0.1118092020560897 0.036237449435107358 0 0.071596708985913485 nan nan nan nan nan nan nan nan nan nan 1.0326329233841123 0.88808038154076574 0.46319051921140408 0 0.54312099520068791 nan nan nan nan nan nan nan nan nan nan 0 4 0 9360 0 0 0 0 0 0 0.00065887677498094105 0.00065887677498094105 0.0043961846676533875 8.8857432692591629e-05 0.3777081901250216 0.02697915646598667 0 running
6210 3.7640886352235956 0.0006595453224510821 0.02 148.43024 0.079849098481672265 0.11394606442856345 0.11167457553013771 0.03619902255181582 0 0.071512984760652626 nan nan nan nan nan nan nan nan nan nan 1.0097851182002349 0.89829118120211038 0.46651061022086138 0 0.54423943954084075 nan nan nan nan nan nan nan nan nan nan 0 2 0 9360 0 0 0 0 0 0 0.0006595453224510821 0.0006595453224510821 0.0043329420654175223 8.8884393509507434e-05 0.37857338535104379 0.027040956125053507 0 running
6220 3.770687873909583 0.00066023704742144095 0.02 148.55097900000001 0.079752993472949354 0.11381497942657093 0.11153376705234072 0.036158241292119232 0 0.071425840501780816 nan nan nan nan nan nan nan nan nan nan 0.98705697698274575 0.90758408795722634 0.4699511311041058 0 0.54508196328967307 nan nan nan nan nan nan nan nan nan nan 0 4 0 9360 0 0 0 0 0 0 0.00066023704742144095 0.00066023704742144095 0.0042546428468874806 8.8610558289649991e-05 0.37940605990487375 0.027100432878961297 0 running
6230 3.7772941619052531 0.00066095344047112663 0.02 148.67651599999999 0.079654123469248925 0.11367880974925325 0.11139018855643124 0.036114908065387516 0 0.071336978146373367 nan nan nan nan nan nan nan nan nan nan 0.96401366330267679 0.91597866145376672 0.47355891123087757 0 0.54658969731033225 nan nan nan nan nan nan nan nan nan nan 0 4 0 9360 0 0 0 0 0 0 0.00066095344047112663 0.00066095344047112663 0.0041693276806677414 8.7682358282771878e-05 0.37785037766544372 0.026989312718884686 0 running
6240 3.7839077941270007 0.00066170550124148317 0.02 148.81542999999999 0.079554835816872144 0.11354152479019658 0.11124639830508054 0.036069767157089296 0 0.071248806438741999 nan nan nan nan nan nan nan nan nan nan 0.94042458530011519 0.92354119664299794 0.47733125594557713 0 0.5517982939362347 nan nan nan nan nan nan nan nan nan nan 0 4 0 9360 0 0 0 0 0 0 0.00066170550124148317 0.00066170550124148317 0.0040833661928451337 8.5971449238379428e-05 0.37330830161669515 0.026664878715060101 0 running
6250 3.7905292752853947 0.00066252330963368158 0.02 148.910979 0.079457675900883803 0.11340613561034812 0.1111065263061374 0.036023733755962309 0 0.071163825938744513 nan nan nan nan nan nan nan nan nan nan 0.91631463922516199 0.93039419431470183 0.48121924191143828 0 0.55652233531381601 nan nan nan nan nan nan nan nan nan nan 0 4 0 9360 0 0 0 0 0 0 0.00066252330963368158 0.00066252330963368158 0.0040011272071573817 8.3245645071849581e-05 0.36471476905523836 0.026051054960022246 0 running
6260 3.7971595010999639 0.00066345084284713779 0.02 149.05005299999999 0.079365074523194495 0.11327557020601568 0.11097431720302697 0.035977963088169293 0 0.071084509973772525 nan nan nan nan nan nan nan nan nan nan 0.89193154645836392 0.93670945892271318 0.48512529188992781 0 0.56087404613602865 nan nan nan nan nan nan nan nan nan nan 0 4 0 9360 0 0 0 0 0 0 0.00066345084284713779 0.00066345084284713779 0.003925446946383351 7.9582159431271202e-05 0.35230507791835552 0.025164648449309015 0 running
6270 3.8037998028075135 0.00066452783497742047 0.02 149.18686299999999 0.079278830195742889 0.11315191289556707 0.11085253617902387 0.035933585523550471 0 0.071012687938149965 nan nan nan nan nan nan nan nan nan nan 0.86780760411054536 0.94267431145077962 0.48892443934193919 0 0.56497691191769783 nan nan nan nan nan nan nan nan nan nan 0 4 0 9360 0 0 0 0 0 0 0.00066452783497742047 0.00066452783497742047 0.003858001603370762 7.5086094546799093e-05 0.33640699613660285 0.024029071177984862 0 running
6280 3.8104516562182469 0.00066574079426150287 0.02 149.3064 0.079199477599640494 0.11303591260915048 0.11074193676821543 0.035891273917275313 0 0.070948633660670085 nan nan nan nan nan nan nan nan nan nan 0.87246789389212687 0.94842226167083221 0.49249318037711509 0 0.56891857040688798 nan nan nan nan nan nan nan nan nan nan 0 4 0 9360 0 0 0 0 0 0 0.00066574079426150287 0.00066574079426150287 0.0037991819744164325 6.9837814552535843e-05 0.31719936183430658 0.022657097297800858 0 running
6290 3.8171162458211012 0.00066706176426466635 0.02 149.41592800000001 0.079125795135855465 0.11292671403603713 0.11064037955104344 0.035850885092480869 0 0.070890302491361371 nan nan nan nan nan nan nan nan nan nan 0.88620405978894823 0.95392952834185896 0.49572962047956848 0 0.57267966170255669 nan nan nan nan nan nan nan nan nan nan 0 4 0 9360 0 0 0 0 0 0 0.00066706176426466635 0.00066706176426466635 0.0037480224623609162 6.394352329611405e-05 0.29493702647798908 0.021066930484956392 0 running
6300 3.8237945876299295 0.00066848026474693168 0.02 149.53149500000001 0.079054886586367057 0.1128220457596848 0.11054288712399946 0.035811466502205715 0 0.070833399112060783 nan nan nan nan nan nan nan nan nan nan 0.90186603961621525 0.95889918338508762 0.49856135876603469 0 0.57605311375439405 nan nan nan nan nan nan nan nan nan nan 0 4 0 9360 0 0 0 0 0 0 0.00066848026474693168 0.00066848026474693168 0.0037020970281826794 5.752981472309028e-05 0.26993414398310406 0.019281010304864704 0 running
6310 3.8304876201228906 0.00066998980753527114 0.02 149.64556899999999 0.078982618105495936 0.1127184540059174 0.11044237300094731 0.035771686902301432 0 0.070772089149553172 nan nan nan nan nan nan nan nan nan nan 0.91610868735327156 0.96272078992991861 0.50094405328852698 0 0.57861481617972532 nan nan nan nan nan nan nan nan nan nan 0 4 0 9360 0 0 0 0 0 0 0.00066998980753527114 0.00066998980753527114 0.0036578013670368614 5.0735729482874458e-05 0.24254157271959786 0.017324398069691292 0 running
6320 3.8371962194096629 0.00067158397597711673 0.02 149.767966 0.078904898395758705 0.11261227618307743 0.11033188114632551 0.035730436684647641 0 0.070700792811175736 nan nan nan nan nan nan nan nan nan nan 0.92884434733473054 0.96469398870214051 0.50285566789601566 0 0.57987738993927318 nan nan nan nan nan nan nan nan nan nan 0 4 0 9360 0 0 0 0 0 0 0.00067158397597711673 0.00067158397597711673 0.0036114560499089015 4.3705352924023809e-05 0.2131341810836497 0.015223870093477214 0 running
6330 3.8439211904002204 0.00067325515292206194 0.02 149.908514 0.07882068629629202 0.11250283680282434 0.11020962863673252 0.035687185431182995 0 0.070617824974742158 nan nan nan nan nan nan nan nan nan nan 0.94004970190924109 0.96455515659795377 0.50429004099197172 0 0.57965528684256262 nan nan nan nan nan nan nan nan nan nan 0 4 0 9360 0 0 0 0 0 0 0.00067325515292206194 0.00067325515292206194 0.0035607916349608497 3.6579620895149995e-05 0.18210762562074725 0.013007687558072864 0 running
6340 3.8506632573697002 0.00067499478825573591 0.02 150.022006 0.078733785606254561 0.11239460922802082 0.1100819503238563 0.03564191853133783 0 0.070527403555216014 nan nan nan nan nan nan nan nan nan nan 0.94974269385198262 0.96279257780524141 0.50525144255236665 0 0.5782837228388531 nan nan nan nan nan nan nan nan nan nan 0 4 0 9360 0 0 0 0 0 0 0.00067499478825573591 0.00067499478825573591 0.0035063567275768182 2.9467256577181404e-05 0.14978631781192844 0.010699022712148272 0 running
6350 3.8574230528594877 0.00067679346271215263 0.02 150.15564499999999 0.078650310940978449 0.11229445507412084 0.10995906906064863 0.035594823446225346 0 0.070436667228914063 nan nan nan nan nan nan nan nan nan nan 0.95796573740551505 0.96029441057644993 0.50575054471355907 0 0.57637427902943417 nan nan nan nan nan nan nan nan nan nan 0 4 0 9360 0 0 0 0 0 0 0.00067679346271215263 0.00067679346271215263 0.003449345139469553 2.2441445274434807e-05 0.11642388878498063 0.008315992064850234 0 running
6360 3.8642011217947236 0.0006786432150587792 0.02 150.29150300000001 0.078575092300589289 0.11220765350080109 0.10984904907217387 0.035546226905324739 0 0.070351405933421859 nan nan nan nan nan nan nan nan nan nan 0.96477446186740323 0.95779446971234994 0.50580166184643893 0 0.57443155751450037 nan nan nan nan nan nan nan nan nan nan 0 4 0 9360 0 0 0 0 0 0 0.0006786432150587792 0.0006786432150587792 0.0033883298017785236 1.5562301445842457e-05 0.082311821976391641 0.0058794158616641504 0 running
6370 3.870997938554634 0.00068053756577004729 0.02 150.43379100000001 0.078510620091711586 0.11213686005975856 0.10975584999647316 0.035496848613483824 0 0.070274739998996458 nan nan nan nan nan nan nan nan nan nan 0.97023054166975076 0.95564753084156218 0.50542094569969676 0 0.57270359723165587 nan nan nan nan nan nan nan nan nan nan 0 4 0 9360 0 0 0 0 0 0 0.00068053756577004729 0.00068053756577004729 0.0033209432713480571 8.8738652573073344e-06 0.047770577149450967 0.0034121840857062923 0 running
6380 3.8778139164915761 0.00068247062823105064 0.02 150.57373200000001 0.078456768311625652 0.11208124615483392 0.10967935016036863 0.035447165699802288 0 0.070207231266800868 nan nan nan nan nan nan nan nan nan nan 0.97439729271003639 0.95385009305893964 0.50462524446692125 0 0.57121054477366051 nan nan nan nan nan nan nan nan nan nan 0 4 0 9360 0 0 0 0 0 0 0.00068247062823105064 0.00068247062823105064 0.0032452373305814977 2.3803041248857813e-06 0.013011806027379464 0.00092941471722268482 0 running
6390 3.8846494168920831 0.00068443833893335273 0.02 150.74614800000001 0.078410940127694145 0.11203711743804771 0.10961532331317697 0.035397516566344482 0 0.07014669408176219 nan nan nan nan nan nan nan nan nan nan 0.97733708603952163 0.95203329823756278 0.50343141199725494 0 0.56975368235285972 nan nan nan nan nan nan nan nan nan nan 0 4 0 9347 0 0 13 3 3 0 0.00068443833893335273 0.00068443833893335273 0.0031774667124584606 -9.9058253703876421e-07 -0.0054214890379201833 -0.00038724921740316415 0 running
6400 3.8915047511940819 0.00068643292040822485 0.02 150.90798699999999 0.0783693044081855 0.1119984445665192 0.10955781369777554 0.035348254562200476 0 0.070090471099600427 nan nan nan nan nan nan nan nan nan nan 0.97910992121625373 0.94961852879394004 0.50185591864526868 0 0.56800679775742058 nan nan nan nan nan nan nan nan nan nan 0 4 0 9360 0 0 0 0 0 0 0.00068643292040822485 0.00068643292040822485 0.0031266194379917351 8.6793993197761799e-07 0.0047319212766922386 0.00033799437726344964 0 running
6410 3.8983801523926278 0.00068844869487863123 0.02 151.06110699999999 0.078328132483964669 0.11195981224269221 0.10950095050752623 0.035299440910262894 0 0.070035515590876174 nan nan nan nan nan nan nan nan nan nan 0.97977273361802109 0.94618618513895636 0.49991467060319472 0 0.56577250004181256 nan nan nan nan nan nan nan nan nan nan 0 4 0 9360 0 0 0 0 0 0 0.00068844869487863123 0.00068844869487863123 0.0030310995644122311 9.7442924747170843e-08 0.00052917270461372095 3.779805036945943e-05 0 running
6420 3.9052757916536547 0.00069047755625072061 0.02 151.199635 0.078286126681684845 0.11191910749855266 0.10944291306895318 0.035250958091085631 0 0.069980856407117015 nan nan nan nan nan nan nan nan nan nan 0.97937916867213914 0.94158890604545498 0.49762294859716949 0 0.56294287390275732 nan nan nan nan nan nan nan nan nan nan 0 4 0 9360 0 0 0 0 0 0 0.00069047755625072061 0.00069047755625072061 0.0029347290896124308 5.6726849522251144e-08 0.00030596562256348324 2.1854687349037704e-05 0 running
6430 3.9121917298734386 0.00069250566196264469 0.02 151.337703 0.078244155926577366 0.1118772974341594 0.10938540580225237 0.035202575480474237 0 0.069927259914567538 nan nan nan nan nan nan nan nan nan nan 0.97797965588673996 0.93619497659077 0.49499545651785937 0 0.55969073272618708 nan nan nan nan nan nan nan nan nan nan 0 4 0 9360 0 0 0 0 0 0 0.00069250566196264469 0.00069250566196264469 0.0028445437264679662 6.1251695040592787e-07 0.0032741604617245591 0.00023386860465582018 0 running
6440 3.9191278496888793 0.0006945118567303519 0.02 151.481236 0.078203050897433318 0.11183539717238382 0.1093300347928515 0.035154005896097518 0 0.069875382999157229 nan nan nan nan nan nan nan nan nan nan 0.97562168596521115 0.93036803152029479 0.49204644008547538 0 0.55619256520822824 nan nan nan nan nan nan nan nan nan nan 0 4 0 9360 0 0 0 0 0 0 0.0006945118567303519 0.0006945118567303519 0.0027480561274616784 6.5654608833246012e-08 0.00034819085914568229 2.4870775679522083e-05 0 running
6450 3.9260837732690126 0.00069646607278974414 0.02 151.59679700000001 0.07816198074988219 0.11179216107153234 0.10927570029407201 0.035104933199932228 0 0.069824450495150972 nan nan nan nan nan nan nan nan nan nan 0.97235020857460963 0.9241694060066552 0.4887898477511512 0 0.55247133319032293 nan nan nan nan nan nan nan nan nan nan 0 4 0 9360 0 0 0 0 0 0 0.00069646607278974414 0.00069646607278974414 0.0026677472978213494 5.3379087440810758e-08 0.00028045748394199874 2.0032677445579381e-05 0 running
6460 3.933058784475064 0.00069833198829224769 0.02 151.72153599999999 0.078118345915009268 0.11174387956349956 0.10921845290365492 0.035055059723040426 0 0.069772183251848405 nan nan nan nan nan nan nan nan nan nan 0.96820812016518687 0.9173407447590215 0.48523951693557699 0 0.54838803382285928 nan nan nan nan nan nan nan nan nan nan 0 4 0 9360 0 0 0 0 0 0 0.00069833198829224769 0.00069833198829224769 0.002609476301474302 8.0484208294963318e-07 0.0041826888605592484 0.00029876349035538673 0 running
6470 3.940051064070115 0.00069933320647189959 0.02 151.82907700000001 0.078070018263379587 0.11168738709181941 0.10915513318942097 0.035004215011462732 0 0.069716770956888566 nan nan nan nan nan nan nan nan nan nan 0.96323731941052948 0.90966968058692232 0.48140975848664214 0 0.54383264855780977 nan nan nan nan nan nan nan nan nan nan 0 4 0 9360 0 0 0 0 0 0 0.00069933320647189959 0.00069933320647189959 0.0025631317053521146 6.4579531803589374e-07 0.0033244299559983133 0.00023745928282202229 0 running
6480 3.9470111971150192 0.00069356039536344345 0.02 151.963853 0.078018637873549082 0.1116244142626225 0.10908867053897853 0.034952700904013173 0 0.069659888589482882 nan nan nan nan nan nan nan nan nan nan 0.95752022492549393 0.9016936813962444 0.47734360598023295 0 0.53909072328187713 nan nan nan nan nan nan nan nan nan nan 0 4 0 9360 0 0 0 0 0 0 0.00069356039536344345 0.00069356039536344345 0.0025568502638115323 1.4720042165548143e-06 0.0074916953492855281 0.00053512109694252915 0 running
6490 3.9539252952539345 0.00069047806132700837 0.02 152.111322 0.077967497291190638 0.11155892138409412 0.10902469929179393 0.034900767882572438 0 0.069604680693307622 nan nan nan nan nan nan nan nan nan nan 0.95112291903586055 0.89423293828872241 0.47306798310472731 0 0.53459408374350503 nan nan nan nan nan nan nan nan nan nan 0 5 0 9347 0 0 13 3 3 0 0.00069047806132700837 0.00069047806132700837 0.00259810334826679 -9.0785028347452309e-07 -0.0045616217625789775 -0.00032583012624251632 0 running
6500 3.9608001926461065 0.00068442695155835199 0.02 152.32441299999999 0.077916911588902862 0.11149096145431177 0.10896392600907159 0.034848484834205717 0 0.069551685854531226 nan nan nan nan nan nan nan nan nan nan 0.94409142180210548 0.88744312882611642 0.468597047106313 0 0.53043382114768511 nan nan nan nan nan nan nan nan nan nan 0 5 0 9334 26 0 0 2 2 0 0.00068442695155835199 0.00068442695155835199 0.0028231627703250261 -3.0046957861760973e-07 -0.0014732752821688512 -0.00010523394883745461 0 running
6510 3.9676018768348262 0.00067797433517811164 0.02 152.538194 0.0778655653551341 0.11141880275954276 0.10890413875923365 0.034795904403299195 0 0.069499750574152808 nan nan nan nan nan nan nan nan nan nan 0.936513349575816 0.88107823476027003 0.46397172441843759 0 0.52649699471084266 nan nan nan nan nan nan nan nan nan nan 0 4 0 9347 0 0 13 3 3 0 0.00067797433517811164 0.00067797433517811164 0.0031140278047196235 -1.0296947323115699e-06 -0.0049126851407338308 -0.00035090608185148154 0 running
6520 3.974355356872795 0.00067438383694306322 0.02 152.73979800000001 0.077811903932868479 0.11134090227433974 0.10884292634585212 0.034741751958666654 0 0.069447055404384075 nan nan nan nan nan nan nan nan nan nan 0.92841426205606048 0.8748547820718966 0.45919486723748282 0 0.52264102095498244 nan nan nan nan nan nan nan nan nan nan 0 4 0 9334 26 0 0 2 2 0 0.00067438383694306322 0.00067438383694306322 0.0035131300679015769 -1.8626189688918101e-07 -0.00086550598775199947 -6.1821856333272701e-05 0 running
6530 3.9810830825287638 0.00067240876060455275 0.02 152.932873 0.077755269061238294 0.11125698479669441 0.10877915018118359 0.034685151616273481 0 0.069392574610627755 nan nan nan nan nan nan nan nan nan nan 0.91981597336381071 0.86859599602182769 0.45427012439274872 0 0.51877244443946036 nan nan nan nan nan nan nan nan nan nan 0 4 0 9347 0 0 13 3 3 0 0.00067240876060455275 0.00067240876060455275 0.0039805409708817824 -1.6074728829962994e-06 -0.0073046374138499969 -0.00052175981582588417 0 running
6540 3.9878032084282329 0.000671195655533458 0.02 153.129469 0.077695661670471941 0.11116764454793618 0.10871264266693419 0.034625468456099574 0 0.069335937841014786 nan nan nan nan nan nan nan nan nan nan 0.91078641099746971 0.8621853656031615 0.44919686416348403 0 0.51482353982190254 nan nan nan nan nan nan nan nan nan nan 0 4 0 9347 0 0 13 3 3 0 0.000671195655533458 0.000671195655533458 0.0044717137063733196 -2.0603538113523467e-06 -0.0091762716663899967 -0.00065544797686274909 0 running
6550 3.9945065306643754 0.00066953913786444417 0.02 153.35495900000001 0.077633285011993403 0.11107341191756397 0.10864388405726939 0.034561993390600627 0 0.069277030418291141 nan nan nan nan nan nan nan nan nan nan 0.89989086208726743 0.85555328710070544 0.44501879049829451 0 0.51074889094154607 nan nan nan nan nan nan nan nan nan nan 0 4 0 9347 0 0 13 3 3 0 0.00066953913786444417 0.00066953913786444417 0.0049107235288885715 -1.4559199381022898e-06 -0.0063576926902274879 -0.00045412090692429041 0 running
6560 4.0006677010963836 0.00066770109638388344 0.02 153.567835 0.077572993211117075 0.11098149925350409 0.10857876088419634 0.034498729093633579 0 0.069220254101535539 nan nan nan nan nan nan nan nan nan nan 0.88428069597595904 0.84918565805580404 0.44496017008457622 0 0.50684054089629094 nan nan nan nan nan nan nan nan nan nan 0 4 0 9347 0 0 13 3 3 0 0.00066770109638388344 0.00066770109638388344 0.0052438866003696018 -2.0117379680328893e-06 -0.0086466516844464353 -0.00061761797811255297 0 running
6570 4.0073344435333 0.00066586805250139095 0.02 153.775588 0.077505778317653928 0.11087902673808066 0.10850627372405776 0.034427731685435184 0 0.069156992750249793 nan nan nan nan nan nan nan nan nan nan 0.86741412012751251 0.84193712881965621 0.44503702665221834 0 0.50238827848646117 nan nan nan nan nan nan nan nan nan nan 0 4 0 9347 0 0 13 3 3 0 0.00066586805250139095 0.00066586805250139095 0.0055368135860358447 -2.6844932075057582e-06 -0.011353215620390428 -0.00081094397374124134 0 running
6580 4.0139777053266839 0.00066295567317132707 0.02 154.007845 0.077436474261730379 0.11077350680340282 0.10843139896365343 0.034354606456281515 0 0.069091682964982581 nan nan nan nan nan nan nan nan nan nan 0.86238377004792532 0.83428088948390711 0.44527749646829751 0 0.497674668910628 nan nan nan nan nan nan nan nan nan nan 0 5 0 9347 0 0 13 3 3 0 0.00066295567317132707 0.00066295567317132707 0.0057352885629904614 -2.6358721886401976e-06 -0.010966218507077657 -0.00078330132276114347 0 running
6590 4.0205948427073688 0.0006605336273122701 0.02 154.21579299999999 0.077364637539619016 0.11066437833996903 0.10835330625621122 0.034279762941513171 0 0.069023836106324135 nan nan nan nan nan nan nan nan nan nan 0.86391912450946862 0.82616871841710271 0.44552806680577017 0 0.49291644774947135 nan nan nan nan nan nan nan nan nan nan 0 4 0 9347 0 0 13 3 3 0 0.0006605336273122701 0.0006605336273122701 0.0059104368790487815 -2.7191433471150653e-06 -0.011138080436098541 -0.00079557717484702477 0 running
6600 4.0271901874749476 0.00065878550907489731 0.02 154.432132 0.07728965572711062 0.11055080010097945 0.10827094916951609 0.034203570760683581 0 0.068952826789484709 nan nan nan nan nan nan nan nan nan nan 0.86523715386552347 0.81755597300641858 0.44574166681723337 0 0.48900384716591239 nan nan nan nan nan nan nan nan nan nan 0 4 0 9334 13 0 13 4 4 0 0.00065878550907489731 0.00065878550907489731 0.0060736491670864839 -3.0670157323088582e-06 -0.012383205312392868 -0.00088451466610480725 0 running
6610 4.0337694305844582 0.00065810442791462329 0.02 154.641255 0.07721082882266439 0.11043179629397547 0.10818319394115565 0.034126259764548826 0 0.068877962715752999 nan nan nan nan nan nan nan nan nan nan 0.8662871079102068 0.80840894967638621 0.44588074771401098 0 0.48498333009469641 nan nan nan nan nan nan nan nan nan nan 0 4 0 9360 0 0 0 0 0 0 0.00065810442791462329 0.00065810442791462329 0.0062177970737616727 5.4038088657032399e-06 0.021492813698081439 0.0015352009800552843 0 running
6620 4.0403681326540744 0.00066139273512226657 0.02 154.75146899999999 0.077127197990716642 0.11030590973497829 0.10808861532856064 0.034047796180470241 0 0.068798462472953931 nan nan nan nan nan nan nan nan nan nan 0.8670322162264128 0.79866185980200788 0.4459152408917455 0 0.48085567228207532 nan nan nan nan nan nan nan nan nan nan 0 3 0 9360 0 0 0 0 0 0 0.00066139273512226657 0.00066139273512226657 0.0062305428022688212 1.8309500100572096e-05 0.072926503831193271 0.00520903599344218 0 running
6630 4.0470017832637799 0.00066499921342959376 0.02 154.8725 0.077038004412641622 0.11017203640734088 0.10798602559386936 0.033968293408408359 0 0.068713654630146018 nan nan nan nan nan nan nan nan nan nan 0.86743758144573579 0.7882841142957695 0.44581915772555014 0 0.47854076110013177 nan nan nan nan nan nan nan nan nan nan 0 4 0 9360 0 0 0 0 0 0 0.00066499921342959376 0.00066499921342959376 0.0062473628151163904 3.0163805250251606e-05 0.12051169650641783 0.0086079783309754628 0 running
6640 4.0536718102896305 0.0006686342553546506 0.02 155.007137 0.076942652424207877 0.11002931276788369 0.10787442315878069 0.033887991232720939 0 0.068623042927000014 nan nan nan nan nan nan nan nan nan nan 0.86747289203276701 0.77727856084212099 0.44557065686388153 0 0.47863499469664039 nan nan nan nan nan nan nan nan nan nan 0 4 0 9360 0 0 0 0 0 0 0.0006686342553546506 0.0006686342553546506 0.0062652146044742613 4.064962710514478e-05 0.16312055083085147 0.011651467928791241 0 running
6650 4.0603778072822481 0.00067219494156839626 0.02 155.14630700000001 0.07684060249049221 0.10987693844287306 0.1077529900949281 0.033806922730823454 0 0.068526158910336782 nan nan nan nan nan nan nan nan nan nan 0.86711383935357755 0.76566509490510193 0.44515052696296431 0 0.47861775439201781 nan nan nan nan nan nan nan nan nan nan 0 4 0 9360 0 0 0 0 0 0 0.00067219494156839626 0.00067219494156839626 0.0062807479955456118 4.9742083094393351e-05 0.20067257593138613 0.0143337554388043 0 running
6660 4.0671189610255816 0.00067567597506767595 0.02 155.27923000000001 0.076731819803612142 0.10971497071573626 0.107621330193389 0.033725704500456775 0 0.068423038489010185 nan nan nan nan nan nan nan nan nan nan 0.86634219893174969 0.76129044128674694 0.44454458175539235 0 0.47849750831938154 nan nan nan nan nan nan nan nan nan nan 0 4 0 9360 0 0 0 0 0 0 0.00067567597506767595 0.00067567597506767595 0.0062913082569668183 5.7564440212045154e-05 0.23359508554244823 0.016685363270648755 0 running
6670 4.0738945775205861 0.00067909662147740601 0.02 155.40654499999999 0.076616523394661698 0.10954369279461217 0.10747969983441867 0.033644559640344324 0 0.068313947217635729 nan nan nan nan nan nan nan nan nan nan 0.86514518757141179 0.77201246444604288 0.44374276956473979 0 0.47828150631191735 nan nan nan nan nan nan nan nan nan nan 0 4 0 9360 0 0 0 0 0 0 0.00067909662147740601 0.00067909662147740601 0.006295649579777015 6.4315500472829693e-05 0.26257976979403691 0.018755697862233845 0 running
6680 4.0807041605430987 0.00068247994799539849 0.02 155.542405 0.076495420275509277 0.10936400612628114 0.10732918830956464 0.033563623998088654 0 0.068199628009027013 nan nan nan nan nan nan nan nan nan nan 0.86351465867446286 0.78214722852962215 0.44273797838452822 0 0.47797543712978152 nan nan nan nan nan nan nan nan nan nan 0 1 0 9360 0 0 0 0 0 0 0.00068247994799539849 0.00068247994799539849 0.0062933573041688874 6.9924335283851386e-05 0.28718615713291218 0.020513296959723502 0 running
6690 4.0875476358413634 0.00068588077969462086 0.02 155.67895899999999 0.076370086919070115 0.10917791628028183 0.10717227942661728 0.033483138543770705 0 0.068081682063453136 nan nan nan nan nan nan nan nan nan nan 0.86144642776157188 0.7916486840934267 0.44152564806774208 0 0.47758344915159062 nan nan nan nan nan nan nan nan nan nan 0 1 0 9360 0 0 0 0 0 0 0.00068588077969462086 0.00068588077969462086 0.0062870596533141287 7.313218945984403e-05 0.30205338712875407 0.02157524196054772 0 running
6700 4.0944254001693174 0.0006893396809086002 0.02 155.794622 0.076242238641737847 0.10898762964310153 0.10701170696877489 0.033403277686827181 0 0.067961805168067921 nan nan nan nan nan nan nan nan nan nan 0.85893964019124525 0.80049788277526635 0.44010341090590677 0 0.47710898984159567 nan nan nan nan nan nan nan nan nan nan 0 1 0 9360 0 0 0 0 0 0 0.0006893396809086002 0.0006893396809086002 0.0062768632108680163 7.6166429597806007e-05 0.31616750407913485 0.022583393172353625 0 running
6710 4.1013382906631497 0.00069290280310822512 0.02 155.921144 0.076113616564574951 0.10879542582425059 0.10685025012567238 0.03332421068471314 0 0.067841650059073444 nan nan nan nan nan nan nan nan nan nan 0.85599621245103741 0.80870558278893034 0.43847077185256911 0 0.48254481179940112 nan nan nan nan nan nan nan nan nan nan 0 1 0 9360 0 0 0 0 0 0 0.00069290280310822512 0.00069290280310822512 0.0062623478585709077 7.9270460551647876e-05 0.33040723673710837 0.023600516934711348 0 running
6720 4.1082875654253792 0.00069660724290801794 0.02 156.053977 0.075985885358762426 0.1086035352155366 0.10669054765740396 0.033246105891917233 0 0.067722739837142346 nan nan nan nan nan nan nan nan nan nan 0.85262033139931859 0.81631559020320643 0.43662881808535969 0 0.4876623505841412 nan nan nan nan nan nan nan nan nan nan 0 1 0 9360 0 0 0 0 0 0 0.00069660724290801794 0.00069660724290801794 0.0062433147292888964 8.2711794874844644e-05 0.34573975056320877 0.024695696494874835 0 running
6730 4.115274762355055 0.00070047280021638767 0.02 156.17405299999999 0.075860664275493678 0.10841417225086128 0.10653513455330388 0.033169113011628865 0 0.067606539805610683 nan nan nan nan nan nan nan nan nan nan 0.8488180799918279 0.823409014056524 0.43457999513428858 0 0.4924384389426647 nan nan nan nan nan nan nan nan nan nan 0 1 0 9360 0 0 0 0 0 0 0.00070047280021638767 0.00070047280021638767 0.0062200099493949354 8.6782050668053937e-05 0.36321765039535553 0.025944117912774851 0 running
6740 4.1223015176456776 0.0007045020178136507 0.02 156.293182 0.075739537609759169 0.10822955431209226 0.10638644882049603 0.033093336171542073 0 0.067494488430595412 nan nan nan nan nan nan nan nan nan nan 0.84459718274020634 0.83010615487907624 0.43232794357807558 0 0.49695500632070305 nan nan nan nan nan nan nan nan nan nan 0 1 0 9360 0 0 0 0 0 0 0.0007045020178136507 0.0007045020178136507 0.0061939444821483124 9.1720813593307982e-05 0.38368420378931162 0.027406014585315216 0 running
6750 4.1293694533263894 0.00070869304940188811 0.02 156.432739 0.075624000821152934 0.10805184582345601 0.10624674173122206 0.033018812914697153 0 0.067387936459992692 nan nan nan nan nan nan nan nan nan nan 0.83996680308875238 0.83655905319840917 0.429877359638839 0 0.50131272146646477 nan nan nan nan nan nan nan nan nan nan 0 1 0 9360 0 0 0 0 0 0 0.00070869304940188811 0.00070869304940188811 0.0061684279289026421 9.7654909640489449e-05 0.40755008626835093 0.029110720478475027 0 running
6760 4.136480233755722 0.00071305731733301481 0.02 156.55280999999999 0.075515357534449698 0.10788304928474274 0.10611791606990767 0.032945484303217615 0 0.067288013403659711 nan nan nan nan nan nan nan nan nan nan 0.83493728362237096 0.84292893985280215 0.42723382303066337 0 0.50561609920885564 nan nan nan nan nan nan nan nan nan nan 0 1 0 9360 0 0 0 0 0 0 0.00071305731733301481 0.00071305731733301481 0.0061477047968299713 0.00010462419066085794 0.43489039205807634 0.031063599465517303 0 running
6770 4.1436357738833394 0.00071763315883921833 0.02 156.67035000000001 0.075414591581166146 0.10772486328532296 0.10600131856954964 0.032873169448458681 0 0.067195477071442231 nan nan nan nan nan nan nan nan nan nan 0.82951977651622322 0.84935152731910102 0.42440356641106192 0 0.50995122757697531 nan nan nan nan nan nan nan nan nan nan 0 1 0 9360 0 0 0 0 0 0 0.00071763315883921833 0.00071763315883921833 0.0061352228270968789 0.00011263027178516902 0.46559889922981579 0.033257064265814595 0 running
6780 4.1508385896036852 0.00072250084964092353 0.02 156.782557 0.075322170087560925 0.10757839220677787 0.10589742563592115 0.032801609637894025 0 0.067110548444709719 nan nan nan nan nan nan nan nan nan nan 0.82372572369229591 0.85590133759008058 0.42139316706239027 0 0.51436372692114618 nan nan nan nan nan nan nan nan nan nan 0 1 0 9360 0 0 0 0 0 0 0.00072250084964092353 0.00072250084964092353 0.0061324417698525226 0.00012169736595082079 0.49960153419547859 0.035685823908783415 0 running
6790 4.1580737566944119 0.00072348494906515496 0.02 156.92606799999999 0.075237831336957467 0.10744382143718605 0.10580544533758497 0.03273066210351662 0 0.067032775950255252 nan nan nan nan nan nan nan nan nan nan 0.817582287731212 0.86258945800416631 0.41821746565993356 0 0.5188737435277363 nan nan nan nan nan nan nan nan nan nan 0 1 0 9360 0 0 0 0 0 0 0.00072348494906515496 0.00072348494906515496 0.0061380545263296218 0.00013191675708928044 0.53703560652767079 0.038359686221048836 0 running
6800 4.1653066866122437 0.00072310725778397522 0.02 157.050321 0.075160212281498828 0.10731982660637719 0.10572279170465729 0.032660264081506275 0 0.066960740979150571 nan nan nan nan nan nan nan nan nan nan 0.81113781050837641 0.86922005559882809 0.41490213576301382 0 0.52333160253202804 nan nan nan nan nan nan nan nan nan nan 0 1 0 9360 0 0 0 0 0 0 0.00072310725778397522 0.00072310725778397522 0.0061495727756346579 0.00014345662231002722 0.57829801276860882 0.041307000955656245 0 running
6810 4.1725346070479841 0.00072249704009796629 0.02 157.20240699999999 0.075086179766150146 0.10720255192204974 0.10564429224517256 0.032590228478380022 0 0.066891294983105795 nan nan nan nan nan nan nan nan nan nan 0.8044160985623181 0.87547267189971978 0.41146004898491029 0 0.52754273829399034 nan nan nan nan nan nan nan nan nan nan 0 1 0 9360 0 0 0 0 0 0 0.00072249704009796629 0.00072249704009796629 0.0061644400945267694 0.00015661044398102976 0.62418804399796646 0.044584860332642612 0 running
6820 4.1797553378705716 0.00072171626207799381 0.02 157.33151000000001 0.075011271787153111 0.10708641277423951 0.10556266306918947 0.032520482257837081 0 0.066819885320422712 nan nan nan nan nan nan nan nan nan nan 0.80669048801840537 0.88084094294829796 0.4079037562469674 0 0.53118280145633889 nan nan nan nan nan nan nan nan nan nan 0 1 0 9360 0 0 0 0 0 0 0.00072171626207799381 0.00072171626207799381 0.0061849783076912968 0.00017167573640767433 0.64779498904340271 0.046271070694811248 0 running
6830 4.1869683939512754 0.00072099673698705592 0.02 157.44760299999999 0.074930096032555585 0.10696469242753304 0.10546913788352251 0.032451115513654823 0 0.066740820246302124 nan nan nan nan nan nan nan nan nan nan 0.8098207763412989 0.88464754344876861 0.4042447287729658 0 0.53380594021888594 nan nan nan nan nan nan nan nan nan nan 0 1 0 9360 0 0 0 0 0 0 0.00072099673698705592 0.00072099673698705592 0.0062182615753736334 0.00018883343757764636 0.660505114177798 0.047178936776798026 0 running
6840 4.1941755319354517 0.00072052613480664532 0.02 157.56467699999999 0.074837923805309806 0.10683148175937456 0.10535610114312112 0.032382300153837924 0 0.066648985672779645 nan nan nan nan nan nan nan nan nan nan 0.81112778768426708 0.88625719194947772 0.40049284040144784 0 0.53498110017881007 nan nan nan nan nan nan nan nan nan nan 0 1 0 9360 0 0 0 0 0 0 0.00072052613480664532 0.00072052613480664532 0.0062714399078458369 0.00020804722637281567 0.67406965620292458 0.04814783263675862 0 running
6850 4.2013794822783872 0.00072031927028963244 0.02 157.68258299999999 0.074733316978331341 0.10668478527778708 0.10522143897786257 0.032313886465403195 0 0.066542929331974698 nan nan nan nan nan nan nan nan nan nan 0.81044869352825788 0.88545868670346606 0.39665684152707348 0 0.53455486343974945 nan nan nan nan nan nan nan nan nan nan 0 1 0 9360 0 0 0 0 0 0 0.00072031927028963244 0.00072031927028963244 0.0063485904742595946 0.00022917988180066041 0.68852802943146485 0.049180573582744753 0 running
6860 4.2085821184536831 0.00072021628022227624 0.02 157.798419 0.074619676666525178 0.1065287262983297 0.10507048669834278 0.032246263344648841 0 0.06642651976146495 nan nan nan nan nan nan nan nan nan nan 0.80811058950734771 0.88264295003084703 0.39274520576100391 0 0.53278538107881179 nan nan nan nan nan nan nan nan nan nan 0 1 0 9360 0 0 0 0 0 0 0.00072021628022227624 0.00072021628022227624 0.0064493194512310536 0.00025236330355011264 0.70390271615920008 0.050278765493028177 0 running
6870 4.215783206641448 0.00071998531328461941 0.02 157.91812100000001 0.074501872873783917 0.10636854888764298 0.10491185772991168 0.032178415020620278 0 0.066305571639673641 nan nan nan nan nan nan nan nan nan nan 0.80471572568992222 0.87854514939594142 0.38876683062561312 0 0.53017174016239488 nan nan nan nan nan nan nan nan nan nan 0 1 0 9360 0 0 0 0 0 0 0.00071998531328461941 0.00071998531328461941 0.0065693754112564739 0.00027819136933478721 0.71178382261574658 0.050841701669090147 0 running
6880 4.2229803004662338 0.00071941837915363415 0.02 158.04920300000001 0.074383830528214193 0.1062082704049309 0.10475267970140341 0.032109645756263266 0 0.066184750982579074 nan nan nan nan nan nan nan nan nan nan 0.80076959471542519 0.87379006408127735 0.38473325213628939 0 0.52714318548032746 nan nan nan nan nan nan nan nan nan nan 0 1 0 9360 0 0 0 0 0 0 0.00071941837915363415 0.00071941837915363415 0.0067036020386857936 0.00030695403234377925 0.71381880195072556 0.050987057336027826 0 running
6890 4.2301690388788851 0.00071834064088981521 0.02 158.16945999999999 0.074268095719010677 0.10605057726251574 0.10459730991457535 0.03204049519885676 0 0.066066895620833815 nan nan nan nan nan nan nan nan nan nan 0.79654836438829224 0.86872346690203739 0.3806583240638366 0 0.52393809890771836 nan nan nan nan nan nan nan nan nan nan 0 1 0 9360 0 0 0 0 0 0 0.00071834064088981521 0.00071834064088981521 0.0068488894302156248 0.00033780001949526567 0.71589445161373766 0.051135318026399514 0 running
6900 4.2373435230962677 0.00071661164588860044 0.02 158.31487899999999 0.074155963493801796 0.10589703681364042 0.1044478983148634 0.031971105724599561 0 0.065953295133111031 nan nan nan nan nan nan nan nan nan nan 0.79218542016595372 0.86350911766617389 0.37655679102874817 0 0.52066274666748869 nan nan nan nan nan nan nan nan nan nan 0 1 0 9360 0 0 0 0 0 0 0.00071661164588860044 0.00071661164588860044 0.0070034251368260303 0.00033348439176096513 0.70836278723641732 0.050597341998880059 0 running
6910 4.2444966940460818 0.00071414700557503711 0.02 158.43918500000001 0.07404819263460613 0.10574890531257157 0.10430557460953406 0.03190136521554264 0 0.065844462107385676 nan nan nan nan nan nan nan nan nan nan 0.78777120364586817 0.85824826956915712 0.37244324448615673 0 0.51737030448462917 nan nan nan nan nan nan nan nan nan nan 0 1 0 9360 0 0 0 0 0 0 0.00071414700557503711 0.00071414700557503711 0.0071657451042252797 0.00032361718889512757 0.68734814383729426 0.049096296040215016 0 running
6920 4.2516213707108168 0.00071100452368490306 0.02 158.58125100000001 0.07394555333401269 0.10560752989656683 0.10417135882874744 0.031831385368091568 0 0.065740891565544773 nan nan nan nan nan nan nan nan nan nan 0.78340129491491328 0.85304155955897221 0.36833100114557027 0 0.51410769543166812 nan nan nan nan nan nan nan nan nan nan 0 1 0 9360 0 0 0 0 0 0 0.00071100452368490306 0.00071100452368490306 0.0073344169685224357 0.00031377314271937358 0.66571889849527544 0.047551349942725328 0 running
6930 4.2587118163722799 0.00070738875353777958 0.02 158.70490000000001 0.073848572923471315 0.10547355269516345 0.10404616025218696 0.031761183588168589 0 0.065643065512525828 nan nan nan nan nan nan nan nan nan nan 0.79800867266978504 0.84795514375735137 0.36423090693937654 0 0.51090414482095803 nan nan nan nan nan nan nan nan nan nan 0 1 0 9360 0 0 0 0 0 0 0.00070738875353777958 0.00070738875353777958 0.0075079756048930454 0.00030421925715293154 0.6442222121199096 0.04601587234286373 0 running
6940 4.2657646445920481 0.00070354113906644566 0.02 158.81609499999999 0.073757625856791922 0.10534719153678117 0.10393089349422253 0.031690576130394089 0 0.065551375710060492 nan nan nan nan nan nan nan nan nan nan 0.82487273796831051 0.84299613219107494 0.36015071940037391 0 0.50776091779429178 nan nan nan nan nan nan nan nan nan nan 0 2 0 9360 0 0 0 0 0 0 0.00070354113906644566 0.00070354113906644566 0.0076847385976660651 0.00029518418039624968 0.62365639099899761 0.044546885118390452 0 running
6950 4.2727786258214921 0.00069964827840951775 0.02 158.93118899999999 0.073674029841614364 0.10523134380714587 0.10382704611582604 0.031619613560483595 0 0.065466191115762143 nan nan nan nan nan nan nan nan nan nan 0.84745836598510937 0.83812719001579583 0.35609527713225786 0 0.50465925621616703 nan nan nan nan nan nan nan nan nan nan 0 2 0 9360 0 0 0 0 0 0 0.00069964827840951775 0.00069964827840951775 0.0078628840108668947 0.00028708190674532819 0.60517438630415266 0.043226741924507706 0 running
6960 4.2797539877888626 0.00069582429980937139 0.02 159.04726600000001 0.073597015725305082 0.10512332686168931 0.10373448985870627 0.031548198207117538 0 0.065387740223400007 nan nan nan nan nan nan nan nan nan nan 0.86508110923684089 0.83329724788128534 0.35206706116552811 0 0.50157559099970661 nan nan nan nan nan nan nan nan nan nan 0 2 0 9360 0 0 0 0 0 0 0.00069582429980937139 0.00069582429980937139 0.0080411458875120825 0.00027992832034492423 0.58898863203838614 0.042070616618589435 0 running
6970 4.2866918073754041 0.00069213465873502059 0.02 159.17631600000001 0.073525943645490185 0.10502111841624219 0.10365266285820708 0.031476760175693883 0 0.065316350806251727 nan nan nan nan nan nan nan nan nan nan 0.87713531850519511 0.82846293142498073 0.34806675296881062 0 0.49849158704350793 nan nan nan nan nan nan nan nan nan nan 0 2 0 9360 0 0 0 0 0 0 0.00069213465873502059 0.00069213465873502059 0.008219473493342417 0.00027381397063499092 0.57539742285134243 0.041099815961347035 0 running
6980 4.2935936735188474 0.00068862201802000244 0.02 159.284513 0.073461579310213312 0.10492673693567137 0.10358174866377315 0.031406147235364064 0 0.065252381637544696 nan nan nan nan nan nan nan nan nan nan 0.8834118547487142 0.8235955740905192 0.34409364909649343 0 0.49539670003629532 nan nan nan nan nan nan nan nan nan nan 0 1 0 9360 0 0 0 0 0 0 0.00068862201802000244 0.00068862201802000244 0.0083988829747393585 0.00026877387402768967 0.5645459723766969 0.040324712355196836 0 running
6990 4.3004615499559558 0.00068532093991747784 0.02 159.402063 0.073404438501825403 0.10484092733382835 0.10352227894364824 0.031337150423927748 0 0.065196308793104812 nan nan nan nan nan nan nan nan nan nan 0.88448341555972698 0.81867952109175701 0.34014595034099049 0 0.49228638788486473 nan nan nan nan nan nan nan nan nan nan 0 1 0 9360 0 0 0 0 0 0 0.00068532093991747784 0.00068532093991747784 0.0085806098641019422 0.00026479410158406625 0.55645297101854008 0.039746640829003865 0 running
7000 4.3072977243036474 0.00068226204170715845 0.02 159.52959300000001 0.073354650988444403 0.10476355593298499 0.10347446683264451 0.03127044414075781 0 0.065148411288368804 nan nan nan nan nan nan nan nan nan nan 0.88081127318129626 0.81370722823606378 0.33622098141437107 0 0.48915882497827595 nan nan nan nan nan nan nan nan nan nan 0 1 0 9360 0 0 0 0 0 0 0.00068226204170715845 0.00068226204170715845 0.0087655761039618554 0.0002618213856578156 0.55102184445777791 0.039358703217111268 0 running
7010 4.3141047594449358 0.00067946977228731313 0.02 159.64590899999999 0.073312214965489717 0.10469452427904989 0.10343819731927739 0.031206684842123827 0 0.065108701862476914 nan nan nan nan nan nan nan nan nan nan 0.87272801285261403 0.80867442182053884 0.33233908565454273 0 0.4860119042949525 nan nan nan nan nan nan nan nan nan nan 0 1 0 9360 0 0 0 0 0 0 0.00067946977228731313 0.00067946977228731313 0.0089542603771891136 0.00025977516790379526 0.54805568834224505 0.039146834922920939 0 running
7020 4.3208854132303323 0.00067695921692015727 0.02 159.75800100000001 0.073276720787638028 0.10463341374524857 0.10341266032587026 0.031146269488241694 0 0.065076642171019744 nan nan nan nan nan nan nan nan nan nan 0.86097081269239562 0.80357638892639405 0.32847202364571659 0 0.48284105287964679 nan nan nan nan nan nan nan nan nan nan 0 1 0 9360 0 0 0 0 0 0 0.00067695921692015727 0.00067695921692015727 0.0091466954460496155 0.00025855889167278177 0.54728176524510441 0.039091554701638241 0 running
7030 4.3276425384849171 0.00067473553736766023 0.02 159.86754400000001 0.073247247388452563 0.10457935577514077 0.10339624914832447 0.031089145576283193 0 0.065051020629784656 nan nan nan nan nan nan nan nan nan nan 0.84623140688126908 0.79840551907471857 0.3246108583768752 0 0.47963790906444354 nan nan nan nan nan nan nan nan nan nan 0 1 0 9360 0 0 0 0 0 0 0.00067473553736766023 0.00067473553736766023 0.0093424002222380498 0.0002580691120887462 0.54829653542247259 0.039164038285812497 0 running
7040 4.3343789981755192 0.00067279689185094544 0.02 159.97734700000001 0.073222427512779575 0.10453108771057959 0.10338668450629704 0.031034793350633999 0 0.065030040941423867 nan nan nan nan nan nan nan nan nan nan 0.82910048177314799 0.79315000941316183 0.32075121672706386 0 0.47638988578176039 nan nan nan nan nan nan nan nan nan nan 0 1 0 9360 0 0 0 0 0 0 0.00067279689185094544 0.00067279689185094544 0.0095405379666199924 0.0002581865120872883 0.55085898268752642 0.039347070233509598 0 running
7050 4.3410976103286023 0.0006711367429105289 0.02 160.10543899999999 0.07320063330212051 0.10448708518192552 0.10338131924281219 0.030982387343653908 0 0.065011592162061038 nan nan nan nan nan nan nan nan nan nan 0.81004547793051085 0.7877937335724633 0.31688876613956607 0 0.47308077359414941 nan nan nan nan nan nan nan nan nan nan 0 1 0 9360 0 0 0 0 0 0 0.0006711367429105289 0.0006711367429105289 0.0097403628103730662 0.00025882266647135534 0.5546337544360106 0.039616696787257426 0 running
7060 4.3478011040827873 0.00066974431103868255 0.02 160.22996699999999 0.073180212769642233 0.10444572265186929 0.10337752014798986 0.030931027915953931 0 0.064993604030656502 nan nan nan nan nan nan nan nan nan nan 0.78941195856445434 0.78231718647036042 0.31301931338558742 0 0.46969241867648787 nan nan nan nan nan nan nan nan nan nan 0 1 0 9360 0 0 0 0 0 0 0.00066974431103868255 0.00066974431103868255 0.0099412153376431875 0.00025990134575670987 0.55929227896117018 0.039949448539405866 0 running
7070 4.3544920768595068 0.00066860440901596232 0.02 160.356053 0.073159693519210742 0.1044054219891254 0.10337298989059075 0.030879939934284097 0 0.064974348085469161 nan nan nan nan nan nan nan nan nan nan 0.76743964471288084 0.77669889561937633 0.30913888941580403 0 0.46620690751880561 nan nan nan nan nan nan nan nan nan nan 0 1 0 9360 0 0 0 0 0 0 0.00066860440901596232 0.00066860440901596232 0.010142106889241023 0.00026134123653668082 0.56452146646130263 0.04032296193266683 0 running
7080 4.3611729497438478 0.00066769751733213761 0.02 160.48060899999999 0.073137933553410917 0.10436478025186263 0.10336599408601124 0.030828634647827056 0 0.064952642884317333 nan nan nan nan nan nan nan nan nan nan 0.75144201550767675 0.7709160750497025 0.30818043567776421 0 0.46260794171499975 nan nan nan nan nan nan nan nan nan nan 0 1 0 9360 0 0 0 0 0 0 0.00066769751733213761 0.00066769751733213761 0.010341811666354601 0.00026306753314330806 0.57002663568434864 0.040716188306156725 0 running
7090 4.3678459334012034 0.00066700190704137297 0.02 160.59715800000001 0.073114198590690682 0.10432263374342036 0.10335547421815387 0.030777003887115916 0 0.064927961984833096 nan nan nan nan nan nan nan nan nan nan 0.75701220348890996 0.76494374284197852 0.30941934923702652 0 0.45888030597008417 nan nan nan nan nan nan nan nan nan nan 0 1 0 9360 0 0 0 0 0 0 0.00066700190704137297 0.00066700190704137297 0.010539530853314485 0.00026501059868572826 0.57553493007577083 0.041109637905959437 0 running
7100 4.3745130355901924 0.00066649981089481579 0.02 160.72465500000001 0.073088168714076501 0.10427806470867071 0.10334105471576198 0.03072533239458701 0 0.064900443834975952 nan nan nan nan nan nan nan nan nan nan 0.7619379178432174 0.75875218258703969 0.31062380218623131 0 0.45500714931482128 nan nan nan nan nan nan nan nan nan nan 0 1 0 9360 0 0 0 0 0 0 0.00066649981089481579 0.00066649981089481579 0.010532549393203602 0.00026710460060275145 0.58079892522333898 0.041485637559754145 0 running
7110 4.3811761626303483 0.00066618944817635082 0.02 160.83820800000001 0.07305981287242938 0.104230294731642 0.10332282538728549 0.030674256064991981 0 0.064870723086573046 nan nan nan nan nan nan nan nan nan nan 0.76619688756027393 0.7523048235906924 0.31179232713867755 0 0.45096698096733756 nan nan nan nan nan nan nan nan nan nan 0 1 0 9360 0 0 0 0 0 0 0.00066618944817635082 0.00066618944817635082 0.010427316539532355 0.00026928529590964983 0.58559684677040991 0.041828346242049619 0 running
7120 4.3878373144330807 0.00066608570219426331 0.02 160.95629 0.073029216961880153 0.10417867395917119 0.10330104120824089 0.03062449291114076 0 0.064839585606821473 nan nan nan nan nan nan nan nan nan nan 0.76976035842705148 0.74555864789518433 0.31292364084246893 0 0.44673267922647714 nan nan nan nan nan nan nan nan nan nan 0 1 0 9360 0 0 0 0 0 0 0.00066608570219426331 0.00066608570219426331 0.010320586007004702 0.00027149153208328439 0.58974394240475803 0.042124567359101535 0 running
7130 4.3944985252642672 0.00066617710616047494 0.02 161.087829 0.072996285210335562 0.10412260195382739 0.10327557276909989 0.030576670945059819 0 0.064807370707659337 nan nan nan nan nan nan nan nan nan nan 0.77259385213348764 0.73846818978286088 0.31401665140405788 0 0.44227385716480128 nan nan nan nan nan nan nan nan nan nan 0 1 0 9360 0 0 0 0 0 0 0.00066617710616047494 0.00066617710616047494 0.010213076127658321 0.00027368047305308596 0.59314341812749116 0.042367387053838843 0 running
7140 4.4011615921202178 0.00066643593701545573 0.02 161.20587499999999 0.072960515336260134 0.10406142364445592 0.1032455989102624 0.030530835746886951 0 0.064773593956257786 nan nan nan nan nan nan nan nan nan nan 0.77466139686705804 0.73471309904269377 0.31507043101129373 0 0.43756169658004501 nan nan nan nan nan nan nan nan nan nan 0 1 0 9360 0 0 0 0 0 0 0.00066643593701545573 0.00066643593701545573 0.010105405211133966 0.00027582343094098702 0.59576290371710172 0.042554493167580004 0 running
7150 4.4078280518351916 0.0006668373505854502 0.02 161.322428 0.07292106628102317 0.10399447102422217 0.10320970970390723 0.030486477290862807 0 0.064737084112801879 nan nan nan nan nan nan nan nan nan nan 0.77593324785706996 0.73590407289598958 0.31608423111722406 0 0.43257365919221513 nan nan nan nan nan nan nan nan nan nan 0 1 0 9360 0 0 0 0 0 0 0.0006668373505854502 0.0006668373505854502 0.0099979902255658629 0.00027789680415023769 0.59760120132527483 0.042685800139731001 0 running
7160 4.4144991945663321 0.00066735673087238857 0.02 161.437985 0.072877037142698761 0.10392118298731001 0.10316638692885484 0.03044283195387661 0 0.06469645299924362 nan nan nan nan nan nan nan nan nan nan 0.77639547673584863 0.7362931933046859 0.31705749836496855 0 0.4312097362472414 nan nan nan nan nan nan nan nan nan nan 0 1 0 9360 0 0 0 0 0 0 0.00066735673087238857 0.00066735673087238857 0.0098911053663212588 0.00027988190024742158 0.5986870216503829 0.042763358734463464 0 running
7170 4.4211760700447496 0.00066797080112865868 0.02 161.568072 0.072827753936323195 0.1038412337672648 0.10311448692799031 0.030399231985087954 0 0.06465056973480264 nan nan nan nan nan nan nan nan nan nan 0.77605891925890447 0.73589233002636878 0.3179898821765148 0 0.42976232618751892 nan nan nan nan nan nan nan nan nan nan 0 1 0 9360 0 0 0 0 0 0 0.00066797080112865868 0.00066797080112865868 0.0097849214982061884 0.00028176446323881563 0.59907522851712103 0.042791087796402609 0 running
7180 4.4278595107293253 0.00066865928062257774 0.02 161.672381 0.072773040689538229 0.10375476420079092 0.1030536729768344 0.030355296535439551 0 0.064598936677575464 nan nan nan nan nan nan nan nan nan nan 0.77496424785735696 0.73474325823418007 0.31888123574319271 0 0.42815211571762191 nan nan nan nan nan nan nan nan nan nan 0 1 0 9360 0 0 0 0 0 0 0.00066865928062257774 0.00066865928062257774 0.0096794905959247945 0.00027562899166146154 0.59881413364327696 0.042772438162536917 0 running
7190 4.4345501658226967 0.00066940542582328969 0.02 161.783209 0.072713225456131889 0.10366242088864494 0.10298442205416478 0.030310852638686617 0 0.064541686553438046 nan nan nan nan nan nan nan nan nan nan 0.77318110785165817 0.73291714831585786 0.31973160719059335 0 0.42634105297922603 nan nan nan nan nan nan nan nan nan nan 0 1 0 9360 0 0 0 0 0 0 0.00066940542582328969 0.00066940542582328969 0.0095746696756658159 0.00026642391512743244 0.59801811297632357 0.042715579543408787 0 running
7200 4.4412485339658749 0.00067019540339592122 0.02 161.91171499999999 0.072649031532405747 0.1035652844281562 0.10290785179765063 0.030265759388239864 0 0.064479443401315673 nan nan nan nan nan nan nan nan nan nan 0.77080112585556648 0.73050783004384368 0.32054121753692755 0 0.42605909434811928 nan nan nan nan nan nan nan nan nan nan 0 1 0 9360 0 0 0 0 0 0 0.00067019540339592122 0.00067019540339592122 0.0094699947628851897 0.00025776124192056454 0.59678461555598039 0.042627472584719814 0 running
7210 4.4479549854375211 0.00067101693390154375 0.02 162.02925099999999 0.072581439663853844 0.10346471847742637 0.10282548769519929 0.030219895833814278 0 0.064413165772324976 nan nan nan nan nan nan nan nan nan nan 0.7679266931423212 0.72762054155760747 0.32131042372257834 0 0.42621986922992328 nan nan nan nan nan nan nan nan nan nan 0 1 0 9360 0 0 0 0 0 0 0.00067101693390154375 0.00067101693390154375 0.0093645587377704908 0.00024980257263924882 0.59521034090760494 0.042515024395431422 0 running
7220 4.4546697612417274 0.00067185602663861587 0.02 162.14487 0.072511543871549136 0.10336217508373628 0.10273904202725352 0.030173195600640187 0 0.064343983756873224 nan nan nan nan nan nan nan nan nan nan 0.76465869902576633 0.72435930367037327 0.32203966628904013 0 0.42631733091557678 nan nan nan nan nan nan nan nan nan nan 0 1 0 9360 0 0 0 0 0 0 0.00067185602663861587 0.00067185602663861587 0.0092569702105174158 0.00024264996893784275 0.59338967415208288 0.04238497676989967 0 running
7230 4.4613929619779897 0.00067269956558329831 0.02 162.25894400000001 0.072440346569368846 0.10325897943168225 0.10265008143391166 0.030125636006209343 0 0.064272926329921001 nan nan nan nan nan nan nan nan nan nan 0.76108629897538238 0.72081616560978579 0.32272940605154998 0 0.42981875015347037 nan nan nan nan nan nan nan nan nan nan 0 1 0 9360 0 0 0 0 0 0 0.00067269956558329831 0.00067269956558329831 0.0091456256058983741 0.0002362850226681735 0.59140875465028864 0.042243482519622122 0 running
7240 4.4681245758583241 0.00067353809609253985 0.02 162.38127499999999 0.072368679666909713 0.10315615649879616 0.10255992305572272 0.030077264740565324 0 0.064200908783170751 nan nan nan nan nan nan nan nan nan nan 0.75728059740254805 0.72598210274660901 0.32338005864930164 0 0.43514888473094138 nan nan nan nan nan nan nan nan nan nan 0 1 0 9360 0 0 0 0 0 0 0.00067353809609253985 0.00067353809609253985 0.0090287953238942995 0.00023055356969166603 0.58934246909471 0.042095890694067814 0 running
7250 4.4748645377508209 0.00067437059537694261 0.02 162.509804 0.072297067808809595 0.10305427227417262 0.10246943117007709 0.030028148748946489 0 0.064128566124549688 nan nan nan nan nan nan nan nan nan nan 0.75329256645308784 0.73331966118630476 0.32399192949670663 0 0.44003881192199984 nan nan nan nan nan nan nan nan nan nan 0 1 0 9360 0 0 0 0 0 0 0.00067437059537694261 0.00067437059537694261 0.0089049136101102475 0.000225245814097659 0.58725740209349753 0.041946957336681107 0 running
7260 4.4816128386889904 0.00067520811420200609 0.02 162.637328 0.072225691827908098 0.10295333823127699 0.10237898539936087 0.029978348248891985 0 0.064056263799894236 nan nan nan nan nan nan nan nan nan nan 0.74915423005507886 0.740015881225635 0.3245651518120316 0 0.44449608472026952 nan nan nan nan nan nan nan nan nan nan 0 1 0 9360 0 0 0 0 0 0 0.00067520811420200609 0.00067520811420200609 0.0087733847334332607 0.0002201696225736824 0.58521505064056611 0.041801075089889124 0 running
7270 4.4883696287256249 0.00067606924968238627 0.02 162.75125199999999 0.072154303526190539 0.1028528751195559 0.10228827303322295 0.029927864702571073 0 0.063983871253735766 nan nan nan nan nan nan nan nan nan nan 0.74488164376840904 0.7460987260235612 0.32509964576134376 0 0.44854421907296721 nan nan nan nan nan nan nan nan nan nan 0 1 0 9360 0 0 0 0 0 0 0.00067606924968238627 0.00067606924968238627 0.0086350788427396741 0.0002152075943485834 0.58327188518154915 0.041662277556955653 0 running
7280 4.4951352417483728 0.0006769709067592374 0.02 162.88433699999999 0.072082305068655747 0.10275198850607267 0.10219641976345475 0.029876672107239127 0 0.063910864721344177 nan nan nan nan nan nan nan nan nan nan 0.74047836693435243 0.75161630774249999 0.32559507486178507 0 0.45222057811913935 nan nan nan nan nan nan nan nan nan nan 0 1 0 9360 0 0 0 0 0 0 0.0006769709067592374 0.0006769709067592374 0.0084920570616347987 0.0002103855308767374 0.58147813775988655 0.041534152740987332 0 running
7290 4.5013555879921778 0.00067784251125028484 0.02 163.03862100000001 0.072014929547632098 0.10265793614137216 0.10210999460987107 0.029828997454683273 0 0.063842606835612742 nan nan nan nan nan nan nan nan nan nan 0.73631546129968495 0.75623744416801153 0.32601504690489413 0 0.4553085426401528 nan nan nan nan nan nan nan nan nan nan 0 1 0 9360 0 0 0 0 0 0 0.00067784251125028484 0.00067784251125028484 0.0083587095566432634 0.00020615176329405075 0.57999853626123965 0.041428466919543827 0 running
7300 4.5081394598696667 0.00067884011639970097 0.02 163.167553 0.071939223759017262 0.10255258764777943 0.10201220533397148 0.029776282913529507 0 0.063766051161628173 nan nan nan nan nan nan nan nan nan nan 0.7316403735410888 0.76084764041389219 0.32643354685335169 0 0.45840472915432018 nan nan nan nan nan nan nan nan nan nan 0 1 0 9360 0 0 0 0 0 0 0.00067884011639970097 0.00067884011639970097 0.008213565909169376 0.00020179912095476949 0.57859765611300762 0.041328404051707318 0 running
7310 4.5149335600039286 0.00067988229561167059 0.02 163.28108 0.071860040651266971 0.10244268916572484 0.10190904996575043 0.029722680855651041 0 0.063686187092137081 nan nan nan nan nan nan nan nan nan nan 0.7268029561149858 0.76507903742919836 0.32681035450448714 0 0.46126897351056068 nan nan nan nan nan nan nan nan nan nan 0 1 0 9360 0 0 0 0 0 0 0.00067988229561167059 0.00067988229561167059 0.0080709360452839822 0.00019773115159414236 0.57743287789013975 0.04124520560712891 0 running
7320 4.5217382807688589 0.00068095893712687117 0.02 163.391604 0.071776335940525487 0.10232677683992145 0.10179895469957416 0.029668156671485386 0 0.063602012928672416 nan nan nan nan nan nan nan nan nan nan 0.72178486095735539 0.76898664897621649 0.32717209042875917 0 0.46394278680440132 nan nan nan nan nan nan nan nan nan nan 0 1 0 9360 0 0 0 0 0 0 0.00068095893712687117 0.00068095893712687117 0.0079335282138759278 0.00019394543943814161 0.57650963581876979 0.041179259744818571 0 running
7330 4.5285539044372953 0.00068205876310818453 0.02 163.519935 0.071687237924974778 0.10220360860877808 0.10168059949708728 0.029612700403266135 0 0.063512726713964546 nan nan nan nan nan nan nan nan nan nan 0.71656452904139512 0.77261436086753821 0.32749949856392213 0 0.46645937574376395 nan nan nan nan nan nan nan nan nan nan 0 1 0 9360 0 0 0 0 0 0 0.00068205876310818453 0.00068205876310818453 0.0078044245296504762 0.00019043491072895307 0.5758265812024741 0.041130470129317372 0 running
7340 4.535380608374723 0.00068317235806277855 0.02 163.622716 0.071592338774985539 0.10207246760472012 0.10155341578491421 0.029556336239540473 0 0.063418080576097657 nan nan nan nan nan nan nan nan nan nan 0.71111534252697695 0.77599424192290056 0.32778073694605014 0 0.468842531739605 nan nan nan nan nan nan nan nan nan nan 0 1 0 9360 0 0 0 0 0 0 0.00068317235806277855 0.00068317235806277855 0.0076869396792740201 0.00018719715888991582 0.57538243796365984 0.041098745612225721 0 running
7350 4.5422184979589311 0.00068429462329624481 0.02 163.74603500000001 0.071491878176466364 0.1019333903244773 0.10141787327706514 0.029499153426922525 0 0.063318576184270989 nan nan nan nan nan nan nan nan nan nan 0.71270291012008946 0.77914394375320306 0.32801358767637145 0 0.4711042459968528 nan nan nan nan nan nan nan nan nan nan 0 1 0 9360 0 0 0 0 0 0 0.00068429462329624481 0.00068429462329624481 0.0075842241210890499 0.00018423767008024294 0.5751810862183373 0.041084363344687486 0 running
7360 4.5490676569667174 0.00068542581808359851 0.02 163.86542399999999 0.071386660269844027 0.10178714822273563 0.10127530504868779 0.029441308008265315 0 0.063215304706622802 nan nan nan nan nan nan nan nan nan nan 0.71510113162959221 0.78205777636959539 0.32819576964929142 0 0.47323824083187976 nan nan nan nan nan nan nan nan nan nan 0 1 0 9360 0 0 0 0 0 0 0.00068542581808359851 0.00068542581808359851 0.0074996823934736379 0.00018156905724599733 0.57522555232301209 0.041087539495024764 0 running
7370 4.5559281985555034 0.00068657088176303786 0.02 164.03761499999999 0.071277628767049822 0.10163482093251226 0.10112719271821562 0.029382981906553866 0 0.063109399097876218 nan nan nan nan nan nan nan nan nan nan 0.71721155363629219 0.78468859476282238 0.32832496973522218 0 0.47520752327790861 nan nan nan nan nan nan nan nan nan nan 0 1 0 9360 0 0 0 0 0 0 0.00068657088176303786 0.00068657088176303786 0.0074382552464723958 0.00017921293428716507 0.57553138161431017 0.041109384444426258 0 running
7380 4.5628003029735194 0.00068773755937983553 0.02 164.17309499999999 0.071165352733475365 0.1014772166851093 0.10097434235033009 0.029324314741301215 0 0.063001415810397976 nan nan nan nan nan nan nan nan nan nan 0.71894839653640263 0.78692344578704465 0.32839874862405471 0 0.47692792665082889 nan nan nan nan nan nan nan nan nan nan 0 1 0 9360 0 0 0 0 0 0 0.00068773755937983553 0.00068773755937983553 0.0074058464236021011 0.00017720185685970755 0.57612197507270291 0.041151569691498857 0 running
7390 4.5696842277673762 0.00068893307927413194 0.02 164.285616 0.071049662243599862 0.10131443962425053 0.10081631803286784 0.029265324138344147 0 0.062890918816992158 nan nan nan nan nan nan nan nan nan nan 0.72016303007593074 0.78856861926992461 0.32840610528154235 0 0.47825835124325472 nan nan nan nan nan nan nan nan nan nan 0 1 0 9360 0 0 0 0 0 0 0.00068893307927413194 0.00068893307927413194 0.0074057210336778102 0.00017557736774783531 0.57701342301650882 0.041215244544695079 0 running
7400 4.5765802894153556 0.00069016211378830877 0.02 164.41972899999999 0.070929898830085103 0.10114627969944755 0.1006517229252652 0.029206097375075388 0 0.062776726511382608 nan nan nan nan nan nan nan nan nan nan 0.72066360404309759 0.78937523156270073 0.32834130529642103 0 0.47901922496132132 nan nan nan nan nan nan nan nan nan nan 0 1 0 9360 0 0 0 0 0 0 0.00069016211378830877 0.00069016211378830877 0.0074383218278943905 0.0001743871933995177 0.57821773521427056 0.041301266844626018 0 running
7410 4.5834888359476631 0.00069142664016173024 0.02 164.57807500000001 0.070805587865859332 0.10097274848493511 0.10047948474979596 0.02914663590633235 0 0.062657858152883592 nan nan nan nan nan nan nan nan nan nan 0.72028733319837501 0.78912994425332406 0.32820457113881663 0 0.47905623890987842 nan nan nan nan nan nan nan nan nan nan 0 1 0 9360 0 0 0 0 0 0 0.00069142664016173024 0.00069142664016173024 0.0075033239921741875 0.00017371272445163249 0.57974153823376662 0.041410109917562082 0 running
7420 4.5904102230857866 0.00069272653165133749 0.02 164.69437500000001 0.070677291287691638 0.10079491845861746 0.1003003271495042 0.029086946314221963 0 0.062534597300716033 nan nan nan nan nan nan nan nan nan nan 0.71899818031704499 0.78777690633780451 0.32799568817193459 0 0.47832569081279497 nan nan nan nan nan nan nan nan nan nan 0 1 0 9360 0 0 0 0 0 0 0.00069272653165133749 0.00069272653165133749 0.0075919968004910989 0.00017366014986017889 0.58158526600933269 0.041541804758812993 0 running
7430 4.5973447954740125 0.00069405987022968651 0.02 164.79028600000001 0.070547071562998109 0.10061554324413877 0.10011743598436774 0.029027043087434864 0 0.062409043974226544 nan nan nan nan nan nan nan nan nan nan 0.71692936309774613 0.78547097947810718 0.32771405489213645 0 0.4769317597254602 nan nan nan nan nan nan nan nan nan nan 0 1 0 9360 0 0 0 0 0 0 0.00069405987022968651 0.00069405987022968651 0.0076870798056322348 0.00017427350030232224 0.58374322352822383 0.041695944581753679 0 running
7440 4.6042928675852881 0.00069542269747289325 0.02 164.944378 0.070417750059686202 0.10043815509837753 0.099935255648788884 0.028967060292321021 0 0.062284257354557025 nan nan nan nan nan nan nan nan nan nan 0.7143237756253602 0.78250414692115544 0.3273587319192286 0 0.47507520778007956 nan nan nan nan nan nan nan nan nan nan 0 1 0 9360 0 0 0 0 0 0 0.00069542269747289325 0.00069542269747289325 0.0077702175324541366 0.00017540535746430743 0.58620328218860507 0.041871663057680718 0 running
7450 4.611254703209922 0.00069680911825620382 0.02 165.08946900000001 0.070292014107681253 0.10026600055893953 0.099758062115709562 0.02890728277713938 0 0.062163199835978261 nan nan nan nan nan nan nan nan nan nan 0.71142663398079076 0.77917251754462358 0.32692849364990062 0 0.47296052985440457 nan nan nan nan nan nan nan nan nan nan 0 1 0 9360 0 0 0 0 0 0 0.00069680911825620382 0.00069680911825620382 0.0078323777359082681 0.00017662702871939874 0.58894653881264103 0.042067609959604464 0 running
7460 4.6182304999735653 0.00069821203798293378 0.02 165.217378 0.070171781346251003 0.10010131054565327 0.099588931331379596 0.028848088353063753 0 0.062048002934990354 nan nan nan nan nan nan nan nan nan nan 0.70841404942397013 0.77568772480715564 0.32642188541467565 0 0.47073397786178622 nan nan nan nan nan nan nan nan nan nan 0 1 0 9360 0 0 0 0 0 0 0.00069821203798293378 0.00069821203798293378 0.0078725192931706472 0.00017746567660763577 0.59194772656602257 0.042281980513643763 0 running
7470 4.6252203798318785 0.00069962347051119036 0.02 165.34391099999999 0.07005814977873065 0.099945296228228231 0.09942961804881166 0.028789974747409276 0 0.061939873447222661 nan nan nan nan nan nan nan nan nan nan 0.70538104008073854 0.77216199860298929 0.3258372883847227 0 0.46847297596459664 nan nan nan nan nan nan nan nan nan nan 0 1 0 9360 0 0 0 0 0 0 0.00069962347051119036 0.00069962347051119036 0.0078919848411113051 0.00017754791870639957 0.59517607196216982 0.042512576613612046 0 running
7480 4.6322243771444498 0.00070103387999527196 0.02 165.45896099999999 0.069951601808305786 0.099798433805377784 0.099280898822909414 0.028733439545697008 0 0.061839293079089024 nan nan nan nan nan nan nan nan nan nan 0.70236279234396293 0.76863460840011721 0.32517299472589523 0 0.46620448704836848 nan nan nan nan nan nan nan nan nan nan 0 1 0 9360 0 0 0 0 0 0 0.00070103387999527196 0.00070103387999527196 0.0078944308332423267 0.00017667063896062321 0.59859668646513708 0.042756906221224814 0 running
7490 4.6392424183558028 0.00070243134992789373 0.02 165.59649099999999 0.0698522466339421 0.099660801145400074 0.0991429274199358 0.028678817206035087 0 0.061746351312207667 nan nan nan nan nan nan nan nan nan nan 0.69936086813427489 0.76510459279378273 0.32442729509223867 0 0.46392786575072642 nan nan nan nan nan nan nan nan nan nan 0 1 0 9360 0 0 0 0 0 0 0.00070243134992789373 0.00070243134992789373 0.0078882506894870016 0.00017483599635526728 0.60217086692172905 0.043012204825536644 0 running
7500 4.6462742947254503 0.00070380096352760078 0.02 165.72797 0.069760018227523438 0.099532309504908656 0.09901557997682843 0.028626237961895683 0 0.061660956059262466 nan nan nan nan nan nan nan nan nan nan 0.69636211712545593 0.76155446436836949 0.32359857874417441 0 0.46163145845285375 nan nan nan nan nan nan nan nan nan nan 0 1 0 9360 0 0 0 0 0 0 0.00070380096352760078 0.00070380096352760078 0.0078822468332344943 0.0001721861668289137 0.6058510264491126 0.043275073363484448 0 running
7510 4.6533196313297172 0.0007051248610835917 0.02 165.89353399999999 0.069674771441620945 0.099412786775428322 0.098898642349214666 0.028575668149796011 0 0.061582923233869546 nan nan nan nan nan nan nan nan nan nan 0.69334924271127685 0.75796342574994069 0.32268544400066812 0 0.459301854881354 nan nan nan nan nan nan nan nan nan nan 0 1 0 9360 0 0 0 0 0 0 0.0007051248610835917 0.0007051248610835917 0.0078812506958578273 0.00016902677145594932 0.60957942093241457 0.043541387255430039 0 running
7520 4.6603778682952779 0.0007063845629548493 0.02 166.01720800000001 0.069596297065198237 0.099302007096960826 0.098791801094447906 0.028527002250345442 0 0.061511985755424679 nan nan nan nan nan nan nan nan nan nan 0.69030561302596749 0.75431323285353646 0.3216868117159799 0 0.45692793885941119 nan nan nan nan nan nan nan nan nan nan 0 1 0 9360 0 0 0 0 0 0 0.0007063845629548493 0.0007063845629548493 0.0078870065276557787 0.00016572569762573309 0.60751870271921748 0.043394193097189129 0 running
7530 4.667448276706514 0.00070756509898708736 0.02 166.13072299999999 0.069524317876829181 0.099199682653636573 0.09869463889656413 0.028480092364693416 0 0.061447778109424589 nan nan nan nan nan nan nan nan nan nan 0.68721831261573341 0.75059142018669478 0.32060202910726865 0 0.45450294525011509 nan nan nan nan nan nan nan nan nan nan 0 1 0 9360 0 0 0 0 0 0 0.00070756509898708736 0.00070756509898708736 0.0079000061725305361 0.00016263518363977369 0.59225648799475406 0.042304034901433592 0 running
7540 4.6745300137796875 0.0007086583025132095 0.02 166.25473099999999 0.069458605147459329 0.09910558042437298 0.098606829928863438 0.028434765705241147 0 0.061389985051062732 nan nan nan nan nan nan nan nan nan nan 0.68407446651265869 0.74678722556152333 0.31943095052056547 0 0.45202175753095986 nan nan nan nan nan nan nan nan nan nan 0 1 0 9360 0 0 0 0 0 0 0.0007086583025132095 0.0007086583025132095 0.007919551114999545 0.00016005391157086833 0.57859935585260247 0.041328525461678513 0 running
7550 4.681622194642487 0.00070966298676827029 0.02 166.37227799999999 0.069399026332297956 0.099019555027358777 0.09852822373889962 0.028390819376588682 0 0.061338425994820235 nan nan nan nan nan nan nan nan nan nan 0.68086315008459386 0.7428933179260061 0.31817398692464005 0 0.44948188509979264 nan nan nan nan nan nan nan nan nan nan 0 1 0 9360 0 0 0 0 0 0 0.00070966298676827029 0.00070966298676827029 0.0079446910645950206 0.000158217391952457 0.56734014661224652 0.040524296229375395 0 running
7560 4.6887239547723487 0.00071058379166414817 0.02 166.48379800000001 0.069345395434958781 0.098941370361914277 0.098458602996218794 0.02834800467210654 0 0.061292892721780769 nan nan nan nan nan nan nan nan nan nan 0.67757565247458473 0.73890594274888244 0.31683212200599353 0 0.44688349205534278 nan nan nan nan nan nan nan nan nan nan 0 1 0 9360 0 0 0 0 0 0 0.00071058379166414817 0.00071058379166414817 0.007974697769786248 0.00015730392588930993 0.55905241593661625 0.039932315466205348 0 running
7570 4.6958344965844949 0.00071142827244415855 0.02 166.614205 0.06929742776083718 0.09887062853942627 0.098397614175910336 0.028306045389652028 0 0.061253110961392618 nan nan nan nan nan nan nan nan nan nan 0.68128991878307754 0.73482341280106667 0.31540689614270478 0 0.44422844779379633 nan nan nan nan nan nan nan nan nan nan 0 1 0 9360 0 0 0 0 0 0 0.00071142827244415855 0.00071142827244415855 0.008009232943239606 0.00015741782693277809 0.55412555207620606 0.039580396618661633 0 running
7580 4.7029531203230679 0.00071220978202490349 0.02 166.72907599999999 0.06925474533261243 0.098806800416262663 0.09834476507794622 0.028264653797415502 0 0.061218718333542949 nan nan nan nan nan nan nan nan nan nan 0.68777303719193372 0.73064571158147373 0.31390036359677076 0 0.44152010380832118 nan nan nan nan nan nan nan nan nan nan 0 1 0 9360 0 0 0 0 0 0 0.00071220978202490349 0.00071220978202490349 0.0080482378427968841 0.00015864497936857454 0.55279755086840654 0.039485539389432937 0 running
7590 4.7100793538173873 0.00071296135207832799 0.02 166.87733600000001 0.069216928546241258 0.098749346733750701 0.09829948503671003 0.028223528105941566 0 0.061189265474473238 nan nan nan nan nan nan nan nan nan nan 0.69378169739590567 0.72637401785139066 0.31231500547093782 0 0.43876294846559211 nan nan nan nan nan nan nan nan nan nan 0 1 0 9360 0 0 0 0 0 0 0.00071296135207832799 0.00071296135207832799 0.008091664971590461 0.00016107334249057314 0.55499561219725191 0.039642543770230528 0 running
7600 4.7172132462727632 0.00071375112478420228 0.02 167.02141399999999 0.069183541212665178 0.098697765372432189 0.098261156083414236 0.028182369381456629 0 0.061164223573172874 nan nan nan nan nan nan nan nan nan nan 0.69928178439697719 0.72200981390005681 0.31065358431133516 0 0.43596183280491485 nan nan nan nan nan nan nan nan nan nan 0 1 0 9360 0 0 0 0 0 0 0.00071375112478420228 0.00071375112478420228 0.0081392146665878219 0.00016473167988423904 0.56090153420581046 0.040064395342715824 0 running
7610 4.7243554911133661 0.00071461930713544414 0.02 167.13595900000001 0.069154064852775948 0.098651458610763937 0.098229018333922405 0.028140923739218917 0 0.061142959615444234 nan nan nan nan nan nan nan nan nan nan 0.70424714745861006 0.71755366652621455 0.30891902066376575 0 0.4331207832394639 nan nan nan nan nan nan nan nan nan nan 0 1 0 9360 0 0 0 0 0 0 0.00071461930713544414 0.00071461930713544414 0.0081904266907246708 0.00016961911488984552 0.57042331544255553 0.040744522574629988 0 running
7620 4.7315063791767864 0.00071545570624851251 0.02 167.24673799999999 0.06912788062265629 0.098609682230195853 0.098202136954642721 0.028099027463361435 0 0.061124748838058615 nan nan nan nan nan nan nan nan nan nan 0.70866052713753569 0.71300451672745879 0.30711456756399391 0 0.43024199617700609 nan nan nan nan nan nan nan nan nan nan 0 1 0 9360 0 0 0 0 0 0 0.00071545570624851251 0.00071545570624851251 0.0082456667550186817 0.00017570908685142004 0.58339142263207044 0.041670815946287625 0 running
7630 4.7386647880142174 0.00071612598180822453 0.02 167.372795 0.069104304501098404 0.098571597675043532 0.098179446273561982 0.028056625698587374 0 0.06110881048194379 nan nan nan nan nan nan nan nan nan nan 0.71251440827000934 0.70835909766872351 0.30524403847549797 0 0.42732490927363376 nan nan nan nan nan nan nan nan nan nan 0 1 0 9360 0 0 0 0 0 0 0.00071612598180822453 0.00071612598180822453 0.0083071567911383714 0.00018295964868915988 0.59960338264642299 0.042828813091392581 0 running
7640 4.7458288274163829 0.00071660644851167252 0.02 167.491332 0.069082614917523738 0.09853631242891954 0.098159794904335448 0.028013747404779469 0 0.061094338304009295 nan nan nan nan nan nan nan nan nan nan 0.71581113561847998 0.70361065326913352 0.30331163246868886 0 0.42436497560128644 nan nan nan nan nan nan nan nan nan nan 0 1 0 9360 0 0 0 0 0 0 0.00071660644851167252 0.00071660644851167252 0.0083779331193531356 0.0001913209671322864 0.61885207518779561 0.044203719702942276 0 running
7650 4.7529969292969403 0.00071696586726761988 0.02 167.61888099999999 0.06906204425380863 0.09850283785859941 0.098141956259397506 0.027970484408394346 0 0.061080513585888126 nan nan nan nan nan nan nan nan nan nan 0.71855994614235286 0.69874751494380405 0.30132159736563091 0 0.42135252870424567 nan nan nan nan nan nan nan nan nan nan 0 1 0 9360 0 0 0 0 0 0 0.00071696586726761988 0.00071696586726761988 0.008459960923970276 0.00020072594607369317 0.64089850332169696 0.045778464571312162 0 running
7660 4.7601683932069321 0.00071729547194490455 0.02 167.75426400000001 0.069041853987348537 0.098470221115658521 0.098124723156692142 0.027926979095360273 0 0.061066571113129728 nan nan nan nan nan nan nan nan nan nan 0.72077090393682441 0.693751909121199 0.29927800082396283 0 0.41827193044006544 nan nan nan nan nan nan nan nan nan nan 0 1 0 9360 0 0 0 0 0 0 0.00071729547194490455 0.00071729547194490455 0.00855369251438628 0.00021107522151211534 0.64208412052295427 0.045863151514348527 0 running
7670 4.7673432956264259 0.00071765677489353205 0.02 167.87561299999999 0.069021317258963266 0.098437512090923718 0.098106896804272911 0.027883394027748417 0 0.061051785650303655 nan nan nan nan nan nan nan nan nan nan 0.72244862911978935 0.69071079559113424 0.29718467348354949 0 0.41510226595958832 nan nan nan nan nan nan nan nan nan nan 0 1 0 9360 0 0 0 0 0 0 0.00071765677489353205 0.00071765677489353205 0.0086585330926136038 0.00022223434361843397 0.64261076362302016 0.045900768878678673 0 running
7680 4.7745220838403339 0.00071806767681126509 0.02 168.01894799999999 0.068999769615834344 0.098403828075881508 0.098087385174815356 0.027839860920887721 0 0.061035519729715416 nan nan nan nan nan nan nan nan nan nan 0.72358964424585737 0.69166040746973612 0.29504526014684185 0 0.41181639213385379 nan nan nan nan nan nan nan nan nan nan 0 1 0 9360 0 0 0 0 0 0 0.00071806767681126509 0.00071806767681126509 0.0087732721236244132 0.00023404782660707031 0.64308134621954616 0.04593438192132316 0 running
7690 4.7817052219182354 0.00071852064352828377 0.02 168.174823 0.068976705762319471 0.098368491491400881 0.098065363953322424 0.027796450481410322 0 0.061017303317592565 nan nan nan nan nan nan nan nan nan nan 0.7241854698381629 0.69210979334460354 0.292863277043653 0 0.40838483196698849 nan nan nan nan nan nan nan nan nan nan 0 1 0 9360 0 0 0 0 0 0 0.00071852064352828377 0.00071852064352828377 0.0088963185905640459 0.00024636405990839861 0.6435271926397419 0.045966228094227908 0 running
7700 4.7888930731848367 0.00071900582490898996 0.02 168.29835 0.068951887234646736 0.098331182728333161 0.098040447573838771 0.027753198476082871 0 0.060996908800470179 nan nan nan nan nan nan nan nan nan nan 0.72423038294684594 0.69205419968331472 0.29064211139079088 0 0.4047961621745132 nan nan nan nan nan nan nan nan nan nan 0 1 0 9360 0 0 0 0 0 0 0.00071900582490898996 0.00071900582490898996 0.0090258675144442441 0.00025906056586058628 0.64397847169351807 0.045998462312388813 0 running
7710 4.7960859261142001 0.00071951773781180528 0.02 168.42887899999999 0.068925422581523871 0.098292048070324073 0.098012814168030149 0.027710142497953949 0 0.060974412157523805 nan nan nan nan nan nan nan nan nan nan 0.72373004874950397 0.69149737394838362 0.2883849818425297 0 0.40106712239330056 nan nan nan nan nan nan nan nan nan nan 0 1 0 9360 0 0 0 0 0 0 0.00071951773781180528 0.00071951773781180528 0.0091600890569920931 0.00027205615433324476 0.64446374806971185 0.046033124910724962 0 running
7720 4.8032840348009369 0.00072005434533076846 0.02 168.56854300000001 0.068897779535088147 0.098251725724403854 0.097983199849833794 0.027667359271018325 0 0.060950211604722866 nan nan nan nan nan nan nan nan nan nan 0.72270702910006446 0.69045790387603001 0.28610840617580102 0 0.39711315031730432 nan nan nan nan nan nan nan nan nan nan 0 1 0 9360 0 0 0 0 0 0 0.00072005434533076846 0.00072005434533076846 0.0092972938293956892 0.00028530005247484396 0.64500936726499658 0.046072097710429298 0 running
7730 4.8104876416797264 0.00072061483821177512 0.02 168.71222 0.068869659714492798 0.098211177904025518 0.097952700478919963 0.027624914498624 0 0.060924931255477988 nan nan nan nan nan nan nan nan nan nan 0.72120113091553495 0.68897050204225185 0.28382088779906844 0 0.39291511649640964 nan nan nan nan nan nan nan nan nan nan 0 1 0 9360 0 0 0 0 0 0 0.00072061483821177512 0.00072061483821177512 0.0094359854085475075 0.00029874142527202652 0.64563885187696313 0.046117060897045821 0 running
7740 4.8176969784590185 0.00072119773064624622 0.02 168.824736 0.068841777282502251 0.098171376217963513 0.097922445109469375 0.027582850269394381 0 0.060899207739825358 nan nan nan nan nan nan nan nan nan nan 0.71926515521992174 0.68708260076675176 0.28150476930376378 0 0.38846428782805154 nan nan nan nan nan nan nan nan nan nan 0 1 0 9360 0 0 0 0 0 0 0.00072119773064624622 0.00072119773064624622 0.0095748578446674636 0.00031229689351303547 0.64637217807482461 0.046169441339805516 0 running
7750 4.8249122545443992 0.00072180016298117454 0.02 168.94725199999999 0.068814668991473468 0.098133097923097157 0.097893246078172153 0.027541458761135815 0 0.060873383803048166 nan nan nan nan nan nan nan nan nan nan 0.71695826774182914 0.68484836387618486 0.27916225077294321 0 0.38376280636877858 nan nan nan nan nan nan nan nan nan nan 0 1 0 9360 0 0 0 0 0 0 0.00072180016298117454 0.00072180016298117454 0.009712830292137261 0.00032583500593406635 0.64722505929136775 0.04623036142676578 0 running
7760 4.8321292894165708 0.00072080486366314937 0.02 169.06681599999999 0.068788504015724089 0.098096544425350485 0.097865393858129479 0.027500823095030876 0 0.060847586718790175 nan nan nan nan nan nan nan nan nan nan 0.71434100051248106 0.68232401604931692 0.27679674486638239 0 0.37882416242932482 nan nan nan nan nan nan nan nan nan nan 0 1 0 9360 0 0 0 0 0 0 0.00072080486366314937 0.00072080486366314937 0.0098490226384488223 0.00033917714061855204 0.64820834947790074 0.046300596440163717 0 running
7770 4.8393206036415188 0.00071777767411460383 0.02 169.20868300000001 0.068763174038573086 0.098061595741307142 0.097838682050554265 0.027461099660667582 0 0.060821659464382768 nan nan nan nan nan nan nan nan nan nan 0.71147850737401108 0.67957088134548527 0.27441924001958684 0 0.37368386949576959 nan nan nan nan nan nan nan nan nan nan 0 1 0 9360 0 0 0 0 0 0 0.00071777767411460383 0.00071777767411460383 0.0099823953596438076 0.00034860029476599933 0.64932570714642135 0.046380407702285159 0 running
7780 4.8464822638177205 0.00071486682468852828 0.02 169.33520100000001 0.068738205598375665 0.098027703082768827 0.09781232912316809 0.027422256100625979 0 0.060795082980386356 nan nan nan nan nan nan nan nan nan nan 0.70841927019909523 0.6766346492907791 0.27203296589134229 0 0.3683643240788867 nan nan nan nan nan nan nan nan nan nan 0 1 0 9360 0 0 0 0 0 0 0.00071486682468852828 0.00071486682468852828 0.010112602250318443 0.00035039012318754384 0.6505837367044649 0.046470266956526014 0 running
7790 4.853615575272463 0.00071209768035187702 0.02 169.44981899999999 0.068712909413518874 0.097994046397819168 0.097785193474507065 0.027384275634099165 0 0.060767128088163078 nan nan nan nan nan nan nan nan nan nan 0.70519777100100267 0.67354767521584447 0.26963931452035483 0 0.36852605373062702 nan nan nan nan nan nan nan nan nan nan 0 1 0 9360 0 0 0 0 0 0 0.00071209768035187702 0.00071209768035187702 0.010239641965490898 0.00035222841215832153 0.65198107022593677 0.046570076493879384 0 running
7800 4.8607220778397613 0.00070949192950020838 0.02 169.57888299999999 0.06868648753920166 0.09795958561080774 0.097755971012079501 0.027347256457385505 0 0.060737016185048238 nan nan nan nan nan nan nan nan nan nan 0.70183561799353233 0.67032967640160523 0.2672395960757199 0 0.37079530089977886 nan nan nan nan nan nan nan nan nan nan 0 1 0 9360 0 0 0 0 0 0 0.00070949192950020838 0.00070949192950020838 0.010363707405364769 0.00035410350801285328 0.65349328052188504 0.046678091515132594 0 running
7810 4.8678035041388048 0.00070706683813706248 0.02 169.71917099999999 0.06865811054486716 0.097923101974117396 0.097723333330321335 0.027311462463410964 0 0.060704044005677256 nan nan nan nan nan nan nan nan nan nan 0.69834162025032476 0.66698745933540871 0.26483521100355389 0 0.37647553271430167 nan nan nan nan nan nan nan nan nan nan 0 1 0 9360 0 0 0 0 0 0 0.00070706683813706248 0.00070706683813706248 0.010485146136606826 0.00035600844890692687 0.65510180122033168 0.046792985850857227 0 running
7820 4.8748617350066343 0.00070483526716733568 0.02 169.83970299999999 0.068626980311974506 0.097883290069044171 0.097686037239005707 0.027277256022401473 0 0.060667644518210835 nan nan nan nan nan nan nan nan nan nan 0.69471249694493331 0.66351541571909556 0.26242785564214088 0 0.38177577852890893 nan nan nan nan nan nan nan nan nan nan 0 1 0 9360 0 0 0 0 0 0 0.00070483526716733568 0.00070483526716733568 0.010604415539967132 0.00035794124559260433 0.65679416803846113 0.046913869195136959 0 running
7830 4.8818987573621921 0.00070280604798845852 0.02 169.943241 0.068592315012211871 0.097838847968776912 0.097642887406377679 0.027244895768730008 0 0.060627307505047412 nan nan nan nan nan nan nan nan nan nan 0.69093429721314015 0.65989693310098052 0.26001974983608456 0 0.38668395505320929 nan nan nan nan nan nan nan nan nan nan 0 1 0 9360 0 0 0 0 0 0 0.00070280604798845852 0.00070280604798845852 0.010722038006987648 0.00035990098308024608 0.65855849678092937 0.047039892676874896 0 running
7840 4.8889166261379646 0.00070098436385009966 0.02 170.05178599999999 0.068553272813193095 0.097788559261294677 0.097592581915263418 0.02721432103469722 0 0.06058236071938506 nan nan nan nan nan nan nan nan nan nan 0.68698441918787034 0.65610658792901932 0.25761386431011735 0 0.39120218453978217 nan nan nan nan nan nan nan nan nan nan 0 1 0 9360 0 0 0 0 0 0 0.00070098436385009966 0.00070098436385009966 0.010838561999755586 0.00036188640673085392 0.66038184446993253 0.047170131797655494 0 running
7850 4.895917428853882 0.00069937190415764042 0.02 170.16036800000001 0.068508994207631374 0.097731417310140192 0.09753376079690175 0.027185100799075761 0 0.060531952773840145 nan nan nan nan nan nan nan nan nan nan 0.68283381881606797 0.65338296659513406 0.25521410883999751 0 0.3953459572671234 nan nan nan nan nan nan nan nan nan nan 0 1 0 9360 0 0 0 0 0 0 0.00069937190415764042 0.00069937190415764042 0.010954527345106439 0.00036389540136907631 0.66224968656749139 0.047303549090479118 0 running
7860 4.9029032507242247 0.0006979668706864568 0.02 170.275947 0.068458839114348524 0.09766685214886385 0.097465378905307418 0.027156614073103026 0 0.060475346073277148 nan nan nan nan nan nan nan nan nan nan 0.67844885652224696 0.65899701961298596 0.25282545479902385 0 0.39914146698734621 nan nan nan nan nan nan nan nan nan nan 0 1 0 9360 0 0 0 0 0 0 0.0006979668706864568 0.0006979668706864568 0.01107042834735799 0.00036592394498718419 0.66414478335981109 0.047438913147216315 0 running
7870 4.9098761401883824 0.00069676406303209701 0.02 170.40446499999999 0.06840270269183224 0.09759501021406343 0.097387223960109362 0.02712825488491788 0 0.060412325359112319 nan nan nan nan nan nan nan nan nan nan 0.67379239540353342 0.66415028502851503 0.25045394197072568 0 0.40262150615067382 nan nan nan nan nan nan nan nan nan nan 0 1 0 9360 0 0 0 0 0 0 0.00069676406303209701 0.00069676406303209701 0.01118668245972408 0.00036796387950164048 0.66604466791494443 0.047574619187011967 0 running
7880 4.916838074872393 0.00069575485545692354 0.02 170.52199200000001 0.068341276227139591 0.097517080908987294 0.097300272559657952 0.027099750034152763 0 0.060343430633861994 nan nan nan nan nan nan nan nan nan nan 0.66882426679162343 0.66889879703279131 0.24854411225786155 0 0.40582082179156487 nan nan nan nan nan nan nan nan nan nan 0 1 0 9360 0 0 0 0 0 0 0.00069575485545692354 0.00069575485545692354 0.011303695258734855 0.00036674873274991561 0.66792711666828108 0.047709079812392266 0 running
7890 4.9237909286968096 0.0006949275561572687 0.02 170.64454599999999 0.068275896143422068 0.097434967658939761 0.097206461451582557 0.027071199961338607 0 0.060269984510976538 nan nan nan nan nan nan nan nan nan nan 0.66350216527385597 0.67329454748057138 0.24940558055182693 0 0.4087720249967508 nan nan nan nan nan nan nan nan nan nan 0 1 0 9360 0 0 0 0 0 0 0.0006949275561572687 0.0006949275561572687 0.011421887157868051 0.00036482810685260764 0.66726558676911651 0.047661827676687765 0 running
7900 4.9307364450953681 0.00069426810358092395 0.02 170.760288 0.06820815943880594 0.097350689214425593 0.097108178441005541 0.027042943729343294 0 0.060193764244692173 nan nan nan nan nan nan nan nan nan nan 0.65778557289616946 0.67738095513660668 0.25020474388673986 0 0.41150280472376044 nan nan nan nan nan nan nan nan nan nan 0 1 0 9360 0 0 0 0 0 0 0.00069426810358092395 0.00069426810358092395 0.011541632305954225 0.00036360381192178859 0.6637107269323731 0.04740790911665229 0 running
7910 4.937676216865853 0.00069376071120225559 0.02 170.87745899999999 0.068139710979159732 0.097266200914849235 0.09700795656752173 0.027015390925084475 0 0.060116655237695785 nan nan nan nan nan nan nan nan nan nan 0.65164624479485056 0.6811906953052429 0.25094153818419418 0 0.41403474248764988 nan nan nan nan nan nan nan nan nan nan 0 1 0 9360 0 0 0 0 0 0 0.00069376071120225559 0.00069376071120225559 0.011663288134735911 0.00036303467940026053 0.66103819044481904 0.047217013653054023 0 running
7920 4.9446116724892875 0.00069338851830029772 0.02 171.013992 0.068071949840730214 0.097183101774978672 0.096908014245607701 0.026988834657930082 0 0.06004028717260261 nan nan nan nan nan nan nan nan nan nan 0.64508505282827644 0.68474582939670636 0.25161597179193018 0 0.41638365656700871 nan nan nan nan nan nan nan nan nan nan 0 1 0 9360 0 0 0 0 0 0 0.00069338851830029772 0.00069338851830029772 0.011787230621216074 0.0003630530336324877 0.65919209802533396 0.047085149908665858 0 running
7930 4.9515440690725958 0.00069313426494066206 0.02 171.13953000000001 0.06800568105435148 0.097102169995076204 0.096809722248013472 0.026963402102501678 0 0.05996569424178725 nan nan nan nan nan nan nan nan nan nan 0.63854346706705623 0.68805884357248381 0.25222808735471913 0 0.41856052011248956 nan nan nan nan nan nan nan nan nan nan 0 1 0 9360 0 0 0 0 0 0 0.00069313426494066206 0.00069313426494066206 0.01191386416979459 0.00036358803079407636 0.65809462676785813 0.047006759104477672 0 running
7940 4.9584744922269763 0.00069298100030106447 0.02 171.27013199999999 0.067941165225630346 0.097023802601373582 0.096713489911847181 0.026939036922404309 0 0.059893075965557797 nan nan nan nan nan nan nan nan nan nan 0.63183061052966216 0.69113192090987852 0.2527779287849401 0 0.42057094464322486 nan nan nan nan nan nan nan nan nan nan 0 1 0 9360 0 0 0 0 0 0 0.00069298100030106447 0.00069298100030106447 0.012043705054434577 0.00036458066896217356 0.65764986898142763 0.04697499069112767 0 running
7950 4.9654038631881638 0.00069291281884641641 0.02 171.39666800000001 0.067877318330504963 0.096946138867623627 0.096617939917796825 0.026915528952998181 0 0.059821617034181547 nan nan nan nan nan nan nan nan nan nan 0.67304043128064572 0.69395212202684442 0.25326551157724042 0 0.42241144107155942 nan nan nan nan nan nan nan nan nan nan 0 1 0 9360 0 0 0 0 0 0 0.00069291281884641641 0.00069291281884641641 0.01217763132005195 0.00036594810327001049 0.65773446307195937 0.046981033126172037 0 running
7960 4.972332953019813 0.00069291548387805395 0.02 171.51219900000001 0.067812483625982342 0.096866951702219803 0.096520565189710583 0.026892614516505372 0 0.059749695609818 nan nan nan nan nan nan nan nan nan nan 0.71546782270948617 0.69648236964148169 0.25369079468053801 0 0.42406242083377438 nan nan nan nan nan nan nan nan nan nan 0 0 0 9360 0 0 0 0 0 0 0.00069291548387805395 0.00069291548387805395 0.012315112613448023 0.0003676029161831045 0.6582349933733721 0.047016785290596413 0 running
7970 4.9792623992306329 0.00069297634191870991 0.02 171.621734 0.067745255396422122 0.096785520339257664 0.096418487799773245 0.026870066448183669 0 0.059675253964827105 nan nan nan nan nan nan nan nan nan nan 0.75671403520564118 0.69865152530072994 0.25405365404705815 0 0.42548044056659934 nan nan nan nan nan nan nan nan nan nan 0 0 0 9360 0 0 0 0 0 0 0.00069297634191870991 0.00069297634191870991 0.012453099266975342 0.0003694558999484488 0.65903861813451159 0.047074187059309824 0 running
7980 4.9861927270974586 0.00069308555879000599 0.02 171.733172 0.067673829727080914 0.09669974658677577 0.096308843776816949 0.02684758356361857 0 0.059596216548286327 nan nan nan nan nan nan nan nan nan nan 0.79560685347254401 0.70035103567066082 0.25435386118441272 0 0.42659513152653322 nan nan nan nan nan nan nan nan nan nan 0 0 0 9360 0 0 0 0 0 0 0.00069308555879000599 0.00069308555879000599 0.012591975764145736 0.00037142044568423742 0.66002519946640847 0.04714465715451973 0 running
7990 4.9931243724675411 0.00069323452678416819 0.02 171.840712 0.067596498364915353 0.096606869276423035 0.096189461814207303 0.026824960799353668 0 0.059510962675833341 nan nan nan nan nan nan nan nan nan nan 0.83060028387665463 0.70144862153659948 0.25459107039169382 0 0.42731826303581499 nan nan nan nan nan nan nan nan nan nan 0 0 0 9360 0 0 0 0 0 0 0.00069323452678416819 0.00069323452678416819 0.012732378657495986 0.00037341354420385782 0.66108141168034296 0.047220100884166123 0 running
8000 5 0.00063572446814674777 0.02 171.95388199999999 0.067513517219809582 0.096507128267321982 0.096060838439642082 0.02680223795864993 0 0.05941973232204243 nan nan nan nan nan nan nan nan nan nan 0.85994083272430721 0.70182536658023698 0.25476363350859721 0 0.42756938508147013 nan nan nan nan nan nan nan nan nan nan 0 0 0 9360 0 0 0 0 0 0 0.00063572446814674777 0.00063572446814674777 0.012873767937733916 0.0003753479831493724 0.66209771109144033 0.04729269369932116 0 running
8010 5.0069352680045744 0.00069362248378925114 0.02 172.09638899999999 0.067424195734008374 0.096399324117979662 0.095922225148705118 0.026778899729719186 0 0.05932198928957829 nan nan nan nan nan nan nan nan nan nan 0.88282096809835231 0.70153911791473367 0.25487386864370398 0 0.42735646849277931 nan nan nan nan nan nan nan nan nan nan 0 0 0 9360 0 0 0 0 0 0 0.00069362248378925114 0.00069362248378925114 0.013016550739136984 0.0003771579528383625 0.66298395924127762 0.047355997138662086 0 running
8020 5.013872745391903 0.00069385340022150061 0.02 172.20944900000001 0.067330941152567755 0.096285573037585656 0.095778046904876221 0.026755038623365673 0 0.059220775464578337 nan nan nan nan nan nan nan nan nan nan 0.89803104767054176 0.70067624314859778 0.25491937187796987 0 0.42680896535263224 nan nan nan nan nan nan nan nan nan nan 0 0 0 9360 0 0 0 0 0 0 0.00069385340022150061 0.00069385340022150061 0.013161065350297122 0.00037878111173638351 0.66366014572494003 0.047404296173260398 0 running
8030 5.0208126442759093 0.00069410444695583115 0.02 172.32350500000001 0.067236209569716168 0.096168206043480767 0.095632781895477165 0.026730608146997979 0 0.059119042176919025 nan nan nan nan nan nan nan nan nan nan 0.90517114935453558 0.69918512815214906 0.2548993439322893 0 0.42585373477687471 nan nan nan nan nan nan nan nan nan nan 0 0 0 9360 0 0 0 0 0 0 0.00069410444695583115 0.00069410444695583115 0.013271805548829707 0.0003801462639339669 0.66405259491419166 0.047432328258236539 0 running
8040 5.0277551577748145 0.00069437433330124803 0.02 172.44505899999999 0.067142491004610269 0.096049760309785834 0.095490750667925492 0.026705606407727529 0 0.059019836997616065 nan nan nan nan nan nan nan nan nan nan 0.90445337750365074 0.69722311913444324 0.25481287956753729 0 0.42459869392636584 nan nan nan nan nan nan nan nan nan nan 0 0 0 9360 0 0 0 0 0 0 0.00069437433330124803 0.00069437433330124803 0.013200540503275271 0.00038119624413485354 0.66409843923343614 0.047435602852471746 0 running
8050 5.0347004728708074 0.00069466295170671601 0.02 172.55812900000001 0.067051463557248572 0.095931882422470818 0.095354906311367421 0.026679933400067444 0 0.058925298105692372 nan nan nan nan nan nan nan nan nan nan 0.90121447391135101 0.69494829507259792 0.25465897140235949 0 0.42315161982467375 nan nan nan nan nan nan nan nan nan nan 0 0 0 9360 0 0 0 0 0 0 0.00069466295170671601 0.00069466295170671601 0.013128938092400469 0.00038187859693130229 0.66374492378135386 0.047410351748724919 0 running
8060 5.0416487797184732 0.00069497086427076015 0.02 172.67066199999999 0.066964205942654509 0.095815944287894139 0.095227010582306676 0.02665342177878054 0 0.058836559815390918 nan nan nan nan nan nan nan nan nan nan 0.8914593727569593 0.69248424734858138 0.25443651272556611 0 0.42159565700421769 nan nan nan nan nan nan nan nan nan nan 0 0 0 9360 0 0 0 0 0 0 0.00069497086427076015 0.00069497086427076015 0.01305857494285809 0.00038213817671873531 0.66295408491121266 0.047353863257940908 0 running
8070 5.0486002743384741 0.00069529856456280591 0.02 172.80538000000001 0.066881359445961353 0.095703242065473301 0.095107887224468265 0.026625867798910369 0 0.058753924264763932 nan nan nan nan nan nan nan nan nan nan 0.87577097543568039 0.6899120732831765 0.25414429211158795 0 0.41998362870637285 nan nan nan nan nan nan nan nan nan nan 0 1 0 9360 0 0 0 0 0 0 0.00069529856456280591 0.00069529856456280591 0.012991564611797341 0.00038175046682614863 0.66143503255211422 0.047245359517890752 0 running
8080 5.0555551539852726 0.00069564579373908775 0.02 172.91790499999999 0.066803101417346661 0.095594658816473499 0.094997526396777679 0.026597068236196678 0 0.058677073379439879 nan nan nan nan nan nan nan nan nan nan 0.85510506549673648 0.68726800373479668 0.25378129199500421 0 0.41833705265362142 nan nan nan nan nan nan nan nan nan nan 0 1 0 9360 0 0 0 0 0 0 0.00069564579373908775 0.00069564579373908775 0.012930095452038853 0.00038079959187332501 0.6593672926468902 0.0470976638102188 0 running
8090 5.0625136084800575 0.0006960114575328333 0.02 173.05547100000001 0.066729265383417502 0.095490640045430369 0.094895322305588892 0.026566952267197748 0 0.058605347951511171 nan nan nan nan nan nan nan nan nan nan 0.83037424631092493 0.68456288886408601 0.25334660464582104 0 0.41665951208894325 nan nan nan nan nan nan nan nan nan nan 0 1 0 9360 0 0 0 0 0 0 0.0006960114575328333 0.0006960114575328333 0.012875887476674333 0.00037945944757908281 0.65706953898499154 0.046933538548481327 0 running
8100 5.0694758133926117 0.00069639388874039368 0.02 173.18053800000001 0.066659455937198256 0.095391259823344468 0.094800302751630164 0.026535584506739925 0 0.058537921312739577 nan nan nan nan nan nan nan nan nan nan 0.80246208560841303 0.68179391592364502 0.25283841940198393 0 0.41494508024963728 nan nan nan nan nan nan nan nan nan nan 0 1 0 9360 0 0 0 0 0 0 0.00069639388874039368 0.00069639388874039368 0.012829821925267642 0.00037776513891839134 0.65460107008821433 0.046757219341382508 0 running
8110 5.0764419256284752 0.00069679112118560776 0.02 173.304576 0.066593162372244108 0.095296340091418644 0.094711340099475905 0.026503103997962338 0 0.058473938416149313 nan nan nan nan nan nan nan nan nan nan 0.77219682944342605 0.67895249641462385 0.25225476393085433 0 0.41318412019011042 nan nan nan nan nan nan nan nan nan nan 0 1 0 9360 0 0 0 0 0 0 0.00069679112118560776 0.00069679112118560776 0.012791926429721016 0.00037575985070519491 0.65201696081345628 0.046572640107276339 0 running
8120 5.0834120841266177 0.00069720167232837683 0.02 173.42920599999999 0.066529825663404651 0.095205505156038442 0.094627307873468652 0.026469606175682 0 0.05841260870328166 nan nan nan nan nan nan nan nan nan nan 0.7402895122107882 0.67602977382792795 0.25159352132083557 0 0.41136733016882066 nan nan nan nan nan nan nan nan nan nan 0 1 0 9360 0 0 0 0 0 0 0.00069720167232837683 0.00069720167232837683 0.012761630381365551 0.00037349469301897742 0.64936568890578161 0.046383263542242488 0 running
8130 5.0903864213646255 0.00069762572052203798 0.02 173.58729700000001 0.066468938951601358 0.09511830266684923 0.094547254492075739 0.026435138059083835 0 0.058353302120308932 nan nan nan nan nan nan nan nan nan nan 0.70729358809130316 0.67301950341490246 0.25085243070253149 0 0.40948789367628097 nan nan nan nan nan nan nan nan nan nan 0 1 0 9360 0 0 0 0 0 0 0.00069762572052203798 0.00069762572052203798 0.012738202454724143 0.00037102859304609511 0.64668838092136205 0.046192027257439171 0 running
8140 5.0973650824858945 0.0006980653628720757 0.02 173.71522200000001 0.066410102992577116 0.095034315816427531 0.094470452364005794 0.026399769424743123 0 0.058295570322173855 nan nan nan nan nan nan nan nan nan nan 0.67362185782276818 0.66991915592751983 0.25002909841071075 0 0.40754231135351454 nan nan nan nan nan nan nan nan nan nan 0 1 0 9360 0 0 0 0 0 0 0.0006980653628720757 0.0006980653628720757 0.012721038841565786 0.00036842797940275497 0.64402006394657862 0.046001433187610553 0 running
8150 5.104348241431552 0.00069852404440330477 0.02 173.83975799999999 0.066353209407172334 0.094953505913574307 0.094396606191046381 0.026363694134295488 0 0.058239248613687844 nan nan nan nan nan nan nan nan nan nan 0.64436680738039831 0.66672992536683884 0.24912102206649189 0 0.40553038978676004 nan nan nan nan nan nan nan nan nan nan 0 1 0 9360 0 0 0 0 0 0 0.00069852404440330477 0.00069852404440330477 0.012709618148232482 0.00036576567721192379 0.64139080674114946 0.045813629101310184 0 running
8160 5.1113361138020217 0.00069900663564202573 0.02 173.98486199999999 0.06629851919205397 0.094876300331442245 0.094326012668931411 0.026327187405108046 0 0.058184520347173266 nan nan nan nan nan nan nan nan nan nan 0.64950485837268013 0.66345615250355983 0.24812562909987257 0 0.40345476158435145 nan nan nan nan nan nan nan nan nan nan 0 1 0 9360 0 0 0 0 0 0 0.00069900663564202573 0.00069900663564202573 0.012703454770789026 0.00036311837661942494 0.63882619995424528 0.045630442902052183 0 running
8170 5.1183289762816289 0.00069952021583422779 0.02 174.11740900000001 0.066246368452065274 0.094803145720732521 0.094259170287018718 0.026290477328333228 0 0.05813165958011781 nan nan nan nan nan nan nan nan nan nan 0.6542806338872722 0.66010450333536863 0.24704032843602475 0 0.40132020162862803 nan nan nan nan nan nan nan nan nan nan 0 1 0 9360 0 0 0 0 0 0 0.00069952021583422779 0.00069952021583422779 0.012702037305560389 0.00036056348085436164 0.6363465783892357 0.045453327075793075 0 running
8180 5.1253271584524285 0.00070006592700841018 0.02 174.23129900000001 0.066197178588246863 0.094734586632095399 0.09419674784172348 0.026253746160763935 0 0.05808101126389062 nan nan nan nan nan nan nan nan nan nan 0.65869345416342417 0.65668311732856233 0.24586257949060464 0 0.39913291849814336 nan nan nan nan nan nan nan nan nan nan 0 1 0 9360 0 0 0 0 0 0 0.00070006592700841018 0.00070006592700841018 0.012704658207929598 0.00035818012711564672 0.63398580341822475 0.045284700291971396 0 running
8190 5.1323309029777819 0.00070062823544550794 0.02 174.35186300000001 0.066151493621779467 0.094671313983858349 0.094139571372573116 0.026217352494353707 0 0.058033045590476923 nan nan nan nan nan nan nan nan nan nan 0.6627459837067522 0.65320088872582016 0.24458999889553201 0 0.39689995825184554 nan nan nan nan nan nan nan nan nan nan 0 1 0 9360 0 0 0 0 0 0 0.00070062823544550794 0.00070062823544550794 0.012711045991058961 0.00035605540195365529 0.63181917601862447 0.045129941191836546 0 running
8200 5.1393403098792945 0.00070119719505473243 0.02 174.48095000000001 0.066109740909648232 0.094613839042606396 0.094088311905930685 0.026181418654251141 0 0.057988219124810121 nan nan nan nan nan nan nan nan nan nan 0.66643886398110608 0.64966697327119194 0.243220475633668 0 0.39462878915877908 nan nan nan nan nan nan nan nan nan nan 0 1 0 9360 0 0 0 0 0 0 0.00070119719505473243 0.00070119719505473243 0.012720834249900916 0.00035426792962332804 0.6299235757941396 0.044994541175658952 0 running
8210 5.1463554436318155 0.00070177347356191564 0.02 174.602495 0.066072240668550997 0.094562420867744551 0.094043457720722617 0.026146107833968594 0 0.057947067220967423 nan nan nan nan nan nan nan nan nan nan 0.66976642934560904 0.64609025805169895 0.24175228195474929 0 0.39232690110841439 nan nan nan nan nan nan nan nan nan nan 0 1 0 9360 0 0 0 0 0 0 0.00070177347356191564 0.00070177347356191564 0.01273392604177713 0.00035287833680328886 0.62835914175127827 0.044882795886765171 0 running
8220 5.153376402184457 0.00070236187841717416 0.02 174.734307 0.066038480922381904 0.094514732523847553 0.094004897024398973 0.026111617323302083 0 0.057910559700439089 nan nan nan nan nan nan nan nan nan nan 0.67271440329382659 0.64833003303607661 0.24018422323435118 0 0.3900014499941632 nan nan nan nan nan nan nan nan nan nan 0 1 0 9360 0 0 0 0 0 0 0.00070236187841717416 0.00070236187841717416 0.012750381902981604 0.00035192907504891366 0.62717341631106049 0.044798101212374472 0 running
8230 5.1604033405516114 0.00070296875691167656 0.02 174.83885599999999 0.066009220289973788 0.094472920179525577 0.093973163034591814 0.026077991396488295 0 0.057878633045391904 nan nan nan nan nan nan nan nan nan nan 0.67525999885178989 0.65082651651744761 0.23851586549597448 0 0.38765882401282609 nan nan nan nan nan nan nan nan nan nan 0 1 0 9360 0 0 0 0 0 0 0.00070296875691167656 0.00070296875691167656 0.012770350093094273 0.000351445405167975 0.62640359785960087 0.0447431141800693 0 running
8240 5.167436485837082 0.00070360211808713491 0.02 174.954396 0.065985195747882586 0.094439736912285896 0.093948353598273929 0.026045218929406005 0 0.057850841035054418 nan nan nan nan nan nan nan nan nan nan 0.67737438546911044 0.65291710235949174 0.23674787050837409 0 0.38530396093393382 nan nan nan nan nan nan nan nan nan nan 0 1 0 9360 0 0 0 0 0 0 0.00070360211808713491 0.00070360211808713491 0.012793841684118666 0.00035142866602199665 0.62607661180359109 0.044719758033186806 0 running
8250 5.17447616268218 0.00070427384369966791 0.02 175.06540699999999 0.065965056371332903 0.094410832411239626 0.093929489299555816 0.026013364688217366 0 0.057828141344028194 nan nan nan nan nan nan nan nan nan nan 0.6790270814404693 0.65457004825042597 0.23488239515957687 0 0.3829394338036044 nan nan nan nan nan nan nan nan nan nan 0 1 0 9360 0 0 0 0 0 0 0.00070427384369966791 0.00070427384369966791 0.012820563429959235 0.00035186572885477556 0.62619366799014631 0.044728119189378149 0 running
8260 5.181522872772133 0.00070500812307092294 0.02 175.17794499999999 0.065948380379174845 0.094385520008168383 0.09391596622043108 0.025982375918712549 0 0.057810253558264808 nan nan nan nan nan nan nan nan nan nan 0.68019144326179903 0.65575644180118775 0.23292330910837222 0 0.38056476868214439 nan nan nan nan nan nan nan nan nan nan 0 1 0 9360 0 0 0 0 0 0 0.00070500812307092294 0.00070500812307092294 0.012849795245836978 0.00035275413385894215 0.6267646234109886 0.044768901719481363 0 running
8270 5.1885774613063944 0.00070584656708046656 0.02 175.29039700000001 0.065934989042380918 0.09436386691585491 0.093907356755244628 0.025952217718743259 0 0.05779675824389665 nan nan nan nan nan nan nan nan nan nan 0.68085004526786952 0.65645582989807694 0.23087575251673265 0 0.37817678330879129 nan nan nan nan nan nan nan nan nan nan 0 1 0 9360 0 0 0 0 0 0 0.00070584656708046656 0.00070584656708046656 0.012880342694079595 0.00035406351854020752 0.6277880104967708 0.044842000797114409 0 running
8280 5.195641176600744 0.00070682258557978124 0.02 175.38958099999999 0.065924713571428373 0.094345733169110352 0.093903357619150182 0.025922907612445339 0 0.057787405365909983 nan nan nan nan nan nan nan nan nan nan 0.68099859861775758 0.65666039454004155 0.23004625744532436 0 0.37577102610644758 nan nan nan nan nan nan nan nan nan nan 0 1 0 9360 0 0 0 0 0 0 0.00070682258557978124 0.00070682258557978124 0.012910578142151791 0.00035575400040983022 0.62924020102780265 0.04494572869229764 0 running
8290 5.2027154237795488 0.00070793700370071135 0.02 175.49213900000001 0.065917397114636775 0.094330998862701632 0.093903693437221658 0.025894494674584989 0 0.057781920786737342 nan nan nan nan nan nan nan nan nan nan 0.68078231202231609 0.65637675731485134 0.2297696802778515 0 0.37334278665639731 nan nan nan nan nan nan nan nan nan nan 0 1 0 9360 0 0 0 0 0 0 0.00070793700370071135 0.00070793700370071135 0.012938540892782889 0.00035777976319071794 0.63108700883183566 0.045077643535582128 0 running
8300 5.2098014960551939 0.0007091721819701347 0.02 175.60466299999999 0.065912897798122733 0.094319560719734033 0.093908122847596323 0.025867050737711807 0 0.05778002332760581 nan nan nan nan nan nan nan nan nan nan 0.68012059921501555 0.65562796706565851 0.23051419960792519 0 0.37088624827663907 nan nan nan nan nan nan nan nan nan nan 0 1 0 9360 0 0 0 0 0 0 0.0007091721819701347 0.0007091721819701347 0.012962059771953591 0.00036009269334800884 0.63328764589056497 0.045234831897085902 0 running
8310 5.2169004915837336 0.00071050847485461895 0.02 175.728013 0.06591101631230474 0.094311249396055091 0.093916331612718215 0.025840600181211849 0 0.057781351945453044 nan nan nan nan nan nan nan nan nan nan 0.67900934133746893 0.65459244443896292 0.23139197168861658 0 0.3683927221837523 nan nan nan nan nan nan nan nan nan nan 0 1 0 9360 0 0 0 0 0 0 0.00071050847485461895 0.00071050847485461895 0.012978880116912174 0.00036264528405411452 0.63579805029294822 0.045414146497445455 0 running
8320 5.2240133244449325 0.00071192862505484894 0.02 175.83956599999999 0.065911549381611978 0.094305927858406788 0.093928000613142937 0.025815093959890723 0 0.057785511201751794 nan nan nan nan nan nan nan nan nan nan 0.67748898421342485 0.65314839158662585 0.23220960114919453 0 0.36584969878294143 nan nan nan nan nan nan nan nan nan nan 0 1 0 9360 0 0 0 0 0 0 0.00071192862505484894 0.00071192862505484894 0.012986815147947405 0.00036539259673387941 0.63857333528501969 0.045612381139945576 0 running
8330 5.2311407499963982 0.00071341779484556799 0.02 175.94309699999999 0.065914366885504894 0.094303624680266318 0.093942897271354672 0.025790425964676213 0 0.057792137549777862 nan nan nan nan nan nan nan nan nan nan 0.67560375855896782 0.65133784887725232 0.23296688654678466 0 0.36324158091393144 nan nan nan nan nan nan nan nan nan nan 0 1 0 9360 0 0 0 0 0 0 0.00071341779484556799 0.00071341779484556799 0.01298353751201437 0.00036829343016402387 0.64156943311172843 0.045826388127793577 0 running
8340 5.2382833798088191 0.00071496156497701121 0.02 176.04661999999999 0.065919336973402645 0.094304434849455027 0.093960760076490207 0.025766419902533182 0 0.057800827624217607 nan nan nan nan nan nan nan nan nan nan 0.67339763401236963 0.64920332153302995 0.23366374814144253 0 0.36054933908530495 nan nan nan nan nan nan nan nan nan nan 0 1 0 9360 0 0 0 0 0 0 0.00071496156497701121 0.00071496156497701121 0.012968030687929857 0.00036394146663785943 0.64474447607159024 0.046053176910880303 0 running
8350 5.2454416759549662 0.0007165444906371513 0.02 176.17468500000001 0.065926059717836771 0.09430812137614987 0.093980915872429655 0.025742801075073748 0 0.057810904133119775 nan nan nan nan nan nan nan nan nan nan 0.67091018705840744 0.64678316320941021 0.23430013125960425 0 0.35775114938491193 nan nan nan nan nan nan nan nan nan nan 0 0 0 9360 0 0 0 0 0 0 0.0007165444906371513 0.0007165444906371513 0.01294017725715863 0.00035899353676969092 0.64785529092295369 0.04627537797192658 0 running
8360 5.2526159406705837 0.00071815031982274725 0.02 176.279056 0.065933571836161414 0.094313681723665471 0.094001835870831857 0.025719223832752026 0 0.05782114918827206 nan nan nan nan nan nan nan nan nan nan 0.66817156302809466 0.64410518186428345 0.23487586415590878 0 0.35482420584323604 nan nan nan nan nan nan nan nan nan nan 0 0 0 9360 0 0 0 0 0 0 0.00071815031982274725 0.00071815031982274725 0.012901034994687408 0.00035359837325409121 0.65054752762918877 0.046467680594003559 0 running
8370 5.2598063154196488 0.00071976330053515861 0.02 176.38258999999999 0.065940426959186366 0.094319442754912025 0.094021217938889595 0.02569540586337541 0 0.057829913980621407 nan nan nan nan nan nan nan nan nan nan 0.66520016819919003 0.64118363995505645 0.23539047903194676 0 0.35174423623309875 nan nan nan nan nan nan nan nan nan nan 0 0 0 9360 0 0 0 0 0 0 0.00071976330053515861 0.00071976330053515861 0.012853190403287395 0.00034770199498754603 0.65343959458280487 0.046674256805194242 0 running
8380 5.2670127960210822 0.00072137028578823372 0.02 176.486109 0.065944810580237406 0.094323067015789089 0.094036306334925435 0.025671011097780951 0 0.057835296499227772 nan nan nan nan nan nan nan nan nan nan 0.66200689202815244 0.63802533782847892 0.23584300479696862 0 0.34848590013928782 nan nan nan nan nan nan nan nan nan nan 0 0 0 9360 0 0 0 0 0 0 0.00072137028578823372 0.00072137028578823372 0.012800428288094298 0.00034137500370736074 0.656463153322141 0.046890225286803415 0 running
8390 5.2742352718006416 0.00072296275076254865 0.02 176.59763899999999 0.065944742391479239 0.09432183380039709 0.094044089252900087 0.025645916571667118 0 0.057835397065419271 nan nan nan nan nan nan nan nan nan nan 0.65859757159263776 0.63463329859391782 0.23623174294454241 0 0.34502376162747761 nan nan nan nan nan nan nan nan nan nan 0 0 0 9360 0 0 0 0 0 0 0.00072296275076254865 0.00072296275076254865 0.01274600341242569 0.00033486430265152806 0.65958331314820484 0.047113093846043286 0 running
8400 5.2814735673936148 0.00072453536924508948 0.02 176.70845299999999 0.065938319986730998 0.094313080139023231 0.094041672903327586 0.025620041498292084 0 0.05782845631021253 nan nan nan nan nan nan nan nan nan nan 0.65497103993512729 0.63100406096772965 0.23655405704589061 0 0.34133395600479055 nan nan nan nan nan nan nan nan nan nan 0 0 0 9360 0 0 0 0 0 0 0.00072453536924508948 0.00072453536924508948 0.012692367085110935 0.00032852742617216446 0.66277682605722077 0.047341201911213833 0 running
8410 5.2887274499352834 0.00072608144220474098 0.02 176.81840700000001 0.065924064830109375 0.094294871043183556 0.094026772195228869 0.025593221107483469 0 0.057812992116493135 nan nan nan nan nan nan nan nan nan nan 0.6511184584611418 0.62712646776919456 0.23680620291934806 0 0.33739652608194226 nan nan nan nan nan nan nan nan nan nan 0 0 0 9360 0 0 0 0 0 0 0.00072608144220474098 0.00072608144220474098 0.012642149935203731 0.00032281965738806322 0.66602498913045227 0.047573213559546759 0 running
8420 5.2959966038592867 0.00072759151767373752 0.02 176.938591 0.065900792757036752 0.094265729014016836 0.093997540513745689 0.025565195171208317 0 0.057787783628637734 nan nan nan nan nan nan nan nan nan nan 0.64702607343185625 0.62298490965602382 0.23698324530492476 0 0.33319824501642592 nan nan nan nan nan nan nan nan nan nan 0 0 0 9360 0 0 0 0 0 0 0.00072759151767373752 0.00072759151767373752 0.012597391261568544 0.0003182900027806488 0.66931248163503287 0.047808034452979022 0 running
8430 5.3032806107101358 0.00072905496582518787 0.02 177.04702700000001 0.065867404755189568 0.094224164728808776 0.093952267240727305 0.025535856220531276 0 0.057751825551141389 nan nan nan nan nan nan nan nan nan nan 0.64268133508060288 0.61856688295724971 0.23707911895678757 0 0.3287353771045356 nan nan nan nan nan nan nan nan nan nan 0 0 0 9360 0 0 0 0 0 0 0.00072905496582518787 0.00072905496582518787 0.012558384010109691 0.00031549599120559324 0.67262674796413557 0.048044767762450591 0 running
8440 5.3105789500707559 0.00073046222961603742 0.02 177.166642 0.065822891628133484 0.094168670123437201 0.093889374618515695 0.025505439437558841 0 0.057704287288461734 nan nan nan nan nan nan nan nan nan nan 0.63808079456660272 0.61387280748874884 0.23708689363249924 0 0.32401544739200727 nan nan nan nan nan nan nan nan nan nan 0 0 0 9360 0 0 0 0 0 0 0.00073046222961603742 0.00073046222961603742 0.012524713748105272 0.00031487477063602649 0.67595700449038365 0.048282643228862311 0 running
8450 5.317891017086942 0.00073180578383026564 0.02 177.30917299999999 0.065766403617222607 0.094097879737663592 0.093807584437900479 0.025474271355958495 0 0.057644486756345766 nan nan nan nan nan nan nan nan nan nan 0.63323534289580441 0.60892246526258564 0.23699929001114173 0 0.32000465845645398 nan nan nan nan nan nan nan nan nan nan 0 0 0 9360 0 0 0 0 0 0 0.00073180578383026564 0.00073180578383026564 0.012491650317639959 0.00031645250687906232 0.67929557153637066 0.048521112303827454 0 running
8460 5.3252161417598343 0.00073307989073551473 0.02 177.403707 0.065697468291213659 0.094010965789502257 0.093706176518374623 0.025442625282989208 0 0.057572131380701656 nan nan nan nan nan nan nan nan nan nan 0.62816763643405671 0.60375148748732577 0.23680945711461021 0 0.32396994481983243 nan nan nan nan nan nan nan nan nan nan 0 0 0 9360 0 0 0 0 0 0 0.00073307989073551473 0.00073307989073551473 0.012443766213020964 0.00031988275722261318 0.68263796316991154 0.048759854563618164 0 running
8470 5.3325536052776563 0.00073428033482694072 0.02 177.52514099999999 0.065616162107101542 0.093907858067068709 0.093585263592363882 0.025410734653101837 0 0.057487484240657451 nan nan nan nan nan nan nan nan nan nan 0.62290172414898226 0.5983978439376284 0.23651195481052234 0 0.32787187140487689 nan nan nan nan nan nan nan nan nan nan 0 0 0 9360 0 0 0 0 0 0 0.00073428033482694072 0.00073428033482694072 0.012366655911076033 0.00032451569838163355 0.68597816398193723 0.048998440336157613 0 running
8480 5.3399026534911691 0.00073540406897764526 0.02 177.66121899999999 0.065523239272032907 0.093789335535172713 0.093446038731231446 0.025378750330270271 0 0.057391565935128244 nan nan nan nan nan nan nan nan nan nan 0.61745181273213767 0.59288710516343035 0.23610379419688243 0 0.33170277015146432 nan nan nan nan nan nan nan nan nan nan 0 0 0 9360 0 0 0 0 0 0 0.00073540406897764526 0.00073540406897764526 0.012258078482025498 0.00032958259682228227 0.68930407128767612 0.049236005143961217 0 running
8490 5.3472625060093275 0.00073644875189620188 0.02 177.79195899999999 0.065420138925264035 0.093656979323294531 0.093290807463350556 0.025346695900412827 0 0.057286240571434478 nan nan nan nan nan nan nan nan nan nan 0.61181707804925578 0.58722533554825529 0.23558530267013911 0 0.3354557572507092 nan nan nan nan nan nan nan nan nan nan 0 0 0 9360 0 0 0 0 0 0 0.00073644875189620188 0.00073644875189620188 0.012124524970759885 0.00033384126157912043 0.69259418908023151 0.049471013557963302 0 running
8500 5.35463236112688 0.00073741237623958268 0.02 177.90973700000001 0.065308789299761402 0.093512992949759316 0.093122638273315503 0.025314490863647825 0 0.057173951603093992 nan nan nan nan nan nan nan nan nan nan 0.60598337963596915 0.58140087027032994 0.23496054544132949 0 0.33912684646354163 nan nan nan nan nan nan nan nan nan nan 0 0 0 9360 0 0 0 0 0 0 0.00073741237623958268 0.00073741237623958268 0.011975904218329786 0.00033589279534298322 0.69581628376711557 0.049701163178698014 0 running
8510 5.3620113978064232 0.00073829305543156168 0.02 178.03525500000001 0.065191361061913838 0.093359963490100173 0.092944961003923729 0.025281961236948227 0 0.057057354150396651 nan nan nan nan nan nan nan nan nan nan 0.59992910371347452 0.57539149094638176 0.23423709668249071 0 0.34271586725579317 nan nan nan nan nan nan nan nan nan nan 0 0 0 9360 0 0 0 0 0 0 0.00073829305543156168 0.00073829305543156168 0.011826141504215543 0.00033481986715178027 0.69892900281124737 0.049923500253513609 0 running
8520 5.3693987767847613 0.00073908903219277748 0.02 178.13279600000001 0.065070608416829309 0.093201421446803587 0.092762102530148077 0.025248886146677803 0 0.056939454875467338 nan nan nan nan nan nan nan nan nan nan 0.59363179995067616 0.56917268456133452 0.23342512301820673 0 0.34622541563898124 nan nan nan nan nan nan nan nan nan nan 0 0 0 9360 0 0 0 0 0 0 0.00073908903219277748 0.00073908903219277748 0.01168642521626863 0.00033087668587374741 0.70188599869473267 0.05013471424541413 0 running
8530 5.3767936424027081 0.00073979877779785483 0.02 178.265209 0.064950888293043407 0.093043301429821479 0.092580903297105055 0.025215051298113998 0 0.05682438774014157 nan nan nan nan nan nan nan nan nan nan 0.58707188077761696 0.57230847084384306 0.23253596934401166 0 0.34965788933185427 nan nan nan nan nan nan nan nan nan nan 0 0 0 9360 0 0 0 0 0 0 0.00073979877779785483 0.00073979877779785483 0.01156196649093384 0.00032482632627383592 0.70464089255592244 0.050331492378564012 0 running
8540 5.3841951253711784 0.00074042107556096363 0.02 178.371678 0.064838267390460141 0.092894069262365125 0.092410911983791491 0.025180278914162361 0 0.056717487488356491 nan nan nan nan nan nan nan nan nan nan 0.58023190077485043 0.57737689258418834 0.23158061774662997 0 0.35301153932052226 nan nan nan nan nan nan nan nan nan nan 0 0 0 9360 0 0 0 0 0 0 0.00074042107556096363 0.00074042107556096363 0.011454182729571804 0.00031752429723162215 0.70715172095103429 0.050510837264118508 0 running
8550 5.3916023461854321 0.00074095506884041748 0.02 178.47922500000001 0.064738257685973577 0.092761611614976786 0.092260784041609159 0.025144454369159384 0 0.056623295507896805 nan nan nan nan nan nan nan nan nan nan 0.57309441863349786 0.58232366401543734 0.23056842562927127 0 0.35627685512743057 nan nan nan nan nan nan nan nan nan nan 0 0 0 9360 0 0 0 0 0 0 0.00074095506884041748 0.00074095506884041748 0.011362873406528768 0.00030972790558857102 0.70938397709492595 0.050670284131707689 0 running
8560 5.3990144210596895 0.000741400926598952 0.02 178.61977300000001 0.064652942674493452 0.092649313597976943 0.092133680960947012 0.025107556262617278 0 0.056543037796764534 nan nan nan nan nan nan nan nan nan nan 0.56564200097129014 0.58712294091845163 0.22950633314970714 0 0.35943450647119213 nan nan nan nan nan nan nan nan nan nan 0 0 0 9360 0 0 0 0 0 0 0.000741400926598952 0.000741400926598952 0.011287291430399291 0.00030203941481442281 0.7113119417934548 0.050807995896033714 0 running
8570 5.4064304807613164 0.00074176116049082166 0.02 178.74765500000001 0.064580638080592695 0.092555421727582854 0.092026771115374759 0.025069674518228838 0 0.056474532321571992 nan nan nan nan nan nan nan nan nan nan 0.55785912784582903 0.5917354176062497 0.22839871821803115 0 0.36245559938187899 nan nan nan nan nan nan nan nan nan nan 0 0 0 9360 0 0 0 0 0 0 0.00074176116049082166 0.00074176116049082166 0.01122656196344571 0.00029491861421991681 0.71291887858971814 0.050922777095888001 0 running
8580 5.4138496913100802 0.00074204011158318954 0.02 178.88174000000001 0.064517744232953769 0.092475495324521123 0.09193418804092339 0.025030994837491397 0 0.056413949832734532 nan nan nan nan nan nan nan nan nan nan 0.54973415623562416 0.59611087602691537 0.22724822733724093 0 0.36530379967095628 nan nan nan nan nan nan nan nan nan nan 0 0 0 9360 0 0 0 0 0 0 0.00074204011158318954 0.00074204011158318954 0.011179839033432726 0.00028869837907234957 0.71419699383708379 0.051014071042224801 0 running
8590 5.4212712739437761 0.00074224432015082933 0.02 179.00749500000001 0.064460622690643732 0.092405045626796273 0.091849950292080595 0.024991833427035343 0 0.056357446928822198 nan nan nan nan nan nan nan nan nan nan 0.54126104061366409 0.60019006010050679 0.22605608664069843 0 0.36793733745976226 nan nan nan nan nan nan nan nan nan nan 0 0 0 9360 0 0 0 0 0 0 0.00074224432015082933 0.00074224432015082933 0.011146343059882626 0.0002836072705553513 0.71514739145717632 0.051081956586588803 0 running
8600 5.4286945273641782 0.00074238245140141579 0.02 179.12006099999999 0.064406517622062939 0.092340899627362472 0.091769344804909489 0.024952659263110331 0 0.056301935728637571 nan nan nan nan nan nan nan nan nan nan 0.54290402391232018 0.60390363209644082 0.22482273748560644 0 0.37030888296299674 nan nan nan nan nan nan nan nan nan nan 0 0 0 9360 0 0 0 0 0 0 0.00074238245140141579 0.00074238245140141579 0.011125356240646721 0.00027978763463455848 0.71577935211367405 0.051127096633529143 0 running
8610 5.4361188455123601 0.0007424645983102609 0.02 179.22361000000001 0.06435373659787956 0.092281436035074604 0.091689256121691279 0.024913968464220955 0 0.056245249764450785 nan nan nan nan nan nan nan nan nan nan 0.55046032668228739 0.60716900546520647 0.22354839513038671 0 0.37236360703410742 nan nan nan nan nan nan nan nan nan nan 0 0 0 9360 0 0 0 0 0 0 0.0007424645983102609 0.0007424645983102609 0.011116205085372673 0.0002773126868811457 0.71610878544155931 0.051150627585545796 0 running
8620 5.4435437266476336 0.00074250132014447659 0.02 179.34267800000001 0.064301279302940967 0.092225934994858552 0.09160768565288635 0.024876171284413908 0 0.056185919462519329 nan nan nan nan nan nan nan nan nan nan 0.59192312150069459 0.60988978339148903 0.22223343752221636 0 0.37403874909484519 nan nan nan nan nan nan nan nan nan nan 0 0 0 9360 0 0 0 0 0 0 0.00074250132014447659 0.00074250132014447659 0.011117933234112056 0.00027620196769552284 0.71615190922837824 0.05115370785603611 0 running
8630 5.4509687726226375 0.00074250267493633298 0.02 179.459237 0.064248633666852087 0.092174321973850698 0.09152342487869515 0.024839543445085658 0 0.056122979151691947 nan nan nan nan nan nan nan nan nan nan 0.63837325736992279 0.61196473793647244 0.22087861510540696 0 0.37526958569957236 nan nan nan nan nan nan nan nan nan nan 0 0 0 9360 0 0 0 0 0 0 0.00074250267493633298 0.00074250267493633298 0.011129910687921679 0.00027640017339528131 0.7159281559898748 0.051137725481840424 0 running
8640 5.4583936792285002 0.00074247743342382598 0.02 179.57233099999999 0.064195734140591765 0.09212711139025101 0.091435992917526507 0.024804179807354863 0 0.056055941874224399 nan nan nan nan nan nan nan nan nan nan 0.68979766271494269 0.61331072758880434 0.21948510684303368 0 0.37600488740878035 nan nan nan nan nan nan nan nan nan nan 0 0 0 9360 0 0 0 0 0 0 0.00074247743342382598 0.00074247743342382598 0.011151638987422269 0.00027786305466211266 0.71547133988113809 0.051105095759753354 0 running
8650 5.4658182257718506 0.00074243370078712584 0.02 179.687411 0.064142941657147054 0.092085222274209247 0.091345681769102197 0.024769980497118864 0 0.055984918944128097 nan nan nan nan nan nan nan nan nan nan 0.74568868915170006 0.61389430668814837 0.21805446029300324 0 0.37622826512408453 nan nan nan nan nan nan nan nan nan nan 0 0 0 9360 0 0 0 0 0 0 0.00074243370078712584 0.00074243370078712584 0.011182290648520898 0.00028055133053006619 0.7148072259179119 0.051057659048044254 0 running
8660 5.4732422562181631 0.00074237610330121144 0.02 179.798553 0.064090974872092241 0.092049590727278183 0.091253607813041232 0.024736688228289314 0 0.055910763398619841 nan nan nan nan nan nan nan nan nan nan 0.80480416337875971 0.61375489022650898 0.21658845791934489 0 0.37597358282895932 nan nan nan nan nan nan nan nan nan nan 0 0 0 9360 0 0 0 0 0 0 0.00074237610330121144 0.00074237610330121144 0.011220978720944996 0.00028437640211769399 0.71396380966684825 0.050997415030047531 0 running
8670 5.4806656470807962 0.00074230727174219905 0.02 179.9179 0.064040579265455866 0.092020384952614553 0.091161394716003916 0.024703961753797063 0 0.055834954137602533 nan nan nan nan nan nan nan nan nan nan 0.86496085480479468 0.61300443128533222 0.21508894717710092 0 0.37532393221418292 nan nan nan nan nan nan nan nan nan nan 0 0 0 9360 0 0 0 0 0 0 0.00074230727174219905 0.00074230727174219905 0.011266788143400742 0.00028923504240606769 0.71297297839053242 0.050926641367378823 0 running
8680 5.4880882967058433 0.00074222904441011432 0.02 180.035436 0.06399200076146315 0.091996054468528779 0.091070497992399677 0.024671487756231715 0 0.055759204234004503 nan nan nan nan nan nan nan nan nan nan 0.9229889552381485 0.61179063650911436 0.21355765782853853 0 0.37438600509574438 nan nan nan nan nan nan nan nan nan nan 0 0 0 9360 0 0 0 0 0 0 0.00074222904441011432 0.00074222904441011432 0.011318816457678868 0.00029501141076775957 0.71187196377865636 0.050847997466447491 0 running
8690 5.4955101186759299 0.0007421427451712963 0.02 180.165525 0.063944697885569474 0.091972885996420672 0.090981788237353867 0.024639058518725738 0 0.055685197174089963 nan nan nan nan nan nan nan nan nan nan 0.97499582760419368 0.61026270036865782 0.21199603429059843 0 0.37326575935287093 nan nan nan nan nan nan nan nan nan nan 0 0 0 9360 0 0 0 0 0 0 0.0007421427451712963 0.0007421427451712963 0.011376214402260011 0.00030157919088183915 0.71070383185973296 0.050764559472150583 0 running
8700 5.5022262045998982 0.00074205868297853004 0.02 180.31745599999999 0.063901916344348317 0.091948373467800687 0.090903536231164248 0.024609597203695439 0 0.055620913379479602 nan nan nan nan nan nan nan nan nan nan 1.0135416165863558 0.60871189366047784 0.21055745802874348 0 0.37216665680600391 nan nan nan nan nan nan nan nan nan nan 0 0 0 9360 0 0 0 0 0 0 0.00074205868297853004 0.00074205868297853004 0.011432148804487193 0.00030809373094940501 0.70962872697341117 0.050687766265903655 0 running
8710 5.5096462549250376 0.0007419603674765267 0.02 180.43424899999999 0.06385322157469725 0.091912025942771966 0.090819069652552556 0.024576733465778277 0 0.055553845717727063 nan nan nan nan nan nan nan nan nan nan 1.0437289851820994 0.60689096818118593 0.2089404575802063 0 0.37091158378326616 nan nan nan nan nan nan nan nan nan nan 0 0 0 9360 0 0 0 0 0 0 0.0007419603674765267 0.0007419603674765267 0.011497742803653465 0.00031579590014958915 0.70846829068022177 0.050604877959159758 0 running
8720 5.5170644279039518 0.00074152021975606227 0.02 180.56035499999999 0.063801897451805964 0.091861891369735896 0.09073643373550061 0.024543604896898972 0 0.055491571953375861 nan nan nan nan nan nan nan nan nan nan 1.0592370513527221 0.60500470449628896 0.20729488902513893 0 0.36964487912364735 nan nan nan nan nan nan nan nan nan nan 0 0 0 9360 0 0 0 0 0 0 0.00074152021975606227 0.00074152021975606227 0.011566752126824275 0.00032389474059657731 0.70738735928758001 0.050527668573889545 0 running
8730 5.5244745494945526 0.00074059601526891086 0.02 180.68088700000001 0.063747728003758858 0.091796749671218827 0.090655776927836593 0.024510650525243871 0 0.05543445677956433 nan nan nan nan nan nan nan nan nan nan 1.0629111615791849 0.60307561061725479 0.20562175704636454 0 0.36837935196303739 nan nan nan nan nan nan nan nan nan nan 0 0 0 9360 0 0 0 0 0 0 0.00074059601526891086 0.00074059601526891086 0.0116386229005596 0.00033225420135048401 0.70643693292324394 0.05045978097636529 0 running
8740 5.5318754094303859 0.00073966802331906897 0.02 180.78733399999999 0.063691331407466814 0.091718207240940125 0.090577622892223555 0.024477933679148328 0 0.055382523748743674 nan nan nan nan nan nan nan nan nan nan 1.0541607453790616 0.60110605985467402 0.20392713278008312 0 0.36711324669694301 nan nan nan nan nan nan nan nan nan nan 0 0 0 9360 0 0 0 0 0 0 0.00073966802331906897 0.00073966802331906897 0.01171290113001369 0.00034075582409560544 0.70566265447619358 0.050404475372946164 0 running
8750 5.5392669616260761 0.00073873474929071683 0.02 180.923272 0.063633836921583323 0.091629867139472868 0.090502550645588362 0.024445392931408936 0 0.055335382404819375 nan nan nan nan nan nan nan nan nan nan 1.0346666132147317 0.59908731947628902 0.20220544697231047 0 0.36583669346650505 nan nan nan nan nan nan nan nan nan nan 0 0 0 9360 0 0 0 0 0 0 0.00073873474929071683 0.00073873474929071683 0.01178918226026425 0.00034930064747047538 0.70510356683566955 0.050364540541437991 0 running
8760 5.5466491453218358 0.0007377947780622745 0.02 181.05168699999999 0.063576363804709102 0.091535717911729916 0.090430892750621675 0.024412948411978108 0 0.055292351240361352 nan nan nan nan nan nan nan nan nan nan 1.007362351345896 0.59995230585789605 0.20045616490554918 0 0.36453605438919179 nan nan nan nan nan nan nan nan nan nan 0 0 0 9360 0 0 0 0 0 0 0.0007377947780622745 0.0007377947780622745 0.011867075961453867 0.00035781120014702865 0.70479107725864909 0.050342219857341532 0 running
8770 5.5540218872046179 0.00073684703011418914 0.02 181.15746200000001 0.06351970341074431 0.091439086891833762 0.090362604006380826 0.024380472403300806 0 0.055252595938201657 nan nan nan nan nan nan nan nan nan nan 0.97473779090680424 0.60444645075104941 0.19867914902458894 0 0.36319672594849406 nan nan nan nan nan nan nan nan nan nan 0 0 0 9360 0 0 0 0 0 0 0.00073684703011418914 0.00073684703011418914 0.011946192521600544 0.00036623382778766696 0.70474564394803085 0.050338974620865375 0 running
8780 5.5613851064386726 0.00073589106377865881 0.02 181.263654 0.06346417896240418 0.091341970390147534 0.090297329746618957 0.024347784428539389 0 0.055215325192897985 nan nan nan nan nan nan nan nan nan nan 0.93851125202293817 0.60850502435937337 0.19687467088035726 0 0.36180503274298087 nan nan nan nan nan nan nan nan nan nan 0 0 0 9360 0 0 0 0 0 0 0.00073589106377865881 0.00073589106377865881 0.012026140868402086 0.00037453996203166929 0.70497327320680059 0.050355233853651815 0 running
8790 5.5687387223668265 0.00073492729275131236 0.02 181.38470100000001 0.063409751614399448 0.091244964608000953 0.090234750103965769 0.024314782920346042 0 0.0551798934204763 nan nan nan nan nan nan nan nan nan nan 0.89967213502837362 0.61209745772405488 0.19504354466433105 0 0.36034949862231436 nan nan nan nan nan nan nan nan nan nan 0 0 0 9360 0 0 0 0 0 0 0.00073492729275131236 0.00073492729275131236 0.012106536100049909 0.0003827262705239038 0.70549221163623266 0.050392300884364666 0 running
8800 5.5760826633515528 0.00073395700309188746 0.02 181.49624299999999 0.0633568201817509 0.091149673409963133 0.09017493749262448 0.024281504192187529 0 0.055145802717311995 nan nan nan nan nan nan nan nan nan nan 0.85880412493324121 0.61520958744044307 0.19318718947471725 0 0.35882170900810673 nan nan nan nan nan nan nan nan nan nan 0 0 0 9360 0 0 0 0 0 0 0.00073395700309188746 0.00073395700309188746 0.012187010288654963 0.00039081333295547309 0.70630162301918453 0.050450115983207984 0 running
8810 5.5834168744733113 0.00073298212765014325 0.02 181.61778200000001 0.063305933867585276 0.091057856725506023 0.090118391651282381 0.024247960286974585 0 0.055112475456107063 nan nan nan nan nan nan nan nan nan nan 0.81661111964448141 0.6178427000615383 0.19229511132567634 0 0.35721666996011114 nan nan nan nan nan nan nan nan nan nan 0 0 0 9360 0 0 0 0 0 0 0.00073298212765014325 0.00073298212765014325 0.012267221573274754 0.00039884233273124105 0.70739277171793002 0.050528055176057809 0 running
8820 5.5907413208993395 0.00073200461129071777 0.02 181.730164 0.063257237088966106 0.090970286483460616 0.090065458337440008 0.024214087644312519 0 0.055078928564250999 nan nan nan nan nan nan nan nan nan nan 0.77441204936112884 0.62000557427820258 0.1935670425749918 0 0.35553280086336142 nan nan nan nan nan nan nan nan nan nan 0 0 0 9360 0 0 0 0 0 0 0.00073200461129071777 0.00073200461129071777 0.012346862460294723 0.00040686937236524446 0.70874927797323251 0.050624948480110288 0 running
8830 5.5980559850586955 0.00073102601021242234 0.02 181.86109300000001 0.063209893237331921 0.090885582878993204 0.090015417548940657 0.024179795927654416 0 0.0550438544481308 nan nan nan nan nan nan nan nan nan nan 0.73439016080633168 0.62170591226182292 0.19474098429026965 0 0.35377159363793997 nan nan nan nan nan nan nan nan nan nan 0 0 0 9360 0 0 0 0 0 0 0.00073102601021242234 0.00073102601021242234 0.012425679409718494 0.00041495736087084371 0.71034768809689597 0.050739120631921077 0 running
8840 5.6053608626024314 0.00073004741513462486 0.02 182.00544400000001 0.063162771483261548 0.090802271701387452 0.089966698602221853 0.024144958204018491 0 0.055005818756238667 nan nan nan nan nan nan nan nan nan nan 0.69984055694352021 0.62294667728462749 0.19581254456191433 0 0.35193697733057416 nan nan nan nan nan nan nan nan nan nan 0 0 0 9360 0 0 0 0 0 0 0.00073004741513462486 0.00073004741513462486 0.012503501708420402 0.00042316623073989078 0.71215844460696565 0.050868460382776905 0 running
8850 5.6126559564952716 0.00072906925073219645 0.02 182.12198000000001 0.063114071154229637 0.09071649781420757 0.089917052747473178 0.024109476957413029 0 0.054964567301842508 nan nan nan nan nan nan nan nan nan nan 0.66573123261476397 0.62372788082017316 0.19677820901732712 0 0.35003441014190773 nan nan nan nan nan nan nan nan nan nan 0 0 0 9360 0 0 0 0 0 0 0.00072906925073219645 0.00072906925073219645 0.012580272819105157 0.00043154319124752037 0.71414725766089993 0.051010518458207907 0 running
8860 5.6199412703983693 0.00072809132126435609 0.02 182.24501900000001 0.063062269803684567 0.090623032003310788 0.089865311283346502 0.024073358829258849 0 0.054921895971601589 nan nan nan nan nan nan nan nan nan nan 0.6423093810008218 0.62405113950196611 0.19763531310305993 0 0.34806972986608431 nan nan nan nan nan nan nan nan nan nan 0 0 0 9360 0 0 0 0 0 0 0.00072809132126435609 0.00072809132126435609 0.012656077031934335 0.00043725258343364624 0.71627682593192266 0.051162630477727275 0 running
8870 5.62721680375427 0.00072711307137066452 0.02 182.36094800000001 0.063013800332157935 0.09054280333248492 0.089814605509956361 0.024036670038259027 0 0.054875049492124142 nan nan nan nan nan nan nan nan nan nan 0.64222590478290675 0.62392412834320021 0.19838203295317491 0 0.34604798949997351 nan nan nan nan nan nan nan nan nan nan 0 0 0 9360 0 0 0 0 0 0 0.00072711307137066452 0.00072711307137066452 0.012731152575218721 0.00044001959609906636 0.71850880655877836 0.051322057665528151 0 running
8880 5.6344825502841402 0.00072613398011173939 0.02 182.46811299999999 0.06296386667454669 0.090459119396746057 0.089762065866439686 0.023999439867574301 0 0.054828721200182354 nan nan nan nan nan nan nan nan nan nan 0.64170059006972924 0.62336321830108798 0.19901738361661581 0 0.34397300175467438 nan nan nan nan nan nan nan nan nan nan 0 0 0 9360 0 0 0 0 0 0 0.00072613398011173939 0.00072613398011173939 0.012805888084445336 0.00044293307941354389 0.72080589248187332 0.051486135231636754 0 running
8890 5.6417385007437968 0.00072515399932678015 0.02 182.578641 0.062913388518350613 0.090375034816437785 0.089708177776512202 0.023961674429586868 0 0.054782354410708507 nan nan nan nan nan nan nan nan nan nan 0.64076010837068764 0.62239379560233798 0.19954120094584882 0 0.34184848296575754 nan nan nan nan nan nan nan nan nan nan 0 0 0 9360 0 0 0 0 0 0 0.00072515399932678015 0.00072515399932678015 0.012880805722035069 0.00044596061688060147 0.72313378330989653 0.05165241314809968 0 running
8900 5.6489846498724701 0.00072417394242555388 0.02 182.69928200000001 0.062862663514316658 0.090291382886696497 0.08965316786181253 0.023923454433478788 0 0.054735877788612247 nan nan nan nan nan nan nan nan nan nan 0.63943866341723843 0.62104861405545431 0.19995409835617206 0 0.33968014971446825 nan nan nan nan nan nan nan nan nan nan 0 0 0 9360 0 0 0 0 0 0 0.00072417394242555388 0.00072417394242555388 0.012956538313885652 0.00044907293335651248 0.72546281018447745 0.051818772210745392 0 running
8910 5.6562210066356284 0.00072319576915642924 0.02 182.81103100000001 0.06281186956859712 0.090208422318439063 0.089597307765370532 0.023884898683164665 0 0.054689390126631147 nan nan nan nan nan nan nan nan nan nan 0.63777503207342168 0.61936497578066063 0.20025740402800674 0 0.33747617555592735 nan nan nan nan nan nan nan nan nan nan 0 0 0 9360 0 0 0 0 0 0 0.00072319576915642924 0.00072319576915642924 0.013033808414259185 0.00045224461386771374 0.72776904644438067 0.051983503372340985 0 running
8920 5.6634476069728894 0.00072222280436201494 0.02 182.930578 0.06276126246236309 0.090126399038299471 0.089541022516115107 0.023846157283699859 0 0.054643193494770745 nan nan nan nan nan nan nan nan nan nan 0.63580933792499383 0.61738160263130903 0.20045308209419543 0 0.33524508864082281 nan nan nan nan nan nan nan nan nan nan 0 0 0 9360 0 0 0 0 0 0 0.00072222280436201494 0.00072222280436201494 0.013113411193146247 0.00045545430329796052 0.73003482786012419 0.052145344902207826 0 running
8930 5.6706645281008061 0.00072125984172610269 0.02 183.05210099999999 0.062711143521366058 0.090045514117845421 0.089484827248151932 0.023807397996426442 0 0.054597770000687003 nan nan nan nan nan nan nan nan nan nan 0.63358021147153698 0.61513585714405039 0.20054363696052802 0 0.33299338124288996 nan nan nan nan nan nan nan nan nan nan 0 0 0 9360 0 0 0 0 0 0 0.00072125984172610269 0.00072125984172610269 0.01319620056807836 0.0004586844166564157 0.7322486872772016 0.052303477717880312 0 running
8940 5.6778719034354674 0.00072031317911057879 0.02 183.15262100000001 0.062661656402311486 0.089965707593599828 0.089429018196330493 0.023768768034366533 0 0.054553494325831009 nan nan nan nan nan nan nan nan nan nan 0.63112267637141617 0.61266165687360508 0.20053198060535715 0 0.33072461869093639 nan nan nan nan nan nan nan nan nan nan 0 0 0 9360 0 0 0 0 0 0 0.00072031317911057879 0.00072031317911057879 0.013283076505324821 0.00045931982784156019 0.72924039257590978 0.052088599524704016 0 running
8950 5.6850699375939264 0.00071939060125226877 0.02 183.27864400000001 0.06261293372897668 0.089886945428220136 0.089373865541780173 0.023730401068103705 0 0.054510683499631882 nan nan nan nan nan nan nan nan nan nan 0.62846681637605373 0.60998814186932859 0.20042116028251833 0 0.32843971124718396 nan nan nan nan nan nan nan nan nan nan 0 0 0 9360 0 0 0 0 0 0 0.00071939060125226877 0.00071939060125226877 0.013374969551198497 0.00045506659063958277 0.72181942638047358 0.051558530510184636 0 running
8960 5.6922589207449805 0.00071850126661736075 0.02 183.39151699999999 0.062564921919243066 0.089809010013576052 0.089319315821001083 0.023692467125797652 0 0.05446940257564397 nan nan nan nan nan nan nan nan nan nan 0.62563709749966967 0.6071389762911924 0.20021371555798062 0 0.32613750813564651 nan nan nan nan nan nan nan nan nan nan 0 0 0 9360 0 0 0 0 0 0 0.00071850126661736075 0.00071850126661736075 0.01347282219351615 0.00045097416702350102 0.71446576770383063 0.051033269175584123 0 running
8970 5.6994392410333861 0.00071765544305850079 0.02 183.50604300000001 0.062517478903368756 0.089731705124840661 0.089264968946196829 0.023655573530723454 0 0.054429551693188562 nan nan nan nan nan nan nan nan nan nan 0.62265215386071249 0.60413210006581453 0.19991313050276505 0 0.32381532583263806 nan nan nan nan nan nan nan nan nan nan 0 0 0 9360 0 0 0 0 0 0 0.00071765544305850079 0.00071765544305850079 0.013577575687539898 0.00044706051326774747 0.7072356329129843 0.050516830975692699 0 running
8980 5.7066113934181626 0.00071686407352666382 0.02 183.62489400000001 0.06247023451076382 0.089654450797115676 0.089210484263595721 0.023619354588408196 0 0.054390679695132303 nan nan nan nan nan nan nan nan nan nan 0.61952486017693464 0.60097976066844794 0.19952605418530922 0 0.32146938082178106 nan nan nan nan nan nan nan nan nan nan 0 0 0 9360 0 0 0 0 0 0 0.00071686407352666382 0.00071686407352666382 0.013690163445635242 0.00044333957233683429 0.70019252002650478 0.050013751483270141 0 running
8990 5.7137759833542798 0.00071613819815040804 0.02 183.73567600000001 0.062422776718285417 0.089576810044565885 0.089155203851313647 0.023583820145437123 0 0.054352216347842909 nan nan nan nan nan nan nan nan nan nan 0.61626256586329209 0.59768870939697205 0.19905808307863682 0 0.31909515034765923 nan nan nan nan nan nan nan nan nan nan 0 0 0 9360 0 0 0 0 0 0 0.00071613819815040804 0.00071613819815040804 0.013811232635011403 0.00043982077792089198 0.69340736861046515 0.049529097810184164 0 running
9000 5.720933723828872 0.00071548820579522983 0.02 183.84263300000001 0.062374517358013533 0.089498211909966735 0.089098148392897147 0.02354897003670596 0 0.054313332675430162 nan nan nan nan nan nan nan nan nan nan 0.61286746737239017 0.59426055655154397 0.19851371299585319 0 0.31668764459786714 nan nan nan nan nan nan nan nan nan nan 0 0 0 9360 0 0 0 0 0 0 0.00071548820579522983 0.00071548820579522983 0.013939817913613617 0.00043650911270046503 0.68695794831077017 0.049068424931148144 0 running
9010 5.7280854241376016 0.00071492300879929149 0.02 183.97348600000001 0.062324785335420289 0.089417785135819938 0.089038325794806042 0.023514672286729373 0 0.054273296968593475 nan nan nan nan nan nan nan nan nan nan 0.60933723159279329 0.59069243348555189 0.19789726664212015 0 0.31428266122040721 nan nan nan nan nan nan nan nan nan nan 0 0 0 9360 0 0 0 0 0 0 0.00071492300879929149 0.00071492300879929149 0.014074207355308278 0.00043340571829109098 0.68092702106747915 0.048637644413315383 0 running
9020 5.7352319729007162 0.00071444973169103732 0.02 184.08551900000001 0.06227268316167707 0.089334521530161942 0.088974269142614276 0.023480904366330674 0 0.054231035066896832 nan nan nan nan nan nan nan nan nan nan 0.60566604823256287 0.58697818496246335 0.19721319523254621 0 0.31185580926594492 nan nan nan nan nan nan nan nan nan nan 0 0 0 9360 0 0 0 0 0 0 0.00071444973169103732 0.00071444973169103732 0.014214171862163248 0.00043050761039654099 0.67539640840207094 0.048242600651083413 0 running
9030 5.7423743199530133 0.00071407366229052198 0.02 184.21105299999999 0.06221693955452131 0.089246874169750301 0.088903901686635839 0.023447795410028387 0 0.054185149661932192 nan nan nan nan nan nan nan nan nan nan 0.60184623542873594 0.58311024769132547 0.19646606039763315 0 0.30937935448452564 nan nan nan nan nan nan nan nan nan nan 0 0 0 9360 0 0 0 0 0 0 0.00071407366229052198 0.00071407366229052198 0.014359473815630795 0.00042780744354472535 0.67043988477632555 0.047888563248870662 0 running
9040 5.7495134576388791 0.00071379820753847032 0.02 184.337963 0.062155844485660895 0.08915265702230403 0.088824442048563962 0.023415517528542724 0 0.054133915414678317 nan nan nan nan nan nan nan nan nan nan 0.59787032227215475 0.57908211792490272 0.1956811836046497 0 0.30684685122565802 nan nan nan nan nan nan nan nan nan nan 0 0 0 9360 0 0 0 0 0 0 0.00071379820753847032 0.00071379820753847032 0.014509337714583053 0.00042529233638657823 0.66611593271716329 0.047579709530032988 0 running
9050 5.7566504025015712 0.00071362500843103643 0.02 184.47495699999999 0.062087271249275072 0.089049069885209192 0.088732474606352918 0.023384153133003682 0 0.054075306203197684 nan nan nan nan nan nan nan nan nan nan 0.59373316008866106 0.57489084315613315 0.19594433979780224 0 0.30425114721676172 nan nan nan nan nan nan nan nan nan nan 0 0 0 9360 0 0 0 0 0 0 0.00071362500843103643 0.00071362500843103643 0.01466264866770885 0.00042294361076104434 0.66246402843322916 0.04731885922376227 0 running
9060 5.7637861788638016 0.00071355417815385303 0.02 184.604491 0.062009046312255393 0.088933205192324657 0.088624544268984431 0.02335370533799553 0 0.054007302627496104 nan nan nan nan nan nan nan nan nan nan 0.58943323915528101 0.57053849578600402 0.19620526043146302 0 0.30158444075755775 nan nan nan nan nan nan nan nan nan nan 0 0 0 9360 0 0 0 0 0 0 0.00071355417815385303 0.00071355417815385303 0.01478996916741431 0.00042073756786177092 0.65950428578407438 0.047107449034313721 0 running
9070 5.7709218051517128 0.00071358459934140221 0.02 184.71469099999999 0.061920026693450786 0.088803513450439825 0.088498836364668515 0.02332420207843737 0 0.053928861354099508 nan nan nan nan nan nan nan nan nan nan 0.58497229083736513 0.56603146878310107 0.19646652211565163 0 0.29883846453891927 nan nan nan nan nan nan nan nan nan nan 0 0 0 9360 0 0 0 0 0 0 0.00071358459934140221 0.00071358459934140221 0.014845783381752518 0.00041864730638509472 0.65723925741121958 0.046945661293224701 0 running
9080 5.778058283386196 0.00071371425618867157 0.02 184.84274099999999 0.061821769376058551 0.088662041946546713 0.088357817026085986 0.023295742453022079 0 0.053841459078936768 nan nan nan nan nan nan nan nan nan nan 0.58035240991115411 0.56137669593794315 0.19673117672319362 0 0.29600467798406005 nan nan nan nan nan nan nan nan nan nan 0 0 0 9360 0 0 0 0 0 0 0.00071371425618867157 0.00071371425618867157 0.014882957130417625 0.00041664543859157776 0.65565633560628622 0.046832595449895799 0 running
9090 5.7851965923316264 0.00071394064440117786 0.02 184.97799599999999 0.061719575988642361 0.088515881293701471 0.088209888731045988 0.023268444448387261 0 0.05375001472462259 nan nan nan nan nan nan nan nan nan nan 0.57557048939540523 0.55657459875619386 0.1970028896778846 0 0.29307434349696204 nan nan nan nan nan nan nan nan nan nan 0 0 0 9360 0 0 0 0 0 0 0.00071394064440117786 0.00071394064440117786 0.014854695105144576 0.00041470730423092051 0.6547292499421844 0.04676637504524718 0 running
9100 5.7923376863396872 0.00071426155496625145 0.02 185.10052099999999 0.061620883435107625 0.088375067721386924 0.088066845331315119 0.023242300094445587 0 0.053661345692834005 nan nan nan nan nan nan nan nan nan nan 0.57061222526802935 0.55161146501956948 0.19728585296384793 0 0.29003848152344858 nan nan nan nan nan nan nan nan nan nan 0 0 0 9360 0 0 0 0 0 0 0.00071426155496625145 0.00071426155496625145 0.014825665376056459 0.00041281385160140327 0.6544170898055558 0.046744077892607309 0 running
9110 5.7994825092341911 0.00071467750050763592 0.02 185.21105700000001 0.061531548372912477 0.088247602645092627 0.087937968047629822 0.023217129282348634 0 0.053580747818362209 nan nan nan nan nan nan nan nan nan nan 0.56545049225534705 0.54645717170513608 0.19758437255450811 0 0.28688783994844624 nan nan nan nan nan nan nan nan nan nan 0 0 0 9360 0 0 0 0 0 0 0.00071467750050763592 0.00071467750050763592 0.01479594212573551 0.00041095229512025925 0.6546369119527683 0.04675977947456763 0 running
9120 5.8066320472457065 0.0007151955760084643 0.02 185.31692699999999 0.061453472637555955 0.088136129851408854 0.087826294688552048 0.023192666479678561 0 0.053509917713745365 nan nan nan nan nan nan nan nan nan nan 0.56005017307933125 0.54107095828199503 0.19790210171069678 0 0.28361302420975143 nan nan nan nan nan nan nan nan nan nan 0 0 0 9360 0 0 0 0 0 0 0.0007151955760084643 0.0007151955760084643 0.014765602337521304 0.00040911330625245716 0.65531395619952393 0.046808139777958391 0 running
9130 5.8137872796734502 0.00071580108245384579 0.02 185.445018 0.061385276920472291 0.088038758315784671 0.087729693691132773 0.023168745932715843 0 0.053447621125691618 nan nan nan nan nan nan nan nan nan nan 0.55437642206436355 0.53541159517676817 0.19824101159322183 0 0.28020492505389949 nan nan nan nan nan nan nan nan nan nan 0 0 0 9360 0 0 0 0 0 0 0.00071580108245384579 0.00071580108245384579 0.014734712498897901 0.00040730964291578594 0.65636502744596736 0.046883216295640753 0 running
9140 5.8209488521335055 0.00071645350763470134 0.02 185.57284200000001 0.061324241512826075 0.087951704069963027 0.087643904430366973 0.023145398199894796 0 0.053391453390741889 nan nan nan nan nan nan nan nan nan nan 0.54840238438802069 0.52944697657374262 0.19860033165084578 0 0.27665560403050127 nan nan nan nan nan nan nan nan nan nan 0 0 0 9360 0 0 0 0 0 0 0.00071645350763470134 0.00071645350763470134 0.014703309232818925 0.00040558242312050953 0.65772368754549193 0.046980263445709262 0 running
9150 5.828117092281313 0.00071712951878593776 0.02 185.68040199999999 0.06126759785412958 0.087871027684084391 0.087564634585373627 0.023122641690249739 0 0.053339042351863646 nan nan nan nan nan nan nan nan nan nan 0.54211396001733347 0.5231601760779786 0.19897579787395303 0 0.2782653870373043 nan nan nan nan nan nan nan nan nan nan 0 0 0 9360 0 0 0 0 0 0 0.00071712951878593776 0.00071712951878593776 0.014671385396032327 0.00040397284633564073 0.65928662676968508 0.047091901961840932 0 running
9160 5.8352921530784787 0.00071781451586176682 0.02 185.79467 0.061212970660094457 0.087793157934137042 0.087488370640190827 0.023100224860341065 0 0.053288506446004545 nan nan nan nan nan nan nan nan nan nan 0.53551120103605288 0.51655133021340394 0.19935939072839037 0 0.28003888577514535 nan nan nan nan nan nan nan nan nan nan 0 0 0 9360 0 0 0 0 0 0 0.00071781451586176682 0.00071781451586176682 0.014638890549640847 0.00040251922165805899 0.66092306662403555 0.047208790522989375 0 running
9170 5.842474049791841 0.00071849486151882793 0.02 185.91919300000001 0.061158354336331829 0.087714814097770905 0.087412399037981953 0.023077569893858823 0 0.053238437013625371 nan nan nan nan nan nan nan nan nan nan 0.5286063433528404 0.50963526829496197 0.19973952589652866 0 0.2818826636788932 nan nan nan nan nan nan nan nan nan nan 0 0 0 9360 0 0 0 0 0 0 0.00071849486151882793 0.00071849486151882793 0.014605742018379034 0.00040125665214122829 0.66249503399151533 0.047321073906499332 0 running
9180 5.8496626575471531 0.00071915621450245322 0.02 186.03492700000001 0.061102579961391346 0.087634045035692928 0.087335167799238542 0.023054254069211084 0 0.053188066097240007 nan nan nan nan nan nan nan nan nan nan 0.5214189714777453 0.50243555231296588 0.20010192817582917 0 0.28380963513455204 nan nan nan nan nan nan nan nan nan nan 0 0 0 9360 0 0 0 0 0 0 0.00071915621450245322 0.00071915621450245322 0.014571835335519914 0.00040021598295370198 0.66387581951740704 0.04741970144416717 0 running
9190 5.8568577068189214 0.00071978420560211618 0.02 186.14043699999999 0.061045998164800525 0.087551507578137538 0.087257056404505998 0.023030338494992836 0 0.053137675870387695 nan nan nan nan nan nan nan nan nan nan 0.51397017624117192 0.49497727306097516 0.20043176511092131 0 0.28583038956788354 nan nan nan nan nan nan nan nan nan nan 0 0 0 9360 0 0 0 0 0 0 0.00071978420560211618 0.00071978420560211618 0.014537044465109636 0.00039942300137143079 0.66496595068694997 0.047497567956359586 0 running
9200 5.8640587916982883 0.00072036607895732598 0.02 186.25546700000001 0.060990248488865383 0.087469659629345303 0.087180479713069359 0.023005854100635909 0 0.053088655399186419 nan nan nan nan nan nan nan nan nan nan 0.50627829605492702 0.48728180005284277 0.20071610492332947 0 0.28795207505957998 nan nan nan nan nan nan nan nan nan nan 0 0 0 9360 0 0 0 0 0 0 0.00072036607895732598 0.00072036607895732598 0.014501213372870903 0.00039889823991438373 0.6657043103012007 0.047550307928861758 0 running
9210 5.8712653971203101 0.00072089276297233223 0.02 186.37082000000001 0.060937306707678204 0.087391113254575173 0.087108670172472022 0.02298058213858642 0 0.053042836400492364 nan nan nan nan nan nan nan nan nan nan 0.49835775917273251 0.47936534710862383 0.20094496059063394 0 0.29017727910244856 nan nan nan nan nan nan nan nan nan nan 0 0 0 9360 0 0 0 0 0 0 0.00072089276297233223 0.00072089276297233223 0.014464148215264896 0.00039865743825312277 0.66607295577359604 0.047576639748346368 0 running
9220 5.8784769490949076 0.00072136138472869325 0.02 186.50042999999999 0.060888621661691608 0.087317824469269278 0.087044031997419363 0.022954236731737847 0 0.053001493176631838 nan nan nan nan nan nan nan nan nan nan 0.49022041388289467 0.47539880515290378 0.2011110814349113 0 0.29250302008688095 nan nan nan nan nan nan nan nan nan nan 0 0 0 9360 0 0 0 0 0 0 0.00072136138472869325 0.00072136138472869325 0.014425615999114683 0.00039870424229411912 0.6660887750293506 0.047577769695187171 0 running
9230 5.8856928926276391 0.00072177817768949947 0.02 186.60764599999999 0.060844842596238922 0.087250922760434849 0.08698747979690033 0.022926728296429562 0 0.052965029202896106 nan nan nan nan nan nan nan nan nan nan 0.48944446510491946 0.47904373886590246 0.2012096446961289 0 0.29492002553113633 nan nan nan nan nan nan nan nan nan nan 0 0 0 9360 0 0 0 0 0 0 0.00072177817768949947 0.00072177817768949947 0.014385351266817758 0.00039904715296381542 0.66581047098243695 0.047557890834672344 0 running
9240 5.8929127955017035 0.00072216046693796227 0.02 186.72689199999999 0.060805915423617386 0.087190594403480343 0.086938766815999741 0.022898140214124049 0 0.052933193738295012 nan nan nan nan nan nan nan nan nan nan 0.49509174491576424 0.48281380680292252 0.20123830065184345 0 0.29741239431960015 nan nan nan nan nan nan nan nan nan nan 0 0 0 9360 0 0 0 0 0 0 0.00072216046693796227 0.00072216046693796227 0.014343066859702833 0.00039969704262007497 0.66532956742304983 0.047523540580394145 0 running
9250 5.9001364534964287 0.00072253483138929469 0.02 186.85236499999999 0.060771411284355106 0.087136465993065779 0.08689717216148117 0.02286835812444904 0 0.052905369375237848 nan nan nan nan nan nan nan nan nan nan 0.50086600826827898 0.48825814695459602 0.2011968198632923 0 0.2999574842241769 nan nan nan nan nan nan nan nan nan nan 0 0 0 9360 0 0 0 0 0 0 0.00072253483138929469 0.00072253483138929469 0.014298465966206373 0.00040065303232929137 0.66473879240194711 0.047481342364556534 0 running
9260 5.9073639469169894 0.00072292987127919157 0.02 186.97482400000001 0.060740735261179755 0.087087908777259443 0.086861741957322922 0.022837293661249283 0 0.052880776729513704 nan nan nan nan nan nan nan nan nan nan 0.50672888469213884 0.49410689333674723 0.20108625554618431 0 0.30252563373600255 nan nan nan nan nan nan nan nan nan nan 0 0 0 9360 0 0 0 0 0 0 0.00072292987127919157 0.00072292987127919157 0.014251258642992211 0.00040190869718390162 0.66412984008220188 0.047437845770243105 0 running
9270 5.9145956095871233 0.00072336701945332072 0.02 187.09405899999999 0.060713316638357252 0.087044357167112438 0.08683149708410802 0.022804936240614727 0 0.052858679218320798 nan nan nan nan nan nan nan nan nan nan 0.51264445589937124 0.50002070651071628 0.20090828184478671 0 0.30507942654579884 nan nan nan nan nan nan nan nan nan nan 0 0 0 9360 0 0 0 0 0 0 0.00072336701945332072 0.00072336701945332072 0.014201196689067977 0.00040345205471444814 0.66358724371557043 0.047399088886871353 0 running
9280 5.9218319235874999 0.00072385562438089326 0.02 187.20512600000001 0.060688395719041638 0.087005170073319357 0.08680507012151413 0.022771363785830698 0 0.052837979217605448 nan nan nan nan nan nan nan nan nan nan 0.51858113576399434 0.50596391156830822 0.20084361010744356 0 0.30757274884898661 nan nan nan nan nan nan nan nan nan nan 0 0 0 9360 0 0 0 0 0 0 0.00072385562438089326 0.00072385562438089326 0.01414816310957266 0.00040526658162666544 0.66318486625072381 0.047370347639351974 0 running
9290 5.9290734087568184 0.00072439552220924337 0.02 187.32145700000001 0.060665190995889531 0.086969384471350747 0.086781226507115158 0.022736724215760347 0 0.052817736181801522 nan nan nan nan nan nan nan nan nan nan 0.5245110477573115 0.51190586401231919 0.20077324007160557 0 0.30995057192203956 nan nan nan nan nan nan nan nan nan nan 0 0 0 9360 0 0 0 0 0 0 0.00072439552220924337 0.00072439552220924337 0.014092228192257642 0.00040733066085056396 0.6629786274849454 0.047355616298923674 0 running
9300 5.9363205499372818 0.00072498109217154793 0.02 187.43754200000001 0.060642879712998005 0.086936162352352464 0.086758540495919911 0.02270130304535712 0 0.052796822498440414 nan nan nan nan nan nan nan nan nan nan 0.53040849259355283 0.51781910399316888 0.20062168142354775 0 0.31215065156574368 nan nan nan nan nan nan nan nan nan nan 0 0 0 9360 0 0 0 0 0 0 0.00072498109217154793 0.00072498109217154793 0.014033578173104121 0.00040961852118092588 0.66300139187190743 0.047357242326565532 0 running
9310 5.9435737635027825 0.00072560494830550327 0.02 187.572183 0.060620593131896459 0.086904556003601363 0.08673553789008788 0.022665421856140969 0 0.052774092347778669 nan nan nan nan nan nan nan nan nan nan 0.53624794721589053 0.52367688911941612 0.20039002949561535 0 0.3141079692005006 nan nan nan nan nan nan nan nan nan nan 0 0 0 9360 0 0 0 0 0 0 0.00072560494830550327 0.00072560494830550327 0.013972467698766408 0.00041210135482336937 0.66327446483473096 0.047376747538216378 0 running
9320 5.9508333932798285 0.00072626014186856296 0.02 187.703892 0.060597469712326588 0.086873525219960182 0.086710813690554028 0.022629327317040517 0 0.05274851303912656 nan nan nan nan nan nan nan nan nan nan 0.54200137476294308 0.52944974472630668 0.20008003168948507 0 0.31576205549277048 nan nan nan nan nan nan nan nan nan nan 0 0 0 9360 0 0 0 0 0 0 0.00072626014186856296 0.00072626014186856296 0.013909226198181447 0.00041474852409987336 0.66381458383501846 0.047415327466849073 0 running
9330 5.9580997191181053 0.00072694068301777713 0.02 187.81840299999999 0.060572789442046644 0.086842114355904346 0.086683242327759258 0.022593151363446893 0 0.05271931609158037 nan nan nan nan nan nan nan nan nan nan 0.54763993328582294 0.53510771178424599 0.19969408513602627 0 0.31706644827377761 nan nan nan nan nan nan nan nan nan nan 0 0 0 9360 0 0 0 0 0 0 0.00072694068301777713 0.00072694068301777713 0.013844280288814017 0.00041752864791416976 0.66462081001201301 0.047472915050980918 0 running
9340 5.9653729622636664 0.00072764061183998145 0.02 187.95394300000001 0.060546040776618265 0.086809521268899112 0.086652075002711978 0.022556926076482815 0 0.052686101292358227 nan nan nan nan nan nan nan nan nan nan 0.55312835004795524 0.54061319609176217 0.19923523179953984 0 0.31799815546633259 nan nan nan nan nan nan nan nan nan nan 0 0 0 9360 0 0 0 0 0 0 0.00072764061183998145 0.00072764061183998145 0.013778181511211846 0.00042041055151922349 0.66568317389295939 0.047548798185414347 0 running
9350 5.972653278610232 0.00072835278066112757 0.02 188.07725099999999 0.060517030691068667 0.086775249554006423 0.086617110142857445 0.022520622666010036 0 0.052648920866376174 nan nan nan nan nan nan nan nan nan nan 0.55842685555398175 0.54592318794928385 0.19870709492968475 0 0.31856361414416778 nan nan nan nan nan nan nan nan nan nan 0 0 0 9360 0 0 0 0 0 0 0.00072835278066112757 0.00072835278066112757 0.013711637298591503 0.00042336410039405306 0.66698468205642714 0.047641763054331626 0 running
9360 5.9799407431196139 0.00072906830083824259 0.02 188.20480800000001 0.06048590386450612 0.086739143532988047 0.086578686193247281 0.022484291587996176 0 0.052608283943997414 nan nan nan nan nan nan nan nan nan nan 0.56349393546890436 0.55099241373087227 0.19811347228414977 0 0.31879795982858783 nan nan nan nan nan nan nan nan nan nan 0 0 0 9360 0 0 0 0 0 0 0.00072906830083824259 0.00072906830083824259 0.013645546132217024 0.00042110797835735346 0.6685030895352938 0.047750220731508038 0 running
9370 5.9872353331835404 0.00072977679880954674 0.02 188.31634199999999 0.060453113564108867 0.086701378671816501 0.08653762814325297 0.022448137078219299 0 0.052565061508943835 nan nan nan nan nan nan nan nan nan nan 0.56829151256453536 0.55577942820278636 0.19745873699640226 0 0.3187572481301415 nan nan nan nan nan nan nan nan nan nan 0 0 0 9360 0 0 0 0 0 0 0.00072977679880954674 0.00072977679880954674 0.01358101894601179 0.00041762169139414421 0.67021239183678716 0.047872313753172184 0 running
9380 5.9945369181038588 0.00073046725764168939 0.02 188.428335 0.060419377659564205 0.086662463358212233 0.086495146840841031 0.022412575037544902 0 0.052520372063605193 nan nan nan nan nan nan nan nan nan nan 0.57279074231254057 0.56025349363606858 0.19674807271370742 0 0.31850689137272215 nan nan nan nan nan nan nan nan nan nan 0 0 0 9360 0 0 0 0 0 0 0.00073046725764168939 0.00073046725764168939 0.013519364418107398 0.00041416659571830741 0.67208399071016278 0.048005999387125887 0 running
9390 6.0014621255861842 0.00073109519053811986 0.02 188.57829899999999 0.060387311986323598 0.086625197219364181 0.086454867453030729 0.022379715021161893 0 0.052477773396216433 nan nan nan nan nan nan nan nan nan nan 0.57676415137623627 0.56418981061156703 0.19602836938485391 0 0.31820139411103998 nan nan nan nan nan nan nan nan nan nan 0 0 0 9360 0 0 0 0 0 0 0.00073109519053811986 0.00073109519053811986 0.013464905789215905 0.00041102405440530634 0.67397972651886684 0.048141409087890573 0 running
9400 6.0087765535196809 0.00073172087812182097 0.02 188.703272 0.060354148508527744 0.086586212798364315 0.086413655424393165 0.022345856157749172 0 0.052433642186623913 nan nan nan nan nan nan nan nan nan nan 0.58064716435669439 0.56802195523588106 0.19522622573901671 0 0.31779995565691521 nan nan nan nan nan nan nan nan nan nan 0 0 0 9360 0 0 0 0 0 0 0.00073172087812182097 0.00073172087812182097 0.013413014450682516 0.00040798291392761212 0.67607882061123548 0.048291344380360923 0 running
9410 6.0160969925812564 0.00073230084592604923 0.02 188.81379100000001 0.060322391263731505 0.086548349708444841 0.086374975332016171 0.022312566361038091 0 0.052391321995118229 nan nan nan nan nan nan nan nan nan nan 0.58421547614349167 0.57153106880614113 0.19438714656566169 0 0.31733888874046201 nan nan nan nan nan nan nan nan nan nan 0 0 0 9360 0 0 0 0 0 0 0.00073230084592604923 0.00073230084592604923 0.013368050117129293 0.00040537849421148485 0.67824636977899766 0.048446169321078834 0 running
9420 6.0234229517926998 0.00073282929514100978 0.02 188.941337 0.060292682492158717 0.086512396571766348 0.08633982194180792 0.022279768696689108 0 0.052351600775808922 nan nan nan nan nan nan nan nan nan nan 0.58747539793610815 0.57472768772568339 0.19351848760888668 0 0.31684657691208573 nan nan nan nan nan nan nan nan nan nan 0 0 0 9360 0 0 0 0 0 0 0.00073282929514100978 0.00073282929514100978 0.013330664791168628 0.00040335930044671433 0.68044730107749707 0.048603378699709057 0 running
9430 6.0307538952734552 0.00073330284157594264 0.02 189.07342600000001 0.060265523280141002 0.086479010640125573 0.086308869432339244 0.022247785700615693 0 0.052315029280141166 nan nan nan nan nan nan nan nan nan nan 0.59042981855571108 0.57761833324132539 0.19262784160838997 0 0.31633981489391383 nan nan nan nan nan nan nan nan nan nan 0 0 0 9360 0 0 0 0 0 0 0.00073330284157594264 0.00073330284157594264 0.013300846728393207 0.00040204887203450251 0.68264459990974835 0.048760328616464142 0 running
9440 6.0380892674657094 0.00073372074483645021 0.02 189.17622800000001 0.060241158634158409 0.086448529639810756 0.086282376298436908 0.022216963292458848 0 0.052281887622774498 nan nan nan nan nan nan nan nan nan nan 0.59307147797400661 0.5801975466253575 0.19172284027858311 0 0.31582607985964528 nan nan nan nan nan nan nan nan nan nan 0 0 0 9360 0 0 0 0 0 0 0.00073372074483645021 0.00073372074483645021 0.01327868517556789 0.00040156780845546455 0.68479995512591618 0.048914282560638685 0 running
9450 6.045428525619494 0.00073408594800825836 0.02 189.288759 0.060219439478464108 0.086420771106014496 0.086260028238915792 0.022187404503661717 0 0.052252094566210459 nan nan nan nan nan nan nan nan nan nan 0.59537454853795635 0.58243781998166722 0.19081089510649685 0 0.31530593994549816 nan nan nan nan nan nan nan nan nan nan 0 0 0 9360 0 0 0 0 0 0 0.00073408594800825836 0.00073408594800825836 0.013265377402181937 0.00040205284223000646 0.68687572000648323 0.049062551480835721 0 running
9460 6.052771160764256 0.00073440160988901004 0.02 189.40877900000001 0.0601997641420026 0.086394866872517323 0.086240867574295166 0.022159079588256206 0 0.052225213677666554 nan nan nan nan nan nan nan nan nan nan 0.59728836145692688 0.5842819775063508 0.18989887564207786 0 0.31477523693060044 nan nan nan nan nan nan nan nan nan nan 0 0 0 9360 0 0 0 0 0 0 0.00073440160988901004 0.00073440160988901004 0.013261337469506237 0.00040375252673979296 0.68883760607567235 0.049202686200211475 0 running
9470 6.0601166968474276 0.00073467141966146183 0.02 189.51641599999999 0.060181127155387364 0.086369223373052917 0.086223409373903034 0.022131932049096973 0 0.052200563618745408 nan nan nan nan nan nan nan nan nan nan 0.59874890070631648 0.58565672267162283 0.18899274024766743 0 0.31422686797441912 nan nan nan nan nan nan nan nan nan nan 0 0 0 9360 0 0 0 0 0 0 0.00073467141966146183 0.00073467141966146183 0.013264869460694795 0.00040682020650028807 0.69065708451542474 0.049332648946045297 0 running
9480 6.0674647000553659 0.00073489996459532236 0.02 189.62354300000001 0.060162579596068258 0.086342158826542573 0.086206345596837472 0.022105878641547744 0 0.05217765456363601 nan nan nan nan nan nan nan nan nan nan 0.59971954350009038 0.5865211853559742 0.18809715237033986 0 0.31365214025228338 nan nan nan nan nan nan nan nan nan nan 0 0 0 9360 0 0 0 0 0 0 0.00073489996459532236 0.00073489996459532236 0.013273922807446185 0.00041128388021138753 0.6923126134359493 0.049450901011921893 0 running
9490 6.0748147850877601 0.00073509225514654659 0.02 189.73005000000001 0.060143849362944313 0.086312764973832515 0.086189488090754926 0.022080840640112957 0 0.052156766606205461 nan nan nan nan nan nan nan nan nan nan 0.60022325468210802 0.58690525752497191 0.1872151438988312 0 0.31304175834859005 nan nan nan nan nan nan nan nan nan nan 0 0 0 9360 0 0 0 0 0 0 0.00073509225514654659 0.00073509225514654659 0.013285237072368028 0.00041702657517998706 0.69379033913205657 0.049556452847469575 0 running
9500 6.0821666178278733 0.00073525347801293799 0.02 189.83022600000001 0.060125240419929185 0.086281119283999494 0.086173461757947642 0.022056758809449867 0 0.052138517550319487 nan nan nan nan nan nan nan nan nan nan 0.60323986527420947 0.58687966613970177 0.18634789748597758 0 0.31238648689077508 nan nan nan nan nan nan nan nan nan nan 0 0 0 9360 0 0 0 0 0 0 0.00073525347801293799 0.00073525347801293799 0.013295028958586219 0.00042375982829571311 0.69508447654793859 0.04964889123441589 0 running
9510 6.0895199165829821 0.00073538891237284981 0.02 189.94341399999999 0.060106980237346112 0.086247574606666627 0.086158603056786173 0.022033584253373862 0 0.052123099725397068 nan nan nan nan nan nan nan nan nan nan 0.61019179588150818 0.58650192544537116 0.18549471634713388 0 0.31167753766413342 nan nan nan nan nan nan nan nan nan nan 0 0 0 9360 0 0 0 0 0 0 0.00073538891237284981 0.00073538891237284981 0.013299817157505405 0.00043103271660476286 0.69619709356659865 0.049728363878689813 0 running
9520 6.0968744525984091 0.0007355038463902516 0.02 190.06778399999999 0.060088867602214671 0.086212107421486051 0.086144487291737862 0.022011246931744277 0 0.052110122819678341 nan nan nan nan nan nan nan nan nan nan 0.61323855098226243 0.58580143280754338 0.18465321608062712 0 0.31090672734017111 nan nan nan nan nan nan nan nan nan nan 0 0 0 9360 0 0 0 0 0 0 0.0007355038463902516 0.0007355038463902516 0.013297335568164719 0.00043829423550186772 0.69713689720415362 0.049795492710014606 0 running
9530 6.104230049393454 0.00073560343458891416 0.02 190.19144499999999 0.06007036599362315 0.086174345099164537 0.086130133237653464 0.021989663635561429 0 0.05209876621790778 nan nan nan nan nan nan nan nan nan nan 0.61270642611721549 0.58479296268204461 0.18381967890477213 0 0.31006643647493259 nan nan nan nan nan nan nan nan nan nan 0 0 0 9360 0 0 0 0 0 0 0.00073560343458891416 0.00073560343458891416 0.013288277570357509 0.00044500167958878454 0.69791775384061583 0.049851268184106512 0 running
9540 6.1115865805648042 0.00073569253427342902 0.02 190.30897400000001 0.06005090215414003 0.086133929894982558 0.086114486400147239 0.021968751983248831 0 0.05208809400250778 nan nan nan nan nan nan nan nan nan nan 0.60907239661048296 0.58349011983633969 0.18298954131503242 0 0.30914938847630136 nan nan nan nan nan nan nan nan nan nan 0 0 0 9360 0 0 0 0 0 0 0.00073569253427342902 0.00073569253427342902 0.013269141962226928 0.00045070382319397316 0.69855729936675981 0.049896950007450744 0 running
9550 6.1189439652603141 0.00073577539640379763 0.02 190.44029599999999 0.06003006671429869 0.086090765147061557 0.086096735120758106 0.02194841885471125 0 0.052077286952503812 nan nan nan nan nan nan nan nan nan nan 0.6028753083490157 0.58191078342543645 0.18215787417160145 0 0.30814838086555807 nan nan nan nan nan nan nan nan nan nan 0 0 0 9360 0 0 0 0 0 0 0.00073577539640379763 0.00073577539640379763 0.013238190901563534 0.00045507028749020321 0.69907571431841065 0.049933979646893473 0 running
9560 6.126302160608776 0.00073585544674566606 0.02 190.554483 0.060007503623240581 0.086044970105722901 0.086076104730949926 0.021928544636361836 0 0.052065427103299894 nan nan nan nan nan nan nan nan nan nan 0.59464944361154926 0.5800771910905772 0.18361076491997164 0 0.30705648436946453 nan nan nan nan nan nan nan nan nan nan 0 0 0 9360 0 0 0 0 0 0 0.00073585544674566606 0.00073585544674566606 0.013200248191213106 0.00045798551277708354 0.69949484192896905 0.049963917333393545 0 running
9570 6.1336611539000172 0.00073593539219975158 0.02 190.668047 0.059983198085453382 0.085996844049304716 0.086052491550725405 0.021908973894061937 0 0.052052172261826894 nan nan nan nan nan nan nan nan nan nan 0.59202362088769633 0.5780139393142476 0.18561856838048563 0 0.30586844707678973 nan nan nan nan nan nan nan nan nan nan 0 0 0 9360 0 0 0 0 0 0 0.00073593539219975158 0.00073593539219975158 0.013159352408712324 0.00045953230278588308 0.69983773127089388 0.049988409429271172 0 running
9580 6.1410209564334179 0.00073601741684050975 0.02 190.78945400000001 0.059957087444345615 0.085946716719297489 0.0860256847087989 0.021889529552198396 0 0.052037040899566109 nan nan nan nan nan nan nan nan nan nan 0.58981398328370283 0.57574569378865892 0.18758954488247692 0 0.3045828626095386 nan nan nan nan nan nan nan nan nan nan 0 0 0 9360 0 0 0 0 0 0 0.00073601741684050975 0.00073601741684050975 0.013118887750042357 0.00045991448695914251 0.70012833938846419 0.050009167151976681 0 running
9590 6.1483815996265001 0.00073610343270877907 0.02 190.920244 0.059929129205937945 0.085894842375482047 0.08599554818755345 0.02187003519537838 0 0.052019668805906472 nan nan nan nan nan nan nan nan nan nan 0.58742083166547654 0.57329533008451661 0.18949837445056872 0 0.30320288040444238 nan nan nan nan nan nan nan nan nan nan 0 0 0 9360 0 0 0 0 0 0 0.00073610343270877907 0.00073610343270877907 0.013081835088407311 0.00045938261459275873 0.70039074567739201 0.050027910458348458 0 running
9600 6.1557431338255695 0.00073619535775337156 0.02 191.03688099999999 0.059899206131416957 0.085841267405313365 0.08596187270544213 0.021850313701636356 0 0.0519997261361329 nan nan nan nan nan nan nan nan nan nan 0.58486486998598464 0.57068265894696946 0.19131844835550549 0 0.30173443857570803 nan nan nan nan nan nan nan nan nan nan 0 0 0 9360 0 0 0 0 0 0 0.00073619535775337156 0.00073619535775337156 0.013050661278030834 0.00045828769559148321 0.70064798449876342 0.050046284659894386 0 running
9610 6.1631056297362168 0.00073629535368794513 0.02 191.15535399999999 0.059867033198079234 0.085785713751220641 0.085924222661886249 0.02183019997095715 0 0.051976821421397555 nan nan nan nan nan nan nan nan nan nan 0.58216287977792991 0.5679236740839233 0.19302352648423637 0 0.30018401729531752 nan nan nan nan nan nan nan nan nan nan 0 0 0 9360 0 0 0 0 0 0 0.00073629535368794513 0.00073629535368794513 0.013027280609842096 0.00045693562029492328 0.70092088019942189 0.050065777209961998 0 running
9620 6.1704691817063306 0.00073640596124336332 0.02 191.258917 0.05983206580394379 0.085727495350853777 0.085881768403970452 0.021809565151223599 0 0.051950377827576576 nan nan nan nan nan nan nan nan nan nan 0.57932744257061797 0.56503021877994564 0.19458914600982169 0 0.29855767217734397 nan nan nan nan nan nan nan nan nan nan 0 0 0 9360 0 0 0 0 0 0 0.00073640596124336332 0.00073640596124336332 0.01301305600780688 0.00045561784776373151 0.70122741657260557 0.050087672665212524 0 running
9630 6.1778339116449414 0.00073653010327430317 0.02 191.37713199999999 0.059793407812780752 0.085665431524864014 0.085833120564446488 0.021788324000710107 0 0.051919517355187912 nan nan nan nan nan nan nan nan nan nan 0.57636699050446871 0.56201000889914432 0.19599346279967333 0 0.29686108074099238 nan nan nan nan nan nan nan nan nan nan 0 0 0 9360 0 0 0 0 0 0 0.00073653010327430317 0.00073653010327430317 0.0130088422778636 0.00045460576866567681 0.70158332974567439 0.05011309503474428 0 running
9640 6.1851999723129421 0.00073667097438775975 0.02 191.50534500000001 0.05974976424397134 0.085597798714629428 0.085776251818810559 0.02176641277948559 0 0.0518830067545204 nan nan nan nan nan nan nan nan nan nan 0.57328618669042064 0.55886704158733114 0.19721757219375524 0 0.29509979327079949 nan nan nan nan nan nan nan nan nan nan 0 0 0 9360 0 0 0 0 0 0 0.00073667097438775975 0.00073667097438775975 0.013014559322215204 0.00045414038925797482 0.70199860940009695 0.050142757867234357 0 running
9650 6.1925675489806267 0.0007368318336036674 0.02 191.622074 0.059699426015735899 0.085522257520842554 0.085708501297259571 0.0217437567559404 0 0.051839296379257119 nan nan nan nan nan nan nan nan nan nan 0.57008671120879195 0.55560250250415255 0.1982455532906191 0 0.29327933737293221 nan nan nan nan nan nan nan nan nan nan 0 0 0 9360 0 0 0 0 0 0 0.0007368318336036674 0.0007368318336036674 0.013030729341458783 0.00045439855333472131 0.70247896254016584 0.050177068805846936 0 running
9660 6.1999368586105064 0.00073701573543313078 0.02 191.735795 0.059640481941144942 0.08543616295105072 0.085626920731002906 0.021720344615778202 0 0.051786625367560561 nan nan nan nan nan nan nan nan nan nan 0.56676853683353767 0.55221628336464668 0.19906442736564189 0 0.29140517327338583 nan nan nan nan nan nan nan nan nan nan 0 0 0 9360 0 0 0 0 0 0 0.00073701573543313078 0.00073701573543313078 0.013057176929009059 0.00045555574813040112 0.70302647860775436 0.05021617709643026 0 running
9670 6.207308146191604 0.00073722522382248744 0.02 191.84332599999999 0.059571792074055906 0.085337914886642344 0.085529727915802586 0.021696219697466108 0 0.051723998596985905 nan nan nan nan nan nan nan nan nan nan 0.56333160726053577 0.54870901027371666 0.19966409172191257 0 0.2894839479297151 nan nan nan nan nan nan nan nan nan nan 0 0 0 9360 0 0 0 0 0 0 0.00073722522382248744 0.00073722522382248744 0.013093506852224483 0.00045774421608061288 0.70364023626377104 0.050260016929049169 0 running
9680 6.2146816782928651 0.00073746214792716209 0.02 191.95784800000001 0.05949394056872518 0.085228080375414808 0.08541794092712289 0.021671380785007747 0 0.051652161233956023 nan nan nan nan nan nan nan nan nan nan 0.55977724676544893 0.54508378682109937 0.20003722340265107 0 0.28751943019486703 nan nan nan nan nan nan nan nan nan nan 0 0 0 9360 0 0 0 0 0 0 0.00073746214792716209 0.00073746214792716209 0.013139215815257363 0.00046103279431960906 0.70431672511369137 0.05030833756123735 0 running
9690 6.2220577359826876 0.00073772759200058395 0.02 192.085925 0.059410051120906721 0.085110691534574109 0.085296574405268208 0.021645954796770735 0 0.051574102930763886 nan nan nan nan nan nan nan nan nan nan 0.55610785831210419 0.54134585693442783 0.20017914416198446 0 0.28551603684643739 nan nan nan nan nan nan nan nan nan nan 0 0 0 9360 0 0 0 0 0 0 0.00073772759200058395 0.00073772759200058395 0.01319376272237025 0.000461921401789167 0.70505010484539132 0.050360721827842653 0 running
9700 6.2294366059503874 0.00073802167435067074 0.02 192.199457 0.059324972226974075 0.084992229676670347 0.085173298276827639 0.021620073233129859 0 0.051494312669313244 nan nan nan nan nan nan nan nan nan nan 0.55232406162579284 0.53749901507347975 0.20008764928153866 0 0.28347795823800848 nan nan nan nan nan nan nan nan nan nan 0 0 0 9360 0 0 0 0 0 0 0.00073802167435067074 0.00073802167435067074 0.013256622537236641 0.00046247134646338261 0.70583243272334828 0.050416602390612866 0 running
9710 6.2368185705339236 0.00073834352146820014 0.02 192.31598399999999 0.059242865534608627 0.084878316802192363 0.085054681305036711 0.021593749709651174 0 0.051416612900509494 nan nan nan nan nan nan nan nan nan nan 0.54842065204276769 0.53354038874797083 0.19976280940783075 0 0.28140900546523839 nan nan nan nan nan nan nan nan nan nan 0 0 0 9360 0 0 0 0 0 0 0.00073834352146820014 0.00073834352146820014 0.013327321388481061 0.00046310778612025503 0.70665362096686146 0.05047525869378288 0 running
9720 6.2442038982628798 0.00073869131823356545 0.02 192.43482 0.059165516127837429 0.084771361542681389 0.084943545878669355 0.021566905705946323 0 0.051342675693775153 nan nan nan nan nan nan nan nan nan nan 0.54438401437250661 0.5294569067681838 0.19920675722908454 0 0.27931268186668717 nan nan nan nan nan nan nan nan nan nan 0 0 0 9360 0 0 0 0 0 0 0.00073869131823356545 0.00073869131823356545 0.013405456120801374 0.00046382127617097943 0.70750134511135365 0.05053581041845339 0 running
9730 6.2515928333332642 0.00073906210381836956 0.02 192.555374 0.059092578202813828 0.084670897414711635 0.084839317961965588 0.021539595714303156 0 0.051272205613554347 nan nan nan nan nan nan nan nan nan nan 0.54019246531487353 0.52522540151645669 0.19842346803286004 0 0.27719228058462625 nan nan nan nan nan nan nan nan nan nan 0 0 0 9360 0 0 0 0 0 0 0.00073906210381836956 0.00073906210381836956 0.013490701083219116 0.00046460062876768128 0.70836166430005731 0.050597261789139973 0 running
9740 6.2589855838070969 0.00073945173674223863 0.02 192.65788599999999 0.0590225207745846 0.08457482212846551 0.084739547171339136 0.021511968268509443 0 0.051203843813534225 nan nan nan nan nan nan nan nan nan nan 0.53581899254009457 0.52081577212333008 0.19741853459188707 0 0.27505097263978795 nan nan nan nan nan nan nan nan nan nan 0 0 0 9360 0 0 0 0 0 0 0.00073945173674223863 0.00073945173674223863 0.013582802551023773 0.00046543317051743184 0.70921929961974595 0.050658521454896702 0 running
9750 6.266382310312026 0.00073985501451508194 0.02 192.758928 0.058953431274503872 0.08448047903449353 0.084641168903931821 0.021484271808253668 0 0.051135922292806231 nan nan nan nan nan nan nan nan nan nan 0.53123502943804135 0.51619552288197312 0.19619892832547636 0 0.27289182958767372 nan nan nan nan nan nan nan nan nan nan 0 0 0 9360 0 0 0 0 0 0 0.00073985501451508194 0.00073985501451508194 0.013681580702968175 0.00046630509114633015 0.7100579501526616 0.050718425064453919 0 running
9760 6.2737831173828003 0.00074026609474292884 0.02 192.86902000000001 0.05888338940070053 0.084385150796700559 0.084541099054469784 0.021456901959627784 0 0.051066799298056777 nan nan nan nan nan nan nan nan nan nan 0.52641431585684129 0.51133445987943305 0.19477275651250636 0 0.27071770261725348 nan nan nan nan nan nan nan nan nan nan 0 0 0 9360 0 0 0 0 0 0 0.00074026609474292884 0.00074026609474292884 0.013786935307481853 0.00046720207497962923 0.71086084006791517 0.050775774344175441 0 running
9770 6.2811880521692887 0.00074067954769932096 0.02 192.985275 0.058810458283071514 0.084286131266318523 0.084436250898683382 0.021430086654254703 0 0.050994793985730751 nan nan nan nan nan nan nan nan nan nan 0.52133643923107387 0.50620902439714122 0.19314909303767802 0 0.26853084341211714 nan nan nan nan nan nan nan nan nan nan 0 0 0 9360 0 0 0 0 0 0 0.00074067954769932096 0.00074067954769932096 0.013898872233461866 0.00046811021908884981 0.7116115201694766 0.050829394351486444 0 running
9780 6.2885971187523202 0.00074109235845629649 0.02 193.09782999999999 0.058732884637945557 0.084181005136623493 0.084323845316380611 0.021403880315984995 0 0.050918366844754391 nan nan nan nan nan nan nan nan nan nan 0.51598966786830314 0.50080581246830147 0.19205206615831871 0 0.26633213094799368 nan nan nan nan nan nan nan nan nan nan 0 0 0 9360 0 0 0 0 0 0 0.00074109235845629649 0.00074109235845629649 0.014017590883442906 0.00046901714715056529 0.71229487462325691 0.050878205383950853 0 running
9790 6.2960103165928718 0.00074150651514749905 0.02 193.20635799999999 0.058649894284921129 0.084068689544129674 0.084202657112760357 0.021378320989152069 0 0.050836855364297946 nan nan nan nan nan nan nan nan nan nan 0.51037236549842002 0.4951234377339086 0.1934647685070412 0 0.2641200033672676 nan nan nan nan nan nan nan nan nan nan 0 0 0 9360 0 0 0 0 0 0 0.00074150651514749905 0.00074150651514749905 0.01414363069360999 0.00046991323851231214 0.71289831767300682 0.0509213084589785 0 running
9800 6.3034276994709852 0.00074193020323005184 0.02 193.317904 0.058562351892826124 0.083950300830260796 0.084074065128615677 0.021353430960190916 0 0.050751106840958057 nan nan nan nan nan nan nan nan nan nan 0.50449233381560132 0.48917188654878352 0.19485158589998663 0 0.26188920699870322 nan nan nan nan nan nan nan nan nan nan 0 0 0 9360 0 0 0 0 0 0 0.00074193020323005184 0.00074193020323005184 0.014277916201716326 0.00047079254093620727 0.7134128052948463 0.050958057574862978 0 running
9810 6.3108494262089545 0.00074237507286881242 0.02 193.420288 0.058472434223193225 0.083828703153727105 0.08394154304022064 0.021329186827002113 0 0.050663196590999056 nan nan nan nan nan nan nan nan nan nan 0.49836124294875972 0.482966308908584 0.19617888918625725 0 0.25962681553870859 nan nan nan nan nan nan nan nan nan nan 0 0 0 9360 0 0 0 0 0 0 0.00074237507286881242 0.00074237507286881242 0.014421800726987699 0.00047165295286713944 0.71383322533019011 0.050988087577419246 0 running
9820 6.318275762675257 0.00074285005683779508 0.02 193.55282099999999 0.05838267305337428 0.083707224774805647 0.083809128412534073 0.021305566982539877 0 0.050575546413954044 nan nan nan nan nan nan nan nan nan nan 0.49200053711606212 0.47660160886260089 0.19740563642419451 0 0.25731517663221137 nan nan nan nan nan nan nan nan nan nan 0 0 0 9360 0 0 0 0 0 0 0.00074285005683779508 0.00074285005683779508 0.014577545378725432 0.00047249565248665403 0.71248773234191454 0.050891980935298078 0 running
9830 6.3257070231663199 0.0007433561617202672 0.02 193.67109400000001 0.058294647895569714 0.08358798735063265 0.083679344361330149 0.021282523381644665 0 0.050489600540907453 nan nan nan nan nan nan nan nan nan nan 0.48547330430300728 0.47004977064663067 0.19849022070155131 0 0.2549340695473219 nan nan nan nan nan nan nan nan nan nan 0 0 0 9360 0 0 0 0 0 0 0.0007433561617202672 0.0007433561617202672 0.014737752537113197 0.00047332398614560793 0.7087066646233009 0.050621904669397672 0 running
9840 6.3331434824455801 0.00074388558697301122 0.02 193.78286299999999 0.058209202049996474 0.083471978114677547 0.083553613866079041 0.021260009013571876 0 0.050406254698899922 nan nan nan nan nan nan nan nan nan nan 0.4788007370727011 0.46330980995971976 0.19939900302033076 0 0.25246676663584156 nan nan nan nan nan nan nan nan nan nan 0 0 0 9360 0 0 0 0 0 0 0.00074388558697301122 0.00074388558697301122 0.014896307678311528 0.00047163522669639222 0.7049556619195646 0.050353975904562198 0 running
9850 6.3405853016890266 0.00074442467002834415 0.02 193.88840500000001 0.058126610178729249 0.083359594333282772 0.083432370148578766 0.021238003594314193 0 0.050325728029097877 nan nan nan nan nan nan nan nan nan nan 0.47194391531625463 0.45639531047856186 0.20011372292902685 0 0.24990553828640891 nan nan nan nan nan nan nan nan nan nan 0 0 0 9360 0 0 0 0 0 0 0.00074442467002834415 0.00074442467002834415 0.01505463798645406 0.00046828813604108668 0.70130774478357538 0.050093410394573573 0 running
9860 6.3480324930151868 0.00074495813584166874 0.02 194.01193000000001 0.058047094774260587 0.083251211428530134 0.083315926826839845 0.021216499717250689 0 0.050248167439964367 nan nan nan nan nan nan nan nan nan nan 0.46491149717379709 0.44931557265021788 0.20063495424150268 0 0.24725242852406207 nan nan nan nan nan nan nan nan nan nan 0 0 0 9360 0 0 0 0 0 0 0.00074495813584166874 0.00074495813584166874 0.015212045636908245 0.00046492629324197736 0.6978269890801243 0.0498447849869217 0 running
9870 6.3554849264775362 0.00074547322669243443 0.02 194.13591199999999 0.057971055945285663 0.083147485352875541 0.0832048407096561 0.021195503679176067 0 0.050173871913749446 nan nan nan nan nan nan nan nan nan nan 0.45771054920051285 0.44207763465055616 0.20098041524930332 0 0.24451505950597766 nan nan nan nan nan nan nan nan nan nan 0 0 0 9360 0 0 0 0 0 0 0.00074547322669243443 0.00074547322669243443 0.015367343592097951 0.00046158343503098211 0.6945643360876731 0.049611738344357705 0 running
9880 6.3629423737661712 0.0007459628661408669 0.02 194.28310200000001 0.057898950415035448 0.083049047928460892 0.083099841076534509 0.02117487322007839 0 0.05010328423524938 nan nan nan nan nan nan nan nan nan nan 0.45230734280220142 0.44308237489088809 0.20117916556369808 0 0.24415236758095157 nan nan nan nan nan nan nan nan nan nan 0 0 0 9360 0 0 0 0 0 0 0.0007459628661408669 0.0007459628661408669 0.015519519481147579 0.00045828894702056646 0.69155627646081264 0.049396876942212252 0 running
9890 6.3704045749018468 0.00074642684219503432 0.02 194.41498100000001 0.05783125495957149 0.082956510505438161 0.083001721624369348 0.021154451255064238 0 0.050036896538891679 nan nan nan nan nan nan nan nan nan nan 0.45735410007707533 0.44813077937815399 0.20126412003433636 0 0.24428918620821349 nan nan nan nan nan nan nan nan nan nan 0 0 0 9360 0 0 0 0 0 0 0.00074642684219503432 0.00074642684219503432 0.015667822091844218 0.00045506779572913175 0.68882453736436555 0.049201752720831445 0 running
9900 6.37787128322109 0.00074686718032894157 0.02 194.53052400000001 0.057768402538416364 0.082870565915861269 0.082911092233865363 0.021134293829391141 0 0.049975027492817597 nan nan nan nan nan nan nan nan nan nan 0.46242602959582646 0.45320913143696095 0.20126538025549845 0 0.24444007634849491 nan nan nan nan nan nan nan nan nan nan 0 0 0 9360 0 0 0 0 0 0 0.00074686718032894157 0.00074686718032894157 0.015811695479323484 0.00045194030744723354 0.68637546637450664 0.049026819078513958 0 running
9910 6.3853422842888419 0.00074728817305722245 0.02 194.644079 0.057710453812185307 0.082791254338781761 0.082828094412364842 0.021114360990916663 0 0.049917743709172735 nan nan nan nan nan nan nan nan nan nan 0.46750621577202178 0.45829749536702391 0.20120593265079734 0 0.24463938022330442 nan nan nan nan nan nan nan nan nan nan 0 0 0 9360 0 0 0 0 0 0 0.00074728817305722245 0.00074728817305722245 0.015950862810114711 0.00044892254048737717 0.68420054974504929 0.04887146789053156 0 running
9920 6.3928173780964386 0.00074765997424330638 0.02 194.758736 0.0576572826148136 0.082718321934084391 0.082752603449752493 0.021094621782029806 0 0.049864957266528696 nan nan nan nan nan nan nan nan nan nan 0.47257947384023968 0.46337842300885346 0.20110006867655361 0 0.24492377783535374 nan nan nan nan nan nan nan nan nan nan 0 0 0 9360 0 0 0 0 0 0 0.00074765997424330638 0.00074765997424330638 0.016085304576519664 0.00044602779162630074 0.68227825508163675 0.04873416112871426 0 running
9930 6.4002903168356271 0.00074699535924972022 0.02 194.86412100000001 0.057608818157027911 0.082651603549916922 0.082684568220699736 0.021075052722033142 0 0.049816627834437785 nan nan nan nan nan nan nan nan nan nan 0.47762751149712257 0.46843200501272858 0.20095413858993405 0 0.24532887776722126 nan nan nan nan nan nan nan nan nan nan 0 0 0 9360 0 0 0 0 0 0 0.00074699535924972022 0.00074699535924972022 0.01621508291493157 0.00044327055455220733 0.68057791964355541 0.048612708597294503 0 running
9940 6.407756645745355 0.00074633724280141463 0.02 194.96865199999999 0.057565190979074712 0.082591279046984351 0.082624223542410211 0.021055580327603945 0 0.049772853130512114 nan nan nan nan nan nan nan nan nan nan 0.48263382951281664 0.47344070010476186 0.20076866070535671 0 0.24588464474706659 nan nan nan nan nan nan nan nan nan nan 0 0 0 9360 0 0 0 0 0 0 0.00074633724280141463 0.00074633724280141463 0.016330268254645224 0.00044066240745550535 0.67905724376081189 0.048504088891269573 0 running
9950 6.4152164249117423 0.00074568465324499253 0.02 195.091711 0.057526759127059707 0.082538029733014814 0.082572034689878879 0.021036139373346481 0 0.049733828060428649 nan nan nan nan nan nan nan nan nan nan 0.4875852622260084 0.47839080283871882 0.20054056778273877 0 0.24661321162436015 nan nan nan nan nan nan nan nan nan nan 0 0 0 9360 0 0 0 0 0 0 0.00074568465324499253 0.00074568465324499253 0.016380093690784435 0.00043821238687467211 0.67766577073118883 0.048404697960477271 0 running
9960 6.4226697017988199 0.000745036096857304 0.02 195.217793 0.057493672248233672 0.082492150231199421 0.082528210848487424 0.021016713361060126 0 0.04969958819564238 nan nan nan nan nan nan nan nan nan nan 0.49246878193027788 0.48326917960080806 0.20026450405578622 0 0.24752534985813957 nan nan nan nan nan nan nan nan nan nan 0 0 0 9360 0 0 0 0 0 0 0.000745036096857304 0.000745036096857304 0.016429960441275916 0.00043592934552115828 0.67634991404756528 0.048310708197262069 0 running
9970 6.4301165063762653 0.00074438963148535427 0.02 195.337335 0.057465756687945332 0.082453488585991566 0.082492460208156551 0.020997275477271229 0 0.049669876282589197 nan nan nan nan nan nan nan nan nan nan 0.4972715291240653 0.48806324586190841 0.19993512230525523 0 0.2486191642509353 nan nan nan nan nan nan nan nan nan nan 0 0 0 9360 0 0 0 0 0 0 0.00074438963148535427 0.00074438963148535427 0.016478936375105644 0.00043382207496787386 0.67505686313158253 0.048218347417451499 0 running
9980 6.4375568473465563 0.00074374300117550159 0.02 195.45828499999999 0.057442682582415701 0.082421677072050573 0.082464241132358576 0.020977835425000275 0 0.049644288848741253 nan nan nan nan nan nan nan nan nan nan 0.50198096321260699 0.49276107203919128 0.19954812631775054 0 0.24988067345693266 nan nan nan nan nan nan nan nan nan nan 0 0 0 9360 0 0 0 0 0 0 0.00074374300117550159 0.00074374300117550159 0.016526137367496148 0.00043189936863778151 0.67373897058906684 0.048124212235743841 0 running
9990 6.444990709828974 0.00074309378980962711 0.02 195.583269 0.057424168664842061 0.082396446800609313 0.08244306980204906 0.020958368109593509 0 0.049622457987011731 nan nan nan nan nan nan nan nan nan nan 0.50658508828188842 0.49735156866106817 0.19910070278801317 0 0.25128582770078256 nan nan nan nan nan nan nan nan nan nan 0 0 0 9360 0 0 0 0 0 0 0.00074309378980962711 0.00074309378980962711 0.016570809988547361 0.00043017005857228565 0.67235822493283992 0.048025587545909222 0 running
10000 6.4524180547923571 0.00074243961425982119 0.02 195.70673600000001 0.057409949542416461 0.082377519858612983 0.08242850441573607 0.020938825677147683 0 0.049604062266157607 nan nan nan nan nan nan nan nan nan nan 0.51107268016651852 0.50182466759476385 0.19859186267812934 0 0.25280311989964532 nan nan nan nan nan nan nan nan nan nan 0 0 0 9360 0 0 0 0 0 0 0.00074243961425982119 0.00074243961425982119 0.016612421036019238 0.00042864290861730761 0.67088928196203101 0.047920663047883519 0 running
10010 6.4598388205476907 0.00074177833740665027 0.02 195.83428900000001 0.057399780910050387 0.082364687194376798 0.082420123367981699 0.020919123171310974 0 0.049588769854994233 nan nan nan nan nan nan nan nan nan nan 0.51543339773115249 0.50617136378284366 0.19802242327546926 0 0.2543959793795717 nan nan nan nan nan nan nan nan nan nan 0 0 0 9360 0 0 0 0 0 0 0.00074177833740665027 0.00074177833740665027 0.01665072202856234 0.00042732624984166608 0.66932178011544774 0.047808698630152219 0 running
10020 6.4672529263975607 0.00074110828283871955 0.02 195.94983999999999 0.057393418423824866 0.082357775428592392 0.082417491042707985 0.020899115015264449 0 0.049576238059363037 nan nan nan nan nan nan nan nan nan nan 0.51965760926264859 0.51038341986797242 0.19739485249616706 0 0.25602451985411911 nan nan nan nan nan nan nan nan nan nan 0 0 0 9360 0 0 0 0 0 0 0.00074110828283871955 0.00074110828283871955 0.016685785023297473 0.00042622731817243263 0.66766071946941241 0.047690051441024416 0 running
10030 6.474660278308173 0.00074042842156138921 0.02 196.072226 0.057390601789652662 0.082356604116871387 0.082420133830413564 0.020878669141014251 0 0.049566100729289936 nan nan nan nan nan nan nan nan nan nan 0.52373572459020501 0.51445248933431131 0.19671304655052468 0 0.25764672513391818 nan nan nan nan nan nan nan nan nan nan 0 0 0 9360 0 0 0 0 0 0 0.00074042842156138921 0.00074042842156138921 0.016718004752634751 0.00042535134491190885 0.66592501346934174 0.047566072440888466 0 running
10040 6.4820607761344196 0.00073973849733323491 0.02 196.197306 0.057391005435697667 0.082360918300399488 0.082427455556405155 0.020857792148710069 0 0.04955788270794443 nan nan nan nan nan nan nan nan nan nan 0.52765685032460663 0.51836844699677687 0.19598208252003957 0 0.25921955027646226 nan nan nan nan nan nan nan nan nan nan 0 0 0 9360 0 0 0 0 0 0 0.00073973849733323491 0.00073973849733323491 0.016748067846348046 0.00042470051933917509 0.66414451204388547 0.047438893767507317 0 running
10050 6.4894543216589318 0.000739039070323652 0.02 196.30385000000001 0.057394201771484139 0.082370376923003918 0.08243866683770168 0.020836608493315631 0 0.049550932857113233 nan nan nan nan nan nan nan nan nan nan 0.53140679023861959 0.52211695932541313 0.19520796595239265 0 0.26070053715919073 nan nan nan nan nan nan nan nan nan nan 0 0 0 9360 0 0 0 0 0 0 0.000739039070323652 0.000739039070323652 0.01677689546148986 0.00042427297277414499 0.66235595047462259 0.047311139369567941 0 running
10060 6.4968408265926261 0.000738331474846628 0.02 196.414773 0.057399686792349643 0.082384548961412077 0.082452848554510322 0.020815250220094995 0 0.04954451972969065 nan nan nan nan nan nan nan nan nan nan 0.53496592253745945 0.5256769339957521 0.1943973770303109 0 0.26205037264389008 nan nan nan nan nan nan nan nan nan nan 0 0 0 9360 0 0 0 0 0 0 0.000738331474846628 0.000738331474846628 0.016805568867591613 0.00042406192231150819 0.6605989521820359 0.047185639491393531 0 running
10070 6.5036890614412881 0.00073766925576439506 0.02 196.54728499999999 0.057406378371129302 0.082401456169968107 0.082467875538321203 0.020795352974843671 0 0.049538512375350549 nan nan nan nan nan nan nan nan nan nan 0.53807543768669963 0.52878668304107213 0.19361872004312275 0 0.26315698469961157 nan nan nan nan nan nan nan nan nan nan 0 0 0 9360 0 0 0 0 0 0 0.00073766925576439506 0.00073766925576439506 0.016833052128034636 0.00042404671660569636 0.65903032967433173 0.047073595026439215 0 running
10080 6.5110618109449305 0.0007369519529076649 0.02 196.651847 0.057414806811360637 0.082423164754923089 0.082485177624818939 0.020773928101929205 0 0.04953141933288472 nan nan nan nan nan nan nan nan nan nan 0.54118919713193425 0.5318962850912653 0.19275793579940492 0 0.26458075021307559 nan nan nan nan nan nan nan nan nan nan 0 0 0 9360 0 0 0 0 0 0 0.0007369519529076649 0.0007369519529076649 0.016864703176291653 0.00042420424771743214 0.65743858364312369 0.046959898881232885 0 running
10090 6.5184273787607303 0.00073623350087783062 0.02 196.77278200000001 0.057424008770532414 0.082447866066336001 0.082502784823676581 0.020752630422633367 0 0.049523248322158278 nan nan nan nan nan nan nan nan nan nan 0.54402754667813147 0.53472188381141794 0.19202386232336099 0 0.26620947135172196 nan nan nan nan nan nan nan nan nan nan 0 0 0 9360 0 0 0 0 0 0 0.00073623350087783062 0.00073623350087783062 0.016899532651872315 0.00042452702130649906 0.65597543303847694 0.04685538812364777 0 running
10100 6.5257857690791958 0.00073551675273193231 0.02 196.87786 0.057433557929374948 0.08247488389057954 0.082520003222597699 0.020731568444799717 0 0.049513761191519394 nan nan nan nan nan nan nan nan nan nan 0.54656692879544033 0.5372371034719019 0.19233925364006499 0 0.26766601503551946 nan nan nan nan nan nan nan nan nan nan 0 0 0 9360 0 0 0 0 0 0 0.00073551675273193231 0.00073551675273193231 0.016938508008855959 0.00042498593664352924 0.65465901481446798 0.046761358250404998 0 running
10110 6.5331370143401761 0.00073480448415988377 0.02 197.00238899999999 0.057443160006034472 0.082503451621081164 0.082536474294449949 0.020710836926786578 0 0.049503083467961582 nan nan nan nan nan nan nan nan nan nan 0.54879493193705109 0.5394290047652176 0.19250840119020962 0 0.26894310349687434 nan nan nan nan nan nan nan nan nan nan 0 0 0 9360 0 0 0 0 0 0 0.00073480448415988377 0.00073480448415988377 0.016982420934322378 0.00042554622657825492 0.65349706978006228 0.046678362176431253 0 running
10120 6.5404811735400941 0.00073409922978721453 0.02 197.132936 0.05745254656573804 0.08253269471612977 0.082551949836715058 0.020690488933469541 0 0.04949150516185654 nan nan nan nan nan nan nan nan nan nan 0.55070939079053072 0.54129702428781568 0.19251434166058123 0 0.27004247001114806 nan nan nan nan nan nan nan nan nan nan 0 0 0 9360 0 0 0 0 0 0 0.00073409922978721453 0.00073409922978721453 0.017031852677288208 0.00042616719333304415 0.6524853017686465 0.046606093032682386 0 running
10130 6.5478183290988667 0.00073340316303364137 0.02 197.26748000000001 0.057461485526980043 0.082561670330846479 0.082566309817118752 0.02067053444629471 0 0.049479447004846508 nan nan nan nan nan nan nan nan nan nan 0.55231711015157881 0.54285153995688495 0.19233873155069192 0 0.27097286991228858 nan nan nan nan nan nan nan nan nan nan 0 0 0 9360 0 0 0 0 0 0 0.00073340316303364137 0.00073340316303364137 0.017087155621967925 0.0004268002582233087 0.65160350221149788 0.046543107349962407 0 running
10140 6.5551485829563561 0.00073271805129928832 0.02 197.39603500000001 0.057469787226124502 0.082589446102301803 0.082579540597815998 0.020650939187208506 0 0.049467401356195942 nan nan nan nan nan nan nan nan nan nan 0.55362775428407685 0.54410648029396591 0.19196283184677609 0 0.2717456921841811 nan nan nan nan nan nan nan nan nan nan 0 0 0 9360 0 0 0 0 0 0 0.00073271805129928832 0.00073271805129928832 0.017148458527946952 0.00042737823862210299 0.65079795761021331 0.046485568449809903 0 running
10150 6.5624720524592597 0.00073204525384454853 0.02 197.51603499999999 0.057477381667829723 0.082615308599531298 0.082591821284235076 0.020631587845734611 0 0.049455904014260602 nan nan nan nan nan nan nan nan nan nan 0.55797550942071306 0.54507650585510958 0.19136879381645411 0 0.27237291074293613 nan nan nan nan nan nan nan nan nan nan 0 1 0 9360 0 0 0 0 0 0 0.00073204525384454853 0.00073204525384454853 0.017215631934703868 0.00042794455799239549 0.65019978506534648 0.046442841839417173 0 running
10160 6.569788866646423 0.00073138579989138878 0.02 197.626565 0.057484418477619557 0.082638982898779564 0.082603642048708639 0.020612303849157167 0 0.049445541703216279 nan nan nan nan nan nan nan nan nan nan 0.57285609525305481 0.54577669734272538 0.1905406669375358 0 0.27286650226359987 nan nan nan nan nan nan nan nan nan nan 0 1 0 9360 0 0 0 0 0 0 0.00073138579989138878 0.00073138579989138878 0.017288012065118024 0.00042855026852040766 0.64987472565882576 0.046419623310355457 0 running
10170 6.5770991631274356 0.00073074039379330679 0.02 197.751879 0.057491301139048816 0.082660717410350831 0.082615826604458431 0.020592914996431379 0 0.049436943442347933 nan nan nan nan nan nan nan nan nan nan 0.58445648878074574 0.54622130593895646 0.18946502365749884 0 0.27323732618822777 nan nan nan nan nan nan nan nan nan nan 0 1 0 9360 0 0 0 0 0 0 0.00073074039379330679 0.00073074039379330679 0.017364950783275917 0.0004291116288271681 0.6497213620065686 0.046408668763754095 0 running
10180 6.5844030845493871 0.00073010937575475961 0.02 197.863417 0.057498542377224175 0.082681056765812819 0.082629322212266099 0.020573254575540583 0 0.049430668987250896 nan nan nan nan nan nan nan nan nan nan 0.59301227998018224 0.54641567644405054 0.18813112199318649 0 0.2734892950734093 nan nan nan nan nan nan nan nan nan nan 0 1 0 9360 0 0 0 0 0 0 0.00073010937575475961 0.00073010937575475961 0.017445675417091754 0.00042960780997726216 0.64971796442432717 0.046408426079308021 0 running
10190 6.5917007749948997 0.00072949272992307737 0.02 197.97951499999999 0.05750642350470353 0.082700393870156513 0.082644634103181638 0.020553234013658127 0 0.049426891473808111 nan nan nan nan nan nan nan nan nan nan 0.59889444368392031 0.54633207387229465 0.18653065669241231 0 0.27360244719060572 nan nan nan nan nan nan nan nan nan nan 0 1 0 9360 0 0 0 0 0 0 0.00072949272992307737 0.00072949272992307737 0.017529292610490677 0.0004300212664520914 0.64984141641653548 0.046417244078760786 0 running
10200 6.5989923765102354 0.00072889010405303111 0.02 198.10402500000001 0.057514443780271277 0.082718217621368106 0.08266094940060674 0.020532861236228179 0 0.049424910156297124 nan nan nan nan nan nan nan nan nan nan 0.60254606126286947 0.54587969282813953 0.18465726483724199 0 0.27351200079384291 nan nan nan nan nan nan nan nan nan nan 0 1 0 9360 0 0 0 0 0 0 0.00072889010405303111 0.00072889010405303111 0.017614824538555448 0.00043033798585436481 0.65007303467774835 0.046433788240293455 0 running
10210 6.6062780260262635 0.00072830087058984845 0.02 198.22048100000001 0.057521332514704218 0.082733048953785651 0.082676194428693589 0.020512173293490497 0 0.049423260755569548 nan nan nan nan nan nan nan nan nan nan 0.60443218811494215 0.54494887059385766 0.18250598637764659 0 0.27313881241518079 nan nan nan nan nan nan nan nan nan nan 0 1 0 9360 0 0 0 0 0 0 0.00072830087058984845 0.00072830087058984845 0.017701246482395679 0.00043054751486263634 0.6503879808673968 0.046456284396720671 0 running
10220 6.6135578533593282 0.00072772428454500519 0.02 198.34401299999999 0.057526255371283481 0.082744011355133443 0.082688938628502476 0.020491228075193931 0 0.049420925431787367 nan nan nan nan nan nan nan nan nan nan 0.60527672545848454 0.54355683405575173 0.18007283537014063 0 0.27249055605670436 nan nan nan nan nan nan nan nan nan nan 0 1 0 9360 0 0 0 0 0 0 0.00072772428454500519 0.00072772428454500519 0.017787525009344551 0.00043064272457840532 0.65076051469324037 0.046482893955737591 0 running
10230 6.6208319817708787 0.00072715983673626958 0.02 198.449771 0.05752928640482495 0.082751441243074417 0.08269915946732484 0.02047011611032791 0 0.049417773252783855 nan nan nan nan nan nan nan nan nan nan 0.60530089565826017 0.54185563306358819 0.17839876380944331 0 0.27166796509570945 nan nan nan nan nan nan nan nan nan nan 0 1 0 9360 0 0 0 0 0 0 0.00072715983673626958 0.00072715983673626958 0.017872656034816827 0.00043061509980062823 0.65116419224661759 0.046511728066723539 0 running
10240 6.6281005335774248 0.00072660788655726542 0.02 198.573306 0.05753056129432467 0.082755819279930337 0.082706899174555232 0.020448927750713917 0 0.049413682035280362 nan nan nan nan nan nan nan nan nan nan 0.60469035950439309 0.53997868516224423 0.17708498928634642 0 0.27075899492994315 nan nan nan nan nan nan nan nan nan nan 0 1 0 9360 0 0 0 0 0 0 0.00072660788655726542 0.00072660788655726542 0.017955700665880446 0.00043046468213484907 0.65157194483555014 0.046540853251678053 0 running
10250 6.6353636431162402 0.00072607042929601268 0.02 198.68987200000001 0.05752994199991629 0.082757156983378447 0.082711850758212122 0.020427786405905465 0 0.049408292697714885 nan nan nan nan nan nan nan nan nan nan 0.60378570167787493 0.53798408319466007 0.17568323056209767 0 0.26979959193579489 nan nan nan nan nan nan nan nan nan nan 0 1 0 9360 0 0 0 0 0 0 0.00072607042929601268 0.00072607042929601268 0.018035814413111671 0.00043019262434856588 0.65195637387135708 0.046568312468550394 0 running
10260 6.6426214757507731 0.00072555147210111477 0.02 198.80199400000001 0.057527360264426834 0.082755569417923072 0.082713804906942689 0.020406811971346264 0 0.049401317070129187 nan nan nan nan nan nan nan nan nan nan 0.60287012363358206 0.53588812435116084 0.17419187910820533 0 0.26879697868405328 nan nan nan nan nan nan nan nan nan nan 0 1 0 9360 0 0 0 0 0 0 0.00072555147210111477 0.00072555147210111477 0.01811226641608199 0.00042979969365223431 0.65229057229577125 0.046592183784605189 0 running
10270 6.6498742462457994 0.00072505659460485696 0.02 198.91053199999999 0.057522882748539644 0.082751329540295723 0.082712768592618363 0.020386097783116189 0 0.049392636968942742 nan nan nan nan nan nan nan nan nan nan 0.6021604863690595 0.533694995753209 0.17260289372079196 0 0.26775034493876698 nan nan nan nan nan nan nan nan nan nan 0 1 0 9360 0 0 0 0 0 0 0.00072505659460485696 0.00072505659460485696 0.018184450613786606 0.00042928839737033922 0.65254930599213068 0.046610664762936085 0 running
10280 6.6571222292439947 0.00072459196058186548 0.02 199.03419099999999 0.057516573653093768 0.082744620134734728 0.082708792180383045 0.020365712019120574 0 0.049382208666013588 nan nan nan nan nan nan nan nan nan nan 0.60173718353281447 0.53140744789047556 0.17091549661230143 0 0.26665834417713807 nan nan nan nan nan nan nan nan nan nan 0 1 0 9360 0 0 0 0 0 0 0.00072459196058186548 0.00072459196058186548 0.018251893935365388 0.00042866326449934173 0.65271006435425227 0.046622147503099752 0 running
10290 6.6643657598876986 0.00072416342509285523 0.02 199.153738 0.057508508843341577 0.08273558791827347 0.082701944651639547 0.020345729615708213 0 0.049370082803077878 nan nan nan nan nan nan nan nan nan nan 0.60170750122693395 0.52902868867218866 0.16913072317216526 0 0.26552045396621454 nan nan nan nan nan nan nan nan nan nan 0 1 0 9360 0 0 0 0 0 0 0.00072416342509285523 0.00072416342509285523 0.018314264776226816 0.00042793085355527217 0.65275261207204194 0.046625186625802222 0 running
10300 6.6716052279780147 0.00072377610547604584 0.02 199.274293 0.057498632334945281 0.082724047278227825 0.082692162615278342 0.020326177683801995 0 0.049356340490665181 nan nan nan nan nan nan nan nan nan nan 0.60201741434130907 0.52656185871138494 0.16725141362912588 0 0.26468666711380884 nan nan nan nan nan nan nan nan nan nan 0 1 0 9360 0 0 0 0 0 0 0.00072377610547604584 0.00072377610547604584 0.01837138211436538 0.00042709943664395793 0.65265607889052368 0.046618291398543642 0 running
10310 6.6788410715530642 0.00072343474533053775 0.02 199.38534999999999 0.057486687998273535 0.082709484738083316 0.082679108551129907 0.020307061585891361 0 0.049340914851189084 nan nan nan nan nan nan nan nan nan nan 0.60251295209606126 0.52400924006802674 0.16528213482534859 0 0.2642788984321654 nan nan nan nan nan nan nan nan nan nan 0 1 0 9360 0 0 0 0 0 0 0.00072343474533053775 0.00072343474533053775 0.018423228114534864 0.00042617831862575136 0.65241231471016414 0.046600879671356711 0 running
10320 6.6860737788898481 0.00072314469544431834 0.02 199.501868 0.057472269092402876 0.082691190286768024 0.082662209625143798 0.020288372868091938 0 0.049323591194877635 nan nan nan nan nan nan nan nan nan nan 0.60297867675205707 0.52137173373439816 0.1632289555794415 0 0.26379826354845193 nan nan nan nan nan nan nan nan nan nan 0 1 0 9360 0 0 0 0 0 0 0.00072314469544431834 0.00072314469544431834 0.018469972899450918 0.00042517662190389983 0.65200803060874801 0.046572002235510793 0 running
10330 6.6933038973350225 0.00072291217066287547 0.02 199.61838599999999 0.057454886977912817 0.08266836767882059 0.082640757640615917 0.020270072950792424 0 0.049304061624754064 nan nan nan nan nan nan nan nan nan nan 0.60319925693898169 0.51864870535013752 0.16109907549818736 0 0.26324325831530254 nan nan nan nan nan nan nan nan nan nan 0 1 0 9360 0 0 0 0 0 0 0.00072291217066287547 0.00072291217066287547 0.018511992360408777 0.00042410230485576117 0.6514285830784009 0.046530613126156584 0 running
10340 6.7005320142610065 0.00072273743878070805 0.02 199.72011900000001 0.057434100469619526 0.082640367589791291 0.082614092301277267 0.020252102926027683 0 0.049281976509729652 nan nan nan nan nan nan nan nan nan nan 0.60302920396639714 0.51583822838899229 0.15890039936020584 0 0.26261332336458593 nan nan nan nan nan nan nan nan nan nan 0 1 0 9360 0 0 0 0 0 0 0.00072273743878070805 0.00072273743878070805 0.018549629050638731 0.00042296843998914361 0.65067587364592749 0.046476848166637427 0 running
10350 6.7077586484564229 0.00072260887923181823 0.02 199.83867000000001 0.057409685096246686 0.082606946574395504 0.082581839684173958 0.020234451177884159 0 0.049257068851213899 nan nan nan nan nan nan nan nan nan nan 0.6024371795675405 0.51293772935209292 0.15664119632451845 0 0.26190714238580398 nan nan nan nan nan nan nan nan nan nan 0 1 0 9360 0 0 0 0 0 0 0.00072260887923181823 0.00072260887923181823 0.01858290009150446 0.00042179990905857255 0.64978417134849642 0.046413155145325104 0 running
10360 6.7149842056824696 0.00072251753150277636 0.02 199.94021100000001 0.05738170927846778 0.082568415097974315 0.082544032224643585 0.020217076708379814 0 0.049229180170566239 nan nan nan nan nan nan nan nan nan nan 0.6015016361255181 0.50994484692785891 0.1543298809002267 0 0.26112372002609902 nan nan nan nan nan nan nan nan nan nan 0 1 0 9360 0 0 0 0 0 0 0.00072251753150277636 0.00072251753150277636 0.018611879559834916 0.00042062259519280709 0.6487886827853806 0.046342048819313184 0 running
10370 6.7222090416343558 0.00072246103204384954 0.02 200.050748 0.057350581372757704 0.08252560811620907 0.082501213637733981 0.020199945961561151 0 0.04919839281386524 nan nan nan nan nan nan nan nan nan nan 0.6003644857058954 0.50685816926911864 0.15197490035766226 0 0.26026219546101342 nan nan nan nan nan nan nan nan nan nan 0 1 0 9360 0 0 0 0 0 0 0.00072246103204384954 0.00072246103204384954 0.01863685070018356 0.00041945889913380235 0.6477148722007221 0.04626534806318517 0 running
10380 6.7294335052130059 0.00072243972587364869 0.02 200.17594099999999 0.057317076743486531 0.082479766160910489 0.082454546797339587 0.020182987851079224 0 0.049165224701852785 nan nan nan nan nan nan nan nan nan nan 0.59917203858362234 0.50367745373166262 0.14958470877355623 0 0.25932207919905748 nan nan nan nan nan nan nan nan nan nan 0 1 0 9360 0 0 0 0 0 0 0.00072243972587364869 0.00072243972587364869 0.018658223337683078 0.00041832855394458636 0.64658287862660302 0.046184491379234152 0 running
10390 6.7366579555425528 0.0007224548956578777 0.02 200.30200099999999 0.057282126179614999 0.082432426278381696 0.082405397321647783 0.020166126920277104 0 0.049130263722500775 nan nan nan nan nan nan nan nan nan nan 0.59803043001390965 0.50041297015360198 0.14716775614809663 0 0.25830343937098688 nan nan nan nan nan nan nan nan nan nan 0 1 0 9360 0 0 0 0 0 0 0.0007224548956578777 0.0007224548956578777 0.018676467344333165 0.00041724928719186888 0.64541056689226628 0.046100754826693111 0 running
10400 6.7438827552226446 0.00072250578258938665 0.02 200.42870199999999 0.057246770008022085 0.082385252692592337 0.082355301338237694 0.020149264160490621 0 0.049094246259754566 nan nan nan nan nan nan nan nan nan nan 0.59698567017407633 0.49708608433728152 0.14473244968076271 0 0.25720702250142913 nan nan nan nan nan nan nan nan nan nan 0 1 0 9360 0 0 0 0 0 0 0.00072250578258938665 0.00072250578258938665 0.018692074005798788 0.00041623721638036823 0.64421497363910685 0.046015355308520134 0 running
10410 6.751108258581656 0.00072259210164507298 0.02 200.557569 0.05721191477143299 0.082339475257247663 0.082305759341881293 0.020132286820736492 0 0.049057922703204457 nan nan nan nan nan nan nan nan nan nan 0.59602402604787996 0.4936669279692445 0.14228707499232085 0 0.25603430750858469 nan nan nan nan nan nan nan nan nan nan 0 1 0 9360 0 0 0 0 0 0 0.00072259210164507298 0.00072259210164507298 0.018705533930675276 0.00041530699260165565 0.64301288918647925 0.045929492133241795 0 running
10420 6.7583348189285806 0.00072271355865904409 0.02 200.67065099999999 0.057178537437300114 0.082296860741091896 0.082258052012384064 0.020115116067297246 0 0.049021907492794073 nan nan nan nan nan nan nan nan nan nan 0.5950835645538286 0.49014928901613292 0.13983968698239213 0 0.25478749222059405 nan nan nan nan nan nan nan nan nan nan 0 1 0 9360 0 0 0 0 0 0 0.00072271355865904409 0.00072271355865904409 0.018717325667649276 0.00041447184111318488 0.64182120158885136 0.0458443715904642 0 running
10430 6.7655627828836531 0.00072286920248771703 0.02 200.80153899999999 0.057147372175373905 0.082258655403995254 0.082213205733815103 0.020097803478640378 0 0.048986645549410728 nan nan nan nan nan nan nan nan nan nan 0.59406924024991392 0.48652185363013534 0.13739800708182059 0 0.25346942436417214 nan nan nan nan nan nan nan nan nan nan 0 1 0 9360 0 0 0 0 0 0 0.00072286920248771703 0.00072286920248771703 0.018727909772234042 0.00041374355419952969 0.64065684683596735 0.045761203393741817 0 running
10440 6.7727924847546497 0.00072305759858742348 0.02 200.92806300000001 0.057119073689638193 0.082226091035388402 0.082172030064682836 0.020080610480352475 0 0.048952419824119277 nan nan nan nan nan nan nan nan nan nan 0.59286713354385912 0.48276889309565102 0.13539542143812477 0 0.25208348779189832 nan nan nan nan nan nan nan nan nan nan 0 1 0 9360 0 0 0 0 0 0 0.00072305759858742348 0.00072305759858742348 0.018737724699059405 0.00041313246544022177 0.63953666803703635 0.045681190622305134 0 running
10450 6.7800242425287145 0.00072327696693443521 0.02 201.05360200000001 0.057094230378717407 0.082200377167770525 0.08213515756436271 0.020063990868169453 0 0.048919381317488894 nan nan nan nan nan nan nan nan nan nan 0.5913559798252106 0.47887184864711818 0.13522036807632554 0 0.25063345951661425 nan nan nan nan nan nan nan nan nan nan 0 1 0 9360 0 0 0 0 0 0 0.00072327696693443521 0.00072327696693443521 0.018731573084837673 0.0004126474225268787 0.63847729192270319 0.045605520899772864 0 running
10460 6.787258354611855 0.00072352519163260294 0.02 201.182333 0.057073329856805979 0.082182605202136078 0.082103035976395289 0.020048442505637715 0 0.048887582712439592 nan nan nan nan nan nan nan nan nan nan 0.58941562416241355 0.4748115039093519 0.13495139141087953 0 0.24912335440182662 nan nan nan nan nan nan nan nan nan nan 0 1 0 9360 0 0 0 0 0 0 0.00072352519163260294 0.00072352519163260294 0.018648754575936923 0.00041229576605031966 0.63749494524127415 0.045535353279596708 0 running
10470 6.7944950957951038 0.00072379968932690243 0.02 201.31687199999999 0.057056634539493292 0.08217346676833448 0.082075815649888709 0.020034313679583821 0 0.048856993818013915 nan nan nan nan nan nan nan nan nan nan 0.58693292304024691 0.47057047033351118 0.13456585218950101 0 0.24755727321994475 nan nan nan nan nan nan nan nan nan nan 0 1 0 9360 0 0 0 0 0 0 0.00072379968932690243 0.00072379968932690243 0.018562193198756606 0.00041208331931673537 0.63660525933417778 0.045471804286165582 0 running
10480 6.8017347121758371 0.00072409736386115067 0.02 201.43542400000001 0.057043945066648526 0.082172730921859824 0.082053100710802698 0.020021670208753218 0 0.048827472005751917 nan nan nan nan nan nan nan nan nan nan 0.5838062902175607 0.46613567204134509 0.13404401686493028 0 0.24593926698321131 nan nan nan nan nan nan nan nan nan nan 0 1 0 9360 0 0 0 0 0 0 0.00072409736386115067 0.00072409736386115067 0.018471564613700128 0.00041201465156295711 0.63582345776179083 0.045415961316650412 0 running
10490 6.8089774163306549 0.00072441465666576706 0.02 201.55448100000001 0.057034341763999068 0.082178665284058552 0.082033674573058546 0.020010242600745992 0 0.04879871003924928 nan nan nan nan nan nan nan nan nan nan 0.59432929621365771 0.46150036999758526 0.13996847296561521 0 0.24427322698402992 nan nan nan nan nan nan nan nan nan nan 0 1 0 9360 0 0 0 0 0 0 0.00072441465666576706 0.00072441465666576706 0.01837654532764443 0.00041208611215360475 0.63516341964198308 0.045368815736614374 0 running
10500 6.8162233826059762 0.00072474751900795844 0.02 201.68153100000001 0.057026036110911879 0.082187706315423839 0.082015346067743702 0.019999437854276086 0 0.048770179394030909 nan nan nan nan nan nan nan nan nan nan 0.64422626195412658 0.45666514564350258 0.15032198313022405 0 0.2425628071606668 nan nan nan nan nan nan nan nan nan nan 0 2 0 9360 0 0 0 0 0 0 0.00072474751900795844 0.00072474751900795844 0.018276631980843942 0.00041230441909799389 0.63463758582312979 0.045331256178085193 0 running
10510 6.8234727418509058 0.00072509134491724415 0.02 201.80516 0.057016565948649435 0.082194854212074592 0.081995191445692381 0.019988442352095435 0 0.048741159773444738 nan nan nan nan nan nan nan nan nan nan 0.69154501606447205 0.4734892225609959 0.16020255659533666 0 0.24081138262842505 nan nan nan nan nan nan nan nan nan nan 0 2 0 9360 0 0 0 0 0 0 0.00072509134491724415 0.00072509134491724415 0.018171134306814531 0.00041267039331237325 0.63425721706655003 0.045304086981157954 0 running
10520 6.8307255754944967 0.00072544090828168689 0.02 201.91270900000001 0.05700337479522101 0.082194901467171441 0.081970216222699524 0.019976385966233308 0 0.048710876805454148 nan nan nan nan nan nan nan nan nan nan 0.73421071809127536 0.50376184237260935 0.16918164541569625 0 0.23902204410537611 nan nan nan nan nan nan nan nan nan nan 0 2 0 9360 0 0 0 0 0 0 0.00072544090828168689 0.00072544090828168689 0.018059795163171018 0.00041318278388636489 0.6340322927750961 0.045288020960322861 0 running
10530 6.8379819089832781 0.00072579029421484837 0.02 202.02942899999999 0.056984427265273196 0.082183719196895613 0.081938065087236417 0.019962567768739059 0 0.048678644502083021 nan nan nan nan nan nan nan nan nan nan 0.77095192579828398 0.52961482974691387 0.17699044023882871 0 0.23719762571415731 nan nan nan nan nan nan nan nan nan nan 0 2 0 9360 0 0 0 0 0 0 0.00072579029421484837 0.00072579029421484837 0.017942506565932385 0.00041383932640569256 0.63397143005422807 0.045283673623113398 0 running
10540 6.8452417043509168 0.00072613279307482076 0.02 202.15897000000001 0.056958609490167747 0.08215908456428983 0.081897473709841323 0.019946592713608692 0 0.048643992824276588 nan nan nan nan nan nan nan nan nan nan 0.80137739564121402 0.55080205708846552 0.18353636097314507 0 0.23676091461912141 nan nan nan nan nan nan nan nan nan nan 0 2 0 9360 0 0 0 0 0 0 0.00072613279307482076 0.00072613279307482076 0.017819419053240255 0.00041463695720487376 0.63407323141232408 0.045290945148699371 0 running
10550 6.8525048518914549 0.00072646089163471144 0.02 202.26460900000001 0.056925752293118657 0.082120775461964321 0.081848241191509422 0.019928352261918216 0 0.048606694993535191 nan nan nan nan nan nan nan nan nan nan 0.82575316709175661 0.56756422034342258 0.18885852568096717 0 0.24287264985168999 nan nan nan nan nan nan nan nan nan nan 0 2 0 9360 0 0 0 0 0 0 0.00072646089163471144 0.00072646089163471144 0.017691084581071943 0.00041557207760385467 0.63435168446796752 0.045310834652694906 0 running
10560 6.8597711670119059 0.00072676742458265041 0.02 202.38477 0.056886298285694858 0.082069837912889645 0.081790859259502496 0.019907975187074468 0 0.048566698814520561 nan nan nan nan nan nan nan nan nan nan 0.84467225878362306 0.58038328188956823 0.19306140135460925 0 0.24745768045865457 nan nan nan nan nan nan nan nan nan nan 0 2 0 9360 0 0 0 0 0 0 0.00072676742458265041 0.00072676742458265041 0.017558634030526113 0.00041664089123229556 0.63481278830098575 0.045343770640802403 0 running
10570 6.8670404016760775 0.00072704659580397079 0.02 202.51593 0.056840976580308976 0.082007885596243446 0.08172614479003168 0.019885727026292602 0 0.048524065281509203 nan nan nan nan nan nan nan nan nan nan 0.8587890793352666 0.58978414128076651 0.19626191260251913 0 0.25073701902845236 nan nan nan nan nan nan nan nan nan nan 0 2 0 9360 0 0 0 0 0 0 0.00072704659580397079 0.00072704659580397079 0.017423920947795192 0.00041783972694721454 0.63546318673006108 0.045390227671499694 0 running
10580 6.8743122491372457 0.00072729226118845849 0.02 202.62697 0.056790583185078021 0.081936628947487308 0.0816549944401887 0.019861944260593883 0 0.048478918948239066 nan nan nan nan nan nan nan nan nan nan 0.86868442510558408 0.59623171867581992 0.19856351303139363 0 0.25290484728931739 nan nan nan nan nan nan nan nan nan nan 0 2 0 9360 0 0 0 0 0 0 0.00072729226118845849 0.00072729226118845849 0.017289365034961958 0.00041916529748441876 0.63630795859150047 0.045450568518809076 0 running
10590 6.8815863386559659 0.00072749797124003698 0.02 202.72988799999999 0.056735888083178802 0.081857668342744674 0.08157830449219633 0.019836915724462161 0 0.048431437384649813 nan nan nan nan nan nan nan nan nan nan 0.87483896630956837 0.6001076036524482 0.20005252418229191 0 0.25411903921218948 nan nan nan nan nan nan nan nan nan nan 0 2 0 9360 0 0 0 0 0 0 0.00072749797124003698 0.00072749797124003698 0.017157534193669621 0.00042061504180420712 0.63735058457231153 0.045525041803231345 0 running
10600 6.8888622380680307 0.00072765794956929758 0.02 202.843436 0.056677712558071532 0.081772542149446806 0.081497092417938649 0.019810951349440276 0 0.048381990332621937 nan nan nan nan nan nan nan nan nan nan 0.87765502886078339 0.60172295913658691 0.20080407436018199 0 0.25450630429023269 nan nan nan nan nan nan nan nan nan nan 0 2 0 9360 0 0 0 0 0 0 0.00072765794956929758 0.00072765794956929758 0.017030167795762916 0.00042218745343785684 0.63859397108534699 0.045613855125684805 0 running
10610 6.8961394638431628 0.00072776763736756968 0.02 202.94696400000001 0.056616878200407256 0.081682651531949063 0.081412437031995188 0.019784361936847007 0 0.048331077411663273 nan nan nan nan nan nan nan nan nan nan 0.87746392197320988 0.60134294299228697 0.20088443087960006 0 0.25416418326567536 nan nan nan nan nan nan nan nan nan nan 0 2 0 9360 0 0 0 0 0 0 0.00072776763736756968 0.00072776763736756968 0.016908371472609783 0.00042388233215934066 0.64004104406536999 0.045717217481509857 0 running
10620 6.9034174948520617 0.00072782395517441054 0.02 203.06904 0.056554009595016823 0.081589065912191866 0.081325184432406272 0.019757324872999867 0 0.048279051573535813 nan nan nan nan nan nan nan nan nan nan 0.87461448275808751 0.59920288872805938 0.20034049869126935 0 0.25319724273012989 nan nan nan nan nan nan nan nan nan nan 0 2 0 9360 0 0 0 0 0 0 0.00072782395517441054 0.00072782395517441054 0.016793250304673928 0.00042570094290518757 0.64169504173993563 0.045835360172674998 0 running
10630 6.9106957878934789 0.00072782541626067565 0.02 203.17756499999999 0.056489448970450218 0.081492338191385502 0.081235818946377894 0.019729927897878547 0 0.048226130948710498 nan nan nan nan nan nan nan nan nan nan 0.86901684262876877 0.59515794813407052 0.19921046754453453 0 0.25154829315874494 nan nan nan nan nan nan nan nan nan nan 0 2 0 9360 0 0 0 0 0 0 0.00072782541626067565 0.00072782541626067565 0.016685680524352414 0.00042764606845246473 0.64355962740389716 0.045968544863098586 0 running
10640 6.9179737934826182 0.00072777206764829334 0.02 203.283614 0.056423251410625916 0.081392459847943799 0.081144458468142652 0.019702171906034668 0 0.048172453339344078 nan nan nan nan nan nan nan nan nan nan 0.86030167150515569 0.58895847898851628 0.19743483520732341 0 0.24910960551327888 nan nan nan nan nan nan nan nan nan nan 0 2 0 9360 0 0 0 0 0 0 0.00072777206764829334 0.00072777206764829334 0.01658579849541118 0.00042972195814606264 0.64563886113276225 0.046117061558174327 0 running
10650 6.9252509700962781 0.00072766531406909132 0.02 203.40512799999999 0.056355462520891485 0.08128926963430412 0.081051331043647465 0.01967387551403528 0 0.048118247893608267 nan nan nan nan nan nan nan nan nan nan 0.84799838269404182 0.5802314460174407 0.19490682336564036 0 0.24573218174018452 nan nan nan nan nan nan nan nan nan nan 0 2 0 9360 0 0 0 0 0 0 0.00072766531406909132 0.00072766531406909132 0.016491987487311802 0.00043193406749204014 0.64793692304937844 0.046281208838105936 0 running
10660 6.9325267986762427 0.00072750812047207814 0.02 203.519555 0.056286527982655064 0.081183371061541026 0.080957136643220989 0.019644982813526606 0 0.048063948044061992 nan nan nan nan nan nan nan nan nan nan 0.8318826248512603 0.56878546238777616 0.19159179884423128 0 0.2413377731679005 nan nan nan nan nan nan nan nan nan nan 0 2 0 9360 0 0 0 0 0 0 0.00072750812047207814 0.00072750812047207814 0.016402660006998086 0.00043428820751310177 0.65045720532659224 0.046461229000954132 0 running
10670 6.9398007978375373 0.00072730486840702664 0.02 203.65056799999999 0.056217590477118544 0.081076714781636069 0.080863412160557799 0.019615666406239539 0 0.048010289737442383 nan nan nan nan nan nan nan nan nan nan 0.81236947471330501 0.55489951012086758 0.18758267154169506 0 0.23603117412114116 nan nan nan nan nan nan nan nan nan nan 0 1 0 9360 0 0 0 0 0 0 0.00072730486840702664 0.00072730486840702664 0.016317339804270685 0.00043679088707807142 0.65320260240361117 0.046657328792376815 0 running
10680 6.9470725371454369 0.00072706120712874329 0.02 203.760864 0.056150189657334926 0.080972110959731058 0.080772144698953913 0.019586211726808429 0 0.047958077426251078 nan nan nan nan nan nan nan nan nan nan 0.79046759387757204 0.539288884385422 0.18309109123628686 0 0.2300866294557482 nan nan nan nan nan nan nan nan nan nan 0 1 0 9360 0 0 0 0 0 0 0.00072706120712874329 0.00072706120712874329 0.016236261619271979 0.00043944920671344217 0.65617534989190285 0.046869667898907556 0 running
10690 6.9543416462191265 0.00072678317014081588 0.02 203.880945 0.056085642995928151 0.080872109690019039 0.080684970155028818 0.019556909420028339 0 0.047907843936436628 nan nan nan nan nan nan nan nan nan nan 0.767354703766566 0.5227943777250379 0.17836221121877394 0 0.22382666123563211 nan nan nan nan nan nan nan nan nan nan 0 1 0 9360 0 0 0 0 0 0 0.00072678317014081588 0.00072678317014081588 0.016160186947944778 0.0004422701838289889 0.65937632429378312 0.047098308927854694 0 running
10700 6.9616078043627656 0.00072647422256442052 0.02 203.99967799999999 0.056024846903933577 0.080778242100433523 0.080603101525499196 0.019527979099391142 0 0.047860119232755169 nan nan nan nan nan nan nan nan nan nan 0.7439966595269949 0.50610439089656167 0.17359773264381562 0 0.22176883199525926 nan nan nan nan nan nan nan nan nan nan 0 1 0 9360 0 0 0 0 0 0 0.00072647422256442052 0.00072647422256442052 0.016090175594940647 0.00044525976331895165 0.66280403291012824 0.047343145257852132 0 running
10710 6.9688706868743715 0.00072612982917290693 0.02 204.11402100000001 0.055968035739064469 0.080691015699879853 0.080526807069927306 0.019499553087360476 0 0.047814912739475385 nan nan nan nan nan nan nan nan nan nan 0.7210191642811985 0.48966206375281285 0.1704831998683618 0 0.22342822288100422 nan nan nan nan nan nan nan nan nan nan 0 1 0 9360 0 0 0 0 0 0 0.00072612982917290693 0.00072612982917290693 0.016027303139646187 0.0004484213663262327 0.66645313111729698 0.047603795130067954 0 running
10720 6.9761298494912465 0.00072573117356435708 0.02 204.24745799999999 0.055915077658847401 0.080610247475450744 0.080455895316897744 0.019471667479826808 0 0.047772069499161442 nan nan nan nan nan nan nan nan nan nan 0.6987522163316835 0.47369808945866265 0.16928760793242104 0 0.22506250726448868 nan nan nan nan nan nan nan nan nan nan 0 1 0 9360 0 0 0 0 0 0 0.00072573117356435708 0.00072573117356435708 0.015972503158720272 0.00045175409291802046 0.67031268406577882 0.047879477483822021 0 running
10730 6.9833845755148092 0.00072524526105429245 0.02 204.36246600000001 0.05586565808848161 0.08053540085220405 0.08038993122515492 0.019444294286196612 0 0.047731398001704353 nan nan nan nan nan nan nan nan nan nan 0.67732072799136667 0.45890373500601783 0.16783523775897802 0 0.22666600347791802 nan nan nan nan nan nan nan nan nan nan 0 0 0 9360 0 0 0 0 0 0 0.00072524526105429245 0.00072524526105429245 0.015926419084743078 0.00045498152762635165 0.67397645847364163 0.048141175656088525 0 running
10740 6.9906338148615585 0.00072464223657795488 0.02 204.48302200000001 0.055819405379521972 0.080465794517935063 0.080328422719135317 0.019417342242914616 0 0.047692738660008956 nan nan nan nan nan nan nan nan nan nan 0.65672078169889048 0.461813515854122 0.16615941836368453 0 0.228232891808753 nan nan nan nan nan nan nan nan nan nan 0 0 0 9360 0 0 0 0 0 0 0.00072464223657795488 0.00072464223657795488 0.015889370479430617 0.00045838832148201576 0.67787649950979845 0.048419750016108126 0 running
10750 6.9978763394602774 0.00072391564242003123 0.02 204.606133 0.055775957826135585 0.080400731218270127 0.080270911015371677 0.019390667123835206 0 0.047655982310059047 nan nan nan nan nan nan nan nan nan nan 0.63687117230288859 0.46463388817497775 0.16429530539712367 0 0.22975746484367615 nan nan nan nan nan nan nan nan nan nan 0 0 0 9360 0 0 0 0 0 0 0.00072391564242003123 0.00072391564242003123 0.015861329672524231 0.0004619998256712886 0.68203210018609239 0.048716578636156818 0 running
10760 7.0050633964521465 0.00072308143052701333 0.02 204.81146899999999 0.055735218331055061 0.080339905127741182 0.080217286441171279 0.019364296124382899 0 0.047621249959862624 nan nan nan nan nan nan nan nan nan nan 0.6177723777728823 0.46733683068613918 0.16229215266377262 0 0.23122478124186324 nan nan nan nan nan nan nan nan nan nan 0 0 0 9360 0 0 0 0 0 0 0.00072308143052701333 0.00072308143052701333 0.015841992779488487 0.00046573494930938266 0.68632343332816881 0.049023102432343056 0 running
10770 7.0122892104971841 0.00072217336466889436 0.02 204.910031 0.055696311002454431 0.080281857426191164 0.080166397896721864 0.01933784229687889 0 0.047587972936203704 nan nan nan nan nan nan nan nan nan nan 0.59903007007171238 0.46994861385041964 0.1601580632051407 0 0.2326493585574696 nan nan nan nan nan nan nan nan nan nan 0 0 0 9360 0 0 0 0 0 0 0.00072217336466889436 0.00072217336466889436 0.01583026807096264 0.00046959623216407108 0.6907369209591171 0.04933835154917221 0 running
10780 7.0195065991606675 0.00072142632415952014 0.02 205.03831299999999 0.055659177410202564 0.080226363949574331 0.080118148946505222 0.019311589192416673 0 0.047556234182085953 nan nan nan nan nan nan nan nan nan nan 0.58063048532579753 0.47244282661368081 0.157938710047969 0 0.23401709606985646 nan nan nan nan nan nan nan nan nan nan 0 0 0 9360 0 0 0 0 0 0 0.00072142632415952014 0.00072142632415952014 0.015825023147330534 0.00047351610565403565 0.69518432889258497 0.049656023544755311 0 running
10790 7.0267181641114345 0.00072098179955593447 0.02 205.165685 0.055623393173393362 0.080172677279291046 0.08007195283870662 0.019285679462394355 0 0.047525741390849335 nan nan nan nan nan nan nan nan nan nan 0.56244771983024133 0.47481289677097316 0.1556640981831876 0 0.23532459602231731 nan nan nan nan nan nan nan nan nan nan 0 0 0 9360 0 0 0 0 0 0 0.00072098179955593447 0.00072098179955593447 0.015824539164135447 0.00047745559273523465 0.69961435360586177 0.049972453881752033 0 running
10800 7.0339270176745048 0.00072085713846793589 0.02 205.28942799999999 0.055588522441907651 0.080120060439742985 0.080027190744583809 0.01926029104467122 0 0.047496157548888522 nan nan nan nan nan nan nan nan nan nan 0.54436497786728255 0.47705315896258105 0.15336143483601994 0 0.2365689025739926 nan nan nan nan nan nan nan nan nan nan 0 0 0 9360 0 0 0 0 0 0 0.00072085713846793589 0.00072085713846793589 0.015826847667846467 0.00048137991136266701 0.70398318321177122 0.050284513139646478 0 running
10810 7.0411365750740957 0.00072109403167346835 0.02 205.39996400000001 0.055554195859109298 0.080067934234135732 0.079983332941008387 0.019235453816661172 0 0.047467178801298013 nan nan nan nan nan nan nan nan nan nan 0.52633670093288965 0.47915868904525194 0.15105492597751846 0 0.23774740785197457 nan nan nan nan nan nan nan nan nan nan 0 0 0 9360 0 0 0 0 0 0 0.00072109403167346835 0.00072109403167346835 0.015829927737720854 0.00048525879509516621 0.70825384098147393 0.050589560123518736 0 running
10820 7.0483506726221172 0.00072172932493412502 0.02 205.53697 0.055520228493410567 0.080016075066637757 0.079940054785393191 0.01921122535226143 0 0.047438624053673245 nan nan nan nan nan nan nan nan nan nan 0.50840520944176548 0.48112520805520792 0.14876554072208004 0 0.23885780027926046 nan nan nan nan nan nan nan nan nan nan 0 0 0 9360 0 0 0 0 0 0 0.00072172932493412502 0.00072172932493412502 0.015831434060902032 0.00048906711991131551 0.71239605950033991 0.050885432875178695 0 running
10830 7.0555733613837459 0.00072277000921387149 0.02 205.651579 0.055486387413417874 0.079964218384451238 0.079897045242991543 0.019187134173268474 0 0.047410291739026805 nan nan nan nan nan nan nan nan nan nan 0.49116364533763013 0.4829488597244268 0.14651098431926313 0 0.23989794652527743 nan nan nan nan nan nan nan nan nan nan 0 0 0 9360 0 0 0 0 0 0 0.00072277000921387149 0.00072277000921387149 0.015830688354334332 0.00049278541076418062 0.71638617758279177 0.051170441309940466 0 running
10840 7.0628085782221861 0.00072419053369834083 0.02 205.753716 0.055452574506131634 0.079912328237259231 0.079854122258723001 0.019162954743312952 0 0.047382066399489164 nan nan nan nan nan nan nan nan nan nan 0.49287127189285751 0.48462595828709554 0.14430583505409267 0 0.240865759520205 nan nan nan nan nan nan nan nan nan nan 0 0 0 9360 0 0 0 0 0 0 0.00072419053369834083 0.00072419053369834083 0.015826972712824884 0.0004963999423139117 0.72020678230492996 0.051443341647524177 0 running
10850 7.0700598759656614 0.00072594422674512459 0.02 205.858375 0.05541864204668305 0.079860274237290349 0.079811031136077473 0.019138558618205164 0 0.047353784571566283 nan nan nan nan nan nan nan nan nan nan 0.49442590066246339 0.48615277207849372 0.14216179840374865 0 0.24175908994506076 nan nan nan nan nan nan nan nan nan nan 0 0 0 9360 0 0 0 0 0 0 0.00072594422674512459 0.00072594422674512459 0.015819501619592471 0.00049497178003242665 0.72384600662735077 0.051703286242257271 0 running
10860 7.0773302907963824 0.00072797696815518436 0.02 205.960756 0.055384373629825935 0.07980778494143706 0.079767436349257315 0.019113928923631694 0 0.047325209919784429 nan nan nan nan nan nan nan nan nan nan 0.49582397125681954 0.48752536266923363 0.14008805147463566 0 0.24257565434189318 nan nan nan nan nan nan nan nan nan nan 0 0 0 9360 0 0 0 0 0 0 0.00072797696815518436 0.00072797696815518436 0.015807884770760134 0.00049203673882559668 0.72729759839611863 0.051949828511715278 0 running
10870 7.0846223133928454 0.00073023460109862147 0.02 206.08498299999999 0.055349548418464324 0.07975457845903608 0.079722990336299746 0.019089053318192613 0 0.047296116338601715 nan nan nan nan nan nan nan nan nan nan 0.49706160791276999 0.48873947019901143 0.13809164209279512 0 0.24331299571943971 nan nan nan nan nan nan nan nan nan nan 0 0 0 9360 0 0 0 0 0 0 0.00073023460109862147 0.00073023460109862147 0.015792397884907047 0.00048921763018103758 0.73056261569998371 0.052183044033666144 0 running
10880 7.091937912298877 0.0007326669126992316 0.02 206.20450500000001 0.055313994396460738 0.07970044739688005 0.079677423757760213 0.019063835380830896 0 0.047266339916419306 nan nan nan nan nan nan nan nan nan nan 0.49813452356504584 0.48979044016330803 0.13959556139693863 0 0.24396847229364646 nan nan nan nan nan nan nan nan nan nan 0 0 0 9360 0 0 0 0 0 0 0.0007326669126992316 0.0007326669126992316 0.015773959026866343 0.00048671778041354174 0.733648254587138 0.052403446811552748 0 running
10890 7.0992785908526201 0.00073523153691822443 0.02 206.332032 0.055277603317617698 0.079645273746327086 0.079630562760499068 0.019038168949465896 0 0.047235782094403038 nan nan nan nan nan nan nan nan nan nan 0.49903797295067831 0.49067320152366062 0.14184966485973138 0 0.24453927492931699 nan nan nan nan nan nan nan nan nan nan 0 0 0 9360 0 0 0 0 0 0 0.00073523153691822443 0.00073523153691822443 0.015753987173395122 0.00048483796639678172 0.73656451232507825 0.052611750935911257 0 running
10900 7.1066455208901305 0.00073790385341468 0.02 206.47130000000001 0.05524033692331657 0.079589025455352999 0.079582335305796489 0.019011980820904436 0 0.047204423909377111 nan nan nan nan nan nan nan nan nan nan 0.49976678223465892 0.49138231855399106 0.14380934965598913 0 0.24502247930121723 nan nan nan nan nan nan nan nan nan nan 0 0 0 9360 0 0 0 0 0 0 0.00073790385341468 0.00073790385341468 0.01573404983288041 0.00048390526335186947 0.73932471896691121 0.052808908553393208 0 running
10910 7.1140397050410158 0.00074067063139708644 0.02 206.59338299999999 0.055202219104883522 0.079531714865902617 0.079532774481904961 0.01898524224071426 0 0.047172340002150065 nan nan nan nan nan nan nan nan nan nan 0.5003154728460385 0.49191213001657424 0.14548791974689523 0 0.24541513368235227 nan nan nan nan nan nan nan nan nan nan 0 0 0 9360 0 0 0 0 0 0 0.00074067063139708644 0.00074067063139708644 0.015715282690160683 0.00048411313149351897 0.74194700299492156 0.052996214555591704 0 running
10920 7.1214619847790139 0.00074351075986896025 0.02 206.712762 0.055163284575137798 0.079473336766088545 0.079481941979096041 0.018957971142008229 0 0.047139630866845486 nan nan nan nan nan nan nan nan nan nan 0.50067849962310451 0.49225699486347951 0.14689875961760102 0 0.24571438743463792 nan nan nan nan nan nan nan nan nan nan 0 0 0 9360 0 0 0 0 0 0 0.00074351075986896025 0.00074351075986896025 0.015698136494049997 0.00048555403150262974 0.74445771816321671 0.053175551353516426 0 running
10930 7.1289128926088638 0.0007463845961178801 0.02 206.83128099999999 0.055123546196372102 0.079413878584881567 0.079429850583616124 0.018930228345404441 0 0.047106346764303378 nan nan nan nan nan nan nan nan nan nan 0.50085064917584354 0.49241169205203633 0.14805524371065593 0 0.24591768666119906 nan nan nan nan nan nan nan nan nan nan 0 0 0 9360 0 0 0 0 0 0 0.0007463845961178801 0.0007463845961178801 0.015683388370991841 0.00048843141795615601 0.74687404515723077 0.053348146138985378 0 running
10940 7.1363924451813467 0.00074923044908367653 0.02 206.93982800000001 0.055083002697519472 0.079353330200570477 0.079376467502452142 0.018902119685658341 0 0.04707250997317991 nan nan nan nan nan nan nan nan nan nan 0.50082761623282157 0.49237199497903161 0.14897075515292313 0 0.24602305317562254 nan nan nan nan nan nan nan nan nan nan 0 0 0 9360 0 0 0 0 0 0 0.00074923044908367653 0.00074923044908367653 0.015672508719941108 0.00049303128393205691 0.74920941806387897 0.053514958489636361 0 running
10950 7.1438999286832168 0.00075196754637742169 0.02 207.04737800000001 0.055041658529752298 0.079291693008171904 0.079321758114575494 0.018873783711698074 0 0.047038146928252901 nan nan nan nan nan nan nan nan nan nan 0.50065680344350483 0.49214635715946553 0.14965875938355344 0 0.24602943083558837 nan nan nan nan nan nan nan nan nan nan 0 0 0 9360 0 0 0 0 0 0 0.00075196754637742169 0.00075196754637742169 0.015665390634261395 0.00049906562509276936 0.75147091318887393 0.053676493855877992 0 running
10960 7.1514338113683937 0.00075451841211294807 0.02 207.14191099999999 0.054999517609753627 0.079228958562796825 0.079265695544965667 0.018845367716730729 0 0.047003281129902361 nan nan nan nan nan nan nan nan nan nan 0.50031125136036703 0.49178343684526826 0.1501328765470622 0 0.24593704919909215 nan nan nan nan nan nan nan nan nan nan 0 0 0 9360 0 0 0 0 0 0 0.00075451841211294807 0.00075451841211294807 0.015659557138577414 0.00050540768892567934 0.75365841066032202 0.053832743675432108 0 running
10970 7.1589875993206249 0.00075576719394963529 0.02 207.25645599999999 0.054956603845914019 0.079165128086477077 0.079208302449001081 0.018817018034671784 0 0.046967953775587684 nan nan nan nan nan nan nan nan nan nan 0.4997700550016036 0.49122667014303456 0.15040678981997768 0 0.24577665012200797 nan nan nan nan nan nan nan nan nan nan 0 0 0 9360 0 0 0 0 0 0 0.00075576719394963529 0.00075576719394963529 0.015652216443755657 0.00051071830483471841 0.75576380329210313 0.053983128863575251 0 running
10980 7.1665493203364834 0.00075649722535378475 0.02 207.36701299999999 0.054913013824705079 0.079100300437570881 0.079149721467276335 0.018788870409641133 0 0.046932268724509417 nan nan nan nan nan nan nan nan nan nan 0.49903945099439584 0.49048266405189367 0.15049465417460839 0 0.2455263774888545 nan nan nan nan nan nan nan nan nan nan 0 0 0 9360 0 0 0 0 0 0 0.00075649722535378475 0.00075649722535378475 0.015642003181953096 0.00051407923598285356 0.75777161369207524 0.054126543892296111 0 running
10990 7.1741180662913884 0.00075717328342029275 0.02 207.482845 0.054868843328188269 0.079034564686405032 0.079090112487236353 0.01876100413115709 0 0.046896335213359855 nan nan nan nan nan nan nan nan nan nan 0.49812820080187326 0.48956052716814247 0.15041101539070123 0 0.24518781351885816 nan nan nan nan nan nan nan nan nan nan 0 0 0 9360 0 0 0 0 0 0 0.00075717328342029275 0.00075717328342029275 0.015629291899453363 0.00051520261157224172 0.7596649955444269 0.054261785453321172 0 running
11000 7.181693152783966 0.00075776911547073393 0.02 207.59721099999999 0.054824159745974668 0.078968036866796487 0.079029564985843653 0.018733481077073028 0 0.04686017667004979 nan nan nan nan nan nan nan nan nan nan 0.49704740029976885 0.48847163910449326 0.15016974706317088 0 0.24476700979836136 nan nan nan nan nan nan nan nan nan nan 0 0 0 9360 0 0 0 0 0 0 0.00075776911547073393 0.00075776911547073393 0.015615672585802123 0.00051421163376276903 0.76142359055335307 0.054387399382662793 0 running
11010 7.1892736486037023 0.00075826247094309496 0.02 207.72265899999999 0.054778938874665915 0.078900744206936824 0.078968015620774754 0.018706353787752508 0 0.046823691884002032 nan nan nan nan nan nan nan nan nan nan 0.49580961558231174 0.48722869098292365 0.14978388805818454 0 0.24427051269825228 nan nan nan nan nan nan nan nan nan nan 0 0 0 9360 0 0 0 0 0 0 0.00075826247094309496 0.00075826247094309496 0.015498892741414678 0.00051171726341604068 0.76302508912321354 0.054501792137773612 0 running
11020 7.1968584569346881 0.00075864234704265093 0.02 207.83519200000001 0.054733072162410225 0.078832482902173151 0.078905330134323701 0.018679657259645099 0 0.04678680222255182 nan nan nan nan nan nan nan nan nan nan 0.49442699525136247 0.48584349256767306 0.14926554682327708 0 0.24370442693171251 nan nan nan nan nan nan nan nan nan nan 0 0 0 9360 0 0 0 0 0 0 0.00075864234704265093 0.00075864234704265093 0.015356522164261312 0.00050832290468534971 0.76444852961295517 0.054603466458576798 0 running
11030 7.2044464542613564 0.00075891335248837362 0.02 207.95073600000001 0.054686176013132137 0.078762824584210578 0.078840886311435779 0.018653422015485966 0 0.04674902342244875 nan nan nan nan nan nan nan nan nan nan 0.49291218686596572 0.48432827533138967 0.14862585517440863 0 0.24307400102186141 nan nan nan nan nan nan nan nan nan nan 0 0 0 9360 0 0 0 0 0 0 0.00075891335248837362 0.00075891335248837362 0.01523178638678349 0.0005046060233314313 0.76567853667375174 0.054691324105869313 0 running
11040 7.21203665999899 0.00075909777202659275 0.02 208.08242300000001 0.054637710482417778 0.078691133546583067 0.078773824395808281 0.018627674763556815 0 0.046709708390417791 nan nan nan nan nan nan nan nan nan nan 0.49127424076617815 0.48269095304536275 0.14787496980837389 0 0.24238186334771278 nan nan nan nan nan nan nan nan nan nan 0 0 0 9360 0 0 0 0 0 0 0.00075909777202659275 0.00075909777202659275 0.015126688266894108 0.00050104682678104152 0.76670979069972522 0.054764985107802325 0 running
11050 7.2196283959162244 0.00075923058230913392 0.02 208.18950000000001 0.054587135355488002 0.078616766189204351 0.07870328878698328 0.018602440976638046 0 0.046668215407997184 nan nan nan nan nan nan nan nan nan nan 0.48951854924299848 0.48093514879941313 0.14702211551158539 0 0.241627833202955 nan nan nan nan nan nan nan nan nan nan 0 0 0 9360 0 0 0 0 0 0 0.00075923058230913392 0.00075923058230913392 0.015042505012085011 0.00049798026569804817 0.76755082857687384 0.054825059241947804 0 running
11060 7.2272213308790523 0.00075934394047363755 0.02 208.29920000000001 0.054534087561208755 0.078539279948321064 0.078628705953130665 0.018577736724358463 0 0.046624128240683592 nan nan nan nan nan nan nan nan nan nan 0.4876471451347304 0.47906066967869682 0.14607567107137509 0 0.24080927590104709 nan nan nan nan nan nan nan nan nan nan 0 0 0 9360 0 0 0 0 0 0 0.00075934394047363755 0.00075934394047363755 0.014979285127900329 0.00049557620630231883 0.76822429342654386 0.054873163874117885 0 running
11070 7.2348154004297438 0.00075946058522395718 0.02 208.410754 0.054478581314898362 0.078458682172397348 0.078550106545823936 0.018553569040918875 0 0.046577463860479416 nan nan nan nan nan nan nan nan nan nan 0.48565998153543782 0.47706513291088226 0.14504329290494722 0 0.23992228875299854 nan nan nan nan nan nan nan nan nan nan 0 0 0 9360 0 0 0 0 0 0 0.00075946058522395718 0.00075946058522395718 0.014935427147617067 0.00049387074584554503 0.76876916292386377 0.054912083123967538 0 running
11080 7.242410739764515 0.00075959719196571273 0.02 208.55224799999999 0.054420996463118369 0.078375425669402338 0.07846810549482032 0.018529938887503764 0 0.046528644040126757 nan nan nan nan nan nan nan nan nan nan 0.48355679251334627 0.47494626758176983 0.14393204881995292 0 0.2389633394368762 nan nan nan nan nan nan nan nan nan nan 0 0 0 9360 0 0 0 0 0 0 0.00075959719196571273 0.00075959719196571273 0.014908316549331963 0.00049281820500338505 0.76925582997329212 0.054946845056106267 0 running
11090 7.2500075633685812 0.00075975524512930073 0.02 208.67479 0.054361881338512552 0.078290167304303604 0.078383601154153285 0.018506802856482128 0 0.04647827164293733 nan nan nan nan nan nan nan nan nan nan 0.48133856396877045 0.47270371450907389 0.14274855832200695 0 0.23793053203544734 nan nan nan nan nan nan nan nan nan nan 0 0 0 9360 0 0 0 0 0 0 0.00075975524512930073 0.00075975524512930073 0.014895213100108193 0.00049233390184457739 0.76983330591054799 0.054988093337382374 0 running
11100 7.2576060781655327 0.00075993268880774527 0.02 208.79517100000001 0.054301780146082883 0.078203591947964099 0.078297472700695703 0.018484087222094318 0 0.046426922468043794 nan nan nan nan nan nan nan nan nan nan 0.47900780306584279 0.47033934809971795 0.14149911932881132 0 0.23682382357619824 nan nan nan nan nan nan nan nan nan nan 0 0 0 9360 0 0 0 0 0 0 0.00075993268880774527 0.00075993268880774527 0.014893803115980708 0.00049231431946950206 0.77081039544863905 0.055057885447319717 0 running
11110 7.2652064400731504 0.00076012191434809788 0.02 208.91668999999999 0.05424114551185142 0.078116295043993783 0.078210450917772942 0.018461695647008648 0 0.046375046542992973 nan nan nan nan nan nan nan nan nan nan 0.47656753997829937 0.46785604362991529 0.14018981218080429 0 0.23564413581283047 nan nan nan nan nan nan nan nan nan nan 0 0 0 9360 0 0 0 0 0 0 0.00076012191434809788 0.00076012191434809788 0.014902453582296542 0.00049266609201149586 0.77240777627191681 0.055171984077674291 0 running
11120 7.2728087164905011 0.00076031408181117112 0.02 209.02921599999999 0.054180232661403926 0.078028632229781736 0.078122947934680512 0.018439536523415932 0 0.046322878876054081 nan nan nan nan nan nan nan nan nan nan 0.47401965541333696 0.46525560880767342 0.13882658353488164 0 0.23439186039571572 nan nan nan nan nan nan nan nan nan nan 0 0 0 9360 0 0 0 0 0 0 0.00076031408181117112 0.00076031408181117112 0.014920909960404467 0.00049333678749820655 0.77453059217913145 0.055323613785492581 0 running
11130 7.2804129059772755 0.00076050433850407206 0.02 209.14674500000001 0.054119040574257114 0.077940628113903787 0.078034964049855202 0.018417549719215765 0 0.046270395510289421 nan nan nan nan nan nan nan nan nan nan 0.47136327381959431 0.4625367838680155 0.13741530047888695 0 0.23306539804015325 nan nan nan nan nan nan nan nan nan nan 0 0 0 9360 0 0 0 0 0 0 0.00076050433850407206 0.00076050433850407206 0.014948971561257263 0.00049429702607880165 0.77693570820898683 0.055495407787806497 0 running
11140 7.2880189853589936 0.00076069257212465179 0.02 209.247782 0.054057352068245863 0.07785202237648739 0.077946154795784275 0.018395692528907687 0 0.046217362797717695 nan nan nan nan nan nan nan nan nan nan 0.46859373408469818 0.45969393971755279 0.13596177986710112 0 0.23166018649037923 nan nan nan nan nan nan nan nan nan nan 0 0 0 9360 0 0 0 0 0 0 0.00076069257212465179 0.00076069257212465179 0.014986611953927718 0.00049556292421281008 0.77941198933893618 0.055672285011561053 0 running
11150 7.2956269502095816 0.00076088203953929214 0.02 209.34981300000001 0.053994845073849239 0.077762400430868489 0.07785599523696958 0.018374053315683331 0 0.046163445737808277 nan nan nan nan nan nan nan nan nan nan 0.46570245777248204 0.45671687906104025 0.13447180137995929 0 0.23016853055678205 nan nan nan nan nan nan nan nan nan nan 0 0 0 9360 0 0 0 0 0 0 0.00076088203953929214 0.00076088203953929214 0.015033934342512 0.00049718122074872406 0.78182374341686711 0.05584455316016658 0 running
11160 7.3032368397737679 0.00076107779372896025 0.02 209.46132600000001 0.053931173924426437 0.077671301817046387 0.077763913430063725 0.018352810908061599 0 0.046108291859419878 nan nan nan nan nan nan nan nan nan nan 0.46267809583777386 0.45359223078791661 0.13295110936886934 0 0.22858062683424737 nan nan nan nan nan nan nan nan nan nan 0 0 0 9360 0 0 0 0 0 0 0.00076107779372896025 0.00076107779372896025 0.015091153575338375 0.00049920777603304619 0.78409849771584916 0.056007035610265418 0 running
11170 7.3108487479804039 0.00076128557173389525 0.02 209.57668200000001 0.053865959690946631 0.077578225408810916 0.077669328311345681 0.018331866078805444 0 0.046051548674135828 nan nan nan nan nan nan nan nan nan nan 0.45950936005470638 0.45030696411114152 0.13140540633527698 0 0.22688721007179241 nan nan nan nan nan nan nan nan nan nan 0 0 0 9360 0 0 0 0 0 0 0.00076128557173389525 0.00076128557173389525 0.01515857110939688 0.00050169707816217406 0.78620595257493342 0.056157568100358948 0 running
11180 7.318462832325757 0.0007615124416259861 0.02 209.685191 0.05379897257265117 0.077482864294625517 0.077571891191425907 0.018311105399262288 0 0.045993022363263941 nan nan nan nan nan nan nan nan nan nan 0.45618953943504725 0.44685403948207963 0.12984033821585284 0 0.22508386101189698 nan nan nan nan nan nan nan nan nan nan 0 0 0 9360 0 0 0 0 0 0 0.0007615124416259861 0.0007615124416259861 0.015236549122200916 0.00050470011131765319 0.78814375028633477 0.056295982222748044 0 running
11190 7.326079328559179 0.00076176645578390572 0.02 209.78098800000001 0.053730227885578088 0.077385205680490662 0.077471626811130151 0.018290547127445687 0 0.045932774899679105 nan nan nan nan nan nan nan nan nan nan 0.45272159544231738 0.44323881111725544 0.12826147178643676 0 0.2231759287593692 nan nan nan nan nan nan nan nan nan nan 0 0 0 9360 0 0 0 0 0 0 0.00076176645578390572 0.00076176645578390572 0.015325496611721928 0.00050826508744138089 0.78993221875806319 0.05642372997086352 0 running
11200 7.3336985435998852 0.00076205376274966112 0.02 209.886943 0.05366001505555415 0.077285552913527386 0.077368995509443941 0.01827029999995932 0 0.045871168084462129 nan nan nan nan nan nan nan nan nan nan 0.44912131177844405 0.43948298471994085 0.1266742712668476 0 0.22118159528381909 nan nan nan nan nan nan nan nan nan nan 0 0 0 9360 0 0 0 0 0 0 0.00076205376274966112 0.00076205376274966112 0.01542586010678307 0.00051243906042177018 0.78864907226266179 0.056332076649666649 0 running
11210 7.3413208397921457 0.00076237965235945897 0.02 210.00446099999999 0.053588923246400598 0.077184572587740349 0.077264940168406043 0.018250464090707963 0 0.04580889443369407 nan nan nan nan nan nan nan nan nan nan 0.4454156901664707 0.43562255446386156 0.12508407556387491 0 0.21913028219492287 nan nan nan nan nan nan nan nan nan nan 0 0 0 9360 0 0 0 0 0 0 0.00076237965235945897 0.00076237965235945897 0.015538110459043547 0.00051726996851735518 0.78623538797403525 0.056159670628868438 0 running
11220 7.3489466276964395 0.00076274838652560942 0.02 210.11000300000001 0.053517720355439995 0.077083149379101823 0.07716070074955253 0.018231071504076553 0 0.045746850532749329 nan nan nan nan nan nan nan nan nan nan 0.44163604822603353 0.43169899779923898 0.12349606989415918 0 0.21705578542047679 nan nan nan nan nan nan nan nan nan nan 0 0 0 9360 0 0 0 0 0 0 0.00076274838652560942 0.00076274838652560942 0.015662724085830436 0.00052280912158510174 0.78368516885976713 0.055977512120514113 0 running
11230 7.3565763507341462 0.00076316237669662751 0.02 210.253016 0.053447151345579848 0.076982138832913979 0.077057488905545701 0.0182121179868323 0 0.045685910273321112 nan nan nan nan nan nan nan nan nan nan 0.43780892222902024 0.42774764232650997 0.12191525838856521 0 0.21498713910842435 nan nan nan nan nan nan nan nan nan nan 0 0 0 9360 0 0 0 0 0 0 0.00076316237669662751 0.00076316237669662751 0.015800152886802737 0.00052911400005672287 0.78099763932827104 0.055785545725204555 0 running
11240 7.3642104647062707 0.00076362188996856816 0.02 210.38488799999999 0.053377750700518048 0.07688215082763257 0.076956178814656842 0.018193594118546073 0 0.045626701706858008 nan nan nan nan nan nan nan nan nan nan 0.43394947112264376 0.42378918229717305 0.12034643794904731 0 0.21294187794803154 nan nan nan nan nan nan nan nan nan nan 0 0 0 9360 0 0 0 0 0 0 0.00076362188996856816 0.00076362188996856816 0.015950767744840867 0.00053625035404244624 0.77816762909389414 0.05558340213682135 0 running
11250 7.3718488009356946 0.00076366141988014693 0.02 210.51428000000001 0.05330976218395652 0.076783470482241684 0.076857169343503423 0.018175484744916644 0 0.045569503574694165 nan nan nan nan nan nan nan nan nan nan 0.4300603672005735 0.41982809396126597 0.11879429710964207 0 0.2118255512930019 nan nan nan nan nan nan nan nan nan nan 0 0 0 9360 0 0 0 0 0 0 0.00076366141988014693 0.00076366141988014693 0.016114853057115023 0.00054429173982229622 0.77518440308701619 0.055370314564676525 0 running
11260 7.3794709306260966 0.00076101346199684665 0.02 210.651859 0.053243329795142506 0.076686343953278308 0.076760663111777927 0.018157782348014562 0 0.045514404624177066 nan nan nan nan nan nan nan nan nan nan 0.42614490136140942 0.41586655956419494 0.1172672800025083 0 0.2112771737012531 nan nan nan nan nan nan nan nan nan nan 0 0 0 9360 0 0 0 0 0 0 0.00076101346199684665 0.00076101346199684665 0.01629220829880822 0.00055273018869967511 0.77203992959753442 0.05514570931519068 0 running
11270 7.3870660761811235 0.00075827571643606736 0.02 210.78533400000001 0.053178324159664649 0.076590702827881663 0.076666431250706865 0.018140403100300712 0 0.045461182751026417 nan nan nan nan nan nan nan nan nan nan 0.42219670946189053 0.41189511078822233 0.11577135322040588 0 0.21072307255120057 nan nan nan nan nan nan nan nan nan nan 0 0 0 9360 0 0 0 0 0 0 0.00075827571643606736 0.00075827571643606736 0.016440161513085444 0.00055127798088378519 0.76871877987111426 0.05490848433448163 0 running
11280 7.3946334186329512 0.00075546316317594633 0.02 210.898597 0.05311445355778914 0.076496286598171787 0.076573985851708465 0.01812323009280848 0 0.045409440011836034 nan nan nan nan nan nan nan nan nan nan 0.41820362527249433 0.40789781094318855 0.11431002663563783 0 0.21015970157338315 nan nan nan nan nan nan nan nan nan nan 0 0 0 9360 0 0 0 0 0 0 0.00075546316317594633 0.00075546316317594633 0.016506796167053198 0.00054976224588737304 0.7651984814817584 0.054657034449262155 0 running
11290 7.4021723153481291 0.00075259584050717243 0.02 211.04083900000001 0.05305142732620774 0.076402843073597224 0.076482837965675982 0.018106155561188268 0 0.045358768772101675 nan nan nan nan nan nan nan nan nan nan 0.4141551332277128 0.40386053927770005 0.11288634662107011 0 0.20958312782531166 nan nan nan nan nan nan nan nan nan nan 0 0 0 9360 0 0 0 0 0 0 0.00075259584050717243 0.00075259584050717243 0.016579390286223867 0.0005481713582796004 0.7614553779932357 0.054389669914085385 0 running
11300 7.4096823569827919 0.00074969984598472416 0.02 211.157614 0.05298899849921114 0.076310163335322298 0.07639257472942397 0.018089092264748981 0 0.045308807628652185 nan nan nan nan nan nan nan nan nan nan 0.4100433295329855 0.39977227654033576 0.11150288548573384 0 0.20898902740813152 nan nan nan nan nan nan nan nan nan nan 0 0 0 9360 0 0 0 0 0 0 0.00074969984598472416 0.00074969984598472416 0.016658545543265312 0.00054648965214827553 0.75746878382626603 0.054104913187572615 0 running
11310 7.4171634286144119 0.00074680704354472961 0.02 211.28015099999999 0.052926979752491894 0.076218099013152185 0.076302885041315466 0.018071967979927151 0 0.04525926445634141 nan nan nan nan nan nan nan nan nan nan 0.40586292865662765 0.39562518170436467 0.11016173796795847 0 0.2083727092871617 nan nan nan nan nan nan nan nan nan nan 0 0 0 9360 0 0 0 0 0 0 0.00074680704354472961 0.00074680704354472961 0.016744678691410029 0.00054469719097949829 0.75322592443721204 0.053801851802320201 0 running
11320 7.4246157468727487 0.00074395107571703406 0.02 211.409918 0.052865232090445385 0.076126565831782261 0.07621353065993898 0.01805472593853923 0 0.04520989283523446 nan nan nan nan nan nan nan nan nan nan 0.40161081731250842 0.39141409114591108 0.10886452937023039 0 0.2077291672904657 nan nan nan nan nan nan nan nan nan nan 0 0 0 9360 0 0 0 0 0 0 0.00074395107571703406 0.00074395107571703406 0.016838008894906227 0.00054277102062076426 0.74872870815470538 0.053480622067516283 0 running
11330 7.4320398642370238 0.00074116516547994378 0.02 211.568612 0.052803641136604136 0.076035506591090374 0.076124316978241111 0.018037305028470431 0 0.04516047293550858 nan nan nan nan nan nan nan nan nan nan 0.39728547218574767 0.38713583857582534 0.10761243524804209 0 0.20705315905051777 nan nan nan nan nan nan nan nan nan nan 0 0 0 9360 0 0 0 0 0 0 0.00074116516547994378 0.00074116516547994378 0.016938597730946529 0.00054068807373917676 0.74400133694970683 0.053142952695374154 0 running
11340 7.4394366516079797 0.00073847960683315946 0.02 211.71150600000001 0.052742128680280616 0.075944824898253119 0.07603514972813645 0.018019644928484659 0 0.045110892944845132 nan nan nan nan nan nan nan nan nan nan 0.39288639621756982 0.38288623031381036 0.10640620871083106 0 0.20633930961136548 nan nan nan nan nan nan nan nan nan nan 0 0 0 9360 0 0 0 0 0 0 0.00073847960683315946 0.00073847960683315946 0.017046411758389758 0.00053842724208417103 0.73909374588821353 0.052792410476325949 0 running
11350 7.4468072457732815 0.0007359171128777628 0.02 211.84247500000001 0.052680611096926941 0.075854425241040996 0.075945912159541884 0.018001718548784126 0 0.045061032551697494 nan nan nan nan nan nan nan nan nan nan 0.3914426056187037 0.38590004854750881 0.10565792782971761 0 0.20558223880570275 nan nan nan nan nan nan nan nan nan nan 0 0 0 9360 0 0 0 0 0 0 0.0007359171128777628 0.0007359171128777628 0.017161450913733552 0.00053597124340814802 0.73408002191899602 0.052434287335289452 0 running
11360 7.4541529536129305 0.00073348998424283408 0.02 211.97412600000001 0.052618989096870489 0.075764203096753566 0.075856447872019908 0.017983515169766345 0 0.045010755329977149 nan nan nan nan nan nan nan nan nan nan 0.3945456868254279 0.38889580757456355 0.10540216187577167 0 0.20477670711180962 nan nan nan nan nan nan nan nan nan nan 0 0 0 9360 0 0 0 0 0 0 0.00073348998424283408 0.00073348998424283408 0.017283979184761569 0.00053330839383582877 0.72905226051737859 0.05207516152050902 0 running
11370 7.4614751500463194 0.00073120072985067587 0.02 212.125193 0.052557166803753649 0.075674069203943775 0.075766585377104845 0.017965053231223299 0 0.044959932884712443 nan nan nan nan nan nan nan nan nan nan 0.39763074275129362 0.39187255629006901 0.10512941450120805 0 0.20391776448879348 nan nan nan nan nan nan nan nan nan nan 0 0 0 9360 0 0 0 0 0 0 0.00073120072985067587 0.00073120072985067587 0.017414747214479009 0.00053043232461797416 0.72411256304079197 0.051722325986094587 0 running
11380 7.4687751894524634 0.00072904395163679787 0.02 212.26969399999999 0.052495007617993333 0.075583852660370293 0.07567611222832081 0.01794634871871803 0 0.044908406192539108 nan nan nan nan nan nan nan nan nan nan 0.40069536603229677 0.39482838967470113 0.10483936814110195 0 0.20300088480522951 nan nan nan nan nan nan nan nan nan nan 0 0 0 9360 0 0 0 0 0 0 0.00072904395163679787 0.00072904395163679787 0.017555133165211557 0.00052733985649011585 0.71936585471547654 0.05138327539107123 0 running
11390 7.4760543447156307 0.00072700984325719208 0.02 212.41612799999999 0.052432349482183102 0.075493338426982998 0.075584782998618399 0.017927424030368812 0 0.044855994704666481 nan nan nan nan nan nan nan nan nan nan 0.40373601608758214 0.39776031974505488 0.10453176516407114 0 0.20202207082774101 nan nan nan nan nan nan nan nan nan nan 0 0 0 9360 0 0 0 0 0 0 0.00072700984325719208 0.00072700984325719208 0.017707148599717237 0.00052402951227648585 0.71491549826702461 0.051065392787274753 0 running
11400 7.4833137812387838 0.00072508717144834241 0.02 212.577102 0.052369025696000493 0.075402307871119234 0.075492339933528455 0.017908313615843958 0 0.044802512700159051 nan nan nan nan nan nan nan nan nan nan 0.40674793687905092 0.40066419152975069 0.10439700882067715 0 0.20097792329447478 nan nan nan nan nan nan nan nan nan nan 0 0 0 9360 0 0 0 0 0 0 0.00072508717144834241 0.00072508717144834241 0.017873227231238846 0.00052050116270244129 0.71086052882591766 0.050775752112604162 0 running
11410 7.4905545511088727 0.0007232646959962353 0.02 212.73487299999999 0.052304864399714858 0.075310527910183958 0.075398521309987934 0.017889051094384864 0 0.044747775592335073 nan nan nan nan nan nan nan nan nan nan 0.40972512129644367 0.40353464869157263 0.10444222395404552 0 0.19986567879510578 nan nan nan nan nan nan nan nan nan nan 0 0 0 9360 0 0 0 0 0 0 0.0007232646959962353 0.0007232646959962353 0.01805573740939494 0.00051675676579304643 0.70728923398394572 0.050520659623622545 0 running
11420 7.4977775991600737 0.000721532278975219 0.02 212.86539999999999 0.052239706207685553 0.0752177805856966 0.075303082830053131 0.017869665259843414 0 0.044691618754301221 nan nan nan nan nan nan nan nan nan nan 0.41266033401202734 0.4063651588420194 0.10447558520658191 0 0.20042019551475837 nan nan nan nan nan nan nan nan nan nan 0 0 0 9360 0 0 0 0 0 0 0.000721532278975219 0.000721532278975219 0.018256253150529297 0.00051280223891846447 0.70426806357427496 0.050304861736989649 0 running
11430 7.5043226306467297 0.00072003035681885005 0.02 213.00375299999999 0.052179554319948564 0.07513256120935867 0.075214826399732593 0.017851966866458076 0 0.044639274858819772 nan nan nan nan nan nan nan nan nan nan 0.41528259458958072 0.40889472169010954 0.10449580210303838 0 0.20176541399411696 nan nan nan nan nan nan nan nan nan nan 0 0 0 9360 0 0 0 0 0 0 0.00072003035681885005 0.00072003035681885005 0.01845397764971345 0.0005090392527974752 0.70202853547028954 0.050144895443678943 0 running
11440 7.5115141835559145 0.0007184508644041594 0.02 213.13125600000001 0.052112137705792608 0.075037486630891839 0.075115741626710808 0.017832375325831082 0 0.044580060919250687 nan nan nan nan nan nan nan nan nan nan 0.41811369567734058 0.41162712647731248 0.10450720942996755 0 0.20322193341942493 nan nan nan nan nan nan nan nan nan nan 0 0 0 9360 0 0 0 0 0 0 0.0007184508644041594 0.0007184508644041594 0.01868694970296679 0.00050472672878673272 0.7001084206000493 0.05000774438137412 0 running
11450 7.518690367187518 0.00071694912784920674 0.02 213.257791 0.052043404149701669 0.074940984538295979 0.075014558784491703 0.017812655465677389 0 0.044519138463203906 nan nan nan nan nan nan nan nan nan nan 0.42087606913985742 0.41429516783124498 0.10450939177104061 0 0.20464853955763809 nan nan nan nan nan nan nan nan nan nan 0 0 0 9360 0 0 0 0 0 0 0.00071694912784920674 0.00071694912784920674 0.018931608387874124 0.00050026885057717478 0.69870742722036061 0.049907673425576414 0 running
11460 7.5258519833267217 0.000715530277300329 0.02 213.36333300000001 0.051973443021103884 0.074843082488131804 0.074911476404105615 0.017792793616964148 0 0.044456654161954261 nan nan nan nan nan nan nan nan nan nan 0.42355938919009312 0.41688940676821729 0.10450157207545137 0 0.20604102720803952 nan nan nan nan nan nan nan nan nan nan 0 0 0 9360 0 0 0 0 0 0 0.000715530277300329 0.000715530277300329 0.01918153774273235 0.00049570939660909311 0.69773181615512847 0.049837986920843395 0 running
11470 7.532999904945691 0.00071420275910465841 0.02 213.48942700000001 0.051901621712856484 0.074743118445125975 0.07480544296856742 0.017772528997117506 0 0.044391900641256275 nan nan nan nan nan nan nan nan nan nan 0.42615336110604235 0.41940045310970342 0.10448331489687766 0 0.20739526532935831 nan nan nan nan nan nan nan nan nan nan 0 0 0 9360 0 0 0 0 0 0 0.00071420275910465841 0.00071420275910465841 0.019429122871669199 0.00049110092857423807 0.6970593594212825 0.049789954296946541 0 running
11480 7.5401351098369247 0.00071297892631369205 0.02 213.615421 0.051828076154683655 0.0746411117133053 0.074696760161751086 0.017751925181776537 0 0.044325105813283354 nan nan nan nan nan nan nan nan nan nan 0.42864816133676997 0.42181937167073286 0.10445496455524109 0 0.20870737119549387 nan nan nan nan nan nan nan nan nan nan 0 0 0 9360 0 0 0 0 0 0 0.00071297892631369205 0.00071297892631369205 0.019666608480422097 0.00048650079878407985 0.6965537738953993 0.049753841045059609 0 running
11490 7.5472587181143895 0.0007118741943640467 0.02 213.727214 0.051752982363200431 0.074537224259440746 0.074585744597060369 0.017731013617008979 0 0.044256479482015221 nan nan nan nan nan nan nan nan nan nan 0.43103485887568543 0.42413806066387866 0.10441687750182525 0 0.20997385714885336 nan nan nan nan nan nan nan nan nan nan 0 0 0 9360 0 0 0 0 0 0 0.0007118741943640467 0.0007118741943640467 0.019886957736000792 0.00048196857899794528 0.69607943544173478 0.049719959726904947 0 running
11500 7.5543720091839992 0.00071090451806932252 0.02 213.845752 0.051676146999689136 0.074431237001866865 0.074472080078766892 0.017709755126595384 0 0.044185808401986812 nan nan nan nan nan nan nan nan nan nan 0.43332283951486739 0.42635386818771842 0.10436940800996548 0 0.21119333058718068 nan nan nan nan nan nan nan nan nan nan 0 0 0 9360 0 0 0 0 0 0 0.00071090451806932252 0.00071090451806932252 0.020084391685032975 0.00047756394695794074 0.69551576068496235 0.049679697244235842 0 running
11510 7.5614764129516097 0.00071008385436236582 0.02 213.96864500000001 0.051597550945319128 0.074323146732657996 0.074355712924615458 0.017688199948303829 0 0.044113056067232564 nan nan nan nan nan nan nan nan nan nan 0.43552076265002138 0.42850464321083082 0.10431290535916196 0 0.2123885864767408 nan nan nan nan nan nan nan nan nan nan 0 0 0 9360 0 0 0 0 0 0 0.00071008385436236582 0.00071008385436236582 0.02025473969643422 0.00047334704093989269 0.69476801056271242 0.049626286521161592 0 running
11520 7.5685734779717606 0.00070942208386425834 0.02 214.10372699999999 0.051517230836218009 0.074213002419731444 0.074236690824270243 0.017666427294599028 0 0.044038241553406167 nan nan nan nan nan nan nan nan nan nan 0.43759388012423084 0.43053981655678075 0.10424771024669609 0 0.21353124000366819 nan nan nan nan nan nan nan nan nan nan 0 0 0 9360 0 0 0 0 0 0 0.00070942208386425834 0.00070942208386425834 0.020395633047288763 0.00046937784728266546 0.69377249378813199 0.049555178180045061 0 running
11530 7.5756648216947138 0.0007089234565241146 0.02 214.227273 0.051435258391071124 0.074100864522152726 0.074115159131554073 0.017644472047684844 0 0.043961422849058421 nan nan nan nan nan nan nan nan nan nan 0.43953796434233072 0.43245511585297186 0.10417415176441822 0 0.2146189188199813 nan nan nan nan nan nan nan nan nan nan 0 0 0 9360 0 0 0 0 0 0 0.0007089234565241146 0.0007089234565241146 0.020506515024065718 0.00046571293378811 0.69249664229948138 0.049464045930759516 0 running
11540 7.5827520681852043 0.00070858559118185853 0.02 214.34680299999999 0.051351741130489244 0.073986858313997969 0.073991337059341564 0.017622262421197656 0 0.043882676420401341 nan nan nan nan nan nan nan nan nan nan 0.44135047691841378 0.43424775948126088 0.1040925451761799 0 0.21564980646896015 nan nan nan nan nan nan nan nan nan nan 0 0 0 9360 0 0 0 0 0 0 0.00070858559118185853 0.00070858559118185853 0.020588456444601919 0.00046239939263877642 0.69093282809406431 0.049352344915968925 0 running
11550 7.5898367798001045 0.00070839931839973612 0.02 214.47936100000001 0.051266807105319487 0.073871146901656651 0.07386549084134196 0.017599632510434306 0 0.043802093643675738 nan nan nan nan nan nan nan nan nan nan 0.44303051107138081 0.43591643223017773 0.10400319041186387 0 0.21662266652733839 nan nan nan nan nan nan nan nan nan nan 0 0 0 9360 0 0 0 0 0 0 0.00070839931839973612 0.00070839931839973612 0.0206438426734144 0.00045946652741517469 0.68908566794625714 0.049220404905271964 0 running
11560 7.5969203989772955 0.00070835034773089275 0.02 214.62280799999999 0.051180593987142475 0.073753924497691276 0.073737866573390778 0.017576447018574831 0 0.043719791502024881 nan nan nan nan nan nan nan nan nan nan 0.44457862598282788 0.43746116440905747 0.10390637096262817 0 0.21753683122817113 nan nan nan nan nan nan nan nan nan nan 0 0 0 9360 0 0 0 0 0 0 0.00070835034773089275 0.00070835034773089275 0.02067610908883934 0.00045691069517472181 0.68694394004003767 0.049067424340380479 0 running
11570 7.6040040821316524 0.00070838880002485789 0.02 214.73216400000001 0.051093361630990888 0.07363555408941494 0.073608843110889624 0.017552749270090585 0 0.043636021778556758 nan nan nan nan nan nan nan nan nan nan 0.44599657029858975 0.43888310544197551 0.10380235484891071 0 0.21839213936897311 nan nan nan nan nan nan nan nan nan nan 0 0 0 9360 0 0 0 0 0 0 0.00070838880002485789 0.00070838880002485789 0.020689014297510917 0.00045470248711607434 0.68450305947230294 0.048893075728215343 0 running
11580 7.6110881743989687 0.00070841810006163838 0.02 214.851707 0.05100540303147634 0.073516440854108508 0.07347881203131125 0.017528682312434037 0 0.04355109751795052 nan nan nan nan nan nan nan nan nan nan 0.44728689934514038 0.44018418750827532 0.10369140237614372 0 0.21918880713146344 nan nan nan nan nan nan nan nan nan nan 0 1 0 9360 0 0 0 0 0 0 0.00070841810006163838 0.00070841810006163838 0.020685681650401622 0.00045286401696743021 0.68187960736639575 0.048705686291881267 0 running
11590 7.6181722033632608 0.00070838091637480611 0.02 214.99553800000001 0.050916970275346397 0.073396886310317946 0.073348135512722609 0.017504343094826146 0 0.043465335379802357 nan nan nan nan nan nan nan nan nan nan 0.4484527074480163 0.44136689459432249 0.10357376791958853 0 0.21992735128209823 nan nan nan nan nan nan nan nan nan nan 0 1 0 9360 0 0 0 0 0 0 0.00070838091637480611 0.00070838091637480611 0.020670191101667207 0.00045155688480381153 0.67937827818973162 0.048527019921930911 0 running
11600 7.6252556805860783 0.0007083261956502124 0.02 215.113056 0.050828302981687945 0.073277167782488092 0.073217185631333684 0.017479747906797308 0 0.043379035755881749 nan nan nan nan nan nan nan nan nan nan 0.44949748906983511 0.44243415153084314 0.1034496870105437 0 0.22060857602545611 nan nan nan nan nan nan nan nan nan nan 0 1 0 9360 0 0 0 0 0 0 0.0007083261956502124 0.0007083261956502124 0.020646367857095626 0.00045070960227656931 0.67696715563562193 0.048354796882169808 0 running
11610 7.6323390569296663 0.00070837127701815186 0.02 215.216601 0.05073959715628968 0.073157477452175559 0.0730863032618152 0.017454853284014266 0 0.043292464276161721 nan nan nan nan nan nan nan nan nan nan 0.45042498564353861 0.44338918994436727 0.10331935625685859 0 0.2212335377487965 nan nan nan nan nan nan nan nan nan nan 0 1 0 9360 0 0 0 0 0 0 0.00070837127701815186 0.00070837127701815186 0.020617442804633672 0.00045028574813126546 0.67467486466947901 0.04819106181298672 0 running
11620 7.639424024486817 0.00070864348323996563 0.02 215.32314500000001 0.050651010378607378 0.073037943557649268 0.072955778084748388 0.017429610705211384 0 0.043205858138131312 nan nan nan nan nan nan nan nan nan nan 0.45123893628458911 0.4442353056039765 0.10318292163220522 0 0.22180342805936332 nan nan nan nan nan nan nan nan nan nan 0 1 0 9360 0 0 0 0 0 0 0.00070864348323996563 0.00070864348323996563 0.020586070081241459 0.00045024304635025357 0.67252845456357546 0.048037746805260309 0 running
11630 7.646513520937317 0.0007092541139418105 0.02 215.44385700000001 0.050562663908926067 0.072918656811160262 0.072825830672024625 0.017403978118345292 0 0.043119419398654497 nan nan nan nan nan nan nan nan nan nan 0.45194283809061414 0.44497561205940395 0.10304047209138514 0 0.22231943564806456 nan nan nan nan nan nan nan nan nan nan 0 1 0 9360 0 0 0 0 0 0 0.0007092541139418105 0.0007092541139418105 0.020554271416867286 0.0004505390771115002 0.67055606792988198 0.047896862045562025 0 running
11640 7.6536108989842573 0.00071016772034577732 0.02 215.57664199999999 0.050474622142163632 0.072799597496908855 0.072696615190825417 0.017377921093956934 0 0.043033312729887474 nan nan nan nan nan nan nan nan nan nan 0.45253935290598613 0.44561232234675796 0.10289205170301061 0 0.22278235385167139 nan nan nan nan nan nan nan nan nan nan 0 1 0 9360 0 0 0 0 0 0 0.00071016772034577732 0.00071016772034577732 0.020523662897408073 0.00045115993212718259 0.66878861713434656 0.047770615560033342 0 running
11650 7.6607183610092555 0.00071123193446738899 0.02 215.70303899999999 0.050386967833501328 0.072680828399399558 0.072568271157606459 0.017351405500629476 0 0.042947695733267781 nan nan nan nan nan nan nan nan nan nan 0.45303070740470158 0.44614734815477541 0.10273769266223805 0 0.22319277694819256 nan nan nan nan nan nan nan nan nan nan 0 1 0 9360 0 0 0 0 0 0 0.00071123193446738899 0.00071123193446738899 0.020495808842425901 0.00045208345524711663 0.66725811813267744 0.047661294202655843 0 running
11660 7.6678367479490754 0.00071233545914121282 0.02 215.80958200000001 0.050299813735488377 0.072562533307610422 0.072440925635447892 0.017324385713954414 0 0.042862722986526339 nan nan nan nan nan nan nan nan nan nan 0.45341845035257078 0.44658186424219809 0.1025774251714786 0 0.22355082637521081 nan nan nan nan nan nan nan nan nan nan 0 1 0 9360 0 0 0 0 0 0 0.00071233545914121282 0.00071233545914121282 0.020472199971896241 0.0004532901572276162 0.66599297844055461 0.047570927081694511 0 running
11670 7.6749660837800642 0.00071341637745586954 0.02 215.91274799999999 0.050213221431343845 0.072444736224255235 0.072314697787877802 0.017296807461861522 0 0.042778536223661484 nan nan nan nan nan nan nan nan nan nan 0.45370290664292406 0.44691559890352761 0.10241127077976889 0 0.22385572428237283 nan nan nan nan nan nan nan nan nan nan 0 1 0 9360 0 0 0 0 0 0 0.00071341637745586954 0.00071341637745586954 0.020454106103606345 0.00045476100217460211 0.665015708817564 0.047501122108550058 0 running
11680 7.6821059325486294 0.00071443950744337246 0.02 216.02927500000001 0.05012723802721402 0.07232744758025357 0.072189686064842495 0.017268595847609161 0 0.042695258648027305 nan nan nan nan nan nan nan nan nan nan 0.4538829227501569 0.4471465270787332 0.10223923829590931 0 0.22410551402904832 nan nan nan nan nan nan nan nan nan nan 0 1 0 9360 0 0 0 0 0 0 0.00071443950744337246 0.00071443950744337246 0.02044249282440434 0.00045647727002070529 0.66434627931582935 0.047453305715518528 0 running
11690 7.6892555948742149 0.0007153844660004907 0.02 216.16081800000001 0.050041925387693802 0.07221072643282142 0.072065982038973478 0.017239742929652451 0 0.042613002323934432 nan nan nan nan nan nan nan nan nan nan 0.4539553151166219 0.44727019028522963 0.10206132279611999 0 0.22429658311917905 nan nan nan nan nan nan nan nan nan nan 0 1 0 9360 0 0 0 0 0 0 0.0007153844660004907 0.0007153844660004907 0.020437925657092831 0.00045841917215727048 0.6639958427523428 0.047428274532385913 0 running
11700 7.6964142290464794 0.00071624197966291497 0.02 216.304889 0.049957357629060097 0.072094638343740094 0.071943656153778818 0.017210547796875485 0 0.042531851737641006 nan nan nan nan nan nan nan nan nan nan 0.45391451545001071 0.44727926120296918 0.10187750645889992 0 0.22442336125964851 nan nan nan nan nan nan nan nan nan nan 0 1 0 9360 0 0 0 0 0 0 0.00071624197966291497 0.00071624197966291497 0.020440228320375838 0.00046056565083989187 0.66396296545963052 0.047425926154332547 0 running
11710 7.7035809564974906 0.00071701252478430656 0.02 216.42441099999999 0.049873616172375151 0.071979272249002524 0.071822775833373306 0.017181372220145551 0 0.042451874367014648 nan nan nan nan nan nan nan nan nan nan 0.45375306150748373 0.44716412591236487 0.10168776001341538 0 0.22447872099398231 nan nan nan nan nan nan nan nan nan nan 0 1 0 9360 0 0 0 0 0 0 0.00071701252478430656 0.00071701252478430656 0.020449179243044565 0.00046289495303969685 0.66423674767958596 0.047445482027207164 0 running
11720 7.7107549407290117 0.00071770282507340616 0.02 216.55332799999999 0.04979076865181889 0.071864739789244916 0.071703409946742416 0.01715228697257852 0 0.042373133508611133 nan nan nan nan nan nan nan nan nan nan 0.45346362447817268 0.44691530324768775 0.10149204415859325 0 0.22445563786581832 nan nan nan nan nan nan nan nan nan nan 0 1 0 9360 0 0 0 0 0 0 0.00071770282507340616 0.00071770282507340616 0.020464106187337322 0.00046538472935112865 0.66482096332350915 0.047487211716102873 0 running
11730 7.7179354356798688 0.00071832373750198102 0.02 216.68696199999999 0.049708900877992464 0.071751189227521564 0.071585661332051562 0.017123301942148131 0 0.042295704263880476 nan nan nan nan nan nan nan nan nan nan 0.45304240091924713 0.4465274809525589 0.10129031090340535 0 0.22434995250804252 nan nan nan nan nan nan nan nan nan nan 0 1 0 9360 0 0 0 0 0 0 0.00071832373750198102 0.00071832373750198102 0.020483771779840423 0.00046801166368793724 0.66570272768080185 0.047550194884547425 0 running
11740 7.7251218269760908 0.00071889038200579356 0.02 216.80357100000001 0.049628122884038242 0.071638808061784895 0.071469680758868698 0.017094362184709503 0 0.042219682592081524 nan nan nan nan nan nan nan nan nan nan 0.45249209384671202 0.4460030313559592 0.10108251211809428 0 0.2241627634366618 nan nan nan nan nan nan nan nan nan nan 0 1 0 9360 0 0 0 0 0 0 0.00071889038200579356 0.00071889038200579356 0.02050645743901541 0.00047075135246070547 0.66686483287632681 0.047633202398601138 0 running
11750 7.7323136750349519 0.00071942204816394977 0.02 216.93912499999999 0.049548574212763589 0.071527837641486833 0.071355646017952301 0.017065469635919303 0 0.042145177688414213 nan nan nan nan nan nan nan nan nan nan 0.45182220268335327 0.44535230023670119 0.1008685993617274 0 0.22390060266479125 nan nan nan nan nan nan nan nan nan nan 0 1 0 9360 0 0 0 0 0 0 0.00071942204816394977 0.00071942204816394977 0.020530016061508009 0.00047357859154229095 0.66828641858734361 0.047734744235209542 0 running
11760 7.7395107491289972 0.00071994062519859967 0.02 217.05630199999999 0.049470399945173479 0.071418526537972454 0.071243738199876908 0.017036679974604969 0 0.042072291636804378 nan nan nan nan nan nan nan nan nan nan 0.45104626960191629 0.44459033953861837 0.10064852492275367 0 0.22357320871469333 nan nan nan nan nan nan nan nan nan nan 0 1 0 9360 0 0 0 0 0 0 0.00071994062519859967 0.00071994062519859967 0.020551910400829852 0.00047646793715025714 0.66994383168295613 0.047853130885021154 0 running
11770 7.7467130430679498 0.00072046877730514314 0.02 217.173855 0.049393683071565747 0.07131096902749226 0.071134109068499943 0.017008024705898066 0 0.042001082793968032 nan nan nan nan nan nan nan nan nan nan 0.45017811374414285 0.4437326045405583 0.10042224205475719 0 0.22319066766998211 nan nan nan nan nan nan nan nan nan nan 0 1 0 9360 0 0 0 0 0 0 0.00072046877730514314 0.00072046877730514314 0.020569325239315105 0.00047939432795094582 0.67181153292828333 0.047986538116971095 0 running
11780 7.7539207742531007 0.00072102841150154082 0.02 217.29692800000001 0.049318447769143396 0.07120519368496421 0.07102681948688043 0.0169794803114557 0 0.041931551438103877 nan nan nan nan nan nan nan nan nan nan 0.44922923271786086 0.44279211449455913 0.10018970358392557 0 0.22276158549750846 nan nan nan nan nan nan nan nan nan nan 0 1 0 9360 0 0 0 0 0 0 0.00072102841150154082 0.00072102841150154082 0.020579394321519968 0.00048233374678780032 0.67386308219209701 0.048133077350255356 0 running
11790 7.761134369086264 0.00072163941920169348 0.02 217.393475 0.049244668607949307 0.071101190074573883 0.070921837585927905 0.016950991831004153 0 0.041863642112142496 nan nan nan nan nan nan nan nan nan nan 0.4482079809225139 0.4417785298006015 0.099950858316134705 0 0.22229247337346214 nan nan nan nan nan nan nan nan nan nan 0 1 0 9360 0 0 0 0 0 0 0.00072163941920169348 0.00072163941920169348 0.020579426171924223 0.00048526423127703681 0.67607244041487025 0.048290888652048648 0 running
11800 7.7683544355000125 0.00072231829553476875 0.02 217.522324 0.049172219466164666 0.070998806709737919 0.07081900643483198 0.016922346977859177 0 0.041797222183785822 nan nan nan nan nan nan nan nan nan nan 0.44711992471528927 0.44069836954128283 0.09970564479282383 0 0.22178779113943498 nan nan nan nan nan nan nan nan nan nan 0 1 0 9360 0 0 0 0 0 0 0.00072231829553476875 0.00072231829553476875 0.020567899581435345 0.00048816660112472031 0.6784150265809531 0.048458216235516938 0 running
11810 7.7755817198373975 0.0007230764561611926 0.02 217.65818300000001 0.049100992327790222 0.070897918628049658 0.070718183276610294 0.01689336060753048 0 0.041732185343194235 nan nan nan nan nan nan nan nan nan nan 0.44596859582016307 0.43955567546377944 0.099453982305382257 0 0.2212502900551499 nan nan nan nan nan nan nan nan nan nan 0 1 0 9360 0 0 0 0 0 0 0.0007230764561611926 0.0007230764561611926 0.020544454487544543 0.00049102278814370506 0.68086678492436237 0.048633341831659641 0 running
11820 7.7828170483578676 0.00072391901351948756 0.02 217.76692199999999 0.049031251270053956 0.070798990515641813 0.07061958539091201 0.016864616440246966 0 0.04166869111264402 nan nan nan nan nan nan nan nan nan nan 0.44475618370793041 0.43835274885743697 0.099195759554649224 0 0.22068148129758164 nan nan nan nan nan nan nan nan nan nan 0 1 0 9360 0 0 0 0 0 0 0.00072391901351948756 0.00072391901351948756 0.020509049880343515 0.00049381784951097873 0.68340619186774676 0.048814728042092893 0 running
11830 7.7900612658529047 0.00072484541642494 0.02 217.88247699999999 0.048963008673882348 0.070702058085966801 0.070523195164068381 0.016836145651968181 0 0.04160676889447678 nan nan nan nan nan nan nan nan nan nan 0.44348401594770925 0.43709075650403983 0.098930821994710857 0 0.22008207588706249 nan nan nan nan nan nan nan nan nan nan 0 1 0 9360 0 0 0 0 0 0 0.00072484541642494 0.00072484541642494 0.020463783641472711 0.00049654021004717005 0.68601464843603577 0.049001046368595966 0 running
11840 7.797315190158832 0.00072585154335026703 0.02 217.99955299999999 0.04889623432324338 0.070607075458745852 0.07042898074621752 0.016807812181375507 0 0.041546427895248907 nan nan nan nan nan nan nan nan nan nan 0.44215283153703266 0.43577012925629688 0.098658960308245211 0 0.21945230193381005 nan nan nan nan nan nan nan nan nan nan 0 1 0 9360 0 0 0 0 0 0 0.00072585154335026703 0.00072585154335026703 0.02041298227946885 0.00049918089870821375 0.68867576441129319 0.049191126081315054 0 running
11850 7.8045795887971465 0.00072693188405594433 0.02 218.10310200000001 0.048830925125079042 0.070514061450556761 0.070336941455650823 0.016779506469300643 0 0.04148766334603006 nan nan nan nan nan nan nan nan nan nan 0.44076289997975993 0.43439077010933025 0.098379905414679336 0 0.21879208762585417 nan nan nan nan nan nan nan nan nan nan 0 1 0 9360 0 0 0 0 0 0 0.00072693188405594433 0.00072693188405594433 0.020362087642662556 0.00050173076599608756 0.69137247446754002 0.049383748228393191 0 running
11860 7.8118551655123936 0.00072807892057857296 0.02 218.22062399999999 0.048767025365516518 0.07042297254449259 0.070247004576925953 0.016751088857735314 0 0.041430400952101626 nan nan nan nan nan nan nan nan nan nan 0.43931404084797965 0.43295212605393529 0.098093339857619283 0 0.21810114112017431 nan nan nan nan nan nan nan nan nan nan 0 1 0 9360 0 0 0 0 0 0 0.00072807892057857296 0.00072807892057857296 0.020316846500226114 0.0005041825825894213 0.6940887983838252 0.049577771365475566 0 running
11870 7.8191425228451292 0.00072927986194244417 0.02 218.32917699999999 0.048704409948805392 0.070333694197677293 0.070158954404806892 0.016722560774710633 0 0.041374464114649505 nan nan nan nan nan nan nan nan nan nan 0.43780559007054842 0.43145318041589642 0.097798930575091647 0 0.21737896581778798 nan nan nan nan nan nan nan nan nan nan 0 1 0 9360 0 0 0 0 0 0 0.00072927986194244417 0.00072927986194244417 0.020282359590127412 0.00050653430088001816 0.69681319635776051 0.049772371220962126 0 running
11880 7.8264420840464934 0.00073051145761046947 0.02 218.43770699999999 0.048642839786727649 0.070245966550237876 0.070072372836807853 0.016694031614481929 0 0.041319551903223783 nan nan nan nan nan nan nan nan nan nan 0.43623634564316488 0.42989240824843283 0.097496385949920189 0 0.21662484104895977 nan nan nan nan nan nan nan nan nan nan 0 1 0 9360 0 0 0 0 0 0 0.00073051145761046947 0.00073051145761046947 0.020262089966892275 0.00050878991199797329 0.69954007742895885 0.049967148440539087 0 running
11890 7.83375392231207 0.00073172518095494961 0.02 218.56838999999999 0.04858201744062441 0.070159455876006541 0.069986738639553778 0.016665664795210911 0 0.041265298686921206 nan nan nan nan nan nan nan nan nan nan 0.43460452713859887 0.42826773604452234 0.097185530096543127 0 0.21583779480215814 nan nan nan nan nan nan nan nan nan nan 0 1 0 9360 0 0 0 0 0 0 0.00073172518095494961 0.00073172518095494961 0.02025747975892812 0.00050872784423409761 0.70227025123225939 0.050162160855266445 0 running
11900 7.8410773197345813 0.00073281863754621546 0.02 218.69589999999999 0.048521627349613697 0.070073791783867079 0.069901512733556007 0.016637624985011808 0 0.041211324423315487 nan nan nan nan nan nan nan nan nan nan 0.43290781278962959 0.42657657407111954 0.097053873477098596 0 0.21501660636613368 nan nan nan nan nan nan nan nan nan nan 0 1 0 9360 0 0 0 0 0 0 0.00073281863754621546 0.00073281863754621546 0.020267638312822047 0.00050698320517905183 0.7050094085581482 0.050357814950179373 0 running
11910 7.8484115093158513 0.00073393734047887669 0.02 218.81298699999999 0.048461399164021084 0.069988660599743957 0.069816229062052815 0.016610091254094062 0 0.04115728927191882 nan nan nan nan nan nan nan nan nan nan 0.4311431298530663 0.42481560103878324 0.097106948758616918 0 0.21415968653211342 nan nan nan nan nan nan nan nan nan nan 0 1 0 9360 0 0 0 0 0 0 0.00073393734047887669 0.00073393734047887669 0.020291971234071317 0.0005053068737228126 0.70776687704581065 0.050554776985220359 0 running
11920 7.8557576050563895 0.00073516446686174605 0.02 218.94010399999999 0.048400923245579444 0.069903543522883818 0.069730270527053356 0.016582895911527683 0 0.041102778415552897 nan nan nan nan nan nan nan nan nan nan 0.42930613271273976 0.42298023513351252 0.097142820472008395 0 0.21326480359236596 nan nan nan nan nan nan nan nan nan nan 0 1 0 9360 0 0 0 0 0 0 0.00073516446686174605 0.00073516446686174605 0.020328580156579675 0.00050371769208956197 0.70786051725210908 0.050561465571391594 0 running
11930 7.8631159974722067 0.00073638647865105348 0.02 219.058258 0.048339907868776955 0.069818155678555094 0.069643129584248259 0.01655601637937959 0 0.041047428967130012 nan nan nan nan nan nan nan nan nan nan 0.42739179950170697 0.42106522137885971 0.097161398586124381 0 0.21232935383060442 nan nan nan nan nan nan nan nan nan nan 0 1 0 9360 0 0 0 0 0 0 0.00073638647865105348 0.00073638647865105348 0.020375432668608934 0.00050223429508804 0.70729406263291172 0.050521004527120487 0 running
11940 7.8704863849499347 0.00073756443025623517 0.02 219.18981099999999 0.048278051602200507 0.069732178131911182 0.06955429871433115 0.016529437851458481 0 0.040990875572198347 nan nan nan nan nan nan nan nan nan nan 0.42539449019388709 0.41906468424083521 0.097162609621847418 0 0.21135037510287899 nan nan nan nan nan nan nan nan nan nan 0 0 0 9360 0 0 0 0 0 0 0.00073756443025623517 0.00073756443025623517 0.020430715928805122 0.0005008754131753285 0.70677777575305611 0.050484126892806153 0 running
11950 7.8778682382988912 0.0007386840199088392 0.02 219.304867 0.048215012842943099 0.069645126340024593 0.069463271895752243 0.01650313667926687 0 0.040932798970875248 nan nan nan nan nan nan nan nan nan nan 0.42330791841364279 0.41697209401799118 0.097146403048130603 0 0.21032451951116909 nan nan nan nan nan nan nan nan nan nan 0 0 0 9360 0 0 0 0 0 0 0.0007386840199088392 0.0007386840199088392 0.020492777379147696 0.0004996597390594103 0.70632392769466057 0.050451709174315094 0 running
11960 7.8852609451346707 0.00073974164522429958 0.02 219.410393 0.048150480727420078 0.069556633996701006 0.069369547288671285 0.016477092185298851 0 0.040872851387433233 nan nan nan nan nan nan nan nan nan nan 0.42112522011078235 0.41478032918708085 0.097112752833423355 0 0.20924807329900069 nan nan nan nan nan nan nan nan nan nan 0 0 0 9360 0 0 0 0 0 0 0.00073974164522429958 0.00073974164522429958 0.02048469548206059 0.00049860531893638051 0.70594270156762307 0.050424478736640813 0 running
11970 7.8926639162585905 0.00074074427768521249 0.02 219.531914 0.048084159647718727 0.069466356643502744 0.069272632859594965 0.016451318721943362 0 0.040810706791514773 nan nan nan nan nan nan nan nan nan nan 0.41883904364133057 0.41248175856876323 0.097061657158157733 0 0.20811698594331535 nan nan nan nan nan nan nan nan nan nan 0 0 0 9360 0 0 0 0 0 0 0.00074074427768521249 0.00074074427768521249 0.020381925773841191 0.00049772847804663073 0.70564195229714699 0.050402996645869835 0 running
11980 7.9000766782026846 0.0007417067662281666 0.02 219.69018199999999 0.0480157655548357 0.069373934176719304 0.069172073380158919 0.016425860849944792 0 0.040746059018721179 nan nan nan nan nan nan nan nan nan nan 0.4164416427533264 0.41006832408816946 0.09699313668386278 0 0.20692689807062375 nan nan nan nan nan nan nan nan nan nan 0 0 0 9360 0 0 0 0 0 0 0.0007417067662281666 0.0007417067662281666 0.020280483571429572 0.00049704279581199427 0.705426973278661 0.050387641001676052 0 running
11990 7.9074989376933127 0.0007426495419636652 0.02 219.80597 0.047945060386311814 0.069279039420684668 0.069067504249394063 0.016400752171733556 0 0.040678667125951445 nan nan nan nan nan nan nan nan nan nan 0.41392496486951225 0.40753161626827283 0.096907231820337336 0 0.20567316376107697 nan nan nan nan nan nan nan nan nan nan 0 0 0 9360 0 0 0 0 0 0 0.0007426495419636652 0.0007426495419636652 0.020179823601072427 0.00049655833507583408 0.70530036397944174 0.050378597480293705 0 running
12000 7.9149306307759426 0.00074359729665045044 0.02 219.92350200000001 0.04787184971950588 0.069181361482703929 0.068958656184290062 0.016375983075921922 0 0.040608374958722687 nan nan nan nan nan nan nan nan nan nan 0.41128072184277498 0.40486293011222774 0.096803999296324772 0 0.20435086131696778 nan nan nan nan nan nan nan nan nan nan 0 0 0 9360 0 0 0 0 0 0 0.00074359729665045044 0.00074359729665045044 0.020079361660371272 0.00049628122316284834 0.70526203997052883 0.050375860051082751 0 running
12010 7.9223719528496357 0.00074457657487776935 0.02 220.04939100000001 0.047796046866941451 0.069080715177765817 0.068845436185617712 0.016351527556745207 0 0.040535154298901532 nan nan nan nan nan nan nan nan nan nan 0.40850044058249363 0.40205330040204806 0.096683508387563566 0 0.20295479323272375 nan nan nan nan nan nan nan nan nan nan 0 0 0 9360 0 0 0 0 0 0 0.00074457657487776935 0.00074457657487776935 0.019978525858089853 0.00049621342550864927 0.70530567153285817 0.050378976591252421 0 running
12020 7.9298233622808025 0.00074561310275763596 0.02 220.167925 0.047717667442277144 0.068977025520796237 0.068727922565488167 0.016327343483063941 0 0.040459107696296473 nan nan nan nan nan nan nan nan nan nan 0.4055755009085541 0.39909352688983468 0.096545837292513759 0 0.20147948318957865 nan nan nan nan nan nan nan nan nan nan 0 0 0 9360 0 0 0 0 0 0 0.00074561310275763596 0.00074561310275763596 0.019876799297936423 0.00049634369507470233 0.70543031162924008 0.050387879455289102 0 running
12030 7.9372855604459849 0.00074672976971621938 0.02 220.28145699999999 0.047636844733195044 0.068870357040698993 0.06860636370212754 0.016303447250645892 0 0.040380481288316887 nan nan nan nan nan nan nan nan nan nan 0.40249717354056713 0.39597420673275763 0.096391070046804805 0 0.19991918273646739 nan nan nan nan nan nan nan nan nan nan 0 0 0 9360 0 0 0 0 0 0 0.00074672976971621938 0.00074672976971621938 0.019773758168989648 0.00049667919032847431 0.70563145620786827 0.050402246925206284 0 running
12040 7.9447594543137088 0.00074794494172873423 0.02 220.41476599999999 0.047553828591263947 0.06876087440798212 0.068481215311756147 0.01627987959263048 0 0.040299676040392925 nan nan nan nan nan nan nan nan nan nan 0.39925667596427394 0.39268579692914274 0.096219294221780438 0 0.19826790395555238 nan nan nan nan nan nan nan nan nan nan 0 0 0 9360 0 0 0 0 0 0 0.00074794494172873423 0.00074794494172873423 0.019669121446095023 0.00049722038696997151 0.70590823479875953 0.050422016824576532 0 running
12050 7.9522461005699858 0.00074927059753171509 0.02 220.53130300000001 0.047468985442574024 0.068648835035226299 0.068353171724664014 0.016256662099341932 0 0.040217225110755962 nan nan nan nan nan nan nan nan nan nan 0.39584527017231175 0.38921873566535398 0.096030599713459508 0 0.19745589981769898 nan nan nan nan nan nan nan nan nan nan 0 0 0 9360 0 0 0 0 0 0 0.00074927059753171509 0.00074927059753171509 0.019562796901235809 0.00049796838965793287 0.70626152222309513 0.050447251640627154 0 running
12060 7.9597466394014011 0.00075071240744008488 0.02 220.66163 0.04738275206539156 0.068534612515953969 0.068223018841942748 0.016233816202828922 0 0.040133723541737068 nan nan nan nan nan nan nan nan nan nan 0.39225442658027454 0.38556365208153209 0.095825078669200203 0 0.19655049432281785 nan nan nan nan nan nan nan nan nan nan 0 0 0 9360 0 0 0 0 0 0 0.00075071240744008488 0.00075071240744008488 0.019454905686881102 0.0004989255977423014 0.70669476848874335 0.050478197802491832 0 running
12070 7.9672622500729844 0.00075227368906667495 0.02 220.79440500000001 0.047295570104988062 0.068418635589877694 0.068091525779355136 0.016211284133918386 0 0.040049762116241144 nan nan nan nan nan nan nan nan nan nan 0.38847607485154295 0.38171169250782316 0.095602825705746852 0 0.19557382907493892 nan nan nan nan nan nan nan nan nan nan 0 0 0 9360 0 0 0 0 0 0 0.00075227368906667495 0.00075227368906667495 0.019345766584158076 0.0005000987297832908 0.70721662780141503 0.050515473467722033 0 running
12080 7.9747941602135199 0.00075396138882184347 0.02 220.95758499999999 0.047207868683294074 0.068301384794916917 0.067959392123029025 0.016189043130088059 0 0.03996587379243581 nan nan nan nan nan nan nan nan nan nan 0.38450297034484221 0.37765500292690007 0.095363937016388456 0 0.19455347158806621 nan nan nan nan nan nan nan nan nan nan 0 0 0 9360 0 0 0 0 0 0 0.00075396138882184347 0.00075396138882184347 0.019236058698273089 0.00050149293326279254 0.70783650970664802 0.05055975074671399 0 running
12090 7.9823437063757945 0.0007557894828817863 0.02 221.0857 0.047120017551415261 0.068183309320875157 0.067827195041673644 0.016167145639399347 0 0.039882472527859661 nan nan nan nan nan nan nan nan nan nan 0.3803292223610612 0.373387426878315 0.09510850763667833 0 0.1935124290572629 nan nan nan nan nan nan nan nan nan nan 0 0 0 9360 0 0 0 0 0 0 0.0007557894828817863 0.0007557894828817863 0.019126683019233405 0.00050311128446356836 0.70856401677334035 0.05061171553724688 0 running
12100 7.9899123493756044 0.00075776477763271144 0.02 221.21276399999999 0.047032315743534607 0.068064793779209931 0.067695400850903392 0.016145651070772971 0 0.039799850802831493 nan nan nan nan nan nan nan nan nan nan 0.3759510373033248 0.36890546378657069 0.094836629696294583 0 0.19246708307092372 nan nan nan nan nan nan nan nan nan nan 0 0 0 9360 0 0 0 0 0 0 0.00075776477763271144 0.00075776477763271144 0.019018680442731129 0.00050495059510181895 0.70940602565693389 0.050671859028995632 0 running
12110 7.9975014487620006 0.00075986255155605878 0.02 221.329308 0.046945009448616216 0.067946187038179326 0.067564365733835244 0.016124614381344819 0 0.039718239156130292 nan nan nan nan nan nan nan nan nan nan 0.37136782736746465 0.36420956653608583 0.094548399970797115 0 0.19142733274294649 nan nan nan nan nan nan nan nan nan nan 0 0 0 9360 0 0 0 0 0 0 0.00075986255155605878 0.00075986255155605878 0.01891309847011834 0.00050701256087630616 0.71037484164442766 0.050741060171032526 0 running
12114 8 0.0002176680136996012 0.02 221.37930600000001 0.046916441310195123 0.067907241874673979 0.067521522613582435 0.016117814789677963 0 0.039691672393444934 nan nan nan nan nan nan nan nan nan nan 0.36981750510724898 0.36262064706227587 0.094450131821412819 0 0.19108789562183448 nan nan nan nan nan nan nan nan nan nan 0 0 0 9360 0 0 0 0 0 0 0.0002176680136996012 0.0002176680136996012 0.018879103480574446 0.00050782388543405823 0.71076516810950174 0.050768940632852984 1 physical_time_reached
