# step time dt cfl wall_time total_l2 rho_l2 rhou_l2 rhov_l2 rhow_l2 rhoE_l2 rho_reference_l2 rhou_reference_l2 rhov_reference_l2 rhow_reference_l2 rhoE_reference_l2 rho_normalized_l2 rhou_normalized_l2 rhov_normalized_l2 rhow_normalized_l2 rhoE_normalized_l2 rho_linf rhou_linf rhov_linf rhow_linf rhoE_linf rho_reference_linf rhou_reference_linf rhov_reference_linf rhow_reference_linf rhoE_reference_linf rho_normalized_linf rhou_normalized_linf rhov_normalized_linf rhow_normalized_linf rhoE_normalized_linf consecutive reconstruction_fallbacks riemann_fallbacks residual_checked stop_reason
0 0 0 0.5 0 0.021676792091811822 2.3444584016914803e-14 0.038410662932398032 6.1578838496067489e-14 1.0343333847137985e-14 0.02956412606609371 nan nan nan nan nan nan nan nan nan nan 7.4846253205702528e-14 0.21331655040380793 3.4427334466129491e-13 2.4190089500028126e-14 0.16787851251210056 nan nan nan nan nan nan nan nan nan nan 0 0 0 0 running
20 0.0021974033827714787 0.00010987016828576148 0.5 75.564136000000005 0.0044104578426528828 2.5170942774322858e-05 0.008919235813598601 9.4307795381636086e-05 3.7922713808461708e-14 0.0042069462646772433 2.5170942774322858e-05 0.008919235813598601 9.4307795381636086e-05 3.7922713808461708e-14 0.0042069462646772433 1 1 1 1 1 0.00011697822577400589 0.043262421563960762 0.00029493016174220806 2.6001752007850933e-13 0.013919725322050047 0.00011697822577400589 0.043262421563960762 0.00029493016174220806 2.6001752007850933e-13 0.013919725322050047 1 1 1 1 1 0 0 0 1 running
40 0.0043948067395711294 0.00010987016724360627 0.5 138.249574 0.0030285457014714821 2.9603074408034799e-05 0.0060972903621216859 8.1034629971064691e-05 4.5931246689945241e-14 0.002945513981670431 2.5170942774322858e-05 0.008919235813598601 9.4307795381636086e-05 3.7922713808461708e-14 0.0042069462646772433 1.1760812724993839 0.68361129692585643 0.85925696431711951 1.2111803739028979 0.70015488583769936 0.0001310524205670815 0.026561959712331329 0.00020459843679641231 2.6620911318111005e-13 0.008537519205078975 0.00011697822577400589 0.043262421563960762 0.00029493016174220806 2.6001752007850933e-13 0.013919725322050047 1.120314654286739 0.61397302213102301 0.69371825379883423 1.023812215041245 0.61333963189308105 0 0 0 1 running
60 0.0065922100709109284 0.00010987016608187968 0.5 200.199679 0.0024034979159307055 2.9312591432846023e-05 0.0048202752693859959 7.3745552138010327e-05 4.9361392570269416e-14 0.0023754283513264178 2.5170942774322858e-05 0.008919235813598601 9.4307795381636086e-05 3.7922713808461708e-14 0.0042069462646772433 1.1645408634732626 0.54043590394110042 0.78196666393889958 1.3016313341809254 0.56464432913517626 0.00012059678229668171 0.018319129934194933 0.00019504498025502801 2.6368642229735973e-13 0.0062465552077796416 0.00011697822577400589 0.043262421563960762 0.00029493016174220806 2.6001752007850933e-13 0.013919725322050047 1.030933590407386 0.42344208372874492 0.66132598681281207 1.0141102115647538 0.44875563728865819 0 0 0 1 running
80 0.0087896133909226067 0.00010987016617241188 0.5 261.68990700000001 0.0020265808542391925 2.7908932129303564e-05 0.0040565186947296387 6.902199526529649e-05 5.7698976963932343e-14 0.0020184803513609508 2.5170942774322858e-05 0.008919235813598601 9.4307795381636086e-05 3.7922713808461708e-14 0.0042069462646772433 1.1087757967402698 0.45480563352130665 0.73188006342407486 1.5214886058881669 0.47979703670301299 0.00010505717927261618 0.013653953630833882 0.00020715640808133211 2.6891388432159614e-13 0.0048626165326381421 0.00011697822577400589 0.043262421563960762 0.00029493016174220806 2.6001752007850933e-13 0.013919725322050047 0.89809174807950698 0.31560770611620459 0.70239139617874335 1.0342144800104265 0.34933279358144642 0 0 0 1 running
100 0.010987016729064681 0.00010987016780268255 0.5 324.21080699999999 0.0017691922948920313 2.6349344866131401e-05 0.0035380911346458706 6.5080752023766441e-05 6.140373867186818e-14 0.0017683857645344535 2.5170942774322858e-05 0.008919235813598601 9.4307795381636086e-05 3.7922713808461708e-14 0.0042069462646772433 1.0468159696032777 0.39668097229266708 0.69008878598427259 1.6191810264951856 0.42034902593891915 9.0726840595527645e-05 0.011713253172889626 0.00019259998607584915 2.8962175134093634e-13 0.004051433133241078 0.00011697822577400589 0.043262421563960762 0.00029493016174220806 2.6001752007850933e-13 0.013919725322050047 0.77558742231914024 0.27074890284567915 0.65303590835920178 1.1138547558391001 0.29105697415043513 0 0 0 1 running
120 0.013184420113750536 0.00010987017069594265 0.5 386.52401500000002 0.0015804247166279399 2.4885933378129428e-05 0.0031588602870513747 6.1524531124145467e-05 6.2317951049790543e-14 0.0015830061698938766 2.5170942774322858e-05 0.008919235813598601 9.4307795381636086e-05 3.7922713808461708e-14 0.0042069462646772433 0.98867704723065952 0.35416266068840313 0.652380122715982 1.643288277430333 0.37628390530805239 7.9012447862964673e-05 0.010143348342224967 0.000180938112730858 2.918647916443266e-13 0.0035867784002487357 0.00011697822577400589 0.043262421563960762 0.00029493016174220806 2.6001752007850933e-13 0.013919725322050047 0.67544577069933887 0.23446094729645833 0.61349477334573876 1.1224812526332892 0.25767594670614435 0 0 0 1 running
140 0.015381823565743299 0.00010987017441978605 0.5 448.93896899999999 0.0014351192533642837 2.3564437657935941e-05 0.0028671086146544343 5.8347063991615035e-05 7.3091598207443796e-14 0.0014399878076081229 2.5170942774322858e-05 0.008919235813598601 9.4307795381636086e-05 3.7922713808461708e-14 0.0042069462646772433 0.93617620401466528 0.32145227176112251 0.6186876043014421 1.927383113366081 0.34228813895216198 6.9712121592333342e-05 0.0088737273531244165 0.00017281932639294709 3.4621078205805493e-13 0.0032388098969097778 0.00011697822577400589 0.043262421563960762 0.00029493016174220806 2.6001752007850933e-13 0.013919725322050047 0.5959410063802173 0.20511397726558533 0.58596694679198202 1.3314902086348663 0.23267771611694257 0 0 0 1 running
160 0.017579227096851873 0.00010987017852967705 0.5 510.82913400000001 0.0013191414454075904 2.2378550430182355e-05 0.0026343099113356498 5.557817169969781e-05 6.9886778248233138e-14 0.0013257044630346753 2.5170942774322858e-05 0.008919235813598601 9.4307795381636086e-05 3.7922713808461708e-14 0.0042069462646772433 0.88906286231801168 0.29535152634032641 0.58932744079945032 1.8428738671291842 0.31512274691162079 6.2262401557930334e-05 0.0078383699078036218 0.00015237155659672761 3.6787017035230324e-13 0.0029593395348213591 0.00011697822577400589 0.043262421563960762 0.00029493016174220806 2.6001752007850933e-13 0.013919725322050047 0.53225633356943824 0.18118195016465008 0.51663605952215974 1.4147899350829476 0.21260042611139099 0 0 0 1 running
180 0.019776630712240083 0.00010987018280409419 0.5 572.80732799999998 0.00122386546119556 2.1313449705332198e-05 0.0024433220862204587 5.3205153015872464e-05 7.1180532132082918e-14 0.0012313104673796226 2.5170942774322858e-05 0.008919235813598601 9.4307795381636086e-05 3.7922713808461708e-14 0.0042069462646772433 0.84674816896704685 0.27393850070599973 0.56416495370893527 1.8769894077622784 0.29268509505768281 5.6148356893150475e-05 0.0069847613203879444 0.00014877537363831316 3.6899648441629015e-13 0.0027135393255194873 0.00011697822577400589 0.043262421563960762 0.00029493016174220806 2.6001752007850933e-13 0.013919725322050047 0.47998981452860595 0.16145100222976227 0.50444272216672914 1.4191216203618735 0.19494201665179461 0 0 0 1 running
200 0.021974034413036463 0.00010987018704574695 0.5 635.00927300000001 0.0011437393457120761 2.035675443900077e-05 0.0022831702578722198 5.1153067875271311e-05 7.9615252628497842e-14 0.001150999997572893 2.5170942774322858e-05 0.008919235813598601 9.4307795381636086e-05 3.7922713808461708e-14 0.0042069462646772433 0.80874024550907597 0.2559827215680533 0.54240551025787209 2.0994081022422311 0.27359512700150868 5.099525587251346e-05 0.0062729944412085459 0.00013873907750682843 3.4691386256016158e-13 0.0025918220115512258 0.00011697822577400589 0.043262421563960762 0.00029493016174220806 2.6001752007850933e-13 0.013919725322050047 0.4359380178242136 0.14499868972739585 0.4704133232331022 1.3341941822051639 0.18619778419374095 0 0 0 1 running
220 0.024171438197191284 0.00010987019113306848 0.5 697.04415900000004 0.0010750682860795099 1.9500667611128607e-05 0.0021464756846898904 4.9296538268498835e-05 7.8121121191047236e-14 0.001081060039490038 2.5170942774322858e-05 0.008919235813598601 9.4307795381636086e-05 3.7922713808461708e-14 0.0042069462646772433 0.77472932920976811 0.24065690486816069 0.52271965502968398 2.0600087215703442 0.25697025145458491 4.6555075095098709e-05 0.0057794250855951468 0.00012387774879024706 3.3515417605751884e-13 0.0024845786539649528 0.00011697822577400589 0.043262421563960762 0.00029493016174220806 2.6001752007850933e-13 0.013919725322050047 0.39798069074017245 0.13358995813608426 0.42002400859402728 1.2889676663184959 0.17849336797107379 0 0 0 1 running
240 0.026368842060883028 0.00010987019500364724 0.5 758.72814000000005 0.0010153211858376038 1.8740518172032677e-05 0.0020280800458798453 4.7504262018935782e-05 7.3531244554158371e-14 0.0010191511259995129 2.5170942774322858e-05 0.008919235813598601 9.4307795381636086e-05 3.7922713808461708e-14 0.0042069462646772433 0.74452984697697044 0.22738271397508725 0.50371511524259382 1.9389763329055665 0.24225437214556439 4.2669570162035445e-05 0.0053970271619488974 0.00012034232024838764 3.4237747323849693e-13 0.0023641725163506266 0.00011697822577400589 0.043262421563960762 0.00029493016174220806 2.6001752007850933e-13 0.013919725322050047 0.36476506529061403 0.12475092625061991 0.40803666718080944 1.316747706597309 0.16984333107533187 0 0 0 1 running
260 0.028566245999475586 0.0001098701986335011 0.5 821.027826 0.0009626921611592008 1.8071309995994457e-05 0.0019242604073667702 4.5690904883015541e-05 7.525065090294851e-14 0.00096368492744959631 2.5170942774322858e-05 0.008919235813598601 9.4307795381636086e-05 3.7922713808461708e-14 0.0042069462646772433 0.71794331098433029 0.21574274383831973 0.4844870426470877 1.9843160825203867 0.22906993976628084 4.002876942934238e-05 0.0050503074380764401 0.00011338316284408298 3.6112752759742854e-13 0.0022303321560098732 0.00011697822577400589 0.043262421563960762 0.00029493016174220806 2.6001752007850933e-13 0.013919725322050047 0.34218991752084948 0.11673658698484732 0.38444071699655019 1.388858441109623 0.16022817292786909 0 0 0 1 running
280 0.030763650008115914 0.00010987020202163277 0.5 883.03136199999994 0.00091582300803386325 1.7484430459197049e-05 0.0018322573978093051 4.3844335457382849e-05 7.6283990166240905e-14 0.00091338037384972254 2.5170942774322858e-05 0.008919235813598601 9.4307795381636086e-05 3.7922713808461708e-14 0.0042069462646772433 0.69462755590676961 0.20542762139058784 0.46490680096971448 2.0115646404298109 0.21711244127806731 3.8107659726296968e-05 0.0047358111287751914 0.00010361232555373059 3.5724833286614973e-13 0.0020863643352497241 0.00011697822577400589 0.043262421563960762 0.00029493016174220806 2.6001752007850933e-13 0.013919725322050047 0.32576712011275005 0.10946708384720429 0.3513113916246241 1.3739394666877933 0.14988545297978997 0 0 0 1 running
300 0.032961054082075433 0.00010987020517946203 0.5 945.55598599999996 0.00087364664397781915 1.6966522254880208e-05 0.0017499791817832309 4.2016902999837033e-05 7.5292162669630034e-14 0.00086707085810716926 2.5170942774322858e-05 0.008919235813598601 9.4307795381636086e-05 3.7922713808461708e-14 0.0042069462646772433 0.67405191799919129 0.19620281584159341 0.4455294796130787 1.9854107237660314 0.20610457171448823 3.6253156698533211e-05 0.0044501805883547796 9.6797772262814313e-05 4.4013396364421861e-13 0.0020099075369047203 0.00011697822577400589 0.043262421563960762 0.00029493016174220806 2.6001752007850933e-13 0.013919725322050047 0.30991371649431482 0.10286480570153633 0.32820574094901528 1.6927088740455842 0.14439275850658154 0 0 0 1 running
320 0.035158458216921873 0.00010987020812404141 0.5 1006.983557 0.00083531372244670821 1.6500987875593768e-05 0.00167580886125449 4.029191753661158e-05 7.6567424705499644e-14 0.00082371962090274577 2.5170942774322858e-05 0.008919235813598601 9.4307795381636086e-05 3.7922713808461708e-14 0.0042069462646772433 0.65555700569255582 0.18788704506494705 0.42723846288169459 2.0190386450775346 0.19579989119873903 3.4466412866232134e-05 0.0041902978258125945 9.2708007675094915e-05 3.5806451368775494e-13 0.0019253289461450551 0.00011697822577400589 0.043262421563960762 0.00029493016174220806 2.6001752007850933e-13 0.013919725322050047 0.29463955909896378 0.096857680969556992 0.31433884933114753 1.377078412176385 0.13831659042116068 0 0 0 1 running
340 0.037355862408585225 0.00010987021087396504 0.5 1069.166273 0.00080016111058210312 1.6070997747336134e-05 0.0016084752241487586 3.8745237149039761e-05 7.2891064243807324e-14 0.00078251964663463437 2.5170942774322858e-05 0.008919235813598601 9.4307795381636086e-05 3.7922713808461708e-14 0.0042069462646772433 0.63847420779686992 0.18033778428600544 0.4108381178061592 1.922095148885234 0.18600657042018798 3.2753797580065635e-05 0.0039533398994755498 8.6703252494752374e-05 3.3084634258897624e-13 0.0018267625481632743 0.00011697822577400589 0.043262421563960762 0.00029493016174220806 2.6001752007850933e-13 0.013919725322050047 0.27999909695453734 0.091380458064068054 0.29397892701980671 1.2724001924527275 0.1312355312981302 0 0 0 1 running
360 0.039553266653362326 0.00010987021344709693 0.5 1131.534388 0.00076768981513661121 1.5662362000054187e-05 0.0015469636860298032 3.7418291816361494e-05 7.0862749243818747e-14 0.00074296445223283119 2.5170942774322858e-05 0.008919235813598601 9.4307795381636086e-05 3.7922713808461708e-14 0.0042069462646772433 0.62223978420194603 0.17344128110967136 0.39676775037461753 1.8686096570442994 0.17660421728486977 3.1122577314676314e-05 0.003736788325722773 7.9358618398008441e-05 3.4083135311689232e-13 0.0017192129697433667 0.00011697822577400589 0.043262421563960762 0.00029493016174220806 2.6001752007850933e-13 0.013919725322050047 0.26605444824238533 0.086374922869219578 0.2690759667618331 1.3108014914302013 0.12350911601825827 0 0 0 1 running
380 0.041750670947889437 0.00010987021585949256 0.5 1193.0844039999999 0.00073753725454665949 1.526519513542207e-05 0.001490453547981926 3.6309461549086372e-05 7.4739458496724976e-14 0.00070484241313126261 2.5170942774322858e-05 0.008919235813598601 9.4307795381636086e-05 3.7922713808461708e-14 0.0042069462646772433 0.60646100037994022 0.16710552104806162 0.38501018290325412 1.9708362348279076 0.16754252818709062 2.9578493565694077e-05 0.0035384153779418615 7.506235896931187e-05 3.6826997405826597e-13 0.0016074888619152516 0.00011697822577400589 0.043262421563960762 0.00029493016174220806 2.6001752007850933e-13 0.013919725322050047 0.2528546947090628 0.081789582044327722 0.25450892687917831 1.4163275380330951 0.11548280046653295 0 0 0 1 running
400 0.043948075289101524 0.00010987021812507784 0.5 1255.007026 0.00070944379459793479 1.4874203521523028e-05 0.0014382729654441001 3.5381147316117264e-05 7.6694556978533131e-14 0.00066816936312914983 2.5170942774322858e-05 0.008919235813598601 9.4307795381636086e-05 3.7922713808461708e-14 0.0042069462646772433 0.59092754907441758 0.16125517875099291 0.37516673115875632 2.022391049488137 0.15882526685432047 2.8366330123778339e-05 0.0033562598726402104 7.2467686783924011e-05 3.5457615505433324e-13 0.0015061522158683616 0.00011697822577400589 0.043262421563960762 0.00029493016174220806 2.6001752007850933e-13 0.013919725322050047 0.24249239494006511 0.077579103325924367 0.24571134520743396 1.3636625522282999 0.10820272534275417 0 0 0 1 running
420 0.046145479674190762 0.00010987022025578631 0.5 1317.293148 0.00068322026847975547 1.4488021250919165e-05 0.0013898661140118716 3.4574399901218102e-05 8.5586499266748529e-14 0.00063310075781109951 2.5170942774322858e-05 0.008919235813598601 9.4307795381636086e-05 3.7922713808461708e-14 0.0042069462646772433 0.57558516503793999 0.15582793672669015 0.3666123225689415 2.2568664178155831 0.15048938540689227 2.7395550118175928e-05 0.0031999654459829996 6.8841810868407915e-05 4.3396876638906423e-13 0.0014344657976630426 0.00011697822577400589 0.043262421563960762 0.00029493016174220806 2.6001752007850933e-13 0.013919725322050047 0.23419358548916874 0.073966396939941337 0.2334173299256555 1.6689981746538938 0.10305273735471812 0 0 0 1 running
440 0.048342884100570291 0.00010987022226194353 0.5 1379.008865 0.00065872256997325245 1.4108154036964024e-05 0.0013447689072154389 3.3823166709778568e-05 7.789392072098957e-14 0.00059985886717695361 2.5170942774322858e-05 0.008919235813598601 9.4307795381636086e-05 3.7922713808461708e-14 0.0042069462646772433 0.56049366777615894 0.15077176288636229 0.35864656333981826 2.0540175767592106 0.142587717892559 2.6421564173058422e-05 0.0030788936094168218 6.4389859405793528e-05 4.0410434207910263e-13 0.0013571332908015599 0.00011697822577400589 0.043262421563960762 0.00029493016174220806 2.6001752007850933e-13 0.013919725322050047 0.22586736974540134 0.071167851870355237 0.21832239546281226 1.554142743754682 0.097497131545530108 0 0 0 1 running
460 0.050540288565844811 0.00010987022415206487 0.5 1441.335094 0.00063583538537117189 1.3737932018378659e-05 0.0013025907907329279 3.3064025346788017e-05 7.6892162193907681e-14 0.00056869012458457958 2.5170942774322858e-05 0.008919235813598601 9.4307795381636086e-05 3.7922713808461708e-14 0.0042069462646772433 0.54578535820250906 0.14604286936185151 0.35059694920221141 2.0276017845735161 0.13517884204023925 2.5455073086268326e-05 0.0029641692239086304 6.2924270585734628e-05 3.4952089757543278e-13 0.0012772434766658014 0.00011697822577400589 0.043262421563960762 0.00029493016174220806 2.6001752007850933e-13 0.013919725322050047 0.21760522454363282 0.068516026536477925 0.21335312134245307 1.3442205643292764 0.091757807508064643 0 0 0 1 running
480 0.052737693067766538 0.00010987022593403804 0.5 1503.0894820000001 0.00061446337167502115 1.3381642355326324e-05 0.0012630008961304461 3.2241184732437455e-05 7.359048890516819e-14 0.00053984845065980223 2.5170942774322858e-05 0.008919235813598601 9.4307795381636086e-05 3.7922713808461708e-14 0.0042069462646772433 0.53163055811231186 0.14160416010134272 0.34187189512772304 1.9405385721300334 0.12832311531823651 2.4504131363492761e-05 0.0028554481696905221 6.2080626366233432e-05 3.5684327151877429e-13 0.0011973411970512826 0.00011697822577400589 0.043262421563960762 0.00029493016174220806 2.6001752007850933e-13 0.013919725322050047 0.2094760046269902 0.066002966696372317 0.21049263323734496 1.3723816434024505 0.086017587944396484 0 0 0 1 running
500 0.054935097604285152 0.00010987022761801156 0.5 1565.565167 0.00059452631620483354 1.3043844392882991e-05 0.0012257173481230188 3.1308508095279689e-05 7.9468905540266047e-14 0.00051358964286191101 2.5170942774322858e-05 0.008919235813598601 9.4307795381636086e-05 3.7922713808461708e-14 0.0042069462646772433 0.51821040275810226 0.13742403202909426 0.33198218629311932 2.0955490142832058 0.12208134132212729 2.3574488753285458e-05 0.0027523868735952473 6.0239622257001843e-05 3.7388992568295371e-13 0.0011194192754448995 0.00011697822577400589 0.043262421563960762 0.00029493016174220806 2.6001752007850933e-13 0.013919725322050047 0.2015288622929689 0.06362073074263809 0.20425046357129104 1.4379412801493603 0.080419638286370679 0 0 0 1 running
520 0.057132502173526591 0.00010987022921217688 0.5 1627.4540730000001 0.00057595502733652233 1.27288001592297e-05 0.0011904988733763321 3.0230438523555068e-05 7.8703001045337872e-14 0.00049016068619783749 2.5170942774322858e-05 0.008919235813598601 9.4307795381636086e-05 3.7922713808461708e-14 0.0042069462646772433 0.50569421548304028 0.1334754342475454 0.3205507922353748 2.075352556329364 0.11651222890897624 2.2670044903855084e-05 0.0026546492292873758 5.7470367816438857e-05 3.832729513863354e-13 0.0010449631469447995 0.00011697822577400589 0.043262421563960762 0.00029493016174220806 2.6001752007850933e-13 0.013919725322050047 0.19379713407221696 0.061361549661815493 0.19486093750788513 1.47402740888618 0.075070672931274562 0 0 0 1 running
540 0.059329906773781214 0.00010987023072478435 0.5 1689.416995 0.00055868607570829757 1.2439959723352812e-05 0.0011571381086362272 2.8982996874663561e-05 8.0552457008090079e-14 0.00046977365484636018 2.5170942774322858e-05 0.008919235813598601 9.4307795381636086e-05 3.7922713808461708e-14 0.0042069462646772433 0.49421906183200037 0.12973511776334146 0.3073234482619156 2.1241216389454802 0.11166618855836544 2.1793316872427023e-05 0.0025619110806446299 5.4803342977528746e-05 3.7954597031761074e-13 0.00098082168144464354 0.00011697822577400589 0.043262421563960762 0.00029493016174220806 2.6001752007850933e-13 0.013919725322050047 0.18630233727882192 0.059217930666618047 0.18581803452653017 1.4596938321810435 0.070462718103419558 0 0 0 1 running
560 0.0615273114035048 0.00010987023216411008 0.5 1750.9777260000001 0.0005426551093271919 1.2179486127215439e-05 0.0011254561831847791 2.7555301592665768e-05 7.6800478978566542e-14 0.00045256334760726693 2.5170942774322858e-05 0.008919235813598601 9.4307795381636086e-05 3.7922713808461708e-14 0.0042069462646772433 0.48387087589106359 0.1261830280873241 0.29218477095300038 2.0251841512837623 0.10757526222930912 2.0945857442110817e-05 0.0024738629776392962 5.3536605342824665e-05 3.9654167034512951e-13 0.00092271060094062385 0.00011697822577400589 0.043262421563960762 0.00029493016174220806 2.6001752007850933e-13 0.013919725322050047 0.17905774603366625 0.057182720897438574 0.18152299183838588 1.5250575046842931 0.066287989137182937 0 0 0 1 running
580 0.063724716061317827 0.00010987023353832577 0.5 1813.4932940000001 0.00052778970738195767 1.1947853411432299e-05 0.0010952982754229143 2.5951676287355438e-05 7.8078155021024044e-14 0.00043853771017323881 2.5170942774322858e-05 0.008919235813598601 9.4307795381636086e-05 3.7922713808461708e-14 0.0042069462646772433 0.47466849051122667 0.12280180705088899 0.27518060603936917 2.0588757285509045 0.10424133862971587 2.0128590235355689e-05 0.002390211713296897 5.1232387533767765e-05 3.6616627994670643e-13 0.00086423048202277641 0.00011697822577400589 0.043262421563960762 0.00029493016174220806 2.6001752007850933e-13 0.013919725322050047 0.17207125601513892 0.055249142948762583 0.17371023442000097 1.4082369520182589 0.062086748267493518 0 0 0 1 running
600 0.065922120746001525 0.00010987023485530849 0.5 1875.5500360000001 0.00051400332168143438 1.1743580548815258e-05 0.0010665299302707587 2.4194363868498194e-05 7.8475465524299071e-14 0.00042753678485866342 2.5170942774322858e-05 0.008919235813598601 9.4307795381636086e-05 3.7922713808461708e-14 0.0042069462646772433 0.46655306692743376 0.11957637992311934 0.25654680793449441 2.0693525764179044 0.10162639548034827 1.9454291367361164e-05 0.002310681012086313 4.7970265211853682e-05 3.7713445547772252e-13 0.00080691016407197225 0.00011697822577400589 0.043262421563960762 0.00029493016174220806 2.6001752007850933e-13 0.013919725322050047 0.16630694506296886 0.053410810781132925 0.16264957415167131 1.4504194000613921 0.057968828076927416 0 0 0 1 running
620 0.068119525456489596 0.0001098702361224316 0.5 1937.9332420000001 0.00050119181339900647 1.1563162961195879e-05 0.001039033983614156 2.2327020784176902e-05 8.3373242382240102e-14 0.00041921634914570788 2.5170942774322858e-05 0.008919235813598601 9.4307795381636086e-05 3.7922713808461708e-14 0.0042069462646772433 0.45938537403499968 0.11649361058825308 0.2367462911610432 2.1985041155898766 0.099648610362716425 1.8790466309976955e-05 0.0022350116314667767 4.3851738955393828e-05 3.616914867769305e-13 0.0007520691945480662 0.00011697822577400589 0.043262421563960762 0.00029493016174220806 2.6001752007850933e-13 0.013919725322050047 0.16063217052273368 0.051661732068383016 0.148685162264698 1.3910273687239301 0.054029025512214932 0 0 0 1 running
640 0.070316930191855545 0.00010987023734604885 0.5 1999.479812 0.00048923356642038406 1.1401234314468464e-05 0.0010127079803255795 2.0419306109587509e-05 8.154062502141686e-14 0.00041306539789848885 2.5170942774322858e-05 0.008919235813598601 9.4307795381636086e-05 3.7922713808461708e-14 0.0042069462646772433 0.45295221623955151 0.11354201206134353 0.21651769110874181 2.1501790571544666 0.098186516278258001 1.8136689099234049e-05 0.0021629610674461786 3.899461739337352e-05 3.77368342141771e-13 0.00070906911279955409 0.00011697822577400589 0.043262421563960762 0.00029493016174220806 2.6001752007850933e-13 0.013919725322050047 0.15504329099906952 0.049996301391691103 0.13221644460853024 1.4513189035409189 0.050939878222764023 0 0 0 1 running
660 0.072514334951272519 0.00010987023853062328 0.5 2061.398917 0.00047799338476821828 1.1250945921376738e-05 0.00098746199939482257 1.8572551880883706e-05 7.7146482924030007e-14 0.0004084552064726015 2.5170942774322858e-05 0.008919235813598601 9.4307795381636086e-05 3.7922713808461708e-14 0.0042069462646772433 0.44698150650336171 0.11071150264793997 0.19693548985771553 2.0343080749357205 0.097090664052952469 1.7496786590264416e-05 0.0020943030004592078 3.3527689195179028e-05 3.7453965095978143e-13 0.00068033723918736744 0.00011697822577400589 0.043262421563960762 0.00029493016174220806 2.6001752007850933e-13 0.013919725322050047 0.14957302074376677 0.04840928743119275 0.11368009632220946 1.4404400551420282 0.048875766112256143 0 0 0 1 running
680 0.074711739734031501 0.00010987023968262226 0.5 2124.4264410000001 0.00046732960368608425 1.1104508198990511e-05 0.00096321681811463835 1.6924605620111893e-05 8.2503808958984021e-14 0.00040470779746668673 2.5170942774322858e-05 0.008919235813598601 9.4307795381636086e-05 3.7922713808461708e-14 0.0042069462646772433 0.44116377755696684 0.10799320011766948 0.17946136426604992 2.1755776597553238 0.096199897028572082 1.6873513539446847e-05 0.002028826577976317 2.7585884143683733e-05 3.6323230303277131e-13 0.00066092383697502477 0.00011697822577400589 0.043262421563960762 0.00029493016174220806 2.6001752007850933e-13 0.013919725322050047 0.14424490906577217 0.046895816383667403 0.093533614808091234 1.396953185781856 0.047481097628274627 0 0 0 1 running
700 0.07690914453952441 0.00010987024080602123 0.5 2186.7294609999999 0.00045710326771086014 1.0953811587227854e-05 0.00093990236028310083 1.5646600014707647e-05 7.9556802991293417e-14 0.00040116796708321414 2.5170942774322858e-05 0.008919235813598601 9.4307795381636086e-05 3.7922713808461708e-14 0.0042069462646772433 0.43517684996693695 0.10537924772098642 0.16590993301657014 2.0978668191605494 0.095358471880551049 1.6268683430318486e-05 0.001966335604637437 2.5373987230414553e-05 3.6311338873177078e-13 0.00064496741602976249 0.00011697822577400589 0.043262421563960762 0.00029493016174220806 2.6001752007850933e-13 0.013919725322050047 0.13907445870950799 0.04545135324268277 0.086033883684617493 1.3964958539029708 0.046334780400305628 0 0 0 1 running
720 0.079106549367212287 0.00010987024190382026 0.5 2248.5298160000002 0.00044718794191160686 1.0791040936188645e-05 0.00091745638256969964 1.4916628603648245e-05 7.6690508995257661e-14 0.0003972657934738765 2.5170942774322858e-05 0.008919235813598601 9.4307795381636086e-05 3.7922713808461708e-14 0.0042069462646772433 0.42871024073030345 0.10286266690817965 0.15816962471962162 2.0222843065135723 0.09443091698352242 1.6127189316035714e-05 0.0019066476863810466 2.59751954851172e-05 3.9449323163505931e-13 0.00063211335851215411 0.00011697822577400589 0.043262421563960762 0.00029493016174220806 2.6001752007850933e-13 0.013919725322050047 0.13786488219775506 0.0440716820153534 0.088072360357031046 1.517179425124686 0.04541133850614365 0 0 0 1 running
740 0.08130395421660648 0.0001098702429781085 0.5 2310.9085449999998 0.00043747876102279457 1.0609212503774198e-05 0.00089582336086289904 1.4860385260504075e-05 7.8954742397411386e-14 0.00039256267196774631 2.5170942774322858e-05 0.008919235813598601 9.4307795381636086e-05 3.7922713808461708e-14 0.0042069462646772433 0.42148649730342114 0.10043723246974737 0.15757324408198112 2.0819908299862808 0.093312975082143979 1.638096626192101e-05 0.0018495933632612926 2.6420864655064058e-05 3.5445341345921661e-13 0.0006220728954033361 0.00011697822577400589 0.043262421563960762 0.00029493016174220806 2.6001752007850933e-13 0.013919725322050047 0.14003431966533619 0.042752885677626376 0.089583461043763815 1.3631905009792933 0.044690026635649117 0 0 0 1 running
760 0.083501359087251481 0.00010987024403016117 0.5 2372.9968199999998 0.00042789958568538276 1.0402588641365043e-05 0.00087495354427013768 1.5488364182014245e-05 7.6074822722480987e-14 0.00038677961327125205 2.5170942774322858e-05 0.008919235813598601 9.4307795381636086e-05 3.7922713808461708e-14 0.0042069462646772433 0.41327767237931323 0.098097366473498857 0.16423206713015995 2.0060490160782321 0.091938329832916416 1.6482918619953691e-05 0.0017950152524944807 2.6925544753969358e-05 3.4499290014245605e-13 0.00061461141994989532 0.00011697822577400589 0.043262421563960762 0.00029493016174220806 2.6001752007850933e-13 0.013919725322050047 0.14090586954017911 0.041491326366016379 0.091294646145769182 1.3268063630415725 0.044153990522808502 0 0 0 1 running
780 0.08569876397870968 0.00010987024506055468 0.5 2434.8584660000001 0.00041840753048641113 1.0166951811878434e-05 0.00085480214985473018 1.6690552229639869e-05 8.1476906736334178e-14 0.0003798100196144662 2.5170942774322858e-05 0.008919235813598601 9.4307795381636086e-05 3.7922713808461708e-14 0.0042069462646772433 0.40391621017270152 0.095838047980687624 0.17697956104368767 2.148498842879599 0.090281642721102173 1.6432306877761207e-05 0.0017427672167131814 2.8729720059350841e-05 3.6698707486842271e-13 0.00060953685147141501 0.00011697822577400589 0.043262421563960762 0.00029493016174220806 2.6001752007850933e-13 0.013919725322050047 0.14047321002720051 0.040283626152008388 0.09741194284653347 1.4113936428499707 0.043789430995872881 0 0 0 1 running
800 0.087896168890548729 0.00010987024606928527 0.5 2497.0746640000002 0.00040899453991089066 9.8997410775745908e-06 0.0008353286756530193 1.8294743068319198e-05 8.6409762591274106e-14 0.00037172028397578676 2.5170942774322858e-05 0.008919235813598601 9.4307795381636086e-05 3.7922713808461708e-14 0.0042069462646772433 0.39330036885521114 0.093654736023398535 0.19398972263412287 2.2785753948862557 0.088358695497696149 1.6231943721553877e-05 0.0016986364481643701 3.0392085115218499e-05 3.9336793571789454e-13 0.00060668825989146358 0.00011697822577400589 0.043262421563960762 0.00029493016174220806 2.6001752007850933e-13 0.013919725322050047 0.13876038565427473 0.039263554529721439 0.10304841300627486 1.5128516555312179 0.043584786757998518 0 0 0 1 running
820 0.090093573822331074 0.00010987024705587828 0.5 2559.8481539999998 0.00039968603448918181 9.6000683282596047e-06 0.00081649631342633957 2.0129360552392687e-05 7.9782950283183989e-14 0.00036274102128306128 2.5170942774322858e-05 0.008919235813598601 9.4307795381636086e-05 3.7922713808461708e-14 0.0042069462646772433 0.3813948652750796 0.091543303763925457 0.21344323097507525 2.1038301922733704 0.086224305817438521 1.58878380173481e-05 0.0016578289619545439 3.2909802219843539e-05 3.8083918794098744e-13 0.00060592550406041168 0.00011697822577400589 0.043262421563960762 0.00029493016174220806 2.6001752007850933e-13 0.013919725322050047 0.13581876381030381 0.038320299743359217 0.11158506822577635 1.4646674109729121 0.043529989999197279 0 0 0 1 running
840 0.09229097877360555 0.00010987024801947933 0.5 2624.3592709999998 0.00039053692351409731 9.2686381417987502e-06 0.00079827144617229185 2.2053714626635717e-05 8.2295048926052976e-14 0.00035325043154034588 2.5170942774322858e-05 0.008919235813598601 9.4307795381636086e-05 3.7922713808461708e-14 0.0042069462646772433 0.36822769114765874 0.089499982157127997 0.23384826818812568 2.1700727785913481 0.083968372618956483 1.5408772706655109e-05 0.0016182706454719309 3.60619068714955e-05 3.5011098045258554e-13 0.00060711995440976274 0.00011697822577400589 0.043262421563960762 0.00029493016174220806 2.6001752007850933e-13 0.013919725322050047 0.13172342634452183 0.037405919201249978 0.12227269892801407 1.3464899609336844 0.043615799907203073 0 0 0 1 running
860 0.094488383743900548 0.00010987024895892223 0.5 2688.1434709999999 0.00038162544788507231 8.9075972771482479e-06 0.00078062321808413065 2.3962359792452638e-05 7.8652976793318883e-14 0.00034374956549690529 2.5170942774322858e-05 0.008919235813598601 9.4307795381636086e-05 3.7922713808461708e-14 0.0042069462646772433 0.35388413366204863 0.087521311735469898 0.25408673477610172 2.0740334457754184 0.081709996722118275 1.4805841742754049e-05 0.0015799171823260849 3.8946836214380952e-05 3.6368118261983235e-13 0.00061014651079482896 0.00011697822577400589 0.043262421563960762 0.00029493016174220806 2.6001752007850933e-13 0.013919725322050047 0.12656921102015981 0.03651938854116793 0.13205443615639259 1.3986795294025685 0.043833229225314109 0 0 0 1 running
880 0.096685788732718297 0.00010987024987277143 0.5 2751.0714899999998 0.00037304542392592482 8.5203382987021583e-06 0.00076352316695741751 2.5779561961068813e-05 8.2104813899888253e-14 0.00033482776632180825 2.5170942774322858e-05 0.008919235813598601 9.4307795381636086e-05 3.7922713808461708e-14 0.0042069462646772433 0.33849897380060967 0.085604101395471741 0.27335557847308867 2.1650563911269498 0.079589266241197457 1.4091965960136168e-05 0.0015427255862308087 4.1689565190740055e-05 3.9928080504976184e-13 0.00061487676271837488 0.00011697822577400589 0.043262421563960762 0.00029493016174220806 2.6001752007850933e-13 0.013919725322050047 0.12046657287622831 0.035659714145912666 0.14135402410005113 1.5355919283023833 0.0441730528794528 0 0 0 1 running
900 0.098883193739529585 0.00010987025075933992 0.5 2813.4915700000001 0.00036489753451509363 8.1112784289857717e-06 0.00074694491094327907 2.7452463140498694e-05 8.5529140487005987e-14 0.0003271160694947187 2.5170942774322858e-05 0.008919235813598601 9.4307795381636086e-05 3.7922713808461708e-14 0.0042069462646772433 0.32224770052157808 0.083745393277354419 0.29109431547420445 2.2553539000133962 0.077756179640629433 1.3281408287988734e-05 0.0015066542477641942 4.4947786575330336e-05 3.957007396928774e-13 0.0006211735723205547 0.00011697822577400589 0.043262421563960762 0.00029493016174220806 2.6001752007850933e-13 0.013919725322050047 0.11353743998175803 0.034825934224155738 0.15240145772075425 1.5218233739534168 0.044625418817464887 0 0 0 1 running
920 0.10108059876376886 0.0001098702516166849 0.5 2875.7684239999999 0.00035728034453120974 7.6856311546024267e-06 0.00073086388284175478 2.8945517284191679e-05 8.516400732219791e-14 0.00032122779425522837 2.5170942774322858e-05 0.008919235813598601 9.4307795381636086e-05 3.7922713808461708e-14 0.0042069462646772433 0.30533743704040434 0.081942432974745696 0.30692603052650769 2.2457255499261035 0.076356524197219083 1.2389303533355486e-05 0.0014716629459331498 4.7692135067337933e-05 4.0679990139626874e-13 0.00062888679216477339 0.00011697822577400589 0.043262421563960762 0.00029493016174220806 2.6001752007850933e-13 0.013919725322050047 0.10591119374037004 0.034017119077751783 0.16170653684794903 1.564509581021464 0.045179540372722898 0 0 0 1 running
940 0.10327800380482881 0.00010987025244258741 0.5 2937.1854250000001 0.00035028174541040102 7.2491840710763053e-06 0.0007152571061277527 3.0236405463010304e-05 8.5065015749561741e-14 0.00031769008024727137 2.5170942774322858e-05 0.008919235813598601 9.4307795381636086e-05 3.7922713808461708e-14 0.0042069462646772433 0.28799811497212863 0.080192644423331086 0.32061406313923901 2.2431151994871517 0.075515602116121766 1.1431217084218836e-05 0.0014377128327168753 4.9914574647637936e-05 4.1786344632446134e-13 0.00063785032900948169 0.00011697822577400589 0.043262421563960762 0.00029493016174220806 2.6001752007850933e-13 0.013919725322050047 0.097720896419673714 0.033232370744464862 0.16924201428834248 1.6070588097228689 0.045823485324029467 0 0 0 1 running
960 0.10547540886205461 0.00010987025323451992 0.5 2999.4794419999998 0.00034397152033422578 6.8080925236300606e-06 0.00070010300776072922 3.131306512017297e-05 7.9482775146069756e-14 0.00031687687570812646 2.5170942774322858e-05 0.008919235813598601 9.4307795381636086e-05 3.7922713808461708e-14 0.0042069462646772433 0.27047427602016827 0.078493608913593915 0.33203050705891435 2.0959147477555979 0.075322301682034257 1.0422742640678055e-05 0.0014047663976911595 5.1615310822113578e-05 3.7536146031573358e-13 0.00064788053687214742 0.00011697822577400589 0.043262421563960762 0.00029493016174220806 2.6001752007850933e-13 0.013919725322050047 0.0890998523162259 0.03247082218026795 0.17500858683700646 1.4436006473809821 0.046544060452532683 0 0 0 1 running
980 0.10767281393473727 0.00010987025398960854 0.5 3061.5520809999998 0.00033839564080291677 6.3686953138441276e-06 0.00068538126309623641 3.2171462057665405e-05 8.0294321367206461e-14 0.00031895925996553614 2.5170942774322858e-05 0.008919235813598601 9.4307795381636086e-05 3.7922713808461708e-14 0.0042069462646772433 0.25301775030615464 0.076843047702727901 0.34113258535497409 2.117314751595925 0.075817288811985017 9.3791464376596526e-06 0.0013727874201978629 5.280222790662688e-05 3.7528862053961381e-13 0.00066273281383188998 0.00011697822577400589 0.043262421563960762 0.00029493016174220806 2.6001752007850933e-13 0.013919725322050047 0.080178566357977904 0.031731636153752588 0.1790329873171132 1.4433205132727198 0.047611055426651554 0 0 0 1 running
1000 0.10987021902210636 0.00010987025470459554 0.5 3129.2900850000001 0.0003335727722186075 5.9373546173660014e-06 0.00067107266893938803 3.2813842269496382e-05 8.278064044566842e-14 0.00032388801213731534 2.5170942774322858e-05 0.008919235813598601 9.4307795381636086e-05 3.7922713808461708e-14 0.0042069462646772433 0.23588129656481358 0.075238807781743536 0.3479441135985456 2.1828775457308529 0.076988863598466711 8.9175060683990577e-06 0.0013417409143282599 5.3490225407211028e-05 3.5327722834306705e-13 0.00067939353541568437 0.00011697822577400589 0.043262421563960762 0.00029493016174220806 2.6001752007850933e-13 0.013919725322050047 0.076232187737460502 0.031014003974432651 0.18136573448857921 1.3586670168856276 0.048807969963276958 0 0 0 1 running
1020 0.11206762412332202 0.00010987025537580734 0.5 3190.9587099999999 0.00032949322298397426 5.5203189812789767e-06 0.00065715904067084217 3.3247298368258399e-05 8.5242797300109919e-14 0.00033141372701801314 2.5170942774322858e-05 0.008919235813598601 9.4307795381636086e-05 3.7922713808461708e-14 0.0042069462646772433 0.21931315925561246 0.073678850341518373 0.35254029885563859 2.2478031960120339 0.0787777418981222 8.5062806699700681e-06 0.0013115930715242863 5.3700466462776755e-05 3.7159215486799387e-13 0.00069569405488989489 0.00011697822577400589 0.043262421563960762 0.00029493016174220806 2.6001752007850933e-13 0.013919725322050047 0.072716786510368461 0.030317144165986607 0.18207858479294886 1.4291042955712978 0.049979007400947448 0 0 0 1 running
1040 0.11426502923746636 0.00010987025599913291 0.5 3252.9734309999999 0.00032612030837413504 5.1236034047318801e-06 0.00064362313001773016 3.3482553449272599e-05 8.7377890360067915e-14 0.00034113664634432384 2.5170942774322858e-05 0.008919235813598601 9.4307795381636086e-05 3.7922713808461708e-14 0.0042069462646772433 0.20355230436416238 0.072161241553501509 0.35503484429657689 2.3041043634533152 0.081088900328632044 8.0872186520724295e-06 0.001282311204296338 5.3459560350042264e-05 3.9076984158590308e-13 0.00071124772702757522 0.00011697822577400589 0.043262421563960762 0.00029493016174220806 2.6001752007850933e-13 0.013919725322050047 0.069134393162163313 0.029640301165308598 0.18126176052746373 1.5028596591026426 0.051096390953986527 0 0 0 1 running
1060 0.11646243436351481 0.00010987025656720522 0.5 3315.521021 0.00032339379914390123 4.7528762731116335e-06 0.00063044855992943282 3.3532906620115757e-05 8.0600011422117448e-14 0.00035256958780824105 2.5170942774322858e-05 0.008919235813598601 9.4307795381636086e-05 3.7922713808461708e-14 0.0042069462646772433 0.18882392748356222 0.070684145268166063 0.35556876803680842 2.1253756213020054 0.083806534627865081 7.6586732894882408e-06 0.0012538636953655091 5.2798699470659926e-05 4.4004927824764353e-13 0.00072569172652292568 0.00011697822577400589 0.043262421563960762 0.00029493016174220806 2.6001752007850933e-13 0.013919725322050047 0.065470930498503929 0.028982744146944035 0.17902102368495665 1.6923831829285028 0.052134055071716631 0 0 0 1 running
1080 0.11865983950030067 0.00010987025707585051 0.5 3377.7771779999998 0.0003212349101914657 4.41333804394981e-06 0.00061761977344507819 3.3413310440966011e-05 8.2731376812684362e-14 0.00036519751670969911 2.5170942774322858e-05 0.008919235813598601 9.4307795381636086e-05 3.7922713808461708e-14 0.0042069462646772433 0.17533463420575182 0.069245817282174771 0.3543006207042812 2.1815784922603423 0.086808219961354099 7.219352035854389e-06 0.001226219952212837 5.1752767990118245e-05 3.9234885095796217e-13 0.00073869279008531574 0.00011697822577400589 0.043262421563960762 0.00029493016174220806 2.6001752007850933e-13 0.013919725322050047 0.061715349058222978 0.028343765972506835 0.17547465367531381 1.5089323628634597 0.05306805795335362 0 0 0 1 running
1100 0.12085724464660171 0.00010987025752096449 0.5 3439.7390359999999 0.00031955214837460082 4.1095741237599637e-06 0.00060512199371260636 3.3139564701748703e-05 8.4055763076824169e-14 0.00037852362017619829 2.5170942774322858e-05 0.008919235813598601 9.4307795381636086e-05 3.7922713808461708e-14 0.0042069462646772433 0.16326659516115477 0.06784460085582833 0.35139793659307345 2.2165017910207885 0.089975862861475978 6.7683392053980122e-06 0.0011993503696203778 5.0769594219884101e-05 3.7611845699477929e-13 0.00074995245696252155 0.00011697822577400589 0.043262421563960762 0.00029493016174220806 2.6001752007850933e-13 0.013919725322050047 0.057859821010398903 0.027722682324825804 0.17214107204220327 1.4465119768899211 0.053876958029806243 0 0 0 1 running
1120 0.12305464980108699 0.00010987025789675349 0.5 3502.1437679999999 0.00031824733954106737 3.8453679730008685e-06 0.00059294119244002825 3.2727620063758382e-05 8.3031256066416208e-14 0.00039209909967092372 2.5170942774322858e-05 0.008919235813598601 9.4307795381636086e-05 3.7922713808461708e-14 0.0042069462646772433 0.15277012098742557 0.06647892317590795 0.34702984977349188 2.1894861345046834 0.093202782969467171 6.5878246858448446e-06 0.0011732263005915788 4.983186012569949e-05 3.9735265618536368e-13 0.00075921164329395552 0.00011697822577400589 0.043262421563960762 0.00029493016174220806 2.6001752007850933e-13 0.013919725322050047 0.056316674682449719 0.027118831035776343 0.16896155968359866 1.5281764708216106 0.054542142587490482 0 0 0 1 running
1140 0.12525205496230668 0.0001098702581971409 0.5 3564.1679640000002 0.00031722124718939695 3.623474353304733e-06 0.0005810640645656322 3.2192989057215664e-05 7.7792272843052276e-14 0.00040553869494984343 2.5170942774322858e-05 0.008919235813598601 9.4307795381636086e-05 3.7922713808461708e-14 0.0042069462646772433 0.1439546538161883 0.065147292515769131 0.34136084855912541 2.0513371810878804 0.096397403112767441 6.5177008106516289e-06 0.0011478200350880652 4.8636684267341851e-05 3.4523222961004482e-13 0.00076625438306887617 0.00011697822577400589 0.043262421563960762 0.00029493016174220806 2.6001752007850933e-13 0.013919725322050047 0.055717213759451191 0.026531571594786613 0.16490915673065037 1.3277267989703381 0.05504809652063055 0 0 0 1 running
1160 0.12744946012868708 0.00010987025841585605 0.5 3626.5298029999999 0.00031637836158063292 3.4453803192580667e-06 0.00056947800609817719 3.1550265098688899e-05 8.2398145031709161e-14 0.0004185258045561005 2.5170942774322858e-05 0.008919235813598601 9.4307795381636086e-05 3.7922713808461708e-14 0.0042069462646772433 0.13687927187108523 0.063848295750845566 0.33454567537088736 2.1727913631888769 0.099484466457336551 6.4096175755130253e-06 0.001123104785118012 4.7202493396395571e-05 3.3973623318026576e-13 0.00077091061185186049 0.00011697822577400589 0.043262421563960762 0.00029493016174220806 2.6001752007850933e-13 0.013919725322050047 0.054793253471769852 0.025960284804159017 0.16004634153916827 1.3065897754800764 0.055382602315483302 0 0 0 1 running
1180 0.12964686529852801 0.00010987025854654046 0.5 3688.8884280000002 0.00031563062039452803 3.3111147910252013e-06 0.00055817109521705092 3.0812750181211905e-05 8.3788639130215806e-14 0.00043081095861465988 2.5170942774322858e-05 0.008919235813598601 9.4307795381636086e-05 3.7922713808461708e-14 0.0042069462646772433 0.13154512410249902 0.062580596239651204 0.32672537892039266 2.209457887254894 0.10240467348772084 6.4259495241761882e-06 0.0010990546772164933 4.5549830822695276e-05 3.7215290232181565e-13 0.0007730579522261527 0.00011697822577400589 0.043262421563960762 0.00029493016174220806 2.6001752007850933e-13 0.013919725322050047 0.054932868759615942 0.025404372605255354 0.15444276893764897 1.4312608712268631 0.055536868317477651 0 0 0 1 running
1200 0.1318442704700023 0.0001098702585828687 0.5 3750.9881420000002 0.00031489998932147218 3.2191870521972008e-06 0.00054713207433435603 2.999219199782389e-05 7.7762865197573088e-14 0.00044220652964626137 2.5170942774322858e-05 0.008919235813598601 9.4307795381636086e-05 3.7922713808461708e-14 0.0042069462646772433 0.1278929868086279 0.061342931812631077 0.31802452677908816 2.0505617185081788 0.10511342475637431 6.4296700903437524e-06 0.0010756447491785393 4.3700948426418712e-05 3.4949877485046643e-13 0.00077262241144737676 0.00011697822577400589 0.043262421563960762 0.00029493016174220806 2.6001752007850933e-13 0.013919725322050047 0.054964674389620556 0.024863258002982249 0.14817388688993005 1.344135482658781 0.055505578851004773 0 0 0 1 running
1220 0.13404167564115782 0.00010987025851868082 0.5 3813.5416949999999 0.00031411995480289432 3.1667160273132856e-06 0.0005363503368872207 2.9098629470425608e-05 7.9781734859671602e-14 0.00045257959280150059 2.5170942774322858e-05 0.008919235813598601 9.4307795381636086e-05 3.7922713808461708e-14 0.0042069462646772433 0.12580839961797879 0.060134113291351807 0.30854956743153583 2.1037981422592673 0.10757912374624126 6.3918608835927514e-06 0.0010528509490544957 4.191338444498283e-05 3.9226417335920493e-13 0.0007704166402766055 0.00011697822577400589 0.043262421563960762 0.00029493016174220806 2.6001752007850933e-13 0.013919725322050047 0.054641458624457163 0.024336385042569148 0.14211291309573956 1.5086067017359646 0.055347115151489303 0 0 0 1 running
1240 0.13623908080992209 0.0001098702583481226 0.5 3875.0862499999998 0.00031323606121694963 3.1497496441003185e-06 0.00052581590782799855 2.8140343223106588e-05 8.238011520832867e-14 0.00046184410948828399 2.5170942774322858e-05 0.008919235813598601 9.4307795381636086e-05 3.7922713808461708e-14 0.0042069462646772433 0.12513435322388525 0.058953022301116861 0.29838830511550868 2.1723159271883956 0.10978131890251673 6.3130191782731023e-06 0.0010306501369568011 4.065975095840814e-05 4.3411103603438706e-13 0.00077141476762582206 0.00011697822577400589 0.043262421563960762 0.00029493016174220806 2.6001752007850933e-13 0.013919725322050047 0.053967472463374792 0.023823218851331516 0.13786230176738562 1.669545328727511 0.055418821117384727 0 0 0 1 running
1260 0.13843648597411004 0.00010987025806579058 0.5 3937.6472920000001 0.00031220566495013285 3.1637007647173862e-06 0.00051551941213788131 2.7123904710755342e-05 8.1185007501540524e-14 0.00046995308982333497 2.5170942774322858e-05 0.008919235813598601 9.4307795381636086e-05 3.7922713808461708e-14 0.0042069462646772433 0.12568860821314609 0.057798607740800069 0.28761042076100735 2.1408016291129903 0.11170884063083933 6.1944235167870974e-06 0.0010090200828490881 3.9222589349509188e-05 4.2397907466735046e-13 0.00077044388557018229 0.00011697822577400589 0.043262421563960762 0.00029493016174220806 2.6001752007850933e-13 0.013919725322050047 0.052953645653288584 0.023323245587566464 0.13298941389315341 1.6305788722980468 0.055349072466949659 0 0 0 1 running
1280 0.14063389113143468 0.00010987025766687669 0.5 3999.970296 0.00031099711044241425 3.2037871762812558e-06 0.00050545206689282265 2.6054313952354777e-05 7.962301210006166e-14 0.00047689110923105997 2.5170942774322858e-05 0.008919235813598601 9.4307795381636086e-05 3.7922713808461708e-14 0.0042069462646772433 0.12728117516319146 0.056669884893298987 0.27626893245590761 2.0996127150134321 0.11335802247705844 6.038062432646774e-06 0.00098793943348240987 3.7613908149213972e-05 3.6826686259798946e-13 0.00076747261294179969 0.00011697822577400589 0.043262421563960762 0.00029493016174220806 2.6001752007850933e-13 0.013919725322050047 0.05161697737074511 0.022835971676291946 0.12753496599676861 1.4163155716845368 0.055135614761453428 0 0 0 1 running
1300 0.14283129627952032 0.00010987025714730912 0.5 4061.9744430000001 0.00030958848119658628 3.2653776964846012e-06 0.00049560564725363945 2.4935213133059806e-05 8.259039443516296e-14 0.00048266733193044525 2.5170942774322858e-05 0.008919235813598601 9.4307795381636086e-05 3.7922713808461708e-14 0.0042069462646772433 0.12972806484688557 0.05556593161243932 0.2644024603921053 2.1778608686157512 0.11473104279535538 5.8465507925186301e-06 0.00096738761193115863 3.6050061850695283e-05 3.8995314725539087e-13 0.00076998214789159025 0.00011697822577400589 0.043262421563960762 0.00029493016174220806 2.6001752007850933e-13 0.013919725322050047 0.049979821063569345 0.022360921487044758 0.12223253680715723 1.4997187387128719 0.05531590100214636 0 0 0 1 running
1320 0.14502870141591861 0.0001098702565038851 0.5 4123.9117459999998 0.00030796611635739373 3.3441998852950398e-06 0.00048597249892540646 2.3769160293439813e-05 8.0030403201478089e-14 0.00048730916034438198 2.5170942774322858e-05 0.008919235813598601 9.4307795381636086e-05 3.7922713808461708e-14 0.0042069462646772433 0.13285954027540411 0.054485889719887728 0.25203812895055988 2.1103553824151922 0.11583441519944594 5.6230418171894742e-06 0.0009473453831129186 3.4893395311038752e-05 3.5418152359613549e-13 0.00078108682510891203 0.00011697822577400589 0.043262421563960762 0.00029493016174220806 2.6001752007850933e-13 0.013919725322050047 0.048069132353339115 0.021897650405729791 0.11831070482895642 1.3621448411983716 0.056113666544238702 0 0 0 1 running
1340 0.14722610653812743 0.00010987025573439177 0.5 4186.443894 0.00030612297555040769 3.4364146760952401e-06 0.00047654546255662417 2.255794630030171e-05 8.0907117098228506e-14 0.00049085652998483902 2.5170942774322858e-05 0.008919235813598601 9.4307795381636086e-05 3.7922713808461708e-14 0.0042069462646772433 0.13652308167021709 0.053428956528996027 0.23919492772592441 2.1334738201192676 0.11667763244475325 5.802129636449192e-06 0.00092779419077859693 3.3547463418691953e-05 4.1992098540622907e-13 0.00078911068949261143 0.00011697822577400589 0.043262421563960762 0.00029493016174220806 2.6001752007850933e-13 0.013919725322050047 0.049600082391901883 0.021445729509313567 0.11374714346108504 1.6149718883536721 0.056690104957932752 0 0 0 1 running
1360 0.14942351164361195 0.00010987025483771186 0.5 4248.6490309999999 0.0003040570223336506 3.5385967681257637e-06 0.00046731785724599562 2.1302938598343033e-05 8.0242766119573518e-14 0.00049335691703981369 2.5170942774322858e-05 0.008919235813598601 9.4307795381636086e-05 3.7922713808461708e-14 0.0042069462646772433 0.14058260748721432 0.052394382995626744 0.22588735652377692 2.1159552695743238 0.11727197972129649 6.0164630568252284e-06 0.00090871634971212423 3.2021079608271612e-05 3.8183317630273562e-13 0.00079426014169892145 0.00011697822577400589 0.043262421563960762 0.00029493016174220806 2.6001752007850933e-13 0.013919725322050047 0.051432332957832963 0.021004750008472003 0.10857173582761782 1.4684901855361341 0.057060044169172271 0 0 0 1 running
1380 0.15162091672982689 0.0001098702538139107 0.5 4311.2909339999997 0.00030176968715153014 3.64766385653065e-06 0.00045828345571869426 2.0005437434829332e-05 8.2137373979009418e-14 0.000494861062979928 2.5170942774322858e-05 0.008919235813598601 9.4307795381636086e-05 3.7922713808461708e-14 0.0042069462646772433 0.14491566284325552 0.051381470934985053 0.21212920261652998 2.1659149815560426 0.11762951838366154 6.1821649887811739e-06 0.00089009504902337611 3.0480000473328035e-05 3.7619827251849428e-13 0.00079674851156896764 0.00011697822577400589 0.043262421563960762 0.00029493016174220806 2.6001752007850933e-13 0.013919725322050047 0.052848852407153993 0.020574323323705464 0.10334650173884193 1.4468189389888246 0.057238809899994879 0 0 0 1 running
1400 0.15381832179424162 0.00010987025266430272 0.5 4374.6455459999997 0.0002992644822603974 3.7607911281679354e-06 0.00044943645372695119 1.8667035542817217e-05 7.7966844037551933e-14 0.00049541944250139607 2.5170942774322858e-05 0.008919235813598601 9.4307795381636086e-05 3.7922713808461708e-14 0.0042069462646772433 0.1494100225758869 0.05038956959089741 0.19793735467229595 2.0559405223830569 0.11776224637359485 6.3031641110997779e-06 0.00087191433249489414 2.8897547350829e-05 3.6098082184434056e-13 0.00079679152503231432 0.00011697822577400589 0.043262421563960762 0.00029493016174220806 2.6001752007850933e-13 0.013919725322050047 0.053883225441263484 0.020154080631058151 0.09798098363397538 1.3882942262327036 0.057241900008625009 0 0 0 1 running
1420 0.15601572683436513 0.00010987025139149496 0.5 4437.8158590000003 0.0002965458190214198 3.8753341224215436e-06 0.00044077143913307757 1.7289980104899868e-05 7.938066539030404e-14 0.00049507947918833273 2.5170942774322858e-05 0.008919235813598601 9.4307795381636086e-05 3.7922713808461708e-14 0.0042069462646772433 0.15396062663075188 0.049418072169485745 0.18333564086544885 2.093222172633431 0.11768143637706178 6.3962565332468066e-06 0.00085415907291819249 2.7174316515884023e-05 4.1861821710478463e-13 0.00079460355704330521 0.00011697822577400589 0.043262421563960762 0.00029493016174220806 2.6001752007850933e-13 0.013919725322050047 0.054679035272803218 0.019743672268908299 0.092138139942555264 1.6099615786597288 0.057084715298554384 0 0 0 1 running
1440 0.15821313184777247 0.00010987024999940665 0.5 4501.1993409999995 0.00029361806574084467 3.9887720354476011e-06 0.00043228336095668484 1.5877549363376154e-05 8.1089577988592855e-14 0.00049388352028674769 2.5170942774322858e-05 0.008919235813598601 9.4307795381636086e-05 3.7922713808461708e-14 0.0042069462646772433 0.15846732763290017 0.048466412368827545 0.16835882229167115 2.1382852081250396 0.11739715442375359 6.9368743615111006e-06 0.00083681494258380784 2.5467206581299344e-05 3.8342891851306132e-13 0.00079039426811755575 0.00011697822577400589 0.043262421563960762 0.00029493016174220806 2.6001752007850933e-13 0.013919725322050047 0.059300560558275844 0.019342767055853072 0.086349956311215351 1.4746272420308035 0.056782317885648428 0 0 0 1 running
1460 0.16041053683213069 0.00010987024849326454 0.5 4564.371537 0.00029048486051702063 4.0986746767835642e-06 0.00042396749872132018 1.4434478686972264e-05 8.1321915778120144e-14 0.0004918675407738157 2.5170942774322858e-05 0.008919235813598601 9.4307795381636086e-05 3.7922713808461708e-14 0.0042069462646772433 0.1628335781274218 0.047534060942185589 0.15305711079937928 2.1444118210752827 0.11691795184161967 7.4501604232767193e-06 0.00081986838130709838 2.3589511566053892e-05 3.6295017902966375e-13 0.00078436586030927735 0.00011697822577400589 0.043262421563960762 0.00029493016174220806 2.6001752007850933e-13 0.013919725322050047 0.06368843751887579 0.018951051551632972 0.079983381240854454 1.395868166576141 0.056349234066190523 0 0 0 1 running
1480 0.16260794178522497 0.00010987024687957363 0.5 4627.1617390000001 0.00028714868201972746 4.2026912314945415e-06 0.00041581943259335892 1.2967511296971268e-05 8.1743571238996236e-14 0.00048906053658340231 2.5170942774322858e-05 0.008919235813598601 9.4307795381636086e-05 3.7922713808461708e-14 0.0042069462646772433 0.16696598411807406 0.046620522350063337 0.1375020086568193 2.1555306313747189 0.11625072102529529 7.9302543660280427e-06 0.0008033065608803458 2.1713102067982454e-05 3.5501400331455669e-13 0.00077671079561436596 0.00011697822577400589 0.043262421563960762 0.00029493016174220806 2.6001752007850933e-13 0.013919725322050047 0.067792568348136545 0.018568229235451088 0.073621164887711268 1.3653464705276945 0.055799290405823522 0 0 0 1 running
1500 0.16480534670498351 0.00010987024516606424 0.5 4690.1691520000004 0.00028361066799265008 4.2985565944907333e-06 0.00040783501445357045 1.1486229616377813e-05 8.3659140351033911e-14 0.00048548454653288996 2.5170942774322858e-05 0.008919235813598601 9.4307795381636086e-05 3.7922713808461708e-14 0.0042069462646772433 0.17077455671925551 0.045725331516829046 0.12179512382721279 2.2060430794477326 0.11540070064815441 8.3715964950567259e-06 0.00078711734803726952 1.9699860471518913e-05 3.9931409017719038e-13 0.0007676100943184716 0.00011697822577400589 0.043262421563960762 0.00029493016174220806 2.6001752007850933e-13 0.013919725322050047 0.071565425442766506 0.018194019649907165 0.066795001078045479 1.5357199393972454 0.055145491492027569 0 0 0 1 running
1520 0.1670027515895014 0.00010987024336161727 0.5 4753.0660529999996 0.0002798706599651975 4.384110041608591e-06 0.00040001034032961704 1.0004493889148364e-05 8.0099481056837144e-14 0.00048115522324643326 2.5170942774322858e-05 0.008919235813598601 9.4307795381636086e-05 3.7922713808461708e-14 0.0042069462646772433 0.17417345392723499 0.044848050739923963 0.10608342447899562 2.1121769254542251 0.1143716113719716 8.7690283239080978e-06 0.00077128926573410972 1.7547132531338385e-05 4.0881000747314224e-13 0.00075723191414600599 0.00011697822577400589 0.043262421563960762 0.00029493016174220806 2.6001752007850933e-13 0.013919725322050047 0.074962910968142685 0.017828157506019564 0.059495890239520316 1.5722402373105733 0.0543999178594771 0 0 0 1 running
1540 0.16920015643706243 0.0001098702414761684 0.5 4814.8868060000004 0.00027592743808836742 4.457321288343165e-06 0.00039234172437898007 8.543198801407422e-06 7.6929084461628421e-14 0.00047608284237362481 2.5170942774322858e-05 0.008919235813598601 9.4307795381636086e-05 3.7922713808461708e-14 0.0042069462646772433 0.17708201589056588 0.043988266772900117 0.09058846903202003 2.0285754033895964 0.11316589574032743 9.1178818418541871e-06 0.0007558114539318872 1.5274183080199804e-05 3.6784343981095224e-13 0.0007457306676392772 0.00011697822577400589 0.043262421563960762 0.00029493016174220806 2.6001752007850933e-13 0.013919725322050047 0.077945119970184246 0.017470391776717067 0.051789152353805816 1.414687132235882 0.053573662582118299 0 0 0 1 running
1560 0.17139756124615935 0.00010987023952059436 0.5 4877.6476560000001 0.00027177911372079731 4.5163197891883479e-06 0.00038482567457729478 7.135936634681584e-06 7.9546911918881294e-14 0.00047027365939881008 2.5170942774322858e-05 0.008919235813598601 9.4307795381636086e-05 3.7922713808461708e-14 0.0042069462646772433 0.17942592892450152 0.043145588099663776 0.07566645584073442 2.0976059973095058 0.11178504069504426 9.4140580200292836e-06 0.00074067363115926099 1.2901582595458566e-05 3.8999445275511883e-13 0.00073324642060523804 0.00011697822577400589 0.043262421563960762 0.00029493016174220806 2.6001752007850933e-13 0.013919725322050047 0.080477011492862058 0.017120484808373977 0.043744534364496615 1.499877595314979 0.052676788057283888 0 0 0 1 running
1580 0.17359496601551122 0.00010987023750658438 0.5 4939.7519759999996 0.00026742362643658276 4.5594238248937739e-06 0.00037745887036670758 5.8409712985105461e-06 8.2350921419828216e-14 0.00046373146946549675 2.5170942774322858e-05 0.008919235813598601 9.4307795381636086e-05 3.7922713808461708e-14 0.0042069462646772433 0.18113838109968966 0.042319642428471242 0.061935190774779984 2.171546103893367 0.11022994834973825 9.6540918922957367e-06 0.00072586605440649876 1.0450866588664876e-05 3.8904641114463109e-13 0.00071990457559722998 0.00011697822577400589 0.043262421563960762 0.00029493016174220806 2.6001752007850933e-13 0.013919725322050047 0.082528964928454268 0.016778211393769338 0.035435055292173702 1.4962315271184916 0.051718303266863962 0 0 0 1 running
1600 0.17579237074407811 0.00010987023544649858 0.5 5001.6909290000003 0.00026285930914803248 4.5851670622057891e-06 0.00037023814225293448 4.7645749221468556e-06 8.0415349452193925e-14 0.00045645928089899031 2.5170942774322858e-05 0.008919235813598601 9.4307795381636086e-05 3.7922713808461708e-14 0.0042069462646772433 0.18216111741683216 0.041510074404407557 0.050521538573412871 2.1205061921030244 0.10850133378967936 9.8352027087318665e-06 0.00071137948297816944 7.9441925393907238e-06 3.7323307613334041e-13 0.00070581599951613505 0.00011697822577400589 0.043262421563960762 0.00029493016174220806 2.6001752007850933e-13 0.013919725322050047 0.084077208759626945 0.016443357936551002 0.026935843022846091 1.4354151059538101 0.050706172944236301 0 0 0 1 running
1620 0.17798977543107286 0.00010987023335321712 0.5 5064.1904969999996 0.00025808547253166822 4.5923208353581327e-06 0.00036316045349380058 4.0866043786185894e-06 7.8620339417200619e-14 0.00044846098038920545 2.5170942774322858e-05 0.008919235813598601 9.4307795381636086e-05 3.7922713808461708e-14 0.0042069462646772433 0.18244532501352342 0.040716543556356316 0.04333262549592317 2.0731728170692794 0.10660012088925774 9.9553300292098022e-06 0.00069720514206494943 6.9387551775930949e-06 3.8270049177603783e-13 0.00069107718561201015 0.00011697822577400589 0.043262421563960762 0.00029493016174220806 2.6001752007850933e-13 0.013919725322050047 0.085104129108974816 0.016115721609207094 0.023526773716884566 1.471825789510206 0.049647329212544458 0 0 0 1 running
1640 0.18018718007597026 0.00010987023123998369 0.5 5126.5167670000001 0.00025310297983686486 4.5799112038517798e-06 0.00035622288386775899 4.0038898290571385e-06 7.9909343099682997e-14 0.00043974292751565745 2.5170942774322858e-05 0.008919235813598601 9.4307795381636086e-05 3.7922713808461708e-14 0.0042069462646772433 0.1819523108416819 0.039938722477171 0.042455555374341709 2.1071630976434181 0.10452782133393722 1.0013154355448855e-05 0.00068333468867065594 7.6359006837582098e-06 3.9887260171697551e-13 0.00067577073069879923 0.00011697822577400589 0.043262421563960762 0.00029493016174220806 2.6001752007850933e-13 0.013919725322050047 0.085598446114181964 0.015795109565477944 0.0258905384198466 1.5340220212720299 0.048547705868040372 0 0 0 1 running
1660 0.18238458467851229 0.0001098702291202458 0.5 5189.1318849999998 0.00024791475867599861 4.5472303089522248e-06 0.00034942261549427637 4.5275692201740452e-06 8.5018304518600077e-14 0.00043031534650940132 2.5170942774322858e-05 0.008919235813598601 9.4307795381636086e-05 3.7922713808461708e-14 0.0042069462646772433 0.1806539528424379 0.039176295233895889 0.048008430287785814 2.241883451379735 0.10228686544500351 1.0008102616187096e-05 0.00066976018002340432 8.5069206178408153e-06 3.513094014120638e-13 0.00065996610616392282 0.00011697822577400589 0.043262421563960762 0.00029493016174220806 2.6001752007850933e-13 0.013919725322050047 0.0855552608185568 0.015481338210187937 0.028843847531865956 1.3510989617391549 0.047412293769797276 0 0 0 1 running
1680 0.1845819892387105 0.00010987022700749528 0.5 5250.7237800000003 0.00024252625360510842 4.4938418984767874e-06 0.0003427569206931561 5.4589455483463916e-06 8.5955719403926471e-14 0.00042019354713522674 2.5170942774322858e-05 0.008919235813598601 9.4307795381636086e-05 3.7922713808461708e-14 0.0042069462646772433 0.17853291943681199 0.03842895600658703 0.05788435119552561 2.2666025389972786 0.099880892385837014 9.9403400498424186e-06 0.00065647404405522192 9.6023242648402587e-06 4.0655656923978702e-13 0.0006437203045066564 0.00011697822577400589 0.043262421563960762 0.00029493016174220806 2.6001752007850933e-13 0.013919725322050047 0.084975985779152538 0.015174232516889199 0.03255795951189773 1.5635737511727359 0.046245187287348825 0 0 0 1 running
1700 0.18677939375684552 0.00010987022491511239 0.5 5313.2156770000001 0.00023694577229797805 4.4195812838146322e-06 0.00033622315177921156 6.5976845590650589e-06 8.0386978870232236e-14 0.00040939885822607565 2.5170942774322858e-05 0.008919235813598601 9.4307795381636086e-05 3.7922713808461708e-14 0.0042069462646772433 0.17558266781819126 0.037696407944119291 0.069959058340470767 2.1197580762876589 0.097314972065012745 9.810748218408049e-06 0.00064346905192214088 1.063013565469646e-05 4.0582660790249801e-13 0.000627078968810868 0.00011697822577400589 0.043262421563960762 0.00029493016174220806 2.6001752007850933e-13 0.013919725322050047 0.083868157116365902 0.01487362539267046 0.036042890940357696 1.5607663967411245 0.04504966544257312 0 0 0 1 running
1720 0.188976798233463 0.00010987022285621541 0.5 5375.5991519999998 0.00023118473456250818 4.3245501905170221e-06 0.00032981873263844671 7.8224573561178409e-06 8.1387503058331666e-14 0.0003979593176456823 2.5170942774322858e-05 0.008919235813598601 9.4307795381636086e-05 3.7922713808461708e-14 0.0042069462646772433 0.17180723937478182 0.03697836221973106 0.082946031390752392 2.1461413196692596 0.094595769141875105 9.6208910287200175e-06 0.00063073829391879777 1.1705182301058196e-05 3.456783563450247e-13 0.00061007734680340597 0.00011697822577400589 0.043262421563960762 0.00029493016174220806 2.6001752007850933e-13 0.013919725322050047 0.082245144043361848 0.014579357121429068 0.039687979798042623 1.329442555411847 0.043828260449722434 0 0 0 1 running
1740 0.19117420266936686 0.00010987022084351905 0.5 5437.7300969999997 0.00022525781288692669 4.2091070651376138e-06 0.00032354115210109864 9.0670673157288186e-06 8.2620735179942031e-14 0.00038591010085006636 2.5170942774322858e-05 0.008919235813598601 9.4307795381636086e-05 3.7922713808461708e-14 0.0042069462646772433 0.16722087459637658 0.036274537288028159 0.096143349327985531 2.1786609364835816 0.091731644896508646 9.3729704632837179e-06 0.00061827515711943004 1.3141171995700644e-05 3.7525421434625965e-13 0.00059274140754506099 0.00011697822577400589 0.043262421563960762 0.00029493016174220806 2.6001752007850933e-13 0.013919725322050047 0.080125770426640514 0.014291274847048245 0.04455689414088157 1.4431881906763664 0.042582837939058135 0 0 0 1 running
1760 0.1933716070656101 0.00010987021888920314 0.5 5499.7109389999996 0.00021918296773839192 4.0738537315505046e-06 0.00031738795876666835 1.0293684001711141e-05 7.6916410108504275e-14 0.00037329371029849848 2.5170942774322858e-05 0.008919235813598601 9.4307795381636086e-05 3.7922713808461708e-14 0.0042069462646772433 0.16184748295190141 0.035584658304780636 0.10914987419709697 2.0282411880381273 0.088732702253124116 9.0697724965553649e-06 0.00060607330470963117 1.4497721371770207e-05 3.4770264249460462e-13 0.00057508918109006046 0.00011697822577400589 0.043262421563960762 0.00029493016174220806 2.6001752007850933e-13 0.013919725322050047 0.077533852445989038 0.014009232095655811 0.049156455501632772 1.3372277467672937 0.04131469319865598 0 0 0 1 running
1780 0.19556901142348243 0.00010987021700479412 0.5 5562.0285279999998 0.00021298137848840885 3.91961914860123e-06 0.00031135675733901289 1.1478781060397798e-05 7.7454317635027147e-14 0.0003601599391167023 2.5170942774322858e-05 0.008919235813598601 9.4307795381636086e-05 3.7922713808461708e-14 0.0042069462646772433 0.1557199976077048 0.034908456716023439 0.12171614248797277 2.0424254979807044 0.085610777142724873 8.7146061306283311e-06 0.00059412665894886807 1.6018633476124243e-05 3.8094403313802475e-13 0.00055713189741091185 0.00011697822577400589 0.043262421563960762 0.00029493016174220806 2.6001752007850933e-13 0.013919725322050047 0.074497677434981507 0.013733088381807044 0.054313310586815385 1.4650706345595599 0.040024632995334097 0 0 0 1 running
1800 0.19776641574449647 0.00010987021520105941 0.5 5624.1599829999996 0.00020667729915924265 3.7474415067704649e-06 0.00030544520611479467 1.260652523177009e-05 8.070598217226393e-14 0.00034656570546437524 2.5170942774322858e-05 0.008919235813598601 9.4307795381636086e-05 3.7922713808461708e-14 0.0042069462646772433 0.14887966415756462 0.034245669976468329 0.13367426500381191 2.1281700086098789 0.082379399131917302 8.311236419973358e-06 0.00058242938412234047 1.762265459050738e-05 3.7980990000630777e-13 0.00053887529562690606 0.00011697822577400589 0.043262421563960762 0.00029493016174220806 2.6001752007850933e-13 0.013919725322050047 0.071049431336307936 0.013462708814421203 0.059751957841161572 1.4607088779695634 0.038713069630280782 0 0 0 1 running
1820 0.19996382003037125 0.00010987021348791717 0.5 5687.0282029999998 0.00020029782642315671 3.5585497624542779e-06 0.00029965101558605605 1.3665617784780151e-05 8.0837156730885681e-14 0.00033257473268665303 2.5170942774322858e-05 0.008919235813598601 9.4307795381636086e-05 3.7922713808461708e-14 0.0042069462646772433 0.14137530701012882 0.033596041392828395 0.14490443477635534 2.1316290057503338 0.079053715394239332 7.8638131844062298e-06 0.00057097587300780628 1.9112357066413518e-05 3.8159784801421812e-13 0.00052032100799259684 0.00011697822577400589 0.043262421563960762 0.00029493016174220806 2.6001752007850933e-13 0.013919725322050047 0.067224589297486786 0.013197963783965594 0.064802992523766381 1.4675851377207159 0.037380120365476138 0 0 0 1 running
1840 0.20216122428301475 0.00010987021187436188 0.5 5749.8268619999999 0.00019387261423704368 3.3543462533749143e-06 0.00029397194794873553 1.4647707545755049e-05 8.3412546986903341e-14 0.00031825719096293835 2.5170942774322858e-05 0.008919235813598601 9.4307795381636086e-05 3.7922713808461708e-14 0.0042069462646772433 0.13326263872788738 0.032959320068714285 0.1553180994898678 2.1995405552513878 0.075650405529331152 7.3767982427866653e-06 0.00055976073307961727 2.0484063140340222e-05 3.8160930854987157e-13 0.00050146771556258685 0.00011697822577400589 0.043262421563960762 0.00029493016174220806 2.6001752007850933e-13 0.013919725322050047 0.063061293620901265 0.012938728643565324 0.069453944687572808 1.4676292137339397 0.036025690447225901 0 0 0 1 running
1860 0.20435862850450445 0.00010987021036840495 0.5 5811.8245100000004 0.00018743353431465752 3.136392473113883e-06 0.00028840581730035406 1.5546543554916575e-05 7.8199044651511253e-14 0.00030368931739770496 2.5170942774322858e-05 0.008919235813598601 9.4307795381636086e-05 3.7922713808461708e-14 0.0042069462646772433 0.12460369487285751 0.032335260926798205 0.16484897660903064 2.0620635180930189 0.072187591257718148 6.8548912600086027e-06 0.00054886007364673972 2.1811625918721724e-05 3.8583725322882639e-13 0.00048231250944963389 0.00011697822577400589 0.043262421563960762 0.00029493016174220806 2.6001752007850933e-13 0.013919725322050047 0.058599719859418919 0.012686762640766298 0.073955223127659578 1.4838894437279735 0.034649570899621791 0 0 0 1 running
1880 0.20655603269706738 0.00010987020897703162 0.5 5873.9085500000001 0.0001810143054424266 2.9064009976747087e-06 0.00028295049043199018 1.6357490463454551e-05 8.1935511752825407e-14 0.00028895310895938724 2.5170942774322858e-05 0.008919235813598601 9.4307795381636086e-05 3.7922713808461708e-14 0.0042069462646772433 0.11546651326225089 0.031723624797608027 0.17344791485434016 2.1605919915610867 0.068684763431737281 6.3029564540104942e-06 0.00053863132658937829 2.3081350216781432e-05 3.9721091652064834e-13 0.00046285210821073175 0.00011697822577400589 0.043262421563960762 0.00029493016174220806 2.6001752007850933e-13 0.013919725322050047 0.053881450263978059 0.0124503277236353 0.078260392495754061 1.5276313549975979 0.033251525982163889 0 0 0 1 running
1900 0.20875343686305928 0.0001098702077061729 0.5 5935.5334849999999 0.00017465008168034371 2.6662384256577773e-06 0.00027760388797734093 1.7077229005360217e-05 8.1785024800248621e-14 0.00027413609021209454 2.5170942774322858e-05 0.008919235813598601 9.4307795381636086e-05 3.7922713808461708e-14 0.0042069462646772433 0.10592525077676609 0.031124178548356758 0.18107971813203416 2.1566237377769073 0.065162726824875727 5.7259515912938283e-06 0.00052860325259007634 2.4205445646453929e-05 3.587868196928557e-13 0.0004430840051488083 0.00011697822577400589 0.043262421563960762 0.00029493016174220806 2.6001752007850933e-13 0.013919725322050047 0.048948866794714295 0.012218531313800124 0.082071787786870631 1.379856325006577 0.031831375612486043 0 0 0 1 running
1920 0.21095084100494327 0.00010987020656069329 0.5 5997.7216239999998 0.00016837703423694039 2.417947610452329e-06 0.00027236398582441252 1.7703553472494835e-05 8.0885494671973227e-14 0.0002593313040143396 2.5170942774322858e-05 0.008919235813598601 9.4307795381636086e-05 3.7922713808461708e-14 0.0042069462646772433 0.096061066608871828 0.030536695241217434 0.18772099804532305 2.1329036492616522 0.061643597920839018 5.1288602769184171e-06 0.00051877181198434208 2.5169331476072237e-05 3.9485890506283307e-13 0.00042300757922053567 0.00011697822577400589 0.043262421563960762 0.00029493016174220806 2.6001752007850933e-13 0.013919725322050047 0.043844572295249483 0.011991280035431458 0.085339971088044211 1.5185857666191491 0.030389075174526263 0 0 0 1 running
1940 0.21314824512526864 0.00010987020554439149 0.5 6059.9514419999996 0.00016223189295563563 2.1638046104520267e-06 0.00026722881662067722 1.8235221746926428e-05 7.9240108863415056e-14 0.00024463746578315588 2.5170942774322858e-05 0.008919235813598601 9.4307795381636086e-05 3.7922713808461708e-14 0.0042069462646772433 0.085964384800848476 0.029960954302077108 0.19335858370067729 2.0895157784233835 0.05815084158245707 4.5166283157488377e-06 0.00050913305303112999 2.597244767599064e-05 3.8793791230499163e-13 0.00040262509197463991 0.00011697822577400589 0.043262421563960762 0.00029493016174220806 2.6001752007850933e-13 0.013919725322050047 0.038610846470476155 0.011768482545028342 0.088063043544161418 1.4919683573163001 0.028924787139071415 0 0 0 1 running
1960 0.21534564922664942 0.00010987020466001492 0.5 6122.6794149999996 0.00015625147173342475 1.9064410655284936e-06 0.00026219647121305829 1.8671834191607075e-05 8.0915793002862648e-14 0.00023015940273669218 2.5170942774322858e-05 0.008919235813598601 9.4307795381636086e-05 3.7922713808461708e-14 0.0042069462646772433 0.075739756060042143 0.02939674168198398 0.19798823751576017 2.1337025986997764 0.054709375460575319 3.8941054612998733e-06 0.00049968312244330626 2.6615405459093331e-05 3.8732981623546795e-13 0.00038194264583590876 0.00011697822577400589 0.043262421563960762 0.00029493016174220806 2.6001752007850933e-13 0.013919725322050047 0.03328914792076796 0.011550049774827242 0.090243077553923662 1.4896296838709873 0.027438949907357627 0 0 0 1 running
1980 0.21754305331174398 0.00010987020390928601 0.5 6184.637369 0.00015047215684554804 1.6490967187535323e-06 0.00025726509994758489 1.9013729362199003e-05 7.5251799084934854e-14 0.00021600874253943625 2.5170942774322858e-05 0.008919235813598601 9.4307795381636086e-05 3.7922713808461708e-14 0.0042069462646772433 0.065515890029983037 0.028843850002861104 0.2016135493917125 1.9843463594143913 0.051345733686476845 3.2659929816976489e-06 0.00049041827307128028 2.7099920983411695e-05 3.3770122108905433e-13 0.00036097092494946637 0.00011697822577400589 0.043262421563960762 0.00029493016174220806 2.6001752007850933e-13 0.013919725322050047 0.027919665904382319 0.011335895110407257 0.091885891979739731 1.2987633332826545 0.025932331033691969 0 0 0 1 running
2000 0.21974045738323453 0.00010987020329293903 0.5 6246.9960460000002 0.00014492934990119417 1.3961464430432439e-06 0.00025243291370245975 1.9261890137420713e-05 7.7302353238323735e-14 0.00020230481150245504 2.5170942774322858e-05 0.008919235813598601 9.4307795381636086e-05 3.7922713808461708e-14 0.0042069462646772433 0.055466593188852165 0.02830207867333108 0.20424494135901994 2.0384182848505752 0.048088280375973819 2.636796938046046e-06 0.00048133487165502586 2.7428744234681758e-05 3.5682644081676168e-13 0.00033972595430820096 0.00011697822577400589 0.043262421563960762 0.00029493016174220806 2.6001752007850933e-13 0.013919725322050047 0.022540920932927821 0.011125934569876136 0.093000811014563575 1.3723169142949367 0.024406081761544941 0 0 0 1 running
2020 0.22193786144380806 0.00010987020281076604 0.5 6309.9684230000003 0.00013965685431355855 1.1542340684630045e-06 0.00024769818453216616 1.9417857267591923e-05 8.1192822826819216e-14 0.00018917560288290926 2.5170942774322858e-05 0.008919235813598601 9.4307795381636086e-05 3.7922713808461708e-14 0.0042069462646772433 0.045855813936395373 0.027771233960931521 0.205898750882825 2.1410077147143047 0.044967439796244416 2.0107890263019271e-06 0.00047242940334379924 2.7605575842062914e-05 3.5576113273486658e-13 0.00031822958648042299 0.00011697822577400589 0.043262421563960762 0.00029493016174220806 2.6001752007850933e-13 0.013919725322050047 0.017189430024239186 0.010920086908342432 0.093600382134507956 1.3682198515986483 0.022861771990307873 0 0 0 1 running
2040 0.22413526549613794 0.00010987020246167082 0.5 6372.6855850000002 0.00013468619962993288 9.3473857594402477e-07 0.00024305924590682274 1.9483649149096289e-05 8.4766714034270528e-14 0.00017675853165436423 2.5170942774322858e-05 0.008919235813598601 9.4307795381636086e-05 3.7922713808461708e-14 0.0042069462646772433 0.03713562039867499 0.027251129018950875 0.20659638018523979 2.2352491560178507 0.042015875776327545 1.3919727385602263e-06 0.00046369847585470136 2.7634984471664938e-05 3.9145114677060093e-13 0.00029650996291008536 0.00011697822577400589 0.043262421563960762 0.00029493016174220806 2.6001752007850933e-13 0.013919725322050047 0.011899417428756567 0.010718273714039618 0.093700096010594092 1.5054798870953261 0.021301423415330471 0 0 0 1 running
2060 0.22633266954286699 0.00010987020224372942 0.5 6434.8684579999999 0.00013004588942207795 7.5856127625768813e-07 0.00023851449244481442 1.9461687745068254e-05 8.1783050917137248e-14 0.00016520039638751721 2.5170942774322858e-05 0.008919235813598601 9.4307795381636086e-05 3.7922713808461708e-14 0.0042069462646772433 0.030136387145240522 0.026741583856451725 0.20636351073962117 2.1565716876224448 0.039268482646091361 1.0911695080169654e-06 0.00045513882092396152 2.7560410398404761e-05 4.0990734687855293e-13 0.00027460173459725734 0.00011697822577400589 0.043262421563960762 0.00029493016174220806 2.6001752007850933e-13 0.013919725322050047 0.0093279710886112425 0.010520419441872144 0.093447242681454559 1.5764604891039113 0.019727525381716009 0 0 0 1 running
2080 0.22853007358659108 0.000109870202154255 0.5 6496.8095059999996 0.00012576059469136843 6.6020922952142423e-07 0.00023406237842537022 1.9354730672480899e-05 7.7881602768016859e-14 0.00015465573838645949 2.5170942774322858e-05 0.008919235813598601 9.4307795381636086e-05 3.7922713808461708e-14 0.0042069462646772433 0.02622902270450158 0.026242425171505157 0.20522938315075609 2.0536927594733241 0.036761995199462022 1.1737049337182955e-06 0.00044674729415405956 2.7369290056401977e-05 3.3717707244661024e-13 0.00026535538846106377 0.00011697822577400589 0.043262421563960762 0.00029493016174220806 2.6001752007850933e-13 0.013919725322050047 0.010033533385826991 0.010326451409881711 0.092799223703423292 1.2967475128014583 0.019063263270053032 0 0 0 1 running
2100 0.23072747762984533 0.00010987020218986703 0.5 6559.2927300000001 0.00012185028818889367 6.7141207900165195e-07 0.0002297013765207953 1.9165810164411297e-05 7.6525339982590417e-14 0.00014528235340052816 2.5170942774322858e-05 0.008919235813598601 9.4307795381636086e-05 3.7922713808461708e-14 0.0042069462646772433 0.026674093418803783 0.025753481724362974 0.20322614993652288 2.0179288953079957 0.034533921818864548 1.2505791477056058e-06 0.00043852067491823021 2.7053219415875375e-05 4.0772032078913323e-13 0.00026295593161307362 0.00011697822577400589 0.043262421563960762 0.00029493016174220806 2.6001752007850933e-13 0.013919725322050047 0.010690700251529213 0.010136295174090175 0.091727544094055716 1.5680494170778443 0.018890885095018989 0 0 0 1 running
2120 0.23292488167496847 0.00010987020233400944 0.5 6621.3553590000001 0.00011832945807760728 7.8309627874781121e-07 0.0002254300872578752 1.8898179156628769e-05 8.0865382623046772e-14 0.00013723273876298632 2.5170942774322858e-05 0.008919235813598601 9.4307795381636086e-05 3.7922713808461708e-14 0.0042069462646772433 0.031111122287666392 0.025274596609966973 0.20038830385286138 2.132373306179455 0.032620511442048292 1.3984408877289237e-06 0.00043045624377890945 2.6617691705001483e-05 3.7133247602285246e-13 0.00026020700691031795 0.00011697822577400589 0.043262421563960762 0.00029493016174220806 2.6001752007850933e-13 0.013919725322050047 0.011954711045375386 0.0099498878753818028 0.090250829375218056 1.4281055980794404 0.01869340097524249 0 0 0 1 running
2140 0.23512228572418828 0.00010987020259404143 0.5 6683.5171899999996 0.00011520630508056433 9.5603562969382036e-07 0.00022124714912918661 1.8555264935484427e-05 7.6666299317051333e-14 0.00013064054038787701 2.5170942774322858e-05 0.008919235813598601 9.4307795381636086e-05 3.7922713808461708e-14 0.0042069462646772433 0.037981717183397767 0.024805617179878225 0.19675218639558578 2.0216459113204275 0.031053531984654371 1.740603453644223e-06 0.00042255123992163135 2.6068630282624606e-05 3.6230625393134242e-13 0.00025708484717923419 0.00011697822577400589 0.043262421563960762 0.00029493016174220806 2.6001752007850933e-13 0.013919725322050047 0.014879721778367135 0.0097671656982241725 0.088389163484101779 1.3933916984591967 0.018469103465137318 0 0 0 1 running
2160 0.23731968977979456 0.00010987020296617433 0.5 6746.6967610000002 0.00011248212446571833 1.1584202514839079e-06 0.00021715124027091011 1.814063043592143e-05 7.9381078035102019e-14 0.00012560277091020131 2.5170942774322858e-05 0.008919235813598601 9.4307795381636086e-05 3.7922713808461708e-14 0.0042069462646772433 0.046022124076561192 0.024346395230388819 0.19235557742084416 2.0932330538377686 0.029856043554632269 2.2200532468637408e-06 0.00041480298751483957 2.5464700996257425e-05 3.914429036799713e-13 0.00025357659924540865 0.00011697822577400589 0.043262421563960762 0.00029493016174220806 2.6001752007850933e-13 0.013919725322050047 0.018978346031275389 0.0095880667914434586 0.086341460791370533 1.5054481850368373 0.018217069186251929 0 0 0 1 running
2180 0.23951709384397307 0.00010987020344501053 0.5 6808.9961039999998 0.00011015092873999938 1.3726941887786906e-06 0.00021314108581172328 1.765794309219422e-05 8.1113196194624519e-14 0.00012216106502007363 2.5170942774322858e-05 0.008919235813598601 9.4307795381636086e-05 3.7922713808461708e-14 0.0042069462646772433 0.054534873845845391 0.023896787826459348 0.18723736485131146 2.1389080065394923 0.02903794280563406 2.6761685345596769e-06 0.00040720891303369644 2.4784176518899671e-05 4.0867667830082398e-13 0.00024967974599265919 0.00011697822577400589 0.043262421563960762 0.00029493016174220806 2.6001752007850933e-13 0.013919725322050047 0.02287749294240328 0.0094125316686599191 0.084034051900608836 1.5717274673546178 0.01793711730770613 0 0 0 1 running
2200 0.24171449791879812 0.00010987020402480661 0.5 6870.691511 0.00010819937069005394 1.5896666598984524e-06 0.00020921545466328872 1.7110951032088131e-05 8.1398075281668881e-14 0.00012028757597249929 2.5170942774322858e-05 0.008919235813598601 9.4307795381636086e-05 3.7922713808461708e-14 0.0042069462646772433 0.063154831908802722 0.023456656941877353 0.18143729224975638 2.1464201030757062 0.028592610507642828 3.1074425672381408e-06 0.00039976653798701189 2.4008735965372393e-05 4.2403383835631097e-13 0.00024540152784180425 0.00011697822577400589 0.043262421563960762 0.00029493016174220806 2.6001752007850933e-13 0.013919725322050047 0.02656428191381114 0.0092405030401726887 0.08140481741015658 1.6307894876786717 0.017629767984937678 0 0 0 1 running
2220 0.24391190200622626 0.00010987020469954038 0.5 6933.3294370000003 0.00010660700605220015 1.8042223571890884e-06 0.00020537315507251233 1.6503465906285656e-05 8.0231848345446227e-14 0.00011988125903324876 2.5170942774322858e-05 0.008919235813598601 9.4307795381636086e-05 3.7922713808461708e-14 0.0042069462646772433 0.071678775537545397 0.023025868960588836 0.17499577674889921 2.1156673741936705 0.028496028114218388 3.5126548387130795e-06 0.00039247347037651981 2.3143900823324662e-05 3.8460893589217718e-13 0.00024102623868871298 0.00011697822577400589 0.043262421563960762 0.00029493016174220806 2.6001752007850933e-13 0.013919725322050047 0.030028279326951787 0.0090719256155430989 0.078472478659385933 1.4791654646042656 0.017315445033021348 0 0 0 1 running
2240 0.2461093061080909 0.00010987020546297366 0.5 6995.8884980000003 0.00010534691027506931 2.0132558027532861e-06 0.00020161302985536271 1.5839352044650252e-05 8.0203016367331529e-14 0.00012077708989264672 2.5170942774322858e-05 0.008919235813598601 9.4307795381636086e-05 3.7922713808461708e-14 0.0042069462646772433 0.07998332922225819 0.0226042941423273 0.16795379406922856 2.1149070916289698 0.028708968998897525 3.890857461035157e-06 0.00038532739592944676 2.2195471013598011e-05 4.2405353810729574e-13 0.00024166759609367539 0.00011697822577400589 0.043262421563960762 0.00029493016174220806 2.6001752007850933e-13 0.013919725322050047 0.03326138206739461 0.0089067459009377105 0.075256701052497238 1.6308652508463952 0.017361520468428572 0 0 0 1 running
2260 0.24830671022609918 0.00010987020630871224 0.5 7057.5994549999996 0.00010438659840172482 2.2147189175300995e-06 0.00019793395138720414 1.5122520826470993e-05 7.7110196387051664e-14 0.00012276548742065941 2.5170942774322858e-05 0.008919235813598601 9.4307795381636086e-05 3.7922713808461708e-14 0.0042069462646772433 0.087987126163162926 0.022191806060943765 0.16035281882345537 2.0333512199711308 0.029181615285042862 4.2413574745099006e-06 0.00037832606918053457 2.1169480461025498e-05 3.5148547896545909e-13 0.00024177772970468414 0.00011697822577400589 0.043262421563960762 0.00029493016174220806 2.6001752007850933e-13 0.013919725322050047 0.036257666300255911 0.0087449119929915008 0.071777943415394979 1.351776137466937 0.017369432521896631 0 0 0 1 running
2280 0.25050411436182907 0.00010987020723026094 0.5 7119.8737689999998 0.00010368918304111433 2.4071635874850896e-06 0.00019433481635715053 1.435692970723962e-05 7.5850901433058707e-14 0.0001256156705309716 2.5170942774322858e-05 0.008919235813598601 9.4307795381636086e-05 3.7922713808461708e-14 0.0042069462646772433 0.095632635180461431 0.021788281016279488 0.15223481419686805 2.0001443413612998 0.029859109821696008 4.5636986216806138e-06 0.00037146730463399891 2.0072163431469848e-05 3.6984806991537816e-13 0.00024137466499007942 0.00011697822577400589 0.043262421563960762 0.00029493016174220806 2.6001752007850933e-13 0.013919725322050047 0.039013231663278726 0.0085863733745187593 0.068057343856931407 1.4223967285116277 0.017340476152048857 0 0 0 1 running
2300 0.25270151851672812 0.00010987020822107399 0.5 7181.9332059999997 0.00010321464594552186 2.5895084334432832e-06 0.00019081454045732357 1.3546584955791406e-05 7.9875137127205987e-14 0.00012909651939717909 2.5170942774322858e-05 0.008919235813598601 9.4307795381636086e-05 3.7922713808461708e-14 0.0042069462646772433 0.10287689486485456 0.021393597438740277 0.14364226097081728 2.1062611059597591 0.030686514938664988 4.8576417993294251e-06 0.00036474896678950763 1.8909912546882797e-05 3.9061139882737726e-13 0.00024048246901786641 0.00011697822577400589 0.043262421563960762 0.00029493016174220806 2.6001752007850933e-13 0.013919725322050047 0.041526034158819135 0.0084310806839660909 0.064116577413372636 1.5022503049388234 0.017276380349037591 0 0 0 1 running
2320 0.25489892269211284 0.00010987020927460091 0.5 7250.5946290000002 0.00010292114969067312 2.7609125378517617e-06 0.00018737205306385544 1.2695547741856481e-05 8.1757185661385608e-14 0.00013299146374252011 2.5170942774322858e-05 0.008919235813598601 9.4307795381636086e-05 3.7922713808461708e-14 0.0042069462646772433 0.10968649695029292 0.021007635292945276 0.13461822207253715 2.1558896358082658 0.031612351424394343 5.1231444365222864e-06 0.00035816896140472565 1.7715382495360708e-05 4.1777531353496873e-13 0.00023913023194077621 0.00011697822577400589 0.043262421563960762 0.00029493016174220806 2.6001752007850933e-13 0.013919725322050047 0.04379570986501248 0.0082789855134483264 0.060066364154525952 1.6067198602956687 0.017179234963923696 0 0 0 1 running
2340 0.25709632688916889 0.00010987021038432772 0.5 7312.3653240000003 0.00010276627392737271 2.9207033002700103e-06 0.00018400629195539523 1.1807943156095802e-05 7.9840213435736191e-14 0.00013710675321098912 2.5170942774322858e-05 0.008919235813598601 9.4307795381636086e-05 3.7922713808461708e-14 0.0042069462646772433 0.11603472013171673 0.020630275485580541 0.1252064382197941 2.1053401884419309 0.032590564410621949 5.3603392168107716e-06 0.00035172522667303863 1.6587568489064622e-05 3.6764137836279708e-13 0.00023735116763756725 0.00011697822577400589 0.043262421563960762 0.00029493016174220806 2.6001752007850933e-13 0.013919725322050047 0.045823393040398723 0.0081300402048238348 0.056242360534028563 1.413910025185195 0.017051426098299693 0 0 0 1 running
2360 0.2592937311089526 0.00010987021154381245 0.5 7374.6398440000003 0.00010270811807860624 3.0683332901641154e-06 0.00018071619821138574 1.0887972837736972e-05 8.5759607536934471e-14 0.00014127448700516638 2.5170942774322858e-05 0.008919235813598601 9.4307795381636086e-05 3.7922713808461708e-14 0.0042069462646772433 0.12189981589780396 0.020261399293407967 0.11545146181899946 2.2614311826438671 0.033581243523680936 5.5695137724715841e-06 0.00034541572516777475 1.5399296583818048e-05 4.0465931989910455e-13 0.00024410701143870797 0.00011697822577400589 0.043262421563960762 0.00029493016174220806 2.6001752007850933e-13 0.013919725322050047 0.047611542538108863 0.0079841976634872219 0.052213366353754731 1.5562771300061713 0.017536769281791889 0 0 0 1 running
2380 0.26149113535239238 0.00010987021274671651 0.5 7437.0910489999997 0.000102706231960828 3.2033534718980879e-06 0.00017750071134639206 9.939932670810633e-06 8.1902490885485615e-14 0.0001453522760555048 2.5170942774322858e-05 0.008919235813598601 9.4307795381636086e-05 3.7922713808461708e-14 0.0042069462646772433 0.12726394480408029 0.019900887817739701 0.10539884460862042 2.1597212504135368 0.034550542581426633 5.7510896856101505e-06 0.00033923843477301485 1.4156450330150191e-05 3.7723695825314899e-13 0.00025228020594988965 0.00011697822577400589 0.043262421563960762 0.00029493016174220806 2.6001752007850933e-13 0.013919725322050047 0.049163762294710055 0.007841411148737298 0.04799933057550089 1.4508136149412032 0.018123935646219686 0 0 0 1 running
2400 0.26368853962029126 0.00010987021398683132 0.5 7499.4828710000002 0.00010272235236481521 3.3253962278055922e-06 0.00017435876471340634 8.9682400078457623e-06 8.3058057624169977e-14 0.00014922111765936836 2.5170942774322858e-05 0.008919235813598601 9.4307795381636086e-05 3.7922713808461708e-14 0.0042069462646772433 0.13211250200758726 0.019548621469069407 0.095095426327737972 2.1901928760603941 0.035470174390453406 5.9056033790663501e-06 0.00033319134229092828 1.2865239047569724e-05 3.7626791022518402e-13 0.00025916077680850774 0.00011697822577400589 0.043262421563960762 0.00029493016174220806 2.6001752007850933e-13 0.013919725322050047 0.050484637974212238 0.0077016341260122455 0.043621306724182879 1.4470867582752662 0.018618239283642667 0 0 0 1 running
2420 0.26588594391332931 0.00010987021525810023 0.5 7561.9749620000002 0.00010272096547400721 3.4341644144249979e-06 0.00017128928133446693 7.9774792756688381e-06 8.0488010810551398e-14 0.00015278263048744683 2.5170942774322858e-05 0.008919235813598601 9.4307795381636086e-05 3.7922713808461708e-14 0.0042069462646772433 0.13643368248916862 0.019204479499612834 0.084589818300664449 2.1224222300407223 0.036316753501287782 6.0336865225010619e-06 0.00032727243619845581 1.1532150759733962e-05 3.7032460702619275e-13 0.00026478508074990331 0.00011697822577400589 0.043262421563960762 0.00029493016174220806 2.6001752007850933e-13 0.013919725322050047 0.05157956946754981 0.0075648200994621658 0.039101293308257699 1.4242294400561064 0.019022292080035579 0 0 0 1 running
2440 0.2680833482320677 0.00010987021655463654 0.5 7624.5744050000003 0.00010266970232984 3.5294243722994735e-06 0.00016829117009049005 6.9724869466208332e-06 8.1791179143999231e-14 0.00015595623918728912 2.5170942774322858e-05 0.008919235813598601 9.4307795381636086e-05 3.7922713808461708e-14 0.0042069462646772433 0.14021820334436882 0.018868339576122321 0.073933304435812711 2.156786024257292 0.03707112698271036 6.1360490872487787e-06 0.00032147970092999412 1.0163902137695524e-05 3.7955476249412881e-13 0.00026919214245944845 0.00011697822577400589 0.043262421563960762 0.00029493016174220806 2.6001752007850933e-13 0.013919725322050047 0.052454626035303487 0.007430922479794772 0.034462064095633481 1.4597276459660355 0.019338897588232207 0 0 0 1 running
2460 0.27028075257695156 0.00010987021787073765 0.5 7686.8513759999996 0.00010253960008244801 3.6110015083828197e-06 0.00016536332245066268 5.9585245430699696e-06 7.9530819597235119e-14 0.00015867664026817592 2.5170942774322858e-05 0.008919235813598601 9.4307795381636086e-05 3.7922713808461708e-14 0.0042069462646772433 0.14345912827970989 0.018540077413195372 0.063181675692423542 2.0971816521076447 0.037717772057245323 6.2134627590701081e-06 0.00031581111072331858 8.7673929358196014e-06 4.0430982213056354e-13 0.00027242349738737862 0.00011697822577400589 0.043262421563960762 0.00029493016174220806 2.6001752007850933e-13 0.013919725322050047 0.053116404509964979 0.0072998944420254366 0.02972701362257749 1.5549329983936728 0.019571039735664632 0 0 0 1 running
2480 0.27247815694831401 0.00010987021920089523 0.5 7748.8949199999997 0.00010230525864492682 3.678777650938517e-06 0.00016250460967583236 4.9416683958073879e-06 8.2306293044252304e-14 0.00016089166564677327 2.5170942774322858e-05 0.008919235813598601 9.4307795381636086e-05 3.7922713808461708e-14 0.0042069462646772433 0.14615176252719769 0.018219566459726489 0.052399362913849272 2.1703692794761769 0.038244288261456288 6.2667460174794385e-06 0.00031026462598682247 7.3496519136117404e-06 3.6699730583909653e-13 0.00027452238547179611 0.00011697822577400589 0.043262421563960762 0.00029493016174220806 2.6001752007850933e-13 0.013919725322050047 0.053571901745085214 0.0071716888415068441 0.024919973834469696 1.4114329900857676 0.019721824901022218 0 0 0 1 running
2500 0.27467556134638016 0.00010987022053980304 0.5 7811.6190710000001 0.00010194490730647221 3.7326895505669258e-06 0.00015971388057258452 3.9297995666599593e-06 7.5038911267199661e-14 0.00016256051391760925 2.5170942774322858e-05 0.008919235813598601 9.4307795381636086e-05 3.7922713808461708e-14 0.0042069462646772433 0.14829359329260727 0.017906677647100522 0.041669933548517481 1.9787326309557571 0.038640977015208175 6.2967512532670827e-06 0.00030483818902116155 6.0439434464107306e-06 3.4983991431993695e-13 0.00027553288160804892 0.00011697822577400589 0.043262421563960762 0.00029493016174220806 2.6001752007850933e-13 0.013919725322050047 0.053828404488130852 0.0070462581150358746 0.020492795347576583 1.3454474691332599 0.019794419446738726 0 0 0 1 running
2520 0.27687296577127107 0.00010987022188236142 0.5 7873.6881480000002 0.00010144042100283989 3.7727281361256073e-06 0.00015698995982805014 2.9355703540792367e-06 8.0840979711812223e-14 0.00016365236487280392 2.5170942774322858e-05 0.008919235813598601 9.4307795381636086e-05 3.7922713808461708e-14 0.0042069462646772433 0.14988426019442572 0.017601279202495955 0.031127547221307013 2.131729815543268 0.038900512290084913 6.3043531271919801e-06 0.0002995297209505976 4.7380947100844145e-06 3.8365659761879709e-13 0.00027549971375525825 0.00011697822577400589 0.043262421563960762 0.00029493016174220806 2.6001752007850933e-13 0.013919725322050047 0.053893389863610766 0.0069235542099223869 0.016065141259529361 1.475502871894772 0.019792036651674651 0 0 0 1 running
2540 0.27907037022300807 0.00010987022322367952 0.5 7935.6402390000003 0.00010077728347587004 3.7989382072644089e-06 0.00015433164686587294 1.9876891112473697e-06 7.9895330404276422e-14 0.00016414525354100634 2.5170942774322858e-05 0.008919235813598601 9.4307795381636086e-05 3.7922713808461708e-14 0.0042069462646772433 0.15092554304877867 0.017303236520619079 0.021076615174851376 2.1067935909810691 0.039017672966069977 6.2904385633261333e-06 0.00029433711955406672 3.4222936681665361e-06 3.9426542759488742e-13 0.00027446775028034179 0.00011697822577400589 0.043262421563960762 0.00029493016174220806 2.6001752007850933e-13 0.013919725322050047 0.05377443983018549 0.0068035285338549035 0.011603742553662203 1.516303314776033 0.019717899881656512 0 0 0 1 running
2560 0.28126777470151698 0.00010987022455907578 0.5 7997.8033089999999 9.9944531490113846e-05 3.8114183115479758e-06 0.00015173771535379409 1.1900180227306171e-06 7.6972942151480415e-14 0.00016402521013753564 2.5170942774322858e-05 0.008919235813598601 9.4307795381636086e-05 3.7922713808461708e-14 0.0042069462646772433 0.15142135698771059 0.017012412108495786 0.012618448113594024 2.0297319052705931 0.038989138395880994 6.2558985090155415e-06 0.00028925825787684545 2.134604896556456e-06 3.728683633971038e-13 0.00027248133240951114 0.00011697822577400589 0.043262421563960762 0.00029493016174220806 2.6001752007850933e-13 0.013919725322050047 0.053479170739873585 0.0066861319228096227 0.0072376622450106244 1.4340124591778294 0.019575194632459963 0 0 0 1 running
2580 0.28346517920663183 0.00010987022588407653 0.5 8060.0694640000002 9.893467126138274e-05 3.8103206570505222e-06 0.0001492069131825457 9.7567297301367189e-07 7.8191407329640497e-14 0.0001632855549804263 2.5170942774322858e-05 0.008919235813598601 9.4307795381636086e-05 3.7922713808461708e-14 0.0042069462646772433 0.15137774898671932 0.016728665583105141 0.01034562380623371 2.0618621263384802 0.038813320805026627 6.201621710381503e-06 0.00028429098374327388 1.7178079204238151e-06 3.8217237610718507e-13 0.0002695845644995476 0.00011697822577400589 0.043262421563960762 0.00029493016174220806 2.6001752007850933e-13 0.013919725322050047 0.053015180127305245 0.0065713146297871373 0.0058244565773686889 1.4697947122632062 0.019367089383042806 0 0 0 1 running
2600 0.28566258373809966 0.00010987022719441354 0.5 8122.8791350000001 9.7743594222525829e-05 3.7958508833061081e-06 0.00014673796304561881 1.5698727488334885e-06 7.730035969232907e-14 0.0001619263668292959 2.5170942774322858e-05 0.008919235813598601 9.4307795381636086e-05 3.7922713808461708e-14 0.0042069462646772433 0.15080288876498879 0.016451853736381385 0.016646267071355792 2.0383657161972679 0.03849023891483408 6.1284889522287434e-06 0.00027943311896005962 2.6127029418829721e-06 3.788995852086322e-13 0.00026582074302420114 0.00011697822577400589 0.043262421563960762 0.00029493016174220806 2.6001752007850933e-13 0.013919725322050047 0.052389997469003968 0.0064590263063970046 0.0088587173534549445 1.4572079031221734 0.019096694573643498 0 0 0 1 running
2620 0.28785998829558418 0.00010987022848602076 0.5 8185.2715179999996 9.6370477573582338e-05 3.7682676107762236e-06 0.00014432956350264345 2.4145107605423399e-06 7.8798513279076306e-14 0.00015995403131818494 2.5170942774322858e-05 0.008919235813598601 9.4307795381636086e-05 3.7922713808461708e-14 0.0042069462646772433 0.14970705088647981 0.016181830654437145 0.025602451534059517 2.0778711586166589 0.038021410603982744 6.0373702863271732e-06 0.00027468246078077296 3.6280204581908887e-06 3.7616125433050174e-13 0.00026123237611110073 0.00011697822577400589 0.043262421563960762 0.00029493016174220806 2.6001752007850933e-13 0.013919725322050047 0.051611060489077425 0.0063492160367091856 0.012301286639384347 1.4466765709361589 0.018767064009322518 0 0 0 1 running
2640 0.29005739287866983 0.00010987022975503018 0.5 8247.2168720000009 9.4817684115038094e-05 3.7278816776533202e-06 0.00014198039055375979 3.3010128553107365e-06 7.8353721152650474e-14 0.00015738087881068675 2.5170942774322858e-05 0.008919235813598601 9.4307795381636086e-05 3.7922713808461708e-14 0.0042069462646772433 0.14810258443939459 0.015918447894077557 0.035002545038323736 2.0661422478463916 0.037409766825904779 5.9291223100565923e-06 0.00027003678275272502 4.739264426252764e-06 4.3517473811571233e-13 0.00025586080313256751 0.00011697822577400589 0.043262421563960762 0.00029493016174220806 2.6001752007850933e-13 0.013919725322050047 0.050685691895440955 0.0062418323568294177 0.01606910733801194 1.6736362149147346 0.018381167531176919 0 0 0 1 running
2660 0.29225479748686584 0.00010987023099776797 0.5 8309.7594539999991 9.3090674146109696e-05 3.6750550300401107e-06 0.00013968909961570671 4.182050969537935e-06 8.2158758576566454e-14 0.00015422492643426164 2.5170942774322858e-05 0.008919235813598601 9.4307795381636086e-05 3.7922713808461708e-14 0.0042069462646772433 0.14600386894483242 0.015661554704353872 0.044344700802456435 2.1664788810086248 0.036659590289797477 5.8045870529743203e-06 0.00026549383637375357 5.8872634539443662e-06 3.9303014149517378e-13 0.0002497468297081272 0.00011697822577400589 0.043262421563960762 0.00029493016174220806 2.6001752007850933e-13 0.013919725322050047 0.04962108986153025 0.0061368232931954042 0.019961550962326779 1.5115525345234537 0.017941936635237094 0 0 0 1 running
2680 0.29445220211960993 0.00010987023221075006 0.5 8371.7020950000006 9.1197908302252572e-05 3.6101992223097351e-06 0.00013745432795792215 5.0410950886255642e-06 8.0455375615331901e-14 0.00015050964733547478 2.5170942774322858e-05 0.008919235813598601 9.4307795381636086e-05 3.7922713808461708e-14 0.0042069462646772433 0.14342725477857496 0.015410998299692237 0.053453641538599495 2.1215616588436208 0.035776460612106695 5.6645927822295038e-06 0.00026105135449450145 7.032011394194285e-06 3.6377236060600906e-13 0.00024293019477732505 0.00011697822577400589 0.043262421563960762 0.00029493016174220806 2.6001752007850933e-13 0.013919725322050047 0.048424334911465645 0.0060341364412196275 0.023842971341604631 1.3990301903355287 0.017452226186712366 0 0 0 1 running
2700 0.29664960677627172 0.00010987023339067846 0.5 8449.3000410000004 8.9150763081177401e-05 3.5337735467713441e-06 0.00013527469743095547 5.8697320477132371e-06 8.0737657693609363e-14 0.00014626382914088073 2.5170942774322858e-05 0.008919235813598601 9.4307795381636086e-05 3.7922713808461708e-14 0.0042069462646772433 0.14039098886578788 0.01516662416579575 0.06224015760266844 2.1290052737627216 0.034767220672380535 5.5099543019555674e-06 0.00025670705296954033 8.1273710729637435e-06 4.4099379711769172e-13 0.00023544979346595829 0.00011697822577400589 0.043262421563960762 0.00029493016174220806 2.6001752007850933e-13 0.013919725322050047 0.047102392479438274 0.0059337190034546529 0.027556934241495787 1.6960157030362364 0.016914830430812128 0 0 0 1 running
2720 0.2988470114561575 0.00010987023453443762 0.5 8526.0169540000006 8.6963456192251442e-05 3.4462827815445037e-06 0.00013314881755786722 6.6624733361242182e-06 7.3877789934945194e-14 0.00014152151967628465 2.5170942774322858e-05 0.008919235813598601 9.4307795381636086e-05 3.7922713808461708e-14 0.0042069462646772433 0.13691512520778892 0.014928276406243631 0.070646051147342973 1.9481145338934267 0.033639963710623284 5.341475325722402e-06 0.0002524586345475921 9.203098304514336e-06 4.146693028023684e-13 0.00022734411881838307 0.00011697822577400589 0.043262421563960762 0.00029493016174220806 2.6001752007850933e-13 0.013919725322050047 0.045662133190853618 0.0058355178795146253 0.0312043307139219 1.5947744701094131 0.016332514727014788 0 0 0 1 running
2740 0.30104441615851252 0.00010987023563909175 0.5 8592.6891940000005 8.4652969619926005e-05 3.3482746070599717e-06 0.00013107528883688353 7.4151815108750475e-06 7.7902657608872327e-14 0.00013632204195948878 2.5170942774322858e-05 0.008919235813598601 9.4307795381636086e-05 3.7922713808461708e-14 0.0042069462646772433 0.13302142224388916 0.014695798112775675 0.078627450476049993 2.0542479634326667 0.032404036891102862 5.1599511316761885e-06 0.00024830379259954682 1.0271617765331131e-05 3.5123169835033759e-13 0.00021865100344696867 0.00011697822577400589 0.043262421563960762 0.00029493016174220806 2.6001752007850933e-13 0.013919725322050047 0.044110355560058413 0.0057394797522474636 0.034827288279553191 1.3508001239465985 0.015707996989035883 0 0 0 1 running
2760 0.30324182088252544 0.00010987023670188244 0.5 8655.6852899999994 8.2238990328974907e-05 3.2403367240293378e-06 0.00012905270627530796 8.1244923339849417e-06 8.2021499835493302e-14 0.00013071017365490401 2.5170942774322858e-05 0.008919235813598601 9.4307795381636086e-05 3.7922713808461708e-14 0.0042069462646772433 0.12873322835308493 0.014469031761504653 0.086148682631244811 2.1628594475006113 0.031070083959090476 4.9661709723730995e-06 0.00024424021484048541 1.1276826696259136e-05 3.8969012089041667e-13 0.00020940786612160325 0.00011697822577400589 0.043262421563960762 0.00029493016174220806 2.6001752007850933e-13 0.013919725322050047 0.042453806591043787 0.0056455511737684783 0.038235583060222782 1.498707167012262 0.015043965399940983 0 0 0 1 running
2780 0.30543922562733161 0.00010987023772022747 0.5 8717.7421799999993 7.9743846386185231e-05 3.1230937319779639e-06 0.00012707966304945675 8.787572657980498e-06 8.5952474160000769e-14 0.00012473647932291525 2.5170942774322858e-05 0.008919235813598601 9.4307795381636086e-05 3.7922713808461708e-14 0.0042069462646772433 0.12407535784332499 0.014247819623258121 0.093179706114640465 2.2665169637944573 0.029650124217235525 4.7609222832117405e-06 0.00024026558751577554 1.2215380047945909e-05 4.2328116193687317e-13 0.00019965222830510901 0.00011697822577400589 0.043262421563960762 0.00029493016174220806 2.6001752007850933e-13 0.013919725322050047 0.040699217753648653 0.0055536786622209303 0.04141787322051891 1.6278947734332219 0.014343115520307188 0 0 0 1 running
2800 0.30763663039201666 0.00010987023869172057 0.5 8780.5207769999997 7.7192443411840071e-05 2.9972038329745735e-06 0.00012515475428685348 9.4020085269721284e-06 8.0872314443083127e-14 0.00011845789582670432 2.5170942774322858e-05 0.008919235813598601 9.4307795381636086e-05 3.7922713808461708e-14 0.0042069462646772433 0.11907395999612905 0.014032004187627583 0.099694924358319989 2.1325560942592157 0.028157691678002073 4.5449935412748909e-06 0.00023637759984551643 1.3084304876016103e-05 4.246468959161823e-13 0.00018942142031460121 0.00011697822577400589 0.043262421563960762 0.00029493016174220806 2.6001752007850933e-13 0.013919725322050047 0.038853329422652676 0.0054638088045082505 0.044364078596521452 1.6331472424933713 0.013608129178708815 0 0 0 1 running
2820 0.30983403517561969 0.00010987023961413153 0.5 8843.4211739999992 7.4612177181054222e-05 2.8633554405913007e-06 0.00012327658090139333 9.9657494955309768e-06 8.1337033798244773e-14 0.00011193861957501764 2.5170942774322858e-05 0.008919235813598601 9.4307795381636086e-05 3.7922713808461708e-14 0.0042069462646772433 0.11375638434616916 0.0138214285929565 0.10567259530564256 2.1448104745102925 0.026608045963146042 4.3191781386522342e-06 0.00023257394903486439 1.3881007125142691e-05 4.5556998304037966e-13 0.0001787531983614872 0.00011697822577400589 0.043262421563960762 0.00029493016174220806 2.6001752007850933e-13 0.013919725322050047 0.036922923989261024 0.005375888372106459 0.047065403698099119 1.7520741790892609 0.01284171880017824 0 0 0 1 running
2840 0.31203143997713728 0.0001098702404854078 0.5 8905.3966290000008 7.20328197280642e-05 2.7222637946136816e-06 0.00012144375338383708 1.0477078580767461e-05 7.826621771407863e-14 0.0001052514629740114 2.5170942774322858e-05 0.008919235813598601 9.4307795381636086e-05 3.7922713808461708e-14 0.0042069462646772433 0.10815104618928661 0.013615937051319955 0.11109451279578518 2.0638348328493059 0.025018494735179673 4.0842782087779148e-06 0.00022885234385294773 1.4603277957980965e-05 4.057386643547292e-13 0.00016768551265464865 0.00011697822577400589 0.043262421563960762 0.00029493016174220806 2.6001752007850933e-13 0.013919725322050047 0.034914858570931545 0.0052898644037898792 0.049514359168003196 1.5604281751176652 0.012046610746623018 0 0 0 1 running
2860 0.31422884479552676 0.00010987024130367613 0.5 8967.5992310000001 6.9486331151506382e-05 2.5746676736219077e-06 0.00011965489561085602 1.0934594469786477e-05 8.3894587535052782e-14 9.847975817898264e-05 2.5170942774322858e-05 0.008919235813598601 9.4307795381636086e-05 3.7922713808461708e-14 0.0042069462646772433 0.10228729597877252 0.013415375275584224 0.11594581789911819 2.2122516853298975 0.023408846223173237 3.8656857962599949e-06 0.00022521051020829574 1.5249291865705191e-05 4.2076942662221332e-13 0.00015625712248887313 0.00011697822577400589 0.043262421563960762 0.00029493016174220806 2.6001752007850933e-13 0.013919725322050047 0.03304619958699187 0.0052056843345057837 0.051704755375390397 1.618234903921731 0.011225589505085159 0 0 0 1 running
2880 0.31642624962971011 0.00010987024206724592 0.5 9030.1656519999997 6.7006567963758884e-05 2.4213263687227223e-06 0.0001179086485219132 1.1337199542971471e-05 8.5173208641687211e-14 9.1719989316855618e-05 2.5170942774322858e-05 0.008919235813598601 9.4307795381636086e-05 3.7922713808461708e-14 0.0042069462646772433 0.096195299096732398 0.013219590891648503 0.12021487192117193 2.2459681833920464 0.021802034907591663 3.6419411302959916e-06 0.00022164619499953631 1.581761185557915e-05 3.9428046016701673e-13 0.00014450714914948995 0.00011697822577400589 0.043262421563960762 0.00029493016174220806 2.6001752007850933e-13 0.013919725322050047 0.031133496051923188 0.005123296084382294 0.053631720004971802 1.5163611284653751 0.010381465568187481 0 0 0 1 running
2900 0.31862365447857693 0.00010987024277461263 0.5 9092.2549739999995 6.4628840041193838e-05 2.2630170975711478e-06 0.00011620367368603023 1.1684090450153141e-05 8.6553717478140132e-14 8.5085262126824535e-05 2.5170942774322858e-05 0.008919235813598601 9.4307795381636086e-05 3.7922713808461708e-14 0.0042069462646772433 0.089905933117438705 0.013028433838340922 0.12389315647631292 2.2823714018807211 0.020224946261193158 3.4114961204218692e-06 0.00021815717111539623 1.6307185967083473e-05 4.2784553887421729e-13 0.00013780039419120094 0.00011697822577400589 0.043262421563960762 0.00029493016174220806 2.6001752007850933e-13 0.013919725322050047 0.029163513960389961 0.005042648174302139 0.055291686244478527 1.6454488864636283 0.0098996489516149574 0 0 0 1 running
2920 0.32082105934098937 0.00010987024342446181 0.5 9154.4030089999997 6.2389239464473846e-05 2.1005331352089851e-06 0.00011453865670634378 1.197474953059087e-05 8.5821024868295373e-14 7.8709435640913705e-05 2.5170942774322858e-05 0.008919235813598601 9.4307795381636086e-05 3.7922713808461708e-14 0.0042069462646772433 0.083450713548630401 0.012841756749127976 0.12697518250885367 2.2630507221017 0.018709398858212489 3.1751658542894902e-06 0.0002147412413404659 1.6717343974451681e-05 4.2438497890255841e-13 0.00013420504587757787 0.00011697822577400589 0.043262421563960762 0.00029493016174220806 2.6001752007850933e-13 0.013919725322050047 0.027143221170268888 0.0049636898161834172 0.056682381604170898 1.6321399372412297 0.009641357338063667 0 0 0 1 running
2940 0.32301846421578456 0.00010987024401567345 0.5 9216.9550230000004 6.0323695626969206e-05 1.9346831029893351e-06 0.00011291231042794753 1.2208936458401894e-05 8.5761715358431971e-14 7.2751290683702947e-05 2.5170942774322858e-05 0.008919235813598601 9.4307795381636086e-05 3.7922713808461708e-14 0.0042069462646772433 0.076861765581658137 0.012659415311768884 0.12945840170471482 2.2614867646760008 0.017293135235537511 2.933782867032003e-06 0.00021139624291643955 1.7047792022313807e-05 4.0899859992801754e-13 0.00013056701856895003 0.00011697822577400589 0.043262421563960762 0.00029493016174220806 2.6001752007850933e-13 0.013919725322050047 0.025079734690966124 0.0048863710184115219 0.057802809728273591 1.572965544031514 0.009379999644254516 0 0 0 1 running
2960 0.32521586910178019 0.00010987024454732703 0.5 9279.2782040000002 5.8466721342590131e-05 1.7662921330853052e-06 0.00011132337791849948 1.2386679325438812e-05 8.6736832792215376e-14 6.7396909713759973e-05 2.5170942774322858e-05 0.008919235813598601 9.4307795381636086e-05 3.7922713808461708e-14 0.0042069462646772433 0.070171870355492535 0.012481268602493018 0.13134311193802739 2.2872000466607365 0.016020387586036987 2.6881966425022883e-06 0.00020812005141368495 1.7298606895853877e-05 3.9677691347068013e-13 0.00012687985156945025 0.00011697822577400589 0.043262421563960762 0.00029493016174220806 2.6001752007850933e-13 0.013919725322050047 0.022980316419704504 0.0048106426753295019 0.058653230967181336 1.5259622249719089 0.0091151117305785911 0 0 0 1 running
2980 0.32741327399777687 0.00010987024501870623 0.5 9341.7466939999995 5.6849834755529264e-05 1.5962061899267724e-06 0.00010977063520576857 1.2508265341664217e-05 8.5006238144608785e-14 6.2856357109832234e-05 2.5170942774322858e-05 0.008919235813598601 9.4307795381636086e-05 3.7922713808461708e-14 0.0042069462646772433 0.063414636640272332 0.012307179392926033 0.1326323586618362 2.2415652680858855 0.014941088655586755 2.4392739647778347e-06 0.00020491058385896377 1.7470226798900133e-05 4.0917454555875977e-13 0.00012313873970704048 0.00011697822577400589 0.043262421563960762 0.00029493016174220806 2.6001752007850933e-13 0.013919725322050047 0.020852376146397955 0.0047364566395345295 0.059235131109345376 1.5736422123986651 0.0088463483910834126 0 0 0 1 running
3000 0.32961067890256357 0.00010987024542930351 0.5 9404.4562260000002 5.5499751749677338e-05 1.4253019477850815e-06 0.0001082528937747561 1.25742309302002e-05 8.7667690567290456e-14 5.9348803203115002e-05 2.5170942774322858e-05 0.008919235813598601 9.4307795381636086e-05 3.7922713808461708e-14 0.0042069462646772433 0.056624893257436783 0.012137014430060218 0.13333182988019138 2.3117462270785363 0.014107335694164908 2.1878975488047315e-06 0.00020176580346653594 1.7563441097382481e-05 4.3546581007166916e-13 0.00011934059669027608 0.00011697822577400589 0.043262421563960762 0.00029493016174220806 2.6001752007850933e-13 0.013919725322050047 0.018703459847575422 0.0046637658312361904 0.05955118660509974 1.6747556470048064 0.0085734879050544388 0 0 0 1 running
3020 0.33180808381492116 0.00010987024577882489 0.5 9466.9709239999993 5.4436514260393803e-05 1.2545070869364732e-06 0.00010676900272827782 1.2585351205567858e-05 8.4693679575332582e-14 5.7070882484158524e-05 2.5170942774322858e-05 0.008919235813598601 9.4307795381636086e-05 3.7922713808461708e-14 0.0042069462646772433 0.049839495412790376 0.011970644678492948 0.13344974457984751 2.2333232796339288 0.01356586913489778 1.9349648529196593e-06 0.00019868372153208913 1.7579378331800108e-05 3.7263805119896306e-13 0.00011565585144646118 0.00011697822577400589 0.043262421563960762 0.00029493016174220806 2.6001752007850933e-13 0.013919725322050047 0.016541239535107003 0.0045925242820341848 0.05960522392133584 1.4331267027177601 0.0083087739715130959 0 0 0 1 running
3040 0.33400548873362712 0.00010987024606719413 0.5 9529.4995870000002 5.3671810380894546e-05 1.0848413018097794e-06 0.00010531785070091375 1.2542629071445952e-05 8.6502517496519446e-14 5.6151331657223825e-05 2.5170942774322858e-05 0.008919235813598601 9.4307795381636086e-05 3.7922713808461708e-14 0.0042069462646772433 0.043098953882507625 0.011807945535013461 0.13299673712750465 2.2810212880181089 0.013347289963907289 1.7081604001161648e-06 0.00019566240095747478 1.7519493938832421e-05 4.1713858395906221e-13 0.00011544161274956721 0.00011697822577400589 0.043262421563960762 0.00029493016174220806 2.6001752007850933e-13 0.013919725322050047 0.01460237910785394 0.0045226872163917188 0.059402177909988821 1.6042710654001775 0.0082933829568244237 0 0 0 1 running
3060 0.33620289365745948 0.00010987024629455635 0.5 9591.3670550000006 5.3207790764892715e-05 9.1750203845143795e-07 0.000103898367478802 1.2447283813154779e-05 7.7963865593396731e-14 5.6610048059748599e-05 2.5170942774322858e-05 0.008919235813598601 9.4307795381636086e-05 3.7922713808461708e-14 0.0042069462646772433 0.036450841221068259 0.011648797010209625 0.13198573630932903 2.055861982535665 0.01345632782026792 1.48647555857946e-06 0.00019269995868398393 1.7385554979962008e-05 3.8310106298890667e-13 0.00011512054038032016 0.00011697822577400589 0.043262421563960762 0.00029493016174220806 2.6001752007850933e-13 0.013919725322050047 0.01270728418681295 0.0044542111078800612 0.058948040028399463 1.4733663442110887 0.0082703169579042835 0 0 0 1 running
3080 0.33840029858520165 0.00010987024646128051 0.5 9653.7963650000002 5.3036634778272025e-05 7.5405593243147491e-07 0.00010250952527125405 1.2300739458765959e-05 8.1554516254613438e-14 5.8346752952495295e-05 2.5170942774322858e-05 0.008919235813598601 9.4307795381636086e-05 3.7922713808461708e-14 0.0042069462646772433 0.029957397273204057 0.011493083871037941 0.13043184191708077 2.1505453609286831 0.013869146236164644 1.2657706998781632e-06 0.00018979456735046529 1.7179624630888336e-05 3.9920856293046708e-13 0.00011468035261852361 0.00011697822577400589 0.043262421563960762 0.00029493016174220806 2.6001752007850933e-13 0.013919725322050047 0.010820566746528945 0.0043870537175055256 0.058249805748605214 1.5353140927193314 0.0082386936498567275 0 0 0 1 running
3100 0.34059770351564661 0.0001098702465679618 0.5 9716.8130939999992 5.3140993534075977e-05 5.9690866710385762e-07 0.00010115033973610233 1.2104612860608402e-05 8.122092805863481e-14 6.1168266182331284e-05 2.5170942774322858e-05 0.008919235813598601 9.4307795381636086e-05 3.7922713808461708e-14 0.0042069462646772433 0.023714195866861625 0.011340695755782658 0.12835219836944095 2.1417488333999968 0.014539825881760842 1.0468749629816249e-06 0.00018694445807099225 1.690404620457214e-05 4.0943578552030094e-13 0.00011411143102924015 0.00011697822577400589 0.043262421563960762 0.00029493016174220806 2.6001752007850933e-13 0.013919725322050047 0.0089493147639639996 0.0043211741579145457 0.05731542038534395 1.5746469137797963 0.0081978220395252915 0 0 0 1 running
3120 0.34279510844759792 0.00010987024661400503 0.5 9779.1225240000003 5.3495254154610798e-05 4.506008746398377e-07 9.9819870668477068e-05 1.1860701553247992e-05 8.2101173594612726e-14 6.4836912500342608e-05 2.5170942774322858e-05 0.008919235813598601 9.4307795381636086e-05 3.7922713808461708e-14 0.0042069462646772433 0.01790162882176588 0.011191527251279526 0.12576586596316031 2.1649603983851353 0.015411870849107908 8.3061030542997313e-07 0.00018414792125942547 1.6561424105022293e-05 3.6435293813150306e-13 0.00011340680213811627 0.00011697822577400589 0.043262421563960762 0.00029493016174220806 2.6001752007850933e-13 0.013919725322050047 0.0071005548249180725 0.0042565329124532331 0.056153714517331289 1.4012630303584575 0.0081472011490392061 0 0 0 1 running
3140 0.34499251337979409 0.00010987024659691695 0.5 9841.4150410000002 5.4067397545435748e-05 3.2574978646992332e-07 9.8517222303856508e-05 1.1570971551003564e-05 7.9087833312092811e-14 6.9114259025587155e-05 2.5170942774322858e-05 0.008919235813598601 9.4307795381636086e-05 3.7922713808461708e-14 0.0042069462646772433 0.012941501213940389 0.011045477926892958 0.12269369148307649 2.0855003603261619 0.016428605139526212 6.1778716427779828e-07 0.00018140330793647852 1.6159345368971234e-05 3.915043703478399e-13 0.00011256202825149497 0.00011697822577400589 0.043262421563960762 0.00029493016174220806 2.6001752007850933e-13 0.013919725322050047 0.0052812150311744499 0.0041930918653798697 0.054790413003251125 1.5056845793684579 0.0080865121722759146 0 0 0 1 running
3160 0.34718991831105023 0.0001098702465230895 0.5 9904.272481 5.4821136883874585e-05 2.4908678660891939e-07 9.7241542451694362e-05 1.1237545115902979e-05 7.7451021101351587e-14 7.3787012430092847e-05 2.5170942774322858e-05 0.008919235813598601 9.4307795381636086e-05 3.7922713808461708e-14 0.0042069462646772433 0.0098958067976307757 0.010902452237380726 0.11915817849869058 2.0423385702968839 0.017539328479099028 5.0190915465386303e-07 0.00017870903033423424 1.5712035369725525e-05 3.7035793816751589e-13 0.00011388409961654578 0.00011697822577400589 0.043262421563960762 0.00029493016174220806 2.6001752007850933e-13 0.013919725322050047 0.0042906203383826147 0.0041308143158381508 0.05327374886621148 1.4243576281155612 0.0081814904376125534 0 0 0 1 running
3180 0.34938732324024752 0.00010987024639404563 0.5 9967.1321029999999 5.5718019172425425e-05 2.5825573880506409e-07 9.5992017778133266e-05 1.0862688362856e-05 8.4991814411755821e-14 7.8676274256482369e-05 2.5170942774322858e-05 0.008919235813598601 9.4307795381636086e-05 3.7922713808461708e-14 0.0042069462646772433 0.010260074130735916 0.010762358994004873 0.11518335593465921 2.24118492260413 0.018701516327192358 7.5504228077226114e-07 0.0001760635437860758 1.5206216759587525e-05 3.9187351718622998e-13 0.00012115573032644988 0.00011697822577400589 0.043262421563960762 0.00029493016174220806 2.6001752007850933e-13 0.013919725322050047 0.0064545540486393802 0.004069664559247497 0.051558703490214554 1.5071042792343694 0.0087038880095233456 0 0 0 1 running
3200 0.35158472816629943 0.00010987024621152699 0.5 10029.579764 5.6719270340092343e-05 3.3964779033017601e-07 9.4767884537495843e-05 1.0448798937259929e-05 8.3802822106749002e-14 8.3636914338092893e-05 2.5170942774322858e-05 0.008919235813598601 9.4307795381636086e-05 3.7922713808461708e-14 0.0042069462646772433 0.013493645962147046 0.010625112567716751 0.11079464740933337 2.2098318841319329 0.019880670937095869 9.9954483025445093e-07 0.00017346528867689948 1.4645035743604265e-05 3.9843162111624029e-13 0.00013055862708044597 0.00011697822577400589 0.043262421563960762 0.00029493016174220806 2.6001752007850933e-13 0.013919725322050047 0.0085447084159534503 0.0040096065454968115 0.049655944502567245 1.5323260563208909 0.009379396795540916 0 0 0 1 running
3220 0.35378213308815643 0.00010987024597748788 0.5 10092.148189 5.7787241513216653e-05 4.5040660064560758e-07 9.3568434938592082e-05 9.9983936605531076e-06 8.2275370471531841e-14 8.8552829710739989e-05 2.5170942774322858e-05 0.008919235813598601 9.4307795381636086e-05 3.7922713808461708e-14 0.0042069462646772433 0.017893910636715287 0.010490633602929764 0.1060187402334296 2.1695538691425007 0.021049194389349719 1.2344389107829436e-06 0.0001709129889564398 1.4031834672044302e-05 3.7184139314754681e-13 0.00013936058548391639 0.00011697822577400589 0.043262421563960762 0.00029493016174220806 2.6001752007850933e-13 0.013919725322050047 0.010552723830568237 0.0039506107790049554 0.047576804587077866 1.4300628397473891 0.010011733871153131 0 0 0 1 running
3240 0.35597953800481053 0.00010987024569408882 0.5 10154.198041 5.8886426344050089e-05 5.6893231860003855e-07 9.2392993043828977e-05 9.5140962558673471e-06 8.399440077883165e-14 9.3331394303953778e-05 2.5170942774322858e-05 0.008919235813598601 9.4307795381636086e-05 3.7922713808461708e-14 0.0042069462646772433 0.022602741728864138 0.010358846315394325 0.10088345525803652 2.2148837027610071 0.022185069271645225 1.4587826442694912e-06 0.00016840530484940608 1.3370132010850677e-05 3.8617108548281292e-13 0.00014753223714969455 0.00011697822577400589 0.043262421563960762 0.00029493016174220806 2.6001752007850933e-13 0.013919725322050047 0.012470548553948508 0.0038926462912028505 0.045333213571208814 1.4851733274212175 0.010598789396798709 0 0 0 1 running
3260 0.35817694291529917 0.00010987024536368762 0.5 10216.336864999999 5.9984117502811396e-05 6.8705064991503876e-07 9.1240924581784968e-05 8.9986250636060373e-06 8.7125614074014235e-14 9.7898509451296257e-05 2.5170942774322858e-05 0.008919235813598601 9.4307795381636086e-05 3.7922713808461708e-14 0.0042069462646772433 0.027295388022410758 0.010229679592356515 0.095417616615797576 2.297451983897151 0.023270682174688299 1.6716770806862713e-06 0.00016594095746380599 1.2663607907210424e-05 4.2417765316680173e-13 0.00015504850457703778 0.00011697822577400589 0.043262421563960762 0.00029493016174220806 2.6001752007850933e-13 0.013919725322050047 0.014290497822354049 0.0038356835208235569 0.04293764948421723 1.6313425842948048 0.011138761792334188 0 0 0 1 running
3280 0.36037434781870858 0.00010987024498882987 0.5 10278.683472999999 6.1050750875934733e-05 8.0125915859653823e-07 9.0111635732400457e-05 8.4547809108479091e-06 8.0766163912474522e-14 0.00010219461180374787 2.5170942774322858e-05 0.008919235813598601 9.4307795381636086e-05 3.7922713808461708e-14 0.0042069462646772433 0.031832703517720884 0.010103066856357009 0.089650923093195861 2.1297569662446767 0.024291874764791711 1.8722725399513915e-06 0.00016351872821696034 1.1916083921616273e-05 3.7946160374349098e-13 0.00016188842243058943 0.00011697822577400589 0.043262421563960762 0.00029493016174220806 2.6001752007850933e-13 0.013919725322050047 0.016005308061078794 0.0037796943006347485 0.040403069836010393 1.4593693672215506 0.011630144897625544 0 0 0 1 running
3300 0.36257175271417791 0.00010987024457223749 0.5 10341.004998 6.2060029517355383e-05 9.0976500131859773e-07 8.9004571719107159e-05 7.8854351587370167e-06 8.3982223292628719e-14 0.00010617162884487146 2.5170942774322858e-05 0.008919235813598601 9.4307795381636086e-05 3.7922713808461708e-14 0.0042069462646772433 0.036143461509382101 0.009978945907384516 0.083613821390129683 2.2145625895024881 0.025237220103408415 2.0597744738974846e-06 0.00016113745741208607 1.1131504031882565e-05 4.1811118066809414e-13 0.00016817605951979786 0.00011697822577400589 0.043262421563960762 0.00029493016174220806 2.6001752007850933e-13 0.013919725322050047 0.017608186996072511 0.0037246518245367863 0.037742847208731292 1.6080115699197892 0.012081851877737304 0 0 0 1 running
3320 0.36476915760090256 0.0001098702441167964 0.5 10403.217718 6.2988896755395094e-05 1.011501426433265e-06 8.7919215318173593e-05 7.2935180452036291e-06 8.8848301958604692e-14 0.00010979070365716013 2.5170942774322858e-05 0.008919235813598601 9.4307795381636086e-05 3.7922713808461708e-14 0.0042069462646772433 0.040185281715594233 0.0098572587557477359 0.077337382511052169 2.3428782657105076 0.026097481819293757 2.2334502585819075e-06 0.00015879604286495042 1.0313914141814355e-05 4.9162952945011207e-13 0.00017387812835012451 0.00011697822577400589 0.043262421563960762 0.00029493016174220806 2.6001752007850933e-13 0.013919725322050047 0.019092871718680227 0.0036705306158181755 0.034970699778171618 1.8907553971811981 0.012491491342482638 0 0 0 1 running
3340 0.36696656247813714 0.00010987024362554255 0.5 10465.459779999999 6.3817415972882376e-05 1.1057594622226845e-06 8.6855085198164639e-05 6.6820076342883784e-06 8.6838463525307997e-14 0.00011302050766337096 2.5170942774322858e-05 0.008919235813598601 9.4307795381636086e-05 3.7922713808461708e-14 0.0042069462646772433 0.043929997860496561 0.0097379514359001614 0.070853184588275511 2.2898799902324423 0.026865213043561868 2.3926337551872895e-06 0.00015649343941182003 9.4736814712097684e-06 4.0758159811283169e-13 0.00017883511953931119 0.00011697822577400589 0.043262421563960762 0.00029493016174220806 2.6001752007850933e-13 0.013919725322050047 0.020453667674954296 0.0036173065157819322 0.032121778984037938 1.5675159042735545 0.01284760405839481 0 0 0 1 running
3360 0.36916396734519868 0.00010987024310164735 0.5 10528.279338 6.4528603612527897e-05 1.192032504749612e-06 8.5811734186405284e-05 6.0539198210250726e-06 8.0854133456510775e-14 0.00011583599962940572 2.5170942774322858e-05 0.008919235813598601 9.4307795381636086e-05 3.7922713808461708e-14 0.0042069462646772433 0.047357483406049332 0.0096209738120807946 0.064193206897973046 2.1320766721729121 0.027534461422053045 2.5367309609107064e-06 0.00015422865662551022 8.6202389354573778e-06 4.0802710808910349e-13 0.0001830421166529872 0.00011697822577400589 0.043262421563960762 0.00029493016174220806 2.6001752007850933e-13 0.013919725322050047 0.021685496972842631 0.0035649566309526358 0.029228068382480793 1.5692292887260226 0.013149836826379949 0 0 0 1 running
3380 0.37136137220146853 0.00010987024254840149 0.5 10590.735102000001 6.5108232371511126e-05 1.2699438737459412e-06 8.4788747441406269e-05 5.412300275325381e-06 8.3017947345457317e-14 0.00011821747826915494 2.5170942774322858e-05 0.008919235813598601 9.4307795381636086e-05 3.7922713808461708e-14 0.0042069462646772433 0.050452773467087778 0.0095062793734115841 0.057389744436537653 2.1891351912408097 0.028100543917507007 2.6652239952917688e-06 0.0001520007572444193 7.744696027987669e-06 3.9990969528164202e-13 0.00018649756668076556 0.00011697822577400589 0.043262421563960762 0.00029493016174220806 2.6001752007850933e-13 0.013919725322050047 0.02278393245971095 0.0035134592967639541 0.026259423526703032 1.5380105739063039 0.013398078077398359 0 0 0 1 running
3400 0.37355877704639517 0.00010987024196919841 0.5 10652.877032 6.5544646703229835e-05 1.3392101850514516e-06 8.3785740570497584e-05 4.7602202782773388e-06 8.3319334945846458e-14 0.00012014990658877724 2.5170942774322858e-05 0.008919235813598601 9.4307795381636086e-05 3.7922713808461708e-14 0.0042069462646772433 0.053204609658784568 0.0093938250228517012 0.050475363770450983 2.1970826077129373 0.02855988620477308 2.7776753348144457e-06 0.00014980885584092718 6.8512717680335315e-06 4.46184057282e-13 0.00018920317031112521 0.00011697822577400589 0.043262421563960762 0.00029493016174220806 2.6001752007850933e-13 0.013919725322050047 0.023745233922257709 0.0034627940467790099 0.023230149563414532 1.7159768970463214 0.013592449989757416 0 0 0 1 running
3420 0.37575618187949605 0.00010987024136751663 0.5 10715.458183999999 6.5828569762268623e-05 1.3996215075139009e-06 8.2802357667700684e-05 4.100780888692324e-06 8.2697140380025904e-14 0.00012162235487416835 2.5170942774322858e-05 0.008919235813598601 9.4307795381636086e-05 3.7922713808461708e-14 0.0042069462646772433 0.055604651763050746 0.009283570857209213 0.043482947216586521 2.18067569735934 0.028909890267756776 2.8737307956945654e-06 0.00014765211651757149 5.9442190194156351e-06 4.5894083370799469e-13 0.00019116361286775074 0.00011697822577400589 0.043262421563960762 0.00029493016174220806 2.6001752007850933e-13 0.013919725322050047 0.024566373585169783 0.0034129415594380715 0.020154666393908352 1.7650381157755166 0.013733289159444193 0 0 0 1 running
3440 0.3779535867003585 0.00010987024074690152 0.5 10777.835534 6.5952938533093684e-05 1.4510299104328284e-06 8.183826936290878e-05 3.4371362098542065e-06 8.0946134565603992e-14 0.00012262760203277277 2.5170942774322858e-05 0.008919235813598601 9.4307795381636086e-05 3.7922713808461708e-14 0.0042069462646772433 0.057647022737385874 0.0091754799484205906 0.036445939552983087 2.1345026881367981 0.029148839637527617 2.9531221810627165e-06 0.00014552975149773051 5.0277973216702719e-06 3.7929541610589934e-13 0.00019238636689167254 0.00011697822577400589 0.043262421563960762 0.00029493016174220806 2.6001752007850933e-13 0.013919725322050047 0.025245058740828837 0.0033638836254825436 0.017047416554380621 1.4587302270684506 0.01382113241752809 0 0 0 1 running
3460 0.38015099150864146 0.00010987024011094698 0.5 10840.197236 6.5912746547884508e-05 1.4933424635151944e-06 8.0893170812493164e-05 2.7725673740044007e-06 8.565650509144207e-14 0.00012316179806162454 2.5170942774322858e-05 0.008919235813598601 9.4307795381636086e-05 3.7922713808461708e-14 0.0042069462646772433 0.059328030614672435 0.0090695181182630473 0.029399132519052438 2.2587124308685289 0.029275819160260539 3.0156685548739464e-06 0.00014344101869667725 4.1062525935418904e-06 3.7185863153559906e-13 0.00019288155426810949 0.00011697822577400589 0.043262421563960762 0.00029493016174220806 2.6001752007850933e-13 0.013919725322050047 0.025779742639455112 0.0033156030918104931 0.013922796397918349 1.4301291367724782 0.013856706925284542 0 0 0 1 running
3480 0.38234839630407635 0.0001098702394632762 0.5 10902.445562000001 6.5704909709082105e-05 1.5265166298195723e-06 7.9966779696989847e-05 2.1107156448616243e-06 8.326888775184225e-14 0.00012322420448406909 2.5170942774322858e-05 0.008919235813598601 9.4307795381636086e-05 3.7922713808461708e-14 0.0042069462646772433 0.060645985472454686 0.008965653713860721 0.022381136536170472 2.1957523444237905 0.02929065329849723 3.0612782335027682e-06 0.00014138522056605929 3.1837968944114334e-06 3.7448594648722151e-13 0.00019266172112797353 0.00011697822577400589 0.043262421563960762 0.00029493016174220806 2.6001752007850933e-13 0.013919725322050047 0.026169641514455461 0.003268083834767089 0.010795087472926285 1.4402335133961348 0.013840914003006993 0 0 0 1 running
3500 0.38454580108646691 0.00010987023880752286 0.5 10979.798476 6.5328146179383941e-05 1.5505570287962883e-06 7.9058834228137674e-05 1.4564622143079912e-06 8.1297792288796788e-14 0.00012281697210638834 2.5170942774322858e-05 0.008919235813598601 9.4307795381636086e-05 3.7922713808461708e-14 0.0042069462646772433 0.061601070833867524 0.0088638573842393098 0.015443709699862184 2.1437756986330654 0.029193853303427175 3.0899483189218526e-06 0.00013936170158457273 2.2803300254877203e-06 3.8610728364778183e-13 0.00019174167855817714 0.00011697822577400589 0.043262421563960762 0.00029493016174220806 2.6001752007850933e-13 0.013919725322050047 0.026414730591754965 0.0032213107021421637 0.0077317627061856981 1.4849279522826044 0.013774817686556053 0 0 0 1 running
3520 0.38674320585568944 0.00010987023814731191 0.5 11055.552197999999 6.4782870450371386e-05 1.5655129347218201e-06 7.8169091152534471e-05 8.2090600439462642e-07 8.8246408110206701e-14 0.00012194494655342606 2.5170942774322858e-05 0.008919235813598601 9.4307795381636086e-05 3.7922713808461708e-14 0.0042069462646772433 0.062195244284565146 0.0087641018565015345 0.0087045402882408585 2.3270066735180817 0.028986570990295658 3.1017645287429036e-06 0.00013736984654200146 1.3905151450580184e-06 3.8469054329879924e-13 0.00019013835490300224 0.00011697822577400589 0.043262421563960762 0.00029493016174220806 2.6001752007850933e-13 0.013919725322050047 0.026515742636884453 0.0031752694735062113 0.0047147268249675906 1.4794793180961279 0.013659634116616271 0 0 0 1 running
3540 0.38894061061169277 0.00010987023748624076 0.5 11118.235172000001 6.4071110172350345e-05 1.5714761882425588e-06 7.7297323808619026e-05 2.946526864381115e-07 8.4608332958611443e-14 0.00012061551794025901 2.5170942774322858e-05 0.008919235813598601 9.4307795381636086e-05 3.7922713808461708e-14 0.0042069462646772433 0.062432154501802693 0.008666361717981335 0.00312437254254262 2.2310727387799116 0.028670563005042952 3.0969002319280568e-06 0.00013540907844689087 5.2630166975063029e-07 3.8106817104948674e-13 0.00018787062128200471 0.00011697822577400589 0.043262421563960762 0.00029493016174220806 2.6001752007850933e-13 0.013919725322050047 0.026474159711663444 0.0031299468118467914 0.0017844959180901238 1.4655480558941856 0.013496719003815501 0 0 0 1 running
3560 0.3911380153544971 0.00010987023682786059 0.5 11181.475920999999 6.3196427762465175e-05 1.5685793119014501e-06 7.6443320182199181e-05 5.6617285588360812e-07 8.3134891789542271e-14 0.00011883846269808318 2.5170942774322858e-05 0.008919235813598601 9.4307795381636086e-05 3.7922713808461708e-14 0.0042069462646772433 0.062317066387420905 0.0085706131982350806 0.0060034576525988337 2.1922189485023709 0.028248153225983851 3.0756143490136932e-06 0.00013347885725523145 9.3598979746848298e-07 4.1094538921118712e-13 0.00018495912578087026 0.00011697822577400589 0.043262421563960762 0.00029493016174220806 2.6001752007850933e-13 0.013919725322050047 0.026292195224054557 0.0030853302341823695 0.00317359808823694 1.580452690599875 0.013287555716913396 0 0 0 1 running
3580 0.39333542008419314 0.00010987023617565823 0.5 11244.797839999999 6.2163864819081318e-05 1.5569936981674718e-06 7.560688102889389e-05 1.1503469104630015e-06 8.2555705407234474e-14 0.00011662582244047509 2.5170942774322858e-05 0.008919235813598601 9.4307795381636086e-05 3.7922713808461708e-14 0.0042069462646772433 0.061856789081248774 0.008476833958534968 0.012197792407381423 2.1769461390396008 0.027722203970062503 3.0382491028281873e-06 0.00013157867745849927 1.6436565352783844e-06 3.8519868756122814e-13 0.00018142623880346154 0.00011697822577400589 0.043262421563960762 0.00029493016174220806 2.6001752007850933e-13 0.013919725322050047 0.025972774699950414 0.0030414080558104797 0.0055730364285870096 1.4814335874171931 0.013033751356865261 0 0 0 1 running
3600 0.39553282480094015 0.0001098702355330389 0.5 11327.235925999999 6.0979897645624078e-05 1.5369278086849281e-06 7.4787818035974965e-05 1.7413672016526974e-06 8.3103440900143777e-14 0.00011399178633108503 2.5170942774322858e-05 0.008919235813598601 9.4307795381636086e-05 3.7922713808461708e-14 0.0042069462646772433 0.061059604420250969 0.0083850028857798166 0.018464721761397275 2.1913896067638725 0.027096088031405001 2.9852270363688503e-06 0.00012970806652723432 2.3990480327147213e-06