y,x,rho_weno5,rho_mdcd_hybrid,difference
0.20416666666666664,0.0041666666666666675,8.000000000000169,7.999999673890699,-3.2610947009459323e-07
0.20416666666666664,0.0125,7.999999999999649,8.000000037773393,3.777374413260759e-08
0.20416666666666664,0.020833333333333332,8.000000000000567,7.999999791405011,-2.0859555593943924e-07
0.20416666666666664,0.029166666666666667,7.999999999997698,8.000000139346417,1.3934871923027004e-07
0.20416666666666664,0.037500000000000006,8.00000000000485,7.999999691936266,-3.080685830880725e-07
0.20416666666666664,0.045833333333333316,7.999999999987733,8.000000643391264,6.434035304536678e-07
0.20416666666666664,0.05416666666666666,8.000000000024471,7.999999167388386,-8.326360854127302e-07
0.20416666666666664,0.0625,7.999999999953688,8.000001600616482,1.600662794309926e-06
0.20416666666666664,0.07083333333333333,8.000000000076007,7.999998194463004,-1.8056130031141038e-06
0.20416666666666664,0.07916666666666666,7.999999999897882,8.000002482621571,2.4827236897451144e-06
0.20416666666666664,0.08749999999999997,8.000000000088447,7.99999726873063,-2.731357816365687e-06
0.20416666666666664,0.09583333333333334,8.000000000046358,8.000002969847644,2.9698012866674617e-06
0.20416666666666664,0.10416666666666666,7.999999999574667,7.999996567890084,-3.431684583610206e-06
0.20416666666666664,0.11249999999999999,8.000000001156879,8.000003886829042,3.885672162695641e-06
0.20416666666666664,0.12083333333333333,7.99999999779275,7.999995200593828,-4.797198921657753e-06
0.20416666666666664,0.12916666666666668,8.000000003319695,8.000005785736398,5.782416703681292e-06
0.20416666666666664,0.1375,7.9999999956033125,7.9999931669678865,-6.828635426003871e-06
0.20416666666666664,0.14583333333333331,8.000000006585237,8.000008074039725,8.067454487559189e-06
0.20416666666666664,0.15416666666666667,7.999999986758124,7.999990658006306,-9.328751818138414e-06
0.20416666666666664,0.16249999999999998,8.00000002846675,8.000009774455696,9.745988945653039e-06
0.20416666666666664,0.17083333333333334,7.999999946555135,7.999993483212811,-6.463342323570487e-06
0.20416666666666664,0.17916666666666667,8.000000088924672,8.00000254443679,2.455512117194303e-06
0.20416666666666664,0.1875,7.999999850329732,7.999998430599993,-1.4197297391049801e-06
0.20416666666666664,0.1958333333333333,8.00000026550444,8.000004331475694,4.065971253908174e-06
0.20416666666666664,0.20416666666666666,7.999999560125599,7.999994905396533,-4.654729066189134e-06
0.20416666666666664,0.2125,8.000000658133677,7.999995414224802,-5.243908875129932e-06
0.20416666666666664,0.22083333333333333,7.99999902457005,8.000008386927401,9.36235735160551e-06
0.20416666666666664,0.22916666666666666,8.000001346716694,7.999981954326001,-1.9392390692374306e-05
0.20416666666666664,0.2375,7.999998326615896,8.000027521289034,2.919467313855506e-05
0.20416666666666664,0.2458333333333333,8.000001697379687,7.999971528586338,-3.016879334971634e-05
0.20416666666666664,0.25416666666666665,7.999999136885179,8.00002373461519,2.4597730011954866e-05
0.20416666666666664,0.26249999999999996,7.9999984291673485,7.999971662438954,-2.6766728394633788e-05
0.20416666666666664,0.2708333333333333,8.000006072507327,8.000042315359892,3.624285256442761e-05
0.20416666666666664,0.2791666666666667,7.999988400085701,7.999964522112737,-2.38779729633265e-05
0.20416666666666664,0.2875,8.00001532073755,8.00003724823379,2.1927496240081723e-05
0.20416666666666664,0.2958333333333334,7.999989127106539,8.000033671995286,4.454488874738871e-05
0.20416666666666664,0.30416666666666653,7.9999977930964095,7.999981961078592,-1.5832017817629662e-05
0.20416666666666664,0.3125,8.000032626448977,7.9999596194268,-7.30070221770518e-05
0.20416666666666664,0.32083333333333336,7.999885776489727,7.999992406456779,0.00010662996705246286
0.20416666666666664,0.3291666666666666,8.002908670570879,8.001086421183908,-0.0018222493869703982
0.20416666666666664,0.3375,8.063836885795286,8.034598292993103,-0.02923859280218366
0.20416666666666664,0.3458333333333333,9.036956822319672,8.677416603197363,-0.3595402191223087
0.20416666666666664,0.35416666666666663,13.217927790765687,12.81510399812124,-0.40282379264444756
0.20416666666666664,0.3625,16.4185297641514,16.650039554174445,0.2315097900230434
0.20416666666666664,0.3708333333333333,17.529067292521734,17.518192087624005,-0.010875204897729418
0.20416666666666664,0.37916666666666665,17.45265833344275,17.745711684903,0.2930533514602516
0.20416666666666664,0.38749999999999996,17.72571766397314,17.872852996550836,0.1471353325776974
0.20416666666666664,0.3958333333333333,17.555256215964867,17.467553482982822,-0.087702732982045
0.20416666666666664,0.4041666666666667,17.560210237649734,17.277615282546588,-0.28259495510314636
0.20416666666666664,0.4125,17.433144815125914,17.24458409074977,-0.18856072437614557
0.20416666666666664,0.42083333333333334,17.40880708123486,17.45117100266566,0.04236392143080181
0.20416666666666664,0.4291666666666666,17.357479326423668,17.42443866593636,0.0669593395126924
0.20416666666666664,0.4375,17.365819486194425,17.276104165867356,-0.08971532032706975
0.20416666666666664,0.4458333333333333,17.35577037487474,17.30747218760629,-0.048298187268450476
0.20416666666666664,0.45416666666666655,17.376826758993158,17.46773720553581,0.0909104465426509
0.20416666666666664,0.46249999999999997,17.348139631006134,17.48247017235438,0.13433054134824474
0.20416666666666664,0.4708333333333332,17.29942517062244,17.30990218731012,0.010477016687680418
0.20416666666666664,0.4791666666666666,17.237857025977576,17.19136895486945,-0.046488071108125695
0.20416666666666664,0.4875,17.165237509329824,17.216484394320346,0.051246884990522545
0.20416666666666664,0.4958333333333333,17.13039593885913,17.334875445306004,0.20447950644687296
0.20416666666666664,0.5041666666666667,17.123710170020576,17.290396930452534,0.16668676043195774
0.20416666666666664,0.5125000000000001,17.121685887656664,17.171126399286415,0.049440511629750716
0.20416666666666664,0.5208333333333333,17.102587931332607,17.039384511681895,-0.06320341965071208
0.20416666666666664,0.5291666666666668,17.06404492808051,16.98060748070042,-0.08343744738008851
0.20416666666666664,0.5375000000000001,17.028899897119192,16.941661878305414,-0.08723801881377824
0.20416666666666664,0.5458333333333331,16.998476293566785,16.91341941471646,-0.08505687885032387
0.20416666666666664,0.5541666666666667,16.964377350780254,16.88785865407917,-0.07651869670108269
0.20416666666666664,0.5625,16.924848988785588,16.932762474833794,0.007913486048206408
0.20416666666666664,0.5708333333333333,16.892411297185237,16.989124811940222,0.09671351475498469
0.20416666666666664,0.5791666666666667,16.877068517874022,16.972712618333848,0.09564410045982541
0.20416666666666664,0.5874999999999999,16.861136262866236,16.89847096557043,0.037334702704193035
0.20416666666666664,0.5958333333333332,16.83344853692989,16.81381905018959,-0.01962948674029974
0.20416666666666664,0.6041666666666666,16.809236500822163,16.761874729776277,-0.04736177104588535
0.20416666666666664,0.6124999999999999,16.779592147489858,16.74425428044443,-0.03533786704542763
0.20416666666666664,0.6208333333333333,16.744690107848964,16.751446629251802,0.006756521402838445
0.20416666666666664,0.6291666666666667,16.71553427963937,16.765002509897013,0.049468230257641466
0.20416666666666664,0.6375,16.692676797460724,16.758107836161376,0.06543103870065181
0.20416666666666664,0.6458333333333333,16.67151015618884,16.7079268447042,0.0364166885153594
0.20416666666666664,0.6541666666666667,16.648393064937984,16.643920238822055,-0.0044728261159292515
0.20416666666666664,0.6625000000000001,16.6213245157329,16.580886933249293,-0.040437582483608736
0.20416666666666664,0.6708333333333331,16.592949168266212,16.532435093013437,-0.06051407525277597
0.20416666666666664,0.6791666666666666,16.567274996652028,16.51591396913007,-0.05136102752195626
0.20416666666666664,0.6875,16.544094357655606,16.52531658704511,-0.01877777061049457
0.20416666666666664,0.6958333333333333,16.52274280895343,16.533053802016276,0.010310993062844886
0.20416666666666664,0.7041666666666667,16.502490273131116,16.50920425504762,0.006713981916504963
0.20416666666666664,0.7124999999999999,16.485070967071024,16.474175385360503,-0.010895581710521185
0.20416666666666664,0.7208333333333332,16.468760414303613,16.461714818415352,-0.007045595888261147
0.20416666666666664,0.7291666666666666,16.452178644395172,16.467500935391957,0.01532229099678517
0.20416666666666664,0.7374999999999999,16.433575719529127,16.463195769295115,0.0296200497659882
0.20416666666666664,0.7458333333333333,16.411337341531013,16.432598389097357,0.021261047566344615
0.20416666666666664,0.7541666666666667,16.38635893823508,16.39353685599151,0.007177917756429508
0.20416666666666664,0.7625,16.361614711500394,16.367987395982656,0.006372684482261803
0.20416666666666664,0.7708333333333333,16.339573249245344,16.354976435129565,0.01540318588422096
0.20416666666666664,0.7791666666666667,16.321372549908332,16.333881843282427,0.012509293374094455
0.20416666666666664,0.7875,16.30743530166703,16.28808684296286,-0.019348458704172344
0.20416666666666664,0.7958333333333331,16.29738869824504,16.241613343362857,-0.05577535488218288
0.20416666666666664,0.8041666666666666,16.286329578489372,16.210066099584168,-0.07626347890520435
0.20416666666666664,0.8125,16.270278473812784,16.19391663724344,-0.07636183656934392
0.20416666666666664,0.8208333333333333,16.24968725384182,16.194944730939696,-0.054742522902124335
0.20416666666666664,0.8291666666666667,16.2283277969917,16.19828782495829,-0.030039972033410578
0.20416666666666664,0.8374999999999999,16.209075831637517,16.19428044335621,-0.014795388281306998
0.20416666666666664,0.8458333333333332,16.19220784831485,16.18817304271219,-0.004034805602660896
0.20416666666666664,0.8541666666666666,16.17660502254003,16.18467827187132,0.00807324933128939
0.20416666666666664,0.8624999999999999,16.1616520180245,16.190313550222093,0.028661532197592265
0.20416666666666664,0.8708333333333333,16.14749478403372,16.195486282138035,0.047991498104313024
0.20416666666666664,0.8791666666666667,16.134133382651598,16.180751454189863,0.04661807153826558
0.20416666666666664,0.8875,16.12067218493542,16.152091413416514,0.03141922848109502
0.20416666666666664,0.8958333333333333,16.104789004264912,16.126251480028515,0.021462475763602384
0.20416666666666664,0.9041666666666668,16.085243068213348,16.10427414825803,0.019031080044680238
0.20416666666666664,0.9125,16.062829480915642,16.085736244965453,0.022906764049810846
0.20416666666666664,0.9208333333333332,16.041585733403142,16.070653504915523,0.029067771512380602
0.20416666666666664,0.9291666666666666,16.02666229746587,16.05134089460719,0.024678597141321035
0.20416666666666664,0.9375,16.02003278294873,16.03029603292032,0.010263249971590227
0.20416666666666664,0.9458333333333333,16.018211311567736,16.01506688838315,-0.003144423184586742
0.20416666666666664,0.9541666666666666,16.015655766743976,16.010554773354126,-0.005100993389849151
0.20416666666666664,0.9624999999999999,16.010117277265376,16.01609965267623,0.005982375410852114
0.20416666666666664,0.9708333333333332,15.9998643698529,16.018379892037675,0.01851552218477437
0.20416666666666664,0.9791666666666667,15.985494003135196,16.002220707320312,0.016726704185115793
0.20416666666666664,0.9874999999999999,15.96868438919192,15.975888823099375,0.00720443390745551
0.20416666666666664,0.9958333333333333,15.952306596952527,15.955770239338559,0.0034636423860323617
0.20416666666666664,1.0041666666666664,15.939485257714974,15.936848538541456,-0.002636719173517932
0.20416666666666664,1.0125,15.93116703608128,15.923719284299311,-0.007447751781969103
0.20416666666666664,1.0208333333333333,15.926103326970859,15.914992390233396,-0.011110936737463106
0.20416666666666664,1.0291666666666661,15.922450274337656,15.913911087331744,-0.008539187005911941
0.20416666666666664,1.0375,15.917527700772169,15.91654578370724,-0.0009819170649283393
0.20416666666666664,1.0458333333333334,15.909620619054369,15.915399849961346,0.005779230906977517
0.20416666666666664,1.0541666666666667,15.898581682977198,15.92905967781888,0.030477994841682232
0.20416666666666664,1.0625,15.885564975953226,15.931292859418582,0.04572788346535539
0.20416666666666664,1.0708333333333333,15.872339121600096,15.91192689013465,0.03958776853455426
0.20416666666666664,1.0791666666666666,15.860203350489085,15.883913412565592,0.023710062076506944
0.20416666666666664,1.0874999999999995,15.849753087939817,15.857092191372379,0.007339103432562055
0.20416666666666664,1.0958333333333334,15.841870774816718,15.836869612186222,-0.00500116263049577
0.20416666666666664,1.1041666666666665,15.835133032559794,15.824863893359714,-0.01026913920007999
0.20416666666666664,1.1124999999999998,15.827585978241226,15.816016920615537,-0.011569057625688828
0.20416666666666664,1.1208333333333336,15.817423816656152,15.806135259278511,-0.01128855737764134
0.20416666666666664,1.1291666666666664,15.804905992750205,15.794143189386258,-0.010762803363947526
0.20416666666666664,1.1375000000000002,15.793136454156468,15.788988544696927,-0.004147909459540244
0.20416666666666664,1.1458333333333333,15.78581497814412,15.780242970577719,-0.005572007566401638
0.20416666666666664,1.1541666666666661,15.784296012134691,15.768991889892911,-0.015304122241779794
0.20416666666666664,1.1625000000000003,15.785105911290978,15.76137351588811,-0.023732395402868534
0.20416666666666664,1.1708333333333334,15.784767360449974,15.755365157556229,-0.02940220289374551
0.20416666666666664,1.1791666666666667,15.78100155422324,15.740261236517417,-0.04074031770582209
0.20416666666666664,1.1875,15.773355506738387,15.725838883757017,-0.047516622981369494
0.20416666666666664,1.1958333333333333,15.762962255477223,15.7204599972351,-0.0425022582421235
0.20416666666666664,1.2041666666666666,15.750550347726376,15.730468243473258,-0.020082104253118516
0.20416666666666664,1.2124999999999995,15.737772227139239,15.73515901865505,-0.002613208484188334
0.20416666666666664,1.2208333333333334,15.726254044283692,15.73277045364247,0.0065164093587775085
0.20416666666666664,1.2291666666666665,15.71727147417416,15.723350644899522,0.006079170725362459
0.20416666666666664,1.2374999999999998,15.712192945060348,15.704790560053759,-0.007402385006589185
0.20416666666666664,1.2458333333333336,15.71053112674371,15.685729156127884,-0.024801970615826008
0.20416666666666664,1.2541666666666664,15.710932516593392,15.681277808915716,-0.029654707677675418
0.20416666666666664,1.2625000000000002,15.711117470607727,15.69549120379044,-0.015626266817287515
0.20416666666666664,1.2708333333333333,15.709220354426101,15.713112510707893,0.0038921562817915145
0.20416666666666664,1.2791666666666661,15.704020975740654,15.713288528948855,0.009267553208200496
0.20416666666666664,1.2875000000000003,15.694618735005717,15.691791018362231,-0.0028277166434858003
0.20416666666666664,1.2958333333333334,15.6826597526803,15.665894743191188,-0.016765009489111193
0.20416666666666664,1.3041666666666667,15.670714717916717,15.648068822624758,-0.022645895291958595
0.20416666666666664,1.3125,15.65998072317833,15.64904424105307,-0.010936482125259772
0.20416666666666664,1.3208333333333333,15.650944290880057,15.660053658134458,0.00910936725440159
0.20416666666666664,1.3291666666666666,15.644733009947585,15.660156432696272,0.015423422748687798
0.20416666666666664,1.3374999999999997,15.641746708911592,15.652218627715138,0.010471918803546032
0.20416666666666664,1.3458333333333334,15.641970706975167,15.648121049617464,0.006150342642296636
0.20416666666666664,1.3541666666666665,15.644792389305863,15.651274806671864,0.006482417366001414
0.20416666666666664,1.3624999999999998,15.648254338990156,15.652131067545012,0.0038767285548555463
0.20416666666666664,1.3708333333333333,15.65043373471239,15.652404659920771,0.001970925208381047
0.20416666666666664,1.3791666666666664,15.649162984047624,15.650516699301079,0.0013537152534546237
0.20416666666666664,1.3875,15.643555958319167,15.649763805064401,0.0062078467452337804
0.20416666666666664,1.3958333333333333,15.633084592037784,15.650112690531339,0.017028098493554467
0.20416666666666664,1.4041666666666661,15.616766584820617,15.640877441342063,0.024110856521446067
0.20416666666666664,1.4125000000000003,15.597586945361158,15.617922950194302,0.020336004833144017
0.20416666666666664,1.4208333333333332,15.582139087771964,15.587061872116232,0.004922784344268294
0.20416666666666664,1.4291666666666667,15.574524291664055,15.560288242264406,-0.014236049399649175
0.20416666666666664,1.4375,15.57318072162368,15.552391492328557,-0.020789229295123945
0.20416666666666664,1.4458333333333333,15.57495561370673,15.559561097085167,-0.01539451662156388
0.20416666666666664,1.4541666666666666,15.576911358383095,15.571259798940568,-0.005651559442526377
0.20416666666666664,1.4624999999999995,15.577534551631523,15.577351704391113,-0.0001828472404099557
0.20416666666666664,1.4708333333333334,15.577539917143646,15.584209576925998,0.0066696597823519
0.20416666666666664,1.4791666666666665,15.577897412043518,15.601200594352942,0.02330318230942474
0.20416666666666664,1.4874999999999998,15.578250539924234,15.607802226107298,0.029551686183063808
0.20416666666666664,1.4958333333333333,15.578514782199056,15.597841218299228,0.019326436100172373
0.20416666666666664,1.5041666666666664,15.57892583212714,15.567272490277453,-0.011653341849687138
0.20416666666666664,1.5125,15.580406980252466,15.547797730910998,-0.03260924934146736
0.20416666666666664,1.5208333333333333,15.582856616386918,15.55779139721471,-0.025065219172207165
0.20416666666666664,1.5291666666666661,15.585193434102107,15.58898428022284,0.0037908461207329935
0.20416666666666664,1.5375,15.586848582028576,15.617605395911122,0.030756813882545586
0.20416666666666664,1.5458333333333332,15.587989966448898,15.625696579996356,0.03770661354745819
0.20416666666666664,1.5541666666666667,15.589056680063981,15.614719834894323,0.025663154830342094
0.20416666666666664,1.5625,15.588811694564088,15.59272791012798,0.003916215563892322
0.20416666666666664,1.5708333333333333,15.585445364761675,15.56860639427256,-0.016838970489114757
0.20416666666666664,1.5791666666666666,15.578480227932877,15.555217008953129,-0.023263218979748146
0.20416666666666664,1.5874999999999995,15.5698894077897,15.553051038832507,-0.016838368957193595
0.20416666666666664,1.5958333333333334,15.562430560730549,15.558649471103841,-0.0037810896267078675
0.20416666666666664,1.6041666666666665,15.558523222324359,15.566289598960848,0.0077663766364892695
0.20416666666666664,1.6124999999999998,15.557636243794224,15.567808866019915,0.010172622225690375
0.20416666666666664,1.6208333333333333,15.557909654814713,15.556757699479583,-0.0011519553351302392
0.20416666666666664,1.6291666666666664,15.559400503714334,15.545068123062967,-0.014332380651367771
0.20416666666666664,1.6375,15.561712326406541,15.54664831029667,-0.015064016109871403
0.20416666666666664,1.6458333333333333,15.564628325869815,15.576341613515943,0.011713287646127668
0.20416666666666664,1.6541666666666661,15.567352403134445,15.60060109498301,0.033248691848564604
0.20416666666666664,1.6624999999999999,15.570146185022502,15.6056757817853,0.035529596762797766
0.20416666666666664,1.6708333333333332,15.573528342997399,15.5869168237438,0.013388480746401754
0.20416666666666664,1.6791666666666667,15.577694443989722,15.565965851389233,-0.011728592600489307
0.20416666666666664,1.6875,15.58121214367919,15.560077678591973,-0.021134465087216725
0.20416666666666664,1.6958333333333333,15.58202352259825,15.562528030220154,-0.019495492378096557
0.20416666666666664,1.7041666666666666,15.579837964362364,15.554626377951097,-0.02521158641126675
0.20416666666666664,1.7125,15.576597355774094,15.546417867511725,-0.030179488262369603
0.20416666666666664,1.7208333333333332,15.57438995867451,15.5519674270223,-0.022422531652210864
0.20416666666666664,1.7291666666666665,15.573740914979645,15.567508410227921,-0.006232504751723766
0.20416666666666664,1.7374999999999998,15.574130282352417,15.57197341834894,-0.0021568640034779207
0.20416666666666664,1.7458333333333336,15.575438534251436,15.565444724403779,-0.009993809847657076
0.20416666666666664,1.7541666666666662,15.577655743237496,15.565090162798102,-0.012565580439394708
0.20416666666666664,1.7625,15.57920632965445,15.578618479272661,-0.0005878503817893233
0.20416666666666664,1.7708333333333333,15.577728274615623,15.591893028056434,0.01416475344081114
0.20416666666666664,1.7791666666666663,15.573019118043105,15.587632292606703,0.014613174563598008
0.20416666666666664,1.7874999999999999,15.568070008915214,15.569236418962634,0.0011664100474195749
0.20416666666666664,1.7958333333333332,15.566404138330173,15.559418656656453,-0.006985481673719818
0.20416666666666664,1.8041666666666667,15.568808815181793,15.56512111386727,-0.0036877013145222293
0.20416666666666664,1.8125,15.572998794543674,15.579540867186953,0.00654207264327944
0.20416666666666664,1.8208333333333333,15.576694916682868,15.575777906047206,-0.0009170106356624075
0.20416666666666664,1.8291666666666666,15.57970606581203,15.562847769769233,-0.01685829604279654
0.20416666666666664,1.8375,15.582480412771485,15.564801420300991,-0.017678992470493426
0.20416666666666664,1.8458333333333332,15.584587309012381,15.578565912945516,-0.006021396066865137
0.20416666666666664,1.8541666666666663,15.586112304586297,15.584021328367298,-0.002090976218999785
0.20416666666666664,1.8624999999999998,15.588933735381781,15.580358759959394,-0.00857497542238761
0.20416666666666664,1.8708333333333333,15.594614372046646,15.585459176607376,-0.009155195439269903
0.20416666666666664,1.8791666666666664,15.601712339834343,15.604819924122664,0.0031075842883208082
0.20416666666666664,1.8875,15.606957834739823,15.623832503691498,0.01687466895167411
0.20416666666666664,1.8958333333333333,15.608909839534748,15.618317280711931,0.009407441177183173
0.20416666666666664,1.9041666666666663,15.608965642614598,15.595477295894057,-0.013488346720540889
0.20416666666666664,1.9124999999999999,15.608412822430665,15.595532169211596,-0.01288065321906906
0.20416666666666664,1.9208333333333332,15.607026898581042,15.600413873099903,-0.0066130254811387346
0.20416666666666664,1.9291666666666667,15.604876481864768,15.595872422166988,-0.009004059697780065
0.20416666666666664,1.9375,15.603368379004136,15.595169230261234,-0.00819914874290184
0.20416666666666664,1.9458333333333329,15.603770899904738,15.599138225057459,-0.004632674847279361
0.20416666666666664,1.9541666666666666,15.605824999554303,15.613734925343657,0.007909925789354233
0.20416666666666664,1.9625,15.607742071145347,15.628920324161458,0.021178253016110204
0.20416666666666664,1.9708333333333332,15.609374175527366,15.613033910160203,0.003659734632837086
0.20416666666666664,1.9791666666666663,15.610531717893902,15.609611792399294,-0.0009199254946086199
0.20416666666666664,1.9874999999999996,15.607594422280727,15.60943167456262,0.0018372522818932424
0.20416666666666664,1.9958333333333333,15.60101987980982,15.597009070902104,-0.0040108089077168785
0.20416666666666664,2.0041666666666664,15.59483901821592,15.590229267117955,-0.004609751097964576
0.20416666666666664,2.0124999999999997,15.589775187726492,15.553474430837603,-0.03630075688888823
0.20416666666666664,2.020833333333334,15.589762789147434,15.55391495448523,-0.03584783466220465
0.20416666666666664,2.029166666666667,15.592256589700494,15.567057829856235,-0.025198759844258234
0.20416666666666664,2.0374999999999996,15.585118349176675,15.58392017028893,-0.0011981788877442057
0.20416666666666664,2.0458333333333334,15.578761638571208,15.575484700370282,-0.003276938200926338
0.20416666666666664,2.0541666666666667,15.578236914728567,15.578707454967537,0.0004705402389699742
0.20416666666666664,2.0625,15.578666149865054,15.612444941454427,0.03377879158937347
0.20416666666666664,2.070833333333333,15.59026267055623,15.61740648702704,0.027143816470809767
0.20416666666666664,2.0791666666666666,15.599911772051332,15.596892459283914,-0.0030193127674174036
0.20416666666666664,2.0875000000000004,15.596483748658088,15.626832383644807,0.030348634986719247
0.20416666666666664,2.095833333333333,15.580907094301207,15.646006174450068,0.06509908014886179
0.20416666666666664,2.1041666666666665,15.534320460850266,15.581753104992869,0.04743264414260295
0.20416666666666664,2.1125,15.463806787536665,15.474409282213408,0.01060249467674268
0.20416666666666664,2.1208333333333322,15.395153492668207,15.40415997415726,0.009006481489052476
0.20416666666666664,2.129166666666667,15.345905638098928,15.394938009227163,0.04903237112823433
0.20416666666666664,2.1375,15.318504614062027,15.383476791490533,0.06497217742850658
0.20416666666666664,2.145833333333333,15.306539381824173,15.355778660861649,0.049239279037475825
0.20416666666666664,2.154166666666667,15.30267182846477,15.331023081628807,0.028351253164036194
0.20416666666666664,2.1624999999999996,15.298357651664425,15.331518625068224,0.03316097340379898
0.20416666666666664,2.1708333333333334,15.292768976341833,15.331108657194514,0.03833968085268147
0.20416666666666664,2.1791666666666667,15.281446961844823,15.308474916598003,0.027027954753179984
0.20416666666666664,2.1875,15.257078518672799,15.276604166239988,0.019525647567188997
0.20416666666666664,2.195833333333333,15.214053226707668,15.235224805165991,0.021171578458323737
0.20416666666666664,2.2041666666666666,15.151697942086072,15.162972828439257,0.011274886353184854
0.20416666666666664,2.2125000000000004,15.076467851978233,15.072404657494573,-0.004063194483659771
0.20416666666666664,2.220833333333333,14.992332264110507,14.983195413789218,-0.009136850321288748
0.20416666666666664,2.2291666666666665,14.885235795623707,14.881120016928145,-0.0041157786955619
0.20416666666666664,2.2375,14.749649474629374,14.773878549909428,0.024229075280054246
0.20416666666666664,2.2458333333333322,14.611049526625967,14.669328884816313,0.058279358190345576
0.20416666666666664,2.254166666666667,14.48711466561861,14.536950771214869,0.04983610559625973
0.20416666666666664,2.2625,14.358264804153608,14.368101265281576,0.009836461127967766
0.20416666666666664,2.270833333333333,14.19883377510453,14.18963686736327,-0.009196907741261029
0.20416666666666664,2.279166666666667,14.027890966359285,14.042030919158234,0.014139952798949196
0.20416666666666664,2.2874999999999996,13.883380580892373,13.904420580662617,0.02103999977024351
0.20416666666666664,2.2958333333333334,13.747315471142104,13.741232779598425,-0.0060826915436784645
0.20416666666666664,2.3041666666666667,13.555625272873181,13.5536482394888,-0.001977033384381599
0.20416666666666664,2.3125,13.298953833521315,13.339649905665992,0.04069607214467652
0.20416666666666664,2.320833333333333,13.054834006976387,13.159419992514282,0.104585985537895
0.20416666666666664,2.3291666666666666,12.905907739499904,13.010187002559075,0.1042792630591709
0.20416666666666664,2.3375000000000004,12.837399065173159,12.905728906321551,0.06832984114839213
0.20416666666666664,2.345833333333333,12.784697093444546,12.851625808393392,0.06692871494884578
0.20416666666666664,2.3541666666666665,12.662801130810607,12.791331876180877,0.12853074537026998
0.20416666666666664,2.3625,12.280012740994225,12.33286661043418,0.0528538694399554
0.20416666666666664,2.3708333333333322,11.747543601175757,11.621203704907495,-0.12633989626826114
0.20416666666666664,2.379166666666667,11.3418407270724,11.21219683589383,-0.12964389117857067
0.20416666666666664,2.3875,11.132246928050598,11.109075037150228,-0.023171890900369974
0.20416666666666664,2.395833333333333,11.02627630501817,11.073978821275796,0.047702516257626115
0.20416666666666664,2.404166666666667,10.963248797989905,11.044030820239453,0.08078202224954723
0.20416666666666664,2.4124999999999996,10.8904099102689,11.00995952190143,0.11954961163253053
0.20416666666666664,2.4208333333333334,10.695117473938652,10.921585514478016,0.22646804053936442
0.20416666666666664,2.4291666666666667,10.167554630518877,10.575674692710392,0.4081200621915144
0.20416666666666664,2.4375,9.420688754495204,9.71546073255415,0.2947719780589466
0.20416666666666664,2.445833333333333,8.744491802553103,8.830227700229738,0.08573589767663492
0.20416666666666664,2.4541666666666666,8.289429890142614,8.226359853436984,-0.06307003670563027
0.20416666666666664,2.4625000000000004,8.018891139501417,7.891413405519464,-0.1274777339819524
0.20416666666666664,2.470833333333333,7.835176473801334,7.727427877127955,-0.1077485966733791
0.20416666666666664,2.4791666666666665,7.723516823337589,7.654852868081195,-0.0686639552563939
0.20416666666666664,2.4875,7.677388442928135,7.63319356304584,-0.04419487988229509
0.20416666666666664,2.4958333333333322,7.672080170511718,7.632375661003519,-0.039704509508198704
0.20416666666666664,2.504166666666667,7.678269113957609,7.622248469334265,-0.05602064462334422
0.20416666666666664,2.5125,7.686562100528205,7.60446860606267,-0.08209349446553471
0.20416666666666664,2.520833333333333,7.695621673061505,7.602373281614284,-0.0932483914472213
0.20416666666666664,2.529166666666667,7.7007952430384865,7.614164678305802,-0.08663056473268416
0.20416666666666664,2.5374999999999996,7.697857969695794,7.626902421825631,-0.07095554787016312
0.20416666666666664,2.5458333333333334,7.689181586866366,7.635096053293325,-0.05408553357304058
0.20416666666666664,2.5541666666666667,7.679273268211185,7.622156570111851,-0.05711669809933362
0.20416666666666664,2.5625,7.66961835091582,7.59481144795759,-0.07480690295822967
0.20416666666666664,2.570833333333333,7.662257920030153,7.586577759289966,-0.07568016074018669
0.20416666666666664,2.5791666666666666,7.660101121630165,7.588470442339386,-0.07163067929077904
0.20416666666666664,2.5875000000000004,7.664829461607225,7.58703851395699,-0.07779094765023498
0.20416666666666664,2.595833333333333,7.675640009546825,7.582805676843735,-0.09283433270308983
0.20416666666666664,2.6041666666666665,7.689782235687883,7.585993842890995,-0.10378839279688723
0.20416666666666664,2.6125,7.7048950605818955,7.595934067936129,-0.1089609926457662
0.20416666666666664,2.6208333333333322,7.721148358734663,7.610133841100895,-0.1110145176337678
0.20416666666666664,2.629166666666667,7.740946145347385,7.629877291945617,-0.11106885340176831
0.20416666666666664,2.6375,7.762812417725558,7.666877919113003,-0.09593449861255543
0.20416666666666664,2.645833333333333,7.785667932353559,7.7086828685573705,-0.07698506379618841
0.20416666666666664,2.6541666666666663,7.8141844483154825,7.735203091040467,-0.07898135727501554
0.20416666666666664,2.6624999999999996,7.8485069265417025,7.772642436519743,-0.07586449002195916
0.20416666666666664,2.6708333333333334,7.877375584159404,7.830013948680163,-0.047361635479241215
0.20416666666666664,2.6791666666666667,7.897590073105569,7.869470164603359,-0.02811990850220969
0.20416666666666664,2.6875,7.924735253536979,7.893269045437195,-0.03146620809978362
0.20416666666666664,2.695833333333333,7.964114562482676,7.937999992902614,-0.026114569580061975
0.20416666666666664,2.7041666666666666,7.994295866828235,7.982037192879124,-0.012258673949110843
0.20416666666666664,2.7125,8.018612717760307,7.998778228360925,-0.019834489399382704
0.20416666666666664,2.720833333333333,8.069050210412504,8.032134182637567,-0.03691602777493763
0.20416666666666664,2.7291666666666665,8.131205995440537,8.09181382473312,-0.03939217070741741
0.20416666666666664,2.7375,8.132667958919232,8.116698647048395,-0.015969311870836833
0.20416666666666664,2.7458333333333322,7.924052720049469,8.040212674094388,0.11615995404491919
0.20416666666666664,2.754166666666667,6.171025564799998,6.621312361601603,0.4502867968016053
0.20416666666666664,2.7625,2.629242969013431,2.6671652615570878,0.037922292543656866
0.20416666666666664,2.770833333333333,1.51572913593094,1.5103012557404147,-0.005427880190525203
0.20416666666666664,2.7791666666666663,1.4027357929076885,1.4025403491086283,-0.00019544379906011322
0.20416666666666664,2.7874999999999996,1.4000163496850453,1.4000137588551917,-2.5908298535437524e-06
0.20416666666666664,2.7958333333333334,1.399998842321446,1.4000014015558004,2.5592343544378338e-06
0.20416666666666664,2.8041666666666667,1.4000002104447355,1.4000009342872966,7.2384256100122e-07
0.20416666666666664,2.8125,1.4000000135372286,1.39999998450319,-2.9034038506736692e-08
0.20416666666666664,2.820833333333333,1.3999999981686815,1.4000000020232872,3.8546057457011784e-09
0.20416666666666664,2.8291666666666666,1.4000000001697142,1.4000000005192257,3.495115308282948e-10
0.20416666666666664,2.8375,1.4000000000096393,1.3999999999730346,-3.6604719255706186e-11
0.20416666666666664,2.845833333333333,1.3999999999983666,1.4000000000009352,2.568611989772762e-12
0.20416666666666664,2.8541666666666665,1.4000000000001336,1.4000000000003532,2.1960211427085596e-13
0.20416666666666664,2.8625,1.4000000000000048,1.3999999999999735,-3.1308289294429414e-14
0.20416666666666664,2.8708333333333322,1.3999999999999984,1.3999999999999992,8.881784197001252e-16
0.20416666666666664,2.879166666666667,1.4,1.4,0.0
0.20416666666666664,2.8875,1.4,1.4,0.0
0.20416666666666664,2.895833333333333,1.4,1.4,0.0
0.20416666666666664,2.9041666666666663,1.4,1.4,0.0
0.20416666666666664,2.9124999999999996,1.4,1.4,0.0
0.20416666666666664,2.9208333333333334,1.4,1.4,0.0
0.20416666666666664,2.9291666666666667,1.4,1.4,0.0
0.20416666666666664,2.9375,1.4,1.4,0.0
0.20416666666666664,2.945833333333333,1.4,1.4,0.0
0.20416666666666664,2.9541666666666666,1.4,1.4,0.0
0.20416666666666664,2.9625,1.4,1.3999999999999997,-2.220446049250313e-16
0.20416666666666664,2.970833333333333,1.3999999999999997,1.3999999999999997,0.0
0.20416666666666664,2.9791666666666665,1.3999999999999997,1.3999999999999997,0.0
0.20416666666666664,2.9875,1.3999999999999997,1.4,2.220446049250313e-16
0.20416666666666664,2.995833333333333,1.3999999999999997,1.4,2.220446049250313e-16
0.20416666666666664,3.0041666666666664,1.4,1.3999999999999997,-2.220446049250313e-16
0.20416666666666664,3.0125,1.4000000000000001,1.4,-2.220446049250313e-16
0.20416666666666664,3.020833333333333,1.4,1.3999999999999997,-2.220446049250313e-16
0.20416666666666664,3.0291666666666663,1.4,1.4,0.0
0.20416666666666664,3.0374999999999996,1.4,1.3999999999999997,-2.220446049250313e-16
0.20416666666666664,3.0458333333333334,1.4,1.4,0.0
0.20416666666666664,3.0541666666666667,1.4,1.4,0.0
0.20416666666666664,3.0625,1.4,1.4,0.0
0.20416666666666664,3.070833333333333,1.4,1.4,0.0
0.20416666666666664,3.0791666666666666,1.4,1.4,0.0
0.20416666666666664,3.0875,1.4,1.4,0.0
0.20416666666666664,3.095833333333333,1.4,1.4,0.0
0.20416666666666664,3.1041666666666665,1.4,1.4,0.0
0.20416666666666664,3.1125,1.4,1.4,0.0
0.20416666666666664,3.1208333333333322,1.4,1.4,0.0
0.20416666666666664,3.129166666666667,1.4,1.4,0.0
0.20416666666666664,3.1375,1.4,1.4,0.0
0.20416666666666664,3.145833333333333,1.4,1.4,0.0
0.20416666666666664,3.1541666666666663,1.4,1.4,0.0
0.20416666666666664,3.1624999999999996,1.4,1.4,0.0
0.20416666666666664,3.1708333333333334,1.4,1.4,0.0
0.20416666666666664,3.1791666666666667,1.4,1.4,0.0
0.20416666666666664,3.1875,1.4,1.4,0.0
0.20416666666666664,3.195833333333333,1.4,1.4,0.0
0.20416666666666664,3.2041666666666666,1.4,1.4,0.0
0.20416666666666664,3.2125,1.4,1.4,0.0
0.20416666666666664,3.220833333333333,1.4,1.4,0.0
0.20416666666666664,3.2291666666666665,1.4,1.4,0.0
0.20416666666666664,3.2375,1.4,1.4,0.0
0.20416666666666664,3.2458333333333322,1.4,1.4,0.0
0.20416666666666664,3.254166666666667,1.4,1.4,0.0
0.20416666666666664,3.2625,1.4,1.4,0.0
0.20416666666666664,3.270833333333333,1.4,1.4,0.0
0.20416666666666664,3.2791666666666663,1.4,1.4,0.0
0.20416666666666664,3.2874999999999996,1.4,1.4,0.0
0.20416666666666664,3.2958333333333334,1.4,1.4,0.0
0.20416666666666664,3.3041666666666667,1.4,1.4,0.0
0.20416666666666664,3.3125,1.4,1.4,0.0
0.20416666666666664,3.320833333333333,1.4,1.4,0.0
0.20416666666666664,3.3291666666666666,1.4,1.4,0.0
0.20416666666666664,3.3375,1.4,1.4,0.0
0.20416666666666664,3.345833333333333,1.4,1.4,0.0
0.20416666666666664,3.3541666666666665,1.4,1.4,0.0
0.20416666666666664,3.3625,1.4,1.4,0.0
0.20416666666666664,3.3708333333333322,1.4,1.4,0.0
0.20416666666666664,3.379166666666667,1.4,1.4,0.0
0.20416666666666664,3.3874999999999997,1.4,1.4,0.0
0.20416666666666664,3.395833333333333,1.4,1.4,0.0
0.20416666666666664,3.4041666666666663,1.4,1.4,0.0
0.20416666666666664,3.4124999999999996,1.4,1.4,0.0
0.20416666666666664,3.4208333333333334,1.4,1.4,0.0
0.20416666666666664,3.429166666666667,1.4,1.4,0.0
0.20416666666666664,3.4375,1.4,1.4,0.0
0.20416666666666664,3.445833333333332,1.4,1.4,0.0
0.20416666666666664,3.4541666666666666,1.4,1.4,0.0
0.20416666666666664,3.4625,1.4,1.4,0.0
0.20416666666666664,3.470833333333333,1.4,1.4,0.0
0.20416666666666664,3.4791666666666665,1.4,1.4,0.0
0.20416666666666664,3.4875,1.4,1.4,0.0
0.20416666666666664,3.4958333333333327,1.4,1.4,0.0
0.20416666666666664,3.5041666666666664,1.4,1.4,0.0
0.20416666666666664,3.5124999999999997,1.4,1.4,0.0
0.20416666666666664,3.520833333333333,1.4,1.4,0.0
0.20416666666666664,3.5291666666666663,1.4,1.4,0.0
0.20416666666666664,3.5374999999999996,1.4,1.4,0.0
0.20416666666666664,3.5458333333333334,1.4,1.4,0.0
0.20416666666666664,3.554166666666667,1.4,1.4,0.0
0.20416666666666664,3.5625,1.4,1.4,0.0
0.20416666666666664,3.5708333333333324,1.4,1.4,0.0
0.20416666666666664,3.5791666666666666,1.4,1.4,0.0
0.20416666666666664,3.5875,1.4,1.4,0.0
0.20416666666666664,3.595833333333333,1.4,1.4,0.0
0.20416666666666664,3.6041666666666665,1.4,1.4,0.0
0.20416666666666664,3.6125,1.4,1.4,0.0
0.20416666666666664,3.6208333333333327,1.4,1.4,0.0
0.20416666666666664,3.6291666666666664,1.4,1.4,0.0
0.20416666666666664,3.6374999999999997,1.4,1.4,0.0
0.20416666666666664,3.645833333333333,1.4,1.4,0.0
0.20416666666666664,3.6541666666666663,1.4,1.4,0.0
0.20416666666666664,3.6624999999999996,1.4,1.4,0.0
0.20416666666666664,3.6708333333333334,1.4,1.4,0.0
0.20416666666666664,3.679166666666667,1.4,1.4,0.0
0.20416666666666664,3.6875,1.4,1.4,0.0
0.20416666666666664,3.695833333333333,1.4,1.4,0.0
0.20416666666666664,3.7041666666666657,1.4,1.4,0.0
0.20416666666666664,3.7125,1.4,1.4,0.0
0.20416666666666664,3.720833333333333,1.4,1.4,0.0
0.20416666666666664,3.7291666666666665,1.4,1.4,0.0
0.20416666666666664,3.7375,1.4,1.4,0.0
0.20416666666666664,3.7458333333333327,1.4,1.4,0.0
0.20416666666666664,3.7541666666666664,1.4,1.4,0.0
0.20416666666666664,3.7624999999999997,1.4,1.4,0.0
0.20416666666666664,3.7708333333333326,1.4,1.4,0.0
0.20416666666666664,3.7791666666666663,1.4,1.4,0.0
0.20416666666666664,3.7874999999999996,1.4,1.4,0.0
0.20416666666666664,3.7958333333333334,1.4,1.4,0.0
0.20416666666666664,3.8041666666666667,1.4,1.4,0.0
0.20416666666666664,3.8125,1.4,1.4,0.0
0.20416666666666664,3.820833333333333,1.4,1.4,0.0
0.20416666666666664,3.8291666666666657,1.4,1.4,0.0
0.20416666666666664,3.8375,1.4,1.4,0.0
0.20416666666666664,3.845833333333333,1.4,1.4,0.0
0.20416666666666664,3.8541666666666665,1.4,1.4,0.0
0.20416666666666664,3.8625,1.4,1.4,0.0
0.20416666666666664,3.8708333333333327,1.4,1.4,0.0
0.20416666666666664,3.8791666666666664,1.4,1.4,0.0
0.20416666666666664,3.8874999999999997,1.4,1.4,0.0
0.20416666666666664,3.8958333333333326,1.4,1.4,0.0
0.20416666666666664,3.9041666666666663,1.4,1.4,0.0
0.20416666666666664,3.9124999999999996,1.4,1.4,0.0
0.20416666666666664,3.9208333333333334,1.4,1.4,0.0
0.20416666666666664,3.9291666666666667,1.4,1.4,0.0
0.20416666666666664,3.9375,1.4,1.4,0.0
0.20416666666666664,3.945833333333333,1.4,1.4,0.0
0.20416666666666664,3.9541666666666657,1.4,1.4,0.0
0.20416666666666664,3.9625,1.4,1.3999999999999997,-2.220446049250313e-16
0.20416666666666664,3.970833333333333,1.3999999999999997,1.4,2.220446049250313e-16
0.20416666666666664,3.9791666666666665,1.3999999999999997,1.4000000000000001,4.440892098500626e-16
0.20416666666666664,3.9875,1.4000000000000001,1.4000000000000001,0.0
0.20416666666666664,3.995833333333333,1.4000000000000001,1.4,-2.220446049250313e-16
0.5041666666666667,0.0041666666666666675,7.99999999999982,8.000000004168186,4.168366096735099e-09
0.5041666666666667,0.0125,7.999999999999822,7.999999995152048,-4.847774626171031e-09
0.5041666666666667,0.020833333333333332,7.999999999999804,8.00000000456328,4.563475819452378e-09
0.5041666666666667,0.029166666666666667,7.99999999999991,7.999999993779139,-6.220771453513407e-09
0.5041666666666667,0.037500000000000006,7.999999999999905,8.000000005943798,5.943893377491349e-09
0.5041666666666667,0.045833333333333316,7.999999999999809,7.999999995529518,-4.4702908041927e-09
0.5041666666666667,0.05416666666666666,7.999999999999745,8.000000001612545,1.612799671590892e-09
0.5041666666666667,0.0625,7.999999999999782,8.000000002524096,2.5243140910902184e-09
0.5041666666666667,0.07083333333333333,7.999999999999841,7.999999991720564,-8.279276819678216e-09
0.5041666666666667,0.07916666666666666,7.999999999999905,8.000000012980975,1.2981069552608915e-08
0.5041666666666667,0.08749999999999997,7.999999999999931,7.999999984262136,-1.5737795067138904e-08
0.5041666666666667,0.09583333333333334,7.999999999999926,8.000000017657738,1.765781210139039e-08
0.5041666666666667,0.10416666666666666,7.999999999999959,7.999999983580077,-1.6419882342688652e-08
0.5041666666666667,0.11249999999999999,8.000000000000036,8.000000009390096,9.390060284886204e-09
0.5041666666666667,0.12083333333333333,8.000000000000089,7.999999998305928,-1.694161255727522e-09
0.5041666666666667,0.12916666666666668,7.999999999999979,7.999999987901483,-1.2098495538737097e-08
0.5041666666666667,0.1375,7.999999999999872,8.000000026814805,2.6814932496677102e-08
0.5041666666666667,0.14583333333333331,7.999999999999875,7.999999969649559,-3.0350316038152414e-08
0.5041666666666667,0.15416666666666667,7.999999999999906,8.000000023873909,2.3874003218793405e-08
0.5041666666666667,0.16249999999999998,7.999999999999927,7.999999989949191,-1.005073624327224e-08
0.5041666666666667,0.17083333333333334,7.999999999999948,7.999999991713515,-8.28643287320574e-09
0.5041666666666667,0.17916666666666667,8.000000000000012,8.000000022621869,2.2621856388127526e-08
0.5041666666666667,0.1875,8.000000000000076,7.999999970546784,-2.9453292249570495e-08
0.5041666666666667,0.1958333333333333,8.000000000000092,8.000000034073441,3.407334858707145e-08
0.5041666666666667,0.20416666666666666,8.00000000000001,7.999999977295354,-2.270465682130407e-08
0.5041666666666667,0.2125,7.9999999999999885,7.999999990187266,-9.812722190361e-09
0.5041666666666667,0.22083333333333333,7.999999999999958,8.000000046469637,4.646967877164343e-08
0.5041666666666667,0.22916666666666666,7.999999999999942,7.99999995440884,-4.559110244883868e-08
0.5041666666666667,0.2375,7.999999999999967,8.000000002119867,2.1198998112481604e-09
0.5041666666666667,0.2458333333333333,8.000000000000117,8.00000003706483,3.70647121883394e-08
0.5041666666666667,0.25416666666666665,8.000000000000226,7.9999999544381755,-4.556205013273029e-08
0.5041666666666667,0.26249999999999996,8.000000000000266,8.000000069610767,6.9610500474937e-08
0.5041666666666667,0.2708333333333333,8.000000000000234,7.999999955596365,-4.440386991433343e-08
0.5041666666666667,0.2791666666666667,8.00000000000014,7.999999969598454,-3.040168650159103e-08
0.5041666666666667,0.2875,8.00000000000016,8.000000029127198,2.9127038558840468e-08
0.5041666666666667,0.2958333333333334,8.00000000000008,7.999999972438187,-2.7561893212180166e-08
0.5041666666666667,0.30416666666666653,8.00000000000005,8.000000035287574,3.528752401393831e-08
0.5041666666666667,0.3125,7.999999999999885,8.000000046926443,4.6926557750737175e-08
0.5041666666666667,0.32083333333333336,7.999999999999893,7.999999907472956,-9.252693722316963e-08
0.5041666666666667,0.3291666666666666,8.000000000000117,8.000000017710938,1.7710821254013354e-08
0.5041666666666667,0.3375,7.999999999999837,8.00000008671882,8.671898399370548e-08
0.5041666666666667,0.3458333333333333,7.99999999999991,7.999999770277685,-2.2972222524231256e-07
0.5041666666666667,0.35416666666666663,8.000000000000309,8.000000260235156,2.60234847004881e-07
0.5041666666666667,0.3625,7.999999999999516,7.999999969593599,-3.040591689540406e-08
0.5041666666666667,0.3708333333333333,7.99999999999968,7.999999965757912,-3.424176853172867e-08
0.5041666666666667,0.37916666666666665,8.0000000000008,8.000000150172214,1.5017141485884622e-07
0.5041666666666667,0.38749999999999996,7.999999999999208,7.999999901305042,-9.869416572882983e-08
0.5041666666666667,0.3958333333333333,7.999999999999201,7.9999998210184255,-1.7898077508959886e-07
0.5041666666666667,0.4041666666666667,8.000000000002009,8.000000154834074,1.5483206539101957e-07
0.5041666666666667,0.4125,7.999999999999254,8.00000008404662,8.404736639988641e-08
0.5041666666666667,0.42083333333333334,7.999999999998002,7.999999922202994,-7.779500776905479e-08
0.5041666666666667,0.4291666666666666,8.000000000004823,8.000000064581656,6.457683277005799e-08
0.5041666666666667,0.4375,7.999999999999772,7.999999835294029,-1.6470574237814617e-07
0.5041666666666667,0.4458333333333333,7.999999999994524,8.000000151200995,1.5120647045563373e-07
0.5041666666666667,0.45416666666666655,8.000000000007528,8.000000193079064,1.9307153564795954e-07
0.5041666666666667,0.46249999999999997,8.000000000005214,7.999999950046744,-4.995846936139969e-08
0.5041666666666667,0.4708333333333332,7.999999999986076,8.000000091034174,9.104809794990842e-08
0.5041666666666667,0.4791666666666666,8.000000000003775,7.999999453001894,-5.470018811237765e-07
0.5041666666666667,0.4875,8.000000000023787,8.000000268968968,2.68945180792457e-07
0.5041666666666667,0.4958333333333333,7.999999999981344,8.00000018200818,1.820268353824872e-07
0.5041666666666667,0.5041666666666667,7.999999999977659,7.999999717533214,-2.8244444472136365e-07
0.5041666666666667,0.5125000000000001,8.000000000047422,8.00000032057968,3.205322585131398e-07
0.5041666666666667,0.5208333333333333,8.000000000016081,8.00000008047384,8.045775778953157e-08
0.5041666666666667,0.5291666666666668,7.999999999907787,7.9999991817891285,-8.181186581524003e-07
0.5041666666666667,0.5375000000000001,8.00000000003142,7.9999994416556435,-5.583757767269049e-07
0.5041666666666667,0.5458333333333331,8.00000000012399,8.000001521909411,1.52178542123238e-06
0.5041666666666667,0.5541666666666667,7.999999999935891,8.000000013261786,1.3325895054094872e-08
0.5041666666666667,0.5625,7.99999999981004,7.999998361408888,-1.638401151637936e-06
0.5041666666666667,0.5708333333333333,8.000000000215303,8.00000100253562,1.0023203174114315e-06
0.5041666666666667,0.5791666666666667,8.00000000024462,8.000000241259697,2.4101507634100017e-07
0.5041666666666667,0.5874999999999999,7.999999999599566,7.999998667483398,-1.332116167596098e-06
0.5041666666666667,0.5958333333333332,7.999999999648036,7.999998553865037,-1.4457829990988103e-06
0.5041666666666667,0.6041666666666666,8.00000000064064,8.000001679931541,1.6792909018903401e-06
0.5041666666666667,0.6124999999999999,8.000000000528226,8.00000024815717,2.47628943128575e-07
0.5041666666666667,0.6208333333333333,7.999999998783024,8.000000490374404,4.915913800473959e-07
0.5041666666666667,0.6291666666666667,7.999999999158114,7.999995231526434,-4.767631680557827e-06
0.5041666666666667,0.6375,8.000000001783759,8.000002527486195,2.5257024365288316e-06
0.5041666666666667,0.6458333333333333,8.000000001427416,7.999999254131405,-7.472960117382854e-07
0.5041666666666667,0.6541666666666667,7.999999997118994,8.00000592012166,5.923002666108346e-06
0.5041666666666667,0.6625000000000001,7.999999997054238,7.999987871985897,-1.2125068341362066e-05
0.5041666666666667,0.6708333333333331,8.000000004036156,8.000012121200106,1.211716394955431e-05
0.5041666666666667,0.6791666666666666,8.000000005382272,7.999991934499237,-8.070883035671272e-06
0.5041666666666667,0.6875,7.999999995424642,8.000017263601052,1.726817640967937e-05
0.5041666666666667,0.6958333333333333,7.999999989230127,7.999978921108919,-2.1068121207612478e-05
0.5041666666666667,0.7041666666666667,8.000000005000913,8.000013759722545,1.3754721631897837e-05
0.5041666666666667,0.7124999999999999,8.000000018170788,7.999985447610815,-1.4570559972781894e-05
0.5041666666666667,0.7208333333333332,8.000000002483384,8.000025065320505,2.506283712122581e-05
0.5041666666666667,0.7291666666666666,7.999999970155726,7.9999722787593095,-2.769139641678464e-05
0.5041666666666667,0.7374999999999999,7.999999981839452,8.000023725829442,2.3743989989277736e-05
0.5041666666666667,0.7458333333333333,8.00000003186385,7.999972576896099,-2.7454967750806247e-05
0.5041666666666667,0.7541666666666667,8.000000050219219,8.000055490030048,5.5439810829227554e-05
0.5041666666666667,0.7625,7.999999978840874,7.999963088192983,-3.689064789114127e-05
0.5041666666666667,0.7708333333333333,7.999999912488234,7.999978654426263,-2.1258061971174413e-05
0.5041666666666667,0.7791666666666667,7.999999959534856,7.999991164091289,-8.795443567244376e-06
0.5041666666666667,0.7875,8.000000116223061,8.000052706849237,5.2590626175685884e-05
0.5041666666666667,0.7958333333333331,8.000000142013093,8.000117552306703,0.00011741029361012068
0.5041666666666667,0.8041666666666666,7.999999959499709,8.000024701972007,2.474247229855564e-05
0.5041666666666667,0.8125,7.999999722541081,7.999862165859344,-0.00013755668173676128
0.5041666666666667,0.8208333333333333,7.9999998365816785,7.999804739102806,-0.00019509747887269668
0.5041666666666667,0.8291666666666667,8.000000240434172,7.999900492915436,-9.974751873631504e-05
0.5041666666666667,0.8374999999999999,8.00000048473452,8.00000256569012,2.0809556016132547e-06
0.5041666666666667,0.8458333333333332,8.000000124791066,7.999977593099202,-2.253169186428039e-05
0.5041666666666667,0.8541666666666666,7.999999406570359,7.999926300583935,-7.31059864236272e-05
0.5041666666666667,0.8624999999999999,7.999999147081254,7.999912397337014,-8.674974423961146e-05
0.5041666666666667,0.8708333333333333,7.999999925280991,7.999935226886126,-6.469839486555884e-05
0.5041666666666667,0.8791666666666667,8.000001143688404,7.99998555107553,-1.5592612874648637e-05
0.5041666666666667,0.8875,8.000001468367513,8.000051026938445,4.9558570932362045e-05
0.5041666666666667,0.8958333333333333,8.000000238256586,8.000005139512467,4.901255881151201e-06
0.5041666666666667,0.9041666666666668,7.999998180985503,8.00000185617702,3.6751915173383054e-06
0.5041666666666667,0.9125,7.999997227475645,7.999966770985379,-3.0456490265784453e-05
0.5041666666666667,0.9208333333333332,7.999998843909941,7.999994090188926,-4.75372101504945e-06
0.5041666666666667,0.9291666666666666,8.000002588897363,7.999998268518972,-4.320378391042823e-06
0.5041666666666667,0.9375,8.000004263321784,8.000039743922398,3.548060061397962e-05
0.5041666666666667,0.9458333333333333,8.000003251386063,7.999990517686631,-1.2733699432665446e-05
0.5041666666666667,0.9541666666666666,7.999997546024412,7.999965577463745,-3.1968560667117174e-05
0.5041666666666667,0.9624999999999999,7.999993513536781,7.999947346908537,-4.6166628243859975e-05
0.5041666666666667,0.9708333333333332,7.999993245176883,7.999991835458036,-1.409718847433794e-06
0.5041666666666667,0.9791666666666667,7.999998818613,8.000015025160119,1.6206547118535752e-05
0.5041666666666667,0.9874999999999999,8.000008008857662,8.000020217562088,1.220870442608657e-05
0.5041666666666667,0.9958333333333333,8.000013663862696,8.000023031097445,9.367234749646514e-06
0.5041666666666667,1.0041666666666664,8.00001280026986,8.000026314094127,1.3513824267619157e-05
0.5041666666666667,1.0125,8.000001189709648,7.999995404832221,-5.784877426862067e-06
0.5041666666666667,1.0208333333333333,7.999981759935775,7.999944380230755,-3.7379705020157417e-05
0.5041666666666667,1.0291666666666661,7.99997556571275,8.000014583788579,3.9018075828956e-05
0.5041666666666667,1.0375,7.999977189825583,7.9999800719560525,2.8821304693948946e-06
0.5041666666666667,1.0458333333333334,8.000007430987674,8.000073966779482,6.653579180770919e-05
0.5041666666666667,1.0541666666666667,8.000030201445346,8.000012749451235,-1.745199411118392e-05
0.5041666666666667,1.0625,8.000045442183026,7.999985942344896,-5.949983813025028e-05
0.5041666666666667,1.0708333333333333,8.000051141196359,8.000043397676636,-7.743519722325232e-06
0.5041666666666667,1.0791666666666666,8.00011787305094,8.000082826781473,-3.504626946693179e-05
0.5041666666666667,1.0874999999999995,8.000226820016229,8.000150812537258,-7.600747897029692e-05
0.5041666666666667,1.0958333333333334,8.000509010102896,8.000306248382563,-0.00020276172033284467
0.5041666666666667,1.1041666666666665,8.00101014352454,8.0008366092821,-0.00017353424244070936
0.5041666666666667,1.1124999999999998,8.002075615482985,8.001560698944328,-0.0005149165386573173
0.5041666666666667,1.1208333333333336,8.004504802783062,8.003296934117818,-0.0012078686652436943
0.5041666666666667,1.1291666666666664,8.009513189133825,8.006658795046167,-0.0028543940876577523
0.5041666666666667,1.1375000000000002,8.018580810348332,8.013842668029042,-0.004738142319290262
0.5041666666666667,1.1458333333333333,8.034522401259826,8.026341274885377,-0.008181126374449121
0.5041666666666667,1.1541666666666661,8.061083361440167,8.044100022055485,-0.016983339384681884
0.5041666666666667,1.1625000000000003,8.110769598264055,8.075034318698131,-0.03573527956592315
0.5041666666666667,1.1708333333333334,8.205504190422387,8.142254270200736,-0.06324992022165077
0.5041666666666667,1.1791666666666667,8.358791492042126,8.265578540839432,-0.09321295120269468
0.5041666666666667,1.1875,8.585016623262227,8.464143497795535,-0.1208731254666926
0.5041666666666667,1.1958333333333333,8.8859347737522,8.733077226364388,-0.15285754738781243
0.5041666666666667,1.2041666666666666,9.302744235016991,9.138662184878942,-0.16408205013804888
0.5041666666666667,1.2124999999999995,9.814690530066569,9.639797098909542,-0.17489343115702738
0.5041666666666667,1.2208333333333334,10.377521562764857,10.242563900799375,-0.13495766196548153
0.5041666666666667,1.2291666666666665,10.951997824436841,10.935245791324347,-0.016752033112494402
0.5041666666666667,1.2374999999999998,11.512075864098513,11.567100017268604,0.05502415317009124
0.5041666666666667,1.2458333333333336,12.038322805354316,12.083844862248686,0.045522056894370166
0.5041666666666667,1.2541666666666664,12.54528714181303,12.55185501741449,0.006567875601458439
0.5041666666666667,1.2625000000000002,13.006634012798507,12.983313105402909,-0.023320907395598667
0.5041666666666667,1.2708333333333333,13.411717078296094,13.404407434703774,-0.007309643592320114
0.5041666666666667,1.2791666666666661,13.75136456489681,13.791422948699719,0.040058383802907827
0.5041666666666667,1.2875000000000003,14.003340543890031,14.087366664781301,0.08402612089127004
0.5041666666666667,1.2958333333333334,14.181173409232834,14.306609995424704,0.1254365861918707
0.5041666666666667,1.3041666666666667,14.305282805891578,14.428451130912835,0.12316832502125763
0.5041666666666667,1.3125,14.392450960845823,14.483516936678882,0.0910659758330592
0.5041666666666667,1.3208333333333333,14.474760344730045,14.536669569292519,0.0619092245624735
0.5041666666666667,1.3291666666666666,14.542964874786035,14.605894696190308,0.06292982140427306
0.5041666666666667,1.3374999999999997,14.604911246200988,14.665192321056997,0.0602810748560092
0.5041666666666667,1.3458333333333334,14.672545066361772,14.728250259810153,0.05570519344838054
0.5041666666666667,1.3541666666666665,14.72044607368163,14.75676145647523,0.03631538279359958
0.5041666666666667,1.3624999999999998,14.743670297205872,14.753372619823594,0.009702322617721748
0.5041666666666667,1.3708333333333333,14.761960118396221,14.740586588500854,-0.021373529895367227
0.5041666666666667,1.3791666666666664,14.768143455808351,14.723404870944359,-0.044738584863992514
0.5041666666666667,1.3875,14.7616550646961,14.728957837119383,-0.032697227576717225
0.5041666666666667,1.3958333333333333,14.744884744677428,14.746865004096929,0.0019802594195006407
0.5041666666666667,1.4041666666666661,14.727550452290085,14.766882124566527,0.03933167227644141
0.5041666666666667,1.4125000000000003,14.718372154635992,14.798040188125192,0.0796680334892006
0.5041666666666667,1.4208333333333332,14.723434695947722,14.806595448583483,0.08316075263576117
0.5041666666666667,1.4291666666666667,14.73522531308158,14.771545574756004,0.03632026167442426
0.5041666666666667,1.4375,14.741299246168703,14.736284722174272,-0.0050145239944310305
0.5041666666666667,1.4458333333333333,14.750228156839333,14.718811083678313,-0.031417073161019715
0.5041666666666667,1.4541666666666666,14.758793208245734,14.73842098062041,-0.020372227625324868
0.5041666666666667,1.4624999999999995,14.759979138298934,14.772797418491391,0.01281828019245701
0.5041666666666667,1.4708333333333334,14.7490084123207,14.77420414015135,0.02519572783064916
0.5041666666666667,1.4791666666666665,14.723520150238315,14.734111415451567,0.010591265213252044
0.5041666666666667,1.4874999999999998,14.693660233414793,14.683421881396958,-0.010238352017834629
0.5041666666666667,1.4958333333333333,14.661557064959693,14.653019021217572,-0.008538043742120749
0.5041666666666667,1.5041666666666664,14.641323043049063,14.64337390556787,0.0020508625188071505
0.5041666666666667,1.5125,14.628634591336617,14.653167787964666,0.02453319662804887
0.5041666666666667,1.5208333333333333,14.616278639081354,14.63996728188118,0.023688642799825743
0.5041666666666667,1.5291666666666661,14.617850307369022,14.629403767663892,0.011553460294869922
0.5041666666666667,1.5375,14.635040125267247,14.606242338042609,-0.028797787224638327
0.5041666666666667,1.5458333333333332,14.637650916764825,14.573727515631411,-0.06392340113341355
0.5041666666666667,1.5541666666666667,14.630779580050264,14.55201798533695,-0.07876159471331512
0.5041666666666667,1.5625,14.618554650827361,14.537094033402015,-0.08146061742534627
0.5041666666666667,1.5708333333333333,14.600868362846988,14.536283814261608,-0.06458454858537976
0.5041666666666667,1.5791666666666666,14.554378250960202,14.540835814808235,-0.013542436151967152
0.5041666666666667,1.5874999999999995,14.509311931385382,14.551732294697848,0.042420363312466236
0.5041666666666667,1.5958333333333334,14.468790784490462,14.540638193630095,0.07184740913963239
0.5041666666666667,1.6041666666666665,14.438025288534815,14.491484873504053,0.05345958496923764
0.5041666666666667,1.6124999999999998,14.418496951569406,14.438236285213367,0.019739333643961743
0.5041666666666667,1.6208333333333333,14.396886651756299,14.394655010181086,-0.002231641575212606
0.5041666666666667,1.6291666666666664,14.37117114065469,14.356124630840341,-0.015046509814348852
0.5041666666666667,1.6375,14.319765553531596,14.30743259117464,-0.01233296235695569
0.5041666666666667,1.6458333333333333,14.241688355528801,14.22787022365972,-0.01381813186908154
0.5041666666666667,1.6541666666666661,14.125226782018684,14.143019016435913,0.01779223441722877
0.5041666666666667,1.6624999999999999,13.972488005994052,14.048859131545615,0.07637112555156378
0.5041666666666667,1.6708333333333332,13.774947147292563,13.824674880935413,0.049727733642850325
0.5041666666666667,1.6791666666666667,13.502857440760792,13.522870583229034,0.02001314246824215
0.5041666666666667,1.6875,13.143709902936372,13.161023810667412,0.017313907731040246
0.5041666666666667,1.6958333333333333,12.730760636027666,12.709409152784085,-0.02135148324358127
0.5041666666666667,1.7041666666666666,12.268022022077933,12.18373629971991,-0.08428572235802179
0.5041666666666667,1.7125,11.750755849968396,11.619668790227458,-0.13108705974093837
0.5041666666666667,1.7208333333333332,11.181699112168015,11.014093147431261,-0.1676059647367545
0.5041666666666667,1.7291666666666665,10.580729231758434,10.386052853635146,-0.19467637812328853
0.5041666666666667,1.7374999999999998,9.975641007147436,9.73863441916383,-0.23700658798360585
0.5041666666666667,1.7458333333333336,9.407196546004425,9.189885963354243,-0.21731058265018177
0.5041666666666667,1.7541666666666662,8.939246910405387,8.761572856177134,-0.17767405422825355
0.5041666666666667,1.7625,8.603108307780287,8.463620319915623,-0.13948798786466376
0.5041666666666667,1.7708333333333333,8.364245167677252,8.262619233293796,-0.10162593438345624
0.5041666666666667,1.7791666666666663,8.203987974170484,8.140266816708547,-0.06372115746193785
0.5041666666666667,1.7874999999999999,8.109315204536317,8.077130051773892,-0.03218515276242506
0.5041666666666667,1.7958333333333332,8.061436569095983,8.048563043110102,-0.012873525985881429
0.5041666666666667,1.8041666666666667,8.035693583484129,8.031563550966016,-0.004130032518112614
0.5041666666666667,1.8125,8.020958998791457,8.01911004992197,-0.0018489488694868328
0.5041666666666667,1.8208333333333333,8.012806616316574,8.01154828550949,-0.0012583308070848176
0.5041666666666667,1.8291666666666666,8.008922645040862,8.008696353160465,-0.0002262918803968006
0.5041666666666667,1.8375,8.007552391316272,8.009214969053376,0.0016625777371039874
0.5041666666666667,1.8458333333333332,8.007103859425742,8.010307047713807,0.0032031882880652063
0.5041666666666667,1.8541666666666663,8.00673377051381,8.01032370732902,0.0035899368152101374
0.5041666666666667,1.8624999999999998,8.006142542432366,8.009979325117392,0.0038367826850258524
0.5041666666666667,1.8708333333333333,8.005505461301553,8.010594837516582,0.005089376215028807
0.5041666666666667,1.8791666666666664,8.005159343711037,8.011876256096599,0.006716912385561713
0.5041666666666667,1.8875,8.005340640812314,8.012641949086929,0.007301308274614726
0.5041666666666667,1.8958333333333333,8.005969836188916,8.012646208922167,0.006676372733251057
0.5041666666666667,1.9041666666666663,8.006780167596775,8.012432270922073,0.005652103325298086
0.5041666666666667,1.9124999999999999,8.007471033019867,8.012424198447384,0.0049531654275174475
0.5041666666666667,1.9208333333333332,8.007640832768107,8.01261176712438,0.004970934356272494
0.5041666666666667,1.9291666666666667,8.00719007786628,8.012649729753605,0.005459651887324668
0.5041666666666667,1.9375,8.00638467170429,8.012652617529366,0.006267945825076282
0.5041666666666667,1.9458333333333329,8.005597024747702,8.012370983372286,0.006773958624583187
0.5041666666666667,1.9541666666666666,8.005086275454055,8.011799585719716,0.006713310265661576
0.5041666666666667,1.9625,8.004758452804404,8.01140931456111,0.006650861756705595
0.5041666666666667,1.9708333333333332,8.004254418749714,8.010766881418546,0.0065124626688319864
0.5041666666666667,1.9791666666666663,8.003234501679133,8.009174034957873,0.005939533278739972
0.5041666666666667,1.9874999999999996,8.001611076575873,8.007201985730818,0.0055909091549448675
0.5041666666666667,1.9958333333333333,7.999598085706784,8.005376179086134,0.005778093379350757
0.5041666666666667,2.0041666666666664,7.997449364259586,8.003961823634377,0.006512459374791391
0.5041666666666667,2.0124999999999997,7.995268014784511,8.00238464198817,0.007116627203659576
0.5041666666666667,2.020833333333334,7.993012355422953,7.999797707597358,0.006785352174405013
0.5041666666666667,2.029166666666667,7.990663644223628,7.99595892620784,0.005295281984212252
0.5041666666666667,2.0374999999999996,7.988326972704863,7.991615970368987,0.0032889976641241603
0.5041666666666667,2.0458333333333334,7.9861824214465775,7.987054274105372,0.0008718526587943032
0.5041666666666667,2.0541666666666667,7.984362844198705,7.981108689893819,-0.003254154304885404
0.5041666666666667,2.0625,7.98286949906895,7.975253695111384,-0.007615803957565781
0.5041666666666667,2.070833333333333,7.981615113354725,7.971494631983871,-0.010120481370853973
0.5041666666666667,2.0791666666666666,7.980535137611445,7.969386348442106,-0.011148789169338258
0.5041666666666667,2.0875000000000004,7.979764608887548,7.967550258492092,-0.01221435039545593
0.5041666666666667,2.095833333333333,7.979579520315403,7.9663437318552335,-0.013235788460169928
0.5041666666666667,2.1041666666666665,7.980180940657585,7.967363206353863,-0.012817734303722794
0.5041666666666667,2.1125,7.981631062891652,7.970711345301169,-0.01091971759048338
0.5041666666666667,2.1208333333333322,7.98378830893664,7.974504396891373,-0.009283912045267684
0.5041666666666667,2.129166666666667,7.986375828495789,7.977526173002287,-0.008849655493501807
0.5041666666666667,2.1375,7.98905168327943,7.981917083266501,-0.007134600012928871
0.5041666666666667,2.145833333333333,7.991532019712913,7.988829909418091,-0.0027021102948223685
0.5041666666666667,2.154166666666667,7.993711011099088,7.9964858464208906,0.002774835321802449
0.5041666666666667,2.1624999999999996,7.99561292595709,8.004817603777044,0.009204677819953488
0.5041666666666667,2.1708333333333334,7.997190458574236,8.012681999023155,0.015491540448918428
0.5041666666666667,2.1791666666666667,7.998151640673674,8.017682337253213,0.019530696579538542
0.5041666666666667,2.1875,7.998143266284005,8.019389204394997,0.021245938110991958
0.5041666666666667,2.195833333333333,7.997045787265626,8.016759830378046,0.019714043112419866
0.5041666666666667,2.2041666666666666,7.995049774297738,8.01019768186579,0.01514790756805251
0.5041666666666667,2.2125000000000004,7.992480214745733,8.001135026441329,0.00865481169559601
0.5041666666666667,2.220833333333333,7.989734479542325,7.99120284600717,0.001468366464844273
0.5041666666666667,2.2291666666666665,7.987201179684259,7.982898211254737,-0.00430296842952238
0.5041666666666667,2.2375,7.985206669732543,7.9773525870807624,-0.007854082651780558
0.5041666666666667,2.2458333333333322,7.9839993471607285,7.974159012930306,-0.00984033423042252
0.5041666666666667,2.254166666666667,7.983773584023882,7.971563140120308,-0.012210443903573953
0.5041666666666667,2.2625,7.984667932485509,7.970247618596574,-0.01442031388893561
0.5041666666666667,2.270833333333333,7.986614792989091,7.972798089775153,-0.01381670321393802
0.5041666666666667,2.279166666666667,7.9893410591316,7.978194305233552,-0.011146753898047201
0.5041666666666667,2.2874999999999996,7.992466270003016,7.9835365994784615,-0.00892967052455429
0.5041666666666667,2.2958333333333334,7.9956842004132564,7.987672099517875,-0.008012100895381735
0.5041666666666667,2.3041666666666667,7.998893800182222,7.992699423341236,-0.0061943768409857825
0.5041666666666667,2.3125,8.002102818161358,8.00069318202794,-0.0014096361334186014
0.5041666666666667,2.320833333333333,8.005275597956398,8.012655792481194,0.007380194524795769
0.5041666666666667,2.3291666666666666,8.00803768606645,8.024479144782953,0.016441458716503377
0.5041666666666667,2.3375000000000004,8.009521720083582,8.030876915810843,0.021355195727261744
0.5041666666666667,2.345833333333333,8.008839290924188,8.029765430214942,0.020926139290754264
0.5041666666666667,2.3541666666666665,8.005844278414301,8.021699626333499,0.015855347919197627
0.5041666666666667,2.3625,8.001084707516704,8.0079817718436,0.006897064326896185
0.5041666666666667,2.3708333333333322,7.995498350866023,7.997279448386947,0.0017810975209240354
0.5041666666666667,2.379166666666667,7.990174520254823,7.988536030655097,-0.0016384895997259008
0.5041666666666667,2.3875,7.986173677156352,7.9828044420944915,-0.0033692350618608202
0.5041666666666667,2.395833333333333,7.984167027490734,7.9780392604002435,-0.006127767090490899
0.5041666666666667,2.404166666666667,7.984005310806319,7.974886019095024,-0.009119291711295219
0.5041666666666667,2.4124999999999996,7.985249813639703,7.97410099666283,-0.0111488169768732
0.5041666666666667,2.4208333333333334,7.987369194909698,7.976098427626155,-0.011270767283543037
0.5041666666666667,2.4291666666666667,7.990286990976294,7.981401113530474,-0.008885877445820256
0.5041666666666667,2.4375,7.99398052785743,7.98883923594142,-0.0051412919160105375
0.5041666666666667,2.445833333333333,7.997730554580576,7.996968646198858,-0.0007619083817180794
0.5041666666666667,2.4541666666666666,7.999811559463281,8.003487571808169,0.003676012344887347
0.5041666666666667,2.4625000000000004,7.996497393414175,8.008507308966978,0.012009915552803285
0.5041666666666667,2.470833333333333,7.977405427524279,7.996113408610607,0.018707981086327763
0.5041666666666667,2.4791666666666665,7.921547547367945,7.940537626554025,0.018990079186079534
0.5041666666666667,2.4875,7.845014987319518,7.846039499634915,0.0010245123153973523
0.5041666666666667,2.4958333333333322,7.776659575219985,7.757584468311806,-0.01907510690817915
0.5041666666666667,2.504166666666667,7.733135650209322,7.7302805208758745,-0.002855129333447337
0.5041666666666667,2.5125,7.717501968663594,7.740181391292639,0.022679422629044765
0.5041666666666667,2.520833333333333,7.729839430179553,7.777725860241569,0.04788643006201543
0.5041666666666667,2.529166666666667,7.7639029885857855,7.811079846762975,0.047176858177189196
0.5041666666666667,2.5374999999999996,7.809947095522831,7.835744374347488,0.025797278824657432
0.5041666666666667,2.5458333333333334,7.859964297645932,7.870872135876383,0.010907838230451716
0.5041666666666667,2.5541666666666667,7.905236385181256,7.903023483029248,-0.0022129021520083114
0.5041666666666667,2.5625,7.93515495856247,7.92932016699485,-0.0058347915676204565
0.5041666666666667,2.570833333333333,7.952523010056759,7.956132870894734,0.0036098608379750985
0.5041666666666667,2.5791666666666666,7.9710419570764515,7.968377365868742,-0.0026645912077096767
0.5041666666666667,2.5875000000000004,7.985611588474305,7.9821540755329,-0.00345751294140495
0.5041666666666667,2.595833333333333,7.995292887766813,7.992913183990913,-0.0023797037759001327
0.5041666666666667,2.6041666666666665,8.001684599083207,8.00105921143797,-0.0006253876452362306
0.5041666666666667,2.6125,8.003375039485144,8.008448447708663,0.0050734082235184275
0.5041666666666667,2.6208333333333322,8.00092081887535,8.016060511495466,0.015139692620115497
0.5041666666666667,2.629166666666667,8.000144157233946,8.00981500493539,0.009670847701444885
0.5041666666666667,2.6375,8.002656606073494,8.00154431400329,-0.00111229207020358
0.5041666666666667,2.645833333333333,8.007116438708778,8.000436741411283,-0.0066796972974945135
0.5041666666666667,2.6541666666666663,8.012578582977302,8.006586002689474,-0.005992580287827565
0.5041666666666667,2.6624999999999996,8.01719149404737,8.01693641096307,-0.000255083084301333
0.5041666666666667,2.6708333333333334,8.018926622221594,8.029475232637976,0.010548610416382331
0.5041666666666667,2.6791666666666667,8.015507278327641,8.052942913204141,0.037435634876500146
0.5041666666666667,2.6875,8.009352982539852,8.056147961166795,0.04679497862694326
0.5041666666666667,2.695833333333333,8.004991532740638,8.028717299234676,0.02372576649403868
0.5041666666666667,2.7041666666666666,8.005590565770824,7.991645854288281,-0.013944711482542615
0.5041666666666667,2.7125,8.007518213432132,7.968989181868796,-0.038529031563335536
0.5041666666666667,2.720833333333333,8.00814374505123,7.960506837260067,-0.04763690779116292
0.5041666666666667,2.7291666666666665,8.008649275134838,7.9595089219489825,-0.04914035318585519
0.5041666666666667,2.7375,8.008631486520022,7.964371111561614,-0.044260374958407844
0.5041666666666667,2.7458333333333322,8.003203830452838,7.96016572380038,-0.04303810665245855
0.5041666666666667,2.754166666666667,7.963502533979556,7.918208031936878,-0.04529450204267782
0.5041666666666667,2.7625,7.638976511879345,7.673370029753524,0.03439351787417966
0.5041666666666667,2.770833333333333,4.99134938982624,4.8250833493337755,-0.16626604049246474
0.5041666666666667,2.7791666666666663,1.9550621961494923,1.7880138841874476,-0.16704831196204473
0.5041666666666667,2.7874999999999996,1.4321452534514147,1.419791599864191,-0.012353653587223734
0.5041666666666667,2.7958333333333334,1.4003336777217867,1.4001933013387302,-0.00014037638305652855
0.5041666666666667,2.8041666666666667,1.400001391590339,1.400000891775045,-4.998152940416389e-07
0.5041666666666667,2.8125,1.39999965590714,1.4000034380694932,3.7821623533051962e-06
0.5041666666666667,2.820833333333333,1.400000145220789,1.4000001262217514,-1.899903767643707e-08
0.5041666666666667,2.8291666666666666,1.3999999988586975,1.3999999875560545,-1.1302643043720195e-08
0.5041666666666667,2.8375,1.3999999996305508,1.4000000027950363,3.164485562479058e-09
0.5041666666666667,2.845833333333333,1.4000000001143118,1.400000000093368,-2.0943913270343728e-11
0.5041666666666667,2.8541666666666665,1.3999999999959971,1.3999999999850825,-1.0914602555089914e-11
0.5041666666666667,2.8625,1.3999999999996033,1.4000000000021005,2.497113626986902e-12
0.5041666666666667,2.8708333333333322,1.4000000000001125,1.4000000000000052,-1.0724754417879012e-13
0.5041666666666667,2.879166666666667,1.399999999999993,1.3999999999999861,-6.8833827526759706e-15
0.5041666666666667,2.8875,1.3999999999999992,1.4,6.661338147750939e-16
0.5041666666666667,2.895833333333333,1.4,1.4,0.0
0.5041666666666667,2.9041666666666663,1.4,1.4,0.0
0.5041666666666667,2.9124999999999996,1.4,1.4,0.0
0.5041666666666667,2.9208333333333334,1.4,1.4,0.0
0.5041666666666667,2.9291666666666667,1.4,1.4,0.0
0.5041666666666667,2.9375,1.4,1.4,0.0
0.5041666666666667,2.945833333333333,1.4,1.4,0.0
0.5041666666666667,2.9541666666666666,1.4,1.3999999999999997,-2.220446049250313e-16
0.5041666666666667,2.9625,1.4,1.3999999999999997,-2.220446049250313e-16
0.5041666666666667,2.970833333333333,1.4,1.3999999999999997,-2.220446049250313e-16
0.5041666666666667,2.9791666666666665,1.4000000000000001,1.4,-2.220446049250313e-16
0.5041666666666667,2.9875,1.4000000000000001,1.4,-2.220446049250313e-16
0.5041666666666667,2.995833333333333,1.3999999999999997,1.4000000000000001,4.440892098500626e-16
0.5041666666666667,3.0041666666666664,1.3999999999999997,1.4,2.220446049250313e-16
0.5041666666666667,3.0125,1.3999999999999986,1.399999999999984,-1.4654943925052066e-14
0.5041666666666667,3.020833333333333,1.3999999999999997,1.3999999999999997,0.0
0.5041666666666667,3.0291666666666663,1.3999999999999997,1.3999999999999997,0.0
0.5041666666666667,3.0374999999999996,1.3999999999999997,1.3999999999999997,0.0
0.5041666666666667,3.0458333333333334,1.3999999999999997,1.3999999999999997,0.0
0.5041666666666667,3.0541666666666667,1.4,1.3999999999999997,-2.220446049250313e-16
0.5041666666666667,3.0625,1.4,1.3999999999999997,-2.220446049250313e-16
0.5041666666666667,3.070833333333333,1.4,1.4,0.0
0.5041666666666667,3.0791666666666666,1.4,1.4,0.0
0.5041666666666667,3.0875,1.4,1.4,0.0
0.5041666666666667,3.095833333333333,1.4,1.4,0.0
0.5041666666666667,3.1041666666666665,1.4,1.4,0.0
0.5041666666666667,3.1125,1.4,1.4,0.0
0.5041666666666667,3.1208333333333322,1.4,1.4,0.0
0.5041666666666667,3.129166666666667,1.4,1.4,0.0
0.5041666666666667,3.1375,1.4,1.4,0.0
0.5041666666666667,3.145833333333333,1.4,1.4,0.0
0.5041666666666667,3.1541666666666663,1.4,1.4,0.0
0.5041666666666667,3.1624999999999996,1.4,1.4,0.0
0.5041666666666667,3.1708333333333334,1.4,1.4,0.0
0.5041666666666667,3.1791666666666667,1.4,1.4,0.0
0.5041666666666667,3.1875,1.4,1.4,0.0
0.5041666666666667,3.195833333333333,1.4,1.4,0.0
0.5041666666666667,3.2041666666666666,1.4,1.4,0.0
0.5041666666666667,3.2125,1.4,1.4,0.0
0.5041666666666667,3.220833333333333,1.4,1.4,0.0
0.5041666666666667,3.2291666666666665,1.4,1.4,0.0
0.5041666666666667,3.2375,1.4,1.4,0.0
0.5041666666666667,3.2458333333333322,1.4,1.4,0.0
0.5041666666666667,3.254166666666667,1.4,1.4,0.0
0.5041666666666667,3.2625,1.4,1.4,0.0
0.5041666666666667,3.270833333333333,1.4,1.4,0.0
0.5041666666666667,3.2791666666666663,1.4,1.4,0.0
0.5041666666666667,3.2874999999999996,1.4,1.4,0.0
0.5041666666666667,3.2958333333333334,1.4,1.4,0.0
0.5041666666666667,3.3041666666666667,1.4,1.4,0.0
0.5041666666666667,3.3125,1.4,1.4,0.0
0.5041666666666667,3.320833333333333,1.4,1.4,0.0
0.5041666666666667,3.3291666666666666,1.4,1.4,0.0
0.5041666666666667,3.3375,1.4,1.4,0.0
0.5041666666666667,3.345833333333333,1.4,1.4,0.0
0.5041666666666667,3.3541666666666665,1.4,1.4,0.0
0.5041666666666667,3.3625,1.4,1.4,0.0
0.5041666666666667,3.3708333333333322,1.4,1.4,0.0
0.5041666666666667,3.379166666666667,1.4,1.4,0.0
0.5041666666666667,3.3874999999999997,1.4,1.4,0.0
0.5041666666666667,3.395833333333333,1.4,1.4,0.0
0.5041666666666667,3.4041666666666663,1.4,1.4,0.0
0.5041666666666667,3.4124999999999996,1.4,1.4,0.0
0.5041666666666667,3.4208333333333334,1.4,1.4,0.0
0.5041666666666667,3.429166666666667,1.4,1.4,0.0
0.5041666666666667,3.4375,1.4,1.4,0.0
0.5041666666666667,3.445833333333332,1.4,1.4,0.0
0.5041666666666667,3.4541666666666666,1.4,1.4,0.0
0.5041666666666667,3.4625,1.4,1.4,0.0
0.5041666666666667,3.470833333333333,1.4,1.4,0.0
0.5041666666666667,3.4791666666666665,1.4,1.4,0.0
0.5041666666666667,3.4875,1.4,1.4,0.0
0.5041666666666667,3.4958333333333327,1.4,1.4,0.0
0.5041666666666667,3.5041666666666664,1.4,1.4,0.0
0.5041666666666667,3.5124999999999997,1.4,1.4,0.0
0.5041666666666667,3.520833333333333,1.4,1.4,0.0
0.5041666666666667,3.5291666666666663,1.4,1.4,0.0
0.5041666666666667,3.5374999999999996,1.4,1.4,0.0
0.5041666666666667,3.5458333333333334,1.4,1.4,0.0
0.5041666666666667,3.554166666666667,1.4,1.4,0.0
0.5041666666666667,3.5625,1.4,1.4,0.0
0.5041666666666667,3.5708333333333324,1.4,1.4,0.0
0.5041666666666667,3.5791666666666666,1.4,1.4,0.0
0.5041666666666667,3.5875,1.4,1.4,0.0
0.5041666666666667,3.595833333333333,1.4,1.4,0.0
0.5041666666666667,3.6041666666666665,1.4,1.4,0.0
0.5041666666666667,3.6125,1.4,1.4,0.0
0.5041666666666667,3.6208333333333327,1.4,1.4,0.0
0.5041666666666667,3.6291666666666664,1.4,1.4,0.0
0.5041666666666667,3.6374999999999997,1.4,1.4,0.0
0.5041666666666667,3.645833333333333,1.4,1.4,0.0
0.5041666666666667,3.6541666666666663,1.4,1.4,0.0
0.5041666666666667,3.6624999999999996,1.4,1.4,0.0
0.5041666666666667,3.6708333333333334,1.4,1.4,0.0
0.5041666666666667,3.679166666666667,1.4,1.4,0.0
0.5041666666666667,3.6875,1.4,1.4,0.0
0.5041666666666667,3.695833333333333,1.4,1.4,0.0
0.5041666666666667,3.7041666666666657,1.4,1.4,0.0
0.5041666666666667,3.7125,1.4,1.4,0.0
0.5041666666666667,3.720833333333333,1.4,1.4,0.0
0.5041666666666667,3.7291666666666665,1.4,1.4,0.0
0.5041666666666667,3.7375,1.4,1.4,0.0
0.5041666666666667,3.7458333333333327,1.4,1.4,0.0
0.5041666666666667,3.7541666666666664,1.4,1.4,0.0
0.5041666666666667,3.7624999999999997,1.4,1.4,0.0
0.5041666666666667,3.7708333333333326,1.4,1.4,0.0
0.5041666666666667,3.7791666666666663,1.4,1.4,0.0
0.5041666666666667,3.7874999999999996,1.4,1.4,0.0
0.5041666666666667,3.7958333333333334,1.4,1.4,0.0
0.5041666666666667,3.8041666666666667,1.4,1.4,0.0
0.5041666666666667,3.8125,1.4,1.4,0.0
0.5041666666666667,3.820833333333333,1.4,1.4,0.0
0.5041666666666667,3.8291666666666657,1.4,1.4,0.0
0.5041666666666667,3.8375,1.4,1.4,0.0
0.5041666666666667,3.845833333333333,1.4,1.4,0.0
0.5041666666666667,3.8541666666666665,1.4,1.4,0.0
0.5041666666666667,3.8625,1.4,1.4,0.0
0.5041666666666667,3.8708333333333327,1.4,1.4,0.0
0.5041666666666667,3.8791666666666664,1.4,1.4,0.0
0.5041666666666667,3.8874999999999997,1.4,1.4,0.0
0.5041666666666667,3.8958333333333326,1.4,1.4,0.0
0.5041666666666667,3.9041666666666663,1.4,1.4,0.0
0.5041666666666667,3.9124999999999996,1.4,1.4,0.0
0.5041666666666667,3.9208333333333334,1.4,1.4,0.0
0.5041666666666667,3.9291666666666667,1.4,1.4,0.0
0.5041666666666667,3.9375,1.4,1.4,0.0
0.5041666666666667,3.945833333333333,1.4,1.4,0.0
0.5041666666666667,3.9541666666666657,1.4,1.3999999999999997,-2.220446049250313e-16
0.5041666666666667,3.9625,1.4,1.3999999999999997,-2.220446049250313e-16
0.5041666666666667,3.970833333333333,1.4000000000000001,1.3999999999999997,-4.440892098500626e-16
0.5041666666666667,3.9791666666666665,1.4000000000000001,1.3999999999999997,-4.440892098500626e-16
0.5041666666666667,3.9875,1.4000000000000001,1.4000000000000001,0.0
0.5041666666666667,3.995833333333333,1.4,1.4,0.0
0.8041666666666667,0.0041666666666666675,7.999999999999821,7.999999999972447,-2.737365889515786e-11
0.8041666666666667,0.0125,7.999999999999774,8.000000000078035,7.826095327345683e-11
0.8041666666666667,0.020833333333333332,7.999999999999985,7.999999999969949,-3.0035529618999135e-11
0.8041666666666667,0.029166666666666667,7.999999999999936,7.9999999999610765,-3.885958221871988e-11
0.8041666666666667,0.037500000000000006,7.999999999999911,8.000000000030798,3.0887292723491555e-11
0.8041666666666667,0.045833333333333316,7.999999999999902,7.999999999931714,-6.818812181563771e-11
0.8041666666666667,0.05416666666666666,7.99999999999986,8.000000000058503,5.864286833912047e-11
0.8041666666666667,0.0625,7.9999999999997975,7.999999999958805,-4.099209860441988e-11
0.8041666666666667,0.07083333333333333,7.999999999999704,7.999999999941642,-5.8061999652636587e-11
0.8041666666666667,0.07916666666666666,7.99999999999968,8.000000000106105,1.064250909621478e-10
0.8041666666666667,0.08749999999999997,7.999999999999682,7.999999999972613,-2.7069013697200717e-11
0.8041666666666667,0.09583333333333334,7.999999999999735,8.000000000069628,6.989253620304225e-11
0.8041666666666667,0.10416666666666666,7.999999999999806,7.999999999990494,-9.312550730555813e-12
0.8041666666666667,0.11249999999999999,7.999999999999814,7.999999999895381,-1.0443379494518013e-10
0.8041666666666667,0.12083333333333333,7.999999999999766,8.000000000086755,8.698908260384997e-11
0.8041666666666667,0.12916666666666668,7.99999999999975,8.000000000010623,1.0872192035549233e-11
0.8041666666666667,0.1375,7.9999999999998455,8.000000000048175,4.8329340529562614e-11
0.8041666666666667,0.14583333333333331,7.999999999999889,7.999999999979471,-2.041833369048618e-11
0.8041666666666667,0.15416666666666667,7.999999999999825,7.999999999897607,-1.0221778978802831e-10
0.8041666666666667,0.16249999999999998,7.999999999999772,7.999999999994629,-5.142553050063725e-12
0.8041666666666667,0.17083333333333334,7.999999999999753,8.00000000006374,6.398614971203642e-11
0.8041666666666667,0.17916666666666667,7.99999999999974,7.999999999979967,-1.9772627979364188e-11
0.8041666666666667,0.1875,7.999999999999722,8.000000000055401,5.567901695258115e-11
0.8041666666666667,0.1958333333333333,7.999999999999719,7.999999999924702,-7.501732568471198e-11
0.8041666666666667,0.20416666666666666,7.999999999999683,7.999999999858141,-1.4154188932025136e-10
0.8041666666666667,0.2125,7.999999999999647,8.000000000246116,2.4646862328836505e-10
0.8041666666666667,0.22083333333333333,7.999999999999601,7.999999999944296,-5.53050938378874e-11
0.8041666666666667,0.22916666666666666,7.999999999999586,8.000000000153092,1.5350565263361204e-10
0.8041666666666667,0.2375,7.999999999999564,7.999999999889375,-1.1018919110483694e-10
0.8041666666666667,0.2458333333333333,7.999999999999457,7.999999999949787,-4.9670489943309803e-11
0.8041666666666667,0.25416666666666665,7.9999999999993845,7.999999999963156,-3.622879773956811e-11
0.8041666666666667,0.26249999999999996,7.999999999999356,7.9999999999357545,-6.360156845630627e-11
0.8041666666666667,0.2708333333333333,7.999999999999504,8.00000000009963,1.0012612960963452e-10
0.8041666666666667,0.2791666666666667,7.9999999999995905,8.000000000010505,1.0914824599694839e-11
0.8041666666666667,0.2875,7.999999999999668,8.000000000023453,2.3785418079569354e-11
0.8041666666666667,0.2958333333333334,7.999999999999769,7.99999999995676,-4.3009151795558864e-11
0.8041666666666667,0.30416666666666653,7.999999999999804,7.999999999496962,-5.028413241348062e-10
0.8041666666666667,0.3125,7.999999999999799,8.000000000701315,7.015152903022681e-10
0.8041666666666667,0.32083333333333336,7.999999999999681,7.999999999179561,-8.201199719337637e-10
0.8041666666666667,0.3291666666666666,7.9999999999995595,8.000000001147148,1.1475886907419408e-09
0.8041666666666667,0.3375,7.999999999999372,7.999999998700133,-1.2992389386567993e-09
0.8041666666666667,0.3458333333333333,7.99999999999915,8.00000000078147,7.823208747481658e-10
0.8041666666666667,0.35416666666666663,7.999999999999156,7.999999999735964,-2.631921347528987e-10
0.8041666666666667,0.3625,7.999999999999229,7.999999999042626,-9.566027969754032e-10
0.8041666666666667,0.3708333333333333,7.99999999999933,8.000000003707711,3.708381157707663e-09
0.8041666666666667,0.37916666666666665,7.999999999999303,7.99999999348707,-6.512232531008522e-09
0.8041666666666667,0.38749999999999996,7.999999999999291,8.000000008609943,8.610651747176234e-09
0.8041666666666667,0.3958333333333333,7.999999999999375,7.9999999898006795,-1.0198695221674825e-08
0.8041666666666667,0.4041666666666667,7.999999999999412,8.000000007742289,7.74287656213346e-09
0.8041666666666667,0.4125,7.999999999999474,7.999999997128216,-2.87125789810716e-09
0.8041666666666667,0.42083333333333334,7.999999999999453,7.999999997273048,-2.7264048796382667e-09
0.8041666666666667,0.4291666666666666,7.999999999999409,8.000000009515347,9.515937371418204e-09
0.8041666666666667,0.4375,7.999999999999457,7.999999988630974,-1.136848304383875e-08
0.8041666666666667,0.4458333333333333,7.999999999999508,8.000000008582228,8.582720312233505e-09
0.8041666666666667,0.45416666666666655,7.999999999999607,7.99999999975462,-2.4498714168430524e-10
0.8041666666666667,0.46249999999999997,7.999999999999597,7.999999989226496,-1.0773100633798549e-08
0.8041666666666667,0.4708333333333332,7.999999999999474,8.000000016353061,1.6353586929085395e-08
0.8041666666666667,0.4791666666666666,7.999999999999368,7.999999984232394,-1.5766973504582893e-08
0.8041666666666667,0.4875,7.9999999999992495,8.000000004962859,4.963609079311482e-09
0.8041666666666667,0.4958333333333333,7.999999999999212,8.000000007310248,7.311036220869482e-09
0.8041666666666667,0.5041666666666667,7.9999999999993,7.999999982018439,-1.798086124438214e-08
0.8041666666666667,0.5125000000000001,7.999999999999499,8.000000016214685,1.6215185638657204e-08
0.8041666666666667,0.5208333333333333,7.999999999999665,8.000000000777298,7.776330690489885e-10
0.8041666666666667,0.5291666666666668,7.9999999999996065,7.9999999827984,-1.7201206681249914e-08
0.8041666666666667,0.5375000000000001,7.999999999999542,8.00000002090565,2.0906108844087612e-08
0.8041666666666667,0.5458333333333331,7.9999999999994245,7.999999996963363,-3.0360611802393578e-09
0.8041666666666667,0.5541666666666667,7.999999999999292,7.99999997600468,-2.3994612519118164e-08
0.8041666666666667,0.5625,7.9999999999991855,8.000000027323484,2.7324298379483025e-08
0.8041666666666667,0.5708333333333333,7.999999999999234,7.999999999738833,-2.604014781582009e-10
0.8041666666666667,0.5791666666666667,7.999999999999351,7.999999967243641,-3.275571014427214e-08
0.8041666666666667,0.5874999999999999,7.999999999999421,8.000000026733522,2.6734101155057033e-08
0.8041666666666667,0.5958333333333332,7.999999999999506,8.000000017352283,1.7352776993107e-08
0.8041666666666667,0.6041666666666666,7.999999999999477,7.99999995725448,-4.274499687539901e-08
0.8041666666666667,0.6124999999999999,7.999999999999488,8.000000007533306,7.533817125704445e-09
0.8041666666666667,0.6208333333333333,7.999999999999517,8.000000051445621,5.1446104265551185e-08
0.8041666666666667,0.6291666666666667,7.999999999999389,7.999999963086179,-3.691321026622063e-08
0.8041666666666667,0.6375,7.999999999999271,7.999999959253759,-4.0745511853401695e-08
0.8041666666666667,0.6458333333333333,7.999999999999282,8.000000072421765,7.242248223349179e-08
0.8041666666666667,0.6541666666666667,7.999999999999324,8.000000033353375,3.3354051076628366e-08
0.8041666666666667,0.6625000000000001,7.999999999999376,7.999999892837602,-1.071617736769781e-07
0.8041666666666667,0.6708333333333331,7.999999999999466,7.999999988417093,-1.1582373282692515e-08
0.8041666666666667,0.6791666666666666,7.9999999999996065,8.000000172449486,1.7244987926545718e-07
0.8041666666666667,0.6875,7.99999999999956,8.000000005537744,5.5381841335133686e-09
0.8041666666666667,0.6958333333333333,7.999999999999543,7.9999997430131184,-2.5698642414084816e-07
0.8041666666666667,0.7041666666666667,7.99999999999975,7.999999906535737,-9.346401341758792e-08
0.8041666666666667,0.7124999999999999,7.999999999999669,8.00000035089947,3.508998007717423e-07
0.8041666666666667,0.7208333333333332,7.999999999999619,8.000000535617232,5.356176133730628e-07
0.8041666666666667,0.7291666666666666,7.999999999999974,8.00000022481286,2.248128856408016e-07
0.8041666666666667,0.7374999999999999,8.000000000000027,7.999999754945767,-2.4505425955112514e-07
0.8041666666666667,0.7458333333333333,7.999999999999204,7.99999963686155,-3.6313765416906563e-07
0.8041666666666667,0.7541666666666667,7.999999999999441,7.99999981228974,-1.8770970111603447e-07
0.8041666666666667,0.7625,8.000000000000618,8.000000002438062,2.4374440243946083e-09
0.8041666666666667,0.7708333333333333,7.9999999999996385,8.000000040457895,4.045825630072386e-08
0.8041666666666667,0.7791666666666667,7.999999999998385,8.000000028214005,2.821562006261047e-08
0.8041666666666667,0.7875,8.000000000000767,8.000000047520953,4.752018512022005e-08
0.8041666666666667,0.7958333333333331,8.000000000001554,8.000000012804179,1.2802624738128543e-08
0.8041666666666667,0.8041666666666666,7.999999999996961,7.999999942115566,-5.7881394788239504e-08
0.8041666666666667,0.8125,7.999999999997875,7.999999933490414,-6.650746087188963e-08
0.8041666666666667,0.8208333333333333,8.000000000005361,7.9999999650439655,-3.496139555636546e-08
0.8041666666666667,0.8291666666666667,8.000000000000604,7.999999846860378,-1.5314022583368114e-07
0.8041666666666667,0.8374999999999999,7.999999999989887,7.999999912765934,-8.722395339333389e-08
0.8041666666666667,0.8458333333333332,8.000000000001865,8.000000059725696,5.972383121388702e-08
0.8041666666666667,0.8541666666666666,8.000000000015188,8.00000002312293,2.3107741498051837e-08
0.8041666666666667,0.8624999999999999,7.999999999990451,7.9999999891431015,-1.084734968515022e-08
0.8041666666666667,0.8708333333333333,7.999999999976391,8.000000211796777,2.1182038612010956e-07
0.8041666666666667,0.8791666666666667,8.000000000021837,8.000000122481138,1.224593013660069e-07
0.8041666666666667,0.8875,8.000000000031992,7.999999992012848,-8.019144459581184e-09
0.8041666666666667,0.8958333333333333,7.999999999953893,8.000000034419797,3.446590390865367e-08
0.8041666666666667,0.9041666666666668,7.99999999995634,8.000000284495774,2.845394346806529e-07
0.8041666666666667,0.9125,8.000000000085166,8.000000077336278,7.725111217382619e-08
0.8041666666666667,0.9208333333333332,8.00000000005507,8.000000069431305,6.937623453495689e-08
0.8041666666666667,0.9291666666666666,7.999999999847934,8.00000023677993,2.3693199668883835e-07
0.8041666666666667,0.9375,7.999999999929778,8.000000237638888,2.3770911017351182e-07
0.8041666666666667,0.9458333333333333,8.000000000258627,7.999999980708855,-1.954977157936355e-08
0.8041666666666667,0.9541666666666666,8.000000000088285,7.9999999258838415,-7.420444347872035e-08
0.8041666666666667,0.9624999999999999,7.999999999565234,8.000000275195019,2.75629784773912e-07
0.8041666666666667,0.9708333333333332,7.99999999987677,8.000000248439761,2.485629915227605e-07
0.8041666666666667,0.9791666666666667,8.000000000716252,7.999999647594662,-3.531215897467632e-07
0.8041666666666667,0.9874999999999999,8.000000000195866,7.999999946163278,-5.403258818148515e-08
0.8041666666666667,0.9958333333333333,7.999999998829153,8.000000307938532,3.0910937898198654e-07
0.8041666666666667,1.0041666666666664,7.999999999629435,7.999999895536727,-1.0409270778666269e-07
0.8041666666666667,1.0125,8.000000001882796,7.999999235298819,-7.665839767412308e-07
0.8041666666666667,1.0208333333333333,8.000000000773314,8.000000101529809,1.0075649470309145e-07
0.8041666666666667,1.0291666666666661,7.999999997029376,8.000000742064344,7.45034967941649e-07
0.8041666666666667,1.0375,7.999999998322429,7.99999945063528,-5.476871489662472e-07
0.8041666666666667,1.0458333333333334,8.000000004522999,7.999999374719981,-6.29803017737629e-07
0.8041666666666667,1.0541666666666667,8.000000003583718,8.000000591299028,5.877153093081233e-07
0.8041666666666667,1.0625,7.999999993499428,8.000000926354952,9.328555234944247e-07
0.8041666666666667,1.0708333333333333,7.999999992631758,7.999998458396309,-1.5342354489078502e-06
0.8041666666666667,1.0791666666666666,8.000000008412963,7.999999550610535,-4.5780242796666926e-07
0.8041666666666667,1.0874999999999995,8.000000014325176,8.00000091537503,9.010498551731416e-07
0.8041666666666667,1.0958333333333334,7.999999991253835,8.000000946012005,9.547581694135943e-07
0.8041666666666667,1.1041666666666665,7.99999997405148,7.999998224033404,-1.7500180762297646e-06
0.8041666666666667,1.1124999999999998,8.00000000396179,8.00000014687215,1.4291036087854536e-07
0.8041666666666667,1.1208333333333336,8.000000042809646,8.000000479225763,4.36416117466365e-07
0.8041666666666667,1.1291666666666664,8.000000012558694,8.000002113628366,2.101069672022504e-06
0.8041666666666667,1.1375000000000002,7.999999938262136,7.999997323740525,-2.614521611654652e-06
0.8041666666666667,1.1458333333333333,7.999999949473991,7.999999927446318,-2.202767301895392e-08
0.8041666666666667,1.1541666666666661,8.000000070420757,8.000001214003499,1.1435827413919242e-06
0.8041666666666667,1.1625000000000003,8.000000118474144,8.000001824408589,1.7059344443737245e-06
0.8041666666666667,1.1708333333333334,7.99999995935117,7.9999978097639035,-2.1495872664090143e-06
0.8041666666666667,1.1791666666666667,7.999999789936681,7.9999984851414245,-1.3047952567291077e-06
0.8041666666666667,1.1875,7.9999999271619755,7.999999493255773,-4.3390620252381495e-07
0.8041666666666667,1.1958333333333333,8.000000276976996,8.000005610248394,5.3332713978448965e-06
0.8041666666666667,1.2041666666666666,8.000000309671004,7.999998553536803,-1.756134200725512e-06
0.8041666666666667,1.2124999999999995,7.999999801460342,7.99999503085997,-4.770600372516753e-06
0.8041666666666667,1.2208333333333334,7.999999368509104,7.999997302731323,-2.065777780835276e-06
0.8041666666666667,1.2291666666666665,7.999999796224846,8.000007094538764,7.298313918546739e-06
0.8041666666666667,1.2374999999999998,8.000000798171778,8.00000802342067,7.225248891629121e-06
0.8041666666666667,1.2458333333333336,8.000001009355643,7.9999936571199175,-7.352235725122114e-06
0.8041666666666667,1.2541666666666664,7.999999696309853,7.999984786140753,-1.4910169100268433e-05
0.8041666666666667,1.2625000000000002,7.999998174766983,8.000001763645464,3.588878481508573e-06
0.8041666666666667,1.2708333333333333,7.999998676938184,8.000026302862015,2.7625923830321142e-05
0.8041666666666667,1.2791666666666661,8.000001432109622,8.00000295599592,1.5238862971500566e-06
0.8041666666666667,1.2875000000000003,8.000003513928224,7.999981901634624,-2.161229360009287e-05
0.8041666666666667,1.2958333333333334,8.000001650046194,7.9999569577796965,-4.469226649739255e-05
0.8041666666666667,1.3041666666666667,7.9999965372876805,8.000029559796527,3.302250884651414e-05
0.8041666666666667,1.3125,7.999993466355588,8.00005057412266,5.710776707257281e-05
0.8041666666666667,1.3208333333333333,7.99999738279719,8.000011001746984,1.3618949793681168e-05
0.8041666666666667,1.3291666666666666,8.000006617544024,7.9999089756003805,-9.764194364336731e-05
0.8041666666666667,1.3374999999999997,8.00001248143368,7.999956421983908,-5.605944977205013e-05
0.8041666666666667,1.3458333333333334,8.000006529554764,8.000080721618367,7.419206360381736e-05
0.8041666666666667,1.3541666666666665,7.999990040314235,8.00013861520908,0.0001485748948448773
0.8041666666666667,1.3624999999999998,7.999975943494204,7.999983436659314,7.493165110616928e-06
0.8041666666666667,1.3708333333333333,7.999979970034555,7.99983579926058,-0.00014417077397421707
0.8041666666666667,1.3791666666666664,8.00000668125054,7.999845540293082,-0.00016114095745756174
0.8041666666666667,1.3875,8.00004107604043,8.000031795834799,-9.280205631512217e-06
0.8041666666666667,1.3958333333333333,8.00005649856177,8.00031243306152,0.0002559344997496993
0.8041666666666667,1.4041666666666661,8.00002936732199,8.000293589874111,0.00026422255212210644
0.8041666666666667,1.4125000000000003,7.999961940274281,7.999960047013938,-1.893260343166503e-06
0.8041666666666667,1.4208333333333332,7.999883675822767,7.999416780906044,-0.00046689491672324834
0.8041666666666667,1.4291666666666667,7.999845760838797,7.9992993076763135,-0.0005464531624834734
0.8041666666666667,1.4375,7.9998985946114844,7.99991913914369,2.0544532205235555e-05
0.8041666666666667,1.4458333333333333,8.000059308688696,8.000794565267464,0.0007352565787677179
0.8041666666666667,1.4541666666666666,8.000305827687187,8.00139827756251,0.001092449875322643
0.8041666666666667,1.4624999999999995,8.000548887899594,8.000988416197888,0.00043952829829407847
0.8041666666666667,1.4708333333333334,8.000685995328459,8.000094251921126,-0.0005917434073321459
0.8041666666666667,1.4791666666666665,8.000523425704033,7.999250613571243,-0.0012728121327905129
0.8041666666666667,1.4874999999999998,7.999755866650797,7.998886316498404,-0.0008695501523927618
0.8041666666666667,1.4958333333333333,7.997070843982023,7.9987533182859964,0.0016824743039736134
0.8041666666666667,1.5041666666666664,7.989660644812526,7.995066441150422,0.005405796337896618
0.8041666666666667,1.5125,7.978503905032871,7.985841067178413,0.007337162145542031
0.8041666666666667,1.5208333333333333,7.966419563414781,7.974462055601954,0.008042492187173345
0.8041666666666667,1.5291666666666661,7.955524157301115,7.964442619083064,0.008918461781949105
0.8041666666666667,1.5375,7.947278069180227,7.9557986594429515,0.008520590262724781
0.8041666666666667,1.5458333333333332,7.942636797477243,7.947248061604215,0.004611264126972436
0.8041666666666667,1.5541666666666667,7.941863395846797,7.940183456466658,-0.001679939380139217
0.8041666666666667,1.5625,7.944564740996495,7.93705921728146,-0.00750552371503499
0.8041666666666667,1.5708333333333333,7.949872598158136,7.940446645948433,-0.009425952209703325
0.8041666666666667,1.5791666666666666,7.956624573550119,7.95270789481752,-0.003916678732599266
0.8041666666666667,1.5874999999999995,7.963390828953386,7.970095049392742,0.0067042204393557014
0.8041666666666667,1.5958333333333334,7.968719466535819,7.984686706304872,0.015967239769053343
0.8041666666666667,1.6041666666666665,7.972369311982472,7.991037417340017,0.018668105357544817
0.8041666666666667,1.6124999999999998,7.974929589524412,7.989128196591657,0.01419860706724485
0.8041666666666667,1.6208333333333333,7.976654881873417,7.982538365714485,0.005883483841068404
0.8041666666666667,1.6291666666666664,7.977903058094021,7.9752924183398255,-0.0026106397541951765
0.8041666666666667,1.6375,7.9789592200238095,7.970682204906461,-0.008277015117348796
0.8041666666666667,1.6458333333333333,7.979915124746244,7.9708947473011875,-0.009020377445056127
0.8041666666666667,1.6541666666666661,7.9812652382366505,7.9761959670460945,-0.005069271190556002
0.8041666666666667,1.6624999999999999,7.983174987221756,7.984399443901214,0.0012244566794583633
0.8041666666666667,1.6708333333333332,7.98544414192008,7.99215935480971,0.006715212889629285
0.8041666666666667,1.6791666666666667,7.987642362781757,7.997264042808747,0.009621680026990376
0.8041666666666667,1.6875,7.9892339681203595,7.999495130726686,0.01026116260632648
0.8041666666666667,1.6958333333333333,7.989968702132281,7.999592435192827,0.00962373306054598
0.8041666666666667,1.7041666666666666,7.989847075862419,7.998107822771334,0.008260746908915095
0.8041666666666667,1.7125,7.9889947523104246,7.995318417335939,0.006323665025514735
0.8041666666666667,1.7208333333333332,7.987639689937477,7.99151455276941,0.003874862831933612
0.8041666666666667,1.7291666666666665,7.986045738386503,7.987171891440599,0.001126153054095802
0.8041666666666667,1.7374999999999998,7.984424385828908,7.982806131577675,-0.0016182542512330755
0.8041666666666667,1.7458333333333336,7.983026818917885,7.978813171359003,-0.004213647558882094
0.8041666666666667,1.7541666666666662,7.982029322126342,7.975607648549456,-0.006421673576886278
0.8041666666666667,1.7625,7.98152370758086,7.973618158177338,-0.007905549403521839
0.8041666666666667,1.7708333333333333,7.981722761072022,7.973448930682093,-0.008273830389929238
0.8041666666666667,1.7791666666666663,7.982716752850137,7.975277340003336,-0.007439412846800941
0.8041666666666667,1.7874999999999999,7.984340962721261,7.978690436462422,-0.005650526258839328
0.8041666666666667,1.7958333333333332,7.9863037860486745,7.982982035451761,-0.0033217505969131977
0.8041666666666667,1.8041666666666667,7.988233962002974,7.988052798958951,-0.0001811630440231582
0.8041666666666667,1.8125,7.989972756974701,7.99368876155848,0.0037160045837785205
0.8041666666666667,1.8208333333333333,7.991610906733156,7.998788714561469,0.007177807828313121
0.8041666666666667,1.8291666666666666,7.993286571403858,8.001837068352701,0.008550496948843467
0.8041666666666667,1.8375,7.9949322488957675,8.002855063724255,0.007922814828487112
0.8041666666666667,1.8458333333333332,7.996341648711935,8.003577918193736,0.007236269481801116
0.8041666666666667,1.8541666666666663,7.9972475589402325,8.00535326466723,0.008105705726997314
0.8041666666666667,1.8624999999999998,7.997337315366884,8.007610810310297,0.01027349494341312
0.8041666666666667,1.8708333333333333,7.996681858714865,8.008215612853377,0.011533754138511654
0.8041666666666667,1.8791666666666664,7.995786745598028,8.00593058096997,0.010143835371942522
0.8041666666666667,1.8875,7.995222718858882,8.001857105161735,0.006634386302852846
0.8041666666666667,1.8958333333333333,7.995107229351867,7.9982960650853085,0.0031888357334413087
0.8041666666666667,1.9041666666666663,7.995177629911443,7.996299531907371,0.0011219019959280985
0.8041666666666667,1.9124999999999999,7.995140021118098,7.9952013538818045,6.133276370690055e-05
0.8041666666666667,1.9208333333333332,7.994866871795778,7.993961031316438,-0.0009058404793398367
0.8041666666666667,1.9291666666666667,7.994461985596162,7.992469279997444,-0.0019927055987185582
0.8041666666666667,1.9375,7.994101472325244,7.9914656660322105,-0.0026358062930338377
0.8041666666666667,1.9458333333333329,7.993793339323538,7.991440413178744,-0.0023529261447938765
0.8041666666666667,1.9541666666666666,7.993340513621023,7.9923584555593505,-0.0009820580616723973
0.8041666666666667,1.9625,7.992541440490608,7.993621865028632,0.0010804245380242605
0.8041666666666667,1.9708333333333332,7.991465237570161,7.994485618186616,0.003020380616455043
0.8041666666666667,1.9791666666666663,7.990398308218737,7.994517360340684,0.0041190521219469645
0.8041666666666667,1.9874999999999996,7.989693165187533,7.993726240033582,0.0040330748460490895
0.8041666666666667,1.9958333333333333,7.989595036748222,7.9926260984637,0.0030310617154780672
0.8041666666666667,2.0041666666666664,7.989910006460163,7.991499056529764,0.0015890500696009724
0.8041666666666667,2.0124999999999997,7.990289208731348,7.990394257915457,0.00010504918410880748
0.8041666666666667,2.020833333333334,7.990402312877288,7.989639542297208,-0.0007627705800796747
0.8041666666666667,2.029166666666667,7.990205217957655,7.989565674628425,-0.0006395433292301078
0.8041666666666667,2.0374999999999996,7.989906171137583,7.9900648999836195,0.00015872884603673754
0.8041666666666667,2.0458333333333334,7.989759209476729,7.99052437054927,0.0007651610725414315
0.8041666666666667,2.0541666666666667,7.989952478677487,7.9906866270065775,0.0007341483290908002
0.8041666666666667,2.0625,7.99044019244313,7.991170000918771,0.0007298084756408585
0.8041666666666667,2.070833333333333,7.991019525324605,7.992902259673575,0.0018827343489702386
0.8041666666666667,2.0791666666666666,7.9914710661797095,7.995164805247009,0.0036937390672990844
0.8041666666666667,2.0875000000000004,7.991721403156317,7.996415483532876,0.004694080376558496
0.8041666666666667,2.095833333333333,7.991902722886999,7.996561542308172,0.004658819421173632
0.8041666666666667,2.1041666666666665,7.992240028857402,7.997015408594387,0.004775379736985386
0.8041666666666667,2.1125,7.992905665666353,7.998013502549989,0.005107836883636807
0.8041666666666667,2.1208333333333322,7.993893212839095,7.998815014571453,0.004921801732358233
0.8041666666666667,2.129166666666667,7.994992758250525,7.998713239815066,0.003720481564540634
0.8041666666666667,2.1375,7.995920976158517,7.997937529307741,0.0020165531492244426
0.8041666666666667,2.145833333333333,7.996511987225215,7.997187992295097,0.0006760050698817466
0.8041666666666667,2.154166666666667,7.996870948270015,7.997684374106935,0.0008134258369203451
0.8041666666666667,2.1624999999999996,7.997299682416163,8.000323034162232,0.0030233517460693804
0.8041666666666667,2.1708333333333334,7.9980405619975565,8.003387078595757,0.005346516598200957
0.8041666666666667,2.1791666666666667,7.9990987932389706,8.004058117032189,0.004959323793218395
0.8041666666666667,2.1875,8.000284541009794,8.002451426833849,0.002166885824054887
0.8041666666666667,2.195833333333333,8.001248425757359,8.00151416979327,0.00026574403591084206
0.8041666666666667,2.2041666666666666,8.001625936597398,8.002785469222482,0.001159532625084836
0.8041666666666667,2.2125000000000004,8.001380753878093,8.005048995461864,0.0036682415837709925
0.8041666666666667,2.220833333333333,8.000748013675487,8.006792335723622,0.006044322048134987
0.8041666666666667,2.2291666666666665,7.999896941375123,8.008534696216287,0.008637754841164025
0.8041666666666667,2.2375,7.998865257691934,8.01050976304691,0.011644505354976076
0.8041666666666667,2.2458333333333322,7.9975812947136955,8.011248348646866,0.013667053933170692
0.8041666666666667,2.254166666666667,7.99587131911811,8.009260535665746,0.013389216547635918
0.8041666666666667,2.2625,7.993615369496198,8.005805303324792,0.012189933828593347
0.8041666666666667,2.270833333333333,7.990825018302959,8.0029520414354,0.012127023132440407
0.8041666666666667,2.279166666666667,7.98755110581357,8.000082934225372,0.012531828411801449
0.8041666666666667,2.2874999999999996,7.983906750544106,7.995221685499978,0.011314934955871436
0.8041666666666667,2.2958333333333334,7.98017150868608,7.987662620827804,0.007491112141723377
0.8041666666666667,2.3041666666666667,7.97677798861944,7.979876276563002,0.003098287943561928
0.8041666666666667,2.3125,7.9741810410898974,7.973722794398054,-0.0004582466918430228
0.8041666666666667,2.320833333333333,7.972679647523629,7.968554760100997,-0.004124887422631396
0.8041666666666667,2.3291666666666666,7.972281392733221,7.964312379932804,-0.007969012800416841
0.8041666666666667,2.3375000000000004,7.9727494040964535,7.961646999976994,-0.011102404119459841
0.8041666666666667,2.345833333333333,7.973827020499396,7.961560716906636,-0.012266303592760153
0.8041666666666667,2.3541666666666665,7.97530751119578,7.964041960030135,-0.011265551165644538
0.8041666666666667,2.3625,7.977041519581823,7.968060333320446,-0.00898118626137645
0.8041666666666667,2.3708333333333322,7.979041046236076,7.972650264374243,-0.006390781861832728
0.8041666666666667,2.379166666666667,7.981481835950348,7.976614393640907,-0.004867442309440584
0.8041666666666667,2.3875,7.984539168051464,7.979913010306161,-0.004626157745303061
0.8041666666666667,2.395833333333333,7.988166287112172,7.984748934166929,-0.003417352945242591
0.8041666666666667,2.404166666666667,7.991935121220416,7.992189577961876,0.00025445674146062913
0.8041666666666667,2.4124999999999996,7.99517387550214,8.001768982950251,0.00659510744811076
0.8041666666666667,2.4208333333333334,7.997363338452778,8.012055347166797,0.01469200871401899
0.8041666666666667,2.4291666666666667,7.998283002225241,8.02140112863507,0.023118126409828577
0.8041666666666667,2.4375,7.997839271821178,8.027361832722875,0.029522560901696693
0.8041666666666667,2.445833333333333,7.996064351154353,8.028110586609419,0.032046235455065464
0.8041666666666667,2.4541666666666666,7.993252991335357,8.022509301238305,0.02925630990294792
0.8041666666666667,2.4625000000000004,7.989722686317271,8.01057914437898,0.02085645806170877
0.8041666666666667,2.470833333333333,7.98553732059576,7.995465414431083,0.009928093835323004
0.8041666666666667,2.4791666666666665,7.9808172041462715,7.980623957256865,-0.0001932468894061401
0.8041666666666667,2.4875,7.975973760979655,7.969785931366525,-0.006187829613129914
0.8041666666666667,2.4958333333333322,7.971697760780216,7.964725681570168,-0.0069720792100484985
0.8041666666666667,2.504166666666667,7.968679755577776,7.962861521884035,-0.005818233693741348
0.8041666666666667,2.5125,7.967415097924486,7.9611555741506805,-0.006259523773805675
0.8041666666666667,2.520833333333333,7.967958102500926,7.959523467718905,-0.008434634782021
0.8041666666666667,2.529166666666667,7.969898245241691,7.960125872309833,-0.009772372931857731
0.8041666666666667,2.5374999999999996,7.972675754081365,7.96380589101741,-0.008869863063955208
0.8041666666666667,2.5458333333333334,7.975751575919489,7.9704254135036745,-0.005326162415814295
0.8041666666666667,2.5541666666666667,7.978870168623774,7.980138820283246,0.0012686516594717645
0.8041666666666667,2.5625,7.98184682431049,7.991274140322094,0.00942731601160407
0.8041666666666667,2.570833333333333,7.984260944513774,8.0015621593915,0.017301214877726956
0.8041666666666667,2.5791666666666666,7.985604486863062,8.01080130049074,0.02519681362767834
0.8041666666666667,2.5875000000000004,7.985538910866848,8.018896624755598,0.03335771388875042
0.8041666666666667,2.595833333333333,7.98424987928914,8.025616274585529,0.041366395296388525
0.8041666666666667,2.6041666666666665,7.98214771129306,8.029347664003916,0.047199952710855975
0.8041666666666667,2.6125,7.97941294151489,8.02633705888518,0.04692411737028923
0.8041666666666667,2.6208333333333322,7.976064933515859,8.015717222509036,0.0396522889931763
0.8041666666666667,2.629166666666667,7.972378136134059,8.001395634544169,0.029017498410110143
0.8041666666666667,2.6375,7.969036034905816,7.988208524715156,0.019172489809339943
0.8041666666666667,2.645833333333333,7.966624008641214,7.978837489268965,0.012213480627750961
0.8041666666666667,2.6541666666666663,7.9652138933984595,7.972698757349366,0.007484863950906195
0.8041666666666667,2.6624999999999996,7.964435684152537,7.96881652681707,0.004380842664533091
0.8041666666666667,2.6708333333333334,7.963880848501034,7.968265396720399,0.004384548219364959
0.8041666666666667,2.6791666666666667,7.96374042036808,7.9696241310564515,0.005883710688371124
0.8041666666666667,2.6875,7.964533379849812,7.9701049995618085,0.005571619711996156
0.8041666666666667,2.695833333333333,7.966616465567418,7.969852747497884,0.0032362819304667667
0.8041666666666667,2.7041666666666666,7.969402641235722,7.969958338287103,0.0005556970513813653
0.8041666666666667,2.7125,7.971855730126542,7.971197072794545,-0.0006586573319973255
0.8041666666666667,2.720833333333333,7.972980034847328,7.972963938842295,-1.6096005033716665e-05
0.8041666666666667,2.7291666666666665,7.97350436005149,7.975462518131388,0.0019581580798977427
0.8041666666666667,2.7375,7.974506134558811,7.978289513478081,0.003783378919269609
0.8041666666666667,2.7458333333333322,7.976570680379213,7.981088171356721,0.004517490977508309
0.8041666666666667,2.754166666666667,7.979884219338467,7.982845360177893,0.002961140839426335
0.8041666666666667,2.7625,7.983131009525073,7.982375473798688,-0.0007555357263857587
0.8041666666666667,2.770833333333333,7.984875132984205,7.9806608986001155,-0.004214234384089188
0.8041666666666667,2.7791666666666663,7.983804482636737,7.977911491669307,-0.005892990967430123
0.8041666666666667,2.7874999999999996,7.978171829264863,7.974429268082182,-0.0037425611826806815
0.8041666666666667,2.7958333333333334,7.964861780279168,7.970988312833946,0.006126532554777242
0.8041666666666667,2.8041666666666667,7.928206319102776,7.960582678674462,0.032376359571686386
0.8041666666666667,2.8125,7.840593940580782,7.874065526269796,0.03347158568901332
0.8041666666666667,2.820833333333333,7.740842631807266,7.733398674658509,-0.007443957148757008
0.8041666666666667,2.8291666666666666,7.677677394888409,7.634509974114751,-0.043167420773658094
0.8041666666666667,2.8375,7.667505951079615,7.661522692242806,-0.005983258836809391
0.8041666666666667,2.845833333333333,7.691730390002121,7.7616212348056495,0.06989084480352847
0.8041666666666667,2.8541666666666665,7.74785652575745,7.829183770539058,0.08132724478160824
0.8041666666666667,2.8625,7.81295882588982,7.875336409968356,0.06237758407853633
0.8041666666666667,2.8708333333333322,7.8673502205368395,7.926549169564008,0.05919894902716827
0.8041666666666667,2.879166666666667,7.912600681372951,7.958100619657726,0.04549993828477472
0.8041666666666667,2.8875,7.942324428515396,7.9556593390104515,0.013334910495055752
0.8041666666666667,2.895833333333333,7.944601118711354,7.931315255698669,-0.013285863012685084
0.8041666666666667,2.9041666666666663,7.943905035534706,7.920088762544823,-0.023816272989883203
0.8041666666666667,2.9124999999999996,7.961097304330929,7.92921481135719,-0.031882492973738685
0.8041666666666667,2.9208333333333334,7.973710781495931,7.94622479677681,-0.027485984719120893
0.8041666666666667,2.9291666666666667,7.945016180377403,7.943061830973941,-0.0019543494034612863
0.8041666666666667,2.9375,7.617007126086448,7.689570902320485,0.07256377623403676
0.8041666666666667,2.945833333333333,4.9566242990144485,4.5055604061770875,-0.4510638928373609
0.8041666666666667,2.9541666666666666,1.9473226328921565,1.714279376788543,-0.23304325610361354
0.8041666666666667,2.9625,1.4315735908111789,1.4142427755157523,-0.01733081529542657
0.8041666666666667,2.970833333333333,1.4003264648532712,1.4001284585165652,-0.00019800633670596923
0.8041666666666667,2.9791666666666665,1.4000013790089478,1.3999999286161096,-1.4503928382758602e-06
0.8041666666666667,2.9875,1.3999996628835778,1.4000036194663537,3.956582775854756e-06
0.8041666666666667,2.995833333333333,1.4000001433652083,1.4000000857668269,-5.759838139773876e-08
0.8041666666666667,3.0041666666666664,1.3999999988168124,1.3999999904750111,-8.341801249756031e-09
0.8041666666666667,3.0125,1.3999999996385704,1.400000002424942,2.7863715779119502e-09
0.8041666666666667,3.020833333333333,1.400000000113464,1.4000000000398831,-7.358091913545195e-11
0.8041666666666667,3.0291666666666663,1.3999999999959647,1.3999999999910757,-4.888978111239339e-12
0.8041666666666667,3.0374999999999996,1.3999999999996036,1.40000000000167,2.0663470934323414e-12
0.8041666666666667,3.0458333333333334,1.4000000000001083,1.3999999999999704,-1.3788969965844444e-13
0.8041666666666667,3.0541666666666667,1.3999999999999904,1.39999999999999,-4.440892098500626e-16
0.8041666666666667,3.0625,1.3999999999999988,1.3999999999999997,8.881784197001252e-16
0.8041666666666667,3.070833333333333,1.4,1.3999999999999997,-2.220446049250313e-16
0.8041666666666667,3.0791666666666666,1.4,1.4,0.0
0.8041666666666667,3.0875,1.4,1.4,0.0
0.8041666666666667,3.095833333333333,1.4,1.4,0.0
0.8041666666666667,3.1041666666666665,1.4,1.4,0.0
0.8041666666666667,3.1125,1.4,1.4,0.0
0.8041666666666667,3.1208333333333322,1.4,1.4,0.0
0.8041666666666667,3.129166666666667,1.4,1.4,0.0
0.8041666666666667,3.1375,1.4,1.4,0.0
0.8041666666666667,3.145833333333333,1.4,1.4,0.0
0.8041666666666667,3.1541666666666663,1.4,1.4,0.0
0.8041666666666667,3.1624999999999996,1.4,1.4,0.0
0.8041666666666667,3.1708333333333334,1.4,1.4,0.0
0.8041666666666667,3.1791666666666667,1.4,1.4,0.0
0.8041666666666667,3.1875,1.4,1.4,0.0
0.8041666666666667,3.195833333333333,1.4,1.4,0.0
0.8041666666666667,3.2041666666666666,1.4,1.4,0.0
0.8041666666666667,3.2125,1.4,1.4,0.0
0.8041666666666667,3.220833333333333,1.4,1.4,0.0
0.8041666666666667,3.2291666666666665,1.4,1.4,0.0
0.8041666666666667,3.2375,1.4,1.4,0.0
0.8041666666666667,3.2458333333333322,1.4,1.4,0.0
0.8041666666666667,3.254166666666667,1.4,1.4,0.0
0.8041666666666667,3.2625,1.4,1.4,0.0
0.8041666666666667,3.270833333333333,1.4,1.4,0.0
0.8041666666666667,3.2791666666666663,1.4,1.4,0.0
0.8041666666666667,3.2874999999999996,1.4,1.4,0.0
0.8041666666666667,3.2958333333333334,1.4,1.4,0.0
0.8041666666666667,3.3041666666666667,1.4,1.4,0.0
0.8041666666666667,3.3125,1.4,1.4,0.0
0.8041666666666667,3.320833333333333,1.4,1.4,0.0
0.8041666666666667,3.3291666666666666,1.4,1.4,0.0
0.8041666666666667,3.3375,1.4,1.4,0.0
0.8041666666666667,3.345833333333333,1.4,1.4,0.0
0.8041666666666667,3.3541666666666665,1.4,1.4,0.0
0.8041666666666667,3.3625,1.4,1.4,0.0
0.8041666666666667,3.3708333333333322,1.4,1.4,0.0
0.8041666666666667,3.379166666666667,1.4,1.4,0.0
0.8041666666666667,3.3874999999999997,1.4,1.4,0.0
0.8041666666666667,3.395833333333333,1.4,1.4,0.0
0.8041666666666667,3.4041666666666663,1.4,1.4,0.0
0.8041666666666667,3.4124999999999996,1.4,1.4,0.0
0.8041666666666667,3.4208333333333334,1.4,1.4,0.0
0.8041666666666667,3.429166666666667,1.4,1.4,0.0
0.8041666666666667,3.4375,1.4,1.4,0.0
0.8041666666666667,3.445833333333332,1.4,1.4,0.0
0.8041666666666667,3.4541666666666666,1.4,1.4,0.0
0.8041666666666667,3.4625,1.4,1.4,0.0
0.8041666666666667,3.470833333333333,1.4,1.4,0.0
0.8041666666666667,3.4791666666666665,1.4,1.4,0.0
0.8041666666666667,3.4875,1.4,1.4,0.0
0.8041666666666667,3.4958333333333327,1.4,1.4,0.0
0.8041666666666667,3.5041666666666664,1.4,1.4,0.0
0.8041666666666667,3.5124999999999997,1.4,1.4,0.0
0.8041666666666667,3.520833333333333,1.4,1.4,0.0
0.8041666666666667,3.5291666666666663,1.4,1.4,0.0
0.8041666666666667,3.5374999999999996,1.4,1.4,0.0
0.8041666666666667,3.5458333333333334,1.4,1.4,0.0
0.8041666666666667,3.554166666666667,1.4,1.4,0.0
0.8041666666666667,3.5625,1.4,1.4,0.0
0.8041666666666667,3.5708333333333324,1.4,1.4,0.0
0.8041666666666667,3.5791666666666666,1.4,1.4,0.0
0.8041666666666667,3.5875,1.4,1.4,0.0
0.8041666666666667,3.595833333333333,1.4,1.4,0.0
0.8041666666666667,3.6041666666666665,1.4,1.4,0.0
0.8041666666666667,3.6125,1.4,1.4,0.0
0.8041666666666667,3.6208333333333327,1.4,1.4,0.0
0.8041666666666667,3.6291666666666664,1.4,1.4,0.0
0.8041666666666667,3.6374999999999997,1.4,1.4,0.0
0.8041666666666667,3.645833333333333,1.4,1.4,0.0
0.8041666666666667,3.6541666666666663,1.4,1.4,0.0
0.8041666666666667,3.6624999999999996,1.4,1.4,0.0
0.8041666666666667,3.6708333333333334,1.4,1.4,0.0
0.8041666666666667,3.679166666666667,1.4,1.4,0.0
0.8041666666666667,3.6875,1.4,1.4,0.0
0.8041666666666667,3.695833333333333,1.4,1.4,0.0
0.8041666666666667,3.7041666666666657,1.4,1.4,0.0
0.8041666666666667,3.7125,1.4,1.4,0.0
0.8041666666666667,3.720833333333333,1.4,1.4,0.0
0.8041666666666667,3.7291666666666665,1.4,1.4,0.0
0.8041666666666667,3.7375,1.4,1.4,0.0
0.8041666666666667,3.7458333333333327,1.4,1.4,0.0
0.8041666666666667,3.7541666666666664,1.4,1.4,0.0
0.8041666666666667,3.7624999999999997,1.4,1.4,0.0
0.8041666666666667,3.7708333333333326,1.4,1.4,0.0
0.8041666666666667,3.7791666666666663,1.4,1.4,0.0
0.8041666666666667,3.7874999999999996,1.4,1.4,0.0
0.8041666666666667,3.7958333333333334,1.4,1.4,0.0
0.8041666666666667,3.8041666666666667,1.4,1.4,0.0
0.8041666666666667,3.8125,1.4,1.4,0.0
0.8041666666666667,3.820833333333333,1.4,1.4,0.0
0.8041666666666667,3.8291666666666657,1.4,1.4,0.0
0.8041666666666667,3.8375,1.4,1.4,0.0
0.8041666666666667,3.845833333333333,1.4,1.4,0.0
0.8041666666666667,3.8541666666666665,1.3999999999999997,1.3999999999999893,-1.0436096431476471e-14
0.8041666666666667,3.8625,1.3999999999999997,1.3999999999999688,-3.086420008457935e-14
0.8041666666666667,3.8708333333333327,1.3999999999999997,1.399999999999948,-5.1736392947532295e-14
0.8041666666666667,3.8791666666666664,1.3999999999999997,1.3999999999999462,-5.3512749786932545e-14
0.8041666666666667,3.8874999999999997,1.3999999999999997,1.3999999999999526,-4.707345624410664e-14
0.8041666666666667,3.8958333333333326,1.3999999999999997,1.3999999999999384,-6.128431095930864e-14
0.8041666666666667,3.9041666666666663,1.3999999999999997,1.3999999999999657,-3.397282455352979e-14
0.8041666666666667,3.9124999999999996,1.3999999999999997,1.3999999999999997,0.0
0.8041666666666667,3.9208333333333334,1.3999999999999997,1.3999999999999997,0.0
0.8041666666666667,3.9291666666666667,1.3999999999999997,1.3999999999999997,0.0
0.8041666666666667,3.9375,1.3999999999999997,1.3999999999999986,-1.1102230246251565e-15
0.8041666666666667,3.945833333333333,1.3999999999999997,1.3999999999999526,-4.707345624410664e-14
0.8041666666666667,3.9541666666666657,1.3999999999999997,1.3999999999999062,-9.348077867343818e-14
0.8041666666666667,3.9625,1.3999999999999997,1.399999999999877,-1.2279066652354231e-13
0.8041666666666667,3.970833333333333,1.3999999999999686,1.3999999999998478,-1.2079226507921703e-13
0.8041666666666667,3.9791666666666665,1.3999999999998816,1.3999999999997088,-1.7275070263167436e-13
0.8041666666666667,3.9875,1.3999999999998722,1.3999999999996822,-1.900701818158268e-13
0.8041666666666667,3.995833333333333,1.399999999999805,1.3999999999996318,-1.7319479184152442e-13
