# step time dt cfl wall_time total_l2 rho_l2 rhou_l2 rhov_l2 rhow_l2 rhoE_l2 rho_reference_l2 rhou_reference_l2 rhov_reference_l2 rhow_reference_l2 rhoE_reference_l2 rho_normalized_l2 rhou_normalized_l2 rhov_normalized_l2 rhow_normalized_l2 rhoE_normalized_l2 rho_linf rhou_linf rhov_linf rhow_linf rhoE_linf rho_reference_linf rhou_reference_linf rhov_reference_linf rhow_reference_linf rhoE_reference_linf rho_normalized_linf rhou_normalized_linf rhov_normalized_linf rhow_normalized_linf rhoE_normalized_linf consecutive reconstruction_fallbacks riemann_fallbacks residual_checked stop_reason
0 0 0 0.02 0 0.26562722182036164 0.35885550702767555 0.36798082241804481 0.20552889159307758 0 0.21531330425449405 nan nan nan nan nan nan nan nan nan nan 15.940003939718368 19.121171730181871 13.746785208894204 0 9.5640023655139874 nan nan nan nan nan nan nan nan nan nan 0 0 0 0 running
10 0.0065110380111390769 0.00064155178447089945 0.02 0.39904400000000001 0.23549881230327643 0.32845846161094433 0.31488133507828497 0.17416976662746431 0 0.19982024219205724 nan nan nan nan nan nan nan nan nan nan 14.471060896555761 17.313059042647701 11.435161649569341 0 8.8099028939369823 nan nan nan nan nan nan nan nan nan nan 0 0 0 0 running
20 0.012911908594361898 0.00064062829710881094 0.02 0.71842200000000001 0.21247020277046405 0.30477031554841816 0.27535522991959077 0.14940349873842881 0 0.1862554214184752 nan nan nan nan nan nan nan nan nan nan 13.060565186116488 15.542262710257278 9.7228924175495184 0 8.0762906558715848 nan nan nan nan nan nan nan nan nan nan 0 0 0 0 running
30 0.019345965042602224 0.00064610287297203609 0.02 1.0267999999999999 0.19465294666002292 0.28516300521346877 0.2461744949500638 0.13057033362106873 0 0.17458641037874528 nan nan nan nan nan nan nan nan nan nan 11.918204122557778 13.818544865069311 8.3979711736433416 0 7.4280386114496491 nan nan nan nan nan nan nan nan nan nan 0 0 0 0 running
40 0.025844783788430407 0.00065304160721517813 0.02 1.3759140000000001 0.18037650539893277 0.2684694966827797 0.22365211155692258 0.11616589627925919 0 0.16458361214992612 nan nan nan nan nan nan nan nan nan nan 11.006572005793503 12.172152381982993 7.3518271750883342 0 6.8704638130098505 nan nan nan nan nan nan nan nan nan nan 0 0 0 0 running
50 0.032406352621307408 0.00065712397330423421 0.02 1.694013 0.16866030141972274 0.25408002595572632 0.20568739974058131 0.10503636738606263 0 0.15599641630369093 nan nan nan nan nan nan nan nan nan nan 10.219755738449123 10.633302196033281 6.5175397784076932 0 6.3935279921323609 nan nan nan nan nan nan nan nan nan nan 0 0 0 0 running
60 0.038978892090151748 0.00065747933335014142 0.02 1.999649 0.15895723580120041 0.2416853555122527 0.19116185343812797 0.096378670078558742 0 0.14863882649797855 nan nan nan nan nan nan nan nan nan nan 9.5390100623000578 9.2313396181712992 5.849321691792178 0 5.9858663414894453 nan nan nan nan nan nan nan nan nan nan 0 0 0 0 running
70 0.045559171189539116 0.00065858192113563585 0.02 2.2850790000000001 0.15082781229804149 0.23096159875059413 0.17927499558726559 0.089531308464137621 0 0.14229021567740022 nan nan nan nan nan nan nan nan nan nan 8.9451497253499213 7.9735804341943881 5.306730777549296 0 5.6329935657575172 nan nan nan nan nan nan nan nan nan nan 0 0 0 0 running
80 0.052154158224746824 0.0006603404413483353 0.02 2.671929 0.14394603510641618 0.22163294055755536 0.16946524334869664 0.084015324317840631 0 0.13676293851272073 nan nan nan nan nan nan nan nan nan nan 8.4224951423551833 7.0858440185299241 4.8594775215053225 0 5.3227421584868839 nan nan nan nan nan nan nan nan nan nan 0 0 0 0 running
90 0.058769919998076015 0.00066266562862199398 0.02 3.0062319999999998 0.13806746917983695 0.21347223399959278 0.1613188084804435 0.079492963678294087 0 0.13190847696770913 nan nan nan nan nan nan nan nan nan nan 7.9587609395488403 6.9379978868770031 4.485352166778581 0 5.0549189229668778 nan nan nan nan nan nan nan nan nan nan 0 0 0 0 running
100 0.065411641200199336 0.00066547015712550947 0.02 3.3696660000000001 0.13300155315516951 0.20628915706754519 0.15451148748851579 0.075723633015714858 0 0.12760870276664571 nan nan nan nan nan nan nan nan nan nan 7.544171932798565 6.6939134838518708 4.1679956243019234 0 4.8127462212784824 nan nan nan nan nan nan nan nan nan nan 0 0 0 0 running
110 0.072083645459287055 0.00066866899795520174 0.02 3.755258 0.12859261942223074 0.19991900249104907 0.14877312408199783 0.072534365984082888 0 0.1237660074273501 nan nan nan nan nan nan nan nan nan nan 7.1708816228277303 6.3826862371716233 3.9016684316561041 0 4.5913753394641796 nan nan nan nan nan nan nan nan nan nan 0 0 0 0 running
120 0.078789421123634559 0.00067217994048726073 0.02 4.105118 0.12471371978170155 0.19422181105814382 0.14387978514831248 0.069799268404461545 0 0.1203001129430723 nan nan nan nan nan nan nan nan nan nan 6.8325527681294735 6.0279941397488379 3.6730620714428848 0 4.3872205528139965 nan nan nan nan nan nan nan nan nan nan 0 0 0 0 running
130 0.085531654995355796 0.00067592473814772898 0.02 4.45939 0.12126152853980625 0.18908013004430446 0.13964754682752253 0.067424837549254907 0 0.11714499514700422 nan nan nan nan nan nan nan nan nan nan 6.5242154958574758 5.6487792119081588 3.4704991677876436 0 4.1976073641395422 nan nan nan nan nan nan nan nan nan nan 0 0 0 0 running
140 0.092312278877837925 0.00067983028089950242 0.02 4.797085 0.11815273729792297 0.1843969545879369 0.13592829316363236 0.065339925118029232 0 0.11424667652429223 nan nan nan nan nan nan nan nan nan nan 6.2470442497255414 5.2598805457440108 3.289217047154732 0 4.0205119820429909 nan nan nan nan nan nan nan nan nan nan 0 0 0 0 running
150 0.099132526385970851 0.00068382959074184189 0.02 5.1281840000000001 0.11532161319385902 0.18009379913400445 0.1326064379409844 0.063491367121236583 0 0.11156152911882865 nan nan nan nan nan nan nan nan nan nan 5.9912631538387515 4.8726354190653076 3.1254968456153964 0 3.8543737028967859 nan nan nan nan nan nan nan nan nan nan 0 0 0 0 running
160 0.10599299931357957 0.00068786270680314435 0.02 5.4597610000000003 0.11271716169549735 0.17610856508860265 0.12959517085884012 0.061836429866773387 0 0.10905463601918776 nan nan nan nan nan nan nan nan nan nan 5.7541131914214567 4.6641419234400026 2.9763893491091369 0 3.6997362146768249 nan nan nan nan nan nan nan nan nan nan 0 0 0 0 running
170 0.11289374149160009 0.00069187731128689982 0.02 5.7970269999999999 0.1103013122772698 0.17239331262483767 0.12682979547075968 0.060346904218693924 0 0.10670003441770295 nan nan nan nan nan nan nan nan nan nan 5.5333022472269722 4.5932671650755577 2.8395422780619013 0 3.5569771323889126 nan nan nan nan nan nan nan nan nan nan 0 0 0 0 running
180 0.11983431718977554 0.0006958290377775051 0.02 6.1270309999999997 0.10804446870486169 0.16891002980310788 0.12426286220703912 0.05899834228132831 0 0.10447667014535844 nan nan nan nan nan nan nan nan nan nan 5.3269153909790754 4.4895527548859269 2.7130618320354971 0 3.4216276186442238 nan nan nan nan nan nan nan nan nan nan 0 0 0 0 running
190 0.12681299636462087 0.00069936686319849227 0.02 6.4726309999999998 0.10592460787836634 0.16562969349702569 0.12186095156533963 0.057771223278102045 0 0.10236850906187553 nan nan nan nan nan nan nan nan nan nan 5.1333679262670584 4.3596498280437848 2.5954475371688703 0 3.2930395300903896 nan nan nan nan nan nan nan nan nan nan 0 0 0 0 running
200 0.13382353993311524 0.00070241452292350891 0.02 6.8260430000000003 0.10392626565116905 0.16253152254968622 0.11960164760000078 0.056650557887220503 0 0.10036437525885145 nan nan nan nan nan nan nan nan nan nan 4.9514242743848023 4.2097765660365631 2.4855407701207497 0 3.1707313397003376 nan nan nan nan nan nan nan nan nan nan 0 0 0 0 running
210 0.1408637739660942 0.00070531673194837538 0.02 7.1853579999999999 0.10203700902051138 0.15959805744550151 0.11746893687233921 0.05562289366804498 0 0.09845485604558947 nan nan nan nan nan nan nan nan nan nan 4.7799221953887674 4.0453805035730745 2.3823309144712517 0 3.0542122036582624 nan nan nan nan nan nan nan nan nan nan 0 0 0 0 running
220 0.14793216031623779 0.00070805893393089563 0.02 7.5208550000000001 0.10024693409393289 0.15681522157204497 0.11545175266526334 0.054674414591122593 0 0.096632429624396596 nan nan nan nan nan nan nan nan nan nan 4.6178511836069411 3.8711930201215896 2.2849811973546772 0 2.9430406691649473 nan nan nan nan nan nan nan nan nan nan 0 0 0 0 running
230 0.15502703780176327 0.00071063057170126117 0.02 7.8767360000000002 0.098548403943332724 0.15417153647887116 0.11354200880785324 0.053795646724661465 0 0.094891082657899334 nan nan nan nan nan nan nan nan nan nan 4.4643452986894268 3.6912525347459511 2.1928003527205679 0 2.8368285001426372 nan nan nan nan nan nan nan nan nan nan 0 0 0 0 running
240 0.1621466588466654 0.00071302448691137584 0.02 8.2260720000000003 0.096935792649973124 0.15165820114117309 0.11173377806779826 0.052980223764334616 0 0.093226542564837395 nan nan nan nan nan nan nan nan nan nan 4.3186586421106021 3.5089284798867957 2.1052140998680318 0 2.7352321983375019 nan nan nan nan nan nan nan nan nan nan 0 0 0 0 running
250 0.16928922029145801 0.00071523634683916932 0.02 8.5488689999999998 0.095404180033401648 0.1492673806247744 0.11002226731907154 0.052222240390204226 0 0.091635010903288364 nan nan nan nan nan nan nan nan nan nan 4.1801453281370833 3.4710773859952413 2.0615151960297986 0 2.6379464556882462 nan nan nan nan nan nan nan nan nan nan 0 0 0 0 running
260 0.17645288868393424 0.00071726411323973986 0.02 8.8966849999999997 0.093950306070921002 0.14699360409213005 0.10840472468574365 0.051517457922220941 0 0.090114081059205833 nan nan nan nan nan nan nan nan nan nan 4.0482430611713784 3.4261807850583113 2.0473729613094025 0 2.5458231825551665 nan nan nan nan nan nan nan nan nan nan 0 0 0 0 running
270 0.18363582058852804 0.00071910757360634761 0.02 9.2074069999999999 0.092568368668216661 0.1448286747382718 0.10687650635554599 0.050856586852396517 0 0.088657708779258673 nan nan nan nan nan nan nan nan nan nan 3.9224596265160327 3.3670165325260304 2.0319637015850756 0 2.457653710458839 nan nan nan nan nan nan nan nan nan nan 0 0 0 0 running
280 0.19083617860448887 0.00072076794537440059 0.02 9.5767710000000008 0.091256489888286815 0.14276847116955288 0.10543445534262512 0.050240476291865732 0 0.087266078989112345 nan nan nan nan nan nan nan nan nan nan 3.8023617513484149 3.2958620183342942 2.0154393258278875 0 2.372800431523832 nan nan nan nan nan nan nan nan nan nan 0 0 0 0 running
290 0.19805214384350814 0.00072224755598489937 0.02 9.9387030000000003 0.090012059357022334 0.14080858349081082 0.1040753648973673 0.049666977366415295 0 0.085937807422203666 nan nan nan nan nan nan nan nan nan nan 3.6875659002779342 3.214854323920151 1.997940350566072 0 2.2910865216871392 nan nan nan nan nan nan nan nan nan nan 0 0 0 0 running
300 0.20528192561497138 0.00072354959630405288 0.02 10.29308 0.088831647972578212 0.13894397674111983 0.10279542015691569 0.049130965336518014 0 0.084670712615688357 nan nan nan nan nan nan nan nan nan nan 3.5777306547641379 3.1259691342690914 1.9795418429042515 0 2.2123527039855015 nan nan nan nan nan nan nan nan nan nan 0 0 0 0 running
310 0.21252376901891012 0.00072467794045836663 0.02 10.667531 0.087712112403416462 0.13716975862596628 0.10159036158023523 0.048630413132315475 0 0.08346263824262537 nan nan nan nan nan nan nan nan nan nan 3.4725503917063101 3.0310031177361925 1.960326257301529 0 2.1364550391817172 nan nan nan nan nan nan nan nan nan nan 0 0 0 0 running
320 0.21977596105364308 0.00072563702163405664 0.02 11.104314 0.086650417678250283 0.135481190785262 0.10045573549395137 0.048164071078387299 0 0.082311535194096092 nan nan nan nan nan nan nan nan nan nan 3.3717500289003288 2.931565976795492 1.9403644302041421 0 2.0632629699269667 nan nan nan nan nan nan nan nan nan nan 0 0 0 0 running
330 0.22703564396144243 0.00072604317479130025 0.02 11.493563999999999 0.085643723261413951 0.13387396180387787 0.099387113797306706 0.047730958823516828 0 0.081215492377692836 nan nan nan nan nan nan nan nan nan nan 3.2750961805424321 2.8290974086795222 1.9197195716883306 0 1.9926689607737313 nan nan nan nan nan nan nan nan nan nan 0 0 0 0 running
340 0.2342955284419197 0.00072592080630672908 0.02 11.836963000000001 0.084689545086703413 0.1323444572343408 0.098380451850973868 0.047329969171833984 0 0.080172941732875452 nan nan nan nan nan nan nan nan nan nan 3.1824314654096097 2.7741334162893976 1.9049844596555436 0 1.9246152139702182 nan nan nan nan nan nan nan nan nan nan 0 0 0 0 running
350 0.24155337092294588 0.00072565123758465454 0.02 12.208866 0.083784578988421718 0.13088784553361626 0.097430815691484957 0.04695954152575664 0 0.079181360725149363 nan nan nan nan nan nan nan nan nan nan 3.0935469023722098 2.7502869578737132 1.8905827510447022 0 1.8590010820090268 nan nan nan nan nan nan nan nan nan nan 0 0 0 0 running
360 0.24880775871525729 0.00072524534364119906 0.02 12.583677 0.082925539797784276 0.12949938109245143 0.096533305802661715 0.046618134557365937 0 0.078238139367208068 nan nan nan nan nan nan nan nan nan nan 3.008241360546668 2.7184159826155936 1.8749978790682582 0 1.83416178133665 nan nan nan nan nan nan nan nan nan nan 0 0 0 0 running
370 0.25605739089541091 0.00072471452315491327 0.02 12.911248000000001 0.082113167779435198 0.12817962148635709 0.095684996044118203 0.046313610728730165 0 0.077345182414855926 nan nan nan nan nan nan nan nan nan nan 2.9263291559820237 2.6795122759681762 1.8583743265418393 0 1.817963320961292 nan nan nan nan nan nan nan nan nan nan 0 0 0 0 running
380 0.26330108263026014 0.00072407053203760012 0.02 13.293824000000001 0.081341766517538286 0.12692066988755088 0.09488006475434585 0.046038402754213101 0 0.076497040729141305 nan nan nan nan nan nan nan nan nan nan 2.8504674313440899 2.634526488244497 1.8416217427581782 0 1.8052911374053946 nan nan nan nan nan nan nan nan nan nan 0 0 0 0 running
390 0.27053776782158029 0.00072332531473006431 0.02 13.681819000000001 0.080606474144870613 0.12571587742195037 0.094113459220191958 0.045786145119830611 0 0.075688983630662551 nan nan nan nan nan nan nan nan nan nan 2.8013222059757648 2.5843586508143908 1.8376868232175014 0 1.7872382569859206 nan nan nan nan nan nan nan nan nan nan 0 0 0 0 running
400 0.27776650008214665 0.00072249084019850116 0.02 14.150257999999999 0.079904302067104263 0.12456122430366542 0.093381185888411017 0.045554181630350341 0 0.074918352238888999 nan nan nan nan nan nan nan nan nan nan 2.7534087930727367 2.5298479449437083 1.8283388822236217 0 1.7647733621894397 nan nan nan nan nan nan nan nan nan nan 0 0 0 0 running
410 0.28498380499424109 0.00072104169304838264 0.02 14.500837000000001 0.079226659336565475 0.1234455181832403 0.092672078643410663 0.045334570405548141 0 0.074176710325318251 nan nan nan nan nan nan nan nan nan nan 2.706699075787983 2.471792239279984 1.8144536175086843 0 1.7386790589197973 nan nan nan nan nan nan nan nan nan nan 0 0 0 0 running
420 0.29218574653078755 0.00071950010110422545 0.02 14.820754000000001 0.078578716517522129 0.12237634696973763 0.091995923418531425 0.045126426498158533 0 0.073467399953488929 nan nan nan nan nan nan nan nan nan nan 2.6611699203953858 2.410933516743742 1.7965209791780681 0 1.7094136623837795 nan nan nan nan nan nan nan nan nan nan 0 0 0 0 running
430 0.29937226989023591 0.00071795963355261228 0.02 15.120013 0.077956795523872163 0.12134767629473202 0.091344049532048069 0.0449342902528235 0 0.072788910379155691 nan nan nan nan nan nan nan nan nan nan 2.6167760585117565 2.3479165113498404 1.774912906201042 0 1.6773186410250129 nan nan nan nan nan nan nan nan nan nan 0 0 0 0 running
440 0.30654344018357038 0.00071642989607282053 0.02 15.441231 0.077358652134537326 0.12035622522410783 0.090713921345237328 0.044756493074419861 0 0.072138929518084108 nan nan nan nan nan nan nan nan nan nan 2.5734749625351383 2.2954808243714915 1.750217811082218 0 1.6429072151657653 nan nan nan nan nan nan nan nan nan nan 0 0 0 0 running
450 0.31369941165444898 0.00071491923459432948 0.02 15.793405999999999 0.076782118858169476 0.11939895831043808 0.090103184197701358 0.04459114229114166 0 0.071515060391073235 nan nan nan nan nan nan nan nan nan nan 2.5312267051399129 2.2813642568165937 1.7229182550542905 0 1.6066036148582818 nan nan nan nan nan nan nan nan nan nan 0 0 0 0 running
460 0.32084041510880157 0.0007134347450868042 0.02 16.12163 0.076225274591117387 0.11847318075867758 0.089509857741740931 0.044436474717180111 0 0.07091511090832936 nan nan nan nan nan nan nan nan nan nan 2.4899937281263997 2.2625836330299958 1.6934137682037385 0 1.5712547166163449 nan nan nan nan nan nan nan nan nan nan 0 0 0 0 running
470 0.3279667456281069 0.00071198231701891297 0.02 16.426186999999999 0.07568645243975014 0.11757654042149018 0.088932340640620069 0.044290874964629946 0 0.070337114954586569 nan nan nan nan nan nan nan nan nan nan 2.4497406374720554 2.2395931924130221 1.6620392206279209 0 1.5872568090656756 nan nan nan nan nan nan nan nan nan nan 0 0 0 0 running
480 0.33507872272644912 0.00071054428896957116 0.02 16.809843999999998 0.075164222868699435 0.11670700228879845 0.088369372266414475 0.044152882054613984 0 0.069779328354113462 nan nan nan nan nan nan nan nan nan nan 2.4104341752644802 2.2128321014546515 1.6290787784784753 0 1.6002776715214535 nan nan nan nan nan nan nan nan nan nan 0 0 0 0 running
490 0.34217572361397475 0.00070902052442518577 0.02 17.179611999999999 0.074657431301452942 0.11586291864610107 0.087820046872593399 0.044021209587770151 0 0.069240283066925076 nan nan nan nan nan nan nan nan nan nan 2.3720481560446953 2.1827255816564319 1.5947810828761502 0 1.6094410452485897 nan nan nan nan nan nan nan nan nan nan 0 0 0 0 running
500 0.34925789312971889 0.00070757042873624033 0.02 17.558398 0.074165036206720519 0.11504276889827722 0.087283609994130734 0.043894711183410755 0 0.068718629631678838 nan nan nan nan nan nan nan nan nan nan 2.3510992876304542 2.1496761594277745 1.5604848918537426 0 1.6150584314276453 nan nan nan nan nan nan nan nan nan nan 0 0 0 0 running
510 0.35632595977689746 0.00070619244766160398 0.02 17.943746000000001 0.073687797395528845 0.11424723283317351 0.086759085492618557 0.043777963765946427 0 0.068215674063789478 nan nan nan nan nan nan nan nan nan nan 2.3452449635844568 2.1140623943524117 1.5390016736620389 0 1.617410111567446 nan nan nan nan nan nan nan nan nan nan 0 0 0 0 running
520 0.36338063429434914 0.00070488463813588704 0.02 18.330819999999999 0.073223510602934944 0.11347333324758491 0.086245218163674447 0.04366716225339605 0 0.067728549751260428 nan nan nan nan nan nan nan nan nan nan 2.3353125259873226 2.076236262759414 1.534752700737849 0 1.6167501717841855 nan nan nan nan nan nan nan nan nan nan 0 0 0 0 running
530 0.37042260630212043 0.00070364476352784491 0.02 18.760783 0.072769964686497449 0.11271812476470941 0.085741441359700979 0.043557340670617395 0 0.06725419287421841 nan nan nan nan nan nan nan nan nan nan 2.3216706256077106 2.0365270847237182 1.5456658890309072 0 1.6133216133120976 nan nan nan nan nan nan nan nan nan nan 0 0 0 0 running
540 0.37745254183386756 0.00070247037649365305 0.02 19.183994999999999 0.072327596328955843 0.11198196285862766 0.085248992666815945 0.043448514752519173 0 0.066792827182596146 nan nan nan nan nan nan nan nan nan nan 2.3046648238952008 1.9952404911861354 1.5539049776396561 0 1.6073560350644736 nan nan nan nan nan nan nan nan nan nan 0 0 0 0 running
550 0.38447108158330623 0.00070135887963425965 0.02 19.516368 0.071895854335498083 0.1112639784781469 0.084767612262322989 0.043340083865070836 0 0.066343692151427297 nan nan nan nan nan nan nan nan nan nan 2.2846103574374208 1.9526585626276787 1.5596265574288322 0 1.5990652434589285 nan nan nan nan nan nan nan nan nan nan 0 0 0 0 running
560 0.39147883967017394 0.00070030757351924582 0.02 19.853991000000001 0.071474246047104631 0.11056338782311712 0.084297056831540262 0.043231537676699384 0 0.06590612166357121 nan nan nan nan nan nan nan nan nan nan 2.2617912601586441 1.9334656246132691 1.562973566942025 0 1.5886389129688423 nan nan nan nan nan nan nan nan nan nan 0 0 0 0 running
570 0.39847640287446406 0.00069931370259052582 0.02 20.218852999999999 0.071062355763339649 0.10987947659088441 0.083837139502175778 0.043122596177095185 0 0.065479526543267205 nan nan nan nan nan nan nan nan nan nan 2.236462592984739 1.9219302117921673 1.56407527131235 0 1.576245569781934 nan nan nan nan nan nan nan nan nan nan 0 0 0 0 running
580 0.40546433031295442 0.00069837449781486895 0.02 20.584046000000001 0.070665882888164583 0.10922028405081959 0.083391612138679336 0.043022621718223124 0 0.065070405093867301 nan nan nan nan nan nan nan nan nan nan 2.2232656605062258 1.9077103972731284 1.5632705262308657 0 1.5622435294505088 nan nan nan nan nan nan nan nan nan nan 0 0 0 0 running
590 0.41244315351905064 0.00069748721499186079 0.02 20.982849000000002 0.070281152816359382 0.10858052490611526 0.082955820055176793 0.042929124573808812 0 0.064675296670323137 nan nan nan nan nan nan nan nan nan nan 2.2272497735896377 1.8910176510701393 1.5618386767001482 0 1.5478496084766651 nan nan nan nan nan nan nan nan nan nan 0 0 0 0 running
600 0.41941337687891356 0.00069664916814354469 0.02 21.435089999999999 0.069899643494612473 0.10794798076090346 0.082524160343283054 0.042829085719049968 0 0.064284264241877997 nan nan nan nan nan nan nan nan nan nan 2.2244431790630643 1.8720584204418396 1.5593551379225368 0 1.5326534626164714 nan nan nan nan nan nan nan nan nan nan 0 0 0 0 running
610 0.42637547836048928 0.00069585774810822893 0.02 21.836283000000002 0.069524331907056355 0.10732664249043845 0.082100514072550465 0.04272522135197248 0 0.063900050835583672 nan nan nan nan nan nan nan nan nan nan 2.2160515226398618 1.8510331005956417 1.5553175557997916 0 1.5161823302398498 nan nan nan nan nan nan nan nan nan nan 0 0 0 0 running
620 0.43332990929267406 0.00069511021805646284 0.02 22.190534 0.069151011995244815 0.10671114980543822 0.081683149155414247 0.042608766158968983 0 0.063516918986191592 nan nan nan nan nan nan nan nan nan nan 2.2029676099268309 1.8281352101652764 1.5406514883840134 0 1.4888921764651908 nan nan nan nan nan nan nan nan nan nan 0 0 0 0 running
630 0.44027709474211041 0.0006944041330946086 0.02 22.55885 0.068780122165031807 0.10610208040986653 0.081273648152040481 0.04247881478085215 0 0.063134926694770901 nan nan nan nan nan nan nan nan nan nan 2.1854716523501212 1.8035516173785799 1.5307591047532254 0 1.464774251885868 nan nan nan nan nan nan nan nan nan nan 0 0 0 0 running
640 0.44721743693503313 0.00069373728979654054 0.02 22.915935999999999 0.068416860044522826 0.10550582979838014 0.080874065105700998 0.042347329344351634 0 0.062760997928603873 nan nan nan nan nan nan nan nan nan nan 2.1642730772835956 1.7774593315139413 1.5275645664747888 0 1.4539498014397547 nan nan nan nan nan nan nan nan nan nan 0 0 0 0 running
650 0.4541513167971345 0.00069310762007050502 0.02 23.262725 0.068061091601609877 0.10492210738584937 0.080484257462360737 0.042214529270429055 0 0.062394952928377642 nan nan nan nan nan nan nan nan nan nan 2.1400569876715725 1.7500276429865567 1.5216494035461681 0 1.4407718661850841 nan nan nan nan nan nan nan nan nan nan 0 0 0 0 running
660 0.46107909536053898 0.0006925131996537244 0.02 23.608269 0.067712692806117095 0.10435064699924761 0.080104054910333872 0.0420806684812364 0 0.062036634605778046 nan nan nan nan nan nan nan nan nan nan 2.113374630801208 1.7214176223591815 1.5133998924096901 0 1.4256230600681139 nan nan nan nan nan nan nan nan nan nan 0 0 0 0 running
670 0.46800095525483887 0.00069190589701667755 0.02 23.949154 0.067371545390659912 0.1037911970503185 0.079733269858868833 0.041946010324176615 0 0.061685905618606013 nan nan nan nan nan nan nan nan nan nan 2.0846738506573801 1.691782302210147 1.5031336455391084 0 1.4088181058889775 nan nan nan nan nan nan nan nan nan nan 0 0 0 0 running
680 0.4749166387973015 0.00069129654045889009 0.02 24.273872999999998 0.067037539694259921 0.10324352762696239 0.079371704855656214 0.041810818119919581 0 0.061342649118599622 nan nan nan nan nan nan nan nan nan nan 2.0543231240660083 1.6612679240854367 1.4911151974451577 0 1.3906187865392763 nan nan nan nan nan nan nan nan nan nan 0 0 0 0 running
690 0.4818263866448883 0.00069071574178065952 0.02 24.59516 0.066710526675527876 0.10270735122313157 0.079019105715499166 0.041675330082330542 0 0.061006718038355737 nan nan nan nan nan nan nan nan nan nan 2.0226248271742788 1.6532943352189831 1.4775659173717559 0 1.3712425187718655 nan nan nan nan nan nan nan nan nan nan 0 0 0 0 running
700 0.48873047920733664 0.00069016257505251464 0.02 24.965657 0.066390335519430493 0.10218236002964125 0.078675179509322762 0.041539762995221087 0 0.060677943028436994 nan nan nan nan nan nan nan nan nan nan 2.0310658333684928 1.6441523063065573 1.462673244670565 0 1.3508718449843657 nan nan nan nan nan nan nan nan nan nan 0 0 0 0 running
710 0.49562918813518142 0.00068963620449141445 0.02 25.314001999999999 0.066076781015137809 0.10166823101690158 0.078339609246854139 0.041404313472181938 0 0.060356144653662312 nan nan nan nan nan nan nan nan nan nan 2.0415190210677223 1.6333111260224868 1.4465975741553776 0 1.3342340465412821 nan nan nan nan nan nan nan nan nan nan 0 0 0 0 running
720 0.50206765179720825 0.00068916813261926386 0.02 25.715332 0.065789754620217841 0.10119757097890952 0.078033452270877379 0.041278071538521678 0 0.06006173348863926 nan nan nan nan nan nan nan nan nan nan 2.0485744250885953 1.6217485341593609 1.4306379253121713 0 1.3306627622405507 nan nan nan nan nan nan nan nan nan nan 0 0 0 0 running
730 0.50895669105838859 0.00068869152176791269 0.02 26.063023999999999 0.06548840520280802 0.10070341626797001 0.077712992865062183 0.0411432963813948 0 0.059752806920037788 nan nan nan nan nan nan nan nan nan nan 2.0534183217368369 1.6079318568059402 1.4126520271016361 0 1.3250783161335735 nan nan nan nan nan nan nan nan nan nan 0 0 0 0 running
740 0.5158411011253563 0.00068823971897395047 0.02 26.415548000000001 0.065192891155512897 0.10021882773092108 0.077398856149029416 0.041010190113349713 0 0.059450258435111057 nan nan nan nan nan nan nan nan nan nan 2.0556391233204732 1.5927338789207248 1.3938425954296103 0 1.3177584798505997 nan nan nan nan nan nan nan nan nan nan 0 0 0 0 running
750 0.52272112702444584 0.00068781217385160281 0.02 26.807077 0.064903269609008288 0.099743731027142152 0.077091543211788974 0.040878371145265067 0 0.059154145148231585 nan nan nan nan nan nan nan nan nan nan 2.055402124872943 1.5762589781242671 1.374305127124448 0 1.3205397173616584 nan nan nan nan nan nan nan nan nan nan 0 0 0 0 running
760 0.52959700844404711 0.00068740836694922744 0.02 27.149076999999998 0.064619103363287703 0.0992776075024452 0.076790955107569031 0.040746834286842733 0 0.058863774558166382 nan nan nan nan nan nan nan nan nan nan 2.0528823928404982 1.5586090940714199 1.354126998108959 0 1.3217519955505896 nan nan nan nan nan nan nan nan nan nan 0 0 0 0 running
770 0.53646898012308175 0.0006870278256961035 0.02 27.487107999999999 0.064340296796539048 0.098820285369819516 0.076496778148956862 0.040615902719860167 0 0.058579104959372963 nan nan nan nan nan nan nan nan nan nan 2.0482248309278113 1.5398817565897098 1.3333884616524463 0 1.3214671349348901 nan nan nan nan nan nan nan nan nan nan 0 0 0 0 running
780 0.54333727237711149 0.00068667013284873755 0.02 27.887623000000001 0.06406661226046681 0.098371394138191834 0.07620863707707945 0.040485648644447952 0 0.058299903401856555 nan nan nan nan nan nan nan nan nan nan 2.0415641465267873 1.5201722307278545 1.312163148550471 0 1.3197686994610831 nan nan nan nan nan nan nan nan nan nan 0 0 0 0 running
790 0.55020211164910426 0.00068633492495889109 0.02 28.220911999999998 0.063797825300041119 0.09793057985798527 0.075926182715717494 0.040356134487915286 0 0.058025953513616467 nan nan nan nan nan nan nan nan nan nan 2.0330309791603018 1.4995723361326276 1.2905170866438356 0 1.3167381451833871 nan nan nan nan nan nan nan nan nan nan 0 0 0 0 running
800 0.55706372101322421 0.000686021885642042 0.02 28.551410000000001 0.063533713324581881 0.097497501316996693 0.075649073477189799 0.040227409026845205 0 0.057757026637653593 nan nan nan nan nan nan nan nan nan nan 2.0227514739818435 1.4781703063996265 1.2938709716960237 0 1.312454581004769 nan nan nan nan nan nan nan nan nan nan 0 0 0 0 running
810 0.5639223205969518 0.00068573073657053575 0.02 28.872249 0.063274064512602174 0.097071829704315549 0.075376991802675833 0.040099510415331496 0 0.057492907813147989 nan nan nan nan nan nan nan nan nan nan 2.0108469506035491 1.4560506885392817 1.2973468828974044 0 1.3069945549930877 nan nan nan nan nan nan nan nan nan nan 0 0 0 0 running
820 0.57077812790907267 0.00068546122792057288 0.02 29.218315 0.063016693355842798 0.096650433433951896 0.075107320093596427 0.039970733364137825 0 0.057231484929555043 nan nan nan nan nan nan nan nan nan nan 1.9974342935421596 1.4334585187936599 1.2995545007984486 0 1.300432169002903 nan nan nan nan nan nan nan nan nan nan 0 0 0 0 running
830 0.57763135807390897 0.00068521312924663277 0.02 29.562013 0.062764194635497525 0.096237023073065822 0.0748365891477248 0.039851643642574451 0 0.056977955868626695 nan nan nan nan nan nan nan nan nan nan 1.9826315113175081 1.4274898602088473 1.3005514270623306 0 1.2928418656113208 nan nan nan nan nan nan nan nan nan nan 0 0 0 0 running
840 0.58448222397915661 0.00068498622129082589 0.02 29.868233 0.062514724201300248 0.095828828684508982 0.074570031850115917 0.039731537255063017 0 0.056727458959488407 nan nan nan nan nan nan nan nan nan nan 1.96654359281233 1.4203112621424792 1.3003915471027276 0 1.2842922144227895 nan nan nan nan nan nan nan nan nan nan 0 0 0 0 running
850 0.59133093634763056 0.00068478028881795215 0.02 30.156887000000001 0.062267585170783991 0.095424939074834333 0.074307157371116317 0.039609497506581146 0 0.056478986253903671 nan nan nan nan nan nan nan nan nan nan 1.9492768658105142 1.4119841622993596 1.2991356697191443 0 1.2748564817875825 nan nan nan nan nan nan nan nan nan nan 0 0 0 0 running
860 0.59817770374548218 0.00068459511522634938 0.02 30.445129999999999 0.0620231896291236 0.095025872428137245 0.07404830504556667 0.039486077916571737 0 0.056233104118193961 nan nan nan nan nan nan nan nan nan nan 1.9309358862112247 1.402569890416296 1.2968473756912879 0 1.264608418783328 nan nan nan nan nan nan nan nan nan nan 0 0 0 0 running
870 0.60502273256243833 0.00068443049391656268 0.02 30.729068999999999 0.061781457072990605 0.094631524237981185 0.073793253337406189 0.039361442789717198 0 0.055989725790527821 nan nan nan nan nan nan nan nan nan nan 1.9116176486815815 1.392129413419477 1.2935870645982233 0 1.2536164285942704 nan nan nan nan nan nan nan nan nan nan 0 0 0 0 running
880 0.61186622936005608 0.00068428669192285895 0.02 31.031441999999998 0.061542315726033005 0.094242164899524944 0.073542681885794048 0.039233957530396282 0 0.055748255553087558 nan nan nan nan nan nan nan nan nan nan 1.8914641825873066 1.3807231118480925 1.2894625417279759 0 1.2419907676202671 nan nan nan nan nan nan nan nan nan nan 0 0 0 0 running
890 0.61870840219308632 0.00068416356470915531 0.02 31.331947 0.061306561628167583 0.093859325046617245 0.073298050084160779 0.039102922266655141 0 0.055509070602945437 nan nan nan nan nan nan nan nan nan nan 1.8713885290480179 1.3684111328776138 1.2853501745077611 0 1.2305488897435559 nan nan nan nan nan nan nan nan nan nan 0 0 0 0 running
900 0.62554945557369024 0.00068406071000453206 0.02 31.621084 0.061071976416287282 0.093478933930448038 0.073058181790465707 0.038965800305142552 0 0.055270144818298624 nan nan nan nan nan nan nan nan nan nan 1.8423715312599711 1.3552512844725417 1.2675329143300313 0 1.2049736567680671 nan nan nan nan nan nan nan nan nan nan 0 0 0 0 running
910 0.63238959012623763 0.00068397774864506218 0.02 31.917943999999999 0.060841182512939573 0.093104619068582709 0.072822284090235861 0.03883048553330095 0 0.055035313109741787 nan nan nan nan nan nan nan nan nan nan 1.843128275594403 1.341301068283177 1.2496644012724634 0 1.1796322021921388 nan nan nan nan nan nan nan nan nan nan 0 0 0 0 running
920 0.63922900277137096 0.00068391431639771964 0.02 32.260058000000001 0.06061413382721538 0.092736308941041276 0.072589921699795737 0.03869753866277105 0 0.054804624541825796 nan nan nan nan nan nan nan nan nan nan 1.8403031891593007 1.3266167218103571 1.2328739440523742 0 1.155736400084987 nan nan nan nan nan nan nan nan nan nan 0 0 0 0 running
930 0.64606788683996574 0.00068387005776935586 0.02 32.586156000000003 0.060390564186460653 0.092373633942710393 0.07236085241438546 0.038566669181810502 0 0.054577761332777079 nan nan nan nan nan nan nan nan nan nan 1.8345188785100515 1.3112531056162808 1.2167519683079366 0 1.1328758487151989 nan nan nan nan nan nan nan nan nan nan 0 0 0 0 running
940 0.65290643213281807 0.00068384462113464401 0.02 32.906809000000003 0.060170200557591411 0.092016201581632207 0.07213487924464615 0.038437542395667983 0 0.054354377497436553 nan nan nan nan nan nan nan nan nan nan 1.8262708998885588 1.2952636086754863 1.2010036520930356 0 1.1127291340124807 nan nan nan nan nan nan nan nan nan nan 0 0 0 0 running
950 0.65974482493721753 0.00068383765484931872 0.02 33.221066 0.059952761083482485 0.091663599769749166 0.071911825625317657 0.038309785192630209 0 0.054134111045119622 nan nan nan nan nan nan nan nan nan nan 1.8159634277479435 1.2787000706103657 1.1854202525627999 0 1.107891330797512 nan nan nan nan nan nan nan nan nan nan 0 0 0 0 running
960 0.66658324800925239 0.00068384880418167679 0.02 33.532063000000001 0.059738276030634807 0.091315902975009841 0.071691519230264858 0.038183651901979337 0 0.053917054605247212 nan nan nan nan nan nan nan nan nan nan 1.803925969679931 1.2616127194987432 1.1730855028527731 0 1.1017850461372611 nan nan nan nan nan nan nan nan nan nan 0 0 0 0 running
970 0.67342188052945973 0.00068387770896483839 0.02 33.882984999999998 0.059526620233441116 0.090972931570108578 0.071473822551444993 0.038059060964712031 0 0.053703062035519326 nan nan nan nan nan nan nan nan nan nan 1.7904203771105087 1.2440501239758626 1.1699545770357742 0 1.0966540627493786 nan nan nan nan nan nan nan nan nan nan 0 0 0 0 running
980 0.68026089803861556 0.00068392400189626801 0.02 34.316692000000003 0.05931760907600464 0.090634418592093299 0.071258586344342331 0.037935827689560747 0 0.053491894233197806 nan nan nan nan nan nan nan nan nan nan 1.775664577149769 1.2388780324052984 1.1656968512873518 0 1.0946689496643172 nan nan nan nan nan nan nan nan nan nan 0 0 0 0 running
990 0.68710047236016125 0.00068398730779326716 0.02 34.721694999999997 0.059110815052641014 0.090299774996803556 0.071045469660498031 0.037813478902300399 0 0.053282970736332314 nan nan nan nan nan nan nan nan nan nan 1.7598414359865444 1.2330964059932428 1.1604408072264638 0 1.0917621836980604 nan nan nan nan nan nan nan nan nan nan 0 0 0 0 running
1000 0.69394077171521629 0.0006840672963785041 0.02 35.334377000000003 0.058906396714296115 0.089969241473708023 0.070834346408263194 0.037692472254411989 0 0.053076608428010465 nan nan nan nan nan nan nan nan nan nan 1.7431056301426331 1.2265046208314803 1.1542960820787873 0 1.0879514818039333 nan nan nan nan nan nan nan nan nan nan 0 0 0 0 running
1010 0.70078196147902028 0.00068416369824373616 0.02 35.723044999999999 0.058704441840329601 0.08964288742207481 0.070625419315567109 0.037572807131105834 0 0.052872908983197353 nan nan nan nan nan nan nan nan nan nan 1.7255890128831957 1.2191389287610708 1.1473571028342227 0 1.0832625025092586 nan nan nan nan nan nan nan nan nan nan 0 0 0 0 running
1020 0.70762420394932779 0.00068427616783295472 0.02 36.140915999999997 0.058504839426095058 0.089320552941517625 0.070418561865263851 0.037454420305303895 0 0.052671743354563719 nan nan nan nan nan nan nan nan nan nan 1.7074048057692295 1.2110356307052541 1.1397059197522417 0 1.0777266763222419 nan nan nan nan nan nan nan nan nan nan 0 0 0 0 running
1030 0.71446765759955833 0.00068440429721990798 0.02 36.589114000000002 0.058307490378580677 0.089002088909609478 0.070213667921246323 0.03733725210968563 0 0.052473000513693552 nan nan nan nan nan nan nan nan nan nan 1.7034365586584368 1.2022311206843079 1.1314144289412682 0 1.0713795941850908 nan nan nan nan nan nan nan nan nan nan 0 0 0 0 running
1040 0.72131247659904341 0.00068454764053664768 0.02 36.982877999999999 0.058112300400542674 0.08868735220472003 0.070010638035437694 0.037221245021665288 0 0.052276575337703447 nan nan nan nan nan nan nan nan nan nan 1.7061348906690348 1.1927614615079434 1.122546125028175 0 1.0642597659465109 nan nan nan nan nan nan nan nan nan nan 0 0 0 0 running
1050 0.7281588105286948 0.0006847057303470622 0.02 37.311529999999998 0.057919177998759237 0.088376203150125177 0.069809375993060238 0.037106343349169991 0 0.052082366725607232 nan nan nan nan nan nan nan nan nan nan 1.7075153308454323 1.1826621889390569 1.11315749063932 0 1.0564076567419389 nan nan nan nan nan nan nan nan nan nan 0 0 0 0 running
1060 0.73500680423069231 0.0006848780888943811 0.02 37.604168999999999 0.057728039520256652 0.088068507585016553 0.069609799392131536 0.036992493753895281 0 0.051890287534997075 nan nan nan nan nan nan nan nan nan nan 1.707645705932884 1.171968772831554 1.1032991044274816 0 1.0478649331234493 nan nan nan nan nan nan nan nan nan nan 0 0 0 0 running
1070 0.74185659774983215 0.00068506423575145491 0.02 38.010356000000002 0.057538800848496004 0.087764138922578019 0.069411821372627414 0.036879642942155108 0 0.051700241051531495 nan nan nan nan nan nan nan nan nan nan 1.7065906945102816 1.1607162542684253 1.0930165303014332 0 1.0386738685939068 nan nan nan nan nan nan nan nan nan nan 0 0 0 0 running
1080 0.74870832633663287 0.00068526369291565549 0.02 38.383519999999997 0.057351364851630122 0.087462957396986868 0.069215333612539995 0.036767734559758368 0 0.051512111423865935 nan nan nan nan nan nan nan nan nan nan 1.704412273781776 1.1489391768179402 1.0823510359588491 0 1.0288768713933629 nan nan nan nan nan nan nan nan nan nan 0 0 0 0 running
1090 0.75556212048859173 0.00068547598748939435 0.02 38.685547999999997 0.057165643525301915 0.08716483302491311 0.069020242979730695 0.036656714165954916 0 0.051325795148471839 nan nan nan nan nan nan nan nan nan nan 1.7011700295301044 1.1448376642210976 1.0713401777152776 0 1.0197222075322379 nan nan nan nan nan nan nan nan nan nan 0 0 0 0 running
1100 0.76241810601088833 0.00068570065374731824 0.02 39.041015999999999 0.056981601262655356 0.086869687807416635 0.068826541636622121 0.03654654212803201 0 0.051141266872746748 nan nan nan nan nan nan nan nan nan nan 1.6969213676179371 1.1398729945533397 1.0600182801379723 0 1.0180111273488786 nan nan nan nan nan nan nan nan nan nan 0 0 0 0 running
1110 0.76927640410396625 0.00068593723565839911 0.02 39.569569000000001 0.056796263408520828 0.086573096733224317 0.068630859291743257 0.036434740408341507 0 0.050955779379025304 nan nan nan nan nan nan nan nan nan nan 1.691723041098502 1.1337214370329103 1.0484168351131327 0 1.0156681543310566 nan nan nan nan nan nan nan nan nan nan 0 0 0 0 running
1120 0.77613713146274155 0.00068618528714058092 0.02 40.013119000000003 0.056610204634085066 0.086275914361193959 0.068434018826299625 0.036321583811602373 0 0.050769780001525232 nan nan nan nan nan nan nan nan nan nan 1.6856328960624014 1.1260937819535051 1.0365648302317123 0 1.0127275377648761 nan nan nan nan nan nan nan nan nan nan 0 0 0 0 running
1130 0.78300040037077268 0.00068644437068239865 0.02 40.345744000000003 0.056425330401226097 0.08598101665933866 0.068238205187592535 0.036208654471413089 0 0.050584928810961195 nan nan nan nan nan nan nan nan nan nan 1.6786994734096006 1.1170728078927938 1.0244890110364215 0 1.0092192985666082 nan nan nan nan nan nan nan nan nan nan 0 0 0 0 running
1140 0.78986631880423031 0.0006867140639378015 0.02 40.677909999999997 0.056241927808255841 0.085688741359392334 0.068043840299794323 0.036096123635556518 0 0.050401562256850538 nan nan nan nan nan nan nan nan nan nan 1.6709695873345249 1.1067784150355124 1.0123172984261548 0 1.0051724791834191 nan nan nan nan nan nan nan nan nan nan 0 0 0 0 running
1150 0.79673499065810205 0.00068699396924023332 0.02 40.996488999999997 0.05605997513213766 0.085399045422458783 0.067850912256544757 0.035983984523584547 0 0.050219654158241457 nan nan nan nan nan nan nan nan nan nan 1.662489048688307 1.0953204261981453 1.0130506954706773 0 1.0006154867738086 nan nan nan nan nan nan nan nan nan nan 0 0 0 0 running
1160 0.80360651592139654 0.000687283699781908 0.02 41.301076999999999 0.05587945402465138 0.085111891128522035 0.067659412468005442 0.035872232888570617 0 0.050039181758545069 nan nan nan nan nan nan nan nan nan nan 1.6533024965108403 1.0828000457366398 1.0131861183831443 0 0.99557602786536692 nan nan nan nan nan nan nan nan nan nan 0 0 0 0 running
1170 0.81048099072900348 0.0006875828704579007 0.02 41.607053999999998 0.055700348332160296 0.084827244305593755 0.067469333855480068 0.035760866615109271 0 0.049860124881243618 nan nan nan nan nan nan nan nan nan nan 1.643453270882441 1.0693110473410143 1.0127460324256861 0 0.99008105537063418 nan nan nan nan nan nan nan nan nan nan 0 0 0 0 running
1180 0.81735850735752436 0.00068789109467153693 0.02 41.980604 0.055522533943150411 0.08454487977320474 0.067280767513391737 0.035649591054746702 0 0.049682262045060481 nan nan nan nan nan nan nan nan nan nan 1.6329833129572664 1.0557913991174894 1.0117527463898264 0 0.98415672369809881 nan nan nan nan nan nan nan nan nan nan 0 0 0 0 running
1190 0.82423915420891936 0.00068820798441553371 0.02 42.347872000000002 0.055346085759353673 0.084264924395205262 0.067093632783522913 0.035538635356606167 0 0.049505741060799816 nan nan nan nan nan nan nan nan nan nan 1.6219331733096591 1.0491970309777869 1.0102283698729293 0 0.97782839278927791 nan nan nan nan nan nan nan nan nan nan 0 0 0 0 running
1200 0.83112301580476378 0.00068853315194294538 0.02 42.640934000000001 0.055171023502425545 0.083987408602531469 0.066907882897855653 0.035428099824753992 0 0.049330612368908226 nan nan nan nan nan nan nan nan nan nan 1.610341814946314 1.0419874083352729 1.0081946769484813 0 0.97112052473382049 nan nan nan nan nan nan nan nan nan nan 0 0 0 0 running
1210 0.83801017242463882 0.00068886610471856574 0.02 42.98451 0.054997254186857358 0.083712215919760982 0.066723407452738637 0.03531793810787958 0 0.049156738011956413 nan nan nan nan nan nan nan nan nan nan 1.5982465189640878 1.0341869701345854 1.0056730225291519 0 0.96405663683609266 nan nan nan nan nan nan nan nan nan nan 0 0 0 0 running
1220 0.84490069888923636 0.00068920634117532393 0.02 43.302962999999998 0.054824840048968718 0.083439400108798245 0.066540298674240356 0.035208194542641243 0 0.048984218181464492 nan nan nan nan nan nan nan nan nan nan 1.5856829892549622 1.0258220461589174 1.0026843497996163 0 0.95665935383688061 nan nan nan nan nan nan nan nan nan nan 0 0 0 0 running
1230 0.85179466634199852 0.00068955355329270503 0.02 43.652323000000003 0.054653770535408763 0.083168934964473695 0.066358552478193777 0.035098872889982397 0 0.048813041909026536 nan nan nan nan nan nan nan nan nan nan 1.5726854192506288 1.0169204606530471 0.99924918390713025 0 0.94895043931298217 nan nan nan nan nan nan nan nan nan nan 0 0 0 0 running
1240 0.85869214280776085 0.00068990742518729024 0.02 43.958525999999999 0.054484033846466808 0.082900793410944584 0.06617816182357078 0.034989977037165998 0 0.048643196619285477 nan nan nan nan nan nan nan nan nan nan 1.5592865389644146 1.0075111585722638 0.99538761813472765 0 0.94095081666199654 nan nan nan nan nan nan nan nan nan nan 0 0 0 0 running
1250 0.86559319312633498 0.00069026763702730173 0.02 44.280630000000002 0.054315610726404305 0.082634942156267197 0.065999103857714098 0.034881511170810738 0 0.048474659835434426 nan nan nan nan nan nan nan nan nan nan 1.5455176518696818 0.99762386118399748 0.9911192973503492 0 0.93268058495928263 nan nan nan nan nan nan nan nan nan nan 0 0 0 0 running
1260 0.87249787893982644 0.00069063386968219362 0.02 44.552124999999997 0.054146917458460279 0.082368895141921833 0.065821768886733717 0.034769179605986245 0 0.048305355339897098 nan nan nan nan nan nan nan nan nan nan 1.5208331466510978 0.98740097797913795 0.98012946756452424 0 0.91763740013741368 nan nan nan nan nan nan nan nan nan nan 0 0 0 0 running
1270 0.87940625871901035 0.00069100580807518919 0.02 44.825226999999998 0.053978920820828911 0.082104116378386605 0.065646457067587732 0.034654899172909592 0 0.048136412168126579 nan nan nan nan nan nan nan nan nan nan 1.4899720680668416 0.97726736642895662 0.96521895616796649 0 0.8987334341612998 nan nan nan nan nan nan nan nan nan nan 0 0 0 0 running
1280 0.88631838781763106 0.00069138314355896588 0.02 45.112295000000003 0.053812820495767785 0.081842468153418557 0.065472860443829994 0.034541981019247166 0 0.047969414710563534 nan nan nan nan nan nan nan nan nan nan 1.461034713686084 0.96709011342077866 0.95122814898503216 0 0.88096632677233244 nan nan nan nan nan nan nan nan nan nan 0 0 0 0 running
1290 0.89323430837885132 0.00069176343839074468 0.02 45.380170999999997 0.053648501183396757 0.08158376838579183 0.065300860574220368 0.034430334635557738 0 0.047804255011953019 nan nan nan nan nan nan nan nan nan nan 1.4337438911091798 0.95672451430526984 0.9379919693206169 0 0.86416922441209887 nan nan nan nan nan nan nan nan nan nan 0 0 0 0 running
1300 0.90015405700506035 0.00069214863471626789 0.02 45.640946999999997 0.053485770910369629 0.081327747012404139 0.065130279257433921 0.034319765679887988 0 0.047640701325603441 nan nan nan nan nan nan nan nan nan nan 1.4078702102451359 0.94607212164580368 0.92537569054671576 0 0.85061463299877704 nan nan nan nan nan nan nan nan nan nan 0 0 0 0 running
1310 0.90707768589678472 0.00069253892934114324 0.02 45.920578999999996 0.053325257737475658 0.08107541467606387 0.064961788604647172 0.034210699135527038 0 0.047479330080456142 nan nan nan nan nan nan nan nan nan nan 1.3991394588396222 0.94177886463612615 0.91329233633082585 0 0.8485691740645529 nan nan nan nan nan nan nan nan nan nan 0 0 0 0 running
1320 0.91400524431339669 0.00069293401047751228 0.02 46.201867 0.053169114891424285 0.080830238705485599 0.06479643229120774 0.034106227770649457 0 0.047322658337091608 nan nan nan nan nan nan nan nan nan nan 1.4011048683254299 0.94347515419473682 0.90214347797676497 0 0.84613228299256293 nan nan nan nan nan nan nan nan nan nan 0 0 0 0 running
1330 0.92093677845550737 0.0006933335771383179 0.02 46.493402000000003 0.053015364293721071 0.080589115723637111 0.064631924922057979 0.034005231014639099 0 0.04716881626003018 nan nan nan nan nan nan nan nan nan nan 1.4038218095519566 0.94442774413845565 0.89182116907485676 0 0.84327557109765117 nan nan nan nan nan nan nan nan nan nan 0 0 0 0 running
1340 0.92787233157518823 0.00069373733954612108 0.02 46.776099000000002 0.052862801379214501 0.080349902734376699 0.064468406084517801 0.033905255333154284 0 0.047016276507002734 nan nan nan nan nan nan nan nan nan nan 1.404203856690895 0.94465983058281322 0.88203040550540679 0 0.83999216597638582 nan nan nan nan nan nan nan nan nan nan 0 0 0 0 running
1350 0.93481194408971613 0.00069414501940833438 0.02 47.062981999999998 0.052711286678693056 0.080112423642531017 0.06430582466381006 0.033806011320073735 0 0.046864835513109618 nan nan nan nan nan nan nan nan nan nan 1.4027067746279447 0.94419377741943888 0.87256389304100945 0 0.83628937121949531 nan nan nan nan nan nan nan nan nan nan 0 0 0 0 running
1360 0.94175565369853576 0.00069455635017027443 0.02 47.352249999999998 0.052560745432084652 0.079876585031370517 0.064144144289667693 0.033707344266441099 0 0.046714394585161689 nan nan nan nan nan nan nan nan nan nan 1.399680452838421 0.94305123728107598 0.86327794944264591 0 0.83218274061341491 nan nan nan nan nan nan nan nan nan nan 0 0 0 0 running
1370 0.9487034954827861 0.0006949710730695134 0.02 47.637048 0.052411183167059484 0.079642390016007911 0.063983392617771445 0.033609208007645108 0 0.04656497528843255 nan nan nan nan nan nan nan nan nan nan 1.3953957150030241 0.94125336078537503 0.8540742871782151 0 0.82769224498782024 nan nan nan nan nan nan nan nan nan nan 0 0 0 0 running
1380 0.95565550197355764 0.00069538893672390994 0.02 47.927261999999999 0.052262564085531801 0.079409798970689005 0.063823539778196339 0.033511543700797904 0 0.046416527879375585 nan nan nan nan nan nan nan nan nan nan 1.3900641250441086 0.93882101675067864 0.84488695971201511 0 0.82283985054116193 nan nan nan nan nan nan nan nan nan nan 0 0 0 0 running
1390 0.96261170324090761 0.00069580969920778914 0.02 48.205748 0.052114830593328401 0.079178748807618299 0.063664518066242362 0.033414297545193046 0 0.046268968381314488 nan nan nan nan nan nan nan nan nan nan 1.3838526435492473 0.93577498419558469 0.83567301406750127 0 0.8176480350205857 nan nan nan nan nan nan nan nan nan nan 0 0 0 0 running
1400 0.96957212449828956 0.00069623219080195168 0.02 48.499994999999998 0.051968001000928327 0.078949250611509939 0.06350636319085709 0.03331746079538591 0 0.046122338497330231 nan nan nan nan nan nan nan nan nan nan 1.3768944975940072 0.9321361006952219 0.8264058043084519 0 0.81213892071103444 nan nan nan nan nan nan nan nan nan nan 0 0 0 0 running
1410 0.9765367740473393 0.00069665571609004101 0.02 48.797091999999999 0.051822054579699198 0.07872127545582179 0.063349052152271088 0.033221013577061455 0 0.045976617353137024 nan nan nan nan nan nan nan nan nan nan 1.3692972718045855 0.92792536988146845 0.81990118171844961 0 0.80633381240150193 nan nan nan nan nan nan nan nan nan nan 0 0 0 0 running
1420 0.9835056701610535 0.00069708127157683188 0.02 49.088085999999997 0.051676970589083236 0.078494795616614765 0.063192560915889998 0.03312493911910229 0 0.045831781120506794 nan nan nan nan nan nan nan nan nan nan 1.361148899151033 0.9231640017867081 0.81730831166935869 0 0.80025295271523755 nan nan nan nan nan nan nan nan nan nan 0 0 0 0 running
1430 0.99047883218029287 0.00069750868329523106 0.02 49.368358000000001 0.051532729239494125 0.078269783620897079 0.063036867104857161 0.033029222641223335 0 0.045687807165742701 nan nan nan nan nan nan nan nan nan nan 1.3525221648194246 0.91787343141139532 0.81430005459279919 0 0.79391545645689765 nan nan nan nan nan nan nan nan nan nan 0 0 0 0 running
1440 0.99745627773466106 0.00069793778242915839 0.02 49.655526999999999 0.051389312300850219 0.078046205972179247 0.062881951803327438 0.032933851755265538 0 0.045544685453804024 nan nan nan nan nan nan nan nan nan nan 1.3434780823109322 0.91207530659393787 0.81091844891482334 0 0.78733932970110998 nan nan nan nan nan nan nan nan nan nan 0 0 0 0 running
1450 1.0041894717902744 0.00069835305530440242 0.02 49.99841 0.051251762054538345 0.077831914058465415 0.062733267491892467 0.03284219096750203 0 0.045407448339623027 nan nan nan nan nan nan nan nan nan nan 1.3344090736196841 0.90602318127274806 0.80733708843861218 0 0.7807870861473124 nan nan nan nan nan nan nan nan nan nan 0 0 0 0 running
1460 1.0111753769593779 0.00069878499769333955 0.02 50.285308999999998 0.051109252357141137 0.077610045501376845 0.06257909482348839 0.032746937582423287 0 0.045265375176282589 nan nan nan nan nan nan nan nan nan nan 1.3325950123412516 0.89928634059973955 0.80332171185458223 0 0.77382945802212377 nan nan nan nan nan nan nan nan nan nan 0 0 0 0 running
1470 1.0181656083749753 0.00069921815802165147 0.02 50.590299000000002 0.050964461629675842 0.077384796233821732 0.06242234105911916 0.032649442335043806 0 0.045121395255167465 nan nan nan nan nan nan nan nan nan nan 1.3314025053033098 0.89189743222776563 0.79902580816001445 0 0.7668432000899158 nan nan nan nan nan nan nan nan nan nan 0 0 0 0 running
1480 1.0251601774011845 0.00069965238891590939 0.02 50.916063000000001 0.050820443799719617 0.077160884004979016 0.062266449760964009 0.032552089671755213 0 0.044978174837801352 nan nan nan nan nan nan nan nan nan nan 1.3297215178939576 0.88381610189483728 0.79447338198897888 0 0.75965231730949689 nan nan nan nan nan nan nan nan nan nan 0 0 0 0 running
1490 1.0321590939600527 0.00070008754877206615 0.02 51.244138 0.050677182503922377 0.076938255202027225 0.062111492540971376 0.03245480213495381 0 0.044835670306808885 nan nan nan nan nan nan nan nan nan nan 1.3275688571954662 0.87511551649098207 0.78968589484340812 0 0.75227402906470442 nan nan nan nan nan nan nan nan nan nan 0 0 0 0 running
1500 1.0391623665895702 0.0007005235018035245 0.02 51.643287999999998 0.05053469198749122 0.07671695466265524 0.061957383599703014 0.032357680698780353 0 0.044693930862211913 nan nan nan nan nan nan nan nan nan nan 1.3249618400400953 0.86586090871931531 0.78468274323135445 0 0.74472442830554075 nan nan nan nan nan nan nan nan nan nan 0 0 0 0 running
1510 1.0461700025018104 0.00070096011802580184 0.02 52.001668000000002 0.050392969257823821 0.076496973471305588 0.061804120181966571 0.032260731707258426 0 0.044552954122881371 nan nan nan nan nan nan nan nan nan nan 1.3219179656075823 0.85611070193528616 0.77948154064860642 0 0.740550062988649 nan nan nan nan nan nan nan nan nan nan 0 0 0 0 running
1520 1.0531820076406027 0.00070139727318602348 0.02 52.310445000000001 0.050252012322584548 0.076278304260884652 0.061651701035255357 0.032163961737233564 0 0.044412738445800924 nan nan nan nan nan nan nan nan nan nan 1.3184546133340853 0.84591745741852453 0.77410893638457112 0 0.73715288775469023 nan nan nan nan nan nan nan nan nan nan 0 0 0 0 running
1530 1.0601983867382605 0.00070183484864937379 0.02 52.607121999999997 0.050111817679465431 0.076060939555665813 0.061500129277433542 0.032067369487374049 0 0.044273273457340646 nan nan nan nan nan nan nan nan nan nan 1.3145890487376863 0.83532867267683431 0.76946944505525394 0 0.73339117673667809 nan nan nan nan nan nan nan nan nan nan 0 0 0 0 running
1540 1.0672191433672984 0.00070227273016137471 0.02 52.914068 0.049972339923062582 0.075844823796146973 0.061349347193397151 0.031970935266198382 0 0.044134492037527243 nan nan nan nan nan nan nan nan nan nan 1.3103384073074951 0.82438745432605898 0.76460400879530988 0 0.72929179744755412 nan nan nan nan nan nan nan nan nan nan 0 0 0 0 running
1550 1.0742442799729759 0.00070271080671601956 0.02 53.221707000000002 0.049833463625611751 0.07562977671087881 0.061199324227084496 0.031874466864893834 0 0.043996232060432586 nan nan nan nan nan nan nan nan nan nan 1.3057196666824156 0.81420961218492072 0.75952532988846966 0 0.72623056854546253 nan nan nan nan nan nan nan nan nan nan 0 0 0 0 running
1560 1.0812737979251175 0.00070314897343852695 0.02 53.504489999999997 0.049695339033307501 0.075416002569895557 0.061050144483225904 0.031778181678190374 0 0.043858718544430325 nan nan nan nan nan nan nan nan nan nan 1.3007496111345858 0.80933653222164437 0.75424567833704903 0 0.723433411166443 nan nan nan nan nan nan nan nan nan nan 0 0 0 0 running
1570 1.0883076975643413 0.00070358712884004485 0.02 53.792937999999999 0.04955798694767849 0.075203529937440061 0.060901816347147426 0.031682120241881148 0 0.043721979130378161 nan nan nan nan nan nan nan nan nan nan 1.2954448015578737 0.8042142028415018 0.74877689187506646 0 0.72042908763287505 nan nan nan nan nan nan nan nan nan nan 0 0 0 0 running
1580 1.0953459782405091 0.00070402517616103828 0.02 54.084207999999997 0.049421407025823559 0.074992355778362454 0.0607543408180721 0.031586288752233467 0 0.04358601119045178 nan nan nan nan nan nan nan nan nan nan 1.2898215407257703 0.7988494310533073 0.74313041090257137 0 0.7172268999062531 nan nan nan nan nan nan nan nan nan nan 0 0 0 0 running
1590 1.10238863836956 0.00070446302488611314 0.02 54.349187999999998 0.049285598993244265 0.074782471573060047 0.060607720343099546 0.031490693941321812 0 0.043450819508330352 nan nan nan nan nan nan nan nan nan nan 1.2838958384602548 0.79325002443187886 0.73731733283395406 0 0.7138360439648983 nan nan nan nan nan nan nan nan nan nan 0 0 0 0 running
1600 1.1094356754984354 0.00070490059105478276 0.02 54.670000999999999 0.049150550912238238 0.074573860324136626 0.060461933863860125 0.031395341796781731 0 0.043316390640775145 nan nan nan nan nan nan nan nan nan nan 1.2776833825299756 0.78742460321362984 0.73245794550823973 0 0.71026558915066973 nan nan nan nan nan nan nan nan nan nan 0 0 0 0 running
1610 1.116487086368811 0.00070533779685442207 0.02 54.958725000000001 0.049016259942675451 0.074366514760846089 0.060316977525782252 0.031300238754492775 0 0.043182721686231607 nan nan nan nan nan nan nan nan nan nan 1.2711995144648214 0.78138243808689645 0.73137705137835285 0 0.70652445978835055 nan nan nan nan nan nan nan nan nan nan 0 0 0 0 running
1620 1.1235428669745831 0.00070577456986349282 0.02 55.277301999999999 0.048882723259347088 0.074160427695209863 0.060172847382146476 0.031205391226679313 0 0.043049809832656764 nan nan nan nan nan nan nan nan nan nan 1.2644592096174143 0.77513330948212156 0.73006828240643418 0 0.70262141899532071 nan nan nan nan nan nan nan nan nan nan 0 0 0 0 running
1630 1.1306030126110771 0.00070621084219592485 0.02 55.591636000000001 0.048749937982857629 0.07395559193456451 0.060029539295759562 0.03111080556918349 0 0.042917652277889337 nan nan nan nan nan nan nan nan nan nan 1.2574770609345634 0.76868738506613155 0.72853972029142455 0 0.69856505457719154 nan nan nan nan nan nan nan nan nan nan 0 0 0 0 running
1640 1.1376675179159119 0.00070664654970050735 0.02 55.938015999999998 0.048617901128138165 0.073752000203850532 0.059887048874575917 0.031016488055185299 0 0.0427862461811623 nan nan nan nan nan nan nan nan nan nan 1.2502672660002236 0.76205511281992133 0.72679939274946181 0 0.69436376689182921 nan nan nan nan nan nan nan nan nan nan 0 0 0 0 running
1650 1.1447363769025609 0.00070708163129579659 0.02 56.214581000000003 0.048486609657027967 0.073549644687172913 0.059745371784169977 0.030922444909503494 0 0.042655589290802612 nan nan nan nan nan nan nan nan nan nan 1.2428436169834192 0.75554565585031663 0.72485525659663996 0 0.69002575855727644 nan nan nan nan nan nan nan nan nan nan 0 0 0 0 running
1660 1.1518095829881587 0.00070751602846992753 0.02 56.517088999999999 0.0483560590685665 0.073348515280226456 0.059604501091364809 0.030828682255773482 0 0.042525678706187599 nan nan nan nan nan nan nan nan nan nan 1.2352194931784675 0.74886476304630256 0.72271518256438905 0 0.68555902587605999 nan nan nan nan nan nan nan nan nan nan 0 0 0 0 running
1670 1.1588871290172094 0.00070794968494208453 0.02 56.806516999999999 0.048226254096657893 0.073148612830382626 0.059464447136683703 0.030735206403283085 0 0.042396520801169277 nan nan nan nan nan nan nan nan nan nan 1.2274078558657573 0.7425783359703404 0.72038694173800699 0 0.68097135184920377 nan nan nan nan nan nan nan nan nan nan 0 0 0 0 running
1680 1.1659690072827018 0.00070838254646396937 0.02 57.090744000000001 0.048097184333446744 0.072949925206958061 0.059325191019572232 0.030642021859725865 0 0.042268100538897506 nan nan nan nan nan nan nan nan nan nan 1.2194212452524391 0.74246659369298229 0.71787819351370841 0 0.6762703006549593 nan nan nan nan nan nan nan nan nan nan 0 0 0 0 running
1690 1.1730552095458699 0.00070881456073157662 0.02 57.397807 0.047968820786880466 0.072752420944062243 0.059186698211480704 0.030549115285840856 0 0.042140365390831165 nan nan nan nan nan nan nan nan nan nan 1.2112717792776169 0.74196491198039494 0.71519647497432914 0 0.67146321347149374 nan nan nan nan nan nan nan nan nan nan 0 0 0 0 running
1700 1.1801457270555411 0.00070924567737749085 0.02 57.680086000000003 0.047841187538366692 0.07255612142559198 0.059048996524552796 0.030456510199950021 0 0.042013359362996751 nan nan nan nan nan nan nan nan nan nan 1.2029711540863903 0.74108456403438072 0.71234919158855947 0 0.66655720552726683 nan nan nan nan nan nan nan nan nan nan 0 0 0 0 running
1710 1.1872405505676895 0.0007096758480096408 0.02 57.971808000000003 0.047714279277230105 0.072361012374688116 0.058912076971818328 0.030364212954318584 0 0.041887084899395063 nan nan nan nan nan nan nan nan nan nan 1.1945306459940592 0.73983721315300432 0.70934360914280647 0 0.66155916426794881 nan nan nan nan nan nan nan nan nan nan 0 0 0 0 running
1720 1.1943396703655151 0.00071010502627303382 0.02 58.271428 0.04758809135942569 0.072167084527420142 0.058775932497778134 0.030272228452464786 0 0.041761537932837642 nan nan nan nan nan nan nan nan nan nan 1.1859611147766471 0.73823483674548529 0.7061868468193212 0 0.65647574853481694 nan nan nan nan nan nan nan nan nan nan 0 0 0 0 running
1730 1.2014430762802035 0.00071053316792066062 0.02 58.562908 0.04746261907104906 0.0719743285146901 0.058640556056662747 0.030180561347593102 0 0.041636714356281537 nan nan nan nan nan nan nan nan nan nan 1.1772730081362164 0.73628965762254595 0.70288587133803282 0 0.65131338865498445 nan nan nan nan nan nan nan nan nan nan 0 0 0 0 running
1740 1.2085507577123504 0.00071096023086563386 0.02 58.896937000000001 0.047337496257109882 0.07178211605227458 0.058505996739777584 0.030088341584932336 0 0.041512174366934933 nan nan nan nan nan nan nan nan nan nan 1.1661386900118571 0.73401409461836542 0.69812462959142552 0 0.64473620453199976 nan nan nan nan nan nan nan nan nan nan 0 0 0 0 running
1750 1.2156627036525876 0.00071138617492749918 0.02 59.179192999999998 0.047211838895696114 0.071588834028689749 0.05837273732581455 0.029992991080924129 0 0.04138685207997337 nan nan nan nan nan nan nan nan nan nan 1.1451992465499128 0.73142070557675098 0.68773206787690322 0 0.63251545134416465 nan nan nan nan nan nan nan nan nan nan 0 0 0 0 running
1760 1.2227789026989087 0.00071181096163574857 0.02 59.466746999999998 0.04708727053631441 0.071397298831845382 0.058240471918747747 0.029898542463928621 0 0.041262640990740028 nan nan nan nan nan nan nan nan nan nan 1.1257087172232738 0.72852236053410147 0.67807031328520861 0 0.62111272211577062 nan nan nan nan nan nan nan nan nan nan 0 0 0 0 running
1770 1.2298993430761582 0.00071223455468680285 0.02 59.761580000000002 0.046963718287067774 0.071207392358049099 0.058109133975856014 0.029804925881125512 0 0.041139474864159413 nan nan nan nan nan nan nan nan nan nan 1.1074669024793951 0.7253347005467532 0.66902511181445667 0 0.61041648295213036 nan nan nan nan nan nan nan nan nan nan 0 0 0 0 running
1780 1.2370240126595295 0.00071265692023473758 0.02 60.038200000000003 0.046841126442762691 0.071019030329681127 0.057978671714197433 0.029712086156466616 0 0.041017295445388284 nan nan nan nan nan nan nan nan nan nan 1.0903060176017396 0.72187494624118209 0.66050141502031456 0 0.60466253278220405 nan nan nan nan nan nan nan nan nan nan 0 0 0 0 running
1790 1.2441528989996702 0.00071307802696246874 0.02 60.317380999999997 0.046719449606937379 0.070832141274999982 0.057849043726953452 0.029619978889805287 0 0.040896058620834903 nan nan nan nan nan nan nan nan nan nan 1.0740850197956713 0.71816053137402569 0.65242003086585421 0 0.60204592356141928 nan nan nan nan nan nan nan nan nan nan 0 0 0 0 running
1800 1.2512859893477508 0.00071349784602879173 0.02 60.596034000000003 0.046598649945542393 0.070646665878380754 0.057720215593237229 0.029528566931870497 0 0.040775727226190363 nan nan nan nan nan nan nan nan nan nan 1.0586849895620283 0.7142082544933821 0.64471488269955801 0 0.59932710226496444 nan nan nan nan nan nan nan nan nan nan 0 0 0 0 running
1810 1.258423270679613 0.00071391635095060851 0.02 60.889898000000002 0.046478695107779237 0.070462553529708163 0.057592158021198513 0.029437818407733195 0 0.04065626921567133 nan nan nan nan nan nan nan nan nan nan 1.0510568946789403 0.71003379752270368 0.63733076198788907 0 0.59647881219344334 nan nan nan nan nan nan nan nan nan nan 0 0 0 0 running
1820 1.2655647297185564 0.00071433351745615371 0.02 61.193617000000003 0.046359552594183499 0.070279757734873993 0.057464841385416653 0.02934770158892868 0 0.040537644879640546 nan nan nan nan nan nan nan nan nan nan 1.0461763890099152 0.70565149847363862 0.6302214825176935 0 0.59348380705836901 nan nan nan nan nan nan nan nan nan nan 0 0 0 0 running
1830 1.2727103529566008 0.0007147493233299831 0.02 61.483727000000002 0.04624119238620205 0.070098229996528358 0.057338248919024885 0.029258176898616796 0 0.04041981956060358 nan nan nan nan nan nan nan nan nan nan 1.0410633546732577 0.70107429487554929 0.62334836154723272 0 0.5903325456260804 nan nan nan nan nan nan nan nan nan nan 0 0 0 0 running
1840 1.2798601266741523 0.00071516374824942964 0.02 61.844453999999999 0.046123589625535678 0.06991792477834087 0.057212377463654582 0.029169199967915126 0 0.04030276705888157 nan nan nan nan nan nan nan nan nan nan 1.0357123868274623 0.69631377573789877 0.61667896755753804 0 0.58702135515266796 nan nan nan nan nan nan nan nan nan nan 0 0 0 0 running
1850 1.2870140369583489 0.00071557677368826557 0.02 62.177779999999998 0.046006740611180853 0.069738841581672956 0.057087199050662625 0.029080790405508126 0 0.040186492968529122 nan nan nan nan nan nan nan nan nan nan 1.0301247230155659 0.69138030319739352 0.61018608558031739 0 0.58355097286622826 nan nan nan nan nan nan nan nan nan nan 0 0 0 0 running
1860 1.2941720697196681 0.00071598838261823655 0.02 62.469150999999997 0.045890620857838522 0.069560939758334758 0.056962687702771742 0.028992930187359378 0 0.040070978055871599 nan nan nan nan nan nan nan nan nan nan 1.0243064913904667 0.68628316724025173 0.60384686220368988 0 0.57992539331077175 nan nan nan nan nan nan nan nan nan nan 0 0 0 0 running
1870 1.3013342107050707 0.00071639855922608496 0.02 62.760286000000001 0.04577521140096668 0.069384186729848654 0.056838826615053281 0.028905602811375792 0 0.039956206539013932 nan nan nan nan nan nan nan nan nan nan 1.0182673308479322 0.68103074775913353 0.59764209549317737 0 0.5761509571880804 nan nan nan nan nan nan nan nan nan nan 0 0 0 0 running
1880 1.3085004455100286 0.00071680728891856211 0.02 63.047393999999997 0.045660491366536653 0.069208551038335786 0.056715597761366011 0.028818788124679903 0 0.039842154107649019 nan nan nan nan nan nan nan nan nan nan 1.012019313261415 0.67563067826039391 0.59155564497313684 0 0.57223563699682689 nan nan nan nan nan nan nan nan nan nan 0 0 0 0 running
1890 1.3156707595914121 0.00071721455847094894 0.02 63.345292999999998 0.045546425861138343 0.069033984973380605 0.056592971017327194 0.028732451028721864 0 0.039728772339829306 nan nan nan nan nan nan nan nan nan nan 1.0055761070515217 0.67009000116011763 0.58557394062472268 0 0.56818848070630268 nan nan nan nan nan nan nan nan nan nan 0 0 0 0 running
1900 1.32284513828216 0.00071762035615309321 0.02 63.625227000000002 0.045431864609869213 0.068858624840441932 0.056469733193976641 0.028645666604254702 0 0.039615103338621838 nan nan nan nan nan nan nan nan nan nan 0.99907910723881921 0.6643905633146554 0.58224486751764892 0 0.56408906780170942 nan nan nan nan nan nan nan nan nan nan 0 0 0 0 running
1910 1.3300235668052089 0.00071802467154889076 0.02 63.904266 0.045316767908121676 0.068682398570902442 0.056345899957257722 0.028558331463123907 0 0.039501096906156705 nan nan nan nan nan nan nan nan nan nan 0.9925188960493434 0.65839705752998168 0.5802456004265405 0 0.55993667855607798 nan nan nan nan nan nan nan nan nan nan 0 0 0 0 running
1920 1.3372060302865187 0.00071842749554885824 0.02 64.197388000000004 0.045202361660458365 0.068507277851000248 0.056222782810961325 0.028471413120217844 0 0.039387786276834494 nan nan nan nan nan nan nan nan nan nan 0.98577130130631452 0.65212212300320116 0.57807318944195607 0 0.5556650212901687 nan nan nan nan nan nan nan nan nan nan 0 0 0 0 running
1930 1.3443925137680184 0.00071882882031861525 0.02 64.479023999999995 0.045088636789979826 0.068333246376469814 0.056100372061983893 0.028384908695706142 0 0.039275163785650706 nan nan nan nan nan nan nan nan nan nan 0.97885599304472248 0.64560199419668574 0.57573927765803701 0 0.55296769695918302 nan nan nan nan nan nan nan nan nan nan 0 0 0 0 running
1940 1.3515830022199338 0.00071922863921611139 0.02 64.767807000000005 0.044975763724069501 0.068160599659107896 0.055978895547072048 0.028298852449314797 0 0.039163343451617594 nan nan nan nan nan nan nan nan nan nan 0.97469320487359457 0.63886822003896493 0.57325502611978807 0 0.5502214302683589 nan nan nan nan nan nan nan nan nan nan 0 0 0 0 running
1950 1.3587774805521216 0.00071962694668215661 0.02 65.041953000000007 0.044864474835011672 0.067990595740277812 0.055859227793490632 0.02821356800054441 0 0.039052857167980334 nan nan nan nan nan nan nan nan nan nan 0.97342386723838858 0.63194839522816015 0.57063108526313355 0 0.54730068379724972 nan nan nan nan nan nan nan nan nan nan 0 0 0 0 running
1960 1.3659759336242518 0.00072002373812302069 0.02 65.318644000000006 0.044753864576821775 0.067821656655103632 0.055740128211002431 0.028128944013995925 0 0.038943105641926497 nan nan nan nan nan nan nan nan nan nan 0.97196640050199856 0.62486677722017325 0.56787770669056803 0 0.54422116844128432 nan nan nan nan nan nan nan nan nan nan 0 0 0 0 running
1970 1.3731783462548539 0.00072041900980104184 0.02 65.630080000000007 0.044643899195554788 0.06765372300177018 0.055621593437129441 0.028044903240797992 0 0.038834059620943565 nan nan nan nan nan nan nan nan nan nan 0.97036536486171387 0.61829321733813924 0.56500743355511351 0 0.54099673906377177 nan nan nan nan nan nan nan nan nan nan 0 0 0 0 running
1980 1.3803847032292862 0.00072081275872750209 0.02 65.916824000000005 0.044534552093448122 0.067486751370845158 0.055503629145732571 0.027961376922345609 0 0.038725683886659194 nan nan nan nan nan nan nan nan nan nan 0.96864748194157468 0.61446630138507985 0.56203366753657069 0 0.53763971197360272 nan nan nan nan nan nan nan nan nan nan 0 0 0 0 running
1990 1.3875949893066863 0.00072120498256834399 0.02 66.224991000000003 0.044425808556655996 0.067320714786424179 0.055386245833226724 0.027878318542293119 0 0.038617959785104954 nan nan nan nan nan nan nan nan nan nan 0.96682724841043188 0.61047357704441274 0.5589693009509894 0 0.53416115298006162 nan nan nan nan nan nan nan nan nan nan 0 0 0 0 running
2000 1.3948091892261387 0.00072159567957929085 0.02 66.497253000000001 0.044317659090230527 0.067155603237987069 0.055269452892692833 0.027795692040821614 0 0.038510863023901901 nan nan nan nan nan nan nan nan nan nan 0.96491102448922206 0.60632073479010318 0.55582597963264124 0 0.53057112249371552 nan nan nan nan nan nan nan nan nan nan 0 0 0 0 running
2010 1.4020272877123205 0.00072198484856261205 0.02 66.772769999999994 0.044210078241685304 0.066991380992898808 0.055153231582731589 0.027713465036303512 0 0.038404359973928992 nan nan nan nan nan nan nan nan nan nan 0.9628999826000435 0.6020133048815991 0.5526137736096719 0 0.52687887243515896 nan nan nan nan nan nan nan nan nan nan 0 0 0 0 running
2020 1.4092492694807714 0.00072237248883137717 0.02 67.058304000000007 0.044103074538927117 0.066828054619015032 0.055037598415849036 0.027631633588959991 0 0.03829846760106647 nan nan nan nan nan nan nan nan nan nan 0.96079220753970129 0.59755674791700697 0.54934110655564194 0 0.52309299709929091 nan nan nan nan nan nan nan nan nan nan 0 0 0 0 running
2030 1.416475119242794 0.00072275860017123595 0.02 67.352204 0.043996643741015522 0.06666561767782743 0.054922555692280148 0.027550185196210344 0 0.038193178630297878 nan nan nan nan nan nan nan nan nan nan 0.95858416817646663 0.59295651946433625 0.5460148407968467 0 0.51922154386584485 nan nan nan nan nan nan nan nan nan nan 0 0 0 0 running
2040 1.4237048217099408 0.00072314318279580463 0.02 67.653283999999999 0.04389076149480247 0.06650403123594438 0.054808103182148758 0.027469072247527603 0 0.038088455570838703 nan nan nan nan nan nan nan nan nan nan 0.9562717264051015 0.58821811421707637 0.54264044767604347 0 0.51527209114399641 nan nan nan nan nan nan nan nan nan nan 0 0 0 0 running
2050 1.4309383615980278 0.00072352623729665167 0.02 67.937346000000005 0.043785437803371755 0.066343311745982986 0.054694241744178605 0.027388311666993619 0 0.03798431398355076 nan nan nan nan nan nan nan nan nan nan 0.95385080787924359 0.58334709404413398 0.5392222163285354 0 0.51125180056870245 nan nan nan nan nan nan nan nan nan nan 0 0 0 0 running
2060 1.4381757236304435 0.00072390776454752293 0.02 68.217408000000006 0.043680679111207876 0.066183469133299797 0.054580974488630765 0.027307912278968449 0 0.03788076295956453 nan nan nan nan nan nan nan nan nan nan 0.951317827795779 0.57834910708773068 0.53576347158996407 0 0.50716745203932889 nan nan nan nan nan nan nan nan nan nan 0 0 0 0 running
2070 1.4454168925403679 0.00072428776560514937 0.02 68.488073999999997 0.043576484805765363 0.066024501533771679 0.054468305539655579 0.027227868774318296 0 0.037777800240348887 nan nan nan nan nan nan nan nan nan nan 0.94866994141428451 0.57322989167613869 0.53226678227953117 0 0.50302546505667489 nan nan nan nan nan nan nan nan nan nan 0 0 0 0 running
2080 1.4526618530724231 0.00072466624168575594 0.02 68.765591000000001 0.04347284608167732 0.065866396695364357 0.05435622368582118 0.027148176428137785 0 0.037675416146588293 nan nan nan nan nan nan nan nan nan nan 0.94590517098364257 0.56799527257681803 0.52873414890243053 0 0.49883191095150192 nan nan nan nan nan nan nan nan nan nan 0 0 0 0 running
2090 1.4599105899843394 0.00072504319418139175 0.02 69.057553999999996 0.043369766102666719 0.065709147844081217 0.05424476101484741 0.027068821085909033 0 0.037573604778699511 nan nan nan nan nan nan nan nan nan nan 0.94302244729795826 0.56350681575206052 0.52516716637132255 0 0.49459252111295626 nan nan nan nan nan nan nan nan nan nan 0 0 0 0 running
2100 1.4671630880488575 0.00072541862468619397 0.02 69.343754000000004 0.04326723960798233 0.065552759011618292 0.054133892113961288 0.026989806187756121 0 0.037472363002335904 nan nan nan nan nan nan nan nan nan nan 0.94002159340429792 0.55949643269196925 0.52156716024275085 0 0.49031269363426588 nan nan nan nan nan nan nan nan nan nan 0 0 0 0 running
2110 1.4744193320558838 0.00072579253502010543 0.02 69.630307000000002 0.043165258411123175 0.065397219710130988 0.054023605548495342 0.026911127750075602 0 0.037371681383632609 nan nan nan nan nan nan nan nan nan nan 0.93690327179214883 0.55739933967848898 0.51793529711942088 0 0.48599750001629294 nan nan nan nan nan nan nan nan nan nan 0 0 0 0 running
2120 1.4816793068148506 0.00072616492724618018 0.02 69.926540000000003 0.043063808719629719 0.065242507734025887 0.053913884441670328 0.026832780071890744 0 0.037271547724821129 nan nan nan nan nan nan nan nan nan nan 0.93366891073028158 0.55647097387148925 0.51427267132835941 0 0.48165169295946542 nan nan nan nan nan nan nan nan nan nan 0 0 0 0 running
2130 1.4889429971572103 0.0007265358036815324 0.02 70.243120000000005 0.042962896404388919 0.065088628980238483 0.053804736998520897 0.026754765874169705 0 0.037171971891231337 nan nan nan nan nan nan nan nan nan nan 0.93032061762641827 0.55537174910817844 0.51058037050717964 0 0.47870801995217582 nan nan nan nan nan nan nan nan nan nan 0 0 0 0 running
2140 1.4962103879390158 0.000726905166903466 0.02 70.558458999999999 0.042862518109714004 0.064935577853007118 0.053696160755397036 0.026677082747559852 0 0.03707294968888044 nan nan nan nan nan nan nan nan nan nan 0.92686108722874461 0.55410719743791415 0.50685952287147185 0 0.47674979301937015 nan nan nan nan nan nan nan nan nan nan 0 0 0 0 running
2150 1.5029087559928043 0.00072724410719482262 0.02 70.899450999999999 0.042770513591322334 0.064795305847037285 0.053596637179494186 0.026605807995688138 0 0.036982211513950543 nan nan nan nan nan nan nan nan nan nan 0.92357828371392237 0.5528007676422303 0.50340745026202294 0 0.47489073125810988 nan nan nan nan nan nan nan nan nan nan 0 0 0 0 running
2160 1.5101832138599609 0.00072761057134779629 0.02 71.201183 0.042671864592020291 0.06464513055066376 0.053489058261486457 0.026530291940986085 0 0.036885112046889171 nan nan nan nan nan nan nan nan nan nan 0.91991434748596634 0.55123444549121281 0.49963520523962723 0 0.47281473435842647 nan nan nan nan nan nan nan nan nan nan 0 0 0 0 running
2170 1.5174613280927924 0.00072797553132087939 0.02 71.498330999999993 0.042573705819703503 0.064495687536748642 0.053382068327025585 0.026455028529615572 0 0.036788512770990947 nan nan nan nan nan nan nan nan nan nan 0.9161495692014372 0.54951940398352894 0.49583818661407109 0 0.47068036785825529 nan nan nan nan nan nan nan nan nan nan 0 0 0 0 running
2180 1.5247430836690976 0.00072833899071573897 0.02 71.801122000000007 0.042476009009391753 0.064346935783685374 0.053275652905389853 0.026379972732788762 0 0.036692375341502027 nan nan nan nan nan nan nan nan nan nan 0.9122881288564999 0.54766137417556016 0.49201788270767643 0 0.46848992784665133 nan nan nan nan nan nan nan nan nan nan 0 0 0 0 running
2190 1.5320284656041103 0.00072870095339338126 0.02 72.093429 0.042378771287472833 0.064198873649603277 0.053169806169285225 0.02630512192233327 0 0.036596696215283595 nan nan nan nan nan nan nan nan nan nan 0.90833462670047305 0.54566606577201671 0.48817588428741809 0 0.46624603180002178 nan nan nan nan nan nan nan nan nan nan 0 0 0 0 running
2200 1.5393174589531373 0.00072906142347887407 0.02 72.407527000000002 0.042282001487776534 0.064051515855032062 0.05306452838198749 0.026230491476789037 0 0.036501489150685386 nan nan nan nan nan nan nan nan nan nan 0.90429409820286399 0.54353914515010715 0.48431389771362865 0 0.46395164151892521 nan nan nan nan nan nan nan nan nan nan 0 0 0 0 running
2210 1.5466100488140564 0.00072942040533224633 0.02 72.721580000000003 0.042185698601694591 0.063904862257017275 0.052959814908556842 0.026156083926436619 0 0.036406753370238007 nan nan nan nan nan nan nan nan nan nan 0.90017191891447013 0.54128621661901677 0.48214075202648454 0 0.46160999938150971 nan nan nan nan nan nan nan nan nan nan 0 0 0 0 running
2220 1.5539062203295171 0.00072977790352426585 0.02 73.014840000000007 0.042089861859876926 0.06375891276967216 0.052855661142299906 0.026081902840532762 0 0.036312488606185148 nan nan nan nan nan nan nan nan nan nan 0.89597366536546175 0.53891280669383879 0.48086936163703708 0 0.4592245281210503 nan nan nan nan nan nan nan nan nan nan 0 0 0 0 running
2230 1.5612059586889828 0.00073013392282554807 0.02 73.283799000000002 0.041994493015758062 0.063613673582033653 0.052752068824859763 0.026007950036992866 0 0.036218690219578339 nan nan nan nan nan nan nan nan nan nan 0.89170497048910824 0.53642435103319619 0.47952966867412483 0 0.45679872382861286 nan nan nan nan nan nan nan nan nan nan 0 0 0 0 running
2240 1.5685092491306931 0.00073048846820076901 0.02 73.641846999999999 0.041899590067267137 0.063469140422137749 0.052649030071463349 0.025934231009633844 0 0.036125361556297392 nan nan nan nan nan nan nan nan nan nan 0.88737139419862721 0.53382618382175828 0.47812523082412828 0 0.45433605847873837 nan nan nan nan nan nan nan nan nan nan 0 0 0 0 running
2250 1.5758160769435792 0.00073084154480350914 0.02 73.954994999999997 0.041805150395342272 0.063325308536397812 0.052546536753588287 0.02586075071962406 0 0.036032503993994255 nan nan nan nan nan nan nan nan nan nan 0.88297831851400121 0.53112352938587093 0.47665954472819805 0 0.4518398997355102 nan nan nan nan nan nan nan nan nan nan 0 0 0 0 running
2260 1.5831264274691161 0.00073119315796965102 0.02 74.246166000000002 0.041711172724094046 0.06318217573000727 0.052444584257360975 0.025787513180928239 0 0.035940117781311377 nan nan nan nan nan nan nan nan nan nan 0.87853086984595574 0.52832149582243937 0.47513598351479736 0 0.44931345054849792 nan nan nan nan nan nan nan nan nan nan 0 0 0 0 running
2270 1.5904402861031004 0.00073154331320855845 0.02 74.524100000000004 0.041617666030416813 0.063039757500048574 0.052343185213345814 0.025714521981360143 0 0.035848206711398274 nan nan nan nan nan nan nan nan nan nan 0.87403386717754383 0.52542507041316477 0.47355775282578594 0 0.44675970799400444 nan nan nan nan nan nan nan nan nan nan 0 0 0 0 running
2280 1.5977576382973253 0.00073189201619163662 0.02 74.801484000000002 0.041524606115228319 0.062898018780689485 0.052242309793215785 0.025641764668368074 0 0.03575674440927222 nan nan nan nan nan nan nan nan nan nan 0.86949179290288425 0.522439116590246 0.47192786340306991 0 0.44418143919646247 nan nan nan nan nan nan nan nan nan nan 0 0 0 0 running
2290 1.6050784695611204 0.00073223927273825113 0.02 75.160216000000005 0.041432004360179672 0.062756972524854696 0.052141968509324545 0.02556925427840245 0 0.035665749419343126 nan nan nan nan nan nan nan nan nan nan 0.8649087822802084 0.51936837222584031 0.47024911756089938 0 0.44158117145492759 nan nan nan nan nan nan nan nan nan nan 0 0 0 0 running
2300 1.6124027654627771 0.00073258508880497998 0.02 75.447511000000006 0.041339855823444696 0.062616603133095208 0.052042178611063875 0.025496967967452103 0 0.035575211587132817 nan nan nan nan nan nan nan nan nan nan 0.86028862736547662 0.51621744933219604 0.4685241066908562 0 0.43896119355076313 nan nan nan nan nan nan nan nan nan nan 0 0 0 0 running
2310 1.6197305116308027 0.000732929470463481 0.02 75.745001000000002 0.041248162421802077 0.062476924701193447 0.051942906647607215 0.025424940860676166 0 0.03548514093232983 nan nan nan nan nan nan nan nan nan nan 0.85563479093326844 0.51299082763277082 0.46675521677675358 0 0.43632356504071601 nan nan nan nan nan nan nan nan nan nan 0 0 0 0 running
2320 1.6270616937550002 0.00073327242388923164 0.02 76.036456999999999 0.041156922440739339 0.062337934504953237 0.051844148874774253 0.025353175346858887 0 0.035395536058986259 nan nan nan nan nan nan nan nan nan nan 0.85095043026220396 0.50969286661109037 0.46494464098876853 0 0.43367013268605947 nan nan nan nan nan nan nan nan nan nan 0 0 0 0 running
2330 1.6343962975873874 0.00073361395533532272 0.02 76.329757000000001 0.041066134153143342 0.062199629761080587 0.051745901732618838 0.025281673594469669 0 0.035306395499189396 nan nan nan nan nan nan nan nan nan nan 0.84623842256838588 0.50632780609213146 0.4630943948029923 0 0.43100254906929747 nan nan nan nan nan nan nan nan nan nan 0 0 0 0 running
2340 1.6417343089427534 0.00073395407109354304 0.02 76.606813000000002 0.040975795785729449 0.062062007588973865 0.051648161776229821 0.025210437546183951 0 0.035217717689559558 nan nan nan nan nan nan nan nan nan nan 0.84150139256647338 0.50289976383272572 0.46120633321546356 0 0.4283222930394297 nan nan nan nan nan nan nan nan nan nan 0 0 0 0 running
2350 1.6490757136988863 0.00073429277746732001 0.02 76.879476999999994 0.040885902751396197 0.061925061735458635 0.05155092329120739 0.025139466123918815 0 0.035129496137450672 nan nan nan nan nan nan nan nan nan nan 0.83674174125345591 0.49941273552838139 0.45928216913992059 0 0.42563069108003226 nan nan nan nan nan nan nan nan nan nan 0 0 0 0 running
2360 1.6564204977966148 0.00073463008076085428 0.02 77.153479000000004 0.040796449671164491 0.061788786356911998 0.051454182636089474 0.025068754067281148 0 0.035041718967044069 nan nan nan nan nan nan nan nan nan nan 0.8319616743488587 0.49587059623906016 0.45732349188333243 0 0.42292893845721635 nan nan nan nan nan nan nan nan nan nan 0 0 0 0 running
2370 1.6637686472398132 0.00073496598727954248 0.02 77.440522000000001 0.040707448682304283 0.061653197285399926 0.051357953000579576 0.024998311734475663 0 0.034954402149314091 nan nan nan nan nan nan nan nan nan nan 0.82716322931756792 0.49227710256993251 0.45533178491588755 0 0.42021811934779651 nan nan nan nan nan nan nan nan nan nan 0 0 0 0 running
2380 1.6711201480954396 0.00073530050333501097 0.02 77.724988999999994 0.040618890523939022 0.061518278878223483 0.051262218139191393 0.024928140856723909 0 0.034867542008537519 nan nan nan nan nan nan nan nan nan nan 0.82234830028581296 0.48863589517929895 0.45330844241035007 0 0.41749922542127993 nan nan nan nan nan nan nan nan nan nan 0 0 0 0 running
2390 1.6784749864936239 0.00073563363524939819 0.02 78.002606999999998 0.040530773014849954 0.06138402759936866 0.051166974657321639 0.024858242410266691 0 0.034781136414381533 nan nan nan nan nan nan nan nan nan nan 0.81751866045368771 0.4849505013563945 0.45125478422876286 0 0.41477317256361723 nan nan nan nan nan nan nan nan nan nan 0 0 0 0 running
2400 1.68583314862778 0.0007359653893557011 0.02 78.300984999999997 0.040443091996224791 0.06125043646202652 0.051072216024254408 0.024788617248710332 0 0.034695182512210418 nan nan nan nan nan nan nan nan nan nan 0.81267598182658229 0.48122433751035898 0.44917206918920871 0 0.41204081559333106 nan nan nan nan nan nan nan nan nan nan 0 0 0 0 running
2410 1.6931946207546893 0.00073629577199303513 0.02 78.585759999999993 0.040355800052627254 0.061117413826063526 0.05097795384388009 0.02471915201393755 0 0.03460962961741898 nan nan nan nan nan nan nan nan nan nan 0.80741779888084264 0.47746071178736249 0.44684482037740192 0 0.40908633886632617 nan nan nan nan nan nan nan nan nan nan 0 0 0 0 running
2420 1.7005593891945163 0.00073662478949714362 0.02 78.895872999999995 0.040268177543802998 0.060983528318677128 0.050884508003260463 0.024647941698488041 0 0.034523697695863366 nan nan nan nan nan nan nan nan nan nan 0.79504853948504217 0.4736628716184752 0.44068451156895605 0 0.40231938105006626 nan nan nan nan nan nan nan nan nan nan 0 0 0 0 running
2430 1.7079274403307056 0.00073695244818737364 0.02 79.228990999999994 0.040181160744463262 0.060850583728806078 0.050791636746468152 0.024577279819556042 0 0.034438376950890255 nan nan nan nan nan nan nan nan nan nan 0.78358380693197938 0.46983386863791599 0.4349859239967816 0 0.39603447644897027 nan nan nan nan nan nan nan nan nan nan 0 0 0 0 running
2440 1.7152987606097343 0.00073727875435170823 0.02 79.577706000000006 0.040094720217657497 0.060718530550977985 0.050699317403868828 0.024507130481800147 0 0.034353642670332703 nan nan nan nan nan nan nan nan nan nan 0.77290384964254866 0.46597786912841688 0.42968383794258658 0 0.39196472038731034 nan nan nan nan nan nan nan nan nan nan 0 0 0 0 running
2450 1.7226733365407154 0.00073760371423145163 0.02 79.868136000000007 0.040008654590984044 0.060587030283582824 0.050607356736292054 0.024437318185729445 0 0.03426932879959356 nan nan nan nan nan nan nan nan nan nan 0.76290733438133174 0.46209871584311524 0.42472313535128492 0 0.39017659484811484 nan nan nan nan nan nan nan nan nan nan 0 0 0 0 running
2460 1.7300511546948498 0.00073792733400695402 0.02 80.173089000000004 0.039922002872299592 0.060454466470463111 0.050514817137993717 0.024367032257640944 0 0.034184646245372756 nan nan nan nan nan nan nan nan nan nan 0.75350802003154538 0.45813060516005677 0.42005710158756049 0 0.38830776052796301 nan nan nan nan nan nan nan nan nan nan 0 0 0 0 running
2470 1.7374322017047503 0.00073824961978541793 0.02 80.491079999999997 0.039835908430791843 0.060322757556306388 0.05042285645989654 0.024297180130795841 0 0.034100520633145393 nan nan nan nan nan nan nan nan nan nan 0.74463251918758333 0.4540513444845703 0.41564614065699068 0 0.38634324678360832 nan nan nan nan nan nan nan nan nan nan 0 0 0 0 running
2480 1.7448164642636528 0.00073857057759148226 0.02 80.787311000000003 0.039750354144638143 0.060191876130338468 0.050331458061117273 0.024227746212682519 0 0.034016936427705931 nan nan nan nan nan nan nan nan nan nan 0.73621816034035903 0.44988379676277224 0.41145661559029489 0 0.38429932423331037 nan nan nan nan nan nan nan nan nan nan 0 0 0 0 running
2490 1.752203929124555 0.00073889021336092883 0.02 81.083355999999995 0.039665325503095338 0.060061799112713435 0.050240607759074629 0.024158717277781232 0 0.033933880343509595 nan nan nan nan nan nan nan nan nan nan 0.72821119444268256 0.44612392109097881 0.40745987025560748 0 0.38218985807328087 nan nan nan nan nan nan nan nan nan nan 0 0 0 0 running
2500 1.7595945830993087 0.0007392085329375683 0.02 81.385873000000004 0.039580810006700343 0.059932506731919882 0.050150293286295049 0.024090081926040001 0 0.033851340842811488 nan nan nan nan nan nan nan nan nan nan 0.72056540054615748 0.4428600976900347 0.40363144730993006 0 0.38002654200802133 nan nan nan nan nan nan nan nan nan nan 0 0 0 0 running
2510 1.7669884130576952 0.00073952554207314645 0.02 81.679033000000004 0.03949680134707588 0.059803988065048802 0.050060512057536317 0.024021830202830267 0 0.0337693115270511 nan nan nan nan nan nan nan nan nan nan 0.71408233773449603 0.43955846950355942 0.39995043632496519 0 0.37781914182507104 nan nan nan nan nan nan nan nan nan nan 0 0 0 0 running
2520 1.7743854059265185 0.00073984124642994403 0.02 82.058278000000001 0.039413289931759521 0.059676230492815271 0.049971256692743639 0.023953950988720378 0 0.033687777708999625 nan nan nan nan nan nan nan nan nan nan 0.71077580559789988 0.43622186032040416 0.39639892927548803 0 0.37557573621988216 nan nan nan nan nan nan nan nan nan nan 0 0 0 0 running
2530 1.7817855486887355 0.00074015565158563109 0.02 82.346601000000007 0.039330285363555727 0.059549246910155576 0.049882519046575639 0.023886475435680846 0 0.033606762878259956 nan nan nan nan nan nan nan nan nan nan 0.7073779186027418 0.43285269031934209 0.39296156476874589 0 0.3733029465651565 nan nan nan nan nan nan nan nan nan nan 0 0 0 0 running
2540 1.7891888283826438 0.00074046876303996041 0.02 82.650374999999997 0.039247809287011173 0.059423075420111778 0.049794259136138608 0.023819497307017372 0 0.033526319241571685 nan nan nan nan nan nan nan nan nan nan 0.70389100099629354 0.42945309492903788 0.38962514553755112 0 0.37100615060683606 nan nan nan nan nan nan nan nan nan nan 0 0 0 0 running
2550 1.7965952321011509 0.00074078058622286129 0.02 82.996802000000002 0.03916579869254911 0.059297612741496662 0.04970649826626871 0.023752860131797185 0 0.033446340980002681 nan nan nan nan nan nan nan nan nan nan 0.70031886358565854 0.4260250214942824 0.38637831716398008 0 0.36868967825429289 nan nan nan nan nan nan nan nan nan nan 0 0 0 0 running
2560 1.8040047469910994 0.00074109112649877926 0.02 83.348265999999995 0.039084245003456558 0.059172845103829294 0.049619225107627403 0.023686559777668207 0 0.033366822224881847 nan nan nan nan nan nan nan nan nan nan 0.69666635381932296 0.42257029756100001 0.38321129754411165 0 0.36635698546775852 nan nan nan nan nan nan nan nan nan nan 0 0 0 0 running
2570 1.8114173602526289 0.00074140038916953538 0.02 83.626441 0.039003143710812413 0.059048765356695017 0.049532435363794827 0.02362059128738184 0 0.033287759321518687 nan nan nan nan nan nan nan nan nan nan 0.69293900392741947 0.41909067203187461 0.3815687838522257 0 0.36401080794379603 nan nan nan nan nan nan nan nan nan nan 0 0 0 0 running
2580 1.8188330591385835 0.00074170837948129512 0.02 83.917066000000005 0.038922488564451796 0.058925363483795297 0.04944612147171884 0.023554950487412157 0 0.033209147798334039 nan nan nan nan nan nan nan nan nan nan 0.68914275866785579 0.41558784347024169 0.38005932233374795 0 0.36165329573601934 nan nan nan nan nan nan nan nan nan nan 0 0 0 0 running
2590 1.8262518309540157 0.00074201510263622466 0.02 84.211623000000003 0.038842275479841114 0.058802634346356242 0.049360278877103654 0.023489633542530756 0 0.033130982499772428 nan nan nan nan nan nan nan nan nan nan 0.6852837665781244 0.41206347862099002 0.37849516551590268 0 0.35928612968840423 nan nan nan nan nan nan nan nan nan nan 0 0 0 0 running
2600 1.8336736630558255 0.00074232056380700714 0.02 84.522098 0.038762499546189606 0.058680570285106738 0.04927490198642185 0.023424636934311023 0 0.033053259220243721 nan nan nan nan nan nan nan nan nan nan 0.68136822176503409 0.40851922358792914 0.37687988334003153 0 0.35691062094998383 nan nan nan nan nan nan nan nan nan nan 0 0 0 0 running
2610 1.8410985428525475 0.00074262476815201075 0.02 84.851146999999997 0.038683156135657579 0.058559164074609572 0.049189985610636637 0.023359957329872789 0 0.032975973907273054 nan nan nan nan nan nan nan nan nan nan 0.67740224580440866 0.40495670965341296 0.37521704006687429 0 0.35452779505661436 nan nan nan nan nan nan nan nan nan nan 0 0 0 0 running
2620 1.8485264578042886 0.00074292772082931063 0.02 85.142488999999998 0.038604244153290335 0.058438413096418465 0.049105530804296804 0.023295591575973315 0 0.032899125604798365 nan nan nan nan nan nan nan nan nan nan 0.67339180136751442 0.40137755532608055 0.37351014133929594 0 0.35213846215763789 nan nan nan nan nan nan nan nan nan nan 0 0 0 0 running
2630 1.8559573954227908 0.00074322942700843456 0.02 85.434280999999999 0.038525761592196374 0.058318313629784131 0.049021536877217609 0.023231536670418999 0 0.032822712453398351 nan nan nan nan nan nan nan nan nan nan 0.66934263083613876 0.39887975890798466 0.37176259598995942 0 0.34974327496994795 nan nan nan nan nan nan nan nan nan nan 0 0 0 0 running
2640 1.8633913432715967 0.00074352989187932001 0.02 85.745405000000005 0.038447704912657504 0.058198862388052518 0.048938000451853064 0.023167789053687327 0 0.032746727227751196 nan nan nan nan nan nan nan nan nan nan 0.66526021449142014 0.39805643762805576 0.36997768940217324 0 0.34734277598939367 nan nan nan nan nan nan nan nan nan nan 0 0 0 0 running
2650 1.8708282889662913 0.00074382912065842704 0.02 86.077094000000002 0.0383700659675862 0.058080046134063187 0.04885490959583428 0.02310434639534463 0 0.032671165251280221 nan nan nan nan nan nan nan nan nan nan 0.66114974392959258 0.39717044486871067 0.36815856586427553 0 0.34493743539888511 nan nan nan nan nan nan nan nan nan nan 0 0 0 0 running
2660 1.8782682201747865 0.00074412711859224705 0.02 86.393764000000004 0.038292827234430574 0.057961835080357897 0.048772255549915627 0.023041184698900697 0 0.032596006785985308 nan nan nan nan nan nan nan nan nan nan 0.65701610724423065 0.39622347404645064 0.36630821788180312 0 0.34252768100934505 nan nan nan nan nan nan nan nan nan nan 0 0 0 0 running
2670 1.8857111246176321 0.00074442389095873954 0.02 86.685969999999998 0.038215995114371029 0.057844241352450504 0.048690033813100934 0.022978321213652727 0 0.032521262533131937 nan nan nan nan nan nan nan nan nan nan 0.65526837526419324 0.39521723309794587 0.36442948066325043 0 0.34011392126119333 nan nan nan nan nan nan nan nan nan nan 0 0 0 0 running
2680 1.8931569900683356 0.00074471944306846714 0.02 86.999970000000005 0.038139567122155688 0.057727261298545572 0.048608240277571234 0.022915755909516507 0 0.032446930710159604 nan nan nan nan nan nan nan nan nan nan 0.65379307636501749 0.39415343215196563 0.36252503085687904 0 0.33769656319866159 nan nan nan nan nan nan nan nan nan nan 0 0 0 0 running
2690 1.9006058043536851 0.00074501378026317112 0.02 87.293448999999995 0.038063539684596179 0.05761088929214115 0.048526871082971323 0.022853486437619117 0 0.032373007925045182 nan nan nan nan nan nan nan nan nan nan 0.65225521797580788 0.39303377473416046 0.36059738819743425 0 0.33527602514205579 nan nan nan nan nan nan nan nan nan nan 0 0 0 0 running
2700 1.9080575553540369 0.00074530690791135932 0.02 87.593018999999998 0.037987909342321685 0.057495119874368519 0.048445922515141418 0.022791510538680625 0 0.0322994908730211 nan nan nan nan nan nan nan nan nan nan 0.65065923313777074 0.391859951612607 0.35864891914858987 0 0.332852745214822 nan nan nan nan nan nan nan nan nan nan 0 0 0 0 running
2710 1.9155122310035568 0.00074559883140340715 0.02 87.936520000000002 0.037912671645119744 0.05737994600622276 0.04836539057062457 0.022729824348152461 0 0.032226374799678749 nan nan nan nan nan nan nan nan nan nan 0.64900917737041541 0.39063363666541584 0.35668184206359288 0 0.33042718685664418 nan nan nan nan nan nan nan nan nan nan 0 0 0 0 running
2720 1.9229698192904148 0.00074588955614729631 0.02 88.223294999999993 0.037837813728269706 0.057265346453475537 0.048285269129627904 0.022668410315823201 0 0.032153643542722765 nan nan nan nan nan nan nan nan nan nan 0.64730877084607985 0.38935648429670178 0.35469823335854378 0 0.32799984189012654 nan nan nan nan nan nan nan nan nan nan 0 0 0 0 running
2730 1.9304303082569398 0.00074617908756519297 0.02 88.532869000000005 0.037763338147143194 0.057151324567320014 0.048205556257059697 0.022607276579849029 0 0.032081303462732101 nan nan nan nan nan nan nan nan nan nan 0.64556143395910159 0.38803012801641157 0.35270003426484564 0 0.3255712315054492 nan nan nan nan nan nan nan nan nan nan 0 0 0 0 running
2740 1.9378936859997522 0.0007464674310913987 0.02 88.829362000000003 0.037689238285920384 0.057037871932380954 0.048126244191098448 0.022546418108472518 0 0.032009345960616692 nan nan nan nan nan nan nan nan nan nan 0.64377031704059795 0.38665617982932265 0.35068905774938897 0 0.3231419060226477 nan nan nan nan nan nan nan nan nan nan 0 0 0 0 running
2750 1.9453599406698727 0.00074675459217068919 0.02 89.125072000000003 0.037615516029095873 0.05692499339719586 0.048047336090496037 0.022485834673366067 0 0.031937769036894458 nan nan nan nan nan nan nan nan nan nan 0.64193833361308061 0.38523623024744713 0.34866699610535612 0 0.32071244329970705 nan nan nan nan nan nan nan nan nan nan 0 0 0 0 running
2760 1.9528290604728189 0.00074704057625622679 0.02 89.438227999999995 0.037542178231453623 0.056812695593707913 0.047968839040088349 0.022425532876400436 0 0.03186658606665313 nan nan nan nan nan nan nan nan nan nan 0.64006818273462107 0.38377184868623127 0.34663542831725058 0 0.31828344622071314 nan nan nan nan nan nan nan nan nan nan 0 0 0 0 running
2770 1.9603010336686741 0.00074732538880704978 0.02 89.713920999999999 0.037469219663603365 0.056700971683789014 0.047890747593857794 0.022365508909843922 0 0.031795789457348837 nan nan nan nan nan nan nan nan nan nan 0.63816236852597408 0.38226458407962971 0.3445958268457342 0 0.31585553957993628 nan nan nan nan nan nan nan nan nan nan 0 0 0 0 running
2780 1.9677758485721331 0.0007476090352858066 0.02 90.058201999999994 0.037396630917529705 0.056589808992758547 0.04781304821019202 0.022305759697085141 0 0.031725369079942042 nan nan nan nan nan nan nan nan nan nan 0.63622321795951708 0.3807159655952056 0.34254956405773485 0 0.31342936657188636 nan nan nan nan nan nan nan nan nan nan 0 0 0 0 running
2790 1.9752534935525301 0.00074789152115721101 0.02 90.345496999999995 0.037324398166017042 0.056479186637963599 0.04773572418435746 0.022246273920219124 0 0.031655313965470042 nan nan nan nan nan nan nan nan nan nan 0.63425289692487485 0.37912750319775301 0.34049791840783017 0 0.31100558505910914 nan nan nan nan nan nan nan nan nan nan 0 0 0 0 running
2800 1.9827339570338529 0.00074817285188695005 0.02 90.678740000000005 0.037252524838964601 0.056369109780153519 0.047658785341669584 0.022187045407638339 0 0.031585624781178989 nan nan nan nan nan nan nan nan nan nan 0.63225342466024537 0.37750069298996025 0.3384420803993714 0 0.30858486364371596 nan nan nan nan nan nan nan nan nan nan 0 0 0 0 running
2810 1.9902172274947452 0.00074845303294037129 0.02 90.993660000000006 0.037181023293830023 0.056259595628141333 0.0475822457803243 0.022128087384189522 0 0.03151631324977839 nan nan nan nan nan nan nan nan nan nan 0.6302266866768893 0.37583701475240938 0.33638315831602761 0 0.30616787793241584 nan nan nan nan nan nan nan nan nan nan 0 0 0 0 running
2820 1.9977032934684924 0.00074873206978028648 0.02 91.305594999999997 0.037109883220123839 0.056150627570669749 0.047506087869224327 0.022069401661907885 0 0.031447373691979447 nan nan nan nan nan nan nan nan nan nan 0.62817444631918651 0.37413792162386794 0.33432218370243061 0 0.30375530690285657 nan nan nan nan nan nan nan nan nan nan 0 0 0 0 running
2830 2.0044934880997309 0.00074898409435324826 0.02 91.686044999999993 0.037045700705738989 0.056052311050866603 0.047437376733121525 0.022016429991745832 0 0.031385191234900946 nan nan nan nan nan nan nan nan nan nan 0.62629297307494869 0.37258739645099004 0.33245248193445653 0 0.3015721472436973 nan nan nan nan nan nan nan nan nan nan 0 0 0 0 running
2840 2.0119848527628195 0.00074926096460762844 0.02 91.993562999999995 0.036975259511905278 0.05594440039697076 0.047361962194986021 0.021958266835184679 0 0.031316963433938971 nan nan nan nan nan nan nan nan nan nan 0.62419659726984955 0.37085194638344043 0.33039019839056916 0 0.2993319668559874 nan nan nan nan nan nan nan nan nan nan 0 0 0 0 running
2850 2.0194789799178499 0.00074953670647467333 0.02 92.281952000000004 0.036905170467060551 0.055837021060225332 0.047286919459298214 0.021900369934827673 0 0.031249098545421815 nan nan nan nan nan nan nan nan nan nan 0.62207924229352063 0.36908165142201643 0.3283284720681463 0 0.29817165726634431 nan nan nan nan nan nan nan nan nan nan 0 0 0 0 running
2860 2.0269758583107134 0.00074981132536236462 0.02 92.577177000000006 0.036835430908939717 0.05573016888207008 0.047212245646264479 0.021842737773026574 0 0.031181593853231486 nan nan nan nan nan nan nan nan nan nan 0.61994228383043382 0.36727829570315762 0.32626808175285815 0 0.29700349299108086 nan nan nan nan nan nan nan nan nan nan 0 0 0 0 running
2870 2.0344754767412252 0.00075008482664905513 0.02 92.862329000000003 0.0367660382132875 0.055623839760245333 0.0471379379358896 0.021785368831607983 0 0.031114446674401219 nan nan nan nan nan nan nan nan nan nan 0.61778701690469751 0.36544360068821236 0.32420975223914661 0 0.29582808979537378 nan nan nan nan nan nan nan nan nan nan 0 0 0 0 running
2880 2.0419778240627902 0.00075035721567715051 0.02 93.141076999999996 0.036696989745204106 0.055518029848461478 0.047063994030088457 0.021728260385641976 0 0.031047653858109123 nan nan nan nan nan nan nan nan nan nan 0.61561466201127568 0.36357923045407003 0.32215415807123082 0 0.29464602566260356 nan nan nan nan nan nan nan nan nan nan 0 0 0 0 running
2890 2.0494828891820149 0.00075062849774770951 0.02 93.453714000000005 0.036628284546856002 0.055412737908268866 0.046990414230601477 0.021671409742907839 0 0.030981213532207556 nan nan nan nan nan nan nan nan nan nan 0.61342637066773498 0.36168678124098397 0.32010192701026885 0 0.29345784373978312 nan nan nan nan nan nan nan nan nan nan 0 0 0 0 running
2900 2.0569906610582684 0.0007508986781163291 0.02 93.966657999999995 0.036559918365292869 0.055307956870760129 0.046917192861532758 0.021614815909242274 0 0.030915122648468317 nan nan nan nan nan nan nan nan nan nan 0.61122323045640337 0.35976769817575516 0.3180536432404284 0 0.29226405500341124 nan nan nan nan nan nan nan nan nan nan 0 0 0 0 running
2910 2.0645011287032129 0.00075116776199054278 0.02 94.520267000000004 0.036491884322900243 0.055203675086229941 0.046844319861266616 0.021558478704289008 0 0.030849376927997732 nan nan nan nan nan nan nan nan nan nan 0.60900626960858517 0.35782349317236983 0.31600985035729401 0 0.29106514067222322 nan nan nan nan nan nan nan nan nan nan 0 0 0 0 running
2920 2.0720142811803162 0.00075143575452879486 0.02 94.923663000000005 0.036424189143005131 0.055099901321311449 0.046771808659670615 0.021502396707262929 0 0.030783981200544125 nan nan nan nan nan nan nan nan nan nan 0.60677646119298667 0.3558556613892524 0.31397105410308179 0 0.28986155440786598 nan nan nan nan nan nan nan nan nan nan 0 0 0 0 running
2930 2.079530107604362 0.00075170266084093485 0.02 95.238226999999995 0.036356829875380171 0.054996632974418307 0.046699655556034163 0.021446568092824053 0 0.030718929707941239 nan nan nan nan nan nan nan nan nan nan 0.60453472694677934 0.35386565351210597 0.31193772490514948 0 0.28865372432253367 nan nan nan nan nan nan nan nan nan nan 0 0 0 0 running
2940 2.0870485971409747 0.00075196848599006915 0.02 95.626148999999998 0.036289803839207713 0.054893866738259016 0.046627857401679913 0.021390991238961259 0 0.030654218566233619 nan nan nan nan nan nan nan nan nan nan 0.60228194078663777 0.35185487807778182 0.3099103002283804 0 0.28744205481429597 nan nan nan nan nan nan nan nan nan nan 0 0 0 0 running
2950 2.0945697390061642 0.00075223323499553317 0.02 95.942329999999998 0.036223252345602926 0.054791847078006953 0.046556580390914301 0.021335735426252236 0 0.030589945445713685 nan nan nan nan nan nan nan nan nan nan 0.60001840809278129 0.34982470341647609 0.30788920757507499 0 0.28622656789346557 nan nan nan nan nan nan nan nan nan nan 0 0 0 0 running
2960 2.1020935224659123 0.00075249691283671178 0.02 96.225756000000004 0.036157293925693196 0.054690779445430319 0.046485930891232131 0.021280913564402395 0 0.030526203675468239 nan nan nan nan nan nan nan nan nan nan 0.59774732029746591 0.34777645928879819 0.30587479587789534 0 0.28500888964408955 nan nan nan nan nan nan nan nan nan nan 0 0 0 0 running
2970 2.1096199368357942 0.00075275952445741097 0.02 96.562927000000002 0.03609165985637932 0.054590199413671034 0.04641558742533998 0.021226402596507408 0 0.030462809468106332 nan nan nan nan nan nan nan nan nan nan 0.59548723354645361 0.34571143814505156 0.30386759065456725 0 0.28380070582939987 nan nan nan nan nan nan nan nan nan nan 0 0 0 0 running
2980 2.11714897148065 0.00075302107477050368 0.02 96.845617000000004 0.036026338366577045 0.054490085547604629 0.046345550448940849 0.021172176355401404 0 0.030399749332695077 nan nan nan nan nan nan nan nan nan nan 0.59325107469282057 0.3436308963476884 0.30186921487973317 0 0.28261019707947543 nan nan nan nan nan nan nan nan nan nan 0 0 0 0 running
2990 2.1246806158142992 0.00075328156866258844 0.02 97.165154000000001 0.035961321816596642 0.054390424208294881 0.046275820448922894 0.021118217311360005 0 0.030337014154248988 nan nan nan nan nan nan nan nan nan nan 0.59104512707973456 0.34153605491309902 0.29988178056221126 0 0.28144129056471945 nan nan nan nan nan nan nan nan nan nan 0 0 0 0 running
3000 2.132214859299304 0.00075354101099844471 0.02 97.455203999999995 0.035896605139617531 0.054291206621405977 0.046206397792276165 0.021064513518875231 0 0.030274597596251229 nan nan nan nan nan nan nan nan nan nan 0.58887112025323307 0.33942810040050919 0.29790738656727966 0 0.28029498659901375 nan nan nan nan nan nan nan nan nan nan 0 0 0 0 running
3010 2.1397516914467745 0.00075379940662509935 0.02 97.730998999999997 0.035832184857510614 0.054192427023963499 0.04613728265359536 0.021011056657013204 0 0.030212495081745318 nan nan nan nan nan nan nan nan nan nan 0.58672776834114226 0.33730818659195327 0.29594783473299657 0 0.27917034090205151 nan nan nan nan nan nan nan nan nan nan 0 0 0 0 running
3020 2.1472911018162089 0.00075405676037537932 0.02 98.051402999999993 0.035768058458905211 0.05409408149149874 0.046068474988016292 0.020957840764768483 0 0.030150703141826083 nan nan nan nan nan nan nan nan nan nan 0.5846118916738352 0.33517743695410085 0.2940044920760253 0 0.27806518476333253 nan nan nan nan nan nan nan nan nan nan 0 0 0 0 running
3030 2.1548330800153712 0.00075431307707085236 0.02 98.385767999999999 0.035704224006801337 0.053996167196483098 0.045999974529709185 0.020904861421226651 0 0.03008921899873945 nan nan nan nan nan nan nan nan nan nan 0.58251922455227789 0.33303694756471669 0.29207824772660673 0 0.27697664647996045 nan nan nan nan nan nan nan nan nan nan 0 0 0 0 running
3040 2.1623776157001893 0.0007545683615241129 0.02 98.713705000000004 0.035640683001110472 0.053898686637807759 0.045931785985280763 0.020852115213413857 0 0.030028042393344695 nan nan nan nan nan nan nan nan nan nan 0.58044498772602671 0.33088779010175395 0.2901695285108099 0 0.27590152281903924 nan nan nan nan nan nan nan nan nan nan 0 0 0 0 running
3050 2.1699246985746758 0.00075482261854038682 0.02 99.017956999999996 0.035577434339914553 0.053801638446678679 0.045863909244581065 0.020799599384880938 0 0.029967171467137402 nan nan nan nan nan nan nan nan nan nan 0.57838428544661924 0.32873101452885967 0.28827834822779763 0 0.27483653793327389 nan nan nan nan nan nan nan nan nan nan 0 0 0 0 running
3060 2.1774743183908578 0.00075507585291846927 0.02 99.442288000000005 0.035514473162443626 0.053705015619212711 0.045796337629261406 0.02074731161127347 0 0.029906601913643967 nan nan nan nan nan nan nan nan nan nan 0.57633237261198778 0.32656765120126574 0.2864043737171359 0 0.27377851839863576 nan nan nan nan nan nan nan nan nan nan 0 0 0 0 running
3070 2.1850264649487192 0.0007553280694510302 0.02 99.823001000000005 0.035451798131980392 0.053608816490969248 0.045729070145425731 0.020695249854898963 0 0.0298463318595278 nan nan nan nan nan nan nan nan nan nan 0.57428482651351764 0.32439871222303207 0.28481652380348932 0 0.27272450627188716 nan nan nan nan nan nan nan nan nan nan 0 0 0 0 running
3080 2.1925811280961334 0.00075557927292433259 0.02 100.16036200000001 0.035389409711816477 0.053513042513652583 0.04566210958762737 0.020643409574404109 0 0.029786360449658371 nan nan nan nan nan nan nan nan nan nan 0.57223765142830629 0.32222479873467247 0.2841318440953261 0 0.27167182637838116 nan nan nan nan nan nan nan nan nan nan 0 0 0 0 running
3090 2.2001382977288007 0.00075582946811743649 0.02 100.44817 0.035327308586741102 0.05341769303949797 0.045595457982455199 0.02059179152028737 0 0.029726689415528813 nan nan nan nan nan nan nan nan nan nan 0.57018733511259478 0.32051627864661081 0.28344001517985296 0 0.27061812139598507 nan nan nan nan nan nan nan nan nan nan 0 0 0 0 running
3100 2.2076979637901641 0.0007560786598009645 0.02 100.768148 0.035265498745201879 0.053322774209376381 0.045529122660225338 0.020540395388665811 0 0.029667320513023645 nan nan nan nan nan nan nan nan nan nan 0.56813085549037279 0.31936435003642072 0.28273900819363773 0 0.26956136564691935 nan nan nan nan nan nan nan nan nan nan 0 0 0 0 running
3110 2.2152601162713204 0.00075632685273550827 0.02 101.067221 0.035203969017586358 0.053228271230828565 0.045463085068321356 0.020489219482462448 0 0.029608243713589399 nan nan nan nan nan nan nan nan nan nan 0.56606567752763781 0.31821380799072968 0.28202710753263582 0 0.2684998594699477 nan nan nan nan nan nan nan nan nan nan 0 0 0 0 running
3120 2.2228247452109087 0.00075657405166976296 0.02 101.327934 0.035142717890327996 0.053134182122897798 0.045397343751675812 0.020438262107444333 0 0.02954945711931458 nan nan nan nan nan nan nan nan nan nan 0.5639897320510503 0.31706548453887212 0.28130289894117266 0 0.2674322145514606 nan nan nan nan nan nan nan nan nan nan 0 0 0 0 running
3130 2.2303918406949794 0.00075682026133847306 0.02 101.629299 0.035081746333502126 0.053040508073241677 0.045331900156394551 0.020387523815134086 0 0.029490961891253192 nan nan nan nan nan nan nan nan nan nan 0.56190138413947888 0.31592019767965374 0.28056525113902708 0 0.2663573326023293 nan nan nan nan nan nan nan nan nan nan 0 0 0 0 running
3140 2.2379613928568438 0.00075706548646026553 0.02 101.944886 0.03502104897431902 0.052947241670328223 0.045266750115384849 0.020336996825847841 0 0.029432751313950851 nan nan nan nan nan nan nan nan nan nan 0.55979939575332471 0.31477874862158367 0.27981329320547521 0 0.26527438017636529 nan nan nan nan nan nan nan nan nan nan 0 0 0 0 running
3150 2.2455333918768998 0.00075730973173543414 0.02 102.23454099999999 0.034960620691221529 0.052854375124515164 0.045201894846177801 0.020286665775365895 0 0.029374817783401636 nan nan nan nan nan nan nan nan nan nan 0.5576828862683918 0.31364191926909474 0.27904639057695635 0 0.26418276217741288 nan nan nan nan nan nan nan nan nan nan 0 0 0 0 running
3160 2.2531078279824386 0.00075755300184374239 0.02 102.52309200000001 0.034900463490672107 0.052761913440030665 0.045137328810808452 0.020236545995684783 0 0.029317162268113373 nan nan nan nan nan nan nan nan nan nan 0.55555129076524756 0.31251046994460657 0.27826411779319682 0 0.2630820936677114 nan nan nan nan nan nan nan nan nan nan 0 0 0 0 running
3170 2.2606846914474237 0.00075779530144228586 0.02 102.82787500000001 0.034840579629910558 0.052669859602861774 0.045073056153172641 0.020186637102969494 0 0.029259786835202372 nan nan nan nan nan nan nan nan nan nan 0.55340432066031098 0.31138513735305168 0.27746623397706238 0 0.26197217313735921 nan nan nan nan nan nan nan nan nan nan 0 0 0 0 running
3180 2.268263972592258 0.00075803663516345429 0.02 103.160397 0.034780869853680993 0.05257803606874397 0.045008991432703704 0.020136849774997974 0 0.029202613468614486 nan nan nan nan nan nan nan nan nan nan 0.5512419247620195 0.31026663271695587 0.27665265882831636 0 0.26085295674544828 nan nan nan nan nan nan nan nan nan nan 0 0 0 0 running
3190 2.2758456617835212 0.00075827700761282651 0.02 103.681011 0.034720902410654141 0.052485688609823333 0.044944730386443317 0.020086818769851359 0 0.029145303813831999 nan nan nan nan nan nan nan nan nan nan 0.54906419585990274 0.30915564010847202 0.27582342913703262 0 0.25972450945310055 nan nan nan nan nan nan nan nan nan nan 0 0 0 0 running
3200 2.283429749433691 0.00075851642336710655 0.02 104.136073 0.034661222778485309 0.052393774512366889 0.044880785494212025 0.020036996352649831 0 0.029088280895106591 nan nan nan nan nan nan nan nan nan nan 0.54687148426813836 0.30805281497339282 0.27497872659142508 0 0.2585870411772111 nan nan nan nan nan nan nan nan nan nan 0 0 0 0 running
3210 2.2910162260008495 0.00075875488697299423 0.02 104.424622 0.034601832480458866 0.05230229472993856 0.044817156593516309 0.019987386829316375 0 0.02903154945260138 nan nan nan nan nan nan nan nan nan nan 0.54466431383494918 0.30695878283421685 0.27411884480551296 0 0.25744087053566289 nan nan nan nan nan nan nan nan nan nan 0 0 0 0 running
3220 2.2986050819883728 0.00075899240294558423 0.02 104.736923 0.034542728916981152 0.052211245123903099 0.044753839912751656 0.019937989772002389 0 0.028975107673436872 nan nan nan nan nan nan nan nan nan nan 0.54244330249133332 0.3058741381607829 0.27324415396054502 0 0.25628638549545379 nan nan nan nan nan nan nan nan nan nan 0 0 0 0 running
3230 2.3061963079446013 0.00075922897576590647 0.02 105.02519599999999 0.034483909087524675 0.05212062111093646 0.044690831501878858 0.019888804100624928 0 0.028918952884072043 nan nan nan nan nan nan nan nan nan nan 0.54020914476584703 0.30479944339783765 0.27235508666940345 0 0.25512402915375598 nan nan nan nan nan nan nan nan nan nan 0 0 0 0 running
3240 2.3137898944624897 0.00075946460987844468 0.02 105.33040699999999 0.034425370960963785 0.05203041966762053 0.04462812910556159 0.019839828654669166 0 0.028863082817014288 nan nan nan nan nan nan nan nan nan nan 0.53796259594889606 0.30373522814006637 0.27145212548853948 0 0.25395428722629387 nan nan nan nan nan nan nan nan nan nan 0 0 0 0 running
3250 2.3213858321792262 0.00075969930968944051 0.02 105.626238 0.034367117227471003 0.051940645324663789 0.044565739025712939 0.01979106167422829 0 0.028807496919900765 nan nan nan nan nan nan nan nan nan nan 0.535704457885402 0.30268198844569838 0.27053579194343413 0 0.25277767711183974 nan nan nan nan nan nan nan nan nan nan 0 0 0 0 running
3260 2.3289841117758483 0.00075993307956635076 0.02 105.925523 0.034309134284280444 0.051851276380262441 0.044503642251389287 0.019742497850138069 0 0.028752186341550235 nan nan nan nan nan nan nan nan nan nan 0.53343556633846023 0.3016401862806582 0.26960663693211606 0 0.2515947383977124 nan nan nan nan nan nan nan nan nan nan 0 0 0 0 running
3270 2.3365847239768565 0.00076016592383840479 0.02 106.24048000000001 0.034251420990868003 0.05176231124052745 0.044441836999900827 0.019694137265096365 0 0.028697149962407763 nan nan nan nan nan nan nan nan nan nan 0.53115677985260823 0.30061024908578915 0.26866523238617657 0 0.25040602467587103 nan nan nan nan nan nan nan nan nan nan 0 0 0 0 running
3280 2.3441876595498399 0.00076039784679794806 0.02 106.562078 0.034193977330318703 0.051673748785286813 0.044380322985296781 0.0196459815204457 0 0.028642389157084291 nan nan nan nan nan nan nan nan nan nan 0.52886897009828449 0.29960982581061113 0.26771216412113441 0 0.24921209659095611 nan nan nan nan nan nan nan nan nan nan 0 0 0 0 running
3290 2.3517929093051153 0.0007606288527021558 0.02 106.971001 0.034136796317159754 0.051585578940501531 0.044319091903789201 0.019598026243321073 0 0.02858789638219518 nan nan nan nan nan nan nan nan nan nan 0.52657301344274399 0.29863195694517247 0.26674802563376132 0 0.24801351590964349 nan nan nan nan nan nan nan nan nan nan 0 0 0 0 running
3300 2.3594004640953883 0.0007608589457747465 0.02 107.2754 0.034079882558470755 0.051497809960528135 0.044258147909105622 0.019550275300064111 0 0.028533675273482714 nan nan nan nan nan nan nan nan nan nan 0.52426978375900357 0.29766413835384542 0.26577341284810863 0 0.2468108405562528 nan nan nan nan nan nan nan nan nan nan 0 0 0 0 running
3310 2.3670103148154222 0.00076108813020738062 0.02 107.589642 0.034023233918944198 0.05141043866883984 0.04419748837713635 0.019502727597525294 0 0.028479723748713822 nan nan nan nan nan nan nan nan nan nan 0.52196014634060717 0.29670688188511979 0.26478891968394003 0 0.24560462049959431 nan nan nan nan nan nan nan nan nan nan 0 0 0 0 running
3320 2.3746224524017263 0.00076131641016059315 0.02 107.956429 0.033966848329706985 0.051323461990654198 0.044137110784675325 0.019455382049139127 0 0.028426039778059034 nan nan nan nan nan nan nan nan nan nan 0.51964495281058398 0.29576064729823542 0.26379513435051005 0 0.24439539438891189 nan nan nan nan nan nan nan nan nan nan 0 0 0 0 running
3330 2.382236867832245 0.0007615437897641929 0.02 108.24417 0.033910723780677922 0.051236876942224639 0.044077012696605578 0.019408237575002506 0 0.028372621377483549 nan nan nan nan nan nan nan nan nan nan 0.51732503692125498 0.29482584375324145 0.26279263628055716 0 0.24318368684691127 nan nan nan nan nan nan nan nan nan nan 0 0 0 0 running
3340 2.3898535521260524 0.00076177027311715611 0.02 108.52253399999999 0.033854858310960224 0.05115068061586675 0.044017191750259289 0.019361293102050009 0 0.028319466602444551 nan nan nan nan nan nan nan nan nan nan 0.51500121114579889 0.29390283127941369 0.26178199362648547 0 0.24197000633598198 nan nan nan nan nan nan nan nan nan nan 0 0 0 0 running
3350 2.3974724963430405 0.0007619958642870972 0.02 108.795298 0.033799255579924761 0.051064878481675763 0.043957654915955394 0.019314547562207438 0 0.028266577458087715 nan nan nan nan nan nan nan nan nan nan 0.51267426396906668 0.29299192222542408 0.26076376124811418 0 0.24075484352136423 nan nan nan nan nan nan nan nan nan nan 0 0 0 0 running
3360 2.4050936915835996 0.00076222056730944419 0.02 109.08247 0.033743909450475007 0.050979461403456577 0.043898392870238875 0.019267999896132541 0 0.028213949093233343 nan nan nan nan nan nan nan nan nan nan 0.51034495779143607 0.29209338269823015 0.25973847912779968 0 0.23953867006267671 nan nan nan nan nan nan nan nan nan nan 0 0 0 0 running
3370 2.4127171289882954 0.00076244438618644972 0.02 109.37564999999999 0.033688816664829861 0.050894424547547897 0.043839401067868752 0.019221649052866333 0 0.028161578667673024 nan nan nan nan nan nan nan nan nan nan 0.50801402736644152 0.29120743398989962 0.25870667115559476 0 0.23832193777202604 nan nan nan nan nan nan nan nan nan nan 0 0 0 0 running
3380 2.4203427997375266 0.00076266732488616893 0.02 109.68150199999999 0.033633975405184251 0.050809765228715768 0.043780677349430024 0.01917549398843146 0 0.028109464354736748 nan nan nan nan nan nan nan nan nan nan 0.50568217870019638 0.29033425398047352 0.2576688442328805 0 0.23710507808400583 nan nan nan nan nan nan nan nan nan nan 0 0 0 0 running
3390 2.4279706950511817 0.00076288938734151476 0.02 110.014044 0.033579383247548708 0.050725479761438819 0.043722219318427902 0.019129532696989995 0 0.028057603533921349 nan nan nan nan nan nan nan nan nan nan 0.50335008834701767 0.28947397853838058 0.25662548764868387 0 0.23588850178885212 nan nan nan nan nan nan nan nan nan nan 0 0 0 0 running
3400 2.4356008061882792 0.00076311057744947236 0.02 110.298152 0.033525045439665509 0.050641575615416004 0.043664041131384314 0.019083758648712174 0 0.028005996603598517 nan nan nan nan nan nan nan nan nan nan 0.50101840304373146 0.28862670292174658 0.25557707268821928 0 0.23467259898621307 nan nan nan nan nan nan nan nan nan nan 0 0 0 0 running
3410 2.4432331244466079 0.00076333089907052419 0.02 110.65647 0.033470955512128232 0.050558043698604102 0.043606127390587772 0.019038177345641484 0 0.027954641639557985 nan nan nan nan nan nan nan nan nan nan 0.49868773962680235 0.28779248317812572 0.25452405243693477 0 0.23345773922051949 nan nan nan nan nan nan nan nan nan nan 0 0 0 0 running
3420 2.4508676411623607 0.00076355035602832314 0.02 110.997191 0.033416965380372546 0.050474568632107891 0.043548529846219194 0.018992420168752872 0 0.027903392659929784 nan nan nan nan nan nan nan nan nan nan 0.49464170045622669 0.28697133754186405 0.25259642420578654 0 0.23138231499096507 nan nan nan nan nan nan nan nan nan nan 0 0 0 0 running
3430 2.4585043477097615 0.0007637689521096683 0.02 111.30227600000001 0.033363057703742614 0.05039109491657906 0.043491294932807893 0.018946404237407958 0 0.027852229378720558 nan nan nan nan nan nan nan nan nan nan 0.48848936862467385 0.28616324782916785 0.24959345583596981 0 0.22824752435558349 nan nan nan nan nan nan nan nan nan nan 0 0 0 0 running
3440 2.4661432355007027 0.0007639866910647314 0.02 111.57364800000001 0.033309446654806445 0.050308079194510316 0.043434342790249679 0.01890067199708766 0 0.027801363535687459 nan nan nan nan nan nan nan nan nan nan 0.48277734263535987 0.28536816082756655 0.2468097764517827 0 0.2253324249361246 nan nan nan nan nan nan nan nan nan nan 0 0 0 0 running
3450 2.4737842959843772 0.0007642035766074652 0.02 111.871825 0.033256121383038524 0.05022550452099038 0.043377662033831532 0.018855212896082434 0 0.027750786042039139 nan nan nan nan nan nan nan nan nan nan 0.47745085114949593 0.28458598967941368 0.24421715671917876 0 0.2226107454852313 nan nan nan nan nan nan nan nan nan nan 0 0 0 0 running
3460 2.481427520646923 0.00076441961241630778 0.02 112.152119 0.033203069010727781 0.050143348876912186 0.043321244717189553 0.018810008584650473 0 0.027700484747794199 nan nan nan nan nan nan nan nan nan nan 0.47246300777562555 0.28381661525943969 0.24179144942148012 0 0.22005980242114664 nan nan nan nan nan nan nan nan nan nan 0 0 0 0 running
3470 2.4890729010110695 0.00076463480213489002 0.02 112.447789 0.033150264210913515 0.050061568207471478 0.043265077666771651 0.018765019225769772 0 0.02765043549060767 nan nan nan nan nan nan nan nan nan nan 0.46777399968905842 0.28305988754625777 0.23951208502712584 0 0.21766002569466791 nan nan nan nan nan nan nan nan nan nan 0 0 0 0 running
3480 2.4967204286357925 0.00076484914937249664 0.02 112.73398400000001 0.033097724297211494 0.049980193439348029 0.043209166978534018 0.018720276067405367 0 0.027600655517899697 nan nan nan nan nan nan nan nan nan nan 0.46334863089114875 0.28230825020689143 0.23736131314939635 0 0.2155400594494804 nan nan nan nan nan nan nan nan nan nan 0 0 0 0 running
3490 2.5038250240949336 0.00076504747398413941 0.02 113.03153399999999 0.033049156797086296 0.049904965700922142 0.043157462241207034 0.01867893295904904 0 0.027554657315813268 nan nan nan nan nan nan nan nan nan nan 0.45944843996503582 0.28160189693638188 0.23546548218925101 0 0.21470165900477045 nan nan nan nan nan nan nan nan nan nan 0 0 0 0 running
3500 2.5114766695507247 0.0007652602063516154 0.02 113.39073 0.032997108792041721 0.04982434102014309 0.043102036716292758 0.018634634670951285 0 0.027505377777176647 nan nan nan nan nan nan nan nan nan nan 0.45603169030844137 0.28085458176358191 0.23352119410256933 0 0.21379449826408659 nan nan nan nan nan nan nan nan nan nan 0 0 0 0 running
3510 2.519130437750742 0.00076547210661655717 0.02 113.671682 0.032945312080890771 0.049744100785660529 0.043046858297871686 0.018590562755354308 0 0.027456353448421986 nan nan nan nan nan nan nan nan nan nan 0.45369573716099665 0.28012063635158407 0.23166619347594541 0 0.21287818718847806 nan nan nan nan nan nan nan nan nan nan 0 0 0 0 running
3520 2.5267863203931324 0.00076568317826044207 0.02 113.95192400000001 0.032893761841108114 0.049664237533813306 0.042991922565123554 0.018546712142606763 0 0.027407579487002769 nan nan nan nan nan nan nan nan nan nan 0.45136808660381256 0.27939969334599918 0.22989045823560339 0 0.21194952875600026 nan nan nan nan nan nan nan nan nan nan 0 0 0 0 running
3530 2.534444309210699 0.00076589342473583875 0.02 114.222302 0.032842452867972549 0.049584741846679041 0.042937228567850184 0.018503073075451473 0 0.027359050012744988 nan nan nan nan nan nan nan nan nan nan 0.44904905822241559 0.27869136795560984 0.22818529087494588 0 0.21100649228694779 nan nan nan nan nan nan nan nan nan nan 0 0 0 0 running
3540 2.5421043959706187 0.00076610284946838502 0.02 114.512885 0.03279138356889133 0.049505612878146171 0.042882774189093538 0.018459643857883994 0 0.027310761649159652 nan nan nan nan nan nan nan nan nan nan 0.44673900026699553 0.27799525897618715 0.22654312782773878 0 0.21004795534731135 nan nan nan nan nan nan nan nan nan nan 0 0 0 0 running
3550 2.5497665724741849 0.00076631145585870993 0.02 114.805498 0.032740551007440062 0.049426845933951004 0.042828555460789126 0.018416422484715828 0 0.027262713041477649 nan nan nan nan nan nan nan nan nan nan 0.44443826982229795 0.27731094979722209 0.22495737828645324 0 0.20907349541486331 nan nan nan nan nan nan nan nan nan nan 0 0 0 0 running
3560 2.5574308305565712 0.00076651924728425938 0.02 115.10637699999999 0.032689952121333667 0.049348435992650999 0.042774569247193389 0.018373405919479727 0 0.027214902060998684 nan nan nan nan nan nan nan nan nan nan 0.44214721885713804 0.27663800939517397 0.22342228762546623 0 0.20808322191683737 nan nan nan nan nan nan nan nan nan nan 0 0 0 0 running
3570 2.5650971620866034 0.00076672622710085181 0.02 115.38601300000001 0.032639584236295052 0.049270378914135139 0.042720813334832484 0.018330590912032582 0 0.027167326001552989 nan nan nan nan nan nan nan nan nan nan 0.4398661846471601 0.27597599331631356 0.22193282134116199 0 0.20707764121937922 nan nan nan nan nan nan nan nan nan nan 0 0 0 0 running
3580 2.572765558966553 0.00076693239864379756 0.02 115.655041 0.032589446639159372 0.049192673713719985 0.042667288969878911 0.018287974122692278 0 0.027119982827744398 nan nan nan nan nan nan nan nan nan nan 0.43759548344864019 0.2753244446513482 0.22091054808468413 0 0.2060575487007108 nan nan nan nan nan nan nan nan nan nan 0 0 0 0 running
3590 2.5804360131319353 0.00076713776522863055 0.02 115.93929300000001 0.032539536552472235 0.049115317089271159 0.042613995742660685 0.018245550059652338 0 0.027072866348688482 nan nan nan nan nan nan nan nan nan nan 0.43533540659131731 0.27468289500325205 0.22009122196212938 0 0.20502394290259318 nan nan nan nan nan nan nan nan nan nan 0 0 0 0 running
3600 2.5881085165513147 0.00076734233015156165 0.02 116.213622 0.032489850401808018 0.049038302357971034 0.042560926843268197 0.018203319143481923 0 0.027025977797483162 nan nan nan nan nan nan nan nan nan nan 0.43308621835227612 0.27405086544916607 0.21925522820685039 0 0.20397795765092863 nan nan nan nan nan nan nan nan nan nan 0 0 0 0 running
3610 2.5957830612261112 0.00076754609668975725 0.02 116.484425 0.032440385992814978 0.048961626145005127 0.042508080337488686 0.018161278944018679 0 0.026979314950347295 nan nan nan nan nan nan nan nan nan nan 0.43084815512599284 0.27342786749641673 0.21840364390334999 0 0.20292080877407193 nan nan nan nan nan nan nan nan nan nan 0 0 0 0 running
3620 2.6034596391904135 0.00076774906810152211 0.02 116.745628 0.03239114114730695 0.048885285129638675 0.042455454239210808 0.018119427144914723 0 0.026932875583571474 nan nan nan nan nan nan nan nan nan nan 0.42862142552043037 0.27281340403270521 0.21753760084551577 0 0.20185375265476513 nan nan nan nan nan nan nan nan nan nan 0 0 0 0 running
3630 2.6111382425107905 0.00076795124762643033 0.02 117.022171 0.032342113920195356 0.048809276292508627 0.042403046852026553 0.01807776162209174 0 0.026886657738285268 nan nan nan nan nan nan nan nan nan nan 0.42640621110000487 0.27220697027005475 0.21665825413790551 0 0.20077805435042206 nan nan nan nan nan nan nan nan nan nan 0 0 0 0 running
3640 2.618818863286104 0.00076815263848543501 0.02 117.343363 0.032293302362983015 0.04873359663705161 0.042350856413653611 0.018036280336190282 0 0.02684065943707091 nan nan nan nan nan nan nan nan nan nan 0.42420266756517266 0.27160805468167409 0.21576675823435831 0 0.1996949634266546 nan nan nan nan nan nan nan nan nan nan 0 0 0 0 running
3650 2.6265014936473259 0.00076835324388096463 0.02 117.64221000000001 0.032244704593021548 0.048658243266950035 0.042298881209097992 0.017994981351635891 0 0.026794878768961229 nan nan nan nan nan nan nan nan nan nan 0.42201092621139358 0.27101613993075307 0.21486424893373202 0 0.19860569598667133 nan nan nan nan nan nan nan nan nan nan 0 0 0 0 running
3660 2.6341861257573451 0.00076855306699701736 0.02 117.997193 0.032196318784440466 0.048583213372930353 0.042247119562260252 0.017953862825310873 0 0.026749313879965202 nan nan nan nan nan nan nan nan nan nan 0.41983109555133491 0.27043070379002349 0.21395183013025043 0 0.19751142165613966 nan nan nan nan nan nan nan nan nan nan 0 0 0 0 running
3670 2.6418727518107961 0.0007687521109992554 0.02 118.319199 0.032148147409756897 0.048508510490050692 0.042195576863284637 0.017912922992550488 0 0.026703966043858201 nan nan nan nan nan nan nan nan nan nan 0.41766326301437373 0.26985122005590501 0.21303056434194301 0 0.19641325451143543 nan nan nan nan nan nan nan nan nan nan 0 0 0 0 running
3680 2.6495613640338642 0.000768950379035099 0.02 118.633689 0.032100187270809453 0.048434129783316619 0.042144249068682534 0.017872160167584566 0 0.026658832450410948 nan nan nan nan nan nan nan nan nan nan 0.41550749666259468 0.26927715948069075 0.21210146622563242 0 0.19531224712670281 nan nan nan nan nan nan nan nan nan nan 0 0 0 0 running
3690 2.6572519546841127 0.00076914787423382821 0.02 118.968249 0.032052433630166105 0.048360064206853376 0.04209312958124143 0.017831572640557878 0 0.026613909093016724 nan nan nan nan nan nan nan nan nan nan 0.41336384687899197 0.26870799055726813 0.21116549843777255 0 0.19420938706879687 nan nan nan nan nan nan nan nan nan nan 0 0 0 0 running
3700 2.6649445160502969 0.00076934459970668962 0.02 119.356576 0.032004883147669132 0.048286308106250779 0.042042214279251193 0.017791158798577521 0 0.026569193872779114 nan nan nan nan nan nan nan nan nan nan 0.41123234799803599 0.26814372806648967 0.21022356932343711 0 0.1931055952960532 nan nan nan nan nan nan nan nan nan nan 0 0 0 0 running
3710 2.6726390404521854 0.00076954055854701895 0.02 119.849869 0.031957532205950982 0.048212855420566178 0.041991498406929458 0.017750917317963813 0 0.026524684570776849 nan nan nan nan nan nan nan nan nan nan 0.40911301985879511 0.26758408281567464 0.20927653201619933 0 0.19200172602032428 nan nan nan nan nan nan nan nan nan nan 0 0 0 0 running
3720 2.6803355202403845 0.0007697357538303752 0.02 120.157702 0.031910383683815449 0.04813971138815993 0.041940987651929766 0.017710846608940008 0 0.026480381207254444 nan nan nan nan nan nan nan nan nan nan 0.40700586926808824 0.26702752687967052 0.2083251846134605 0 0.19089856767687841 nan nan nan nan nan nan nan nan nan nan 0 0 0 0 running
3730 2.6880339477961566 0.00076993018861469358 0.02 120.474597 0.031863440870752283 0.04806688134283691 0.041890690972705112 0.017670942228899093 0 0.026436282816718133 nan nan nan nan nan nan nan nan nan nan 0.40491089136704517 0.2664735454719977 0.20737027115829854 0 0.18979684471653813 nan nan nan nan nan nan nan nan nan nan 0 0 0 0 running
3740 2.6957343155312481 0.00077012386594045774 0.02 120.761138 0.03181669637906491 0.047994353836360942 0.041840594684029148 0.017631205765922139 0 0.026392386438984648 nan nan nan nan nan nan nan nan nan nan 0.40282807089875261 0.26592162467332442 0.20641248321319916 0 0.18869721999139966 nan nan nan nan nan nan nan nan nan nan 0 0 0 0 running
3750 2.7034366158877168 0.00077031678883089519 0.02 121.03825399999999 0.031770148916629853 0.047922126847261506 0.041790697518662538 0.017591636106269265 0 0.026348690847315712 nan nan nan nan nan nan nan nan nan nan 0.40075738337667843 0.26537125231457126 0.20545246185502597 0 0.18760029755208885 nan nan nan nan nan nan nan nan nan nan 0 0 0 0 running
3760 2.7111408413377562 0.00077050896029218804 0.02 121.382721 0.031723795353663126 0.047850195703716493 0.041740995244216324 0.017552231966555178 0 0.026305193371957372 nan nan nan nan nan nan nan nan nan nan 0.3986987961568651 0.26482191870995991 0.20449079995636799 0 0.18650662571256871 nan nan nan nan nan nan nan nan nan nan 0 0 0 0 running
3770 2.7188469843835308 0.00077070038331371186 0.02 121.65327499999999 0.031677631527733077 0.04777855418394155 0.04169148192363499 0.017512992086756218 0 0.026261890627042348 nan nan nan nan nan nan nan nan nan nan 0.39665226941720344 0.26427311693775335 0.20352804464725271 0 0.18541670026936619 nan nan nan nan nan nan nan nan nan nan 0 0 0 0 running
3780 2.7265550375570062 0.0007708910608682847 0.02 121.917474 0.031631729012641149 0.047707344626449294 0.041642153485797723 0.017474067946535953 0 0.026218861012716178 nan nan nan nan nan nan nan nan nan nan 0.39461759855666245 0.26372434644149823 0.20256469987669834 0 0.18433096778900981 nan nan nan nan nan nan nan nan nan nan 0 0 0 0 running
3790 2.7342649934197873 0.00077108099591242766 0.02 122.20202 0.031586108469957977 0.047636607330103171 0.041593008697083572 0.017435506832276546 0 0.026176126766259428 nan nan nan nan nan nan nan nan nan nan 0.39259687990301728 0.263175110322517 0.20160122901389776 0 0.18324982889886909 nan nan nan nan nan nan nan nan nan nan 0 0 0 0 running
3800 2.7419768445629558 0.00077127019138664547 0.02 122.49424 0.031540669878012143 0.047566141492383772 0.041544061462667585 0.017397087613364219 0 0.026133575435716132 nan nan nan nan nan nan nan nan nan nan 0.39059714614682139 0.26262491552512551 0.20063805737061513 0 0.18217364147604576 nan nan nan nan nan nan nan nan nan nan 0 0 0 0 running
3810 2.7496905836069123 0.00077145865021572429 0.02 122.771957 0.031495399117478368 0.047495925307830068 0.041495293649388074 0.017358802694572933 0 0.026091195468227472 nan nan nan nan nan nan nan nan nan nan 0.3886223648215994 0.26207328295268023 0.19967557176842154 0 0.18110272276896511 nan nan nan nan nan nan nan nan nan nan 0 0 0 0 running
3820 2.757406203201219 0.0007716463753090388 0.02 123.07478999999999 0.031450288281352705 0.047425943403822078 0.041446703058042371 0.017320638137283691 0 0.026048979966481502 nan nan nan nan nan nan nan nan nan nan 0.38667375203385612 0.26160162331834036 0.19871406140069769 0 0.18003733029992386 nan nan nan nan nan nan nan nan nan nan 0 0 0 0 running
3830 2.7651236960244492 0.00077183336956086605 0.02 123.421875 0.031405357465714302 0.047356230987679875 0.04139830678321528 0.017282614113310474 0 0.026006945596920576 nan nan nan nan nan nan nan nan nan nan 0.38533167742192553 0.26121670139570596 0.19775385497116349 0 0.17897771287465092 nan nan nan nan nan nan nan nan nan nan 0 0 0 0 running
3840 2.7728430547840368 0.00077201963585070052 0.02 123.754172 0.031360605097192774 0.047286785980577235 0.041350102211580503 0.017244730226520261 0 0.025965091150308608 nan nan nan nan nan nan nan nan nan nan 0.3842447621638847 0.26083700595345038 0.19679528328869522 0 0.17792409955654043 nan nan nan nan nan nan nan nan nan nan 0 0 0 0 running
3850 2.7805642722161314 0.0007722051770435687 0.02 124.05771900000001 0.031316033173816683 0.047217611566491277 0.041302092486995727 0.017206986176992126 0 0.025923418169183206 nan nan nan nan nan nan nan nan nan nan 0.38315250209539053 0.26046219478554417 0.19583864414670782 0 0.17687668967404602 nan nan nan nan nan nan nan nan nan nan 0 0 0 0 running
3860 2.788287341085455 0.00077238999599034202 0.02 124.398445 0.031271639778368152 0.047148705209765759 0.041254274525795047 0.017169381726247355 0 0.02588192484479148 nan nan nan nan nan nan nan nan nan nan 0.38205540247620928 0.26009191701859902 0.19488420721792488 0 0.1758356571258638 nan nan nan nan nan nan nan nan nan nan 0 0 0 0 running
3870 2.7960122541851611 0.00077257409552804516 0.02 124.763676 0.031227422309859372 0.047080063279517616 0.041206644061736047 0.01713191663465392 0 0.025840609121705934 nan nan nan nan nan nan nan nan nan nan 0.3809539549253893 0.25972581401623385 0.19393221847554476 0 0.17480115435730581 nan nan nan nan nan nan nan nan nan nan 0 0 0 0 running
3880 2.803739004336701 0.00077275747848015741 0.02 125.054986 0.031183379791707544 0.047011684539734817 0.041159199503441844 0.017094590660326488 0 0.025799470135984996 nan nan nan nan nan nan nan nan nan nan 0.3798486384342159 0.25936352006625635 0.19298290402041107 0 0.17377331584530786 nan nan nan nan nan nan nan nan nan nan 0 0 0 0 running
3890 2.8114675843896837 0.0007729401476568999 0.02 125.320459 0.031139511255602374 0.046943567748735641 0.041111939306660072 0.017057403549510127 0 0.025758507018137915 nan nan nan nan nan nan nan nan nan nan 0.37873991895837511 0.25900466336631478 0.19203647324497708 0 0.17275226099261332 nan nan nan nan nan nan nan nan nan nan 0 0 0 0 running
3900 2.8191979872217519 0.00077312210585551316 0.02 125.587018 0.031095815739718227 0.046875711657855097 0.041064861971663029 0.017020355032094862 0 0.025717718891687769 nan nan nan nan nan nan nan nan nan nan 0.37762824800777017 0.25864886695033001 0.19109312131896039 0 0.17173809639479121 nan nan nan nan nan nan nan nan nan nan 0 0 0 0 running
3910 2.8269302057384489 0.00077330335586051882 0.02 125.853717 0.031052284887746664 0.046808104848789792 0.041017953455102188 0.016983444833714868 0 0.025677098748667759 nan nan nan nan nan nan nan nan nan nan 0.37651406063022974 0.25829575417779416 0.1901530310280668 0 0.17073091749768576 nan nan nan nan nan nan nan nan nan nan 0 0 0 0 running
3920 2.8346642328730951 0.00077348390044396434 0.02 126.13378 0.03100891778445506 0.046740746092042297 0.040971212423780462 0.016946672644865001 0 0.025636645731607344 nan nan nan nan nan nan nan nan nan nan 0.37539777313034928 0.25794495229281134 0.18921637403103253 0 0.16973080970167531 nan nan nan nan nan nan nan nan nan nan 0 0 0 0 running
3930 2.8424000615866647 0.0007736637423656626 0.02 126.420635 0.030965720737675353 0.046673643985047489 0.040924649872795003 0.016910038125035234 0 0.025596365065659668 nan nan nan nan nan nan nan nan nan nan 0.37427978079426683 0.25759609936156852 0.18828331162203127 0 0.16873784899494515 nan nan nan nan nan nan nan nan nan nan 0 0 0 0 running
3940 2.8501376848676627 0.00077384288437341831 0.02 126.703299 0.030922687345034242 0.046606787980959435 0.040878255773145647 0.016873540971452345 0 0.025556253585406516 nan nan nan nan nan nan nan nan nan nan 0.37316045582165236 0.25724977284841627 0.18735399509572137 0 0.16811156246414927 nan nan nan nan nan nan nan nan nan nan 0 0 0 0 running
3950 2.8578770957320065 0.00077402132920325641 0.02 127.020662 0.030879824730607516 0.046540190979054048 0.040832043532629432 0.016837178946590294 0 0.025516310992546028 nan nan nan nan nan nan nan nan nan nan 0.37204014560144349 0.25690435322816407 0.18642856581362643 0 0.16754823692355891 nan nan nan nan nan nan nan nan nan nan 0 0 0 0 running
3960 2.8656182872229126 0.00077419907957964381 0.02 127.34274600000001 0.030837130159938306 0.046473848086133737 0.040786007218812946 0.016800953352160468 0 0.025476538386863166 nan nan nan nan nan nan nan nan nan nan 0.37091917141295383 0.25655943967501527 0.18550715506519067 0 0.16698567758915595 nan nan nan nan nan nan nan nan nan nan 0 0 0 0 running
3970 2.8733612524107759 0.0007743761382157146 0.02 127.630274 0.030794600103214997 0.046407754086268987 0.040740142776626409 0.016764861717781476 0 0.025436932133745781 nan nan nan nan nan nan nan nan nan nan 0.36979782758971336 0.25621463477065543 0.18458988380717589 0 0.16642401436013066 nan nan nan nan nan nan nan nan nan nan 0 0 0 0 running
3980 2.881105984393066 0.00077455250781349283 0.02 127.900246 0.030752234753844636 0.04634190937490542 0.0406944499234458 0.016728904798829002 0 0.025397492729121521 nan nan nan nan nan nan nan nan nan nan 0.36867638114900947 0.25586954464087952 0.18367686235279956 0 0.16586336225381049 nan nan nan nan nan nan nan nan nan nan 0 0 0 0 running
3990 2.8888524762942085 0.00077472819106410662 0.02 128.18780799999999 0.030710034164697125 0.046276314126185027 0.040648928273235581 0.016693083214498011 0 0.025358220479958067 nan nan nan nan nan nan nan nan nan nan 0.36755507186463721 0.2555237791148906 0.18276819006861866 0 0.16530382127555276 nan nan nan nan nan nan nan nan nan nan 0 0 0 0 running
4000 2.8966007212654823 0.00077490319064799833 0.02 128.46607299999999 0.030667997937286022 0.046210967604086772 0.0406035775406315 0.016657397088793147 0 0.025319114787628983 nan nan nan nan nan nan nan nan nan nan 0.3664341127436872 0.25517695190481882 0.18186395512379661 0 0.16474547656292371 nan nan nan nan nan nan nan nan nan nan 0 0 0 0 running
4010 2.9043507124849151 0.00077507750923510872 0.02 128.75492700000001 0.03062612956245931 0.046145875068220731 0.040558403854878328 0.016621845575891404 0 0.025280178014932875 nan nan nan nan nan nan nan nan nan nan 0.36531369085697518 0.25482868080790233 0.18096423432394171 0 0.16418839877260938 nan nan nan nan nan nan nan nan nan nan 0 0 0 0 running
4020 2.9121024431571745 0.00077525114948504286 0.02 129.04476 0.030584425296963334 0.046081031211275075 0.040513401399792953 0.016586427821588194 0 0.025241407159103609 nan nan nan nan nan nan nan nan nan nan 0.3641939684674429 0.254478587943957 0.1800690930504304 0 0.16363264467405125 nan nan nan nan nan nan nan nan nan nan 0 0 0 0 running
4030 2.9198559065134688 0.00077542411404720054 0.02 129.410584 0.030542881861109719 0.046016431275142045 0.040468565147962793 0.016551143338331985 0 0.025202799520444828 nan nan nan nan nan nan nan nan nan nan 0.36307508439883707 0.25412629990168584 0.17917858531640785 0 0.16307825791231911 nan nan nan nan nan nan nan nan nan nan 0 0 0 0 running
4040 2.9276110958114447 0.00077559640556087094 0.02 129.73443 0.030501498334637649 0.0459520739526443 0.040423893968961351 0.01651599162541521 0 0.025164354149383818 nan nan nan nan nan nan nan nan nan nan 0.36195715558862429 0.25377144798597295 0.17829275394257427 0 0.16252526990291627 nan nan nan nan nan nan nan nan nan nan 0 0 0 0 running
4050 2.9353680043350865 0.00077576802665527947 0.02 130.04236 0.030460258187430866 0.045887936993074994 0.040379360109355548 0.016480972198232642 0 0.025126056501257689 nan nan nan nan nan nan nan nan nan nan 0.360840278772111 0.25341338903776023 0.17741163084955591 0 0.1619737008230786 nan nan nan nan nan nan nan nan nan nan 0 0 0 0 running
4060 2.9431266253946156 0.00077593897994959542 0.02 130.35259600000001 0.030419173905330686 0.045824037069039925 0.040334985432559728 0.016446084230474448 0 0.025087917325843249 nan nan nan nan nan nan nan nan nan nan 0.35972453224962786 0.25305135625071773 0.17653523745861777 0 0.16142356066719032 nan nan nan nan nan nan nan nan nan nan 0 0 0 0 running
4070 2.9508869523263885 0.00077610926805289388 0.02 130.639263 0.030378250264708709 0.045760381000033733 0.040290778571442143 0.016411327061813502 0 0.025049939773087893 nan nan nan nan nan nan nan nan nan nan 0.35860997769401171 0.25268506476879687 0.17566358518918257 0 0.16087485033732452 nan nan nan nan nan nan nan nan nan nan 0 0 0 0 running
4080 2.9586489784927976 0.00077627889356407596 0.02 130.95598699999999 0.030337488080807159 0.045696970442310816 0.04024674237100738 0.016376698986983775 0 0.025012122390385794 nan nan nan nan nan nan nan nan nan nan 0.35749666196119811 0.25231423604456238 0.17479667603926285 0 0.16032756274335691 nan nan nan nan nan nan nan nan nan nan 0 0 0 0 running
4090 2.9664126972821685 0.00077644785907175448 0.02 131.292699 0.030296881299644338 0.04563379596795674 0.04020286587216973 0.016342201052130041 0 0.024974462725245537 nan nan nan nan nan nan nan nan nan nan 0.35638461887247286 0.25193859196033785 0.17393450323358717 0 0.15978168389131742 nan nan nan nan nan nan nan nan nan nan 0 0 0 0 running
4100 2.9741781021086542 0.00077661616715409758 0.02 131.655878 0.030256429018115118 0.045570856279978325 0.040159148018453127 0.016307832703087659 0 0.024936959828953286 nan nan nan nan nan nan nan nan nan nan 0.35527387094250207 0.25155785552163956 0.17307705192379141 0 0.15923719394173552 nan nan nan nan nan nan nan nan nan nan 0 0 0 0 running
4110 2.9819451864121311 0.00077678382037864487 0.02 132.02731900000001 0.030216130340999264 0.045508150089514025 0.040115587772637171 0.016273593378823861 0 0.024899612758998674 nan nan nan nan nan nan nan nan nan nan 0.35416443103242989 0.25117175149869486 0.1722242999252882 0 0.15869406822381515 nan nan nan nan nan nan nan nan nan nan 0 0 0 0 running
4120 2.9897139436580935 0.00077695082130210737 0.02 132.33274 0.030175984380079617 0.045445676114969823 0.040072184114459924 0.016239482512156053 0 0.024862420578485724 nan nan nan nan nan nan nan nan nan nan 0.35305630391234755 0.25078000703254932 0.17137621847608464 0 0.15815227819420796 nan nan nan nan nan nan nan nan nan nan 0 0 0 0 running
4130 2.9974843673375409 0.00077711717247016707 0.02 132.66134500000001 0.03013599025355895 0.045383433081514012 0.040028936038884404 0.016205499530469885 0 0.024825382355798283 nan nan nan nan nan nan nan nan nan nan 0.35194948772142687 0.25038235220777927 0.17053277300392289 0 0.15761179233215472 nan nan nan nan nan nan nan nan nan nan 0 0 0 0 running
4140 3.0046633732115309 0.00077727025575596604 0.02 132.99651499999999 0.030099181867668707 0.045326143350399806 0.039989125214296081 0.016174222612242731 0 0.024791306177346848 nan nan nan nan nan nan nan nan nan nan 0.35092828154236289 0.25000955705915889 0.16975776808900078 0 0.15711367576638247 nan nan nan nan nan nan nan nan nan nan 0 0 0 0 running
4150 3.0124369843960221 0.00077743536410786293 0.02 133.28272699999999 0.030059477367094193 0.045264341016861324 0.039946173656722539 0.016140484015651442 0 0.02475456152209107 nan nan nan nan nan nan nan nan nan nan 0.3498239635808198 0.24959978668679061 0.16892312569087853 0 0.15657560281637561 nan nan nan nan nan nan nan nan nan nan 0 0 0 0 running
4160 3.020212243128888 0.00077759983008242447 0.02 133.58898099999999 0.030019922142291385 0.045202765911277587 0.039903374796240863 0.016106871605025819 0 0.024717968122124574 nan nan nan nan nan nan nan nan nan nan 0.34872092526716192 0.24918333863478781 0.16809299197561711 0 0.15603873224461862 nan nan nan nan nan nan nan nan nan nan 0 0 0 0 running
4170 3.0279891430001227 0.00077776365618080891 0.02 133.878308 0.029980515336288219 0.045141416787155927 0.039860727680653255 0.016073384793090194 0 0.024681525067495391 nan nan nan nan nan nan nan nan nan nan 0.34761915068497173 0.2487599594675321 0.1672673167682075 0 0.15550302813816874 nan nan nan nan nan nan nan nan nan nan 0 0 0 0 running
4180 3.035767677624666 0.00077792684489283242 0.02 134.17592500000001 0.02994125539607382 0.045080291269441672 0.039818230237879206 0.016040022994512924 0 0.02464523109215324 nan nan nan nan nan nan nan nan nan nan 0.34651862282581525 0.2483293928731849 0.16644604762087722 0 0.15496845496598222 nan nan nan nan nan nan nan nan nan nan 0 0 0 0 running
4190 3.0435478406422969 0.00077808939869713969 0.02 134.481492 0.029902135388213132 0.045019378114205505 0.039775871394283242 0.016006786586308139 0 0.024609082390271288 nan nan nan nan nan nan nan nan nan nan 0.34541932438052014 0.24789134312246436 0.16562913043019356 0 0.15443497804726958 nan nan nan nan nan nan nan nan nan nan 0 0 0 0 running
4200 3.0513296257175195 0.00077825132006146224 0.02 134.77645799999999 0.029863163183421616 0.044958691156493528 0.039733661419947719 0.015973678119316669 0 0.024573083314854759 nan nan nan nan nan nan nan nan nan nan 0.34432114133370062 0.24744564758069876 0.16481651319037871 0 0.15390250696592822 nan nan nan nan nan nan nan nan nan nan 0 0 0 0 running
4210 3.0591130265394582 0.00077841261144296562 0.02 135.07817800000001 0.029824084218489161 0.044897769148159274 0.039691375452820012 0.015940476586600572 0 0.02453703820210551 nan nan nan nan nan nan nan nan nan nan 0.34322272344138205 0.24698194532387219 0.1640066340586267 0 0.1533702332552529 nan nan nan nan nan nan nan nan nan nan 0 0 0 0 running
4220 3.0668980368217498 0.00077857327528867008 0.02 135.36448200000001 0.02978515028593199 0.044837069151784856 0.039649238453664186 0.01590739610733892 0 0.024501137867138544 nan nan nan nan nan nan nan nan nan nan 0.34212411503874307 0.24650590859584143 0.16320113331594788 0 0.15283816519113957 nan nan nan nan nan nan nan nan nan nan 0 0 0 0 running
4230 3.0746846503024492 0.00077873331403593819 0.02 135.70255599999999 0.029746369399386626 0.044776603852905862 0.039607260128057431 0.015874441253231734 0 0.024465389219668017 nan nan nan nan nan nan nan nan nan nan 0.34102582530256109 0.24602218581413726 0.16239984893914505 0 0.15230657924455115 nan nan nan nan nan nan nan nan nan nan 0 0 0 0 running
4240 3.0824728607439362 0.00077889273011301366 0.02 136.07142200000001 0.029707740052823506 0.044716370916705682 0.039565438530337692 0.015841611489786876 0 0.024429790964701058 nan nan nan nan nan nan nan nan nan nan 0.33992823452475385 0.24553053273971082 0.1616026398411593 0 0.15177567978890649 nan nan nan nan nan nan nan nan nan nan 0 0 0 0 running
4250 3.0902626619328228 0.00077905152593960394 0.02 136.39040800000001 0.029669260857589627 0.04465636820249079 0.039523771886662312 0.01580890628602424 0 0.024394341885626985 nan nan nan nan nan nan nan nan nan nan 0.33883162285248103 0.2450307161911997 0.16080940448040348 0 0.15124561487690213 nan nan nan nan nan nan nan nan nan nan 0 0 0 0 running
4260 3.0980540476798764 0.00077920970392748585 0.02 136.854184 0.029630930517484982 0.044596593721643617 0.039482258562175215 0.015776325107779914 0 0.024359040826969075 nan nan nan nan nan nan nan nan nan nan 0.33773619313308534 0.24452251378237544 0.16002006965463211 0 0.15071648887416078 nan nan nan nan nan nan nan nan nan nan 0 0 0 0 running
4270 3.1058470118199395 0.00077936726648113153 0.02 137.19402400000001 0.029592747810077688 0.04453704560622268 0.039440897035651935 0.015743867413867674 0 0.024323886681638443 nan nan nan nan nan nan nan nan nan nan 0.3366420890255335 0.24400571370549839 0.15923458211720043 0 0.15018837255096684 nan nan nan nan nan nan nan nan nan nan 0 0 0 0 running
4280 3.1136415482118633 0.00077952421599833334 0.02 137.49111099999999 0.029554711572615674 0.04447772208538564 0.039399685879770142 0.015711532654166225 0 0.024288878381477849 nan nan nan nan nan nan nan nan nan nan 0.33554940932639443 0.24348011455267016 0.15845290236547926 0 0.14966131112426884 nan nan nan nan nan nan nan nan nan nan 0 0 0 0 running
4290 3.121437650738442 0.0007796805548708263 0.02 137.78465399999999 0.029516820691335766 0.044418621467576525 0.039358623745636222 0.015679320268978805 0 0.024254014890213869 nan nan nan nan nan nan nan nan nan nan 0.33445821926935526 0.24294552516831058 0.15767500009280777 0 0.14913533064756213 nan nan nan nan nan nan nan nan nan nan 0 0 0 0 running
4300 3.1292353133063582 0.00077983628548489528 0.02 138.101214 0.029479074093292857 0.044359742126974418 0.039317709350549568 0.015647229689210982 0 0.024219295198175419 nan nan nan nan nan nan nan nan nan nan 0.33336855940667531 0.24240176452675422 0.15690085090749284 0 0.14861044306983551 nan nan nan nan nan nan nan nan nan nan 0 0 0 0 running
4310 3.1370345298461277 0.00077999141022195824 0.02 138.37407200000001 0.029441470331878463 0.044301081822859738 0.039276941213047339 0.015615259774075315 0 0.02418471783944675 nan nan nan nan nan nan nan nan nan nan 0.33228045256013283 0.24184866162969854 0.1561304340100973 0 0.14808665022297884 nan nan nan nan nan nan nan nan nan nan 0 0 0 0 running
4320 3.1448352943120597 0.00078014593145912282 0.02 138.65210500000001 0.029404007054711523 0.044242636834822616 0.039236317300532723 0.015583408080920012 0 0.024150280278809524 nan nan nan nan nan nan nan nan nan nan 0.33119390923253489 0.24155109668554847 0.15536373058455866 0 0.14756394694782715 nan nan nan nan nan nan nan nan nan nan 0 0 0 0 running
4330 3.1526376006822101 0.00078029985156970801 0.02 138.959666 0.029366685066166871 0.044184408622935906 0.039195837581615697 0.015551676484145783 0 0.024115983669065588 nan nan nan nan nan nan nan nan nan nan 0.33010893179069534 0.24135353740132609 0.15460072272994618 0 0.14704232352720459 nan nan nan nan nan nan nan nan nan nan 0 0 0 0 running
4340 3.1604414429583518 0.00078045317292372348 0.02 139.25456 0.029329504205191998 0.044126397015758899 0.039155502409161567 0.015520064255015797 0 0.024081827331534113 nan nan nan nan nan nan nan nan nan nan 0.32902551767279675 0.24115134205048694 0.15384139279736342 0 0.14652176756391788 nan nan nan nan nan nan nan nan nan nan 0 0 0 0 running
4350 3.1682468151659395 0.00078060589788830643 0.02 139.53505999999999 0.02929246530442816 0.044068603412251682 0.039115313927064493 0.015488570498583041 0 0.024047810953326587 nan nan nan nan nan nan nan nan nan nan 0.3279436618248035 0.24094427540399121 0.15308572299041456 0 0.14600226541583883 nan nan nan nan nan nan nan nan nan nan 0 0 0 0 running
4360 3.1760537113540876 0.00078075802882811177 0.02 139.82865699999999 0.029255564578614855 0.044011021917263568 0.039075266118678897 0.015457194797862853 0 0.024013932426843652 nan nan nan nan nan nan nan nan nan nan 0.32686335852283865 0.24073210386137173 0.15233369516623241 0 0.14548380327600596 nan nan nan nan nan nan nan nan nan nan 0 0 0 0 running
4370 3.1838621255955428 0.00078090956810565203 0.02 140.14411899999999 0.029218803809220338 0.043953655198027929 0.039035363204795705 0.015425935395690827 0 0.023980192067184776 nan nan nan nan nan nan nan nan nan nan 0.3257846027104585 0.24051459581904494 0.15158529077638205 0 0.14496636797005813 nan nan nan nan nan nan nan nan nan nan 0 0 0 0 running
4380 3.1916720519866679 0.00078106051808158586 0.02 140.50999200000001 0.029182182380552289 0.043896502175650866 0.03899560363151279 0.015394793057676564 0 0.023946590223399674 nan nan nan nan nan nan nan nan nan nan 0.32470739095463275 0.24029152204041404 0.15084049090012874 0 0.14444994752966123 nan nan nan nan nan nan nan nan nan nan 0 0 0 0 running
4390 3.1994834846474229 0.00078121088111494984 0.02 140.82005799999999 0.029145685191037156 0.043839542644094141 0.03895596231580057 0.01536376718931564 0 0.023913113240109446 nan nan nan nan nan nan nan nan nan nan 0.32363172210338109 0.24005576548643648 0.15009927633502573 0 0.14393453158900649 nan nan nan nan nan nan nan nan nan nan 0 0 0 0 running
4400 3.207296417721349 0.00078136065956333715 0.02 141.092939 0.029109313978083161 0.04378277901280974 0.038916443343066529 0.015332856556587308 0 0.023879761527905097 nan nan nan nan nan nan nan nan nan nan 0.32255759771102532 0.23980929990125949 0.14936162771930539 0 0.14342011164263158 nan nan nan nan nan nan nan nan nan nan 0 0 0 0 running
4410 3.2151108453755577 0.00078150985578301802 0.02 141.413895 0.029073076709293322 0.043726221216129402 0.038877060496092575 0.015302060925624994 0 0.023846543218923846 nan nan nan nan nan nan nan nan nan nan 0.32148502228409304 0.23955701729210449 0.14862752566784787 0 0.14290668119510674 nan nan nan nan nan nan nan nan nan nan 0 0 0 0 running
4420 3.222926761800716 0.00078165847212900122 0.02 141.75157200000001 0.029036972541639946 0.043669867864913885 0.038837812650352785 0.015271379915601483 0 0.023813457888139274 nan nan nan nan nan nan nan nan nan nan 0.3204140033898506 0.2392986805269664 0.14789695090906441 0 0.14239423582725519 nan nan nan nan nan nan nan nan nan nan 0 0 0 0 running
4430 3.2307441612110321 0.00078180651095504337 0.02 142.05012199999999 0.029001000647173952 0.043613717721546395 0.038798698910198555 0.015240812922918732 0 0.023780504694319252 nan nan nan nan nan nan nan nan nan nan 0.31934455166093345 0.23903405763741969 0.14716988441418766 0 0.14188277319867437 nan nan nan nan nan nan nan nan nan nan 0 0 0 0 running
4440 3.2385630378442474 0.00078195397461359941 0.02 142.35309599999999 0.028965160205249803 0.043557769559029992 0.038759718389443566 0.015210359346213708 0 0.023747682803832732 nan nan nan nan nan nan nan nan nan nan 0.31827668072249815 0.23876292200958005 0.1464793172166321 0 0.14137229300240439 nan nan nan nan nan nan nan nan nan nan 0 0 0 0 running
4450 3.2463833859616194 0.00078210086545572204 0.02 142.656372 0.028929452456684934 0.043502024809538901 0.038720873891495124 0.015180018420995544 0 0.023714993158451447 nan nan nan nan nan nan nan nan nan nan 0.31721040706310721 0.23848501625818852 0.14605417747676097 0 0.14086279688439685 nan nan nan nan nan nan nan nan nan nan 0 0 0 0 running
4460 3.2542051998479065 0.00078224718583090743 0.02 142.99294800000001 0.028893873118788809 0.043446477265707828 0.038682158643540743 0.015149789675565736 0 0.023682432469780912 nan nan nan nan nan nan nan nan nan nan 0.31614574986569899 0.23820014918273452 0.14562856343146269 0 0.14035428833782959 nan nan nan nan nan nan nan nan nan nan 0 0 0 0 running
4470 3.2620284738113541 0.00078239293808689595 0.02 143.28068400000001 0.028858422592356159 0.043391127730897261 0.038643573649472698 0.015119672556371306 0 0.023650000512091155 nan nan nan nan nan nan nan nan nan nan 0.31508273081175231 0.23790813136766076 0.14520249743979685 0 0.13984677258014466 nan nan nan nan nan nan nan nan nan nan 0 0 0 0 running
4480 3.2698532021836728 0.00078253812456942655 0.02 143.560429 0.028823100095467024 0.04333597503966017 0.038605118073388116 0.015089666474743413 0 0.02361769648270708 nan nan nan nan nan nan nan nan nan nan 0.31402137386874673 0.23760875844219848 0.14477600307077865 0 0.13934025641928272 nan nan nan nan nan nan nan nan nan nan 0 0 0 0 running
4490 3.2776793793200198 0.0007826827476219505 0.02 143.87203299999999 0.028787904856582072 0.043281018042177571 0.038566791093152905 0.015059770845622062 0 0.023585519588197781 nan nan nan nan nan nan nan nan nan nan 0.31296170506872389 0.23730183220568485 0.14434910499390841 0 0.13883474811385443 nan nan nan nan nan nan nan nan nan nan 0 0 0 0 running
4500 3.285506999598971 0.00078282680958530833 0.02 144.20849899999999 0.028752836113883271 0.043226255603301983 0.038528591899261923 0.015029985087696599 0 0.023553469043877603 nan nan nan nan nan nan nan nan nan nan 0.31190375228412615 0.23698716073895626 0.14392182886605764 0 0.13833025723106729 nan nan nan nan nan nan nan nan nan nan 0 0 0 0 running
4510 3.293336057422497 0.00078297031279737526 0.02 144.52203399999999 0.028717893114720734 0.043171686601743642 0.038490519693895685 0.015000308623518858 0 0.023521544073390809 nan nan nan nan nan nan nan nan nan nan 0.31084754500533673 0.23666455850827267 0.14349420121757306 0 0.13782679450551705 nan nan nan nan nan nan nan nan nan nan 0 0 0 0 running
4520 3.3011665472159271 0.00078311325959267678 0.02 144.82219000000001 0.028683075115137829 0.043117309929372023 0.03845257369012979 0.014970740879542402 0 0.023489743908361536 nan nan nan nan nan nan nan nan nan nan 0.30979311412347954 0.23633384646169164 0.14306624933958734 0 0.13732437170074774 nan nan nan nan nan nan nan nan nan nan 0 0 0 0 running
4530 3.3089984634279155 0.00078325565230198397 0.02 145.13393500000001 0.028648381379479459 0.043063124490617881 0.038414753111267068 0.014941281286269592 0 0.023458067788098839 nan nan nan nan nan nan nan nan nan nan 0.30874049172085605 0.23599485211769072 0.14263800117421421 0 0.13682300147553206 nan nan nan nan nan nan nan nan nan nan 0 0 0 0 running
4540 3.3168318005304029 0.00078339749325188933 0.02 145.464369 0.028613811180037134 0.043009129201909815 0.038377057190269202 0.014911929278365035 0 0.023426514959322586 nan nan nan nan nan nan nan nan nan nan 0.307689710870928 0.2356474096460584 0.14220948520868038 0 0.13632269725581347 nan nan nan nan nan nan nan nan nan nan 0 0 0 0 running
4550 3.3246665530185702 0.00078353878476436869 0.02 145.78355400000001 0.028579363796726421 0.04295532299121025 0.038339485169264505 0.014882684294521307 0 0.023395084675938763 nan nan nan nan nan nan nan nan nan nan 0.30664080544895378 0.23529135994095851 0.14178073037430639 0 0.13582347311326637 nan nan nan nan nan nan nan nan nan nan 0 0 0 0 running
4560 3.3325027154107896 0.00078367952915633541 0.02 146.10033000000001 0.02854503851682081 0.042901704797593185 0.038302036299117451 0.014853545777554012 0 0.023363776198835746 nan nan nan nan nan nan nan nan nan nan 0.30559380995410601 0.23492655068620061 0.14135176595072296 0 0.13532534365096183 nan nan nan nan nan nan nan nan nan nan 0 0 0 0 running
4570 3.3403402822485742 0.00078381972873919003 0.02 146.402852 0.028510837098360893 0.042848278513732095 0.038264713178207413 0.014824512231828298 0 0.023332589893406527 nan nan nan nan nan nan nan nan nan nan 0.30450950308645353 0.23455283641264135 0.14090339169153376 0 0.13480844835216199 nan nan nan nan nan nan nan nan nan nan 0 0 0 0 running
4580 3.348179248096518 0.00078395938581837007 0.02 146.73291800000001 0.028476757439243248 0.042795039996033846 0.038227513822544287 0.014795582851829026 0 0.023301524371319372 nan nan nan nan nan nan nan nan nan nan 0.30341159596947209 0.23417007856417288 0.14044712640918311 0 0.1342849430890608 nan nan nan nan nan nan nan nan nan nan 0 0 0 0 running
4590 3.3560196075422342 0.00078409850269290531 0.02 147.033706 0.028442788506722223 0.042741974936589787 0.038190419768452097 0.014766757746016863 0 0.023270568800320586 nan nan nan nan nan nan nan nan nan nan 0.30232395339245843 0.23377813885513626 0.13999493448923517 0 0.13376691988496681 nan nan nan nan nan nan nan nan nan nan 0 0 0 0 running
4600 3.3638613551962884 0.00078423708165497805 0.02 147.31186700000001 0.028408933181529858 0.042689085885139165 0.038153436840628163 0.014738036469161353 0 0.023239726916128352 nan nan nan nan nan nan nan nan nan nan 0.3012453863029052 0.23337687316071559 0.13954621601678985 0 0.13325374948047852 nan nan nan nan nan nan nan nan nan nan 0 0 0 0 running
4610 3.3717044856921299 0.00078437512498950011 0.02 147.59214600000001 0.028375195414166544 0.042636377684640167 0.038116571948554126 0.014709419018924214 0 0.023209002712521187 nan nan nan nan nan nan nan nan nan nan 0.30017489318005652 0.23296616351181937 0.13910046844342383 0 0.132744899877831 nan nan nan nan nan nan nan nan nan nan 0 0 0 0 running
4620 3.3795489936860146 0.00078451263497369928 0.02 147.859172 0.02834157478988681 0.042583849832669697 0.038079824879158071 0.014680904622143887 0 0.023178395499484937 nan nan nan nan nan nan nan nan nan nan 0.29911163004454111 0.23254590077653936 0.13865727087269231 0 0.13223992116516869 nan nan nan nan nan nan nan nan nan nan 0 0 0 0 running
4630 3.3873948738569264 0.00078464961387672691 0.02 148.13435100000001 0.028308070805930535 0.042531501652039429 0.038043195197466559 0.014652492677786746 0 0.023147904624075892 nan nan nan nan nan nan nan nan nan nan 0.29805488542456615 0.23211598357215096 0.13821627096001154 0 0.13173843277724329 nan nan nan nan nan nan nan nan nan nan 0 0 0 0 running
4640 3.3952421209064938 0.00078478606395928339 0.02 148.498322 0.028274682298129541 0.042479331587106185 0.038006681649937715 0.014624182321186395 0 0.023117528514321549 nan nan nan nan nan nan nan nan nan nan 0.29700405942936903 0.23167631806309136 0.13777717397744471 0 0.13124011278814163 nan nan nan nan nan nan nan nan nan nan 0 0 0 0 running
4650 3.4030907295589063 0.00078492198747326771 0.02 148.90428399999999 0.028241408616174173 0.042427338717841274 0.03797028354928398 0.014595973016917643 0 0.02308726643252804 nan nan nan nan nan nan nan nan nan nan 0.2959586462315329 0.23122681778583454 0.13733973367353902 0 0.13074468890086521 nan nan nan nan nan nan nan nan nan nan 0 0 0 0 running
4660 3.4109406945608209 0.00078505738666144876 0.02 149.20335499999999 0.028208249839750524 0.042375523023148252 0.037934000983199379 0.014567864761141103 0 0.023057118842806267 nan nan nan nan nan nan nan nan nan nan 0.29491821938214025 0.23076740349631947 0.13690374462334409 0 0.13025193085564479 nan nan nan nan nan nan nan nan nan nan 0 0 0 0 running
4670 3.4187920106812695 0.0007851922637571628 0.02 149.49435700000001 0.028175205367962919 0.042323883632624189 0.037897833309283174 0.014539857081310243 0 0.023027085104358695 nan nan nan nan nan nan nan nan nan nan 0.29388241948404925 0.23029800303612918 0.13646903581728942 0 0.12976164402615264 nan nan nan nan nan nan nan nan nan nan 0 0 0 0 running
4680 3.4266446727115669 0.00078532662098403723 0.02 149.81159400000001 0.02814227459941809 0.042272419671638188 0.037861779887542926 0.014511949502950443 0 0.022997164577861034 nan nan nan nan nan nan nan nan nan nan 0.29285094383020049 0.22981855121403838 0.13603546528117871 0 0.12927366401135709 nan nan nan nan nan nan nan nan nan nan 0 0 0 0 running
4690 3.4344986754652069 0.00078546046055573871 0.02 150.12955099999999 0.02810945693994505 0.042221130273983366 0.037825840091976731 0.014484141550440187 0 0.0229673566298664 nan nan nan nan nan nan nan nan nan nan 0.29182353768231328 0.22932898970006882 0.13560291555564674 0 0.12878785206321752 nan nan nan nan nan nan nan nan nan nan 0 0 0 0 running
4700 3.4423540137777655 0.00078559378467575375 0.02 150.545872 0.028076751792867873 0.042170014566884573 0.037790013294497667 0.014456432747306121 0 0.022937660627112656 nan nan nan nan nan nan nan nan nan nan 0.29079998692062148 0.22882926692946015 0.13517128989286464 0 0.12830409121670527 nan nan nan nan nan nan nan nan nan nan 0 0 0 0 running
4710 3.4502106825067975 0.00078572659553718916 0.02 150.842409 0.028044158563027256 0.04211907167761425 0.037754298870824453 0.014428822616796495 0 0.022908075938903157 nan nan nan nan nan nan nan nan nan nan 0.28978011184136077 0.22831933801434456 0.13474050905263257 0 0.1278222830107717 nan nan nan nan nan nan nan nan nan nan 0 0 0 0 running
4720 3.4580686765317292 0.00078585889532260637 0.02 151.163938 0.028011676657037982 0.042068300734158307 0.037718696200437739 0.014401310682302815 0 0.022878601937258387 nan nan nan nan nan nan nan nan nan nan 0.2887637619160448 0.22779916466123673 0.1343105086000258 0 0.12734234470725136 nan nan nan nan nan nan nan nan nan nan 0 0 0 0 running
4730 3.4659279907537552 0.00078599068620387701 0.02 151.60127499999999 0.027979301066654638 0.042017694118721235 0.037683197487674486 0.01437389647439934 0 0.022849235196965766 nan nan nan nan nan nan nan nan nan nan 0.28775081135824587 0.22726871501690266 0.13388123662328988 0 0.12686420692967593 nan nan nan nan nan nan nan nan nan nan 0 0 0 0 running
4740 3.4737886200957293 0.00078612197034206926 0.02 151.93482499999999 0.027947031119567447 0.041967250342306799 0.037647804010587524 0.014346576802235231 0 0.022819974319320827 nan nan nan nan nan nan nan nan nan nan 0.28674115537505318 0.22672796340417833 0.13345265180519805 0 0.12638781165891211 nan nan nan nan nan nan nan nan nan nan 0 0 0 0 running
4750 3.4816505595020546 0.00078625274988735445 0.02 152.27354 0.027914872405588185 0.04191697827177579 0.037612523378962086 0.014319353616623136 0 0.022790823520310817 nan nan nan nan nan nan nan nan nan nan 0.28573470699617687 0.22637871309789187 0.13302472179079949 0 0.12591311053098087 nan nan nan nan nan nan nan nan nan nan 0 0 0 0 running
4760 3.4895138039385762 0.00078638302697894185 0.02 152.61068599999999 0.027882827158062038 0.041866881204135578 0.037577359315373905 0.01429222678562396 0 0.022761784426142507 nan nan nan nan nan nan nan nan nan nan 0.28473139433018213 0.22623183741131442 0.13259742179644385 0 0.12544006336873936 nan nan nan nan nan nan nan nan nan nan 0 0 0 0 running
4770 3.497378348392473 0.00078651280374503348 0.02 152.909795 0.027850890510605606 0.041816952121352675 0.037542304301495279 0.014265195785763895 0 0.022732852952873268 nan nan nan nan nan nan nan nan nan nan 0.28373115827455564 0.22607778869939138 0.13217073343795327 0 0.12496863694622018 nan nan nan nan nan nan nan nan nan nan 0 0 0 0 running
4780 3.5047196071288371 0.00078663347670819225 0.02 153.25174000000001 0.027821182724197216 0.041770506068326295 0.037509687825693999 0.014240053142473397 0 0.022705947885527298 nan nan nan nan nan nan nan nan nan nan 0.28280035685205607 0.22592740695738445 0.13177303947039198 0 0.12453008605863736 nan nan nan nan nan nan nan nan nan nan 0 0 0 0 running
4790 3.5125866507895562 0.0007867622921814831 0.02 153.54868099999999 0.02778945582048219 0.041720901584001741 0.03747484450886792 0.014213205836891693 0 0.022677223240181302 nan nan nan nan nan nan nan nan nan nan 0.28180594016673588 0.22575906231134085 0.13134750082712132 0 0.12406171998020366 nan nan nan nan nan nan nan nan nan nan 0 0 0 0 running
4800 3.5204549798854785 0.0007868906135083658 0.02 154.02958899999999 0.027757830455828792 0.041671455613212664 0.037440099305111781 0.014186453037088955 0 0.022648599501924327 nan nan nan nan nan nan nan nan nan nan 0.28081448338001747 0.22558310884255983 0.13092254803779479 0 0.12359490799624095 nan nan nan nan nan nan nan nan nan nan 0 0 0 0 running
4810 3.5283245894866151 0.00078701844277374703 0.02 154.58952500000001 0.027726299230049632 0.041622158616099351 0.037405440003452424 0.014159794275405596 0 0.022620069436980774 nan nan nan nan nan nan nan nan nan nan 0.27982596138906679 0.22539939289273248 0.130498179545812 0 0.12312963537838051 nan nan nan nan nan nan nan nan nan nan 0 0 0 0 running
4820 3.536195474683768 0.00078714578205161818 0.02 154.90109000000001 0.027694873185882308 0.041573024500756485 0.037370885817261515 0.014133229087483243 0 0.022591643733113682 nan nan nan nan nan nan nan nan nan nan 0.2788403546986491 0.22520777592862534 0.1300743965262795 0 0.12266589044984066 nan nan nan nan nan nan nan nan nan nan 0 0 0 0 running
4830 3.544067630588418 0.00078727263340512478 0.02 155.22054499999999 0.027663551759484008 0.041524052428498423 0.03733643616840078 0.014106757013687892 0 0.02256332179585421 nan nan nan nan nan nan nan nan nan nan 0.27785764853085837 0.22500812872598597 0.12965120243425232 0 0.12220366410002048 nan nan nan nan nan nan nan nan nan nan 0 0 0 0 running
4840 3.5519410523326185 0.00078739899888664714 0.02 155.54957200000001 0.027632334390996629 0.041475241566139111 0.037302090483528505 0.014080377596955209 0 0.022535103034942983 nan nan nan nan nan nan nan nan nan nan 0.27687783206454775 0.22480032664555094 0.12922860261931624 0 0.12174294936942098 nan nan nan nan nan nan nan nan nan nan 0 0 0 0 running
4850 3.559815735068887 0.00078752488053789407 0.02 155.861683 0.027601297367099223 0.041426727046282065 0.037267926341175692 0.0140541528133211 0 0.022507039407628809 nan nan nan nan nan nan nan nan nan nan 0.27590042184451091 0.2245842497020108 0.12880620135832443 0 0.12128344882106556 nan nan nan nan nan nan nan nan nan nan 0 0 0 0 running
4860 3.5676916739701015 0.00078765028039000764 0.02 156.14525 0.02757039663179129 0.041378430903707519 0.037233895643366148 0.014028053110425145 0 0.022479102501402413 nan nan nan nan nan nan nan nan nan nan 0.27492820364837045 0.22435978262362133 0.12838567161509129 0 0.12082682835395775 nan nan nan nan nan nan nan nan nan nan 0 0 0 0 running
4870 3.5755688642293935 0.00078777520046367832 0.02 156.44015400000001 0.027539596054452494 0.041330289914289255 0.037199961221556728 0.014002049973328348 0 0.022451266589481482 nan nan nan nan nan nan nan nan nan nan 0.27396716942341692 0.22412681490871561 0.12797105147698329 0 0.12037669844301724 nan nan nan nan nan nan nan nan nan nan 0 0 0 0 running
4880 3.5834473010600436 0.00078789964276926782 0.02 156.79790499999999 0.027508893947063708 0.041282300440683747 0.037166123533766963 0.013976139407634581 0 0.022423529829405785 nan nan nan nan nan nan nan nan nan nan 0.27302083650229458 0.22388524087429529 0.12756475498510556 0 0.11993517106366458 nan nan nan nan nan nan nan nan nan nan 0 0 0 0 running
4890 3.5913269796953795 0.00078802360930694127 0.02 157.132983 0.027478289523468324 0.041234460731990351 0.037132382956550962 0.013950319252756525 0 0.022395891420836641 nan nan nan nan nan nan nan nan nan nan 0.27209081409506686 0.22363495969406372 0.12716793103432122 0 0.1195031994761202 nan nan nan nan nan nan nan nan nan nan 0 0 0 0 running
4900 3.5992078953886768 0.00078814710206680694 0.02 157.40888899999999 0.027447781803956295 0.041186769265278415 0.037098738982542012 0.013924587826719089 0 0.022368350118815047 nan nan nan nan nan nan nan nan nan nan 0.27117738183600459 0.22337587543182036 0.12678084283416913 0 0.11908092796864922 nan nan nan nan nan nan nan nan nan nan 0 0 0 0 running
4910 3.6070900434130562 0.00078827012302906067 0.02 157.7354 0.027417370074593727 0.041139224999634967 0.037065191526235601 0.013898943652804396 0 0.022340904590575302 nan nan nan nan nan nan nan nan nan nan 0.27027992259080924 0.22310789707040241 0.12640315245168787 0 0.11866795465496038 nan nan nan nan nan nan nan nan nan nan 0 0 0 0 running
4920 3.6149734190613869 0.00078839267416414558 0.02 158.03943699999999 0.027387053964143964 0.041091827119331181 0.03703174018060116 0.013873386242768153 0 0.02231355510726804 nan nan nan nan nan nan nan nan nan nan 0.26939724343708171 0.22283093853611352 0.12603413237668437 0 0.11826352717403465 nan nan nan nan nan nan nan nan nan nan 0 0 0 0 running
4930 3.6228580176461902 0.00078851475743291688 0.02 158.439751 0.027356833079845714 0.041044575089069946 0.036998384680303933 0.013847914967298687 0 0.022286301143462965 nan nan nan nan nan nan nan nan nan nan 0.26852781110789126 0.22254491871863635 0.12567282115575518 0 0.1178666867797612 nan nan nan nan nan nan nan nan nan nan 0 0 0 0 running
4940 3.6307438344995431 0.00078863637478679774 0.02 158.792034 0.027326707085740438 0.040997468498694553 0.036965124740397558 0.013822529338456778 0 0.022259142235544049 nan nan nan nan nan nan nan nan nan nan 0.26766992226318087 0.22224976148641706 0.12531813632711086 0 0.11747637289517843 nan nan nan nan nan nan nan nan nan nan 0 0 0 0 running
4950 3.6386308649729857 0.00078875752816794163 0.02 159.13089500000001 0.027296675673100172 0.04095050700137582 0.036931960054350975 0.01379722895219114 0 0.022232077953421425 nan nan nan nan nan nan nan nan nan nan 0.26682182434436141 0.22194539569751903 0.12496895491343674 0 0.11709149753281634 nan nan nan nan nan nan nan nan nan nan 0 0 0 0 running
4960 3.6465191044374312 0.00078887821950941891 0.02 159.55752000000001 0.027266738544821874 0.040903690279199524 0.036898890298284012 0.013772013451623219 0 0.022205107884115397 nan nan nan nan nan nan nan nan nan nan 0.26598179917751663 0.2216317552060062 0.12462416940791798 0 0.11671099688580777 nan nan nan nan nan nan nan nan nan nan 0 0 0 0 running
4970 3.6544085482830724 0.00078899845073542463 0.02 159.95398499999999 0.027236895334520467 0.040857017943598674 0.036865915027890758 0.013746882467831494 0 0.02217823152657885 nan nan nan nan nan nan nan nan nan nan 0.26514821869671357 0.22130877886388933 0.12428272537749885 0 0.11633386575182736 nan nan nan nan nan nan nan nan nan nan 0 0 0 0 running
4980 3.6622991919192973 0.00078911822376149967 0.02 160.267325 0.027207151204132508 0.040810497712670597 0.036833042697348127 0.01372183555705524 0 0.022151452644628453 nan nan nan nan nan nan nan nan nan nan 0.26431957998685873 0.22097641162597365 0.12394364539663316 0 0.11595917916549559 nan nan nan nan nan nan nan nan nan nan 0 0 0 0 running
4990 3.6701910307746024 0.00078923754049464603 0.02 160.55547000000001 0.027177501067643824 0.040764122193367697 0.03680026524301553 0.013696872520479381 0 0.022124767217182956 nan nan nan nan nan nan nan nan nan nan 0.26349452515848104 0.22063460271960517 0.12360604292681088 0 0.11558610460950547 nan nan nan nan nan nan nan nan nan nan 0 0 0 0 running
5000 3.6780840602964977 0.0007893564028313147 0.02 160.86583200000001 0.02714794383489913 0.040717889893530208 0.036767581043636373 0.013671993054995406 0 0.022098174246673135 nan nan nan nan nan nan nan nan nan nan 0.26267185025866824 0.22028330437365926 0.12326912890394981 0 0.11521390738922577 nan nan nan nan nan nan nan nan nan nan 0 0 0 0 running
5010 3.6859782759514097 0.00078947481265978546 0.02 161.27932300000001 0.027118479172263898 0.040671800430618077 0.036734989706728963 0.013647196831992737 0 0.022071673309694808 nan nan nan nan nan nan nan nan nan nan 0.26185050640916452 0.21992247462415826 0.12293221313420655 0 0.11484195114395579 nan nan nan nan nan nan nan nan nan nan 0 0 0 0 running
5020 3.6938736732246156 0.00078959277186291602 0.02 161.60045199999999 0.027089106256818023 0.040625852686889875 0.0367024900614197 0.013622483500710441 0 0.022045263640820219 nan nan nan nan nan nan nan nan nan nan 0.26102959557949923 0.21955207714215208 0.12259470208615042 0 0.1144696949916405 nan nan nan nan nan nan nan nan nan nan 0 0 0 0 running
5030 3.7017702476201846 0.00078971028231629025 0.02 161.92262500000001 0.027059814961803361 0.040580032972660621 0.036670065366967645 0.013597852734044296 0 0.022018936390718925 nan nan nan nan nan nan nan nan nan nan 0.26020836279991477 0.21917208108919745 0.12225609427177575 0 0.1140966884344885 nan nan nan nan nan nan nan nan nan nan 0 0 0 0 running
5040 3.7096679946608977 0.00078982734588694072 0.02 162.226934 0.027030605309087789 0.040534341842728208 0.036637715721741834 0.013573304174413837 0 0.021992690802558668 nan nan nan nan nan nan nan nan nan nan 0.25938618615354647 0.21878246141984115 0.12191597410381239 0 0.11372256486714372 nan nan nan nan nan nan nan nan nan nan 0 0 0 0 running
5050 3.7175669098881503 0.00078994396443261166 0.02 162.56564399999999 0.027001486446673474 0.040488791305433779 0.03660545675863007 0.013548837463866301 0 0.021966535210275737 nan nan nan nan nan nan nan nan nan nan 0.25856256553258516 0.2183831977901077 0.12157400488285397 0 0.11334703430818382 nan nan nan nan nan nan nan nan nan nan 0 0 0 0 running
5060 3.7254669888618661 0.00079006013980136318 0.02 162.870632 0.026972457985851638 0.040443380860635633 0.036573288041945748 0.013524452243064557 0 0.021940469158159864 nan nan nan nan nan nan nan nan nan nan 0.25773711087015494 0.21797427474375503 0.1212299213888739 0 0.11296987580684614 nan nan nan nan nan nan nan nan nan nan 0 0 0 0 running
5070 3.7333682271603932 0.00079017587383140042 0.02 163.23876300000001 0.026943519347517646 0.040398109849276984 0.036541208946648397 0.013500147795311758 0 0.021914491848504289 nan nan nan nan nan nan nan nan nan nan 0.25690953035422348 0.21755568173300724 0.12088352241520239 0 0.11259092984674413 nan nan nan nan nan nan nan nan nan nan 0 0 0 0 running
5080 3.7412706203804094 0.00079029116835105059 0.02 163.56413499999999 0.026914670288311432 0.040352977866308488 0.036509219192624738 0.013475924046129299 0 0.02188860310781901 nan nan nan nan nan nan nan nan nan nan 0.25607961897268328 0.21712741301116781 0.12053466348019737 0 0.11221009097023149 nan nan nan nan nan nan nan nan nan nan 0 0 0 0 running
5090 3.749174164136821 0.0007904060251788538 0.02 163.85192799999999 0.026885910435632172 0.040307984395997677 0.036477318367344996 0.013451780692990608 0 0.021862802533326394 nan nan nan nan nan nan nan nan nan nan 0.25524724762231399 0.2166894675337401 0.12018324987399831 0 0.11182730077263148 nan nan nan nan nan nan nan nan nan nan 0 0 0 0 running
5100 3.7570788540626663 0.000790520446123745 0.02 164.13832400000001 0.026857239380157584 0.040263128886398644 0.036445506022700101 0.013427717370957 0 0.021837089660660322 nan nan nan nan nan nan nan nan nan nan 0.25441235292689579 0.21624184886672002 0.11982923014009839 0 0.11144254135994591 nan nan nan nan nan nan nan nan nan nan 0 0 0 0 running
5110 3.7649846858090208 0.00079063443298531581 0.02 164.43095099999999 0.026828656707992674 0.040218410774905719 0.036413781706740797 0.013403733715132538 0 0.021811464022967332 nan nan nan nan nan nan nan nan nan nan 0.25357492784531455 0.21578456510061109 0.11947259004868083 0 0.11105582932231728 nan nan nan nan nan nan nan nan nan nan 0 0 0 0 running
5120 3.7728916550449072 0.00079074798755414887 0.02 164.72049000000001 0.026800162001591587 0.040173829489857919 0.036382144964573877 0.01337982936131331 0 0.021785925151722618 nan nan nan nan nan nan nan nan nan nan 0.25273501310435664 0.21531762876911609 0.11911334708771104 0 0.11066721024577708 nan nan nan nan nan nan nan nan nan nan 0 0 0 0 running
5130 3.7807997574572068 0.00079086111161221395 0.02 165.10937200000001 0.026771754847879407 0.040129384460207335 0.036350595350529834 0.013356003948973672 0 0.02176047258670365 nan nan nan nan nan nan nan nan nan nan 0.25189268945741516 0.21484105677153056 0.11875154547556921 0 0.11027675376299662 nan nan nan nan nan nan nan nan nan nan 0 0 0 0 running
5140 3.7887089887505736 0.00079097380693332153 0.02 165.41735800000001 0.026743434828689967 0.04008507510520018 0.03631913241282192 0.013332257118344376 0 0.021735105863617585 nan nan nan nan nan nan nan nan nan nan 0.25104807074721358 0.21435487029795858 0.11838725168343978 0 0.10988454912888679 nan nan nan nan nan nan nan nan nan nan 0 0 0 0 running
5150 3.7966193446473575 0.00079108607528361927 0.02 165.71430000000001 0.026715148523243783 0.040040777856412461 0.03628777750591828 0.013308447796496379 0 0.021709775048977455 nan nan nan nan nan nan nan nan nan nan 0.24922033168106905 0.21385909475666995 0.11754849363240572 0 0.10913929554159188 nan nan nan nan nan nan nan nan nan nan 0 0 0 0 running
5160 3.804530820887531 0.00079119791842211808 0.02 166.01316299999999 0.02668691913471884 0.0399965404296833 0.036256532694436738 0.013284625563268293 0 0.021684500888718195 nan nan nan nan nan nan nan nan nan nan 0.24675694874251697 0.2133537597135709 0.11640232822701502 0 0.10891911446804581 nan nan nan nan nan nan nan nan nan nan 0 0 0 0 running
5170 3.8124434132286202 0.00079130933810123497 0.02 166.29719800000001 0.02665879155921114 0.039952465143971161 0.036225383233564355 0.013260905313167653 0 0.021659325145620346 nan nan nan nan nan nan nan nan nan nan 0.24507547730396029 0.21283889877194773 0.11533840128301687 0 0.1086941257640997 nan nan nan nan nan nan nan nan nan nan 0 0 0 0 running
5180 3.8203571174456403 0.00079142033606733708 0.02 166.58862199999999 0.026630759090186525 0.039908540987730209 0.036194321880510069 0.01323728193756047 0 0.021634242194816623 nan nan nan nan nan nan nan nan nan nan 0.24416397910636856 0.21231454937023905 0.11434648450812179 0 0.10846431983077875 nan nan nan nan nan nan nan nan nan nan 0 0 0 0 running
5190 3.8282719293310405 0.00079153091406127885 0.02 166.98257100000001 0.026602820231929575 0.039864765602812872 0.03616334713347652 0.013213753792844011 0 0.021609250789890237 nan nan nan nan nan nan nan nan nan nan 0.24325339692748416 0.21214358432093416 0.11341777370094286 0 0.10822968991236634 nan nan nan nan nan nan nan nan nan nan 0 0 0 0 running
5200 3.8361878446946509 0.00079164107381890546 0.02 167.28572500000001 0.026574973294746992 0.039821136074475863 0.036132457960705681 0.013190318272530616 0 0.021584349316294833 nan nan nan nan nan nan nan nan nan nan 0.24234360213301964 0.21202197720125429 0.11254467563895632 0 0.10799023205404387 nan nan nan nan nan nan nan nan nan nan 0 0 0 0 running
5210 3.8441048593636333 0.00079175081707152689 0.02 167.563411 0.026547216862524058 0.039777650002542075 0.036101653473361646 0.013166973185397878 0 0.021559536396430268 nan nan nan nan nan nan nan nan nan nan 0.24143460158683427 0.21189235942254644 0.11172062876591138 0 0.10774594502048038 nan nan nan nan nan nan nan nan nan nan 0 0 0 0 running
5220 3.8520229691824399 0.00079186014554634713 0.02 167.91685699999999 0.026519549720619484 0.039734305362384412 0.036070932886614331 0.013143716654588857 0 0.021534810830004567 nan nan nan nan nan nan nan nan nan nan 0.24052649640655055 0.21175465459031401 0.11093995204597007 0 0.10750312518522762 nan nan nan nan nan nan nan nan nan nan 0 0 0 0 running
5230 3.8599421700127761 0.00079196906096684074 0.02 168.30380099999999 0.026491970805065896 0.039691100407284879 0.036040295492269482 0.013120547046022054 0 0.0215101715517141 nan nan nan nan nan nan nan nan nan nan 0.23961945077174862 0.21160878985416906 0.11019771734742989 0 0.10744989594880558 nan nan nan nan nan nan nan nan nan nan 0 0 0 0 running
5240 3.867862457733561 0.00079207756505307212 0.02 168.608363 0.026464479205398191 0.039648033662122883 0.03600974070934615 0.013097462910784691 0 0.021485617611281621 nan nan nan nan nan nan nan nan nan nan 0.23871366851323539 0.21145469593601363 0.1094896415063662 0 0.10739329797004724 nan nan nan nan nan nan nan nan nan nan 0 0 0 0 running
5250 3.8757838282408974 0.0007921856595219499 0.02 168.91858300000001 0.026437075404708701 0.039605105796310769 0.035979271470909763 0.013074460782815491 0 0.021461148019048238 nan nan nan nan nan nan nan nan nan nan 0.23780936316704726 0.21129230715270952 0.10898217976891833 0 0.10733326637289131 nan nan nan nan nan nan nan nan nan nan 0 0 0 0 running
5260 3.8837062774480406 0.00079229334608741492 0.02 169.329566 0.026409757018149287 0.03956231304156578 0.035948883448631383 0.013051541379353425 0 0.021436761929202915 nan nan nan nan nan nan nan nan nan nan 0.23690676223704621 0.21112156143375879 0.10856198477150203 0 0.10726973829444233 nan nan nan nan nan nan nan nan nan nan 0 0 0 0 running
5270 3.8916298012853705 0.00079240062646056817 0.02 169.635265 0.026382521848199909 0.039519652386814777 0.03591857358574909 0.01302870376326146 0 0.021412457131150472 nan nan nan nan nan nan nan nan nan nan 0.23600611018497086 0.21094240034394091 0.10814300108079378 0 0.10720265291422351 nan nan nan nan nan nan nan nan nan nan 0 0 0 0 running
5280 3.899554395700362 0.00079250750234973822 0.02 169.935903 0.026355361437401921 0.039477113007309453 0.035888328174726564 0.013005946988943097 0 0.021388225144516073 nan nan nan nan nan nan nan nan nan nan 0.23510764278569396 0.21075476948948843 0.10772529687710963 0 0.10713195171781018 nan nan nan nan nan nan nan nan nan nan 0 0 0 0 running
5290 3.9074800566575583 0.00079261397546049998 0.02 170.287959 0.026328290269727151 0.039434714265603736 0.035858172065513005 0.01298327003444754 0 0.021364078467322561 nan nan nan nan nan nan nan nan nan nan 0.23421158325107005 0.21055861788155866 0.1073089350877392 0 0.10705757812311775 nan nan nan nan nan nan nan nan nan nan 0 0 0 0 running
5300 3.9154067801385426 0.00079272004749563927 0.02 170.60349600000001 0.026301301955772981 0.039392446660242386 0.035828095231515013 0.012960672234440269 0 0.021340012565052455 nan nan nan nan nan nan nan nan nan nan 0.23331813978513494 0.21035389793786557 0.1068939731060462 0 0.10697947749593684 nan nan nan nan nan nan nan nan nan nan 0 0 0 0 running
5310 3.9233345621419109 0.00079282572015506821 0.02 170.96024600000001 0.026274394816582527 0.039350307826533426 0.035798095694000012 0.012938152485731458 0 0.021316025515666265 nan nan nan nan nan nan nan nan nan nan 0.23242750419158487 0.21014056572266371 0.10648046271834011 0 0.10689759731107831 nan nan nan nan nan nan nan nan nan nan 0 0 0 0 running
5320 3.931263398683241 0.00079293099513571186 0.02 171.27933999999999 0.026247568771484372 0.039308297486368986 0.035768173511179717 0.012915710371529249 0 0.021292117557092326 nan nan nan nan nan nan nan nan nan nan 0.23153985125746335 0.20991858094103338 0.10606845018078159 0 0.10681188716330972 nan nan nan nan nan nan nan nan nan nan 0 0 0 0 running
5330 3.939193285795064 0.0007930358741313555 0.02 171.62646799999999 0.026220823363838117 0.039266414914046074 0.035738328318243903 0.01289334527232909 0 0.02126828826896723 nan nan nan nan nan nan nan nan nan nan 0.23065533870139387 0.20968790692996667 0.10565797640199759 0 0.10672229877613537 nan nan nan nan nan nan nan nan nan nan 0 0 0 0 running
5340 3.9471242195268292 0.00079314035883247471 0.02 171.93996899999999 0.026194157651884709 0.039224658686362594 0.035708558989775367 0.012871056551599711 0 0.021244536815769023 nan nan nan nan nan nan nan nan nan nan 0.22977410752405381 0.20944851064629416 0.10524907719725007 0 0.10662878600848832 nan nan nan nan nan nan nan nan nan nan 0 0 0 0 running
5350 3.9550561959448749 0.00079324445092604436 0.02 172.242493 0.026167566939941357 0.039183021783296412 0.035678858298830447 0.012848843607174181 0 0.021220859788463685 nan nan nan nan nan nan nan nan nan nan 0.22889628263659922 0.2092003625261869 0.10484178358834351 0 0.10653130479449832 nan nan nan nan nan nan nan nan nan nan 0 0 0 0 running
5360 3.9629892111323857 0.00079334815209533332 0.02 172.573193 0.026141055377035417 0.039141510362559986 0.035649233355252427 0.012826705852922022 0 0.021197259865585082 nan nan nan nan nan nan nan nan nan nan 0.22802197367386356 0.20894343666173501 0.1044361221296527 0 0.10642981324687403 nan nan nan nan nan nan nan nan nan nan 0 0 0 0 running
5370 3.9709232611893581 0.00079345146401969141 0.02 172.887732 0.026114622463317708 0.039100123659098512 0.035619683711809472 0.012804642733072765 0 0.021173736529019039 nan nan nan nan nan nan nan nan nan nan 0.22715127592128126 0.20867771081537242 0.10403211524578715 0 0.10632427167594838 nan nan nan nan nan nan nan nan nan nan 0 0 0 0 running
5380 3.9788583422325607 0.00079355438837432925 0.02 173.236268 0.026088267707768075 0.03905886092070078 0.035590208925163035 0.01278265371399586 0 0.021150289270587749 nan nan nan nan nan nan nan nan nan nan 0.22628427130297446 0.20840316630503922 0.10362978157015668 0 0.10621464254134572 nan nan nan nan nan nan nan nan nan nan 0 0 0 0 running
5390 3.9867944503954891 0.00079365692683009618 0.02 173.56744699999999 0.026061995636268258 0.039017728696797906 0.035560816562056966 0.012760738282525646 0 0.021126921545554646 nan nan nan nan nan nan nan nan nan nan 0.22542102939275321 0.20811978871944986 0.1032291362768436 0 0.10610089085545746 nan nan nan nan nan nan nan nan nan nan 0 0 0 0 running
5400 3.9947315818283231 0.00079375908105326046 0.02 173.87903499999999 0.026035802109605287 0.038976720920151975 0.035531500332424977 0.012738895942556023 0 0.021103629973462754 nan nan nan nan nan nan nan nan nan nan 0.2245616084195281 0.20782756711445877 0.1028301914003551 0 0.10598298374883555 nan nan nan nan nan nan nan nan nan nan 0 0 0 0 running
5410 4.0023815410065184 0.00079385716482344929 0.02 174.25545099999999 0.026010632038978122 0.03893731697800621 0.035503317914656399 0.012717915122733866 0 0.021081254561140808 nan nan nan nan nan nan nan nan nan nan 0.22373704670139971 0.20753757674519213 0.10244734674354583 0 0.10586539531857855 nan nan nan nan nan nan nan nan nan nan 0 0 0 0 running
5420 4.010320670693325 0.00079395856936000531 0.02 174.54464200000001 0.025984588639865878 0.038896547457279371 0.035474145579758205 0.012696214720961094 0 0.021058109054808798 nan nan nan nan nan nan nan nan nan nan 0.22288525935717618 0.20722796448131883 0.10205176535450233 0 0.10573923796348916 nan nan nan nan nan nan nan nan nan nan 0 0 0 0 running
5430 4.0182608123378589 0.00079405959457328227 0.02 174.83915200000001 0.025958620935315639 0.038855898121002319 0.035445045737485081 0.012674586041770384 0 0.021035037125345803 nan nan nan nan nan nan nan nan nan nan 0.22203740822017748 0.20690949190167687 0.10165790447699663 0 0.10560883804323043 nan nan nan nan nan nan nan nan nan nan 0 0 0 0 running
5440 4.0262019621559455 0.00079416024210931602 0.02 175.12811199999999 0.025932728507083624 0.038815368248384455 0.035416018140003676 0.012653028581049693 0 0.021012038303956065 nan nan nan nan nan nan nan nan nan nan 0.22119351577707436 0.20658216124038706 0.10126576651296926 0 0.10547417090787242 nan nan nan nan nan nan nan nan nan nan 0 0 0 0 running
5450 4.0341441163798395 0.00079426051360855442 0.02 175.536497 0.02590691097377425 0.038774957085401754 0.035387062747998854 0.012631541735179146 0 0.020989112118005249 nan nan nan nan nan nan nan nan nan nan 0.22035359750713512 0.20624597842652104 0.1008753520111344 0 0.1053352142058169 nan nan nan nan nan nan nan nan nan nan 0 0 0 0 running
5460 4.0420872712581675 0.00079436041070568239 0.02 175.88153700000001 0.025881167776817263 0.0387346640188568 0.035358178570580961 0.012610125276412741 0 0.020966258118443253 nan nan nan nan nan nan nan nan nan nan 0.21951766271545003 0.20590095296886746 0.10048665992736194 0 0.10519194782806532 nan nan nan nan nan nan nan nan nan nan 0 0 0 0 running
5470 4.0500314230558727 0.0007944599350294463 0.02 176.176818 0.02585549836486414 0.038694488322459503 0.035329365158119998 0.0125887786599129 0 0.020943475387729806 nan nan nan nan nan nan nan nan nan nan 0.21868571533959735 0.20554709785070552 0.10009968787859269 0 0.1050443538577398 nan nan nan nan nan nan nan nan nan nan 0 0 0 0 running
5480 4.0579765680541504 0.00079455908820249015 0.02 176.568681 0.025829902337420111 0.038654429353128496 0.035300622121194357 0.012567501507784698 0 0.020920763582999921 nan nan nan nan nan nan nan nan nan nan 0.21785775436935118 0.205184429433343 0.099714432219822347 0 0.10489241652414616 nan nan nan nan nan nan nan nan nan nan 0 0 0 0 running
5490 4.0659227025503899 0.00079465787184122122 0.02 176.92101299999999 0.025804379361386503 0.038614486492534954 0.035271949074094658 0.012546293550171153 0 0.020898122660109712 nan nan nan nan nan nan nan nan nan nan 0.21703377431166815 0.20481296736722404 0.099330888153177255 0 0.10473612216069308 nan nan nan nan nan nan nan nan nan nan 0 0 0 0 running
5500 4.0738698228581072 0.000794756287555675 0.02 177.22779600000001 0.025778929010264837 0.038574659083583929 0.035243345603343697 0.012525154409593207 0 0.020875552181098538 nan nan nan nan nan nan nan nan nan nan 0.21621376568813289 0.20443273450950536 0.09894904986163644 0 0.1045754591660995 nan nan nan nan nan nan nan nan nan nan 0 0 0 0 running
5510 4.0818179253068854 0.00079485433694935904 0.02 177.52280400000001 0.025753550647981009 0.038534945785472341 0.035214811818128501 0.012504082713663345 0 0.020853051390743404 nan nan nan nan nan nan nan nan nan nan 0.21539771553110199 0.20404375684723564 0.098568910652080843 0 0.10441041796835762 nan nan nan nan nan nan nan nan nan nan 0 0 0 0 running
5520 4.0897670062423028 0.00079495202161908199 0.02 177.81308200000001 0.025728243916796723 0.038495346205163677 0.035186347048193276 0.012483078489692996 0 0.02083061997588629 nan nan nan nan nan nan nan nan nan nan 0.214585607836554 0.2036460634252453 0.098190463082190926 0 0.10424099099100789 nan nan nan nan nan nan nan nan nan nan 0 0 0 0 running
5530 4.0977170620258709 0.00079504934315479433 0.02 178.18073799999999 0.025703005756604832 0.038455856662313749 0.035157945868696722 0.012462141995583025 0 0.020808254904330682 nan nan nan nan nan nan nan nan nan nan 0.21377742399233712 0.20323968627766989 0.097813699079416283 0 0.10406717262109538 nan nan nan nan nan nan nan nan nan nan 0 0 0 0 running
5540 4.1056680890349639 0.00079514630313946106 0.02 178.49971099999999 0.025677833408917824 0.038416473586248924 0.035129603913735846 0.012441272878722523 0 0.02078595338441129 nan nan nan nan nan nan nan nan nan nan 0.21297314322041871 0.20282466036091157 0.09743861008596244 0 0.10388895917780558 nan nan nan nan nan nan nan nan nan nan 0 0 0 0 running
5550 4.1136200836627408 0.0007952429031489863 0.02 178.82670300000001 0.025652731410241519 0.038377202522630965 0.035101329143529508 0.012420470799132118 0 0.020763719995521977 nan nan nan nan nan nan nan nan nan nan 0.2121727429301099 0.20240102349872327 0.097065187153638655 0 0.10370634888689728 nan nan nan nan nan nan nan nan nan nan 0 0 0 0 running
5560 4.1215730423180883 0.00079533914475220159 0.02 179.24416600000001 0.025627699254319659 0.038338042656747305 0.035073121046942386 0.012399735386940933 0 0.020741554256108151 nan nan nan nan nan nan nan nan nan nan 0.21137619902002758 0.20196881631915245 0.096693421023050896 0 0.10351934185076114 nan nan nan nan nan nan nan nan nan nan 0 0 0 0 running
5570 4.1295269614255377 0.00079543502951089876 0.02 179.54071300000001 0.025602736502923391 0.038298993300956971 0.035044979186135188 0.012379066293349408 0 0.020719455733008391 nan nan nan nan nan nan nan nan nan nan 0.21058348613971867 0.20152808219563489 0.096323302191252957 0 0.10332794002044421 nan nan nan nan nan nan nan nan nan nan 0 0 0 0 running
5580 4.1374818374251996 0.00079553055897989267 0.02 179.86372 0.025577842929762451 0.038260054161540706 0.035016903360656722 0.012358463239978502 0 0.020697424130323432 nan nan nan nan nan nan nan nan nan nan 0.20979457791673917 0.20107886719069315 0.095954820969463617 0 0.10313214716872282 nan nan nan nan nan nan nan nan nan nan 0 0 0 0 running
5590 4.1454376667726978 0.00079562573470709573 0.02 180.17150100000001 0.025553018139889003 0.038221224628629667 0.034988893180549631 0.012337925902185971 0 0.02067545904224552 nan nan nan nan nan nan nan nan nan nan 0.20900944715497638 0.20062122000075583 0.095587967532210105 0 0.10293196886349559 nan nan nan nan nan nan nan nan nan nan 0 0 0 0 running
5600 4.153394445939095 0.00079572055823359258 0.02 180.461636 0.025528265492316883 0.038182509517898186 0.034960954298048422 0.012317453948211664 0 0.020653563008598632 nan nan nan nan nan nan nan nan nan nan 0.20822806600789545 0.20015519192090173 0.095222731959191287 0 0.10272741245190567 nan nan nan nan nan nan nan nan nan nan 0 0 0 0 running
5610 4.1613521714108295 0.00079581503109370612 0.02 180.75006099999999 0.025503582740678803 0.038143905542886422 0.034933083335556024 0.012297047065843905 0 0.020631734176266556 nan nan nan nan nan nan nan nan nan nan 0.20745040613023313 0.19968083667831174 0.094859104270822114 0 0.10251848697017674 nan nan nan nan nan nan nan nan nan nan 0 0 0 0 running
5620 4.1693108396896443 0.00079590915481503831 0.02 181.04065 0.025478967516782455 0.038105409243242808 0.034905276717565839 0.012276704947980797 0 0.020609970594390535 nan nan nan nan nan nan nan nan nan nan 0.20667643881071052 0.19919821042931748 0.094497074458368524 0 0.1023052031475952 nan nan nan nan nan nan nan nan nan nan 0 0 0 0 running
5630 4.1772704472925239 0.00079600293091849461 0.02 181.348848 0.025454419436000419 0.038067020026081304 0.034877534060361155 0.012256427285453619 0 0.020588271868173871 nan nan nan nan nan nan nan nan nan nan 0.20590613508838107 0.19870737198759555 0.094136632509531193 0 0.10208757353828826 nan nan nan nan nan nan nan nan nan nan 0 0 0 0 running
5640 4.185230990751621 0.00079609636091828272 0.02 181.628131 0.025429938079189453 0.038028737246172034 0.034849854922595812 0.012236213772331125 0 0.020566637581541966 nan nan nan nan nan nan nan nan nan nan 0.20513946585420006 0.19842514432074326 0.093777768429993413 0 0.10186561246769862 nan nan nan nan nan nan nan nan nan nan 0 0 0 0 running
5650 4.1931924666141951 0.00079618944632188829 0.02 181.923385 0.025405522953396733 0.037990559695482935 0.034822239677790148 0.012216063177201485 0 0.020545067071561215 nan nan nan nan nan nan nan nan nan nan 0.20437640194619 0.19832178733708508 0.093420472266758425 0 0.10163933597588001 nan nan nan nan nan nan nan nan nan nan 0 0 0 0 running
5660 4.2011548714425455 0.00079628218863003286 0.02 182.205119 0.025381173806078513 0.037952487384828419 0.034794687319421848 0.012195976001827665 0 0.02052356021461136 nan nan nan nan nan nan nan nan nan nan 0.20361691416737315 0.19821071635520349 0.093064734090497092 0 0.10140876176501445 nan nan nan nan nan nan nan nan nan nan 0 0 0 0 running
5670 4.209118201813939 0.00079637458933661442 0.02 182.51649499999999 0.025356890268761437 0.037914519806725611 0.034767197358179139 0.012175952068821461 0 0.020502116656839073 nan nan nan nan nan nan nan nan nan nan 0.20286097346426035 0.19809189767161897 0.09271054406672552 0 0.1011739091506112 nan nan nan nan nan nan nan nan nan nan 0 0 0 0 running
5680 4.2170824543205434 0.00079646664992863642 0.02 182.85393099999999 0.025332668894978823 0.03787665181222568 0.034739764649809171 0.012155990769834221 0 0.020480733743890468 nan nan nan nan nan nan nan nan nan nan 0.20210855100335801 0.19796530019777006 0.092357892479348558 0 0.10093479901650951 nan nan nan nan nan nan nan nan nan nan 0 0 0 0 running
5690 4.2250476255693608 0.00079655837188613956 0.02 183.28270000000001 0.025308510229730439 0.037838884140904167 0.034712390530838598 0.012136091462113606 0 0.020459411645275691 nan nan nan nan nan nan nan nan nan nan 0.20135961815535741 0.19783089541995741 0.092006769704152447 0 0.10087709624560603 nan nan nan nan nan nan nan nan nan nan 0 0 0 0 running
5700 4.2330137121821529 0.00079664975668211895 0.02 183.59128799999999 0.025284416005862728 0.037801219407837199 0.034685077579457345 0.012116254544567173 0 0.020438151682245376 nan nan nan nan nan nan nan nan nan nan 0.20061414650464449 0.19768865757225765 0.091657166197120277 0 0.10082967365069664 nan nan nan nan nan nan nan nan nan nan 0 0 0 0 running
5710 4.2409807107953723 0.00079674080578242949 0.02 183.89356000000001 0.025260385860414833 0.037763657054953138 0.034657825429456633 0.012096479732804364 0 0.020416953482248 nan nan nan nan nan nan nan nan nan nan 0.19987210787315601 0.19753856353263713 0.091309072492142374 0 0.10077866046892031 nan nan nan nan nan nan nan nan nan nan 0 0 0 0 running
5720 4.2489486180600897 0.00079683152064568695 0.02 184.23522600000001 0.025236419433482291 0.037726196528914076 0.034630633717440039 0.012076766745513081 0 0.020395816675924994 nan nan nan nan nan nan nan nan nan nan 0.19913347435054574 0.19738059280515316 0.090962479204135582 0 0.10072402487972185 nan nan nan nan nan nan nan nan nan nan 0 0 0 0 running
5730 4.2569174306419244 0.00079692190272317434 0.02 184.54476199999999 0.025212516367931488 0.037688837280725869 0.034603502082425734 0.012057115304236967 0 0.020374740896878341 nan nan nan nan nan nan nan nan nan nan 0.19839821832584748 0.1972147275098827 0.090617377034857616 0 0.10066573659740841 nan nan nan nan nan nan nan nan nan nan 0 0 0 0 running
5740 4.2648871452209667 0.00079701195345877442 0.02 184.820312 0.025188676309194764 0.037651578765452214 0.03457643016557313 0.012037525133204953 0 0.020353725781502484 nan nan nan nan nan nan nan nan nan nan 0.19766631251735967 0.19704095237097483 0.090273756779647663 0 0.10060376687282196 nan nan nan nan nan nan nan nan nan nan 0 0 0 0 running
5750 4.2728577584917007 0.00079710167428894015 0.02 185.10734199999999 0.025164898905118957 0.0376144204419986 0.034549417609990321 0.012017995959196023 0 0.020332770968859187 nan nan nan nan nan nan nan nan nan nan 0.19693772999921833 0.19685925470299181 0.089931609334148233 0 0.10053808849381166 nan nan nan nan nan nan nan nan nan nan 0 0 0 0 running
5760 4.2808292671629413 0.00079719106664269564 0.02 185.40069500000001 0.025141189511401381 0.037577370311953039 0.034522473477247857 0.011998527315293571 0 0.020311879724836331 nan nan nan nan nan nan nan nan nan nan 0.19625379255504019 0.19666962439532013 0.089590925700132718 0 0.10046867578439556 nan nan nan nan nan nan nan nan nan nan 0 0 0 0 running
5770 4.2888016679577481 0.00079728013194167648 0.02 185.69572500000001 0.025117542995261043 0.037540420755716897 0.034495589602511499 0.011979119023086383 0 0.020291048407697077 nan nan nan nan nan nan nan nan nan nan 0.19601503458025848 0.19647205389507794 0.089251696990382046 0 0.10039550460285845 nan nan nan nan nan nan nan nan nan nan 0 0 0 0 running
5780 4.2967749576133594 0.00079736887160019405 0.02 186.010885 0.025093958002698057 0.037503569643851306 0.034468763883643623 0.011959770912944801 0 0.020270276298515726 nan nan nan nan nan nan nan nan nan nan 0.19576775446261074 0.19626653819099932 0.088913914432362962 0 0.10031855234016676 nan nan nan nan nan nan nan nan nan nan 0 0 0 0 running
5790 4.3047491328811134 0.00079745728702532148 0.02 186.32162500000001 0.025070418744740114 0.03746678677070104 0.034441983903282673 0.0119404676966119 0 0.020249551729707233 nan nan nan nan nan nan nan nan nan nan 0.19551196975340773 0.19605307479338349 0.088577569370754561 0 0.10023779791593493 nan nan nan nan nan nan nan nan nan nan 0 0 0 0 running
5800 4.3127241905263825 0.00079754537961698139 0.02 186.70821699999999 0.025046879870080835 0.03742998534603139 0.034415214121283573 0.011921165185596178 0 0.020228841062480862 nan nan nan nan nan nan nan nan nan nan 0.19524770028935165 0.19583166371245822 0.088242653268504001 0 0.10015322177326694 nan nan nan nan nan nan nan nan nan nan 0 0 0 0 running
5810 4.3207001273284984 0.00079763315076803506 0.02 187.077123 0.025023400243112861 0.037393281141496121 0.034388497188779225 0.011901924145455963 0 0.020208186134368169 nan nan nan nan nan nan nan nan nan nan 0.19497496816326523 0.19560230743439955 0.087909157707675378 0 0.10006480587219183 nan nan nan nan nan nan nan nan nan nan 0 0 0 0 running
5820 4.3286769400806842 0.00079772060186436209 0.02 187.38373999999999 0.02499998638590856 0.037356682552128304 0.034361844227270517 0.011882744219950262 0 0.020187593127503192 nan nan nan nan nan nan nan nan nan nan 0.19469379786461466 0.19536501107807913 0.087577074390546517 0 0.099972533781801903 nan nan nan nan nan nan nan nan nan nan 0 0 0 0 running
5830 4.3366546255899818 0.00079780773428492061 0.02 187.68185800000001 0.024976638940218069 0.037320190395198419 0.034335256550617102 0.011863625068676874 0 0.020167062514144067 nan nan nan nan nan nan nan nan nan nan 0.19440421699706584 0.19511978316342193 0.087246395138115607 0 0.099876391105534368 nan nan nan nan nan nan nan nan nan nan 0 0 0 0 running
5840 4.344633180677187 0.00079789454940179516 0.02 188.056904 0.024953353420640794 0.037283798057220964 0.034308727296116281 0.011844566366261333 0 0.020146590679848298 nan nan nan nan nan nan nan nan nan nan 0.19410625353288061 0.19486663270678578 0.086917111888073384 0 0.099776363893547215 nan nan nan nan nan nan nan nan nan nan 0 0 0 0 running
5850 4.3526126021767739 0.00079798104858022016 0.02 188.34455800000001 0.024930129312595414 0.037247504703216569 0.034282255905352645 0.011825567799246386 0 0.02012617716713349 nan nan nan nan nan nan nan nan nan nan 0.19379993757640182 0.19460557109581883 0.086589216692605553 0 0.099672439683105102 nan nan nan nan nan nan nan nan nan nan 0 0 0 0 running
5860 4.3605928869368364 0.00079806723317858838 0.02 188.63404700000001 0.024906966127144912 0.037211309543746844 0.03425584184987919 0.011806629063266873 0 0.020105821536352642 nan nan nan nan nan nan nan nan nan nan 0.19348530173328299 0.19433661248728515 0.086262701716056656 0 0.099564607721860848 nan nan nan nan nan nan nan nan nan nan 0 0 0 0 running
5870 4.3685740318190147 0.00079815310454844468 0.02 188.936847 0.024883863396605772 0.037175211827061835 0.034229484626200506 0.011787749861165578 0 0.020085523362687343 nan nan nan nan nan nan nan nan nan nan 0.19316238100575919 0.19405977370224781 0.085937559232617478 0 0.099452858914593406 nan nan nan nan nan nan nan nan nan nan 0 0 0 0 running
5880 4.3765560336984244 0.00079823866403446093 0.02 189.233755 0.024860820671092316 0.037139210832925498 0.034203183751769672 0.011768929901620526 0 0.020065282233798422 nan nan nan nan nan nan nan nan nan nan 0.19283121269670608 0.19377507413027675 0.085613781623987362 0 0.099337185774777459 nan nan nan nan nan nan nan nan nan nan 0 0 0 0 running
5890 4.3845388894635891 0.00079832391297440699 0.02 189.59917799999999 0.024837837515777773 0.037103305867726248 0.034176938761771379 0.011750168898146353 0 0.020045097747978267 nan nan nan nan nan nan nan nan nan nan 0.19249183632146757 0.19348253564168755 0.085291361377044517 0 0.099217582380412089 nan nan nan nan nan nan nan nan nan nan 0 0 0 0 running
5900 4.3925225960163745 0.00079840885269911132 0.02 189.99811500000001 0.024814913508706953 0.037067496260574401 0.034150749206518928 0.011731466568368421 0 0.020024969512686844 nan nan nan nan nan nan nan nan nan nan 0.19214429352661977 0.19318218250681349 0.084970291081533311 0 0.099094044333592035 nan nan nan nan nan nan nan nan nan nan 0 0 0 0 running
5910 4.4005071502719151 0.00079849348453242281 0.02 190.35346699999999 0.024792048239036298 0.037031781360163593 0.034124614649333251 0.011712822633495634 0 0.020004897143383087 nan nan nan nan nan nan nan nan nan nan 0.19178862801482247 0.19287404132156361 0.084650563427799641 0 0.098966568723362042 nan nan nan nan nan nan nan nan nan nan 0 0 0 0 running
5920 4.4084925491585443 0.00079857780979116573 0.02 190.65732800000001 0.024769241305605864 0.036996160532224244 0.034098534664802227 0.011694236817937607 0 0.019984880262584142 nan nan nan nan nan nan nan nan nan nan 0.19142488547510586 0.19255814093844181 0.084332171204509754 0 0.098835154091441196 nan nan nan nan nan nan nan nan nan nan 0 0 0 0 running
5930 4.4164787896177273 0.00079866182978510444 0.02 190.95115000000001 0.024746492315771345 0.036960633157440477 0.034072508837342246 0.011675708849026223 0 0.019964918499101581 nan nan nan nan nan nan nan nan nan nan 0.19105311351790483 0.19223451240239711 0.084015107296409819 0 0.098699800400428833 nan nan nan nan nan nan nan nan nan nan 0 0 0 0 running
5940 4.4244658686039866 0.00079874554581690915 0.02 191.23942500000001 0.024723800884441004 0.036925198629731891 0.0340465367600013 0.011657238456812567 0 0.019945011487416241 nan nan nan nan nan nan nan nan nan nan 0.19067336161429319 0.19190318889090216 0.083699364682075617 0 0.098560509004175123 nan nan nan nan nan nan nan nan nan nan 0 0 0 0 running
5950 4.4324537830848314 0.00079882895918212469 0.02 191.535325 0.024701166633274263 0.036889856354822254 0.034020618033456226 0.011638825373917742 0 0.019925158867161168 nan nan nan nan nan nan nan nan nan nan 0.1902856810388989 0.19156420565770188 0.083384936431710299 0 0.098417282620004348 nan nan nan nan nan nan nan nan nan nan 0 0 0 0 running
5960 4.4404425300406878 0.0007989120711691521 0.02 191.81619699999999 0.024678589190010168 0.036854605749039163 0.033994752265167689 0.011620469335422148 0 0.019905360282690535 nan nan nan nan nan nan nan nan nan nan 0.18989012481604264 0.1912175999797642 0.08307181570490263 0 0.098270125302530542 nan nan nan nan nan nan nan nan nan nan 0 0 0 0 running
5970 4.4484321064648293 0.00079899488305923254 0.02 192.116241 0.024656068187899487 0.036819446238297249 0.03396893906866319 0.011602170078782068 0 0.019885615382716861 nan nan nan nan nan nan nan nan nan nan 0.18948674766866802 0.19086341110698996 0.082759995748418858 0 0.098119042418819136 nan nan nan nan nan nan nan nan nan nan 0 0 0 0 running
5980 4.4564225093632972 0.00079907739612644353 0.02 192.548824 0.024633603195581839 0.0367843771542802 0.033943177951312492 0.011583927342787756 0 0.019865923770142586 nan nan nan nan nan nan nan nan nan nan 0.18907560596973003 0.19050168021431546 0.082449469894036342 0 0.097964040624689414 nan nan nan nan nan nan nan nan nan nan 0 0 0 0 running
5990 4.4644137357548361 0.0007991596116376996 0.02 192.884016 0.024611193857739917 0.036749397941794291 0.033917468540048991 0.011565740869575252 0 0.019846285103377524 nan nan nan nan nan nan nan nan nan nan 0.1886567576956904 0.1901324503558286 0.082140231556335097 0 0.097805127841966738 nan nan nan nan nan nan nan nan nan nan 0 0 0 0 running
6000 4.4724057826708234 0.00079924153085276139 0.02 193.18238199999999 0.02458883988412754 0.036714508143163266 0.033891810563663929 0.011547610404300215 0 0.019826699087571797 nan nan nan nan nan nan nan nan nan nan 0.18823026238184307 0.18975576642065678 0.081832274230510427 0 0.097642313236513179 nan nan nan nan nan nan nan nan nan nan 0 0 0 0 running
6010 4.48039864715519 0.00079932315502425331 0.02 193.578498 0.024566540925687302 0.036679707214840616 0.033866203654412612 0.011529535693393999 0 0.019807165386130324 nan nan nan nan nan nan nan nan nan nan 0.18779618107919985 0.18937167509030881 0.081525591490260951 0 0.09747560719690454 nan nan nan nan nan nan nan nan nan nan 0 0 0 0 running
6020 4.488392326264357 0.00079940448539768741 0.02 193.89355800000001 0.024544296637027632 0.036644994619545845 0.033840647448290316 0.011511516485437183 0 0.019787683665642007 nan nan nan nan nan nan nan nan nan nan 0.18735457631273597 0.18898022479723853 0.081220176985629444 0 0.097305021313601692 nan nan nan nan nan nan nan nan nan nan 0 0 0 0 running
6030 4.4963868170671617 0.00079948552321149264 0.02 194.182433 0.02452210558723807 0.03661036823489397 0.033815139824922305 0.011493552531118445 0 0.019768252798340689 nan nan nan nan nan nan nan nan nan nan 0.18690551204094916 0.18858146568464806 0.080916024440894074 0 0.097130568358617497 nan nan nan nan nan nan nan nan nan nan 0 0 0 0 running
6040 4.5039977313139259 0.00079956239452982794 0.02 194.49880099999999 0.024501028972195533 0.036577483852358463 0.033790900793890473 0.011476503285177447 0 0.019749801882425155 nan nan nan nan nan nan nan nan nan nan 0.18647116564988364 0.18819513369227517 0.080627660502410547 0 0.096960922117908271 nan nan nan nan nan nan nan nan nan nan 0 0 0 0 running
6050 4.511993798084756 0.00079964286483008801 0.02 194.80239 0.024478940281365692 0.036543023363464232 0.033765486033407226 0.01145864647235554 0 0.019730468922456008 nan nan nan nan nan nan nan nan nan nan 0.18600773049839922 0.18778225907861767 0.080325953401671701 0 0.096778962113523381 nan nan nan nan nan nan nan nan nan nan 0 0 0 0 running
6060 4.5199906679683908 0.00079972304618552677 0.02 195.10110299999999 0.024456904884935491 0.03650864906800274 0.033740120505451998 0.011440844189859741 0 0.019711186633083778 nan nan nan nan nan nan nan nan nan nan 0.18553703262650556 0.18736223326601883 0.080025490148486367 0 0.0965931794387975 nan nan nan nan nan nan nan nan nan nan 0 0 0 0 running
6070 4.5279883380820483 0.00079980293980698165 0.02 195.40441100000001 0.024434927055788098 0.036474367105284178 0.033714811230109061 0.011423096182614877 0 0.01969195832562701 nan nan nan nan nan nan nan nan nan nan 0.18505914129387846 0.18693511279573893 0.079726264740446751 0 0.096403591349992546 nan nan nan nan nan nan nan nan nan nan 0 0 0 0 running
6080 4.5359868055550141 0.00079988254689843086 0.02 195.72968700000001 0.024413002443970922 0.036440171154348458 0.03368955142053838 0.011405402222418407 0 0.019672780513089533 nan nan nan nan nan nan nan nan nan nan 0.18473866691822119 0.1865009556232877 0.079428271239433634 0 0.096210216126866727 nan nan nan nan nan nan nan nan nan nan 0 0 0 0 running
6090 4.5439860675285786 0.00079996186865705218 0.02 196.23217500000001 0.024391128831261086 0.036406058228478283 0.03366433760472564 0.011387762072449735 0 0.019653651090747962 nan nan nan nan nan nan nan nan nan nan 0.18464062970311224 0.18605982120608355 0.079131503769688694 0 0.09601307312463811 nan nan nan nan nan nan nan nan nan nan 0 0 0 0 running
6100 4.5519861211559665 0.00080004090627328007 0.02 196.58286799999999 0.02436930475804543 0.036372026415435722 0.033639167533463674 0.011370175495454807 0 0.019634568578032141 nan nan nan nan nan nan nan nan nan nan 0.1845350950059792 0.18561177060819994 0.078835956515960537 0 0.095812182833796999 nan nan nan nan nan nan nan nan nan nan 0 0 0 0 running
6110 4.5599869636022712 0.00080011966093087108 0.02 196.90393700000001 0.024347531847183263 0.03633807763339704 0.033614044258860297 0.011352642161573992 0 0.019615534498755308 nan nan nan nan nan nan nan nan nan nan 0.18442206214607271 0.18515686642767112 0.078541623721728349 0 0.095607566839856883 nan nan nan nan nan nan nan nan nan nan 0 0 0 0 running
6120 4.5679885920443839 0.00080019813380696736 0.02 197.239982 0.024325809731928761 0.036304211387055661 0.033588967433488576 0.01133516179838202 0 0.019596548290209754 nan nan nan nan nan nan nan nan nan nan 0.18430153223256654 0.18495977513388367 0.07824849968742642 0 0.095399247785290159 nan nan nan nan nan nan nan nan nan nan 0 0 0 0 running
6130 4.5759910036709339 0.00080027632607216487 0.02 197.53675200000001 0.024304138480495171 0.036270427603596521 0.033563937164324265 0.011317734306300013 0 0.019577610427449675 nan nan nan nan nan nan nan nan nan nan 0.1841735081559332 0.1848657742503502 0.077956578768753282 0 0.095187249333972018 nan nan nan nan nan nan nan nan nan nan 0 0 0 0 running
6140 4.583994195682223 0.00080035423889058123 0.02 197.804856 0.024282517773752281 0.036236725791207916 0.033538953108955397 0.011300359457627288 0 0.019558720601805454 nan nan nan nan nan nan nan nan nan nan 0.18403799457780604 0.18476479391399833 0.077665855375014914 0 0.094971596137814418 nan nan nan nan nan nan nan nan nan nan 0 0 0 0 running
6150 4.5919981652901516 0.00080043187341992915 0.02 198.09580399999999 0.024260947138827964 0.036203105251625352 0.03351401471709349 0.011283036924834679 0 0.01953987834660233 nan nan nan nan nan nan nan nan nan nan 0.18389499791923086 0.18465682537283823 0.077376323967524363 0 0.094752313805302302 nan nan nan nan nan nan nan nan nan nan 0 0 0 0 running
6160 4.6000029097181701 0.00080050923081158602 0.02 198.36169899999999 0.024239425755066542 0.036169564890318293 0.033489120832517809 0.011265766255380578 0 0.019521082881493033 nan nan nan nan nan nan nan nan nan nan 0.18374452634750613 0.18454186174156315 0.077087979058067746 0 0.094529428871699295 nan nan nan nan nan nan nan nan nan nan 0 0 0 0 running
6170 4.6080084262012049 0.00080058631221066904 0.02 198.67648600000001 0.024217953981790573 0.036136105037097715 0.033464272183839565 0.011248547560594485 0 0.019502334553878817 nan nan nan nan nan nan nan nan nan nan 0.18358658976172454 0.18441989799188951 0.076800815207384909 0 0.094404247020102028 nan nan nan nan nan nan nan nan nan nan 0 0 0 0 running
6180 4.6160147119855983 0.00080066311875610842 0.02 199.19036399999999 0.024196531507871783 0.036102725214595593 0.03343946843439484 0.011231380619147083 0 0.019483633063407915 nan nan nan nan nan nan nan nan nan nan 0.18342119977721388 0.18429093094152244 0.076514827023778209 0 0.094363220526607811 nan nan nan nan nan nan nan nan nan nan 0 0 0 0 running
6190 4.624021764329048 0.00080073965158072413 0.02 199.51707999999999 0.024175158024111538 0.036069424948164425 0.033414709249636979 0.011214265211448582 0 0.01946497811178002 nan nan nan nan nan nan nan nan nan nan 0.18324836970894234 0.18415495924191125 0.076230009161656564 0 0.094318822420910498 nan nan nan nan nan nan nan nan nan nan 0 0 0 0 running
6200 4.63202958050055 0.0008008159118113008 0.02 199.853216 0.02415383306958243 0.036036203542563788 0.033389994070322851 0.011197201104376565 0 0.019446369260536403 nan nan nan nan nan nan nan nan nan nan 0.18306811455402133 0.18401198336489319 0.075946356320272912 0 0.094271038508377342 nan nan nan nan nan nan nan nan nan nan 0 0 0 0 running
6210 4.6400381577803316 0.00080089190056866432 0.02 200.143812 0.024132555418566973 0.036003059156728787 0.033365321117415934 0.01118018817225316 0 0.019427805477532631 nan nan nan nan nan nan nan nan nan nan 0.18288045097340475 0.18386200558832971 0.075663863242375506 0 0.094219855680395953 nan nan nan nan nan nan nan nan nan nan 0 0 0 0 running
6220 4.6480474934598002 0.00080096761896775962 0.02 200.42192600000001 0.024111325851213387 0.035969992934358902 0.033340691758549312 0.011163226109694883 0 0.019409287356942122 nan nan nan nan nan nan nan nan nan nan 0.18268539727285224 0.18370502998082064 0.07538252471302076 0 0.094165261910304277 nan nan nan nan nan nan nan nan nan nan 0 0 0 0 running
6230 4.656057584841478 0.00080104306811772693 0.02 200.70554799999999 0.024090144064452958 0.035937004409665047 0.033316105664816797 0.011146314704064058 0 0.019390814607409695 nan nan nan nan nan nan nan nan nan nan 0.18248297338322042 0.18354106238557591 0.075102335558367095 0 0.094107246248722076 nan nan nan nan nan nan nan nan nan nan 0 0 0 0 running
6240 4.6640684292389443 0.00080111824912197801 0.02 200.99309600000001 0.024069009909770081 0.035904093404425096 0.033291562675833941 0.011129453738459073 0 0.019372387077329686 nan nan nan nan nan nan nan nan nan nan 0.18227320084017995 0.18337011040351861 0.074823290644530749 0 0.094045798818303994 nan nan nan nan nan nan nan nan nan nan 0 0 0 0 running
6250 4.672080023976787 0.00080119316307827361 0.02 201.26964000000001 0.024047923058075148 0.035871259402294561 0.033267062434732139 0.011112643004255709 0 0.019354004452629598 nan nan nan nan nan nan nan nan nan nan 0.18205610276337608 0.18319218337567364 0.074545384876503085 0 0.093980910807970608 nan nan nan nan nan nan nan nan nan nan 0 0 0 0 running
6260 4.6800923663905385 0.00080126781107879813 0.02 201.58585400000001 0.024026883622194829 0.035838502505645596 0.033242605355336866 0.011095882287308352 0 0.019335666696052415 nan nan nan nan nan nan nan nan nan nan 0.18183170383510269 0.18300729236489846 0.074268613197134292 0 0.093912574466625612 nan nan nan nan nan nan nan nan nan nan 0 0 0 0 running
6270 4.6881054538266191 0.00080134219421023755 0.02 201.880875 0.024005894679728381 0.035805827268033587 0.033218196599795954 0.011079171309584777 0 0.01931737581228303 nan nan nan nan nan nan nan nan nan nan 0.18160003027821822 0.18281545013664857 0.07399297058607579 0 0.093840783096204639 nan nan nan nan nan nan nan nan nan nan 0 0 0 0 running
6280 4.6961192836422914 0.00080141631355385074 0.02 202.154314 0.023984955140943502 0.035773231935769395 0.033193834426753638 0.011062509945678641 0 0.019299131384236848 nan nan nan nan nan nan nan nan nan nan 0.18136111003610608 0.18261667135480866 0.073718452058865958 0 0.093765531162557827 nan nan nan nan nan nan nan nan nan nan 0 0 0 0 running
6290 4.7041338532055992 0.00080149017018554662 0.02 202.523053 0.023964064686886253 0.035740716016261644 0.033169518478650288 0.011045897992040371 0 0.019280933112149883 nan nan nan nan nan nan nan nan nan nan 0.18111497318885136 0.18241097302987169 0.073445052666003763 0 0.093686814542645505 nan nan nan nan nan nan nan nan nan nan 0 0 0 0 running
6300 4.7121491598953158 0.00080156376517595529 0.02 202.867852 0.023943219738559413 0.035708274293312643 0.03314524323040182 0.011029335246547256 0 0.019262778082483986 nan nan nan nan nan nan nan nan nan nan 0.18086164982473807 0.18219837225594823 0.073172767492069246 0 0.093604629287235286 nan nan nan nan nan nan nan nan nan nan 0 0 0 0 running
6310 4.720165201100893 0.00080163709959049862 0.02 203.14024000000001 0.023922420003215046 0.035675906316416497 0.033121008362176359 0.011012821508532521 0 0.019244666015476534 nan nan nan nan nan nan nan nan nan nan 0.18060117154736194 0.18197888781809593 0.072901591654888409 0 0.093518972509698955 nan nan nan nan nan nan nan nan nan nan 0 0 0 0 running
6320 4.7281819742224069 0.00080171017448946223 0.02 203.42441700000001 0.023901665189598711 0.035643611637163647 0.033096813555708343 0.010996356578681563 0 0.019226596633065179 nan nan nan nan nan nan nan nan nan nan 0.18033357166332775 0.18175254039598659 0.072631520304718977 0 0.093429842500325114 nan nan nan nan nan nan nan nan nan nan 0 0 0 0 running
6330 4.7361994766705102 0.00080178299092806401 0.02 203.79996800000001 0.023880955697585887 0.035611390937992565 0.033072659703593417 0.010979940204158788 0 0.019208569802438867 nan nan nan nan nan nan nan nan nan nan 0.18005888511005649 0.18151935249072923 0.072362548623514433 0 0.093337238688429025 nan nan nan nan nan nan nan nan nan nan 0 0 0 0 running
6340 4.7442177058663777 0.00080185554995651921 0.02 204.150103 0.0238602907386396 0.035579242953347613 0.03304854561480712 0.010963572221634117 0 0.019190585150425807 nan nan nan nan nan nan nan nan nan nan 0.17977714838920403 0.18127934835754514 0.072094671824165735 0 0.093241161607594575 nan nan nan nan nan nan nan nan nan nan 0 0 0 0 running
6350 4.7522366592416621 0.00080192785262010919 0.02 204.42237 0.023839669824852024 0.035547166911346295 0.033024470622587086 0.010947252451438957 0 0.019172642364291725 nan nan nan nan nan nan nan nan nan nan 0.17948839950509463 0.18103255394360535 0.071827885149800208 0 0.093141612863702428 nan nan nan nan nan nan nan nan nan nan 0 0 0 0 running
6360 4.7602563342384432 0.0008019998999592424 0.02 204.74682300000001 0.023819092682271309 0.035515162389170463 0.033000434432945869 0.010930980699803007 0 0.019154741180224269 nan nan nan nan nan nan nan nan nan nan 0.17919267790766349 0.18077899683055512 0.071562183873133289 0 0.093038595105440269 nan nan nan nan nan nan nan nan nan nan 0 0 0 0 running
6370 4.7682767283091749 0.00080207169300951795 0.02 205.05228600000001 0.023798559024655129 0.035483228945611033 0.032976436731575895 0.010914756773987518 0 0.019136881326286895 nan nan nan nan nan nan nan nan nan nan 0.17889002443943558 0.18051870618116111 0.07129756329581316 0 0.092932111997004574 nan nan nan nan nan nan nan nan nan nan 0 0 0 0 running
6380 4.7762978389166424 0.00080214323280178572 0.02 205.34633299999999 0.023778068566983088 0.035451366141140264 0.03295247720539634 0.010898580482454279 0 0.019119062532008742 nan nan nan nan nan nan nan nan nan nan 0.17858048128609297 0.18025171268965515 0.071034018747815231 0 0.092822168192753657 nan nan nan nan nan nan nan nan nan nan 0 0 0 0 running
6390 4.7843196635339122 0.00080221452036220394 0.02 205.69340399999999 0.023757620932944666 0.035419573423475348 0.032928555387673891 0.010882451634717643 0 0.019101284432346828 nan nan nan nan nan nan nan nan nan nan 0.17826409193025536 0.17997804853537963 0.070771545586846396 0 0.09270876931358818 nan nan nan nan nan nan nan nan nan nan 0 0 0 0 running
6400 4.7923421996442892 0.00080228555671229629 0.02 205.99771100000001 0.023737213929713737 0.035387847992497529 0.032904667770453998 0.010866370038776432 0 0.019083544777668941 nan nan nan nan nan nan nan nan nan nan 0.17794090110811817 0.17969774733932273 0.07051013919781679 0 0.092591921924821838 nan nan nan nan nan nan nan nan nan nan 0 0 0 0 running
6410 4.8003654447412663 0.00080235634286900516 0.02 206.290696 0.023716847586936138 0.035356189414561756 0.032880814677580548 0.01085033551085238 0 0.019065844141604716 nan nan nan nan nan nan nan nan nan nan 0.17761095476966432 0.17941084412429112 0.070249794992278347 0 0.092471633515949392 nan nan nan nan nan nan nan nan nan nan 0 0 0 0 running
6420 4.8083893963284794 0.00080242687984474509 0.02 206.644113 0.023696522964714469 0.03532459922985863 0.032856997953973587 0.010834347862376635 0 0.019048183225327885 nan nan nan nan nan nan nan nan nan nan 0.17727430003932829 0.1791173752755166 0.069990508407919871 0 0.092347912480608904 nan nan nan nan nan nan nan nan nan nan 0 0 0 0 running
6430 4.8164140519196712 0.00080249716864745364 0.02 206.95112399999999 0.023676239985708537 0.035293077306748723 0.032833217615887901 0.010818406907179216 0 0.019030561907169806 nan nan nan nan nan nan nan nan nan nan 0.17693098517735065 0.1788173785019459 0.069732274908075653 0 0.092220768096860847 nan nan nan nan nan nan nan nan nan nan 0 0 0 0 running
6440 4.8244394090386296 0.00080256721028063775 0.02 207.28456700000001 0.023655998369705382 0.03526162321224012 0.032809473353851232 0.010802512460425611 0 0.01901297992322094 nan nan nan nan nan nan nan nan nan nan 0.17658105954682041 0.17851089280326801 0.069475089981281823 0 0.092090210510412301 nan nan nan nan nan nan nan nan nan nan 0 0 0 0 running
6450 4.8324654652191619 0.00080263700574342259 0.02 207.59626 0.023635797837290782 0.035230236514429414 0.03278576485901271 0.010786664338323993 0 0.018995437010651255 nan nan nan nan nan nan nan nan nan nan 0.17622457358041452 0.17819795843661027 0.069218949140801067 0 0.091956250717619689 nan nan nan nan nan nan nan nan nan nan 0 0 0 0 running
6460 4.8404922180050356 0.00080270655603059465 0.02 207.93285299999999 0.023615638109809111 0.035198916782442267 0.032762091823090811 0.010770862358104233 0 0.018977932907674262 nan nan nan nan nan nan nan nan nan nan 0.1758615787485171 0.17787861688457907 0.068963847924206179 0 0.091818900549138313 nan nan nan nan nan nan nan nan nan nan 0 0 0 0 running
6470 4.848519664949948 0.00080277586213264472 0.02 208.27140399999999 0.02359551890932483 0.035167663586376061 0.032738453938323774 0.010755106337996895 0 0.018960467353513172 nan nan nan nan nan nan nan nan nan nan 0.17549212752852933 0.1775529108244451 0.068709781892973831 0 0.091678172654105036 nan nan nan nan nan nan nan nan nan nan 0 0 0 0 running
6480 4.8565478036174765 0.00080284492503580863 0.02 208.59651099999999 0.023575439958585988 0.035136476497245203 0.032714850897423271 0.010739396097212646 0 0.018943040088368539 nan nan nan nan nan nan nan nan nan nan 0.17511627337523031 0.17722088409835809 0.068456746632074128 0 0.091534080484788644 nan nan nan nan nan nan nan nan nan nan 0 0 0 0 running
6490 4.8645766315810324 0.00080291374572210694 0.02 209.014477 0.023555400980988735 0.035105355086927525 0.032691282393530002 0.010723731455921849 0 0.018925650853386912 nan nan nan nan nan nan nan nan nan nan 0.17473407069206986 0.17688258168441773 0.068204737749632649 0 0.091386638281636151 nan nan nan nan nan nan nan nan nan nan 0 0 0 0 running
6500 4.8726061464238324 0.0008029823251693804 0.02 209.444152 0.023535401700543256 0.035074298928112806 0.032667748120171002 0.010708112235234445 0 0.01890829939063118 nan nan nan nan nan nan nan nan nan nan 0.17434557480324536 0.17653804966852085 0.067953750876507901 0 0.091235861058616502 nan nan nan nan nan nan nan nan nan nan 0 0 0 0 running
6510 4.8806363457388429 0.0008030506643513267 0.02 209.79768799999999 0.023515441841840255 0.035043307594251699 0.032644247771218257 0.010692538257180032 0 0.018890985443051192 nan nan nan nan nan nan nan nan nan nan 0.17395084192649912 0.17618733521682489 0.067703781665996332 0 0.091081764588846537 nan nan nan nan nan nan nan nan nan nan 0 0 0 0 running
6520 4.8886672271287512 0.00080311876423753319 0.02 210.15768199999999 0.023495520251164251 0.035012378777224316 0.032620781143413526 0.010677007083399128 0 0.018873707877867574 nan nan nan nan nan nan nan nan nan nan 0.17354992914651213 0.17583048654878197 0.067446785303164392 0 0.090924365390409156 nan nan nan nan nan nan nan nan nan nan 0 0 0 0 running
6530 4.8966987882059092 0.00080318662579351077 0.02 210.51455799999999 0.02347563721472298 0.034981513232376547 0.032597347904389756 0.010661519925192939 0 0.01885646699793965 nan nan nan nan nan nan nan nan nan nan 0.1731428943888306 0.17546755291060945 0.067187581003722796 0 0.090763680712339978 nan nan nan nan nan nan nan nan nan nan 0 0 0 0 running
6540 4.9047310265923061 0.00080325424998072188 0.02 210.79122899999999 0.023455793009466402 0.034950711711967709 0.032573947689216162 0.010646078019957244 0 0.018839263097976535 nan nan nan nan nan nan nan nan nan nan 0.17272979639422886 0.17509858454917079 0.066931380208252067 0 0.09059972852073768 nan nan nan nan nan nan nan nan nan nan 0 0 0 0 running
6550 4.9127639399195253 0.00080332163775661072 0.02 211.087119 0.023435987327653576 0.034919973720621431 0.032550580191870682 0.0106306811136342 0 0.018822095890033617 nan nan nan nan nan nan nan nan nan nan 0.17231069469349672 0.17472363268617827 0.066677844360805261 0 0.090432527484963457 nan nan nan nan nan nan nan nan nan nan 0 0 0 0 running
6560 4.9207975258287009 0.00080338879007463152 0.02 211.40492399999999 0.023416219866664319 0.034889298773586722 0.032527245106083055 0.010615328964290993 0 0.018804965091589618 nan nan nan nan nan nan nan nan nan nan 0.17188564958253089 0.17434274949264889 0.066426692537377541 0 0.090262096963899002 nan nan nan nan nan nan nan nan nan nan 0 0 0 0 running
6570 4.9288317819704792 0.00080345570788427226 0.02 211.67846800000001 0.023396494163510112 0.034858691939150005 0.032503948231766805 0.010600021329501483 0 0.018787873460506095 nan nan nan nan nan nan nan nan nan nan 0.17145472211189144 0.17395598807906607 0.066177691102932035 0 0.090088457000784244 nan nan nan nan nan nan nan nan nan nan 0 0 0 0 running
6580 4.93686670600498 0.00080352239213108139 0.02 211.962053 0.023376806999201818 0.034828148520080954 0.032480684605495753 0.010584757994347759 0 0.018770818410826968 nan nan nan nan nan nan nan nan nan nan 0.17111785767803489 0.17356340238840462 0.06593064529681858 0 0.089911628263561277 nan nan nan nan nan nan nan nan nan nan 0 0 0 0 running
6590 4.9449022956017563 0.00080358884375669162 0.02 212.27372299999999 0.02335715710585597 0.034797666643141989 0.032457452365245679 0.010569538746999464 0 0.018753798899541353 nan nan nan nan nan nan nan nan nan nan 0.17103021061988516 0.17316504722140066 0.065685392375261498 0 0.089731632060417801 nan nan nan nan nan nan nan nan nan nan 0 0 0 0 running
6600 4.9529385484397572 0.00080365506369884038 0.02 212.55165 0.023337544194750405 0.0347672458523339 0.032434251203356738 0.010554363379795201 0 0.018736814659322525 nan nan nan nan nan nan nan nan nan nan 0.17093613485639109 0.17276097833678014 0.065441796012973508 0 0.089548490396216041 nan nan nan nan nan nan nan nan nan nan 0 0 0 0 running
6610 4.9609754622072888 0.00080372105289139187 0.02 212.85745600000001 0.023317967979856968 0.034736885696914847 0.032411080812390247 0.010539231691068648 0 0.01871986542586055 nan nan nan nan nan nan nan nan nan nan 0.17083563877099556 0.17235125240571778 0.065199741724621174 0 0.089362225946900797 nan nan nan nan nan nan nan nan nan nan 0 0 0 0 running
6620 4.9690130346019741 0.00080378681226435887 0.02 213.164626 0.023298428177493856 0.034706585730676455 0.032387940885097159 0.010524143484407042 0 0.018702950937525026 nan nan nan nan nan nan nan nan nan nan 0.17072873197818142 0.17193592696690249 0.064959133113699496 0 0.089172862034195 nan nan nan nan nan nan nan nan nan nan 0 0 0 0 running
6630 4.9770512633307114 0.00080385234274391786 0.02 213.48719399999999 0.023278924506020728 0.034676345511313787 0.0323648311143808 0.010509098568012703 0 0.018686070935069566 nan nan nan nan nan nan nan nan nan nan 0.17061542531460619 0.17182610311519789 0.064719888793817182 0 0.088980422601813478 nan nan nan nan nan nan nan nan nan nan 0 0 0 0 running
6640 4.9850901461096448 0.0008039176452524305 0.02 213.837818 0.023259456685569734 0.034646164599874553 0.032341751193254525 0.010494096754151253 0 0.018669225161371976 nan nan nan nan nan nan nan nan nan nan 0.17049573082924224 0.17173937261401737 0.064481939857244597 0 0.0887849321930156 nan nan nan nan nan nan nan nan nan nan 0 0 0 0 running
6650 4.9931296806641177 0.00080398272070845913 0.02 214.17363700000001 0.023240024437807667 0.034616042560276006 0.032318700814795966 0.01047913785867393 0 0.018652413361205083 nan nan nan nan nan nan nan nan nan nan 0.17036966177264565 0.17164657187643567 0.064245227789689441 0 0.088586415929357787 nan nan nan nan nan nan nan nan nan nan 0 0 0 0 running
6660 5.0008040446244602 0.00080404462446036814 0.02 214.621758 0.02322150923065425 0.034587345506410905 0.032296726439648184 0.010464899418892748 0 0.018636397908446491 nan nan nan nan nan nan nan nan nan nan 0.17024339563021429 0.17155233487033186 0.064020393336323256 0 0.088394132704185654 nan nan nan nan nan nan nan nan nan nan 0 0 0 0 running
6670 5.0088448465432913 0.00080410925877946304 0.02 214.90163799999999 0.023202145711048915 0.034557337281856566 0.032273732916255397 0.010450023887564993 0 0.018619651779001354 nan nan nan nan nan nan nan nan nan nan 0.17010491023268132 0.17144768301730112 0.063785961498234567 0 0.088189777038643294 nan nan nan nan nan nan nan nan nan nan 0 0 0 0 running
6680 5.0168862935705807 0.00080417366873793215 0.02 215.19073700000001 0.023182816948831484 0.034527386653636041 0.032250768028625906 0.010435190747745123 0 0.018602938878236244 nan nan nan nan nan nan nan nan nan nan 0.16996009631738568 0.17133697688846156 0.06355263912017739 0 0.088019667335736781 nan nan nan nan nan nan nan nan nan nan 0 0 0 0 running
6690 5.0249283834676985 0.00080423785523946829 0.02 215.521443 0.023163522669879224 0.034497493193311884 0.032227831469600017 0.0104203998258854 0 0.018586258956637566 nan nan nan nan nan nan nan nan nan nan 0.16980897176692231 0.1712202243815055 0.063320394563265103 0 0.087983074723548896 nan nan nan nan nan nan nan nan nan nan 0 0 0 0 running
6700 5.0329711140050284 0.00080430181918403983 0.02 215.81597199999999 0.023144262600757696 0.034467656473646101 0.032204922931828181 0.010405650950428426 0 0.018569611765778374 nan nan nan nan nan nan nan nan nan nan 0.1696515556020326 0.17109743463721688 0.063089200503714138 0 0.087943478959280882 nan nan nan nan nan nan nan nan nan nan 0 0 0 0 running
6710 5.0410144829619306 0.00080436556146790128 0.02 216.20707899999999 0.023125036435399413 0.034437876027404488 0.032182042052311642 0.010390943951545852 0 0.018552997023471678 nan nan nan nan nan nan nan nan nan nan 0.16948786796723983 0.17096861802706423 0.062859033250355578 0 0.087900875679117169 nan nan nan nan nan nan nan nan nan nan 0 0 0 0 running
6720 5.0490584881267138 0.00080442908298360974 0.02 216.569636 0.023105842573857303 0.03440814979034728 0.032159186308196669 0.010376278658946437 0 0.018536413095067681 nan nan nan nan nan nan nan nan nan nan 0.1693179301160774 0.17083378614028616 0.062629872175288148 0 0.087855261264140339 nan nan nan nan nan nan nan nan nan nan 0 0 0 0 running
6730 5.0571031272965836 0.00080449238462003262 0.02 216.890162 0.023086681988583234 0.034378478900963114 0.03213635737748357 0.010361655046514312 0 0.018519861065072897 nan nan nan nan nan nan nan nan nan nan 0.16914176439597434 0.17069295177052379 0.062401699238055497 0 0.087806632835260884 nan nan nan nan nan nan nan nan nan nan 0 0 0 0 running
6740 5.0651483982776213 0.00080455546726236214 0.02 217.23067399999999 0.023067556632180256 0.034348866836986916 0.032113555094298842 0.010347078366712814 0 0.01850334403257135 nan nan nan nan nan nan nan nan nan nan 0.16895939423282327 0.17054612890203802 0.062174498573849823 0 0.087754988247837298 nan nan nan nan nan nan nan nan nan nan 0 0 0 0 running
6750 5.0731942988847383 0.00080461833179212427 0.02 217.56966 0.023048464099368941 0.034319309422623602 0.032090779258452662 0.010332542859489511 0 0.01848685836197677 nan nan nan nan nan nan nan nan nan nan 0.16877084411527113 0.17039333269556783 0.061948256207368546 0 0.087700326086009431 nan nan nan nan nan nan nan nan nan nan 0 0 0 0 running
6760 5.0812408269416398 0.00080468097908719045 0.02 217.90849299999999 0.023029404096431449 0.034289806185581626 0.032068029552221669 0.010318048326447929 0 0.018470403793903356 nan nan nan nan nan nan nan nan nan nan 0.16857613957875348 0.17023457947381082 0.061722959715304948 0 0.087642645656753337 nan nan nan nan nan nan nan nan nan nan 0 0 0 0 running
6770 5.0892879802807904 0.00080474341002178824 0.02 218.267394 0.023010381344048036 0.034260363917713157 0.03204531355504768 0.010303594595758941 0 0.018453984116806668 nan nan nan nan nan nan nan nan nan nan 0.16837530757698999 0.17006988712114532 0.061498597933443255 0 0.087581947210870467 nan nan nan nan nan nan nan nan nan nan 0 0 0 0 running
6780 5.0973357567433757 0.00080480562546651063 0.02 218.66414800000001 0.022991391802039841 0.034230976722228565 0.032022625021060874 0.010289181498848042 0 0.018437596059710695 nan nan nan nan nan nan nan nan nan nan 0.16816837611427621 0.16989927469396685 0.061275161020438729 0 0.087518231729262833 nan nan nan nan nan nan nan nan nan nan 0 0 0 0 running
6790 5.1053841541792693 0.00080486762628832699 0.02 219.16480000000001 0.0229724338410431 0.034201642198547461 0.031999961504489229 0.010274808869619791 0 0.018421238292580619 nan nan nan nan nan nan nan nan nan nan 0.16795537319651679 0.16972276130066011 0.061052640634664201 0 0.087451500312777403 nan nan nan nan nan nan nan nan nan nan 0 0 0 0 running
6800 5.1134331704469913 0.00080492941335058989 0.02 219.55131 0.02295350611483548 0.034172358361985414 0.031977320973021257 0.010260476542815767 0 0.018404909760759425 nan nan nan nan nan nan nan nan nan nan 0.1677363279982621 0.16954036735065073 0.060831030066226921 0 0.087381754870697603 nan nan nan nan nan nan nan nan nan nan 0 0 0 0 running
6810 5.1214828034136772 0.00080499098751304671 0.02 219.92120299999999 0.022934607712331068 0.034143123861494852 0.031954702104196632 0.010246184346181599 0 0.018388609717629928 nan nan nan nan nan nan nan nan nan nan 0.16751127084728196 0.16935211454024937 0.06061032426299473 0 0.087308998114221797 nan nan nan nan nan nan nan nan nan nan 0 0 0 0 running
6820 5.1295330509550441 0.00080505234963184963 0.02 220.29308800000001 0.022915743141922271 0.034113945231564455 0.031932112369988955 0.010231932035167575 0 0.018372341328440369 nan nan nan nan nan nan nan nan nan nan 0.16728023317438678 0.16915802580136247 0.060390519742856141 0 0.087233233529613097 nan nan nan nan nan nan nan nan nan nan 0 0 0 0 running
6830 5.1375839109553469 0.00080511350055956243 0.02 220.68815900000001 0.022896908954582677 0.034084817382946948 0.031909546238073981 0.010217719542642126 0 0.018356102216198492 nan nan nan nan nan nan nan nan nan nan 0.16704324746961821 0.16895812525678988 0.060171614410661767 0 0.087154465354839949 nan nan nan nan nan nan nan nan nan nan 0 0 0 0 running
6840 5.1456353813073452 0.00080517444114517169 0.02 221.022257 0.022878104871433727 0.034055739875600219 0.031887003386597682 0.010203546709430753 0 0.018339892138140416 nan nan nan nan nan nan nan nan nan nan 0.16680034724189674 0.16875243817922936 0.059953607308383727 0 0.087072698558226608 nan nan nan nan nan nan nan nan nan nan 0 0 0 0 running
6850 5.1536874599122742 0.00080523517223409402 0.02 221.33433400000001 0.022859330549919833 0.034026712206754559 0.031864483413395768 0.010189413382382181 0 0.018323710706937849 nan nan nan nan nan nan nan nan nan nan 0.16655156698002699 0.16854099095156144 0.059736498328354926 0 0.086987938817768382 nan nan nan nan nan nan nan nan nan nan 0 0 0 0 running
6860 5.1617401446797979 0.00080529569466818661 0.02 221.69257200000001 0.022840585720906973 0.033997734021038312 0.031841985966422993 0.0101753194076547 0 0.018307557632616048 nan nan nan nan nan nan nan nan nan nan 0.16629694211612403 0.16832381102966334 0.059520287915907688 0 0.086900192501780674 nan nan nan nan nan nan nan nan nan nan 0 0 0 0 running
6870 5.1697934335279792 0.00080535600928575361 0.02 222.05905999999999 0.022821870164785023 0.033968804863234517 0.031819510840190308 0.010161264612346418 0 0.018291432875089546 nan nan nan nan nan nan nan nan nan nan 0.16603650899141273 0.16810092690765932 0.059304976782299623 0 0.086809466650857661 nan nan nan nan nan nan nan nan nan nan 0 0 0 0 running
6880 5.1778473243832508 0.00080541611692155576 0.02 222.38741200000001 0.022803183600849177 0.033939924290354875 0.031797057708906368 0.010147248840569821 0 0.018275336190045764 nan nan nan nan nan nan nan nan nan nan 0.16577030482415497 0.16787236808539013 0.059090565643077686 0 0.086715768960989273 nan nan nan nan nan nan nan nan nan nan 0 0 0 0 running
6890 5.185901815180368 0.00080547601840681422 0.02 222.714629 0.022784525751403609 0.033911091867254592 0.031774626247158308 0.01013327193729557 0 0.018259267336087345 nan nan nan nan nan nan nan nan nan nan 0.16549836767947904 0.16763816503783169 0.058877054991626765 0 0.086619107767719014 nan nan nan nan nan nan nan nan nan nan 0 0 0 0 running
6900 5.1939569038623805 0.00080553571456922044 0.02 223.03657799999999 0.022765896338425573 0.033882307158366334 0.031752216128600963 0.010119333747980469 0 0.018243226071761751 nan nan nan nan nan nan nan nan nan nan 0.16522073644094457 0.16739834918630006 0.058664444913110403 0 0.086519492031225192 nan nan nan nan nan nan nan nan nan nan 0 0 0 0 running
6910 5.2020125883805965 0.00080559520623294152 0.02 223.32118700000001 0.02274729508348277 0.033853569727550985 0.031729827025862196 0.010105434118517954 0 0.018227212155516228 nan nan nan nan nan nan nan nan nan nan 0.16493745078362415 0.16715295287119064 0.058452734940281914 0 0.08641693132220854 nan nan nan nan nan nan nan nan nan nan 0 0 0 0 running
6920 5.2100688666945452 0.00080565449421861942 0.02 223.67711600000001 0.022728721707666263 0.033824879137973954 0.031707458610468767 0.010091572895194228 0 0.018211225345663697 nan nan nan nan nan nan nan nan nan nan 0.16464855114857244 0.16690200932616714 0.058241923950254515 0 0.086311435808505615 nan nan nan nan nan nan nan nan nan nan 0 0 0 0 running
6930 5.2181257367719409 0.00080571357934336506 0.02 223.97511600000001 0.022710175931532503 0.033796234951997559 0.031685110552782933 0.010077749924648868 0 0.018195265400354356 nan nan nan nan nan nan nan nan nan nan 0.16435407871853289 0.16664555265355685 0.058032010099184905 0 0.086203016242342972 nan nan nan nan nan nan nan nan nan nan 0 0 0 0 running
6940 5.2261831965886545 0.00080577246242074206 0.02 224.29158799999999 0.022691657475052109 0.033767636731086417 0.031662782521946049 0.010063965053839417 0 0.018179332077550917 nan nan nan nan nan nan nan nan nan nan 0.16405407539471054 0.16638361780085931 0.057822990790732165 0 0.08609168394813653 nan nan nan nan nan nan nan nan nan nan 0 0 0 0 running
6950 5.2342412441286692 0.00080583114426074193 0.02 224.60328000000001 0.022673166259513558 0.033739084369195704 0.031640474535789609 0.010050218130506111 0 0.018163425166121898 nan nan nan nan nan nan nan nan nan nan 0.16374858377456072 0.16611624053825924 0.057614862673680878 0 0.08597745081078631 nan nan nan nan nan nan nan nan nan nan 0 0 0 0 running
6960 5.2422998773840499 0.00080588962566974654 0.02 224.90184300000001 0.022654701838011573 0.033710577077940056 0.031618186440035757 0.010036508346640468 0 0.018147544086438858 nan nan nan nan nan nan nan nan nan nan 0.16343764713042117 0.16584345743696968 0.057407621663568054 0 0.085860329264393548 nan nan nan nan nan nan nan nan nan nan 0 0 0 0 running
6970 5.2503590943549057 0.00080594790745047902 0.02 225.19319300000001 0.022636263901136738 0.033682114443453516 0.031595917374586127 0.010022836213172685 0 0.018131688921054 nan nan nan nan nan nan nan nan nan nan 0.16312130938894162 0.1655653058483699 0.057201262983595513 0 0.08574033228134649 nan nan nan nan nan nan nan nan nan nan 0 0 0 0 running
6980 5.2584188930493481 0.0008060059904019416 0.02 225.469562 0.022617852166655267 0.033653696024695617 0.031573667002001732 0.010009201580911916 0 0.018115859427587901 nan nan nan nan nan nan nan nan nan nan 0.16279961511117108 0.16528182388379761 0.05699578122022364 0 0.085617473361722679 nan nan nan nan nan nan nan nan nan nan 0 0 0 0 running
6990 5.2664792714834645 0.00080606387531934336 0.02 225.78227699999999 0.02259946634985821 0.033625321376019576 0.03155143498308563 0.009995604297346557 0 0.018100055361524627 nan nan nan nan nan nan nan nan nan nan 0.16247260947326911 0.16499305039493523 0.056791170389111856 0 0.085491766522964391 nan nan nan nan nan nan nan nan nan nan 0 0 0 0 running
7000 5.2745402276812694 0.00080612156299401353 0.02 226.09270599999999 0.022581106165404097 0.033596990050664584 0.031529220977491668 0.0099820442102037873 0 0.018084276478196052 nan nan nan nan nan nan nan nan nan nan 0.1621403382477582 0.16469902495470123 0.056587424007953691 0 0.085363226289787458 nan nan nan nan nan nan nan nan nan nan 0 0 0 0 running
7010 5.2826017596746668 0.00080617905421330872 0.02 226.40103999999999 0.022562771327224167 0.033568701600634306 0.031507024643566632 0.0099685211674085047 0 0.018068522532715025 nan nan nan nan nan nan nan nan nan nan 0.16180284778524801 0.16439978783862608 0.056384535172961825 0 0.085231867684283938 nan nan nan nan nan nan nan nan nan nan 0 0 0 0 running
7020 5.2906638655034168 0.00080623634976051287 0.02 226.703844 0.022544461548448833 0.033540455576599924 0.031484845638229994 0.0099550350170512381 0 0.018052793279924303 nan nan nan nan nan nan nan nan nan nan 0.16146018499658096 0.16409538000658461 0.056182496636276835 0 0.085097706216195348 nan nan nan nan nan nan nan nan nan nan 0 0 0 0 running
7030 5.2987265432150874 0.00080629345041473245 0.02 227.08413200000001 0.022526176541347736 0.033512251527819031 0.031462683616878345 0.0099415856073619639 0 0.018037088474355416 nan nan nan nan nan nan nan nan nan nan 0.1611123973353544 0.16378584308490107 0.055981300882346541 0 0.08496075787331972 nan nan nan nan nan nan nan nan nan nan 0 0 0 0 running
7040 5.306789790865011 0.00080635035695079548 0.02 227.389083 0.022507916017279556 0.033484089002066258 0.031440538233306767 0.0099281727866877088 0 0.018021407870194323 nan nan nan nan nan nan nan nan nan nan 0.16075953278075997 0.16347121934872136 0.055780940201348495 0 0.08482103911203194 nan nan nan nan nan nan nan nan nan nan 0 0 0 0 running
7050 5.3148536065162508 0.00080640707013914957 0.02 227.67803599999999 0.022489679581694733 0.033455967416350242 0.031418408965034193 0.009914796403300884 0 0.018005751110674217 nan nan nan nan nan nan nan nan nan nan 0.16040163982072367 0.16315155170466666 0.05558140675859069 0 0.084678566847900802 nan nan nan nan nan nan nan nan nan nan 0 0 0 0 running
7060 5.3229179882395448 0.00080646359074577315 0.02 228.03842499999999 0.022471466573886056 0.033427885859231773 0.031396294846956899 0.0099014563050599091 0 0.01799011755966318 nan nan nan nan nan nan nan nan nan nan 0.16003876743529605 0.16282688367369685 0.055382692658837329 0 0.084533358446371346 nan nan nan nan nan nan nan nan nan nan 0 0 0 0 running
7070 5.3309829341132664 0.00080651991953209403 0.02 228.392459 0.02245327715505023 0.033399844430983226 0.031374196281190252 0.0098881523412400144 0 0.01797450744747681 nan nan nan nan nan nan nan nan nan nan 0.15967096508026823 0.16249725937416071 0.055184790004913054 0 0.084385431713502532 nan nan nan nan nan nan nan nan nan nan 0 0 0 0 running
7080 5.3390484422233797 0.00080657605725492501 0.02 228.668646 0.022435111031994921 0.033371842672215025 0.031352112913698243 0.009874884360470005 0 0.017958920526153287 nan nan nan nan nan nan nan nan nan nan 0.15929828267097104 0.16216272350501276 0.054987690950329182 0 0.084234804886760453 nan nan nan nan nan nan nan nan nan nan 0 0 0 0 running
7090 5.3471145106633911 0.00080663200466641867 0.02 228.94823199999999 0.022416967910422244 0.033343880121776422 0.031330044388550617 0.0098616522114119802 0 0.017943356547249132 nan nan nan nan nan nan nan nan nan nan 0.15892077056628454 0.16182332132917934 0.0547913877457058 0 0.084081496625821706 nan nan nan nan nan nan nan nan nan nan 0 0 0 0 running
7100 5.3551811375343004 0.00080668776251403981 0.02 229.242186 0.022398847604935497 0.033315956475929366 0.031307990522207028 0.0098484557424738123 0 0.017927815349047204 nan nan nan nan nan nan nan nan nan nan 0.15853847955280229 0.16147909865705432 0.054595872779018451 0 0.083925526003434447 nan nan nan nan nan nan nan nan nan nan 0 0 0 0 running
7110 5.3632483199242413 0.00080674286931135819 0.02 229.53762399999999 0.022380753947568933 0.033288077242971031 0.031285957494891048 0.0098352947933620996 0 0.017912299956444489 nan nan nan nan nan nan nan nan nan nan 0.15815146089235427 0.16113010188990429 0.054401138634426416 0 0.083766912524935219 nan nan nan nan nan nan nan nan nan nan 0 0 0 0 running
7120 5.3713160457833293 0.0008067968719962837 0.02 229.845089 0.022362682129642365 0.033260235466405358 0.031263937822920522 0.0098221692182734379 0 0.017896806433790408 nan nan nan nan nan nan nan nan nan nan 0.15796856018576461 0.16077637827844948 0.05420717831518862 0 0.083605676236083767 nan nan nan nan nan nan nan nan nan nan 0 0 0 0 running
7130 5.3793843106625863 0.00080685069175453962 0.02 230.12367 0.022344632086996139 0.033232430983900427 0.031241931481947573 0.0098090788876207778 0 0.017881334823499816 nan nan nan nan nan nan nan nan nan nan 0.15788731391925068 0.16041797527324239 0.054013984862315789 0 0.083441837436291133 nan nan nan nan nan nan nan nan nan nan 0 0 0 0 running
7140 5.3874531127366252 0.00080690432929080252 0.02 230.556669 0.022326603536874687 0.033204663347541206 0.031219938131294471 0.0097960236513395076 0 0.017865884896666115 nan nan nan nan nan nan nan nan nan nan 0.15780067251398724 0.16005494076540958 0.053821551494779962 0 0.083275416790595469 nan nan nan nan nan nan nan nan nan nan 0 0 0 0 running
7150 5.3955224501870838 0.00080695778530582608 0.02 230.90223800000001 0.022308596176815271 0.033176932083472742 0.031197957401455152 0.0097830033577853779 0 0.017850456400559381 nan nan nan nan nan nan nan nan nan nan 0.15770864837428258 0.15968732316892154 0.05362987168614608 0 0.083106435363551237 nan nan nan nan nan nan nan nan nan nan 0 0 0 0 running
7160 5.4035923212025851 0.00080701106049670677 0.02 231.20573899999999 0.022290609703163603 0.033149236715936913 0.031175988920929355 0.0097700178552657443 0 0.017835049081920577 nan nan nan nan nan nan nan nan nan nan 0.15761125473313656 0.15931517139226425 0.053438939173769739 0 0.082934914603070009 nan nan nan nan nan nan nan nan nan nan 0 0 0 0 running
7170 5.411662723978707 0.00080706415555715139 0.02 231.59159700000001 0.022272643811032188 0.033121576767216922 0.031154032316155825 0.0097570669920284698 0 0.017819662686928021 nan nan nan nan nan nan nan nan nan nan 0.15750850564464722 0.15913322320134574 0.053248747964190768 0 0.082760876325139177 nan nan nan nan nan nan nan nan nan nan 0 0 0 0 running
7180 5.4197336567179457 0.00080711707117775574 0.02 231.90677700000001 0.022254698171147405 0.033093951651163578 0.031132087107869352 0.009744150927958278 0 0.017804297025044567 nan nan nan nan nan nan nan nan nan nan 0.15740041597586635 0.1590557190323271 0.053059292339376674 0 0.08258434269931493 nan nan nan nan nan nan nan nan nan nan 0 0 0 0 running
7190 5.4278051176296884 0.00080716980804627935 0.02 232.23763500000001 0.022236772496704398 0.033066360980197641 0.03111015301892868 0.0097312692170300648 0 0.017788951780325198 nan nan nan nan nan nan nan nan nan nan 0.15728700139819107 0.15897306747559245 0.052870566852204148 0 0.082405336234926629 nan nan nan nan nan nan nan nan nan nan 0 0 0 0 running
7200 5.4358771049301833 0.00080722236684791491 0.02 232.60162099999999 0.022218866481820611 0.033038804284077496 0.031088229681619502 0.0097184216689128831 0 0.017773626689321372 nan nan nan nan nan nan nan nan nan nan 0.15716827837830838 0.15888527806123057 0.052682566318092983 0 0.082223879767919922 nan nan nan nan nan nan nan nan nan nan 0 0 0 0 running
7210 5.443949616842521 0.00080727474826554975 0.02 232.89532600000001 0.022200979816313353 0.033011281076968151 0.031066316712480602 0.0097056081333426539 0 0.017758321496160901 nan nan nan nan nan nan nan nan nan nan 0.15704426416877498 0.15879236117858347 0.052495285815519876 0 0.082039996448257935 nan nan nan nan nan nan nan nan nan nan 0 0 0 0 running
7220 5.4520226515966055 0.00080732695298001448 0.02 233.17062200000001 0.022183112188593781 0.032983790870802651 0.031044413725868785 0.0096928284597192355 0 0.017743035944206172 nan nan nan nan nan nan nan nan nan nan 0.15691497679825717 0.15869432806761263 0.052308720677560205 0 0.081853709727841839 nan nan nan nan nan nan nan nan nan nan 0 0 0 0 running
7230 5.4600962074291424 0.00080737898167031446 0.02 233.46686099999999 0.022165263285638937 0.032956333175250263 0.031022520333895062 0.009680082497126305 0 0.01772776977603957 nan nan nan nan nan nan nan nan nan nan 0.15678043506146458 0.15859119080988121 0.052122866482412489 0 0.081747218076498443 nan nan nan nan nan nan nan nan nan nan 0 0 0 0 running
7240 5.4681702825836167 0.00080743083501384164 0.02 233.789008 0.02214743201014294 0.032928906366023941 0.031000634893707753 0.0096673700937907146 0 0.017712522135874917 nan nan nan nan nan nan nan nan nan nan 0.1566406585091582 0.1584829623195656 0.051937719043141706 0 0.081712596967065704 nan nan nan nan nan nan nan nan nan nan 0 0 0 0 running
7250 5.4762448753102806 0.00080748251368656843 0.02 234.09407300000001 0.022129618607289715 0.032901510759369777 0.030978757911027256 0.0096546910986415983 0 0.01769729319278425 nan nan nan nan nan nan nan nan nan nan 0.15649566743749585 0.15836965633370548 0.051753274396682536 0 0.081675388251970113 nan nan nan nan nan nan nan nan nan nan 0 0 0 0 running
7260 5.4843199838661363 0.00080753401836321291 0.02 234.39084600000001 0.022111822939672003 0.032874146118232639 0.030956889279108158 0.0096420453600390716 0 0.017682082824432826 nan nan nan nan nan nan nan nan nan nan 0.15634548287631336 0.15825128740133962 0.051569528792269947 0 0.081635592997180068 nan nan nan nan nan nan nan nan nan nan 0 0 0 0 running
7270 5.4923956065149282 0.00080758534971738752 0.02 234.689223 0.022094044687989402 0.032846811942442919 0.030935028600106246 0.0096294327259481317 0 0.017666890770002528 nan nan nan nan nan nan nan nan nan nan 0.15619012657887343 0.15812787087406749 0.051386478679573133 0 0.081593212767085366 nan nan nan nan nan nan nan nan nan nan 0 0 0 0 running
7280 5.5 0.00033589498128794304 0.02 235.03327300000001 0.022077320497105025 0.03282110175496266 0.030914451715405081 0.009617586920508861 0 0.017652602590332103 nan nan nan nan nan nan nan nan nan nan 0.15603913734098887 0.15800706361195296 0.051214753260322432 0 0.081550946904747373 nan nan nan nan nan nan nan nan nan nan 0 0 0 0 running
7290 5.5080766158735281 0.00080768452172789236 0.02 235.33823699999999 0.022059581120260595 0.032793833940841143 0.030892614732014698 0.0096050381265811065 0 0.017637450186281326 nan nan nan nan nan nan nan nan nan nan 0.15587380488491084 0.15787389400970461 0.051033044064007549 0 0.081503554293058139 nan nan nan nan nan nan nan nan nan nan 0 0 0 0 running
7300 5.5161537407716281 0.00080773534713451912 0.02 235.609713 0.022041858338647059 0.032766595286461447 0.0308707847203054 0.0095925219883966403 0 0.01762231542938816 nan nan nan nan nan nan nan nan nan nan 0.1557033693786222 0.15773572717888878 0.050852020960785782 0 0.081453584510553276 nan nan nan nan nan nan nan nan nan nan 0 0 0 0 running
7310 5.5242313729845227 0.00080778600186493887 0.02 235.89770100000001 0.02202415159865484 0.032739384952098514 0.030848960913771702 0.0095800383529473388 0 0.017607197870689192 nan nan nan nan nan nan nan nan nan nan 0.15552785488217491 0.15759258106602544 0.050671681071054464 0 0.08140104078396404 nan nan nan nan nan nan nan nan nan nan 0 0 0 0 running
7320 5.5323095108091325 0.0008078364865885631 0.02 236.206479 0.022006460573117337 0.032712202425555573 0.030827142901836684 0.0095675870669828609 0 0.017592097244949426 nan nan nan nan nan nan nan nan nan nan 0.15534728627454417 0.15744447452934332 0.050492021655428654 0 0.081345926904891147 nan nan nan nan nan nan nan nan nan nan 0 0 0 0 running
7330 5.5403881525490659 0.00080788680197404485 0.02 236.50062299999999 0.021988784933312931 0.032685047192247366 0.030805330271391412 0.0095551679770144882 0 0.017577013286094526 nan nan nan nan nan nan nan nan nan nan 0.15516168922054488 0.15729142730477097 0.050313040103067141 0 0.081288247211849407 nan nan nan nan nan nan nan nan nan nan 0 0 0 0 running
7340 5.5484672965146178 0.00080793694868925854 0.02 236.78499600000001 0.021971124348939733 0.032657918735168455 0.030783522606749773 0.0095427809293158038 0 0.017561945727191167 nan nan nan nan nan nan nan nan nan nan 0.15497109013923363 0.1571334599734559 0.050134733920304653 0 0.081228006573134642 nan nan nan nan nan nan nan nan nan nan 0 0 0 0 running
7350 5.5565469410227539 0.00080798692740125628 0.02 237.13246100000001 0.021953478488092409 0.032630816534864021 0.030761719489607701 0.0095304257699226885 0 0.017546894300428453 nan nan nan nan nan nan nan nan nan nan 0.15477551617429375 0.15697059393139645 0.049957100719749348 0 0.081165210370822125 nan nan nan nan nan nan nan nan nan nan 0 0 0 0 running
7360 5.5646270843971068 0.00080803673877621082 0.02 237.49181200000001 0.021935847017240599 0.032603740069403343 0.030739920499005018 0.009518102344632743 0 0.017531858737100503 nan nan nan nan nan nan nan nan nan nan 0.15457499516628886 0.15680285136096758 0.049787046955798941 0 0.081099864485792442 nan nan nan nan nan nan nan nan nan nan 0 0 0 0 running
7370 5.5727077249679651 0.00080808638347934264 0.02 237.772547 0.0219182295664541 0.032576688771679782 0.030718125153585206 0.0095058104989485508 0 0.017516838730740822 nan nan nan nan nan nan nan nan nan nan 0.15436955562657614 0.15663025520421769 0.049646972337549111 0 0.081031975283692187 nan nan nan nan nan nan nan nan nan nan 0 0 0 0 running
7380 5.5807888610722678 0.00080813586217482868 0.02 238.06210999999999 0.021900625479681409 0.032549661722509775 0.030696332497120431 0.0094935500776428018 0 0.01750183367267702 nan nan nan nan nan nan nan nan nan nan 0.15415922671277354 0.15645282913775127 0.049507260155326582 0 0.080961549601752711 nan nan nan nan nan nan nan nan nan nan 0 0 0 0 running
7390 5.5888704910535818 0.0008081851755257027 0.02 238.38453100000001 0.021883034713697437 0.032522658754744201 0.030674542590909907 0.0094813209262182233 0 0.017486843604819176 nan nan nan nan nan nan nan nan nan nan 0.15394403820562408 0.15627059754908704 0.049367909264250831 0 0.080888594736390207 nan nan nan nan nan nan nan nan nan nan 0 0 0 0 running
7400 5.596952613262105 0.00080823432419374174 0.02 238.75531000000001 0.02186545543188383 0.032495676088453669 0.030652754664235175 0.0094691200993887968 0 0.017471867038480783 nan nan nan nan nan nan nan nan nan nan 0.15372402048716485 0.15608358551434184 0.049228921403744907 0 0.080813118431508346 nan nan nan nan nan nan nan nan nan nan 0 0 0 0 running
7410 5.6050352260546399 0.00080828330883934909 0.02 239.046864 0.021847889988955399 0.032468718139347361 0.030630970693940485 0.0094569500386620878 0 0.017456905726626115 nan nan nan nan nan nan nan nan nan nan 0.15349920452004925 0.1558918187771213 0.049090280282184096 0 0.080735128867437292 nan nan nan nan nan nan nan nan nan nan 0 0 0 0 running
7420 5.6131183277945889 0.00080833213012142648 0.02 239.35323500000001 0.021830338771325331 0.032441785656872883 0.030609191003546136 0.0094448111413878971 0 0.017441959934583383 nan nan nan nan nan nan nan nan nan nan 0.15326962182773093 0.15569532372828443 0.048951957286278436 0 0.080654634650320314 nan nan nan nan nan nan nan nan nan nan 0 0 0 0 running
7430 5.6212019168519332 0.00080838078869724351 0.02 239.661362 0.021812799690308436 0.032414875482361438 0.030587412392303091 0.0094327032129365128 0 0.017427028213394362 nan nan nan nan nan nan nan nan nan nan 0.15303530447611316 0.15549412738722773 0.048813934914658796 0 0.080571644802327896 nan nan nan nan nan nan nan nan nan nan 0 0 0 0 running
7440 5.6292859916032167 0.00080842928522230296 0.02 239.979275 0.021795272372852937 0.032387987020240955 0.03056563440692071 0.0094206260534910932 0 0.017412110264803795 nan nan nan nan nan nan nan nan nan nan 0.15279628505612722 0.15528825738418889 0.048676204033896608 0 0.080486168752383749 nan nan nan nan nan nan nan nan nan nan 0 0 0 0 running
7450 5.6373705504315259 0.0008084776203502069 0.02 240.28721400000001 0.021777756447715398 0.032361119679750222 0.030543856592460429 0.0094085794690219222 0 0.017397205792518574 nan nan nan nan nan nan nan nan nan nan 0.15255259666662049 0.1550777419427446 0.04853876148803038 0 0.080398216326982644 nan nan nan nan nan nan nan nan nan nan 0 0 0 0 running
7460 5.6454555917264759 0.00080852579473251823 0.02 240.573553 0.021760251544951984 0.032334272873876427 0.030522078492156365 0.0093965632704345135 0 0.017382314501785758 nan nan nan nan nan nan nan nan nan nan 0.152304272898003 0.15486260986314321 0.048401608277333086 0 0.080307797741422479 nan nan nan nan nan nan nan nan nan nan 0 0 0 0 running
7470 5.6535411138841871 0.00080857380901862936 0.02 240.85512700000001 0.021742757295485554 0.032307446018452153 0.030500299647262263 0.0093845772728443633 0 0.017367436099032539 nan nan nan nan nan nan nan nan nan nan 0.15205134781664556 0.1546428905063672 0.048264748181421013 0 0.08021492359141702 nan nan nan nan nan nan nan nan nan nan 0 0 0 0 running
7480 5.6616271153072564 0.00080862166385562892 0.02 241.209577 0.021725273330735817 0.032280638531384402 0.030478519596920096 0.009372621294957419 0 0.017352570291558345 nan nan nan nan nan nan nan nan nan nan 0.151793855949902 0.15441861377885099 0.048128186728056854 0 0.080119604845055911 nan nan nan nan nan nan nan nan nan nan 0 0 0 0 running
7490 5.6697135944047412 0.00080866935988817409 0.02 241.49122199999999 0.021707799282302469 0.032253849831995328 0.030456737878047115 0.009360695158539073 0 0.017337716787270072 nan nan nan nan nan nan nan nan nan nan 0.15153183227174435 0.15418981011780422 0.0479919304299401 0 0.080021852835044524 nan nan nan nan nan nan nan nan nan nan 0 0 0 0 running
7500 5.6778005495921295 0.00080871689775836809 0.02 241.84795700000001 0.021690334781693278 0.032227079340457071 0.030434954025238169 0.0093487986879583398 0 0.017322875294454376 nan nan nan nan nan nan nan nan nan nan 0.15126531218890335 0.15395651047706868 0.04785598622839693 0 0.079921679251226938 nan nan nan nan nan nan nan nan nan nan 0 0 0 0 running
7510 5.6858879792913157 0.00080876427810563976 0.02 242.21177 0.021672879460090225 0.032200326477307049 0.030413167570681 0.0093369317097955241 0 0.017308045521581425 nan nan nan nan nan nan nan nan nan nan 0.1509943315274862 0.15371874631342336 0.047720361095979547 0 0.079819096133321582 nan nan nan nan nan nan nan nan nan nan 0 0 0 0 running
7520 5.6939758819305766 0.00080881150156663425 0.02 242.499641 0.021655432948148416 0.032173590663031576 0.030391378044083331 0.0093250940525040002 0 0.017293227177135315 nan nan nan nan nan nan nan nan nan nan 0.150718926520023 0.15347654957333448 0.047585061760391234 0 0.079714115863880719 nan nan nan nan nan nan nan nan nan nan 0 0 0 0 running
7530 5.7020642559445376 0.00080885856877510663 0.02 242.84408099999999 0.021637994875822821 0.032146871317708381 0.030369584972609286 0.0093132855461184119 0 0.017278419969467607 nan nan nan nan nan nan nan nan nan nan 0.15043913379287052 0.15322995268005346 0.0474500945202605 0 0.079606751161399605 nan nan nan nan nan nan nan nan nan nan 0 0 0 0 running
7540 5.7101530997741436 0.00080890548036182482 0.02 243.15937700000001 0.021620564872219163 0.032120167860699371 0.03034778788082473 0.0093015060220025692 0 0.01726362360667073 nan nan nan nan nan nan nan nan nan nan 0.15015499035396979 0.15297898852106248 0.047315465130028267 0 0.079497015073599867 nan nan nan nan nan nan nan nan nan nan 0 0 0 0 running
7550 5.7182424118666342 0.00080895223695447746 0.02 243.453598 0.02160314256546594 0.032093479710387722 0.030325986290650402 0.0092897553126313724 0 0.017248837796468606 nan nan nan nan nan nan nan nan nan nan 0.14986653358090396 0.15272369043578926 0.047181178735997142 0 0.079384920970831441 nan nan nan nan nan nan nan nan nan nan 0 0 0 0 running
7560 5.726332190675504 0.00080899883917759353 0.02 243.73896400000001 0.021585727582604047 0.032066806283951657 0.030304179721321427 0.009278033251402135 0 0.017234062246122121 nan nan nan nan nan nan nan nan nan nan 0.14957380120920252 0.15246409220359666 0.047047239849867362 0 0.079270482539597106 nan nan nan nan nan nan nan nan nan nan 0 0 0 0 running
7570 5.7344224346604786 0.00080904528765246531 0.02 244.025025 0.021568319549492548 0.032040146997171823 0.030282367689353148 0.0092663396724712403 0 0.017219296662347724 nan nan nan nan nan nan nan nan nan nan 0.14927683132091868 0.15220022803199251 0.046913652349193757 0 0.079153713776164175 nan nan nan nan nan nan nan nan nan nan 0 0 0 0 running
7580 5.7425131422874776 0.00080909158299708286 0.02 244.30248399999999 0.021550918090728035 0.032013501264266664 0.030260549708512656 0.0092546744106127531 0 0.017204540751247204 nan nan nan nan nan nan nan nan nan nan 0.14897566233338749 0.1519321325450404 0.046780419496558423 0 0.079034628980273317 nan nan nan nan nan nan nan nan nan nan 0 0 0 0 running
7590 5.7506043120285808 0.0008091377258260757 0.02 244.59294 0.021533522829575862 0.03198686849775241 0.0302387252897948 0.0092430373010958643 0 0.017189794218247446 nan nan nan nan nan nan nan nan nan nan 0.14867033298819493 0.15165984077192579 0.046647543971422789 0 0.078913242748892914 nan nan nan nan nan nan nan nan nan nan 0 0 0 0 running
7600 5.7586959423619968 0.00080918371675066131 0.02 244.92532399999999 0.021516133387911918 0.031960248108324742 0.030216893941402905 0.0092314281795787372 0 0.01717505676804891 nan nan nan nan nan nan nan nan nan nan 0.1483608823403165 0.15138338813571639 0.046515027909915907 0 0.078789569970059606 nan nan nan nan nan nan nan nan nan nan 0 0 0 0 running
7610 5.7667880317720268 0.00080922955637860179 0.02 245.30441300000001 0.021498749386173761 0.031933639504759317 0.030195055168733768 0.0092198468820168158 0 0.017160328104581721 nan nan nan nan nan nan nan nan nan nan 0.14804734974739947 0.15110281044222326 0.046382872949163767 0 0.078663625816746158 nan nan nan nan nan nan nan nan nan nan 0 0 0 0 running
7620 5.7748805787490305 0.00080927524531416951 0.02 245.591048 0.021481370443319683 0.031907042093828594 0.030173208474366241 0.0092082932445831794 0 0.0171456079309685 nan nan nan nan nan nan nan nan nan nan 0.14772977485918409 0.15081814386899661 0.046251080273582712 0 0.078535425740775044 nan nan nan nan nan nan nan nan nan nan 0 0 0 0 running
7630 5.7829735817893928 0.00080932078415811798 0.02 245.89085299999999 0.021463996176795043 0.031880455280233172 0.030151353358053388 0.0091967671035999201 0 0.017130895949493095 nan nan nan nan nan nan nan nan nan nan 0.14740819760705304 0.15052942495441199 0.046119650661317735 0 0.078404985466767912 nan nan nan nan nan nan nan nan nan nan 0 0 0 0 running
7640 5.7910670393954842 0.00080936617350766272 0.02 246.19859700000001 0.021446626321254478 0.031853878663722052 0.030129489519657989 0.0091852683114673275 0 0.017116191872775712 nan nan nan nan nan nan nan nan nan nan 0.14708265819369948 0.15023669058688022 0.045988584529518151 0 0.078272320986118429 nan nan nan nan nan nan nan nan nan nan 0 0 0 0 running
7650 5.7991609500756285 0.00080941141395646395 0.02 246.518148 0.021429260636147699 0.031827311883464091 0.030107616700966493 0.0091737967209760615 0 0.017101495421229823 nan nan nan nan nan nan nan nan nan nan 0.14675319708286977 0.14993997799410844 0.045857881977590331 0 0.078137448550981606 nan nan nan nan nan nan nan nan nan nan 0 0 0 0 running
7660 5.8072553123440667 0.00080945650609462103 0.02 246.813355 0.021411898474852226 0.031800753906017797 0.030085733949797303 0.0091623521321026174 0 0.017086806272828083 nan nan nan nan nan nan nan nan nan nan 0.14641985498923418 0.14963932473244387 0.045727542827800005 0 0.078000384668290942 nan nan nan nan nan nan nan nan nan nan 0 0 0 0 running
7670 5.8153501247209221 0.00080950145050867075 0.02 247.102553 0.021394539448005186 0.031774204126680465 0.030063840753668108 0.0091509343813351261 0 0.01707212412571664 nan nan nan nan nan nan nan nan nan nan 0.14608267286831064 0.14933476867629802 0.045597566663001632 0 0.077861146093770692 nan nan nan nan nan nan nan nan nan nan 0 0 0 0 running
7680 5.8234453857321613 0.0008095462477815897 0.02 247.425254 0.021377184163948692 0.0317476633859681 0.030041938173593408 0.0091395433030521459 0 0.017057449469770666 nan nan nan nan nan nan nan nan nan nan 0.14574169190795669 0.14902634800923228 0.04546795286119798 0 0.077719749826876364 nan nan nan nan nan nan nan nan nan nan 0 0 0 0 running
7690 5.8315410939095642 0.00080959089849280599 0.02 247.73447400000001 0.021359834136579773 0.03172113383497862 0.030020028698963867 0.0091281787293162279 0 0.017042783514831478 nan nan nan nan nan nan nan nan nan nan 0.14545733950272602 0.1487141012195424 0.045338700627022055 0 0.077576213108048325 nan nan nan nan nan nan nan nan nan nan 0 0 0 0 running
7700 5.8396372477906837 0.00080963540321821127 0.02 248.07471100000001 0.021342486019673312 0.03169461058550075 0.029998107152450364 0.0091168405021092927 0 0.017028123615431719 nan nan nan nan nan nan nan nan nan nan 0.14538633871779133 0.14839806702319278 0.045209809020101077 0 0.077430553375805136 nan nan nan nan nan nan nan nan nan nan 0 0 0 0 running
7710 5.8477338459188122 0.00080967976253017984 0.02 248.39333099999999 0.021325139309941073 0.031668092885532628 0.029976172859036861 0.0091055284522874001 0 0.017013469318894796 nan nan nan nan nan nan nan nan nan nan 0.1453108716717301 0.14807828444119378 0.045081276980445839 0 0.077282788310119616 nan nan nan nan nan nan nan nan nan nan 0 0 0 0 running
7720 5.8558308868429494 0.0008097239769975917 0.02 248.685022 0.021307793323857706 0.031641579534420004 0.029954225009750958 0.0090942424792194217 0 0.016998820077361816 nan nan nan nan nan nan nan nan nan nan 0.1452309509909685 0.14775479280604584 0.044953103702953467 0 0.077132935835771077 nan nan nan nan nan nan nan nan nan nan 0 0 0 0 running
7730 5.8639283691177591 0.00080976804718585992 0.02 248.97412299999999 0.021290448045164091 0.031615070606178623 0.029932263501259049 0.0090829823631544005 0 0.016984175972572794 nan nan nan nan nan nan nan nan nan nan 0.14514658985716578 0.14742763174305534 0.044825287179123041 0 0.076981014111633703 nan nan nan nan nan nan nan nan nan nan 0 0 0 0 running
7740 5.8720262913035448 0.00080981197365695965 0.02 249.262078 0.021273103102033741 0.031588565550609189 0.02991028782419336 0.009071747929774384 0 0.016969536710711906 nan nan nan nan nan nan nan nan nan nan 0.14505780200173418 0.14709684115263216 0.044697826262509732 0 0.076827041520504888 nan nan nan nan nan nan nan nan nan nan 0 0 0 0 running
7750 5.8801246519662094 0.0008098557569694607 0.02 249.53872899999999 0.021255758091411062 0.031562063742265431 0.029888297443978171 0.0090605390140803335 0 0.016954901981631285 nan nan nan nan nan nan nan nan nan nan 0.14496460170005826 0.14690090397049979 0.044570719785752888 0 0.076671036659438821 nan nan nan nan nan nan nan nan nan nan 0 0 0 0 running
7760 5.8882234496772243 0.0008098993976785639 0.02 249.81856300000001 0.021238412608825214 0.031535564553820561 0.029866291823411339 0.009049355450967609 0 0.016940271474395596 nan nan nan nan nan nan nan nan nan nan 0.1448670037654273 0.14683106471440263 0.044443966500682941 0 0.076513018330534088 nan nan nan nan nan nan nan nan nan nan 0 0 0 0 running
7770 5.8963226830135946 0.00080994289633613771 0.02 250.101708 0.021221066248386745 0.031509067356055263 0.029844270422677129 0.0090381970752037924 0 0.016925644877273206 nan nan nan nan nan nan nan nan nan nan 0.14476502354270274 0.1467569399859156 0.044317565101340106 0 0.076353005532129758 nan nan nan nan nan nan nan nan nan nan 0 0 0 0 running
7780 5.9044223505578204 0.00080998625349076067 0.02 250.472174 0.021203718602788729 0.031482571517853108 0.029822232699363339 0.0090270637214104818 0 0.016911021877731892 nan nan nan nan nan nan nan nan nan nan 0.14465867690176148 0.14667854101289748 0.044191514242920227 0 0.076191017450381968 nan nan nan nan nan nan nan nan nan nan 0 0 0 0 running
7790 5.9125224508978773 0.00081002946968776067 0.02 250.87946199999999 0.021186369263311609 0.031456076406202328 0.029800178108482081 0.0090159552240488237 0 0.016896402162437631 nan nan nan nan nan nan nan nan nan nan 0.14454798023074089 0.14659587959387407 0.044065812557325224 0 0.076027073451182467 nan nan nan nan nan nan nan nan nan nan 0 0 0 0 running
7800 5.9206229826271741 0.00081007254546925766 0.02 251.16181 0.021169017819831111 0.031429581386202651 0.029778106102493547 0.0090048714174076321 0 0.01688178541725641 nan nan nan nan nan nan nan nan nan nan 0.1444329504290866 0.14650896809162864 0.04394045866580587 0 0.075861193072374072 nan nan nan nan nan nan nan nan nan nan 0 0 0 0 running
7810 5.9287239443445214 0.00081011548137420919 0.02 251.46500399999999 0.021151663860829232 0.031403085821077696 0.029756016131332462 0.0089938121355945758 0 0.016867171327258446 nan nan nan nan nan nan nan nan nan nan 0.14431360490045866 0.14641781942657683 0.043815451189252119 0 0.07569339601627037 nan nan nan nan nan nan nan nan nan nan 0 0 0 0 running
7820 5.9368253346541033 0.00081015827793845421 0.02 251.73971700000001 0.021134306926923984 0.031376589033395914 0.029733907583373551 0.0089827771510054832 0 0.016852559494488929 nan nan nan nan nan nan nan nan nan nan 0.14418996154549221 0.14632244706998337 0.043690788756439058 0 0.07565398783154316 nan nan nan nan nan nan nan nan nan nan 0 0 0 0 running
7830 5.9449271521654463 0.00081020093569475861 0.02 252.00814199999999 0.021116946635612342 0.031350090409340212 0.029711779944315755 0.0089717663380300978 0 0.016837949658406695 nan nan nan nan nan nan nan nan nan nan 0.14406203875442683 0.1462228650370109 0.043566470010623082 0 0.075621200637263186 nan nan nan nan nan nan nan nan nan nan 0 0 0 0 running
7840 5.9530293954933855 0.00081024345517286087 0.02 252.273279 0.021099587256348001 0.031323596071765936 0.029689639995962122 0.0089607795493145698 0 0.016823345322878457 nan nan nan nan nan nan nan nan nan nan 0.14392985563930086 0.14611908813755384 0.043442493614689437 0 0.075586237692658348 nan nan nan nan nan nan nan nan nan nan 0 0 0 0 running
7850 5.9611320632580398 0.00081028583689951984 0.02 252.52888100000001 0.021082225009203318 0.031297100509897771 0.029667481909914219 0.0089498166181786933 0 0.016808743438836558 nan nan nan nan nan nan nan nan nan nan 0.14379343186952803 0.14601113180098466 0.043318858255141146 0 0.075549102731613027 nan nan nan nan nan nan nan nan nan nan 0 0 0 0 running
7860 5.9692351540847781 0.00081032808139855719 0.02 252.836624 0.021064858076830381 0.03127060105446746 0.029645302931281963 0.0089388773777672077 0 0.016794142550756674 nan nan nan nan nan nan nan nan nan nan 0.14365278692918348 0.14589901127729904 0.043195562645124141 0 0.075509799431656477 nan nan nan nan nan nan nan nan nan nan 0 0 0 0 running
7870 5.977338666604191 0.00081037018919090592 0.02 253.12766400000001 0.021047486039713355 0.031244097057990819 0.029623102495526667 0.0089279616610145798 0 0.01677954233909458 nan nan nan nan nan nan nan nan nan nan 0.14350794084495472 0.14578274242058162 0.043072605526590757 0 0.075468331844992256 nan nan nan nan nan nan nan nan nan nan 0 0 0 0 running
7880 5.9854425994520639 0.00081041216079465607 0.02 253.52492100000001 0.021030108450307051 0.031217587857994587 0.029600880014578508 0.0089170692135840043 0 0.01676494242428074 nan nan nan nan nan nan nan nan nan nan 0.14335891418961996 0.14566234169369616 0.042949985671798419 0 0.075424704401468742 nan nan nan nan nan nan nan nan nan nan 0 0 0 0 running
7890 5.9935469512693462 0.00081045399672509736 0.02 254.00265400000001 0.021012724862474928 0.031191072780476677 0.029578634885588085 0.0089061998475295692 0 0.016750342447672605 nan nan nan nan nan nan nan nan nan nan 0.14320572806095996 0.14553782614649363 0.042827701884251113 0 0.075378921896991011 nan nan nan nan nan nan nan nan nan nan 0 0 0 0 running
7900 6.0016209869151824 0.00081049553962156743 0.02 254.31331399999999 0.020995400859438438 0.031164651792160786 0.02955645107908491 0.0088953945869808208 0 0.016735797550982871 nan nan nan nan nan nan nan nan nan nan 0.1430490084170076 0.14540970880663379 0.042706214793912234 0 0.075331175294838279 nan nan nan nan nan nan nan nan nan nan 0 0 0 0 running
7910 6.0097261710387331 0.00081053710624991952 0.02 254.70974000000001 0.020978004134225032 0.031138123103769146 0.029534159142954309 0.0088845710063688542 0 0.016721196685756941 nan nan nan nan nan nan nan nan nan nan 0.14288758420180508 0.14527703244833029 0.042584598414777464 0 0.075281106588277177 nan nan nan nan nan nan nan nan nan nan 0 0 0 0 running
7920 6.0178317700903481 0.0008105785387325622 0.02 255.03179600000001 0.020960600191248239 0.031111586616202849 0.029511842898170618 0.0088737701103369458 0 0.01670659489219372 nan nan nan nan nan nan nan nan nan nan 0.14272206667773404 0.14514029567125974 0.042463314707828825 0 0.075228899277728661 nan nan nan nan nan nan nan nan nan nan 0 0 0 0 running
7930 6.0259377827313463 0.00081061983757403633 0.02 255.31736799999999 0.020943188604121105 0.031085041672843369 0.029489501767560565 0.0088629917306869786 0 0.016691991846971052 nan nan nan nan nan nan nan nan nan nan 0.14255247885358632 0.14499951767848782 0.04234236260263502 0 0.075174559520321135 nan nan nan nan nan nan nan nan nan nan 0 0 0 0 running
7940 6.0340442076280842 0.00081066100327629705 0.02 255.62340599999999 0.020925768945397584 0.031058487615682365 0.029467135171973836 0.0088522356990520367 0 0.016677387226193014 nan nan nan nan nan nan nan nan nan nan 0.14237884417453223 0.14485471816885728 0.04222174105917853 0 0.075118093791056162 nan nan nan nan nan nan nan nan nan nan 0 0 0 0 running
7950 6.0421510434519137 0.00081070203633875466 0.02 255.96186599999999 0.020908340786599637 0.031031923785364245 0.029444742530322691 0.0088415018469024231 0 0.016662780705407526 nan nan nan nan nan nan nan nan nan nan 0.14220118650714131 0.1447059173215953 0.042101449067016072 0 0.075059508874683684 nan nan nan nan nan nan nan nan nan nan 0 0 0 0 running
7960 6.0502582888791725 0.0008107429372583131 0.02 256.28862099999998 0.020890903698245464 0.031005349521230238 0.029422323259623458 0.008830790005552017 0 0.016648171959624886 nan nan nan nan nan nan nan nan nan nan 0.14201953012514598 0.14455313578170328 0.041981485644313921 0 0.074998811857994174 nan nan nan nan nan nan nan nan nan nan 0 0 0 0 running
7970 6.0583659425911529 0.00081078370652940771 0.02 256.61852099999999 0.02087345724987897 0.03097876416136465 0.029399876775039524 0.0088201000061648455 0 0.016633560663337123 nan nan nan nan nan nan nan nan nan nan 0.14183389969590274 0.14439639464607559 0.04186184983679031 0 0.074936010122494498 nan nan nan nan nan nan nan nan nan nan 0 0 0 0 running
7980 6.06647400327408 0.00081082434464404239 0.02 257.23111999999998 0.020856001010100253 0.030952167042642687 0.029377402489925701 0.0088094316797623032 0 0.016618946490537995 nan nan nan nan nan nan nan nan nan nan 0.14164432026750223 0.1442357154502697 0.041742540716613985 0 0.074871111337439344 nan nan nan nan nan nan nan nan nan nan 0 0 0 0 running
7990 6.0745824696190818 0.00081086485209182452 0.02 257.67502400000001 0.020838534546597016 0.030925557500779868 0.029354899815873848 0.0087987848572302178 0 0.016604329114743851 nan nan nan nan nan nan nan nan nan nan 0.14145081725646311 0.14407112015590456 0.041623557381205378 0 0.074804123453167198 nan nan nan nan nan nan nan nan nan nan 0 0 0 0 running
8000 6.0826913403221727 0.00081090522935999975 0.02 258.01819699999999 0.020821057426177028 0.030898934870383032 0.029332368162759987 0.0087881593693264828 0 0.016589708209014977 nan nan nan nan nan nan nan nan nan nan 0.14125341643596875 0.143902631138589 0.041504898952060776 0 0.074735054694740649 nan nan nan nan nan nan nan nan nan nan 0 0 0 0 running
8010 6.0908006140842259 0.00081094547693348422 0.02 258.414132 0.020803569214801341 0.030872298485002624 0.029309806938792423 0.0087775550466887495 0 0.016575083445977572 nan nan nan nan nan nan nan nan nan nan 0.14105214392459392 0.1437302711763811 0.041386564573540618 0 0.074663913555848047 nan nan nan nan nan nan nan nan nan nan 0 0 0 0 running
8020 6.0989102896109495 0.00081098559529489841 0.02 258.69548099999997 0.0207860694776183 0.0308456476771862 0.029287215550560939 0.008766971719842526 0 0.016560454497846249 nan nan nan nan nan nan nan nan nan nan 0.14084702617550329 0.14355406343872293 0.041268553411646924 0 0.074590708792941843 nan nan nan nan nan nan nan nan nan nan 0 0 0 0 running
8030 6.1070203656128683 0.00081102558492459557 0.02 258.96308099999999 0.020768557765651587 0.030818981765013007 0.029264593383409303 0.0087564092116539614 0 0.016545821016667867 nan nan nan nan nan nan nan nan nan nan 0.14063808996605565 0.14337403147577357 0.041150864652820585 0 0.074515449419604848 nan nan nan nan nan nan nan nan nan nan 0 0 0 0 running
8040 6.1151308408052945 0.00081106544630069359 0.02 259.303179 0.020751033654949704 0.030792300091788034 0.02924193985918741 0.008745867359371419 0 0.016531182692278705 nan nan nan nan nan nan nan nan nan nan 0.14042536238779302 0.1431901992081637 0.041033497502783511 0 0.074438144701107184 nan nan nan nan nan nan nan nan nan nan 0 0 0 0 running
8050 6.123241713908314 0.00081110517989910137 0.02 259.66868699999998 0.020733496708978633 0.030765601987936077 0.029219254380739967 0.0087353459935335925 0 0.016516539196602533 nan nan nan nan nan nan nan nan nan nan 0.14020887083678327 0.14300259091708131 0.040916451185328717 0 0.074358804149148791 nan nan nan nan nan nan nan nan nan nan 0 0 0 0 running
8060 6.1313529836467557 0.00081114478619354752 0.02 259.94794400000001 0.020715948216500892 0.030738889360978815 0.029196539106227833 0.0087248449496085973 0 0.016501891352842978 nan nan nan nan nan nan nan nan nan nan 0.13998864300425351 0.14281123123466855 0.040799724941222415 0 0.074277437516742872 nan nan nan nan nan nan nan nan nan nan 0 0 0 0 running
8070 6.1394646487501774 0.00081118426565560575 0.02 260.24593299999998 0.020698386616712583 0.030712159859863711 0.029173791643728651 0.0087143640522415414 0 0.016487238086168889 nan nan nan nan nan nan nan nan nan nan 0.13976470686740652 0.14261614513456106 0.040683318027093907 0 0.07419405479317373 nan nan nan nan nan nan nan nan nan nan 0 0 0 0 running
8080 6.1475767079528341 0.00081122361875472055 0.02 260.56193100000002 0.020680810835867404 0.030685411864021132 0.02915101037752113 0.0087039031292503143 0 0.016472578643501035 nan nan nan nan nan nan nan nan nan nan 0.13953709068093997 0.14241735792322674 0.040567229714374875 0 0.07410866619936908 nan nan nan nan nan nan nan nan nan nan 0 0 0 0 running
8090 6.1556891599936714 0.00081126284595823064 0.02 260.91914500000001 0.020663220434222928 0.030658644700445881 0.029128194703904122 0.0086934620106657833 0 0.01645791269447083 nan nan nan nan nan nan nan nan nan nan 0.13930582296858243 0.14221489523126449 0.040451459288259106 0 0.074021282183244316 nan nan nan nan nan nan nan nan nan nan 0 0 0 0 running
8100 6.1638020036162953 0.0008113019477313932 0.02 261.25521800000001 0.020645614971582217 0.030631857695674385 0.029105344018092921 0.0086830405264760654 0 0.016443239908548738 nan nan nan nan nan nan nan nan nan nan 0.13907093251467567 0.14200878300472547 0.040336006046752693 0 0.073931913415034065 nan nan nan nan nan nan nan nan nan nan 0 0 0 0 running
8110 6.1719152375689497 0.00081134092453740304 0.02 261.63344000000001 0.020627994007325356 0.030605050175837284 0.029082457714262409 0.0086726385066360698 0 0.016428559955062646 nan nan nan nan nan nan nan nan nan nan 0.1388324483559806 0.14179904749666358 0.040220869299678941 0 0.073840570782733261 nan nan nan nan nan nan nan nan nan nan 0 0 0 0 running
8120 6.1800288606045006 0.00081137977683741621 0.02 261.95091100000002 0.020610357099917667 0.030578221466165196 0.029059535184801852 0.0086622557808405908 0 0.016413872502470089 nan nan nan nan nan nan nan nan nan nan 0.13859039977370158 0.14158571525890956 0.040106048367812841 0 0.073747265387654803 nan nan nan nan nan nan nan nan nan nan 0 0 0 0 running
8130 6.1881428714804168 0.00081141850509056958 0.02 262.28915699999999 0.020592703803053565 0.030551370886978263 0.029036575814506874 0.0086518921767614384 0 0.016399177212832038 nan nan nan nan nan nan nan nan nan nan 0.13834481628572892 0.14136881313404165 0.039991542582001549 0 0.073652008540072866 nan nan nan nan nan nan nan nan nan nan 0 0 0 0 running
8140 6.1962572689587452 0.00081145710975399801 0.02 262.56487800000002 0.020575033680324414 0.030524497769048756 0.029013579002670556 0.0086415475266691192 0 0.016384473762677591 nan nan nan nan nan nan nan nan nan nan 0.13809572763902347 0.14114836824752566 0.039877351282350482 0 0.073554811754946214 nan nan nan nan nan nan nan nan nan nan 0 0 0 0 running
8150 6.2043720518060921 0.00081149559128285457 0.02 262.844492 0.020557346289760154 0.030497601437448035 0.028990544139781985 0.0086312216604790687 0 0.016369761820966569 nan nan nan nan nan nan nan nan nan nan 0.13784316380218792 0.14092440800000294 0.039763473817451711 0 0.073455686747711066 nan nan nan nan nan nan nan nan nan nan 0 0 0 0 running
8160 6.2124872187936075 0.00081153395013032861 0.02 263.14585599999998 0.020539641189147143 0.030470681217134605 0.028967470615541072 0.0086209144081228796 0 0.016355041056625132 nan nan nan nan nan nan nan nan nan nan 0.13758715495815751 0.14069696005972543 0.039649909543644113 0 0.073354645430137477 nan nan nan nan nan nan nan nan nan nan 0 0 0 0 running
8170 6.2206027686969598 0.00081157218674765975 0.02 263.43452200000002 0.020521917936067311 0.030443736433017322 0.028944357818914135 0.0086106255995585957 0 0.01634031113856986 nan nan nan nan nan nan nan nan nan nan 0.13732773149703895 0.14046605235510068 0.039536657824306598 0 0.073251699906232509 nan nan nan nan nan nan nan nan nan nan 0 0 0 0 running
8180 6.2287187002963211 0.0008116103015841544 0.02 263.69305100000003 0.02050417608793843 0.030416766410020245 0.028921205138191193 0.0086003550647811271 0 0.016325571735732618 nan nan nan nan nan nan nan nan nan nan 0.13706492400904996 0.14023171306735996 0.039423718029188093 0 0.073146862468197488 nan nan nan nan nan nan nan nan nan nan 0 0 0 0 running
8190 6.2368350123763463 0.00081164829508720369 0.02 263.97240599999998 0.020486415202054995 0.030389770473148125 0.028898011961044447 0.0085901026338327732 0 0.016310822517085877 nan nan nan nan nan nan nan nan nan nan 0.13679876327756754 0.13999397062330782 0.039311089533819898 0 0.073040145592413258 nan nan nan nan nan nan nan nan nan nan 0 0 0 0 running
8200 6.2449517037261506 0.00081168616770229394 0.02 264.25016099999999 0.020468634794434046 0.03036274788022773 0.028874777637748098 0.0085798680869120115 0 0.016296063109938485 nan nan nan nan nan nan nan nan nan nan 0.13652928027226871 0.13975285368816809 0.039198771718905623 0 0.072931561935468195 nan nan nan nan nan nan nan nan nan nan 0 0 0 0 running
8210 6.2530687731392973 0.000811723919873023 0.02 264.50717200000003 0.020450834355101619 0.03033569784715787 0.02885150149417717 0.0085696511733609013 0 0.016281293115823811 nan nan nan nan nan nan nan nan nan nan 0.13625650614235787 0.13950839115849423 0.039086763969766292 0 0.07282112433020678 nan nan nan nan nan nan nan nan nan nan 0 0 0 0 running
8220 6.261186219413772 0.00081176155204111186 0.02 264.772764 0.020433013552414094 0.030308619881478309 0.028828183015507072 0.0085594518584020569 0 0.016266512316839014 nan nan nan nan nan nan nan nan nan nan 0.13598047220987597 0.139260612155166 0.038975065675849963 0 0.072708845781805698 nan nan nan nan nan nan nan nan nan nan 0 0 0 0 running
8230 6.2693040413519698 0.00081179906464641895 0.02 265.06280500000003 0.020415171943413395 0.030281513308917565 0.028804821587382876 0.0085492699721288774 0 0.016251720382169165 nan nan nan nan nan nan nan nan nan nan 0.13570120996306534 0.13900954601643711 0.038863676230219024 0 0.072594739463869379 nan nan nan nan nan nan nan nan nan nan 0 0 0 0 running
8240 6.2774222377606748 0.00081183645812695057 0.02 265.34747499999997 0.020397309085274019 0.030254377455674129 0.028781416595210524 0.0085391053447594883 0 0.016236916981208202 nan nan nan nan nan nan nan nan nan nan 0.13541875104981693 0.1387552222910223 0.038752595029110104 0 0.072478818714545562 nan nan nan nan nan nan nan nan nan nan 0 0 0 0 running
8250 6.2855408074510368 0.00081187373291887312 0.02 265.67726900000002 0.020379424535335314 0.03022721164847544 0.028757967424196867 0.0085289578066440695 0 0.016222101783576717 nan nan nan nan nan nan nan nan nan nan 0.13513312727116356 0.13849767073126687 0.038641821471503968 0 0.072361097032650035 nan nan nan nan nan nan nan nan nan nan 0 0 0 0 running
8260 6.2936597492385653 0.0008119108894565233 0.02 265.96305999999998 0.02036151785113826 0.030200015214641399 0.028734473459398877 0.0085188271882733306 0 0.016207274459142555 nan nan nan nan nan nan nan nan nan nan 0.13484437057483739 0.13823692128634157 0.038531354958736053 0 0.072241588073805652 nan nan nan nan nan nan nan nan nan nan 0 0 0 0 running
8270 6.3017790619430922 0.00081194792817242047 0.02 266.24543199999999 0.020343588590465443 0.030172787482151617 0.028710934085778458 0.0085087133202879223 0 0.016192434678044348 nan nan nan nan nan nan nan nan nan nan 0.13455251304887481 0.13797300409548463 0.038421194894114663 0 0.07212030564659172 nan nan nan nan nan nan nan nan nan nan 0 0 0 0 running
8280 6.3098987443887751 0.00081198484949727425 0.02 266.59131500000001 0.020325636324812924 0.030145527792694811 0.028687348716690906 0.0084986159864425415 0 0.016177582145196906 nan nan nan nan nan nan nan nan nan nan 0.13425758691526107 0.13770594948126982 0.038311340682595785 0 0.071997263708706363 nan nan nan nan nan nan nan nan nan nan 0 0 0 0 running
8290 6.3180187954040594 0.00081202165385999632 0.02 266.88176399999998 0.020307660615129369 0.030118235476950944 0.028663716743055324 0.0084885350035897658 0 0.016162716542030855 nan nan nan nan nan nan nan nan nan nan 0.1339596245236388 0.13743578794293629 0.038201791730462453 0 0.071872476363125479 nan nan nan nan nan nan nan nan nan nan 0 0 0 0 running
8300 6.3261392138216781 0.00081205834168770921 0.02 267.154405 0.020289661655595717 0.030090910795259357 0.028640038536751618 0.0084784702697550153 0 0.016147838013268603 nan nan nan nan nan nan nan nan nan nan 0.13365865834570337 0.13716255015044976 0.038092547445017888 0 0.071745957854680811 nan nan nan nan nan nan nan nan nan nan 0 0 0 0 running
8310 6.3342599984786201 0.0008120949134057554 0.02 267.46774499999998 0.020271640799352238 0.030063555676183327 0.028616316249162926 0.0084684217356521419 0 0.016132947691908761 nan nan nan nan nan nan nan nan nan nan 0.13350980473391152 0.13688626694608846 0.037983607234338024 0 0.0716177225707018 nan nan nan nan nan nan nan nan nan nan 0 0 0 0 running
8320 6.3423811482161208 0.00081213136943770537 0.02 267.74695200000002 0.020253595082609623 0.030036165793986078 0.02859254537235122 0.0084583890771225689 0 0.01611804320002198 nan nan nan nan nan nan nan nan nan nan 0.1334446727435013 0.13660696928518407 0.037874970506998951 0 0.071487785007980573 nan nan nan nan nan nan nan nan nan nan 0 0 0 0 running
8330 6.3505026618796405 0.00081216771020536688 0.02 268.03429799999998 0.020235524006161035 0.030008740393403725 0.028568725221627556 0.0084483720832309664 0 0.016103124149534534 nan nan nan nan nan nan nan nan nan nan 0.13337589570000835 0.13632468828639466 0.037766636671841991 0 0.071356159800888899 nan nan nan nan nan nan nan nan nan nan 0 0 0 0 running
8340 6.3586245383188453 0.0008122039361287926 0.02 268.31450899999999 0.020217427230022456 0.029981278957543538 0.028544855300126636 0.0084383706583164939 0 0.016088190314759464 nan nan nan nan nan nan nan nan nan nan 0.1333034854291556 0.13603945524280306 0.037658605137769863 0 0.071222861727360864 nan nan nan nan nan nan nan nan nan nan 0 0 0 0 running
8350 6.3667467763875969 0.00081224004762628875 0.02 268.59908799999999 0.020199304315110446 0.029953780821733146 0.028520934993729711 0.0084283846345579068 0 0.01607324136853425 nan nan nan nan nan nan nan nan nan nan 0.13322745412259893 0.13575130161023288 0.037550875313546395 0 0.07108790570214911 nan nan nan nan nan nan nan nan nan nan 0 0 0 0 running
8360 6.3748693749439322 0.00081227604511442154 0.02 268.88315499999999 0.020181154823057053 0.029926245322701394 0.028496963688922471 0.0084184138443905571 0 0.016058276984262512 nan nan nan nan nan nan nan nan nan nan 0.1331478143340131 0.13546025899613973 0.037443446607620223 0 0.070951306770416459 nan nan nan nan nan nan nan nan nan nan 0 0 0 0 running
8370 6.3829923328500353 0.00081231192900802624 0.02 269.20739200000003 0.020162978316249837 0.029898671798646918 0.028472940772848968 0.0084084581205174161 0 0.01604329683593559 nan nan nan nan nan nan nan nan nan nan 0.13306457897501939 0.13521636443766707 0.037336318427937609 0 0.070813080101598133 nan nan nan nan nan nan nan nan nan nan 0 0 0 0 running
8380 6.3911156489722378 0.00081234769972021368 0.02 269.56608 0.0201447743578742 0.029871059589308965 0.028448865633370391 0.008398517295920456 0 0.016028300598155881 nan nan nan nan nan nan nan nan nan nan 0.13297776131094077 0.13515433808679289 0.037229490181835967 0 0.070673240983545202 nan nan nan nan nan nan nan nan nan nan 0 0 0 0 running
8390 6.39923932218099 0.00081238335766237678 0.02 269.90387700000002 0.020126542511957269 0.029843408036040069 0.028424737659126689 0.0083885912038722324 0 0.016013287946161379 nan nan nan nan nan nan nan nan nan nan 0.13288737495642242 0.13508879065652349 0.037122961275852795 0 0.070531804816915289 nan nan nan nan nan nan nan nan nan nan 0 0 0 0 running
8400 6.4073633513508419 0.00081241890324419935 0.02 270.19771500000002 0.020108282343413577 0.029815716481880444 0.028400556239601877 0.0083786796779476303 0 0.015998258555851387 nan nan nan nan nan nan nan nan nan nan 0.13279343387091919 0.13501973300712936 0.037016731115642409 0 0.070388787109781331 nan nan nan nan nan nan nan nan nan nan 0 0 0 0 running
8410 6.4154877353604389 0.00081245433687366102 0.02 270.53307699999999 0.020089993599960158 0.02978798457341587 0.028376321070985231 0.008368782613987092 0 0.015983212109032578 nan nan nan nan nan nan nan nan nan nan 0.13269595235407949 0.1349471763754049 0.036910799105842829 0 0.070244203472452429 nan nan nan nan nan nan nan nan nan nan 0 0 0 0 running
8420 6.4236124730924926 0.00081248965895704573 0.02 270.83619599999997 0.020071675723816993 0.029760211448577736 0.028352031335071332 0.0083588997995479621 0 0.015968148285337127 nan nan nan nan nan nan nan nan nan nan 0.13259494504102315 0.13487113237019799 0.036805164650001498 0 0.070098069612487365 nan nan nan nan nan nan nan nan nan nan 0 0 0 0 running
8430 6.431737563433769 0.00081252486989894792 0.02 271.13063899999997 0.020053333028099255 0.029732403303414284 0.028327693837412619 0.0083490310504714445 0 0.015953070671644386 nan nan nan nan nan nan nan nan nan nan 0.13249042710869793 0.13479161319569596 0.03669982715044795 0 0.06995040498133541 nan nan nan nan nan nan nan nan nan nan 0 0 0 0 running
8440 6.4398630052750701 0.00081255997010227631 0.02 271.45372700000001 0.020034961309665141 0.029704554032156581 0.028303302076504371 0.0083391762016966717 0 0.015937975875022048 nan nan nan nan nan nan nan nan nan nan 0.13238241409186249 0.13470863145408132 0.036594786008259272 0 0.069820065115151597 nan nan nan nan nan nan nan nan nan nan 0 0 0 0 running
8450 6.4479887975112185 0.0008125949599682668 0.02 271.75127600000002 0.020016559028713455 0.029676661382871051 0.028278853711984197 0.008329335088552714 0 0.015922862670859877 nan nan nan nan nan nan nan nan nan nan 0.1322709213516205 0.13462219957214749 0.036490040623162079 0 0.069791533705168662 nan nan nan nan nan nan nan nan nan nan 0 0 0 0 running
8460 6.4561149390410408 0.00081262983989648172 0.02 272.04341699999998 0.019998125733456128 0.029648724680293465 0.02825434810404194 0.0083195075495216143 0 0.015907730712984559 nan nan nan nan nan nan nan nan nan nan 0.13215596462658302 0.13453233039601725 0.036385590393475775 0 0.069761199386189104 nan nan nan nan nan nan nan nan nan nan 0 0 0 0 running
8470 6.4642414287673473 0.00081266461028482154 0.02 272.37426399999998 0.019979660926366424 0.029620743189915234 0.028229784541429329 0.0083096934288390822 0 0.015892579601913058 nan nan nan nan nan nan nan nan nan nan 0.13203756003201719 0.13443903719083872 0.036281434716068262 0 0.06972906617710023 nan nan nan nan nan nan nan nan nan nan 0 0 0 0 running
8480 6.4723682655969217 0.00081269927152952831 0.02 272.70213000000001 0.019961164276245509 0.029592716395494937 0.028205162570525553 0.0082998925511237921 0 0.015877409129392898 nan nan nan nan nan nan nan nan nan nan 0.13191572404622134 0.13434233362667411 0.036177572986315409 0 0.069695138348059057 nan nan nan nan nan nan nan nan nan nan 0 0 0 0 running
8490 6.4804954484404993 0.00081273382402519232 0.02 273.004638 0.019942635357992258 0.029564643658629319 0.028180481591239707 0.0082901047532728308 0 0.015862218978221414 nan nan nan nan nan nan nan nan nan nan 0.13179047349761197 0.13424223376514469 0.03607400459804877 0 0.069659420413400924 nan nan nan nan nan nan nan nan nan nan 0 0 0 0 running
8500 6.4886229762127501 0.0008127682681647601 0.02 273.31173799999999 0.019924073747937802 0.029536524343460012 0.028155741005129818 0.0082803298726108494 0 0.015847008832183925 nan nan nan nan nan nan nan nan nan nan 0.13166182555247341 0.13413875204677875 0.035970728943528374 0 0.069621917124922245 nan nan nan nan nan nan nan nan nan nan 0 0 0 0 running
8510 6.4967508478322697 0.00081280260433953832 0.02 273.71743099999998 0.019905479023891625 0.029508357816749424 0.028130940215468542 0.0082705677469025237 0 0.015831778376078316 nan nan nan nan nan nan nan nan nan nan 0.13152979770335096 0.13403190327901648 0.035867745413434071 0 0.069582633465514951 nan nan nan nan nan nan nan nan nan nan 0 0 0 0 running
8520 6.5048769696529032 0.00081283682414121344 0.02 274.14211299999999 0.01988685556519252 0.029480150717665472 0.028106085035544112 0.0082608207226748786 0 0.015816531224654155 nan nan nan nan nan nan nan nan nan nan 0.13139444304386066 0.13392173142485317 0.035765079796362897 0 0.069541585441279294 nan nan nan nan nan nan nan nan nan nan 0 0 0 0 running
8530 6.5130055256505077 0.00081287094558135469 0.02 274.523484 0.01986819336153595 0.029451887891587206 0.0280811620716763 0.0082510836188123635 0 0.015801259212414032 nan nan nan nan nan nan nan nan nan nan 0.13125570997330602 0.13380819524874904 0.035662678605881126 0 0.069498757338072703 nan nan nan nan nan nan nan nan nan nan 0 0 0 0 running
8540 6.5211344222747902 0.00081290496022075765 0.02 274.81469499999997 0.019849496786767493 0.029423575970913544 0.028056177125195318 0.0082413587860069391 0 0.015785965950910873 nan nan nan nan nan nan nan nan nan nan 0.13111365132144676 0.13369133853175499 0.035560567702299206 0 0.069454165138808477 nan nan nan nan nan nan nan nan nan nan 0 0 0 0 running
8550 6.529263658459862 0.00081293886844423723 0.02 275.11159600000002 0.019830765425086057 0.029395214333665522 0.028031129606917185 0.0082316460639111529 0 0.015770651129250003 nan nan nan nan nan nan nan nan nan nan 0.13096828578059683 0.13357117744037386 0.035458746469789637 0 0.069407814693219258 nan nan nan nan nan nan nan nan nan nan 0 0 0 0 running
8560 6.5373932331436748 0.00081297267063499873 0.02 275.43203799999998 0.019811998862409412 0.029366802360875494 0.028006018929719947 0.0082219452926815245 0 0.015755314437679645 nan nan nan nan nan nan nan nan nan nan 0.13081963231915408 0.13344772845629843 0.035357214290889893 0 0.069359712054732264 nan nan nan nan nan nan nan nan nan nan 0 0 0 0 running
8570 6.5455231452679969 0.00081300636717464736 0.02 275.74906700000003 0.019793196686423483 0.02933833943666668 0.027980844508615283 0.0082122563129915348 0 0.015739955567617755 nan nan nan nan nan nan nan nan nan nan 0.13066771017290035 0.133321008367452 0.035255970546509197 0 0.069309863475728845 nan nan nan nan nan nan nan nan nan nan 0 0 0 0 running
8580 6.5536533937784132 0.00081303995844319243 0.02 276.07584600000001 0.019774358486631841 0.029309824948332876 0.027955605760820738 0.0082025789660445537 0 0.015724574211678909 nan nan nan nan nan nan nan nan nan nan 0.13051253883666644 0.13319103425942205 0.035155014615914637 0 0.069258275403000502 nan nan nan nan nan nan nan nan nan nan 0 0 0 0 running
8590 6.5617839776242946 0.00081307344481905419 0.02 276.39102100000002 0.019755483854405613 0.029281258286418477 0.027930302105832784 0.0081929130935867369 0 0.015709170063701702 nan nan nan nan nan nan nan nan nan nan 0.13035413805633994 0.13305782350723983 0.035054345876775361 0 0.069204954473395905 nan nan nan nan nan nan nan nan nan nan 0 0 0 0 running
8600 6.5699148957587852 0.0008131068266790687 0.02 276.73686300000003 0.019736572291509151 0.029252638674309446 0.027904932860064968 0.0081832585230255054 0 0.015693742756293882 nan nan nan nan nan nan nan nan nan nan 0.13019252782120702 0.13292139376749951 0.034953963705160684 0 0.06914990750964152 nan nan nan nan nan nan nan nan nan nan 0 0 0 0 running
8610 6.5780461471387941 0.00081314010439849599 0.02 277.05538999999999 0.019717623468515699 0.029223965650450302 0.027879497533444649 0.0081736151087659966 0 0.015678292037990361 nan nan nan nan nan nan nan nan nan nan 0.13002772835656565 0.13278176297077543 0.034853867475540312 0 0.069093141516321621 nan nan nan nan nan nan nan nan nan nan 0 0 0 0 running
8620 6.5861777307249723 0.00081317327835102478 0.02 277.53142200000002 0.019698637007334551 0.029195238661550559 0.027853995581075239 0.0081639826982429255 0 0.015662817623307318 nan nan nan nan nan nan nan nan nan nan 0.12985976011663872 0.13263894931432632 0.034754056560825308 0 0.069034663675996089 nan nan nan nan nan nan nan nan nan nan 0 0 0 0 running
8630 6.5943096454816992 0.00081320634890878003 0.02 277.84538700000002 0.019679612506752819 0.029166457110857594 0.02782842643175364 0.0081543611354705555 0 0.01564731921081107 nan nan nan nan nan nan nan nan nan nan 0.12968864377771228 0.13249297125504278 0.034654530332373645 0 0.068974481345460914 nan nan nan nan nan nan nan nan nan nan 0 0 0 0 running
8640 6.6024418903770634 0.00081323931644232807 0.02 278.13118400000002 0.019660549567723534 0.029137620405358538 0.027802789516977847 0.0081447502650736896 0 0.015631796500467018 nan nan nan nan nan nan nan nan nan nan 0.12951440023153313 0.13234384750266023 0.034555288160039277 0 0.068912602052127764 nan nan nan nan nan nan nan nan nan nan 0 0 0 0 running
8650 6.6105744643828563 0.00081327218132068284 0.02 278.43773299999998 0.019641447793409404 0.029108727955850549 0.027777084271011665 0.0081351499323002001 0 0.015616249193661476 nan nan nan nan nan nan nan nan nan nan 0.12933705057889891 0.13219159701316927 0.034456329412159037 0 0.068849033490516978 nan nan nan nan nan nan nan nan nan nan 0 0 0 0 running
8660 6.6187073664745473 0.0008133049439113132 0.02 278.725616 0.019622306789228116 0.029079779177013043 0.027751310130952108 0.0081255599830335461 0 0.015600676993224901 nan nan nan nan nan nan nan nan nan nan 0.12915661612346802 0.13203623898244327 0.034357653455606041 0 0.068783783518848562 nan nan nan nan nan nan nan nan nan nan 0 0 0 0 running
8670 6.6268405956312728 0.00081333760458014769 0.02 279.03642600000001 0.01960312616289896 0.029050773487481828 0.027725466536798707 0.0081159802638054168 0 0.015585079603456242 nan nan nan nan nan nan nan nan nan nan 0.12897311836573555 0.13187779284004325 0.034259259655812002 0 0.068716860155736553 nan nan nan nan nan nan nan nan nan nan 0 0 0 0 running
8680 6.6349741508358226 0.00081337016369158275 0.02 279.36408399999999 0.0195839055244902 0.029021710309924207 0.027699552931524218 0.0081064106218084325 0 0.015569456730147896 nan nan nan nan nan nan nan nan nan nan 0.12878657899719592 0.13171627824319959 0.034161147376794765 0 0.068648271576956618 nan nan nan nan nan nan nan nan nan nan 0 0 0 0 running
8690 6.6431080310746182 0.00081340262160848633 0.02 279.71000700000002 0.01956464448646714 0.028992589071114939 0.027673568761146555 0.0080968509049088172 0 0.015553808080611077 nan nan nan nan nan nan nan nan nan nan 0.12859701989465672 0.1315517150709537 0.034063315981184172 0 0.068578026112302098 nan nan nan nan nan nan nan nan nan nan 0 0 0 0 running
8700 6.6512422353377012 0.00081343497869220739 0.02 280.030913 0.019545342663740601 0.028963409202012746 0.027647513474801287 0.0080873009616590358 0 0.015538133363701911 nan nan nan nan nan nan nan nan nan nan 0.12840446311468637 0.13138412341843858 0.033965764830267253 0 0.068506132242509649 nan nan nan nan nan nan nan nan nan nan 0 0 0 0 running
8710 6.6593767626187228 0.00081346723530257973 0.02 280.34899000000001 0.01952599967371571 0.028934170137837372 0.027621386524814655 0.0080777606413105201 0 0.015522432289847232 nan nan nan nan nan nan nan nan nan nan 0.12820893088820631 0.13121352359129246 0.033868493284010093 0 0.068432598596241664 nan nan nan nan nan nan nan nan nan nan 0 0 0 0 running
8720 6.6675116119149198 0.00081349939179792957 0.02 280.64363900000001 0.019506615136340839 0.028904871318146765 0.027595187366776814 0.0080682297938262371 0 0.015506704571071199 nan nan nan nan nan nan nan nan nan nan 0.12801044561520905 0.131039936100208 0.033771500701091584 0 0.06835743394713846 nan nan nan nan nan nan nan nan nan nan 0 0 0 0 running
8730 6.6756467822271066 0.00081353144853508108 0.02 280.92603800000001 0.019487188674156893 0.028875512186914695 0.027568915459615657 0.0080587082698933259 0 0.01549094992102169 nan nan nan nan nan nan nan nan nan nan 0.12780902985958642 0.13086338165557743 0.033674786438946391 0 0.068280647210914536 nan nan nan nan nan nan nan nan nan nan 0 0 0 0 running
8740 6.6837822725596583 0.00081356340586936351 0.02 281.211164 0.019467719857868184 0.028846092128233476 0.027542570176746058 0.0080491959653148822 0 0.015475167967509107 nan nan nan nan nan nan nan nan nan nan 0.12760470634405804 0.13068388116225269 0.033578349853791045 0 0.068202247442508954 nan nan nan nan nan nan nan nan nan nan 0 0 0 0 running
8750 6.6919180819204902 0.00081359526415461752 0.02 281.51226700000001 0.019448208342797528 0.028816610627817159 0.027516151028986618 0.0080396927098878163 0 0.015459358470830778 nan nan nan nan nan nan nan nan nan nan 0.12739749794520427 0.13050145571438743 0.033482190300665682 0 0.068122243833275448 nan nan nan nan nan nan nan nan nan nan 0 0 0 0 running
8760 6.7000542093210527 0.00081362702374320026 0.02 281.851877 0.019428654671891712 0.028787068497435803 0.027489658939216764 0.0080301983475313844 0 0.015443521781863159 nan nan nan nan nan nan nan nan nan nan 0.12718742768857533 0.13031612659037234 0.033386307133467463 0 0.068040645708211944 nan nan nan nan nan nan nan nan nan nan 0 0 0 0 running
8770 6.7081906537763105 0.00081365868498599412 0.02 282.15489300000002 0.019409058584435292 0.028757465355578774 0.027463093550179965 0.008020712732481174 0 0.015427657693570034 nan nan nan nan nan nan nan nan nan nan 0.12697451874379387 0.13012791524773998 0.033290699704988658 0 0.067957462523162759 nan nan nan nan nan nan nan nan nan nan 0 0 0 0 running
8780 6.7163274143047307 0.00081369024823241037 0.02 282.448284 0.01938941870596262 0.028727799158495503 0.027436452730097101 0.0080112357013627858 0 0.015411765259410381 nan nan nan nan nan nan nan nan nan nan 0.12675879441995172 0.12993684331837915 0.033195367366951167 0 0.067872703862187675 nan nan nan nan nan nan nan nan nan nan 0 0 0 0 running
8790 6.7244644899282591 0.00081372171383039735 0.02 282.78640200000001 0.019369734675413912 0.028698069378158754 0.027409735959090353 0.0080017671095434645 0 0.015395844203018712 nan nan nan nan nan nan nan nan nan nan 0.12654027816108412 0.12974293260384009 0.033100309470049605 0 0.067786379434975452 nan nan nan nan nan nan nan nan nan nan 0 0 0 0 running
8800 6.7326018796723233 0.00081375308212644666 0.02 283.08910500000002 0.019350006134701985 0.028668275491540478 0.027382942721200131 0.0079923068132011377 0 0.015379894249873554 nan nan nan nan nan nan nan nan nan nan 0.1263189935415189 0.12954620507047654 0.033005525363982935 0 0.06769849907415261 nan nan nan nan nan nan nan nan nan nan 0 0 0 0 running
8810 6.7407395825658005 0.00081378435346559828 0.02 283.38938000000002 0.019330232728757779 0.028638416980685012 0.027356072504451979 0.0079828546693363478 0 0.015363915127321076 nan nan nan nan nan nan nan nan nan nan 0.12609496426129191 0.12934668284466155 0.032911014397488558 0 0.067609072732624592 nan nan nan nan nan nan nan nan nan nan 0 0 0 0 running
8820 6.7488775976410134 0.00081381552819144952 0.02 283.69897600000002 0.019310414105576313 0.028608493332782363 0.027329124800924968 0.007973410535784306 0 0.01534790656459903 nan nan nan nan nan nan nan nan nan nan 0.12586821414164373 0.12914438820806445 0.032816775918399155 0 0.067518110480950827 nan nan nan nan nan nan nan nan nan nan 0 0 0 0 running
8830 6.7570159239337118 0.00081384660664615845 0.02 284.054913 0.019290549916263087 0.028578504040241991 0.027302099106820472 0.0079639742712267168 0 0.015331868292861532 nan nan nan nan nan nan nan nan nan nan 0.12563876712057911 0.12893934359300024 0.032722809273655895 0 0.067425622504739394 nan nan nan nan nan nan nan nan nan nan 0 0 0 0 running
8840 6.765154560483059 0.00081387758917045197 0.02 284.41124400000001 0.019270639815080721 0.028548448600766798 0.027274994922531791 0.0079545457352035425 0 0.015315800045203911 nan nan nan nan nan nan nan nan nan nan 0.12540664724848341 0.12873157157783932 0.032629113809364285 0 0.067331619102080201 nan nan nan nan nan nan nan nan nan nan 0 0 0 0 running
8850 6.7732935063316182 0.00081390847610363147 0.02 284.76468199999999 0.01925068345949605 0.028518326517427483 0.027247811752714474 0.00794512478812473 0 0.015299701556688193 nan nan nan nan nan nan nan nan nan nan 0.12517187868380408 0.12852109488246061 0.032535688870818813 0 0.067236110680989322 nan nan nan nan nan nan nan nan nan nan 0 0 0 0 running
8860 6.7814327605253384 0.0008139392677835801 0.02 285.08070300000003 0.019230680510227097 0.028488137298736473 0.027220549106356795 0.0079357112912818006 0 0.015283572564368636 nan nan nan nan nan nan nan nan nan nan 0.12493448568877769 0.12830793636375579 0.032442533802551465 0 0.067139107756871444 nan nan nan nan nan nan nan nan nan nan 0 0 0 0 running
8870 6.7895723221135409 0.00081396996454676808 0.02 285.42554200000001 0.01921063063129037 0.028457880458722312 0.027193206496850589 0.0079263051068593007 0 0.015267412807317719 nan nan nan nan nan nan nan nan nan nan 0.1246944926252064 0.12809211901118792 0.032349647948373583 0 0.067040620950012314 nan nan nan nan nan nan nan nan nan nan 0 0 0 0 running
8880 6.797712190148899 0.00081400056672825932 0.02 285.72620499999999 0.019190533490048265 0.028427555517003805 0.02716578344206267 0.0079169060979462497 0 0.015251222026652222 nan nan nan nan nan nan nan nan nan nan 0.12445192395027035 0.12787366594237054 0.032257030651387297 0 0.066940660983065906 nan nan nan nan nan nan nan nan nan nan 0 0 0 0 running
8890 6.8058523636874337 0.00081403107466171854 0.02 286.02654200000001 0.019170388496547165 0.028397161599933746 0.027138279113612631 0.0079075140376061379 0 0.015234999740948661 nan nan nan nan nan nan nan nan nan nan 0.12420680421239391 0.12765260039869178 0.032164681254046368 0 0.06683923867857057 nan nan nan nan nan nan nan nan nan nan 0 0 0 0 running
8900 6.8139928417884921 0.00081406148867941696 0.02 286.35724699999997 0.019150195529839251 0.028366698551480173 0.027110693314929962 0.0078981288611086765 0 0.015218745872178904 nan nan nan nan nan nan nan nan nan nan 0.1239591580471332 0.1274289457409771 0.032072599098197152 0 0.066736364956469146 nan nan nan nan nan nan nan nan nan nan 0 0 0 0 running
8910 6.8221336235147394 0.00081409180911223801 0.02 286.67897599999998 0.019129954328743447 0.028336166002017518 0.027083025660039138 0.0078887504555180486 0 0.015202460220417711 nan nan nan nan nan nan nan nan nan nan 0.12370901017311214 0.12720272544517197 0.031980783525098255 0 0.066632050831639783 nan nan nan nan nan nan nan nan nan nan 0 0 0 0 running
8920 6.8302747079321371 0.0008141220362896846 0.02 287.01881900000001 0.019109664574367174 0.028305563494141418 0.027055275685236167 0.0078793786876035273 0 0.015186142535102712 nan nan nan nan nan nan nan nan nan nan 0.12345638538798151 0.12697396309805745 0.03188923387546494 0 0.066526307411437183 nan nan nan nan nan nan nan nan nan nan 0 0 0 0 running
8930 6.838416094109939 0.00081415217053988512 0.02 287.31814300000002 0.019089325951406499 0.028274890576412082 0.027027442931659356 0.007870013425100731 0 0.015169792567855448 nan nan nan nan nan nan nan nan nan nan 0.12320130856441586 0.12674268239298958 0.031797949489506872 0 0.066419145893242326 nan nan nan nan nan nan nan nan nan nan 0 0 0 0 running
8940 6.846557781120671 0.00081418221218959998 0.02 287.602259 0.019068938179339547 0.02824414688077077 0.026999526958075375 0.0078606545372681223 0 0.015153410101383156 nan nan nan nan nan nan nan nan nan nan 0.12294380464613586 0.12650890712567012 0.0317069297069551 0 0.066310577562014208 nan nan nan nan nan nan nan nan nan nan 0 0 0 0 running
8950 6.8546997680401214 0.00081421216156422665 0.02 287.87388499999997 0.019048500920440449 0.028213331895209994 0.026971527302163251 0.0078513018924132334 0 0.015136994864690959 nan nan nan nan nan nan nan nan nan nan 0.12268389864395804 0.12627266118993977 0.031616173867111019 0 0.066200613787860116 nan nan nan nan nan nan nan nan nan nan 0 0 0 0 running
8960 6.8628420539473192 0.00081424201898780749 0.02 288.15881400000001 0.019028013864763837 0.02818244517251076 0.026943443517674991 0.0078419553611658484 0 0.015120546610820291 nan nan nan nan nan nan nan nan nan nan 0.12242161563187939 0.12603396857358273 0.031525681308879006 0 0.06608926602359505 nan nan nan nan nan nan nan nan nan nan 0 0 0 0 running
8970 6.8709846379245318 0.00081427178478303542 0.02 288.45425999999998 0.019007477954005054 0.028151488090487002 0.026915277113395406 0.007832614814720815 0 0.015104066082497732 nan nan nan nan nan nan nan nan nan nan 0.12226833429872028 0.12579285335619034 0.031435451370800949 0 0.065976545803448278 nan nan nan nan nan nan nan nan nan nan 0 0 0 0 running
8980 6.879127519057243 0.00081430145927125983 0.02 288.79922099999999 0.018986889270223822 0.028120452491664984 0.026887025732607744 0.0078232754070921683 0 0.015087550550755108 nan nan nan nan nan nan nan nan nan nan 0.12221103149285664 0.12554933970553944 0.031345483390059603 0 0.06586246474083339 nan nan nan nan nan nan nan nan nan nan 0 0 0 0 running
8990 6.8872706964341441 0.0008143310427724921 0.02 289.12667199999999 0.018966244226153707 0.028089332369179761 0.0268586850239181 0.007813935443125173 0 0.015070997278246867 nan nan nan nan nan nan nan nan nan nan 0.12215077734410051 0.12530345183905345 0.031255776669411484 0 0.065747034506962634 nan nan nan nan nan nan nan nan nan nan 0 0 0 0 running
9000 6.8954141691471191 0.00081436053560541492 0.02 289.42040600000001 0.018945548628809514 0.028058139660102219 0.026830258833661056 0.0078046014452221252 0 0.015054410325453427 nan nan nan nan nan nan nan nan nan nan 0.12208758197191685 0.12505521406584927 0.03116633047845685 0 0.065630266854215913 nan nan nan nan nan nan nan nan nan nan 0 0 0 0 running
9010 6.9035579362912332 0.00081438993808738349 0.02 289.73953899999998 0.018924802155473461 0.028026873892102747 0.026801746704973501 0.00779527326888189 0 0.015037789437983642 nan nan nan nan nan nan nan nan nan nan 0.12202145573670023 0.12480465078802072 0.031077144102553134 0 0.065512173616696145 nan nan nan nan nan nan nan nan nan nan 0 0 0 0 running
9020 6.9117019969647151 0.00081441925053443568 0.02 290.083977 0.018904004492964921 0.027995534609822133 0.026773148192227793 0.0077859507736726527 0 0.015021134367530189 nan nan nan nan nan nan nan nan nan nan 0.12195240923717768 0.12455178649347876 0.030988216845945327 0 0.065392766706088082 nan nan nan nan nan nan nan nan nan nan 0 0 0 0 running
9030 6.9198463502689469 0.00081444847326129675 0.02 290.37463700000001 0.018883155336643004 0.027964121372980127 0.026744462860063097 0.0077766338225685764 0 0.015004444871189666 nan nan nan nan nan nan nan nan nan nan 0.12188045330769609 0.12429664574911273 0.030899548030965174 0 0.065272058107689268 nan nan nan nan nan nan nan nan nan nan 0 0 0 0 running
9040 6.9279909953084502 0.00081447760658138503 0.02 290.70714600000002 0.018862254389632054 0.02793263375490564 0.026715690282628945 0.0077673222814491315 0 0.014987720710936136 nan nan nan nan nan nan nan nan nan nan 0.12180559901541457 0.12410506992198253 0.030811136996523159 0 0.065150059876616637 nan nan nan nan nan nan nan nan nan nan 0 0 0 0 running
9050 6.9361359311908783 0.00081450665080681892 0.02 291.07466099999999 0.018841301362217625 0.027901071341389031 0.026686830042992125 0.0077580160187208161 0 0.014970961653212624 nan nan nan nan nan nan nan nan nan nan 0.12172785765741534 0.1240492349476795 0.030722983096229561 0 0.065026784134162102 nan nan nan nan nan nan nan nan nan nan 0 0 0 0 running
9060 6.944281157026996 0.00081453560624842236 0.02 291.40412700000002 0.018820300271816446 0.027869439946184897 0.02665788844647439 0.0077487149050745668 0 0.014954170976281725 nan nan nan nan nan nan nan nan nan nan 0.12164724089926243 0.12399054184948954 0.03063508569635931 0 0.064902246085513871 nan nan nan nan nan nan nan nan nan nan 0 0 0 0 running
9070 6.9524266719306649 0.0008145644732157314 0.02 291.69052699999997 0.018799247962265182 0.027837735011580954 0.026628860600191224 0.0077394188131203077 0 0.01493734610730303 nan nan nan nan nan nan nan nan nan nan 0.12156376072446268 0.12392900057844039 0.030547444173722793 0 0.064776453005427059 nan nan nan nan nan nan nan nan nan nan 0 0 0 0 running
9080 6.9605724750188385 0.00081459325201699913 0.02 291.98412500000001 0.018778142669358816 0.027805953996701865 0.026599743780258894 0.0077301276173728376 0 0.014920485606406349 nan nan nan nan nan nan nan nan nan nan 0.12147742891935673 0.12386462087923086 0.030460057913637262 0 0.064649416830569781 nan nan nan nan nan nan nan nan nan nan 0 0 0 0 running
9090 6.9687185654115469 0.0008146219429592019 0.02 292.297822 0.018756984127957316 0.027774096529615426 0.026570537601212522 0.0077208411941037912 0 0.014903589255068697 nan nan nan nan nan nan nan nan nan nan 0.12138825752025523 0.12379741277374362 0.030372926307968617 0 0.064521151025636533 nan nan nan nan nan nan nan nan nan nan 0 0 0 0 running
9100 6.9768649422318836 0.00081465054634804709 0.02 292.59395499999999 0.018735772078643863 0.027742162248043458 0.026541241685148965 0.0077115594212273488 0 0.014886656838292413 nan nan nan nan nan nan nan nan nan nan 0.12129625882418257 0.1237273865730466 0.030286048753326522 0 0.064391668983219033 nan nan nan nan nan nan nan nan nan nan 0 0 0 0 running
9110 6.9850116046059876 0.00081467906248797715 0.02 292.90397899999999 0.018714506223151316 0.027710150702317318 0.026511855665864833 0.0077022820626812538 0 0.014869688097467238 nan nan nan nan nan nan nan nan nan nan 0.12120144538014516 0.12365455286835478 0.030199424649867801 0 0.064260984029950813 nan nan nan nan nan nan nan nan nan nan 0 0 0 0 running
9120 6.9931585516630417 0.00081470749168217579 0.02 293.17833200000001 0.018693186343050155 0.02767806161466764 0.026482379176173375 0.0076930090773123742 0 0.014852682856656385 nan nan nan nan nan nan nan nan nan nan 0.12110382998083166 0.12357892252241329 0.030113053399073331 0 0.064209922519813556 nan nan nan nan nan nan nan nan nan nan 0 0 0 0 running
9130 7.0008147341284515 0.00081473412845163898 0.02 293.50360799999999 0.018673101987192055 0.027647835619920007 0.026454596483766458 0.0076842988975458389 0 0.014836669100189881 nan nan nan nan nan nan nan nan nan nan 0.12100955584530868 0.1235053115266849 0.030032117731733754 0 0.064184815031189585 nan nan nan nan nan nan nan nan nan nan 0 0 0 0 running
9140 7.0089622309218074 0.00081476238985440062 0.02 293.78655400000002 0.018651676653422676 0.027615595235737526 0.026424943493822541 0.007675034134257094 0 0.014819592507263743 nan nan nan nan nan nan nan nan nan nan 0.12090654276139989 0.12342428840439634 0.029946235235026153 0 0.064156670787588549 nan nan nan nan nan nan nan nan nan nan 0 0 0 0 running
9150 7.017110009855605 0.00081479056519547725 0.02 294.07655899999997 0.018630196609815051 0.027583276381433864 0.026395199005312862 0.0076657734406391474 0 0.014802478836126612 nan nan nan nan nan nan nan nan nan nan 0.12080076666645645 0.1233405020702853 0.029860603826621035 0 0.064127059847154028 nan nan nan nan nan nan nan nan nan nan 0 0 0 0 running
9160 7.0252580700708691 0.00081481865477315088 0.02 294.364508 0.018608661628764442 0.027550878747771439 0.026365362683122968 0.0076565167034876695 0 0.014785327891238926 nan nan nan nan nan nan nan nan nan nan 0.12069224123944586 0.12325396438053782 0.0297752229064423 0 0.064095986520201889 nan nan nan nan nan nan nan nan nan nan 0 0 0 0 running
9170 7.0334064107115992 0.00081484665888447512 0.02 294.64955099999997 0.018587076219918411 0.027518412518198816 0.026335433507771962 0.0076472764314296244 0 0.014768144421102592 nan nan nan nan nan nan nan nan nan nan 0.12058098036721693 0.12316468742583378 0.029690091857543677 0 0.064063455265533503 nan nan nan nan nan nan nan nan nan nan 0 0 0 0 running
9180 7.0415550309247621 0.00081487457782527997 0.02 294.916067 0.018565436676315935 0.027485869602461518 0.026305411812006036 0.007638043085746218 0 0.014750924524551798 nan nan nan nan nan nan nan nan nan nan 0.12046699813814452 0.12307268352480427 0.029605210075452471 0 0.064029470686967391 nan nan nan nan nan nan nan nan nan nan 0 0 0 0 running
9190 7.0497039298602733 0.00081490241189017805 0.02 295.199769 0.018543741329383565 0.027453246486767634 0.026275297497696051 0.0076288126766361469 0 0.014733666493598403 nan nan nan nan nan nan nan nan nan nan 0.12035030883607914 0.12297796521776722 0.02952057704382316 0 0.063994037530012843 nan nan nan nan nan nan nan nan nan nan 0 0 0 0 running
9200 7.0578531066709873 0.00081493016137257053 0.02 295.51347700000002 0.018521989966201129 0.027420542887568459 0.026245090244516496 0.0076195850964599545 0 0.014716370147094215 nan nan nan nan nan nan nan nan nan nan 0.12023092693450546 0.12288054526071332 0.029436192090596003 0 0.063957160678681305 nan nan nan nan nan nan nan nan nan nan 0 0 0 0 running
9210 7.0660025605126897 0.00081495782656465249 0.02 295.872547 0.018500182385977757 0.027387758544564607 0.026214789740409437 0.0076103602536214112 0 0.014699035313688449 nan nan nan nan nan nan nan nan nan nan 0.12010886709095725 0.12278043661953866 0.02935205446018796 0 0.063918845152422646 nan nan nan nan nan nan nan nan nan nan 0 0 0 0 running
9220 7.0741522905440748 0.00081498540775741838 0.02 296.18573199999997 0.018478318396943756 0.027354893214111855 0.026184395681368253 0.0076011380655628229 0 0.014681661828569793 nan nan nan nan nan nan nan nan nan nan 0.11998414414163167 0.12267765246449924 0.029268163613909381 0 0.063879096103182167 nan nan nan nan nan nan nan nan nan nan 0 0 0 0 running
9230 7.0823022959267483 0.00081501290524066698 0.02 296.49287399999997 0.01845639781454279 0.027321946665336477 0.026153907771323696 0.0075919184547694812 0 0.014664249531600079 nan nan nan nan nan nan nan nan nan nan 0.11985677309620715 0.12257220616487033 0.029184519569853129 0 0.063837918812561609 nan nan nan nan nan nan nan nan nan nan 0 0 0 0 running
9240 7.0904525758252017 0.0008150403193030077 0.02 296.81082099999998 0.018434420460390313 0.027288918677862217 0.026123325722083972 0.0075827013465213774 0 0.014646798266265443 nan nan nan nan nan nan nan nan nan nan 0.1197267691328559 0.12246411128380183 0.029101123183370881 0 0.063795318689088873 nan nan nan nan nan nan nan nan nan nan 0 0 0 0 running
9250 7.0986031294068068 0.00081506765023186363 0.02 297.07720599999999 0.018412386161682975 0.027255809040494745 0.026092649253304654 0.0075734866676524341 0 0.014629307879105897 nan nan nan nan nan nan nan nan nan nan 0.11959414759342546 0.12235338157335657 0.029017976325749539 0 0.063751301265579388 nan nan nan nan nan nan nan nan nan nan 0 0 0 0 running
9260 7.1067539558418051 0.00081509489831348028 0.02 297.36398700000001 0.01839029480882658 0.027222617645948584 0.026061878188046027 0.0075642743849520201 0 0.014611778215565259 nan nan nan nan nan nan nan nan nan nan 0.11945892397877794 0.1222400309697054 0.028935081952489061 0 0.063705872196578944 nan nan nan nan nan nan nan nan nan nan 0 0 0 0 running
9270 7.1149050543032937 0.00081512206383292521 0.02 297.68355300000002 0.018368146266798564 0.027189344343684346 0.026031012306989825 0.0075550644417765201 0 0.014594209129207321 nan nan nan nan nan nan nan nan nan nan 0.11932111394429284 0.1221240735885043 0.028852444071414629 0 0.063659037255895889 nan nan nan nan nan nan nan nan nan nan 0 0 0 0 running
9280 7.1230564239672116 0.00081514914707409665 0.02 297.97306800000001 0.018345940295674153 0.027155988810576341 0.026000051217332596 0.0075458567099074862 0 0.014576600481308434 nan nan nan nan nan nan nan nan nan nan 0.11918073329550299 0.12200552372038603 0.028770067629830254 0 0.063610802334206282 nan nan nan nan nan nan nan nan nan nan 0 0 0 0 running
9290 7.131208064012335 0.00081517614831972491 0.02 298.268124 0.018323676742773128 0.02712255086718908 0.02596899466973971 0.0075366511183697299 0 0.014558952128775331 nan nan nan nan nan nan nan nan nan nan 0.11903779798386357 0.12188439582660521 0.028687958343013742 0 0.063561173436721755 nan nan nan nan nan nan nan nan nan nan 0 0 0 0 running
9300 7.1393599736202544 0.00081520306785137395 0.02 298.58841799999999 0.018301355348847064 0.027089030132194433 0.025937842315798688 0.0075274475340741508 0 0.014541263842715008 nan nan nan nan nan nan nan nan nan nan 0.11889232410264583 0.12176070453481774 0.028606122485764773 0 0.06351015668093439 nan nan nan nan nan nan nan nan nan nan 0 0 0 0 running
9310 7.1475121519753744 0.00081522990594944328 0.02 298.89910700000001 0.018278975911218336 0.027055426330356389 0.025906593863255379 0.0075182458524304099 0 0.014523535437485965 nan nan nan nan nan nan nan nan nan nan 0.11874432788294681 0.12163446463494859 0.028524566666218942 0 0.06345775829441147 nan nan nan nan nan nan nan nan nan nan 0 0 0 0 running
9320 7.155664598264897 0.00081525666289316873 0.02 299.20052399999997 0.018256537986845272 0.027021738594485679 0.025875249013712232 0.0075090454830823257 0 0.014505766579822315 nan nan nan nan nan nan nan nan nan nan 0.11859382568980684 0.12150569107520046 0.028443364332949472 0 0.063403984612641406 nan nan nan nan nan nan nan nan nan nan 0 0 0 0 running
9330 7.163817311678808 0.0008152833389606229 0.02 299.48968300000001 0.018234041874059925 0.026987967705406315 0.0258438077715369 0.0074998469026898423 0 0.014487957439227317 nan nan nan nan nan nan nan nan nan nan 0.11844083401841812 0.12137439895813434 0.028362329391207197 0 0.063348842076943662 nan nan nan nan nan nan nan nan nan nan 0 0 0 0 running
9340 7.1719702914098695 0.00081530993442871383 0.02 299.87046900000001 0.018211487550436233 0.026954113749730144 0.02581226997976745 0.0074906501773818017 0 0.01447010796009358 nan nan nan nan nan nan nan nan nan nan 0.11828536949043572 0.12124060353686825 0.028281473802437396 0 0.063292337232414703 nan nan nan nan nan nan nan nan nan nan 0 0 0 0 running
9350 7.180123536653606 0.00081533644957318895 0.02 300.18509999999998 0.01818887488704176 0.02692017658093827 0.025780635432518198 0.0074814552314915791 0 0.014452218011370073 nan nan nan nan nan nan nan nan nan nan 0.11812744885036372 0.12110432021134723 0.028200834455602175 0 0.063234476725914979 nan nan nan nan nan nan nan nan nan nan 0 0 0 0 running
9360 7.188277046608289 0.0008153628846686359 0.02 300.50851599999999 0.018166203760788258 0.026886156062029692 0.025748903932217987 0.0074722619905969101 0 0.014434287465401987 nan nan nan nan nan nan nan nan nan nan 0.11796708896203822 0.12096556452469637 0.028120441475624647 0 0.063175267304106414 nan nan nan nan nan nan nan nan nan nan 0 0 0 0 running
9370 7.1964308204749372 0.00081538923998848809 0.02 300.83984299999997 0.018143474054364176 0.026852052065364465 0.02571707528956637 0.0074630703814544588 0 0.014416316197909854 nan nan nan nan nan nan nan nan nan nan 0.11780430680516957 0.12082435215965809 0.028040319245480672 0 0.06311471581151519 nan nan nan nan nan nan nan nan nan nan 0 0 0 0 running
9380 7.2045848574572906 0.00081541551580503085 0.02 301.14259700000002 0.018120685656179702 0.026817864472533474 0.025685149323499551 0.0074538803319442737 0 0.01439830408797494 nan nan nan nan nan nan nan nan nan nan 0.1176391194719591 0.12068069893508476 0.027960487249331867 0 0.0630528291886331 nan nan nan nan nan nan nan nan nan nan 0 0 0 0 running
9390 7.2127391567618089 0.00081544171238941024 0.02 301.45941099999999 0.018097838460322088 0.026783593174250084 0.025653125861164194 0.0074446917710233144 0 0.014380251018030163 nan nan nan nan nan nan nan nan nan nan 0.11747154416378394 0.12053462080249952 0.027880960773834729 0 0.062989614470046654 nan nan nan nan nan nan nan nan nan nan 0 0 0 0 running
9400 7.2208937175976571 0.00081546783001164487 0.02 301.768258 0.018074932366519938 0.026749238070261364 0.025621004737897687 0.0074355046286869574 0 0.014362156873855321 nan nan nan nan nan nan nan nan nan nan 0.11730159818794114 0.12038613384273109 0.027801751496713489 0 0.062925078782601451 nan nan nan nan nan nan nan nan nan nan 0 0 0 0 running
9410 7.229048539176695 0.00081549386894063899 0.02 302.06309199999998 0.018051967280115253 0.026714799069274969 0.025588785797214669 0.0074263188359379615 0 0.014344021544576742 nan nan nan nan nan nan nan nan nan nan 0.11712929895444182 0.12023525426257822 0.027722867985361388 0 0.062859229343580111 nan nan nan nan nan nan nan nan nan nan 0 0 0 0 running
9420 7.2372036207134611 0.00081551982944419476 0.02 302.34907299999998 0.018028943112042069 0.026680276088900546 0.025556468890798038 0.0074171343247620772 0 0.014325844922670212 nan nan nan nan nan nan nan nan nan nan 0.11695466397286541 0.1200819983915451 0.027644316123123014 0 0.062792073458912898 nan nan nan nan nan nan nan nan nan nan 0 0 0 0 running
9430 7.245358961425171 0.00081554571178903124 0.02 302.65307799999999 0.01800585977881097 0.02664566905560278 0.025524053878494834 0.0074079510281096564 0 0.014307626903967245 nan nan nan nan nan nan nan nan nan nan 0.11677771084926178 0.11992638267862266 0.027566099477165373 0 0.062723618521407135 nan nan nan nan nan nan nan nan nan nan 0 0 0 0 running
9440 7.2535145605316993 0.00081557151624079627 0.02 302.968639 0.017982717275863362 0.026610978054371803 0.02549154069995235 0.0073987688784080468 0 0.014289367443469602 nan nan nan nan nan nan nan nan nan nan 0.11659845728309207 0.11976842368910015 0.027488219618520326 0 0.06265387200899819 nan nan nan nan nan nan nan nan nan nan 0 0 0 0 running
9450 7.2616704172555702 0.00081559724306408572 0.02 303.265671 0.017959515473173399 0.026576202911494776 0.025458929175152762 0.0073895878116445541 0 0.014271066399935927 nan nan nan nan nan nan nan nan nan nan 0.11641692106422594 0.1196081381014355 0.027410676402716883 0 0.062582841483014268 nan nan nan nan nan nan nan nan nan nan 0 0 0 0 running
9460 7.2698265308219483 0.00081562289252245428 0.02 303.54051500000003 0.017936254286275714 0.026541343543773799 0.025426219171209092 0.007380407763957997 0 0.014252723665897837 nan nan nan nan nan nan nan nan nan nan 0.11623312006996794 0.11944554270415486 0.027333468217347168 0 0.062510534586462885 nan nan nan nan nan nan nan nan nan nan 0 0 0 0 running
9470 7.2779829004586327 0.00081564846487843195 0.02 303.84242 0.017912933653966914 0.026506399912908884 0.025393410580688145 0.0073712286720720981 0 0.014234339150753152 nan nan nan nan nan nan nan nan nan nan 0.11604707226211605 0.11928065439278604 0.027256592201738594 0 0.062436959042328113 nan nan nan nan nan nan nan nan nan nan 0 0 0 0 running
9480 7.2861395253960364 0.00081567396039353461 0.02 304.14745199999999 0.017889553520603601 0.026471371989347129 0.025360503304344091 0.007362050473652018 0 0.01421591276732043 nan nan nan nan nan nan nan nan nan nan 0.11585879568408147 0.11911349016682771 0.027180044442541407 0 0.06236212265188372 nan nan nan nan nan nan nan nan nan nan 0 0 0 0 running
9490 7.2942964048671852 0.00081569937932827444 0.02 304.43860899999999 0.017866113836107735 0.026436259752279274 0.025327497251129233 0.0073528731073093925 0 0.014197444431857002 nan nan nan nan nan nan nan nan nan nan 0.11566830845800646 0.11894406712675243 0.027103820148423718 0 0.062286033293024623 nan nan nan nan nan nan nan nan nan nan 0 0 0 0 running
9500 7.3024535381077031 0.00081572472194216977 0.02 304.74468899999999 0.017842614555973794 0.026401063189639831 0.025294392338206271 0.0073436965126096061 0 0.014178934064077666 nan nan nan nan nan nan nan nan nan nan 0.11547562878194526 0.1187724024710331 0.027027913806327963 0 0.062208698918593291 nan nan nan nan nan nan nan nan nan nan 0 0 0 0 running
9510 7.3106109243558048 0.00081574998849374991 0.02 305.05953399999999 0.017819055641277167 0.026365782298109802 0.025261188490961241 0.0073345206300807859 0 0.014160381587174274 nan nan nan nan nan nan nan nan nan nan 0.115280774927047 0.1185985134932061 0.026952319321268847 0 0.062130127554742023 nan nan nan nan nan nan nan nan nan nan 0 0 0 0 running
9520 7.3187685628522825 0.00081577517924056177 0.02 305.33820700000001 0.017795437094185712 0.026330417136142328 0.025227885699478786 0.0073253454024646775 0 0.014141786951123614 nan nan nan nan nan nan nan nan nan nan 0.11508376523479222 0.11842241757894853 0.026877030141350677 0 0.062050327299280825 nan nan nan nan nan nan nan nan nan nan 0 0 0 0 running
9530 7.3269264528405014 0.00081580029443917258 0.02 305.644994 0.017771760337495432 0.026294969882899297 0.025194486213353677 0.0073161708221825827 0 0.014123151038988185 nan nan nan nan nan nan nan nan nan nan 0.11488461811421027 0.11824413220315191 0.026802039369367536 0 0.061969306320032405 nan nan nan nan nan nan nan nan nan nan 0 0 0 0 running
9540 7.3350845935663873 0.00081582533434517411 0.02 305.942139 0.017748023847699041 0.026259438318027978 0.025160987595678877 0.0073069967795604557 0 0.014104472800772807 nan nan nan nan nan nan nan nan nan nan 0.114683352039117 0.11806367492700867 0.026727339862168686 0 0.061887072853184455 nan nan nan nan nan nan nan nan nan nan 0 0 0 0 running
9550 7.3432429842784144 0.00081585029921318495 0.02 306.22811999999999 0.017724227607988946 0.026223822472983955 0.025127389804289319 0.0072978232191193287 0 0.014085752173390991 nan nan nan nan nan nan nan nan nan nan 0.11447998554555805 0.11788106339532986 0.026652924318787408 0 0.061803635201761437 nan nan nan nan nan nan nan nan nan nan 0 0 0 0 running
9560 7.3514016242275995 0.00081587518929685042 0.02 306.52665000000002 0.017700371607256779 0.026188122388084312 0.025093692805430039 0.0072886500864015064 0 0.014066989097398739 nan nan nan nan nan nan nan nan nan nan 0.11427453722912881 0.11769631533370509 0.026578785358310375 0 0.061719001734017856 nan nan nan nan nan nan nan nan nan nan 0 0 0 0 running
9570 7.359560512667489 0.00081590000484884836 0.02 306.82235700000001 0.017676455840098144 0.026152338112509298 0.025059896573759337 0.0072794773279830985 0 0.014048183517008803 nan nan nan nan nan nan nan nan nan nan 0.11406702574227359 0.11750944854565404 0.026504915588228317 0 0.061633180881807581 nan nan nan nan nan nan nan nan nan nan 0 0 0 0 running
9580 7.367719648854151 0.00081592474612088978 0.02 307.155554 0.017652480306818055 0.026116469704305461 0.025026001092352809 0.0072703048914864446 0 0.014029335380105349 nan nan nan nan nan nan nan nan nan nan 0.11385746979163658 0.11732048090980671 0.026431307664083636 0 0.061546181138976794 nan nan nan nan nan nan nan nan nan nan 0 0 0 0 running
9590 7.3758790320461678 0.00081594941336372319 0.02 307.56244600000002 0.017628445013436553 0.02608051723038864 0.02499200635270795 0.0072611327255922573 0 0.014010444638258986 nan nan nan nan nan nan nan nan nan nan 0.11364588813541796 0.11712943037710774 0.026357954341113543 0 0.061458011059760217 nan nan nan nan nan nan nan nan nan nan 0 0 0 0 running
9600 7.3840386615046203 0.00081597400682713924 0.02 307.84646600000002 0.017604349233772715 0.02604447892086402 0.024957912677840477 0.0072519586116612548 0 0.013991510587634249 nan nan nan nan nan nan nan nan nan nan 0.11343229958077736 0.11693631496804816 0.026269053180301483 0 0.061368679257193345 nan nan nan nan nan nan nan nan nan nan 0 0 0 0 running
9610 7.3921985364930833 0.00081599852675997881 0.02 308.12989299999998 0.01758018796930505 0.02600834204194976 0.024923722662672225 0.0072427674122525912 0 0.013972528699403314 nan nan nan nan nan nan nan nan nan nan 0.11321672298125671 0.11674115276992375 0.026039621081826558 0 0.061278194401536312 nan nan nan nan nan nan nan nan nan nan 0 0 0 0 running
9620 7.400358656277616 0.00081602297341013832 0.02 308.45267100000001 0.017555967839342969 0.025972123029695041 0.024889433639523909 0.007233578319252555 0 0.013953504829023538 nan nan nan nan nan nan nan nan nan nan 0.11299917723421632 0.11654396193411576 0.025826575946120922 0 0.061186565218698002 nan nan nan nan nan nan nan nan nan nan 0 0 0 0 running
9630 7.408519020126751 0.00081604734702458201 0.02 308.73521599999998 0.017531688717117602 0.02593582167594306 0.024855045570370986 0.0072243909836866849 0 0.013934438810832429 nan nan nan nan nan nan nan nan nan nan 0.11277968127830845 0.11634476067338709 0.025628030542011682 0 0.061093800488678254 nan nan nan nan nan nan nan nan nan nan 0 0 0 0 running
9640 7.416679627311483 0.00081607164784935134 0.02 309.03294 0.017507350519561517 0.025899437858869553 0.024820558442460467 0.0072152051230763032 0 0.013915330513676155 nan nan nan nan nan nan nan nan nan nan 0.11255825409097023 0.11614356725920755 0.025442342652491567 0 0.060999909044009398 nan nan nan nan nan nan nan nan nan nan 0 0 0 0 running
9650 7.4248404771052661 0.00081609587612957771 0.02 309.31764399999997 0.017482953196832195 0.025862971521367059 0.024785972263614849 0.0072060205040396473 0 0.013896179832628742 nan nan nan nan nan nan nan nan nan nan 0.1123349146859301 0.11594040001908504 0.02526808038323558 0 0.060904899768213269 nan nan nan nan nan nan nan nan nan nan 0 0 0 0 running
9660 7.4330015687839976 0.00081612003210949696 0.02 309.61147999999997 0.017458496724941864 0.025826422655855122 0.024751287058917725 0.007196836930056529 0 0.013876986683152386 nan nan nan nan nan nan nan nan nan nan 0.11210968211072997 0.11573527733392436 0.025103992727507074 0 0.060808781594257066 nan nan nan nan nan nan nan nan nan nan 0 0 0 0 running
9670 7.4411629016260141 0.00081614411603246487 0.02 309.90546899999998 0.017433981100533975 0.025789791293532045 0.024716502868359545 0.0071876542327799489 0 0.013857750996944371 nan nan nan nan nan nan nan nan nan nan 0.11198429784582442 0.11552821763540519 0.024948984548118114 0 0.060711563503021412 nan nan nan nan nan nan nan nan nan nan 0 0 0 0 running
9680 7.4493244749120828 0.00081616812814097085 0.02 310.24539099999998 0.017409406337149946 0.025753077496709124 0.024681619745153666 0.0071784722657977432 0 0.013838472718956043 nan nan nan nan nan nan nan nan nan nan 0.11193713156677185 0.11531923940336897 0.024802095276771352 0 0.060613254521770493 nan nan nan nan nan nan nan nan nan nan 0 0 0 0 running
9690 7.4574862879253869 0.00081619206867665766 0.02 310.59955500000001 0.017384773550403666 0.025716282936197671 0.024646639459813897 0.0071692909007313333 0 0.013819152660642342 nan nan nan nan nan nan nan nan nan nan 0.11188757311003125 0.11510836116463352 0.024662480746698301 0 0.060513863723406947 nan nan nan nan nan nan nan nan nan nan 0 0 0 0 running
9700 7.4656483399515237 0.00081621593788033559 0.02 310.90751899999998 0.01736008352387115 0.025679408803548236 0.024611563254492846 0.0071601100228941353 0 0.013799791371948726 nan nan nan nan nan nan nan nan nan nan 0.11183563051747517 0.11489560149223468 0.024529397670468467 0 0.060413400225906133 nan nan nan nan nan nan nan nan nan nan 0 0 0 0 running
9710 7.4738106302784955 0.0008162397359920007 0.02 311.22542800000002 0.017335334448994415 0.025642452521332963 0.024576388301580827 0.0071509295277441933 0 0.01378038736475882 nan nan nan nan nan nan nan nan nan nan 0.11178131199358557 0.11468097897557869 0.024441512088956108 0 0.060311873175755579 nan nan nan nan nan nan nan nan nan nan 0 0 0 0 running
9720 7.481973158196694 0.00081626346325084894 0.02 311.55616600000002 0.017310526386827434 0.025605414234760593 0.024541114698880491 0.0071417493215696756 0 0.013760940621040954 nan nan nan nan nan nan nan nan nan nan 0.11172462590274737 0.11446451225011156 0.024392718154068883 0 0.060209291764420095 nan nan nan nan nan nan nan nan nan nan 0 0 0 0 running
9730 7.4901359229989062 0.00081628711989529471 0.02 311.86472800000001 0.017285660103541881 0.025568295110706248 0.024505743640743764 0.0071325693188915382 0 0.013741451696712622 nan nan nan nan nan nan nan nan nan nan 0.11166558076900859 0.11424622099491757 0.02434390631797401 0 0.06010566576994035 nan nan nan nan nan nan nan nan nan nan 0 0 0 0 running
9740 7.4982989239802951 0.00081631070616298182 0.02 312.16363100000001 0.017260740039720165 0.025531101629724551 0.024470282056163081 0.0071233894414022064 0 0.013721924140754224 nan nan nan nan nan nan nan nan nan nan 0.11160418537431283 0.11402612710262841 0.024295077985185667 0 0.060001006177510294 nan nan nan nan nan nan nan nan nan nan 0 0 0 0 running
9750 7.5057142751397281 0.00081633207077131591 0.02 312.540143 0.017238052045058443 0.025497244914717207 0.024437983995035564 0.0071150506265921423 0 0.013704148501058428 nan nan nan nan nan nan nan nan nan nan 0.1115463849796226 0.113904370888229 0.024250709932961665 0 0.059905042794533153 nan nan nan nan nan nan nan nan nan nan 0 0 0 0 running
9760 7.5138777248944342 0.00081635552338983771 0.02 312.86780700000003 0.017213019814727969 0.025459895917094619 0.024402334746224809 0.0071058707916763272 0 0.013684539262503062 nan nan nan nan nan nan nan nan nan nan 0.11148052889343352 0.11385775285397426 0.024201853962656106 0 0.059798428339314896 nan nan nan nan nan nan nan nan nan nan 0 0 0 0 running
9770 7.5220414087918366 0.0008163789063185084 0.02 313.18492500000002 0.017187928951073839 0.025422465726518149 0.024366587364949246 0.007096690886142263 0 0.013664887236002449 nan nan nan nan nan nan nan nan nan nan 0.11141234847518916 0.11380881319351069 0.024152985497115694 0 0.059690804374550641 nan nan nan nan nan nan nan nan nan nan 0 0 0 0 running
9780 7.5302053261363318 0.00081640221979207683 0.02 313.49674599999997 0.017162779560977507 0.025384954562403611 0.02433074200301754 0.0070875108519444221 0 0.013645192437793196 nan nan nan nan nan nan nan nan nan nan 0.11134185295296958 0.11375755975741633 0.02410410588385082 0 0.059582181046109059 nan nan nan nan nan nan nan nan nan nan 0 0 0 0 running
9790 7.5383694762346529 0.0008164254640445702 0.02 313.77577600000001 0.017137571758002162 0.0253473626546575 0.024294798820877449 0.007078330635001559 0 0.013625454888969064 nan nan nan nan nan nan nan nan nan nan 0.11126905172514559 0.11370400058495012 0.024055216456059202 0 0.059472568456234734 nan nan nan nan nan nan nan nan nan nan 0 0 0 0 running
9800 7.5465338583958745 0.00081644863930929723 0.02 314.06302499999998 0.017112305662233974 0.025309690243368949 0.024258757987556275 0.0070691501848444268 0 0.013605674615344442 nan nan nan nan nan nan nan nan nan nan 0.11119395435554666 0.11364814389906513 0.024006318532731889 0 0.0593619766668253 nan nan nan nan nan nan nan nan nan nan 0 0 0 0 running
9810 7.5546984719313981 0.00081647174581884888 0.02 314.37036799999998 0.017086981400150653 0.025271937578555708 0.024222619680612387 0.0070599694543164058 0 0.013585851647341957 nan nan nan nan nan nan nan nan nan nan 0.11111657056883156 0.11358999810160453 0.023957413418763944 0 0.059250415702468043 nan nan nan nan nan nan nan nan nan nan 0 0 0 0 running
9820 7.5628633161549468 0.00081649478380509729 0.02 314.71932399999997 0.017061599104511441 0.025234104919952656 0.024186384086094942 0.0070507883993172395 0 0.013565986019899027 nan nan nan nan nan nan nan nan nan nan 0.11103691024603154 0.11352957176871065 0.0239085024050592 0 0.059137895553247527 nan nan nan nan nan nan nan nan nan nan 0 0 0 0 running
9830 7.571028390382561 0.00081651775349919132 0.02 315.01788299999998 0.017036158914264105 0.025196192536833105 0.024150051398509977 0.0070416069785820832 0 0.013546077772390336 nan nan nan nan nan nan nan nan nan nan 0.11095498342026047 0.11346687364638913 0.023859586768639248 0 0.059052191517217995 nan nan nan nan nan nan nan nan nan nan 0 0 0 0 running
9840 7.5791936939325879 0.00081654065513155289 0.02 315.30529000000001 0.017010660974465484 0.025158200707857351 0.024113621820790927 0.0070324251534900056 0 0.013526126948562076 nan nan nan nan nan nan nan nan nan nan 0.11087080027259597 0.11340191264625646 0.023810667772747936 0 0.059030341056898861 nan nan nan nan nan nan nan nan nan nan 0 0 0 0 running
9850 7.5873592261256713 0.0008165634889318661 0.02 315.61380500000001 0.016985105436212702 0.02512012972094111 0.024077095564272597 0.0070232428878970353 0 0.013506133596477239 nan nan nan nan nan nan nan nan nan nan 0.11078437112809952 0.11333469784143593 0.023761746666959363 0 0.059007289420348427 nan nan nan nan nan nan nan nan nan nan 0 0 0 0 running
9860 7.5955249862847536 0.00081658625512906913 0.02 315.89270299999998 0.016959492456583198 0.025081979873141529 0.024040472848667508 0.0070140601479899154 0 0.013486097768468657 nan nan nan nan nan nan nan nan nan nan 0.11069570645199248 0.11326523846261044 0.023712824687279359 0 0.058983040138666343 nan nan nan nan nan nan nan nan nan nan 0 0 0 0 running
9870 7.6036909737350582 0.0008166089539513421 0.02 316.17362700000001 0.016933822198581566 0.025043751470556059 0.0240037539020438 0.0070048769021574435 0 0.013466019521099324 nan nan nan nan nan nan nan nan nan nan 0.11060481684595025 0.11319354389420461 0.023663903056250879 0 0.05895759684026515 nan nan nan nan nan nan nan nan nan nan 0 0 0 0 running
9880 7.6118571878040866 0.00081663158562609098 0.02 316.44365099999999 0.016908094831092152 0.025005444828232488 0.023966938960804308 0.0069956931208767894 0 0.013445898915128169 nan nan nan nan nan nan nan nan nan nan 0.11051171304453225 0.11311962367070119 0.023614982983060445 0 0.058930963248918902 nan nan nan nan nan nan nan nan nan nan 0 0 0 0 running
9890 7.6200236278216096 0.00081665415037993527 0.02 316.73205300000001 0.016882310528836209 0.024967060270087455 0.023930028269666302 0.006986508776612616 0 0.013425736015480746 nan nan nan nan nan nan nan nan nan nan 0.11041640591173485 0.11304348747309831 0.023566065663638194 0 0.058903143181881959 nan nan nan nan nan nan nan nan nan nan 0 0 0 0 running
9900 7.6281902931196628 0.00081667664843868882 0.02 317.07608599999998 0.016856469472332315 0.024928598128831716 0.023893022081640743 0.0069773238437272128 0 0.013405530891223512 nan nan nan nan nan nan nan nan nan nan 0.11031890643765055 0.11296514512544989 0.023517152280762149 0 0.058874140548061268 nan nan nan nan nan nan nan nan nan nan 0 0 0 0 running
9910 7.6363571830325307 0.00081669908002734407 0.02 317.36063999999999 0.016830571847762515 0.024890058748275871 0.023855920655170674 0.0069681382981140296 0 0.013385283615725664 nan nan nan nan nan nan nan nan nan nan 0.11021922573522805 0.11288460659154884 0.023468244004160293 0 0.058843959346258051 nan nan nan nan nan nan nan nan nan nan 0 0 0 0 running
9920 7.6445242968967504 0.00081672144537005211 0.02 317.64076999999997 0.01680461784801467 0.024851442478282887 0.023818724262738379 0.0069589521180361043 0 0.013364994266821867 nan nan nan nan nan nan nan nan nan nan 0.11011737503714109 0.11280188197169447 0.023419341990608633 0 0.05881260366344658 nan nan nan nan nan nan nan nan nan nan 0 0 0 0 running
9930 7.6526916340510889 0.00081674374469010253 0.02 317.93261999999999 0.016778607670621073 0.024812749676871589 0.023781433182333236 0.0069497652830534992 0 0.01334466292570609 nan nan nan nan nan nan nan nan nan nan 0.11001336569274273 0.11271698149955725 0.023370447384037797 0 0.058780077673116687 nan nan nan nan nan nan nan nan nan nan 0 0 0 0 running
9940 7.6608591938365427 0.00081676597820990176 0.02 318.24069400000002 0.016752541518776032 0.024773980710876158 0.023744047699851077 0.0069405777743365227 0 0.013324289677663588 nan nan nan nan nan nan nan nan nan nan 0.10990720916511629 0.11262991553913934 0.023321561315628819 0 0.058746385633659096 nan nan nan nan nan nan nan nan nan nan 0 0 0 0 running
9950 7.6690269755963305 0.00081678814615095043 0.02 318.51912199999998 0.016726419601349928 0.024735135955715207 0.023706568109394064 0.0069313895746428988 0 0.01330387461206666 nan nan nan nan nan nan nan nan nan nan 0.10979891702819958 0.11254069458181537 0.023272684903914709 0 0.058711531886788224 nan nan nan nan nan nan nan nan nan nan 0 0 0 0 running
9960 7.6771949786758755 0.00081681024873382743 0.02 318.79935599999999 0.0167002421328491 0.024696215795311564 0.023668994713241718 0.0069222006682634436 0 0.013283417822351809 nan nan nan nan nan nan nan nan nan nan 0.10968850096398705 0.11244932924345963 0.023223819254879291 0 0.058675520856017419 nan nan nan nan nan nan nan nan nan nan 0 0 0 0 running
9970 7.6853632024228062 0.0008168322861781713 0.02 319.07910600000002 0.016674009333379414 0.024657220622020231 0.02363132782182276 0.0069130110409735884 0 0.013262919406000401 nan nan nan nan nan nan nan nan nan nan 0.10957597275981362 0.11235583026163712 0.02317496546205626 0 0.058638357045162959 nan nan nan nan nan nan nan nan nan nan 0 0 0 0 running
9980 7.6935316461869414 0.00081685425870265912 0.02 319.36321500000003 0.016647721428612379 0.02461815083656196 0.023593567753687098 0.0069038206799896919 0 0.013242379464522424 nan nan nan nan nan nan nan nan nan nan 0.1094613443057012 0.11226020849287602 0.023126124606626032 0 0.058600045036885623 nan nan nan nan nan nan nan nan nan nan 0 0 0 0 running
9990 7.7017003093202803 0.0008168761665249926 0.02 319.68955 0.016621378649752612 0.024579006847960477 0.023555714835476853 0.0068946295739294094 0 0.013221798103441351 nan nan nan nan nan nan nan nan nan nan 0.109344627591764 0.11216247491000159 0.023077297757515554 0 0.058560589491271076 nan nan nan nan nan nan nan nan nan nan 0 0 0 0 running
10000 7.7098691911769945 0.00081689800986187622 0.02 319.97543000000002 0.016594981233506289 0.024539789073481845 0.023517769401896774 0.0068854377127754674 0 0.013201175432280558 nan nan nan nan nan nan nan nan nan nan 0.10922583470568675 0.11206264059952456 0.023028485971493859 0 0.058519995144432277 nan nan nan nan nan nan nan nan nan nan 0 0 0 0 running
10010 7.7180382911134151 0.00081691978892900051 0.02 320.30892299999999 0.016568529417186312 0.024500497932590033 0.023479731787014808 0.0068762450931685853 0 0.013180511557770211 nan nan nan nan nan nan nan nan nan nan 0.10910497783025097 0.11196071675909872 0.022979690293269076 0 0.058478266807149432 nan nan nan nan nan nan nan nan nan nan 0 0 0 0 running
10020 7.7262076084880285 0.0008169415039410271 0.02 320.59421500000002 0.016542023408424793 0.02446113380969489 0.023441602270304313 0.0068670517516153107 0 0.013159806541513875 nan nan nan nan nan nan nan nan nan nan 0.10898206924091808 0.11185671469502631 0.022930911755670073 0 0.058435409363530477 nan nan nan nan nan nan nan nan nan nan 0 0 0 0 running
10030 7.7343771426614598 0.00081696315511157038 0.02 320.87030299999998 0.01651546350639772 0.024421697203276239 0.023403381292719749 0.0068578576315396437 0 0.013139060569172079 nan nan nan nan nan nan nan nan nan nan 0.10885712130345297 0.1117506458198132 0.02288215137977519 0 0.058391427769697191 nan nan nan nan nan nan nan nan nan nan 0 0 0 0 running
10040 7.7425468929964625 0.00081698474265318589 0.02 321.14993900000002 0.016488849969481682 0.024382188562962016 0.023365069220845535 0.0068486627280860577 0 0.013118273766108333 nan nan nan nan nan nan nan nan nan nan 0.10873014647161665 0.11164252164977395 0.022833410174684772 0 0.058346327052502173 nan nan nan nan nan nan nan nan nan nan 0 0 0 0 running
10050 7.750716858857909 0.00081700626677735574 0.02 321.45200699999998 0.016462183061403849 0.024342608346337596 0.023326666429170358 0.0068394670376194268 0 0.01309744626162703 nan nan nan nan nan nan nan nan nan nan 0.10860115728487567 0.11153235380268003 0.02278468913767338 0 0.058300112308253535 nan nan nan nan nan nan nan nan nan nan 0 0 0 0 running
10060 7.7588870396127856 0.00081702772769447728 0.02 321.74690800000002 0.016435463051210866 0.024302957018888828 0.023288173300050955 0.0068302705577012266 0 0.013076578188961512 nan nan nan nan nan nan nan nan nan nan 0.10847016636617915 0.11142015399545058 0.022735989254383613 0 0.058252788701473865 nan nan nan nan nan nan nan nan nan nan 0 0 0 0 running
10070 7.767057434630174 0.00081704912561385279 0.02 322.04641700000002 0.016408690213237459 0.024263235053945106 0.02324959022367434 0.0068210732870671127 0 0.013055669685261983 nan nan nan nan nan nan nan nan nan nan 0.10833718641975137 0.11130593404188249 0.022687311498999822 0 0.058204361463668974 nan nan nan nan nan nan nan nan nan nan 0 0 0 0 running
10080 7.775228043281242 0.00081707046074368022 0.02 322.34023300000001 0.01638186482707463 0.024223442932621558 0.023210917598019628 0.0068118752256054824 0 0.01303472089158322 nan nan nan nan nan nan nan nan nan nan 0.10820223022894546 0.11118970585041163 0.022638656834401319 0 0.058154835892116466 nan nan nan nan nan nan nan nan nan nan 0 0 0 0 running
10090 7.7833988649392341 0.00081709173329104913 0.02 322.61774100000002 0.016354987177537628 0.024183581143761249 0.023172155828818337 0.006802676374337264 0 0.013013731952872346 nan nan nan nan nan nan nan nan nan nan 0.10806531065410097 0.11107148142191914 0.022590026212297679 0 0.058104217348670106 nan nan nan nan nan nan nan nan nan nan 0 0 0 0 running
10100 7.7915698989794615 0.00081711294346193243 0.02 322.926627 0.016328057554633367 0.024143650183876403 0.023133305329514138 0.0067934767353964257 0 0.012992703017956055 nan nan nan nan nan nan nan nan nan nan 0.10792644063047076 0.11095127284755271 0.022541420573347452 0 0.05805251125858106 nan nan nan nan nan nan nan nan nan nan 0 0 0 0 running
10110 7.7997411447792828 0.00081713409146118483 0.02 323.21636100000001 0.01630107625352735 0.02410365055708924 0.023094366521220974 0.0067842763120113964 0 0.012971634239527659 nan nan nan nan nan nan nan nan nan nan 0.10778563316614713 0.11082909230660506 0.022492840847269178 0 0.057999723109331783 nan nan nan nan nan nan nan nan nan nan 0 0 0 0 running
10120 7.8079126017181064 0.00081715517749253962 0.02 323.51947999999999 0.016274043574510115 0.02406358277507176 0.023055339832680679 0.006775075108487248 0 0.012950525774133794 nan nan nan nan nan nan nan nan nan nan 0.10764290134003358 0.1107049520643836 0.022444287952938399 0 0.057945858449477541 nan nan nan nan nan nan nan nan nan nan 0 0 0 0 running
10130 7.8160842691773693 0.0008171762017586087 0.02 323.82298100000003 0.016246959822963147 0.024023447356985209 0.023016225700218881 0.0067658731301884281 0 0.012929377782160766 nan nan nan nan nan nan nan nan nan nan 0.10749825829983922 0.11057886447014098 0.022395762798476816 0 0.057890922887511548 nan nan nan nan nan nan nan nan nan nan 0 0 0 0 running
10140 7.8242561465405265 0.00081719716446088456 0.02 324.132159 0.016219825309324299 0.023983244829418358 0.022977024567700711 0.0067566703835221743 0 0.012908190427820434 nan nan nan nan nan nan nan nan nan nan 0.10735171726010084 0.11045084195501292 0.022347266281339914 0 0.057834922090730032 nan nan nan nan nan nan nan nan nan nan 0 0 0 0 running
10150 7.8324282331930402 0.00081721806579974346 0.02 324.42004100000003 0.016192640349052507 0.023942975726325234 0.022937736886484612 0.0067474668759224315 0 0.01288696387913576 nan nan nan nan nan nan nan nan nan nan 0.10720329150022036 0.1103208970299748 0.022298799288391007 0 0.05777786178411147 nan nan nan nan nan nan nan nan nan nan 0 0 0 0 running
10160 7.8406005285223772 0.00081723890597444908 0.02 324.733723 0.016165405262592178 0.023902640588962056 0.022898363115375794 0.0067382626158342179 0 0.012865698307925883 nan nan nan nan nan nan nan nan nan nan 0.1070529943625439 0.11018904228384399 0.022250362695980668 0 0.057719747749210237 nan nan nan nan nan nan nan nan nan nan 0 0 0 0 running
10170 7.848773031917986 0.00081725968518315997 0.02 325.07384200000001 0.016138120375336656 0.023862239965822984 0.022858903720577951 0.0067290576126985005 0 0.012844393889790699 nan nan nan nan nan nan nan nan nan nan 0.10690083925044276 0.11005529038127185 0.022201957370013958 0 0.057660585823048949 nan nan nan nan nan nan nan nan nan nan 0 0 0 0 running
10180 7.8569457427712885 0.00081728040362293421 0.02 325.37329599999998 0.016110786017591534 0.023821774412575693 0.022819359175644788 0.0067198518769373862 0 0.01282305080409517 nan nan nan nan nan nan nan nan nan nan 0.10674683962642634 0.10991965406077736 0.022153584166020698 0 0.057600381897029443 nan nan nan nan nan nan nan nan nan nan 0 0 0 0 running
10190 7.8651186604756766 0.00081730106148974232 0.02 325.665391 0.016083402524537049 0.023781244491995458 0.022779729961429903 0.0067106454199397066 0 0.012801669233952822 nan nan nan nan nan nan nan nan nan nan 0.1065910090102767 0.10978214613279269 0.022105243929224715 0 0.057539141915844416 nan nan nan nan nan nan nan nan nan nan 0 0 0 0 running
10200 7.8732917844264936 0.00081732165897847322 0.02 325.98537099999999 0.016055970236190077 0.023740650773898902 0.022740016566035907 0.006701438254046942 0 0.01278024936620919 nan nan nan nan nan nan nan nan nan nan 0.10643336097718883 0.10964277947772524 0.022056937494608249 0 0.057476871876400409 nan nan nan nan nan nan nan nan nan nan 0 0 0 0 running
10210 7.8814651140210259 0.00081734219628294788 0.02 326.28483999999997 0.016028489497365465 0.023699993835076642 0.022700219484762474 0.0066922303925393851 0 0.012758791391424449 nan nan nan nan nan nan nan nan nan nan 0.10627390915594485 0.10950156704403802 0.02200866568697684 0 0.057413577826744971 nan nan nan nan nan nan nan nan nan nan 0 0 0 0 running
10220 7.8896386486584902 0.00081736267359593161 0.02 326.585285 0.016000960719936539 0.023659274359111259 0.022660339320346425 0.0066830219225285179 0 0.012737295492953972 nan nan nan nan nan nan nan nan nan nan 0.10611266722709191 0.10935852184633718 0.021960429306196745 0 0.057349265865000595 nan nan nan nan nan nan nan nan nan nan 0 0 0 0 running
10230 7.8978123877400286 0.00081738309110914527 0.02 326.87144899999998 0.015973384219470702 0.023618492873718464 0.022620376520229163 0.0066738128095075819 0 0.012715761878668769 nan nan nan nan nan nan nan nan nan nan 0.10594964892114683 0.10921365696349558 0.021912229126341672 0 0.057283942138307412 nan nan nan nan nan nan nan nan nan nan 0 0 0 0 running
10240 7.9059863306686911 0.00081740344901328128 0.02 327.16600599999998 0.015945760333678234 0.023577649942037943 0.022580331566780118 0.0066646030441068187 0 0.012694190754238903 nan nan nan nan nan nan nan nan nan nan 0.10578486801680966 0.1090669855367663 0.021864065951898687 0 0.057217612841767379 nan nan nan nan nan nan nan nan nan nan 0 0 0 0 running
10250 7.9141604768494327 0.00081742374749801852 0.02 327.45449000000002 0.015918089426073891 0.023536746167952052 0.022540204983386939 0.006655392643252738 0 0.012672582324800955 nan nan nan nan nan nan nan nan nan nan 0.10561833833919287 0.1089185207679253 0.021815940577648095 0 0.057150284217396152 nan nan nan nan nan nan nan nan nan nan 0 0 0 0 running
10260 7.9223348256890977 0.00081744398675203799 0.02 327.78895199999999 0.015890371864772677 0.023495782161973469 0.022499997300367724 0.0066461816247452713 0 0.012650936799116042 nan nan nan nan nan nan nan nan nan nan 0.10545007375807196 0.10876827591742427 0.021767853787014995 0 0.057081962553079568 nan nan nan nan nan nan nan nan nan nan 0 0 0 0 running
10270 7.9305093765964116 0.00081746416696303721 0.02 328.07741299999998 0.015862608022447596 0.023454758541173001 0.022459709054913062 0.0066369700072452242 0 0.012629254389549274 nan nan nan nan nan nan nan nan nan nan 0.10528008818613807 0.1086162643025517 0.021719806352302022 0 0.057012654181536213 nan nan nan nan nan nan nan nan nan nan 0 0 0 0 running
10280 7.938684128981973 0.00081748428831775004 0.02 328.375562 0.015834798276286938 0.023413675929106821 0.022419340791027087 0.0066277578102618652 0 0.012607535312049086 nan nan nan nan nan nan nan nan nan nan 0.10510839557727515 0.10846249929561255 0.021671799034907503 0 0.056942365479279999 nan nan nan nan nan nan nan nan nan nan 0 0 0 0 running
10290 7.946859082258241 0.0008175043510019618 0.02 328.68613900000003 0.015806943007951251 0.023372534955742992 0.022378893059468299 0.0066185450541406746 0 0.012585779786126008 nan nan nan nan nan nan nan nan nan nan 0.10493500992484354 0.10830699432211247 0.021623832585535775 0 0.056871102865596282 nan nan nan nan nan nan nan nan nan nan 0 0 0 0 running
10300 7.9550342358395278 0.00081752435520052776 0.02 328.97667300000001 0.015779042603529598 0.023331336257387376 0.022338366417689059 0.0066093317600512238 0 0.012563988034830808 nan nan nan nan nan nan nan nan nan nan 0.10475994525998089 0.10814976285896163 0.021575907744385652 0 0.056798872801508554 nan nan nan nan nan nan nan nan nan nan 0 0 0 0 running
10310 7.9632095891419894 0.00081754430109739118 0.02 329.26224500000001 0.015751097453495514 0.023290080476608847 0.022297761429774552 0.0066001179499752469 0 0.012542160284732482 nan nan nan nan nan nan nan nan nan nan 0.10458321564990848 0.10799081843268318 0.021528025241336419 0 0.056725681788764304 nan nan nan nan nan nan nan nan nan nan 0 0 0 0 running
10320 7.9713851415836157 0.00081756418887560071 0.02 329.54094800000001 0.015723107952662366 0.023248768262163818 0.022257078666380992 0.0065909036466946574 0 0.012520296765895464 nan nan nan nan nan nan nan nan nan nan 0.10440483519626366 0.1078301746176363 0.021480185796120682 0 0.05665153636881573 nan nan nan nan nan nan nan nan nan nan 0 0 0 0 running
10330 7.9795608925842245 0.00081758401871732966 0.02 329.817677 0.015695074500138354 0.023207400268920365 0.022216318704672909 0.0065816888737798033 0 0.01249839771185671 nan nan nan nan nan nan nan nan nan nan 0.10424212092691965 0.10766784503424942 0.021432390118488 0 0.056576443121802308 nan nan nan nan nan nan nan nan nan nan 0 0 0 0 running
10340 7.9877368415654493 0.00081760379080389369 0.02 330.11813000000001 0.015666997499280917 0.023165977157781289 0.022175482128259805 0.0065724736555778061 0 0.012476463359602097 nan nan nan nan nan nan nan nan nan nan 0.1042097621395176 0.1075038433472644 0.021394194335404841 0 0.056500408665548826 nan nan nan nan nan nan nan nan nan nan 0 0 0 0 running
10350 7.9959129879507289 0.00081762350531576912 0.02 330.41830099999999 0.015638877357650835 0.023124499595607143 0.022134569527132136 0.0065632580172009609 0 0.012454493949542298 nan nan nan nan nan nan nan nan nan nan 0.10417535495381644 0.10733818326398625 0.021366634358178451 0 0.056423439654553251 nan nan nan nan nan nan nan nan nan nan 0 0 0 0 running
10355 8 0.00081649835082941991 0.02 330.56797999999998 0.015624805572581068 0.023103747004509477 0.022114091272338054 0.0065586513513087169 0 0.012443499504042244 nan nan nan nan nan nan nan nan nan nan 0.10415739015552326 0.10725475884277069 0.021352809419189052 0 0.056384617593539715 nan nan nan nan nan nan nan nan nan nan 0 0 0 1 physical_time_reached
