TITLE="WCNS step 10355 time 8"
VARIABLES="X","Y","rho","u","v","p","T","mach","entropy_proxy","jacobian"
ZONE T="CylinderZone1", I=12, J=32, DATAPACKING=POINT, SOLUTIONTIME=8
0.52558950866491683 -0.034448944338808608 0.14831354397244317 0.096586527420492022 0.093216052446982708 0.020535257276519836 4.8460442968909332 0.3048820752711438 0.29706193848339196 0.0037555925766887075
0.51659659468064756 -0.10275745369003549 0.13240306611062416 0.174299197794863 0.25572369358605079 0.016272746315101935 4.3016082418466652 0.74607114502115701 0.27593296952484697 0.0037558630491548411
0.49876447148121666 -0.16930772401403965 0.12495657825139152 0.29645965345595487 0.37889110823236899 0.01291789994404435 3.6182688730047179 1.2645766967551335 0.23753583790572155 0.0037557903348240359
0.47239837975688048 -0.23296110024170449 0.13650915057417631 0.41213460978226163 0.42181018124955966 0.012573548046995555 3.2237705628464668 1.6422507628623317 0.20428259953737732 0.0037558094721364373
0.43794942078132948 -0.2926284474552146 0.17004924616380163 0.49390250612653569 0.39912534877806816 0.015376415243345719 3.164815752434933 1.7847524395095691 0.18367519232425508 0.0037558085195950356
0.39600702579369118 -0.34728884080083267 0.2251916409625333 0.54938125176460473 0.34706189077653821 0.020868330948457883 3.2434222660439889 1.8041151506722091 0.16823429930791697 0.0037558085632903452
0.34728884080083278 -0.39600702579369118 0.30199958936427967 0.58872258206126493 0.2838026966656168 0.029024212829072471 3.3637378450857542 1.7817352205101966 0.15514992021214324 0.0037558085632901669
0.29262844745521455 -0.43794942078132948 0.40279426572117705 0.61572637079559422 0.21516239668962248 0.040337204209974789 3.5050204682799269 1.7419292924199383 0.14407519063243435 0.00375580851959522
0.23296110024170449 -0.47239837975688037 0.53085281671552742 0.63103952201460956 0.14381519902254164 0.055574531622555566 3.664120342754257 1.6905851456333256 0.13486896810359056 0.0037558094721364334
0.16930772401403962 -0.49876447148121655 0.68971363382272477 0.63459365224883812 0.071840405807830757 0.075690780356893347 3.8409815027306311 1.6293330093753726 0.12732293681437984 0.00375579033482412
0.10275745369003556 -0.51659659468064756 0.88247273079866695 0.62633211502242658 0.0012820567634531997 0.10175445715169895 4.0357122347860779 1.5588900994026791 0.12121926039134741 0.0037558630491547596
0.034448944338808719 -0.52558950866491672 1.1111594792911117 0.60645726677310974 -0.065762389438727031 0.13485969838086265 4.2478955778318275 1.4798637755387145 0.11635772735319345 0.003755592576688547
0.58213804693815918 -0.038155330054848148 0.17359132204692015 0.19198597990581273 0.087815591000398069 0.024311106049909759 4.9016776922666052 0.47678204632459698 0.2821405462463048 0.0044987895583587329
0.57217757912672307 -0.11381319910933096 0.1617597239336267 0.2799478352006034 0.23287239163691967 0.020050480157459385 4.3383284027987612 0.87414023985805911 0.25686576261044053 0.0044991135548203397
0.55242688547523389 -0.18752365898519846 0.16067509056788717 0.40349122323052372 0.32958208614642426 0.016831257576937181 3.6663680256145552 1.3604435127061132 0.21766499517053481 0.0044990264509971187
0.52322404773064968 -0.25802554592795462 0.18105182298902034 0.50859139513331064 0.3500869254016763 0.017108371981936966 3.307301792657948 1.6975570662613475 0.18719085224967433 0.0044990493754063828
0.48506870146428183 -0.32411254424168695 0.22681892344849428 0.57619352837529603 0.31443422369574342 0.021197291038777152 3.2709139709075159 1.8147110957468724 0.16917234289870214 0.004499048234366
0.4386136952294088 -0.38465388706246989 0.29734308807312027 0.61686684011841886 0.25584360809805357 0.028570208274490843 3.362974720655028 1.8208166286008032 0.15608185569852345 0.0044990482867079146
0.38465388706247 -0.43861369522940885 0.39297746366132746 0.64150829961391687 0.18969826688386901 0.039232595567290737 3.4941974295726417 1.7893763738037374 0.14505487791978203 0.0044990482867079381
0.32411254424168706 -0.48506870146428194 0.51539134391535713 0.65406782861258494 0.12129903087569263 0.053658811300202121 3.6439463248583728 1.7424068787357301 0.13572163387599159 0.0044990482343659792
0.25802554592795462 -0.52322404773064968 0.66703232192714457 0.65577159134930108 0.053140659546675177 0.07257640525130489 3.8081725541796927 1.6857205364376582 0.12793513252040511 0.0044990493754064114
0.18752365898519849 -0.55242688547523389 0.85025314053827383 0.64714311074334663 -0.012914020223796632 0.096830538365255195 3.9859527446851328 1.6210287539838417 0.12151917260155481 0.0044990264509970467
0.11381319910933102 -0.57217757912672296 1.0665657833168605 0.62867758316554678 -0.075142483749303782 0.1272773184222368 4.1766820291397782 1.5490395967347221 0.11629694623623309 0.0044991135548203961
0.038155330054848238 -0.58213804693815896 1.3160447929007082 0.60105590750315507 -0.1318861256163058 0.16467213036871398 4.3794288673991879 1.4702365540992466 0.11210917699288346 0.0044987895583587989
0.64328160297155379 -0.042162889040988617 0.20098010764726673 0.26787909058661552 0.081999228869565358 0.027988829272898561 4.8741591144753356 0.63446573711204335 0.26458817375586807 0.0053749747213132568
0.63227495990160221 -0.12576731163243934 0.19247549495400554 0.35609095516120692 0.21187878902555379 0.023670890383543079 4.3043461857170815 0.99860375520609335 0.23773272646179 0.0053753618193910632
0.61044979671435595 -0.20721978331697014 0.19706566092646896 0.47249959196904612 0.28929914286487696 0.020640000833300729 3.6657833993328257 1.44683938635113 0.20056464288772677 0.0053752577512096531
0.57817970481010705 -0.28512667685123388 0.2257923009430666 0.56565806565680499 0.29531051435268457 0.021625934139181451 3.3522298630680356 1.7425887784752037 0.17369291150485572 0.0053752851403815307
0.53601679785485867 -0.35815497389252354 0.28289977640225578 0.621824615471952 0.25251434033275633 0.026977380477128353 3.3376071473453797 1.8368163384145779 0.1580207545408891 0.0053752837771118694
0.48468249487638099 -0.42505514003119349 0.36789176365489445 0.6526421354181986 0.19085404366355907 0.036131636889301211 3.4374438754128405 1.8337732023502997 0.14651414198024854 0.0053752838396478536
0.42505514003119355 -0.48468249487638088 0.48097327643268273 0.6680344345250786 0.12389770451249414 0.049088419100955648 3.5721208451794619 1.7974198989772452 0.13677594372157034 0.0053752838396478719
0.35815497389252365 -0.53601679785485856 0.62327679671467695 0.67186563838030489 0.056583266987207594 0.066286487435521096 3.7223061567872997 1.7473548573394155 0.1284906905106514 0.005375283777111846
0.28512667685123405 -0.57817970481010705 0.79653739056367978 0.66565265157199116 -0.0087046461876107931 0.08838396021103774 3.8836075252300422 1.6890291052931208 0.12153037087763578 0.0053752851403814916
0.20721978331697022 -0.61044979671435584 1.002130339842549 0.65028056347363183 -0.07023946158842452 0.116091533568035 4.0545660669545347 1.6241172830425681 0.1157461763800231 0.0053752577512096826
0.12576731163243943 -0.63227495990160232 1.2402600905959547 0.62659739796302383 -0.12650638991653193 0.15003934651731901 4.2340934473174334 1.5532949627821464 0.11099087807936492 0.0053753618193910753
0.042162889040988721 -0.64328160297155401 1.5093252535179866 0.59559475956346863 -0.17612913754718357 0.19064435325888809 4.4208843265979016 1.4769676390491606 0.1071341608652618 0.0053749747213132082
0.70939354805017341 -0.046496093335589024 0.22806361557693872 0.33051835182869232 0.075738421675307463 0.031300858687226325 4.8036160881026424 0.77356094589976732 0.24790075232438072 0.0064090998985405897
0.69725571985262103 -0.13869278868777674 0.22244027337365083 0.4152998176237635 0.19180453213471374 0.026962877159885212 4.2424902886825482 1.110467143469555 0.22114007111357797 0.0064095614728514032
0.67318752036012086 -0.2285163707999186 0.23221699692261105 0.52283235162004615 0.25416961921857428 0.024194297316525653 3.64659097484813 1.5221465597437727 0.18683636408150184 0.0064094373823382752
0.63760093606156054 -0.31442998525203647 0.2687809442097267 0.60533392244703188 0.24973458997467468 0.025918870621965028 3.3750922093016058 1.7821851084277964 0.16310159514481848 0.0064094700410850672
0.5911048229706104 -0.39496361548003067 0.33638590590358824 0.65242088339845172 0.2022362732260875 0.032454107962482187 3.3767579365026572 1.8585331373947274 0.149175248133988 0.0064094684155272851
0.53449474247341433 -0.46873930874255942 0.43490085212302554 0.67588372178599732 0.13882266395351858 0.043232879514132079 3.4793005670381296 1.8495616207428185 0.13869723411947021 0.0064094684900952636
0.46873930874255937 -0.53449474247341433 0.56428661391295787 0.68463266437150627 0.071783899007887994 0.058234387703794591 3.6120005635916637 1.8110394578194731 0.12974178428736757 0.0064094684900952506
0.39496361548003078 -0.59110482297061018 0.7253044129788595 0.68245198849307365 0.005781737887264291 0.077854487732003486 3.7569150538486169 1.7605242236077439 0.12205489562826799 0.0064094684155273545
0.31442998525203658 -0.63760093606156032 0.91914622192817019 0.67107994965456697 -0.056898207617443165 0.10266749857390771 3.9094567986742401 1.7031051978552447 0.11552993576685736 0.0064094700410850533
0.2285163707999186 -0.67318752036012086 1.1463648926766123 0.65168741737496128 -0.11465163839771508 0.13323186431849546 4.0677408005196032 1.6404077935325789 0.11004139231481652 0.0064094373823382648
0.13869278868777679 -0.69725571985262114 1.4059149424359481 0.62539968945653113 -0.16613783161516929 0.16992473707299191 4.2302458077376377 1.5730859494116141 0.10546635607826946 0.0064095614728513738
0.046496093335589177 -0.70939354805017352 1.6943398571623209 0.5934509515187778 -0.21019660746040381 0.21277285939763541 4.3952516607422618 1.5015046497779165 0.10169872119317959 0.0064090998985405845
0.78087760483207302 -0.051181404310397423 0.25369646437219623 0.38351700807979422 0.069363824403081226 0.034144926530653659 4.710638874169784 0.89785080341261736 0.23296249127258628 0.0076281951361490382
0.76751667388363209 -0.15266856166886369 0.25075088068437335 0.46351447238024002 0.17275321265604138 0.029861068718999725 4.1680308408450033 1.2114683309609364 0.20709322586644152 0.0076287445079746292
0.74102317387368444 -0.2515434722878781 0.26543430954641734 0.56219871351977024 0.22277880872881231 0.027428543172012505 3.6167103327649275 1.5899164735238487 0.1756559477663088 0.0076285968138110694
0.70185060628042939 -0.34611441624449141 0.30949268416562908 0.63547092292987584 0.21026750309713144 0.029898880072391148 3.3812133693886901 1.8200781403494153 0.15443451858075824 0.0076286356846818285
0.6506691802239658 -0.43476324657811616 0.38708029445249026 0.67520820823683969 0.15935797165101642 0.037533548374265036 3.3938028118181869 1.8829341106761821 0.14174186283670642 0.0076286337499217221
0.58835462409429162 -0.5159731572236449 0.4986097493904052 0.69292502269504297 0.0948455303228595 0.049790044996670758 3.4950210563955024 1.8705186107431091 0.13190991675114289 0.0076286338386732403
0.5159731572236449 -0.58835462409429151 0.64389314620008198 0.69670331733969704 0.028057743881779559 0.066627523382400813 3.6216619631439073 1.8319592996073544 0.12339976910357922 0.0076286338386731857
0.43476324657811627 -0.65066918022396569 0.82348301696431891 0.69028742698783108 -0.036571739213701007 0.088394980024654776 3.7569983033790373 1.7831510377464701 0.11601418575020528 0.0076286337499216006
0.34611441624449152 -0.70185060628042928 1.0381249741142313 0.67561834168350809 -0.096853138334276098 0.11556533813480487 3.8962426791617983 1.7288834111534936 0.1096675395097859 0.0076286356846819291
0.2515434722878781 -0.74102317387368444 1.2874687000451692 0.65412125045162772 -0.15129058778855145 0.14850178449386797 4.0370398531749476 1.6707552478252861 0.10425582300710495 0.0076285968138110312
0.15266856166886375 -0.76751667388363209 1.5687812179806426 0.62716948081177648 -0.19867333676366292 0.18723531682480452 4.1772785184058625 1.6094343336658836 0.099678257251149996 0.0076287445079746465
0.051181404310397589 -0.78087760483207291 1.8756942315329059 0.59623221726722853 -0.2379641286885586 0.23121721986051688 4.3144573089400104 1.5453207904577286 0.095850264364451349 0.0076281951361489905
0.85817029933563249 -0.056247433382235673 0.27725713865256763 0.42930068067496757 0.063117531516787326 0.036485829091395257 4.605847203994875 1.0109290511978235 0.21983072275307358 0.0090644524153283054
0.84348687898848107 -0.16777997531979935 0.27694859236535491 0.50415480550492597 0.15484439533414965 0.032338875220829351 4.0868979396754552 1.3044028706706601 0.1951488892307508 0.0090651052243719676
0.81437100385863304 -0.27644170555465569 0.29647072348644204 0.59458476639437396 0.19435569570469305 0.030311858433055869 3.5784816509389246 1.6534017987875895 0.1662792379522291 0.0090649297219505109
0.7713210638306075 -0.38037345462966349 0.34782619390337643 0.65977065521376133 0.17528969991116966 0.033523974538690347 3.3733488971830359 1.8584180720232539 0.14704433710022591 0.0090649759115342
0.71507360654983998 -0.47779690843651279 0.43529341072557559 0.69350651806328889 0.12172352690174237 0.042188845410536656 3.3922167242284691 1.9114696808482383 0.13517697073982854 0.0090649736124922085
0.64659104160514613 -0.56704512466968349 0.55985794180361137 0.7066752013888592 0.056485151152707275 0.055807015085815634 3.4888234676975207 1.8977250305362585 0.12571289096611887 0.0090649737179540387
0.56704512466968371 -0.64659104160514613 0.7213784870209059 0.70675523739410573 -0.0098686887900406289 0.074324893521513891 3.6061115174772578 1.861066096170269 0.11741020177954212 0.009064973717954089
0.47779690843651279 -0.71507360654983987 0.92029548519917115 0.69749283325170486 -0.073099279786800891 0.098033078804960996 3.7283218376415017 1.8160387975409136 0.11012208718883237 0.0090649736124921963
0.38037345462966365 -0.77132106383060739 1.1567876565097301 0.68102945517828639 -0.13109398653478918 0.12725839600775313 3.8503556210199137 1.7672017785300624 0.1037842236146829 0.0090649759115342746
0.27644170555465569 -0.81437100385863315 1.4290390447957984 0.65903750112032822 -0.18241854274281105 0.16206007520895899 3.9691726037725998 1.7161707334087681 0.098313759378069229 0.0090649297219504987
0.16777997531979941 -0.84348687898848107 1.7313010965981364 0.63315229865993239 -0.2258945374539218 0.20190081787787609 4.0816289160503789 1.66371642876519 0.093630303787492555 0.009065105224372004
0.056247433382235826 -0.85817029933563249 2.0517831007530472 0.60515278951862284 -0.2604381437256536 0.24525242505076844 4.1835976056940272 1.6104931824362763 0.08966630684145005 0.0090644524153282412
0.94174362872637962 -0.061725116868924602 0.29841816169444479 0.46957421529548299 0.057139014436432267 0.038324528462512553 4.4948956429305582 1.1155938015558338 0.20831544419425396 0.010755486020047438
0.9256302563916039 -0.18411930931146553 0.30081953808907202 0.5393653746790894 0.13811809890356455 0.034393298320755362 4.0016198668553438 1.3916405131431528 0.18486103090676848 0.010756260614939771
0.89367891768930341 -0.30336311466604632 0.32529426953839252 0.62226593575996281 0.1683956049925763 0.032835828095309376 3.5329671923002741 1.7148389044686911 0.15818343259888601 0.010756052371379853
0.84643653844379441 -0.41741630735932733 0.38394609030089483 0.68034538015632573 0.14381427930266757 0.036783115905438833 3.353098489223207 1.8987536125873663 0.14049800782634206 0.010756107177936212
0.78471139534896805 -0.52432739130402606 0.48158668224528023 0.7091492708718421 0.088063866562400991 0.046431885412025795 3.3745035891116575 1.945027947973305 0.12914335452674899 0.010756104449992471
0.70955962271661943 -0.62226708821249599 0.61973066767559104 0.71875029665161327 0.02234440306243721 0.061331393070190435 3.4637607385825211 1.9318965193771951 0.11983912962516752 0.010756104575129308
0.62226708821249599 -0.70955962271661965 0.79846121443450746 0.71620262138362267 -0.043430849620276886 0.081418146572176067 3.5689086401468515 1.8990449224929828 0.11157473314228462 0.010756104575129068
0.52432739130402606 -0.78471139534896817 1.0180198914709808 0.70528870435893487 -0.10517734211728419 0.10688871611232849 3.6748840482634195 1.8599072347558867 0.10424928645983493 0.010756104449992613
0.41741630735932744 -0.84643653844379441 1.2774504183711424 0.68835611233093019 -0.16080486041249215 0.13782031422674657 3.776045569732406 1.8188745109362667 0.097820879165760974 0.010756107177936163
0.30336311466604632 -0.89367891768930341 1.5720380135011955 0.66734262763460217 -0.20883534565178782 0.17374317413693313 3.8682341242046463 1.7776635884195884 0.092227299122650153 0.010756052371379887
0.18411930931146553 -0.9256302563916039 1.8902379152517232 0.64421814910403996 -0.24794284513898066 0.21313537691572301 3.9464546362042223 1.7373789781844304 0.08740423641588968 0.010756260614939624
0.061725116868924783 -0.94174362872637962 2.2102439909577214 0.62125940631552545 -0.27671959836938809 0.25282040079379836 4.0035009956552621 1.6995082093729947 0.08329056527402641 0.010755486020047769
1.0321079436246354 -0.067647904905641709 0.31703801375328572 0.50557249022246331 0.0514998193218376 0.039682882162885569 4.3808654293279421 1.2139898843972889 0.19817430031213301 0.012745348818360785
1.0144484245389631 -0.20178634175847204 0.32230159770203681 0.57057198954862509 0.12255985375679493 0.036036670381702579 3.9133639765383381 1.475027746019036 0.17586410883289674 0.012746266720357519
0.97943121871121142 -0.33247209845526721 0.35198074208988145 0.64664859675824515 0.14455457277152511 0.035005694339254947 3.4808702695088587 1.7757559960712868 0.15101226889233982 0.012746019949843663
0.9276557318295432 -0.4574691810834613 0.4182223676504182 0.69854164815818587 0.11517458623329388 0.039690504281076115 3.3216005546889464 1.9422848944632249 0.1344981955875397 0.012746084896112016
0.86000779818151263 -0.57463883918889846 0.52666100324762088 0.72327159497539351 0.057573493490278842 0.050297981620533491 3.3426233269682073 1.9842632262620281 0.12342607853524008 0.012746081663473845
0.77764489266738823 -0.68197626743582818 0.6793840206476045 0.73015440507721474 -0.0084220221400649678 0.066428717585826288 3.4222251957484748 1.9736007900599311 0.11412857884457718 0.01274608181176182
0.68197626743582807 -0.77764489266738812 0.87670616779163868 0.72592473321573747 -0.073431727807659011 0.087991505808693082 3.5128105780414463 1.946457442664459 0.10579010866394514 0.012746081811761897
0.57463883918889858 -0.86000779818151274 1.1182094602009616 0.71442635697011214 -0.13345875732724799 0.11500677863070503 3.599716681972398 1.9153216883949731 0.098353770094750395 0.012746081663473791
0.45746918108346141 -0.92765573182954297 1.4004615487366745 0.69822745164637678 -0.18633246131331951 0.14710465430591663 3.6764043253565353 1.8844907146862999 0.091800859799097551 0.01274608489611196
0.33247209845526732 -0.97943121871121142 1.713105955240025 0.67958310097448926 -0.23036332161340792 0.18290900129002938 3.7369638572617663 1.8559752971131469 0.086086918749967586 0.012746019949843772
0.2017863417584721 -1.0144484245389631 2.0342631186171904 0.66093994056884708 -0.26383305570858251 0.21931981839960585 3.7734517062372417 1.8317604318938423 0.08115362093986056 0.012746266720357585
0.067647904905641876 -1.0321079436246354 2.3261512802735749 0.64536555712227517 -0.28469458466325576 0.25080909804224483 3.7737521616297647 1.815518514054713 0.07692192582066211 0.012745348818360392
1.1298150646231575 -0.074051965712207804 0.33310060625621973 0.53821647081207991 0.046231879529414439 0.040594872716079623 4.2654396806163923 1.3078002876695356 0.18917580541596005 0.015085622032438356
1.110483762291617 -0.22088895852625334 0.34144155033472151 0.59877960422003507 0.10812598688335483 0.037292041606340698 3.8226790311967398 1.556040370267795 0.16787005879021821 0.015086708477602772
1.0721515636978696 -0.36394641444426984 0.37672278997608821 0.66870770089566134 0.12256738144363098 0.036839766204578711 3.4226541374912083 1.837384556834754 0.14450611125466709 0.015086416395624035
1.0154746187925974 -0.5007766635084514 0.45110614566267615 0.71523346108987085 0.088912138234184049 0.042274630737752665 3.2799643464967336 1.9898176743105096 0.12885153051394591 0.015086493267184666
0.94142262161702928 -0.62903848501848225 0.57127289350340205 0.73662332747019788 0.029729858389515192 0.053833835097731417 3.2982209515950371 2.0296867783693964 0.11788926370130268 0.015086489440976729
0.85126262237393235 -0.74653728364742988 0.73989348233041141 0.74154092889769818 -0.036312995668056965 0.07116110670988475 3.3662125585586198 2.0232728982210739 0.10849402251227817 0.015086489616492919
0.74653728364743011 -0.85126262237393235 0.95722730360550878 0.73647024675704831 -0.1002584177197763 0.094084574924050909 3.4401025821784335 2.0036734081363914 0.10002241085714919 0.015086489616493013
0.62903848501848225 -0.94142262161702917 1.2211103079400869 0.72533445263554763 -0.15809753898039217 0.12229591928669989 3.5052993514859629 1.9825519859256697 0.092460259857121155 0.015086489440976559
0.50077666350845162 -1.0154746187925972 1.523187168862161 0.71095101773793756 -0.20743200604962825 0.15466468858322099 3.5539060499971762 1.964251927120328 0.085809740736001422 0.015086493267184663
0.36394641444426984 -1.0721515636978696 1.8432368743621925 0.69598509565538835 -0.24615108423147986 0.18840331434093818 3.5774653202141335 1.9515280832644086 0.080034074745877565 0.015086416395624061
0.22088895852625343 -1.110483762291617 2.1434648455882783 0.68356020479590918 -0.27187488197088211 0.21825282160164816 3.5637854120700267 1.9484142200516339 0.075057994438672726 0.015086708477602743
0.074051965712207984 -1.1298150646231575 2.3657885434653942 0.67767635150406647 -0.28163159842747976 0.23625915891658877 3.4952703512704777 1.9626701060357259 0.070765627076937121 0.015085622032438293
1.2354616520461781 -0.08097640645868584 0.3466779657283442 0.5682121830170227 0.041344720613736528 0.041101185168168484 4.1495036361621356 1.3983925714468897 0.18111633016897177 0.017836695028521796
1.2143227210276792 -0.24154381204912379 0.35836618313964341 0.62472846147716188 0.094759051774814959 0.038189532383762576 3.7297984433414144 1.635904338186168 0.16065213850824386 0.017837979602072392
1.1724061606240623 -0.39797826434149702 0.39978706032995343 0.68913179793649748 0.10222450797293428 0.038365724572307129 3.3587889450567778 1.9006724307082643 0.13847876376468152 0.017837634254882658
1.1104294759628843 -0.547603217001434 0.48308605699088591 0.73101692730444678 0.064705163827167095 0.044571418161994635 3.2292375477360662 2.0419358634753064 0.12343040344153933 0.01783772514504146
1.029453035098767 -0.68785852679418213 0.61615219481100136 0.74970962080750381 0.0042028319200094234 0.057086301060262329 3.2427386477337885 2.0816798502763874 0.11245239354036489 0.017837720621071355
0.9308623673858063 -0.81634438648306851 0.80209288597246109 0.75332465514437807 -0.061584281343636429 0.075567653916895156 3.2974583499667589 2.0811764677097546 0.10290142974447654 0.01783772082859568
0.81634438648306884 -0.9308623673858063 1.0403641512872286 0.74814214138080382 -0.12400039327018517 0.099660111258961945 3.3527720904887728 2.0707941925201814 0.094289175295288769 0.017837720828595704
0.68785852679418213 -1.0294530350987665 1.3251006410195039 0.73818176796040702 -0.17889979691325539 0.12848981782586316 3.3938128772596721 2.0614979100714383 0.08664037107450541 0.017837720621071279
0.54760321700143422 -1.1104294759628839 1.6393730618948752 0.7265569043049338 -0.22349373384966731 0.159761396150085 3.4108458832952127 2.0579776142812984 0.079969233778256862 0.01783772514504153
0.39797826434149702 -1.1724061606240623 1.9481023735390461 0.71645472165557167 -0.2550584045085359 0.18880670155584683 3.3921392618975141 2.0645865892987567 0.074226831017737013 0.017837634254882759
0.24154381204912381 -1.2143227210276797 2.1939249399324656 0.71180401158889572 -0.27037795003265669 0.20814306355851325 3.320536215373239 2.0892646613575843 0.069286954324541752 0.017837979602072347
0.080976406458686048 -1.2354616520461781 2.3049391396059682 0.71777701904602498 -0.26568506468893305 0.20878132583793221 3.1702990638883364 2.1492738530254103 0.064858724478759622 0.017836695028521921
1.3496928495276665 -0.088463512078033477 0.35790840532392532 0.59611588713980346 0.036835246325117414 0.041246124887684664 4.0334743416775094 1.4869234047060664 0.17382110065886627 0.021069261828179701
1.3265994058784254 -0.26387703368244381 0.37328296404842015 0.64900351077243712 0.082393467969743256 0.038764703890106479 3.6346813688107029 1.7157570580741015 0.15402209733680283 0.021070779206619764
1.2808072262831649 -0.4347754677448078 0.42145319548289994 0.70839405888699647 0.083357510254191788 0.039615593800809444 3.289916404538558 1.9662493114777724 0.13280581108147554 0.021070371271722062
1.2131001566334658 -0.59823479356165199 0.51464849520856926 0.74630570246284234 0.042329754770160981 0.046618327308649558 3.1703997374339306 2.0990713692293217 0.11815216842237983 0.021070478634019157
1.1246366069688629 -0.75145815619863654 0.66192034799943711 0.76286093118456044 -0.019197487165476441 0.060092171351480289 3.1774608552794805 2.1404877441148606 0.10707544114111023 0.021070473290164298
1.0169302131508478 -0.89182386143950076 0.86641014059936394 0.76573761350951242 -0.084313873375828255 0.079647713826283092 3.217494637179779 2.1473749546842567 0.097355474346833504 0.021070473535298156
0.89182386143950088 -1.0169302131508475 1.1253925351832825 0.76104627263345581 -0.14454030796768658 0.10458355324109918 3.2525756526166965 2.1476429558244852 0.088641633520419982 0.021070473535298045
0.75145815619863665 -1.1246366069688629 1.4263834142682603 0.75292604035302835 -0.19546621511104043 0.13315171847684809 3.2672212079526961 2.1517706742991525 0.080987125270496688 0.021070473290164329
0.59823479356165199 -1.2131001566334654 1.7395004228191855 0.74484709973442287 -0.23377276953506351 0.16149543038531641 3.2494042446724731 2.1653897266978412 0.074398792010092751 0.021070478634019417
0.43477546774480769 -1.2808072262831649 2.011121526055283 0.74062970396632422 -0.256002232165712 0.18291990320770232 3.1833961909142374 2.1960054922719068 0.068777648394327789 0.021070371271721965
0.26387703368244392 -1.3265994058784256 2.1675519846809777 0.74503126231010819 -0.25814868835925725 0.18867353282614335 3.0465583702781434 2.2587074882863281 0.063878344269188245 0.021070779206619681
0.088463512078033699 -1.3496928495276665 2.141054468833913 0.76434984148636509 -0.23602519040190231 0.17153067073423989 2.8040265003764446 2.3886256450082004 0.059083060475444475 0.021069261828180308
1.4732062236587791 -0.096559003484148628 0.36697405105019953 0.62236870554993928 0.032691873941469607 0.041075274155638719 3.9175374657016655 1.5743797702060585 0.16714406965095577 0.024866071266901445
1.4479994479677905 -0.2880250039389608 0.38645200240988087 0.67204243512380724 0.070947915813317206 0.039057835916206395 3.5373713866126946 1.7965244122346471 0.14783402108388666 0.024867862086186465
1.398016724862865 -0.47456273121692799 0.44200171259801635 0.72684888875166931 0.065837508719586754 0.040620725944373576 3.2165608549236424 2.0346634822862977 0.1273955175878434 0.02486738063893314
1.3241136317046387 -0.65298058102084122 0.5462384747603205 0.76138349446435372 0.021636413777376299 0.048448811260890609 3.1043371543625797 2.1615451162680812 0.11296604501242127 0.024867507348571169
1.2275545871942906 -0.82022575204306825 0.70901342512602161 0.77627355478449422 -0.040555969337953565 0.062869776017237061 3.1035267884933431 2.2062206133123046 0.1017479507447866 0.024867501041720547
1.1099917433546187 -0.97343663303829731 0.93272772831090112 0.7788679938103279 -0.10445494575605135 0.083350434786771496 3.1276707295277282 2.2217450112289159 0.091886355579528539 0.024867501331029166
0.97343663303829742 -1.1099917433546183 1.2103764003060187 0.77513822661210097 -0.16164267334777035 0.10862500151811676 3.1410683884440962 2.2338492700126107 0.083145963307435122 0.024867501331029277
0.82022575204306847 -1.2275545871942906 1.5192399699349646 0.7693760990814642 -0.20734578679295862 0.13574606751336807 3.1272955240605929 2.2529372798839593 0.075587560331197901 0.024867501041720644
0.65298058102084133 -1.3241136317046385 1.8127521176189494 0.76546560482636794 -0.23765167337347451 0.15908882084634107 3.0716327233183609 2.2866174074084293 0.069177660924441317 0.024867507348570905
0.47456273121692788 -1.3980167248628652 2.0196099205973601 0.76782998954900739 -0.2484170345579732 0.17047552446031178 2.954354347817028 2.3475808304416406 0.063721727600994912 0.024867380638933241
0.28802500393896097 -1.4479994479677907 2.0636847193452152 0.78197876162044511 -0.23527850829133651 0.16195426002889535 2.7467369612665697 2.4636243676809615 0.058734285282456049 0.02486786208618668
0.096559003484148864 -1.4732062236587791 1.9102096751991733 0.81416885323699528 -0.19503959561172016 0.13157795113222129 2.4108496279526372 2.6959789301723696 0.053170367601390128 0.024866071266900731
1.6067560237624181 -0.10531231677214718 0.37407440585848234 0.64731884978419318 0.02889689779914956 0.040632834104298916 3.801781597126825 1.661601893542231 0.16096665614436168 0.029323973742269291
1.5792641913015586 -0.31413518531286699 0.39810260256579377 0.69412502046135161 0.060343277249236583 0.039107954380512372 3.4382553468650943 1.8787698226934626 0.14199468101861112 0.029326085613387048
1.5247504103093534 -0.51758302048318972 0.46176709117153558 0.74480430444318413 0.04956010271510794 0.041412509452539707 3.138893734569129 2.1066055308012692 0.1221629123684604 0.029325517853950364
1.4441478183573935 -0.71217489113603527 0.57822917272585261 0.77643525190109963 0.0025329956069838708 0.050088263143276704 3.0318242158198845 2.2295927913015192 0.10784399659059797 0.029325667279650001
1.3388354568399206 -0.89458125194936033 0.75761850200640402 0.79003942310095499 -0.059880109002409414 0.065413500722226084 3.0219332247000619 2.2788734708471048 0.096479843606008128 0.029325659842129089
1.2106152494606006 -1.0616810795170515 1.0002989277484218 0.79269714672359237 -0.12188383991787065 0.086573589741837043 3.0291701347571136 2.3040369447537845 0.086537371786402112 0.029325660183304406
1.0616810795170517 -1.2106152494606002 1.2922366527363927 0.79027331348861796 -0.17503618632777118 0.11148871681868644 3.0196520709044683 2.3289942289651488 0.077866748439685662 0.029325660183304299
0.89458125194936033 -1.3388354568399206 1.5968776720597013 0.78724743153221721 -0.21416263514022907 0.13576950293349477 2.9757649448037848 2.3647499697097962 0.070505325199728006 0.029325659842129426
0.71217489113603538 -1.4441478183573933 1.8498827297736826 0.78794219919230379 -0.2348058858303477 0.15221045155053875 2.8798397395146647 2.4224505689293978 0.064334302573874874 0.029325667279649525
0.51758302048318972 -1.5247504103093537 1.9705796652098988 0.79729268010567378 -0.23245337682601896 0.15247478462339684 2.7081460092180274 2.5232907032655918 0.058988375057592614 0.029325517853950565
0.3141351853128671 -1.5792641913015584 1.9022549946114919 0.82096666128265416 -0.20338967240159883 0.13202026853291302 2.4290693975636182 2.7133788266177055 0.053661694872856984 0.029326085613386666
0.10531231677214749 -1.6067560237624181 1.6642884103189777 0.86337512523289428 -0.14787856747981307 0.095862992541022568 2.0159995795141299 3.0846297886044094 0.046981941281746868 0.029323973742269666
1.7511577878077367 -0.11477690510584314 0.37941512130489358 0.67124962241287989 0.02543003374387828 0.039960049206318959 3.6862044821365791 1.7493462684443535 0.15519064023735679 0.034556314759695041
1.7211952198739888 -0.34236702277731368 0.40847483554942093 0.71549101218626776 0.050509754561278611 0.038951216808375072 3.3375191522386771 1.9630971306332528 0.13642362963813084 0.034558803456613219
1.6617821971651594 -0.56409904413105139 0.48106410248307613 0.76246641782790447 0.034439238182758354 0.042020514558228694 3.05721836319502 2.1825794405072201 0.11705156788876833 0.034558134390613428
1.5739357198364805 -0.77617920110464844 0.61090030620217606 0.79156839662481715 -0.015027374973239263 0.051551784135301884 2.9535301005945223 2.3033821487496966 0.10277446394916522 0.034558310478668634
1.4591587659639766 -0.97497871674981496 0.80763157785276718 0.8041728980352908 -0.077124093448669412 0.067691991494573597 2.933540199242334 2.3583678732668458 0.09129325324558446 0.034558301714054836
1.3194152010505893 -1.157096076236223 1.067749488079804 0.80713720502146891 -0.13644423174745698 0.08917319176233085 2.9230280540795093 2.3939731177310652 0.081353677765885757 0.034558302116106755
1.157096076236223 -1.3194152010505893 1.3671019098200174 0.80625776741764377 -0.18448484424929107 0.1128670559563308 2.8895775259510814 2.4328103670160997 0.072852750181455622 0.034558302116106797
0.97497871674981484 -1.4591587659639766 1.65287845590562 0.80623011930728927 -0.21571266167527581 0.13289997387152833 2.8141809604770782 2.487520678745502 0.065763907373783695 0.034558301714054551
0.77617920110464866 -1.5739357198364803 1.8463363786454152 0.81174593424830499 -0.22532165194654841 0.1411891983258319 2.6764472570334825 2.5747108454123775 0.059836518232303716 0.034558310478668912
0.5640990441310515 -1.6617821971651592 1.8722309443333689 0.82798878631730677 -0.20907737067721671 0.13106263154855402 2.4501208642235484 2.7278660291919774 0.05447229800544745 0.034558134390613504
0.34236702277731379 -1.7211952198739886 1.7138982306622879 0.85980538631771519 -0.16546521654719581 0.10321241209951133 2.1077298261011062 3.0155005738511584 0.048545936683715998 0.034558803456613225
0.11477690510584343 -1.7511577878077367 1.4446180590735409 0.90749374432210028 -0.1012469873000459 0.068479151674059782 1.6591031041094879 3.5445669223991891 0.040917031281167977 0.034556314759695568
1.9072933225911521 -0.125010565135943 0.38320519737622566 0.69439759880663843 0.022270605181874039 0.039094650291612576 3.5707051160330634 1.838334192515235 0.14973157249312713 0.04069573397874518
1.8746592526372017 -0.37289291745437875 0.41781374830492923 0.73633580307596203 0.04138409924083708 0.038620977782630711 3.235255485126745 2.0501066931690328 0.1310531450428869 0.040698664827952619
1.809948886571692 -0.61439485787178605 0.50017549077060786 0.77997017327593932 0.020407526476750794 0.042470042201799688 2.9718598830251075 2.2629889772292886 0.1120240637185788 0.040697876892893392
1.7142699016231702 -0.84538436096859981 0.64441918745012017 0.80683051861619837 -0.031055398789851786 0.052842858715517416 2.8700263572358753 2.3830373550937138 0.09775758316182806 0.040698084265487058
1.5892592833724661 -1.0619091032644157 0.85863871154028837 0.81863526098210271 -0.092209691863898227 0.069650016185285241 2.8390876525216813 2.4446053140884052 0.086215742185256447 0.040698073943715801
1.4370559981573423 -1.2602642863865516 1.1331577788642997 0.82206097130404421 -0.14798376682210185 0.090982146212727641 2.8101780471161408 2.4913359320814941 0.076374721413285107 0.04069807441719768
1.2602642863865519 -1.4370559981573423 1.4308133494802795 0.82287016048395822 -0.18983730233058441 0.11250612041393911 2.7520809837010995 2.5452527133020197 0.068133385957224471 0.040698074417198138
1.0619091032644161 -1.5892592833724661 1.6825026662591462 0.82596939059065055 -0.21201330036490226 0.12711821632129863 2.6443569188749745 2.6219805113720418 0.061357792275259379 0.040698073943716037
0.84538436096860015 -1.7142699016231697 1.8036344469442416 0.83627019258066393 -0.2097514435591942 0.12700594951320127 2.4645837940165087 2.7459522750705991 0.055618098395287544 0.040698084265487357
0.61439485787178605 -1.809948886571692 1.7422005321442664 0.85864624602402095 -0.18015169553180094 0.10890846149369338 2.1879204362101845 2.9656704287772451 0.050063847639233966 0.040697876892892934
0.37289291745437891 -1.8746592526372017 1.5304900762682145 0.89578702934347476 -0.1259307507498906 0.078899406974586861 1.8043104519359026 3.3671989553057267 0.043482150393217969 0.040698664827952986
0.1250105651359433 -1.9072933225911521 1.2779741402361366 0.94195441317459394 -0.062663649806684596 0.05052102631383177 1.3836241778651712 4.0128202224916665 0.03583779427711354 0.040695733978744243
2.0761160885959495 -0.13607578994226763 0.3856624358797508 0.71696561491572397 0.019398849670459902 0.038070739711606669 3.4550315626664871 1.9293065205537954 0.14451104423400046 0.047897438395239002
2.0405934362250413 -0.40589927940332254 0.42636112066440629 0.75680877245889411 0.032907663464198302 0.038147733048141834 3.131548798808494 2.1403595836885212 0.1258288135922134 0.047900887901014398
1.9701552762963828 -0.66877759916095803 0.51934910034959791 0.79739880809149277 0.007416885940956304 0.042781161093972987 2.8831101001237966 2.3481928331300752 0.10705560994142245 0.047899960529338904
1.8660073313320009 -0.9202129803872563 0.67883050163541525 0.82222617639070505 -0.045532768386368945 0.053953253598052496 2.7817899599217832 2.4686756473755729 0.092800806856292689 0.047900204599542744
1.7299314835735555 -1.1559032623878904 0.90992545785172751 0.83335678822037695 -0.10504427944125427 0.071213786505105972 2.739216167148109 2.5375280406979344 0.081274804969390504 0.047900192451183196
1.5642560285035478 -1.3718157190921381 1.1942306452760874 0.83732745629392802 -0.1563835851923582 0.0918356280167473 2.6914792296670691 2.5960620754133954 0.071628804739912497 0.047900193008453926
1.3718157190921385 -1.5642560285035474 1.479612886914822 0.83988669431218466 -0.19106434612055062 0.11026871362650004 2.608388320339659 2.6666193600659422 0.063715480249400921 0.04790019300845396
1.1559032623878904 -1.7299314835735555 1.6839944442715962 0.84609470140338328 -0.20334423800034862 0.11875920273157119 2.4682813564829229 2.7693967603886631 0.057251959746876954 0.047900192451182273
0.92021298038725641 -1.8660073313320009 1.7292450125592536 0.86081073151696685 -0.18914937579254751 0.1111036858510743 2.2487438000048381 2.9386439126344235 0.051609460876986958 0.047900204599542466
0.66877759916095803 -1.9701552762963828 1.6008012555185083 0.88789046647796721 -0.14825799241807497 0.088385985958144772 1.9324756865379107 3.2377545344837997 0.0457415659158045 0.047899960529339307
0.40589927940332271 -2.0405934362250413 1.3736129608424539 0.92659105460955471 -0.089492506081890674 0.060552149993529647 1.5428838457057832 3.747207060418889 0.038825712652939944 0.047900887901013919
0.13607578994226796 -2.0761160885959495 1.165529586805665 0.96575948277175827 -0.035681282158440214 0.040077268977363356 1.2034910384137636 4.4046739491379121 0.032341897458731519 0.047897438395239772
2.2586570224137819 -0.14804015065528497 0.3870623835473157 0.73915246688955893 0.016798211442380105 0.036921434075953871 3.3386096046092106 2.0231744881013882 0.13943930448446964 0.056343029906404822
2.220011067752075 -0.44158766595610693 0.43431667577904148 0.77699688106066733 0.025022431282137006 0.037557679235492428 3.0266366574492327 2.2342626336702671 0.12071733578145188 0.056347087651735475
2.1433796859894287 -0.72757936277035673 0.53879990382530474 0.81479713724896474 -0.0045598365439174383 0.04296855455283799 2.7912020716490198 2.4385443568848921 0.10212974112463015 0.056345996759785077
2.0300746118869242 -1.0011220093543116 0.71405457264670624 0.83773140603364604 -0.058417734079941587 0.054864153260591582 2.6892137319080724 2.5604453440963062 0.0879153510262108 0.056346283866052248
1.8820343983320182 -1.2575351807947552 0.960513337885051 0.84825357235319421 -0.11553465970606314 0.072299211651898038 2.6345000171643029 2.6371694839760815 0.0764942519361409 0.056346269575612951
1.7017920544231369 -1.4924315766371796 1.2485443105948437 0.8527974758414999 -0.16157521067224043 0.091598816025421886 2.5677571314849352 2.7083027905054871 0.067131185426709775 0.056346270231146883
1.4924315766371798 -1.7017920544231369 1.5107499870747803 0.85710068514341242 -0.18826282114317763 0.10617186789932434 2.4597156408044185 2.7976352855109989 0.059585394514669016 0.056346270231146779
1.2575351807947552 -1.8820343983320182 1.6587538343711365 0.86622836808811443 -0.19023766863040956 0.1084574049117322 2.2884704705697705 2.9312866809627347 0.053402857131571321 0.05634626957561422
1.0011220093543118 -2.0300746118869242 1.6344649847692398 0.88463125143721444 -0.16498475378087005 0.095018644168610125 2.0347040611944305 3.1543235020599187 0.047762050073503245 0.056346283866052366
0.72757936277035673 -2.1433796859894287 1.4651670148876241 0.91440667689484323 -0.11629382454484238 0.071048058950122811 1.6972004115309238 3.5377488941485318 0.041620781576103376 0.056345996759784946
0.44158766595610704 -2.220011067752075 1.2518201448111783 0.9508587071445378 -0.059610033529457547 0.047956893823273797 1.3408406063760692 4.1138566930525657 0.035018080394232522 0.056347087651735184
0.14804015065528536 -2.258657022413781 1.0955860634038144 0.98061456494223154 -0.019223725513963622 0.034487548874755886 1.1017520664619029 4.6720753883150392 0.030349897607608624 0.056343029906405447
2.4560308322833482 -0.16097670908737136 0.3876595759423842 0.76106439960142758 0.014429189828849592 0.035678697796349947 3.2212655098693719 2.1205874662873021 0.13445540716297907 0.066244981082734328
2.4140077826346955 -0.48017601255156445 0.44193833538250782 0.7970006893502467 0.017695663809707642 0.036873882496460543 2.9202849870366219 2.3325077903249545 0.11566781233059323 0.066249751952585492
2.3306799314107853 -0.79115922876479161 0.55871604505080885 0.83218143169652425 -0.015527055388844907 0.04304163254902952 2.6962840086120869 2.5344328543992765 0.097234667776583114 0.066248469342886834
2.2074736399338666 -1.08860552861806 0.74989234553047202 0.85330480574634004 -0.069649299361217304 0.055548270777693698 2.5926247770821704 2.6585587829086652 0.083113592572876663 0.066248806906366475
2.0464968624503617 -1.3674254860582009 1.0092136204650286 0.86323656102248603 -0.12359740601768068 0.07282188274641993 2.5254969232968061 2.7436768879772897 0.071892826527793732 0.066248790104468991
1.8505039562542065 -1.6228484143099164 1.2937855852161442 0.86832701060225004 -0.1635537313221444 0.090193831328795396 2.4399592399597352 2.82834500571134 0.062888263692099808 0.06624879087520831
1.6228484143099171 -1.8505039562542056 1.5228694385719226 0.87426248870312029 -0.18167608863200635 0.10041535547576441 2.3078389709079787 2.9389305835383119 0.055727863113397148 0.066248790875208477
1.3674254860582014 -2.0464968624503617 1.6111036245542232 0.88595880707247932 -0.17347262425101601 0.097044458261051569 2.1082169910023314 3.1088183928757576 0.049773465001864317 0.066248790104468547
1.0886055286180609 -2.2074736399338666 1.5310757291348533 0.90699755220463307 -0.13898294898016883 0.080036639212072269 1.8296171222358595 3.3918437472183163 0.044085269820202368 0.0662488069063671
0.7911592287647915 -2.3306799314107849 1.3463531134704303 0.93715484743806654 -0.086924540443037684 0.057501959574076479 1.4948296719722103 3.8489802690530315 0.037919279293925565 0.06624846934288553
0.4801760125515645 -2.4140077826346955 1.1639847727849719 0.96849430160962113 -0.03759181301813988 0.039945131558823371 1.20111502810954 4.4218262866624247 0.032295174637297315 0.06624975195258638
0.16097670908737183 -2.4560308322833486 1.0543049032785829 0.98925365455240299 -0.010087210773616564 0.031620461296265341 1.049711654341384 4.8279774677387657 0.029364018197158968 0.066244981082733412
2.6694428051907808 -0.17496446389358572 0.38773341518959542 0.78277588061369374 0.012260058484225438 0.034372204002853311 3.1027172064636868 2.2222330571619562 0.12949734308855645 0.077851868842984034
2.6237682452209938 -0.52189996358445234 0.44952607197787237 0.81688458021818899 0.010902008137715715 0.036118884718733993 2.8122083292272122 2.4358224574570468 0.11063116663508807 0.07785747562447809
2.533199784109748 -0.85990545526783824 0.57927682539581282 0.84954546876843096 -0.025464458266124076 0.043005818329090999 2.5984185348697042 2.63631371092537 0.092360569001953136 0.077855968286706004
2.3992877240434947 -1.183197766845107 0.78603823605268675 0.86889497185482023 -0.079150585406722998 0.055972743544024588 2.4923037227938996 2.7633205007350687 0.078407111231104665 0.077856364995218058
2.2243231858106274 -1.4862452365872605 1.0547111556342912 0.87821822728120702 -0.12916607971235314 0.072707611788065687 2.412761443074992 2.8573435050000309 0.067482773626130046 0.077856345249433676
2.0112998611696451 -1.7638626382663782 1.3280438872423697 0.88378269682682142 -0.16238029186879488 0.087614727347528357 2.3090467742698646 2.956708826019836 0.058895174884479908 0.07785634615521389
1.763862638266378 -2.0112998611696447 1.5162893224305682 0.89115541315257818 -0.17166609790477363 0.093336244624325035 2.154449358758078 3.0914854328373087 0.052114120843430103 0.077856346155214431
1.4862452365872609 -2.2243231858106274 1.5472483428264041 0.90485824268042436 -0.15403415630609027 0.085390034266534506 1.9315911437421702 3.3021443741119443 0.046347162557136834 0.077856345249432968
1.1831977668451075 -2.3992877240434947 1.4290629598160107 0.92724445019900381 -0.11293053995625907 0.067011265153693281 1.6412112998890662 3.645686557946294 0.040651437677832809 0.077856364995217489
0.85990545526783801 -2.5331997841097471 1.2492568660080028 0.95558171548309012 -0.062041748110105821 0.047594840350789168 1.3334482730056452 4.1463234108713518 0.034853583039499571 0.077855968286707225
0.52189996358445245 -2.6237682452209934 1.1040368812346677 0.98045920243881435 -0.022759479120305862 0.035121265767989657 1.1134087288887378 4.6471768280840147 0.030576878337323594 0.077857475624477451
0.17496446389358605 -2.6694428051907808 1.0306237356234744 0.99409173252268601 -0.0052612087293655227 0.030162083710424118 1.0243048867020477 4.9112034564398019 0.02891486338126957 0.077851868842985103
2.9001961671000456 -0.19008883298648763 0.38762997867391463 0.80433393130035469 0.010267801333435096 0.033031139714735154 2.9824573753302084 2.3289204528109058 0.12449137356679502 0.091454494286316163
2.8505733830865516 -0.56701431139638403 0.4574354229305736 0.83667239546664507 0.0046279665467399379 0.035315234596843853 2.7020933395709132 2.5449655910264006 0.10556024416004758 0.091461080709653864
2.7521759560039309 -0.93423784940691734 0.60067236479822239 0.86686258511900305 -0.034324588913347567 0.042863977107183274 2.4975998316010299 2.7447261920519135 0.087498327524556246 0.091459310003110375
2.606688200065717 -1.2854763629521813 0.8220977923265731 0.88444274747806861 -0.086831015120958865 0.056102590122165084 2.3885122555134615 2.8751396750423077 0.073805722727085049 0.091459776026301051
2.4165992863138723 -1.6147200195259532 1.09565625519692 0.8931099975802278 -0.13219447291139574 0.071902716307714498 2.2968837682222101 2.9785952656957724 0.063270496977284735 0.091459752830443747
2.1851616887652971 -1.9163353688806692 1.3500009693196857 0.89903093256715738 -0.15817813841039241 0.083934677228450008 2.176082659684663 3.0940476086531996 0.055140882469092267 0.091459753894487975
1.9163353688806692 -2.1851616887652963 1.4927585361641649 0.90753508560946383 -0.1587220777836538 0.085377407546805117 2.0018034990854967 3.2558560738387055 0.048725642540239332 0.091459753894487003
1.6147200195259537 -2.4165992863138723 1.4740865696731338 0.92252767070195074 -0.1330161355065623 0.074247239237459461 1.7628906090254939 3.5099819216994201 0.043126888365345201 0.091459752830444233
1.2854763629521817 -2.606688200065717 1.3354973898462215 0.94486435825132875 -0.088442527525743359 0.056333443176040131 1.4763566923232312 3.9051533549479167 0.037572148981319185 0.091459776026300676
0.93423784940691734 -2.7521759560039309 1.174118261488732 0.96970050080394665 -0.042467362706506501 0.040731692672130247 1.2141956128097016 4.4043251278763496 0.032533881336389583 0.091459310003111111
0.56701431139638414 -2.8505733830865516 1.0646979906401695 0.9881713977029859 -0.013410199527670679 0.032311039820978306 1.0621663631207401 4.7945295369983469 0.02959606185500881 0.091461080709653433
0.19008883298648813 -2.9001961671000456 1.0171965573271122 0.99676089169748106 -0.0027546358752247252 0.029412110970685072 1.0120206124095712 4.9541365570937019 0.028718341898092629 0.09145449428631508
3.1497000412595511 -0.20644217515092872 0.38780680782101645 0.82574771023601756 0.0084362939149191015 0.031686249224071844 2.8597195802282913 2.4416213953300905 0.11934637533066764 0.10739303863211165
3.0958082091732413 -0.61579455219600632 0.46611618479462769 0.85634914357827219 -0.0011204870450908112 0.034486490068977319 2.5895413858491598 2.6607851953796375 0.1004054158383547 0.10740077292687608
2.9889456515098192 -1.0146103309161756 0.62312665312222981 0.88408499634671578 -0.042029588841208929 0.042617746100724267 2.3937687538746264 2.8603102480620404 0.082638727047718227 0.10739869362440292
2.8309415840333916 -1.3960658935278816 0.85760699056939793 0.89987847707800461 -0.092588305466974857 0.055904328816975435 2.2815246704427792 2.9945253172639359 0.069317325910327007 0.10739924086537507
2.6244993211688628 -1.753634381638735 1.1307549650863187 0.90781085804388562 -0.13266189346657267 0.070383501933811377 2.1785644468909475 3.1079108474596171 0.059259088443432632 0.10739921362698129
2.3731511472704532 -2.0811976992804455 1.3590618405210271 0.91390235317311419 -0.15114569302119993 0.079310602659224766 2.0424906412484178 3.240779146867768 0.051617426010463797 0.10739921487646675
2.081197699280446 -2.3731511472704532 1.4552763554286736 0.92314704299191208 -0.14343759866411226 0.077022505797190444 1.8524232115770993 3.4320293880249388 0.045550587320698083 0.10739921487646438
1.7536343816387354 -2.6244993211688619 1.3979300230391329 0.93860673170929299 -0.11153772701821145 0.064167304449850068 1.6065579938622327 3.7286397763762893 0.040145252205350999 0.10739921362698211
1.396065893527882 -2.8309415840333916 1.2544150935161211 0.95957754380409788 -0.066749207418129952 0.048011695787130902 1.3395959275850156 4.1553858388213349 0.034956606544062123 0.10739924086537506
1.0146103309161756 -2.9889456515098192 1.118431829796309 0.97998768898002109 -0.028034065146736301 0.036174244435023206 1.1320301516451163 4.6072232085172606 0.030927594547508992 0.10739869362440212
0.61579455219600654 -3.0958082091732413 1.0395633065811445 0.99297317640629745 -0.007766247044537467 0.030698235865198369 1.0335476900209957 4.883773830767721 0.029075159111282358 0.10740077292687654
0.20644217515092941 -3.1497000412595511 1.009605694678861 0.99822932123491037 -0.0014507693764322846 0.029019604483282443 1.0060226098126133 4.9761895449592348 0.028633799581907968 0.10739303863211175
3.4194780531832998 -0.2241243540441164 0.38889627556194689 0.84697716423857394 0.0067567541602214908 0.030371899683386831 2.7334190492314412 2.5615475135713299 0.11394746274117938 0.12606543058435316
3.3609702795378817 -0.66853856840984227 0.47616589107346557 0.87585738468403851 -0.0063101908094806616 0.03365857855936006 2.4740332527346802 2.784273569967703 0.095111750680810611 0.12607450963837627
3.2449547333428934 -1.101513704052115 0.64692406263358071 0.90113963383289108 -0.048467815948167181 0.042268723992155761 2.2868299752847578 2.9838186225090229 0.077772222545868339 0.12607206880827421
3.0734173062953074 -1.5156416868849822 0.89205823009934393 0.91511646215505804 -0.09631082447251367 0.055349512608695882 2.1716440405950266 3.1220800358842675 0.064947631043153237 0.12607271119785066
2.8492928570247482 -1.9038366202399832 1.1588890893129749 0.92220751129478884 -0.1305745065533982 0.068160849903799239 2.058548799979171 3.2458486582160462 0.055446785513767999 0.12607267922353099
2.5764162169972717 -2.2594563811794459 1.3554822948601586 0.92823303246173383 -0.14153675345239675 0.073955782665050207 1.9096172634337965 3.397384887902839 0.048310412813478788 0.12607268069025687
2.2594563811794459 -2.5764162169972717 1.4075439956525606 0.93773123800530578 -0.1264895800099832 0.068733095796650795 1.7091176956266532 3.6189108813823161 0.042591127332990468 0.12607268069025918
1.9038366202399841 -2.8492928570247473 1.3238863077546577 0.95280456168681948 -0.090653740789864656 0.055476268961383898 1.4666436235687796 3.9515582910195004 0.037455558595208861 0.12607267922352894
1.5156416868849822 -3.0734173062953074 1.1873169531156076 0.9713573577094532 -0.048567085359774262 0.041802239974205235 1.2322559647726838 4.3806721015229009 0.032870492984601138 0.12607271119785232
1.101513704052115 -3.244954733342893 1.0785666075294238 0.98716743142690733 -0.017944634173634882 0.033240197069483952 1.0786602218925569 4.753245356012501 0.029900457358692758 0.12607206880827365
0.66853856840984238 -3.3609702795378817 1.0237963656120312 0.99589558365521813 -0.0044429624561684519 0.029776174376069602 1.0179427638806706 4.9354465468491044 0.028811766218347988 0.12607450963837497
0.22412435404411707 -3.4194780531832993 1.0053163632299202 0.99903847248072475 -0.00076625419132521995 0.028810745173042867 1.0030435362178791 4.9876096101253973 0.028597669259523239 0.12606543058435579
3.7111776348539331 -0.2432433480250861 0.39179208658900039 0.86792001336502511 0.0052299774625351025 0.029128098410881501 2.602103202696703 2.6902666820880961 0.10815191392473664 0.14793713009407114
3.6476788383590004 -0.72556844773727103 0.4883956332287176 0.89508877971359935 -0.010872664059199382 0.032861036989494864 2.3549274710230064 2.9166168937888823 0.089619142288819301 0.14794778431696079
3.5217665518527634 -1.1954786547490068 0.67243201806997122 0.91791891840240314 -0.053491654044548566 0.041819275932341769 2.1766879279301063 3.1161073883636541 0.072890137757175552 0.14794492001547108
3.3355960741078485 -1.6449339470342603 0.92492224091454101 0.93004350132566549 -0.097880960557547442 0.054418064944102652 2.0592350219077766 3.2584589017297714 0.060700991195445815 0.14794567385631577
3.0923526227329989 -2.0662439634239069 1.1792006204506555 0.93616379350874046 -0.12596552035475783 0.065282114004640665 1.9376465277611519 3.3929765880540455 0.051828833087544421 0.14794563633461161
2.7961981606210671 -2.4521999727283164 1.3402191017857545 0.94182796689710746 -0.1296703917599486 0.068125260086605341 1.7791002212523841 3.5638467344017424 0.045212867142094444 0.14794563805581443
2.4521999727283164 -2.7961981606210671 1.3535535246955497 0.95104153051963414 -0.10860277719298439 0.060898032847978754 1.5746929164905137 3.8140368133562177 0.039860033223311955 0.14794563805581734
2.0662439634239069 -3.0923526227329989 1.2556258930744395 0.96492871245403933 -0.071268519656869686 0.048295965792559979 1.3462280527012618 4.1695315309898868 0.035116116977164061 0.14794563633461175
1.6449339470342605 -3.3355960741078485 1.1339150731138807 0.98040269503796218 -0.034090800168782118 0.03733841769902714 1.1525066110086972 4.5689371496633395 0.031314333318565757 0.14794567385631541
1.1954786547490064 -3.5217665518527634 1.0508315240229333 0.99200139456422431 -0.011181294273067995 0.031391738847006939 1.0455632833310624 4.8510383805973758 0.029286605885577001 0.14794492001547083
0.72556844773727125 -3.6476788383590009 1.0140468780279503 0.99764558855245522 -0.0025122042147905439 0.029248713153440818 1.0095242946562912 4.9646573533837337 0.028683062423696636 0.14794778431696079
0.24324334802508674 -3.7111776348539318 1.0028981649674888 0.99948455517741919 -0.00040331106485112198 0.028698343674787762 1.0015394011510861 4.9935810959231812 0.028582305761097614 0.14793713009406834
4.026580084964924 -0.26391590953758065 0.39775615885821575 0.88839697815337038 0.0038698832053773642 0.02800199964223396 2.4639970107735465 2.8298349676603518 0.10179474705177509 0.17355256816650699
3.9576847060467979 -0.78723245001792996 0.50389759905873754 0.91387107638386533 -0.014696909899097124 0.032127425939606276 2.2315246367504891 3.0592167424265693 0.083868084953758318 0.17356506717702377
3.8210714918107276 -1.2970789913165846 0.70010287413958283 0.9342657826727081 -0.056919767656209166 0.041272433413367733 2.0633184369054574 3.2580806777060047 0.067988188640743671 0.17356170691932879
3.619078913752527 -1.7847322127633996 0.95564336089443058 0.94449781490929208 -0.097186386036655345 0.053101738845235426 1.9448268398803319 3.4042193370647427 0.056584118780064876 0.17356259128834842
3.3551628920817809 -2.2418481712285794 1.1911277080923104 0.94948192831995748 -0.11891895346295288 0.061836826732289067 1.8170083011596687 3.5494258868029811 0.048406706668922911 0.17356254726973017
3.0338391031006213 -2.6606054859263009 1.3149050596962817 0.95446168244692597 -0.11594338380785434 0.062094629093094766 1.6528280881858388 3.7393448587351839 0.042325479038872356 0.17356254928896059
2.6606054859263009 -3.0338391031006218 1.2970782451532128 0.96285646635882971 -0.090513032548058425 0.053803742641370833 1.4518252830902227 4.0131450200357524 0.03738176829183152 0.17356254928895568
2.2418481712285803 -3.3551628920817804 1.195435350215911 0.97490546810840262 -0.054066183872477976 0.04259018169973916 1.2469568995494191 4.3719342002559642 0.033172099622651406 0.17356254726973158
1.7847322127633998 -3.619078913752527 1.0928575027714957 0.98706991625637697 -0.023095015407382898 0.034230415727192917 1.0962678539045669 4.714964463962251 0.030228960995409213 0.1735625912883485
1.2970789913165846 -3.8210714918107271 1.0320155334177694 0.99515713836967901 -0.0067921288287649097 0.030245274199659625 1.0257448280498775 4.9130605203992079 0.028939884821170991 0.17356170691933087
0.7872324500179303 -3.957684706046797 1.0081030014724506 0.99867865322498228 -0.0013996715126180703 0.028947060749255099 1.0050035796683572 4.9809524204336419 0.028621843428126036 0.17356506717702097
0.26391590953758154 -4.0265800849649231 1.0015446113969959 0.99972935757646464 -0.00020975587604243524 0.028637646328539993 1.0007718168864781 4.9967189911453955 0.028575833264062468 0.17355256816651199
4.3676114466359879 -0.28626827807293614 0.40852466902448131 0.90813679663679159 0.0027071831816067055 0.027047799893504303 2.3172970130144188 2.9828564676420153 0.094716653047086458 0.20354852289680758
4.292880970839243 -0.85390713392244788 0.52408463351732171 0.9319513230465386 -0.017627527942021114 0.03149378731249837 2.1032529562559663 3.2136246711649927 0.07781492329373528 0.20356318217355654
4.144697294948342 -1.4069351484697283 0.73043362457714134 0.94995534907604817 -0.058549088360349472 0.040630417505545115 1.9468772566650245 3.4105720067374938 0.063072235616084646 0.20355924114579113
3.9255969473961612 -1.9358901790508665 0.9836391362097533 0.9582581450135268 -0.094138449755129749 0.051405872730914029 1.8291317185845359 3.559718513763086 0.052606888663901702 0.20356027836471288
3.6393285476929367 -2.431721591938286 1.1945039990753836 0.96192380950172773 -0.1095818843754134 0.057947861673731615 1.6979224498278334 3.7149389898891285 0.045182968812138249 0.20356022673813851
3.2907902275261871 -2.885945574187045 1.2816921353046407 0.9658891767035781 -0.10083116009894223 0.056132965429234967 1.5328593613332366 3.9219292337359986 0.039657084148859191 0.20356022910635929
2.885945574187045 -3.2907902275261867 1.2413815637143932 0.97299394238592418 -0.07294337568487215 0.047631173323599577 1.3429320309685122 4.2098838863274493 0.035190373162027451 0.20356022910635738
2.431721591938286 -3.6393285476929358 1.1444315835683274 0.98278561019735211 -0.039469974988973304 0.038218393644772322 1.1688280849292534 4.5488690573691031 0.031640742080662511 0.20356022673813884
1.9358901790508674 -3.9255969473961603 1.0622995583418449 0.99179054479687323 -0.015094573091880562 0.032126242611486368 1.0584759085939535 4.8205852955496846 0.029519849123137924 0.20356027836471244
1.4069351484697286 -4.144697294948342 1.0195602477675554 0.99715928036953494 -0.004017444992313616 0.029543768904396646 1.0141940241650882 4.9508246050618423 0.028753309937182683 0.20355924114579221
0.85390713392244821 -4.2928809708392421 1.0045406702145432 0.9992786511927465 -0.00076391807071217357 0.028775394792770196 1.0025864024684057 4.9899458762695579 0.028593462993667045 0.20356318217355715
0.28626827807293703 -4.3676114466359888 1.0007978935578343 0.99986204841467874 -0.00010673795989392614 0.028605076276922013 1.0003794722988704 4.998361987916514 0.02857315351519053 0.20354852289680392
4.7363542690278031 -0.31043695106676755 0.42635338968218073 0.9267660623636057 0.0017897842990632815 0.026323071118647876 2.1609010517465737 3.15227062777203 0.086827830329227432 0.23866975931087317
4.6553145491738297 -0.92599965645340465 0.55063774663215648 0.94897839535770934 -0.019476968739799781 0.030993547774473086 1.9700323444878105 3.3812797459520474 0.071459326875588494 0.23868694796940237
4.4946202212828545 -1.5257179760879136 0.76383921772209895 0.96467420325689923 -0.058183498010692787 0.039891562570812937 1.8278777210052621 3.5740909793970608 0.058167220888748115 0.23868232693784622
4.257021964397266 -2.0993309102573088 1.0082741135617745 0.97103131365189554 -0.088699571337270841 0.049350885440650125 1.7131065504571548 3.7249068791734476 0.04878483999449456 0.23868354312348175
3.9465848814313729 -2.6370237105077119 1.1895713590095023 0.97320175640683293 -0.098191352291401052 0.053766613620043147 1.5819408062090066 3.8884553917962239 0.042166347666263489 0.23868348258900959
3.5686206369441393 -3.1295963039502306 1.2430493037886159 0.97586099748573574 -0.084897705056067613 0.050482879534038481 1.4214245375791505 4.1080278072173106 0.037227204285808412 0.23868348536585823
3.1295963039502306 -3.5686206369441402 1.1891068883200682 0.98133697431328126 -0.05657037009498099 0.042464648183973032 1.2498983055842647 4.3961371153448336 0.033321019247398422 0.23868348536586365
2.6370237105077123 -3.946584881431372 1.1028318754957225 0.98873395884784798 -0.027637377633466537 0.034984867051051027 1.110296476462985 4.693529711462288 0.030504730579755165 0.23868348258900879
2.0993309102573101 -4.257021964397266 1.0402883119571844 0.99500019688370045 -0.0095018842355806717 0.030738441732251192 1.0341800894300273 4.8923203457372866 0.029084837436419573 0.23868354312348145
1.5257179760879138 -4.4946202212828554 1.0115326328411613 0.9983928416280935 -0.0023049951733921793 0.029121039699679184 1.0076159239171971 4.9730761441808387 0.028657283440305076 0.23868232693784586
0.92599965645340487 -4.6553145491738288 1.0024535781543746 0.99961973187326425 -0.00040520225335909934 0.028678906712832169 1.0013049539285084 4.9948411111151367 0.028580683643050001 0.2386869479694029
0.31043695106676833 -4.736354269027804 1.0003956637659699 0.99993239594288452 -5.2593237593093416e-05 0.028587902883528117 1.0001808645395409 4.9992099145309208 0.028572074722639493 0.23866975931087719
5.135060324679749 -0.33656951743703034 0.45388281472026276 0.94381665329266584 0.0011735397268117093 0.025879077416128465 1.9955981571287562 3.3405765546667734 0.078203745649207165 0.27978731602780388
5.0471986854297954 -1.0039502592986977 0.58526297216530698 0.96449638447305852 -0.020063980346310344 0.030647602983658533 1.8327933840183779 3.5629342098130388 0.064879134130251703 0.27980746591462008
4.8729771173874621 -1.6541528358409503 0.8003993259268255 0.97800746542121253 -0.055688497128757029 0.039046683641000272 1.7074401261015451 3.7483690155424467 0.05332793339165294 0.2798020487808312
4.6153778516136432 -2.276052476929455 1.0287511850194389 0.98242444206993917 -0.080949254552836636 0.046979686161313282 1.598334988920399 3.898563059751146 0.04515185769924876 0.27980347448853543
4.2788081911742237 -2.8590082290967325 1.1769924031016146 0.98298950050241285 -0.085114168991780342 0.049466655491832011 1.470980556734037 4.0675918314966157 0.039375803088700964 0.27980340352531136
3.8690269362740644 -3.3930455577973317 1.2015906202721252 0.984154878288378 -0.068803372960624096 0.045347067945584553 1.3208719755654179 4.2920208862900031 0.035066310201182067 0.27980340678054444
3.3930455577973322 -3.8690269362740644 1.1422507169857483 0.98786113786983065 -0.041980875193384587 0.038307556121024156 1.1737917454395159 4.5631231281875317 0.031799363811656996 0.27980340678053922
2.8590082290967334 -4.2788081911742237 1.0702096663401477 0.9930041649416238 -0.018488975158659989 0.032676819318696142 1.0686585170343008 4.8037109287450157 0.029715521728276732 0.27980340352531008
2.2760524769294559 -4.6153778516136432 1.0249833401315758 0.99709186662229887 -0.0057416860133313388 0.029847391754986442 1.0191957951116093 4.9383693277688057 0.028833864732509575 0.27980347448853832
1.6541528358409503 -4.8729771173874621 1.0065186241870552 0.99912827167372154 -0.0012750526408180978 0.028871452495780308 1.0039564216723416 4.9857922117384241 0.028610015425656981 0.27980204878083126
1.0039502592986977 -5.0471986854297954 1.0012676003962915 0.99980805237766679 -0.00020692992535209859 0.028625855788065594 1.0006365442444369 4.9974500703134508 0.028575132346449747 0.2798074659146188
0.33656951743703134 -5.1350603246797499 1.0001864120946358 0.99996847026392943 -2.4848609238392459e-05 0.02857911441561484 1.0000825760026144 4.9996359295103323 0.028571657594072163 0.27978731602780244
5.5661643602306281 -0.36482555885355744 0.4936585087881844 0.95877441180596823 0.00089744225442409847 0.025744076013804667 1.8252347391796664 3.5483566612651982 0.069163988720357672 0.32791986951511437
5.4709264673719797 -1.0882349572205299 0.62915882890737085 0.97797039838211364 -0.019284498407192888 0.030450807142612807 1.6939732860731895 3.7577410845924111 0.058255159434707444 0.32794348584036098
5.282078465302753 -1.7930240306975433 0.83949915427458288 0.98945855434666186 -0.051067805690202965 0.038077012561005055 1.5874887204379406 3.9317867255729784 0.048644584602512066 0.32793713678268849
5.0028529525116783 -2.467134050638339 1.0441666393407638 0.99200951113212821 -0.071135135713072228 0.044357441556402304 1.4868416537566163 4.078187624932557 0.041753102341892126 0.32793880775867484
4.6380272386502446 -3.0990307229539278 1.1578680199046436 0.99096648004933574 -0.070892588573324783 0.045236219716930162 1.3673991000729953 4.2480518301453154 0.036843732650113641 0.32793872458744455
4.1938435928314188 -3.6779021203861317 1.1599498284236363 0.99062485365334096 -0.053284563046862181 0.040877090217299981 1.2334138262163019 4.4663439988930627 0.033209710256714702 0.32793872840269206
3.6779021203861326 -4.1938435928314171 1.1021696512274026 0.99265546849131137 -0.029618438167531656 0.035100162178004081 1.114624843430382 4.7032430275166623 0.030631008471452625 0.32793872840268934
3.0990307229539282 -4.6380272386502446 1.0457019324281087 0.99590331296100976 -0.011762037246272701 0.031090064773921258 1.0405950607853174 4.8817618372631815 0.029204552237454922 0.32793872458744877
2.4671340506383399 -5.0028529525116783 1.0147604426993195 0.99839345838299565 -0.0033137129182871567 0.029292472455212732 1.0103237096262783 4.9664246473559084 0.028697699868369547 0.32793880775867434
1.7930240306975436 -5.282078465302753 1.003504826363905 0.999549972450958 -0.00067468170088313202 0.028728211947424531 1.0019756663667718 4.9928213571319127 0.028587840107368607 0.32793713678268943
1.0882349572205303 -5.4709264673719797 1.0006202714618051 0.99990807756310063 -0.00010071251027574507 0.02859764240929662 1.0002970275690639 4.9987980752352081 0.028572827258569997 0.32794348584035976
0.36482555885355855 -5.5661643602306281 1.0000825443499248 0.99998614983171585 -1.1183687122476902e-05 0.028574806547906912 1.0000356808256221 4.999841548390207 0.02857150471060331 0.32791986951511276
6.032298964492802 -0.39537762424278045 0.54709614081753288 0.97116715818250565 0.00094803698954287654 0.025902221192732527 1.6570720813964159 3.7721894697591511 0.060262604265659825 0.38425908421808985
5.9290854398300326 -1.1793684448969948 0.68213396688764449 0.98885981203794615 -0.017201253367765328 0.030360489035249169 1.5577836124481022 3.9620218106061635 0.051867010463999108 0.38428675801389045
5.7244224917740869 -1.9431795943660115 0.87940233639958632 0.9985051615636884 -0.044561089730747912 0.036961693180547331 1.4710664350173703 4.1203700742426008 0.044247546716648337 0.38427931813813843
5.4218134305497836 -2.6737424940707188 1.0536099983026423 0.99938133669201046 -0.059736342893379375 0.041580404700165406 1.381264571628724 4.2592904294060769 0.038648876650800551 0.38428127620095148
5.0264356383180981 -3.3585569184004083 1.1338087504928624 0.99689411121596061 -0.056264804327841804 0.041267000110540665 1.2738876831882837 4.4232764715689425 0.034613632064038453 0.38428117874026008
4.5450541387235504 -3.9859055026883699 1.120614494058898 0.9952548112195243 -0.039100276125375914 0.037166445003090715 1.160814517955332 4.6222961865751815 0.031689274247242487 0.38428118321098459
3.9859055026883699 -4.5450541387235504 1.0695873354442609 0.99592473625763567 -0.019727303714542309 0.032737104387156969 1.0712530098019732 4.8121114652412658 0.029794596649401348 0.38428118321098925
3.3585569184004092 -5.0264356383180973 1.0281665492755829 0.99775303662320536 -0.0070763836985390845 0.030043487556087094 1.0227156914351117 4.9331750358452799 0.028897580840591082 0.38428117874025447
2.6737424940707197 -5.4218134305497818 1.0082462489042352 0.99916258271278624 -0.0018144534406396844 0.028959417816433755 1.0052897529810652 4.9826600099374385 0.028628366335067455 0.3842812762009522
1.943179594366012 -5.7244224917740887 1.0017769191797121 0.99978068047450064 -0.00033837539702976591 0.028649103639912035 1.000940036789119 4.9965557645758238 0.02857798530526464 0.38427931813813831
1.1793684448969952 -5.9290854398300308 1.0002846247070771 0.99995863687946118 -4.6248130203148761e-05 0.028583307877730127 1.0001311126393222 4.9994654512922763 0.028571922044746366 0.38428675801389184
0.39537762424278161 -6.032298964492802 1.0000339783211243 0.99999432837779001 -4.8086135654316827e-06 0.028572811455400464 1.0000144210720174 4.9999355872216071 0.02857145231219 0.38425908421807758
6.5363106446734456 -0.42841228347857147 0.61317003984035345 0.98072315813719779 0.0012344892838642907 0.026280637224533301 1.5001096630993036 4.0036423491514146 0.052122182686147663 0.45019239168177327
6.4244734058531314 -1.2779072399672333 0.74176320234512627 0.99677618270153634 -0.014104351879282455 0.030298959983425081 1.4296524752744595 4.1686543774444784 0.046031626710269558 0.45022481390114472
6.2027104239746613 -2.1055364699144539 0.91733869567206827 1.0047660396300675 -0.036680059492614984 0.03569282821416421 1.3618186958324379 4.3078889938294447 0.040275353674037874 0.45021609745019608
5.8748177184410642 -2.8971394866168727 1.0564880250314976 1.0042729758273095 -0.047491271997801329 0.038781041426595789 1.2847627387516136 4.4350178455484874 0.035909475111975481 0.4502183914882954
5.4464052529377502 -3.639171643464461 1.1069576515000201 1.0007084933690316 -0.042129777508001676 0.037736892864542598 1.1931723377806651 4.5846958965929598 0.032732767801299294 0.45021827730475972
4.924803283527857 -4.3189365645233773 1.0857491738056093 0.99819761819357788 -0.026932988402532131 0.034247086165965342 1.1039824330161865 4.7518582758775656 0.030521249976529066 0.45021828254259577
4.3189365645233764 -4.9248032835278561 1.0445933173058632 0.99796372017453472 -0.012314003741465842 0.031084114567532142 1.0415000658063713 4.8897670037579202 0.02924235604121244 0.45021828254259516
3.6391716434644614 -5.4464052529377511 1.016309063271398 0.99885412925646677 -0.0040006803786199899 0.029385201909033619 1.0119776580754907 4.964666665421027 0.028727151261971624 0.450218277304754
2.8971394866168736 -5.8748177184410624 1.0043202710523707 0.9995911052936064 -0.00093512364096050348 0.02876846505661982 1.0025649237006069 4.9915603247486571 0.02859536015313641 0.45021839148829912
2.1055364699144539 -6.2027104239746622 1.0008416406608114 0.99989997267698216 -0.00015926992340611605 0.028607543507191698 1.0004220258396372 4.9984452988902106 0.028573869338408546 0.45021609745019542
1.2779072399672338 -6.4244734058531296 1.0001212645521678 0.99998267982014488 -1.9871884030161723e-05 0.028576440460011013 1.0000541439264738 4.9997780454731249 0.028571589732925316 0.45022481390114349
0.42841228347857269 -6.5363106446734465 1.0000128788362423 0.99999785497142235 -2.0281087215959905e-06 0.028571950950977056 1.0000054033225272 4.9999757640052582 0.028571435796070185 0.45019239168178338
7.0812771903039726 -0.46413126547390604 0.68743025847421702 0.98750623319056519 0.0016022745225196997 0.02676349368322543 1.3626433610923359 4.2297949957087901 0.045229595417278584 0.52737871972030281
6.9601154935400249 -1.3844530778350681 0.80314548088831617 1.0016539057788887 -0.010492762587299599 0.030180726248452555 1.3152354619641331 4.3672672131291739 0.041022089526870011 0.52741670078986735
6.7198629672147172 -2.2810861031993168 0.9498928996962257 1.008118588047614 -0.028207031939207136 0.034304260232424867 1.2639836630541896 4.4851898277497622 0.036864093615481867 0.5274064898870956
6.3646321248045155 -3.1386892207192463 1.0529735296980491 1.0066626892326758 -0.035366804094196472 0.03612636500223311 1.2008115475663881 4.5960464577576277 0.03360778035880501 0.52740917724231162
5.9005006621295086 -3.9425884954636161 1.0798868237260173 1.0025762679172392 -0.029439096168178514 0.034789619972516561 1.1275595469821258 4.7228573400253824 0.031240656070182136 0.52740904348179318
5.335409997197619 -4.6790289879585627 1.0569782406330095 0.99976041331918652 -0.017250698393249251 0.032089268880398515 1.0625804453226091 4.8500886003066617 0.029693907867445163 0.52740904961767943
4.6790289879585627 -5.3354099971976172 1.0266733075185774 0.99910278763759586 -0.0071513092282731025 0.029994613092827551 1.0225370129451394 4.9402824680402784 0.028909333881257854 0.5274090496176721
3.942588495463617 -5.9005006621295095 1.0088035249105154 0.9994594445750381 -0.0021100757905971332 0.028993685026496543 1.005923303991201 4.982573496106081 0.028640077520573126 0.52740904348179896
3.1386892207192476 -6.3646321248045137 1.0021052798528223 0.99981404812267716 -0.00044948935542673852 0.028665027316576889 1.0011682157470145 4.9961533024900486 0.028580753184898659 0.52740917724231229
2.2810861031993168 -6.7198629672147172 1.0003692002778084 0.99995761232003133 -6.9629867717470285e-05 0.028587038468347838 1.0001770796801024 4.9993454494295344 0.028572268932447048 0.52740648988709504
1.3844530778350688 -6.960115493540024 1.0000476004300465 0.99999330152677535 -7.9561647974248229e-06 0.028573381365210562 1.0000207453089458 4.9999146430345842 0.028571477326633357 0.52741670078986902
0.46413126547390715 -7.0812771903039708 1.0000045166702836 0.99999925276256518 -8.9783782149697041e-07 0.028571612036371083 1.0000019035382803 4.9999915023399462 0.028571431369378848 0.5273787197203178
7.6705265845998625 -0.50275269769643771 0.7584180883304682 0.99186371598794165 0.0018715560870492041 0.027231343118149912 1.2566907656791699 4.4239332817720625 0.040104850983821952 0.61760732476797198
7.5392827438227146 -1.4996566090091359 0.85654786675161465 1.0037118462465213 -0.0071386224762840112 0.029961328068393144 1.224270729041077 4.5357729303447796 0.037214206836032826 0.61765180397402564
7.2790382511033966 -2.4709005347664665 0.97200839296856112 1.0085759081054095 -0.020405599581380968 0.032914675071167292 1.1851889701859784 4.6331212057735947 0.034249288297603625 0.61763984609989342
6.894247831642315 -3.3998667841006434 1.0433906071822214 1.0065431636116844 -0.024751785591745325 0.033831760874877798 1.1348689754533292 4.7256419977980721 0.031878575792523449 0.61764299323158678
6.3914949203352176 -4.2706603701377039 1.0549360119682132 1.0026228983923464 -0.019231342964628043 0.032537654129044295 1.07951371494983 4.8258455395041029 0.03019045603731263 0.61764283658612273
5.7793817588840133 -5.0683817731909588 1.0350884909049844 1.0001716001560033 -0.010295705916495496 0.030621972794642398 1.035437120688913 4.9147979255796486 0.029178616411529436 0.61764284377178069
5.0683817731909597 -5.7793817588840124 1.0148288188313042 0.99957563263834381 -0.0038714256319967548 0.029330451005465177 1.0115654631188198 4.9692623449804731 0.028732196814023274 0.61764284377180645
4.2706603701377057 -6.3914949203352158 1.0044276164247772 0.99973738070235341 -0.0010377166303454123 0.028777842076431033 1.0027845263721609 4.9917446027409511 0.02860040097869429 0.61764283658611696
3.3998667841006442 -6.8942478316423141 1.0009579476462203 0.99991500774455322 -0.00020074671159724287 0.028613291205587945 1.0005067580443154 4.9983088306435519 0.028574961221197098 0.61764299323157579
2.4709005347664679 -7.2790382511033966 1.0001516873797713 0.99998219148952616 -2.8142584918631097e-05 0.028577784111123349 1.0000707447224098 4.9997341075151303 0.028571716370746 0.61763984609990541
1.4996566090091359 -7.5392827438227155 1.0000175432492571 0.99999745152440533 -3.0475575742325147e-06 0.028572146681824104 1.0000075894255971 4.9999682815980719 0.028571444948989465 0.61765180397400699
0.50275269769643904 -7.6705265845998625 1.000001688949465 0.99999973619661631 -4.5594237859372726e-07 0.028571498994661135 1.000000774806544 4.9999967413293307 0.028571431436652944 0.61760732476795721
ZONE T="CylinderZone2", I=12, J=32, DATAPACKING=POINT, SOLUTIONTIME=8
-0.034448944338808574 -0.52558950866491683 1.376104053461606 0.5755267448569189 -0.127163894694691 0.1759965775146797 4.4763186264983492 1.3929177462923359 0.1125621652748659 0.0037555925766889187
-0.10275745369003547 -0.51659659468064756 1.6754275310527602 0.53450556485817091 -0.18084413342754602 0.22588788316728992 4.7188408665697104 1.2987914259014748 0.10967737029610833 0.0037558630491547908
-0.16930772401403951 -0.49876447148121655 2.0044537129166962 0.4847797533477316 -0.22483079074358531 0.28476132563460271 4.9722507047496594 1.198236114899873 0.10756885882852951 0.0037557903348240059
-0.23296110024170452 -0.47239837975688026 2.3553833859565234 0.42816399250722131 -0.25735464460223939 0.35211594716538042 5.2322939064850029 1.0919626601019292 0.10612053827616094 0.0037558094721363701
-0.2926284474552146 -0.4379494207813297 2.717362609909145 0.36688373808207553 -0.27695463195248959 0.42651673610281493 5.4935935650988723 0.9806166070533382 0.10522754630628033 0.0037558085195951835
-0.34728884080083267 -0.39600702579369118 3.0762932705192561 0.303556136090046 -0.28252171880135057 0.50536839365076158 5.7497423696915098 0.86470038653190484 0.10480192202322272 0.0037558085632903434
-0.39600702579369107 -0.34728884080083283 3.4155790380296405 0.24117003713202412 -0.27345540851884981 0.5848281807509581 5.9928305206135724 0.74470321252175131 0.10475583336550702 0.0037558085632902194
-0.43794942078132959 -0.29262844745521455 3.7141423765217088 0.18259429754155065 -0.24987002730810853 0.65956886242373991 6.2154079785375371 0.62067302257263535 0.10506502735582522 0.0037558085195951519
-0.47239837975688037 -0.23296110024170458 3.956715549355307 0.13067869954801109 -0.21262925020924961 0.72454269228921564 6.40910216744793 0.49291725380406326 0.10563193099731345 0.0037558094721364082
-0.49876447148121622 -0.16930772401403979 4.1342295410478931 0.088279593165020945 -0.16321666085899308 0.7753178670195946 6.5637684235009432 0.36214341213095841 0.10629855773859594 0.0037557903348241924
-0.51659659468064756 -0.10275745369003575 4.2420591353293879 0.057955878575587337 -0.10383077025739623 0.80825855769309118 6.6687070092419791 0.23023401039053526 0.10689143459294884 0.0037558630491547249
-0.52558950866491694 -0.034448944338808782 4.2785393252838615 0.041815428608855107 -0.037293908867353461 0.82076214202829101 6.7141313323686962 0.10811751199514409 0.10725154990209546 0.0037555925766886867
-0.038155330054848134 -0.58213804693815918 1.596811239426895 0.56520968028851959 -0.18156775750775442 0.20953426886755624 4.5927152950485954 1.3850675614222629 0.10881782667921931 0.0044987895583587225
-0.11381319910933101 -0.57217757912672307 1.9046542430220854 0.5223387160431453 -0.22274043007059691 0.26199467518374792 4.8144242742976315 1.2939863964212044 0.10630406128491846 0.0044991135548203545
-0.18752365898519835 -0.55242688547523389 2.2327434311694954 0.47390361789707891 -0.2541325741194575 0.32162255994527389 5.0416852330870903 1.1974496433676434 0.10446532408179696 0.0044990264509971326
-0.2580255459279544 -0.52322404773064979 2.5714793141711767 0.42162420464889405 -0.27468324474651212 0.3872467506873582 5.2707545361358923 1.0959248413437932 0.1032123183536926 0.0044990493754064323
-0.32411254424168684 -0.48506870146428183 2.9084774809169858 0.36748672987435488 -0.28358462314253702 0.45678028631325113 5.4967969011207849 0.98993179718270463 0.10246495757315735 0.0044990482343659254
-0.38465388706247 -0.4386136952294088 3.2274298460734525 0.31375403491377735 -0.28027705786133922 0.52690226421824837 5.7140139701577271 0.87999882332081747 0.10217167884793321 0.0044990482867078904
-0.43861369522940874 -0.38465388706247011 3.5100266664164677 0.26297058199390577 -0.26459685120701493 0.59323104149040129 5.9153642987675275 0.76690982279730313 0.10227966234805741 0.0044990482867079389
-0.48506870146428177 -0.32411254424168706 3.7398484053388907 0.21677180271919894 -0.23698752063781939 0.6517808256982407 6.0998004204626453 0.6502095322819853 0.10282671988691605 0.00449904823436598
-0.52322404773064968 -0.25802554592795451 3.9121646447900291 0.17701242948616439 -0.19844653656642205 0.69982582216430789 6.2609593342419902 0.53137801141051422 0.10365875526635759 0.0044990493754064635
-0.55242688547523378 -0.18752365898519863 4.0278286548700608 0.14535107180359624 -0.15046514697623595 0.73538180972577438 6.3901336225181016 0.41379659072839819 0.10457153929486235 0.004499026450997006
-0.57217757912672307 -0.1138131991093312 4.0906521922413539 0.12319185770977266 -0.094940560523910714 0.75711895834232179 6.4779801040683154 0.30553968688623756 0.10535485260816665 0.004499113554820377
-0.58213804693815918 -0.038155330054848377 4.1044356734733993 0.11161450851393891 -0.034035448488384787 0.76407545815746958 6.5155463831754821 0.22857183156059865 0.10582332802278457 0.004498789558358778
-0.042162889040988631 -0.64328160297155379 1.8053880108034104 0.55845046875521009 -0.21787722954356334 0.2379617503952296 4.6132250824758492 1.3954648457884227 0.10406588433316957 0.0053749747213132672
-0.12576731163243932 -0.63227495990160221 2.1217772918446256 0.51653095117140835 -0.2506906851793459 0.29152588423488057 4.8088958142149076 1.3091032122598258 0.10169448594832901 0.0053753618193910441
-0.20721978331697002 -0.61044979671435606 2.4487791414239855 0.47138707513250866 -0.27369556516202781 0.35017550557893334 5.0050012575635314 1.2182326212186005 0.099943901770398053 0.0053752577512096141
-0.28512667685123372 -0.57817970481010705 2.7732659750108914 0.42479379272759987 -0.28619005914816242 0.41183859692548136 5.1976085262129548 1.1233432845363989 0.098750411250982606 0.0053752851403815081
-0.35815497389252349 -0.53601679785485856 3.077351589308067 0.37882669066839347 -0.2875992099645665 0.47318202294840006 5.3816960152518529 1.0251295906642774 0.098079958211407192 0.0053752837771118764
-0.4250551400311936 -0.48468249487638099 3.3392920064905232 0.3359520382880084 -0.27763283504219005 0.52955978652983504 5.5504557471912248 0.92494988095411035 0.097903640561850414 0.0053752838396479395
-0.48468249487638088 -0.42505514003119371 3.5353632064485465 0.29789142015699088 -0.25637930257683345 0.57607296863028634 5.7031067823513162 0.82287871110263633 0.09832633331251675 0.0053752838396479378
-0.53601679785485856 -0.3581549738925236 3.6641889701103199 0.26543466999634663 -0.22496936093122505 0.61143682353068451 5.8403889579785515 0.71988248917952846 0.09926189958534791 0.005375283777111755
-0.57817970481010705 -0.28512667685123388 3.7361605099699791 0.2391286358803198 -0.18497243716458395 0.63602350610758729 5.9582083346951853 0.61926831749429412 0.10047949194717759 0.0053752851403815281
-0.61044979671435584 -0.20721978331697027 3.7663501276814744 0.2193269520477508 -0.13813428995794383 0.65112501139172729 6.0507851373546853 0.52686769728933114 0.10171275349530839 0.0053752577512096722
-0.63227495990160221 -0.12576731163243959 3.7685643404012774 0.20623686266507871 -0.086198487284830747 0.65809713426619165 6.1119825998632127 0.45207113600913623 0.10271732280642464 0.0053753618193910493
-0.64328160297155401 -0.042162889040988853 3.7520505221644194 0.1998417049240945 -0.030793678448753796 0.65776647669059729 6.1357986849770789 0.40814664345358304 0.10329887388462292 0.0053749747213132212
-0.04649609333558901 -0.70939354805017363 2.0050213734081259 0.55722095939312077 -0.24583106754117251 0.26126067598345937 4.5606115580819937 1.4259468444149956 0.098652350455600876 0.0064090998985407302
-0.13869278868777671 -0.69725571985262103 2.3274765783587856 0.51825530324426294 -0.2721935760937626 0.314111713008835 4.7235319340802855 1.3467271823023708 0.09625973997452747 0.0064095614728513469
-0.22851637079991843 -0.67318752036012086 2.6465643272354207 0.47832538126388746 -0.28855369895241573 0.36901576638372513 4.8801201153063847 1.2643656610700249 0.094469036477152254 0.0064094373823382744
-0.31442998525203641 -0.63760093606156043 2.9405086023516405 0.43952188868800796 -0.29418301722015222 0.42220771618594199 5.0254129639640821 1.1796368268091511 0.093268443719758773 0.0064094700410850733
-0.39496361548003062 -0.5911048229706104 3.1810726722728515 0.40444437170732539 -0.28845063028774531 0.46828871511148834 5.1523830796001571 1.0942587939097053 0.092663919305780482 0.0064094684155273649
-0.46873930874255954 -0.53449474247341433 3.3341335768258693 0.37678347719422373 -0.27091019279996992 0.49997042324325802 5.248429432061771 1.0128285849697278 0.092633509993942431 0.0064094684900952437
-0.53449474247341433 -0.46873930874255959 3.3929551712433406 0.35587733144754269 -0.24303453382604234 0.51650325263132679 5.3279848717792628 0.93349365878292223 0.093382111665508444 0.0064094684900951751
-0.59110482297061018 -0.39496361548003073 3.3834187067173116 0.34121141747123318 -0.2072933313091985 0.52121176735292551 5.3917098116984175 0.8596964372441307 0.094605452555059422 0.006409468415527384
-0.63760093606156043 -0.31442998525203647 3.3361361283368831 0.33171544323151536 -0.16607853634418959 0.51846634709968298 5.4393230465616194 0.79530545423526378 0.095979681295538702 0.0064094700410850308
-0.67318752036012086 -0.22851637079991868 3.2764491604707944 0.32627835181729714 -0.12132794731349138 0.51211974455650844 5.4706147303618007 0.74415583137086128 0.097231438996304639 0.0064094373823382813
-0.69725571985262103 -0.13869278868777701 3.2208906854872161 0.32393674676588519 -0.074461734885338943 0.50480836294842635 5.4855300628955543 0.70958051915533227 0.09816578897540415 0.006409561472851372
-0.70939354805017363 -0.046496093335589281 3.1780273336584939 0.32366362554901595 -0.026439332169206079 0.49796024157529706 5.4840964557313603 0.6933548220954735 0.09866746936466976 0.0064090998985406357
-0.051181404310397409 -0.78087760483207314 2.1968730420880562 0.56294269061540292 -0.26823526116662083 0.27901883766688151 4.445254286860445 1.4788200685043851 0.092705730778295539 0.0076281951361487702
-0.15266856166886369 -0.76751667388363232 2.5145132084412514 0.52920815875742966 -0.28858955498261363 0.32795556164963463 4.56487745106479 1.4106366404325061 0.09019438685055578 0.0076287445079747628
-0.25154347228787788 -0.74102317387368444 2.8018824381783212 0.49737196529337524 -0.29801396008981901 0.37359001552503834 4.6667377443830622 1.3420122248025328 0.088300952448987849 0.0076285968138110252
-0.34611441624449124 -0.70185060628042939 3.0227808673565302 0.47054375717507529 -0.29543991775633172 0.40946073223398038 4.74104020169713 1.2758476189225361 0.087024778820734228 0.0076286356846818016
-0.43476324657811616 -0.6506691802239658 3.1339592303539274 0.45324327253720281 -0.28000450118687636 0.42718322991364666 4.7707745800838417 1.2195685684551256 0.086314451620778471 0.0076286337499216596
-0.51597315722364501 -0.58835462409429151 3.1122733449391835 0.44668860802882421 -0.25229996476581379 0.42349473531580245 4.7625366019041087 1.1753906187173553 0.086405062610000263 0.0076286338386732065
-0.58835462409429151 -0.51597315722364501 3.0055665731300838 0.44827701957506394 -0.21679425518802198 0.40624435210630311 4.7307394338967415 1.1446937956284842 0.087034300526422553 0.0076286338386731718
-0.65066918022396569 -0.43476324657811627 2.8655966579658156 0.45527806379873942 -0.17738296121480618 0.38328177177685546 4.6813503780217962 1.1291446977628019 0.08778434613791955 0.007628633749921677
-0.70185060628042939 -0.34611441624449146 2.7288035180731396 0.4648917346992486 -0.13687039985527855 0.36039387317068361 4.6224601603280258 1.1270311998505733 0.088392664692126713 0.0076286356846819595
-0.74102317387368444 -0.25154347228787816 2.6144887731329556 0.47485099572022788 -0.096850195900224881 0.3408391725747687 4.5627929827469149 1.1343898183717722 0.088758102376229955 0.0076285968138110208
-0.76751667388363198 -0.152668561668864 2.5303454658143592 0.48350651350066187 -0.057994219343792425 0.32607036644000265 4.5102390039368148 1.1465007770715399 0.088891366975000968 0.0076287445079745971
-0.78087760483207291 -0.051181404310397735 2.4780989125663226 0.48934194944299991 -0.020378889119300581 0.31662680525986203 4.4719515093601219 1.1580043521071495 0.088875403810943623 0.0076281951361491743
-0.056247433382235687 -0.85817029933563249 2.3702617890601965 0.57712644001069147 -0.28492881206160031 0.28910909149583564 4.2690719811513684 1.5575407861670252 0.086366815668053584 0.0090644524153284424
-0.1677799753197993 -0.84348687898848107 2.6551049587547815 0.55168195191263536 -0.29803078480157302 0.32843596284349968 4.3294931334001703 1.5067618080884864 0.083702096074667845 0.0090651052243719051
-0.27644170555465547 -0.81437100385863315 2.8628176151392517 0.53219353467414521 -0.29821026981650023 0.35605864940827447 4.3530725290460932 1.4619634132583366 0.081660190182269096 0.0090649297219505005
-0.38037345462966338 -0.7713210638306075 2.9428000365966365 0.52357936361258006 -0.28384884188277315 0.36320963918344851 4.319810112786544 1.4327540547843314 0.080147930297617062 0.0090649759115343197
-0.47779690843651268 -0.71507360654983998 2.8476410977616937 0.53267892714905629 -0.25354652173656711 0.34177149951009672 4.2006706812969004 1.4391985010369142 0.078968973157970773 0.0090649736124922328
-0.56704512466968349 -0.64659104160514613 2.6495547313439838 0.55235411188712125 -0.21449503968603018 0.30626455902240307 4.0456833850830369 1.4729616643670425 0.07828069809670872 0.0090649737179540057
-0.64659104160514591 -0.56704512466968382 2.4279119585091311 0.57857479029701087 -0.17283311884809274 0.2680022189871501 3.8634340185903846 1.5360435970422675 0.077412711935144055 0.0090649737179541324
-0.71507360654983987 -0.47779690843651279 2.2294966451230258 0.60659078866678395 -0.13297345103371055 0.23393700188440292 3.6724859287049778 1.6202341239339795 0.076139385476186192 0.0090649736124922154
-0.7713210638306075 -0.3803734546296636 2.0719261483323397 0.63261648956511785 -0.097066665686278308 0.20678545695088388 3.4931220842329695 1.71220849004205 0.074575472213913752 0.0090649759115341965
-0.81437100385863304 -0.2764417055546558 1.9566634613876899 0.6543282307195265 -0.065532848299427612 0.18678356034023222 3.3411083377462183 1.7988197540301543 0.07298205035199809 0.0090649297219504085
-0.84348687898848107 -0.16777997531979966 1.8794500714998466 0.67050792837423012 -0.03783287466429177 0.17326120669198961 3.2265513831807535 1.8693682414705535 0.071623942793160519 0.0090651052243720023
-0.85817029933563249 -0.056247433382236006 1.8355906502043637 0.68017973072460136 -0.013058281071686058 0.16556652012848874 3.1569283694780483 1.9144381764464553 0.070743468515938254 0.0090644524153282776
-0.06172511686892463 -0.94174362872637973 2.4963816682276416 0.60136663585356964 -0.2934496940091324 0.28733419109634578 4.0285092643281617 1.666931779658521 0.079827389802286403 0.010755486020047543
-0.18411930931146547 -0.92563025639160368 2.6978216207937922 0.58833294543457948 -0.29600934341300789 0.30881542586602628 4.0063953119030931 1.6451914582974136 0.076962729698079088 0.010756260614939669
-0.3033631146660461 -0.89367891768930363 2.7558703183124806 0.58790154513675941 -0.28203467604479621 0.30792539089544069 3.9107024007431646 1.6486362258456906 0.074487468222179748 0.010756052371379814
-0.41741630735932705 -0.84643653844379452 2.6212176262514086 0.60804573275788576 -0.24946477491473568 0.27722237912235281 3.7016320819244091 1.708013377090432 0.071932304618144705 0.010756107177936318
-0.52432739130402584 -0.78471139534896805 2.3528367147481868 0.64398081284334641 -0.20410039673398725 0.22999425465826109 3.4213164279874539 1.826127507359214 0.06942061926072346 0.010756104449992447
-0.62226708821249599 -0.70955962271661943 2.0717368867831829 0.6879809628494381 -0.15682285254074213 0.18365311697429873 3.1026425837763743 2.002996003356206 0.066241455357790163 0.010756104575129228
-0.70955962271661943 -0.6222670882124961 1.8373534392995867 0.73237002292661246 -0.11458674670969911 0.14608150380964893 2.7827267843951251 2.221861466024214 0.062334063873980862 0.010756104575129119
-0.78471139534896805 -0.52432739130402606 1.6630072232792119 0.77154174663033803 -0.08034739110027217 0.11866466644222193 2.4974415402135359 2.45427953479459 0.058219655727872147 0.010756104449992551
-0.8464365384437943 -0.41741630735932733 1.5412367967877667 0.80288609021924595 -0.05402346917623263 0.099845822515551047 2.2674022522937687 2.6720252840399445 0.054489494898163342 0.010756107177936245
-0.8936789176893033 -0.30336311466604649 1.4599344296817447 0.82607018663314002 -0.034076515823364108 0.08747737170876127 2.0971544641504645 2.8545716141187873 0.051502585893170423 0.010756052371379842
-0.92563025639160368 -0.18411930931146583 1.4089188688521275 0.84176685831769849 -0.018677020366799961 0.079808952229853736 1.9825934529299125 2.9898669936612334 0.049386838948658307 0.010756260614939726
-0.94174362872637973 -0.061725116868924956 1.3814928764744672 0.85052354748410186 -0.0062638292638724962 0.075751482003196022 1.9191571034941675 3.0698196347244231 0.048184019286056173 0.010755486020047422
-0.067647904905641737 -1.0321079436246354 2.5332571168935019 0.63678971956325325 -0.29038254716670803 0.26933505633215199 3.7211883858170158 1.8140482669660278 0.073306402036508858 0.012745348818360553
-0.20178634175847202 -1.0144484245389631 2.5928132384901814 0.64087211200181537 -0.2780354594011723 0.26580100556145597 3.5880082092784567 1.8440065006484887 0.07002883314026595 0.012746266720357608
-0.33247209845526698 -0.97943121871121164 2.4566303404054941 0.66506598801946626 -0.2449339605064465 0.23405503220691468 3.3346189631609979 1.9405767582313589 0.06650315467231481 0.012746019949843776
-0.45746918108346102 -0.9276557318295432 2.1368679232343419 0.71520782614417189 -0.19137758632095203 0.17903127041747269 2.9323733066812014 2.1617682787731121 0.061835822467916683 0.012746084896111776
-0.57463883918889846 -0.86000779818151263 1.814813300679506 0.77293486815998402 -0.1365412611852001 0.1296927963720477 2.5012202999225588 2.4814738675369985 0.056305538899779788 0.012746081663473916
-0.68197626743582807 -0.77764489266738823 1.5643368475409316 0.82777212057461125 -0.090524843141871175 0.093799591983023206 2.0986437295140621 2.8740413474786619 0.050134716573986118 0.01274608181176185
-0.77764489266738812 -0.68197626743582829 1.3932084599484771 0.87221425931151009 -0.057191759695105752 0.070725095260496598 1.7767465549235693 3.2787784675245804 0.044458110091662416 0.012746081811761784
-0.86000779818151263 -0.57463883918889858 1.2836212239447544 0.90427953436276687 -0.03520485934922412 0.056855680409234506 1.5502616933263063 3.6341183695829948 0.040083184359378021 0.012746081663473909
-0.9276557318295432 -0.4574691810834613 1.2153724212312058 0.92579908292512636 -0.021259612081714469 0.048738255624616568 1.4035524545903877 3.9082910940332258 0.037091709797721403 0.012746084896111943
-0.97943121871121142 -0.33247209845526748 1.1735418196457759 0.93960166932370781 -0.012345356034878029 0.044027842876681371 1.3130972184033352 4.1001790881744382 0.035190821830172712 0.012746019949843819
-1.0144484245389631 -0.20178634175847235 1.148843778017383 0.9480000189905109 -0.0063747110659424008 0.041361667474164886 1.260100274526099 4.2226551512540551 0.03405906110106726 0.012746266720357469
-1.0321079436246354 -0.067647904905642112 1.1361517558744993 0.95237060325738987 -0.00206198814184705 0.040036529824493697 1.2333550823051924 4.2877843988326143 0.033484633227302253 0.012745348818360968
-0.074051965712207818 -1.1298150646231575 2.4417448904362242 0.68396108470638528 -0.27195422950414633 0.2332575362411036 3.34351626650087 2.0126696651087927 0.066842899670915862 0.015085622032438678
-0.22088895852625329 -1.110483762291617 2.3177261505382787 0.71015758049297328 -0.23930168449348546 0.20295812694884502 3.0648721955610543 2.1402925942106013 0.062563275339147267 0.015086708477602578
-0.36394641444426967 -1.07215156369787 2.000183069816948 0.76434733313704961 -0.18246406410992505 0.14906292271681143 2.6083623885774823 2.432828789714923 0.056477047751133269 0.015086416395624126
-0.50077666350845129 -1.0154746187925974 1.6537449613098372 0.82942949136895239 -0.11974200340912977 0.099523157012670518 2.1063166166848295 2.8871334676370077 0.04921168057689275 0.015086493267184696
-0.62903848501848203 -0.94142262161702928 1.3952677433400975 0.88882071821665387 -0.069500343659475355 0.06661506307266557 1.6710249457213397 3.4483898975876124 0.041788027106497441 0.01508648944097667
-0.74653728364742999 -0.85126262237393235 1.2349795941507988 0.93162306254185512 -0.03745185242339396 0.048526303274634842 1.3752620859997835 3.9752838719180925 0.036112163971707446 0.015086489616493082
-0.85126262237393213 -0.74653728364743022 1.1441215492758419 0.95782267393878739 -0.019760494598480009 0.039493972908034219 1.2081662575070395 4.3579693334105141 0.032709190200543185 0.015086489616493112
-0.94142262161702928 -0.62903848501848214 1.0941188008920106 0.97260251680341803 -0.010573147809573776 0.035081571569568426 1.1222318843597776 4.5908145771625506 0.030930630101694809 0.015086489440976677
-1.0154746187925974 -0.50077666350845151 1.0664006688537135 0.98079841451716154 -0.0057670257726106944 0.032866351025709707 1.0786961395305592 4.7218012675798775 0.030037440052013087 0.015086493267184548
-1.0721515636978696 -0.36394641444427006 1.0507911915598924 0.98538802014241489 -0.0031199921568170886 0.031708289357472448 1.0561471539291472 4.7942120874981988 0.029583518119469666 0.015086416395624077
-1.110483762291617 -0.22088895852625368 1.0420941795495584 0.98793889671193913 -0.001536009894521504 0.031095010269587445 1.0443637241663803 4.8336447038853558 0.029350867797769357 0.015086708477602569
-1.1298150646231575 -0.074051965712208234 1.037795566420916 0.98919652037494976 -0.00048005823753897298 0.030801894379216443 1.038804112309228 4.8527263884415603 0.029242930487166387 0.01508562203243856
-0.080976406458685812 -1.2354616520461783 2.2231032814598408 0.74123050008941471 -0.23721192537768609 0.18435419933065308 2.9024278914847392 2.2841007577077428 0.060243408959403062 0.017836695028521827
-0.24154381204912373 -1.2143227210276795 1.9490122990454508 0.78899332122140564 -0.18333687593148107 0.137749682171427 2.4736831436470865 2.5750790023641232 0.054119053672453808 0.017837979602072482
-0.3979782643414968 -1.1724061606240623 1.5777713567418754 0.85939325203654593 -0.11195026901311389 0.086053981954314671 1.9089517326772898 3.1363058755999571 0.045447424477146461 0.017837634254882523
-0.54760321700143388 -1.1104294759628843 1.3066809995965172 0.92105927048655101 -0.056540044540934947 0.054353508016554683 1.4558815649406969 3.82394186573796 0.037375772058936906 0.017837725145041609
-0.68785852679418202 -1.029453035098767 1.1527926540783042 0.96064278877027487 -0.025146991406932599 0.039403402535101009 1.1963288301616439 4.3929412541143185 0.032291040909081581 0.017837720621071473
-0.81634438648306862 -0.9308623673858063 1.0768941692894158 0.9807420498146957 -0.010854385270707256 0.033302024158245791 1.0823448371691595 4.7137719985417501 0.030021224056818886 0.017837720828595579
-0.93086236738580619 -0.81634438648306873 1.0414410047167622 0.98988999733246608 -0.0048961020639608109 0.030879103161267622 1.0377626813313383 4.8586232892277392 0.029172667086565837 0.01783772082859535
-1.0294530350987667 -0.68785852679418213 1.0246566392611707 0.99406556742633367 -0.0023664372542064279 0.029859375688704531 1.019930099467075 4.9215404773017299 0.028858318436333314 0.017837720621071574
-1.1104294759628843 -0.54760321700143422 1.0163145225142431 0.99608579105852568 -0.0012105649987238292 0.029390287665834465 1.0121473662241312 4.950455890210514 0.028731907056068959 0.017837725145041394
-1.1724061606240623 -0.3979782643414973 1.0119565144025073 0.99712624263446292 -0.00062853158051653707 0.029156897646323936 1.0084340601793693 4.9647397039469441 0.028675745782154004 0.017837634254882644
-1.2143227210276792 -0.24154381204912423 1.0096436640055448 0.99767628467921088 -0.00030030689329770666 0.029036699977609312 1.0065774038648665 4.9720568335580593 0.028649159370991262 0.017837979602072486
-1.2354616520461783 -0.080976406458686284 1.0085335393371304 0.99793989159501861 -8.9189201767771588e-05 0.02898014325085229 1.0057226390067007 4.9754833371996048 0.028637430235518662 0.017836695028521771
-0.088463512078033393 -1.3496928495276668 1.9157725207729575 0.80560697386518076 -0.18692427436095485 0.13197063010632581 2.4110232288857469 2.6630501829501467 0.053112381466219848 0.021069261828180218
-0.26387703368244375 -1.3265994058784254 1.5667946664237515 0.87103761694049753 -0.11550639125089493 0.08311326784164795 1.8566340783033946 3.2242526732568542 0.044325479251198271 0.021070779206619612
-0.43477546774480746 -1.2808072262831649 1.278283631951487 0.9331368707899339 -0.053391734182480395 0.050542967116025739 1.3838899309791746 3.9725952895775629 0.035841205986434435 0.021070371271722142
-0.59823479356165166 -1.2131001566334656 1.1182908058833219 0.97211173210947621 -0.019700990331808717 0.036156524542874671 1.1316183152064041 4.5700965224985426 0.030917902426540637 0.021070478634019119
-0.75145815619863643 -1.1246366069688629 1.048077718644681 0.9892764811501642 -0.0067665945212140163 0.031191872227815543 1.0416360422513689 4.8466297974708672 0.02920724270421186 0.021070473290164211
-0.89182386143950099 -1.0169302131508478 1.0205647465489598 0.99560364555912007 -0.0024691809233561854 0.029585090935221409 1.014612924011868 4.9420555526492747 0.028753857834502586 0.021070473535298163
-1.0169302131508475 -0.8918238614395011 1.0098785219213371 0.99792031621188304 -0.0010116337913008769 0.029031748763378971 1.0061717162894392 4.9742778375120755 0.028634948532442302 0.021070473535298194
-1.1246366069688629 -0.75145815619863676 1.005451159876164 0.99884760231164915 -0.00046320135012621898 0.028817601900351202 1.0031477467006964 4.9863967551064023 0.02859910658453884 0.02107047329016425
-1.2131001566334658 -0.59823479356165199 1.0034381066030633 0.99926371444510875 -0.00022904064332480723 0.028723907789881358 1.0018921595351382 4.9915984822980786 0.028586217791481745 0.021070478634019198
-1.2808072262831649 -0.43477546774480808 1.0024436252618854 0.99946910498551433 -0.00011557972851899856 0.028678664885748252 1.001306452199922 4.9940843542615223 0.028580839915516108 0.021070371271721965
-1.3265994058784256 -0.26387703368244431 1.0019322775058512 0.99957506549431552 -5.2832802666701387e-05 0.028655754300798135 1.0010171565344563 4.995335458460735 0.028578414437143453 0.021070779206619931
-1.3496928495276668 -0.088463512078033935 1.0016899589477617 0.99962501147345784 -1.2259780131083207e-05 0.028645091666130756 1.0008867497376195 4.9959104847824767 0.028577456202400511 0.021069261828179503
-0.096559003484148587 -1.4732062236587793 1.6096091354321038 0.86782510581400463 -0.13012304867318697 0.088624503609282909 1.9270874865016205 3.1606720359972167 0.045514022109696302 0.024866071266900797
-0.2880250039389608 -1.4479994479677905 1.2973968352849325 0.9317986980707591 -0.059811250167373424 0.052183333907960296 1.4077548481526307 3.9347889783786045 0.036243476938683031 0.024867862086186465
-0.4745627312169276 -1.3980167248628652 1.1157261900158653 0.97384171544142839 -0.019868321409969966 0.035833230900684958 1.1240778350662988 4.5935722641208301 0.030740100951202411 0.024867380638933175
-0.65298058102084089 -1.3241136317046385 1.039331472394422 0.99166891988412897 -0.0055114253794303755 0.030619428930458159 1.031124371674792 4.8830130782217447 0.029009575693367883 0.024867507348571332
-0.82022575204306825 -1.2275545871942906 1.0131738281092049 0.99736724338464311 -0.0015608286328034229 0.029185701397624834 1.0082174642673929 4.9664781423772082 0.028655803271963792 0.024867501041720433
-0.97343663303829742 -1.1099917433546187 1.0048685532124904 0.99905174882670111 -0.00050990137519942968 0.028786162919911623 1.0026343225809971 4.9886928008499645 0.02859109716218533 0.024867501331029274
-1.1099917433546183 -0.97343663303829764 1.0021202435690788 0.99958594125643263 -0.00019653303978193074 0.028662422422448805 1.0010622878484678 4.995277293307085 0.028577558527946776 0.024867501331029562
-1.2275545871942906 -0.82022575204306847 1.0011002446590331 0.99978095248833121 -8.6464859997130263e-05 0.028617987558271715 1.0005287370827853 4.9975837491671786 0.028573964183164161 0.024867501041720166
-1.3241136317046385 -0.65298058102084133 1.0006670883316762 0.9998636830759684 -4.1082796294184207e-05 0.028599453989126947 1.0003135910379894 4.9985347305478722 0.028572765647386554 0.02486750734857112
-1.398016724862865 -0.47456273121692821 1.000460768676267 0.99990319818888451 -1.9338459310606662e-05 0.02859073567260521 1.000214879798502 4.9989789282970829 0.028572302663341039 0.024867380638933314
-1.4479994479677905 -0.28802500393896135 1.0003555262904091 0.99992316813458593 -7.0610057654623736e-06 0.028586359076624247 1.0001669809689437 4.9991984700784045 0.028572136661420718 0.024867862086186368
-1.4732062236587793 -0.096559003484149142 1.0003044514780206 0.99993232077666072 1.7241234194941123e-06 0.028584342674589484 1.0001474961708874 4.9992929265634842 0.028572163560693115 0.024866071266901411
-0.10531231677214724 -1.6067560237624186 1.3642870754156591 0.92022031683140149 -0.078393525863554789 0.059232521648885414 1.5195762628554579 3.7460260143687911 0.038343535158425243 0.029323973742269509
-0.31413518531286699 -1.5792641913015584 1.1411698089136819 0.96836941880150118 -0.026141280784871372 0.037867819554158536 1.161416708226676 4.4944362133413511 0.031476027517294572 0.029326085613386909
-0.51758302048318938 -1.5247504103093537 1.0438887528580754 0.99070199555128413 -0.0063669463136353001 0.030888257361465894 1.0356362242144528 4.8676393590998543 0.029085564788066089 0.029325517853950236
-0.71217489113603483 -1.4441478183573937 1.0121731926696869 0.99758556978378388 -0.0014116572667044044 0.029132920955172895 1.007389090858126 4.9696061964252438 0.028643578036246994 0.02932566727964998
-0.89458125194936045 -1.3388354568399206 1.0034263964771726 0.9993471691640069 -0.00034366049951987113 0.028719370628140645 1.0017455933515531 4.9923807052228559 0.028582169353453341 0.029325659842129093
-1.0616810795170517 -1.2106152494606004 1.0011032931223702 0.99979255470362505 -0.00010183912563794266 0.028617670952868261 1.0005146213922478 4.9976770064655138 0.028573526251262752 0.029325660183304406
-1.2106152494606002 -1.0616810795170517 1.0004353339580125 0.99991716491438665 -3.6795367688782913e-05 0.028589437074291218 1.0001948777487932 4.9990987424924098 0.028572021838369037 0.02932566018330442
-1.3388354568399206 -0.89458125194936033 1.0002110043043351 0.99995849675283688 -1.5135483293909392e-05 0.028580113016206037 1.0000929305979795 4.9995601810356813 0.028571672415828985 0.0293256598421292
-1.4441478183573935 -0.71217489113603527 1.0001210254376536 0.99997496920603801 -6.2917333559633638e-06 0.028576414371627477 1.0000534700420689 4.9997411770909004 0.028571573212438982 0.029325667279649612
-1.5247504103093532 -0.51758302048318994 1.0000786196057398 0.9999825578139323 -1.8484639163261248e-06 0.028574699038505885 1.0000358428680736 4.9998231832402285 0.028571554191001887 0.029325517853950385
-1.5792641913015579 -0.31413518531286766 1.0000557407540998 0.999986289182623 1.0776362491625092e-06 0.02857381498687403 1.0000277811820395 4.9998619927207608 0.02857158531962176 0.029326085613386947
-1.6067560237624186 -0.10531231677214783 1.0000429516242775 0.99998783351576548 4.0562840973393085e-06 0.028573410816234095 1.0000264247530368 4.9998731052108347 0.028571692720620358 0.029323973742268868
-0.11477690510584318 -1.7511577878077367 1.1947718363479702 0.95783674367224259 -0.039939497565153262 0.042408162347166191 1.2423172654627166 4.3005347430923013 0.033056014202284253 0.034556314759694874
-0.34236702277731357 -1.7211952198739886 1.0623069668969565 0.98668183350360694 -0.010119749522255308 0.032063653789048713 1.0564064026708868 4.8001461994162202 0.02946205045605392 0.034558803456613441
-0.56409904413105094 -1.6617821971651594 1.0161079284508909 0.99673095488343522 -0.0019600524055385445 0.02933383997732179 1.0104088053790727 4.9579281507408401 0.028684886933554667 0.034558134390613483
-0.77617920110464811 -1.5739357198364807 1.0037714994010596 0.99926689058353801 -0.00036024355635109486 0.02873472116696071 1.0019364371093136 4.9915042453039105 0.028583682731015178 0.034558310478668419
-0.97497871674981473 -1.4591587659639766 1.0009053856043009 0.99982835768973322 -7.4807180098795202e-05 0.028609105404501584 1.0004129286363996 4.9981099749405091 0.028572881581650052 0.03455830171405503
-1.1570960762362232 -1.3194152010505891 1.000251290791123 0.99995270551089066 -1.9570096697346975e-05 0.028581716805849883 1.0001087690247688 4.9994916383506585 0.028571664586018074 0.034558302116106915
-1.3194152010505893 -1.1570960762362232 1.0000870332369487 0.99998318971441036 -6.2513311899528919e-06 0.028574973692420427 1.0000370417179552 4.9998233458646544 0.02857149229458068 0.034558302116106256
-1.4591587659639766 -0.97497871674981496 1.0000372073501647 0.99999220786797027 -1.9521866250757584e-06 0.028572950806958802 1.0000160692396238 4.9999208644079998 0.028571462500109831 0.034558301714055134
-1.5739357198364807 -0.77617920110464833 1.0000179126028745 0.99999553931980578 -5.6103272543627079e-08 0.028572179820152668 1.0000083798965158 4.9999567444433373 0.028571463312599573 0.034558310478668766
-1.661782197165159 -0.56409904413105161 1.0000080820964241 0.9999970143399658 1.1550550082849857e-06 0.028571804492399173 1.0000050740407045 4.9999723840480161 0.028571481207424074 0.034558134390613129
-1.7211952198739882 -0.34236702277731429 1.0000012986643088 0.99999770430640655 2.3525792269106853e-06 0.028571577345215596 1.0000039073573377 4.999978750564039 0.028571525398453708 0.03455880345661376
-1.7511577878077369 -0.11477690510584379 0.99999599013146323 0.99999785524167939 4.2733618506653155e-06 0.028571472883677757 1.000005559763731 4.9999753742929558 0.028571633279439786 0.03455631475969468
-0.12501056513594294 -1.9072933225911521 1.0996789963038429 0.9787698461717047 -0.018589811524994313 0.034708498616378272 1.1046836889435161 4.6570396240528158 0.030385299790004559 0.040695733978746186
-0.37289291745437875 -1.8746592526372021 1.0269822441567165 0.99443741673242725 -0.0037495612420223815 0.029921189543278576 1.0197271071312153 4.9238925359443231 0.028826422409404168 0.040698664827952667
-0.61439485787178549 -1.809948886571692 1.0060276670731125 0.9987995484062685 -0.00061272686770206413 0.028838694643448501 1.0033067126191144 4.9857622409135844 0.028597080913977304 0.040697876892892948
-0.84538436096859926 -1.7142699016231702 1.0012287429456532 0.99975989839184232 -9.4485109258691762e-05 0.028622894508848334 1.0005718611359802 4.9973708147935723 0.028573728757670384 0.040698084265487114
-1.0619091032644157 -1.5892592833724661 1.0002538664202882 0.99995096210053158 -1.6019093037361693e-05 0.028581807953318435 1.0001093831209524 4.9994813865429286 0.028571652701285099 0.040698073943716689
-1.2602642863865519 -1.4370559981573423 1.0000589289875463 0.99998852645489811 -3.30986499865154e-06 0.028573816435052985 1.0000246437311702 4.9998810221800216 0.028571459245239815 0.040698074417197472
-1.4370559981573423 -1.2602642863865523 1.0000160843995707 0.99999654447611452 -5.894637905734543e-07 0.02857208244804723 1.0000068001168627 4.9999657195952008 0.028571439069758342 0.040698074417197777
-1.5892592833724661 -1.0619091032644159 1.0000042145575039 0.99999862122199912 3.5311599602921846e-07 0.028571608644341443 1.000002086929825 4.9999878861615628 0.028571440061831391 0.04069807394371619
-1.7142699016231699 -0.84538436096859981 0.99999932351289211 0.99999932864576579 9.3241014166404006e-07 0.028571421247463338 1.0000004190927889 4.9999955928605164 0.02857144830696268 0.040698084265487079
-1.809948886571692 -0.61439485787178649 0.99999594708446915 0.99999963691710525 1.5276974891060145e-06 0.028571304606318088 0.99999971307968605 4.9999988992524909 0.028571466723024391 0.040697876892893281
-1.8746592526372017 -0.37289291745437941 0.99999237493809467 0.99999976765720644 2.3895474269089181e-06 0.028571202749557174 0.99999972023846195 4.9999995350645881 0.028571507752413516 0.04069866482795273
-1.9072933225911521 -0.12501056513594364 0.99998864726415615 0.99999968283401375 4.1081975018358572e-06 0.028571154727727061 1.0000017671705437 4.9999939936536135 0.028571608838994872 0.040695733978745423
-0.13607578994226752 -2.0761160885959504 1.0504262915007736 0.98948575282171736 -0.0084283987833365728 0.031346715798593862 1.0444664805798995 4.8411445542548792 0.029260398044871228 0.047897438395239023
-0.40589927940332254 -2.0405934362250413 1.0118929156215348 0.99759199068037308 -0.0014242526336119602 0.029124783347934259 1.0073866516550372 4.9696442886356715 0.02864668192254816 0.047900887901014044
-0.66877759916095758 -1.9701552762963828 1.0023675430607926 0.99952885203680275 -0.00020088330232421629 0.028672507723005395 1.001167462167887 4.9947296299982513 0.028577740249367212 0.047899960529339008
-0.92021298038725563 -1.8660073313320009 1.0004312968483184 0.99991440276617138 -2.5738015800887593e-05 0.028589174554257819 1.0001897296644235 4.999097796766236 0.028571920895019351 0.04790020459954266
-1.1559032623878904 -1.7299314835735555 1.0000773900090023 0.99998457292110488 -3.1908737055884253e-06 0.028574565492371556 1.000032398660734 4.9998418685572741 0.028571469839627182 0.047900192451182856
-1.3718157190921385 -1.5642560285035478 1.0000141353536796 0.99999699019646537 -2.286052145169237e-07 0.028571998938133801 1.0000058263428053 4.9999703825933999 0.02857143352229018 0.047900193008453953
-1.5642560285035474 -1.371815719092139 1.0000017596987156 0.99999931177136037 3.5668291493409324e-07 0.028571502170329749 1.0000008152055688 4.999994518206301 0.028571431782348441 0.047900193008454106
-1.7299314835735555 -1.1559032623878909 0.99999838494653925 0.99999984024049027 6.5500129187322945e-07 0.028571370349089069 0.99999957621507629 5.0000002580264518 0.028571434951221057 0.047900192451182474
-1.8660073313320005 -0.92021298038725607 0.99999652372683279 1.0000000165474801 9.7258812024076521e-07 0.028571303182353406 0.99999908659654624 5.0000023636104514 0.028571442233249908 0.047900204599542938
-1.9701552762963828 -0.66877759916095847 0.99999452931139876 1.0000001048774969 1.4313256373539447e-06 0.028571239200903157 0.99999884165806219 5.0000034176107198 0.028571458028433389 0.047899960529338897
-2.0405934362250413 -0.40589927940332327 0.99999173147049036 1.0000001413956141 2.2067839443041822e-06 0.028571163693762374 0.99999899674708748 5.0000032124852183 0.028571494435158242 0.047900887901013788
-2.07611608859595 -0.13607578994226838 0.9999884998258306 1.0000000359408927 3.8725789546033065e-06 0.028571127742892981 1.0000009701307719 4.9999977517771557 0.028571587751364553 0.047897438395240355
-0.14804015065528486 -2.258657022413781 1.0255484228835905 0.99480415523256061 -0.0038292727029946034 0.029861541183762951 1.0191171055477741 4.9271838386595403 0.028825282935261615 0.056343029906403497
-0.44158766595610699 -2.220011067752075 1.0054078803200697 0.99891567350141786 -0.00056888005728281284 0.028811475199892373 1.0029776478482744 4.9871596911950942 0.028594749523786316 0.056347087651735676
-0.72757936277035618 -2.1433796859894287 1.0009832452125291 0.99980309116235377 -7.0379045403911965e-05 0.028612485409581494 1.0004532973630242 4.9978828303449498 0.02857314550453403 0.056345996759785022
-1.0011220093543112 -2.0300746118869242 1.0001635129418105 0.99996698184030519 -7.3164351019406582e-06 0.028578090270354604 1.0000696340784618 4.9996608363386681 0.028571549511111131 0.056346283866052484
-1.2575351807947552 -1.8820343983320182 1.0000256873453472 0.99999466778332036 -4.4334698471860097e-07 0.028572464605157628 1.0000105725077322 4.99994690535876 0.028571437105758133 0.05634626957561318
-1.4924315766371796 -1.7017920544231369 1.0000031567325138 0.99999915103318215 2.6809254275191212e-07 0.02857155527557164 1.0000012768526385 4.9999925604007167 0.028571429006189447 0.056346270231146439
-1.7017920544231369 -1.4924315766371801 0.99999904398957318 0.99999990323205368 4.3365652538709197e-07 0.028571391249978734 0.99999964870352842 5.0000003917625149 0.028571429490389728 0.056346270231147001
-1.8820343983320182 -1.2575351807947557 0.99999772715648627 1.000000064630322 6.0157172799314393e-07 0.028571341103611942 0.99999921041232076 5.0000022944834592 0.028571432017322131 0.056346269575614095
-2.0300746118869242 -1.0011220093543114 0.99999660080907049 1.0000001307159636 8.5096487957407241e-07 0.028571301721224279 0.99999895837442365 5.0000032550083935 0.028571437688812411 0.056346283866052463
-2.1433796859894287 -0.72757936277035684 0.99999501704805782 1.0000001798929015 1.2580863871919423e-06 0.028571251363268897 0.99999877960445938 5.0000039478211065 0.028571450681302187 0.056345996759784737
-2.2200110677520755 -0.44158766595610793 0.99999254985309982 1.0000002084294719 1.9880254027616612e-06 0.028571184299839753 0.99999889957728261 5.0000037905773267 0.028571482305832181 0.056347087651735198
-2.2586570224137819 -0.14804015065528578 0.99998963997332468 1.0000001222947736 3.6222771363708341e-06 0.028571153001468143 1.0000007140296483 4.9999988237937387 0.028571567403690139 0.056343029906405197
-0.16097670908737138 -2.4560308322833491 1.0130452094070372 0.99740575504456586 -0.0017704861332555181 0.029189685529531443 1.0084831189843215 4.9660174539521851 0.028664809387691347 0.066244981082736548
-0.48017601255156434 -2.4140077826346955 1.0025346560145947 0.99949490572174704 -0.00023897507775931919 0.028680443482567364 1.001277626471794 4.9942852716693791 0.028578979065519729 0.066249751952585076
-0.79115922876479106 -2.3306799314107853 1.0004285633826577 0.99991362369708192 -2.6394355416716804e-05 0.028589079648724609 1.0001891422068077 4.9990953699758096 0.028571935340130066 0.066248469342886571
-1.0886055286180596 -2.2074736399338666 1.0000660537064614 0.99998645622208848 -2.1576477245699179e-06 0.02857410373040991 1.0000275739806033 4.9998633458902919 0.028571461544197978 0.066248806906366739
-1.3674254860582011 -2.0464968624503617 1.0000090697542561 0.99999801425359203 9.2325349174730135e-08 0.028571792599270382 1.000003670131087 4.9999808933442003 0.028571429808426349 0.06624879010446913
-1.6228484143099164 -1.8505039562542061 1.0000003463085338 0.99999975660109508 2.817424365394525e-07 0.028571441526088013 1.0000001060486898 4.9999985152444877 0.028571427673746135 0.066248790875207936
-1.8505039562542056 -1.6228484143099169 0.99999873714669263 1.0000000305823593 3.6500769645653389e-07 0.028571377662642589 0.99999947998932359 5.000001450299818 0.028571428176761424 0.066248790875208741
-2.0464968624503617 -1.3674254860582014 0.99999801311174596 1.0000000962938487 4.9586412494254351e-07 0.028571350393043364 0.999999249587464 5.0000023548628842 0.02857142986854555 0.06624879010446863
-2.2074736399338666 -1.08860552861806 0.9999971509213319 1.000000138111437 7.1092954052899987e-07 0.028571320048142352 0.99999904970512732 5.0000030636581005 0.028571434011245837 0.066248806906366198
-2.3306799314107849 -0.79115922876479206 0.99999579527418125 1.0000001820175655 1.0794841810515586e-06 0.02857127612040266 0.99999886787933756 5.0000037377557645 0.028571444309386615 0.066248469342885988
-2.4140077826346946 -0.48017601255156533 0.99999358990129628 1.0000002176953675 1.7669499704948362e-06 0.028571214734181064 0.99999892473233665 5.0000037740170029 0.028571471138182498 0.066249751952586172
-2.4560308322833491 -0.16097670908737227 0.99999099928122903 1.0000001582061027 3.3672741126623578e-06 0.028571187580622864 1.0000005649898458 4.9999993759450714 0.028571547610225602 0.066244981082733453
-0.1749644638935855 -2.6694428051907817 1.0067235340611407 0.99868608513011403 -0.00083867066407143686 0.028875872419864283 1.0039057391965176 4.9837091343654079 0.028606241760354222 0.077851868842983604
-0.52189996358445234 -2.6237682452209938 1.0012162095246089 0.99975858198013901 -0.00010483419369045402 0.028622628618733294 1.0005750916414131 4.9973561723997975 0.028573964089042225 0.077857475624477784
-0.85990545526783746 -2.533199784109748 1.0001932942075269 0.99996085787304423 -1.0494984845738867e-05 0.028579318963791237 1.0000828524541558 4.9995971768430101 0.028571586853765769 0.077855968286706323
-1.1831977668451066 -2.3992877240434947 1.0000278272986978 0.99999421808307787 -6.420279425175117e-07 0.028572550895776504 1.0000114526789217 4.9999424564910724 0.028571437797274335 0.077856364995217003
-1.48624523658726 -2.2243231858106274 1.0000032611277947 0.99999922751849868 1.5391409252455207e-07 0.028571558314089612 1.0000012788053469 4.9999929379451764 0.028571427868895952 0.077856345249433939
-1.7638626382663782 -2.0112998611696451 0.99999966049423983 0.99999994111452972 2.2088690681137796e-07 0.028571413563304698 0.99999981316554221 5.0000001700194039 0.028571427143533504 0.077856346155215042
-2.0112998611696447 -1.7638626382663785 0.99999891929480145 1.0000000531161122 2.8349467108181857e-07 0.02857138413468709 0.99999952436291473 5.0000014520344127 0.028571427362883858 0.077856346155213696
-2.2243231858106269 -1.4862452365872609 0.99999842740263112 1.0000000900054402 3.9285496167408319e-07 0.028571365416563459 0.99999936112026788 5.0000020445882756 0.028571428320437874 0.077856345249433717
-2.3992877240434947 -1.183197766845107 0.99999772719018798 1.0000001252444251 5.7887537731934732e-07 0.028571340191309573 0.99999917844796349 5.0000026774650266 0.028571431103668787 0.077856364995217767
-2.5331997841097471 -0.85990545526783846 0.99999656663981928 1.0000001694225875 9.0927491578399239e-07 0.028571301542184586 0.99999898627734585 5.0000033787844451 0.028571438876547044 0.07785596828670649
-2.6237682452209938 -0.52189996358445345 0.99999462295553321 1.0000002138624118 1.5504918372881061e-06 0.028571245870578504 0.99999898145342481 5.0000036130474461 0.028571460952369631 0.077857475624477493
-2.6694428051907813 -0.17496446389358661 0.99999238269214119 1.0000001820673659 3.1094755007208611e-06 0.02857122370536793 1.0000004459433212 4.9999997928633197 0.02857152839828267 0.077851868842984381
-0.1900888329864874 -2.9001961671000456 1.0034894966397327 0.99932705817630141 -0.00040664604769743322 0.028724336617104818 1.0018558080614712 4.9920057467521062 0.028584595039765771 0.091454494286315649
-0.56701431139638403 -2.8505733830865516 1.0005919711686773 0.99988278861475388 -4.7564167783459429e-05 0.028595984839585756 1.0002673389031742 4.9987458111315037 0.028572302465397797 0.091461080709653628
-0.93423784940691657 -2.7521759560039318 1.0000888164061443 0.99998195431616321 -4.3615636411868017e-06 0.028575032435315065 1.0000373144597938 4.9998164871334136 0.028571479709604799 0.091459310003110583
-1.2854763629521804 -2.606688200065717 1.0000119508529175 0.99999748434007552 -1.7980826711935883e-07 0.028571908829180252 1.0000048570545079 4.9999752764994323 0.028571430793883787 0.091459776026301565
-1.614720019525953 -2.4165992863138723 1.0000011194308487 0.99999969709081227 1.2486191249220499e-07 0.028571472145035543 1.0000004045891211 4.9999974713423629 0.028571427367793459 0.091459752830442623
-1.9163353688806692 -2.1851616887652967 0.99999956607555374 0.99999999889156577 1.606191425876956e-07 0.028571409618308768 0.99999976950933422 5.0000005680451078 0.028571426975284142 0.091459753894488321
-2.1851616887652963 -1.9163353688806697 0.9999991734069672 1.000000050380548 2.1189229578475772e-07 0.028571393861114663 0.99999961067590581 5.0000012225738706 0.028571426924828603 0.091459753894487142
-2.4165992863138728 -1.6147200195259537 0.99999881161013526 1.0000000764142765 3.0221088354841326e-07 0.028571379755006093 0.99999947875864081 5.0000016825360669 0.028571427290587256 0.09145975283044401
-2.606688200065717 -1.2854763629521813 0.9999982459321457 1.0000001084379868 4.5999266213414127e-07 0.028571358746683279 0.99999930914474022 5.0000022666901449 0.028571428909373666 0.091459776026300801
-2.7521759560039309 -0.93423784940691768 0.99999727360590396 1.000000152873699 7.508824717957067e-07 0.028571325313250899 0.99999911129963881 5.0000029834830775 0.028571434368977404 0.091459310003110916
-2.8505733830865516 -0.56701431139638514 0.99999560194953496 1.000000204955565 1.3409641191589992e-06 0.028571275871162056 0.99999905248115584 5.0000033909420489 0.028571451793168896 0.091461080709653558
-2.9001961671000456 -0.19008883298648868 0.99999375061568407 1.0000002004268083 2.8494678704863131e-06 0.028571259852280238 1.0000003431604554 5.0000001416137021 0.028571509828051359 0.091454494286315219
-0.20644217515092875 -3.1497000412595511 1.0018134183639655 0.9996539061339561 -0.0002006072145436257 0.028649018380502104 1.000900590747122 4.9960204500626313 0.028576442613395474 0.10739303863211268
-0.61579455219600632 -3.0958082091732413 1.0002891903186719 0.99994284326321581 -2.2063310481749697e-05 0.02858330174299856 1.0001263330957111 4.9993984301267407 0.028571733337845222 0.10740077292687611
-1.0146103309161749 -2.9889456515098196 1.0000409476836067 0.999991658603954 -1.8646398281822071e-06 0.028573083182355047 1.0000169619483867 4.9999158864111477 0.028571445260640437 0.10739869362440241
-1.3960658935278807 -2.8309415840333916 1.0000051233173539 0.99999890537501657 -3.8468384489327831e-08 0.02857163362001262 1.0000020523167459 4.9999893934571924 0.028571428687107644 0.10739924086537481
-1.753634381638735 -2.6244993211688628 1.0000003248558755 0.99999988497517911 8.7452503978709942e-08 0.028571440342505642 1.0000000860759739 4.9999992070464696 0.028571427348270333 0.10739921362698231
-2.0811976992804455 -2.3731511472704532 0.99999963454771523 1.0000000148421322 1.1215532629964318e-07 0.028571412405668822 0.99999979859480093 5.0000005750842247 0.028571427023758353 0.1073992148764652
-2.3731511472704532 -2.081197699280446 0.9999994046167372 1.0000000415927499 1.5306039920507318e-07 0.028571402963461761 0.99999969804842603 5.0000009602033959 0.028571426778787941 0.10739921487646546
-2.6244993211688623 -1.7536343816387354 0.99999913602174395 1.0000000620180631 2.2533770267966922e-07 0.028571392142100575 0.99999958789560184 5.0000013377122698 0.028571426701222584 0.1073992136269821
-2.8309415840333916 -1.3960658935278816 0.99999869157163912 1.0000000910757942 3.5554671658849999e-07 0.028571375029304309 0.99999943339745268 5.0000018692468364 0.02857142736642284 0.10739924086537361
-2.9889456515098192 -1.0146103309161763 0.99999790241882991 1.0000001346328935 6.0587768898104028e-07 0.028571346863660512 0.99999923675187052 5.000002578647508 0.028571430766878562 0.10739869362440302
-3.0958082091732404 -0.61579455219600754 0.99999651168410508 1.0000001925057722 1.140015213573427e-06 0.028571304177940553 0.9999991334849766 5.0000031261819435 0.028571443710552938 0.10740077292687676
-3.1497000412595515 -0.20644217515092997 0.99999508960401118 1.0000002141490387 2.5877503882046847e-06 0.028571295565129599 1.0000002541209578 5.0000004328199754 0.028571491981212171 0.1073930386321111
-0.22412435404411651 -3.4194780531832998 1.0009363176748518 0.99982285274887739 -9.9799960671215481e-05 0.028610790437596904 1.0004409337297211 4.9980125112999199 0.028573328227768657 0.12606543058435399
-0.66853856840984216 -3.3609702795378817 1.0001401761020985 0.99997233417300058 -1.0329796075312645e-05 0.028577141611794313 1.0000597708762233 4.9997122521338619 0.028571534389753 0.12607450963837519
-1.1015137040521141 -3.2449547333428934 1.0000186702639613 0.99999618761580877 -8.0694907714355916e-07 0.02857218073218876 1.0000076541638927 4.9999618002142112 0.028571433918701917 0.12607206880827382
-1.5156416868849814 -3.0734173062953074 1.0000021512196444 0.99999953167269495 1.4155344626607722e-09 0.028571514179987149 1.0000008440222674 4.9999955456705836 0.028571428131165678 0.12607271119785191
-1.9038366202399832 -2.8492928570247482 1.0000000478430866 0.99999995997952762 5.725762963291481e-08 0.02857142942566257 0.99999998099928455 4.999999844759885 0.028571427511939158 0.12607267922353071
-2.2594563811794459 -2.5764162169972717 0.99999973447458534 1.0000000164277878 7.5327737511198701e-08 0.028571416584238691 0.9999998449179085 5.0000004672046847 0.028571427205254206 0.1260726806902577
-2.5764162169972717 -2.2594563811794472 0.99999959230965285 1.0000000320155804 1.063884600764868e-07 0.028571410540602388 0.99999977555552033 5.0000007185496935 0.028571426848213961 0.12607268069025923
-2.8492928570247473 -1.9038366202399839 0.99999939767233814 1.0000000484660534 1.6200974812197213e-07 0.028571402378230963 0.99999968450973686 5.0000010284166656 0.028571426471332765 0.12607267922352874
-3.0734173062953078 -1.5156416868849822 0.99999906229831248 1.0000000741589599 2.6592248877756101e-07 0.028571388895042599 0.99999954797193646 5.0000014982260517 0.02857142640310022 0.12607271119785307
-3.244954733342893 -1.1015137040521159 0.99999844787924819 1.0000001154955898 4.7544569560824048e-07 0.028571365954670153 0.99999935947739571 5.0000021761464293 0.028571428039479797 0.12607206880827326
-3.3609702795378817 -0.66853856840984338 0.99999734205229895 1.0000001769682816 9.4933105249546583e-07 0.028571330438391322 0.99999922223351412 5.0000028266218033 0.028571436756273303 0.12607450963837455
-3.4194780531832998 -0.22412435404411776 0.99999638883748476 1.0000002230916802 2.3249892738230705e-06 0.028571330517713784 1.0000001782273253 5.0000006672640129 0.028571474964344614 0.12606543058435779
-0.24324334802508615 -3.7111776348539327 1.0004760051699164 0.99991065226788711 -4.9563197512197739e-05 0.028591175591313561 1.0002150371107326 4.9990158067759545 0.028572133102492771 0.14793713009407136
-0.72556844773727081 -3.6476788383590004 1.0000666203382769 0.99998686433954032 -4.8177423644540507e-06 0.028574129375810026 1.0000279049001208 4.999864559242301 0.028571464523420034 0.1479477843169611
-1.1954786547490059 -3.5217665518527634 1.0000083045050547 0.99999829963163211 -3.4839070412142675e-07 0.028571762372441606 1.0000033774465216 4.999983051938365 0.028571430191668863 0.14794492001547074
-1.644933947034259 -3.3355960741078485 1.0000008693319586 0.99999980598751825 9.2624782301830553e-09 0.028571462855424643 1.0000003295517965 4.9999982034189161 0.028571428082140846 0.14794567385631588
-2.0662439634239069 -3.0923526227329989 0.99999996886218945 0.9999999886296882 3.5530894039889728e-08 0.028571426493697764 0.99999995736141145 5.0000000471053685 0.028571427739210141 0.14794563633461183
-2.4521999727283164 -2.7961981606210671 0.99999982419326305 1.0000000134364535 4.8334740591686434e-08 0.028571420424914045 0.99999988962288977 5.0000003404855269 0.028571427457183 0.14794563805581434
-2.7961981606210671 -2.4521999727283168 0.99999973523186936 1.0000000233062731 7.0635495967905097e-08 0.028571416470738412 0.99999984018811361 5.0000005134216021 0.028571427061462519 0.14794563805581615
-3.0923526227329989 -2.0662439634239078 0.99999960028145618 1.0000000363519239 1.1150092813603572e-07 0.028571410528776781 0.9999997671698192 5.0000007611956763 0.028571426517516107 0.14794563633461219
-3.3355960741078485 -1.6449339470342603 0.99999936020510405 1.0000000582447102 1.9111042111340677e-07 0.028571400345504087 0.99999965083149711 5.0000011615056286 0.028571425937294292 0.1479456738563166
-3.5217665518527634 -1.1954786547490073 0.99999890733552399 1.0000000960573245 3.6058662305272696e-07 0.028571382435071395 0.99999947683558532 5.0000017855590739 0.028571426141637168 0.14794492001547097
-3.6476788383590009 -0.72556844773727236 0.99999808344552155 1.0000001587078531 7.7074803909254446e-07 0.028571354318586255 0.99999931664787078 5.0000024992826697 0.028571430980742472 0.14794778431696107
-3.7111776348539327 -0.24324334802508732 0.99999763543864606 1.0000002269495354 2.0621067986199841e-06 0.028571364332168333 1.0000001151317006 5.0000008442894668 0.028571458914678209 0.14793713009407014
-0.26391590953758082 -4.0265800849649231 1.0002359761519437 0.99995605939839949 -2.4327212389897088e-05 0.02858111773039131 1.0001031190219445 4.9995225295404255 0.0285716781563982 0.17355256816651596
-0.78723245001792996 -3.9576847060467979 1.0000306734132371 0.99999395284346604 -2.2125044603736344e-06 0.028572667222854689 1.0000126779419358 4.9999380672282401 0.028571440278295657 0.17356506717701933
-1.2970789913165837 -3.821071491810728 1.0000035569841403 0.99999926884535462 -1.4865991161185251e-07 0.028571571292785956 1.0000014372024311 4.9999927485877054 0.028571429013316926 0.17356170691933032
-1.7847322127633982 -3.619078913752527 1.0000003324838256 0.99999992325874132 7.9024948202212051e-09 0.028571441485940544 1.0000001184682341 4.9999993174836215 0.028571428186586815 0.17356259128835055
-2.2418481712285794 -3.3551628920817804 0.99999996008064662 0.99999999845239462 2.080743817018261e-08 0.028571426374395664 0.9999999619673805 5.0000000847039763 0.028571427971169752 0.17356254726973061
-2.6606054859263009 -3.0338391031006213 0.99999989250153787 1.0000000095496158 2.9336443494498683e-08 0.028571423430414581 0.9999999265071452 5.0000002288406806 0.028571427730352848 0.17356254928895892
-3.0338391031006213 -2.6606054859263017 0.99999983810770243 1.0000000160267937 4.4370537985773498e-08 0.028571420877915994 0.99999989156352043 5.0000003485856483 0.028571427353607411 0.17356254928895784
-3.3551628920817804 -2.2418481712285807 0.99999975007794972 1.0000000259751705 7.2760640353994474e-08 0.028571416759503469 0.99999983544881144 5.0000005386143487 0.028571426756384345 0.17356254726973275
-3.6190789137525279 -1.7847322127633996 0.99999958961480973 1.0000000437870924 1.3074129840030718e-07 0.028571409461538747 0.99999974048312101 5.0000008650883077 0.028571425876943463 0.17356259128834892
-3.8210714918107271 -1.2970789913165852 0.99999928002490235 1.0000000769327597 2.6207696923161072e-07 0.028571396211305059 0.99999958631465846 5.0000014162381747 0.02857142501030123 0.17356170691932735
-3.9576847060467975 -0.78723245001793152 0.99999872625965913 1.0000001381924384 6.0624641355301863e-07 0.028571375478918876 0.9999994144459381 5.0000021522095599 0.028571426428515709 0.1735650671770235
-4.0265800849649231 -0.26391590953758215 0.99999881300917592 1.0000002254219598 1.8003504315678348e-06 0.028571396527870746 1.0000000644105582 5.0000009634519289 0.028571444007518088 0.17355256816650563
-0.28626827807293626 -4.3676114466359888 1.0001129885853606 0.99997915881778598 -1.1712771408702391e-05 0.028576028445263135 1.0000480005193488 4.9997757973148982 0.028571508787030544 0.20354852289680067
-0.85390713392244788 -4.292880970839243 1.0000135191679231 0.99999733003654911 -9.9399027567263364e-07 0.028571972858718458 1.0000055297566255 4.9999728232483616 0.028571432090472786 0.20356318217355893
-1.4069351484697272 -4.1446972949483429 1.0000014488821138 0.99999970008527406 -6.2930802516924864e-08 0.028571486634235563 1.0000005822594655 4.999997042139241 0.028571428678933999 0.20355924114578908
-1.9358901790508654 -3.9255969473961612 1.0000001183489209 0.99999997137190244 4.8499094844830336e-09 0.028571433051598615 1.0000000374012064 4.9999997607169533 0.028571428317641711 0.20356027836471188
-2.431721591938286 -3.6393285476929362 0.99999997095035675 1.0000000010408245 1.1366634163337675e-08 0.028571427014179911 0.99999997349011982 5.0000000688392756 0.02857142817616562 0.20356022673814067
-2.885945574187045 -3.2907902275261871 0.99999993934764642 1.000000006120785 1.6633958295919981e-08 0.028571425561835246 0.99999995426076493 5.0000001423124685 0.028571427987929308 0.20356022910636135
-3.2907902275261871 -2.8859455741870468 0.99999990776567926 1.0000000103250264 2.6048597366191068e-08 0.028571423979684502 0.99999993046745239 5.000000222816964 0.02857142766905715 0.2035602291063556
-3.6393285476929358 -2.4317215919382869 0.99999985471694719 1.0000000174911157 4.4450613493333857e-08 0.02857142129655969 0.99999988960680664 5.0000003607990449 0.028571427107881336 0.2035602267381369
-3.9255969473961612 -1.9358901790508665 0.9999997568567407 1.0000000311745767 8.4051586474482152e-08 0.028571416395908825 0.99999981594420428 5.0000006133729196 0.028571426121637891 0.20356027836471219
-4.144697294948342 -1.4069351484697292 0.99999956743841023 1.0000000587765172 1.8037420259235827e-07 0.028571407258498577 0.99999968555308516 5.0000010773606371 0.028571424560958243 0.20355924114579282
-4.2928809708392413 -0.85390713392244966 0.99999926132629835 1.0000001160440624 4.5790055223827046e-07 0.028571393584730147 0.99999951308307877 5.0000017948741746 0.028571423131668224 0.20356318217355512
-4.3676114466359888 -0.28626827807293792 0.99999990057553823 1.000000218266353 1.5413698986144659e-06 0.028571426488824152 1.0000000254774901 5.0000010250044173 0.028571430465802808 0.20354852289680891
-0.3104369510667675 -4.736354269027804 1.0000518289604043 0.99999057389148582 -5.5308153612694215e-06 0.028573521217353987 1.0000214114813535 4.9998993395551654 0.028571448036035729 0.23866975931087187
-0.92599965645340476 -4.6553145491738297 1.0000056376385076 0.99999887963538014 -4.3974235695001724e-07 0.028571654935229149 1.000002284025808 4.9999886854894999 0.028571429429427812 0.23868694796940351
-1.5257179760879129 -4.4946202212828563 1.0000005541086192 0.99999988353365887 -2.7288654886965739e-08 0.028571450774438165 1.0000002219407731 4.999998860176972 0.028571428610090908 0.23868232693784525
-2.0993309102573079 -4.2570219643972669 1.0000000384915511 0.99999999001872142 2.3497464002319495e-09 0.028571429969696454 1.0000000093920047 4.9999999239740465 0.028571428430034407 0.23868354312348333
-2.6370237105077119 -3.9465848814313729 0.99999998317574013 1.0000000011910273 5.6973007801409201e-09 0.028571427665877475 0.99999998407415169 5.0000000431302087 0.028571428338847862 0.23868348258900821
-3.1295963039502306 -3.5686206369441393 0.99999996865111962 1.0000000035521857 8.6762436471912339e-09 0.028571426951626348 0.99999997359998227 5.0000000811214251 0.028571428205581537 0.23868348536585465
-3.5686206369441389 -3.129596303950231 0.99999995164066857 1.0000000061463654 1.4066885067718277e-08 0.028571426029798157 0.99999995834644539 5.0000001322261687 0.028571427964171357 0.23868348536586309
-3.946584881431372 -2.6370237105077128 0.99999992273594762 1.0000000109326674 2.4987774670698164e-08 0.028571424408840234 0.9999999305176358 5.0000002257297123 0.028571427499402165 0.23868348258901231
-4.2570219643972669 -2.0993309102573088 0.9999998701932955 1.0000000207052697 4.9854832505381214e-08 0.028571421373513178 0.9999998768238304 5.0000004088272645 0.028571426565780857 0.23868354312348175
-4.4946202212828545 -1.5257179760879149 0.99999977390064698 1.0000000422557727 1.1549928993988819e-07 0.028571415640540682 0.99999977246240634 5.0000007774834527 0.028571424684513166 0.23868232693784339
-4.6553145491738288 -0.92599965645340665 0.99999968078572243 1.0000000930590796 3.2779079541355116e-07 0.028571408331679565 0.99999960976711888 5.0000014382386961 0.028571421100246512 0.23868694796940385
-4.736354269027804 -0.31043695106676927 1.0000008713983453 1.0000002053395338 1.2873099270655865e-06 0.02857145342845006 0.99999999754158841 5.0000010302082938 0.028571418572522371 0.23866975931087375
-0.33656951743703056 -5.1350603246797499 1.000022699246562 0.99999598247683441 -2.6074197015239301e-06 0.028572335315167043 1.000009035523332 4.9999573211971384 0.028571427341221631 0.27978731602780826
-1.0039502592986975 -5.0471986854297954 1.0000021998153008 0.99999955509047478 -1.9861206283247583e-07 0.028571516591622437 1.0000008798337261 4.9999955732310406 0.028571428598971604 0.27980746591461692
-1.6541528358409496 -4.8729771173874639 1.0000001957490257 0.9999999572048196 -1.3070457925566534e-08 0.02857143644381565 1.0000000787286869 4.9999995865628524 0.028571428613854304 0.27980204878083192
-2.2760524769294541 -4.6153778516136432 1.0000000111414269 0.99999999674610773 8.0966448751914257e-10 0.028571428956657735 1.0000000012857742 4.9999999778765547 0.028571428511000658 0.27980347448853449
-2.8590082290967325 -4.2788081911742237 0.99999999171816789 1.0000000007607963 2.5633473957121131e-09 0.02857142812408266 0.99999999156890551 5.000000022242169 0.028571428455355943 0.27980340352531236
-3.3930455577973317 -3.8690269362740644 0.99999998529912637 1.0000000018447084 4.0845702678936812e-09 0.028571427783188767 0.99999998605666063 5.000000041442342 0.028571428371223707 0.27980340678054411
-3.8690269362740635 -3.3930455577973331 0.99999997693761933 1.0000000033139169 6.8455635896442294e-09 0.028571427286841783 0.99999997704602295 5.0000000713149797 0.028571428209336995 0.279803406780539
-4.2788081911742237 -2.8590082290967334 0.99999996301190297 1.0000000062082657 1.2619922287723491e-08 0.02857142639090297 0.99999995961388 5.0000001293670833 0.028571427870426807 0.27980340352530969
-4.6153778516136432 -2.276052476929455 0.99999993958722477 1.0000000125477468 2.654392378210426e-08 0.028571424687250064 0.99999992341070332 5.000000251572442 0.02857142710376092 0.27980347448853859
-4.8729771173874621 -1.6541528358409512 0.99999990715377296 1.0000000279990555 6.6910087123900412e-08 0.028571421531573188 0.99999984539545494 5.0000005238671577 0.028571425245421767 0.27980204878083081
-5.0471986854297954 -1.0039502592986997 0.99999997942731267 1.0000000702129552 2.1786596604076101e-07 0.028571419485723209 0.99999970151717421 5.000001094632629 0.028571420308630462 0.27980746591461836
-5.135060324679749 -0.33656951743703228 1.0000016914838976 1.0000001866486805 1.0409241689478812e-06 0.028571476346364602 0.99999997958307663 5.0000009816488813 0.028571408687032899 0.27978731602780638
-0.36482555885355755 -5.566164360230629 1.0000095907241611 0.99999840731653278 -1.2943956469776638e-06 0.02857180435640555 1.0000035606600504 4.999983132335136 0.028571420726808582 0.32791986951511626
-1.0882349572205299 -5.4709264673719789 1.0000007958237433 0.99999983114286817 -9.9528073105190153e-08 0.02857146018087801 1.00000030945092 4.9999983794478284 0.02857142834792346 0.32794348584035721
-1.7930240306975425 -5.2820784653027539 1.0000000620288929 0.99999998481779806 -7.5553735933676398e-09 0.0285714311109555 1.0000000257987283 4.9999998569526225 0.02857142862979975 0.32793713678269015
-2.4671340506383372 -5.0028529525116783 1.0000000027204814 0.99999999897243974 4.9155954964655431e-11 0.028571428670595537 0.99999999969454278 4.9999999929862931 0.028571428561776278 0.32793880775867401
-3.0990307229539273 -4.6380272386502446 0.99999999648257099 1.0000000003654881 1.0053318931526428e-09 0.028571428389254586 0.99999999608551993 5.0000000089740917 0.028571428529951749 0.32793872458744683
-3.6779021203861317 -4.1938435928314188 0.99999999378725746 1.0000000008369156 1.6968312044235003e-09 0.028571428235240896 0.99999999339035428 5.0000000180691435 0.028571428483750598 0.32793872840269123
-4.1938435928314179 -3.6779021203861335 0.99999999002775042 1.0000000015733639 2.9259889394786512e-09 0.028571427991057181 0.9999999886034312 5.0000000337186927 0.028571428389947161 0.32793872840268917
-4.6380272386502428 -3.0990307229539282 0.99999998411311564 1.0000000031044314 5.5382774020257988e-09 0.028571427541682487 0.9999999787899515 5.0000000659077299 0.028571428177157854 0.32793872458744988
-5.0028529525116783 -2.4671340506383395 0.99999997617800707 1.0000000067025159 1.214278586524958e-08 0.028571426684573926 0.99999995672625974 5.0000001390573852 0.028571427637453607 0.32793880775867407
-5.282078465302753 -1.7930240306975447 0.9999999787861884 1.0000000165245153 3.338169289154733e-08 0.028571425233898388 0.99999990334443367 5.0000003216219673 0.028571426082450772 0.32793713678268926
-5.4709264673719789 -1.0882349572205321 1.0000001566543217 1.0000000486452976 1.2973930311348847e-07 0.028571426942330894 0.99999978527147371 5.0000007774084096 0.028571420676159559 0.32794348584035909
-5.5661643602306272 -0.36482555885355944 1.0000023176769817 1.0000001624220576 8.0571715784137334e-07 0.028571493973715469 0.99999997034730648 5.000000883604109 0.028571401266681826 0.32791986951511293
-0.39537762424278056 -6.032298964492802 1.0000040958162544 0.99999942262062691 -7.4170716575275731e-07 0.02857158259918301 1.0000012940940253 4.9999938752349085 0.028571418766454852 0.38425908421808197
-1.1793684448969948 -5.9290854398300308 1.0000002675886162 0.99999993555636857 -6.0967899921407666e-08 0.028571438980978713 1.0000000956897932 4.9999994359178528 0.028571428277433603 0.38428675801389778
-1.9431795943660104 -5.7244224917740869 1.0000000165417529 0.99999999434639875 -5.302782749739964e-09 0.028571429304057754 1.0000000080444487 4.9999999489813236 0.028571428642387636 0.38427931813813082
-2.6737424940707171 -5.4218134305497836 1.0000000005242564 0.99999999963238251 -2.260647551794421e-10 0.028571428610225959 0.9999999997778326 4.9999999960777819 0.028571428589255706 0.38428127620095343
-3.3585569184004078 -5.0264356383180981 0.99999999872121037 1.0000000001321787 3.3011425076042799e-10 0.028571428520606918 0.99999999844421217 5.0000000019108146 0.028571428571758501 0.38428117874026069
-3.9859055026883699 -4.5450541387235504 0.99999999762271341 1.0000000003198186 6.0801887663410563e-10 0.028571428455448661 0.99999999726217015 5.0000000058041199 0.028571428550540127 0.38428118321098259
-4.5450541387235504 -3.9859055026883716 0.99999999600346134 1.0000000006329524 1.0688231736206584e-09 0.028571428345816222 0.99999999504428683 5.0000000129144961 0.028571428505677766 0.38428118321098842
-5.0264356383180964 -3.3585569184004092 0.99999999357405045 1.0000000013047263 2.0210425154548273e-09 0.028571428139185111 0.99999999024160868 5.000000028280061 0.028571428396223092 0.38428117874025258
-5.4218134305497836 -2.6737424940707197 0.99999999138189555 1.0000000029760294 4.4253595926144612e-09 0.028571427741366135 0.99999997851009936 5.0000000659653505 0.028571428086090304 0.38428127620095148
-5.7244224917740869 -1.9431795943660133 1.0000000042672279 1.0000000081500398 1.2921175941376711e-08 0.028571427184936344 0.99999994614972476 5.0000001727363443 0.028571427014247239 0.38427931813813559
-5.9290854398300308 -1.1793684448969972 1.0000002193126412 1.0000000296135931 6.439414208512648e-08 0.028571430812162773 0.99999985805726732 5.0000005002853074 0.028571422039658748 0.38428675801389622
-6.032298964492802 -0.39537762424278283 1.0000026951828038 1.0000001332116997 5.8612372759127662e-07 0.028571504702928106 0.99999996836394267 5.0000007425099637 0.028571396895677365 0.38425908421807781
-0.42841228347857158 -6.5363106446734456 1.0000019897666668 0.99999981425419315 -5.2371450793937072e-07 0.02857149786890506 1.0000004345883236 4.9999979821618501 0.028571418278235391 0.45019239168178737
-1.2779072399672335 -6.4244734058531323 1.0000000913145559 0.99999997145266628 -4.5730169296048422e-08 0.028571431928888908 1.0000000251407339 4.9999997917719554 0.02857142827630664 0.45022481390113928
-2.1055364699144521 -6.2027104239746613 1.000000003601673 0.99999999727604716 -4.1045830041070506e-09 0.028571428794283708 1.0000000031424372 4.9999999758845943 0.02857142865021679 0.45021609745019842
-2.8971394866168714 -5.874817718441065 1.000000000192917 0.99999999979755794 -2.550543058191502e-10 0.02857142860917165 1.0000000000722711 4.9999999961675625 0.028571428601454972 0.45021839148829995
-3.6391716434644605 -5.4464052529377502 0.99999999962452257 1.0000000000285902 8.5529035363061442e-11 0.028571428576530871 0.99999999949823826 4.999999998757807 0.028571428591549968 0.45021827730475567
-4.3189365645233773 -4.924803283527857 0.99999999916113214 1.0000000000982017 1.8576121309549651e-10 0.028571428550353942 0.99999999904543624 5.0000000002378693 0.028571428583908657 0.45021828254259982
-4.9248032835278561 -4.3189365645233764 0.99999999843614162 1.0000000002061982 3.2970906451270259e-10 0.028571428505070166 0.99999999818549457 5.0000000029277052 0.028571428567624502 0.45021828254259416
-5.4464052529377502 -3.6391716434644614 0.99999999721084498 1.0000000004309535 5.8999652402054139e-10 0.028571428414493043 0.99999999624059188 5.0000000089137391 0.028571428526059244 0.45021827730475983
-5.8748177184410642 -2.8971394866168727 0.99999999559258201 1.0000000009820196 1.1146556779890285e-09 0.028571428221462452 0.99999999110278426 5.0000000245135885 0.028571428397759172 0.45021839148829335
-6.2027104239746613 -2.1055364699144556 1.0000000021968811 1.0000000028929414 2.7624647264029825e-09 0.02857142794115472 0.99999997468771462 5.0000000751058735 0.028571427853279478 0.45021609745019414
-6.4244734058531296 -1.2779072399672355 1.0000001857256642 1.0000000143965297 2.1767008260477638e-08 0.028571431543429379 0.99999991723855963 5.0000002762467171 0.028571424114403696 0.45022481390114644
-6.5363106446734456 -0.42841228347857391 1.0000027543067511 1.0000001000466399 3.8773873053506214e-07 0.028571506496044601 0.99999997199906454 5.0000005675963726 0.028571396323838219 0.45019239168177178
-0.46413126547390582 -7.0812771903039726 1.0000012933111626 0.99999995037808076 -4.3630092919515882e-07 0.028571470156214387 1.0000001611003115 4.9999993465006209 0.028571418423772876 0.52737871972030237
-1.3844530778350683 -6.960115493540024 1.0000000498203181 0.9999999822012331 -3.757576791793664e-08 0.028571430331529819 1.0000000107274054 4.9999998815481081 0.028571428338717089 0.52741670078986391
-2.2810861031993155 -6.7198629672147172 1.000000001982281 0.99999999804313044 -3.099146810557014e-09 0.028571428732918795 1.0000000026140572 4.9999999810409603 0.028571428653627554 0.5274064898871007
-3.1386892207192454 -6.3646321248045155 1.0000000002953677 0.99999999984003107 -1.8468004035055622e-10 0.028571428616724806 1.0000000002341809 4.9999999959751547 0.028571428604910097 0.52740917724230685
-3.9425884954636161 -5.9005006621295086 0.99999999993586053 0.99999999999651445 1.5464993023917654e-11 0.028571428596457709 0.99999999988433963 4.9999999976321741 0.028571428599023289 0.52740904348179296
-4.6790289879585627 -5.335409997197619 0.99999999973182729 1.0000000000234146 4.8806455744397591e-11 0.028571428586375996 0.9999999997355129 4.9999999981387422 0.028571428597102905 0.52740904961768409
-5.3354099971976172 -4.6790289879585627 0.99999999940762141 1.0000000000535392 8.9065141009522984e-11 0.028571428569607697 0.99999999947282836 4.9999999989460759 0.02857142859330284 0.52740904961767121
-5.9005006621295086 -3.9425884954636161 0.99999999868233513 1.0000000001054128 1.4623472174284963e-10 0.028571428531647351 0.99999999886950253 5.0000000007137588 0.028571428584353947 0.52740904348180107
-6.3646321248045155 -3.1386892207192467 0.9999999966071248 1.0000000001872018 1.5850224316903845e-10 0.02857142842452786 0.99999999719553068 5.0000000053076334 0.028571428560242869 0.52740917724231628
-6.7198629672147154 -2.2810861031993186 0.99999999213059909 1.0000000003784755 -4.8413339512686675e-10 0.028571428119073421 0.99999999098115089 5.0000000217999512 0.028571428433849456 0.52740648988709438
-6.9601154935400222 -1.3844530778350708 1.0000000914360405 1.0000000041153458 1.6253046350462737e-10 0.028571430095831466 0.99999996086224474 5.0000001157815719 0.02857142643839005 0.5274167007898598
-7.0812771903039717 -0.46413126547390843 1.0000024061081467 1.0000000646650964 2.1761481971721216e-07 0.028571496763118626 0.99999997954523223 5.0000003718229751 0.028571400518840936 0.52737871972032524
-0.50275269769643738 -7.6705265845998625 1.0000011878014674 0.99999998802719392 -3.8044503740481445e-07 0.028571467463032848 1.0000001723486565 4.999999506625203 0.028571419950977197 0.61760732476795777
-1.4996566090091354 -7.5392827438227155 1.0000000640329543 0.99999998571381843 -2.9707245172212027e-08 0.028571431062323689 1.0000000220925538 4.9999998706981623 0.02857142850100549 0.6176518039740394
-2.4709005347664661 -7.2790382511033975 1.0000000030106644 0.9999999985161212 -1.9090421536141396e-09 0.028571428765428567 1.0000000027235159 4.9999999831322679 0.028571428645001989 0.61763984609988287
-3.3998667841006411 -6.8942478316423159 1.0000000002715261 0.99999999989876009 -8.6898002637431133e-11 0.02857142861471557 1.0000000001876992 4.9999999963850037 0.028571428603854525 0.61764299323157779
-4.2706603701377022 -6.3914949203352176 1.0000000000112699 0.99999999999429234 6.1938440047271418e-13 0.028571428601563514 0.99999999998763345 4.9999999973628286 0.028571428601112718 0.61764283658613905
-5.0683817731909588 -5.7793817588840133 0.99999999993934574 1.0000000000043991 9.671615907525734e-12 0.02857142859842076 0.99999999994956124 4.9999999975085432 0.028571428600846931 0.61764284377178502
-5.7793817588840124 -5.0683817731909624 0.99999999983903953 1.0000000000119362 1.9739187930768347e-11 0.028571428593982134 0.99999999989451549 4.999999997683843 0.028571428600420553 0.61764284377180567
-6.3914949203352176 -4.2706603701377048 0.99999999955541785 1.0000000000222904 3.5863553380675628e-11 0.028571428582344932 0.9999999997708352 4.9999999980448155 0.028571428600128217 0.6176428365861123
-6.894247831642315 -3.3998667841006447 0.99999999822364216 1.0000000000155462 4.0435040430377282e-11 0.028571428534877989 0.99999999944126783 4.9999999988350128 0.028571428605932304 0.61764299323157723
-7.2790382511033949 -2.4709005347664692 0.99999998993421524 0.99999999979858334 -4.0818791501216057e-10 0.028571428260826141 0.99999999813888008 5.0000000010061667 0.028571428663457531 0.61763984609990541
-7.5392827438227172 -1.4996566090091386 0.99999999740474632 0.99999999942038986 -4.5657502984040865e-09 0.028571428188391149 0.9999999881331243 5.0000000241295899 0.028571428292201297 0.6176518039740414
-7.6705265845998643 -0.50275269769644049 1.0000015365228589 1.0000000298686953 8.4652146030319448e-08 0.028571472198139863 0.99999998935623136 5.0000001733133672 0.028571410737244982 0.61760732476796842
ZONE T="CylinderZone3", I=12, J=32, DATAPACKING=POINT, SOLUTIONTIME=8
-0.52558950866491683 0.034448944338808678 4.2784877190527935 0.041812189163108776 0.037307617519060449 0.82074968363153555 6.7141104014045565 0.10813062513569383 0.10725173300571479 0.0037555925766890054
-0.51659659468064756 0.1027574536900356 4.2419710206934624 0.057954351322224477 0.10383967021781756 0.80823857405506505 6.6686806496465421 0.23024807122485846 0.10689190021469214 0.0037558630491548173
-0.49876447148121655 0.16930772401403962 4.134120830202642 0.088278684259167711 0.16322214568575619 0.77529440418828011 6.5637423850066154 0.36215270192142818 0.10629925412934679 0.0037557903348239968
-0.47239837975688026 0.23296110024170444 3.9565992057807677 0.13067802474589796 0.21263229069814438 0.72451883248449878 6.4090795633619946 0.49292254128545171 0.10563280087199156 0.0037558094721363228
-0.43794942078132948 0.29262844745521455 3.7140275710468562 0.1825936320021011 0.24987137187064634 0.65954657005665218 6.2153900276791783 0.62067530856134534 0.10506602297862626 0.0037558085195953475
-0.39600702579369129 0.34728884080083255 3.415471937285262 0.24116924620052313 0.27345562338667539 0.58480855734826043 5.9928173504031808 0.74470329143726177 0.10475691708587855 0.0037558085632903404
-0.34728884080083289 0.3960070257936909 3.0761976686121111 0.30355515439767844 0.28252121519862794 0.50535191990502626 5.7497336268320147 0.86469883007645021 0.10480306546233355 0.0037558085632900845
-0.29262844745521482 0.43794942078132926 2.7172801241392723 0.36688253585372954 0.27695370961691401 0.42650341629244998 5.4935887624774642 0.98061380333013215 0.10522873201645312 0.0037558085195953305
-0.23296110024170449 0.47239837975688032 2.3553142443003585 0.42816258655786804 0.25735351299296727 0.35210550680507685 5.2322923597088096 1.0919589131890575 0.10612175298606359 0.0037558094721363089
-0.16930772401403946 0.49876447148121644 2.0043973044005003 0.48477817038798787 0.22482957235649564 0.28475337972728787 4.9722518874137336 1.1982316029379156 0.10757009530175607 0.0037557903348242132
-0.10275745369003558 0.51659659468064767 1.6753828626101834 0.53450385221740737 0.18084281333549468 0.22588205315923279 4.718844885346936 1.2987861649596397 0.1096786333650395 0.00375586304915477
-0.034448944338808574 0.52558950866491672 1.3760687148125648 0.57552489770558346 0.12716150252351344 0.17599235605404223 4.4763262103716484 1.3929110841883361 0.112563512251079 0.0037555925766887422
-0.58213804693815918 0.038155330054848231 4.1043916774858031 0.11160742103056667 0.034046667768527009 0.76406679071018135 6.5155423136913235 0.22856503496478156 0.10582371566439026 0.0044987895583586471
-0.57217757912672318 0.11381319910933108 4.0905778683186726 0.12318528790586807 0.094948199817214071 0.75710475217858364 6.4779762545295867 0.30553871646352321 0.10535555569616184 0.004499113554820377
-0.55242688547523389 0.18752365898519843 4.0277345241244555 0.14534577040064453 0.15047027923166986 0.73536411154374393 6.3901291712992094 0.41379675081019013 0.10457244400686293 0.0044990264509971196
-0.52322404773064979 0.25802554592795446 3.9120604129570138 0.17700844050421588 0.19844969388074851 0.69980671956621621 6.2609552444113206 0.53137758735587226 0.10365979228590087 0.004499049375406421
-0.48506870146428199 0.32411254424168684 3.7397411473010109 0.21676887924594115 0.23698911598835379 0.65176180380558579 6.0997973417421649 0.65020808496307048 0.10282784762998251 0.0044990482343659523
-0.43861369522940891 0.38465388706246995 3.509921931194917 0.26296840750490819 0.26459724525343709 0.59321316146749203 5.915362517015426 0.76690736166090911 0.10228085232951502 0.0044990482867078531
-0.38465388706247011 0.43861369522940857 3.2273320779109427 0.31375231479208709 0.28027657298930586 0.52688625988953253 5.7140135044919678 0.879995500240772 0.10217290857754921 0.0044990482867080153
-0.32411254424168717 0.48506870146428183 2.9083899439133267 0.36748521671627821 0.28358354194303653 0.45676662184652911 5.4967979040109531 0.98992774342740097 0.10246620985707458 0.004499048234365941
-0.25802554592795462 0.52322404773064968 2.5714034846980955 0.42162273958895591 0.27468178941857063 0.38723551525084277 5.2707570399287151 1.0959201774899068 0.10321358484595182 0.0044990493754064531
-0.18752365898519835 0.55242688547523389 2.232679518648879 0.47390211801800042 0.25413088559868641 0.32161360993008792 5.0416892534940265 1.197444445556795 0.10446660354328188 0.0044990264509970441
-0.11381319910933103 0.57217757912672296 1.9046016564560777 0.52233718119594008 0.22273846786570994 0.26198777047994942 4.8144303172448053 1.293980613180937 0.10630536874045032 0.0044991135548203545
-0.038155330054848127 0.58213804693815918 1.5967664739225393 0.56520795658593748 0.18156435081030667 0.20952878343949571 4.5927238155397569 1.3850600168389922 0.10881924883945172 0.0044987895583587989
-0.64328160297155379 0.042162889040988721 3.7520099548025843 0.19983117172386486 0.030801425416295873 0.65776119695995039 6.135815775175061 0.40812744343666962 0.10329960835933998 0.0053749747213131856
-0.63227495990160221 0.12576731163243943 3.7685089833638079 0.20622497127017569 0.086203943651121051 0.65809071706882782 6.1120127813866745 0.4520520861903547 0.10271843357544934 0.0053753618193910519
-0.61044979671435606 0.20721978331697014 3.7662810911718201 0.2193166051563944 0.13813852383501107 0.65111623177833355 6.0508144603434424 0.52685321109960803 0.10171399217382893 0.0053752577512096037
-0.57817970481010705 0.28512667685123383 3.7360808621359047 0.23912050138523835 0.18497549095840693 0.6360126294072127 5.9582334609918517 0.61925765948116251 0.10048077250721121 0.0053752851403814812
-0.53601679785485856 0.35815497389252343 3.6641011771636212 0.26542862743396872 0.22497121315822594 0.61142432566081595 5.8404095140461676 0.7198741630672798 0.099263200285803405 0.0053752837771118269
-0.48468249487638121 0.42505514003119343 3.5352704114271321 0.29788709150554199 0.25638000278207845 0.57605951969330926 5.7031233318978822 0.82287160436997087 0.098327650997089386 0.0053752838396479595
-0.42505514003119377 0.4846824948763806 3.3391985753145335 0.33594897543966268 0.27763252825660206 0.52954623786086519 5.5504690384625555 0.92494334808121237 0.097904970740214772 0.0053752838396478762
-0.35815497389252382 0.53601679785485856 3.0772627823813341 0.37882445303851614 0.28759813867178824 0.47316931583163035 5.3817067984704483 1.0251233262496948 0.098081286923480476 0.0053752837771118243
-0.28512667685123405 0.57817970481010705 2.773185551800081 0.42479198111051802 0.28618845960185924 0.41182740737256374 5.1976180365807316 1.1233370016332256 0.098751737449095517 0.005375285140381509
-0.20721978331696997 0.61044979671435595 2.4487090011236639 0.47138546270680898 0.27369361431365041 0.35016610658144504 5.0050102775734882 1.2182262177496401 0.099945226990209912 0.0053752577512097086
-0.1257673116324394 0.63227495990160221 2.121717683714246 0.51652945921970628 0.25068834954586489 0.29151827846801404 4.8089054514295038 1.309096514951219 0.10169583255403906 0.0053753618193910224
-0.042162889040988617 0.64328160297155401 1.8053348277316916 0.55844879956066995 0.21787328552740792 0.23795529988900505 4.6132359268701935 1.3954562485663504 0.10406735521897036 0.0053749747213132975
-0.70939354805017363 0.046496093335589128 3.1779883200303569 0.32364968666636096 0.026444211803628635 0.49795824695186974 5.4841418123108667 0.6933231413140295 0.098668769907404058 0.006409099898540791
-0.69725571985262103 0.13869278868777682 3.2208573824317068 0.32391950291594235 0.07446543531745764 0.50480999052904096 5.4856044686220979 0.70954160012362621 0.098167526506624331 0.0064095614728513477
-0.67318752036012086 0.22851637079991854 3.2764131348825067 0.32626257827037747 0.12133171674414056 0.51212095636348764 5.4706878271747863 0.7441220636450907 0.097233165820500775 0.0064094373823382848
-0.63760093606156043 0.31442998525203641 3.3360932663098235 0.33170241892705371 0.16608200108996857 0.51846571654276097 5.439386315452059 0.79527918678219689 0.095981290969455901 0.0064094700410851262
-0.5911048229706104 0.39496361548003062 3.3833657605449581 0.34120128575633946 0.20729605863072728 0.5212086146210716 5.3917615722216929 0.85967671464492856 0.09460695296318905 0.0064094684155273189
-0.53449474247341455 0.46873930874255937 3.3928905336371749 0.35586983530295846 0.24303622578114228 0.51649739221257795 5.3280259204162377 0.93347872062946813 0.093383542720163207 0.0064094684900951821
-0.46873930874255981 0.53449474247341411 3.3340583400118411 0.37677819262483453 0.27091072280422196 0.49996217555142941 5.2484612869019074 1.0128168223611393 0.092634908375735125 0.0064094684900951561
-0.39496361548003095 0.59110482297061029 3.1809913879328091 0.40444081740090576 0.28845005041742594 0.46827891338211303 5.1524068921545663 1.0942491494224642 0.092665294705770687 0.006409468415527403
-0.31442998525203658 0.63760093606156032 2.9404288768644147 0.43951934175028828 0.29418164520259432 0.42219783949097878 5.0254316582348899 1.1796282097521373 0.093269802204700603 0.0064094700410851253
-0.22851637079991838 0.67318752036012097 2.6464908618040788 0.4783234055984909 0.28855177008507538 0.36900669674621789 4.8801356388124155 1.2643575661354376 0.094470385942427293 0.0064094373823382345
-0.13869278868777679 0.69725571985262114 2.3274116014146005 0.51825369516389752 0.27219111149463382 0.31410388537468575 4.7235460929320681 1.3467192522101052 0.096261103464824888 0.0064095614728513755
-0.046496093335589003 0.70939354805017352 2.0049608636966019 0.55721926373562158 0.24582685968850573 0.26125358256736725 4.5606253696866457 1.4259370763737906 0.09865384014361106 0.0064090998985407675
-0.78087760483207314 0.05118140431039752 2.4780585616649855 0.48932545152942725 0.020382546993966359 0.31662713533591713 4.4720289893434551 1.1579557068983988 0.088877522525499533 0.0076281951361487381
-0.76751667388363232 0.15266856166886386 2.5303280275784221 0.48348525215337212 0.05799730164426653 0.32607684316737506 4.5103596744848025 1.1464366048081722 0.088893990296595657 0.0076287445079747593
-0.74102317387368444 0.25154347228787799 2.6144794604339099 0.47483068384853122 0.096854219537680947 0.3408469054178237 4.5629127547433042 1.134330227034916 0.088760558715437352 0.0076285968138110009
-0.70185060628042939 0.34611441624449124 2.7287944205259773 0.4648740566323919 0.13687483175364551 0.36040091584468564 4.6225659017634939 1.1269817826339692 0.088394804604936303 0.0076286356846818268
-0.6506691802239658 0.43476324657811605 2.8655815852710478 0.45526350717455522 0.17738715703229385 0.38328696364569437 4.6814384145920389 1.1291062570153234 0.087786181691569834 0.0076286337499217186
-0.58835462409429162 0.5159731572236449 3.0055401403910169 0.44826562214819393 0.21679766699312247 0.4062468333316836 4.7308099334673273 1.1446650942437302 0.087035903729046113 0.007628633838673203
-0.51597315722364512 0.5883546240942914 3.1122314994179496 0.44668015566356928 0.25230218524428338 0.42349392645018352 4.7625915401469427 1.175369479810634 0.086406524042967683 0.0076286338386732482
-0.43476324657811644 0.65066918022396558 3.1339012023277166 0.45323731694949232 0.28000533296016011 0.42717909962882483 4.7708167890289319 1.2195525758152783 0.086315854568448869 0.0076286337499216058
-0.34611441624449152 0.70185060628042917 3.0227121981220169 0.47053985933374082 0.29543945699104801 0.40945407861522798 4.7410708652003963 1.2758353500764386 0.08702613247140803 0.0076286356846818337
-0.25154347228787788 0.74102317387368455 2.8018119151546017 0.49736927500323441 0.29801254625058649 0.37358248856498183 4.6667611823785196 1.3420018315348698 0.088302284956988261 0.007628596813811052
-0.15266856166886381 0.76751667388363209 2.5144462587927223 0.52920622299688835 0.2885873117213637 0.32794822741994162 4.5648969062039759 1.4106271439121307 0.090195731854505121 0.0076287445079746066
-0.051181404310397402 0.78087760483207291 2.1968070530034267 0.56294086318140435 0.26823107979058497 0.27901153250086969 4.4452714287624335 1.478809039464192 0.092707202168169939 0.0076281951361490902
-0.85817029933563249 0.056247433382235826 1.8355460457584443 0.68016335234068359 0.013062686335461668 0.16556745785949517 3.1570229645585255 1.9143636516794993 0.070746275945464634 0.0090644524153284285
-0.84348687898848107 0.16777997531979943 1.879436662917096 0.67048633765092536 0.037836368075551956 0.17326767118585154 3.2266947882613648 1.8692672460498547 0.071627330546713802 0.0090651052243718687
-0.81437100385863315 0.27644170555465564 1.9566639073215426 0.65430655856783293 0.065537371060871583 0.18679184179303274 3.3412557115150703 1.7987223298754491 0.072985262881705662 0.0090649297219505456
-0.7713210638306075 0.38037345462966338 2.0719327068649811 0.63259642585218234 0.097071966218896591 0.20679420362618361 3.4932587797342367 1.7121240866418319 0.074578296129027125 0.0090649759115342
-0.71507360654983998 0.47779690843651257 2.2295040263400034 0.60657311233379752 0.13297901620762115 0.23394539704541564 3.6726055621375697 1.6201657950597166 0.076141764929128358 0.0090649736124921582
-0.64659104160514613 0.56704512466968349 2.4279149351314082 0.57855994892732598 0.17283836807680736 0.26800946929882313 3.8635338000617274 1.5359914101753416 0.077414673320324909 0.0090649737179541671
-0.5670451246696836 0.6465910416051458 2.6495471245146529 0.55234233830968793 0.21449938247882194 0.30626970942711118 4.045763036048923 1.4729237906909125 0.078282329177417134 0.0090649737179539919
-0.47779690843651323 0.71507360654983954 2.8476163806929775 0.53267023903161936 0.25354944027032789 0.34177350499780784 4.2007317921743628 1.4391719549217701 0.078970396170447058 0.0090649736124921981
-0.38037345462966365 0.77132106383060728 2.9427540431622359 0.52357361628524979 0.283849916147138 0.36320766447077568 4.319854142276494 1.4327358300494839 0.080149248270041898 0.0090649759115344394
-0.27644170555465547 0.81437100385863315 2.8627590853843063 0.53218973700460603 0.29820990431960764 0.35605401465208042 4.3531048642161174 1.4619496158104295 0.081661464589692659 0.0090649297219504502
-0.16777997531979941 0.84348687898848085 2.6550419541537145 0.55167944454762807 0.29802919348556617 0.32843007339303848 4.3295182355352475 1.5067503214817948 0.083703375879266434 0.0090651052243718635
-0.056247433382235694 0.8581702993356326 2.3701937011608449 0.57712434990787953 0.28492499183067049 0.28910218015243772 4.2690925596908702 1.5575284044073336 0.086368224399216667 0.0090644524153284667
-0.94174362872637973 0.061725116868924783 1.3814426424859063 0.85051138867858589 0.006270207932285536 0.075751559950172576 1.9192288654748038 3.0697185299973579 0.048186521877438888 0.010755486020047327
-0.92563025639160368 0.18411930931146561 1.4089000596164132 0.84175046367916306 0.018681082198097249 0.079812358982709247 1.9827045519509752 2.9897253435110551 0.049389870195037523 0.010756260614939797
-0.89367891768930352 0.30336311466604632 1.4599298670119418 0.82605266369404273 0.034080844154131623 0.087482215081083808 2.0972771321350723 2.8544283004200226 0.051505662799952084 0.010756052371379778
-0.84643653844379463 0.41741630735932717 1.54124071139057 0.80286849416957329 0.054028487167560736 0.099851585248110206 2.267527359072171 2.6718943950213951 0.054492446062432108 0.010756107177936328
-0.78471139534896828 0.52432739130402584 1.6630166157874842 0.77152473607746974 0.080353085343184791 0.11867111770100329 2.4975632087614401 2.4541680913593988 0.058222360497345804 0.010756104449992488
-0.70955962271661965 0.62226708821249577 1.8373655294035247 0.73235426831382033 0.114592825152545 0.14608836524303659 2.7828391772254877 2.2217727606217359 0.062336417439673775 0.010756104575129254
-0.62226708821249632 0.70955962271661921 2.0717475174395394 0.68796719540905904 0.15682875655042747 0.18365983152722049 3.1027400986633027 2.0029301498525545 0.066243401336669644 0.010756104575129244
-0.5243273913040265 0.78471139534896783 2.352839310189661 0.64396962833278304 0.2041053929274057 0.22999984002714607 3.4213957398569073 1.8260816013856558 0.069422197915280759 0.01075610444999257
-0.41741630735932744 0.84643653844379441 2.6212040820019338 0.60803725521952601 0.24946823499166859 0.27722560836059351 3.7016943278089656 1.7079820471162119 0.071933662894313424 0.010756107177936172
-0.3033631146660461 0.89367891768930341 2.7558341075413697 0.58789613825572629 0.28203601446856252 0.30792473709048979 3.9107454825730659 1.6486162830023336 0.07448868030460512 0.010756052371379856
-0.18411930931146553 0.92563025639160346 2.6977705807395149 0.58832959546081376 0.29600889253076706 0.30881198742805621 4.0064265011027791 1.6451770729639599 0.07696391127666237 0.010756260614939771
-0.06172511686892463 0.94174362872637996 2.4963170507611108 0.60136416512495228 0.29344661415694556 0.28732844944878705 4.028533041114926 1.6669179643354919 0.079828687489033004 0.010755486020047444
-1.0321079436246352 0.067647904905641848 1.1360965655860398 0.95236425668765623 0.002069936028121477 0.040035533034483574 1.2333842889531597 4.2877051354030282 0.03348607682932235 0.012745348818360888
-1.0144484245389629 0.20178634175847215 1.148816357148331 0.94799157327488393 0.0063786997373358927 0.041362264046512588 1.2601485268654939 4.222536808009651 0.034060690496007587 0.012746266720357488
-0.97943121871121142 0.33247209845526721 1.1735264842822191 0.93959216433921644 0.012348488880446346 0.04402920501217461 1.3131550028388388 4.1000475848596123 0.035192554398436098 0.012746019949843706
-0.92765573182954342 0.45746918108346113 1.215365132824648 0.92578864206195199 0.021262856975517049 0.048740280531505219 1.4036191846616659 3.9081544522948777 0.03709356225267478 0.012746084896111863
-0.86000779818151274 0.57463883918889846 1.283620623706486 0.90426812758568453 0.035208748169162314 0.05685845744474699 1.5503381386306403 3.6339836079720071 0.040085168408073933 0.01274608166347398
-0.77764489266738845 0.68197626743582795 1.3932138637428639 0.87220203804626961 0.057196571875000289 0.070728763201238498 1.7768318087068262 3.2786552448050275 0.044460174350556415 0.012746081811761803
-0.68197626743582862 0.77764489266738801 1.5643469824731822 0.82775967807732698 0.090530492248708599 0.093804180807854035 2.0987328013494375 2.8739397890926335 0.050136714491401564 0.012746081811761916
-0.5746388391888988 0.86000779818151252 1.8148248013565258 0.77292325223317382 0.13654716281945495 0.12969797838039196 2.5013043876895535 2.4813992391642508 0.056307289088631647 0.012746081663473652
-0.4574691810834613 0.9276557318295432 2.1368737805331741 0.71519815016142696 0.19138277017553493 0.17903608782206579 2.9324441734657607 2.1617187781540399 0.061837249056775352 0.012746084896112005
-0.33247209845526698 0.97943121871121164 2.4566199741659207 0.66505887018806564 0.24493739599269321 0.23405785182083388 3.3346732059610757 1.940545937835896 0.06650434870174661 0.012746019949843911
-0.20178634175847204 1.0144484245389631 2.5927812632232827 0.64086780820787415 0.27803655494598239 0.26580048287645602 3.5880454023677912 1.8439876723944146 0.07002990450746259 0.012746266720357358
-0.067647904905641737 1.0321079436246354 2.5332027401331398 0.63678683057207253 0.29038052684844728 0.26933118530728911 3.7212147794009161 1.8140328477967869 0.073307551410231403 0.012745348818361138
-1.1298150646231577 0.074051965712207971 1.0377377358493847 0.98919336938579716 0.00048838890539307689 0.030800455810650045 1.038813483401188 4.8526890624652133 0.029243846138388156 0.015085622032438486
-1.110483762291617 0.22088895852625351 1.0420607124383412 0.98793531466890816 0.0015395307582564662 0.031094484326092516 1.0443796002227437 4.8335904658925521 0.02935169103786418 0.015086708477602738
-1.07215156369787 0.36394641444426984 1.0507676814258171 0.98538420035958807 0.0031219393022681829 0.031708124326094857 1.0561652873979614 4.7941523769750853 0.029584290818618249 0.015086416395624087
-1.0154746187925976 0.50077666350845129 1.0663836839470988 0.98079418618987291 0.0057684376402715827 0.032866471599809391 1.0787172779322614 4.7217346881358511 0.030038220045539847 0.015086493267184621
-0.94142262161702939 0.62903848501848203 1.0941073791141986 0.9725975492427068 0.010574644643235405 0.035082038220957651 1.1222585277061246 4.5907367142671704 0.030931493598909673 0.015086489440976594
-0.85126262237393246 0.74653728364742977 1.1441157512969147 0.95781653953263024 0.019762621163548457 0.039494950249406136 1.2082022782247299 4.3578766708779648 0.03271023170986833 0.01508648961649287
-0.74653728364743044 0.85126262237393191 1.2349798469035307 0.93161543715698836 0.037455111098202459 0.048528050605939732 1.375311324855389 3.9751807830561914 0.03611345394821671 0.015086489616492909
-0.62903848501848258 0.94142262161702894 1.3952737688474675 0.88881185915623673 0.069504917833785221 0.066617814486053584 1.6710867477112277 3.4482933488678236 0.04178950042736819 0.015086489440976842
-0.50077666350845162 1.0154746187925974 1.6537537909660458 0.8294206015669926 0.11974729421404973 0.099526762631028359 2.106381679931479 2.8870611700168491 0.049213095602263342 0.015086493267184701
-0.36394641444426956 1.0721515636978698 2.0001867702085065 0.76434000980753425 0.18246868709619884 0.14906637118050803 2.6084179055265708 2.4327841706035982 0.056478208026381725 0.015086416395623916
-0.22088895852625337 1.110483762291617 2.3177125860095851 0.71015276265910576 0.23930411441632005 0.20295957876431339 3.0649120568832631 2.140267852877979 0.062564235492352946 0.015086708477602765
-0.074051965712207832 1.1298150646231577 2.441705445220117 0.68395791074628465 0.27195330813023122 0.2332556775670247 3.343543637586571 2.0126524312737786 0.066843878802512705 0.015085622032438151
-1.2354616520461783 0.080976406458685965 1.0084749357846998 0.99793765293956926 9.7285970628271796e-05 0.028978613684816901 1.0057279977003399 4.9754589244766931 0.02863824847410824 0.017836695028522025
-1.2143227210276797 0.24154381204912398 1.0096079260519619 0.9976742291639551 0.00030339148265303133 0.029035921954969839 1.0065860628937415 4.9720252085213508 0.02864981147055121 0.017837979602072378
-1.1724061606240623 0.39797826434149702 1.011929705842338 0.99712439032452682 0.00062983659160775003 0.029156364636183641 1.0084423407054179 4.9647101020601436 0.028676285123592628 0.017837634254882603
-1.1104294759628843 0.54760321700143388 1.0162931714856829 0.99608402123662232 0.0012110610956450557 0.029389898887782848 1.0121552410733929 4.9504278394014483 0.028732372048740316 0.017837725145041505
-1.0294530350987665 0.68785852679418191 1.0246395063337399 0.9940636962407825 0.0023666134744861874 0.029859118735313613 1.0199383765436991 4.9215112455176655 0.028858745647106294 0.017837720621071324
-0.9308623673858063 0.8163443864830684 1.0414278283162302 0.98988773959573773 0.0048963374831666765 0.030879020584193555 1.037773036133528 4.8585879742381861 0.029173105812421916 0.017837720828595516
-0.81634438648306884 0.93086236738580574 1.0768854122733258 0.98073895327104899 0.010855131525350947 0.033302238149914835 1.0823605935526794 4.7137228468316703 0.030021758746719914 0.017837720828595471
-0.68785852679418269 1.0294530350987663 1.1527892316545565 0.96063830899429037 0.025148847044578749 0.039404158066813355 1.1963553206538033 4.3928723687276552 0.032291794281866924 0.017837720621071293
-0.54760321700143433 1.1104294759628839 1.3066831093511622 0.92105336423942419 0.056543402470504704 0.054355095901369783 1.4559217463857617 3.8238655217379121 0.037376779468232264 0.01783772514504162
-0.39797826434149675 1.1724061606240623 1.5777758401807482 0.85938709848963846 0.11195443175063659 0.086056295672685024 1.9089976336681835 3.1362480337891681 0.045448465607331706 0.017837634254882651
-0.24154381204912381 1.2143227210276795 1.9490094754848948 0.78898850722864133 0.18333997823431256 0.13775165190357189 2.4737220994449447 2.575046051883902 0.054119937306196485 0.017837979602072312
-0.080976406458685826 1.2354616520461783 2.2230785901039041 0.74122723569029147 0.23721188862457998 0.18435384301722221 2.9024545184831485 2.2840811230008353 0.060244229281913905 0.017836695028522073
-1.3496928495276668 0.08846351207803356 1.0016313844401235 0.99962298606883615 1.997213841229539e-05 0.028643548430827521 1.0008913554369645 4.9958888682928784 0.028578256169943968 0.021069261828179711
-1.3265994058784256 0.26387703368244397 1.0018962973447845 0.99957339009022861 5.5546236393804434e-05 0.028654931852597879 1.001024373919692 4.9953090782472191 0.02857903101142642 0.021070779206619684
-1.2808072262831649 0.43477546774480763 1.002416352867489 0.99946775717884884 0.00011652241602710416 0.028678065355768816 1.0013127614298141 4.994061886410937 0.02858133103835428 0.021070371271722097
-1.2131001566334656 0.59823479356165166 1.0034159418445361 0.99926259832235442 0.00022914913542702758 0.028723423067203092 1.0018973830958235 4.9915798948089698 0.028586619410808849 0.021070478634019157
-1.1246366069688629 0.75145815619863632 1.0054325987155273 0.99884661732430646 0.00046289408285309737 0.028817197460914015 1.0031521867856787 4.9863808019631923 0.02859944435407032 0.021070473290164204
-1.016930213150848 0.89182386143950043 1.0098628722854035 0.99791934357491519 0.001011156666165104 0.029031418776084592 1.0061758719682652 4.9742627145466454 0.028635244300033086 0.021070473535298284
-0.89182386143950132 1.0169302131508471 1.0205518859787208 0.9956024973037908 0.0024687556683661506 0.029584858237306652 1.0146177293273391 4.9420381446524866 0.028754138953652326 0.02107047353529836
-0.75145815619863698 1.1246366069688625 1.0480681451216005 0.98927480853353489 0.0067665608796351959 0.031191816712407266 1.0416437030961734 4.8466037798509563 0.029207564229892853 0.0210704732901641
-0.59823479356165199 1.2131001566334649 1.1182854861164497 0.97210902529645438 0.019701918430081171 0.036156835800692719 1.1316334401181154 4.5700533498696911 0.030918374499266661 0.021070478634019289
-0.43477546774480741 1.2808072262831649 1.278282782836909 0.93313299088594892 0.053394046606042148 0.050543901711269955 1.3839164399137254 3.97254133963746 0.035841902061638099 0.021070371271722191
-0.26387703368244392 1.3265994058784256 1.5667949860213772 0.8710335038602427 0.11550926455925545 0.083114728875792146 1.8566663370351373 3.2242110873794148 0.044326245782888289 0.021070779206619733
-0.088463512078033407 1.3496928495276668 1.9157586850057069 0.80560392222000166 0.18692472278918118 0.13197097434909233 2.4110469306459952 2.6630278474997247 0.05311305702578821 0.021069261828180228
-1.4732062236587793 0.096559003484148781 1.0002461504908953 0.99993037244640426 5.5769563233545428e-06 0.028582799639811491 1.0001517984809964 4.999272433088251 0.028572952610253111 0.024866071266900984
-1.4479994479677905 0.28802500393896102 1.0003199739257402 0.99992163217895458 9.4297632040476632e-06 0.028585532443985911 1.0001736050083498 4.9991742364671587 0.0285727320839788 0.024867862086186566
-1.3980167248628652 0.47456273121692777 1.0004340115820187 0.99990202542790596 2.0002384939955155e-05 0.028590130151638644 1.0002204469922753 4.99895915310905 0.028572767368015135 0.024867380638932974
-1.3241136317046385 0.652980581020841 1.0006454323352689 0.99986277469039764 4.0961927547066148e-05 0.028598959885061247 1.0003179573650731 4.9985192801550857 0.028573137714827068 0.024867507348571329
-1.2275545871942908 0.82022575204306802 1.0010820555741158 0.99978022477841355 8.5950022960731273e-05 0.028617565095228097 1.0005321458899168 4.9975715979869761 0.028574269203394159 0.024867501041720631
-1.1099917433546191 0.97343663303829708 1.002104620982796 0.99958532313525117 0.00019582278639024452 0.028662053919478486 1.0010650236686223 4.9952673778239607 0.028577814834787305 0.024867501331029069
-0.97343663303829786 1.1099917433546178 1.0048550051270799 0.9990511633725786 0.00050912051967337991 0.028785843404343349 1.0026367117123125 4.988683931789816 0.028591319483583979 0.024867501331029478
-0.82022575204306891 1.2275545871942903 1.013162252820575 0.99736656602612517 0.0015601090211453921 0.029185443786839464 1.0082200838188662 4.9664683118756026 0.02865600868138915 0.024867501041720762
-0.65298058102084133 1.3241136317046382 1.0393222740887806 0.99166789858540283 0.0055110247858011054 0.030619288052133868 1.0311287532375599 4.8829976638395642 0.029009801661376355 0.024867507348571009
-0.47456273121692749 1.3980167248628652 1.1157200944623944 0.97383998346732903 0.019868726685490872 0.035833344822590076 1.1240875499968424 4.5935442868639269 0.030740433802794814 0.024867380638933272
-0.28802500393896091 1.4479994479677907 1.2973931419899172 0.93179635687169649 0.059812542596621623 0.052183812680273688 1.4077717715386144 3.9347558305977057 0.036243953911463275 0.024867862086186382
-0.096559003484148559 1.4732062236587793 1.6095996182784809 0.86782274335767096 0.13012329800862907 0.08862479331103483 1.9271051803110855 3.1606492442184666 0.045514547648666963 0.024866071266901678
-1.6067560237624186 0.10531231677214742 0.99998501250823646 0.99998594077403913 2.8293388280682103e-06 0.028571871287970445 1.0000304819717414 4.9998534991348551 0.028572470807712629 0.029323973742269784
-1.5792641913015584 0.31413518531286727 1.0000208245747733 0.99998485099046652 9.6099402995261945e-07 0.028572993049525403 1.0000339303961523 4.9998394297683664 0.02857216004173951 0.029326085613386801
-1.5247504103093537 0.5175830204831896 1.0000526697838794 0.99998149867574604 2.2656556016213808e-06 0.028574100759243527 1.0000408535819765 4.9998053618160281 0.028571993904008976 0.029325517853950669
-1.4441478183573937 0.71217489113603483 1.0001002646322315 0.99997418025729645 5.9925816226227789e-06 0.028575929532330895 1.0000572622019903 4.9997277530757147 0.028571918797804585 0.029325667279649886
-1.3388354568399206 0.89458125194936022 1.0001937235943059 0.99995789387070788 1.4492413273729082e-05 0.028579700169031105 1.0000957627141602 4.9995500877269787 0.028571950783403674 0.029325659842128867
-1.2106152494606011 1.0616810795170513 1.0004205482211772 0.99991668636773734 3.5985590059726478e-05 0.028589075381271502 1.00019700621624 4.9990910306830951 0.028572251553071346 0.029325660183304555
-1.0616810795170517 1.2106152494605997 1.0010903724974258 0.99979215130308052 0.00010095519963308589 0.028617348571747307 1.0005162635366516 4.9976708881971614 0.028573720662936258 0.029325660183303855
-0.89458125194936089 1.3388354568399201 1.0034149615277514 0.99934678884605743 0.00034276394058707909 0.028719082893629493 1.0017469728429562 4.9923753662846968 0.028582339002668725 0.029325659842129457
-0.71217489113603538 1.4441478183573933 1.012163143598787 0.99758512599425531 0.0014108318848761927 0.029132675761020181 1.0073906138626649 4.969600223213404 0.028643735093345158 0.029325667279650122
-0.51758302048318927 1.5247504103093537 1.0438803312902698 0.99070132026430735 0.0063663872585865899 0.030888091811538485 1.035639028590724 4.8676294332138337 0.029085737408068638 0.029325517853950243
-0.31413518531286705 1.5792641913015584 1.1411630735622951 0.96836834449886522 0.026141214583029482 0.037867803009959324 1.1614230557004352 4.494418940961677 0.031476273853931015 0.029326085613386895
-0.10531231677214721 1.6067560237624186 1.3642783973495731 0.92021882750484929 0.078393125988053369 0.059232541965781392 1.5195864499804739 3.7460073011832495 0.038343889771137639 0.029323973742269388
-1.7511577878077367 0.11477690510584342 0.99993847565250649 0.99999601703664343 2.1963444512087716e-06 0.028569938646914636 1.0000093765106248 4.999956641537401 0.028572399674176061 0.034556314759695547
-1.7211952198739886 0.34236702277731385 0.9999671260179902 0.9999963588101396 -6.3118727013778915e-07 0.028570763554378726 1.000009597644983 4.99995779755979 0.028572078534926919 0.034558803456613184
-1.6617821971651594 0.56409904413105139 0.99998306638310552 0.99999605808909875 -9.6183551417723182e-07 0.02857121806557323 1.000009565018116 4.999956375528793 0.02857189541902257 0.03455813439061324
-1.5739357198364807 0.77617920110464811 0.99999818727581458 0.99999485181031367 -3.9167282783622888e-07 0.028571709980977682 1.0000116610237124 4.9999451042581917 0.028571782490816995 0.034558310478668829
-1.4591587659639762 0.97497871674981473 1.0000209999400931 0.99999170128356818 1.2171099693039794e-06 0.028572555015232343 1.0000184241502716 4.9999124444250569 0.028571715005679479 0.034558301714055169
-1.3194152010505895 1.1570960762362228 1.0000733105386188 0.99998280350751367 5.3893431292627025e-06 0.028574629759006633 1.0000387271315685 4.9998172016187024 0.028571697266889132 0.034558302116106228
-1.1570960762362237 1.3194152010505888 1.0002393728328411 0.99995239713784745 1.8657313823764946e-05 0.028581410867039199 1.0001099801310867 4.9994870693570439 0.02857183535902269 0.03455830211610661
-0.9749787167498154 1.4591587659639762 1.0008948039475694 0.99982809384575744 7.3881420900927128e-05 0.028608828346684982 1.0004138168442576 4.9981064368867854 0.028573027780806403 0.034558301714055065
-0.77617920110464866 1.5739357198364803 1.0037619525529329 0.99926663585746223 0.00035933251132749935 0.028734468529390871 1.001937157419603 4.9915011770263744 0.02858381202465075 0.034558310478668509
-0.56409904413105094 1.6617821971651594 1.0160992902080974 0.99673065348343315 0.001959206339001267 0.029333615256004142 1.0104096546174106 4.9579245597097765 0.028685008587155322 0.034558134390613775
-0.34236702277731368 1.7211952198739886 1.0622991516941631 0.98668140243700508 0.010119032979872182 0.032063470653741703 1.0564081406884007 4.8001401181426084 0.029462185626921242 0.034558803456613357
-0.11477690510584312 1.7511577878077369 1.1947631172239896 0.95783603985104881 0.039938430470588551 0.042407980830117424 1.2423210141736503 4.3005249006600863 0.033056210443651243 0.034556314759695304
-1.9072933225911521 0.12501056513594325 0.99993162367843336 0.99999790187293203 1.9457088365686248e-06 0.028569627565293552 1.0000053404162459 4.9999761557754603 0.028572362670170243 0.040695733978744104
-1.8746592526372021 0.37289291745437902 0.99995904075478848 0.99999851622374292 -9.7179531561185277e-07 0.028570399850698532 1.0000049531667565 4.9999801956290195 0.028572038242045628 0.040698664827953465
-1.809948886571692 0.61439485787178594 0.99997196232104912 0.99999878162906297 -1.5363074062218889e-06 0.028570733252031494 1.000003700548014 4.9999846541785873 0.028571854769629961 0.040697876892893024
-1.7142699016231704 0.84538436096859937 0.99998072108853786 0.99999873709285569 -1.5026104442373064e-06 0.028570969801317167 1.000003220963857 4.9999856304503609 0.0285717409632338 0.040698084265486878
-1.5892592833724661 1.0619091032644157 0.99998915779759356 0.99999820174727849 -1.1524766139404488e-06 0.028571233425432212 1.0000040110802104 4.9999809784478471 0.028571667116208923 0.04069807394371619
-1.4370559981573425 1.2602642863865514 1.0000035012701467 0.99999623652569247 -2.9581313234429706e-07 0.028571760235084113 1.0000081058735846 4.9999609155046532 0.028571620183240935 0.040698074417197437
-1.260264286386553 1.4370559981573419 1.0000481147554112 0.99998828981707044 2.4013570065220888e-06 0.028573532417277905 1.0000255175656467 4.9998776545140649 0.028571607796468564 0.040698074417198478
-1.0619091032644166 1.5892592833724657 1.0002443267797796 0.99995076900412982 1.5112921067657637e-05 0.028581551721226093 1.0001099555418564 4.9994789902967556 0.028571778052945026 0.040698073943715989
-0.84538436096860015 1.7142699016231697 1.0012201209584011 0.99975972728511009 9.3590433093766745e-05 0.028622658578320772 1.0005722300352542 4.9973690378477862 0.028573837717095565 0.040698084265487336
-0.61439485787178538 1.809948886571692 1.0060197067794554 0.99879937816581188 0.00061184810436290939 0.028838474102141812 1.0033069786877937 4.9857607273349487 0.028597179009108215 0.040697876892893038
-0.37289291745437886 1.8746592526372021 1.0269747185448022 0.99443722290207115 0.0037486733577261977 0.029920980454060817 1.0197274537296723 4.9238907228465116 0.028826516702505186 0.040698664827952265
-0.12501056513594294 1.9072933225911521 1.0996709264743918 0.97876953580435833 0.018588472251186396 0.034708272141225599 1.1046845873746818 4.6570361330923991 0.030385413693864233 0.040695733978745957
-2.0761160885959504 0.13607578994226782 0.99993204360179411 0.99999831582041465 1.7657863597589736e-06 0.02856960972784494 1.0000042961089746 4.9999808362505878 0.028572328032400712 0.047897438395239231
-2.0405934362250413 0.40589927940332288 0.99995933665742343 0.99999898636258688 -1.0777510379601286e-06 0.028570374591213695 1.0000037731327034 4.999985496380793 0.028572001144284143 0.047900887901014037
-1.9701552762963828 0.66877759916095791 0.99997166997538267 0.99999934968326054 -1.6186028976663806e-06 0.028570686060474103 1.0000023411517436 4.9999908929180323 0.028571819270533871 0.047899960529338856
-1.8660073313320009 0.92021298038725563 0.99997911956810615 0.99999951709053869 -1.6391987543563938e-06 0.028570873121560092 1.0000014386607379 4.9999939861736378 0.028571708343526327 0.047900204599542688
-1.7299314835735555 1.1559032623878902 0.99998453281666944 0.99999950168186136 -1.4928962109223604e-06 0.02857101838179538 1.0000011095075254 4.9999947320102098 0.028571637071729591 0.047900192451182912
-1.5642560285035483 1.3718157190921381 0.99999035255178426 0.99999907393459786 -1.2410099893534895e-06 0.028571204075556682 1.0000017890541482 4.9999908944120692 0.028571589974920705 0.047900193008454113
-1.3718157190921387 1.5642560285035467 1.0000044527969154 0.99999681471677426 -6.5257061170266509e-07 0.028571739223548363 1.0000064189428639 4.9999680237166144 0.028571561110686889 0.047900193008453752
-1.1559032623878913 1.7299314835735553 1.0000689314123519 0.99998443478123511 2.3289239145472875e-06 0.028574333229178923 1.0000327282969756 4.9998403538196934 0.028571575920453094 0.047900192451182239
-0.92021298038725641 1.8660073313320009 1.000423697370433 0.99991428491622969 2.4895806151555353e-05 0.028588961546093382 1.0001898752367293 4.99909684366982 0.028572011869214296 0.047900204599542945
-0.66877759916095747 1.9701552762963828 1.0023605224507497 0.99952874254456658 0.00020005152442088682 0.028672307397032436 1.0011674795242103 4.9947290387282219 0.02857782080890104 0.047899960529339362
-0.40589927940332271 2.0405934362250413 1.0118862143304481 0.99759188458058035 0.0014233809528411202 0.029124588531830527 1.0073865846786985 4.9696439190920465 0.028646755903716514 0.047900887901013718
-0.13607578994226752 2.0761160885959495 1.0504192314612353 0.98948562135051654 0.0084270384725152019 0.031346501713743084 1.0444663672964443 4.8411441169219573 0.029260473536673215 0.04789743839523973
-2.258657022413781 0.1480401506552852 0.99993384072120806 0.99999846701917505 1.600986877111511e-06 0.028569646599652262 1.0000037894615754 4.9999828588502524 0.028572293015853446 0.056343029906405072
-2.220011067752075 0.44158766595610727 0.99996120524868348 0.9999991520590451 -1.1311953454076166e-06 0.028570412231529313 1.0000032219240542 4.9999877028750408 0.028571964038624036 0.056347087651735059
-2.1433796859894287 0.72757936277035651 0.99997337965623068 0.99999952347731125 -1.5995751607296842e-06 0.028570719715799137 1.0000018093891123 4.9999930912889203 0.028571784537146969 0.056345996759785313
-2.0300746118869242 1.0011220093543109 0.99998046459055079 0.99999971904478491 -1.5877752495759148e-06 0.028570895945946809 1.0000008924792225 4.9999963613947447 0.028571677366076111 0.056346283866052393
-1.8820343983320185 1.2575351807947548 0.99998512156992125 0.99999980069220162 -1.4533301430165941e-06 0.028571014748695698 1.0000003935844797 4.9999980168660283 0.028571609887904675 0.05634626957561293
-1.7017920544231375 1.4924315766371794 0.99998883122005122 0.99999972802777515 -1.2951740537103666e-06 0.028571119106199066 1.0000003364448655 4.9999977963917983 0.028571565858545738 0.056346270231147133
-1.4924315766371807 1.7017920544231362 0.99999460714087962 0.99999902842065214 -1.10292575445789e-06 0.028571321292943142 1.0000016370651432 4.9999910468129007 0.028571537007893989 0.05634627023114612
-1.2575351807947559 1.8820343983320176 1.0000183026024141 0.9999945751590128 -3.5728308442237599e-07 0.028572257593453224 1.0000107119165424 4.999946093724926 0.028571525484193522 0.056346269575613839
-1.0011220093543118 2.0300746118869237 1.0001569355161217 0.99996690462634685 6.5446936014877277e-06 0.028577901923487341 1.0000696198240535 4.9996604858866958 0.028571624262821955 0.056346283866053136
-0.72757936277035606 2.1433796859894287 1.0009772035154092 0.99980302023782142 6.9621784483965557e-05 0.028612309098447936 1.0004531710326121 4.9978827910868704 0.028573210881082927 0.056345996759784502
-0.4415876659561071 2.220011067752075 1.0054021333584529 0.99891560820049397 0.00056808225182161133 0.028811304143323196 1.0029774261401014 4.9871599141145682 0.028594808582771209 0.056347087651736162
-0.14804015065528484 2.2586570224137814 1.0255424678946949 0.99480409643876844 0.0038279915463100985 0.029861356081901647 1.0191167060186421 4.9271844888554286 0.028825338586198613 0.056343029906403559
-2.4560308322833491 0.16097670908737174 0.99993596242567484 0.99999857211736143 1.4416485476029131e-06 0.028569695734230596 1.0000033874335634 4.9999843894021607 0.028572257278691504 0.066244981082735091
-2.4140077826346955 0.48017601255156472 0.99996341738754968 0.99999926189589128 -1.1639978528420327e-06 0.028570463321159107 1.0000027978995896 4.9999893121141676 0.028571926640459488 0.066249751952585534
-2.3306799314107853 0.79115922876479139 0.99997547790438523 0.99999962224577399 -1.5494605914794711e-06 0.028570769388743516 1.0000014496813918 4.9999944843971562 0.028571750278801877 0.066248469342886113
-2.2074736399338666 1.0886055286180596 0.9999823457847129 0.99999980903839158 -1.4917559101021981e-06 0.028570941359530391 1.000000600753655 4.9999975406747996 0.02857164753106026 0.066248806906366281
-2.0464968624503617 1.3674254860582009 0.99998668406768532 0.99999990001770844 -1.338127668790204e-06 0.02857105171867249 1.000000125031711 4.9999991848742535 0.028571584357450764 0.066248790104469144
-1.8505039562542063 1.6228484143099164 0.99998972196868141 0.99999991024185686 -1.184202509421438e-06 0.028571132863831165 0.99999992720885256 4.9999997305511039 0.028571543985899527 0.066248790875208158
-1.6228484143099176 1.8505039562542052 0.99999291321738992 0.99999967884032037 -1.0544234970190693e-06 0.028571234128177025 1.0000002802149794 4.9999976910277573 0.028571517599962945 0.066248790875207964
-1.367425486058202 2.0464968624503603 1.0000027294231499 0.99999795906612887 -8.1881221817093237e-07 0.02857161131838892 1.0000036656546307 4.9999806286001025 0.028571502141122196 0.066248790104469726
-1.0886055286180609 2.2074736399338657 1.0000604628798784 0.99998641118844145 1.4674560949219946e-06 0.028573940374459497 1.000027447510736 4.9998634368762316 0.028571521822125055 0.066248806906366781
-0.79115922876479094 2.3306799314107853 1.0004234688123397 0.99991358118577256 2.5723463858378551e-05 0.028588927911474642 1.0001889270281024 4.9990956950997365 0.028571987393166787 0.066248469342885932
-0.4801760125515645 2.4140077826346955 1.0025298482513696 0.9994948651735106 0.00023826870380158632 0.028680297604860745 1.0012773353942004 4.9942857941498469 0.028579025579034356 0.066249751952585187
-0.16097670908737133 2.4560308322833491 1.0130403094296134 0.99740572506031 0.0017693133270838852 0.029189531296931553 1.0084826682653611 4.9660184040266735 0.02866485203604879 0.066244981082736104
-2.6694428051907817 0.17496446389358594 0.99993823256400871 0.99999866984347507 1.2863698483198278e-06 0.028569749927276736 1.0000030140210878 4.9999858115563072 0.028572220662689062 0.077851868842984631
-2.6237682452209934 0.52189996358445279 0.99996575585074021 0.99999936002736134 -1.1810878755843786e-06 0.028570519139089846 1.0000024130442511 4.9999907649049007 0.028571888917748565 0.077857475624477313
-2.533199784109748 0.85990545526783779 0.99997766707220348 0.99999970316798181 -1.4808917336266139e-06 0.028570823246104309 1.0000011455112328 4.9999956494310744 0.028571716568230571 0.077855968286706517
-2.3992877240434947 1.1831977668451066 0.99998430716972464 0.99999987259816459 -1.3779707404919097e-06 0.028570991213522037 1.0000003842537732 4.9999983997219877 0.02857161892894506 0.077856364995218239
-2.2243231858106269 1.4862452365872605 0.99998839085609437 0.99999995371659267 -1.2040678337599928e-06 0.02857109612450676 0.99999997244551508 4.9999998348332495 0.028571560491328869 0.077856345249434411
-2.0112998611696455 1.7638626382663776 0.99999108878951148 0.99999997950631669 -1.0436070596331043e-06 0.028571167594633601 0.99999977596485823 5.0000004549826942 0.028571524043608944 0.077856346155213405
-1.7638626382663787 2.0112998611696442 0.9999933107232768 0.99999990019276164 -9.1896461790702775e-07 0.028571233054838434 0.99999984513922002 4.999999885478327 0.02857150062622418 0.077856346155213876
-1.4862452365872618 2.2243231858106265 0.99999791862609444 0.99999920212368676 -7.9724724334788101e-07 0.028571402632248687 1.0000011724492313 4.9999930768623155 0.028571485887337267 0.077856345249433148
-1.1831977668451075 2.3992877240434947 1.0000231682706551 0.99999419797535949 3.9942917723038447e-08 0.028572412115127833 1.0000112544422173 4.9999428515324746 0.028571485378164934 0.077856364995217989
-0.85990545526783724 2.533199784109748 1.0001890874981993 0.99996083675544645 9.9156944725044827e-06 0.028579191222476378 1.0000825886158926 4.9995977307178299 0.028571627383894443 0.077855968286707461
-0.52189996358445256 2.6237682452209938 1.0012122778707451 0.99975855881763109 0.00010422415664509709 0.028622507145806334 1.0005747743884976 4.9973568485591828 0.028573999911776168 0.077857475624476757
-0.17496446389358544 2.6694428051907813 1.0067195898658758 0.99868606800420245 0.00083760998149349684 0.028875746868784306 1.0039053074104114 4.9837101162229134 0.028606274286760394 0.077851868842986144
-2.9001961671000456 0.1900888329864879 0.99994063418185652 0.99999876708706104 1.135293264663143e-06 0.028569808339089325 1.0000026567882325 4.9999871908498275 0.028572183006322284 0.09145449428631286
-2.8505733830865516 0.56701431139638436 0.99996818495107187 0.9999994538033119 -1.1825958180987528e-06 0.028570578260984768 1.0000020531929292 4.9999921334088953 0.028571850873653937 0.09146108070965446
-2.7521759560039318 0.93423784940691712 0.99997988663700965 0.99999977588675348 -1.396417050641755e-06 0.028570878994762201 1.0000008771415103 4.9999966839472529 0.028571683533224788 0.09145931000311075
-2.606688200065717 1.2854763629521804 0.9999862527111355 0.99999992504547108 -1.2525700659484779e-06 0.028571041822481949 1.0000002100228147 4.9999990975348148 0.028571591715664521 0.091459776026300427
-2.4165992863138732 1.614720019525953 0.99999006691140713 0.99999999180236909 -1.0631903430301593e-06 0.028571141085121949 0.99999987001076096 5.0000002813482496 0.028571538409403772 0.09145975283044247
-2.1851616887652976 1.9163353688806684 0.99999249711617888 1.0000000151302515 -8.9938353374150101e-07 0.028571205946457005 0.99999970995182874 5.0000007981343266 0.028571506062173468 0.091459753894488474
-1.9163353688806701 2.1851616887652958 0.99999424960731953 0.99999998690069269 -7.7528742142050635e-07 0.028571255727765105 0.99999969980691972 5.0000006823482765 0.028571485743668055 0.091459753894488974
-1.6147200195259548 2.4165992863138723 0.99999671249301558 0.99999969423292701 -6.7986997934525051e-07 0.028571341347319885 1.0000002336081319 4.9999978845061932 0.028571472847716581 0.09145975283044451
-1.2854763629521815 2.6066882000657166 1.0000081538720398 0.99999748257897658 -3.3162307012834711e-07 0.028571793610209843 1.0000046213917893 4.9999758568452775 0.0285714674543525 0.091459776026300427
-0.93423784940691634 2.7521759560039314 1.0000854226914089 0.99998194871855517 3.8746415697401845e-06 0.028574927455126881 1.0000370340185374 4.9998171601872619 0.02857151047929956 0.091459310003110028
-0.56701431139638425 2.8505733830865512 1.0005888336758011 0.99988277797487213 4.7049701796260756e-05 0.028595886196848535 1.0002670249239067 4.9987465423592292 0.028572329333696037 0.091461080709653877
-0.19008883298648743 2.900196167100046 1.0034863958506364 0.9993270482456531 0.00040569263298875904 0.028724236701708553 1.0018554189228628 4.9920066647012966 0.028584619267697644 0.091454494286313914
-3.1497000412595506 0.20644217515092916 0.99994318100604973 0.99999886505287094 9.8892099247964648e-07 0.028569871334011978 1.0000023147601298 4.9999885357435465 0.028572144124861702 0.10739303863211616
-3.0958082091732413 0.61579455219600665 0.99997070024747314 0.99999954389889845 -1.1678429435572158e-06 0.028570640534433093 1.0000017174522156 4.9999934232353072 0.028571812533416219 0.10740077292687505
-2.9889456515098192 1.0146103309161756 0.99998211634000145 0.99999984143139342 -1.2970996667886695e-06 0.028570935985077199 1.000000642093382 4.9999975992891983 0.028571651334495855 0.10739869362440245
-2.8309415840333916 1.3960658935278809 0.99998815081212722 0.99999996880174735 -1.1184028709128347e-06 0.028571092098080723 1.0000000715657389 4.9999996624579826 0.028571566066753293 0.10739924086537495
-2.6244993211688628 1.753634381638735 0.9999916634213396 1.0000000202887733 -9.1987208899274437e-07 0.028571184773791541 0.99999980260390819 5.0000005922967468 0.028571518237428477 0.10739921362698239
-2.3731511472704541 2.0811976992804451 0.99999383350618998 1.000000036293808 -7.5803808944778892e-07 0.028571243434007649 0.99999968562632635 5.0000009647653254 0.028571490093986976 0.10739921487646432
-2.0811976992804468 2.3731511472704523 0.99999528478790389 1.0000000241760176 -6.384640961703127e-07 0.028571284265237824 0.99999966343801872 5.0000009596467443 0.028571472873836257 0.10739921487646489
-1.7536343816387361 2.6244993211688619 0.99999677688003485 0.99999989793242516 -5.528006889739677e-07 0.028571333148087592 0.99999988224683523 4.999999781406248 0.02857146207295426 0.10739921362698153
-1.396065893527882 2.8309415840333911 1.0000021061628115 0.99999891606860569 -3.835255792471802e-07 0.028571540411522631 1.0000018071808505 4.9999900597627471 0.02857145616489332 0.10739924086537639
-1.0146103309161749 2.9889456515098196 1.0000382809410673 0.99999166344482959 1.46708719946984e-06 0.028572999211083378 1.0000166897520739 4.999916591079943 0.02857146795960637 0.1073986936244026
-0.61579455219600654 3.0958082091732413 1.0002867551083414 0.99994284122576893 2.1639818495345787e-05 0.028583223887029201 1.0001260437377395 4.9993991431105638 0.028571752894695969 0.107400772926875
-0.20644217515092869 3.1497000412595515 1.001811046431178 0.99965390094749584 0.0001997526446333202 0.028648940950829163 1.0009002553848569 4.9960212602715437 0.028576460102076807 0.10739303863211695
-3.4194780531832993 0.22412435404411679 0.99994589493856767 0.99999896392457188 8.4791644268774194e-07 0.028569939572693288 1.0000019891575562 4.9999898441037933 0.028572103802877728 0.12606543058435324
-3.3609702795378817 0.66853856840984272 0.99997330096283843 0.99999962970907907 -1.1361005335283844e-06 0.028570705980914286 1.0000014073509436 4.9999946275367337 0.02857177394960771 0.12607450963837555
-3.244954733342893 1.1015137040521148 0.99998434001193159 0.99999989928521416 -1.1841281748845594e-06 0.028570993765505419 1.0000004407318563 4.9999983919608626 0.0285716201672668 0.12607206880827271
-3.0734173062953078 1.5156416868849816 0.99998997968651437 1.0000000040100754 -9.781521629103365e-07 0.028571141357175461 0.99999996675848468 5.0000001005170107 0.028571542170505244 0.12607271119785329
-2.8492928570247482 1.9038366202399841 0.99999315617722284 1.0000000405579395 -7.7744455365745544e-07 0.028571226338269799 0.999999764604797 5.0000007886397944 0.028571500091491439 0.12607267922353055
-2.5764162169972722 2.2594563811794459 0.9999950584454721 1.0000000484723357 -6.2293358038125318e-07 0.028571278509661673 0.99999968833533226 5.0000010188849888 0.028571476171976744 0.12607268069025754
-2.2594563811794472 2.5764162169972709 0.99999626933085728 1.0000000400116011 -5.1224573571932371e-07 0.028571312735867788 0.99999967536748879 5.0000010090006199 0.028571461962696554 0.12607268069025704
-1.9038366202399848 2.8492928570247464 0.9999972699473415 0.99999998274517055 -4.3528715009047944e-07 0.028571344029485152 0.99999977002819451 5.0000004860163809 0.028571453231626118 0.12607267922352988
-1.5156416868849825 3.0734173062953074 0.99999982195438186 0.99999954972996841 -3.3860510663025929e-07 0.028571440962918963 1.0000006106920705 4.9999962192817922 0.028571448084748301 0.12607271119785282
-1.1015137040521144 3.2449547333428934 1.0000166366901486 0.99999619861187505 4.9253851320057295e-07 0.028572115594995524 1.0000074079556058 4.9999624707047348 0.028571450124673343 0.1260720688082744
-0.66853856840984249 3.3609702795378817 1.0001383456108901 0.99997233746402714 9.9896479513613282e-06 0.028577082150681034 1.0000595203725353 4.9997128947570957 0.02857154814997253 0.12607450963837641
-0.22412435404411635 3.4194780531832998 1.0009345612970237 0.99982285075999344 9.9033655972466354e-05 0.028610732343833017 1.0004406578580805 4.9980131900780398 0.028573340404136782 0.12606543058435377
-3.7111776348539327 0.24324334802508671 0.99994880263167729 0.99999906368836033 7.1308110111519029e-07 0.028570013866829197 1.0000016817376778 4.9999911114685736 0.028572061785978545 0.14793713009407147
-3.6476788383590004 0.72556844773727158 0.99997598423448797 0.99999971031137103 -1.086792997899696e-06 0.028570774574593089 1.0000011248474887 4.9999957368047268 0.028571735210909298 0.14794778431696029
-3.5217665518527634 1.1954786547490064 0.99998653851929598 0.99999994870048681 -1.0591854779198351e-06 0.028571051803535804 1.0000002735523339 4.9999990569850308 0.02857159026436154 0.14794492001547166
-3.335596074107849 1.6449339470342592 0.99999171741394366 1.00000003055287 -8.3489188703447567e-07 0.028571188918438767 0.99999989367472175 5.000000415939768 0.02857152022239496 0.14794567385631632
-3.0923526227329994 2.0662439634239069 0.99999452616501039 1.0000000532191149 -6.39264640797488e-07 0.028571265115199088 0.99999975180978551 5.0000008839327306 0.028571484068784268 0.14794563633461078
-2.796198160621068 2.4521999727283155 0.99999615242879025 1.0000000538206071 -4.9697903339992791e-07 0.028571310394973775 0.99999971033836221 5.0000009906183944 0.028571464297896178 0.14794563805581593
-2.4521999727283177 2.7961981606210666 0.99999714815231999 1.0000000449636581 -3.9862114885093733e-07 0.028571338860344259 0.99999971090308837 5.0000009449216076 0.028571452934283668 0.14794563805581443
-2.0662439634239087 3.0923526227329985 0.999997862818094 1.0000000160842697 -3.3190144243092806e-07 0.028571360641207105 0.99999975856782153 5.0000006813626392 0.028571446128499337 0.14794563633461119
-1.6449339470342605 3.3355960741078481 0.99999912973155869 0.99999982722665248 -2.691729557152191e-07 0.028571407241031261 1.0000001226488233 4.9999988268719182 0.028571442051779278 0.14794567385631716
-1.1954786547490057 3.5217665518527643 1.0000068062149055 0.99999831335171097 1.083199432635654e-07 0.028571713584353949 1.0000031681600894 4.9999836437509995 0.028571441335265513 0.1479449200154703
-0.72556844773727125 3.6476788383590009 1.0000652950201341 0.99998687032872546 4.5510072115834271e-06 0.028574085677302189 1.0000277008207992 4.9998650993518901 0.028571473838251722 0.14794778431696023
-0.2432433480250861 3.7111776348539327 1.0004747544213428 0.99991065224510678 4.8873063556251209e-05 0.028591133696310316 1.0002148219053211 4.9990163442843008 0.028572141242767305 0.14793713009407106
-4.0265800849649231 0.26391590953758143 0.99995193561256945 0.99999916426854218 5.853625118609012e-07 0.028570095173447878 1.0000013944693602 4.9999923325371816 0.028572017770110321 0.17355256816650999
-3.9576847060467979 0.78723245001793063 0.99997874298775358 0.99999978464181194 -1.0196270926580268e-06 0.028570846169062376 1.0000008718921654 4.999996740843593 0.028571696453909431 0.1735650671770233
-3.821071491810728 1.2970789913165846 0.9999886880059593 0.99999998898892339 -9.2459940186465341e-07 0.028571109417517251 1.0000001405529266 4.9999995909249302 0.028571561898366651 0.1735617069193284
-3.6190789137525279 1.7847322127633982 0.99999334050120492 1.0000000484850644 -6.9215556799589463e-07 0.028571234036665876 0.99999984972528755 5.0000006154738132 0.028571500416932724 0.17356259128834708
-3.3551628920817804 2.2418481712285794 0.99999575640509908 1.0000000589311904 -5.0876823315372162e-07 0.028571300493510414 0.99999975981093125 5.0000008924898651 0.028571470237409927 0.17356254726973067
-3.0338391031006218 2.6606054859263 0.99999710378071227 1.000000053701789 -3.8286653850778897e-07 0.028571338585699105 0.99999974566220351 5.000000901714408 0.028571454434508377 0.17356254928895953
-2.6606054859263022 3.0338391031006204 0.99999789977725462 1.0000000437047782 -2.9919165961166536e-07 0.028571361669566923 0.99999975760126147 5.0000008218815495 0.02857144567849175 0.17356254928895892
-2.2418481712285825 3.35516289208178 0.99999842207781253 1.00000002650332 -2.4393605065215985e-07 0.028571377469853405 0.99999978831090486 5.000000659100035 0.028571440586747529 0.17356254726973114
-1.7847322127633998 3.619078913752527 0.99999908205933907 0.99999994447736551 -2.0025347478154257e-07 0.028571400841840459 0.99999994634920908 4.9999998538743542 0.028571437559471707 0.17356259128834828
-1.2970789913165834 3.821071491810728 1.0000024961119454 0.99999928273510474 -2.7653385643608287e-08 0.028571536194588357 1.0000012696396543 4.999993236942144 0.028571436350033515 0.17356170691933101
-0.78723245001793007 3.9576847060467975 1.0000297556718747 0.99999395956670245 2.0077946242865348e-06 0.028572636545056877 1.000012521976652 4.9999384907455342 0.028571446310359756 0.17356506717701994
-0.26391590953758076 4.026580084964924 1.0002351270277638 0.9999560603450367 2.3700317754566471e-05 0.028581088961369214 1.0001029613549846 4.9995229282872655 0.028571683354128942 0.17355256816651407
-4.3676114466359888 0.28626827807293687 0.99995533124320513 0.99999926553200513 4.6586749978039174e-07 0.028570184619307309 1.0000011294272271 4.9999935014574213 0.028571971387561967 0.20354852289680256
-4.292880970839243 0.85390713392244855 0.99998156408575678 0.9999998515374543 -9.3473970571616144e-07 0.028570920439132605 1.0000006502400713 4.999997629450764 0.028571657878901729 0.2035631821735587
-4.144697294948342 1.4069351484697283 0.99999075921453973 1.0000000196419021 -7.8344784762087612e-07 0.028571165749627675 1.0000000409669976 4.9999999931540033 0.028571535381744763 0.20355924114578877
-3.9255969473961612 1.9358901790508654 0.99999482436765208 1.0000000581722666 -5.5387391029606874e-07 0.028571275910467726 0.99999983144203197 5.0000007096175487 0.028571482935941264 0.20356027836471152
-3.6393285476929362 2.4317215919382855 0.99999683229746117 1.0000000585986015 -3.8930875859581026e-07 0.028571331916655323 0.99999978372897402 5.0000008310315218 0.028571458624809882 0.20356022673814372
-3.2907902275261876 2.8859455741870446 0.99999790616560302 1.000000049361087 -2.8289400950507902e-07 0.028571362745869949 0.99999978888358587 5.0000007719572306 0.028571446499263308 0.20356022910635665
-2.8859455741870472 3.2907902275261853 0.999998518065497 1.0000000387619963 -2.1511644953780268e-07 0.028571380770602277 0.99999980784948006 5.0000006715469354 0.028571440047988641 0.20356022910635824
-2.4317215919382882 3.6393285476929349 0.9999988960102113 1.0000000267082536 -1.7168135037674359e-07 0.028571392258251397 0.9999998319725838 5.0000005509703964 0.028571436417845323 0.20356022673813964
-1.9358901790508674 3.9255969473961603 0.99999925869551642 0.99999999036344467 -1.4072397679272392e-07 0.028571404647780688 0.99999990292091701 5.0000001918754471 0.02857143429996158 0.20356027836471277
-1.4069351484697274 4.1446972949483429 1.0000007317835371 0.99999971244413699 -6.1101252447956881e-08 0.028571462541911775 1.0000004561272204 4.9999974192638135 0.028571433270561195 0.20355924114579235
-0.8539071339224481 4.2928809708392413 1.0000129173068857 0.99999733618139608 8.3938270831829245e-07 0.028571952494928159 1.0000054188897634 4.9999731311359437 0.028571435801187137 0.2035631821735564
-0.28626827807293626 4.3676114466359897 1.000112445920202 0.99997915999873277 1.1136161628329832e-05 0.028576009887253701 1.0000478936922383 4.9997760702295588 0.028571511936171284 0.20354852289680594
-4.736354269027804 0.31043695106676827 0.99995903410497633 0.99999936725438554 3.5587564565941135e-07 0.028570283537962041 1.0000008887043244 4.999994611874774 0.02857192218864707 0.23866975931087531
-4.6553145491738297 0.92599965645340532 0.99998442603833415 0.99999990976486275 -8.3288937532333926e-07 0.028570996810576656 1.0000004612832292 4.99999839297893 0.028571619771271716 0.23868694796940165
-4.4946202212828554 1.5257179760879134 0.99999271727091088 1.0000000404339484 -6.3963355170234641e-07 0.02857121975388412 0.99999997305902522 5.0000002668836565 0.02857151106346445 0.23868232693784724
-4.2570219643972669 2.0993309102573083 0.99999614464302455 1.0000000603640706 -4.2422606520908114e-07 0.028571313718234931 0.99999983443874441 5.0000007130844688 0.028571467932607491 0.23868354312348181
-3.9465848814313729 2.6370237105077114 0.99999774293159716 1.0000000534091684 -2.8391648850830948e-07 0.028571358922736451 0.99999981830795148 5.0000007186367021 0.028571449205497011 0.23868348258900865
-3.5686206369441402 3.1295963039502297 0.9999985585476312 1.000000042093335 -1.9873185029427539e-07 0.028571382702017593 0.99999983496692868 5.0000006204099714 0.028571440360119514 0.23868348536585957
-3.1295963039502328 3.5686206369441384 0.9999990058923075 1.0000000318228979 -1.4689725661009906e-07 0.028571396095587048 0.99999985639727795 5.0000005154818501 0.028571435859896983 0.23868348536585765
-2.6370237105077141 3.9465848814313711 0.99999926990245613 1.0000000226201862 -1.1475122846937069e-07 0.028571404213508095 0.99999987651441835 5.0000004191754037 0.02857143341741054 0.23868348258900976
-2.0993309102573101 4.2570219643972651 0.99999947758606622 1.0000000055245775 -9.3294545015368599e-08 0.02857141113211405 0.99999991098206009 5.0000002475282246 0.028571432028671746 0.23868354312348297
-1.5257179760879123 4.4946202212828554 1.000000095241945 0.99999989344167106 -5.5934446860891888e-08 0.028571435126917663 1.0000001331443407 4.9999991317080319 0.028571431317239424 0.23868232693784383
-0.9259996564534051 4.6553145491738288 1.0000052693460393 0.99999888448586394 3.2368668319077685e-07 0.028571642353224153 1.000002211949323 4.9999888899320739 0.028571431579138263 0.23868694796940346
-0.3104369510667675 4.736354269027804 1.0000515090871582 0.99999057485823617 4.9923653278167252e-06 0.028573510217898064 1.0000213463838448 4.999899507111718 0.028571449831653314 0.23866975931087758
-5.1350603246797499 0.33656951743703117 0.99996309782958082 0.9999994690562386 2.5685166578289972e-07 0.028570393519058272 1.0000006743065608 4.9999956568771564 0.028571869617766425 0.27978731602780588
-5.0471986854297954 1.0039502592986984 0.99998729597051461 0.99999995806200315 -7.1570743075577334e-07 0.028571074368181709 1.0000003058639244 4.9999990230121449 0.028571582530808243 0.2798074659146188
-4.872977117387463 1.6541528358409501 0.99999452204414685 1.0000000515352776 -4.9790681836204728e-07 0.028571270201468917 0.99999993395108966 5.0000004201597505 0.028571489319928867 0.27980204878082993
-4.6153778516136441 2.2760524769294541 0.9999972791695918 1.0000000562333395 -3.0739367892375148e-07 0.028571346677652237 0.99999985349202136 5.0000006447973924 0.028571455510911961 0.27980347448853893
-4.2788081911742246 2.8590082290967325 0.9999984827560171 1.0000000448011439 -1.9500674268800954e-07 0.028571381199719307 0.99999985817812564 5.0000005759210042 0.028571441889488496 0.27980340352530619
-3.8690269362740652 3.3930455577973304 0.99999906570202213 1.0000000332348862 -1.3120535091334265e-07 0.028571398462974223 0.99999987944614444 5.0000004649196015 0.028571435834895853 0.27980340678054383
-3.3930455577973335 3.8690269362740635 0.99999937264932082 1.0000000241853277 -9.4226585262563661e-08 0.028571407807714048 0.99999989956478896 5.0000003693751642 0.028571432901741869 0.27980340678054261
-2.8590082290967347 4.2788081911742237 0.99999954695068205 1.0000000171456676 -7.2083833065155232e-08 0.028571413248892445 0.99999991570469626 5.0000002938270773 0.028571431370865298 0.27980340352531036
-2.2760524769294559 4.6153778516136432 0.99999966714856225 1.0000000083396356 -5.7960400214814179e-08 0.028571417213034415 0.99999993425180123 5.0000002034291438 0.028571430527091948 0.27980347448853843
-1.654152835840949 4.8729771173874621 0.99999992079642852 0.99999996440390082 -3.9994383626580884e-08 0.02857142693224967 1.0000000207764921 4.9999997674387311 0.028571430100392647 0.27980204878083043
-1.003950259298698 5.0471986854297954 1.0000019946749199 0.99999955844416022 1.1073067369148348e-07 0.028571509546053957 1.0000008383794738 4.999995693634844 0.028571429759022014 0.27980746591461908
-0.33656951743703056 5.1350603246797499 1.0000225316517932 0.99999598307770066 2.0966105665625768e-06 0.028572329564967261 1.0000090018633812 4.9999574083438496 0.028571428294842872 0.2797873160278066
-5.566164360230629 0.36482555885355822 0.99996758750290937 0.99999957029988029 1.7045583691105727e-07 0.028570516473217903 1.0000004880197493 4.999996628811525 0.028571812982140395 0.32791986951511948
-5.4709264673719789 1.0882349572205308 0.99999012555402111 0.99999999520981786 -5.8602660597898155e-07 0.028571151733561454 1.0000001840666379 4.9999995132438695 0.028571546712253773 0.32794348584035776
-5.282078465302753 1.7930240306975436 0.99999612944217064 1.0000000536332414 -3.6379523750269912e-07 0.028571315714370275 0.99999991950466205 5.000000466765357 0.028571470536791002 0.3279371367826871
-5.0028529525116801 2.4671340506383381 0.99999821074474693 1.0000000473713264 -2.0720096822855804e-07 0.028571374130435218 0.99999988276445839 5.0000005273060832 0.02857144570066264 0.32793880775867357
-4.6380272386502446 3.0990307229539273 0.99999905330041772 1.0000000343709909 -1.2406227126305357e-07 0.028571398645717044 0.9999998982437639 5.0000004236060613 0.028571436513703689 0.32793872458745127
-4.1938435928314197 3.6779021203861317 0.99999943857544438 1.000000024074216 -8.0131116570268163e-08 0.028571410238850875 0.99999991872847172 5.0000003209103854 0.028571432695833822 0.32793872840268695
-3.6779021203861357 4.1938435928314162 0.99999963283786819 1.0000000168744418 -5.5942864243824743e-08 0.028571416255306431 0.9999999350420139 5.0000002441276434 0.028571430941791844 0.3279387284026935
-3.09903072295393 4.6380272386502428 0.9999997393174952 1.0000000117798524 -4.1979282769322729e-08 0.028571419636475508 0.9999999469033144 5.0000001890014385 0.028571430063775702 0.32793872458744705
-2.4671340506383399 5.0028529525116783 0.99999980686304046 1.0000000068798764 -3.3369548786310593e-08 0.028571421871831409 0.9999999575952313 5.000000137771762 0.02857142959730977 0.32793880775867879
-1.7930240306975416 5.2820784653027539 0.99999990988316567 0.99999998955830938 -2.4531810279232861e-08 0.028571425774108754 0.99999999115482041 4.9999999672649489 0.028571429378782164 0.32793713678269065
-1.0882349572205303 5.4709264673719797 1.000000696415086 0.99999983322053843 3.1239623274603293e-08 0.028571456779423608 1.0000002898087177 4.9999984389416303 0.028571428922815945 0.32794348584035649
-0.36482555885355755 5.5661643602306281 1.000009517958202 0.99999840770966519 8.0297149777162481e-07 0.028571801911213862 1.0000035478446814 4.9999831663364178 0.028571421192259382 0.32791986951511659
-6.032298964492802 0.39537762424278144 0.99997258282671964 0.99999966993085709 9.8551302652567673e-08 0.028570654717619968 1.0000003312432699 4.9999975189070662 0.028571751410929356 0.3842590842180762
-5.9290854398300308 1.1793684448969957 0.9999928454980499 1.000000020156715 -4.4831030403487119e-07 0.028571226901320228 1.0000000949930257 4.9999998606619771 0.028571513081835219 0.38428675801389472
-5.7244224917740869 1.9431795943660115 0.9999974942288189 1.000000048052119 -2.4337709752869118e-07 0.028571354845413038 0.99999992430463092 5.0000004268596356 0.028571455076303032 0.38427931813813782
-5.4218134305497845 2.673742494070718 0.99999893055930522 1.000000035717155 -1.2663494387467412e-07 0.028571395651972437 0.99999991620382211 5.0000003854367314 0.028571438429605838 0.38428127620095048
-5.0264356383180981 3.3585569184004074 0.99999946458247868 1.0000000237225892 -7.133623522150833e-08 0.028571411422857546 0.99999993416168109 5.0000002805692203 0.028571432839559305 0.38428117874026019
-4.5450541387235521 3.9859055026883699 0.99999969407395106 1.0000000157216793 -4.4253038995208548e-08 0.028571418443808144 0.99999995040349954 5.0000001999601089 0.028571430680850256 0.38428118321098309
-3.9859055026883725 4.5450541387235486 0.99999980470106387 1.0000000106317226 -3.0110193429021925e-08 0.028571421931537982 0.99999996184693873 5.0000001459017236 0.028571429743495445 0.38428118321098487
-3.3585569184004109 5.0264356383180955 0.99999986335248126 1.0000000072809154 -2.2241992530977197e-08 0.028571423828445856 0.9999999695873002 5.0000001097967814 0.028571429294346595 0.38428117874025491
-2.6737424940707197 5.4218134305497818 0.99999989865136207 1.0000000045073483 -1.750928625115907e-08 0.028571425012443401 0.9999999757283351 5.0000000805763563 0.028571429066388904 0.38428127620095032
-1.94317959436601 5.7244224917740878 0.9999999399416013 0.99999999721424404 -1.3109299646797971e-08 0.028571426579289499 0.99999998927771094 5.000000010237394 0.028571428981625454 0.38427931813813743
-1.1793684448969952 5.9290854398300308 1.0000002288525638 0.99999993693161127 5.9191008357917782e-09 0.028571437688193719 1.000000089178376 4.9999994590725967 0.028571428534090764 0.38428675801389389
-0.39537762424278033 6.032298964492802 1.0000040706640156 0.99999942331637492 2.6433250457921666e-07 0.028571581798175399 1.0000012912110421 4.9999938859198858 0.028571418971536918 0.38425908421807869
-6.5363106446734465 0.42841228347857269 0.99997818228842605 0.99999976624154641 4.3206161173738586e-08 0.02857081108911445 1.0000002047792507 4.9999983166202595 0.028571683801565207 0.45019239168178649
-6.4244734058531323 1.2779072399672342 0.99999535802066541 1.000000032234482 -3.0921351279209321e-07 0.028571297017182726 1.0000000365250847 5.0000000672203875 0.028571482696535474 0.450224813901141
-6.2027104239746613 2.1055364699144539 0.99999857526741653 1.0000000368470809 -1.4280318618055034e-07 0.028571386232463639 0.99999994181290985 5.0000003270636437 0.028571443221779961 0.45021609745020003
-5.874817718441065 2.8971394866168714 0.99999944204398927 1.000000023396413 -6.7268399341131768e-08 0.028571411178168988 0.9999999481360774 5.0000002440023419 0.028571433496410774 0.45021839148829484
-5.4464052529377502 3.6391716434644601 0.99999973567624967 1.0000000142669958 -3.5652184409811738e-08 0.028571419987881947 0.99999996284378945 5.0000001615859642 0.02857143056083214 0.45021827730475406
-4.9248032835278579 4.3189365645233755 0.9999998539631122 1.0000000089725591 -2.1328553996810758e-08 0.028571423670707811 0.99999997345583791 5.000000108583655 0.028571429512183343 0.45021828254260388
-4.3189365645233773 4.9248032835278552 0.99999990849517884 1.0000000058746192 -1.4229532024989352e-08 0.028571425422498346 0.99999998023644199 5.0000000761424435 0.028571429082691193 0.45021828254258872
-3.6391716434644628 5.4464052529377494 0.9999999365379928 1.0000000039532109 -1.0418544703394171e-08 0.028571426347308488 0.9999999845619838 5.0000000557215465 0.028571428885788772 0.45021827730475583
-2.8971394866168736 5.8748177184410624 0.9999999528575183 1.0000000024769542 -8.1554469700578017e-09 0.028571426906548052 0.99999998781584343 5.0000000402056139 0.028571428792247319 0.45021839148830289
-2.105536469914453 6.2027104239746631 0.99999996847823891 0.99999999901033354 -5.9313320242582976e-09 0.028571427523281651 0.99999999378079907 5.0000000079601206 0.028571428784152097 0.45021609745019714
-1.2779072399672338 6.4244734058531296 1.0000000779680118 0.9999999730295156 9.9559225065982183e-11 0.028571431495355567 1.0000000233136115 4.9999998042240028 0.02857142837663507 0.45022481390113861
-0.42841228347857141 6.5363106446734456 1.0000019672438221 0.99999981617440004 5.9177311578785836e-08 0.028571497047479605 1.0000004283612993 4.9999980073297543 0.02857141835772389 0.45019239168178798
-7.0812771903039717 0.46413126547390704 0.99998450869018596 0.99999985652447065 6.6864323726174241e-09 0.028570989094402092 1.0000001085597656 4.999999008583452 0.028571608748782448 0.52737871972030803
-6.960115493540024 1.3844530778350694 0.99999752644428119 1.0000000315294384 -1.7831824248411125e-07 0.028571358073656267 1.0000000050778837 5.000000142313012 0.028571457015934575 0.52741670078986946
-6.7198629672147172 2.2810861031993168 0.99999934460678874 1.0000000228227117 -6.7422517653922448e-08 0.028571408869922505 0.99999996478465691 5.0000001995123826 0.028571435085653494 0.5274064898870906
-6.3646321248045155 3.1386892207192454 0.99999976434732174 1.0000000124468502 -2.8666174492854203e-08 0.028571421126639702 0.99999997402924234 5.000000124521601 0.028571430552747041 0.52740917724231118
-5.9005006621295095 3.9425884954636152 0.99999989377720699 1.0000000070017092 -1.4407633693211368e-08 0.028571425077124263 0.99999998286632097 5.0000000752031957 0.028571429326036003 0.52740904348179662
-5.3354099971976208 4.6790289879585609 0.99999994272126513 1.000000004204197 -8.4034625468851309e-09 0.028571426630149416 0.99999998827814418 5.0000000476860755 0.028571428921298811 0.52740904961767376
-4.6790289879585654 5.3354099971976154 0.99999996438285021 1.0000000026844023 -5.5643895724759981e-09 0.028571427340200743 0.99999999146835583 5.000000032111573 0.028571428764886733 0.52740904961768398
-3.9425884954636183 5.9005006621295069 0.99999997523986561 1.000000001787789 -4.0893439974920429e-09 0.028571427705709567 0.99999999340414958 5.0000000227890222 0.028571428696114943 0.5274090434817984
-3.1386892207192472 6.3646321248045137 0.99999998140830337 1.0000000011172934 -3.2077172910558078e-09 0.028571427923555107 0.99999999486030566 5.0000000157961537 0.028571428667222974 0.52740917724231362
-2.281086103199315 6.7198629672147181 0.99999998604994311 0.99999999931756489 -2.0193236630029789e-09 0.028571428139196348 0.99999999776610948 4.999999999533002 0.028571428697198625 0.5274064898870966
-1.3844530778350685 6.960115493540024 1.0000000319225943 0.99999998521036693 3.484020953012222e-10 0.028571429648245189 1.0000000047101674 4.9999999116368672 0.028571428371341415 0.52741670078986591
-0.46413126547390582 7.0812771903039717 1.0000012080415146 0.99999995469651115 -8.6678214323031396e-09 0.028571466771350622 1.0000001278997817 4.9999994510935979 0.028571418449695483 0.52737871972031958
-7.6705265845998607 0.50275269769643849 0.99999171657945096 0.99999993656723285 -8.5674977852530734e-09 0.028571193111897306 1.0000000412814858 4.9999995769929111 0.02857152444928222 0.61760732476796432
-7.5392827438227155 1.499656609009137 0.99999916063833083 1.000000019513424 -6.9103007218396903e-08 0.028571404486581901 0.99999999533621309 5.0000001065870512 0.028571438061054184 0.6176518039740192
-7.2790382511033975 2.4709005347664674 0.99999980266521094 1.0000000093765908 -2.0290350121017292e-08 0.028571422565890264 0.99999998608512619 5.0000000790305918 0.028571430459282038 0.61763984609989764
-6.8942478316423168 3.3998667841006411 0.99999993373634544 1.0000000044284365 -7.965612014264429e-09 0.028571426460320532 0.99999999131905315 5.0000000412050012 0.028571429110866731 0.61764299323159644
-6.3914949203352203 4.2706603701377022 0.99999997113006578 1.0000000023279816 -3.8993071178633096e-09 0.028571427622890482 0.99999999461528144 5.0000000224621557 0.028571428777687854 0.61764283658609886
-5.779381758884016 5.0683817731909588 0.99999998450272687 1.0000000013525567 -2.2700984319546146e-09 0.028571428056155108 0.9999999964068822 5.0000000131060292 0.028571428676046031 0.61764284377178924
-5.0683817731909624 5.7793817588840097 0.99999999024422825 1.0000000008544048 -1.5248119515493687e-09 0.028571428248546474 0.99999999739907874 5.0000000081347782 0.028571428638777346 0.61764284377180068
-4.2706603701377066 6.3914949203352158 0.999999993068311 1.0000000005719412 -1.1494764662761001e-09 0.028571428345633081 0.99999999797302719 5.0000000052875881 0.02857142862290064 0.61764283658613706
-3.3998667841006447 6.8942478316423141 0.99999999462516442 1.0000000003613505 -9.1985802452463973e-10 0.02857142840288926 0.99999999842014009 5.0000000031168534 0.028571428617882682 0.61764299323157212
-2.4709005347664648 7.2790382511033966 0.99999999485530688 0.99999999956588281 -2.9286548543917055e-10 0.02857142844915081 0.99999999980915188 4.9999999956669852 0.028571428654938533 0.61763984609990363
-1.4996566090091354 7.5392827438227155 1.0000000135901213 0.99999999111809867 2.3574165739751179e-09 0.028571429052212827 1.0000000021815081 4.9999999474971739 0.028571428508607978 0.61765180397403696
-0.50275269769643749 7.6705265845998643 1.0000008698519034 0.99999999547286877 -1.439332660987337e-08 0.028571454751333554 1.0000000453889109 4.9999998612525225 0.028571419957261857 0.61760732476795643
ZONE T="CylinderZone4", I=12, J=32, DATAPACKING=POINT, SOLUTIONTIME=8
0.034448944338808359 0.52558950866491694 1.1111338245532409 0.60645533501689708 0.065762304045476255 0.13485681689836512 4.247902891766536 1.4798578201672108 0.11635900231356841 0.0037555925766888732
0.10275745369003536 0.51659659468064756 0.88245281945186949 0.62633027168223043 -0.0012823032694611036 0.10175233995548291 4.0357193225286299 1.5588841438538916 0.12122056733692772 0.0037558630491547865
0.16930772401403929 0.49876447148121666 0.68969862416406036 0.63459189965357354 -0.071840704162694641 0.075689263393964187 3.8409881115865407 1.6293272503884499 0.12732426423597346 0.0037557903348239938
0.23296110024170452 0.47239837975688026 0.53084178418904693 0.63103786895729796 -0.14381549186646383 0.055573466911948297 3.6641262948733027 1.6905797325311149 0.1348703083810037 0.0037558094721363601
0.29262844745521444 0.43794942078132965 0.40278634680012876 0.61572481703499393 -0.21516265481817559 0.040336470950976366 3.5050256618905342 1.741924311942362 0.14407653714029733 0.0037558085195953583
0.34728884080083233 0.3960070257936914 0.30199405241490407 0.58872109692476415 -0.28380289316113533 0.029023719166223507 3.3637423042678303 1.781730625008896 0.15515126373045424 0.0037558085632901153
0.39600702579369107 0.34728884080083283 0.22518792129308124 0.54937971995463675 -0.34706194454937728 0.020868012783867167 3.243426390146448 1.804110487988114 0.16823562478071119 0.0037558085632903495
0.43794942078132926 0.29262844745521482 0.17004695511757273 0.49390056610114036 -0.39912493328305759 0.015376236041481375 3.1648215077508612 1.7847458417755058 0.1836765162050101 0.0037558085195951575
0.47239837975688032 0.23296110024170455 0.13650808147331614 0.41213163633239691 -0.42180827854157754 0.012573503545596295 3.2237844007591301 1.6422376615963024 0.20428411637222835 0.0037558094721364338
0.49876447148121622 0.16930772401403973 0.12495651880213311 0.29645576008322105 -0.37888658633582545 0.012917990091979933 3.6182958446359348 1.2645563159730597 0.23753765377142833 0.0037557903348242527
0.51659659468064767 0.10275745369003603 0.13240362032377057 0.17429624967619275 -0.25571741784998148 0.016272914593389306 4.3016347194626459 0.74605234452851887 0.27593420596845025 0.0037558630491547262
0.52558950866491672 0.034448944338808234 0.1483140902163177 0.096586892546832795 -0.093209532892065405 0.020535375861591161 4.8460544331866613 0.30487207014050915 0.29706212220159894 0.0037555925766888181
0.038155330054847905 0.58213804693815907 1.3160136906914204 0.60105396008310352 0.13188535604609211 0.16466855212908454 4.3794372043385179 1.4702302158650118 0.11211045022473413 0.0044987895583587546
0.11381319910933078 0.57217757912672307 1.0665411760612646 0.6286757097169573 0.07514165180767364 0.12727462909465298 4.1766901396723046 1.5490333000791612 0.11629824534532199 0.0044991135548203276
0.18752365898519813 0.55242688547523389 0.85023410266943422 0.64714129368328333 0.012913161177981259 0.096828556520127257 3.9859604125334691 1.6210226021254943 0.12152049475509183 0.0044990264509971985
0.25802554592795446 0.52322404773064968 0.66701793943134458 0.65576982149170326 -0.053141506035005837 0.072574975258699617 3.8081796323770778 1.6857146251145492 0.12793647374106451 0.0044990493754064166
0.32411254424168678 0.48506870146428205 0.51538074195196026 0.65406609657379611 -0.12129982971234164 0.053657801850163563 3.6439527322267034 1.7424012677318454 0.13572298929737406 0.0044990482343659046
0.38465388706246961 0.43861369522940913 0.39296985943384483 0.64150657446515591 -0.18969897925971235 0.03923190115785008 3.4942031967877907 1.789371012387772 0.14505624009319681 0.0044990482867079502
0.43861369522940874 0.38465388706247011 0.29733783838451272 0.61686501500455737 -0.25584414871329453 0.028569750681934715 3.3629802323337294 1.8208111046619007 0.15608321379142429 0.0044990482867079407
0.48506870146428183 0.32411254424168717 0.22681554262608217 0.57619126709061608 -0.31443430454783122 0.021197020956431851 3.2709210493341829 1.8147037516109179 0.16917371764036335 0.0044990482343659662
0.52322404773064968 0.25802554592795462 0.18105003195059324 0.50858806835924197 -0.35008563159044515 0.017108279125982544 3.3073165595495659 1.6975437254876926 0.18719242876061273 0.0044990493754064505
0.55242688547523378 0.18752365898519865 0.16067458635522477 0.40348674307038757 -0.32957824664343999 0.016831333659060078 3.6663961041276822 1.3604229003846988 0.21766693535965254 0.0044990264509970172
0.57217757912672296 0.11381319910933144 0.16176007929115979 0.27994406945860156 -0.23286637487531373 0.02005065678111909 4.3383570883089595 0.8741211636070374 0.25686723531882483 0.0044991135548203606
0.58213804693815929 0.038155330054847753 0.1735921313531309 0.19198615259151219 -0.087809119766403598 0.024311276140099921 4.9016891340205282 0.47677576568088509 0.28214067868315146 0.0044987895583589047
0.042162889040988347 0.64328160297155401 1.5092889026712026 0.59559279456933467 0.17612788959853329 0.19064020090438352 4.4208945105204576 1.476960615357209 0.10713543977360832 0.0053749747213132438
0.12576731163243918 0.63227495990160221 1.240230959452741 0.62659551228907817 0.12650511923398058 0.15003616141365164 4.2341030143696541 1.5532881054973442 0.1109921716642772 0.0053753618193910727
0.20721978331696972 0.61044979671435606 1.0021074794199287 0.65027872989539781 0.070238198322015458 0.11608914010053879 4.0545749659316765 1.6241106372136744 0.11574748659199738 0.0053752577512096436
0.28512667685123383 0.57817970481010705 0.79651984499340989 0.66565085080123287 0.0087034219586024433 0.088382199649329238 3.8836157114027317 1.6890227160548941 0.12153169786216624 0.0053752851403815029
0.35815497389252332 0.53601679785485878 0.62326364541740187 0.67186385302558216 -0.056584420309282193 0.066285221559275923 3.7223136134812957 1.7473487474317007 0.12849203240163512 0.0053752837771118087
0.42505514003119316 0.48468249487638121 0.48096368070498374 0.6680326304022961 -0.12389874762674229 0.049087533119729153 3.5721276393640848 1.7974140000901169 0.13677729539453568 0.0053752838396479959
0.48468249487638088 0.42505514003119371 0.36788501431273596 0.65264021179112075 -0.19085489195824656 0.036131042459930075 3.437450386841153 1.8337671284960382 0.14651549471200603 0.0053752838396478935
0.53601679785485845 0.35815497389252382 0.2828953273495533 0.62182228190835387 -0.25251472383955864 0.026977020000523339 3.3376150389884036 1.8368086444563383 0.15802212224006615 0.0053752837771117801
0.57817970481010705 0.28512667685123394 0.22578976400965589 0.56565469930530232 -0.295309636893761 0.021625787252357288 3.3522447589828901 1.7425756484939281 0.17369446395772595 0.0053752851403815567
0.61044979671435584 0.20721978331697039 0.19706471167257328 0.47249503166588558 -0.28929579847470444 0.020640059048792306 3.665811396742046 1.4468191441837699 0.20056656114712837 0.0053752577512096323
0.6322749599016021 0.1257673116324399 0.19247566391583593 0.356086912201521 -0.21187303732655818 0.023671075644749379 4.3043760953268801 0.99858482444644281 0.23773429491853298 0.0053753618193910927
0.64328160297155423 0.042162889040988187 0.20098117927717266 0.26787912184734247 -0.081992920351817045 0.027989048625112138 4.8741713247370253 0.63446082840538709 0.26458827226095516 0.0053749747213133322
0.046496093335588719 0.70939354805017352 1.6942987906734388 0.59344894949474769 0.2101950476423414 0.21276830479174902 4.3952641062139346 1.5014967812230386 0.10169999514729404 0.0064090998985408577
0.1386927886877766 0.69725571985262103 1.4058815904612629 0.62539779068461376 0.16613624222275969 0.16992115826281615 4.2302570666481882 1.5730784027901561 0.10546763757401227 0.0064095614728512888
0.22851637079991813 0.67318752036012119 1.1463384301655728 0.65168558001454802 0.11465006654447922 0.13322912332630293 4.0677510138291249 1.6404005728843609 0.11004268469785218 0.0064094373823382544
0.31442998525203647 0.63760093606156043 0.91912569818602596 0.67107814440626912 0.056896691374366787 0.10266544922818861 3.9094660570196273 1.7030983085358591 0.11553124125604824 0.0064094700410851487
0.39496361548003045 0.5911048229706104 0.7252888644531259 0.68245019053725986 -0.0057831641679720299 0.077852992394425335 3.7569234335101722 1.7605176535359934 0.12205621449338756 0.0064094684155273311
0.46873930874255898 0.53449474247341466 0.56427514114614707 0.68463083570211436 -0.071785194605936076 0.05823332666909007 3.6120081900583529 1.8110331166046545 0.12974311338020136 0.0064094684900951725
0.53449474247341433 0.46873930874255959 0.43489268016650467 0.6758817660295291 -0.13882374525912014 0.04323215742884394 3.4793078325269335 1.849555137481995 0.13869856623349153 0.0064094684900952116
0.59110482297061029 0.39496361548003101 0.33638042630511494 0.65241853951768969 -0.20223688763608913 0.032453660424144548 3.3767663776472978 1.8585252178040539 0.1491765930557033 0.0064094684155273814
0.63760093606156032 0.31442998525203658 0.2687776884748197 0.60533061784574882 -0.2497340178240044 0.025918669750262573 3.3751069348391463 1.7821723126450537 0.16310309702546547 0.0064094700410850438
0.67318752036012086 0.22851637079991879 0.23221561552684639 0.5228278736895785 -0.25416666454736386 0.02419433445325132 3.6466182648764542 1.5221269369939254 0.18683820689128255 0.0064094373823382639
0.69725571985262103 0.13869278868777735 0.22244026628160038 0.41529573049075086 -0.19179905334863964 0.026963067807764297 4.2425204215529497 1.1104486162268219 0.22114164461158714 0.0064095614728513607
0.70939354805017385 0.046496093335588538 0.22806497499075912 0.33051833595508195 -0.075732374207264766 0.031301127020959982 4.803628635310166 0.77355681890667416 0.24790080878780046 0.006409099898540876
0.051181404310397118 0.78087760483207302 1.8756493424522478 0.59623014453200229 0.23796243410548154 0.23121248271373626 4.3144721687991323 1.5453119832335462 0.095851512065302555 0.007628195136148941
0.1526685616688635 0.76751667388363209 1.5687441045807622 0.62716756006263474 0.19867155759947852 0.18723146999290674 4.1772915185450987 1.6094260354195087 0.099679510733431134 0.0076287445079746977
0.2515434722878776 0.74102317387368466 1.2874388905382785 0.65411941431524845 0.15128880215496279 0.1484987691928806 4.0370513540181978 1.6707474149675274 0.10425708559082862 0.0076285968138110919
0.3461144162444913 0.70185060628042939 1.0381016418992215 0.67561654590585407 0.096851403320929008 0.11556304466074857 3.8962529251527549 1.7288760114852644 0.10966881384802182 0.0076286356846818077
0.43476324657811594 0.65066918022396592 0.82346520281638924 0.69028563759948847 0.036570100224845879 0.088393283655113869 3.7570074777675271 1.7831440274872921 0.11601547294757257 0.0076286337499216145
0.51597315722364445 0.58835462409429196 0.64387990242195225 0.6967014917974701 -0.028059239873954436 0.066626305623682838 3.6216702611702889 1.8319525666372469 0.12340106710528984 0.0076286338386732499
0.58835462409429151 0.5159731572236449 0.4986002359370742 0.69292306776908497 -0.094846798153660691 0.049789206654352318 3.4950288938137684 1.8705117931428474 0.13191121930284805 0.0076286338386731935
0.65066918022396558 0.43476324657811649 0.38707383747404162 0.67520588590042807 -0.15935877170057264 0.037533019665033779 3.3938116186354153 1.8829260318649668 0.14174317643800688 0.0076286337499216015
0.70185060628042917 0.34611441624449152 0.30948874647813263 0.63546771623984843 -0.21026717316241189 0.029898626946154274 3.381227763266907 1.8200657064182482 0.15443596197182813 0.0076286356846819187
0.74102317387368444 0.25154347228787827 0.26543251494380071 0.5621943803489311 -0.22277618046965234 0.027428557021953709 3.6167366117826654 1.589897560555209 0.17565769913242352 0.0076285968138110356
0.76751667388363209 0.15266856166886436 0.25075070738540872 0.46351045577632055 -0.17274800937908025 0.029861260549428236 4.1680604973133644 1.2114503530869551 0.20709475663184682 0.0076287445079745728
0.78087760483207336 0.051181404310396902 0.25369813789233026 0.38351700871959576 -0.069358108085647796 0.034145242636580399 4.7106514101641377 0.89784726655955283 0.23296249653663742 0.0076281951361493244
0.056247433382235368 0.85817029933563294 2.0517359946540363 0.60515060314271429 0.26043652461388733 0.2452478031619432 4.1836148139773606 1.6104833963100222 0.089667499125861042 0.0090644524153286141
0.1677799753197991 0.84348687898848107 1.7312610330522236 0.63315034495169209 0.22589272139897898 0.20189686871484649 4.0816435318830608 1.663707385682808 0.093631505752615599 0.0090651052243718253
0.27644170555465519 0.81437100385863315 1.4290062900904532 0.65903567172891653 0.18241665319675618 0.16205687655448234 3.9691852392470977 1.7161623119243361 0.098314973739335385 0.0090649297219505334
0.38037345462966349 0.7713210638306075 1.1567617292224683 0.68102768243336798 0.1310921125673139 0.12725590954972926 3.8503666891985882 1.7671939002246404 0.1037854524223375 0.0090649759115342971
0.47779690843651257 0.71507360654984031 0.9202755398895146 0.69749107023926937 0.073097487994643481 0.098031211777177427 3.7283316353170939 1.8160313873243299 0.11012333125442977 0.009064973612492153
0.56704512466968304 0.64659104160514647 0.72136357231741199 0.70675343564964843 0.0098670393274996535 0.074323538110137644 3.6061203128838657 1.8610590224256407 0.11741145915832425 0.0090649737179540613
0.64659104160514591 0.5670451246696836 0.55984716572399229 0.70667326992858359 -0.056486567153746649 0.055806072659203142 3.488831703709677 1.8977179387295273 0.12571415563270028 0.0090649737179541758
0.71507360654983954 0.47779690843651323 0.43528603535083776 0.69350423864852884 -0.12172447753187016 0.042188242638216369 3.3922257340243891 1.9114614937088898 0.13517824593190456 0.0090649736124922171
0.77132106383060728 0.38037345462966365 0.34782163800535787 0.65976758310849071 -0.17528956391012201 0.033523673570115993 3.3733627972195404 1.858406065289008 0.1470457134199149 0.0090649759115342728
0.81437100385863304 0.27644170555465597 0.2964685180128519 0.59458058525729984 -0.19435336291894864 0.030311845840334761 3.5785067851473915 1.6533835722317396 0.16628090064176904 0.0090649297219504172
0.84348687898848085 0.16777997531980005 0.27694825826788555 0.50415091511295229 -0.15483946763511117 0.03233906342295876 4.0869266544138378 1.3043855121281505 0.19515035452412108 0.0090651052243720231
0.85817029933563271 0.056247433382235111 0.27725914609113972 0.42930073524686224 -0.06311219085979268 0.03648619044563365 4.6058594720951129 1.0109260208150916 0.2198306716335757 0.0090644524153283487
0.061725116868924221 0.94174362872637973 2.2101973853164534 0.62125707221537374 0.27671829817942178 0.25281628795216482 4.0035202863640826 1.6994974648600658 0.083291669132548915 0.010755486020047495
0.18411930931146525 0.9256302563916039 1.8901963405703941 0.64421616135608695 0.24794116984539377 0.21313155021269403 3.9464705805732598 1.7373692849168061 0.087405358521380261 0.010756260614939794
0.30336311466604576 0.89367891768930374 1.5720030275165537 0.66734081962463687 0.20883347995678109 0.17373991361860877 3.868247620259079 1.7776546842437386 0.092228441928195293 0.01075605237137987
0.41741630735932717 0.84643653844379452 1.2774222434107099 0.6883543832190776 0.16080293887033353 0.1378176993559812 3.7760572099382226 1.8188662502738446 0.097822043728771277 0.010756107177936267
0.52432739130402584 0.78471139534896828 1.0179979966739277 0.70528698970021264 0.1051754635072906 0.10688671374765436 3.6748942428580498 1.8598995089203294 0.1042504725222987 0.010756104449992464
0.62226708821249543 0.70955962271661988 0.79844474113472419 0.71620086515874848 0.043429095448369613 0.081416674114741669 3.5689177274279178 1.8990375841279987 0.11157593802655233 0.010756104575129202
0.70955962271661943 0.6222670882124961 0.61971871013280577 0.71874840956420694 -0.02234593007876233 0.061330359278525003 3.4637691865426876 1.9318892236407816 0.11984034682827632 0.010756104575129226
0.78471139534896783 0.5243273913040265 0.48157845026185236 0.70914705250408527 -0.088064937645831551 0.046431216327220991 3.3745126445199238 1.9450197054920517 0.12914458409590138 0.01075610444999257
0.84643653844379441 0.41741630735932733 0.38394095215560647 0.68034243538688266 -0.14381430841695689 0.036782770587896002 3.3531118834526801 1.8987419697524262 0.14049932115120822 0.010756107177936109
0.89367891768930341 0.30336311466604671 0.32529168271528552 0.622261946772944 -0.16839353675137739 0.032835788049909942 3.5329909788666138 1.7148214518498024 0.15818500077977263 0.010756052371379818
0.92563025639160346 0.18411930931146631 0.3008190520787089 0.53936164865860281 -0.13811344482603424 0.03439347860965411 4.0016473084024042 1.3916238337524025 0.18486241807865986 0.010756260614939761
0.94174362872637996 0.061725116868923971 0.2984205165061638 0.46957434612763937 -0.057134075967776553 0.038324931650857201 4.4949074616860294 1.1155912344320948 0.20831533440988534 0.010755486020047835
0.067647904905641265 1.0321079436246356 2.3261090332862744 0.64536309382593149 0.28469383775101076 0.25080592310356453 3.7737729288445703 1.8155069419098748 0.076922907952268513 0.012745348818361004
0.20178634175847174 1.0144484245389631 2.034222295454188 0.66093794553730034 0.26383170135704576 0.21931639328306138 3.7734685014297984 1.8317502938704553 0.08115463358668995 0.012746266720357337
0.3324720984552666 0.97943121871121186 1.71306992700032 0.6795813461539133 0.23036161464094354 0.1829058383043429 3.7369778273457257 1.8559661120315836 0.08608796478224047 0.012746019949843644
0.45746918108346124 0.9276557318295432 1.4004317098902501 0.69822579884817293 0.18633059112949127 0.14710199576368813 3.67641621503744 1.8844822456960608 0.091801939081716508 0.012746084896112111
0.57463883918889824 0.86000779818151307 1.1181859004084129 0.71442472113091859 0.13345686365975468 0.11500468514891682 3.5997269993228018 1.9153137895373635 0.098354880901208738 0.012746081663473867
0.68197626743582751 0.77764489266738868 0.8766882872223053 0.72592304953575426 0.073429921035689058 0.087989940222023263 3.512819720994337 1.9464499557119743 0.10579124706607511 0.012746081811761834
0.77764489266738812 0.68197626743582829 0.67937097597881735 0.73015258584880771 0.0084204223179546733 0.066427606226695815 3.4222336509590612 1.9735933854346135 0.11412973737408273 0.012746081811761819
0.86000779818151252 0.5746388391888988 0.52665198038365513 0.72326945661158704 -0.057574656372627826 0.050297254333725713 3.3426322607565493 1.9842549974081023 0.12342725425133287 0.0127460816634739
0.9276557318295432 0.4574691810834613 0.41821668725455236 0.69853883689374707 -0.11517475583466882 0.039690118178222739 3.3216133576362417 1.9422736171553059 0.13449944472865522 0.012746084896111967
0.97943121871121142 0.3324720984552676 0.3519778028168748 0.64664481646218508 -0.14455274578525809 0.035005626569837953 3.4808925984692864 1.7757393454830073 0.15101374202765594 0.012746019949843757
1.0144484245389627 0.20178634175847288 0.32230097177571576 0.57056845084266761 -0.1225554697055343 0.036036839324208786 3.9133899226755209 1.4750117845066113 0.17586541145189508 0.012746266720357445
1.0321079436246356 0.067647904905640988 0.31704072422550922 0.50557270978939772 -0.051495297286273611 0.03968332330720048 4.3808766765800202 1.2139877531648826 0.19817413139352039 0.012745348818361245
0.074051965712207374 1.1298150646231577 2.3657542506342524 0.67767382691617095 0.28163150214233862 0.23625717396442478 3.4952916507737002 1.96265779236354 0.070766468623474993 0.015085622032438521
0.22088895852625301 1.110483762291617 2.1434274818094878 0.68355824648220986 0.27187397003811842 0.21825005943307488 3.5638024318153367 1.9484038553206913 0.075058876254685117 0.015086708477602682
0.36394641444426912 1.07215156369787 1.8432014365391243 0.69598343702652909 0.24614964753951754 0.18840042756895453 3.5774792853528421 1.9515188742012535 0.080035002670546071 0.015086416395624009
0.50077666350845129 1.0154746187925972 1.5231565325905128 0.71094948309020967 0.20743027889746038 0.15466208958893904 3.5539178108576031 1.9642434865870817 0.085810715081951483 0.015086493267184706
0.62903848501848181 0.9414226216170295 1.2210855138122145 0.72533293389446574 0.15809570117906344 0.12229378960754596 3.5053094835118555 1.9825441125433969 0.092461278071815825 0.015086489440976368
0.74653728364742933 0.8512626223739328 0.95720823260691634 0.73646866877339279 0.10025661138797032 0.094082944991238968 3.440111523329223 2.0036659324260557 0.10002346794325243 0.015086489616493014
0.85126262237393213 0.74653728364743022 0.73987947135338217 0.74153920519514138 0.036311361971544706 0.07115993344604496 3.366220802729083 2.0232655110624709 0.10849511003511771 0.01508648961649315
0.94142262161702894 0.62903848501848258 0.57126315563461671 0.73662129088197814 -0.029731084816107228 0.053833058356637604 3.298229584577137 2.0296786557565647 0.11789037609628406 0.015086489440976672
1.0154746187925974 0.50077666350845151 0.45109996986343737 0.71523079583538607 -0.088912426391871358 0.042274207842577433 3.2799764393155346 1.9898068023323709 0.12885271119162262 0.0150864932671846
1.0721515636978696 0.36394641444427023 0.37671952775975198 0.66870413913220583 -0.12256577681793236 0.036839670921230007 3.4226749235680174 1.837368727303152 0.14450748939696442 0.01508641639562391
1.1104837622916168 0.22088895852625423 0.34144079851966641 0.59877626488235958 -0.10812186801363179 0.037292196627197183 3.8227033390054537 1.5560251473854791 0.16787127410265448 0.015086708477602654
1.1298150646231579 0.074051965712207055 0.33310367643251071 0.53821678463603018 -0.046227779670824837 0.040595347754702131 4.2654502800190475 1.3077985703057824 0.18917557806043586 0.015085622032438949
0.08097640645868534 1.2354616520461781 2.304914495964868 0.71777451574159401 0.26568557160918482 0.20878046782971277 3.170319931224086 2.1492606813073807 0.064859428770674424 0.017836695028522066
0.2415438120491234 1.2143227210276795 2.1938933727077714 0.71180214920114804 0.27037751156726719 0.20814110098500596 3.3205526838309058 2.089254276091256 0.069287696737900431 0.017837979602072309
0.3979782643414963 1.1724061606240628 1.9480693208866235 0.7164532038802619 0.25505729965485308 0.18880424523143402 3.3921526843385714 2.0645776168938865 0.074227628486181224 0.017837634254882963
0.54760321700143388 1.1104294759628841 1.6393427193280836 0.72655553092627811 0.22349221620941837 0.15975896477251192 3.4108571046242515 2.0579694671860134 0.079970088927079158 0.017837725145041498
0.6878585267941818 1.029453035098767 1.3250751966817735 0.73818040729575884 0.17889807460274881 0.12848771486577201 3.3938224991422357 2.0614902976936187 0.086641282182549351 0.017837720621071043
0.81634438648306773 0.93086236738580674 1.0403441883637679 0.74814070578878356 0.12399863599496251 0.09965845081008777 3.3527805640518378 2.0707869237635466 0.094290137310108213 0.017837720828595676
0.93086236738580597 0.81634438648306873 0.80207806745755528 0.75332305799560539 0.061582651144313202 0.075566436798733233 3.297466160054507 2.0811692542615163 0.10290243391375599 0.017837720828595454
1.0294530350987663 0.68785852679418269 0.61614183453128268 0.74970771048809048 -0.004204094452601375 0.057085484612225602 3.2427467952055369 2.0816719506848842 0.11245343242243741 0.017837720621071348
1.1104294759628839 0.54760321700143422 0.48307944179292595 0.73101442409389761 -0.06470555035766952 0.044570963061185812 3.2292487954044127 2.0419254644011802 0.12343150945113859 0.01783772514504155
1.1724061606240623 0.39797826434149741 0.39978350989273403 0.68912846600971334 -0.10222310957583174 0.038365602431511769 3.3588080810172669 1.9006574648022323 0.13848004464484034 0.017837634254882516
1.2143227210276792 0.24154381204912473 0.35836532070262311 0.6247253246066099 -0.094755192718049039 0.038189671911262137 3.7298210464736576 1.6358898536210891 0.16065326673416219 0.017837979602072583
1.2354616520461787 0.08097640645868498 0.34668139586779478 0.568212591284596 -0.041341042783669922 0.04110169003851516 4.1495135504120304 1.3983912452585487 0.18111604609803925 0.017836695028522042
0.088463512078032866 1.3496928495276668 2.1410386507197186 0.76434748031331645 0.23602612377642743 0.17153059098079387 2.8040459129362163 2.3886114625858395 0.059083644117876567 0.021069261828179781
0.26387703368244331 1.3265994058784256 2.167527335860516 0.74502955058543008 0.25814866389783592 0.18867233418250146 3.0465736603011688 2.2586971642168199 0.063878955427635511 0.021070779206619889
0.43477546774480696 1.2808072262831653 2.0110923818554824 0.74062837129379044 0.2560014595217654 0.18291796154127229 3.1834085320726433 2.1959969985562435 0.068778313709050909 0.021070371271722083
0.59823479356165188 1.2131001566334654 1.7394715270391741 0.74484592573849961 0.2337714896376111 0.16149325840606973 3.2494145206651472 2.1653821327384457 0.074399521649289688 0.021070478634018994
0.7514581561986361 1.1246366069688629 1.4263580156771261 0.7529248748468792 0.19546464632804911 0.13314970595163617 3.2672300026824379 2.1517635672428814 0.08098792011293908 0.021070473290164416
0.89182386143949999 1.0169302131508484 1.1253720581534159 0.76104501487358478 0.14453863735734346 0.10458189940586529 3.2525834001483629 2.1476361080495336 0.088642489821684906 0.02107047353529827
1.0169302131508475 0.89182386143950088 0.86639471690368319 0.7657361745182043 0.084312278962073134 0.079646473159929815 3.2175017959674519 2.1473680923079912 0.097356384211447947 0.02107047353529844
1.1246366069688625 0.7514581561986371 0.6619094797823869 0.76285917287753768 0.019196213807515263 0.060091326149066517 3.1774683355316058 2.1404802042908706 0.10707639646176836 0.021070473290164021
1.2131001566334649 0.59823479356165199 0.5146415090302795 0.74630337893580989 -0.042330220599113587 0.046617845392831606 3.1704100007417138 2.0990615315042058 0.11815319246629843 0.02107047863401942
1.2808072262831649 0.43477546774480813 0.42144942208674835 0.70839098634362219 -0.083356303446603011 0.039615447184152802 3.2899336843698768 1.9662353472095131 0.13280698425113996 0.021070371271722035
1.3265994058784256 0.26387703368244486 0.37328198667602286 0.64900055511432397 -0.08238986547112058 0.038764825941300221 3.6347023294498402 1.715743231107294 0.1540231468707306 0.021070779206619764
1.3496928495276668 0.088463512078032519 0.35791219034207156 0.59611638500809705 -0.036831985627337589 0.0412466553455062 4.0334835597210619 1.4869224421057485 0.17382076262101925 0.021069261828180877
0.096559003484147948 1.4732062236587791 1.9101994264185953 0.81416680366865357 0.19504063681440295 0.13157816817406789 2.4108665396598754 2.6959638369822732 0.053170854693101011 0.024866071266901414
0.28802500393896041 1.4479994479677907 2.0636664013439519 0.78197726557728497 0.23527874841324897 0.16195362288269377 2.7467505364326317 2.4636141664352444 0.058734784105137765 0.024867862086186285
0.47456273121692699 1.3980167248628654 2.0195854147106362 0.76782887073654127 0.24841653166311248 0.17047408459621161 2.9543652430380849 2.3475729548229465 0.063722271880070736 0.024867380638933071
0.652980581020841 1.3241136317046385 1.8127256209466229 0.76546465387301021 0.23765061617282815 0.15908696231212371 3.0716417370091529 2.2866105671357246 0.069178268394246151 0.024867507348571731
0.82022575204306802 1.227554587194291 1.519215327824468 0.76937515518283384 0.20734438140948935 0.13574419956990305 3.1273032156237561 2.2529308985420298 0.07558823665794058 0.024867501041720273
0.97343663303829675 1.1099917433546196 1.2103558401007113 0.77513717543508387 0.16164111035303863 0.10862339103127207 3.1410751748544841 2.2338430535838989 0.083146707903314895 0.024867501331029336
1.1099917433546183 0.97343663303829775 0.93271194218918585 0.77886674128942912 0.10445341058867105 0.083349192155699275 3.1276770355511352 2.2217386848526144 0.091887162908823913 0.024867501331029444
1.2275545871942903 0.82022575204306902 0.70900218747693844 0.77627197303772266 0.040554706461553784 0.062868914110675564 3.1035334310897014 2.2062135820987674 0.10174881359807149 0.024867501041720527
1.3241136317046382 0.65298058102084122 0.54623120133551717 0.76138136757078412 -0.021636941366444801 0.04844830902308557 3.1043463095329296 2.1615359381329564 0.11296697985276405 0.024867507348571131
1.3980167248628652 0.47456273121692838 0.44199776159041559 0.72684606617297365 -0.065836477007037153 0.040620558230403253 3.2165763271002579 2.0346504923968025 0.1273965858960191 0.024867380638933057
1.4479994479677905 0.28802500393896197 0.38645093378920548 0.67203968397581926 -0.070944571585477081 0.039057939155931413 3.537390518403889 1.7965113472873908 0.14783498415877036 0.024867862086186521
1.4732062236587795 0.096559003484147601 0.36697818640864144 0.62236929073230274 -0.032689024097588289 0.04107582611737684 3.9175459627712441 1.5743791614210538 0.1671436787823343 0.024866071266901511
0.10531231677214656 1.6067560237624188 1.6642804835781597 0.86337353706492692 0.14787935495951404 0.095863164196353809 2.0160127913753279 3.084614636840262 0.046982338685972964 0.029323973742269648
0.3141351853128666 1.5792641913015584 1.9022412647238471 0.82096544341007194 0.20338997177966869 0.13201993322757891 2.4290807605613769 2.7133689186970638 0.053662100825000718 0.029326085613386944
0.51758302048318883 1.5247504103093537 1.9705596546047606 0.79729179757586499 0.23245303535762277 0.15247375105863223 2.7081551522417779 2.5232835791898238 0.058988813815110293 0.029325517853950375
0.71217489113603505 1.4441478183573935 1.8498592015718966 0.78794148598645042 0.23480499855593079 0.15220891065211206 2.8798472136000512 2.4224446649936202 0.064334796846132594 0.029325667279649605
0.89458125194935989 1.338835456839921 1.5968544055305918 0.78724672377868643 0.21416137477381161 0.13576781462036364 2.9757712977700597 2.3647445070402462 0.07050588663216352 0.029325659842128971
1.0616810795170506 1.2106152494606011 1.2922164519117674 0.7902724875355317 0.17503473270656192 0.11148718148897316 3.0196576914195101 2.3289888366947511 0.07786738027945872 0.02932566018330459
1.2106152494606002 1.0616810795170517 1.0002830509178557 0.79269610222046893 0.1218823758795447 0.086572366360699302 3.0291754085455724 2.3040313340995247 0.086538071866561664 0.029325660183304129
1.3388354568399201 0.89458125194936089 0.75760705610534473 0.79003803868864664 0.059878872022945714 0.065412634801291822 3.0219388760677415 2.2788671005473491 0.09648060707866804 0.02932565984212936
1.4441478183573937 0.71217489113603538 0.57822170949953144 0.77643333657060298 -0.0025335697294373528 0.050087747824371018 3.0318321557303602 2.2295843772439592 0.10784483580362 0.029325667279649671
1.5247504103093537 0.51758302048319027 0.4617630155409212 0.74480173142735417 -0.049559232662599602 0.041412324109836141 3.138907390874571 2.1065935397884639 0.12216387515589411 0.029325517853950496
1.5792641913015577 0.31413518531286838 0.39810147154154618 0.69412248387351316 -0.060340189357475829 0.039108038921351798 3.4382725477046612 1.878757587852762 0.14199555275293524 0.02932608561338686
1.606756023762419 0.10531231677214613 0.37407888915685972 0.6473195205696165 -0.028894452237668886 0.04063340389407169 3.8017893444786388 1.6616016392689572 0.16096621249354534 0.029323973742269714
0.11477690510584242 1.7511577878077371 1.4446105736334141 0.90749270770009061 0.10124725182959826 0.06847914744416389 1.659111598489093 3.5445539633054506 0.040917325577837067 0.034556314759695589
0.34236702277731312 1.7211952198739886 1.7138872606235735 0.859804500223593 0.16546536313402141 0.10321217135336457 2.1077384006223139 3.0154915388377574 0.048546258465960189 0.03455880345661326
0.56409904413105039 1.6617821971651596 1.8722146702170843 0.82798815772933132 0.2090770573277394 0.13106187146016646 2.4501279523307669 2.7278598915469869 0.054472644990707454 0.034558134390613608
0.77617920110464822 1.5739357198364807 1.8463159465580889 0.81174546000410142 0.22532085772798163 0.14118793866373658 2.6764529966961934 2.574706038840243 0.059836911422040416 0.034558310478668641
0.97497871674981407 1.4591587659639764 1.6528570071620199 0.80622964975307054 0.21571150550579826 0.13289847746139097 2.8141857922871374 2.4875163006365555 0.065764361647644015 0.03455830171405528
1.1570960762362219 1.31941520105059 1.3670824762516607 0.80625717408637054 0.18448348365091838 0.11286561887724632 2.8895818102825466 2.4328059695619388 0.072853272449140916 0.034558302116106505
1.3194152010505891 1.1570960762362232 1.0677338038890698 0.80713638114750375 0.13644283812585686 0.089172006591108563 2.9230321415559661 2.3939683888423851 0.081354269536292378 0.034558302116106603
1.4591587659639762 0.9749787167498154 0.80762010289361896 0.8041717257123584 0.077122890492519719 0.06769113416869306 2.9335447259352008 2.3583623117469017 0.091293912968195473 0.034558301714054697
1.5739357198364803 0.77617920110464855 0.61089276406428494 0.79156670466006895 0.015026766402539611 0.05155126343198578 2.9535367323889683 2.3033746075019081 0.10277520226121704 0.034558310478668641
1.6617821971651592 0.56409904413105205 0.48105996571124549 0.76246409711609087 -0.03443851811910207 0.04202031557055208 3.0572301755397082 2.1825685015742167 0.11705242277186562 0.034558134390613532
1.7211952198739882 0.34236702277731507 0.40847367530638379 0.71548869370614754 -0.050506918987136475 0.038951283708892406 3.3375343646056854 1.9630857806082755 0.13642440645675408 0.034558803456613489
1.7511577878077371 0.11477690510584203 0.3794199519208975 0.67125037601066961 -0.025427985606427721 0.039960633564960865 3.6862114557131305 1.7493463729573002 0.15519014349421634 0.03455631475969622
0.12501056513594222 1.9072933225911521 1.277966793851137 0.94195385881643978 0.0626633820644691 0.050520884709127759 1.383628253457194 4.0128118856826589 0.035837982246071209 0.040695733978745603
0.3728929174543783 1.8746592526372017 1.5304806922731646 0.89578648903125213 0.12593060123179536 0.078899157958740751 1.8043158202399825 3.3671918770499589 0.04348238640696369 0.040698664827952293
0.61439485787178483 1.8099488865716928 1.7421870869558054 0.8586458773875183 0.18015128628556151 0.10890785783310697 2.1879251939552984 2.9656657006780494 0.050064111051098592 0.040697876892893503
0.84538436096859959 1.7142699016231702 1.8036169128820128 0.83626995260021308 0.20975065635222967 0.12700491161530539 2.4645876128647606 2.7459487963532547 0.055618400853695585 0.040698084265487551
1.0619091032644152 1.5892592833724668 1.6824832756287547 0.8259691535580781 0.2120121933671229 0.1271169026689378 2.6443600677413754 2.6219773980812318 0.061358148198270165 0.040698073943715468
1.2602642863865507 1.437055998157343 1.4307950197881656 0.82286979720319531 0.18983600415571827 0.11250479387509971 2.7520837904887374 2.5452494689334335 0.068133804582477211 0.040698074417197853
1.4370559981573421 1.2602642863865523 1.1331425627645504 0.82206037110730779 0.14798243118881568 0.09098101428368173 2.8101808203178691 2.4913322351586809 0.076375207012771798 0.040698074417198117
1.5892592833724657 1.0619091032644166 0.85862739754657802 0.81863430797534642 0.0922085232226421 0.069649179154850901 2.8390909430696896 2.4446006990549454 0.086216296529741915 0.040698073943716023
1.7142699016231697 0.84538436096859992 0.64441168924418712 0.80682905709939734 0.031054764109816422 0.052842340469950365 2.8700316045861154 2.3830307942482882 0.097758216886693186 0.040698084265487426
1.809948886571692 0.61439485787178671 0.50017136651949845 0.77996810681316875 -0.020406945754354002 0.042469834109990327 2.9718698265833208 2.2629791558332966 0.11202480802633723 0.040697876892892386
1.8746592526372017 0.37289291745438041 0.41781259724879533 0.73633370295729783 -0.041381510802023388 0.038621028855755128 3.2352686764954584 2.0500962811698265 0.1310538238152997 0.040698664827952626
1.9072933225911526 0.12501056513594166 0.3832103765386598 0.69439843149838454 -0.022268947401378338 0.039095246323375188 3.5707112950146724 1.8383346635087998 0.14973102213327086 0.040695733978747303
0.13607578994226679 2.0761160885959504 1.1655226658940898 0.96575925800538476 0.03568066368231828 0.040077067578855756 1.2034921368971629 4.4046708111621715 0.032342003797546294 0.047897438395240674
0.40589927940332193 2.0405934362250413 1.373604654431827 0.92659082081885824 0.089492032821049755 0.06055187399944828 1.5428861433348164 3.747203150422409 0.038825864385473682 0.047900887901013711
0.66877759916095669 1.9701552762963837 1.6007899047952832 0.8878903444416314 0.14825740360904274 0.088385464250746698 1.9324779824280418 3.237751829427693 0.045741749995157607 0.047899960529339147
0.92021298038725607 1.8660073313320009 1.72923000614902 0.86081071206071147 0.18914851786333595 0.11110280894557917 2.2487455660392377 2.9386420814381111 0.051609680556349721 0.047900204599542084
1.15590326238789 1.7299314835735562 1.6839771625527695 0.84609468120266906 0.2033431221194823 0.11875804949132013 2.4682827179833602 2.7693951042146305 0.057252226344359787 0.047900192451182634
1.3718157190921372 1.5642560285035485 1.4795959008767054 0.83988654910377269 0.19106307143114051 0.11026749955690596 2.6083895461795539 2.6666174197496311 0.063715802778559524 0.047900193008454467
1.5642560285035474 1.371815719092139 1.1942161448589192 0.83732707348267033 0.15638228592163944 0.091834559359423334 2.6914805900282879 2.5960595454964839 0.071629188835001315 0.047900193008454252
1.7299314835735553 1.1559032623878913 0.90991449624183862 0.83335605350347441 0.10504313800905604 0.071212979761209327 2.739218134566674 2.5375244959908194 0.08127525498557317 0.047900192451181975
1.8660073313320009 0.9202129803872563 0.67882317895116895 0.82222494637696086 0.045532111853869649 0.053952745416754017 2.7817937662503942 2.4686701678696736 0.092801334263945226 0.047900204599543118
1.9701552762963823 0.66877759916095869 0.51934507109130712 0.7973969948191304 -0.0074164346616055216 0.042780948855098713 2.8831181649633719 2.3481841972277251 0.10705624163485269 0.047899960529339057
2.0405934362250404 0.40589927940332432 0.42636002222520614 0.75680688741867841 -0.03290531596450065 0.038147770828074877 3.1315599680395767 2.1403501575013313 0.12582939205367144 0.047900887901014023
2.0761160885959504 0.13607578994226613 0.3856679675350892 0.71696652321009524 -0.019397575068060051 0.03807134476942195 3.4550369169605903 1.9293073752626058 0.1445104390875262 0.047897438395240514
0.14804015065528392 2.2586570224137814 1.0955799039025989 0.98061450985670362 0.019222975583732229 0.034487346026250115 1.1017517803536048 4.6720756625821798 0.030349957978590685 0.056343029906403719
0.44158766595610638 2.220011067752075 1.2518128157145658 0.95085869101138598 0.059609321276754126 0.047956614189350058 1.3408406383001914 4.1138563821264507 0.0350181632371891 0.056347087651735989
0.72757936277035518 2.1433796859894287 1.4651572943481801 0.91440676035754553 0.11629303628063287 0.071047588573931925 1.6972004351030558 3.5377488056635187 0.04162089260664948 0.056345996759784307
1.0011220093543112 2.0300746118869237 1.634452111825093 0.8846314248767615 0.16498377395028876 0.095017882748460972 2.034703781545089 3.1543236867804181 0.047762193978274435 0.056346283866052699
1.2575351807947543 1.8820343983320187 1.6587385789496105 0.86622854080977729 0.19023649309874285 0.10845638522072122 2.2884700017775943 2.9312867053661953 0.053403042649904149 0.056346269575613839
1.4924315766371787 1.701792054423138 1.5107344832294622 0.85710073831570588 0.18826152935032819 0.10617076030013785 2.4597152231793018 2.7976348050530189 0.059585628994095065 0.056346270231146724
1.7017920544231369 1.4924315766371801 1.24853072856389 0.85279729558920259 0.16157392070918622 0.091597815440152802 2.5677570152462748 2.7083015499283976 0.067131474499073376 0.056346270231146529
1.8820343983320176 1.2575351807947559 0.96050291021274625 0.84825304658840128 0.11553353240916039 0.072298442835087448 2.6345006034348053 2.6371671170896955 0.076494601140901688 0.056346269575613825
2.0300746118869237 1.0011220093543116 0.71404756069712727 0.83773040175946012 0.058417055915609285 0.054863662084145476 2.6892160643234342 2.5604410352799793 0.087915772608071555 0.056346283866052477
2.1433796859894287 0.72757936277035729 0.53879605833371269 0.81479557183477358 0.0045601675317853514 0.042968343282447252 2.7912082689483104 2.43853697042884 0.10213025945095314 0.056345996759784391
2.220011067752075 0.44158766595610904 0.43431567200733734 0.77699519982752374 -0.025020316878563993 0.037557706907960869 3.0266458825103766 2.2342542037321258 0.12071781532175932 0.05634708765173612
2.2586570224137819 0.14804015065528336 0.38706828122318038 0.73915345206828109 -0.016797312747304456 0.036922045775310157 3.3386140468232703 2.02317578144641 0.13943864016891494 0.056343029906405509
0.1609767090873703 2.4560308322833491 1.0542996894097119 0.98925366284652028 0.010086480198347179 0.031620284007006151 1.0497109599798526 4.8279790686637121 0.029364056859376281 0.066244981082737117
0.48017601255156384 2.4140077826346955 1.1639784780168456 0.96849439864097941 0.037591002894423443 0.039944877392429662 1.2011138811096593 4.4218286969647016 0.032295213657589167 0.066249751952585104
0.79115922876478995 2.3306799314107853 1.3463447933386929 0.93715507015185617 0.086923601140728779 0.057501539438040206 1.4948279877220318 3.8489829895437602 0.037919330302659413 0.066248469342886654
1.0886055286180596 2.2074736399338657 1.5310646707878512 0.90699787507986218 0.13898183600275391 0.080035968844647906 1.8296150123845443 3.3918462594885681 0.044085346347189379 0.06624880690636685
1.3674254860582002 2.0464968624503617 1.6110902395477178 0.88595913869327425 0.17347135653879528 0.097043549373605334 2.1082147611070985 3.1088203188484527 0.049773577763106619 0.066248790104468144
1.6228484143099153 1.8505039562542072 1.5228554578388718 0.8742627115706888 0.18167474511771406 0.10041434443258582 2.3078369213171124 2.9389317070808829 0.055728018266938149 0.066248790875208505
1.8505039562542061 1.6228484143099173 1.2937730653028785 0.86832700989269263 0.16355242287243341 0.09019289909690896 2.4399576322296079 2.8283451600531713 0.06288846568237709 0.066248790875208075
2.0464968624503603 1.3674254860582022 1.009203885710976 0.86323622686982338 0.12359627614216764 0.072821156778126381 2.5254961070109694 2.743675786810742 0.071893080680375324 0.066248790104470018
2.2074736399338657 1.0886055286180605 0.74988577598201522 0.85330401434864001 0.069648596281099664 0.055547802444149641 2.5926256314790659 2.6585557178714727 0.083113911216578601 0.066248806906366212
2.3306799314107853 0.79115922876479228 0.55871247445971606 0.83218010393780062 0.01552727423893659 0.043041427133188113 2.6962883718102155 2.5344267738729331 0.097235073685156867 0.066248469342885488
2.4140077826346946 0.48017601255156656 0.44193748381577724 0.79699920992389528 -0.017693777014275935 0.036873903310378077 2.9202922625105732 2.3325004346791163 0.11566818965248751 0.066249751952585603
2.4560308322833491 0.16097670908736969 0.38766584732041726 0.76106544823647948 -0.01442865411397601 0.035679314484788033 3.2212690756246802 2.120589185121601 0.13445468594320248 0.066244981082736382
0.17496446389358453 2.6694428051907821 1.030619498164598 0.99409175407301709 0.0052605680096271127 0.030161938982665542 1.0243041832205864 4.9112052326340301 0.028914891076898489 0.077851868842985367
0.52189996358445156 2.6237682452209938 1.1040316747744552 0.98045933039487654 0.022758698270418223 0.035121054178844563 1.1134072717730952 4.6471803892561327 0.030576895999797148 0.077857475624476952
0.85990545526783646 2.533199784109748 1.2492498598114516 0.95558200174747665 0.062040752967371861 0.047594480591706644 1.3334456721110699 4.1463284123208437 0.034853593245263249 0.077855968286707627
1.1831977668451066 2.3992877240434947 1.4290535046492518 0.92724486611608525 0.11292932693392731 0.067010679214592042 1.6412078081079831 3.6456914751792211 0.04065145877508855 0.0778563649952176
1.4862452365872596 2.2243231858106269 1.5472366617543318 0.90485868951874393 0.15403279052470353 0.085389222624426983 1.9315873664154601 3.3021483630559194 0.04634721188392929 0.077856345249433523
1.7638626382663765 2.011299861169646 1.5162768357178167 0.89115576949457798 0.17166468116413261 0.093335320882722811 2.1544457782999218 3.0914882807712227 0.052114205901069473 0.07785634615521371
2.0112998611696447 1.7638626382663785 1.328032509856639 0.88378284562560672 0.1623789414438197 0.087613860855299139 2.3090437198927014 2.9567104601495688 0.058895298802232779 0.077856346155213613
2.2243231858106265 1.4862452365872616 1.0547022380192239 0.87821806012920434 0.12916492996464174 0.072706930910726761 2.4127592484944218 2.8573437336219412 0.067482940474388631 0.077856345249433148
2.3992877240434947 1.1831977668451075 0.78603222801242156 0.86889437352570231 0.079149851782195996 0.055972302419510137 2.4923031305829784 2.7633187310688574 0.07840733232174274 0.077856364995217919
2.5331997841097471 0.85990545526783879 0.57927361914985354 0.84954436313931936 0.025464572107218506 0.043005623155408269 2.5984211244750135 2.636308979907751 0.092360865533282821 0.077855968286707863
2.6237682452209929 0.52189996358445456 0.44952542994905448 0.81688329522560843 -0.010900341063684009 0.036118901962975063 2.8122136883616804 2.4358162392400717 0.11063144066442487 0.077857475624476299
2.6694428051907813 0.1749644638935838 0.38774007631277846 0.78277698169235288 -0.012259872035133226 0.034372824544002201 3.1027199179674438 2.2222352029548418 0.12949656638039 0.077851868842990085
0.19008883298648635 2.9001961671000474 1.0171932311809013 0.99676090928708039 0.0027541062765283615 0.029411997433024112 1.0120200149915139 4.9541380995124786 0.028718362507700677 0.091454494286314317
0.56701431139638325 2.8505733830865516 1.0646938557929555 0.98817151107624446 0.013409524254098151 0.032310874554199023 1.062165055287851 4.7945329942485149 0.029596071389347764 0.091461080709653461
0.93423784940691545 2.7521759560039318 1.1741125303384947 0.96970078538637439 0.042466415562151395 0.04073140109276574 1.2141928477082409 4.4043312449441565 0.032533870768926769 0.091459310003110764
1.2854763629521808 2.606688200065717 1.3354894171156615 0.94486480617603519 0.088441283840252141 0.056332944604569807 1.4763524396445862 3.9051603376533786 0.037572130474182293 0.091459776026300454
1.6147200195259528 2.4165992863138732 1.4740764554577082 0.92252818235371925 0.13301469627620935 0.074246521143721933 1.7628856547197873 3.5099879874062454 0.043126885528131258 0.091459752830444635
1.9163353688806677 2.1851616887652976 1.4927474766180227 0.90753553290195954 0.15872058507616771 0.085376565883556049 2.0017985959283084 3.2558607095263317 0.04872566759288658 0.091459753894487988
2.1851616887652958 1.9163353688806692 1.3499907549922785 0.8990311943168775 0.15817673191073797 0.083933873309016471 2.1760782819069844 3.0940507686073984 0.055140938420832952 0.091459753894487628
2.4165992863138719 1.6147200195259548 1.0956482338983109 0.89310996643884821 0.13219328896090801 0.071902080602288587 2.2968802764999681 2.9785968561764817 0.063270586075459864 0.091459752830445148
2.606688200065717 1.2854763629521813 0.82209244205263754 0.88444231604451851 0.086830244743553345 0.056102178874003324 2.3885102916336125 2.8751392244099629 0.073805854176610425 0.091459776026299927
2.7521759560039309 0.93423784940691812 0.6006696042698445 0.86686168040661249 0.034324604286359819 0.042863795774668478 2.4976007440114412 2.744722832547366 0.087498520337071589 0.091459310003110111
2.8505733830865512 0.56701431139638636 0.45743504501020149 0.83667129230917348 -0.004626508707036711 0.035315251382412087 2.7020968562909933 2.5449605549461305 0.10556041642901601 0.091461080709654335
2.9001961671000469 0.19008883298648557 0.38763705471801208 0.80433507428394524 -0.010267948767639971 0.033031763485863945 2.9824592533487544 2.3289230339412121 0.12449054295072547 0.091454494286314317
0.20644217515092739 3.1497000412595524 1.00960316942757 0.99822933174254536 0.0014503493804964751 0.029019518187114228 1.0060221344714053 4.9761907699115993 0.028633814700435065 0.10739303863211518
0.61579455219600554 3.0958082091732413 1.0395601541325243 0.99297325936707115 0.0077657050270019167 0.030698112708171618 1.0335466777756355 4.8837766094830348 0.029075165903292999 0.1074007729268754
1.0146103309161736 2.9889456515098201 1.1184273148117554 0.97998793020027508 0.028033244445398134 0.036174020984043535 1.1320277288809408 4.6072291615425964 0.030927578296989812 0.10739869362440273
1.3960658935278814 2.830941584033392 1.2544085296597181 0.95957796896713254 0.066748019348291832 0.048011288486609419 1.3395915728610155 4.1553940690700184 0.034956566073674637 0.10739924086537564
1.7536343816387345 2.6244993211688636 1.3979213803523498 0.9386072562686113 0.11153626688313679 0.064166682858846594 1.6065523635688059 3.7286476851618664 0.040145210792653915 0.10739921362698036
2.0811976992804433 2.373151147270455 1.455266647927359 0.92314753524141047 0.14343604921507166 0.077021746448099587 1.8524173055684634 3.4320357721115671 0.045550563632801647 0.10739921487646657
2.3731511472704532 2.0811976992804455 1.3590527625451991 0.91390268730985347 0.15114422994235321 0.079309859510400912 2.0424851458560807 3.2407838247216301 0.051617425045548115 0.10739921487646648
2.6244993211688614 1.7536343816387365 1.1307478689910566 0.90781092721607837 0.13266066758287282 0.070382910213363348 2.1785598031370625 3.1079137912097732 0.059259110882165691 0.10739921362698085
2.8309415840333916 1.3960658935278818 0.85760236121371203 0.89987818112961326 0.092587493825237066 0.055903948395512194 2.2815214606078742 2.9945261742427043 0.069317378059165533 0.10739924086537599
2.9889456515098187 1.0146103309161767 0.62312440406545244 0.88408426595726208 0.042029512444340077 0.04261758115030672 2.3937681287301666 2.8603082521046446 0.082638824773967265 0.10739869362440177
3.0958082091732395 0.61579455219600887 0.4661161200286979 0.85634820472566164 0.0011217488192049078 0.034486509126186005 2.5895431766397441 2.6607813633553157 0.10040549085391653 0.1074007729268755
3.1497000412595524 0.20644217515092658 0.38781433494985351 0.82574888344181441 -0.0084367570743035993 0.031686876147475944 2.8597206550761358 2.4416244191135141 0.11934549361969368 0.10739303863211797
0.22412435404411504 3.4194780531833002 1.0053145128125673 0.99903847732385209 0.00076593296217564426 0.028810681694546054 1.0030431724528919 4.9876105374810189 0.028597679943390009 0.12606543058435721
0.66853856840984116 3.3609702795378826 1.0237940598484105 0.9958956368078784 0.0044425508661114031 0.029776086145120926 1.0179420401532759 4.9354485556376053 0.02881177168965127 0.1260745096383756
1.1015137040521126 3.2449547333428934 1.0785632014228388 0.98716761271642739 0.017943978190202124 0.033240034609190908 1.0786583563750209 4.7532502815622539 0.029900443416754494 0.12607206880827282
1.5156416868849818 3.073417306295307 1.1873117253908252 0.97135772099258555 0.048566032004711462 0.04180192311436106 1.2322520498787348 4.3806804576098797 0.032870446445753175 0.12607271119785413
1.9038366202399828 2.8492928570247491 1.3238790715681739 0.95280505238787361 0.090652330790395003 0.055475748508438276 1.466637880637665 3.9515674930432172 0.037455493821447354 0.12607267922352833
2.2594563811794446 2.5764162169972731 1.4075355756307133 0.9377317297276706 0.12648801485317035 0.068732423651154742 1.7091112060684792 3.6189188154978655 0.042591067526748926 0.12607268069025651
2.5764162169972717 2.2594563811794464 1.355474299273022 0.92823339741993238 0.14153524910471579 0.073955101343292085 1.9096109352058941 3.3973910021116653 0.048310366706535025 0.12607268069025837
2.8492928570247464 1.9038366202399852 1.1588828989326811 0.92220764267252542 0.1305732406577419 0.068160300899289678 2.0585432153270071 3.245852895933846 0.055446753562833968 0.1260726792235291
3.073417306295307 1.5156416868849822 0.89205434351004109 0.91511626677199265 0.096309971247743736 0.055349162504470119 2.1716397657888797 3.1220821464590074 0.06494761638368568 0.12607271119785246
3.2449547333428925 1.1015137040521161 0.64692236736259234 0.90113904675559831 0.048467655731079223 0.04226857672978436 2.2868280007256057 2.9838179439440977 0.077772236914819812 0.12607206880827321
3.3609702795378813 0.66853856840984516 0.47616617986612148 0.8758565879530501 0.0063112725859633774 0.033658602065339063 2.474033480022201 2.784270934243553 0.095111736344706876 0.12607450963837799
3.4194780531832998 0.22412435404411402 0.38890430549429339 0.84697835386639941 -0.0067575111139088068 0.030372530329161852 2.7334193666155913 2.5615509807307748 0.11394653487027405 0.12606543058435474
0.24324334802508463 3.7111776348539327 1.0028968628186605 0.99948455650676526 0.00040307420796919434 0.028698298743658007 1.0015391334902808 4.9935817693533409 0.028582312966848052 0.14793713009406861
0.72556844773727003 3.6476788383590013 1.0140452644518183 0.99764561880668634 0.0025119058561074766 0.029248652375459278 1.0095238032728566 4.9646587084683791 0.028683066718774412 0.14794778431696098
1.1954786547490037 3.5217665518527648 1.0508290742055175 0.99200151774318857 0.011180805315954234 0.03139162645330535 1.0455619773713738 4.8510419855332652 0.029286596615684529 0.14794492001547252
1.6449339470342594 3.3355960741078481 1.133911077365622 0.98040297737099547 0.034089934016397122 0.037338183949374527 1.1525034572238722 4.5689445749990547 0.031314291767049481 0.14794567385631446
2.066243963423906 3.0923526227330003 1.2556200039378975 0.96492913408928083 0.071267234507395485 0.048295548157227218 1.3462227253603534 4.1695411850329878 0.035116043895033332 0.14794563633461277
2.4521999727283141 2.7961981606210689 1.353546345575968 0.95104198211844382 0.10860125377539079 0.060897454516435745 1.5746863140603411 3.8140459082922678 0.039859950662198225 0.14794563805581859
2.7961981606210666 2.4521999727283168 1.3402121244801621 0.9418283231391027 0.12966887827879889 0.068124645019135538 1.7790934208098792 3.5638540947747339 0.045212788473125383 0.1479456380558134
3.0923526227329985 2.0662439634239087 1.1791952766924447 0.93616394939879177 0.12596422812925512 0.065281607545586776 1.9376402762500824 3.3929819974965953 0.051828759818625128 0.14794563633461089
3.3355960741078481 1.6449339470342603 0.9249190734711924 0.93004337035129714 0.097880071995910964 0.054417743733523427 2.059229918909987 3.258462161241388 0.060700923921547342 0.14794567385631821
3.5217665518527639 1.1954786547490077 0.67243088866079359 0.91791844082478613 0.053491420609634667 0.041819146414663957 2.1766848424867828 3.1161079351030478 0.072890083405967934 0.14794492001546933
3.6476788383590004 0.72556844773727425 0.48839630489873387 0.89508809892162089 0.010873585159386171 0.032861066462179282 2.3549263444988831 2.9166154098413535 0.08961905011809955 0.14794778431696096
3.7111776348539327 0.24324334802508343 0.39180069518739918 0.86792120293417951 -0.0052310016498018919 0.029128734203180576 2.6021028256401486 2.6902705832748466 0.10815094772649664 0.14793713009407419
0.26391590953757921 4.0265800849649231 1.0015437383701833 0.99972935709985733 0.00020958797788396143 0.028637616004333472 1.0007716295291111 4.9967194563124053 0.028575837877900408 0.17355256816651504
0.78723245001792885 3.9576847060467988 1.0081019269681772 0.9986786683075487 0.0013994645305552059 0.028947020708211459 1.0050032606967569 4.9809532846480824 0.028621846546866711 0.17356506717701928
1.2970789913165826 3.8210714918107289 1.0320138613188012 0.99515721474018259 0.0067917864244086135 0.030245200203087953 1.0257439804516331 4.9130629157767034 0.028939879663104233 0.17356170691933037
1.7847322127633987 3.619078913752527 1.0928545921308972 0.98707011699430802 0.02309435432107514 0.034230252573899202 1.096265548452799 4.7149703062590254 0.030228929627767742 0.17356259128834847
2.2418481712285785 3.3551628920817822 1.195430728943498 0.97490580126527282 0.054065085529386173 0.042589862814585801 1.2469523836433904 4.3719433339844223 0.03317203078269227 0.17356254726973039
2.6606054859262991 3.0338391031006231 1.2970722666465675 0.96285684834527729 0.09051161632166041 0.053803263226579669 1.4518190384338698 4.013154678960035 0.037381676423785891 0.17356254928895942
3.0338391031006213 2.6606054859263013 1.3148990433292933 0.95446199679410237 0.11594190732813202 0.062094086907047825 1.6528212188437994 3.7393531505099573 0.04232538059361534 0.1735625492889597
3.35516289208178 2.2418481712285825 1.1911231257551169 0.94948207423641395 0.11891766127848211 0.061836364629315181 1.8170017128740583 3.5494322631392299 0.048406605640463528 0.1735625472697318
3.619078913752527 1.7847322127633996 0.95564084552714779 0.94449771377302982 0.097185476749233321 0.053101444955903312 1.9448211953195802 3.4042235827909857 0.056584014127759909 0.17356259128834786
3.821071491810728 1.2970789913165859 0.70010228855468393 0.9342653802848413 0.056919475786380548 0.041272320655476161 2.0633145256511627 3.2580823058930992 0.067988082508246103 0.17356170691932871
3.9576847060467966 0.78723245001793341 0.50389867128981392 0.91387048263395054 0.014697693407833921 0.0321274622427484 2.2315224099137176 3.0592163239068366 0.083867929877717726 0.17356506717702216
4.0265800849649249 0.26391590953757799 0.39776546047398303 0.88839814842330511 -0.0038711427655055541 0.028002643182693916 2.4639960171292747 2.8298392833494415 0.10179375382039425 0.17355256816651396
0.28626827807293448 4.3676114466359888 1.0007973425924614 0.99986204722023087 0.00010662399755702114 0.02860505702321223 1.0003793496912381 4.9983622881870815 0.02857315630534122 0.20354852289680422
0.85390713392244666 4.292880970839243 1.0045399954470353 0.99927865740985988 0.00076378086807499745 0.028775369819453448 1.0025862058078865 4.9899463961882518 0.028593465067661566 0.20356318217355709
1.4069351484697259 4.1446972949483447 1.0195591712672079 0.99715932369588767 0.0040172189597914906 0.029543722713712171 1.0141935093408876 4.9508260722163939 0.02875330748510432 0.20355924114579044
1.935890179050866 3.9255969473961603 1.0622975507245584 0.99179067584456815 0.015094104273431896 0.032126135069614162 1.0584743657578708 4.8205894109363827 0.029519828410531648 0.20356027836471219
2.4317215919382851 3.6393285476929371 1.144428114370746 0.98278585190971923 0.039469099671226728 0.038218163257876851 1.1688245821790872 4.5488768279508891 0.031640685625427073 0.20356022673813801
2.8859455741870437 3.2907902275261893 1.2413767371599267 0.9729942386409719 0.072942128599679662 0.047630793549185882 1.3429265448258538 4.2098933578635176 0.035190284131108293 0.20356022910635849
3.2907902275261862 2.8859455741870468 1.2816870343586675 0.96588942602512895 0.10082977526439889 0.056132502851992505 1.5328528299644562 3.9219380100211652 0.039656978305422981 0.20356022910635818
3.6393285476929349 2.4317215919382882 1.1945000871840936 0.96192391874164651 0.10958062923836209 0.057947447624213735 1.697915878338093 3.7149460502475349 0.045182853127890901 0.2035602267381395
3.9255969473961612 1.9358901790508669 0.98363717308074083 0.95825804414711102 0.094137543225142908 0.051405605267987244 1.8291258522132345 3.5597235233435565 0.052606761940332834 0.20356027836471222
4.144697294948342 1.4069351484697297 0.73043352785660065 0.94995498998293149 0.058548758284820278 0.040630319942336714 1.9468728395495083 3.4105745186152308 0.063072095857170496 0.20355924114579302
4.2928809708392413 0.85390713392245166 0.52408611492684543 0.93195078682456545 0.01762820131794799 0.031493830808380925 2.1032499158719014 3.2136251894392349 0.077814722825124999 0.20356318217355526
4.3676114466359905 0.2862682780729332 0.40853483812601743 0.90813792631131363 -0.0027086405455544298 0.027048455377664853 2.3172954883390142 2.9828611736926298 0.094715647660362806 0.20354852289681324
0.31043695106676544 4.7363542690278049 1.0003953427003083 0.99993239463976091 5.2519590378482859e-05 0.028587891622666277 1.0001807915619592 4.9992100903786874 0.028572076305849743 0.23866975931088244
0.92599965645340354 4.6553145491738288 1.0024531841116595 0.99961973361197753 0.00040511583048099658 0.02867889219744918 1.0013048407247369 4.9948414019770055 0.028580684905604382 0.23868694796940185
1.5257179760879107 4.4946202212828563 1.0115319844200392 0.99839286412754635 0.002304854732542814 0.029121012565582298 1.0076156309616144 4.9730769775763921 0.028657282456502613 0.23868232693784588
2.0993309102573074 4.2570219643972669 1.040287008938896 0.99500027567878724 0.0095015754653786748 0.030738374964824403 1.0341791384382752 4.8923229680285942 0.029084825263277648 0.238683543123484
2.637023710507711 3.9465848814313738 1.1028294025293295 0.98873411948630718 0.027636730524365855 0.034984710261563814 1.1102939902160933 4.6935356426581203 0.030504689632852619 0.23868348258900804
3.1295963039502279 3.5686206369441411 1.1891031412237743 0.9813371830157267 0.056569338643612889 0.042464362816276538 1.2498938447600738 4.3961456265222578 0.033320942326583364 0.23868348536586009
3.5686206369441393 3.1295963039502319 1.2430450811846638 0.97586117112040915 0.08489646710840508 0.050482500957910216 1.4214187066952066 4.1080365085840658 0.037227102158389848 0.2386834853658549
3.9465848814313711 2.6370237105077141 1.1895680377126918 0.97320181254703142 0.098190178160522529 0.053766252602836663 1.5819346010092823 3.8884627715918416 0.042166229359257769 0.23868348258900879
4.2570219643972651 2.0993309102573092 1.0082725877881966 0.97103119154510176 0.088698698882498136 0.049350644897496597 1.713100792889485 3.7249123709836067 0.048784705563320818 0.23868354312348505
4.4946202212828554 1.5257179760879152 0.76383952975145919 0.96467386121479304 0.058183155858953575 0.039891478729142997 1.8278731325939217 3.5740941264726778 0.058167065370548235 0.23868232693784219
4.6553145491738279 0.92599965645340876 0.55063964321458658 0.94897788952051132 0.019477564260525389 0.030993598634783452 1.9700287918597088 3.3812810367004902 0.071459099558878969 0.23868694796940376
4.7363542690278058 0.31043695106676428 0.42636468939199551 0.92676713005143818 -0.0017913962637445629 0.026323744742643186 2.1608990799251893 3.1522757081744963 0.086826830632216551 0.23866975931088108
0.33656951743702845 5.1350603246797517 1.0001862447127918 0.99996846919825655 2.4803861435179428e-05 0.028579108555714543 1.0000825383087901 4.9996360183965542 0.028571658429780364 0.27978731602780427
1.0039502592986962 5.0471986854297954 1.0012673904866509 0.9998080523775118 0.00020687899772580488 0.028625848090379147 1.0006364849438261 4.9974502183416636 0.028575133049245929 0.27980746591461841
1.6541528358409474 4.872977117387463 1.0065182619353354 0.99912828249413244 0.0012749714597520797 0.028871437632393561 1.0039562661524655 4.9857926513838651 0.028610015112528017 0.27980204878083043
2.2760524769294537 4.6153778516136441 1.0249825485202242 0.99709191051988744 0.0057414981601599125 0.029847352826065116 1.0191952529508816 4.9383708533012376 0.028833858301894378 0.27980347448853821
2.8590082290967311 4.2788081911742255 1.0702080034383983 0.99300426259353369 0.018488534110585788 0.032676719158702641 1.0686569019037413 4.8037149913450872 0.029715495286241279 0.27980340352530653
3.3930455577973286 3.869026936274067 1.1422479426275298 0.98786126950781239 0.041980081283021886 0.0383073540737425 1.1737884054150498 4.5631300717881613 0.031799304220912893 0.27980340678054455
3.8690269362740635 3.3930455577973322 1.2015872372311094 0.98415497850018807 0.06880232864359323 0.045346773412291687 1.3208671152431803 4.2920289008984023 0.035066220661254345 0.27980340678054805
4.2788081911742228 2.8590082290967347 1.1769896149750909 0.98298949910357292 0.085113120799754374 0.049466352276344362 1.4709750246018349 4.0675991018010524 0.039375692312524413 0.27980340352530891
4.6153778516136432 2.2760524769294559 1.0287499887068314 0.98242428794198733 0.080948452092417397 0.046979474582046599 1.5983296492692807 3.8985687037254841 0.045151727860194932 0.27980347448853371
4.8729771173874621 1.6541528358409523 0.80039995570325417 0.97800712284935221 0.05568817398265985 0.0390466128729463 1.7074356880860182 3.7483725079598544 0.053327777996621119 0.27980204878083009
5.0471986854297937 1.003950259298702 0.58526529698447149 0.96449588794069907 0.020064534820589026 0.03064766161604059 1.8327896100378853 3.5629360872601841 0.06487889744862281 0.27980746591461825
5.1350603246797508 0.33656951743702695 0.45389562670685346 0.94381764112749833 -0.0011752585835281481 0.025879777548471788 1.9955958153021851 3.3405820186879231 0.078202770896760504 0.27978731602781842
0.36482555885355511 5.5661643602306281 1.0000824691407506 0.99998614930892382 1.115929941337451e-05 0.028574803945201791 1.0000356649441104 4.9998415854760356 0.028571505116325613 0.32791986951511642
1.0882349572205281 5.4709264673719797 1.0006201697228003 0.99990807744892851 0.00010068609061664253 0.028597638695040655 1.0002969993568256 4.9987981451438355 0.028572827614773609 0.32794348584035882
1.7930240306975405 5.2820784653027557 1.0035046374319314 0.99954997767700715 0.00067464011059546628 0.028728204313632051 1.0019755887612545 4.9928215764494102 0.028587840046086346 0.32793713678268899
2.4671340506383381 5.0028529525116783 1.0147599917542445 0.99839348148624152 0.003313609641132247 0.029292451097771535 1.0103234219622568 4.9664254676065323 0.028697696798567845 0.32793880775867629
3.099030722953926 4.6380272386502464 1.0457008816907429 0.99590336743058938 0.011761763166777739 0.031090004800538154 1.0405940990606874 4.8817643442419216 0.029204536984490912 0.32793872458745066
3.6779021203861304 4.1938435928314215 1.1021677073102669 0.99265554132103895 0.02961787590439599 0.035100028135880812 1.1146225527300107 4.7032481257620127 0.030630967130483501 0.3279387284026874
4.1938435928314179 3.6779021203861335 1.1599472323783295 0.99062489360684469 0.053283741044034778 0.040876874182545854 1.2334100680986135 4.4663507840584558 0.033209638799442158 0.32793872840268817
4.6380272386502419 3.09903072295393 1.157865731086243 0.99096642828681558 0.070891705757395382 0.045235977216860714 1.3673944727884522 4.24805852775732 0.03684363710307767 0.32793872458745266
5.0028529525116783 2.4671340506383399 1.0441656926353444 0.99200932572788225 0.071134439000408792 0.044357262146274959 1.4868369880666465 4.0781930609562576 0.04175298646352435 0.32793880775867806
5.282078465302753 1.7930240306975453 0.83950002035835758 0.98945820477355251 0.051067534666778679 0.038076955566928708 1.5874847065120186 3.9317902554576838 0.048644441531939912 0.32793713678268821
5.4709264673719789 1.0882349572205345 0.6291616122104976 0.97796989990572492 0.019285051419973349 0.030450874609768974 1.6939695453956995 3.7577433608597151 0.058254927709848407 0.32794348584035721
5.5661643602306299 0.36482555885355356 0.49367335101077187 0.95877531077953693 -0.00089921887560775213 0.025744812813012892 1.8252321006576355 3.5483625591819727 0.069163056969619649 0.32791986951512836
0.395377624242778 6.032298964492802 1.0000339439228836 0.9999943288696771 4.7996667976476504e-06 0.02857281025786728 1.0000144135573479 4.9999356084669708 0.028571452490597796 0.38425908421809846
1.1793684448969934 5.9290854398300317 1.0002845701691194 0.999958637680609 4.6239993055337976e-05 0.0285833058590374 1.0001310965347681 4.9994654955476756 0.028571922207792994 0.38428675801388806
1.9431795943660084 5.7244224917740887 1.0017768166433638 0.99978068378230389 0.00033836099877753003 0.028649099543300589 1.0009399961127292 4.9965558826082086 0.028577985313940974 0.3842793181381377
2.673742494070718 5.4218134305497836 1.0082459995028621 0.99916259486833281 0.0018144066994303452 0.02895940644495551 1.005289606904519 4.9826604321416594 0.028628365007762679 0.38428127620094987
3.3585569184004065 5.0264356383181008 1.0281659221076991 0.99775306493196358 0.0070762329529126785 0.030043453711783779 1.0227151631777875 4.9331764445714859 0.028897572965148468 0.38428117874025897
3.9859055026883676 4.545054138723553 1.069586053511923 0.99592477052947026 0.019726943549827639 0.032737021341216803 1.0712515762249155 4.8121148161601965 0.02979457106141932 0.38428118321098304
4.5450541387235504 3.9859055026883716 1.1206126059928081 0.99525481041564823 0.039099681681455327 0.037166296828943714 1.1608118458449206 4.6223013946563718 0.031689222657474411 0.38428118321099075
5.0264356383180955 3.3585569184004109 1.1338069428609279 0.99689402529304594 0.056264113040523832 0.04126681764216892 1.2738840814525803 4.4232821720717981 0.034613556272706958 0.38428117874025275
5.4218134305497836 2.6737424940707197 1.0536092612454229 0.99938113092668712 0.059735781710575489 0.041580260702496728 1.3812607544191362 4.2592952985361903 0.038648780657020945 0.38428127620094982
5.7244224917740869 1.9431795943660135 0.87940338395565376 0.99850480941137554 0.044560901480193919 0.036961652039914521 1.4710630452797699 4.1203733365957493 0.044247423675006718 0.38427931813813682
5.9290854398300299 1.1793684448969997 0.68213726113245554 0.98885931282317985 0.017201843574095724 0.030360567259211161 1.5577801030636256 3.9620243149911345 0.051866793425239116 0.38428675801389289
6.0322989644928038 0.3953776242427765 0.54711363615866671 0.97116797184350423 -0.00094982637968709911 0.025903005226889438 1.6570692486286287 3.7721958612435551 0.060261730420924628 0.38425908421808896
0.42841228347856891 6.5363106446734474 1.0000128343734778 0.99999785717760714 2.0346049990007475e-06 0.028571949242002501 1.0000053879716198 4.9999758134130943 0.028571435865614562 0.45019239168178121
1.2779072399672318 6.4244734058531296 1.0001212027723652 0.9999826821373512 1.9881073241606175e-05 0.028576438055227624 1.0000541215449157 4.9997781130081398 0.028571589799456509 0.45022481390114089
2.1055364699144499 6.2027104239746622 1.0008415572946616 0.99989997584537704 0.00015927714146698866 0.028607540187326554 1.0004219930732647 4.9984453965905091 0.028573869354577598 0.45021609745019814
2.8971394866168718 5.8748177184410642 1.0043201179326506 0.99959111225555275 0.00093511522032377825 0.02876845839308827 1.0025648443323436 4.9915605570534556 0.028595359633250165 0.45021839148829151
3.6391716434644592 5.446405252937752 1.0163086984953487 0.99885414338473255 0.0040006145306529413 0.029385183414299954 1.0119773843688249 4.9646674057213023 0.028727147616548942 0.45021827730475256
4.3189365645233719 4.9248032835278588 1.0445925210489542 0.99796373308195208 0.012313802420671075 0.031084066429985392 1.0414992468147608 4.8897689773758746 0.029242341962427573 0.45021828254260848
4.9248032835278561 4.3189365645233764 1.085747885370826 0.99819759673662967 0.026932602654392273 0.034246991804484352 1.1039807012675091 4.7518618512733681 0.030521216587288888 0.45021828254259566
5.4464052529377494 3.6391716434644628 1.1069563053444977 1.0007083937057866 0.042129284894358701 0.037736765351264349 1.1931697570381474 4.5847003041371499 0.032732712925092194 0.45021827730474956
5.8748177184410642 2.8971394866168731 1.0564874946787124 1.0042727672536969 0.047490864385423055 0.038780934565419568 1.2847598435316681 4.4350218387538529 0.035909401400326217 0.45021839148830045
6.2027104239746613 2.1055364699144565 0.9173399061712656 1.0047656979429367 0.036679977190143723 0.035692805715985515 1.3618160404190243 4.3078917179324341 0.040275253882519166 0.4502160974501932
6.4244734058531279 1.2779072399672389 0.74176707661013264 0.99677569629799245 0.01410501187040613 0.030299051550253805 1.4296493287158862 4.1686569701492102 0.046031429228489101 0.45022481390114771
6.5363106446734474 0.42841228347856725 0.61319083399746321 0.98072390738813475 -0.0012362576577182442 0.02628147732153973 1.5001067437457791 4.0036493126745407 0.052121374231306569 0.45019239168178327
0.46413126547390288 7.0812771903039753 1.0000043975738051 0.99999925686781188 9.2669385832705945e-07 0.028571607295721561 1.0000018567124582 4.9999916399304292 0.028571431392597279 0.52737871972032091
1.3844530778350663 6.960115493540024 1.0000474825690402 0.99999330460255276 7.9858074971419664e-06 0.028573376674407663 1.0000206989964948 4.9999147741912457 0.028571477350366831 0.52741670078986791
2.2810861031993133 6.7198629672147172 1.0003690902989004 0.99995761494755531 6.9657144833240874e-05 0.028587034078185518 1.0001770360389119 4.9993455716448727 0.028572268942214912 0.52740648988709449
3.1386892207192454 6.3646321248045137 1.0021051542458075 0.999814051980082 0.00044950851824451999 0.02866502210148875 1.0011681590919483 4.996153463172428 0.028580753000504115 0.52740917724231795
3.9425884954636135 5.9005006621295095 1.0088033024433278 0.99945945117385393 0.0021100657473420745 0.028993674540745123 1.005923162024605 4.9825738804940194 0.028640076004931011 0.52740904348178508
4.6790289879585583 5.3354099971976225 1.0266728358070965 0.99910279061611895 0.0071512210732583691 0.02999458666585508 1.0225365818422882 4.940283521062482 0.028909327006076718 0.52740904961767776
5.3354099971976172 4.6790289879585627 1.0569774222907191 0.99976038691531866 0.017250483704199324 0.032089213348968609 1.0625794291745754 4.8500907733642009 0.029693888667035023 0.52740904961767165
5.900500662129506 3.9425884954636183 1.0798859009118034 1.0025761735183101 0.029438788053824549 0.034789538392669829 1.1275578664650878 4.7228603726207057 0.031240620187680899 0.52740904348180195
6.3646321248045137 3.1386892207192472 1.0529732226992128 1.0066624970309954 0.035366551903903906 0.036126294108906658 1.2008095412298263 4.5960493804969005 0.033607728125738069 0.52740917724232017
6.7198629672147172 2.2810861031993195 0.94989428641085372 1.0081182742504882 0.028207066693743121 0.034304258615303812 1.2639817582276234 4.4851918166585856 0.036864016534626246 0.52740648988709249
6.9601154935400222 1.3844530778350743 0.8031500025428131 1.0016534546371452 0.010493513804864844 0.03018083381585332 1.3152327449357928 4.3672697916299752 0.04102191240289603 0.52741670078986325
7.0812771903039735 0.46413126547390093 0.68745485934700168 0.987506954044989 -0.0016040046234717924 0.026764394699272491 1.3626404712235158 4.2298025806197002 0.045228852065271295 0.52737871972033334
0.50275269769643449 7.6705265845998625 1.0000014490226694 0.99999973933477193 5.1356867350875913e-07 0.028571489404077381 1.0000006790632332 4.9999969963781954 0.028571431443147985 0.61760732476794111
1.4996566090091326 7.539282743822719 1.0000173804419858 0.9999974513646791 3.0923357628881974e-06 0.028572140177091615 1.0000075245695945 4.9999684429378872 0.028571444956596855 0.61765180397403696
2.4709005347664634 7.2790382511033993 1.000151552299269 0.99998219129788946 2.818418978208901e-05 0.028577778711686354 1.0000706908403398 4.9997342412513284 0.028571716374910325 0.61763984609989564
3.3998667841006429 6.8942478316423159 1.000957826827396 0.99991500846512149 0.00020078413388923498 0.028613286307403243 1.0005067075362792 4.9983089604464919 0.028574961158298655 0.61764299323158889
4.2706603701377004 6.3914949203352212 1.0044274672168614 0.99973738307747684 0.0010377406787839467 0.028777835498259297 1.002784446114876 4.9917448144804233 0.028600400389115661 0.61764283658613661
5.0683817731909562 5.7793817588840168 1.0148285485012682 0.99957563276341421 0.0038714095712902639 0.029330436930239442 1.0115652471450254 4.9692628757730608 0.028732193741041724 0.61764284377176548
5.7793817588840124 5.0683817731909606 1.0350880137683005 1.0001715799249205 0.010295613724392754 0.030621942520240523 1.0354365743015306 4.9147991182522057 0.029178606394428642 0.61764284377181078
6.391494920335214 4.2706603701377066 1.0549354550660734 1.002622824974414 0.019231183425382794 0.03253760688598354 1.0795127174256478 4.8258474011953609 0.030190434514864174 0.61764283658614372
6.8942478316423168 3.3998667841006442 1.0433905453641159 1.0065430057576634 0.024751669017716551 0.033831721072528471 1.1348677075419216 4.7256438835029355 0.031878540932260648 0.61764299323156835
7.2790382511033966 2.4709005347664688 0.97200999003451327 1.0085756403217916 0.020405743584320232 0.032914694533896234 1.1851877236664452 4.6331224259688035 0.034249229766626102 0.61763984609989098
7.5392827438227155 1.4996566090091419 0.85655305743821686 1.00371145672068 0.0071394672217051577 0.029961453532952535 1.2242684366599108 4.5357754438172639 0.037214046947630579 0.61765180397402963
7.670526584599866 0.50275269769643249 0.75844648510454438 0.99186446204909995 -0.0018732491428502733 0.027232303033109834 1.2566880114437218 4.4239414714988827 0.040104162460683102 0.61760732476800706
