case(schema=1,name=case01-clustered-256x256,mesh=grids/clustered_256x256_x0p5_y0p5.cgns,profile=phenglei_wcns,reconstruction=weno_z;variables=characteristic;epsilon=9.9999999999999995e-07;js_power=2;z_power=2;mdcd_dispersion=0.046378299999999997;mdcd_dissipation=0.01;mdcd_sensor_epsilon=5.6249999999999998e-05;mdcd_sensor_threshold=0.40000000000000002;mdcd_weight_bias=20;mdcd_weight_epsilon=9.9999999999999993e-41,riemann_solver=hllc;roe_entropy_fix=0.10000000000000001;riemann_denominator_tolerance=9.9999999999999998e-13,gas_model=calorically_perfect gamma=1.3999999999999999 molar_mass=8.3140000000000001 specific_gas_constant=1,U_ref=1 rho_ref=1 T_ref=1 L_ref=1 mu_ref=1 Re=1 Ma=0.84515425472851657 dynamic_pressure_ref=1 time_ref=1,partition(mode=auto_split,allow_idle=false,max_load_ratio=1.2,min_cells=8),initial(type=quadrant_riemann,ne_p=1.5,ne_rho=1.5,ne_u=0,ne_v=0,nw_p=0.29999999999999999,nw_rho=0.5323,nw_u=1.206,nw_v=0,se_p=0.29999999999999999,se_rho=0.5323,se_u=0,se_v=1.206,sw_p=0.029000000000000001,sw_rho=0.13800000000000001,sw_u=1.206,sw_v=1.206,x0=0.80000000000000004,y0=0.80000000000000004),boundary.default=outflow,enable_source_terms=false;models=,run(mode=unsteady,viscous=false,cfl=0.40000000000000002,max_steps=1000000,t_end=0.29999999999999999,max_wall_time=0,steady(min_steps=1,check_interval=1,consecutive=1,reference_floor=1.0000000000000001e-30,l2_abs=9.9999999999999998e-13,l2_rel=1e-08,linf_enabled=true,linf_abs=9.9999999999999994e-12,linf_rel=1e-08)),output(directory=results/clustered,allow_existing=false,dimensional=false,field(enabled=true,format=cgns,schedule(every_steps=0,every_time=0,explicit_times=,initial=true,final=true),quantities=rho:u:v:p:T:rho_u:rho_v:rho_w:rho_E:sound_speed:mach:total_enthalpy:entropy_proxy:jacobian),history(enabled=true,format=txt,schedule(every_steps=100,every_time=0,explicit_times=,initial=true,final=true),quantities=),statistics(enabled=true,format=txt,schedule(every_steps=100,every_time=0,explicit_times=,initial=true,final=true),quantities=total_mass:total_momentum_x:total_momentum_y:total_energy),checkpoint(enabled=false,schedule(every_steps=0,every_time=0,explicit_times=,initial=false,final=true))),restart.path=<none>,digest=0x7bbc13514452865f)
partition_plan(maximum_feasible=1024;leaf=0,zone=0,range=[0,0,0:64,256,1),owner=0,generation=0;leaf=1,zone=1,range=[0,0,0:64,256,1),owner=1,generation=0;leaf=2,zone=2,range=[0,0,0:64,256,1),owner=2,generation=0;leaf=3,zone=3,range=[0,0,0:64,256,1),owner=3,generation=0)
mesh_signature=1192861213358331032
derived Re=1 Ma=0.84515425472851657
step=1 time=0.00018464696405273216 dt=0.00018464696405273216 residual=8.6127288347959396 checked=false stop=running
step=2 time=0.00036929392810546431 dt=0.00018464696405273216 residual=8.7511329570796725 checked=false stop=running
step=3 time=0.00055394089215819644 dt=0.00018464696405273216 residual=8.8491431902228754 checked=false stop=running
step=4 time=0.00073858785621092862 dt=0.00018464696405273216 residual=8.9169758466101907 checked=false stop=running
step=5 time=0.0009232348202636608 dt=0.00018464696405273216 residual=8.9644480194090956 checked=false stop=running
step=6 time=0.0011078817843163929 dt=0.00018464696405273216 residual=8.9926634030476631 checked=false stop=running
step=7 time=0.001292528748369125 dt=0.00018464696405273216 residual=9.0115002741908761 checked=false stop=running
step=8 time=0.001477175712421857 dt=0.00018464696405273216 residual=9.0195583130849286 checked=false stop=running
step=9 time=0.0016618226764745891 dt=0.00018464696405273216 residual=9.0059102489126737 checked=false stop=running
step=10 time=0.0018464696405273212 dt=0.00018464696405273216 residual=8.9852168514664381 checked=false stop=running
step=11 time=0.0020311166045800535 dt=0.00018464696405273216 residual=8.9574673959058337 checked=false stop=running
step=12 time=0.0022157635686327858 dt=0.00018464696405273216 residual=8.9246301919485589 checked=false stop=running
step=13 time=0.002400410532685518 dt=0.00018464696405273216 residual=8.8876988013691172 checked=false stop=running
step=14 time=0.0025850574967382503 dt=0.00018464696405273216 residual=8.8490401003959906 checked=false stop=running
step=15 time=0.0027697044607909826 dt=0.00018464696405273216 residual=8.8107588534754129 checked=false stop=running
step=16 time=0.0029543514248437149 dt=0.00018464696405273216 residual=8.7735784442480007 checked=false stop=running
step=17 time=0.0031389983888964472 dt=0.00018464696405273216 residual=8.7370093500008252 checked=false stop=running
step=18 time=0.0033236453529491795 dt=0.00018464696405273216 residual=8.7010151388720764 checked=false stop=running
step=19 time=0.0035082923170019118 dt=0.00018464696405273216 residual=8.6677132846906595 checked=false stop=running
step=20 time=0.0036929392810546441 dt=0.00018464696405273216 residual=8.6363984260715441 checked=false stop=running
step=21 time=0.0038775862451073764 dt=0.00018464696405273216 residual=8.6042678222844664 checked=false stop=running
step=22 time=0.0040622332091601087 dt=0.00018464696405273216 residual=8.5621925524845235 checked=false stop=running
step=23 time=0.0042468801732128405 dt=0.00018464696405273216 residual=8.4497876065741426 checked=false stop=running
step=24 time=0.0044315271372655724 dt=0.00018464696405273216 residual=8.3191510482598154 checked=false stop=running
step=25 time=0.0046161741013183042 dt=0.00018464696405273216 residual=8.1904824562281622 checked=false stop=running
step=26 time=0.0048008210653710361 dt=0.00018464696405273216 residual=8.0655950889012793 checked=false stop=running
step=27 time=0.004985468029423768 dt=0.00018464696405273216 residual=7.9430370281565166 checked=false stop=running
step=28 time=0.0051701149934764998 dt=0.00018464696405273216 residual=7.8208851536199377 checked=false stop=running
step=29 time=0.0053547619575292317 dt=0.00018464696405273216 residual=7.698584494818081 checked=false stop=running
step=30 time=0.0055394089215819635 dt=0.00018464696405273216 residual=7.5763315720582982 checked=false stop=running
step=31 time=0.0057240558856346954 dt=0.00018464696405273216 residual=7.4532791268127507 checked=false stop=running
step=32 time=0.0059087028496874272 dt=0.00018464696405273216 residual=7.3274813993568211 checked=false stop=running
step=33 time=0.0060933498137401591 dt=0.00018464696405273216 residual=7.1969348780621258 checked=false stop=running
step=34 time=0.006277996777792891 dt=0.00018464696405273216 residual=7.0583593824319912 checked=false stop=running
step=35 time=0.0064626437418456228 dt=0.00018464696405273216 residual=6.9130733767326547 checked=false stop=running
step=36 time=0.0066472907058983547 dt=0.00018464696405273216 residual=6.7635521982730094 checked=false stop=running
step=37 time=0.0068319376699510865 dt=0.00018464696405273216 residual=6.6179814909909096 checked=false stop=running
step=38 time=0.0070165846340038184 dt=0.00018464696405273216 residual=6.488206612424035 checked=false stop=running
step=39 time=0.0072012315980565502 dt=0.00018464696405273216 residual=6.3862238144842243 checked=false stop=running
step=40 time=0.0073858785621092821 dt=0.00018464696405273216 residual=6.3199027431239623 checked=false stop=running
step=41 time=0.007570525526162014 dt=0.00018464696405273216 residual=6.2895063083073337 checked=false stop=running
step=42 time=0.0077551724902147458 dt=0.00018464696405273216 residual=6.2889390719662543 checked=false stop=running
step=43 time=0.0079398194542674785 dt=0.00018464696405273216 residual=6.3126208761548686 checked=false stop=running
step=44 time=0.0081244664183202104 dt=0.00018464696405273216 residual=6.3556272621678263 checked=false stop=running
step=45 time=0.0083091133823729423 dt=0.00018464696405273216 residual=6.4145002073267774 checked=false stop=running
step=46 time=0.0084937603464256741 dt=0.00018464696405273216 residual=6.4852101770483701 checked=false stop=running
step=47 time=0.008678407310478406 dt=0.00018464696405273216 residual=6.5627607563937955 checked=false stop=running
step=48 time=0.0088630542745311378 dt=0.00018464696405273216 residual=6.64394177485058 checked=false stop=running
step=49 time=0.0090477012385838697 dt=0.00018464696405273216 residual=6.7209078731172367 checked=false stop=running
step=50 time=0.0092323482026366015 dt=0.00018464696405273216 residual=6.7688531916581827 checked=false stop=running
step=51 time=0.0094169951666893334 dt=0.00018464696405273216 residual=6.8095864887234088 checked=false stop=running
step=52 time=0.0096016421307420653 dt=0.00018464696405273216 residual=6.8417515895275827 checked=false stop=running
step=53 time=0.0097862890947947971 dt=0.00018464696405273216 residual=6.8647705748190333 checked=false stop=running
step=54 time=0.009970936058847529 dt=0.00018464696405273216 residual=6.877690238837741 checked=false stop=running
step=55 time=0.010155583022900261 dt=0.00018464696405273216 residual=6.8758447894936987 checked=false stop=running
step=56 time=0.010340229986952993 dt=0.00018464696405273216 residual=6.8838069026248441 checked=false stop=running
step=57 time=0.010524876951005725 dt=0.00018464696405273216 residual=6.9028843417311467 checked=false stop=running
step=58 time=0.010709523915058456 dt=0.00018464696405273216 residual=6.9209130255568265 checked=false stop=running
step=59 time=0.010894170879111188 dt=0.00018464696405273216 residual=6.9386478675203573 checked=false stop=running
step=60 time=0.01107881784316392 dt=0.00018464696405273216 residual=6.9612601592145857 checked=false stop=running
step=61 time=0.011263464807216652 dt=0.00018464696405273216 residual=6.9884219746345666 checked=false stop=running
step=62 time=0.011448111771269384 dt=0.00018464696405273216 residual=7.0197135406512992 checked=false stop=running
step=63 time=0.011632758735322116 dt=0.00018464696405273216 residual=7.0548653863376698 checked=false stop=running
step=64 time=0.011817405699374848 dt=0.00018464696405273216 residual=7.0934269502307856 checked=false stop=running
step=65 time=0.012002052663427579 dt=0.00018464696405273216 residual=7.1331773157065506 checked=false stop=running
step=66 time=0.012186699627480311 dt=0.00018464696405273216 residual=7.1725200677783016 checked=false stop=running
step=67 time=0.012371346591533043 dt=0.00018464696405273216 residual=7.2120948275822094 checked=false stop=running
step=68 time=0.012555993555585775 dt=0.00018464696405273216 residual=7.1868235564844314 checked=false stop=running
step=69 time=0.012740640519638507 dt=0.00018464696405273216 residual=7.147433521991732 checked=false stop=running
step=70 time=0.012925287483691239 dt=0.00018464696405273216 residual=7.1056397989740043 checked=false stop=running
step=71 time=0.013109934447743971 dt=0.00018464696405273216 residual=7.0632306915263277 checked=false stop=running
step=72 time=0.013294581411796702 dt=0.00018464696405273216 residual=7.0199571496694766 checked=false stop=running
step=73 time=0.013479228375849434 dt=0.00018464696405273216 residual=6.9731392738573872 checked=false stop=running
step=74 time=0.013663875339902166 dt=0.00018464696405273216 residual=6.9232031028717467 checked=false stop=running
step=75 time=0.013848522303954898 dt=0.00018464696405273216 residual=6.8697211656488397 checked=false stop=running
step=76 time=0.01403316926800763 dt=0.00018464696405273216 residual=6.8111652638876929 checked=false stop=running
step=77 time=0.014217816232060362 dt=0.00018464696405273216 residual=6.7441797414471756 checked=false stop=running
step=78 time=0.014402463196113094 dt=0.00018464696405273216 residual=6.6651821185131963 checked=false stop=running
step=79 time=0.014587110160165825 dt=0.00018464696405273216 residual=6.5736952180260362 checked=false stop=running
step=80 time=0.014771757124218557 dt=0.00018464696405273216 residual=6.4673209249617125 checked=false stop=running
step=81 time=0.014956404088271289 dt=0.00018464696405273216 residual=6.3491709745028686 checked=false stop=running
step=82 time=0.015141051052324021 dt=0.00018464696405273216 residual=6.2296336192637964 checked=false stop=running
step=83 time=0.015325698016376753 dt=0.00018464696405273216 residual=6.1257546278654109 checked=false stop=running
step=84 time=0.015510344980429485 dt=0.00018464696405273216 residual=6.0419838062676163 checked=false stop=running
step=85 time=0.015694991944482217 dt=0.00018464696405273216 residual=5.9807131182074178 checked=false stop=running
step=86 time=0.01587963890853495 dt=0.00018464696405273216 residual=5.9411876990322936 checked=false stop=running
step=87 time=0.016064285872587684 dt=0.00018464696405273216 residual=5.9298722998344395 checked=false stop=running
step=88 time=0.016248932836640417 dt=0.00018464696405273216 residual=5.9608664644600484 checked=false stop=running
step=89 time=0.016433579800693151 dt=0.00018464696405273216 residual=6.0139486654106804 checked=false stop=running
step=90 time=0.016618226764745885 dt=0.00018464696405273216 residual=6.0826187166931929 checked=false stop=running
step=91 time=0.016802873728798618 dt=0.00018464696405273216 residual=6.1652751673199795 checked=false stop=running
step=92 time=0.016987520692851352 dt=0.00018464696405273216 residual=6.2589992573448461 checked=false stop=running
step=93 time=0.017172167656904085 dt=0.00018464696405273216 residual=6.359143720585732 checked=false stop=running
step=94 time=0.017356814620956819 dt=0.00018464696405273216 residual=6.4614558107055666 checked=false stop=running
step=95 time=0.017541461585009552 dt=0.00018464696405273216 residual=6.5626023531169704 checked=false stop=running
step=96 time=0.017726108549062286 dt=0.00018464696405273216 residual=6.6596512221373425 checked=false stop=running
step=97 time=0.01791075551311502 dt=0.00018464696405273216 residual=6.7489606184979483 checked=false stop=running
step=98 time=0.018095402477167753 dt=0.00018464696405273216 residual=6.8295331637542862 checked=false stop=running
step=99 time=0.018280049441220487 dt=0.00018464696405273216 residual=6.9030963587433529 checked=false stop=running
step=100 time=0.01846469640527322 dt=0.00018464696405273216 residual=6.9712198221035946 checked=false stop=running
step=101 time=0.018649343369325954 dt=0.00018464696405273216 residual=7.0368091708064062 checked=false stop=running
step=102 time=0.018833990333378688 dt=0.00018464696405273216 residual=7.1002809277855121 checked=false stop=running
step=103 time=0.019018637297431421 dt=0.00018464696405273216 residual=7.160311126367362 checked=false stop=running
step=104 time=0.019203284261484155 dt=0.00018464696405273216 residual=7.2171078342715838 checked=false stop=running
step=105 time=0.019387931225536888 dt=0.00018464696405273216 residual=7.2706910142135506 checked=false stop=running
step=106 time=0.019572578189589622 dt=0.00018464696405273216 residual=7.3209085965635863 checked=false stop=running
step=107 time=0.019757225153642356 dt=0.00018464696405273216 residual=7.368256070605443 checked=false stop=running
step=108 time=0.019941872117695089 dt=0.00018464696405273216 residual=7.4127069059458401 checked=false stop=running
step=109 time=0.020126519081747823 dt=0.00018464696405273216 residual=7.453844364859787 checked=false stop=running
step=110 time=0.020311166045800556 dt=0.00018464696405273216 residual=7.4903977010814904 checked=false stop=running
step=111 time=0.02049581300985329 dt=0.00018464696405273216 residual=7.5222031228674071 checked=false stop=running
step=112 time=0.020680459973906024 dt=0.00018464696405273216 residual=7.550131039264242 checked=false stop=running
step=113 time=0.020865106937958757 dt=0.00018464696405273216 residual=7.574617537114765 checked=false stop=running
step=114 time=0.021049753902011491 dt=0.00018464696405273216 residual=7.5835283236658206 checked=false stop=running
step=115 time=0.021234400866064224 dt=0.00018464696405273216 residual=7.5312246510209615 checked=false stop=running
step=116 time=0.021419047830116958 dt=0.00018464696405273216 residual=7.4726862841000585 checked=false stop=running
step=117 time=0.021603694794169691 dt=0.00018464696405273216 residual=7.411616391711835 checked=false stop=running
step=118 time=0.021788341758222425 dt=0.00018464696405273216 residual=7.3487249602032243 checked=false stop=running
step=119 time=0.021972988722275159 dt=0.00018464696405273216 residual=7.2840231768732986 checked=false stop=running
step=120 time=0.022157635686327892 dt=0.00018464696405273216 residual=7.2183186747868522 checked=false stop=running
step=121 time=0.022342282650380626 dt=0.00018464696405273216 residual=7.1509012474857725 checked=false stop=running
step=122 time=0.022526929614433359 dt=0.00018464696405273216 residual=7.0809674320082703 checked=false stop=running
step=123 time=0.022711576578486093 dt=0.00018464696405273216 residual=6.9834008819437816 checked=false stop=running
step=124 time=0.022896223542538827 dt=0.00018464696405273216 residual=6.868123152642073 checked=false stop=running
step=125 time=0.02308087050659156 dt=0.00018464696405273216 residual=6.7426701625187322 checked=false stop=running
step=126 time=0.023265517470644294 dt=0.00018464696405273216 residual=6.6063165173833127 checked=false stop=running
step=127 time=0.023450164434697027 dt=0.00018464696405273216 residual=6.4587476693250778 checked=false stop=running
step=128 time=0.023634811398749761 dt=0.00018464696405273216 residual=6.301140971118234 checked=false stop=running
step=129 time=0.023819458362802495 dt=0.00018464696405273216 residual=6.1414646999364839 checked=false stop=running
step=130 time=0.024004105326855228 dt=0.00018464696405273216 residual=5.9894260053355097 checked=false stop=running
step=131 time=0.024188752290907962 dt=0.00018464696405273216 residual=5.8587684797277291 checked=false stop=running
step=132 time=0.024373399254960695 dt=0.00018464696405273216 residual=5.7554117782967902 checked=false stop=running
step=133 time=0.024558046219013429 dt=0.00018464696405273216 residual=5.6899097927407789 checked=false stop=running
step=134 time=0.024742693183066163 dt=0.00018464696405273216 residual=5.6621897031248567 checked=false stop=running
step=135 time=0.024927340147118896 dt=0.00018464696405273216 residual=5.6670667705133715 checked=false stop=running
step=136 time=0.02511198711117163 dt=0.00018464696405273216 residual=5.698638138716654 checked=false stop=running
step=137 time=0.025296634075224363 dt=0.00018464696405273216 residual=5.7526103771698116 checked=false stop=running
step=138 time=0.025481281039277097 dt=0.00018464696405273216 residual=5.8257687950037456 checked=false stop=running
step=139 time=0.025665928003329831 dt=0.00018464696405273216 residual=5.9169378184090498 checked=false stop=running
step=140 time=0.025850574967382564 dt=0.00018464696405273216 residual=6.0182601645634701 checked=false stop=running
step=141 time=0.026035221931435298 dt=0.00018464696405273216 residual=6.1230308821674475 checked=false stop=running
step=142 time=0.026219868895488031 dt=0.00018464696405273216 residual=6.2297859877453279 checked=false stop=running
step=143 time=0.026404515859540765 dt=0.00018464696405273216 residual=6.3352303862520802 checked=false stop=running
step=144 time=0.026589162823593498 dt=0.00018464696405273216 residual=6.4358885386549751 checked=false stop=running
step=145 time=0.026773809787646232 dt=0.00018464696405273216 residual=6.5265295234147924 checked=false stop=running
step=146 time=0.026958456751698966 dt=0.00018464696405273216 residual=6.605730202150208 checked=false stop=running
step=147 time=0.027143103715751699 dt=0.00018464696405273216 residual=6.6984276192278189 checked=false stop=running
step=148 time=0.027327750679804433 dt=0.00018464696405273216 residual=6.7859404099669742 checked=false stop=running
step=149 time=0.027512397643857166 dt=0.00018464696405273216 residual=6.8647176929186742 checked=false stop=running
step=150 time=0.0276970446079099 dt=0.00018464696405273216 residual=6.9368746080411086 checked=false stop=running
step=151 time=0.027881691571962634 dt=0.00018464696405273216 residual=7.0033827983533348 checked=false stop=running
step=152 time=0.028066338536015367 dt=0.00018464696405273216 residual=7.0684662888039567 checked=false stop=running
step=153 time=0.028250985500068101 dt=0.00018464696405273216 residual=7.1317394211072047 checked=false stop=running
step=154 time=0.028435632464120834 dt=0.00018464696405273216 residual=7.1914586258275293 checked=false stop=running
step=155 time=0.028620279428173568 dt=0.00018464696405273216 residual=7.2497600853431674 checked=false stop=running
step=156 time=0.028804926392226302 dt=0.00018464696405273216 residual=7.3043418415392143 checked=false stop=running
step=157 time=0.028989573356279035 dt=0.00018464696405273216 residual=7.3541443041643815 checked=false stop=running
step=158 time=0.029174220320331769 dt=0.00018464696405273216 residual=7.3994712602164947 checked=false stop=running
step=159 time=0.029358867284384502 dt=0.00018464696405273216 residual=7.4418009368526787 checked=false stop=running
step=160 time=0.029543514248437236 dt=0.00018464696405273216 residual=7.4824771738528115 checked=false stop=running
step=161 time=0.02972816121248997 dt=0.00018464696405273216 residual=7.4908760880984264 checked=false stop=running
step=162 time=0.029912808176542703 dt=0.00018464696405273216 residual=7.4581255930895942 checked=false stop=running
step=163 time=0.030097455140595437 dt=0.00018464696405273216 residual=7.4197232921682614 checked=false stop=running
step=164 time=0.03028210210464817 dt=0.00018464696405273216 residual=7.3783266255882003 checked=false stop=running
step=165 time=0.030466749068700904 dt=0.00018464696405273216 residual=7.3326612795376036 checked=false stop=running
step=166 time=0.030651396032753637 dt=0.00018464696405273216 residual=7.2850021825654645 checked=false stop=running
step=167 time=0.030836042996806371 dt=0.00018464696405273216 residual=7.2331300202101749 checked=false stop=running
step=168 time=0.031020689960859105 dt=0.00018464696405273216 residual=7.1748535736839463 checked=false stop=running
step=169 time=0.031205336924911838 dt=0.00018464696405273216 residual=7.1110486099016263 checked=false stop=running
step=170 time=0.031389983888964572 dt=0.00018464696405273216 residual=7.0399579671166244 checked=false stop=running
step=171 time=0.031574630853017302 dt=0.00018464696405273216 residual=6.9607800602014471 checked=false stop=running
step=172 time=0.031759277817070032 dt=0.00018464696405273216 residual=6.87427767669476 checked=false stop=running
step=173 time=0.031943924781122762 dt=0.00018464696405273216 residual=6.7760272194827742 checked=false stop=running
step=174 time=0.032128571745175492 dt=0.00018464696405273216 residual=6.6732035166320882 checked=false stop=running
step=175 time=0.032313218709228222 dt=0.00018464696405273216 residual=6.5704987689572913 checked=false stop=running
step=176 time=0.032497865673280953 dt=0.00018464696405273216 residual=6.4702706438905393 checked=false stop=running
step=177 time=0.032682512637333683 dt=0.00018464696405273216 residual=6.371971432040457 checked=false stop=running
step=178 time=0.032867159601386413 dt=0.00018464696405273216 residual=6.2871263108837869 checked=false stop=running
step=179 time=0.033051806565439143 dt=0.00018464696405273216 residual=6.2259455406269266 checked=false stop=running
step=180 time=0.033236453529491873 dt=0.00018464696405273216 residual=6.1921207662795688 checked=false stop=running
step=181 time=0.033421100493544603 dt=0.00018464696405273216 residual=6.190906223865503 checked=false stop=running
step=182 time=0.033605747457597333 dt=0.00018464696405273216 residual=6.2220698266312819 checked=false stop=running
step=183 time=0.033790394421650063 dt=0.00018464696405273216 residual=6.2733554405699774 checked=false stop=running
step=184 time=0.033975041385702794 dt=0.00018464696405273216 residual=6.3405802741749158 checked=false stop=running
step=185 time=0.034159688349755524 dt=0.00018464696405273216 residual=6.4177724138961745 checked=false stop=running
step=186 time=0.034344335313808254 dt=0.00018464696405273216 residual=6.4985016613071664 checked=false stop=running
step=187 time=0.034528982277860984 dt=0.00018464696405273216 residual=6.5904077739937952 checked=false stop=running
step=188 time=0.034713629241913714 dt=0.00018464696405273216 residual=6.6785466347943938 checked=false stop=running
step=189 time=0.034898276205966444 dt=0.00018464696405273216 residual=6.7654954870970698 checked=false stop=running
step=190 time=0.035082923170019174 dt=0.00018464696405273216 residual=6.857022865349661 checked=false stop=running
step=191 time=0.035267570134071904 dt=0.00018464696405273216 residual=6.9483781350658216 checked=false stop=running
step=192 time=0.035452217098124635 dt=0.00018464696405273216 residual=7.0343454157426386 checked=false stop=running
step=193 time=0.035636864062177365 dt=0.00018464696405273216 residual=7.1138362162485107 checked=false stop=running
step=194 time=0.035821511026230095 dt=0.00018464696405273216 residual=7.18823239346401 checked=false stop=running
step=195 time=0.036006157990282825 dt=0.00018464696405273216 residual=7.2566781236945364 checked=false stop=running
step=196 time=0.036190804954335555 dt=0.00018464696405273216 residual=7.3198706804819036 checked=false stop=running
step=197 time=0.036375451918388285 dt=0.00018464696405273216 residual=7.3540436890957608 checked=false stop=running
step=198 time=0.036560098882441015 dt=0.00018464696405273216 residual=7.3802065177707261 checked=false stop=running
step=199 time=0.036744745846493745 dt=0.00018464696405273216 residual=7.4013761134271947 checked=false stop=running
step=200 time=0.036929392810546476 dt=0.00018464696405273216 residual=7.4152772861563152 checked=false stop=running
step=201 time=0.037114039774599206 dt=0.00018464696405273216 residual=7.4250713485674389 checked=false stop=running
step=202 time=0.037298686738651936 dt=0.00018464696405273216 residual=7.4324714890969235 checked=false stop=running
step=203 time=0.037483333702704666 dt=0.00018464696405273216 residual=7.4378706929017619 checked=false stop=running
step=204 time=0.037667980666757396 dt=0.00018464696405273216 residual=7.4415948397266023 checked=false stop=running
step=205 time=0.037852627630810126 dt=0.00018464696405273216 residual=7.4477072597549849 checked=false stop=running
step=206 time=0.038037274594862856 dt=0.00018464696405273216 residual=7.4519619560015711 checked=false stop=running
step=207 time=0.038221921558915586 dt=0.00018464696405273216 residual=7.4033546670505297 checked=false stop=running
step=208 time=0.038406568522968317 dt=0.00018464696405273216 residual=7.3361904506125981 checked=false stop=running
step=209 time=0.038591215487021047 dt=0.00018464696405273216 residual=7.2723870957616965 checked=false stop=running
step=210 time=0.038775862451073777 dt=0.00018464696405273216 residual=7.2142462796936044 checked=false stop=running
step=211 time=0.038960509415126507 dt=0.00018464696405273216 residual=7.1590619861753968 checked=false stop=running
step=212 time=0.039145156379179237 dt=0.00018464696405273216 residual=7.1043512555741737 checked=false stop=running
step=213 time=0.039329803343231967 dt=0.00018464696405273216 residual=7.0486836794471461 checked=false stop=running
step=214 time=0.039514450307284697 dt=0.00018464696405273216 residual=6.9911224903946936 checked=false stop=running
step=215 time=0.039699097271337427 dt=0.00018464696405273216 residual=6.9320666450621706 checked=false stop=running
step=216 time=0.039883744235390158 dt=0.00018464696405273216 residual=6.8656381322905453 checked=false stop=running
step=217 time=0.040068391199442888 dt=0.00018464696405273216 residual=6.7914986807230164 checked=false stop=running
step=218 time=0.040253038163495618 dt=0.00018464696405273216 residual=6.709403569558229 checked=false stop=running
step=219 time=0.040437685127548348 dt=0.00018464696405273216 residual=6.6173615498003597 checked=false stop=running
step=220 time=0.040622332091601078 dt=0.00018464696405273216 residual=6.5189858943503038 checked=false stop=running
step=221 time=0.040806979055653808 dt=0.00018464696405273216 residual=6.4228565303212104 checked=false stop=running
step=222 time=0.040991626019706538 dt=0.00018464696405273216 residual=6.3398770850329305 checked=false stop=running
step=223 time=0.041176272983759268 dt=0.00018464696405273216 residual=6.2753126846996894 checked=false stop=running
step=224 time=0.041360919947811998 dt=0.00018464696405273216 residual=6.2329156677071991 checked=false stop=running
step=225 time=0.041545566911864729 dt=0.00018464696405273216 residual=6.2167907837382481 checked=false stop=running
step=226 time=0.041730213875917459 dt=0.00018464696405273216 residual=6.2263674402944114 checked=false stop=running
step=227 time=0.041914860839970189 dt=0.00018464696405273216 residual=6.2548164598704377 checked=false stop=running
step=228 time=0.042099507804022919 dt=0.00018464696405273216 residual=6.2924058693697296 checked=false stop=running
step=229 time=0.042284154768075649 dt=0.00018464696405273216 residual=6.3462484139873645 checked=false stop=running
step=230 time=0.042468801732128379 dt=0.00018464696405273216 residual=6.4185404872892518 checked=false stop=running
step=231 time=0.042653448696181109 dt=0.00018464696405273216 residual=6.4913690454561168 checked=false stop=running
step=232 time=0.042838095660233839 dt=0.00018464696405273216 residual=6.5634851631709923 checked=false stop=running
step=233 time=0.04302274262428657 dt=0.00018464696405273216 residual=6.6356545718235456 checked=false stop=running
step=234 time=0.0432073895883393 dt=0.00018464696405273216 residual=6.7084957929116245 checked=false stop=running
step=235 time=0.04339203655239203 dt=0.00018464696405273216 residual=6.7810805101183291 checked=false stop=running
step=236 time=0.04357668351644476 dt=0.00018464696405273216 residual=6.8486949967313127 checked=false stop=running
step=237 time=0.04376133048049749 dt=0.00018464696405273216 residual=6.9202414732393978 checked=false stop=running
step=238 time=0.04394597744455022 dt=0.00018464696405273216 residual=7.0012079854729032 checked=false stop=running
step=239 time=0.04413062440860295 dt=0.00018464696405273216 residual=7.0760458308796164 checked=false stop=running
step=240 time=0.04431527137265568 dt=0.00018464696405273216 residual=7.1497443220368764 checked=false stop=running
step=241 time=0.044499918336708411 dt=0.00018464696405273216 residual=7.2230461471541227 checked=false stop=running
step=242 time=0.044684565300761141 dt=0.00018464696405273216 residual=7.2961963096296492 checked=false stop=running
step=243 time=0.044869212264813871 dt=0.00018464696405273216 residual=7.3667712406750594 checked=false stop=running
step=244 time=0.045053859228866601 dt=0.00018464696405273216 residual=7.4269488361390108 checked=false stop=running
step=245 time=0.045238506192919331 dt=0.00018464696405273216 residual=7.4783672093812461 checked=false stop=running
step=246 time=0.045423153156972061 dt=0.00018464696405273216 residual=7.5279913604660633 checked=false stop=running
step=247 time=0.045607800121024791 dt=0.00018464696405273216 residual=7.5805132173764109 checked=false stop=running
step=248 time=0.045792447085077521 dt=0.00018464696405273216 residual=7.6310446933567828 checked=false stop=running
step=249 time=0.045977094049130252 dt=0.00018464696405273216 residual=7.6784280010947752 checked=false stop=running
step=250 time=0.046161741013182982 dt=0.00018464696405273216 residual=7.7213937698675386 checked=false stop=running
step=251 time=0.046346387977235712 dt=0.00018464696405273216 residual=7.7614884580785386 checked=false stop=running
step=252 time=0.046531034941288442 dt=0.00018464696405273216 residual=7.7469556127578958 checked=false stop=running
step=253 time=0.046715681905341172 dt=0.00018464696405273216 residual=7.7150918172872185 checked=false stop=running
step=254 time=0.046900328869393902 dt=0.00018464696405273216 residual=7.6806224188316676 checked=false stop=running
step=255 time=0.047084975833446632 dt=0.00018464696405273216 residual=7.6457498887930262 checked=false stop=running
step=256 time=0.047269622797499362 dt=0.00018464696405273216 residual=7.6074666993495397 checked=false stop=running
step=257 time=0.047454269761552093 dt=0.00018464696405273216 residual=7.5628216369871692 checked=false stop=running
step=258 time=0.047638916725604823 dt=0.00018464696405273216 residual=7.5068007175668994 checked=false stop=running
step=259 time=0.047823563689657553 dt=0.00018464696405273216 residual=7.4348728809027467 checked=false stop=running
step=260 time=0.048008210653710283 dt=0.00018464696405273216 residual=7.3543672882887909 checked=false stop=running
step=261 time=0.048192857617763013 dt=0.00018464696405273216 residual=7.2703902823973943 checked=false stop=running
step=262 time=0.048377504581815743 dt=0.00018464696405273216 residual=7.1835758595962647 checked=false stop=running
step=263 time=0.048562151545868473 dt=0.00018464696405273216 residual=7.0877802394812646 checked=false stop=running
step=264 time=0.048746798509921203 dt=0.00018464696405273216 residual=6.9859017577211544 checked=false stop=running
step=265 time=0.048931445473973934 dt=0.00018464696405273216 residual=6.8821592060799697 checked=false stop=running
step=266 time=0.049116092438026664 dt=0.00018464696405273216 residual=6.7801474364649357 checked=false stop=running
step=267 time=0.049300739402079394 dt=0.00018464696405273216 residual=6.6799369419468144 checked=false stop=running
step=268 time=0.049485386366132124 dt=0.00018464696405273216 residual=6.5956917410988369 checked=false stop=running
step=269 time=0.049670033330184854 dt=0.00018464696405273216 residual=6.5364276710760274 checked=false stop=running
step=270 time=0.049854680294237584 dt=0.00018464696405273216 residual=6.4748979055954194 checked=false stop=running
step=271 time=0.050039327258290314 dt=0.00018464696405273216 residual=6.4294232572241317 checked=false stop=running
step=272 time=0.050223974222343044 dt=0.00018464696405273216 residual=6.4063428910132698 checked=false stop=running
step=273 time=0.050408621186395774 dt=0.00018464696405273216 residual=6.3889981687404358 checked=false stop=running
step=274 time=0.050593268150448505 dt=0.00018464696405273216 residual=6.378607898797136 checked=false stop=running
step=275 time=0.050777915114501235 dt=0.00018464696405273216 residual=6.37949247775666 checked=false stop=running
step=276 time=0.050962562078553965 dt=0.00018464696405273216 residual=6.3939605051483994 checked=false stop=running
step=277 time=0.051147209042606695 dt=0.00018464696405273216 residual=6.4352186835797776 checked=false stop=running
step=278 time=0.051331856006659425 dt=0.00018464696405273216 residual=6.493909475938568 checked=false stop=running
step=279 time=0.051516502970712155 dt=0.00018464696405273216 residual=6.5630272870490867 checked=false stop=running
step=280 time=0.051701149934764885 dt=0.00018464696405273216 residual=6.6462397755904163 checked=false stop=running
step=281 time=0.051885796898817615 dt=0.00018464696405273216 residual=6.7407713594290817 checked=false stop=running
step=282 time=0.052070443862870346 dt=0.00018464696405273216 residual=6.8398243382865092 checked=false stop=running
step=283 time=0.052255090826923076 dt=0.00018464696405273216 residual=6.9402823226791144 checked=false stop=running
step=284 time=0.052439737790975806 dt=0.00018464696405273216 residual=7.0394769858008539 checked=false stop=running
step=285 time=0.052624384755028536 dt=0.00018464696405273216 residual=7.1346865592172684 checked=false stop=running
step=286 time=0.052809031719081266 dt=0.00018464696405273216 residual=7.2173914590047428 checked=false stop=running
step=287 time=0.052993678683133996 dt=0.00018464696405273216 residual=7.2959253520538754 checked=false stop=running
step=288 time=0.053178325647186726 dt=0.00018464696405273216 residual=7.3680049941799934 checked=false stop=running
step=289 time=0.053362972611239456 dt=0.00018464696405273216 residual=7.4338607045721385 checked=false stop=running
step=290 time=0.053547619575292187 dt=0.00018464696405273216 residual=7.4998385447043017 checked=false stop=running
step=291 time=0.053732266539344917 dt=0.00018464696405273216 residual=7.5691570923017313 checked=false stop=running
step=292 time=0.053916913503397647 dt=0.00018464696405273216 residual=7.6374746502820745 checked=false stop=running
step=293 time=0.054101560467450377 dt=0.00018464696405273216 residual=7.7004319241534294 checked=false stop=running
step=294 time=0.054286207431503107 dt=0.00018464696405273216 residual=7.7524449666644015 checked=false stop=running
step=295 time=0.054470854395555837 dt=0.00018464696405273216 residual=7.792731599286288 checked=false stop=running
step=296 time=0.054655501359608567 dt=0.00018464696405273216 residual=7.7726407567722893 checked=false stop=running
step=297 time=0.054840148323661297 dt=0.00018464696405273216 residual=7.7303635506545545 checked=false stop=running
step=298 time=0.055024795287714028 dt=0.00018464696405273216 residual=7.6836674917949104 checked=false stop=running
step=299 time=0.055209442251766758 dt=0.00018464696405273216 residual=7.6323655703957138 checked=false stop=running
step=300 time=0.055394089215819488 dt=0.00018464696405273216 residual=7.5820384549448852 checked=false stop=running
step=301 time=0.055578736179872218 dt=0.00018464696405273216 residual=7.5321300708684129 checked=false stop=running
step=302 time=0.055763383143924948 dt=0.00018464696405273216 residual=7.4773269282908199 checked=false stop=running
step=303 time=0.055948030107977678 dt=0.00018464696405273216 residual=7.4142898458395967 checked=false stop=running
step=304 time=0.056132677072030408 dt=0.00018464696405273216 residual=7.3457735933772339 checked=false stop=running
step=305 time=0.056317324036083138 dt=0.00018464696405273216 residual=7.2732479402837491 checked=false stop=running
step=306 time=0.056501971000135869 dt=0.00018464696405273216 residual=7.1919780381004648 checked=false stop=running
step=307 time=0.056686617964188599 dt=0.00018464696405273216 residual=7.1049577237848238 checked=false stop=running
step=308 time=0.056871264928241329 dt=0.00018464696405273216 residual=7.0135384534806215 checked=false stop=running
step=309 time=0.057055911892294059 dt=0.00018464696405273216 residual=6.9169084359631574 checked=false stop=running
step=310 time=0.057240558856346789 dt=0.00018464696405273216 residual=6.8158030075908131 checked=false stop=running
step=311 time=0.057425205820399519 dt=0.00018464696405273216 residual=6.7254215632351793 checked=false stop=running
step=312 time=0.057609852784452249 dt=0.00018464696405273216 residual=6.6574681482401932 checked=false stop=running
step=313 time=0.057794499748504979 dt=0.00018464696405273216 residual=6.6156989530154542 checked=false stop=running
step=314 time=0.05797914671255771 dt=0.00018464696405273216 residual=6.5936069090142162 checked=false stop=running
step=315 time=0.05816379367661044 dt=0.00018464696405273216 residual=6.5881384910751954 checked=false stop=running
step=316 time=0.05834844064066317 dt=0.00018464696405273216 residual=6.5970597318744622 checked=false stop=running
step=317 time=0.0585330876047159 dt=0.00018464696405273216 residual=6.6218365164595268 checked=false stop=running
step=318 time=0.05871773456876863 dt=0.00018464696405273216 residual=6.6652891212771799 checked=false stop=running
step=319 time=0.05890238153282136 dt=0.00018464696405273216 residual=6.7228002763657084 checked=false stop=running
step=320 time=0.05908702849687409 dt=0.00018464696405273216 residual=6.7936159710539874 checked=false stop=running
step=321 time=0.05927167546092682 dt=0.00018464696405273216 residual=6.8755258877259839 checked=false stop=running
step=322 time=0.059456322424979551 dt=0.00018464696405273216 residual=6.9628977446574911 checked=false stop=running
step=323 time=0.059640969389032281 dt=0.00018464696405273216 residual=7.0483571381637518 checked=false stop=running
step=324 time=0.059825616353085011 dt=0.00018464696405273216 residual=7.1291012428135021 checked=false stop=running
step=325 time=0.060010263317137741 dt=0.00018464696405273216 residual=7.2194810162528329 checked=false stop=running
step=326 time=0.060194910281190471 dt=0.00018464696405273216 residual=7.3036452681449218 checked=false stop=running
step=327 time=0.060379557245243201 dt=0.00018464696405273216 residual=7.3807027114649255 checked=false stop=running
step=328 time=0.060564204209295931 dt=0.00018464696405273216 residual=7.445892637372804 checked=false stop=running
step=329 time=0.060748851173348661 dt=0.00018464696405273216 residual=7.5047904182565404 checked=false stop=running
step=330 time=0.060933498137401391 dt=0.00018464696405273216 residual=7.5648036859770684 checked=false stop=running
step=331 time=0.061118145101454122 dt=0.00018464696405273216 residual=7.6225235971169623 checked=false stop=running
step=332 time=0.061302792065506852 dt=0.00018464696405273216 residual=7.6760131433915033 checked=false stop=running
step=333 time=0.061487439029559582 dt=0.00018464696405273216 residual=7.7246146973507308 checked=false stop=running
step=334 time=0.061672085993612312 dt=0.00018464696405273216 residual=7.7721293193084504 checked=false stop=running
step=335 time=0.061856732957665042 dt=0.00018464696405273216 residual=7.8179147864076386 checked=false stop=running
step=336 time=0.062041379921717772 dt=0.00018464696405273216 residual=7.8598459695776324 checked=false stop=running
step=337 time=0.062226026885770502 dt=0.00018464696405273216 residual=7.8971001435126968 checked=false stop=running
step=338 time=0.062410673849823232 dt=0.00018464696405273216 residual=7.9255759449900909 checked=false stop=running
step=339 time=0.062595320813875963 dt=0.00018464696405273216 residual=7.9210090148223786 checked=false stop=running
step=340 time=0.0627799677779287 dt=0.00018464696405273216 residual=7.8809019064192611 checked=false stop=running
step=341 time=0.062964614741981437 dt=0.00018464696405273216 residual=7.8404661093391255 checked=false stop=running
step=342 time=0.063149261706034174 dt=0.00018464696405273216 residual=7.7754391838234884 checked=false stop=running
step=343 time=0.063333908670086911 dt=0.00018464696405273216 residual=7.7090085301482176 checked=false stop=running
step=344 time=0.063518555634139648 dt=0.00018464696405273216 residual=7.639717803294416 checked=false stop=running
step=345 time=0.063703202598192385 dt=0.00018464696405273216 residual=7.5671085598647947 checked=false stop=running
step=346 time=0.063887849562245122 dt=0.00018464696405273216 residual=7.4911023141036583 checked=false stop=running
step=347 time=0.064072496526297859 dt=0.00018464696405273216 residual=7.4070329576821567 checked=false stop=running
step=348 time=0.064257143490350596 dt=0.00018464696405273216 residual=7.3148945805005914 checked=false stop=running
step=349 time=0.064441790454403333 dt=0.00018464696405273216 residual=7.2117420065616766 checked=false stop=running
step=350 time=0.06462643741845607 dt=0.00018464696405273216 residual=7.0977749329870843 checked=false stop=running
step=351 time=0.064811084382508807 dt=0.00018464696405273216 residual=6.9759788301168353 checked=false stop=running
step=352 time=0.064995731346561544 dt=0.00018464696405273216 residual=6.8523771885564484 checked=false stop=running
step=353 time=0.065180378310614281 dt=0.00018464696405273216 residual=6.7336262283225468 checked=false stop=running
step=354 time=0.065365025274667019 dt=0.00018464696405273216 residual=6.6289383073209205 checked=false stop=running
step=355 time=0.065549672238719756 dt=0.00018464696405273216 residual=6.5471122375138906 checked=false stop=running
step=356 time=0.065734319202772493 dt=0.00018464696405273216 residual=6.4915283203028773 checked=false stop=running
step=357 time=0.06591896616682523 dt=0.00018464696405273216 residual=6.4566003468035502 checked=false stop=running
step=358 time=0.066103613130877967 dt=0.00018464696405273216 residual=6.4398822942564919 checked=false stop=running
step=359 time=0.066288260094930704 dt=0.00018464696405273216 residual=6.4466183998022224 checked=false stop=running
step=360 time=0.066472907058983441 dt=0.00018464696405273216 residual=6.4727003757158172 checked=false stop=running
step=361 time=0.066657554023036178 dt=0.00018464696405273216 residual=6.5207873214145939 checked=false stop=running
step=362 time=0.066842200987088915 dt=0.00018464696405273216 residual=6.5906615992611668 checked=false stop=running
step=363 time=0.067026847951141652 dt=0.00018464696405273216 residual=6.6714588096774525 checked=false stop=running
step=364 time=0.067211494915194389 dt=0.00018464696405273216 residual=6.7722456213841484 checked=false stop=running
step=365 time=0.067396141879247126 dt=0.00018464696405273216 residual=6.8709757469220989 checked=false stop=running
step=366 time=0.067580788843299863 dt=0.00018464696405273216 residual=6.9679983776936751 checked=false stop=running
step=367 time=0.0677654358073526 dt=0.00018464696405273216 residual=7.0682179282479423 checked=false stop=running
step=368 time=0.067950082771405337 dt=0.00018464696405273216 residual=7.1750485307733287 checked=false stop=running
step=369 time=0.068134729735458074 dt=0.00018464696405273216 residual=7.2725451910936609 checked=false stop=running
step=370 time=0.068319376699510811 dt=0.00018464696405273216 residual=7.3664372804775882 checked=false stop=running
step=371 time=0.068504023663563549 dt=0.00018464696405273216 residual=7.4595649252875882 checked=false stop=running
step=372 time=0.068688670627616286 dt=0.00018464696405273216 residual=7.5427002502820129 checked=false stop=running
step=373 time=0.068873317591669023 dt=0.00018464696405273216 residual=7.6131547550203988 checked=false stop=running
step=374 time=0.06905796455572176 dt=0.00018464696405273216 residual=7.6821725312653735 checked=false stop=running
step=375 time=0.069242611519774497 dt=0.00018464696405273216 residual=7.7520313512296477 checked=false stop=running
step=376 time=0.069427258483827234 dt=0.00018464696405273216 residual=7.8146005375421712 checked=false stop=running
step=377 time=0.069611905447879971 dt=0.00018464696405273216 residual=7.8724982043239384 checked=false stop=running
step=378 time=0.069796552411932708 dt=0.00018464696405273216 residual=7.9266889924371284 checked=false stop=running
step=379 time=0.069981199375985445 dt=0.00018464696405273216 residual=7.9725669683154345 checked=false stop=running
step=380 time=0.070165846340038182 dt=0.00018464696405273216 residual=8.0100937962215664 checked=false stop=running
step=381 time=0.070350493304090919 dt=0.00018464696405273216 residual=8.0405017582139262 checked=false stop=running
step=382 time=0.070535140268143656 dt=0.00018464696405273216 residual=8.0092987349437248 checked=false stop=running
step=383 time=0.070719787232196393 dt=0.00018464696405273216 residual=7.9708752481681699 checked=false stop=running
step=384 time=0.07090443419624913 dt=0.00018464696405273216 residual=7.9348676332845161 checked=false stop=running
step=385 time=0.071089081160301867 dt=0.00018464696405273216 residual=7.9010272731028275 checked=false stop=running
step=386 time=0.071273728124354604 dt=0.00018464696405273216 residual=7.8657652484444975 checked=false stop=running
step=387 time=0.071458375088407342 dt=0.00018464696405273216 residual=7.8276442083215114 checked=false stop=running
step=388 time=0.071643022052460079 dt=0.00018464696405273216 residual=7.7865138697206611 checked=false stop=running
step=389 time=0.071827669016512816 dt=0.00018464696405273216 residual=7.736186264335962 checked=false stop=running
step=390 time=0.072012315980565553 dt=0.00018464696405273216 residual=7.677381365083634 checked=false stop=running
step=391 time=0.07219696294461829 dt=0.00018464696405273216 residual=7.6065240452581149 checked=false stop=running
step=392 time=0.072381609908671027 dt=0.00018464696405273216 residual=7.5197173943885822 checked=false stop=running
step=393 time=0.072566256872723764 dt=0.00018464696405273216 residual=7.4213361061831113 checked=false stop=running
step=394 time=0.072750903836776501 dt=0.00018464696405273216 residual=7.3153014097032898 checked=false stop=running
step=395 time=0.072935550800829238 dt=0.00018464696405273216 residual=7.2036564108178398 checked=false stop=running
step=396 time=0.073120197764881975 dt=0.00018464696405273216 residual=7.1026246235225639 checked=false stop=running
step=397 time=0.073304844728934712 dt=0.00018464696405273216 residual=7.0195159886338638 checked=false stop=running
step=398 time=0.073489491692987449 dt=0.00018464696405273216 residual=6.9546033121184596 checked=false stop=running
step=399 time=0.073674138657040186 dt=0.00018464696405273216 residual=6.9109305269795831 checked=false stop=running
step=400 time=0.073858785621092923 dt=0.00018464696405273216 residual=6.8855199851183109 checked=false stop=running
step=401 time=0.07404343258514566 dt=0.00018464696405273216 residual=6.8781680081050194 checked=false stop=running
step=402 time=0.074228079549198397 dt=0.00018464696405273216 residual=6.8870796665641913 checked=false stop=running
step=403 time=0.074412726513251135 dt=0.00018464696405273216 residual=6.9201493731028254 checked=false stop=running
step=404 time=0.074597373477303872 dt=0.00018464696405273216 residual=6.9708660341266198 checked=false stop=running
step=405 time=0.074782020441356609 dt=0.00018464696405273216 residual=7.0331369374184129 checked=false stop=running
step=406 time=0.074966667405409346 dt=0.00018464696405273216 residual=7.102870308514496 checked=false stop=running
step=407 time=0.075151314369462083 dt=0.00018464696405273216 residual=7.1776811453560416 checked=false stop=running
step=408 time=0.07533596133351482 dt=0.00018464696405273216 residual=7.2479854107685915 checked=false stop=running
step=409 time=0.075520608297567557 dt=0.00018464696405273216 residual=7.3208087856329476 checked=false stop=running
step=410 time=0.075705255261620294 dt=0.00018464696405273216 residual=7.3978338386565827 checked=false stop=running
step=411 time=0.075889902225673031 dt=0.00018464696405273216 residual=7.4629628969365047 checked=false stop=running
step=412 time=0.076074549189725768 dt=0.00018464696405273216 residual=7.5039154983131331 checked=false stop=running
step=413 time=0.076259196153778505 dt=0.00018464696405273216 residual=7.5341289643898488 checked=false stop=running
step=414 time=0.076443843117831242 dt=0.00018464696405273216 residual=7.5597813380952514 checked=false stop=running
step=415 time=0.076628490081883979 dt=0.00018464696405273216 residual=7.582765294516352 checked=false stop=running
step=416 time=0.076813137045936716 dt=0.00018464696405273216 residual=7.6008685623083165 checked=false stop=running
step=417 time=0.076997784009989453 dt=0.00018464696405273216 residual=7.6195919582163949 checked=false stop=running
step=418 time=0.07718243097404219 dt=0.00018464696405273216 residual=7.6396186846211132 checked=false stop=running
step=419 time=0.077367077938094928 dt=0.00018464696405273216 residual=7.6590479967712737 checked=false stop=running
step=420 time=0.077551724902147665 dt=0.00018464696405273216 residual=7.6762032573716503 checked=false stop=running
step=421 time=0.077736371866200402 dt=0.00018464696405273216 residual=7.6919880976324144 checked=false stop=running
step=422 time=0.077921018830253139 dt=0.00018464696405273216 residual=7.7106283305525229 checked=false stop=running
step=423 time=0.078105665794305876 dt=0.00018464696405273216 residual=7.7211811031035475 checked=false stop=running
step=424 time=0.078290312758358613 dt=0.00018464696405273216 residual=7.6965151533465939 checked=false stop=running
step=425 time=0.07847495972241135 dt=0.00018464696405273216 residual=7.6760616689363523 checked=false stop=running
step=426 time=0.078659606686464087 dt=0.00018464696405273216 residual=7.6571420710285523 checked=false stop=running
step=427 time=0.078844253650516824 dt=0.00018464696405273216 residual=7.6370973335252499 checked=false stop=running
step=428 time=0.079028900614569561 dt=0.00018464696405273216 residual=7.6161266246427735 checked=false stop=running
step=429 time=0.079213547578622298 dt=0.00018464696405273216 residual=7.5955255376896487 checked=false stop=running
step=430 time=0.079398194542675035 dt=0.00018464696405273216 residual=7.5724124534630661 checked=false stop=running
step=431 time=0.079582841506727772 dt=0.00018464696405273216 residual=7.5404029055340915 checked=false stop=running
step=432 time=0.079767488470780509 dt=0.00018464696405273216 residual=7.4997587137953197 checked=false stop=running
step=433 time=0.079952135434833246 dt=0.00018464696405273216 residual=7.4484218747214417 checked=false stop=running
step=434 time=0.080136782398885983 dt=0.00018464696405273216 residual=7.3791532385650784 checked=false stop=running
step=435 time=0.08032142936293872 dt=0.00018464696405273216 residual=7.3003781984129379 checked=false stop=running
step=436 time=0.080506076326991458 dt=0.00018464696405273216 residual=7.211298754227963 checked=false stop=running
step=437 time=0.080690723291044195 dt=0.00018464696405273216 residual=7.11905344720613 checked=false stop=running
step=438 time=0.080875370255096932 dt=0.00018464696405273216 residual=7.0322821745526651 checked=false stop=running
step=439 time=0.081060017219149669 dt=0.00018464696405273216 residual=6.9629941789358156 checked=false stop=running
step=440 time=0.081244664183202406 dt=0.00018464696405273216 residual=6.9123624452146117 checked=false stop=running
step=441 time=0.081429311147255143 dt=0.00018464696405273216 residual=6.8772841679951773 checked=false stop=running
step=442 time=0.08161395811130788 dt=0.00018464696405273216 residual=6.8668608934542474 checked=false stop=running
step=443 time=0.081798605075360617 dt=0.00018464696405273216 residual=6.880830109035653 checked=false stop=running
step=444 time=0.081983252039413354 dt=0.00018464696405273216 residual=6.9117750120436803 checked=false stop=running
step=445 time=0.082167899003466091 dt=0.00018464696405273216 residual=6.9595207936550114 checked=false stop=running
step=446 time=0.082352545967518828 dt=0.00018464696405273216 residual=7.0205132998500863 checked=false stop=running
step=447 time=0.082537192931571565 dt=0.00018464696405273216 residual=7.0919828747634091 checked=false stop=running
step=448 time=0.082721839895624302 dt=0.00018464696405273216 residual=7.1718950588692252 checked=false stop=running
step=449 time=0.082906486859677039 dt=0.00018464696405273216 residual=7.2494812828430799 checked=false stop=running
step=450 time=0.083091133823729776 dt=0.00018464696405273216 residual=7.3287607239325823 checked=false stop=running
step=451 time=0.083275780787782513 dt=0.00018464696405273216 residual=7.4087560370187253 checked=false stop=running
step=452 time=0.083460427751835251 dt=0.00018464696405273216 residual=7.486563476672222 checked=false stop=running
step=453 time=0.083645074715887988 dt=0.00018464696405273216 residual=7.5661578910643366 checked=false stop=running
step=454 time=0.083829721679940725 dt=0.00018464696405273216 residual=7.6389643871295565 checked=false stop=running
step=455 time=0.084014368643993462 dt=0.00018464696405273216 residual=7.7053579709423943 checked=false stop=running
step=456 time=0.084199015608046199 dt=0.00018464696405273216 residual=7.7693069865712605 checked=false stop=running
step=457 time=0.084383662572098936 dt=0.00018464696405273216 residual=7.8303250122826533 checked=false stop=running
step=458 time=0.084568309536151673 dt=0.00018464696405273216 residual=7.8884404859249422 checked=false stop=running
step=459 time=0.08475295650020441 dt=0.00018464696405273216 residual=7.9419772725340207 checked=false stop=running
step=460 time=0.084937603464257147 dt=0.00018464696405273216 residual=7.9829398671190752 checked=false stop=running
step=461 time=0.085122250428309884 dt=0.00018464696405273216 residual=8.025754011696753 checked=false stop=running
step=462 time=0.085306897392362621 dt=0.00018464696405273216 residual=8.0750120501531057 checked=false stop=running
step=463 time=0.085491544356415358 dt=0.00018464696405273216 residual=8.1251023296625053 checked=false stop=running
step=464 time=0.085676191320468095 dt=0.00018464696405273216 residual=8.1485129013980533 checked=false stop=running
step=465 time=0.085860838284520832 dt=0.00018464696405273216 residual=8.1296839634656273 checked=false stop=running
step=466 time=0.086045485248573569 dt=0.00018464696405273216 residual=8.1065885362598635 checked=false stop=running
step=467 time=0.086230132212626306 dt=0.00018464696405273216 residual=8.0806847651870477 checked=false stop=running
step=468 time=0.086414779176679044 dt=0.00018464696405273216 residual=8.0548506683450203 checked=false stop=running
step=469 time=0.086599426140731781 dt=0.00018464696405273216 residual=8.031711030919638 checked=false stop=running
step=470 time=0.086784073104784518 dt=0.00018464696405273216 residual=8.0037470922095313 checked=false stop=running
step=471 time=0.086968720068837255 dt=0.00018464696405273216 residual=7.9659859647637932 checked=false stop=running
step=472 time=0.087153367032889992 dt=0.00018464696405273216 residual=7.9198099574882965 checked=false stop=running
step=473 time=0.087338013996942729 dt=0.00018464696405273216 residual=7.856713727175257 checked=false stop=running
step=474 time=0.087522660960995466 dt=0.00018464696405273216 residual=7.7859995624217326 checked=false stop=running
step=475 time=0.087707307925048203 dt=0.00018464696405273216 residual=7.7011517157441141 checked=false stop=running
step=476 time=0.08789195488910094 dt=0.00018464696405273216 residual=7.5997512629863042 checked=false stop=running
step=477 time=0.088076601853153677 dt=0.00018464696405273216 residual=7.4955686989572401 checked=false stop=running
step=478 time=0.088261248817206414 dt=0.00018464696405273216 residual=7.3879634798218943 checked=false stop=running
step=479 time=0.088445895781259151 dt=0.00018464696405273216 residual=7.2856226323097584 checked=false stop=running
step=480 time=0.088630542745311888 dt=0.00018464696405273216 residual=7.2050325239200079 checked=false stop=running
step=481 time=0.088815189709364625 dt=0.00018464696405273216 residual=7.1270976285204881 checked=false stop=running
step=482 time=0.088999836673417362 dt=0.00018464696405273216 residual=7.0577557406432696 checked=false stop=running
step=483 time=0.089184483637470099 dt=0.00018464696405273216 residual=7.0051726771476392 checked=false stop=running
step=484 time=0.089369130601522836 dt=0.00018464696405273216 residual=6.9780927672991941 checked=false stop=running
step=485 time=0.089553777565575574 dt=0.00018464696405273216 residual=6.9725663510148443 checked=false stop=running
step=486 time=0.089738424529628311 dt=0.00018464696405273216 residual=6.9814373888182075 checked=false stop=running
step=487 time=0.089923071493681048 dt=0.00018464696405273216 residual=7.0030250791267248 checked=false stop=running
step=488 time=0.090107718457733785 dt=0.00018464696405273216 residual=7.0413501729225842 checked=false stop=running
step=489 time=0.090292365421786522 dt=0.00018464696405273216 residual=7.0911767041776548 checked=false stop=running
step=490 time=0.090477012385839259 dt=0.00018464696405273216 residual=7.1478268762575317 checked=false stop=running
step=491 time=0.090661659349891996 dt=0.00018464696405273216 residual=7.2218829709455115 checked=false stop=running
step=492 time=0.090846306313944733 dt=0.00018464696405273216 residual=7.2979828414052541 checked=false stop=running
step=493 time=0.09103095327799747 dt=0.00018464696405273216 residual=7.3696397059561445 checked=false stop=running
step=494 time=0.091215600242050207 dt=0.00018464696405273216 residual=7.4341454057962828 checked=false stop=running
step=495 time=0.091400247206102944 dt=0.00018464696405273216 residual=7.5032505034198342 checked=false stop=running
step=496 time=0.091584894170155681 dt=0.00018464696405273216 residual=7.5718202342525123 checked=false stop=running
step=497 time=0.091769541134208418 dt=0.00018464696405273216 residual=7.6331044917349251 checked=false stop=running
step=498 time=0.091954188098261155 dt=0.00018464696405273216 residual=7.6823983054235665 checked=false stop=running
step=499 time=0.092138835062313892 dt=0.00018464696405273216 residual=7.7253847135303895 checked=false stop=running
step=500 time=0.092323482026366629 dt=0.00018464696405273216 residual=7.7722742944877021 checked=false stop=running
step=501 time=0.092508128990419367 dt=0.00018464696405273216 residual=7.8315286326588334 checked=false stop=running
step=502 time=0.092692775954472104 dt=0.00018464696405273216 residual=7.8939670295721172 checked=false stop=running
step=503 time=0.092877422918524841 dt=0.00018464696405273216 residual=7.9519365929872503 checked=false stop=running
step=504 time=0.093062069882577578 dt=0.00018464696405273216 residual=7.9973200743682469 checked=false stop=running
step=505 time=0.093246716846630315 dt=0.00018464696405273216 residual=8.0000019902901336 checked=false stop=running
step=506 time=0.093431363810683052 dt=0.00018464696405273216 residual=8.0010914025115945 checked=false stop=running
step=507 time=0.093616010774735789 dt=0.00018464696405273216 residual=7.9985198111433551 checked=false stop=running
step=508 time=0.093800657738788526 dt=0.00018464696405273216 residual=7.9920608592643472 checked=false stop=running
step=509 time=0.093985304702841263 dt=0.00018464696405273216 residual=7.9828838201461334 checked=false stop=running
step=510 time=0.094169951666894 dt=0.00018464696405273216 residual=7.9631710663516797 checked=false stop=running
step=511 time=0.094354598630946737 dt=0.00018464696405273216 residual=7.9342847687804392 checked=false stop=running
step=512 time=0.094539245594999474 dt=0.00018464696405273216 residual=7.8964050623684159 checked=false stop=running
step=513 time=0.094723892559052211 dt=0.00018464696405273216 residual=7.8487068026027318 checked=false stop=running
step=514 time=0.094908539523104948 dt=0.00018464696405273213 residual=7.78814553503382 checked=false stop=running
step=515 time=0.095093186487157685 dt=0.00018464696405273213 residual=7.7177278766311206 checked=false stop=running
step=516 time=0.095277833451210422 dt=0.00018464696405273213 residual=7.6428651745548377 checked=false stop=running
step=517 time=0.09546248041526316 dt=0.00018464696405273213 residual=7.5548692698313022 checked=false stop=running
step=518 time=0.095647127379315897 dt=0.00018464696405273205 residual=7.4682476720131552 checked=false stop=running
step=519 time=0.095831774343368634 dt=0.00018464696405273205 residual=7.3893427698897627 checked=false stop=running
step=520 time=0.096016421307421371 dt=0.00018464696405273205 residual=7.3222279690658931 checked=false stop=running
step=521 time=0.096201068271474108 dt=0.00018464696405273205 residual=7.2767441963451684 checked=false stop=running
step=522 time=0.096385715235526845 dt=0.00018464696405273213 residual=7.2607889932334828 checked=false stop=running
step=523 time=0.096570362199579582 dt=0.00018464696405273213 residual=7.2750458253467363 checked=false stop=running
step=524 time=0.096755009163632319 dt=0.00018464696405273213 residual=7.3073707912163481 checked=false stop=running
step=525 time=0.096939656127685056 dt=0.00018464696405273216 residual=7.3531735087303938 checked=false stop=running
step=526 time=0.097124303091737793 dt=0.00018464696405273216 residual=7.4104368648344909 checked=false stop=running
step=527 time=0.09730895005579053 dt=0.00018464696405273216 residual=7.4731600747353504 checked=false stop=running
step=528 time=0.097493597019843267 dt=0.00018464696405273216 residual=7.5471023166084112 checked=false stop=running
step=529 time=0.097678243983896004 dt=0.00018464696405273216 residual=7.623331809287726 checked=false stop=running
step=530 time=0.097862890947948741 dt=0.00018464696405273216 residual=7.6919343432752942 checked=false stop=running
step=531 time=0.098047537912001478 dt=0.00018464696405273216 residual=7.7572953456490676 checked=false stop=running
step=532 time=0.098232184876054215 dt=0.00018464696405273216 residual=7.811167348936789 checked=false stop=running
step=533 time=0.098416831840106953 dt=0.00018464696405273213 residual=7.8651671542735535 checked=false stop=running
step=534 time=0.09860147880415969 dt=0.00018464696405273216 residual=7.917514437369058 checked=false stop=running
step=535 time=0.098786125768212427 dt=0.00018464696405273221 residual=7.9583724201320587 checked=false stop=running
step=536 time=0.098970772732265164 dt=0.00018464696405273216 residual=7.9992057130240042 checked=false stop=running
step=537 time=0.099155419696317901 dt=0.00018464696405273221 residual=8.0334022790117139 checked=false stop=running
step=538 time=0.099340066660370638 dt=0.00018464696405273221 residual=8.0597431215894098 checked=false stop=running
step=539 time=0.099524713624423375 dt=0.00018464696405273224 residual=8.0890858470347844 checked=false stop=running
step=540 time=0.099709360588476112 dt=0.00018464696405273224 residual=8.1259877484482583 checked=false stop=running
step=541 time=0.099894007552528849 dt=0.00018464696405273224 residual=8.1665619114630044 checked=false stop=running
step=542 time=0.10007865451658159 dt=0.00018464696405273221 residual=8.2088037998144792 checked=false stop=running
step=543 time=0.10026330148063432 dt=0.00018464696405273221 residual=8.255058359414571 checked=false stop=running
step=544 time=0.10044794844468706 dt=0.00018464696405273213 residual=8.2617007134078619 checked=false stop=running
step=545 time=0.1006325954087398 dt=0.00018464696405273207 residual=8.2496750349562955 checked=false stop=running
step=546 time=0.10081724237279253 dt=0.00018464696405273205 residual=8.2363298420905249 checked=false stop=running
step=547 time=0.10100188933684527 dt=0.00018464696405273199 residual=8.2159576984961795 checked=false stop=running
step=548 time=0.10118653630089801 dt=0.00018464696405273199 residual=8.1875720496371613 checked=false stop=running
step=549 time=0.10137118326495075 dt=0.00018464696405273199 residual=8.1324801029916802 checked=false stop=running
step=550 time=0.10155583022900348 dt=0.00018464696405273197 residual=8.0655384909674535 checked=false stop=running
step=551 time=0.10174047719305622 dt=0.00018464696405273205 residual=7.9924286742173969 checked=false stop=running
step=552 time=0.10192512415710896 dt=0.00018464696405273205 residual=7.9073952418176878 checked=false stop=running
step=553 time=0.10210977112116169 dt=0.00018464696405273205 residual=7.8067281258546588 checked=false stop=running
step=554 time=0.10229441808521443 dt=0.00018464696405273205 residual=7.6963771441217723 checked=false stop=running
step=555 time=0.10247906504926717 dt=0.00018464696405273205 residual=7.5744103348948491 checked=false stop=running
step=556 time=0.1026637120133199 dt=0.00018464696405273216 residual=7.4449685083461548 checked=false stop=running
step=557 time=0.10284835897737264 dt=0.00018464696405273221 residual=7.3173462304909362 checked=false stop=running
step=558 time=0.10303300594142538 dt=0.00018464696405273224 residual=7.1992139599264799 checked=false stop=running
step=559 time=0.10321765290547812 dt=0.00018464696405273216 residual=7.1172615122535641 checked=false stop=running
step=560 time=0.10340229986953085 dt=0.00018464696405273216 residual=7.0731860011222105 checked=false stop=running
step=561 time=0.10358694683358359 dt=0.00018464696405273216 residual=7.0599028640797634 checked=false stop=running
step=562 time=0.10377159379763633 dt=0.00018464696405273221 residual=7.0714265808021519 checked=false stop=running
step=563 time=0.10395624076168906 dt=0.00018464696405273224 residual=7.1063780702603694 checked=false stop=running
step=564 time=0.1041408877257418 dt=0.00018464696405273216 residual=7.1581677931969638 checked=false stop=running
step=565 time=0.10432553468979454 dt=0.00018464696405273216 residual=7.2213849213208645 checked=false stop=running
step=566 time=0.10451018165384728 dt=0.00018464696405273216 residual=7.2978623361795725 checked=false stop=running
step=567 time=0.10469482861790001 dt=0.00018464696405273216 residual=7.376171647736899 checked=false stop=running
step=568 time=0.10487947558195275 dt=0.00018464696405273216 residual=7.4545192715340463 checked=false stop=running
step=569 time=0.10506412254600549 dt=0.00018464696405273216 residual=7.5501066811156008 checked=false stop=running
step=570 time=0.10524876951005822 dt=0.00018464696405273216 residual=7.6338195595783231 checked=false stop=running
step=571 time=0.10543341647411096 dt=0.00018464696405273213 residual=7.7129783849557612 checked=false stop=running
step=572 time=0.1056180634381637 dt=0.00018464696405273207 residual=7.7895367887385163 checked=false stop=running
step=573 time=0.10580271040221643 dt=0.00018464696405273207 residual=7.8521636297296862 checked=false stop=running
step=574 time=0.10598735736626917 dt=0.00018464696405273207 residual=7.9102256922603811 checked=false stop=running
step=575 time=0.10617200433032191 dt=0.00018464696405273213 residual=7.9560157213952278 checked=false stop=running
step=576 time=0.10635665129437465 dt=0.00018464696405273207 residual=7.991239795837398 checked=false stop=running
step=577 time=0.10654129825842738 dt=0.00018464696405273213 residual=8.0334882574847928 checked=false stop=running
step=578 time=0.10672594522248012 dt=0.00018464696405273213 residual=8.0748142687147002 checked=false stop=running
step=579 time=0.10691059218653286 dt=0.00018464696405273213 residual=8.1206874263255795 checked=false stop=running
step=580 time=0.10709523915058559 dt=0.00018464696405273213 residual=8.1695206668237859 checked=false stop=running
step=581 time=0.10727988611463833 dt=0.00018464696405273221 residual=8.2214459712825114 checked=false stop=running
step=582 time=0.10746453307869107 dt=0.00018464696405273221 residual=8.2683424993708083 checked=false stop=running
step=583 time=0.10764918004274381 dt=0.00018464696405273221 residual=8.266126305535737 checked=false stop=running
step=584 time=0.10783382700679654 dt=0.00018464696405273216 residual=8.2637801275289249 checked=false stop=running
step=585 time=0.10801847397084928 dt=0.00018464696405273216 residual=8.2623584180203604 checked=false stop=running
step=586 time=0.10820312093490202 dt=0.00018464696405273216 residual=8.2542997610976077 checked=false stop=running
step=587 time=0.10838776789895475 dt=0.00018464696405273216 residual=8.2412498908074667 checked=false stop=running
step=588 time=0.10857241486300749 dt=0.00018464696405273216 residual=8.2179765883507798 checked=false stop=running
step=589 time=0.10875706182706023 dt=0.00018464696405273216 residual=8.1864481893137064 checked=false stop=running
step=590 time=0.10894170879111297 dt=0.00018464696405273216 residual=8.1401319059572455 checked=false stop=running
step=591 time=0.1091263557551657 dt=0.00018464696405273216 residual=8.0853356564488461 checked=false stop=running
step=592 time=0.10931100271921844 dt=0.00018464696405273216 residual=8.0207713491718824 checked=false stop=running
step=593 time=0.10949564968327118 dt=0.00018464696405273224 residual=7.9430661585143891 checked=false stop=running
step=594 time=0.10968029664732391 dt=0.00018464696405273224 residual=7.8611926271063766 checked=false stop=running
step=595 time=0.10986494361137665 dt=0.00018464696405273221 residual=7.772435343899712 checked=false stop=running
step=596 time=0.11004959057542939 dt=0.00018464696405273224 residual=7.6831888531341344 checked=false stop=running
step=597 time=0.11023423753948212 dt=0.00018464696405273224 residual=7.6127249996182496 checked=false stop=running
step=598 time=0.11041888450353486 dt=0.00018464696405273226 residual=7.5654161621105072 checked=false stop=running
step=599 time=0.1106035314675876 dt=0.00018464696405273232 residual=7.545082545680124 checked=false stop=running
step=600 time=0.11078817843164034 dt=0.00018464696405273226 residual=7.5580892665768022 checked=false stop=running
step=601 time=0.11097282539569307 dt=0.00018464696405273235 residual=7.5977086909543816 checked=false stop=running
step=602 time=0.11115747235974581 dt=0.00018464696405273235 residual=7.6467278749129068 checked=false stop=running
step=603 time=0.11134211932379855 dt=0.00018464696405273235 residual=7.7005157032263245 checked=false stop=running
step=604 time=0.11152676628785128 dt=0.00018464696405273235 residual=7.7644168372404572 checked=false stop=running
step=605 time=0.11171141325190402 dt=0.00018464696405273235 residual=7.8250427489465819 checked=false stop=running
step=606 time=0.11189606021595676 dt=0.00018464696405273226 residual=7.8939518825437469 checked=false stop=running
step=607 time=0.1120807071800095 dt=0.00018464696405273226 residual=7.9633318775267634 checked=false stop=running
step=608 time=0.11226535414406223 dt=0.00018464696405273224 residual=8.0202027812231993 checked=false stop=running
step=609 time=0.11245000110811497 dt=0.00018464696405273221 residual=8.0730465738513502 checked=false stop=running
step=610 time=0.11263464807216771 dt=0.00018464696405273216 residual=8.1167456830414082 checked=false stop=running
step=611 time=0.11281929503622044 dt=0.00018464696405273213 residual=8.1640553639027296 checked=false stop=running
step=612 time=0.11300394200027318 dt=0.00018464696405273213 residual=8.1964483788762621 checked=false stop=running
step=613 time=0.11318858896432592 dt=0.00018464696405273205 residual=8.2197927070764791 checked=false stop=running
step=614 time=0.11337323592837865 dt=0.00018464696405273205 residual=8.2393217049694947 checked=false stop=running
step=615 time=0.11355788289243139 dt=0.00018464696405273205 residual=8.2386035073622068 checked=false stop=running
step=616 time=0.11374252985648413 dt=0.00018464696405273207 residual=8.2296225068599984 checked=false stop=running
step=617 time=0.11392717682053687 dt=0.00018464696405273213 residual=8.2254299463644891 checked=false stop=running
step=618 time=0.1141118237845896 dt=0.00018464696405273216 residual=8.2233872816950928 checked=false stop=running
step=619 time=0.11429647074864234 dt=0.00018464696405273216 residual=8.2232513906498301 checked=false stop=running
step=620 time=0.11448111771269508 dt=0.00018464696405273216 residual=8.2253132389990604 checked=false stop=running
step=621 time=0.11466576467674781 dt=0.00018464696405273224 residual=8.1866640918092344 checked=false stop=running
step=622 time=0.11485041164080055 dt=0.00018464696405273224 residual=8.1487705024805006 checked=false stop=running
step=623 time=0.11503505860485329 dt=0.00018464696405273224 residual=8.1102054250909497 checked=false stop=running
step=624 time=0.11521970556890603 dt=0.00018464696405273226 residual=8.0726495803853666 checked=false stop=running
step=625 time=0.11540435253295876 dt=0.00018464696405273224 residual=8.0421447145557341 checked=false stop=running
step=626 time=0.1155889994970115 dt=0.00018464696405273224 residual=8.0129503717513089 checked=false stop=running
step=627 time=0.11577364646106424 dt=0.00018464696405273224 residual=7.985242935400481 checked=false stop=running
step=628 time=0.11595829342511697 dt=0.00018464696405273224 residual=7.9586119773502819 checked=false stop=running
step=629 time=0.11614294038916971 dt=0.00018464696405273224 residual=7.9208119798091223 checked=false stop=running
step=630 time=0.11632758735322245 dt=0.00018464696405273221 residual=7.8660385926780716 checked=false stop=running
step=631 time=0.11651223431727518 dt=0.00018464696405273221 residual=7.7996586427586143 checked=false stop=running
step=632 time=0.11669688128132792 dt=0.00018464696405273216 residual=7.7160259955186579 checked=false stop=running
step=633 time=0.11688152824538066 dt=0.00018464696405273216 residual=7.6360839249320698 checked=false stop=running
step=634 time=0.1170661752094334 dt=0.00018464696405273221 residual=7.5618367869597698 checked=false stop=running
step=635 time=0.11725082217348613 dt=0.00018464696405273221 residual=7.5068492543073582 checked=false stop=running
step=636 time=0.11743546913753887 dt=0.00018464696405273221 residual=7.4795653472563615 checked=false stop=running
step=637 time=0.11762011610159161 dt=0.00018464696405273226 residual=7.4803435019919879 checked=false stop=running
step=638 time=0.11780476306564434 dt=0.00018464696405273224 residual=7.5037418184766445 checked=false stop=running
step=639 time=0.11798941002969708 dt=0.00018464696405273224 residual=7.5486208708427043 checked=false stop=running
step=640 time=0.11817405699374982 dt=0.00018464696405273226 residual=7.6107324528955962 checked=false stop=running
step=641 time=0.11835870395780256 dt=0.00018464696405273226 residual=7.6782285142785147 checked=false stop=running
step=642 time=0.11854335092185529 dt=0.00018464696405273226 residual=7.7503188162507008 checked=false stop=running
step=643 time=0.11872799788590803 dt=0.00018464696405273224 residual=7.8199554813609584 checked=false stop=running
step=644 time=0.11891264484996077 dt=0.00018464696405273224 residual=7.8904150619622291 checked=false stop=running
step=645 time=0.1190972918140135 dt=0.00018464696405273224 residual=7.959086032397388 checked=false stop=running
step=646 time=0.11928193877806624 dt=0.00018464696405273216 residual=8.0195879899545339 checked=false stop=running
step=647 time=0.11946658574211898 dt=0.00018464696405273213 residual=8.0835997792808278 checked=false stop=running
step=648 time=0.11965123270617171 dt=0.00018464696405273213 residual=8.139316579735441 checked=false stop=running
step=649 time=0.11983587967022445 dt=0.00018464696405273216 residual=8.1811643251787771 checked=false stop=running
step=650 time=0.12002052663427719 dt=0.00018464696405273221 residual=8.2250704213381862 checked=false stop=running
step=651 time=0.12020517359832993 dt=0.00018464696405273216 residual=8.2628185371232323 checked=false stop=running
step=652 time=0.12038982056238266 dt=0.00018464696405273216 residual=8.2968495001541527 checked=false stop=running
step=653 time=0.1205744675264354 dt=0.00018464696405273216 residual=8.3341619550833208 checked=false stop=running
step=654 time=0.12075911449048814 dt=0.00018464696405273216 residual=8.3729076900818598 checked=false stop=running
step=655 time=0.12094376145454087 dt=0.00018464696405273216 residual=8.4182173572009162 checked=false stop=running
step=656 time=0.12112840841859361 dt=0.00018464696405273216 residual=8.4704275779999669 checked=false stop=running
step=657 time=0.12131305538264635 dt=0.00018464696405273216 residual=8.5233553119960987 checked=false stop=running
step=658 time=0.12149770234669909 dt=0.00018464696405273216 residual=8.5436577571123369 checked=false stop=running
step=659 time=0.12168234931075182 dt=0.00018464696405273216 residual=8.539992877219829 checked=false stop=running
step=660 time=0.12186699627480456 dt=0.00018464696405273216 residual=8.5290335655305594 checked=false stop=running
step=661 time=0.1220516432388573 dt=0.00018464696405273224 residual=8.5060297014112649 checked=false stop=running
step=662 time=0.12223629020291003 dt=0.00018464696405273224 residual=8.4823931494209521 checked=false stop=running
step=663 time=0.12242093716696277 dt=0.00018464696405273224 residual=8.45333963634884 checked=false stop=running
step=664 time=0.12260558413101551 dt=0.00018464696405273226 residual=8.4270361843040753 checked=false stop=running
step=665 time=0.12279023109506824 dt=0.00018464696405273226 residual=8.3820974770290491 checked=false stop=running
step=666 time=0.12297487805912098 dt=0.00018464696405273226 residual=8.3274173085255629 checked=false stop=running
step=667 time=0.12315952502317372 dt=0.00018464696405273226 residual=8.257567924719492 checked=false stop=running
step=668 time=0.12334417198722646 dt=0.00018464696405273226 residual=8.1713405677272846 checked=false stop=running
step=669 time=0.12352881895127919 dt=0.00018464696405273226 residual=8.0853676491442315 checked=false stop=running
step=670 time=0.12371346591533193 dt=0.00018464696405273226 residual=8.0032508173873307 checked=false stop=running
step=671 time=0.12389811287938467 dt=0.00018464696405273216 residual=7.9279592722838501 checked=false stop=running
step=672 time=0.1240827598434374 dt=0.00018464696405273213 residual=7.8721790232118183 checked=false stop=running
step=673 time=0.12426740680749014 dt=0.00018464696405273216 residual=7.8400457870108902 checked=false stop=running
step=674 time=0.12445205377154288 dt=0.00018464696405273213 residual=7.8304638918426139 checked=false stop=running
step=675 time=0.12463670073559562 dt=0.00018464696405273213 residual=7.8459379470474673 checked=false stop=running
step=676 time=0.12482134769964835 dt=0.00018464696405273205 residual=7.8826043903451426 checked=false stop=running
step=677 time=0.12500599466370108 dt=0.00018464696405273207 residual=7.9249485695937532 checked=false stop=running
step=678 time=0.12519064162775381 dt=0.00018464696405273207 residual=7.9768501613860012 checked=false stop=running
step=679 time=0.12537528859180655 dt=0.00018464696405273213 residual=8.0328462312725719 checked=false stop=running
step=680 time=0.12555993555585929 dt=0.00018464696405273216 residual=8.0876785389030985 checked=false stop=running
step=681 time=0.12574458251991202 dt=0.00018464696405273221 residual=8.1187357087999281 checked=false stop=running
step=682 time=0.12592922948396476 dt=0.00018464696405273224 residual=8.1535864073196898 checked=false stop=running
step=683 time=0.1261138764480175 dt=0.00018464696405273224 residual=8.1784018169147625 checked=false stop=running
step=684 time=0.12629852341207023 dt=0.00018464696405273224 residual=8.1805904105997698 checked=false stop=running
step=685 time=0.12648317037612297 dt=0.00018464696405273221 residual=8.1688693718052594 checked=false stop=running
step=686 time=0.12666781734017571 dt=0.00018464696405273221 residual=8.1559752868211568 checked=false stop=running
step=687 time=0.12685246430422845 dt=0.00018464696405273216 residual=8.1448462079130977 checked=false stop=running
step=688 time=0.12703711126828118 dt=0.00018464696405273216 residual=8.1430128869381448 checked=false stop=running
step=689 time=0.12722175823233392 dt=0.00018464696405273216 residual=8.1479433464316244 checked=false stop=running
step=690 time=0.12740640519638666 dt=0.00018464696405273216 residual=8.1668884652645914 checked=false stop=running
step=691 time=0.12759105216043939 dt=0.00018464696405273216 residual=8.1939803896533476 checked=false stop=running
step=692 time=0.12777569912449213 dt=0.00018464696405273216 residual=8.2331039958784729 checked=false stop=running
step=693 time=0.12796034608854487 dt=0.00018464696405273216 residual=8.2771216960316867 checked=false stop=running
step=694 time=0.12814499305259761 dt=0.00018464696405273216 residual=8.3238411281527096 checked=false stop=running
step=695 time=0.12832964001665034 dt=0.00018464696405273213 residual=8.328323343566435 checked=false stop=running
step=696 time=0.12851428698070308 dt=0.00018464696405273213 residual=8.3287036638293053 checked=false stop=running
step=697 time=0.12869893394475582 dt=0.00018464696405273216 residual=8.3235266451003174 checked=false stop=running
step=698 time=0.12888358090880855 dt=0.00018464696405273216 residual=8.3113966011418192 checked=false stop=running
step=699 time=0.12906822787286129 dt=0.00018464696405273216 residual=8.3054980147064281 checked=false stop=running
step=700 time=0.12925287483691403 dt=0.00018464696405273216 residual=8.2901641931898329 checked=false stop=running
step=701 time=0.12943752180096676 dt=0.00018464696405273224 residual=8.2679449937650062 checked=false stop=running
step=702 time=0.1296221687650195 dt=0.00018464696405273226 residual=8.2359906272438081 checked=false stop=running
step=703 time=0.12980681572907224 dt=0.00018464696405273226 residual=8.1795302508225198 checked=false stop=running
step=704 time=0.12999146269312498 dt=0.00018464696405273226 residual=8.1190751612116401 checked=false stop=running
step=705 time=0.13017610965717771 dt=0.00018464696405273226 residual=8.0501446238621632 checked=false stop=running
step=706 time=0.13036075662123045 dt=0.00018464696405273226 residual=7.9850422268103118 checked=false stop=running
step=707 time=0.13054540358528319 dt=0.00018464696405273235 residual=7.9265203132715456 checked=false stop=running
step=708 time=0.13073005054933592 dt=0.00018464696405273235 residual=7.880223623296386 checked=false stop=running
step=709 time=0.13091469751338866 dt=0.00018464696405273235 residual=7.8495640306409262 checked=false stop=running
step=710 time=0.1310993444774414 dt=0.00018464696405273235 residual=7.8403317937301678 checked=false stop=running
step=711 time=0.13128399144149414 dt=0.00018464696405273232 residual=7.8567879121522424 checked=false stop=running
step=712 time=0.13146863840554687 dt=0.00018464696405273226 residual=7.8885279356095426 checked=false stop=running
step=713 time=0.13165328536959961 dt=0.00018464696405273224 residual=7.9401018845151583 checked=false stop=running
step=714 time=0.13183793233365235 dt=0.00018464696405273226 residual=7.9984101159483494 checked=false stop=running
step=715 time=0.13202257929770508 dt=0.00018464696405273216 residual=8.0629927898208678 checked=false stop=running
step=716 time=0.13220722626175782 dt=0.00018464696405273216 residual=8.1343220248243799 checked=false stop=running
step=717 time=0.13239187322581056 dt=0.00018464696405273216 residual=8.1995599779626112 checked=false stop=running
step=718 time=0.1325765201898633 dt=0.00018464696405273221 residual=8.2647408818523012 checked=false stop=running
step=719 time=0.13276116715391603 dt=0.00018464696405273224 residual=8.3220007575990511 checked=false stop=running
step=720 time=0.13294581411796877 dt=0.00018464696405273224 residual=8.3746152747616058 checked=false stop=running
step=721 time=0.13313046108202151 dt=0.00018464696405273224 residual=8.4165052349252711 checked=false stop=running
step=722 time=0.13331510804607424 dt=0.00018464696405273224 residual=8.4576373629375627 checked=false stop=running
step=723 time=0.13349975501012698 dt=0.00018464696405273226 residual=8.4982524974497835 checked=false stop=running
step=724 time=0.13368440197417972 dt=0.00018464696405273226 residual=8.5351019719880554 checked=false stop=running
step=725 time=0.13386904893823245 dt=0.00018464696405273226 residual=8.5740918304553162 checked=false stop=running
step=726 time=0.13405369590228519 dt=0.00018464696405273226 residual=8.6115181605688065 checked=false stop=running
step=727 time=0.13423834286633793 dt=0.00018464696405273226 residual=8.663849954110967 checked=false stop=running
step=728 time=0.13442298983039067 dt=0.00018464696405273226 residual=8.7226329257769333 checked=false stop=running
step=729 time=0.1346076367944434 dt=0.00018464696405273216 residual=8.7720388124665263 checked=false stop=running
step=730 time=0.13479228375849614 dt=0.00018464696405273216 residual=8.8064235538273987 checked=false stop=running
step=731 time=0.13497693072254888 dt=0.00018464696405273216 residual=8.7966745157092738 checked=false stop=running
step=732 time=0.13516157768660161 dt=0.00018464696405273216 residual=8.7824308898999401 checked=false stop=running
step=733 time=0.13534622465065435 dt=0.00018464696405273213 residual=8.7626239358142346 checked=false stop=running
step=734 time=0.13553087161470709 dt=0.00018464696405273213 residual=8.7417985366491173 checked=false stop=running
step=735 time=0.13571551857875983 dt=0.00018464696405273213 residual=8.7067911991785802 checked=false stop=running
step=736 time=0.13590016554281256 dt=0.00018464696405273213 residual=8.6630736389369662 checked=false stop=running
step=737 time=0.1360848125068653 dt=0.00018464696405273207 residual=8.6051175770289863 checked=false stop=running
step=738 time=0.13626945947091804 dt=0.00018464696405273207 residual=8.5416276444201458 checked=false stop=running
step=739 time=0.13645410643497077 dt=0.00018464696405273205 residual=8.4642416750934029 checked=false stop=running
step=740 time=0.13663875339902351 dt=0.00018464696405273213 residual=8.382538302639464 checked=false stop=running
step=741 time=0.13682340036307625 dt=0.00018464696405273213 residual=8.300641238306401 checked=false stop=running
step=742 time=0.13700804732712898 dt=0.00018464696405273216 residual=8.2192525284085534 checked=false stop=running
step=743 time=0.13719269429118172 dt=0.00018464696405273216 residual=8.1457389380108438 checked=false stop=running
step=744 time=0.13737734125523446 dt=0.00018464696405273216 residual=8.0842068554329014 checked=false stop=running
step=745 time=0.1375619882192872 dt=0.00018464696405273224 residual=8.0259919933227444 checked=false stop=running
step=746 time=0.13774663518333993 dt=0.00018464696405273216 residual=7.9856197171136314 checked=false stop=running
step=747 time=0.13793128214739267 dt=0.00018464696405273216 residual=7.9550563637164045 checked=false stop=running
step=748 time=0.13811592911144541 dt=0.00018464696405273216 residual=7.940504764368991 checked=false stop=running
step=749 time=0.13830057607549814 dt=0.00018464696405273221 residual=7.9400543731984765 checked=false stop=running
step=750 time=0.13848522303955088 dt=0.00018464696405273216 residual=7.960143210514536 checked=false stop=running
step=751 time=0.13866987000360362 dt=0.00018464696405273216 residual=7.9974902234815195 checked=false stop=running
step=752 time=0.13885451696765636 dt=0.00018464696405273213 residual=8.0495366615835291 checked=false stop=running
step=753 time=0.13903916393170909 dt=0.00018464696405273205 residual=8.0956452443234532 checked=false stop=running
step=754 time=0.13922381089576183 dt=0.00018464696405273205 residual=8.1473621942776333 checked=false stop=running
step=755 time=0.13940845785981457 dt=0.00018464696405273194 residual=8.1900774335291651 checked=false stop=running
step=756 time=0.1395931048238673 dt=0.00018464696405273188 residual=8.2283646329547491 checked=false stop=running
step=757 time=0.13977775178792004 dt=0.00018464696405273188 residual=8.2656478427602789 checked=false stop=running
step=758 time=0.13996239875197278 dt=0.00018464696405273186 residual=8.3081504967245063 checked=false stop=running
step=759 time=0.14014704571602551 dt=0.00018464696405273186 residual=8.3450257190086319 checked=false stop=running
step=760 time=0.14033169268007825 dt=0.00018464696405273194 residual=8.392151761568396 checked=false stop=running
step=761 time=0.14051633964413099 dt=0.00018464696405273194 residual=8.4382704637530637 checked=false stop=running
step=762 time=0.14070098660818373 dt=0.00018464696405273205 residual=8.4844001393606732 checked=false stop=running
step=763 time=0.14088563357223646 dt=0.00018464696405273205 residual=8.5367852627059779 checked=false stop=running
step=764 time=0.1410702805362892 dt=0.00018464696405273205 residual=8.5854017205877984 checked=false stop=running
step=765 time=0.14125492750034194 dt=0.00018464696405273213 residual=8.6352100100574329 checked=false stop=running
step=766 time=0.14143957446439467 dt=0.00018464696405273213 residual=8.6643125064711146 checked=false stop=running
step=767 time=0.14162422142844741 dt=0.00018464696405273205 residual=8.6712115975648469 checked=false stop=running
step=768 time=0.14180886839250015 dt=0.00018464696405273205 residual=8.6775056964477209 checked=false stop=running
step=769 time=0.14199351535655289 dt=0.00018464696405273205 residual=8.6686345436450836 checked=false stop=running
step=770 time=0.14217816232060562 dt=0.00018464696405273205 residual=8.6517350998841991 checked=false stop=running
step=771 time=0.14236280928465836 dt=0.00018464696405273205 residual=8.6165603466818474 checked=false stop=running
step=772 time=0.1425474562487111 dt=0.00018464696405273205 residual=8.5758535693408167 checked=false stop=running
step=773 time=0.14273210321276383 dt=0.00018464696405273199 residual=8.5185648680746713 checked=false stop=running
step=774 time=0.14291675017681657 dt=0.00018464696405273197 residual=8.4635686785615736 checked=false stop=running
step=775 time=0.14310139714086931 dt=0.00018464696405273199 residual=8.4015005133357263 checked=false stop=running
step=776 time=0.14328604410492204 dt=0.00018464696405273199 residual=8.3416832808050909 checked=false stop=running
step=777 time=0.14347069106897478 dt=0.00018464696405273205 residual=8.2742258340178694 checked=false stop=running
step=778 time=0.14365533803302752 dt=0.00018464696405273199 residual=8.2135436468270271 checked=false stop=running
step=779 time=0.14383998499708026 dt=0.00018464696405273199 residual=8.173080167718652 checked=false stop=running
step=780 time=0.14402463196113299 dt=0.00018464696405273199 residual=8.1540772267720474 checked=false stop=running
step=781 time=0.14420927892518573 dt=0.00018464696405273205 residual=8.1437390655353301 checked=false stop=running
step=782 time=0.14439392588923847 dt=0.00018464696405273205 residual=8.1535110483833826 checked=false stop=running
step=783 time=0.1445785728532912 dt=0.00018464696405273197 residual=8.1814023378391205 checked=false stop=running
step=784 time=0.14476321981734394 dt=0.00018464696405273197 residual=8.2281361849794035 checked=false stop=running
step=785 time=0.14494786678139668 dt=0.00018464696405273197 residual=8.2919623987169597 checked=false stop=running
step=786 time=0.14513251374544942 dt=0.00018464696405273197 residual=8.3663351682310605 checked=false stop=running
step=787 time=0.14531716070950215 dt=0.00018464696405273197 residual=8.4296952198573223 checked=false stop=running
step=788 time=0.14550180767355489 dt=0.00018464696405273197 residual=8.4840787566956664 checked=false stop=running
step=789 time=0.14568645463760763 dt=0.00018464696405273205 residual=8.5315200492001964 checked=false stop=running
step=790 time=0.14587110160166036 dt=0.00018464696405273205 residual=8.5755878796454201 checked=false stop=running
step=791 time=0.1460557485657131 dt=0.00018464696405273207 residual=8.6185008571691242 checked=false stop=running
step=792 time=0.14624039552976584 dt=0.00018464696405273216 residual=8.6649351173252693 checked=false stop=running
step=793 time=0.14642504249381857 dt=0.00018464696405273216 residual=8.7105614953936481 checked=false stop=running
step=794 time=0.14660968945787131 dt=0.00018464696405273216 residual=8.750245855959184 checked=false stop=running
step=795 time=0.14679433642192405 dt=0.00018464696405273216 residual=8.7969568702523731 checked=false stop=running
step=796 time=0.14697898338597679 dt=0.00018464696405273224 residual=8.8559278140687585 checked=false stop=running
step=797 time=0.14716363035002952 dt=0.00018464696405273226 residual=8.9181608358726496 checked=false stop=running
step=798 time=0.14734827731408226 dt=0.00018464696405273226 residual=8.9693220561676004 checked=false stop=running
step=799 time=0.147532924278135 dt=0.00018464696405273224 residual=9.0121099297705971 checked=false stop=running
step=800 time=0.14771757124218773 dt=0.00018464696405273226 residual=9.0465175104471669 checked=false stop=running
step=801 time=0.14790221820624047 dt=0.00018464696405273226 residual=9.0543278654221133 checked=false stop=running
step=802 time=0.14808686517029321 dt=0.00018464696405273226 residual=9.0519726944035259 checked=false stop=running
step=803 time=0.14827151213434595 dt=0.00018464696405273226 residual=9.0420714342518149 checked=false stop=running
step=804 time=0.14845615909839868 dt=0.00018464696405273226 residual=9.0015733204298076 checked=false stop=running
step=805 time=0.14864080606245142 dt=0.00018464696405273226 residual=8.9435573920655713 checked=false stop=running
step=806 time=0.14882545302650416 dt=0.00018464696405273226 residual=8.8756443901887412 checked=false stop=running
step=807 time=0.14901009999055689 dt=0.00018464696405273226 residual=8.7959045734057142 checked=false stop=running
step=808 time=0.14919474695460963 dt=0.00018464696405273226 residual=8.6871040831895296 checked=false stop=running
step=809 time=0.14937939391866237 dt=0.00018464696405273226 residual=8.576577804642648 checked=false stop=running
step=810 time=0.1495640408827151 dt=0.00018464696405273221 residual=8.4642692686891543 checked=false stop=running
step=811 time=0.14974868784676784 dt=0.00018464696405273221 residual=8.3457330385616579 checked=false stop=running
step=812 time=0.14993333481082058 dt=0.00018464696405273221 residual=8.2373594340190426 checked=false stop=running
step=813 time=0.15011798177487332 dt=0.00018464696405273221 residual=8.1390085444226461 checked=false stop=running
step=814 time=0.15030262873892605 dt=0.00018464696405273216 residual=8.0639036179517589 checked=false stop=running
step=815 time=0.15048727570297879 dt=0.00018464696405273221 residual=8.0112184901748655 checked=false stop=running
step=816 time=0.15067192266703153 dt=0.00018464696405273216 residual=7.9873206967525814 checked=false stop=running
step=817 time=0.15085656963108426 dt=0.00018464696405273216 residual=7.9981945957506211 checked=false stop=running
step=818 time=0.151041216595137 dt=0.00018464696405273216 residual=8.0436222743941972 checked=false stop=running
step=819 time=0.15122586355918974 dt=0.00018464696405273216 residual=8.1124804366578687 checked=false stop=running
step=820 time=0.15141051052324248 dt=0.00018464696405273213 residual=8.184801226429915 checked=false stop=running
step=821 time=0.15159515748729521 dt=0.00018464696405273216 residual=8.2485889839578483 checked=false stop=running
step=822 time=0.15177980445134795 dt=0.00018464696405273216 residual=8.3036681573366344 checked=false stop=running
step=823 time=0.15196445141540069 dt=0.00018464696405273221 residual=8.3538216527967979 checked=false stop=running
step=824 time=0.15214909837945342 dt=0.00018464696405273216 residual=8.412771067112228 checked=false stop=running
step=825 time=0.15233374534350616 dt=0.00018464696405273216 residual=8.4681539236871579 checked=false stop=running
step=826 time=0.1525183923075589 dt=0.00018464696405273216 residual=8.5229291838124297 checked=false stop=running
step=827 time=0.15270303927161163 dt=0.00018464696405273216 residual=8.5849406026078281 checked=false stop=running
step=828 time=0.15288768623566437 dt=0.00018464696405273216 residual=8.6449862759599778 checked=false stop=running
step=829 time=0.15307233319971711 dt=0.00018464696405273216 residual=8.7102071088238304 checked=false stop=running
step=830 time=0.15325698016376985 dt=0.00018464696405273216 residual=8.7740770556821346 checked=false stop=running
step=831 time=0.15344162712782258 dt=0.00018464696405273216 residual=8.8306134313268689 checked=false stop=running
step=832 time=0.15362627409187532 dt=0.00018464696405273216 residual=8.8817273971457826 checked=false stop=running
step=833 time=0.15381092105592806 dt=0.00018464696405273221 residual=8.9287711642826455 checked=false stop=running
step=834 time=0.15399556801998079 dt=0.00018464696405273216 residual=8.9829345722340346 checked=false stop=running
step=835 time=0.15418021498403353 dt=0.00018464696405273216 residual=9.0106689338905532 checked=false stop=running
step=836 time=0.15436486194808627 dt=0.00018464696405273216 residual=9.0270703283071096 checked=false stop=running
step=837 time=0.15454950891213901 dt=0.00018464696405273216 residual=9.0230736526786561 checked=false stop=running
step=838 time=0.15473415587619174 dt=0.00018464696405273216 residual=8.9943504535898349 checked=false stop=running
step=839 time=0.15491880284024448 dt=0.00018464696405273216 residual=8.953694052198923 checked=false stop=running
step=840 time=0.15510344980429722 dt=0.00018464696405273207 residual=8.9071938463339606 checked=false stop=running
step=841 time=0.15528809676834995 dt=0.00018464696405273213 residual=8.8606537743876004 checked=false stop=running
step=842 time=0.15547274373240269 dt=0.00018464696405273213 residual=8.8100012362843287 checked=false stop=running
step=843 time=0.15565739069645543 dt=0.00018464696405273207 residual=8.7480132903120218 checked=false stop=running
step=844 time=0.15584203766050816 dt=0.00018464696405273213 residual=8.6849169544842244 checked=false stop=running
step=845 time=0.1560266846245609 dt=0.00018464696405273216 residual=8.6261478824519653 checked=false stop=running
step=846 time=0.15621133158861364 dt=0.00018464696405273224 residual=8.571940362809114 checked=false stop=running
step=847 time=0.15639597855266638 dt=0.00018464696405273226 residual=8.516463088972257 checked=false stop=running
step=848 time=0.15658062551671911 dt=0.00018464696405273226 residual=8.4711681479963303 checked=false stop=running
step=849 time=0.15676527248077185 dt=0.00018464696405273235 residual=8.4353484137651673 checked=false stop=running
step=850 time=0.15694991944482459 dt=0.0001846469640527324 residual=8.4384982098916499 checked=false stop=running
step=851 time=0.15713456640887732 dt=0.0001846469640527324 residual=8.4677005165646158 checked=false stop=running
step=852 time=0.15731921337293006 dt=0.0001846469640527324 residual=8.5079399083811751 checked=false stop=running
step=853 time=0.1575038603369828 dt=0.0001846469640527324 residual=8.5451655274102922 checked=false stop=running
step=854 time=0.15768850730103554 dt=0.00018464696405273235 residual=8.5743931229128822 checked=false stop=running
step=855 time=0.15787315426508827 dt=0.00018464696405273232 residual=8.6139357451361001 checked=false stop=running
step=856 time=0.15805780122914101 dt=0.00018464696405273221 residual=8.6566868006723805 checked=false stop=running
step=857 time=0.15824244819319375 dt=0.00018464696405273216 residual=8.7007405318450832 checked=false stop=running
step=858 time=0.15842709515724648 dt=0.00018464696405273216 residual=8.7575517275003687 checked=false stop=running
step=859 time=0.15861174212129922 dt=0.00018464696405273213 residual=8.8106461610505136 checked=false stop=running
step=860 time=0.15879638908535196 dt=0.00018464696405273205 residual=8.8656605143195932 checked=false stop=running
step=861 time=0.15898103604940469 dt=0.00018464696405273205 residual=8.9307849972548627 checked=false stop=running
step=862 time=0.15916568301345743 dt=0.00018464696405273205 residual=8.9920375770996355 checked=false stop=running
step=863 time=0.15935032997751017 dt=0.00018464696405273205 residual=9.0491291177089845 checked=false stop=running
step=864 time=0.15953497694156291 dt=0.00018464696405273199 residual=9.0994535571464912 checked=false stop=running
step=865 time=0.15971962390561564 dt=0.00018464696405273199 residual=9.1499605242050635 checked=false stop=running
step=866 time=0.15990427086966838 dt=0.00018464696405273205 residual=9.2060019997796605 checked=false stop=running
step=867 time=0.16008891783372112 dt=0.00018464696405273205 residual=9.2684435757392922 checked=false stop=running
step=868 time=0.16027356479777385 dt=0.00018464696405273213 residual=9.3073978933523698 checked=false stop=running
step=869 time=0.16045821176182659 dt=0.00018464696405273216 residual=9.2877662056178902 checked=false stop=running
step=870 time=0.16064285872587933 dt=0.00018464696405273216 residual=9.2270726216508532 checked=false stop=running
step=871 time=0.16082750568993207 dt=0.00018464696405273224 residual=9.1515514720381077 checked=false stop=running
step=872 time=0.1610121526539848 dt=0.00018464696405273226 residual=9.0625917276431629 checked=false stop=running
step=873 time=0.16119679961803754 dt=0.00018464696405273226 residual=8.9683915238977256 checked=false stop=running
step=874 time=0.16138144658209028 dt=0.00018464696405273224 residual=8.8692817897663829 checked=false stop=running
step=875 time=0.16156609354614301 dt=0.00018464696405273224 residual=8.7748652986432365 checked=false stop=running
step=876 time=0.16175074051019575 dt=0.00018464696405273226 residual=8.6965743923190235 checked=false stop=running
step=877 time=0.16193538747424849 dt=0.00018464696405273224 residual=8.6215808895089712 checked=false stop=running
step=878 time=0.16212003443830122 dt=0.00018464696405273226 residual=8.5417215249019147 checked=false stop=running
step=879 time=0.16230468140235396 dt=0.00018464696405273224 residual=8.4590083676256747 checked=false stop=running
step=880 time=0.1624893283664067 dt=0.00018464696405273224 residual=8.3854164039571639 checked=false stop=running
step=881 time=0.16267397533045944 dt=0.00018464696405273216 residual=8.3323033060045333 checked=false stop=running
step=882 time=0.16285862229451217 dt=0.00018464696405273216 residual=8.3202911041294101 checked=false stop=running
step=883 time=0.16304326925856491 dt=0.00018464696405273216 residual=8.3269044557766279 checked=false stop=running
step=884 time=0.16322791622261765 dt=0.00018464696405273213 residual=8.3467014418074115 checked=false stop=running
step=885 time=0.16341256318667038 dt=0.00018464696405273216 residual=8.3674018078587427 checked=false stop=running
step=886 time=0.16359721015072312 dt=0.00018464696405273213 residual=8.3953274027619234 checked=false stop=running
step=887 time=0.16378185711477586 dt=0.00018464696405273207 residual=8.4353279203820168 checked=false stop=running
step=888 time=0.1639665040788286 dt=0.00018464696405273207 residual=8.4898484936654786 checked=false stop=running
step=889 time=0.16415115104288133 dt=0.00018464696405273207 residual=8.5407531443854765 checked=false stop=running
step=890 time=0.16433579800693407 dt=0.00018464696405273213 residual=8.5980222385515894 checked=false stop=running
step=891 time=0.16452044497098681 dt=0.00018464696405273207 residual=8.6566312781918135 checked=false stop=running
step=892 time=0.16470509193503954 dt=0.00018464696405273207 residual=8.7192156315806866 checked=false stop=running
step=893 time=0.16488973889909228 dt=0.00018464696405273205 residual=8.7852318348617899 checked=false stop=running
step=894 time=0.16507438586314502 dt=0.00018464696405273205 residual=8.8400737322196044 checked=false stop=running
step=895 time=0.16525903282719775 dt=0.00018464696405273199 residual=8.8992898330483996 checked=false stop=running
step=896 time=0.16544367979125049 dt=0.00018464696405273199 residual=8.9543056136349772 checked=false stop=running
step=897 time=0.16562832675530323 dt=0.00018464696405273194 residual=9.0095288934848021 checked=false stop=running
step=898 time=0.16581297371935597 dt=0.00018464696405273194 residual=9.0808876477122276 checked=false stop=running
step=899 time=0.1659976206834087 dt=0.00018464696405273188 residual=9.1490975444623572 checked=false stop=running
step=900 time=0.16618226764746144 dt=0.00018464696405273194 residual=9.2090288644529057 checked=false stop=running
step=901 time=0.16636691461151418 dt=0.00018464696405273194 residual=9.2392558986207973 checked=false stop=running
step=902 time=0.16655156157556691 dt=0.00018464696405273194 residual=9.2449872868054577 checked=false stop=running
step=903 time=0.16673620853961965 dt=0.00018464696405273205 residual=9.2458959921647796 checked=false stop=running
step=904 time=0.16692085550367239 dt=0.00018464696405273205 residual=9.2339613615517635 checked=false stop=running
step=905 time=0.16710550246772513 dt=0.00018464696405273205 residual=9.2116797029984294 checked=false stop=running
step=906 time=0.16729014943177786 dt=0.00018464696405273205 residual=9.1787061437447885 checked=false stop=running
step=907 time=0.1674747963958306 dt=0.00018464696405273205 residual=9.1428727997617543 checked=false stop=running
step=908 time=0.16765944335988334 dt=0.00018464696405273199 residual=9.110892768991695 checked=false stop=running
step=909 time=0.16784409032393607 dt=0.00018464696405273199 residual=9.0703014782822873 checked=false stop=running
step=910 time=0.16802873728798881 dt=0.00018464696405273205 residual=9.0162134608169104 checked=false stop=running
step=911 time=0.16821338425204155 dt=0.00018464696405273205 residual=8.9561840424633647 checked=false stop=running
step=912 time=0.16839803121609428 dt=0.00018464696405273205 residual=8.8925046466417452 checked=false stop=running
step=913 time=0.16858267818014702 dt=0.00018464696405273205 residual=8.8464907707308313 checked=false stop=running
step=914 time=0.16876732514419976 dt=0.00018464696405273205 residual=8.8199587902974965 checked=false stop=running
step=915 time=0.1689519721082525 dt=0.00018464696405273199 residual=8.7983139870217091 checked=false stop=running
step=916 time=0.16913661907230523 dt=0.00018464696405273199 residual=8.7724033180438159 checked=false stop=running
step=917 time=0.16932126603635797 dt=0.00018464696405273197 residual=8.7428752209848142 checked=false stop=running
step=918 time=0.16950591300041071 dt=0.00018464696405273197 residual=8.7336357736003549 checked=false stop=running
step=919 time=0.16969055996446344 dt=0.00018464696405273199 residual=8.7335691203575632 checked=false stop=running
step=920 time=0.16987520692851618 dt=0.00018464696405273199 residual=8.7489912198806383 checked=false stop=running
step=921 time=0.17005985389256892 dt=0.00018464696405273199 residual=8.7756974426934899 checked=false stop=running
step=922 time=0.17024450085662166 dt=0.00018464696405273199 residual=8.8098582859266905 checked=false stop=running
step=923 time=0.17042914782067439 dt=0.00018464696405273199 residual=8.8616060413364597 checked=false stop=running
step=924 time=0.17061379478472713 dt=0.00018464696405273199 residual=8.9252928265507698 checked=false stop=running
step=925 time=0.17079844174877987 dt=0.00018464696405273199 residual=8.983008821471314 checked=false stop=running
step=926 time=0.1709830887128326 dt=0.00018464696405273205 residual=9.0390032118503463 checked=false stop=running
step=927 time=0.17116773567688534 dt=0.00018464696405273205 residual=9.0943793974145137 checked=false stop=running
step=928 time=0.17135238264093808 dt=0.00018464696405273213 residual=9.16562227147665 checked=false stop=running
step=929 time=0.17153702960499081 dt=0.00018464696405273216 residual=9.2483075107963568 checked=false stop=running
step=930 time=0.17172167656904355 dt=0.00018464696405273216 residual=9.2983917689508981 checked=false stop=running
step=931 time=0.17190632353309629 dt=0.00018464696405273216 residual=9.3272464429775255 checked=false stop=running
step=932 time=0.17209097049714903 dt=0.00018464696405273224 residual=9.325135479210001 checked=false stop=running
step=933 time=0.17227561746120176 dt=0.00018464696405273224 residual=9.3012031459635551 checked=false stop=running
step=934 time=0.1724602644252545 dt=0.00018464696405273224 residual=9.2561166356987563 checked=false stop=running
step=935 time=0.17264491138930724 dt=0.00018464696405273224 residual=9.2003593292727821 checked=false stop=running
step=936 time=0.17282955835335997 dt=0.00018464696405273224 residual=9.1385240729294388 checked=false stop=running
step=937 time=0.17301420531741271 dt=0.00018464696405273224 residual=9.0759397635686963 checked=false stop=running
step=938 time=0.17319885228146545 dt=0.00018464696405273221 residual=9.0329952455862017 checked=false stop=running
step=939 time=0.17338349924551819 dt=0.00018464696405273216 residual=9.0062429536105917 checked=false stop=running
step=940 time=0.17356814620957092 dt=0.00018464696405273216 residual=8.9746562098602958 checked=false stop=running
step=941 time=0.17375279317362366 dt=0.00018464696405273205 residual=8.9304293684029261 checked=false stop=running
step=942 time=0.1739374401376764 dt=0.00018464696405273205 residual=8.8900637369869404 checked=false stop=running
step=943 time=0.17412208710172913 dt=0.00018464696405273199 residual=8.8591070135372512 checked=false stop=running
step=944 time=0.17430673406578187 dt=0.00018464696405273194 residual=8.8385096697439387 checked=false stop=running
step=945 time=0.17449138102983461 dt=0.00018464696405273194 residual=8.8232706051940948 checked=false stop=running
step=946 time=0.17467602799388735 dt=0.00018464696405273194 residual=8.7963438017393791 checked=false stop=running
step=947 time=0.17486067495794008 dt=0.00018464696405273194 residual=8.7617799755678121 checked=false stop=running
step=948 time=0.17504532192199282 dt=0.00018464696405273194 residual=8.7237209881035813 checked=false stop=running
step=949 time=0.17522996888604556 dt=0.00018464696405273194 residual=8.6988809010794839 checked=false stop=running
step=950 time=0.17541461585009829 dt=0.00018464696405273194 residual=8.6942812537068619 checked=false stop=running
step=951 time=0.17559926281415103 dt=0.00018464696405273194 residual=8.7001380931417387 checked=false stop=running
step=952 time=0.17578390977820377 dt=0.00018464696405273199 residual=8.7168493192494605 checked=false stop=running
step=953 time=0.1759685567422565 dt=0.00018464696405273205 residual=8.7469606789979579 checked=false stop=running
step=954 time=0.17615320370630924 dt=0.00018464696405273205 residual=8.7818617280857065 checked=false stop=running
step=955 time=0.17633785067036198 dt=0.00018464696405273205 residual=8.8298009888255979 checked=false stop=running
step=956 time=0.17652249763441472 dt=0.00018464696405273205 residual=8.8740257532531466 checked=false stop=running
step=957 time=0.17670714459846745 dt=0.00018464696405273213 residual=8.9344836880792471 checked=false stop=running
step=958 time=0.17689179156252019 dt=0.00018464696405273216 residual=8.999046473223256 checked=false stop=running
step=959 time=0.17707643852657293 dt=0.00018464696405273221 residual=9.0837957682870449 checked=false stop=running
step=960 time=0.17726108549062566 dt=0.00018464696405273224 residual=9.1695554429808102 checked=false stop=running
step=961 time=0.1774457324546784 dt=0.00018464696405273226 residual=9.2478907136120174 checked=false stop=running
step=962 time=0.17763037941873114 dt=0.00018464696405273226 residual=9.3050272688014246 checked=false stop=running
step=963 time=0.17781502638278388 dt=0.00018464696405273226 residual=9.3369117830017654 checked=false stop=running
step=964 time=0.17799967334683661 dt=0.00018464696405273226 residual=9.3592636045745632 checked=false stop=running
step=965 time=0.17818432031088935 dt=0.00018464696405273226 residual=9.3774076276915572 checked=false stop=running
step=966 time=0.17836896727494209 dt=0.00018464696405273235 residual=9.3829862681933882 checked=false stop=running
step=967 time=0.17855361423899482 dt=0.00018464696405273235 residual=9.3949783471000519 checked=false stop=running
step=968 time=0.17873826120304756 dt=0.00018464696405273235 residual=9.4065931732967627 checked=false stop=running
step=969 time=0.1789229081671003 dt=0.00018464696405273235 residual=9.4048014965538336 checked=false stop=running
step=970 time=0.17910755513115303 dt=0.00018464696405273235 residual=9.3996910887157412 checked=false stop=running
step=971 time=0.17929220209520577 dt=0.00018464696405273226 residual=9.3883032114884397 checked=false stop=running
step=972 time=0.17947684905925851 dt=0.00018464696405273224 residual=9.380998582325347 checked=false stop=running
step=973 time=0.17966149602331125 dt=0.00018464696405273224 residual=9.3736247357140385 checked=false stop=running
step=974 time=0.17984614298736398 dt=0.00018464696405273224 residual=9.3588239643971463 checked=false stop=running
step=975 time=0.18003078995141672 dt=0.00018464696405273221 residual=9.3377184662073365 checked=false stop=running
step=976 time=0.18021543691546946 dt=0.00018464696405273216 residual=9.2951068677808859 checked=false stop=running
step=977 time=0.18040008387952219 dt=0.00018464696405273216 residual=9.2308648973581153 checked=false stop=running
step=978 time=0.18058473084357493 dt=0.00018464696405273224 residual=9.1377957924905076 checked=false stop=running
step=979 time=0.18076937780762767 dt=0.00018464696405273216 residual=9.0554215811873675 checked=false stop=running
step=980 time=0.18095402477168041 dt=0.00018464696405273216 residual=8.9970890562239685 checked=false stop=running
step=981 time=0.18113867173573314 dt=0.00018464696405273213 residual=8.9576784535590548 checked=false stop=running
step=982 time=0.18132331869978588 dt=0.00018464696405273207 residual=8.9499056324393464 checked=false stop=running
step=983 time=0.18150796566383862 dt=0.00018464696405273205 residual=8.9613206744139458 checked=false stop=running
step=984 time=0.18169261262789135 dt=0.00018464696405273207 residual=8.9869386344931019 checked=false stop=running
step=985 time=0.18187725959194409 dt=0.00018464696405273207 residual=9.0261414619639915 checked=false stop=running
step=986 time=0.18206190655599683 dt=0.00018464696405273207 residual=9.0703693570116712 checked=false stop=running
step=987 time=0.18224655352004956 dt=0.00018464696405273213 residual=9.1367226872307263 checked=false stop=running
step=988 time=0.1824312004841023 dt=0.00018464696405273213 residual=9.2061213680754186 checked=false stop=running
step=989 time=0.18261584744815504 dt=0.00018464696405273213 residual=9.2723101599522408 checked=false stop=running
step=990 time=0.18280049441220778 dt=0.00018464696405273213 residual=9.3162759049370347 checked=false stop=running
step=991 time=0.18298514137626051 dt=0.00018464696405273216 residual=9.3316601042513678 checked=false stop=running
step=992 time=0.18316978834031325 dt=0.00018464696405273213 residual=9.3267499610502576 checked=false stop=running
step=993 time=0.18335443530436599 dt=0.00018464696405273213 residual=9.2757799796157716 checked=false stop=running
step=994 time=0.18353908226841872 dt=0.00018464696405273207 residual=9.2461904296472799 checked=false stop=running
step=995 time=0.18372372923247146 dt=0.00018464696405273207 residual=9.2160245377434862 checked=false stop=running
step=996 time=0.1839083761965242 dt=0.00018464696405273213 residual=9.2105281452733827 checked=false stop=running
step=997 time=0.18409302316057694 dt=0.00018464696405273213 residual=9.2162806962110277 checked=false stop=running
step=998 time=0.18427767012462967 dt=0.00018464696405273216 residual=9.2308397135781259 checked=false stop=running
step=999 time=0.18446231708868241 dt=0.00018464696405273205 residual=9.2430227949380637 checked=false stop=running
step=1000 time=0.18464696405273515 dt=0.00018464696405273205 residual=9.2579213436208683 checked=false stop=running
step=1001 time=0.18483161101678788 dt=0.00018464696405273205 residual=9.274762974947512 checked=false stop=running
step=1002 time=0.18501625798084062 dt=0.00018464696405273207 residual=9.3122654764051305 checked=false stop=running
step=1003 time=0.18520090494489336 dt=0.00018464696405273207 residual=9.3376612355036368 checked=false stop=running
step=1004 time=0.18538555190894609 dt=0.00018464696405273207 residual=9.3574942993960999 checked=false stop=running
step=1005 time=0.18557019887299883 dt=0.00018464696405273213 residual=9.3637785961484212 checked=false stop=running
step=1006 time=0.18575484583705157 dt=0.00018464696405273213 residual=9.3385376774132798 checked=false stop=running
step=1007 time=0.18593949280110431 dt=0.00018464696405273213 residual=9.2692750506396617 checked=false stop=running
step=1008 time=0.18612413976515704 dt=0.00018464696405273213 residual=9.1760999382140849 checked=false stop=running
step=1009 time=0.18630878672920978 dt=0.00018464696405273205 residual=9.1020365755900894 checked=false stop=running
step=1010 time=0.18649343369326252 dt=0.00018464696405273213 residual=9.0385229198074715 checked=false stop=running
step=1011 time=0.18667808065731525 dt=0.00018464696405273205 residual=8.9989026753147989 checked=false stop=running
step=1012 time=0.18686272762136799 dt=0.00018464696405273205 residual=8.9875629389482246 checked=false stop=running
step=1013 time=0.18704737458542073 dt=0.00018464696405273205 residual=8.9773040670365276 checked=false stop=running
step=1014 time=0.18723202154947347 dt=0.00018464696405273205 residual=8.9854883243273687 checked=false stop=running
step=1015 time=0.1874166685135262 dt=0.00018464696405273205 residual=9.0140286331795583 checked=false stop=running
step=1016 time=0.18760131547757894 dt=0.00018464696405273207 residual=9.0714113517722623 checked=false stop=running
step=1017 time=0.18778596244163168 dt=0.00018464696405273207 residual=9.147703554683174 checked=false stop=running
step=1018 time=0.18797060940568441 dt=0.00018464696405273205 residual=9.2204659152033699 checked=false stop=running
step=1019 time=0.18815525636973715 dt=0.00018464696405273205 residual=9.2874149069249547 checked=false stop=running
step=1020 time=0.18833990333378989 dt=0.00018464696405273213 residual=9.3522480810965263 checked=false stop=running
step=1021 time=0.18852455029784262 dt=0.00018464696405273213 residual=9.3738205850345437 checked=false stop=running
step=1022 time=0.18870919726189536 dt=0.00018464696405273213 residual=9.363836827652225 checked=false stop=running
step=1023 time=0.1888938442259481 dt=0.00018464696405273216 residual=9.3580712212008521 checked=false stop=running
step=1024 time=0.18907849119000084 dt=0.00018464696405273216 residual=9.3648956255637117 checked=false stop=running
step=1025 time=0.18926313815405357 dt=0.00018464696405273216 residual=9.4016500808749157 checked=false stop=running
step=1026 time=0.18944778511810631 dt=0.00018464696405273216 residual=9.4512607798611423 checked=false stop=running
step=1027 time=0.18963243208215905 dt=0.00018464696405273216 residual=9.4968818814347937 checked=false stop=running
step=1028 time=0.18981707904621178 dt=0.00018464696405273216 residual=9.5276811602564759 checked=false stop=running
step=1029 time=0.19000172601026452 dt=0.00018464696405273216 residual=9.5766817904192827 checked=false stop=running
step=1030 time=0.19018637297431726 dt=0.00018464696405273216 residual=9.6308356327600926 checked=false stop=running
step=1031 time=0.19037101993837 dt=0.00018464696405273216 residual=9.6894992209316495 checked=false stop=running
step=1032 time=0.19055566690242273 dt=0.00018464696405273216 residual=9.7187111155818435 checked=false stop=running
step=1033 time=0.19074031386647547 dt=0.00018464696405273213 residual=9.7384894861911633 checked=false stop=running
step=1034 time=0.19092496083052821 dt=0.00018464696405273213 residual=9.7430032206247521 checked=false stop=running
step=1035 time=0.19110960779458094 dt=0.00018464696405273213 residual=9.7109168817344269 checked=false stop=running
step=1036 time=0.19129425475863368 dt=0.00018464696405273213 residual=9.6261613068015155 checked=false stop=running
step=1037 time=0.19147890172268642 dt=0.00018464696405273216 residual=9.5235185284898964 checked=false stop=running
step=1038 time=0.19166354868673915 dt=0.00018464696405273213 residual=9.423045310660056 checked=false stop=running
step=1039 time=0.19184819565079189 dt=0.00018464696405273213 residual=9.3588335026161626 checked=false stop=running
step=1040 time=0.19203284261484463 dt=0.00018464696405273216 residual=9.313574710413187 checked=false stop=running
step=1041 time=0.19221748957889737 dt=0.00018464696405273213 residual=9.2829411345048722 checked=false stop=running
step=1042 time=0.1924021365429501 dt=0.00018464696405273216 residual=9.2548444057134844 checked=false stop=running
step=1043 time=0.19258678350700284 dt=0.00018464696405273216 residual=9.2609694422065374 checked=false stop=running
step=1044 time=0.19277143047105558 dt=0.00018464696405273216 residual=9.3128970336999899 checked=false stop=running
step=1045 time=0.19295607743510831 dt=0.00018464696405273226 residual=9.3814432311137548 checked=false stop=running
step=1046 time=0.19314072439916105 dt=0.00018464696405273226 residual=9.4397773099962983 checked=false stop=running
step=1047 time=0.19332537136321379 dt=0.00018464696405273226 residual=9.4873086068668862 checked=false stop=running
step=1048 time=0.19351001832726653 dt=0.00018464696405273224 residual=9.4955020470297491 checked=false stop=running
step=1049 time=0.19369466529131926 dt=0.00018464696405273226 residual=9.4774104342048489 checked=false stop=running
step=1050 time=0.193879312255372 dt=0.00018464696405273224 residual=9.4116908200685465 checked=false stop=running
step=1051 time=0.19406395921942474 dt=0.00018464696405273226 residual=9.3271671955955338 checked=false stop=running
step=1052 time=0.19424860618347747 dt=0.00018464696405273226 residual=9.2539546693774177 checked=false stop=running
step=1053 time=0.19443325314753021 dt=0.00018464696405273226 residual=9.2189075399462936 checked=false stop=running
step=1054 time=0.19461790011158295 dt=0.00018464696405273226 residual=9.2222979575811319 checked=false stop=running
step=1055 time=0.19480254707563568 dt=0.00018464696405273226 residual=9.2442481794992553 checked=false stop=running
step=1056 time=0.19498719403968842 dt=0.00018464696405273226 residual=9.269397048852273 checked=false stop=running
step=1057 time=0.19517184100374116 dt=0.00018464696405273221 residual=9.3215016931343211 checked=false stop=running
step=1058 time=0.1953564879677939 dt=0.00018464696405273224 residual=9.4095231256715337 checked=false stop=running
step=1059 time=0.19554113493184663 dt=0.00018464696405273221 residual=9.5129506696310067 checked=false stop=running
step=1060 time=0.19572578189589937 dt=0.00018464696405273216 residual=9.602856160867713 checked=false stop=running
step=1061 time=0.19591042885995211 dt=0.00018464696405273213 residual=9.6615051026023337 checked=false stop=running
step=1062 time=0.19609507582400484 dt=0.00018464696405273213 residual=9.6945881545139301 checked=false stop=running
step=1063 time=0.19627972278805758 dt=0.00018464696405273205 residual=9.7102569803415104 checked=false stop=running
step=1064 time=0.19646436975211032 dt=0.00018464696405273216 residual=9.6595948749437444 checked=false stop=running
step=1065 time=0.19664901671616306 dt=0.00018464696405273213 residual=9.5770284087383875 checked=false stop=running
step=1066 time=0.19683366368021579 dt=0.00018464696405273213 residual=9.4818420434728576 checked=false stop=running
step=1067 time=0.19701831064426853 dt=0.00018464696405273205 residual=9.4164611804622957 checked=false stop=running
step=1068 time=0.19720295760832127 dt=0.00018464696405273205 residual=9.3753227355376243 checked=false stop=running
step=1069 time=0.197387604572374 dt=0.00018464696405273205 residual=9.3324330801669468 checked=false stop=running
step=1070 time=0.19757225153642674 dt=0.00018464696405273205 residual=9.2875551680550803 checked=false stop=running
step=1071 time=0.19775689850047948 dt=0.00018464696405273205 residual=9.2726558445049783 checked=false stop=running
step=1072 time=0.19794154546453221 dt=0.00018464696405273205 residual=9.3203805686338832 checked=false stop=running
step=1073 time=0.19812619242858495 dt=0.00018464696405273205 residual=9.3939356246409655 checked=false stop=running
step=1074 time=0.19831083939263769 dt=0.00018464696405273213 residual=9.4541098346580466 checked=false stop=running
step=1075 time=0.19849548635669043 dt=0.00018464696405273216 residual=9.5091292239025353 checked=false stop=running
step=1076 time=0.19868013332074316 dt=0.00018464696405273216 residual=9.5598585637409226 checked=false stop=running
step=1077 time=0.1988647802847959 dt=0.00018464696405273216 residual=9.5914039247514218 checked=false stop=running
step=1078 time=0.19904942724884864 dt=0.00018464696405273216 residual=9.5715331160986921 checked=false stop=running
step=1079 time=0.19923407421290137 dt=0.00018464696405273224 residual=9.537520390743973 checked=false stop=running
step=1080 time=0.19941872117695411 dt=0.00018464696405273221 residual=9.494245219283906 checked=false stop=running
step=1081 time=0.19960336814100685 dt=0.00018464696405273221 residual=9.4924870468540696 checked=false stop=running
step=1082 time=0.19978801510505959 dt=0.00018464696405273216 residual=9.512337510424878 checked=false stop=running
step=1083 time=0.19997266206911232 dt=0.00018464696405273213 residual=9.5369291919968973 checked=false stop=running
step=1084 time=0.20015730903316506 dt=0.00018464696405273216 residual=9.5591980385377155 checked=false stop=running
step=1085 time=0.2003419559972178 dt=0.00018464696405273221 residual=9.6133472727473244 checked=false stop=running
step=1086 time=0.20052660296127053 dt=0.00018464696405273221 residual=9.7090714565297702 checked=false stop=running
step=1087 time=0.20071124992532327 dt=0.00018464696405273216 residual=9.8095808807334546 checked=false stop=running
step=1088 time=0.20089589688937601 dt=0.00018464696405273216 residual=9.887771292349445 checked=false stop=running
step=1089 time=0.20108054385342874 dt=0.00018464696405273216 residual=9.9449615543939522 checked=false stop=running
step=1090 time=0.20126519081748148 dt=0.00018464696405273221 residual=9.9783593462612874 checked=false stop=running
step=1091 time=0.20144983778153422 dt=0.00018464696405273216 residual=9.9689366548420288 checked=false stop=running
step=1092 time=0.20163448474558696 dt=0.00018464696405273213 residual=9.9108612932688498 checked=false stop=running
step=1093 time=0.20181913170963969 dt=0.00018464696405273207 residual=9.8335358530961887 checked=false stop=running
step=1094 time=0.20200377867369243 dt=0.00018464696405273207 residual=9.7603507118444401 checked=false stop=running
step=1095 time=0.20218842563774517 dt=0.00018464696405273205 residual=9.723395997689444 checked=false stop=running
step=1096 time=0.2023730726017979 dt=0.00018464696405273205 residual=9.6899108152129632 checked=false stop=running
step=1097 time=0.20255771956585064 dt=0.00018464696405273205 residual=9.6489144530881052 checked=false stop=running
step=1098 time=0.20274236652990338 dt=0.00018464696405273205 residual=9.6164432563003377 checked=false stop=running
step=1099 time=0.20292701349395612 dt=0.00018464696405273207 residual=9.6193695230112031 checked=false stop=running
step=1100 time=0.20311166045800885 dt=0.00018464696405273213 residual=9.6521029403997378 checked=false stop=running
step=1101 time=0.20329630742206159 dt=0.00018464696405273213 residual=9.6920612567519893 checked=false stop=running
step=1102 time=0.20348095438611433 dt=0.00018464696405273213 residual=9.716256259736392 checked=false stop=running
step=1103 time=0.20366560135016706 dt=0.00018464696405273213 residual=9.7320924014642394 checked=false stop=running
step=1104 time=0.2038502483142198 dt=0.00018464696405273205 residual=9.7388199021751056 checked=false stop=running
step=1105 time=0.20403489527827254 dt=0.00018464696405273213 residual=9.6964676991625058 checked=false stop=running
step=1106 time=0.20421954224232527 dt=0.00018464696405273213 residual=9.6168640080156074 checked=false stop=running
step=1107 time=0.20440418920637801 dt=0.00018464696405273213 residual=9.5188558773357386 checked=false stop=running
step=1108 time=0.20458883617043075 dt=0.00018464696405273205 residual=9.4569548488025319 checked=false stop=running
step=1109 time=0.20477348313448349 dt=0.00018464696405273205 residual=9.4323154474921225 checked=false stop=running
step=1110 time=0.20495813009853622 dt=0.00018464696405273205 residual=9.4149803588825307 checked=false stop=running
step=1111 time=0.20514277706258896 dt=0.00018464696405273205 residual=9.4072073818894424 checked=false stop=running
step=1112 time=0.2053274240266417 dt=0.00018464696405273199 residual=9.4398503418558235 checked=false stop=running
step=1113 time=0.20551207099069443 dt=0.00018464696405273197 residual=9.5289785286939885 checked=false stop=running
step=1114 time=0.20569671795474717 dt=0.00018464696405273197 residual=9.6414920615349633 checked=false stop=running
step=1115 time=0.20588136491879991 dt=0.00018464696405273197 residual=9.740240866939244 checked=false stop=running
step=1116 time=0.20606601188285265 dt=0.00018464696405273199 residual=9.803757269190676 checked=false stop=running
step=1117 time=0.20625065884690538 dt=0.00018464696405273199 residual=9.8553772834893021 checked=false stop=running
step=1118 time=0.20643530581095812 dt=0.00018464696405273197 residual=9.8701551466260256 checked=false stop=running
step=1119 time=0.20661995277501086 dt=0.00018464696405273199 residual=9.830270829840865 checked=false stop=running
step=1120 time=0.20680459973906359 dt=0.00018464696405273205 residual=9.7479058521483264 checked=false stop=running
step=1121 time=0.20698924670311633 dt=0.00018464696405273213 residual=9.6670079113933358 checked=false stop=running
step=1122 time=0.20717389366716907 dt=0.00018464696405273216 residual=9.6249268731252009 checked=false stop=running
step=1123 time=0.2073585406312218 dt=0.00018464696405273216 residual=9.6051291357949715 checked=false stop=running
step=1124 time=0.20754318759527454 dt=0.00018464696405273216 residual=9.5741704232861231 checked=false stop=running
step=1125 time=0.20772783455932728 dt=0.00018464696405273221 residual=9.5629349546621469 checked=false stop=running
step=1126 time=0.20791248152338002 dt=0.00018464696405273226 residual=9.6025256973610347 checked=false stop=running
step=1127 time=0.20809712848743275 dt=0.00018464696405273224 residual=9.6725424805605442 checked=false stop=running
step=1128 time=0.20828177545148549 dt=0.00018464696405273226 residual=9.7339661227620216 checked=false stop=running
step=1129 time=0.20846642241553823 dt=0.00018464696405273226 residual=9.7911207775155891 checked=false stop=running
step=1130 time=0.20865106937959096 dt=0.00018464696405273226 residual=9.8142488353426192 checked=false stop=running
step=1131 time=0.2088357163436437 dt=0.00018464696405273226 residual=9.8241042726153402 checked=false stop=running
step=1132 time=0.20902036330769644 dt=0.00018464696405273226 residual=9.790653324574734 checked=false stop=running
step=1133 time=0.20920501027174918 dt=0.00018464696405273224 residual=9.725689755516262 checked=false stop=running
step=1134 time=0.20938965723580191 dt=0.00018464696405273216 residual=9.6579945265301106 checked=false stop=running
step=1135 time=0.20957430419985465 dt=0.00018464696405273216 residual=9.6226403567890824 checked=false stop=running
step=1136 time=0.20975895116390739 dt=0.00018464696405273216 residual=9.6200740710337165 checked=false stop=running
step=1137 time=0.20994359812796012 dt=0.00018464696405273213 residual=9.6300346333663569 checked=false stop=running
step=1138 time=0.21012824509201286 dt=0.00018464696405273213 residual=9.6549156500975268 checked=false stop=running
step=1139 time=0.2103128920560656 dt=0.00018464696405273213 residual=9.7329697852251496 checked=false stop=running
step=1140 time=0.21049753902011833 dt=0.00018464696405273213 residual=9.8580436709425339 checked=false stop=running
step=1141 time=0.21068218598417107 dt=0.00018464696405273205 residual=9.9855874614959834 checked=false stop=running
step=1142 time=0.21086683294822381 dt=0.00018464696405273199 residual=10.08216123975402 checked=false stop=running
step=1143 time=0.21105147991227655 dt=0.00018464696405273194 residual=10.135550509737444 checked=false stop=running
step=1144 time=0.21123612687632928 dt=0.00018464696405273197 residual=10.167603849393755 checked=false stop=running
step=1145 time=0.21142077384038202 dt=0.00018464696405273188 residual=10.171214392492949 checked=false stop=running
step=1146 time=0.21160542080443476 dt=0.00018464696405273188 residual=10.13112062814873 checked=false stop=running
step=1147 time=0.21179006776848749 dt=0.00018464696405273188 residual=10.056098631431416 checked=false stop=running
step=1148 time=0.21197471473254023 dt=0.00018464696405273188 residual=9.9862950542808964 checked=false stop=running
step=1149 time=0.21215936169659297 dt=0.00018464696405273188 residual=9.9393681831507372 checked=false stop=running
step=1150 time=0.21234400866064571 dt=0.00018464696405273194 residual=9.9072373670401142 checked=false stop=running
step=1151 time=0.21252865562469844 dt=0.00018464696405273197 residual=9.8863442976685363 checked=false stop=running
step=1152 time=0.21271330258875118 dt=0.00018464696405273205 residual=9.9016396117756234 checked=false stop=running
step=1153 time=0.21289794955280392 dt=0.00018464696405273205 residual=9.9621459330680366 checked=false stop=running
step=1154 time=0.21308259651685665 dt=0.00018464696405273205 residual=10.026731572615676 checked=false stop=running
step=1155 time=0.21326724348090939 dt=0.00018464696405273207 residual=10.050128257190122 checked=false stop=running
step=1156 time=0.21345189044496213 dt=0.00018464696405273213 residual=10.050480697296017 checked=false stop=running
step=1157 time=0.21363653740901486 dt=0.00018464696405273216 residual=10.019741549475068 checked=false stop=running
step=1158 time=0.2138211843730676 dt=0.00018464696405273224 residual=9.9796408750278207 checked=false stop=running
step=1159 time=0.21400583133712034 dt=0.00018464696405273224 residual=9.9194918590099697 checked=false stop=running
step=1160 time=0.21419047830117308 dt=0.00018464696405273224 residual=9.8311799088816887 checked=false stop=running
step=1161 time=0.21437512526522581 dt=0.00018464696405273226 residual=9.743849880789254 checked=false stop=running
step=1162 time=0.21455977222927855 dt=0.00018464696405273224 residual=9.6817341798143541 checked=false stop=running
step=1163 time=0.21474441919333129 dt=0.00018464696405273224 residual=9.6524574020091762 checked=false stop=running
step=1164 time=0.21492906615738402 dt=0.00018464696405273224 residual=9.6500851374305867 checked=false stop=running
step=1165 time=0.21511371312143676 dt=0.00018464696405273224 residual=9.6894370528208125 checked=false stop=running
step=1166 time=0.2152983600854895 dt=0.00018464696405273221 residual=9.7810125580135452 checked=false stop=running
step=1167 time=0.21548300704954224 dt=0.00018464696405273216 residual=9.8879900254847506 checked=false stop=running
step=1168 time=0.21566765401359497 dt=0.00018464696405273213 residual=9.9625324153274217 checked=false stop=running
step=1169 time=0.21585230097764771 dt=0.00018464696405273205 residual=9.9966768190126025 checked=false stop=running
step=1170 time=0.21603694794170045 dt=0.00018464696405273205 residual=9.9970926346923878 checked=false stop=running
step=1171 time=0.21622159490575318 dt=0.00018464696405273205 residual=9.9756499888046832 checked=false stop=running
step=1172 time=0.21640624186980592 dt=0.00018464696405273199 residual=9.9466392606497518 checked=false stop=running
step=1173 time=0.21659088883385866 dt=0.00018464696405273197 residual=9.8793286696874691 checked=false stop=running
step=1174 time=0.2167755357979114 dt=0.00018464696405273199 residual=9.8083180770224345 checked=false stop=running
step=1175 time=0.21696018276196413 dt=0.00018464696405273199 residual=9.7720457812725634 checked=false stop=running
step=1176 time=0.21714482972601687 dt=0.00018464696405273199 residual=9.771399810532893 checked=false stop=running
step=1177 time=0.21732947669006961 dt=0.00018464696405273205 residual=9.7981468805290923 checked=false stop=running
step=1178 time=0.21751412365412234 dt=0.00018464696405273205 residual=9.8677495875186523 checked=false stop=running
step=1179 time=0.21769877061817508 dt=0.00018464696405273205 residual=9.9775128831527269 checked=false stop=running
step=1180 time=0.21788341758222782 dt=0.00018464696405273205 residual=10.088292450433432 checked=false stop=running
step=1181 time=0.21806806454628055 dt=0.00018464696405273205 residual=10.167499347436703 checked=false stop=running
step=1182 time=0.21825271151033329 dt=0.00018464696405273205 residual=10.179357769145328 checked=false stop=running
step=1183 time=0.21843735847438603 dt=0.00018464696405273205 residual=10.147863008857691 checked=false stop=running
step=1184 time=0.21862200543843877 dt=0.00018464696405273205 residual=10.073970526997407 checked=false stop=running
step=1185 time=0.2188066524024915 dt=0.00018464696405273205 residual=9.9807736958355502 checked=false stop=running
step=1186 time=0.21899129936654424 dt=0.00018464696405273205 residual=9.8566539394751338 checked=false stop=running
step=1187 time=0.21917594633059698 dt=0.00018464696405273205 residual=9.746995781433144 checked=false stop=running
step=1188 time=0.21936059329464971 dt=0.00018464696405273205 residual=9.6921166195845636 checked=false stop=running
step=1189 time=0.21954524025870245 dt=0.00018464696405273213 residual=9.6912758550998621 checked=false stop=running
step=1190 time=0.21972988722275519 dt=0.00018464696405273205 residual=9.7339118618884424 checked=false stop=running
step=1191 time=0.21991453418680793 dt=0.00018464696405273216 residual=9.8313282526308221 checked=false stop=running
step=1192 time=0.22009918115086066 dt=0.00018464696405273205 residual=9.9784229075257667 checked=false stop=running
step=1193 time=0.2202838281149134 dt=0.00018464696405273213 residual=10.120595751910933 checked=false stop=running
step=1194 time=0.22046847507896614 dt=0.00018464696405273205 residual=10.239279266478595 checked=false stop=running
step=1195 time=0.22065312204301887 dt=0.00018464696405273205 residual=10.304240167932258 checked=false stop=running
step=1196 time=0.22083776900707161 dt=0.00018464696405273213 residual=10.323196487930632 checked=false stop=running
step=1197 time=0.22102241597112435 dt=0.00018464696405273205 residual=10.299553133995705 checked=false stop=running
step=1198 time=0.22120706293517708 dt=0.00018464696405273213 residual=10.262397167360986 checked=false stop=running
step=1199 time=0.22139170989922982 dt=0.00018464696405273205 residual=10.200446849481015 checked=false stop=running
step=1200 time=0.22157635686328256 dt=0.00018464696405273205 residual=10.148425965712367 checked=false stop=running
step=1201 time=0.2217610038273353 dt=0.00018464696405273205 residual=10.127748459778305 checked=false stop=running
step=1202 time=0.22194565079138803 dt=0.00018464696405273205 residual=10.139971140905995 checked=false stop=running
step=1203 time=0.22213029775544077 dt=0.00018464696405273213 residual=10.175363862489879 checked=false stop=running
step=1204 time=0.22231494471949351 dt=0.00018464696405273213 residual=10.245541018370554 checked=false stop=running
step=1205 time=0.22249959168354624 dt=0.00018464696405273216 residual=10.344571948754334 checked=false stop=running
step=1206 time=0.22268423864759898 dt=0.00018464696405273216 residual=10.429189437779504 checked=false stop=running
step=1207 time=0.22286888561165172 dt=0.00018464696405273213 residual=10.476892975785493 checked=false stop=running
step=1208 time=0.22305353257570446 dt=0.00018464696405273216 residual=10.481955594635879 checked=false stop=running
step=1209 time=0.22323817953975719 dt=0.00018464696405273213 residual=10.432175890593168 checked=false stop=running
step=1210 time=0.22342282650380993 dt=0.00018464696405273205 residual=10.348245128868156 checked=false stop=running
step=1211 time=0.22360747346786267 dt=0.00018464696405273205 residual=10.234791637907067 checked=false stop=running
step=1212 time=0.2237921204319154 dt=0.00018464696405273205 residual=10.103074223528491 checked=false stop=running
step=1213 time=0.22397676739596814 dt=0.00018464696405273197 residual=9.9906896249245776 checked=false stop=running
step=1214 time=0.22416141436002088 dt=0.00018464696405273199 residual=9.9227119028116366 checked=false stop=running
step=1215 time=0.22434606132407361 dt=0.00018464696405273197 residual=9.8893881098816028 checked=false stop=running
step=1216 time=0.22453070828812635 dt=0.00018464696405273188 residual=9.9106025959204906 checked=false stop=running
step=1217 time=0.22471535525217909 dt=0.00018464696405273186 residual=9.9698133436241072 checked=false stop=running
step=1218 time=0.22490000221623183 dt=0.00018464696405273188 residual=10.051918285942893 checked=false stop=running
step=1219 time=0.22508464918028456 dt=0.00018464696405273186 residual=10.127037334375975 checked=false stop=running
step=1220 time=0.2252692961443373 dt=0.00018464696405273186 residual=10.170241510965829 checked=false stop=running
step=1221 time=0.22545394310839004 dt=0.00018464696405273188 residual=10.164870722574957 checked=false stop=running
step=1222 time=0.22563859007244277 dt=0.00018464696405273188 residual=10.136368133985352 checked=false stop=running
step=1223 time=0.22582323703649551 dt=0.00018464696405273188 residual=10.091821452019948 checked=false stop=running
step=1224 time=0.22600788400054825 dt=0.00018464696405273186 residual=10.029570936975304 checked=false stop=running
step=1225 time=0.22619253096460099 dt=0.00018464696405273186 residual=9.9765662629067045 checked=false stop=running
step=1226 time=0.22637717792865372 dt=0.00018464696405273188 residual=9.9631660245878955 checked=false stop=running
step=1227 time=0.22656182489270646 dt=0.00018464696405273188 residual=9.9845696074936061 checked=false stop=running
step=1228 time=0.2267464718567592 dt=0.00018464696405273194 residual=10.027919775333872 checked=false stop=running
step=1229 time=0.22693111882081193 dt=0.00018464696405273197 residual=10.121843822142869 checked=false stop=running
step=1230 time=0.22711576578486467 dt=0.00018464696405273205 residual=10.249157447387887 checked=false stop=running
step=1231 time=0.22730041274891741 dt=0.00018464696405273205 residual=10.369504071046929 checked=false stop=running
step=1232 time=0.22748505971297014 dt=0.00018464696405273205 residual=10.439115772579736 checked=false stop=running
step=1233 time=0.22766970667702288 dt=0.00018464696405273205 residual=10.456263401460802 checked=false stop=running
step=1234 time=0.22785435364107562 dt=0.00018464696405273205 residual=10.432347186220005 checked=false stop=running
step=1235 time=0.22803900060512836 dt=0.00018464696405273207 residual=10.357032627102511 checked=false stop=running
step=1236 time=0.22822364756918109 dt=0.00018464696405273213 residual=10.268235968002882 checked=false stop=running
step=1237 time=0.22840829453323383 dt=0.00018464696405273216 residual=10.159202019421535 checked=false stop=running
step=1238 time=0.22859294149728657 dt=0.00018464696405273224 residual=10.06102582362541 checked=false stop=running
step=1239 time=0.2287775884613393 dt=0.00018464696405273226 residual=9.9804192575043871 checked=false stop=running
step=1240 time=0.22896223542539204 dt=0.00018464696405273226 residual=9.9518056980276839 checked=false stop=running
step=1241 time=0.22914688238944478 dt=0.00018464696405273226 residual=9.9698790394410111 checked=false stop=running
step=1242 time=0.22933152935349752 dt=0.00018464696405273235 residual=10.050858328755048 checked=false stop=running
step=1243 time=0.22951617631755025 dt=0.00018464696405273235 residual=10.163784325765494 checked=false stop=running
step=1244 time=0.22970082328160299 dt=0.00018464696405273235 residual=10.265267934345182 checked=false stop=running
step=1245 time=0.22988547024565573 dt=0.00018464696405273232 residual=10.330225888566778 checked=false stop=running
step=1246 time=0.23007011720970846 dt=0.00018464696405273232 residual=10.343786212644337 checked=false stop=running
step=1247 time=0.2302547641737612 dt=0.00018464696405273226 residual=10.328381634825218 checked=false stop=running
step=1248 time=0.23043941113781394 dt=0.00018464696405273226 residual=10.3142570119607 checked=false stop=running
step=1249 time=0.23062405810186667 dt=0.00018464696405273216 residual=10.273534470037569 checked=false stop=running
step=1250 time=0.23080870506591941 dt=0.00018464696405273213 residual=10.243797814432291 checked=false stop=running
step=1251 time=0.23099335202997215 dt=0.00018464696405273207 residual=10.243897274107127 checked=false stop=running
step=1252 time=0.23117799899402489 dt=0.00018464696405273205 residual=10.258156379288971 checked=false stop=running
step=1253 time=0.23136264595807762 dt=0.00018464696405273205 residual=10.308269663468778 checked=false stop=running
step=1254 time=0.23154729292213036 dt=0.00018464696405273199 residual=10.416566410368432 checked=false stop=running
step=1255 time=0.2317319398861831 dt=0.00018464696405273197 residual=10.55683387669035 checked=false stop=running
step=1256 time=0.23191658685023583 dt=0.00018464696405273197 residual=10.698841516195229 checked=false stop=running
step=1257 time=0.23210123381428857 dt=0.00018464696405273197 residual=10.784923627173955 checked=false stop=running
step=1258 time=0.23228588077834131 dt=0.00018464696405273199 residual=10.803615682815234 checked=false stop=running
step=1259 time=0.23247052774239405 dt=0.00018464696405273199 residual=10.775534122412633 checked=false stop=running
step=1260 time=0.23265517470644678 dt=0.00018464696405273205 residual=10.708513334421863 checked=false stop=running
step=1261 time=0.23283982167049952 dt=0.00018464696405273199 residual=10.612059597371573 checked=false stop=running
step=1262 time=0.23302446863455226 dt=0.00018464696405273199 residual=10.510140303889846 checked=false stop=running
step=1263 time=0.23320911559860499 dt=0.00018464696405273199 residual=10.408085414730261 checked=false stop=running
step=1264 time=0.23339376256265773 dt=0.00018464696405273194 residual=10.317018030046327 checked=false stop=running
step=1265 time=0.23357840952671047 dt=0.00018464696405273199 residual=10.26095258455994 checked=false stop=running
step=1266 time=0.2337630564907632 dt=0.00018464696405273199 residual=10.265701472567279 checked=false stop=running
step=1267 time=0.23394770345481594 dt=0.00018464696405273199 residual=10.334302005352413 checked=false stop=running
step=1268 time=0.23413235041886868 dt=0.00018464696405273205 residual=10.422058800688312 checked=false stop=running
step=1269 time=0.23431699738292142 dt=0.00018464696405273207 residual=10.481573787166303 checked=false stop=running
step=1270 time=0.23450164434697415 dt=0.00018464696405273207 residual=10.513169141534243 checked=false stop=running
step=1271 time=0.23468629131102689 dt=0.00018464696405273213 residual=10.493915654763367 checked=false stop=running
step=1272 time=0.23487093827507963 dt=0.00018464696405273213 residual=10.411287291346477 checked=false stop=running
step=1273 time=0.23505558523913236 dt=0.00018464696405273213 residual=10.337981669496816 checked=false stop=running
step=1274 time=0.2352402322031851 dt=0.00018464696405273207 residual=10.260096942283054 checked=false stop=running
step=1275 time=0.23542487916723784 dt=0.00018464696405273213 residual=10.170924755157602 checked=false stop=running
step=1276 time=0.23560952613129058 dt=0.00018464696405273216 residual=10.10022473691717 checked=false stop=running
step=1277 time=0.23579417309534331 dt=0.00018464696405273216 residual=10.064021369289023 checked=false stop=running
step=1278 time=0.23597882005939605 dt=0.00018464696405273216 residual=10.099121247650833 checked=false stop=running
step=1279 time=0.23616346702344879 dt=0.00018464696405273221 residual=10.204021976929761 checked=false stop=running
step=1280 time=0.23634811398750152 dt=0.00018464696405273221 residual=10.340006804086967 checked=false stop=running
step=1281 time=0.23653276095155426 dt=0.00018464696405273221 residual=10.475115398124103 checked=false stop=running
step=1282 time=0.236717407915607 dt=0.00018464696405273216 residual=10.579355486282429 checked=false stop=running
step=1283 time=0.23690205487965973 dt=0.00018464696405273216 residual=10.617572930493619 checked=false stop=running
step=1284 time=0.23708670184371247 dt=0.00018464696405273216 residual=10.616310166204171 checked=false stop=running
step=1285 time=0.23727134880776521 dt=0.00018464696405273216 residual=10.59498075330972 checked=false stop=running
step=1286 time=0.23745599577181795 dt=0.00018464696405273216 residual=10.546452704434401 checked=false stop=running
step=1287 time=0.23764064273587068 dt=0.00018464696405273213 residual=10.476270044819419 checked=false stop=running
step=1288 time=0.23782528969992342 dt=0.00018464696405273213 residual=10.399230526101491 checked=false stop=running
step=1289 time=0.23800993666397616 dt=0.00018464696405273216 residual=10.360749581254781 checked=false stop=running
step=1290 time=0.23819458362802889 dt=0.00018464696405273216 residual=10.357862927025106 checked=false stop=running
step=1291 time=0.23837923059208163 dt=0.00018464696405273213 residual=10.405623887802875 checked=false stop=running
step=1292 time=0.23856387755613437 dt=0.00018464696405273216 residual=10.4600137854968 checked=false stop=running
step=1293 time=0.23874852452018711 dt=0.00018464696405273216 residual=10.523665956139979 checked=false stop=running
step=1294 time=0.23893317148423984 dt=0.00018464696405273216 residual=10.552877650543373 checked=false stop=running
step=1295 time=0.23911781844829258 dt=0.00018464696405273216 residual=10.537209606254812 checked=false stop=running
step=1296 time=0.23930246541234532 dt=0.00018464696405273213 residual=10.495359419302106 checked=false stop=running
step=1297 time=0.23948711237639805 dt=0.00018464696405273207 residual=10.443801368496995 checked=false stop=running
step=1298 time=0.23967175934045079 dt=0.00018464696405273207 residual=10.386543259101094 checked=false stop=running
step=1299 time=0.23985640630450353 dt=0.00018464696405273205 residual=10.325560527196249 checked=false stop=running
step=1300 time=0.24004105326855626 dt=0.00018464696405273205 residual=10.278183277180883 checked=false stop=running
step=1301 time=0.240225700232609 dt=0.00018464696405273205 residual=10.26007644316792 checked=false stop=running
step=1302 time=0.24041034719666174 dt=0.00018464696405273205 residual=10.313023094040037 checked=false stop=running
step=1303 time=0.24059499416071448 dt=0.00018464696405273213 residual=10.427829385839321 checked=false stop=running
step=1304 time=0.24077964112476721 dt=0.00018464696405273213 residual=10.574481308847076 checked=false stop=running
step=1305 time=0.24096428808881995 dt=0.00018464696405273213 residual=10.715939363556318 checked=false stop=running
step=1306 time=0.24114893505287269 dt=0.00018464696405273216 residual=10.821741608578852 checked=false stop=running
step=1307 time=0.24133358201692542 dt=0.00018464696405273216 residual=10.871194000362253 checked=false stop=running
step=1308 time=0.24151822898097816 dt=0.00018464696405273216 residual=10.866867550952621 checked=false stop=running
step=1309 time=0.2417028759450309 dt=0.00018464696405273216 residual=10.84896708444704 checked=false stop=running
step=1310 time=0.24188752290908364 dt=0.00018464696405273216 residual=10.813997062367877 checked=false stop=running
step=1311 time=0.24207216987313637 dt=0.00018464696405273216 residual=10.757770862258953 checked=false stop=running
step=1312 time=0.24225681683718911 dt=0.00018464696405273216 residual=10.687858471335703 checked=false stop=running
step=1313 time=0.24244146380124185 dt=0.00018464696405273216 residual=10.639599448567891 checked=false stop=running
step=1314 time=0.24262611076529458 dt=0.00018464696405273216 residual=10.647708088546667 checked=false stop=running
step=1315 time=0.24281075772934732 dt=0.00018464696405273213 residual=10.721051298191085 checked=false stop=running
step=1316 time=0.24299540469340006 dt=0.00018464696405273207 residual=10.812369985125304 checked=false stop=running
step=1317 time=0.24318005165745279 dt=0.00018464696405273205 residual=10.881903121470842 checked=false stop=running
step=1318 time=0.24336469862150553 dt=0.00018464696405273199 residual=10.88772306026288 checked=false stop=running
step=1319 time=0.24354934558555827 dt=0.00018464696405273197 residual=10.828898364683919 checked=false stop=running
step=1320 time=0.24373399254961101 dt=0.00018464696405273197 residual=10.737906622656736 checked=false stop=running
step=1321 time=0.24391863951366374 dt=0.00018464696405273197 residual=10.631209543221837 checked=false stop=running
step=1322 time=0.24410328647771648 dt=0.00018464696405273197 residual=10.540335409935391 checked=false stop=running
step=1323 time=0.24428793344176922 dt=0.00018464696405273197 residual=10.462588592982375 checked=false stop=running
step=1324 time=0.24447258040582195 dt=0.00018464696405273197 residual=10.388653195360593 checked=false stop=running
step=1325 time=0.24465722736987469 dt=0.00018464696405273194 residual=10.331333085056931 checked=false stop=running
step=1326 time=0.24484187433392743 dt=0.00018464696405273199 residual=10.358466957026673 checked=false stop=running
step=1327 time=0.24502652129798017 dt=0.00018464696405273199 residual=10.470703858812044 checked=false stop=running
step=1328 time=0.2452111682620329 dt=0.00018464696405273197 residual=10.590560378617516 checked=false stop=running
step=1329 time=0.24539581522608564 dt=0.00018464696405273197 residual=10.687076247268308 checked=false stop=running
step=1330 time=0.24558046219013838 dt=0.00018464696405273199 residual=10.743319459518602 checked=false stop=running
step=1331 time=0.24576510915419111 dt=0.00018464696405273205 residual=10.757973410577781 checked=false stop=running
step=1332 time=0.24594975611824385 dt=0.00018464696405273205 residual=10.709088530629236 checked=false stop=running
step=1333 time=0.24613440308229659 dt=0.00018464696405273205 residual=10.643379891763589 checked=false stop=running
step=1334 time=0.24631905004634932 dt=0.00018464696405273205 residual=10.600909028860636 checked=false stop=running
step=1335 time=0.24650369701040206 dt=0.00018464696405273199 residual=10.543555651149971 checked=false stop=running
step=1336 time=0.2466883439744548 dt=0.00018464696405273205 residual=10.488878882473232 checked=false stop=running
step=1337 time=0.24687299093850754 dt=0.00018464696405273205 residual=10.496771680141928 checked=false stop=running
step=1338 time=0.24705763790256027 dt=0.00018464696405273205 residual=10.592720849860219 checked=false stop=running
step=1339 time=0.24724228486661301 dt=0.00018464696405273205 residual=10.732150845314212 checked=false stop=running
step=1340 time=0.24742693183066575 dt=0.00018464696405273216 residual=10.864586646480744 checked=false stop=running
step=1341 time=0.24761157879471848 dt=0.00018464696405273213 residual=10.96434363721303 checked=false stop=running
step=1342 time=0.24779622575877122 dt=0.00018464696405273213 residual=11.006554799973088 checked=false stop=running
step=1343 time=0.24798087272282396 dt=0.00018464696405273213 residual=10.942566274461518 checked=false stop=running
step=1344 time=0.2481655196868767 dt=0.00018464696405273213 residual=10.849653175950953 checked=false stop=running
step=1345 time=0.24835016665092943 dt=0.00018464696405273216 residual=10.743389138327281 checked=false stop=running
step=1346 time=0.24853481361498217 dt=0.00018464696405273216 residual=10.631864572596708 checked=false stop=running
step=1347 time=0.24871946057903491 dt=0.00018464696405273216 residual=10.51721806698742 checked=false stop=running
step=1348 time=0.24890410754308764 dt=0.00018464696405273216 residual=10.441156281133186 checked=false stop=running
step=1349 time=0.24908875450714038 dt=0.00018464696405273207 residual=10.463143508361979 checked=false stop=running
step=1350 time=0.24927340147119312 dt=0.00018464696405273205 residual=10.581489602955681 checked=false stop=running
step=1351 time=0.24945804843524585 dt=0.00018464696405273207 residual=10.733346236065255 checked=false stop=running
step=1352 time=0.24964269539929859 dt=0.00018464696405273205 residual=10.8620178559674 checked=false stop=running
step=1353 time=0.24982734236335133 dt=0.00018464696405273199 residual=10.953719581166382 checked=false stop=running
step=1354 time=0.25001198932740404 dt=0.00018464696405273205 residual=10.996921282577365 checked=false stop=running
step=1355 time=0.25019663629145678 dt=0.00018464696405273205 residual=10.968517291258063 checked=false stop=running
step=1356 time=0.25038128325550951 dt=0.00018464696405273199 residual=10.90776771436971 checked=false stop=running
step=1357 time=0.25056593021956225 dt=0.00018464696405273199 residual=10.869111917374489 checked=false stop=running
step=1358 time=0.25075057718361499 dt=0.00018464696405273205 residual=10.807961148490175 checked=false stop=running
step=1359 time=0.25093522414766772 dt=0.00018464696405273205 residual=10.76042434511397 checked=false stop=running
step=1360 time=0.25111987111172046 dt=0.00018464696405273205 residual=10.784331816917197 checked=false stop=running
step=1361 time=0.2513045180757732 dt=0.00018464696405273205 residual=10.888258972341013 checked=false stop=running
step=1362 time=0.25148916503982593 dt=0.00018464696405273216 residual=11.037267743574727 checked=false stop=running
step=1363 time=0.25167381200387867 dt=0.00018464696405273216 residual=11.165994906622792 checked=false stop=running
step=1364 time=0.25185845896793141 dt=0.00018464696405273224 residual=11.271266235848627 checked=false stop=running
step=1365 time=0.25204310593198415 dt=0.00018464696405273224 residual=11.327952174643594 checked=false stop=running
step=1366 time=0.25222775289603688 dt=0.00018464696405273224 residual=11.292100709685595 checked=false stop=running
step=1367 time=0.25241239986008962 dt=0.00018464696405273224 residual=11.193968730270226 checked=false stop=running
step=1368 time=0.25259704682414236 dt=0.00018464696405273226 residual=11.07758739756235 checked=false stop=running
step=1369 time=0.25278169378819509 dt=0.00018464696405273221 residual=10.960437560771719 checked=false stop=running
step=1370 time=0.25296634075224783 dt=0.00018464696405273221 residual=10.841698985503546 checked=false stop=running
step=1371 time=0.25315098771630057 dt=0.00018464696405273216 residual=10.754065435922019 checked=false stop=running
step=1372 time=0.25333563468035331 dt=0.00018464696405273216 residual=10.748684252245694 checked=false stop=running
step=1373 time=0.25352028164440604 dt=0.00018464696405273213 residual=10.802398437309728 checked=false stop=running
step=1374 time=0.25370492860845878 dt=0.00018464696405273207 residual=10.897775494849416 checked=false stop=running
step=1375 time=0.25388957557251152 dt=0.00018464696405273205 residual=11.000849228247398 checked=false stop=running
step=1376 time=0.25407422253656425 dt=0.00018464696405273205 residual=11.069940757421989 checked=false stop=running
step=1377 time=0.25425886950061699 dt=0.00018464696405273207 residual=11.036098724072994 checked=false stop=running
step=1378 time=0.25444351646466973 dt=0.00018464696405273213 residual=10.9593305222824 checked=false stop=running
step=1379 time=0.25462816342872246 dt=0.00018464696405273213 residual=10.859192902206017 checked=false stop=running
step=1380 time=0.2548128103927752 dt=0.00018464696405273207 residual=10.772875347543909 checked=false stop=running
step=1381 time=0.25499745735682794 dt=0.00018464696405273205 residual=10.697713040716064 checked=false stop=running
step=1382 time=0.25518210432088068 dt=0.00018464696405273207 residual=10.631374096726901 checked=false stop=running
step=1383 time=0.25536675128493341 dt=0.00018464696405273207 residual=10.634638769073627 checked=false stop=running
step=1384 time=0.25555139824898615 dt=0.00018464696405273213 residual=10.736964174389923 checked=false stop=running
step=1385 time=0.25573604521303889 dt=0.00018464696405273207 residual=10.888731818942283 checked=false stop=running
step=1386 time=0.25592069217709162 dt=0.00018464696405273205 residual=11.020494015804436 checked=false stop=running
step=1387 time=0.25610533914114436 dt=0.00018464696405273199 residual=11.105524945175647 checked=false stop=running
step=1388 time=0.2562899861051971 dt=0.00018464696405273197 residual=11.111439935393383 checked=false stop=running
step=1389 time=0.25647463306924984 dt=0.00018464696405273197 residual=11.075331086336629 checked=false stop=running
step=1390 time=0.25665928003330257 dt=0.00018464696405273197 residual=11.003967586811457 checked=false stop=running
step=1391 time=0.25684392699735531 dt=0.00018464696405273194 residual=10.934633961219587 checked=false stop=running
step=1392 time=0.25702857396140805 dt=0.00018464696405273188 residual=10.885667044646114 checked=false stop=running
step=1393 time=0.25721322092546078 dt=0.00018464696405273188 residual=10.819118434957504 checked=false stop=running
step=1394 time=0.25739786788951352 dt=0.00018464696405273188 residual=10.779412996115953 checked=false stop=running
step=1395 time=0.25758251485356626 dt=0.00018464696405273186 residual=10.829917686991561 checked=false stop=running
step=1396 time=0.25776716181761899 dt=0.00018464696405273186 residual=10.923396805998081 checked=false stop=running
step=1397 time=0.25795180878167173 dt=0.0001846469640527318 residual=11.023872817554631 checked=false stop=running
step=1398 time=0.25813645574572447 dt=0.0001846469640527318 residual=11.110688154945564 checked=false stop=running
step=1399 time=0.25832110270977721 dt=0.00018464696405273186 residual=11.131846192224117 checked=false stop=running
step=1400 time=0.25850574967382994 dt=0.00018464696405273186 residual=11.105038546596807 checked=false stop=running
step=1401 time=0.25869039663788268 dt=0.00018464696405273186 residual=11.030058357384565 checked=false stop=running
step=1402 time=0.25887504360193542 dt=0.00018464696405273186 residual=10.969371988049131 checked=false stop=running
step=1403 time=0.25905969056598815 dt=0.00018464696405273186 residual=10.938263080263496 checked=false stop=running
step=1404 time=0.25924433753004089 dt=0.00018464696405273186 residual=10.871671549036911 checked=false stop=running
step=1405 time=0.25942898449409363 dt=0.00018464696405273194 residual=10.835120315556487 checked=false stop=running
step=1406 time=0.25961363145814637 dt=0.00018464696405273194 residual=10.897535710911384 checked=false stop=running
step=1407 time=0.2597982784221991 dt=0.00018464696405273199 residual=11.044480447264885 checked=false stop=running
step=1408 time=0.25998292538625184 dt=0.00018464696405273205 residual=11.192863492130479 checked=false stop=running
step=1409 time=0.26016757235030458 dt=0.00018464696405273205 residual=11.309288606862212 checked=false stop=running
step=1410 time=0.26035221931435731 dt=0.00018464696405273207 residual=11.364391400505699 checked=false stop=running
step=1411 time=0.26053686627841005 dt=0.00018464696405273207 residual=11.348779916794944 checked=false stop=running
step=1412 time=0.26072151324246279 dt=0.00018464696405273207 residual=11.296444629847665 checked=false stop=running
step=1413 time=0.26090616020651552 dt=0.00018464696405273207 residual=11.247396564451345 checked=false stop=running
step=1414 time=0.26109080717056826 dt=0.00018464696405273213 residual=11.201187721075991 checked=false stop=running
step=1415 time=0.261275454134621 dt=0.00018464696405273207 residual=11.117696531137643 checked=false stop=running
step=1416 time=0.26146010109867374 dt=0.00018464696405273205 residual=11.056669423286154 checked=false stop=running
step=1417 time=0.26164474806272647 dt=0.00018464696405273205 residual=11.083903350060075 checked=false stop=running
step=1418 time=0.26182939502677921 dt=0.00018464696405273199 residual=11.194353572282575 checked=false stop=running
step=1419 time=0.26201404199083195 dt=0.00018464696405273199 residual=11.284711491334061 checked=false stop=running
step=1420 time=0.26219868895488468 dt=0.00018464696405273194 residual=11.336545279151029 checked=false stop=running
step=1421 time=0.26238333591893742 dt=0.00018464696405273194 residual=11.357855778312421 checked=false stop=running
step=1422 time=0.26256798288299016 dt=0.00018464696405273188 residual=11.334303214979194 checked=false stop=running
step=1423 time=0.2627526298470429 dt=0.00018464696405273188 residual=11.253205409962238 checked=false stop=running
step=1424 time=0.26293727681109563 dt=0.00018464696405273186 residual=11.150657681022322 checked=false stop=running
step=1425 time=0.26312192377514837 dt=0.00018464696405273186 residual=11.076788551566521 checked=false stop=running
step=1426 time=0.26330657073920111 dt=0.00018464696405273186 residual=10.994291347023983 checked=false stop=running
step=1427 time=0.26349121770325384 dt=0.00018464696405273186 residual=10.939617846728659 checked=false stop=running
step=1428 time=0.26367586466730658 dt=0.00018464696405273186 residual=10.966778533080079 checked=false stop=running
step=1429 time=0.26386051163135932 dt=0.00018464696405273188 residual=11.061851647500136 checked=false stop=running
step=1430 time=0.26404515859541206 dt=0.00018464696405273194 residual=11.147456161724808 checked=false stop=running
step=1431 time=0.26422980555946479 dt=0.00018464696405273194 residual=11.226189233806958 checked=false stop=running
step=1432 time=0.26441445252351753 dt=0.00018464696405273199 residual=11.284187994625107 checked=false stop=running
step=1433 time=0.26459909948757027 dt=0.00018464696405273199 residual=11.270364024840674 checked=false stop=running
step=1434 time=0.264783746451623 dt=0.00018464696405273205 residual=11.2062336914145 checked=false stop=running
step=1435 time=0.26496839341567574 dt=0.00018464696405273205 residual=11.12920827357466 checked=false stop=running
step=1436 time=0.26515304037972848 dt=0.00018464696405273205 residual=11.073169504974395 checked=false stop=running
step=1437 time=0.26533768734378121 dt=0.00018464696405273205 residual=10.985021874314956 checked=false stop=running
step=1438 time=0.26552233430783395 dt=0.00018464696405273205 residual=10.895653110346588 checked=false stop=running
step=1439 time=0.26570698127188669 dt=0.00018464696405273205 residual=10.924403134059158 checked=false stop=running
step=1440 time=0.26589162823593943 dt=0.00018464696405273205 residual=11.044300148044153 checked=false stop=running
step=1441 time=0.26607627519999216 dt=0.00018464696405273205 residual=11.178968326882492 checked=false stop=running
step=1442 time=0.2662609221640449 dt=0.00018464696405273199 residual=11.293289971777215 checked=false stop=running
step=1443 time=0.26644556912809764 dt=0.00018464696405273199 residual=11.367446332991662 checked=false stop=running
step=1444 time=0.26663021609215037 dt=0.00018464696405273197 residual=11.348896590285637 checked=false stop=running
step=1445 time=0.26681486305620311 dt=0.00018464696405273188 residual=11.269168164296918 checked=false stop=running
step=1446 time=0.26699951002025585 dt=0.00018464696405273194 residual=11.184729286831418 checked=false stop=running
step=1447 time=0.26718415698430859 dt=0.00018464696405273188 residual=11.108481198858826 checked=false stop=running
step=1448 time=0.26736880394836132 dt=0.00018464696405273188 residual=11.015956949743247 checked=false stop=running
step=1449 time=0.26755345091241406 dt=0.0001846469640527318 residual=10.976463144394037 checked=false stop=running
step=1450 time=0.2677380978764668 dt=0.0001846469640527318 residual=11.057446159805323 checked=false stop=running
step=1451 time=0.26792274484051953 dt=0.00018464696405273178 residual=11.210212111772973 checked=false stop=running
step=1452 time=0.26810739180457227 dt=0.0001846469640527318 residual=11.348300045986674 checked=false stop=running
step=1453 time=0.26829203876862501 dt=0.0001846469640527318 residual=11.463027509139884 checked=false stop=running
step=1454 time=0.26847668573267774 dt=0.00018464696405273186 residual=11.508916574929362 checked=false stop=running
step=1455 time=0.26866133269673048 dt=0.00018464696405273186 residual=11.477181532688082 checked=false stop=running
step=1456 time=0.26884597966078322 dt=0.00018464696405273186 residual=11.410239682112497 checked=false stop=running
step=1457 time=0.26903062662483596 dt=0.00018464696405273188 residual=11.354216172921014 checked=false stop=running
step=1458 time=0.26921527358888869 dt=0.00018464696405273194 residual=11.317595838579807 checked=false stop=running
step=1459 time=0.26939992055294143 dt=0.00018464696405273194 residual=11.256446996753359 checked=false stop=running
step=1460 time=0.26958456751699417 dt=0.00018464696405273199 residual=11.242761264547681 checked=false stop=running
step=1461 time=0.2697692144810469 dt=0.00018464696405273199 residual=11.326110087629504 checked=false stop=running
step=1462 time=0.26995386144509964 dt=0.00018464696405273199 residual=11.452838934237796 checked=false stop=running
step=1463 time=0.27013850840915238 dt=0.00018464696405273197 residual=11.569118340851693 checked=false stop=running
step=1464 time=0.27032315537320512 dt=0.00018464696405273197 residual=11.652476158299981 checked=false stop=running
step=1465 time=0.27050780233725785 dt=0.00018464696405273194 residual=11.643557887184194 checked=false stop=running
step=1466 time=0.27069244930131059 dt=0.00018464696405273194 residual=11.571155176940243 checked=false stop=running
step=1467 time=0.27087709626536333 dt=0.00018464696405273194 residual=11.497904076583614 checked=false stop=running
step=1468 time=0.27106174322941606 dt=0.00018464696405273199 residual=11.437328118595943 checked=false stop=running
step=1469 time=0.2712463901934688 dt=0.00018464696405273205 residual=11.3457471584041 checked=false stop=running
step=1470 time=0.27143103715752154 dt=0.00018464696405273199 residual=11.257160277660521 checked=false stop=running
step=1471 time=0.27161568412157427 dt=0.00018464696405273205 residual=11.250586960137298 checked=false stop=running
step=1472 time=0.27180033108562701 dt=0.00018464696405273205 residual=11.334035371580647 checked=false stop=running
step=1473 time=0.27198497804967975 dt=0.00018464696405273197 residual=11.462224423936338 checked=false stop=running
step=1474 time=0.27216962501373249 dt=0.00018464696405273199 residual=11.575442202393289 checked=false stop=running
step=1475 time=0.27235427197778522 dt=0.00018464696405273199 residual=11.619909404690883 checked=false stop=running
step=1476 time=0.27253891894183796 dt=0.00018464696405273205 residual=11.616497083301189 checked=false stop=running
step=1477 time=0.2727235659058907 dt=0.00018464696405273205 residual=11.57039483869001 checked=false stop=running
step=1478 time=0.27290821286994343 dt=0.00018464696405273205 residual=11.498713608391931 checked=false stop=running
step=1479 time=0.27309285983399617 dt=0.00018464696405273205 residual=11.408732438823163 checked=false stop=running
step=1480 time=0.27327750679804891 dt=0.00018464696405273205 residual=11.317992412773764 checked=false stop=running
step=1481 time=0.27346215376210165 dt=0.00018464696405273205 residual=11.264144688507267 checked=false stop=running
step=1482 time=0.27364680072615438 dt=0.00018464696405273205 residual=11.306443729037102 checked=false stop=running
step=1483 time=0.27383144769020712 dt=0.00018464696405273205 residual=11.429142616533364 checked=false stop=running
step=1484 time=0.27401609465425986 dt=0.00018464696405273205 residual=11.519145313678509 checked=false stop=running
step=1485 time=0.27420074161831259 dt=0.00018464696405273205 residual=11.561012382869917 checked=false stop=running
step=1486 time=0.27438538858236533 dt=0.00018464696405273207 residual=11.548783859730182 checked=false stop=running
step=1487 time=0.27457003554641807 dt=0.00018464696405273213 residual=11.458945270000587 checked=false stop=running
step=1488 time=0.2747546825104708 dt=0.00018464696405273207 residual=11.344141478414105 checked=false stop=running
step=1489 time=0.27493932947452354 dt=0.00018464696405273213 residual=11.299955201627276 checked=false stop=running
step=1490 time=0.27512397643857628 dt=0.00018464696405273205 residual=11.249003906395483 checked=false stop=running
step=1491 time=0.27530862340262902 dt=0.00018464696405273213 residual=11.183741099040361 checked=false stop=running
step=1492 time=0.27549327036668175 dt=0.00018464696405273205 residual=11.203871258501712 checked=false stop=running
step=1493 time=0.27567791733073449 dt=0.00018464696405273199 residual=11.313424203275707 checked=false stop=running
step=1494 time=0.27586256429478723 dt=0.00018464696405273199 residual=11.442340531234645 checked=false stop=running
step=1495 time=0.27604721125883996 dt=0.00018464696405273194 residual=11.549453945309331 checked=false stop=running
step=1496 time=0.2762318582228927 dt=0.00018464696405273194 residual=11.58864024769936 checked=false stop=running
step=1497 time=0.27641650518694544 dt=0.00018464696405273194 residual=11.588349682201612 checked=false stop=running
step=1498 time=0.27660115215099818 dt=0.00018464696405273188 residual=11.548470907795499 checked=false stop=running
step=1499 time=0.27678579911505091 dt=0.00018464696405273194 residual=11.506876697550105 checked=false stop=running
step=1500 time=0.27697044607910365 dt=0.00018464696405273194 residual=11.483183814407655 checked=false stop=running
step=1501 time=0.27715509304315639 dt=0.00018464696405273194 residual=11.422271299663088 checked=false stop=running
step=1502 time=0.27733974000720912 dt=0.00018464696405273194 residual=11.390340988763128 checked=false stop=running
step=1503 time=0.27752438697126186 dt=0.00018464696405273188 residual=11.453837351241631 checked=false stop=running
step=1504 time=0.2777090339353146 dt=0.00018464696405273188 residual=11.603274199780527 checked=false stop=running
step=1505 time=0.27789368089936733 dt=0.00018464696405273194 residual=11.725548775055726 checked=false stop=running
step=1506 time=0.27807832786342007 dt=0.00018464696405273188 residual=11.80442555099706 checked=false stop=running
step=1507 time=0.27826297482747281 dt=0.00018464696405273194 residual=11.836039504462182 checked=false stop=running
step=1508 time=0.27844762179152555 dt=0.00018464696405273194 residual=11.804748708456749 checked=false stop=running
step=1509 time=0.27863226875557828 dt=0.00018464696405273199 residual=11.729355604129674 checked=false stop=running
step=1510 time=0.27881691571963102 dt=0.00018464696405273197 residual=11.678922584639007 checked=false stop=running
step=1511 time=0.27900156268368376 dt=0.00018464696405273197 residual=11.58582682144587 checked=false stop=running
step=1512 time=0.27918620964773649 dt=0.00018464696405273197 residual=11.47566899967107 checked=false stop=running
step=1513 time=0.27937085661178923 dt=0.00018464696405273197 residual=11.494327833493605 checked=false stop=running
step=1514 time=0.27955550357584197 dt=0.00018464696405273205 residual=11.593583109734173 checked=false stop=running
step=1515 time=0.27974015053989471 dt=0.00018464696405273205 residual=11.699862243619494 checked=false stop=running
step=1516 time=0.27992479750394744 dt=0.00018464696405273207 residual=11.794074392024179 checked=false stop=running
step=1517 time=0.28010944446800018 dt=0.00018464696405273205 residual=11.840083120880111 checked=false stop=running
step=1518 time=0.28029409143205292 dt=0.00018464696405273205 residual=11.792667843646782 checked=false stop=running
step=1519 time=0.28047873839610565 dt=0.00018464696405273213 residual=11.717715995056437 checked=false stop=running
step=1520 time=0.28066338536015839 dt=0.00018464696405273205 residual=11.691121103710616 checked=false stop=running
step=1521 time=0.28084803232421113 dt=0.00018464696405273213 residual=11.621396299797466 checked=false stop=running
step=1522 time=0.28103267928826386 dt=0.00018464696405273205 residual=11.548233016715674 checked=false stop=running
step=1523 time=0.2812173262523166 dt=0.00018464696405273205 residual=11.562407353654239 checked=false stop=running
step=1524 time=0.28140197321636934 dt=0.00018464696405273205 residual=11.685491798963646 checked=false stop=running
step=1525 time=0.28158662018042208 dt=0.00018464696405273205 residual=11.831670677722848 checked=false stop=running
step=1526 time=0.28177126714447481 dt=0.00018464696405273213 residual=11.943414997249354 checked=false stop=running
step=1527 time=0.28195591410852755 dt=0.00018464696405273216 residual=12.031847176002739 checked=false stop=running
step=1528 time=0.28214056107258029 dt=0.00018464696405273213 residual=12.027045305441714 checked=false stop=running
step=1529 time=0.28232520803663302 dt=0.00018464696405273213 residual=11.933062142841004 checked=false stop=running
step=1530 time=0.28250985500068576 dt=0.00018464696405273213 residual=11.826458017446541 checked=false stop=running
step=1531 time=0.2826945019647385 dt=0.00018464696405273205 residual=11.713637371515148 checked=false stop=running
step=1532 time=0.28287914892879124 dt=0.00018464696405273197 residual=11.540843193759933 checked=false stop=running
step=1533 time=0.28306379589284397 dt=0.00018464696405273199 residual=11.458923055307926 checked=false stop=running
step=1534 time=0.28324844285689671 dt=0.00018464696405273199 residual=11.509869159570723 checked=false stop=running
step=1535 time=0.28343308982094945 dt=0.00018464696405273205 residual=11.611984692986058 checked=false stop=running
step=1536 time=0.28361773678500218 dt=0.00018464696405273205 residual=11.7059582660094 checked=false stop=running
step=1537 time=0.28380238374905492 dt=0.00018464696405273207 residual=11.777470410678525 checked=false stop=running
step=1538 time=0.28398703071310766 dt=0.00018464696405273205 residual=11.779941148192805 checked=false stop=running
step=1539 time=0.28417167767716039 dt=0.00018464696405273205 residual=11.695640318775441 checked=false stop=running
step=1540 time=0.28435632464121313 dt=0.00018464696405273207 residual=11.627296603555395 checked=false stop=running
step=1541 time=0.28454097160526587 dt=0.00018464696405273213 residual=11.557337018667177 checked=false stop=running
step=1542 time=0.28472561856931861 dt=0.00018464696405273205 residual=11.453917716814974 checked=false stop=running
step=1543 time=0.28491026553337134 dt=0.00018464696405273205 residual=11.43631054052533 checked=false stop=running
step=1544 time=0.28509491249742408 dt=0.00018464696405273205 residual=11.564263309904721 checked=false stop=running
step=1545 time=0.28527955946147682 dt=0.00018464696405273199 residual=11.726946343712937 checked=false stop=running
step=1546 time=0.28546420642552955 dt=0.00018464696405273205 residual=11.876833982964595 checked=false stop=running
step=1547 time=0.28564885338958229 dt=0.00018464696405273199 residual=12.00696452230682 checked=false stop=running
step=1548 time=0.28583350035363503 dt=0.00018464696405273197 residual=12.02073636336449 checked=false stop=running
step=1549 time=0.28601814731768777 dt=0.00018464696405273197 residual=11.955750349664926 checked=false stop=running
step=1550 time=0.2862027942817405 dt=0.00018464696405273188 residual=11.89702822967109 checked=false stop=running
step=1551 time=0.28638744124579324 dt=0.00018464696405273188 residual=11.842319810523072 checked=false stop=running
step=1552 time=0.28657208820984598 dt=0.00018464696405273186 residual=11.743472501255775 checked=false stop=running
step=1553 time=0.28675673517389871 dt=0.00018464696405273186 residual=11.69816217890541 checked=false stop=running
step=1554 time=0.28694138213795145 dt=0.00018464696405273186 residual=11.804507784565942 checked=false stop=running
step=1555 time=0.28712602910200419 dt=0.00018464696405273186 residual=11.953248988339981 checked=false stop=running
step=1556 time=0.28731067606605692 dt=0.00018464696405273186 residual=12.067758819851678 checked=false stop=running
step=1557 time=0.28749532303010966 dt=0.00018464696405273186 residual=12.132097892782159 checked=false stop=running
step=1558 time=0.2876799699941624 dt=0.00018464696405273178 residual=12.090033098579728 checked=false stop=running
step=1559 time=0.28786461695821514 dt=0.00018464696405273178 residual=11.972568912358346 checked=false stop=running
step=1560 time=0.28804926392226787 dt=0.00018464696405273172 residual=11.876797894307668 checked=false stop=running
step=1561 time=0.28823391088632061 dt=0.00018464696405273172 residual=11.79138076670054 checked=false stop=running
step=1562 time=0.28841855785037335 dt=0.00018464696405273172 residual=11.66644928810655 checked=false stop=running
step=1563 time=0.28860320481442608 dt=0.00018464696405273172 residual=11.661900950041383 checked=false stop=running
step=1564 time=0.28878785177847882 dt=0.00018464696405273172 residual=11.788520390782008 checked=false stop=running
step=1565 time=0.28897249874253156 dt=0.00018464696405273172 residual=11.965210276067927 checked=false stop=running
step=1566 time=0.2891571457065843 dt=0.00018464696405273172 residual=12.108339671732734 checked=false stop=running
step=1567 time=0.28934179267063703 dt=0.00018464696405273172 residual=12.191110537088592 checked=false stop=running
step=1568 time=0.28952643963468977 dt=0.00018464696405273178 residual=12.184283838826888 checked=false stop=running
step=1569 time=0.28971108659874251 dt=0.00018464696405273178 residual=12.114701875613699 checked=false stop=running
step=1570 time=0.28989573356279524 dt=0.00018464696405273186 residual=12.026135685469379 checked=false stop=running
step=1571 time=0.29008038052684798 dt=0.00018464696405273186 residual=11.968686699783161 checked=false stop=running
step=1572 time=0.29026502749090072 dt=0.00018464696405273186 residual=11.907738061830543 checked=false stop=running
step=1573 time=0.29044967445495345 dt=0.00018464696405273186 residual=11.924170120245941 checked=false stop=running
step=1574 time=0.29063432141900619 dt=0.00018464696405273186 residual=12.048483484191744 checked=false stop=running
step=1575 time=0.29081896838305893 dt=0.00018464696405273188 residual=12.173751833122013 checked=false stop=running
step=1576 time=0.29100361534711167 dt=0.00018464696405273188 residual=12.268897116749784 checked=false stop=running
step=1577 time=0.2911882623111644 dt=0.00018464696405273194 residual=12.294899492323639 checked=false stop=running
step=1578 time=0.29137290927521714 dt=0.00018464696405273197 residual=12.188685561027036 checked=false stop=running
step=1579 time=0.29155755623926988 dt=0.00018464696405273199 residual=12.014918742289009 checked=false stop=running
step=1580 time=0.29174220320332261 dt=0.00018464696405273199 residual=11.898738532011382 checked=false stop=running
step=1581 time=0.29192685016737535 dt=0.00018464696405273199 residual=11.796294319620987 checked=false stop=running
step=1582 time=0.29211149713142809 dt=0.00018464696405273205 residual=11.682924907355156 checked=false stop=running
step=1583 time=0.29229614409548083 dt=0.00018464696405273205 residual=11.696853882521431 checked=false stop=running
step=1584 time=0.29248079105953356 dt=0.00018464696405273205 residual=11.803602300257271 checked=false stop=running
step=1585 time=0.2926654380235863 dt=0.00018464696405273207 residual=11.907265590212841 checked=false stop=running
step=1586 time=0.29285008498763904 dt=0.00018464696405273205 residual=11.986986862649969 checked=false stop=running
step=1587 time=0.29303473195169177 dt=0.00018464696405273205 residual=11.971308351862177 checked=false stop=running
step=1588 time=0.29321937891574451 dt=0.00018464696405273205 residual=11.937680053378246 checked=false stop=running
step=1589 time=0.29340402587979725 dt=0.00018464696405273194 residual=11.899123603071116 checked=false stop=running
step=1590 time=0.29358867284384998 dt=0.00018464696405273194 residual=11.886945105096119 checked=false stop=running
step=1591 time=0.29377331980790272 dt=0.00018464696405273199 residual=11.872103907602984 checked=false stop=running
step=1592 time=0.29395796677195546 dt=0.00018464696405273197 residual=11.839829964578975 checked=false stop=running
step=1593 time=0.2941426137360082 dt=0.00018464696405273194 residual=11.9206126925168 checked=false stop=running
step=1594 time=0.29432726070006093 dt=0.00018464696405273194 residual=12.088591493203857 checked=false stop=running
step=1595 time=0.29451190766411367 dt=0.00018464696405273194 residual=12.210181588735319 checked=false stop=running
step=1596 time=0.29469655462816641 dt=0.00018464696405273188 residual=12.296249100493068 checked=false stop=running
step=1597 time=0.29488120159221914 dt=0.00018464696405273186 residual=12.335971908404142 checked=false stop=running
step=1598 time=0.29506584855627188 dt=0.00018464696405273186 residual=12.253513775807058 checked=false stop=running
step=1599 time=0.29525049552032462 dt=0.00018464696405273194 residual=12.168296969520258 checked=false stop=running
step=1600 time=0.29543514248437736 dt=0.00018464696405273194 residual=12.121074084227919 checked=false stop=running
step=1601 time=0.29561978944843009 dt=0.00018464696405273194 residual=11.996759451346959 checked=false stop=running
step=1602 time=0.29580443641248283 dt=0.00018464696405273194 residual=11.931933375957692 checked=false stop=running
step=1603 time=0.29598908337653557 dt=0.00018464696405273197 residual=12.019211119270512 checked=false stop=running
step=1604 time=0.2961737303405883 dt=0.00018464696405273197 residual=12.128710292513187 checked=false stop=running
step=1605 time=0.29635837730464104 dt=0.00018464696405273197 residual=12.223675003094357 checked=false stop=running
step=1606 time=0.29654302426869378 dt=0.00018464696405273199 residual=12.283190893740409 checked=false stop=running
step=1607 time=0.29672767123274651 dt=0.00018464696405273205 residual=12.258714712000861 checked=false stop=running
step=1608 time=0.29691231819679925 dt=0.00018464696405273205 residual=12.193378972272457 checked=false stop=running
step=1609 time=0.29709696516085199 dt=0.00018464696405273213 residual=12.162965366965583 checked=false stop=running
step=1610 time=0.29728161212490473 dt=0.00018464696405273213 residual=12.111135596615224 checked=false stop=running
step=1611 time=0.29746625908895746 dt=0.00018464696405273216 residual=12.019699015488429 checked=false stop=running
step=1612 time=0.2976509060530102 dt=0.00018464696405273213 residual=12.057250191371356 checked=false stop=running
step=1613 time=0.29783555301706294 dt=0.00018464696405273213 residual=12.217827280184142 checked=false stop=running
step=1614 time=0.29802019998111567 dt=0.00018464696405273207 residual=12.367408078127587 checked=false stop=running
step=1615 time=0.29820484694516841 dt=0.00018464696405273207 residual=12.456521257873019 checked=false stop=running
step=1616 time=0.29838949390922115 dt=0.00018464696405273207 residual=12.498184685646725 checked=false stop=running
step=1617 time=0.29857414087327389 dt=0.00018464696405273207 residual=12.451516702660635 checked=false stop=running
step=1618 time=0.29875878783732662 dt=0.00018464696405273213 residual=12.382147570746946 checked=false stop=running
step=1619 time=0.29894343480137936 dt=0.00018464696405273213 residual=12.335331234407489 checked=false stop=running
step=1620 time=0.2991280817654321 dt=0.00018464696405273216 residual=12.234620059241912 checked=false stop=running
step=1621 time=0.29931272872948483 dt=0.00018464696405273216 residual=12.175761130678834 checked=false stop=running
step=1622 time=0.29949737569353757 dt=0.00018464696405273221 residual=12.272930281064497 checked=false stop=running
step=1623 time=0.29968202265759031 dt=0.00018464696405273224 residual=12.392904689814184 checked=false stop=running
step=1624 time=0.29986666962164304 dt=0.00018464696405273226 residual=12.475815292803398 checked=false stop=running
step=1625 time=0.29999999999999999 dt=0.00013333037835694395 residual=12.527308386409425 checked=false stop=physical_time_reached
WCNS run stopped: reason=physical_time_reached step=1625 time=0.29999999999999999
